{"type":"FeatureCollection","features":[{"type":"Feature","geometry":{"type":"Point","coordinates":[-80.35206,25.90067]},"properties":{"probability":0.667,"inBuffer":false,"facType":"hospital"}},{"type":"Feature","geometry":{"type":"Point","coordinates":[-80.34756,25.90067]},"properties":{"probability":0.634,"inBuffer":false,"facType":"hospital"}},{"type":"Feature","geometry":{"type":"Point","coordinates":[-80.34307,25.90067]},"properties":{"probability":0.645,"inBuffer":false,"facType":"hospital"}},{"type":"Feature","geometry":{"type":"Point","coordinates":[-80.33858,25.90067]},"properties":{"probability":0.679,"inBuffer":true,"facType":"hospital"}},{"type":"Feature","geometry":{"type":"Point","coordinates":[-80.33409,25.90067]},"properties":{"probability":0.692,"inBuffer":true,"facType":"hospital"}},{"type":"Feature","geometry":{"type":"Point","coordinates":[-80.3296,25.90067]},"properties":{"probability":0.688,"inBuffer":true,"facType":"substation"}},{"type":"Feature","geometry":{"type":"Point","coordinates":[-80.3251,25.90067]},"properties":{"probability":0.688,"inBuffer":true,"facType":"substation"}},{"type":"Feature","geometry":{"type":"Point","coordinates":[-80.32062,25.90067]},"properties":{"probability":0.637,"inBuffer":true,"facType":"substation"}},{"type":"Feature","geometry":{"type":"Point","coordinates":[-80.31612,25.90067]},"properties":{"probability":0.606,"inBuffer":true,"facType":"fire"}},{"type":"Feature","geometry":{"type":"Point","coordinates":[-80.31163,25.90067]},"properties":{"probability":0.644,"inBuffer":true,"facType":"fire"}},{"type":"Feature","geometry":{"type":"Point","coordinates":[-80.30714,25.90067]},"properties":{"probability":0.635,"inBuffer":false,"facType":"fire"}},{"type":"Feature","geometry":{"type":"Point","coordinates":[-80.30265,25.90067]},"properties":{"probability":0.708,"inBuffer":false,"facType":"police"}},{"type":"Feature","geometry":{"type":"Point","coordinates":[-80.29816,25.90067]},"properties":{"probability":0.706,"inBuffer":false,"facType":"police"}},{"type":"Feature","geometry":{"type":"Point","coordinates":[-80.29366,25.90067]},"properties":{"probability":0.723,"inBuffer":false,"facType":"police"}},{"type":"Feature","geometry":{"type":"Point","coordinates":[-80.28918,25.90067]},"properties":{"probability":0.674,"inBuffer":false,"facType":"police"}},{"type":"Feature","geometry":{"type":"Point","coordinates":[-80.28468,25.90067]},"properties":{"probability":0.528,"inBuffer":true,"facType":"airport"}},{"type":"Feature","geometry":{"type":"Point","coordinates":[-80.28019,25.90067]},"properties":{"probability":0.293,"inBuffer":true,"facType":"airport"}},{"type":"Feature","geometry":{"type":"Point","coordinates":[-80.2757,25.90067]},"properties":{"probability":0.418,"inBuffer":true,"facType":"airport"}},{"type":"Feature","geometry":{"type":"Point","coordinates":[-80.27121,25.90067]},"properties":{"probability":0.638,"inBuffer":true,"facType":"fire"}},{"type":"Feature","geometry":{"type":"Point","coordinates":[-80.26672,25.90067]},"properties":{"probability":0.675,"inBuffer":true,"facType":"fire"}},{"type":"Feature","geometry":{"type":"Point","coordinates":[-80.26222,25.90067]},"properties":{"probability":0.635,"inBuffer":false,"facType":"fire"}},{"type":"Feature","geometry":{"type":"Point","coordinates":[-80.25774,25.90067]},"properties":{"probability":0.705,"inBuffer":false,"facType":"government"}},{"type":"Feature","geometry":{"type":"Point","coordinates":[-80.25324,25.90067]},"properties":{"probability":0.709,"inBuffer":false,"facType":"government"}},{"type":"Feature","geometry":{"type":"Point","coordinates":[-80.24875,25.90067]},"properties":{"probability":0.731,"inBuffer":false,"facType":"government"}},{"type":"Feature","geometry":{"type":"Point","coordinates":[-80.24426,25.90067]},"properties":{"probability":0.75,"inBuffer":true,"facType":"police"}},{"type":"Feature","geometry":{"type":"Point","coordinates":[-80.23977,25.90067]},"properties":{"probability":0.749,"inBuffer":true,"facType":"substation"}},{"type":"Feature","geometry":{"type":"Point","coordinates":[-80.23528,25.90067]},"properties":{"probability":0.733,"inBuffer":true,"facType":"substation"}},{"type":"Feature","geometry":{"type":"Point","coordinates":[-80.23078,25.90067]},"properties":{"probability":0.691,"inBuffer":true,"facType":"police"}},{"type":"Feature","geometry":{"type":"Point","coordinates":[-80.2263,25.90067]},"properties":{"probability":0.558,"inBuffer":false,"facType":"police"}},{"type":"Feature","geometry":{"type":"Point","coordinates":[-80.2218,25.90067]},"properties":{"probability":0.501,"inBuffer":false,"facType":"police"}},{"type":"Feature","geometry":{"type":"Point","coordinates":[-80.21731,25.90067]},"properties":{"probability":0.588,"inBuffer":false,"facType":"fire"}},{"type":"Feature","geometry":{"type":"Point","coordinates":[-80.21281,25.90067]},"properties":{"probability":0.697,"inBuffer":true,"facType":"fire"}},{"type":"Feature","geometry":{"type":"Point","coordinates":[-80.20833,25.90067]},"properties":{"probability":0.646,"inBuffer":true,"facType":"fire"}},{"type":"Feature","geometry":{"type":"Point","coordinates":[-80.20383,25.90067]},"properties":{"probability":0.555,"inBuffer":false,"facType":"fire"}},{"type":"Feature","geometry":{"type":"Point","coordinates":[-80.19934,25.90067]},"properties":{"probability":0.609,"inBuffer":false,"facType":"substation"}},{"type":"Feature","geometry":{"type":"Point","coordinates":[-80.19485,25.90067]},"properties":{"probability":0.646,"inBuffer":false,"facType":"substation"}},{"type":"Feature","geometry":{"type":"Point","coordinates":[-80.19036,25.90067]},"properties":{"probability":0.647,"inBuffer":false,"facType":"government"}},{"type":"Feature","geometry":{"type":"Point","coordinates":[-80.18587,25.90067]},"properties":{"probability":0.626,"inBuffer":false,"facType":"government"}},{"type":"Feature","geometry":{"type":"Point","coordinates":[-80.18137,25.90067]},"properties":{"probability":0.626,"inBuffer":false,"facType":"government"}},{"type":"Feature","geometry":{"type":"Point","coordinates":[-80.17689,25.90067]},"properties":{"probability":0.634,"inBuffer":false,"facType":"substation"}},{"type":"Feature","geometry":{"type":"Point","coordinates":[-80.17239,25.90067]},"properties":{"probability":0.643,"inBuffer":false,"facType":"fire"}},{"type":"Feature","geometry":{"type":"Point","coordinates":[-80.1679,25.90067]},"properties":{"probability":0.661,"inBuffer":true,"facType":"fire"}},{"type":"Feature","geometry":{"type":"Point","coordinates":[-80.16341,25.90067]},"properties":{"probability":0.727,"inBuffer":true,"facType":"police"}},{"type":"Feature","geometry":{"type":"Point","coordinates":[-80.15892,25.90067]},"properties":{"probability":0.727,"inBuffer":true,"facType":"police"}},{"type":"Feature","geometry":{"type":"Point","coordinates":[-80.15443,25.90067]},"properties":{"probability":0.71,"inBuffer":true,"facType":"police"}},{"type":"Feature","geometry":{"type":"Point","coordinates":[-80.14993,25.90067]},"properties":{"probability":0.423,"inBuffer":true,"facType":"police"}},{"type":"Feature","geometry":{"type":"Point","coordinates":[-80.14545,25.90067]},"properties":{"probability":0.473,"inBuffer":false,"facType":"police"}},{"type":"Feature","geometry":{"type":"Point","coordinates":[-80.14095,25.90067]},"properties":{"probability":0.413,"inBuffer":false,"facType":"police"}},{"type":"Feature","geometry":{"type":"Point","coordinates":[-80.13646,25.90067]},"properties":{"probability":0.182,"inBuffer":false,"facType":"fire"}},{"type":"Feature","geometry":{"type":"Point","coordinates":[-80.13197,25.90067]},"properties":{"probability":0.352,"inBuffer":true,"facType":"fire"}},{"type":"Feature","geometry":{"type":"Point","coordinates":[-80.12748,25.90067]},"properties":{"probability":0.533,"inBuffer":true,"facType":"fire"}},{"type":"Feature","geometry":{"type":"Point","coordinates":[-80.12299,25.90067]},"properties":{"probability":0.506,"inBuffer":true,"facType":"substation"}},{"type":"Feature","geometry":{"type":"Point","coordinates":[-80.11849,25.90067]},"properties":{"probability":0.27,"inBuffer":true,"facType":"substation"}},{"type":"Feature","geometry":{"type":"Point","coordinates":[-80.11401,25.90067]},"properties":{"probability":0.165,"inBuffer":false,"facType":"substation"}},{"type":"Feature","geometry":{"type":"Point","coordinates":[-80.35206,25.89618]},"properties":{"probability":0.715,"inBuffer":false,"facType":"hospital"}},{"type":"Feature","geometry":{"type":"Point","coordinates":[-80.34756,25.89618]},"properties":{"probability":0.712,"inBuffer":false,"facType":"hospital"}},{"type":"Feature","geometry":{"type":"Point","coordinates":[-80.34307,25.89618]},"properties":{"probability":0.712,"inBuffer":false,"facType":"fire"}},{"type":"Feature","geometry":{"type":"Point","coordinates":[-80.33858,25.89618]},"properties":{"probability":0.72,"inBuffer":false,"facType":"fire"}},{"type":"Feature","geometry":{"type":"Point","coordinates":[-80.33409,25.89618]},"properties":{"probability":0.731,"inBuffer":true,"facType":"hospital"}},{"type":"Feature","geometry":{"type":"Point","coordinates":[-80.3296,25.89618]},"properties":{"probability":0.731,"inBuffer":true,"facType":"substation"}},{"type":"Feature","geometry":{"type":"Point","coordinates":[-80.3251,25.89618]},"properties":{"probability":0.728,"inBuffer":false,"facType":"substation"}},{"type":"Feature","geometry":{"type":"Point","coordinates":[-80.32062,25.89618]},"properties":{"probability":0.672,"inBuffer":false,"facType":"substation"}},{"type":"Feature","geometry":{"type":"Point","coordinates":[-80.31612,25.89618]},"properties":{"probability":0.691,"inBuffer":false,"facType":"fire"}},{"type":"Feature","geometry":{"type":"Point","coordinates":[-80.31163,25.89618]},"properties":{"probability":0.703,"inBuffer":false,"facType":"fire"}},{"type":"Feature","geometry":{"type":"Point","coordinates":[-80.30714,25.89618]},"properties":{"probability":0.713,"inBuffer":true,"facType":"fire"}},{"type":"Feature","geometry":{"type":"Point","coordinates":[-80.30265,25.89618]},"properties":{"probability":0.733,"inBuffer":false,"facType":"fire"}},{"type":"Feature","geometry":{"type":"Point","coordinates":[-80.29816,25.89618]},"properties":{"probability":0.72,"inBuffer":false,"facType":"fire"}},{"type":"Feature","geometry":{"type":"Point","coordinates":[-80.29366,25.89618]},"properties":{"probability":0.704,"inBuffer":false,"facType":"substation"}},{"type":"Feature","geometry":{"type":"Point","coordinates":[-80.28918,25.89618]},"properties":{"probability":0.647,"inBuffer":false,"facType":"substation"}},{"type":"Feature","geometry":{"type":"Point","coordinates":[-80.28468,25.89618]},"properties":{"probability":0.458,"inBuffer":false,"facType":"airport"}},{"type":"Feature","geometry":{"type":"Point","coordinates":[-80.28019,25.89618]},"properties":{"probability":0.494,"inBuffer":true,"facType":"airport"}},{"type":"Feature","geometry":{"type":"Point","coordinates":[-80.2757,25.89618]},"properties":{"probability":0.533,"inBuffer":true,"facType":"airport"}},{"type":"Feature","geometry":{"type":"Point","coordinates":[-80.27121,25.89618]},"properties":{"probability":0.636,"inBuffer":true,"facType":"airport"}},{"type":"Feature","geometry":{"type":"Point","coordinates":[-80.26672,25.89618]},"properties":{"probability":0.659,"inBuffer":false,"facType":"fire"}},{"type":"Feature","geometry":{"type":"Point","coordinates":[-80.26222,25.89618]},"properties":{"probability":0.693,"inBuffer":false,"facType":"government"}},{"type":"Feature","geometry":{"type":"Point","coordinates":[-80.25774,25.89618]},"properties":{"probability":0.722,"inBuffer":false,"facType":"government"}},{"type":"Feature","geometry":{"type":"Point","coordinates":[-80.25324,25.89618]},"properties":{"probability":0.716,"inBuffer":false,"facType":"government"}},{"type":"Feature","geometry":{"type":"Point","coordinates":[-80.24875,25.89618]},"properties":{"probability":0.721,"inBuffer":false,"facType":"government"}},{"type":"Feature","geometry":{"type":"Point","coordinates":[-80.24426,25.89618]},"properties":{"probability":0.735,"inBuffer":false,"facType":"substation"}},{"type":"Feature","geometry":{"type":"Point","coordinates":[-80.23977,25.89618]},"properties":{"probability":0.721,"inBuffer":true,"facType":"substation"}},{"type":"Feature","geometry":{"type":"Point","coordinates":[-80.23528,25.89618]},"properties":{"probability":0.709,"inBuffer":true,"facType":"substation"}},{"type":"Feature","geometry":{"type":"Point","coordinates":[-80.23078,25.89618]},"properties":{"probability":0.701,"inBuffer":true,"facType":"police"}},{"type":"Feature","geometry":{"type":"Point","coordinates":[-80.2263,25.89618]},"properties":{"probability":0.6,"inBuffer":false,"facType":"police"}},{"type":"Feature","geometry":{"type":"Point","coordinates":[-80.2218,25.89618]},"properties":{"probability":0.568,"inBuffer":false,"facType":"fire"}},{"type":"Feature","geometry":{"type":"Point","coordinates":[-80.21731,25.89618]},"properties":{"probability":0.63,"inBuffer":true,"facType":"fire"}},{"type":"Feature","geometry":{"type":"Point","coordinates":[-80.21281,25.89618]},"properties":{"probability":0.674,"inBuffer":true,"facType":"fire"}},{"type":"Feature","geometry":{"type":"Point","coordinates":[-80.20833,25.89618]},"properties":{"probability":0.663,"inBuffer":true,"facType":"fire"}},{"type":"Feature","geometry":{"type":"Point","coordinates":[-80.20383,25.89618]},"properties":{"probability":0.57,"inBuffer":true,"facType":"substation"}},{"type":"Feature","geometry":{"type":"Point","coordinates":[-80.19934,25.89618]},"properties":{"probability":0.618,"inBuffer":false,"facType":"substation"}},{"type":"Feature","geometry":{"type":"Point","coordinates":[-80.19485,25.89618]},"properties":{"probability":0.626,"inBuffer":false,"facType":"substation"}},{"type":"Feature","geometry":{"type":"Point","coordinates":[-80.19036,25.89618]},"properties":{"probability":0.651,"inBuffer":false,"facType":"government"}},{"type":"Feature","geometry":{"type":"Point","coordinates":[-80.18587,25.89618]},"properties":{"probability":0.654,"inBuffer":false,"facType":"government"}},{"type":"Feature","geometry":{"type":"Point","coordinates":[-80.18137,25.89618]},"properties":{"probability":0.685,"inBuffer":false,"facType":"government"}},{"type":"Feature","geometry":{"type":"Point","coordinates":[-80.17689,25.89618]},"properties":{"probability":0.664,"inBuffer":true,"facType":"hospital"}},{"type":"Feature","geometry":{"type":"Point","coordinates":[-80.17239,25.89618]},"properties":{"probability":0.626,"inBuffer":true,"facType":"substation"}},{"type":"Feature","geometry":{"type":"Point","coordinates":[-80.1679,25.89618]},"properties":{"probability":0.698,"inBuffer":true,"facType":"fire"}},{"type":"Feature","geometry":{"type":"Point","coordinates":[-80.16341,25.89618]},"properties":{"probability":0.742,"inBuffer":true,"facType":"police"}},{"type":"Feature","geometry":{"type":"Point","coordinates":[-80.15892,25.89618]},"properties":{"probability":0.716,"inBuffer":true,"facType":"police"}},{"type":"Feature","geometry":{"type":"Point","coordinates":[-80.15443,25.89618]},"properties":{"probability":0.666,"inBuffer":true,"facType":"police"}},{"type":"Feature","geometry":{"type":"Point","coordinates":[-80.14993,25.89618]},"properties":{"probability":0.56,"inBuffer":false,"facType":"police"}},{"type":"Feature","geometry":{"type":"Point","coordinates":[-80.14545,25.89618]},"properties":{"probability":0.327,"inBuffer":false,"facType":"police"}},{"type":"Feature","geometry":{"type":"Point","coordinates":[-80.14095,25.89618]},"properties":{"probability":0.257,"inBuffer":false,"facType":"police"}},{"type":"Feature","geometry":{"type":"Point","coordinates":[-80.13646,25.89618]},"properties":{"probability":0.217,"inBuffer":false,"facType":"fire"}},{"type":"Feature","geometry":{"type":"Point","coordinates":[-80.13197,25.89618]},"properties":{"probability":0.357,"inBuffer":false,"facType":"substation"}},{"type":"Feature","geometry":{"type":"Point","coordinates":[-80.12748,25.89618]},"properties":{"probability":0.561,"inBuffer":true,"facType":"substation"}},{"type":"Feature","geometry":{"type":"Point","coordinates":[-80.12299,25.89618]},"properties":{"probability":0.515,"inBuffer":true,"facType":"substation"}},{"type":"Feature","geometry":{"type":"Point","coordinates":[-80.11849,25.89618]},"properties":{"probability":0.229,"inBuffer":false,"facType":"substation"}},{"type":"Feature","geometry":{"type":"Point","coordinates":[-80.35206,25.89169]},"properties":{"probability":0.821,"inBuffer":false,"facType":"hospital"}},{"type":"Feature","geometry":{"type":"Point","coordinates":[-80.34756,25.89169]},"properties":{"probability":0.782,"inBuffer":false,"facType":"hospital"}},{"type":"Feature","geometry":{"type":"Point","coordinates":[-80.34307,25.89169]},"properties":{"probability":0.754,"inBuffer":false,"facType":"hospital"}},{"type":"Feature","geometry":{"type":"Point","coordinates":[-80.33858,25.89169]},"properties":{"probability":0.758,"inBuffer":true,"facType":"fire"}},{"type":"Feature","geometry":{"type":"Point","coordinates":[-80.33409,25.89169]},"properties":{"probability":0.755,"inBuffer":true,"facType":"fire"}},{"type":"Feature","geometry":{"type":"Point","coordinates":[-80.3296,25.89169]},"properties":{"probability":0.755,"inBuffer":true,"facType":"police"}},{"type":"Feature","geometry":{"type":"Point","coordinates":[-80.3251,25.89169]},"properties":{"probability":0.771,"inBuffer":true,"facType":"hospital"}},{"type":"Feature","geometry":{"type":"Point","coordinates":[-80.32062,25.89169]},"properties":{"probability":0.694,"inBuffer":false,"facType":"hospital"}},{"type":"Feature","geometry":{"type":"Point","coordinates":[-80.31612,25.89169]},"properties":{"probability":0.686,"inBuffer":false,"facType":"substation"}},{"type":"Feature","geometry":{"type":"Point","coordinates":[-80.31163,25.89169]},"properties":{"probability":0.707,"inBuffer":true,"facType":"fire"}},{"type":"Feature","geometry":{"type":"Point","coordinates":[-80.30714,25.89169]},"properties":{"probability":0.725,"inBuffer":true,"facType":"fire"}},{"type":"Feature","geometry":{"type":"Point","coordinates":[-80.30265,25.89169]},"properties":{"probability":0.725,"inBuffer":true,"facType":"fire"}},{"type":"Feature","geometry":{"type":"Point","coordinates":[-80.29816,25.89169]},"properties":{"probability":0.708,"inBuffer":false,"facType":"fire"}},{"type":"Feature","geometry":{"type":"Point","coordinates":[-80.29366,25.89169]},"properties":{"probability":0.718,"inBuffer":false,"facType":"substation"}},{"type":"Feature","geometry":{"type":"Point","coordinates":[-80.28918,25.89169]},"properties":{"probability":0.687,"inBuffer":false,"facType":"substation"}},{"type":"Feature","geometry":{"type":"Point","coordinates":[-80.28468,25.89169]},"properties":{"probability":0.617,"inBuffer":false,"facType":"substation"}},{"type":"Feature","geometry":{"type":"Point","coordinates":[-80.28019,25.89169]},"properties":{"probability":0.567,"inBuffer":false,"facType":"substation"}},{"type":"Feature","geometry":{"type":"Point","coordinates":[-80.2757,25.89169]},"properties":{"probability":0.631,"inBuffer":false,"facType":"airport"}},{"type":"Feature","geometry":{"type":"Point","coordinates":[-80.27121,25.89169]},"properties":{"probability":0.692,"inBuffer":false,"facType":"airport"}},{"type":"Feature","geometry":{"type":"Point","coordinates":[-80.26672,25.89169]},"properties":{"probability":0.699,"inBuffer":false,"facType":"fire"}},{"type":"Feature","geometry":{"type":"Point","coordinates":[-80.26222,25.89169]},"properties":{"probability":0.668,"inBuffer":false,"facType":"fire"}},{"type":"Feature","geometry":{"type":"Point","coordinates":[-80.25774,25.89169]},"properties":{"probability":0.709,"inBuffer":false,"facType":"fire"}},{"type":"Feature","geometry":{"type":"Point","coordinates":[-80.25324,25.89169]},"properties":{"probability":0.7,"inBuffer":false,"facType":"fire"}},{"type":"Feature","geometry":{"type":"Point","coordinates":[-80.24875,25.89169]},"properties":{"probability":0.708,"inBuffer":false,"facType":"fire"}},{"type":"Feature","geometry":{"type":"Point","coordinates":[-80.24426,25.89169]},"properties":{"probability":0.698,"inBuffer":false,"facType":"substation"}},{"type":"Feature","geometry":{"type":"Point","coordinates":[-80.23977,25.89169]},"properties":{"probability":0.659,"inBuffer":false,"facType":"substation"}},{"type":"Feature","geometry":{"type":"Point","coordinates":[-80.23528,25.89169]},"properties":{"probability":0.645,"inBuffer":true,"facType":"substation"}},{"type":"Feature","geometry":{"type":"Point","coordinates":[-80.23078,25.89169]},"properties":{"probability":0.637,"inBuffer":true,"facType":"police"}},{"type":"Feature","geometry":{"type":"Point","coordinates":[-80.2263,25.89169]},"properties":{"probability":0.588,"inBuffer":false,"facType":"police"}},{"type":"Feature","geometry":{"type":"Point","coordinates":[-80.2218,25.89169]},"properties":{"probability":0.57,"inBuffer":false,"facType":"fire"}},{"type":"Feature","geometry":{"type":"Point","coordinates":[-80.21731,25.89169]},"properties":{"probability":0.593,"inBuffer":false,"facType":"fire"}},{"type":"Feature","geometry":{"type":"Point","coordinates":[-80.21281,25.89169]},"properties":{"probability":0.701,"inBuffer":true,"facType":"fire"}},{"type":"Feature","geometry":{"type":"Point","coordinates":[-80.20833,25.89169]},"properties":{"probability":0.71,"inBuffer":true,"facType":"substation"}},{"type":"Feature","geometry":{"type":"Point","coordinates":[-80.20383,25.89169]},"properties":{"probability":0.632,"inBuffer":true,"facType":"substation"}},{"type":"Feature","geometry":{"type":"Point","coordinates":[-80.19934,25.89169]},"properties":{"probability":0.611,"inBuffer":false,"facType":"substation"}},{"type":"Feature","geometry":{"type":"Point","coordinates":[-80.19485,25.89169]},"properties":{"probability":0.628,"inBuffer":false,"facType":"police"}},{"type":"Feature","geometry":{"type":"Point","coordinates":[-80.19036,25.89169]},"properties":{"probability":0.711,"inBuffer":true,"facType":"police"}},{"type":"Feature","geometry":{"type":"Point","coordinates":[-80.18587,25.89169]},"properties":{"probability":0.731,"inBuffer":true,"facType":"police"}},{"type":"Feature","geometry":{"type":"Point","coordinates":[-80.18137,25.89169]},"properties":{"probability":0.712,"inBuffer":true,"facType":"government"}},{"type":"Feature","geometry":{"type":"Point","coordinates":[-80.17689,25.89169]},"properties":{"probability":0.646,"inBuffer":true,"facType":"hospital"}},{"type":"Feature","geometry":{"type":"Point","coordinates":[-80.17239,25.89169]},"properties":{"probability":0.665,"inBuffer":true,"facType":"substation"}},{"type":"Feature","geometry":{"type":"Point","coordinates":[-80.1679,25.89169]},"properties":{"probability":0.724,"inBuffer":true,"facType":"substation"}},{"type":"Feature","geometry":{"type":"Point","coordinates":[-80.16341,25.89169]},"properties":{"probability":0.782,"inBuffer":true,"facType":"police"}},{"type":"Feature","geometry":{"type":"Point","coordinates":[-80.15892,25.89169]},"properties":{"probability":0.729,"inBuffer":true,"facType":"police"}},{"type":"Feature","geometry":{"type":"Point","coordinates":[-80.15443,25.89169]},"properties":{"probability":0.651,"inBuffer":false,"facType":"police"}},{"type":"Feature","geometry":{"type":"Point","coordinates":[-80.14993,25.89169]},"properties":{"probability":0.484,"inBuffer":false,"facType":"police"}},{"type":"Feature","geometry":{"type":"Point","coordinates":[-80.14545,25.89169]},"properties":{"probability":0.35,"inBuffer":false,"facType":"police"}},{"type":"Feature","geometry":{"type":"Point","coordinates":[-80.14095,25.89169]},"properties":{"probability":0.297,"inBuffer":false,"facType":"police"}},{"type":"Feature","geometry":{"type":"Point","coordinates":[-80.13646,25.89169]},"properties":{"probability":0.521,"inBuffer":false,"facType":"police"}},{"type":"Feature","geometry":{"type":"Point","coordinates":[-80.13197,25.89169]},"properties":{"probability":0.617,"inBuffer":true,"facType":"police"}},{"type":"Feature","geometry":{"type":"Point","coordinates":[-80.12748,25.89169]},"properties":{"probability":0.643,"inBuffer":true,"facType":"police"}},{"type":"Feature","geometry":{"type":"Point","coordinates":[-80.12299,25.89169]},"properties":{"probability":0.559,"inBuffer":true,"facType":"police"}},{"type":"Feature","geometry":{"type":"Point","coordinates":[-80.11849,25.89169]},"properties":{"probability":0.397,"inBuffer":false,"facType":"police"}},{"type":"Feature","geometry":{"type":"Point","coordinates":[-80.11401,25.89169]},"properties":{"probability":0.217,"inBuffer":false,"facType":"police"}},{"type":"Feature","geometry":{"type":"Point","coordinates":[-80.35206,25.8872]},"properties":{"probability":0.722,"inBuffer":false,"facType":"hospital"}},{"type":"Feature","geometry":{"type":"Point","coordinates":[-80.34756,25.8872]},"properties":{"probability":0.715,"inBuffer":true,"facType":"hospital"}},{"type":"Feature","geometry":{"type":"Point","coordinates":[-80.34307,25.8872]},"properties":{"probability":0.731,"inBuffer":true,"facType":"hospital"}},{"type":"Feature","geometry":{"type":"Point","coordinates":[-80.33858,25.8872]},"properties":{"probability":0.743,"inBuffer":true,"facType":"hospital"}},{"type":"Feature","geometry":{"type":"Point","coordinates":[-80.33409,25.8872]},"properties":{"probability":0.744,"inBuffer":true,"facType":"police"}},{"type":"Feature","geometry":{"type":"Point","coordinates":[-80.3296,25.8872]},"properties":{"probability":0.756,"inBuffer":true,"facType":"hospital"}},{"type":"Feature","geometry":{"type":"Point","coordinates":[-80.3251,25.8872]},"properties":{"probability":0.765,"inBuffer":true,"facType":"hospital"}},{"type":"Feature","geometry":{"type":"Point","coordinates":[-80.32062,25.8872]},"properties":{"probability":0.73,"inBuffer":true,"facType":"hospital"}},{"type":"Feature","geometry":{"type":"Point","coordinates":[-80.31612,25.8872]},"properties":{"probability":0.716,"inBuffer":false,"facType":"substation"}},{"type":"Feature","geometry":{"type":"Point","coordinates":[-80.31163,25.8872]},"properties":{"probability":0.72,"inBuffer":true,"facType":"substation"}},{"type":"Feature","geometry":{"type":"Point","coordinates":[-80.30714,25.8872]},"properties":{"probability":0.715,"inBuffer":true,"facType":"fire"}},{"type":"Feature","geometry":{"type":"Point","coordinates":[-80.30265,25.8872]},"properties":{"probability":0.708,"inBuffer":true,"facType":"fire"}},{"type":"Feature","geometry":{"type":"Point","coordinates":[-80.29816,25.8872]},"properties":{"probability":0.721,"inBuffer":false,"facType":"fire"}},{"type":"Feature","geometry":{"type":"Point","coordinates":[-80.29366,25.8872]},"properties":{"probability":0.744,"inBuffer":false,"facType":"substation"}},{"type":"Feature","geometry":{"type":"Point","coordinates":[-80.28918,25.8872]},"properties":{"probability":0.714,"inBuffer":false,"facType":"substation"}},{"type":"Feature","geometry":{"type":"Point","coordinates":[-80.28468,25.8872]},"properties":{"probability":0.641,"inBuffer":false,"facType":"substation"}},{"type":"Feature","geometry":{"type":"Point","coordinates":[-80.28019,25.8872]},"properties":{"probability":0.505,"inBuffer":false,"facType":"substation"}},{"type":"Feature","geometry":{"type":"Point","coordinates":[-80.2757,25.8872]},"properties":{"probability":0.48,"inBuffer":false,"facType":"substation"}},{"type":"Feature","geometry":{"type":"Point","coordinates":[-80.27121,25.8872]},"properties":{"probability":0.583,"inBuffer":false,"facType":"substation"}},{"type":"Feature","geometry":{"type":"Point","coordinates":[-80.26672,25.8872]},"properties":{"probability":0.634,"inBuffer":false,"facType":"substation"}},{"type":"Feature","geometry":{"type":"Point","coordinates":[-80.26222,25.8872]},"properties":{"probability":0.72,"inBuffer":false,"facType":"substation"}},{"type":"Feature","geometry":{"type":"Point","coordinates":[-80.25774,25.8872]},"properties":{"probability":0.726,"inBuffer":false,"facType":"fire"}},{"type":"Feature","geometry":{"type":"Point","coordinates":[-80.25324,25.8872]},"properties":{"probability":0.72,"inBuffer":true,"facType":"fire"}},{"type":"Feature","geometry":{"type":"Point","coordinates":[-80.24875,25.8872]},"properties":{"probability":0.716,"inBuffer":true,"facType":"fire"}},{"type":"Feature","geometry":{"type":"Point","coordinates":[-80.24426,25.8872]},"properties":{"probability":0.705,"inBuffer":false,"facType":"fire"}},{"type":"Feature","geometry":{"type":"Point","coordinates":[-80.23977,25.8872]},"properties":{"probability":0.644,"inBuffer":false,"facType":"police"}},{"type":"Feature","geometry":{"type":"Point","coordinates":[-80.23528,25.8872]},"properties":{"probability":0.645,"inBuffer":false,"facType":"substation"}},{"type":"Feature","geometry":{"type":"Point","coordinates":[-80.23078,25.8872]},"properties":{"probability":0.666,"inBuffer":false,"facType":"police"}},{"type":"Feature","geometry":{"type":"Point","coordinates":[-80.2263,25.8872]},"properties":{"probability":0.696,"inBuffer":false,"facType":"police"}},{"type":"Feature","geometry":{"type":"Point","coordinates":[-80.2218,25.8872]},"properties":{"probability":0.677,"inBuffer":false,"facType":"fire"}},{"type":"Feature","geometry":{"type":"Point","coordinates":[-80.21731,25.8872]},"properties":{"probability":0.67,"inBuffer":false,"facType":"fire"}},{"type":"Feature","geometry":{"type":"Point","coordinates":[-80.21281,25.8872]},"properties":{"probability":0.698,"inBuffer":false,"facType":"substation"}},{"type":"Feature","geometry":{"type":"Point","coordinates":[-80.20833,25.8872]},"properties":{"probability":0.707,"inBuffer":false,"facType":"substation"}},{"type":"Feature","geometry":{"type":"Point","coordinates":[-80.20383,25.8872]},"properties":{"probability":0.612,"inBuffer":false,"facType":"substation"}},{"type":"Feature","geometry":{"type":"Point","coordinates":[-80.19934,25.8872]},"properties":{"probability":0.651,"inBuffer":false,"facType":"substation"}},{"type":"Feature","geometry":{"type":"Point","coordinates":[-80.19485,25.8872]},"properties":{"probability":0.658,"inBuffer":false,"facType":"police"}},{"type":"Feature","geometry":{"type":"Point","coordinates":[-80.19036,25.8872]},"properties":{"probability":0.69,"inBuffer":true,"facType":"police"}},{"type":"Feature","geometry":{"type":"Point","coordinates":[-80.18587,25.8872]},"properties":{"probability":0.693,"inBuffer":true,"facType":"police"}},{"type":"Feature","geometry":{"type":"Point","coordinates":[-80.18137,25.8872]},"properties":{"probability":0.654,"inBuffer":true,"facType":"police"}},{"type":"Feature","geometry":{"type":"Point","coordinates":[-80.17689,25.8872]},"properties":{"probability":0.614,"inBuffer":true,"facType":"hospital"}},{"type":"Feature","geometry":{"type":"Point","coordinates":[-80.17239,25.8872]},"properties":{"probability":0.646,"inBuffer":true,"facType":"hospital"}},{"type":"Feature","geometry":{"type":"Point","coordinates":[-80.1679,25.8872]},"properties":{"probability":0.753,"inBuffer":false,"facType":"substation"}},{"type":"Feature","geometry":{"type":"Point","coordinates":[-80.16341,25.8872]},"properties":{"probability":0.773,"inBuffer":false,"facType":"police"}},{"type":"Feature","geometry":{"type":"Point","coordinates":[-80.15892,25.8872]},"properties":{"probability":0.734,"inBuffer":false,"facType":"police"}},{"type":"Feature","geometry":{"type":"Point","coordinates":[-80.15443,25.8872]},"properties":{"probability":0.64,"inBuffer":false,"facType":"police"}},{"type":"Feature","geometry":{"type":"Point","coordinates":[-80.14993,25.8872]},"properties":{"probability":0.339,"inBuffer":false,"facType":"police"}},{"type":"Feature","geometry":{"type":"Point","coordinates":[-80.14545,25.8872]},"properties":{"probability":0.301,"inBuffer":false,"facType":"police"}},{"type":"Feature","geometry":{"type":"Point","coordinates":[-80.14095,25.8872]},"properties":{"probability":0.484,"inBuffer":false,"facType":"police"}},{"type":"Feature","geometry":{"type":"Point","coordinates":[-80.13646,25.8872]},"properties":{"probability":0.646,"inBuffer":true,"facType":"police"}},{"type":"Feature","geometry":{"type":"Point","coordinates":[-80.13197,25.8872]},"properties":{"probability":0.725,"inBuffer":true,"facType":"police"}},{"type":"Feature","geometry":{"type":"Point","coordinates":[-80.12748,25.8872]},"properties":{"probability":0.716,"inBuffer":true,"facType":"government"}},{"type":"Feature","geometry":{"type":"Point","coordinates":[-80.12299,25.8872]},"properties":{"probability":0.704,"inBuffer":true,"facType":"government"}},{"type":"Feature","geometry":{"type":"Point","coordinates":[-80.11849,25.8872]},"properties":{"probability":0.393,"inBuffer":false,"facType":"government"}},{"type":"Feature","geometry":{"type":"Point","coordinates":[-80.11401,25.8872]},"properties":{"probability":0.166,"inBuffer":false,"facType":"government"}},{"type":"Feature","geometry":{"type":"Point","coordinates":[-80.35206,25.88271]},"properties":{"probability":0.769,"inBuffer":false,"facType":"hospital"}},{"type":"Feature","geometry":{"type":"Point","coordinates":[-80.34756,25.88271]},"properties":{"probability":0.738,"inBuffer":true,"facType":"hospital"}},{"type":"Feature","geometry":{"type":"Point","coordinates":[-80.34307,25.88271]},"properties":{"probability":0.739,"inBuffer":true,"facType":"hospital"}},{"type":"Feature","geometry":{"type":"Point","coordinates":[-80.33858,25.88271]},"properties":{"probability":0.748,"inBuffer":true,"facType":"hospital"}},{"type":"Feature","geometry":{"type":"Point","coordinates":[-80.33409,25.88271]},"properties":{"probability":0.742,"inBuffer":false,"facType":"substation"}},{"type":"Feature","geometry":{"type":"Point","coordinates":[-80.3296,25.88271]},"properties":{"probability":0.768,"inBuffer":true,"facType":"substation"}},{"type":"Feature","geometry":{"type":"Point","coordinates":[-80.3251,25.88271]},"properties":{"probability":0.806,"inBuffer":true,"facType":"substation"}},{"type":"Feature","geometry":{"type":"Point","coordinates":[-80.32062,25.88271]},"properties":{"probability":0.731,"inBuffer":true,"facType":"substation"}},{"type":"Feature","geometry":{"type":"Point","coordinates":[-80.31612,25.88271]},"properties":{"probability":0.709,"inBuffer":false,"facType":"substation"}},{"type":"Feature","geometry":{"type":"Point","coordinates":[-80.31163,25.88271]},"properties":{"probability":0.701,"inBuffer":false,"facType":"substation"}},{"type":"Feature","geometry":{"type":"Point","coordinates":[-80.30714,25.88271]},"properties":{"probability":0.704,"inBuffer":false,"facType":"substation"}},{"type":"Feature","geometry":{"type":"Point","coordinates":[-80.30265,25.88271]},"properties":{"probability":0.632,"inBuffer":false,"facType":"fire"}},{"type":"Feature","geometry":{"type":"Point","coordinates":[-80.29816,25.88271]},"properties":{"probability":0.713,"inBuffer":false,"facType":"substation"}},{"type":"Feature","geometry":{"type":"Point","coordinates":[-80.29366,25.88271]},"properties":{"probability":0.737,"inBuffer":false,"facType":"substation"}},{"type":"Feature","geometry":{"type":"Point","coordinates":[-80.28918,25.88271]},"properties":{"probability":0.708,"inBuffer":false,"facType":"substation"}},{"type":"Feature","geometry":{"type":"Point","coordinates":[-80.28468,25.88271]},"properties":{"probability":0.636,"inBuffer":false,"facType":"substation"}},{"type":"Feature","geometry":{"type":"Point","coordinates":[-80.28019,25.88271]},"properties":{"probability":0.618,"inBuffer":false,"facType":"substation"}},{"type":"Feature","geometry":{"type":"Point","coordinates":[-80.2757,25.88271]},"properties":{"probability":0.579,"inBuffer":false,"facType":"substation"}},{"type":"Feature","geometry":{"type":"Point","coordinates":[-80.27121,25.88271]},"properties":{"probability":0.639,"inBuffer":false,"facType":"police"}},{"type":"Feature","geometry":{"type":"Point","coordinates":[-80.26672,25.88271]},"properties":{"probability":0.715,"inBuffer":false,"facType":"substation"}},{"type":"Feature","geometry":{"type":"Point","coordinates":[-80.26222,25.88271]},"properties":{"probability":0.745,"inBuffer":false,"facType":"substation"}},{"type":"Feature","geometry":{"type":"Point","coordinates":[-80.25774,25.88271]},"properties":{"probability":0.751,"inBuffer":true,"facType":"substation"}},{"type":"Feature","geometry":{"type":"Point","coordinates":[-80.25324,25.88271]},"properties":{"probability":0.723,"inBuffer":true,"facType":"fire"}},{"type":"Feature","geometry":{"type":"Point","coordinates":[-80.24875,25.88271]},"properties":{"probability":0.723,"inBuffer":true,"facType":"fire"}},{"type":"Feature","geometry":{"type":"Point","coordinates":[-80.24426,25.88271]},"properties":{"probability":0.727,"inBuffer":true,"facType":"police"}},{"type":"Feature","geometry":{"type":"Point","coordinates":[-80.23977,25.88271]},"properties":{"probability":0.669,"inBuffer":false,"facType":"police"}},{"type":"Feature","geometry":{"type":"Point","coordinates":[-80.23528,25.88271]},"properties":{"probability":0.647,"inBuffer":false,"facType":"police"}},{"type":"Feature","geometry":{"type":"Point","coordinates":[-80.23078,25.88271]},"properties":{"probability":0.64,"inBuffer":false,"facType":"police"}},{"type":"Feature","geometry":{"type":"Point","coordinates":[-80.2263,25.88271]},"properties":{"probability":0.705,"inBuffer":false,"facType":"police"}},{"type":"Feature","geometry":{"type":"Point","coordinates":[-80.2218,25.88271]},"properties":{"probability":0.71,"inBuffer":false,"facType":"fire"}},{"type":"Feature","geometry":{"type":"Point","coordinates":[-80.21731,25.88271]},"properties":{"probability":0.652,"inBuffer":false,"facType":"substation"}},{"type":"Feature","geometry":{"type":"Point","coordinates":[-80.21281,25.88271]},"properties":{"probability":0.708,"inBuffer":false,"facType":"substation"}},{"type":"Feature","geometry":{"type":"Point","coordinates":[-80.20833,25.88271]},"properties":{"probability":0.697,"inBuffer":false,"facType":"substation"}},{"type":"Feature","geometry":{"type":"Point","coordinates":[-80.20383,25.88271]},"properties":{"probability":0.644,"inBuffer":false,"facType":"substation"}},{"type":"Feature","geometry":{"type":"Point","coordinates":[-80.19934,25.88271]},"properties":{"probability":0.667,"inBuffer":false,"facType":"substation"}},{"type":"Feature","geometry":{"type":"Point","coordinates":[-80.19485,25.88271]},"properties":{"probability":0.642,"inBuffer":false,"facType":"police"}},{"type":"Feature","geometry":{"type":"Point","coordinates":[-80.19036,25.88271]},"properties":{"probability":0.626,"inBuffer":true,"facType":"police"}},{"type":"Feature","geometry":{"type":"Point","coordinates":[-80.18587,25.88271]},"properties":{"probability":0.618,"inBuffer":true,"facType":"police"}},{"type":"Feature","geometry":{"type":"Point","coordinates":[-80.18137,25.88271]},"properties":{"probability":0.566,"inBuffer":true,"facType":"police"}},{"type":"Feature","geometry":{"type":"Point","coordinates":[-80.17689,25.88271]},"properties":{"probability":0.569,"inBuffer":false,"facType":"substation"}},{"type":"Feature","geometry":{"type":"Point","coordinates":[-80.17239,25.88271]},"properties":{"probability":0.653,"inBuffer":false,"facType":"substation"}},{"type":"Feature","geometry":{"type":"Point","coordinates":[-80.1679,25.88271]},"properties":{"probability":0.717,"inBuffer":false,"facType":"substation"}},{"type":"Feature","geometry":{"type":"Point","coordinates":[-80.16341,25.88271]},"properties":{"probability":0.709,"inBuffer":false,"facType":"substation"}},{"type":"Feature","geometry":{"type":"Point","coordinates":[-80.15892,25.88271]},"properties":{"probability":0.63,"inBuffer":false,"facType":"substation"}},{"type":"Feature","geometry":{"type":"Point","coordinates":[-80.15443,25.88271]},"properties":{"probability":0.419,"inBuffer":false,"facType":"police"}},{"type":"Feature","geometry":{"type":"Point","coordinates":[-80.14993,25.88271]},"properties":{"probability":0.18,"inBuffer":false,"facType":"police"}},{"type":"Feature","geometry":{"type":"Point","coordinates":[-80.14545,25.88271]},"properties":{"probability":0.2,"inBuffer":false,"facType":"police"}},{"type":"Feature","geometry":{"type":"Point","coordinates":[-80.14095,25.88271]},"properties":{"probability":0.322,"inBuffer":false,"facType":"police"}},{"type":"Feature","geometry":{"type":"Point","coordinates":[-80.13646,25.88271]},"properties":{"probability":0.572,"inBuffer":true,"facType":"police"}},{"type":"Feature","geometry":{"type":"Point","coordinates":[-80.13197,25.88271]},"properties":{"probability":0.659,"inBuffer":true,"facType":"police"}},{"type":"Feature","geometry":{"type":"Point","coordinates":[-80.12748,25.88271]},"properties":{"probability":0.648,"inBuffer":true,"facType":"government"}},{"type":"Feature","geometry":{"type":"Point","coordinates":[-80.12299,25.88271]},"properties":{"probability":0.645,"inBuffer":true,"facType":"government"}},{"type":"Feature","geometry":{"type":"Point","coordinates":[-80.11849,25.88271]},"properties":{"probability":0.503,"inBuffer":false,"facType":"government"}},{"type":"Feature","geometry":{"type":"Point","coordinates":[-80.11401,25.88271]},"properties":{"probability":0.224,"inBuffer":false,"facType":"government"}},{"type":"Feature","geometry":{"type":"Point","coordinates":[-80.35206,25.87822]},"properties":{"probability":0.746,"inBuffer":false,"facType":"hospital"}},{"type":"Feature","geometry":{"type":"Point","coordinates":[-80.34756,25.87822]},"properties":{"probability":0.723,"inBuffer":false,"facType":"hospital"}},{"type":"Feature","geometry":{"type":"Point","coordinates":[-80.34307,25.87822]},"properties":{"probability":0.72,"inBuffer":true,"facType":"hospital"}},{"type":"Feature","geometry":{"type":"Point","coordinates":[-80.33858,25.87822]},"properties":{"probability":0.72,"inBuffer":false,"facType":"hospital"}},{"type":"Feature","geometry":{"type":"Point","coordinates":[-80.33409,25.87822]},"properties":{"probability":0.73,"inBuffer":false,"facType":"substation"}},{"type":"Feature","geometry":{"type":"Point","coordinates":[-80.3296,25.87822]},"properties":{"probability":0.744,"inBuffer":false,"facType":"substation"}},{"type":"Feature","geometry":{"type":"Point","coordinates":[-80.3251,25.87822]},"properties":{"probability":0.779,"inBuffer":false,"facType":"substation"}},{"type":"Feature","geometry":{"type":"Point","coordinates":[-80.32062,25.87822]},"properties":{"probability":0.723,"inBuffer":false,"facType":"substation"}},{"type":"Feature","geometry":{"type":"Point","coordinates":[-80.31612,25.87822]},"properties":{"probability":0.708,"inBuffer":false,"facType":"substation"}},{"type":"Feature","geometry":{"type":"Point","coordinates":[-80.31163,25.87822]},"properties":{"probability":0.642,"inBuffer":false,"facType":"substation"}},{"type":"Feature","geometry":{"type":"Point","coordinates":[-80.30714,25.87822]},"properties":{"probability":0.648,"inBuffer":false,"facType":"substation"}},{"type":"Feature","geometry":{"type":"Point","coordinates":[-80.30265,25.87822]},"properties":{"probability":0.63,"inBuffer":false,"facType":"fire"}},{"type":"Feature","geometry":{"type":"Point","coordinates":[-80.29816,25.87822]},"properties":{"probability":0.649,"inBuffer":false,"facType":"substation"}},{"type":"Feature","geometry":{"type":"Point","coordinates":[-80.29366,25.87822]},"properties":{"probability":0.667,"inBuffer":false,"facType":"substation"}},{"type":"Feature","geometry":{"type":"Point","coordinates":[-80.28918,25.87822]},"properties":{"probability":0.706,"inBuffer":false,"facType":"substation"}},{"type":"Feature","geometry":{"type":"Point","coordinates":[-80.28468,25.87822]},"properties":{"probability":0.675,"inBuffer":false,"facType":"substation"}},{"type":"Feature","geometry":{"type":"Point","coordinates":[-80.28019,25.87822]},"properties":{"probability":0.68,"inBuffer":false,"facType":"substation"}},{"type":"Feature","geometry":{"type":"Point","coordinates":[-80.2757,25.87822]},"properties":{"probability":0.656,"inBuffer":false,"facType":"police"}},{"type":"Feature","geometry":{"type":"Point","coordinates":[-80.27121,25.87822]},"properties":{"probability":0.679,"inBuffer":false,"facType":"police"}},{"type":"Feature","geometry":{"type":"Point","coordinates":[-80.26672,25.87822]},"properties":{"probability":0.714,"inBuffer":true,"facType":"police"}},{"type":"Feature","geometry":{"type":"Point","coordinates":[-80.26222,25.87822]},"properties":{"probability":0.772,"inBuffer":true,"facType":"substation"}},{"type":"Feature","geometry":{"type":"Point","coordinates":[-80.25774,25.87822]},"properties":{"probability":0.746,"inBuffer":false,"facType":"substation"}},{"type":"Feature","geometry":{"type":"Point","coordinates":[-80.25324,25.87822]},"properties":{"probability":0.749,"inBuffer":true,"facType":"fire"}},{"type":"Feature","geometry":{"type":"Point","coordinates":[-80.24875,25.87822]},"properties":{"probability":0.756,"inBuffer":true,"facType":"police"}},{"type":"Feature","geometry":{"type":"Point","coordinates":[-80.24426,25.87822]},"properties":{"probability":0.744,"inBuffer":true,"facType":"police"}},{"type":"Feature","geometry":{"type":"Point","coordinates":[-80.23977,25.87822]},"properties":{"probability":0.666,"inBuffer":true,"facType":"police"}},{"type":"Feature","geometry":{"type":"Point","coordinates":[-80.23528,25.87822]},"properties":{"probability":0.606,"inBuffer":false,"facType":"police"}},{"type":"Feature","geometry":{"type":"Point","coordinates":[-80.23078,25.87822]},"properties":{"probability":0.611,"inBuffer":false,"facType":"police"}},{"type":"Feature","geometry":{"type":"Point","coordinates":[-80.2263,25.87822]},"properties":{"probability":0.646,"inBuffer":false,"facType":"police"}},{"type":"Feature","geometry":{"type":"Point","coordinates":[-80.2218,25.87822]},"properties":{"probability":0.642,"inBuffer":false,"facType":"substation"}},{"type":"Feature","geometry":{"type":"Point","coordinates":[-80.21731,25.87822]},"properties":{"probability":0.605,"inBuffer":false,"facType":"substation"}},{"type":"Feature","geometry":{"type":"Point","coordinates":[-80.21281,25.87822]},"properties":{"probability":0.711,"inBuffer":false,"facType":"substation"}},{"type":"Feature","geometry":{"type":"Point","coordinates":[-80.20833,25.87822]},"properties":{"probability":0.653,"inBuffer":false,"facType":"substation"}},{"type":"Feature","geometry":{"type":"Point","coordinates":[-80.20383,25.87822]},"properties":{"probability":0.632,"inBuffer":false,"facType":"substation"}},{"type":"Feature","geometry":{"type":"Point","coordinates":[-80.19934,25.87822]},"properties":{"probability":0.64,"inBuffer":false,"facType":"government"}},{"type":"Feature","geometry":{"type":"Point","coordinates":[-80.19485,25.87822]},"properties":{"probability":0.629,"inBuffer":false,"facType":"police"}},{"type":"Feature","geometry":{"type":"Point","coordinates":[-80.19036,25.87822]},"properties":{"probability":0.646,"inBuffer":true,"facType":"police"}},{"type":"Feature","geometry":{"type":"Point","coordinates":[-80.18587,25.87822]},"properties":{"probability":0.65,"inBuffer":true,"facType":"police"}},{"type":"Feature","geometry":{"type":"Point","coordinates":[-80.18137,25.87822]},"properties":{"probability":0.62,"inBuffer":true,"facType":"police"}},{"type":"Feature","geometry":{"type":"Point","coordinates":[-80.17689,25.87822]},"properties":{"probability":0.613,"inBuffer":false,"facType":"substation"}},{"type":"Feature","geometry":{"type":"Point","coordinates":[-80.17239,25.87822]},"properties":{"probability":0.701,"inBuffer":false,"facType":"substation"}},{"type":"Feature","geometry":{"type":"Point","coordinates":[-80.1679,25.87822]},"properties":{"probability":0.68,"inBuffer":false,"facType":"substation"}},{"type":"Feature","geometry":{"type":"Point","coordinates":[-80.16341,25.87822]},"properties":{"probability":0.654,"inBuffer":false,"facType":"substation"}},{"type":"Feature","geometry":{"type":"Point","coordinates":[-80.15892,25.87822]},"properties":{"probability":0.381,"inBuffer":false,"facType":"substation"}},{"type":"Feature","geometry":{"type":"Point","coordinates":[-80.15443,25.87822]},"properties":{"probability":0.22,"inBuffer":false,"facType":"substation"}},{"type":"Feature","geometry":{"type":"Point","coordinates":[-80.14993,25.87822]},"properties":{"probability":0.183,"inBuffer":false,"facType":"police"}},{"type":"Feature","geometry":{"type":"Point","coordinates":[-80.14545,25.87822]},"properties":{"probability":0.23,"inBuffer":false,"facType":"police"}},{"type":"Feature","geometry":{"type":"Point","coordinates":[-80.14095,25.87822]},"properties":{"probability":0.238,"inBuffer":false,"facType":"police"}},{"type":"Feature","geometry":{"type":"Point","coordinates":[-80.13646,25.87822]},"properties":{"probability":0.407,"inBuffer":true,"facType":"police"}},{"type":"Feature","geometry":{"type":"Point","coordinates":[-80.13197,25.87822]},"properties":{"probability":0.52,"inBuffer":true,"facType":"police"}},{"type":"Feature","geometry":{"type":"Point","coordinates":[-80.12748,25.87822]},"properties":{"probability":0.647,"inBuffer":true,"facType":"police"}},{"type":"Feature","geometry":{"type":"Point","coordinates":[-80.12299,25.87822]},"properties":{"probability":0.665,"inBuffer":true,"facType":"government"}},{"type":"Feature","geometry":{"type":"Point","coordinates":[-80.11849,25.87822]},"properties":{"probability":0.507,"inBuffer":false,"facType":"government"}},{"type":"Feature","geometry":{"type":"Point","coordinates":[-80.11401,25.87822]},"properties":{"probability":0.2,"inBuffer":false,"facType":"government"}},{"type":"Feature","geometry":{"type":"Point","coordinates":[-80.35206,25.87373]},"properties":{"probability":0.718,"inBuffer":false,"facType":"police"}},{"type":"Feature","geometry":{"type":"Point","coordinates":[-80.34756,25.87373]},"properties":{"probability":0.697,"inBuffer":false,"facType":"fire"}},{"type":"Feature","geometry":{"type":"Point","coordinates":[-80.34307,25.87373]},"properties":{"probability":0.672,"inBuffer":false,"facType":"fire"}},{"type":"Feature","geometry":{"type":"Point","coordinates":[-80.33858,25.87373]},"properties":{"probability":0.697,"inBuffer":true,"facType":"fire"}},{"type":"Feature","geometry":{"type":"Point","coordinates":[-80.33409,25.87373]},"properties":{"probability":0.731,"inBuffer":false,"facType":"fire"}},{"type":"Feature","geometry":{"type":"Point","coordinates":[-80.3296,25.87373]},"properties":{"probability":0.741,"inBuffer":false,"facType":"substation"}},{"type":"Feature","geometry":{"type":"Point","coordinates":[-80.3251,25.87373]},"properties":{"probability":0.757,"inBuffer":false,"facType":"substation"}},{"type":"Feature","geometry":{"type":"Point","coordinates":[-80.32062,25.87373]},"properties":{"probability":0.75,"inBuffer":false,"facType":"hospital"}},{"type":"Feature","geometry":{"type":"Point","coordinates":[-80.31612,25.87373]},"properties":{"probability":0.718,"inBuffer":true,"facType":"hospital"}},{"type":"Feature","geometry":{"type":"Point","coordinates":[-80.31163,25.87373]},"properties":{"probability":0.686,"inBuffer":true,"facType":"hospital"}},{"type":"Feature","geometry":{"type":"Point","coordinates":[-80.30714,25.87373]},"properties":{"probability":0.67,"inBuffer":true,"facType":"hospital"}},{"type":"Feature","geometry":{"type":"Point","coordinates":[-80.30265,25.87373]},"properties":{"probability":0.657,"inBuffer":false,"facType":"fire"}},{"type":"Feature","geometry":{"type":"Point","coordinates":[-80.29816,25.87373]},"properties":{"probability":0.654,"inBuffer":false,"facType":"fire"}},{"type":"Feature","geometry":{"type":"Point","coordinates":[-80.29366,25.87373]},"properties":{"probability":0.671,"inBuffer":false,"facType":"fire"}},{"type":"Feature","geometry":{"type":"Point","coordinates":[-80.28918,25.87373]},"properties":{"probability":0.67,"inBuffer":false,"facType":"substation"}},{"type":"Feature","geometry":{"type":"Point","coordinates":[-80.28468,25.87373]},"properties":{"probability":0.686,"inBuffer":false,"facType":"substation"}},{"type":"Feature","geometry":{"type":"Point","coordinates":[-80.28019,25.87373]},"properties":{"probability":0.687,"inBuffer":false,"facType":"substation"}},{"type":"Feature","geometry":{"type":"Point","coordinates":[-80.2757,25.87373]},"properties":{"probability":0.7,"inBuffer":false,"facType":"police"}},{"type":"Feature","geometry":{"type":"Point","coordinates":[-80.27121,25.87373]},"properties":{"probability":0.715,"inBuffer":true,"facType":"police"}},{"type":"Feature","geometry":{"type":"Point","coordinates":[-80.26672,25.87373]},"properties":{"probability":0.709,"inBuffer":true,"facType":"police"}},{"type":"Feature","geometry":{"type":"Point","coordinates":[-80.26222,25.87373]},"properties":{"probability":0.744,"inBuffer":true,"facType":"police"}},{"type":"Feature","geometry":{"type":"Point","coordinates":[-80.25774,25.87373]},"properties":{"probability":0.715,"inBuffer":false,"facType":"substation"}},{"type":"Feature","geometry":{"type":"Point","coordinates":[-80.25324,25.87373]},"properties":{"probability":0.706,"inBuffer":false,"facType":"substation"}},{"type":"Feature","geometry":{"type":"Point","coordinates":[-80.24875,25.87373]},"properties":{"probability":0.724,"inBuffer":true,"facType":"police"}},{"type":"Feature","geometry":{"type":"Point","coordinates":[-80.24426,25.87373]},"properties":{"probability":0.718,"inBuffer":true,"facType":"police"}},{"type":"Feature","geometry":{"type":"Point","coordinates":[-80.23977,25.87373]},"properties":{"probability":0.654,"inBuffer":true,"facType":"police"}},{"type":"Feature","geometry":{"type":"Point","coordinates":[-80.23528,25.87373]},"properties":{"probability":0.617,"inBuffer":false,"facType":"police"}},{"type":"Feature","geometry":{"type":"Point","coordinates":[-80.23078,25.87373]},"properties":{"probability":0.635,"inBuffer":false,"facType":"police"}},{"type":"Feature","geometry":{"type":"Point","coordinates":[-80.2263,25.87373]},"properties":{"probability":0.647,"inBuffer":false,"facType":"fire"}},{"type":"Feature","geometry":{"type":"Point","coordinates":[-80.2218,25.87373]},"properties":{"probability":0.641,"inBuffer":false,"facType":"hospital"}},{"type":"Feature","geometry":{"type":"Point","coordinates":[-80.21731,25.87373]},"properties":{"probability":0.635,"inBuffer":false,"facType":"hospital"}},{"type":"Feature","geometry":{"type":"Point","coordinates":[-80.21281,25.87373]},"properties":{"probability":0.713,"inBuffer":false,"facType":"hospital"}},{"type":"Feature","geometry":{"type":"Point","coordinates":[-80.20833,25.87373]},"properties":{"probability":0.649,"inBuffer":false,"facType":"substation"}},{"type":"Feature","geometry":{"type":"Point","coordinates":[-80.20383,25.87373]},"properties":{"probability":0.613,"inBuffer":false,"facType":"government"}},{"type":"Feature","geometry":{"type":"Point","coordinates":[-80.19934,25.87373]},"properties":{"probability":0.627,"inBuffer":false,"facType":"government"}},{"type":"Feature","geometry":{"type":"Point","coordinates":[-80.19485,25.87373]},"properties":{"probability":0.616,"inBuffer":false,"facType":"government"}},{"type":"Feature","geometry":{"type":"Point","coordinates":[-80.19036,25.87373]},"properties":{"probability":0.633,"inBuffer":false,"facType":"government"}},{"type":"Feature","geometry":{"type":"Point","coordinates":[-80.18587,25.87373]},"properties":{"probability":0.648,"inBuffer":true,"facType":"police"}},{"type":"Feature","geometry":{"type":"Point","coordinates":[-80.18137,25.87373]},"properties":{"probability":0.541,"inBuffer":false,"facType":"police"}},{"type":"Feature","geometry":{"type":"Point","coordinates":[-80.17689,25.87373]},"properties":{"probability":0.609,"inBuffer":false,"facType":"substation"}},{"type":"Feature","geometry":{"type":"Point","coordinates":[-80.17239,25.87373]},"properties":{"probability":0.645,"inBuffer":false,"facType":"substation"}},{"type":"Feature","geometry":{"type":"Point","coordinates":[-80.1679,25.87373]},"properties":{"probability":0.664,"inBuffer":false,"facType":"substation"}},{"type":"Feature","geometry":{"type":"Point","coordinates":[-80.16341,25.87373]},"properties":{"probability":0.632,"inBuffer":false,"facType":"substation"}},{"type":"Feature","geometry":{"type":"Point","coordinates":[-80.15892,25.87373]},"properties":{"probability":0.261,"inBuffer":false,"facType":"substation"}},{"type":"Feature","geometry":{"type":"Point","coordinates":[-80.15443,25.87373]},"properties":{"probability":0.181,"inBuffer":false,"facType":"substation"}},{"type":"Feature","geometry":{"type":"Point","coordinates":[-80.14993,25.87373]},"properties":{"probability":0.186,"inBuffer":false,"facType":"police"}},{"type":"Feature","geometry":{"type":"Point","coordinates":[-80.14545,25.87373]},"properties":{"probability":0.183,"inBuffer":false,"facType":"police"}},{"type":"Feature","geometry":{"type":"Point","coordinates":[-80.14095,25.87373]},"properties":{"probability":0.237,"inBuffer":false,"facType":"police"}},{"type":"Feature","geometry":{"type":"Point","coordinates":[-80.13646,25.87373]},"properties":{"probability":0.281,"inBuffer":false,"facType":"police"}},{"type":"Feature","geometry":{"type":"Point","coordinates":[-80.13197,25.87373]},"properties":{"probability":0.542,"inBuffer":true,"facType":"police"}},{"type":"Feature","geometry":{"type":"Point","coordinates":[-80.12748,25.87373]},"properties":{"probability":0.633,"inBuffer":true,"facType":"police"}},{"type":"Feature","geometry":{"type":"Point","coordinates":[-80.12299,25.87373]},"properties":{"probability":0.667,"inBuffer":false,"facType":"substation"}},{"type":"Feature","geometry":{"type":"Point","coordinates":[-80.11849,25.87373]},"properties":{"probability":0.56,"inBuffer":false,"facType":"substation"}},{"type":"Feature","geometry":{"type":"Point","coordinates":[-80.11401,25.87373]},"properties":{"probability":0.163,"inBuffer":false,"facType":"substation"}},{"type":"Feature","geometry":{"type":"Point","coordinates":[-80.35206,25.86923]},"properties":{"probability":0.64,"inBuffer":false,"facType":"police"}},{"type":"Feature","geometry":{"type":"Point","coordinates":[-80.34756,25.86923]},"properties":{"probability":0.65,"inBuffer":false,"facType":"fire"}},{"type":"Feature","geometry":{"type":"Point","coordinates":[-80.34307,25.86923]},"properties":{"probability":0.668,"inBuffer":true,"facType":"fire"}},{"type":"Feature","geometry":{"type":"Point","coordinates":[-80.33858,25.86923]},"properties":{"probability":0.716,"inBuffer":true,"facType":"fire"}},{"type":"Feature","geometry":{"type":"Point","coordinates":[-80.33409,25.86923]},"properties":{"probability":0.745,"inBuffer":true,"facType":"fire"}},{"type":"Feature","geometry":{"type":"Point","coordinates":[-80.3296,25.86923]},"properties":{"probability":0.739,"inBuffer":false,"facType":"fire"}},{"type":"Feature","geometry":{"type":"Point","coordinates":[-80.3251,25.86923]},"properties":{"probability":0.794,"inBuffer":false,"facType":"hospital"}},{"type":"Feature","geometry":{"type":"Point","coordinates":[-80.32062,25.86923]},"properties":{"probability":0.818,"inBuffer":false,"facType":"hospital"}},{"type":"Feature","geometry":{"type":"Point","coordinates":[-80.31612,25.86923]},"properties":{"probability":0.804,"inBuffer":true,"facType":"hospital"}},{"type":"Feature","geometry":{"type":"Point","coordinates":[-80.31163,25.86923]},"properties":{"probability":0.83,"inBuffer":true,"facType":"hospital"}},{"type":"Feature","geometry":{"type":"Point","coordinates":[-80.30714,25.86923]},"properties":{"probability":0.79,"inBuffer":true,"facType":"hospital"}},{"type":"Feature","geometry":{"type":"Point","coordinates":[-80.30265,25.86923]},"properties":{"probability":0.754,"inBuffer":true,"facType":"fire"}},{"type":"Feature","geometry":{"type":"Point","coordinates":[-80.29816,25.86923]},"properties":{"probability":0.761,"inBuffer":true,"facType":"fire"}},{"type":"Feature","geometry":{"type":"Point","coordinates":[-80.29366,25.86923]},"properties":{"probability":0.76,"inBuffer":true,"facType":"fire"}},{"type":"Feature","geometry":{"type":"Point","coordinates":[-80.28918,25.86923]},"properties":{"probability":0.722,"inBuffer":false,"facType":"fire"}},{"type":"Feature","geometry":{"type":"Point","coordinates":[-80.28468,25.86923]},"properties":{"probability":0.725,"inBuffer":false,"facType":"fire"}},{"type":"Feature","geometry":{"type":"Point","coordinates":[-80.28019,25.86923]},"properties":{"probability":0.719,"inBuffer":false,"facType":"police"}},{"type":"Feature","geometry":{"type":"Point","coordinates":[-80.2757,25.86923]},"properties":{"probability":0.717,"inBuffer":false,"facType":"police"}},{"type":"Feature","geometry":{"type":"Point","coordinates":[-80.27121,25.86923]},"properties":{"probability":0.728,"inBuffer":true,"facType":"police"}},{"type":"Feature","geometry":{"type":"Point","coordinates":[-80.26672,25.86923]},"properties":{"probability":0.727,"inBuffer":true,"facType":"police"}},{"type":"Feature","geometry":{"type":"Point","coordinates":[-80.26222,25.86923]},"properties":{"probability":0.723,"inBuffer":true,"facType":"police"}},{"type":"Feature","geometry":{"type":"Point","coordinates":[-80.25774,25.86923]},"properties":{"probability":0.708,"inBuffer":false,"facType":"police"}},{"type":"Feature","geometry":{"type":"Point","coordinates":[-80.25324,25.86923]},"properties":{"probability":0.697,"inBuffer":false,"facType":"substation"}},{"type":"Feature","geometry":{"type":"Point","coordinates":[-80.24875,25.86923]},"properties":{"probability":0.708,"inBuffer":false,"facType":"police"}},{"type":"Feature","geometry":{"type":"Point","coordinates":[-80.24426,25.86923]},"properties":{"probability":0.716,"inBuffer":false,"facType":"police"}},{"type":"Feature","geometry":{"type":"Point","coordinates":[-80.23977,25.86923]},"properties":{"probability":0.71,"inBuffer":false,"facType":"police"}},{"type":"Feature","geometry":{"type":"Point","coordinates":[-80.23528,25.86923]},"properties":{"probability":0.65,"inBuffer":false,"facType":"fire"}},{"type":"Feature","geometry":{"type":"Point","coordinates":[-80.23078,25.86923]},"properties":{"probability":0.673,"inBuffer":false,"facType":"fire"}},{"type":"Feature","geometry":{"type":"Point","coordinates":[-80.2263,25.86923]},"properties":{"probability":0.65,"inBuffer":false,"facType":"fire"}},{"type":"Feature","geometry":{"type":"Point","coordinates":[-80.2218,25.86923]},"properties":{"probability":0.635,"inBuffer":false,"facType":"hospital"}},{"type":"Feature","geometry":{"type":"Point","coordinates":[-80.21731,25.86923]},"properties":{"probability":0.645,"inBuffer":false,"facType":"hospital"}},{"type":"Feature","geometry":{"type":"Point","coordinates":[-80.21281,25.86923]},"properties":{"probability":0.739,"inBuffer":false,"facType":"hospital"}},{"type":"Feature","geometry":{"type":"Point","coordinates":[-80.20833,25.86923]},"properties":{"probability":0.707,"inBuffer":false,"facType":"substation"}},{"type":"Feature","geometry":{"type":"Point","coordinates":[-80.20383,25.86923]},"properties":{"probability":0.65,"inBuffer":false,"facType":"government"}},{"type":"Feature","geometry":{"type":"Point","coordinates":[-80.19934,25.86923]},"properties":{"probability":0.628,"inBuffer":true,"facType":"government"}},{"type":"Feature","geometry":{"type":"Point","coordinates":[-80.19485,25.86923]},"properties":{"probability":0.646,"inBuffer":true,"facType":"government"}},{"type":"Feature","geometry":{"type":"Point","coordinates":[-80.19036,25.86923]},"properties":{"probability":0.636,"inBuffer":true,"facType":"government"}},{"type":"Feature","geometry":{"type":"Point","coordinates":[-80.18587,25.86923]},"properties":{"probability":0.572,"inBuffer":false,"facType":"government"}},{"type":"Feature","geometry":{"type":"Point","coordinates":[-80.18137,25.86923]},"properties":{"probability":0.497,"inBuffer":false,"facType":"police"}},{"type":"Feature","geometry":{"type":"Point","coordinates":[-80.17689,25.86923]},"properties":{"probability":0.592,"inBuffer":false,"facType":"substation"}},{"type":"Feature","geometry":{"type":"Point","coordinates":[-80.17239,25.86923]},"properties":{"probability":0.631,"inBuffer":false,"facType":"substation"}},{"type":"Feature","geometry":{"type":"Point","coordinates":[-80.1679,25.86923]},"properties":{"probability":0.588,"inBuffer":false,"facType":"substation"}},{"type":"Feature","geometry":{"type":"Point","coordinates":[-80.16341,25.86923]},"properties":{"probability":0.385,"inBuffer":false,"facType":"substation"}},{"type":"Feature","geometry":{"type":"Point","coordinates":[-80.15892,25.86923]},"properties":{"probability":0.239,"inBuffer":false,"facType":"substation"}},{"type":"Feature","geometry":{"type":"Point","coordinates":[-80.15443,25.86923]},"properties":{"probability":0.183,"inBuffer":false,"facType":"substation"}},{"type":"Feature","geometry":{"type":"Point","coordinates":[-80.14993,25.86923]},"properties":{"probability":0.202,"inBuffer":false,"facType":"police"}},{"type":"Feature","geometry":{"type":"Point","coordinates":[-80.14545,25.86923]},"properties":{"probability":0.248,"inBuffer":false,"facType":"police"}},{"type":"Feature","geometry":{"type":"Point","coordinates":[-80.14095,25.86923]},"properties":{"probability":0.254,"inBuffer":false,"facType":"police"}},{"type":"Feature","geometry":{"type":"Point","coordinates":[-80.13646,25.86923]},"properties":{"probability":0.338,"inBuffer":false,"facType":"police"}},{"type":"Feature","geometry":{"type":"Point","coordinates":[-80.13197,25.86923]},"properties":{"probability":0.55,"inBuffer":false,"facType":"police"}},{"type":"Feature","geometry":{"type":"Point","coordinates":[-80.12748,25.86923]},"properties":{"probability":0.652,"inBuffer":false,"facType":"substation"}},{"type":"Feature","geometry":{"type":"Point","coordinates":[-80.12299,25.86923]},"properties":{"probability":0.672,"inBuffer":false,"facType":"substation"}},{"type":"Feature","geometry":{"type":"Point","coordinates":[-80.11849,25.86923]},"properties":{"probability":0.553,"inBuffer":false,"facType":"substation"}},{"type":"Feature","geometry":{"type":"Point","coordinates":[-80.11401,25.86923]},"properties":{"probability":0.206,"inBuffer":false,"facType":"substation"}},{"type":"Feature","geometry":{"type":"Point","coordinates":[-80.35206,25.86474]},"properties":{"probability":0.501,"inBuffer":false,"facType":"police"}},{"type":"Feature","geometry":{"type":"Point","coordinates":[-80.34756,25.86474]},"properties":{"probability":0.642,"inBuffer":false,"facType":"police"}},{"type":"Feature","geometry":{"type":"Point","coordinates":[-80.34307,25.86474]},"properties":{"probability":0.658,"inBuffer":true,"facType":"police"}},{"type":"Feature","geometry":{"type":"Point","coordinates":[-80.33858,25.86474]},"properties":{"probability":0.707,"inBuffer":true,"facType":"police"}},{"type":"Feature","geometry":{"type":"Point","coordinates":[-80.33409,25.86474]},"properties":{"probability":0.723,"inBuffer":true,"facType":"police"}},{"type":"Feature","geometry":{"type":"Point","coordinates":[-80.3296,25.86474]},"properties":{"probability":0.765,"inBuffer":false,"facType":"hospital"}},{"type":"Feature","geometry":{"type":"Point","coordinates":[-80.3251,25.86474]},"properties":{"probability":0.845,"inBuffer":true,"facType":"hospital"}},{"type":"Feature","geometry":{"type":"Point","coordinates":[-80.32062,25.86474]},"properties":{"probability":0.841,"inBuffer":true,"facType":"hospital"}},{"type":"Feature","geometry":{"type":"Point","coordinates":[-80.31612,25.86474]},"properties":{"probability":0.839,"inBuffer":true,"facType":"hospital"}},{"type":"Feature","geometry":{"type":"Point","coordinates":[-80.31163,25.86474]},"properties":{"probability":0.812,"inBuffer":true,"facType":"hospital"}},{"type":"Feature","geometry":{"type":"Point","coordinates":[-80.30714,25.86474]},"properties":{"probability":0.812,"inBuffer":true,"facType":"hospital"}},{"type":"Feature","geometry":{"type":"Point","coordinates":[-80.30265,25.86474]},"properties":{"probability":0.783,"inBuffer":true,"facType":"fire"}},{"type":"Feature","geometry":{"type":"Point","coordinates":[-80.29816,25.86474]},"properties":{"probability":0.775,"inBuffer":true,"facType":"fire"}},{"type":"Feature","geometry":{"type":"Point","coordinates":[-80.29366,25.86474]},"properties":{"probability":0.786,"inBuffer":true,"facType":"fire"}},{"type":"Feature","geometry":{"type":"Point","coordinates":[-80.28918,25.86474]},"properties":{"probability":0.73,"inBuffer":false,"facType":"fire"}},{"type":"Feature","geometry":{"type":"Point","coordinates":[-80.28468,25.86474]},"properties":{"probability":0.728,"inBuffer":false,"facType":"fire"}},{"type":"Feature","geometry":{"type":"Point","coordinates":[-80.28019,25.86474]},"properties":{"probability":0.735,"inBuffer":false,"facType":"police"}},{"type":"Feature","geometry":{"type":"Point","coordinates":[-80.2757,25.86474]},"properties":{"probability":0.719,"inBuffer":false,"facType":"police"}},{"type":"Feature","geometry":{"type":"Point","coordinates":[-80.27121,25.86474]},"properties":{"probability":0.728,"inBuffer":false,"facType":"police"}},{"type":"Feature","geometry":{"type":"Point","coordinates":[-80.26672,25.86474]},"properties":{"probability":0.737,"inBuffer":false,"facType":"police"}},{"type":"Feature","geometry":{"type":"Point","coordinates":[-80.26222,25.86474]},"properties":{"probability":0.705,"inBuffer":false,"facType":"police"}},{"type":"Feature","geometry":{"type":"Point","coordinates":[-80.25774,25.86474]},"properties":{"probability":0.64,"inBuffer":false,"facType":"police"}},{"type":"Feature","geometry":{"type":"Point","coordinates":[-80.25324,25.86474]},"properties":{"probability":0.642,"inBuffer":false,"facType":"substation"}},{"type":"Feature","geometry":{"type":"Point","coordinates":[-80.24875,25.86474]},"properties":{"probability":0.675,"inBuffer":false,"facType":"police"}},{"type":"Feature","geometry":{"type":"Point","coordinates":[-80.24426,25.86474]},"properties":{"probability":0.71,"inBuffer":false,"facType":"fire"}},{"type":"Feature","geometry":{"type":"Point","coordinates":[-80.23977,25.86474]},"properties":{"probability":0.706,"inBuffer":false,"facType":"fire"}},{"type":"Feature","geometry":{"type":"Point","coordinates":[-80.23528,25.86474]},"properties":{"probability":0.673,"inBuffer":true,"facType":"fire"}},{"type":"Feature","geometry":{"type":"Point","coordinates":[-80.23078,25.86474]},"properties":{"probability":0.709,"inBuffer":true,"facType":"fire"}},{"type":"Feature","geometry":{"type":"Point","coordinates":[-80.2263,25.86474]},"properties":{"probability":0.682,"inBuffer":false,"facType":"fire"}},{"type":"Feature","geometry":{"type":"Point","coordinates":[-80.2218,25.86474]},"properties":{"probability":0.642,"inBuffer":false,"facType":"hospital"}},{"type":"Feature","geometry":{"type":"Point","coordinates":[-80.21731,25.86474]},"properties":{"probability":0.675,"inBuffer":true,"facType":"hospital"}},{"type":"Feature","geometry":{"type":"Point","coordinates":[-80.21281,25.86474]},"properties":{"probability":0.754,"inBuffer":true,"facType":"hospital"}},{"type":"Feature","geometry":{"type":"Point","coordinates":[-80.20833,25.86474]},"properties":{"probability":0.719,"inBuffer":false,"facType":"substation"}},{"type":"Feature","geometry":{"type":"Point","coordinates":[-80.20383,25.86474]},"properties":{"probability":0.632,"inBuffer":false,"facType":"substation"}},{"type":"Feature","geometry":{"type":"Point","coordinates":[-80.19934,25.86474]},"properties":{"probability":0.626,"inBuffer":true,"facType":"police"}},{"type":"Feature","geometry":{"type":"Point","coordinates":[-80.19485,25.86474]},"properties":{"probability":0.649,"inBuffer":true,"facType":"fire"}},{"type":"Feature","geometry":{"type":"Point","coordinates":[-80.19036,25.86474]},"properties":{"probability":0.653,"inBuffer":true,"facType":"fire"}},{"type":"Feature","geometry":{"type":"Point","coordinates":[-80.18587,25.86474]},"properties":{"probability":0.61,"inBuffer":false,"facType":"fire"}},{"type":"Feature","geometry":{"type":"Point","coordinates":[-80.18137,25.86474]},"properties":{"probability":0.62,"inBuffer":false,"facType":"fire"}},{"type":"Feature","geometry":{"type":"Point","coordinates":[-80.17689,25.86474]},"properties":{"probability":0.579,"inBuffer":false,"facType":"police"}},{"type":"Feature","geometry":{"type":"Point","coordinates":[-80.17239,25.86474]},"properties":{"probability":0.488,"inBuffer":false,"facType":"substation"}},{"type":"Feature","geometry":{"type":"Point","coordinates":[-80.1679,25.86474]},"properties":{"probability":0.351,"inBuffer":false,"facType":"substation"}},{"type":"Feature","geometry":{"type":"Point","coordinates":[-80.16341,25.86474]},"properties":{"probability":0.249,"inBuffer":false,"facType":"government"}},{"type":"Feature","geometry":{"type":"Point","coordinates":[-80.15892,25.86474]},"properties":{"probability":0.183,"inBuffer":false,"facType":"government"}},{"type":"Feature","geometry":{"type":"Point","coordinates":[-80.15443,25.86474]},"properties":{"probability":0.176,"inBuffer":false,"facType":"government"}},{"type":"Feature","geometry":{"type":"Point","coordinates":[-80.14993,25.86474]},"properties":{"probability":0.2,"inBuffer":false,"facType":"police"}},{"type":"Feature","geometry":{"type":"Point","coordinates":[-80.14545,25.86474]},"properties":{"probability":0.294,"inBuffer":false,"facType":"police"}},{"type":"Feature","geometry":{"type":"Point","coordinates":[-80.14095,25.86474]},"properties":{"probability":0.359,"inBuffer":false,"facType":"government"}},{"type":"Feature","geometry":{"type":"Point","coordinates":[-80.13646,25.86474]},"properties":{"probability":0.573,"inBuffer":false,"facType":"government"}},{"type":"Feature","geometry":{"type":"Point","coordinates":[-80.13197,25.86474]},"properties":{"probability":0.618,"inBuffer":false,"facType":"government"}},{"type":"Feature","geometry":{"type":"Point","coordinates":[-80.12748,25.86474]},"properties":{"probability":0.694,"inBuffer":false,"facType":"substation"}},{"type":"Feature","geometry":{"type":"Point","coordinates":[-80.12299,25.86474]},"properties":{"probability":0.716,"inBuffer":false,"facType":"substation"}},{"type":"Feature","geometry":{"type":"Point","coordinates":[-80.11849,25.86474]},"properties":{"probability":0.579,"inBuffer":false,"facType":"substation"}},{"type":"Feature","geometry":{"type":"Point","coordinates":[-80.11401,25.86474]},"properties":{"probability":0.202,"inBuffer":false,"facType":"substation"}},{"type":"Feature","geometry":{"type":"Point","coordinates":[-80.35206,25.86025]},"properties":{"probability":0.461,"inBuffer":false,"facType":"police"}},{"type":"Feature","geometry":{"type":"Point","coordinates":[-80.34756,25.86025]},"properties":{"probability":0.611,"inBuffer":false,"facType":"police"}},{"type":"Feature","geometry":{"type":"Point","coordinates":[-80.34307,25.86025]},"properties":{"probability":0.684,"inBuffer":true,"facType":"police"}},{"type":"Feature","geometry":{"type":"Point","coordinates":[-80.33858,25.86025]},"properties":{"probability":0.691,"inBuffer":true,"facType":"police"}},{"type":"Feature","geometry":{"type":"Point","coordinates":[-80.33409,25.86025]},"properties":{"probability":0.723,"inBuffer":true,"facType":"police"}},{"type":"Feature","geometry":{"type":"Point","coordinates":[-80.3296,25.86025]},"properties":{"probability":0.759,"inBuffer":false,"facType":"hospital"}},{"type":"Feature","geometry":{"type":"Point","coordinates":[-80.3251,25.86025]},"properties":{"probability":0.834,"inBuffer":true,"facType":"hospital"}},{"type":"Feature","geometry":{"type":"Point","coordinates":[-80.32062,25.86025]},"properties":{"probability":0.835,"inBuffer":true,"facType":"hospital"}},{"type":"Feature","geometry":{"type":"Point","coordinates":[-80.31612,25.86025]},"properties":{"probability":0.783,"inBuffer":true,"facType":"hospital"}},{"type":"Feature","geometry":{"type":"Point","coordinates":[-80.31163,25.86025]},"properties":{"probability":0.764,"inBuffer":false,"facType":"substation"}},{"type":"Feature","geometry":{"type":"Point","coordinates":[-80.30714,25.86025]},"properties":{"probability":0.706,"inBuffer":false,"facType":"substation"}},{"type":"Feature","geometry":{"type":"Point","coordinates":[-80.30265,25.86025]},"properties":{"probability":0.726,"inBuffer":true,"facType":"fire"}},{"type":"Feature","geometry":{"type":"Point","coordinates":[-80.29816,25.86025]},"properties":{"probability":0.69,"inBuffer":true,"facType":"fire"}},{"type":"Feature","geometry":{"type":"Point","coordinates":[-80.29366,25.86025]},"properties":{"probability":0.697,"inBuffer":false,"facType":"fire"}},{"type":"Feature","geometry":{"type":"Point","coordinates":[-80.28918,25.86025]},"properties":{"probability":0.705,"inBuffer":false,"facType":"fire"}},{"type":"Feature","geometry":{"type":"Point","coordinates":[-80.28468,25.86025]},"properties":{"probability":0.72,"inBuffer":false,"facType":"fire"}},{"type":"Feature","geometry":{"type":"Point","coordinates":[-80.28019,25.86025]},"properties":{"probability":0.726,"inBuffer":false,"facType":"police"}},{"type":"Feature","geometry":{"type":"Point","coordinates":[-80.2757,25.86025]},"properties":{"probability":0.727,"inBuffer":false,"facType":"police"}},{"type":"Feature","geometry":{"type":"Point","coordinates":[-80.27121,25.86025]},"properties":{"probability":0.72,"inBuffer":false,"facType":"police"}},{"type":"Feature","geometry":{"type":"Point","coordinates":[-80.26672,25.86025]},"properties":{"probability":0.723,"inBuffer":false,"facType":"police"}},{"type":"Feature","geometry":{"type":"Point","coordinates":[-80.26222,25.86025]},"properties":{"probability":0.703,"inBuffer":false,"facType":"police"}},{"type":"Feature","geometry":{"type":"Point","coordinates":[-80.25774,25.86025]},"properties":{"probability":0.688,"inBuffer":false,"facType":"substation"}},{"type":"Feature","geometry":{"type":"Point","coordinates":[-80.25324,25.86025]},"properties":{"probability":0.64,"inBuffer":false,"facType":"substation"}},{"type":"Feature","geometry":{"type":"Point","coordinates":[-80.24875,25.86025]},"properties":{"probability":0.657,"inBuffer":false,"facType":"police"}},{"type":"Feature","geometry":{"type":"Point","coordinates":[-80.24426,25.86025]},"properties":{"probability":0.712,"inBuffer":false,"facType":"fire"}},{"type":"Feature","geometry":{"type":"Point","coordinates":[-80.23977,25.86025]},"properties":{"probability":0.701,"inBuffer":true,"facType":"fire"}},{"type":"Feature","geometry":{"type":"Point","coordinates":[-80.23528,25.86025]},"properties":{"probability":0.71,"inBuffer":true,"facType":"fire"}},{"type":"Feature","geometry":{"type":"Point","coordinates":[-80.23078,25.86025]},"properties":{"probability":0.685,"inBuffer":true,"facType":"fire"}},{"type":"Feature","geometry":{"type":"Point","coordinates":[-80.2263,25.86025]},"properties":{"probability":0.669,"inBuffer":false,"facType":"fire"}},{"type":"Feature","geometry":{"type":"Point","coordinates":[-80.2218,25.86025]},"properties":{"probability":0.647,"inBuffer":false,"facType":"hospital"}},{"type":"Feature","geometry":{"type":"Point","coordinates":[-80.21731,25.86025]},"properties":{"probability":0.686,"inBuffer":true,"facType":"hospital"}},{"type":"Feature","geometry":{"type":"Point","coordinates":[-80.21281,25.86025]},"properties":{"probability":0.75,"inBuffer":true,"facType":"hospital"}},{"type":"Feature","geometry":{"type":"Point","coordinates":[-80.20833,25.86025]},"properties":{"probability":0.728,"inBuffer":true,"facType":"substation"}},{"type":"Feature","geometry":{"type":"Point","coordinates":[-80.20383,25.86025]},"properties":{"probability":0.645,"inBuffer":false,"facType":"substation"}},{"type":"Feature","geometry":{"type":"Point","coordinates":[-80.19934,25.86025]},"properties":{"probability":0.653,"inBuffer":true,"facType":"fire"}},{"type":"Feature","geometry":{"type":"Point","coordinates":[-80.19485,25.86025]},"properties":{"probability":0.655,"inBuffer":true,"facType":"fire"}},{"type":"Feature","geometry":{"type":"Point","coordinates":[-80.19036,25.86025]},"properties":{"probability":0.656,"inBuffer":true,"facType":"fire"}},{"type":"Feature","geometry":{"type":"Point","coordinates":[-80.18587,25.86025]},"properties":{"probability":0.673,"inBuffer":true,"facType":"government"}},{"type":"Feature","geometry":{"type":"Point","coordinates":[-80.18137,25.86025]},"properties":{"probability":0.655,"inBuffer":false,"facType":"police"}},{"type":"Feature","geometry":{"type":"Point","coordinates":[-80.17689,25.86025]},"properties":{"probability":0.619,"inBuffer":false,"facType":"police"}},{"type":"Feature","geometry":{"type":"Point","coordinates":[-80.17239,25.86025]},"properties":{"probability":0.359,"inBuffer":false,"facType":"fire"}},{"type":"Feature","geometry":{"type":"Point","coordinates":[-80.1679,25.86025]},"properties":{"probability":0.296,"inBuffer":false,"facType":"police"}},{"type":"Feature","geometry":{"type":"Point","coordinates":[-80.16341,25.86025]},"properties":{"probability":0.22,"inBuffer":false,"facType":"government"}},{"type":"Feature","geometry":{"type":"Point","coordinates":[-80.15892,25.86025]},"properties":{"probability":0.186,"inBuffer":false,"facType":"government"}},{"type":"Feature","geometry":{"type":"Point","coordinates":[-80.15443,25.86025]},"properties":{"probability":0.176,"inBuffer":false,"facType":"government"}},{"type":"Feature","geometry":{"type":"Point","coordinates":[-80.14993,25.86025]},"properties":{"probability":0.241,"inBuffer":false,"facType":"police"}},{"type":"Feature","geometry":{"type":"Point","coordinates":[-80.14545,25.86025]},"properties":{"probability":0.346,"inBuffer":false,"facType":"police"}},{"type":"Feature","geometry":{"type":"Point","coordinates":[-80.14095,25.86025]},"properties":{"probability":0.431,"inBuffer":false,"facType":"government"}},{"type":"Feature","geometry":{"type":"Point","coordinates":[-80.13646,25.86025]},"properties":{"probability":0.624,"inBuffer":false,"facType":"government"}},{"type":"Feature","geometry":{"type":"Point","coordinates":[-80.13197,25.86025]},"properties":{"probability":0.667,"inBuffer":false,"facType":"government"}},{"type":"Feature","geometry":{"type":"Point","coordinates":[-80.12748,25.86025]},"properties":{"probability":0.737,"inBuffer":false,"facType":"government"}},{"type":"Feature","geometry":{"type":"Point","coordinates":[-80.12299,25.86025]},"properties":{"probability":0.744,"inBuffer":true,"facType":"fire"}},{"type":"Feature","geometry":{"type":"Point","coordinates":[-80.11849,25.86025]},"properties":{"probability":0.545,"inBuffer":false,"facType":"substation"}},{"type":"Feature","geometry":{"type":"Point","coordinates":[-80.11401,25.86025]},"properties":{"probability":0.248,"inBuffer":false,"facType":"substation"}},{"type":"Feature","geometry":{"type":"Point","coordinates":[-80.35206,25.85576]},"properties":{"probability":0.355,"inBuffer":false,"facType":"police"}},{"type":"Feature","geometry":{"type":"Point","coordinates":[-80.34756,25.85576]},"properties":{"probability":0.435,"inBuffer":false,"facType":"police"}},{"type":"Feature","geometry":{"type":"Point","coordinates":[-80.34307,25.85576]},"properties":{"probability":0.635,"inBuffer":false,"facType":"police"}},{"type":"Feature","geometry":{"type":"Point","coordinates":[-80.33858,25.85576]},"properties":{"probability":0.637,"inBuffer":false,"facType":"police"}},{"type":"Feature","geometry":{"type":"Point","coordinates":[-80.33409,25.85576]},"properties":{"probability":0.698,"inBuffer":false,"facType":"police"}},{"type":"Feature","geometry":{"type":"Point","coordinates":[-80.3296,25.85576]},"properties":{"probability":0.749,"inBuffer":false,"facType":"hospital"}},{"type":"Feature","geometry":{"type":"Point","coordinates":[-80.3251,25.85576]},"properties":{"probability":0.778,"inBuffer":true,"facType":"hospital"}},{"type":"Feature","geometry":{"type":"Point","coordinates":[-80.32062,25.85576]},"properties":{"probability":0.792,"inBuffer":true,"facType":"hospital"}},{"type":"Feature","geometry":{"type":"Point","coordinates":[-80.31612,25.85576]},"properties":{"probability":0.767,"inBuffer":true,"facType":"substation"}},{"type":"Feature","geometry":{"type":"Point","coordinates":[-80.31163,25.85576]},"properties":{"probability":0.743,"inBuffer":false,"facType":"substation"}},{"type":"Feature","geometry":{"type":"Point","coordinates":[-80.30714,25.85576]},"properties":{"probability":0.71,"inBuffer":false,"facType":"substation"}},{"type":"Feature","geometry":{"type":"Point","coordinates":[-80.30265,25.85576]},"properties":{"probability":0.705,"inBuffer":false,"facType":"substation"}},{"type":"Feature","geometry":{"type":"Point","coordinates":[-80.29816,25.85576]},"properties":{"probability":0.686,"inBuffer":false,"facType":"fire"}},{"type":"Feature","geometry":{"type":"Point","coordinates":[-80.29366,25.85576]},"properties":{"probability":0.697,"inBuffer":false,"facType":"fire"}},{"type":"Feature","geometry":{"type":"Point","coordinates":[-80.28918,25.85576]},"properties":{"probability":0.714,"inBuffer":false,"facType":"fire"}},{"type":"Feature","geometry":{"type":"Point","coordinates":[-80.28468,25.85576]},"properties":{"probability":0.722,"inBuffer":false,"facType":"fire"}},{"type":"Feature","geometry":{"type":"Point","coordinates":[-80.28019,25.85576]},"properties":{"probability":0.723,"inBuffer":false,"facType":"hospital"}},{"type":"Feature","geometry":{"type":"Point","coordinates":[-80.2757,25.85576]},"properties":{"probability":0.723,"inBuffer":false,"facType":"hospital"}},{"type":"Feature","geometry":{"type":"Point","coordinates":[-80.27121,25.85576]},"properties":{"probability":0.713,"inBuffer":false,"facType":"hospital"}},{"type":"Feature","geometry":{"type":"Point","coordinates":[-80.26672,25.85576]},"properties":{"probability":0.719,"inBuffer":false,"facType":"hospital"}},{"type":"Feature","geometry":{"type":"Point","coordinates":[-80.26222,25.85576]},"properties":{"probability":0.724,"inBuffer":false,"facType":"substation"}},{"type":"Feature","geometry":{"type":"Point","coordinates":[-80.25774,25.85576]},"properties":{"probability":0.712,"inBuffer":false,"facType":"substation"}},{"type":"Feature","geometry":{"type":"Point","coordinates":[-80.25324,25.85576]},"properties":{"probability":0.658,"inBuffer":false,"facType":"substation"}},{"type":"Feature","geometry":{"type":"Point","coordinates":[-80.24875,25.85576]},"properties":{"probability":0.673,"inBuffer":false,"facType":"police"}},{"type":"Feature","geometry":{"type":"Point","coordinates":[-80.24426,25.85576]},"properties":{"probability":0.698,"inBuffer":true,"facType":"police"}},{"type":"Feature","geometry":{"type":"Point","coordinates":[-80.23977,25.85576]},"properties":{"probability":0.678,"inBuffer":true,"facType":"fire"}},{"type":"Feature","geometry":{"type":"Point","coordinates":[-80.23528,25.85576]},"properties":{"probability":0.664,"inBuffer":true,"facType":"fire"}},{"type":"Feature","geometry":{"type":"Point","coordinates":[-80.23078,25.85576]},"properties":{"probability":0.656,"inBuffer":true,"facType":"fire"}},{"type":"Feature","geometry":{"type":"Point","coordinates":[-80.2263,25.85576]},"properties":{"probability":0.654,"inBuffer":false,"facType":"fire"}},{"type":"Feature","geometry":{"type":"Point","coordinates":[-80.2218,25.85576]},"properties":{"probability":0.646,"inBuffer":false,"facType":"hospital"}},{"type":"Feature","geometry":{"type":"Point","coordinates":[-80.21731,25.85576]},"properties":{"probability":0.682,"inBuffer":true,"facType":"hospital"}},{"type":"Feature","geometry":{"type":"Point","coordinates":[-80.21281,25.85576]},"properties":{"probability":0.728,"inBuffer":true,"facType":"hospital"}},{"type":"Feature","geometry":{"type":"Point","coordinates":[-80.20833,25.85576]},"properties":{"probability":0.718,"inBuffer":true,"facType":"substation"}},{"type":"Feature","geometry":{"type":"Point","coordinates":[-80.20383,25.85576]},"properties":{"probability":0.644,"inBuffer":false,"facType":"substation"}},{"type":"Feature","geometry":{"type":"Point","coordinates":[-80.19934,25.85576]},"properties":{"probability":0.656,"inBuffer":false,"facType":"substation"}},{"type":"Feature","geometry":{"type":"Point","coordinates":[-80.19485,25.85576]},"properties":{"probability":0.653,"inBuffer":true,"facType":"government"}},{"type":"Feature","geometry":{"type":"Point","coordinates":[-80.19036,25.85576]},"properties":{"probability":0.681,"inBuffer":true,"facType":"government"}},{"type":"Feature","geometry":{"type":"Point","coordinates":[-80.18587,25.85576]},"properties":{"probability":0.717,"inBuffer":true,"facType":"police"}},{"type":"Feature","geometry":{"type":"Point","coordinates":[-80.18137,25.85576]},"properties":{"probability":0.707,"inBuffer":true,"facType":"police"}},{"type":"Feature","geometry":{"type":"Point","coordinates":[-80.17689,25.85576]},"properties":{"probability":0.641,"inBuffer":false,"facType":"fire"}},{"type":"Feature","geometry":{"type":"Point","coordinates":[-80.17239,25.85576]},"properties":{"probability":0.489,"inBuffer":false,"facType":"fire"}},{"type":"Feature","geometry":{"type":"Point","coordinates":[-80.1679,25.85576]},"properties":{"probability":0.288,"inBuffer":false,"facType":"police"}},{"type":"Feature","geometry":{"type":"Point","coordinates":[-80.16341,25.85576]},"properties":{"probability":0.308,"inBuffer":false,"facType":"government"}},{"type":"Feature","geometry":{"type":"Point","coordinates":[-80.15892,25.85576]},"properties":{"probability":0.342,"inBuffer":false,"facType":"government"}},{"type":"Feature","geometry":{"type":"Point","coordinates":[-80.15443,25.85576]},"properties":{"probability":0.214,"inBuffer":false,"facType":"government"}},{"type":"Feature","geometry":{"type":"Point","coordinates":[-80.14993,25.85576]},"properties":{"probability":0.362,"inBuffer":false,"facType":"police"}},{"type":"Feature","geometry":{"type":"Point","coordinates":[-80.14545,25.85576]},"properties":{"probability":0.516,"inBuffer":false,"facType":"police"}},{"type":"Feature","geometry":{"type":"Point","coordinates":[-80.14095,25.85576]},"properties":{"probability":0.596,"inBuffer":false,"facType":"government"}},{"type":"Feature","geometry":{"type":"Point","coordinates":[-80.13646,25.85576]},"properties":{"probability":0.698,"inBuffer":false,"facType":"government"}},{"type":"Feature","geometry":{"type":"Point","coordinates":[-80.13197,25.85576]},"properties":{"probability":0.703,"inBuffer":false,"facType":"government"}},{"type":"Feature","geometry":{"type":"Point","coordinates":[-80.12748,25.85576]},"properties":{"probability":0.757,"inBuffer":true,"facType":"government"}},{"type":"Feature","geometry":{"type":"Point","coordinates":[-80.12299,25.85576]},"properties":{"probability":0.76,"inBuffer":true,"facType":"fire"}},{"type":"Feature","geometry":{"type":"Point","coordinates":[-80.11849,25.85576]},"properties":{"probability":0.627,"inBuffer":true,"facType":"substation"}},{"type":"Feature","geometry":{"type":"Point","coordinates":[-80.11401,25.85576]},"properties":{"probability":0.229,"inBuffer":false,"facType":"substation"}},{"type":"Feature","geometry":{"type":"Point","coordinates":[-80.10951,25.85576]},"properties":{"probability":0.158,"inBuffer":false,"facType":"substation"}},{"type":"Feature","geometry":{"type":"Point","coordinates":[-80.35206,25.85127]},"properties":{"probability":0.412,"inBuffer":false,"facType":"substation"}},{"type":"Feature","geometry":{"type":"Point","coordinates":[-80.34756,25.85127]},"properties":{"probability":0.331,"inBuffer":false,"facType":"police"}},{"type":"Feature","geometry":{"type":"Point","coordinates":[-80.34307,25.85127]},"properties":{"probability":0.447,"inBuffer":false,"facType":"police"}},{"type":"Feature","geometry":{"type":"Point","coordinates":[-80.33858,25.85127]},"properties":{"probability":0.6,"inBuffer":false,"facType":"police"}},{"type":"Feature","geometry":{"type":"Point","coordinates":[-80.33409,25.85127]},"properties":{"probability":0.692,"inBuffer":false,"facType":"police"}},{"type":"Feature","geometry":{"type":"Point","coordinates":[-80.3296,25.85127]},"properties":{"probability":0.725,"inBuffer":false,"facType":"hospital"}},{"type":"Feature","geometry":{"type":"Point","coordinates":[-80.3251,25.85127]},"properties":{"probability":0.748,"inBuffer":false,"facType":"hospital"}},{"type":"Feature","geometry":{"type":"Point","coordinates":[-80.32062,25.85127]},"properties":{"probability":0.8,"inBuffer":false,"facType":"substation"}},{"type":"Feature","geometry":{"type":"Point","coordinates":[-80.31612,25.85127]},"properties":{"probability":0.736,"inBuffer":false,"facType":"substation"}},{"type":"Feature","geometry":{"type":"Point","coordinates":[-80.31163,25.85127]},"properties":{"probability":0.743,"inBuffer":false,"facType":"substation"}},{"type":"Feature","geometry":{"type":"Point","coordinates":[-80.30714,25.85127]},"properties":{"probability":0.72,"inBuffer":false,"facType":"substation"}},{"type":"Feature","geometry":{"type":"Point","coordinates":[-80.30265,25.85127]},"properties":{"probability":0.713,"inBuffer":false,"facType":"fire"}},{"type":"Feature","geometry":{"type":"Point","coordinates":[-80.29816,25.85127]},"properties":{"probability":0.712,"inBuffer":false,"facType":"fire"}},{"type":"Feature","geometry":{"type":"Point","coordinates":[-80.29366,25.85127]},"properties":{"probability":0.724,"inBuffer":false,"facType":"fire"}},{"type":"Feature","geometry":{"type":"Point","coordinates":[-80.28918,25.85127]},"properties":{"probability":0.724,"inBuffer":false,"facType":"fire"}},{"type":"Feature","geometry":{"type":"Point","coordinates":[-80.28468,25.85127]},"properties":{"probability":0.733,"inBuffer":false,"facType":"substation"}},{"type":"Feature","geometry":{"type":"Point","coordinates":[-80.28019,25.85127]},"properties":{"probability":0.727,"inBuffer":false,"facType":"hospital"}},{"type":"Feature","geometry":{"type":"Point","coordinates":[-80.2757,25.85127]},"properties":{"probability":0.712,"inBuffer":false,"facType":"hospital"}},{"type":"Feature","geometry":{"type":"Point","coordinates":[-80.27121,25.85127]},"properties":{"probability":0.722,"inBuffer":true,"facType":"hospital"}},{"type":"Feature","geometry":{"type":"Point","coordinates":[-80.26672,25.85127]},"properties":{"probability":0.722,"inBuffer":true,"facType":"hospital"}},{"type":"Feature","geometry":{"type":"Point","coordinates":[-80.26222,25.85127]},"properties":{"probability":0.74,"inBuffer":false,"facType":"substation"}},{"type":"Feature","geometry":{"type":"Point","coordinates":[-80.25774,25.85127]},"properties":{"probability":0.71,"inBuffer":false,"facType":"substation"}},{"type":"Feature","geometry":{"type":"Point","coordinates":[-80.25324,25.85127]},"properties":{"probability":0.674,"inBuffer":false,"facType":"substation"}},{"type":"Feature","geometry":{"type":"Point","coordinates":[-80.24875,25.85127]},"properties":{"probability":0.703,"inBuffer":true,"facType":"police"}},{"type":"Feature","geometry":{"type":"Point","coordinates":[-80.24426,25.85127]},"properties":{"probability":0.724,"inBuffer":true,"facType":"police"}},{"type":"Feature","geometry":{"type":"Point","coordinates":[-80.23977,25.85127]},"properties":{"probability":0.694,"inBuffer":true,"facType":"government"}},{"type":"Feature","geometry":{"type":"Point","coordinates":[-80.23528,25.85127]},"properties":{"probability":0.663,"inBuffer":false,"facType":"government"}},{"type":"Feature","geometry":{"type":"Point","coordinates":[-80.23078,25.85127]},"properties":{"probability":0.643,"inBuffer":false,"facType":"fire"}},{"type":"Feature","geometry":{"type":"Point","coordinates":[-80.2263,25.85127]},"properties":{"probability":0.637,"inBuffer":false,"facType":"fire"}},{"type":"Feature","geometry":{"type":"Point","coordinates":[-80.2218,25.85127]},"properties":{"probability":0.644,"inBuffer":false,"facType":"hospital"}},{"type":"Feature","geometry":{"type":"Point","coordinates":[-80.21731,25.85127]},"properties":{"probability":0.69,"inBuffer":false,"facType":"hospital"}},{"type":"Feature","geometry":{"type":"Point","coordinates":[-80.21281,25.85127]},"properties":{"probability":0.736,"inBuffer":false,"facType":"hospital"}},{"type":"Feature","geometry":{"type":"Point","coordinates":[-80.20833,25.85127]},"properties":{"probability":0.746,"inBuffer":false,"facType":"substation"}},{"type":"Feature","geometry":{"type":"Point","coordinates":[-80.20383,25.85127]},"properties":{"probability":0.664,"inBuffer":false,"facType":"substation"}},{"type":"Feature","geometry":{"type":"Point","coordinates":[-80.19934,25.85127]},"properties":{"probability":0.694,"inBuffer":false,"facType":"substation"}},{"type":"Feature","geometry":{"type":"Point","coordinates":[-80.19485,25.85127]},"properties":{"probability":0.724,"inBuffer":false,"facType":"government"}},{"type":"Feature","geometry":{"type":"Point","coordinates":[-80.19036,25.85127]},"properties":{"probability":0.747,"inBuffer":true,"facType":"government"}},{"type":"Feature","geometry":{"type":"Point","coordinates":[-80.18587,25.85127]},"properties":{"probability":0.769,"inBuffer":true,"facType":"police"}},{"type":"Feature","geometry":{"type":"Point","coordinates":[-80.18137,25.85127]},"properties":{"probability":0.719,"inBuffer":true,"facType":"fire"}},{"type":"Feature","geometry":{"type":"Point","coordinates":[-80.17689,25.85127]},"properties":{"probability":0.662,"inBuffer":true,"facType":"fire"}},{"type":"Feature","geometry":{"type":"Point","coordinates":[-80.17239,25.85127]},"properties":{"probability":0.629,"inBuffer":true,"facType":"fire"}},{"type":"Feature","geometry":{"type":"Point","coordinates":[-80.1679,25.85127]},"properties":{"probability":0.503,"inBuffer":true,"facType":"police"}},{"type":"Feature","geometry":{"type":"Point","coordinates":[-80.16341,25.85127]},"properties":{"probability":0.549,"inBuffer":true,"facType":"police"}},{"type":"Feature","geometry":{"type":"Point","coordinates":[-80.15892,25.85127]},"properties":{"probability":0.606,"inBuffer":true,"facType":"government"}},{"type":"Feature","geometry":{"type":"Point","coordinates":[-80.15443,25.85127]},"properties":{"probability":0.637,"inBuffer":true,"facType":"police"}},{"type":"Feature","geometry":{"type":"Point","coordinates":[-80.14993,25.85127]},"properties":{"probability":0.645,"inBuffer":true,"facType":"police"}},{"type":"Feature","geometry":{"type":"Point","coordinates":[-80.14545,25.85127]},"properties":{"probability":0.644,"inBuffer":true,"facType":"police"}},{"type":"Feature","geometry":{"type":"Point","coordinates":[-80.14095,25.85127]},"properties":{"probability":0.662,"inBuffer":false,"facType":"police"}},{"type":"Feature","geometry":{"type":"Point","coordinates":[-80.13646,25.85127]},"properties":{"probability":0.669,"inBuffer":false,"facType":"government"}},{"type":"Feature","geometry":{"type":"Point","coordinates":[-80.13197,25.85127]},"properties":{"probability":0.682,"inBuffer":false,"facType":"government"}},{"type":"Feature","geometry":{"type":"Point","coordinates":[-80.12748,25.85127]},"properties":{"probability":0.7,"inBuffer":true,"facType":"fire"}},{"type":"Feature","geometry":{"type":"Point","coordinates":[-80.12299,25.85127]},"properties":{"probability":0.712,"inBuffer":true,"facType":"fire"}},{"type":"Feature","geometry":{"type":"Point","coordinates":[-80.11849,25.85127]},"properties":{"probability":0.643,"inBuffer":true,"facType":"substation"}},{"type":"Feature","geometry":{"type":"Point","coordinates":[-80.11401,25.85127]},"properties":{"probability":0.294,"inBuffer":false,"facType":"substation"}},{"type":"Feature","geometry":{"type":"Point","coordinates":[-80.10502,25.85127]},"properties":{"probability":0.179,"inBuffer":false,"facType":"substation"}},{"type":"Feature","geometry":{"type":"Point","coordinates":[-80.35206,25.84678]},"properties":{"probability":0.292,"inBuffer":false,"facType":"substation"}},{"type":"Feature","geometry":{"type":"Point","coordinates":[-80.34756,25.84678]},"properties":{"probability":0.318,"inBuffer":false,"facType":"substation"}},{"type":"Feature","geometry":{"type":"Point","coordinates":[-80.34307,25.84678]},"properties":{"probability":0.503,"inBuffer":false,"facType":"substation"}},{"type":"Feature","geometry":{"type":"Point","coordinates":[-80.33858,25.84678]},"properties":{"probability":0.662,"inBuffer":false,"facType":"police"}},{"type":"Feature","geometry":{"type":"Point","coordinates":[-80.33409,25.84678]},"properties":{"probability":0.72,"inBuffer":false,"facType":"police"}},{"type":"Feature","geometry":{"type":"Point","coordinates":[-80.3296,25.84678]},"properties":{"probability":0.715,"inBuffer":false,"facType":"police"}},{"type":"Feature","geometry":{"type":"Point","coordinates":[-80.3251,25.84678]},"properties":{"probability":0.719,"inBuffer":false,"facType":"police"}},{"type":"Feature","geometry":{"type":"Point","coordinates":[-80.32062,25.84678]},"properties":{"probability":0.769,"inBuffer":false,"facType":"police"}},{"type":"Feature","geometry":{"type":"Point","coordinates":[-80.31612,25.84678]},"properties":{"probability":0.759,"inBuffer":true,"facType":"police"}},{"type":"Feature","geometry":{"type":"Point","coordinates":[-80.31163,25.84678]},"properties":{"probability":0.762,"inBuffer":false,"facType":"substation"}},{"type":"Feature","geometry":{"type":"Point","coordinates":[-80.30714,25.84678]},"properties":{"probability":0.767,"inBuffer":false,"facType":"substation"}},{"type":"Feature","geometry":{"type":"Point","coordinates":[-80.30265,25.84678]},"properties":{"probability":0.771,"inBuffer":true,"facType":"fire"}},{"type":"Feature","geometry":{"type":"Point","coordinates":[-80.29816,25.84678]},"properties":{"probability":0.745,"inBuffer":true,"facType":"fire"}},{"type":"Feature","geometry":{"type":"Point","coordinates":[-80.29366,25.84678]},"properties":{"probability":0.772,"inBuffer":true,"facType":"fire"}},{"type":"Feature","geometry":{"type":"Point","coordinates":[-80.28918,25.84678]},"properties":{"probability":0.77,"inBuffer":false,"facType":"substation"}},{"type":"Feature","geometry":{"type":"Point","coordinates":[-80.28468,25.84678]},"properties":{"probability":0.768,"inBuffer":false,"facType":"substation"}},{"type":"Feature","geometry":{"type":"Point","coordinates":[-80.28019,25.84678]},"properties":{"probability":0.744,"inBuffer":false,"facType":"hospital"}},{"type":"Feature","geometry":{"type":"Point","coordinates":[-80.2757,25.84678]},"properties":{"probability":0.719,"inBuffer":true,"facType":"hospital"}},{"type":"Feature","geometry":{"type":"Point","coordinates":[-80.27121,25.84678]},"properties":{"probability":0.781,"inBuffer":true,"facType":"hospital"}},{"type":"Feature","geometry":{"type":"Point","coordinates":[-80.26672,25.84678]},"properties":{"probability":0.747,"inBuffer":true,"facType":"hospital"}},{"type":"Feature","geometry":{"type":"Point","coordinates":[-80.26222,25.84678]},"properties":{"probability":0.772,"inBuffer":true,"facType":"substation"}},{"type":"Feature","geometry":{"type":"Point","coordinates":[-80.25774,25.84678]},"properties":{"probability":0.731,"inBuffer":false,"facType":"substation"}},{"type":"Feature","geometry":{"type":"Point","coordinates":[-80.25324,25.84678]},"properties":{"probability":0.712,"inBuffer":false,"facType":"substation"}},{"type":"Feature","geometry":{"type":"Point","coordinates":[-80.24875,25.84678]},"properties":{"probability":0.732,"inBuffer":true,"facType":"police"}},{"type":"Feature","geometry":{"type":"Point","coordinates":[-80.24426,25.84678]},"properties":{"probability":0.744,"inBuffer":true,"facType":"government"}},{"type":"Feature","geometry":{"type":"Point","coordinates":[-80.23977,25.84678]},"properties":{"probability":0.726,"inBuffer":true,"facType":"government"}},{"type":"Feature","geometry":{"type":"Point","coordinates":[-80.23528,25.84678]},"properties":{"probability":0.722,"inBuffer":false,"facType":"government"}},{"type":"Feature","geometry":{"type":"Point","coordinates":[-80.23078,25.84678]},"properties":{"probability":0.721,"inBuffer":false,"facType":"substation"}},{"type":"Feature","geometry":{"type":"Point","coordinates":[-80.2263,25.84678]},"properties":{"probability":0.711,"inBuffer":false,"facType":"substation"}},{"type":"Feature","geometry":{"type":"Point","coordinates":[-80.2218,25.84678]},"properties":{"probability":0.707,"inBuffer":false,"facType":"hospital"}},{"type":"Feature","geometry":{"type":"Point","coordinates":[-80.21731,25.84678]},"properties":{"probability":0.722,"inBuffer":false,"facType":"substation"}},{"type":"Feature","geometry":{"type":"Point","coordinates":[-80.21281,25.84678]},"properties":{"probability":0.727,"inBuffer":false,"facType":"substation"}},{"type":"Feature","geometry":{"type":"Point","coordinates":[-80.20833,25.84678]},"properties":{"probability":0.806,"inBuffer":false,"facType":"substation"}},{"type":"Feature","geometry":{"type":"Point","coordinates":[-80.20383,25.84678]},"properties":{"probability":0.766,"inBuffer":false,"facType":"substation"}},{"type":"Feature","geometry":{"type":"Point","coordinates":[-80.19934,25.84678]},"properties":{"probability":0.839,"inBuffer":false,"facType":"substation"}},{"type":"Feature","geometry":{"type":"Point","coordinates":[-80.19485,25.84678]},"properties":{"probability":0.833,"inBuffer":false,"facType":"substation"}},{"type":"Feature","geometry":{"type":"Point","coordinates":[-80.19036,25.84678]},"properties":{"probability":0.84,"inBuffer":false,"facType":"substation"}},{"type":"Feature","geometry":{"type":"Point","coordinates":[-80.18587,25.84678]},"properties":{"probability":0.842,"inBuffer":false,"facType":"substation"}},{"type":"Feature","geometry":{"type":"Point","coordinates":[-80.18137,25.84678]},"properties":{"probability":0.746,"inBuffer":true,"facType":"fire"}},{"type":"Feature","geometry":{"type":"Point","coordinates":[-80.17689,25.84678]},"properties":{"probability":0.712,"inBuffer":true,"facType":"fire"}},{"type":"Feature","geometry":{"type":"Point","coordinates":[-80.17239,25.84678]},"properties":{"probability":0.649,"inBuffer":true,"facType":"fire"}},{"type":"Feature","geometry":{"type":"Point","coordinates":[-80.1679,25.84678]},"properties":{"probability":0.583,"inBuffer":true,"facType":"police"}},{"type":"Feature","geometry":{"type":"Point","coordinates":[-80.16341,25.84678]},"properties":{"probability":0.554,"inBuffer":true,"facType":"police"}},{"type":"Feature","geometry":{"type":"Point","coordinates":[-80.15892,25.84678]},"properties":{"probability":0.654,"inBuffer":true,"facType":"police"}},{"type":"Feature","geometry":{"type":"Point","coordinates":[-80.15443,25.84678]},"properties":{"probability":0.674,"inBuffer":true,"facType":"police"}},{"type":"Feature","geometry":{"type":"Point","coordinates":[-80.14993,25.84678]},"properties":{"probability":0.693,"inBuffer":true,"facType":"police"}},{"type":"Feature","geometry":{"type":"Point","coordinates":[-80.14545,25.84678]},"properties":{"probability":0.625,"inBuffer":true,"facType":"police"}},{"type":"Feature","geometry":{"type":"Point","coordinates":[-80.14095,25.84678]},"properties":{"probability":0.559,"inBuffer":false,"facType":"police"}},{"type":"Feature","geometry":{"type":"Point","coordinates":[-80.13646,25.84678]},"properties":{"probability":0.503,"inBuffer":false,"facType":"government"}},{"type":"Feature","geometry":{"type":"Point","coordinates":[-80.13197,25.84678]},"properties":{"probability":0.552,"inBuffer":false,"facType":"government"}},{"type":"Feature","geometry":{"type":"Point","coordinates":[-80.12748,25.84678]},"properties":{"probability":0.648,"inBuffer":false,"facType":"fire"}},{"type":"Feature","geometry":{"type":"Point","coordinates":[-80.12299,25.84678]},"properties":{"probability":0.665,"inBuffer":false,"facType":"fire"}},{"type":"Feature","geometry":{"type":"Point","coordinates":[-80.11849,25.84678]},"properties":{"probability":0.642,"inBuffer":false,"facType":"substation"}},{"type":"Feature","geometry":{"type":"Point","coordinates":[-80.11401,25.84678]},"properties":{"probability":0.197,"inBuffer":false,"facType":"substation"}},{"type":"Feature","geometry":{"type":"Point","coordinates":[-80.35206,25.84229]},"properties":{"probability":0.304,"inBuffer":false,"facType":"substation"}},{"type":"Feature","geometry":{"type":"Point","coordinates":[-80.34756,25.84229]},"properties":{"probability":0.333,"inBuffer":false,"facType":"substation"}},{"type":"Feature","geometry":{"type":"Point","coordinates":[-80.34307,25.84229]},"properties":{"probability":0.471,"inBuffer":false,"facType":"substation"}},{"type":"Feature","geometry":{"type":"Point","coordinates":[-80.33858,25.84229]},"properties":{"probability":0.705,"inBuffer":false,"facType":"substation"}},{"type":"Feature","geometry":{"type":"Point","coordinates":[-80.33409,25.84229]},"properties":{"probability":0.718,"inBuffer":false,"facType":"substation"}},{"type":"Feature","geometry":{"type":"Point","coordinates":[-80.3296,25.84229]},"properties":{"probability":0.713,"inBuffer":false,"facType":"police"}},{"type":"Feature","geometry":{"type":"Point","coordinates":[-80.3251,25.84229]},"properties":{"probability":0.714,"inBuffer":false,"facType":"police"}},{"type":"Feature","geometry":{"type":"Point","coordinates":[-80.32062,25.84229]},"properties":{"probability":0.775,"inBuffer":true,"facType":"police"}},{"type":"Feature","geometry":{"type":"Point","coordinates":[-80.31612,25.84229]},"properties":{"probability":0.782,"inBuffer":true,"facType":"police"}},{"type":"Feature","geometry":{"type":"Point","coordinates":[-80.31163,25.84229]},"properties":{"probability":0.782,"inBuffer":true,"facType":"substation"}},{"type":"Feature","geometry":{"type":"Point","coordinates":[-80.30714,25.84229]},"properties":{"probability":0.783,"inBuffer":false,"facType":"substation"}},{"type":"Feature","geometry":{"type":"Point","coordinates":[-80.30265,25.84229]},"properties":{"probability":0.781,"inBuffer":true,"facType":"fire"}},{"type":"Feature","geometry":{"type":"Point","coordinates":[-80.29816,25.84229]},"properties":{"probability":0.771,"inBuffer":true,"facType":"fire"}},{"type":"Feature","geometry":{"type":"Point","coordinates":[-80.29366,25.84229]},"properties":{"probability":0.773,"inBuffer":true,"facType":"substation"}},{"type":"Feature","geometry":{"type":"Point","coordinates":[-80.28918,25.84229]},"properties":{"probability":0.796,"inBuffer":false,"facType":"substation"}},{"type":"Feature","geometry":{"type":"Point","coordinates":[-80.28468,25.84229]},"properties":{"probability":0.783,"inBuffer":false,"facType":"substation"}},{"type":"Feature","geometry":{"type":"Point","coordinates":[-80.28019,25.84229]},"properties":{"probability":0.721,"inBuffer":false,"facType":"fire"}},{"type":"Feature","geometry":{"type":"Point","coordinates":[-80.2757,25.84229]},"properties":{"probability":0.723,"inBuffer":false,"facType":"hospital"}},{"type":"Feature","geometry":{"type":"Point","coordinates":[-80.27121,25.84229]},"properties":{"probability":0.816,"inBuffer":true,"facType":"hospital"}},{"type":"Feature","geometry":{"type":"Point","coordinates":[-80.26672,25.84229]},"properties":{"probability":0.81,"inBuffer":true,"facType":"hospital"}},{"type":"Feature","geometry":{"type":"Point","coordinates":[-80.26222,25.84229]},"properties":{"probability":0.752,"inBuffer":true,"facType":"hospital"}},{"type":"Feature","geometry":{"type":"Point","coordinates":[-80.25774,25.84229]},"properties":{"probability":0.749,"inBuffer":false,"facType":"substation"}},{"type":"Feature","geometry":{"type":"Point","coordinates":[-80.25324,25.84229]},"properties":{"probability":0.755,"inBuffer":false,"facType":"substation"}},{"type":"Feature","geometry":{"type":"Point","coordinates":[-80.24875,25.84229]},"properties":{"probability":0.742,"inBuffer":false,"facType":"police"}},{"type":"Feature","geometry":{"type":"Point","coordinates":[-80.24426,25.84229]},"properties":{"probability":0.745,"inBuffer":true,"facType":"government"}},{"type":"Feature","geometry":{"type":"Point","coordinates":[-80.23977,25.84229]},"properties":{"probability":0.739,"inBuffer":false,"facType":"substation"}},{"type":"Feature","geometry":{"type":"Point","coordinates":[-80.23528,25.84229]},"properties":{"probability":0.744,"inBuffer":false,"facType":"substation"}},{"type":"Feature","geometry":{"type":"Point","coordinates":[-80.23078,25.84229]},"properties":{"probability":0.743,"inBuffer":false,"facType":"substation"}},{"type":"Feature","geometry":{"type":"Point","coordinates":[-80.2263,25.84229]},"properties":{"probability":0.729,"inBuffer":false,"facType":"substation"}},{"type":"Feature","geometry":{"type":"Point","coordinates":[-80.2218,25.84229]},"properties":{"probability":0.724,"inBuffer":false,"facType":"police"}},{"type":"Feature","geometry":{"type":"Point","coordinates":[-80.21731,25.84229]},"properties":{"probability":0.728,"inBuffer":false,"facType":"police"}},{"type":"Feature","geometry":{"type":"Point","coordinates":[-80.21281,25.84229]},"properties":{"probability":0.743,"inBuffer":false,"facType":"substation"}},{"type":"Feature","geometry":{"type":"Point","coordinates":[-80.20833,25.84229]},"properties":{"probability":0.841,"inBuffer":true,"facType":"substation"}},{"type":"Feature","geometry":{"type":"Point","coordinates":[-80.20383,25.84229]},"properties":{"probability":0.822,"inBuffer":true,"facType":"substation"}},{"type":"Feature","geometry":{"type":"Point","coordinates":[-80.19934,25.84229]},"properties":{"probability":0.834,"inBuffer":true,"facType":"police"}},{"type":"Feature","geometry":{"type":"Point","coordinates":[-80.19485,25.84229]},"properties":{"probability":0.834,"inBuffer":false,"facType":"substation"}},{"type":"Feature","geometry":{"type":"Point","coordinates":[-80.19036,25.84229]},"properties":{"probability":0.841,"inBuffer":false,"facType":"substation"}},{"type":"Feature","geometry":{"type":"Point","coordinates":[-80.18587,25.84229]},"properties":{"probability":0.804,"inBuffer":true,"facType":"substation"}},{"type":"Feature","geometry":{"type":"Point","coordinates":[-80.18137,25.84229]},"properties":{"probability":0.704,"inBuffer":false,"facType":"police"}},{"type":"Feature","geometry":{"type":"Point","coordinates":[-80.17689,25.84229]},"properties":{"probability":0.65,"inBuffer":true,"facType":"fire"}},{"type":"Feature","geometry":{"type":"Point","coordinates":[-80.17239,25.84229]},"properties":{"probability":0.554,"inBuffer":true,"facType":"fire"}},{"type":"Feature","geometry":{"type":"Point","coordinates":[-80.1679,25.84229]},"properties":{"probability":0.316,"inBuffer":true,"facType":"police"}},{"type":"Feature","geometry":{"type":"Point","coordinates":[-80.16341,25.84229]},"properties":{"probability":0.279,"inBuffer":false,"facType":"police"}},{"type":"Feature","geometry":{"type":"Point","coordinates":[-80.15892,25.84229]},"properties":{"probability":0.544,"inBuffer":true,"facType":"police"}},{"type":"Feature","geometry":{"type":"Point","coordinates":[-80.15443,25.84229]},"properties":{"probability":0.525,"inBuffer":false,"facType":"police"}},{"type":"Feature","geometry":{"type":"Point","coordinates":[-80.14993,25.84229]},"properties":{"probability":0.642,"inBuffer":true,"facType":"police"}},{"type":"Feature","geometry":{"type":"Point","coordinates":[-80.14545,25.84229]},"properties":{"probability":0.329,"inBuffer":false,"facType":"police"}},{"type":"Feature","geometry":{"type":"Point","coordinates":[-80.14095,25.84229]},"properties":{"probability":0.257,"inBuffer":false,"facType":"police"}},{"type":"Feature","geometry":{"type":"Point","coordinates":[-80.13646,25.84229]},"properties":{"probability":0.343,"inBuffer":false,"facType":"police"}},{"type":"Feature","geometry":{"type":"Point","coordinates":[-80.13197,25.84229]},"properties":{"probability":0.507,"inBuffer":false,"facType":"government"}},{"type":"Feature","geometry":{"type":"Point","coordinates":[-80.12748,25.84229]},"properties":{"probability":0.641,"inBuffer":false,"facType":"fire"}},{"type":"Feature","geometry":{"type":"Point","coordinates":[-80.12299,25.84229]},"properties":{"probability":0.662,"inBuffer":false,"facType":"fire"}},{"type":"Feature","geometry":{"type":"Point","coordinates":[-80.11849,25.84229]},"properties":{"probability":0.61,"inBuffer":false,"facType":"fire"}},{"type":"Feature","geometry":{"type":"Point","coordinates":[-80.11401,25.84229]},"properties":{"probability":0.182,"inBuffer":false,"facType":"fire"}},{"type":"Feature","geometry":{"type":"Point","coordinates":[-80.35206,25.83779]},"properties":{"probability":0.536,"inBuffer":false,"facType":"substation"}},{"type":"Feature","geometry":{"type":"Point","coordinates":[-80.34756,25.83779]},"properties":{"probability":0.372,"inBuffer":false,"facType":"substation"}},{"type":"Feature","geometry":{"type":"Point","coordinates":[-80.34307,25.83779]},"properties":{"probability":0.475,"inBuffer":false,"facType":"substation"}},{"type":"Feature","geometry":{"type":"Point","coordinates":[-80.33858,25.83779]},"properties":{"probability":0.672,"inBuffer":false,"facType":"substation"}},{"type":"Feature","geometry":{"type":"Point","coordinates":[-80.33409,25.83779]},"properties":{"probability":0.729,"inBuffer":false,"facType":"substation"}},{"type":"Feature","geometry":{"type":"Point","coordinates":[-80.3296,25.83779]},"properties":{"probability":0.712,"inBuffer":false,"facType":"substation"}},{"type":"Feature","geometry":{"type":"Point","coordinates":[-80.3251,25.83779]},"properties":{"probability":0.705,"inBuffer":false,"facType":"police"}},{"type":"Feature","geometry":{"type":"Point","coordinates":[-80.32062,25.83779]},"properties":{"probability":0.814,"inBuffer":true,"facType":"police"}},{"type":"Feature","geometry":{"type":"Point","coordinates":[-80.31612,25.83779]},"properties":{"probability":0.808,"inBuffer":true,"facType":"police"}},{"type":"Feature","geometry":{"type":"Point","coordinates":[-80.31163,25.83779]},"properties":{"probability":0.788,"inBuffer":true,"facType":"substation"}},{"type":"Feature","geometry":{"type":"Point","coordinates":[-80.30714,25.83779]},"properties":{"probability":0.766,"inBuffer":false,"facType":"substation"}},{"type":"Feature","geometry":{"type":"Point","coordinates":[-80.30265,25.83779]},"properties":{"probability":0.749,"inBuffer":false,"facType":"substation"}},{"type":"Feature","geometry":{"type":"Point","coordinates":[-80.29816,25.83779]},"properties":{"probability":0.748,"inBuffer":true,"facType":"substation"}},{"type":"Feature","geometry":{"type":"Point","coordinates":[-80.29366,25.83779]},"properties":{"probability":0.761,"inBuffer":false,"facType":"substation"}},{"type":"Feature","geometry":{"type":"Point","coordinates":[-80.28918,25.83779]},"properties":{"probability":0.768,"inBuffer":false,"facType":"substation"}},{"type":"Feature","geometry":{"type":"Point","coordinates":[-80.28468,25.83779]},"properties":{"probability":0.779,"inBuffer":false,"facType":"water_works"}},{"type":"Feature","geometry":{"type":"Point","coordinates":[-80.28019,25.83779]},"properties":{"probability":0.775,"inBuffer":true,"facType":"fire"}},{"type":"Feature","geometry":{"type":"Point","coordinates":[-80.2757,25.83779]},"properties":{"probability":0.772,"inBuffer":true,"facType":"fire"}},{"type":"Feature","geometry":{"type":"Point","coordinates":[-80.27121,25.83779]},"properties":{"probability":0.764,"inBuffer":false,"facType":"fire"}},{"type":"Feature","geometry":{"type":"Point","coordinates":[-80.26672,25.83779]},"properties":{"probability":0.72,"inBuffer":false,"facType":"hospital"}},{"type":"Feature","geometry":{"type":"Point","coordinates":[-80.26222,25.83779]},"properties":{"probability":0.726,"inBuffer":false,"facType":"hospital"}},{"type":"Feature","geometry":{"type":"Point","coordinates":[-80.25774,25.83779]},"properties":{"probability":0.743,"inBuffer":false,"facType":"substation"}},{"type":"Feature","geometry":{"type":"Point","coordinates":[-80.25324,25.83779]},"properties":{"probability":0.742,"inBuffer":false,"facType":"substation"}},{"type":"Feature","geometry":{"type":"Point","coordinates":[-80.24875,25.83779]},"properties":{"probability":0.742,"inBuffer":false,"facType":"fire"}},{"type":"Feature","geometry":{"type":"Point","coordinates":[-80.24426,25.83779]},"properties":{"probability":0.732,"inBuffer":true,"facType":"fire"}},{"type":"Feature","geometry":{"type":"Point","coordinates":[-80.23977,25.83779]},"properties":{"probability":0.717,"inBuffer":true,"facType":"substation"}},{"type":"Feature","geometry":{"type":"Point","coordinates":[-80.23528,25.83779]},"properties":{"probability":0.712,"inBuffer":false,"facType":"substation"}},{"type":"Feature","geometry":{"type":"Point","coordinates":[-80.23078,25.83779]},"properties":{"probability":0.724,"inBuffer":false,"facType":"substation"}},{"type":"Feature","geometry":{"type":"Point","coordinates":[-80.2263,25.83779]},"properties":{"probability":0.733,"inBuffer":false,"facType":"substation"}},{"type":"Feature","geometry":{"type":"Point","coordinates":[-80.2218,25.83779]},"properties":{"probability":0.727,"inBuffer":false,"facType":"police"}},{"type":"Feature","geometry":{"type":"Point","coordinates":[-80.21731,25.83779]},"properties":{"probability":0.751,"inBuffer":false,"facType":"police"}},{"type":"Feature","geometry":{"type":"Point","coordinates":[-80.21281,25.83779]},"properties":{"probability":0.769,"inBuffer":true,"facType":"police"}},{"type":"Feature","geometry":{"type":"Point","coordinates":[-80.20833,25.83779]},"properties":{"probability":0.837,"inBuffer":true,"facType":"substation"}},{"type":"Feature","geometry":{"type":"Point","coordinates":[-80.20383,25.83779]},"properties":{"probability":0.785,"inBuffer":true,"facType":"police"}},{"type":"Feature","geometry":{"type":"Point","coordinates":[-80.19934,25.83779]},"properties":{"probability":0.812,"inBuffer":true,"facType":"police"}},{"type":"Feature","geometry":{"type":"Point","coordinates":[-80.19485,25.83779]},"properties":{"probability":0.834,"inBuffer":true,"facType":"fire"}},{"type":"Feature","geometry":{"type":"Point","coordinates":[-80.19036,25.83779]},"properties":{"probability":0.839,"inBuffer":true,"facType":"police"}},{"type":"Feature","geometry":{"type":"Point","coordinates":[-80.18587,25.83779]},"properties":{"probability":0.777,"inBuffer":true,"facType":"police"}},{"type":"Feature","geometry":{"type":"Point","coordinates":[-80.18137,25.83779]},"properties":{"probability":0.68,"inBuffer":true,"facType":"police"}},{"type":"Feature","geometry":{"type":"Point","coordinates":[-80.17689,25.83779]},"properties":{"probability":0.509,"inBuffer":false,"facType":"police"}},{"type":"Feature","geometry":{"type":"Point","coordinates":[-80.17239,25.83779]},"properties":{"probability":0.302,"inBuffer":false,"facType":"fire"}},{"type":"Feature","geometry":{"type":"Point","coordinates":[-80.1679,25.83779]},"properties":{"probability":0.204,"inBuffer":false,"facType":"police"}},{"type":"Feature","geometry":{"type":"Point","coordinates":[-80.16341,25.83779]},"properties":{"probability":0.221,"inBuffer":false,"facType":"police"}},{"type":"Feature","geometry":{"type":"Point","coordinates":[-80.15892,25.83779]},"properties":{"probability":0.195,"inBuffer":false,"facType":"police"}},{"type":"Feature","geometry":{"type":"Point","coordinates":[-80.15443,25.83779]},"properties":{"probability":0.194,"inBuffer":false,"facType":"police"}},{"type":"Feature","geometry":{"type":"Point","coordinates":[-80.14993,25.83779]},"properties":{"probability":0.271,"inBuffer":false,"facType":"police"}},{"type":"Feature","geometry":{"type":"Point","coordinates":[-80.14545,25.83779]},"properties":{"probability":0.193,"inBuffer":false,"facType":"police"}},{"type":"Feature","geometry":{"type":"Point","coordinates":[-80.14095,25.83779]},"properties":{"probability":0.202,"inBuffer":false,"facType":"police"}},{"type":"Feature","geometry":{"type":"Point","coordinates":[-80.13646,25.83779]},"properties":{"probability":0.308,"inBuffer":false,"facType":"fire"}},{"type":"Feature","geometry":{"type":"Point","coordinates":[-80.13197,25.83779]},"properties":{"probability":0.484,"inBuffer":false,"facType":"fire"}},{"type":"Feature","geometry":{"type":"Point","coordinates":[-80.12748,25.83779]},"properties":{"probability":0.569,"inBuffer":false,"facType":"fire"}},{"type":"Feature","geometry":{"type":"Point","coordinates":[-80.12299,25.83779]},"properties":{"probability":0.639,"inBuffer":true,"facType":"fire"}},{"type":"Feature","geometry":{"type":"Point","coordinates":[-80.11849,25.83779]},"properties":{"probability":0.5,"inBuffer":false,"facType":"fire"}},{"type":"Feature","geometry":{"type":"Point","coordinates":[-80.11401,25.83779]},"properties":{"probability":0.209,"inBuffer":false,"facType":"fire"}},{"type":"Feature","geometry":{"type":"Point","coordinates":[-80.35206,25.8333]},"properties":{"probability":0.59,"inBuffer":true,"facType":"substation"}},{"type":"Feature","geometry":{"type":"Point","coordinates":[-80.34756,25.8333]},"properties":{"probability":0.375,"inBuffer":false,"facType":"substation"}},{"type":"Feature","geometry":{"type":"Point","coordinates":[-80.34307,25.8333]},"properties":{"probability":0.503,"inBuffer":false,"facType":"substation"}},{"type":"Feature","geometry":{"type":"Point","coordinates":[-80.33858,25.8333]},"properties":{"probability":0.684,"inBuffer":false,"facType":"substation"}},{"type":"Feature","geometry":{"type":"Point","coordinates":[-80.33409,25.8333]},"properties":{"probability":0.721,"inBuffer":false,"facType":"substation"}},{"type":"Feature","geometry":{"type":"Point","coordinates":[-80.3296,25.8333]},"properties":{"probability":0.744,"inBuffer":false,"facType":"substation"}},{"type":"Feature","geometry":{"type":"Point","coordinates":[-80.3251,25.8333]},"properties":{"probability":0.772,"inBuffer":false,"facType":"substation"}},{"type":"Feature","geometry":{"type":"Point","coordinates":[-80.32062,25.8333]},"properties":{"probability":0.767,"inBuffer":false,"facType":"substation"}},{"type":"Feature","geometry":{"type":"Point","coordinates":[-80.31612,25.8333]},"properties":{"probability":0.79,"inBuffer":false,"facType":"substation"}},{"type":"Feature","geometry":{"type":"Point","coordinates":[-80.31163,25.8333]},"properties":{"probability":0.778,"inBuffer":false,"facType":"substation"}},{"type":"Feature","geometry":{"type":"Point","coordinates":[-80.30714,25.8333]},"properties":{"probability":0.716,"inBuffer":false,"facType":"substation"}},{"type":"Feature","geometry":{"type":"Point","coordinates":[-80.30265,25.8333]},"properties":{"probability":0.631,"inBuffer":false,"facType":"substation"}},{"type":"Feature","geometry":{"type":"Point","coordinates":[-80.29816,25.8333]},"properties":{"probability":0.648,"inBuffer":false,"facType":"substation"}},{"type":"Feature","geometry":{"type":"Point","coordinates":[-80.29366,25.8333]},"properties":{"probability":0.713,"inBuffer":false,"facType":"water_works"}},{"type":"Feature","geometry":{"type":"Point","coordinates":[-80.28918,25.8333]},"properties":{"probability":0.719,"inBuffer":false,"facType":"water_works"}},{"type":"Feature","geometry":{"type":"Point","coordinates":[-80.28468,25.8333]},"properties":{"probability":0.831,"inBuffer":true,"facType":"water_works"}},{"type":"Feature","geometry":{"type":"Point","coordinates":[-80.28019,25.8333]},"properties":{"probability":0.833,"inBuffer":true,"facType":"fire"}},{"type":"Feature","geometry":{"type":"Point","coordinates":[-80.2757,25.8333]},"properties":{"probability":0.795,"inBuffer":true,"facType":"fire"}},{"type":"Feature","geometry":{"type":"Point","coordinates":[-80.27121,25.8333]},"properties":{"probability":0.742,"inBuffer":true,"facType":"fire"}},{"type":"Feature","geometry":{"type":"Point","coordinates":[-80.26672,25.8333]},"properties":{"probability":0.744,"inBuffer":false,"facType":"fire"}},{"type":"Feature","geometry":{"type":"Point","coordinates":[-80.26222,25.8333]},"properties":{"probability":0.775,"inBuffer":false,"facType":"substation"}},{"type":"Feature","geometry":{"type":"Point","coordinates":[-80.25774,25.8333]},"properties":{"probability":0.779,"inBuffer":false,"facType":"substation"}},{"type":"Feature","geometry":{"type":"Point","coordinates":[-80.25324,25.8333]},"properties":{"probability":0.781,"inBuffer":false,"facType":"substation"}},{"type":"Feature","geometry":{"type":"Point","coordinates":[-80.24875,25.8333]},"properties":{"probability":0.771,"inBuffer":true,"facType":"government"}},{"type":"Feature","geometry":{"type":"Point","coordinates":[-80.24426,25.8333]},"properties":{"probability":0.792,"inBuffer":true,"facType":"fire"}},{"type":"Feature","geometry":{"type":"Point","coordinates":[-80.23977,25.8333]},"properties":{"probability":0.778,"inBuffer":true,"facType":"fire"}},{"type":"Feature","geometry":{"type":"Point","coordinates":[-80.23528,25.8333]},"properties":{"probability":0.734,"inBuffer":true,"facType":"substation"}},{"type":"Feature","geometry":{"type":"Point","coordinates":[-80.23078,25.8333]},"properties":{"probability":0.719,"inBuffer":false,"facType":"substation"}},{"type":"Feature","geometry":{"type":"Point","coordinates":[-80.2263,25.8333]},"properties":{"probability":0.738,"inBuffer":false,"facType":"substation"}},{"type":"Feature","geometry":{"type":"Point","coordinates":[-80.2218,25.8333]},"properties":{"probability":0.755,"inBuffer":false,"facType":"police"}},{"type":"Feature","geometry":{"type":"Point","coordinates":[-80.21731,25.8333]},"properties":{"probability":0.756,"inBuffer":true,"facType":"police"}},{"type":"Feature","geometry":{"type":"Point","coordinates":[-80.21281,25.8333]},"properties":{"probability":0.766,"inBuffer":true,"facType":"police"}},{"type":"Feature","geometry":{"type":"Point","coordinates":[-80.20833,25.8333]},"properties":{"probability":0.801,"inBuffer":true,"facType":"police"}},{"type":"Feature","geometry":{"type":"Point","coordinates":[-80.20383,25.8333]},"properties":{"probability":0.755,"inBuffer":true,"facType":"police"}},{"type":"Feature","geometry":{"type":"Point","coordinates":[-80.19934,25.8333]},"properties":{"probability":0.767,"inBuffer":true,"facType":"police"}},{"type":"Feature","geometry":{"type":"Point","coordinates":[-80.19485,25.8333]},"properties":{"probability":0.796,"inBuffer":true,"facType":"fire"}},{"type":"Feature","geometry":{"type":"Point","coordinates":[-80.19036,25.8333]},"properties":{"probability":0.801,"inBuffer":true,"facType":"fire"}},{"type":"Feature","geometry":{"type":"Point","coordinates":[-80.18587,25.8333]},"properties":{"probability":0.745,"inBuffer":true,"facType":"police"}},{"type":"Feature","geometry":{"type":"Point","coordinates":[-80.18137,25.8333]},"properties":{"probability":0.667,"inBuffer":true,"facType":"police"}},{"type":"Feature","geometry":{"type":"Point","coordinates":[-80.17689,25.8333]},"properties":{"probability":0.398,"inBuffer":false,"facType":"police"}},{"type":"Feature","geometry":{"type":"Point","coordinates":[-80.17239,25.8333]},"properties":{"probability":0.217,"inBuffer":false,"facType":"police"}},{"type":"Feature","geometry":{"type":"Point","coordinates":[-80.1679,25.8333]},"properties":{"probability":0.186,"inBuffer":false,"facType":"police"}},{"type":"Feature","geometry":{"type":"Point","coordinates":[-80.16341,25.8333]},"properties":{"probability":0.173,"inBuffer":false,"facType":"police"}},{"type":"Feature","geometry":{"type":"Point","coordinates":[-80.15892,25.8333]},"properties":{"probability":0.192,"inBuffer":false,"facType":"police"}},{"type":"Feature","geometry":{"type":"Point","coordinates":[-80.14993,25.8333]},"properties":{"probability":0.167,"inBuffer":false,"facType":"police"}},{"type":"Feature","geometry":{"type":"Point","coordinates":[-80.14545,25.8333]},"properties":{"probability":0.168,"inBuffer":false,"facType":"police"}},{"type":"Feature","geometry":{"type":"Point","coordinates":[-80.14095,25.8333]},"properties":{"probability":0.18,"inBuffer":false,"facType":"police"}},{"type":"Feature","geometry":{"type":"Point","coordinates":[-80.13646,25.8333]},"properties":{"probability":0.235,"inBuffer":false,"facType":"fire"}},{"type":"Feature","geometry":{"type":"Point","coordinates":[-80.13197,25.8333]},"properties":{"probability":0.497,"inBuffer":false,"facType":"fire"}},{"type":"Feature","geometry":{"type":"Point","coordinates":[-80.12748,25.8333]},"properties":{"probability":0.62,"inBuffer":true,"facType":"fire"}},{"type":"Feature","geometry":{"type":"Point","coordinates":[-80.12299,25.8333]},"properties":{"probability":0.654,"inBuffer":true,"facType":"fire"}},{"type":"Feature","geometry":{"type":"Point","coordinates":[-80.11849,25.8333]},"properties":{"probability":0.483,"inBuffer":true,"facType":"fire"}},{"type":"Feature","geometry":{"type":"Point","coordinates":[-80.11401,25.8333]},"properties":{"probability":0.188,"inBuffer":false,"facType":"fire"}},{"type":"Feature","geometry":{"type":"Point","coordinates":[-80.10951,25.8333]},"properties":{"probability":0.221,"inBuffer":false,"facType":"fire"}},{"type":"Feature","geometry":{"type":"Point","coordinates":[-80.35206,25.82881]},"properties":{"probability":0.61,"inBuffer":true,"facType":"police"}},{"type":"Feature","geometry":{"type":"Point","coordinates":[-80.34756,25.82881]},"properties":{"probability":0.557,"inBuffer":true,"facType":"police"}},{"type":"Feature","geometry":{"type":"Point","coordinates":[-80.34307,25.82881]},"properties":{"probability":0.631,"inBuffer":false,"facType":"police"}},{"type":"Feature","geometry":{"type":"Point","coordinates":[-80.33858,25.82881]},"properties":{"probability":0.699,"inBuffer":false,"facType":"substation"}},{"type":"Feature","geometry":{"type":"Point","coordinates":[-80.33409,25.82881]},"properties":{"probability":0.727,"inBuffer":false,"facType":"substation"}},{"type":"Feature","geometry":{"type":"Point","coordinates":[-80.3296,25.82881]},"properties":{"probability":0.774,"inBuffer":false,"facType":"substation"}},{"type":"Feature","geometry":{"type":"Point","coordinates":[-80.3251,25.82881]},"properties":{"probability":0.778,"inBuffer":false,"facType":"substation"}},{"type":"Feature","geometry":{"type":"Point","coordinates":[-80.32062,25.82881]},"properties":{"probability":0.782,"inBuffer":false,"facType":"substation"}},{"type":"Feature","geometry":{"type":"Point","coordinates":[-80.31612,25.82881]},"properties":{"probability":0.8,"inBuffer":false,"facType":"substation"}},{"type":"Feature","geometry":{"type":"Point","coordinates":[-80.31163,25.82881]},"properties":{"probability":0.769,"inBuffer":false,"facType":"substation"}},{"type":"Feature","geometry":{"type":"Point","coordinates":[-80.30714,25.82881]},"properties":{"probability":0.705,"inBuffer":false,"facType":"substation"}},{"type":"Feature","geometry":{"type":"Point","coordinates":[-80.30265,25.82881]},"properties":{"probability":0.581,"inBuffer":false,"facType":"substation"}},{"type":"Feature","geometry":{"type":"Point","coordinates":[-80.29816,25.82881]},"properties":{"probability":0.582,"inBuffer":false,"facType":"water_works"}},{"type":"Feature","geometry":{"type":"Point","coordinates":[-80.29366,25.82881]},"properties":{"probability":0.663,"inBuffer":false,"facType":"water_works"}},{"type":"Feature","geometry":{"type":"Point","coordinates":[-80.28918,25.82881]},"properties":{"probability":0.716,"inBuffer":false,"facType":"water_works"}},{"type":"Feature","geometry":{"type":"Point","coordinates":[-80.28468,25.82881]},"properties":{"probability":0.83,"inBuffer":true,"facType":"substation"}},{"type":"Feature","geometry":{"type":"Point","coordinates":[-80.28019,25.82881]},"properties":{"probability":0.842,"inBuffer":true,"facType":"fire"}},{"type":"Feature","geometry":{"type":"Point","coordinates":[-80.2757,25.82881]},"properties":{"probability":0.839,"inBuffer":true,"facType":"fire"}},{"type":"Feature","geometry":{"type":"Point","coordinates":[-80.27121,25.82881]},"properties":{"probability":0.799,"inBuffer":true,"facType":"fire"}},{"type":"Feature","geometry":{"type":"Point","coordinates":[-80.26672,25.82881]},"properties":{"probability":0.79,"inBuffer":false,"facType":"substation"}},{"type":"Feature","geometry":{"type":"Point","coordinates":[-80.26222,25.82881]},"properties":{"probability":0.761,"inBuffer":false,"facType":"substation"}},{"type":"Feature","geometry":{"type":"Point","coordinates":[-80.25774,25.82881]},"properties":{"probability":0.751,"inBuffer":false,"facType":"substation"}},{"type":"Feature","geometry":{"type":"Point","coordinates":[-80.25324,25.82881]},"properties":{"probability":0.73,"inBuffer":false,"facType":"substation"}},{"type":"Feature","geometry":{"type":"Point","coordinates":[-80.24875,25.82881]},"properties":{"probability":0.72,"inBuffer":false,"facType":"government"}},{"type":"Feature","geometry":{"type":"Point","coordinates":[-80.24426,25.82881]},"properties":{"probability":0.755,"inBuffer":true,"facType":"government"}},{"type":"Feature","geometry":{"type":"Point","coordinates":[-80.23977,25.82881]},"properties":{"probability":0.771,"inBuffer":true,"facType":"government"}},{"type":"Feature","geometry":{"type":"Point","coordinates":[-80.23528,25.82881]},"properties":{"probability":0.729,"inBuffer":false,"facType":"government"}},{"type":"Feature","geometry":{"type":"Point","coordinates":[-80.23078,25.82881]},"properties":{"probability":0.726,"inBuffer":false,"facType":"substation"}},{"type":"Feature","geometry":{"type":"Point","coordinates":[-80.2263,25.82881]},"properties":{"probability":0.74,"inBuffer":false,"facType":"police"}},{"type":"Feature","geometry":{"type":"Point","coordinates":[-80.2218,25.82881]},"properties":{"probability":0.75,"inBuffer":false,"facType":"police"}},{"type":"Feature","geometry":{"type":"Point","coordinates":[-80.21731,25.82881]},"properties":{"probability":0.755,"inBuffer":true,"facType":"police"}},{"type":"Feature","geometry":{"type":"Point","coordinates":[-80.21281,25.82881]},"properties":{"probability":0.761,"inBuffer":true,"facType":"police"}},{"type":"Feature","geometry":{"type":"Point","coordinates":[-80.20833,25.82881]},"properties":{"probability":0.782,"inBuffer":true,"facType":"police"}},{"type":"Feature","geometry":{"type":"Point","coordinates":[-80.20383,25.82881]},"properties":{"probability":0.757,"inBuffer":true,"facType":"police"}},{"type":"Feature","geometry":{"type":"Point","coordinates":[-80.19934,25.82881]},"properties":{"probability":0.775,"inBuffer":true,"facType":"police"}},{"type":"Feature","geometry":{"type":"Point","coordinates":[-80.19485,25.82881]},"properties":{"probability":0.83,"inBuffer":true,"facType":"fire"}},{"type":"Feature","geometry":{"type":"Point","coordinates":[-80.19036,25.82881]},"properties":{"probability":0.794,"inBuffer":true,"facType":"hospital"}},{"type":"Feature","geometry":{"type":"Point","coordinates":[-80.18587,25.82881]},"properties":{"probability":0.722,"inBuffer":false,"facType":"police"}},{"type":"Feature","geometry":{"type":"Point","coordinates":[-80.18137,25.82881]},"properties":{"probability":0.631,"inBuffer":false,"facType":"police"}},{"type":"Feature","geometry":{"type":"Point","coordinates":[-80.17689,25.82881]},"properties":{"probability":0.292,"inBuffer":false,"facType":"police"}},{"type":"Feature","geometry":{"type":"Point","coordinates":[-80.17239,25.82881]},"properties":{"probability":0.223,"inBuffer":false,"facType":"police"}},{"type":"Feature","geometry":{"type":"Point","coordinates":[-80.1679,25.82881]},"properties":{"probability":0.178,"inBuffer":false,"facType":"police"}},{"type":"Feature","geometry":{"type":"Point","coordinates":[-80.16341,25.82881]},"properties":{"probability":0.16,"inBuffer":false,"facType":"police"}},{"type":"Feature","geometry":{"type":"Point","coordinates":[-80.15892,25.82881]},"properties":{"probability":0.177,"inBuffer":false,"facType":"police"}},{"type":"Feature","geometry":{"type":"Point","coordinates":[-80.14993,25.82881]},"properties":{"probability":0.167,"inBuffer":false,"facType":"hospital"}},{"type":"Feature","geometry":{"type":"Point","coordinates":[-80.14545,25.82881]},"properties":{"probability":0.183,"inBuffer":false,"facType":"hospital"}},{"type":"Feature","geometry":{"type":"Point","coordinates":[-80.14095,25.82881]},"properties":{"probability":0.304,"inBuffer":false,"facType":"hospital"}},{"type":"Feature","geometry":{"type":"Point","coordinates":[-80.13646,25.82881]},"properties":{"probability":0.351,"inBuffer":false,"facType":"fire"}},{"type":"Feature","geometry":{"type":"Point","coordinates":[-80.13197,25.82881]},"properties":{"probability":0.624,"inBuffer":false,"facType":"fire"}},{"type":"Feature","geometry":{"type":"Point","coordinates":[-80.12748,25.82881]},"properties":{"probability":0.685,"inBuffer":true,"facType":"fire"}},{"type":"Feature","geometry":{"type":"Point","coordinates":[-80.12299,25.82881]},"properties":{"probability":0.685,"inBuffer":true,"facType":"fire"}},{"type":"Feature","geometry":{"type":"Point","coordinates":[-80.11849,25.82881]},"properties":{"probability":0.496,"inBuffer":true,"facType":"fire"}},{"type":"Feature","geometry":{"type":"Point","coordinates":[-80.11401,25.82881]},"properties":{"probability":0.182,"inBuffer":false,"facType":"fire"}},{"type":"Feature","geometry":{"type":"Point","coordinates":[-80.10951,25.82881]},"properties":{"probability":0.288,"inBuffer":false,"facType":"fire"}},{"type":"Feature","geometry":{"type":"Point","coordinates":[-80.35206,25.82432]},"properties":{"probability":0.513,"inBuffer":true,"facType":"fire"}},{"type":"Feature","geometry":{"type":"Point","coordinates":[-80.34756,25.82432]},"properties":{"probability":0.516,"inBuffer":true,"facType":"police"}},{"type":"Feature","geometry":{"type":"Point","coordinates":[-80.34307,25.82432]},"properties":{"probability":0.582,"inBuffer":false,"facType":"police"}},{"type":"Feature","geometry":{"type":"Point","coordinates":[-80.33858,25.82432]},"properties":{"probability":0.655,"inBuffer":false,"facType":"government"}},{"type":"Feature","geometry":{"type":"Point","coordinates":[-80.33409,25.82432]},"properties":{"probability":0.728,"inBuffer":true,"facType":"government"}},{"type":"Feature","geometry":{"type":"Point","coordinates":[-80.3296,25.82432]},"properties":{"probability":0.744,"inBuffer":true,"facType":"police"}},{"type":"Feature","geometry":{"type":"Point","coordinates":[-80.3251,25.82432]},"properties":{"probability":0.778,"inBuffer":false,"facType":"police"}},{"type":"Feature","geometry":{"type":"Point","coordinates":[-80.32062,25.82432]},"properties":{"probability":0.791,"inBuffer":false,"facType":"government"}},{"type":"Feature","geometry":{"type":"Point","coordinates":[-80.31612,25.82432]},"properties":{"probability":0.78,"inBuffer":false,"facType":"substation"}},{"type":"Feature","geometry":{"type":"Point","coordinates":[-80.31163,25.82432]},"properties":{"probability":0.705,"inBuffer":false,"facType":"substation"}},{"type":"Feature","geometry":{"type":"Point","coordinates":[-80.30714,25.82432]},"properties":{"probability":0.688,"inBuffer":false,"facType":"substation"}},{"type":"Feature","geometry":{"type":"Point","coordinates":[-80.30265,25.82432]},"properties":{"probability":0.626,"inBuffer":false,"facType":"substation"}},{"type":"Feature","geometry":{"type":"Point","coordinates":[-80.29816,25.82432]},"properties":{"probability":0.58,"inBuffer":false,"facType":"water_works"}},{"type":"Feature","geometry":{"type":"Point","coordinates":[-80.29366,25.82432]},"properties":{"probability":0.575,"inBuffer":false,"facType":"water_works"}},{"type":"Feature","geometry":{"type":"Point","coordinates":[-80.28918,25.82432]},"properties":{"probability":0.65,"inBuffer":true,"facType":"water_works"}},{"type":"Feature","geometry":{"type":"Point","coordinates":[-80.28468,25.82432]},"properties":{"probability":0.753,"inBuffer":true,"facType":"fire"}},{"type":"Feature","geometry":{"type":"Point","coordinates":[-80.28019,25.82432]},"properties":{"probability":0.838,"inBuffer":true,"facType":"police"}},{"type":"Feature","geometry":{"type":"Point","coordinates":[-80.2757,25.82432]},"properties":{"probability":0.833,"inBuffer":true,"facType":"fire"}},{"type":"Feature","geometry":{"type":"Point","coordinates":[-80.27121,25.82432]},"properties":{"probability":0.793,"inBuffer":false,"facType":"fire"}},{"type":"Feature","geometry":{"type":"Point","coordinates":[-80.26672,25.82432]},"properties":{"probability":0.783,"inBuffer":false,"facType":"hospital"}},{"type":"Feature","geometry":{"type":"Point","coordinates":[-80.26222,25.82432]},"properties":{"probability":0.744,"inBuffer":false,"facType":"substation"}},{"type":"Feature","geometry":{"type":"Point","coordinates":[-80.25774,25.82432]},"properties":{"probability":0.73,"inBuffer":false,"facType":"substation"}},{"type":"Feature","geometry":{"type":"Point","coordinates":[-80.25324,25.82432]},"properties":{"probability":0.723,"inBuffer":false,"facType":"substation"}},{"type":"Feature","geometry":{"type":"Point","coordinates":[-80.24875,25.82432]},"properties":{"probability":0.721,"inBuffer":false,"facType":"substation"}},{"type":"Feature","geometry":{"type":"Point","coordinates":[-80.24426,25.82432]},"properties":{"probability":0.743,"inBuffer":false,"facType":"government"}},{"type":"Feature","geometry":{"type":"Point","coordinates":[-80.23977,25.82432]},"properties":{"probability":0.779,"inBuffer":false,"facType":"government"}},{"type":"Feature","geometry":{"type":"Point","coordinates":[-80.23528,25.82432]},"properties":{"probability":0.76,"inBuffer":false,"facType":"government"}},{"type":"Feature","geometry":{"type":"Point","coordinates":[-80.23078,25.82432]},"properties":{"probability":0.728,"inBuffer":false,"facType":"fire"}},{"type":"Feature","geometry":{"type":"Point","coordinates":[-80.2263,25.82432]},"properties":{"probability":0.74,"inBuffer":false,"facType":"fire"}},{"type":"Feature","geometry":{"type":"Point","coordinates":[-80.2218,25.82432]},"properties":{"probability":0.767,"inBuffer":false,"facType":"fire"}},{"type":"Feature","geometry":{"type":"Point","coordinates":[-80.21731,25.82432]},"properties":{"probability":0.771,"inBuffer":false,"facType":"fire"}},{"type":"Feature","geometry":{"type":"Point","coordinates":[-80.21281,25.82432]},"properties":{"probability":0.766,"inBuffer":false,"facType":"police"}},{"type":"Feature","geometry":{"type":"Point","coordinates":[-80.20833,25.82432]},"properties":{"probability":0.761,"inBuffer":false,"facType":"police"}},{"type":"Feature","geometry":{"type":"Point","coordinates":[-80.20383,25.82432]},"properties":{"probability":0.74,"inBuffer":false,"facType":"police"}},{"type":"Feature","geometry":{"type":"Point","coordinates":[-80.19934,25.82432]},"properties":{"probability":0.768,"inBuffer":true,"facType":"hospital"}},{"type":"Feature","geometry":{"type":"Point","coordinates":[-80.19485,25.82432]},"properties":{"probability":0.787,"inBuffer":true,"facType":"hospital"}},{"type":"Feature","geometry":{"type":"Point","coordinates":[-80.19036,25.82432]},"properties":{"probability":0.763,"inBuffer":true,"facType":"hospital"}},{"type":"Feature","geometry":{"type":"Point","coordinates":[-80.18587,25.82432]},"properties":{"probability":0.724,"inBuffer":true,"facType":"hospital"}},{"type":"Feature","geometry":{"type":"Point","coordinates":[-80.18137,25.82432]},"properties":{"probability":0.611,"inBuffer":false,"facType":"hospital"}},{"type":"Feature","geometry":{"type":"Point","coordinates":[-80.17689,25.82432]},"properties":{"probability":0.355,"inBuffer":false,"facType":"police"}},{"type":"Feature","geometry":{"type":"Point","coordinates":[-80.17239,25.82432]},"properties":{"probability":0.269,"inBuffer":false,"facType":"police"}},{"type":"Feature","geometry":{"type":"Point","coordinates":[-80.1679,25.82432]},"properties":{"probability":0.242,"inBuffer":false,"facType":"police"}},{"type":"Feature","geometry":{"type":"Point","coordinates":[-80.16341,25.82432]},"properties":{"probability":0.166,"inBuffer":false,"facType":"police"}},{"type":"Feature","geometry":{"type":"Point","coordinates":[-80.15892,25.82432]},"properties":{"probability":0.168,"inBuffer":false,"facType":"hospital"}},{"type":"Feature","geometry":{"type":"Point","coordinates":[-80.14993,25.82432]},"properties":{"probability":0.196,"inBuffer":false,"facType":"hospital"}},{"type":"Feature","geometry":{"type":"Point","coordinates":[-80.14545,25.82432]},"properties":{"probability":0.215,"inBuffer":false,"facType":"hospital"}},{"type":"Feature","geometry":{"type":"Point","coordinates":[-80.14095,25.82432]},"properties":{"probability":0.341,"inBuffer":false,"facType":"hospital"}},{"type":"Feature","geometry":{"type":"Point","coordinates":[-80.13646,25.82432]},"properties":{"probability":0.609,"inBuffer":false,"facType":"hospital"}},{"type":"Feature","geometry":{"type":"Point","coordinates":[-80.13197,25.82432]},"properties":{"probability":0.657,"inBuffer":false,"facType":"hospital"}},{"type":"Feature","geometry":{"type":"Point","coordinates":[-80.12748,25.82432]},"properties":{"probability":0.676,"inBuffer":false,"facType":"fire"}},{"type":"Feature","geometry":{"type":"Point","coordinates":[-80.12299,25.82432]},"properties":{"probability":0.667,"inBuffer":false,"facType":"fire"}},{"type":"Feature","geometry":{"type":"Point","coordinates":[-80.11849,25.82432]},"properties":{"probability":0.595,"inBuffer":false,"facType":"fire"}},{"type":"Feature","geometry":{"type":"Point","coordinates":[-80.11401,25.82432]},"properties":{"probability":0.179,"inBuffer":false,"facType":"fire"}},{"type":"Feature","geometry":{"type":"Point","coordinates":[-80.35206,25.81983]},"properties":{"probability":0.573,"inBuffer":true,"facType":"fire"}},{"type":"Feature","geometry":{"type":"Point","coordinates":[-80.34756,25.81983]},"properties":{"probability":0.447,"inBuffer":false,"facType":"police"}},{"type":"Feature","geometry":{"type":"Point","coordinates":[-80.34307,25.81983]},"properties":{"probability":0.527,"inBuffer":false,"facType":"government"}},{"type":"Feature","geometry":{"type":"Point","coordinates":[-80.33858,25.81983]},"properties":{"probability":0.659,"inBuffer":true,"facType":"government"}},{"type":"Feature","geometry":{"type":"Point","coordinates":[-80.33409,25.81983]},"properties":{"probability":0.693,"inBuffer":true,"facType":"government"}},{"type":"Feature","geometry":{"type":"Point","coordinates":[-80.3296,25.81983]},"properties":{"probability":0.72,"inBuffer":true,"facType":"police"}},{"type":"Feature","geometry":{"type":"Point","coordinates":[-80.3251,25.81983]},"properties":{"probability":0.787,"inBuffer":true,"facType":"government"}},{"type":"Feature","geometry":{"type":"Point","coordinates":[-80.32062,25.81983]},"properties":{"probability":0.804,"inBuffer":false,"facType":"government"}},{"type":"Feature","geometry":{"type":"Point","coordinates":[-80.31612,25.81983]},"properties":{"probability":0.755,"inBuffer":false,"facType":"government"}},{"type":"Feature","geometry":{"type":"Point","coordinates":[-80.31163,25.81983]},"properties":{"probability":0.707,"inBuffer":false,"facType":"government"}},{"type":"Feature","geometry":{"type":"Point","coordinates":[-80.30714,25.81983]},"properties":{"probability":0.652,"inBuffer":false,"facType":"government"}},{"type":"Feature","geometry":{"type":"Point","coordinates":[-80.30265,25.81983]},"properties":{"probability":0.614,"inBuffer":false,"facType":"government"}},{"type":"Feature","geometry":{"type":"Point","coordinates":[-80.29816,25.81983]},"properties":{"probability":0.558,"inBuffer":false,"facType":"government"}},{"type":"Feature","geometry":{"type":"Point","coordinates":[-80.29366,25.81983]},"properties":{"probability":0.496,"inBuffer":false,"facType":"police"}},{"type":"Feature","geometry":{"type":"Point","coordinates":[-80.28918,25.81983]},"properties":{"probability":0.634,"inBuffer":true,"facType":"police"}},{"type":"Feature","geometry":{"type":"Point","coordinates":[-80.28468,25.81983]},"properties":{"probability":0.69,"inBuffer":true,"facType":"police"}},{"type":"Feature","geometry":{"type":"Point","coordinates":[-80.28019,25.81983]},"properties":{"probability":0.689,"inBuffer":true,"facType":"hospital"}},{"type":"Feature","geometry":{"type":"Point","coordinates":[-80.2757,25.81983]},"properties":{"probability":0.713,"inBuffer":true,"facType":"police"}},{"type":"Feature","geometry":{"type":"Point","coordinates":[-80.27121,25.81983]},"properties":{"probability":0.744,"inBuffer":true,"facType":"hospital"}},{"type":"Feature","geometry":{"type":"Point","coordinates":[-80.26672,25.81983]},"properties":{"probability":0.747,"inBuffer":true,"facType":"hospital"}},{"type":"Feature","geometry":{"type":"Point","coordinates":[-80.26222,25.81983]},"properties":{"probability":0.732,"inBuffer":true,"facType":"hospital"}},{"type":"Feature","geometry":{"type":"Point","coordinates":[-80.25774,25.81983]},"properties":{"probability":0.741,"inBuffer":false,"facType":"substation"}},{"type":"Feature","geometry":{"type":"Point","coordinates":[-80.25324,25.81983]},"properties":{"probability":0.733,"inBuffer":false,"facType":"substation"}},{"type":"Feature","geometry":{"type":"Point","coordinates":[-80.24875,25.81983]},"properties":{"probability":0.715,"inBuffer":false,"facType":"substation"}},{"type":"Feature","geometry":{"type":"Point","coordinates":[-80.24426,25.81983]},"properties":{"probability":0.719,"inBuffer":false,"facType":"government"}},{"type":"Feature","geometry":{"type":"Point","coordinates":[-80.23977,25.81983]},"properties":{"probability":0.754,"inBuffer":false,"facType":"government"}},{"type":"Feature","geometry":{"type":"Point","coordinates":[-80.23528,25.81983]},"properties":{"probability":0.744,"inBuffer":false,"facType":"fire"}},{"type":"Feature","geometry":{"type":"Point","coordinates":[-80.23078,25.81983]},"properties":{"probability":0.719,"inBuffer":false,"facType":"fire"}},{"type":"Feature","geometry":{"type":"Point","coordinates":[-80.2263,25.81983]},"properties":{"probability":0.738,"inBuffer":true,"facType":"fire"}},{"type":"Feature","geometry":{"type":"Point","coordinates":[-80.2218,25.81983]},"properties":{"probability":0.754,"inBuffer":true,"facType":"fire"}},{"type":"Feature","geometry":{"type":"Point","coordinates":[-80.21731,25.81983]},"properties":{"probability":0.758,"inBuffer":true,"facType":"fire"}},{"type":"Feature","geometry":{"type":"Point","coordinates":[-80.21281,25.81983]},"properties":{"probability":0.745,"inBuffer":false,"facType":"fire"}},{"type":"Feature","geometry":{"type":"Point","coordinates":[-80.20833,25.81983]},"properties":{"probability":0.755,"inBuffer":false,"facType":"substation"}},{"type":"Feature","geometry":{"type":"Point","coordinates":[-80.20383,25.81983]},"properties":{"probability":0.74,"inBuffer":false,"facType":"substation"}},{"type":"Feature","geometry":{"type":"Point","coordinates":[-80.19934,25.81983]},"properties":{"probability":0.74,"inBuffer":true,"facType":"substation"}},{"type":"Feature","geometry":{"type":"Point","coordinates":[-80.19485,25.81983]},"properties":{"probability":0.769,"inBuffer":true,"facType":"hospital"}},{"type":"Feature","geometry":{"type":"Point","coordinates":[-80.19036,25.81983]},"properties":{"probability":0.758,"inBuffer":true,"facType":"hospital"}},{"type":"Feature","geometry":{"type":"Point","coordinates":[-80.18587,25.81983]},"properties":{"probability":0.722,"inBuffer":false,"facType":"hospital"}},{"type":"Feature","geometry":{"type":"Point","coordinates":[-80.18137,25.81983]},"properties":{"probability":0.555,"inBuffer":false,"facType":"hospital"}},{"type":"Feature","geometry":{"type":"Point","coordinates":[-80.17689,25.81983]},"properties":{"probability":0.327,"inBuffer":false,"facType":"hospital"}},{"type":"Feature","geometry":{"type":"Point","coordinates":[-80.17239,25.81983]},"properties":{"probability":0.249,"inBuffer":false,"facType":"hospital"}},{"type":"Feature","geometry":{"type":"Point","coordinates":[-80.1679,25.81983]},"properties":{"probability":0.184,"inBuffer":false,"facType":"hospital"}},{"type":"Feature","geometry":{"type":"Point","coordinates":[-80.16341,25.81983]},"properties":{"probability":0.2,"inBuffer":false,"facType":"hospital"}},{"type":"Feature","geometry":{"type":"Point","coordinates":[-80.15892,25.81983]},"properties":{"probability":0.168,"inBuffer":false,"facType":"hospital"}},{"type":"Feature","geometry":{"type":"Point","coordinates":[-80.15443,25.81983]},"properties":{"probability":0.175,"inBuffer":false,"facType":"hospital"}},{"type":"Feature","geometry":{"type":"Point","coordinates":[-80.14993,25.81983]},"properties":{"probability":0.179,"inBuffer":false,"facType":"hospital"}},{"type":"Feature","geometry":{"type":"Point","coordinates":[-80.14545,25.81983]},"properties":{"probability":0.331,"inBuffer":false,"facType":"hospital"}},{"type":"Feature","geometry":{"type":"Point","coordinates":[-80.14095,25.81983]},"properties":{"probability":0.634,"inBuffer":true,"facType":"hospital"}},{"type":"Feature","geometry":{"type":"Point","coordinates":[-80.13646,25.81983]},"properties":{"probability":0.647,"inBuffer":true,"facType":"hospital"}},{"type":"Feature","geometry":{"type":"Point","coordinates":[-80.13197,25.81983]},"properties":{"probability":0.676,"inBuffer":true,"facType":"hospital"}},{"type":"Feature","geometry":{"type":"Point","coordinates":[-80.12748,25.81983]},"properties":{"probability":0.656,"inBuffer":false,"facType":"substation"}},{"type":"Feature","geometry":{"type":"Point","coordinates":[-80.12299,25.81983]},"properties":{"probability":0.663,"inBuffer":false,"facType":"substation"}},{"type":"Feature","geometry":{"type":"Point","coordinates":[-80.11849,25.81983]},"properties":{"probability":0.589,"inBuffer":false,"facType":"substation"}},{"type":"Feature","geometry":{"type":"Point","coordinates":[-80.11401,25.81983]},"properties":{"probability":0.203,"inBuffer":false,"facType":"fire"}},{"type":"Feature","geometry":{"type":"Point","coordinates":[-80.35206,25.81534]},"properties":{"probability":0.676,"inBuffer":true,"facType":"fire"}},{"type":"Feature","geometry":{"type":"Point","coordinates":[-80.34756,25.81534]},"properties":{"probability":0.651,"inBuffer":true,"facType":"fire"}},{"type":"Feature","geometry":{"type":"Point","coordinates":[-80.34307,25.81534]},"properties":{"probability":0.64,"inBuffer":false,"facType":"fire"}},{"type":"Feature","geometry":{"type":"Point","coordinates":[-80.33858,25.81534]},"properties":{"probability":0.69,"inBuffer":false,"facType":"government"}},{"type":"Feature","geometry":{"type":"Point","coordinates":[-80.33409,25.81534]},"properties":{"probability":0.694,"inBuffer":true,"facType":"police"}},{"type":"Feature","geometry":{"type":"Point","coordinates":[-80.3296,25.81534]},"properties":{"probability":0.677,"inBuffer":true,"facType":"police"}},{"type":"Feature","geometry":{"type":"Point","coordinates":[-80.3251,25.81534]},"properties":{"probability":0.772,"inBuffer":false,"facType":"government"}},{"type":"Feature","geometry":{"type":"Point","coordinates":[-80.32062,25.81534]},"properties":{"probability":0.839,"inBuffer":false,"facType":"government"}},{"type":"Feature","geometry":{"type":"Point","coordinates":[-80.31612,25.81534]},"properties":{"probability":0.765,"inBuffer":false,"facType":"government"}},{"type":"Feature","geometry":{"type":"Point","coordinates":[-80.31163,25.81534]},"properties":{"probability":0.708,"inBuffer":true,"facType":"fire"}},{"type":"Feature","geometry":{"type":"Point","coordinates":[-80.30714,25.81534]},"properties":{"probability":0.676,"inBuffer":false,"facType":"government"}},{"type":"Feature","geometry":{"type":"Point","coordinates":[-80.30265,25.81534]},"properties":{"probability":0.614,"inBuffer":true,"facType":"government"}},{"type":"Feature","geometry":{"type":"Point","coordinates":[-80.29816,25.81534]},"properties":{"probability":0.499,"inBuffer":false,"facType":"police"}},{"type":"Feature","geometry":{"type":"Point","coordinates":[-80.29366,25.81534]},"properties":{"probability":0.536,"inBuffer":false,"facType":"fire"}},{"type":"Feature","geometry":{"type":"Point","coordinates":[-80.28918,25.81534]},"properties":{"probability":0.614,"inBuffer":true,"facType":"hospital"}},{"type":"Feature","geometry":{"type":"Point","coordinates":[-80.28468,25.81534]},"properties":{"probability":0.609,"inBuffer":true,"facType":"hospital"}},{"type":"Feature","geometry":{"type":"Point","coordinates":[-80.28019,25.81534]},"properties":{"probability":0.629,"inBuffer":true,"facType":"hospital"}},{"type":"Feature","geometry":{"type":"Point","coordinates":[-80.2757,25.81534]},"properties":{"probability":0.661,"inBuffer":false,"facType":"hospital"}},{"type":"Feature","geometry":{"type":"Point","coordinates":[-80.27121,25.81534]},"properties":{"probability":0.712,"inBuffer":true,"facType":"hospital"}},{"type":"Feature","geometry":{"type":"Point","coordinates":[-80.26672,25.81534]},"properties":{"probability":0.735,"inBuffer":true,"facType":"hospital"}},{"type":"Feature","geometry":{"type":"Point","coordinates":[-80.26222,25.81534]},"properties":{"probability":0.758,"inBuffer":true,"facType":"hospital"}},{"type":"Feature","geometry":{"type":"Point","coordinates":[-80.25774,25.81534]},"properties":{"probability":0.757,"inBuffer":false,"facType":"substation"}},{"type":"Feature","geometry":{"type":"Point","coordinates":[-80.25324,25.81534]},"properties":{"probability":0.741,"inBuffer":false,"facType":"substation"}},{"type":"Feature","geometry":{"type":"Point","coordinates":[-80.24875,25.81534]},"properties":{"probability":0.719,"inBuffer":false,"facType":"substation"}},{"type":"Feature","geometry":{"type":"Point","coordinates":[-80.24426,25.81534]},"properties":{"probability":0.748,"inBuffer":false,"facType":"substation"}},{"type":"Feature","geometry":{"type":"Point","coordinates":[-80.23977,25.81534]},"properties":{"probability":0.79,"inBuffer":false,"facType":"fire"}},{"type":"Feature","geometry":{"type":"Point","coordinates":[-80.23528,25.81534]},"properties":{"probability":0.738,"inBuffer":false,"facType":"fire"}},{"type":"Feature","geometry":{"type":"Point","coordinates":[-80.23078,25.81534]},"properties":{"probability":0.724,"inBuffer":false,"facType":"fire"}},{"type":"Feature","geometry":{"type":"Point","coordinates":[-80.2263,25.81534]},"properties":{"probability":0.739,"inBuffer":true,"facType":"fire"}},{"type":"Feature","geometry":{"type":"Point","coordinates":[-80.2218,25.81534]},"properties":{"probability":0.741,"inBuffer":true,"facType":"fire"}},{"type":"Feature","geometry":{"type":"Point","coordinates":[-80.21731,25.81534]},"properties":{"probability":0.744,"inBuffer":true,"facType":"fire"}},{"type":"Feature","geometry":{"type":"Point","coordinates":[-80.21281,25.81534]},"properties":{"probability":0.743,"inBuffer":true,"facType":"fire"}},{"type":"Feature","geometry":{"type":"Point","coordinates":[-80.20833,25.81534]},"properties":{"probability":0.772,"inBuffer":true,"facType":"fire"}},{"type":"Feature","geometry":{"type":"Point","coordinates":[-80.20383,25.81534]},"properties":{"probability":0.786,"inBuffer":true,"facType":"substation"}},{"type":"Feature","geometry":{"type":"Point","coordinates":[-80.19934,25.81534]},"properties":{"probability":0.835,"inBuffer":false,"facType":"substation"}},{"type":"Feature","geometry":{"type":"Point","coordinates":[-80.19485,25.81534]},"properties":{"probability":0.843,"inBuffer":true,"facType":"hospital"}},{"type":"Feature","geometry":{"type":"Point","coordinates":[-80.19036,25.81534]},"properties":{"probability":0.838,"inBuffer":true,"facType":"hospital"}},{"type":"Feature","geometry":{"type":"Point","coordinates":[-80.18587,25.81534]},"properties":{"probability":0.708,"inBuffer":true,"facType":"hospital"}},{"type":"Feature","geometry":{"type":"Point","coordinates":[-80.18137,25.81534]},"properties":{"probability":0.488,"inBuffer":false,"facType":"hospital"}},{"type":"Feature","geometry":{"type":"Point","coordinates":[-80.17689,25.81534]},"properties":{"probability":0.301,"inBuffer":false,"facType":"hospital"}},{"type":"Feature","geometry":{"type":"Point","coordinates":[-80.17239,25.81534]},"properties":{"probability":0.211,"inBuffer":false,"facType":"hospital"}},{"type":"Feature","geometry":{"type":"Point","coordinates":[-80.1679,25.81534]},"properties":{"probability":0.165,"inBuffer":false,"facType":"hospital"}},{"type":"Feature","geometry":{"type":"Point","coordinates":[-80.16341,25.81534]},"properties":{"probability":0.19,"inBuffer":false,"facType":"hospital"}},{"type":"Feature","geometry":{"type":"Point","coordinates":[-80.15892,25.81534]},"properties":{"probability":0.222,"inBuffer":false,"facType":"hospital"}},{"type":"Feature","geometry":{"type":"Point","coordinates":[-80.15443,25.81534]},"properties":{"probability":0.256,"inBuffer":false,"facType":"hospital"}},{"type":"Feature","geometry":{"type":"Point","coordinates":[-80.14993,25.81534]},"properties":{"probability":0.489,"inBuffer":false,"facType":"hospital"}},{"type":"Feature","geometry":{"type":"Point","coordinates":[-80.14545,25.81534]},"properties":{"probability":0.685,"inBuffer":true,"facType":"hospital"}},{"type":"Feature","geometry":{"type":"Point","coordinates":[-80.14095,25.81534]},"properties":{"probability":0.719,"inBuffer":true,"facType":"hospital"}},{"type":"Feature","geometry":{"type":"Point","coordinates":[-80.13646,25.81534]},"properties":{"probability":0.718,"inBuffer":true,"facType":"hospital"}},{"type":"Feature","geometry":{"type":"Point","coordinates":[-80.13197,25.81534]},"properties":{"probability":0.731,"inBuffer":true,"facType":"hospital"}},{"type":"Feature","geometry":{"type":"Point","coordinates":[-80.12748,25.81534]},"properties":{"probability":0.716,"inBuffer":false,"facType":"substation"}},{"type":"Feature","geometry":{"type":"Point","coordinates":[-80.12299,25.81534]},"properties":{"probability":0.68,"inBuffer":false,"facType":"substation"}},{"type":"Feature","geometry":{"type":"Point","coordinates":[-80.11849,25.81534]},"properties":{"probability":0.586,"inBuffer":false,"facType":"substation"}},{"type":"Feature","geometry":{"type":"Point","coordinates":[-80.11401,25.81534]},"properties":{"probability":0.158,"inBuffer":false,"facType":"substation"}},{"type":"Feature","geometry":{"type":"Point","coordinates":[-80.35206,25.81084]},"properties":{"probability":0.825,"inBuffer":true,"facType":"fire"}},{"type":"Feature","geometry":{"type":"Point","coordinates":[-80.34756,25.81084]},"properties":{"probability":0.834,"inBuffer":true,"facType":"fire"}},{"type":"Feature","geometry":{"type":"Point","coordinates":[-80.34307,25.81084]},"properties":{"probability":0.781,"inBuffer":true,"facType":"fire"}},{"type":"Feature","geometry":{"type":"Point","coordinates":[-80.33858,25.81084]},"properties":{"probability":0.756,"inBuffer":false,"facType":"government"}},{"type":"Feature","geometry":{"type":"Point","coordinates":[-80.33409,25.81084]},"properties":{"probability":0.837,"inBuffer":false,"facType":"government"}},{"type":"Feature","geometry":{"type":"Point","coordinates":[-80.3296,25.81084]},"properties":{"probability":0.793,"inBuffer":false,"facType":"substation"}},{"type":"Feature","geometry":{"type":"Point","coordinates":[-80.3251,25.81084]},"properties":{"probability":0.79,"inBuffer":false,"facType":"substation"}},{"type":"Feature","geometry":{"type":"Point","coordinates":[-80.32062,25.81084]},"properties":{"probability":0.838,"inBuffer":false,"facType":"government"}},{"type":"Feature","geometry":{"type":"Point","coordinates":[-80.31612,25.81084]},"properties":{"probability":0.823,"inBuffer":true,"facType":"fire"}},{"type":"Feature","geometry":{"type":"Point","coordinates":[-80.31163,25.81084]},"properties":{"probability":0.765,"inBuffer":true,"facType":"fire"}},{"type":"Feature","geometry":{"type":"Point","coordinates":[-80.30714,25.81084]},"properties":{"probability":0.716,"inBuffer":true,"facType":"government"}},{"type":"Feature","geometry":{"type":"Point","coordinates":[-80.30265,25.81084]},"properties":{"probability":0.711,"inBuffer":true,"facType":"government"}},{"type":"Feature","geometry":{"type":"Point","coordinates":[-80.29816,25.81084]},"properties":{"probability":0.711,"inBuffer":true,"facType":"police"}},{"type":"Feature","geometry":{"type":"Point","coordinates":[-80.29366,25.81084]},"properties":{"probability":0.687,"inBuffer":true,"facType":"fire"}},{"type":"Feature","geometry":{"type":"Point","coordinates":[-80.28918,25.81084]},"properties":{"probability":0.726,"inBuffer":true,"facType":"fire"}},{"type":"Feature","geometry":{"type":"Point","coordinates":[-80.28468,25.81084]},"properties":{"probability":0.696,"inBuffer":true,"facType":"fire"}},{"type":"Feature","geometry":{"type":"Point","coordinates":[-80.28019,25.81084]},"properties":{"probability":0.713,"inBuffer":false,"facType":"hospital"}},{"type":"Feature","geometry":{"type":"Point","coordinates":[-80.2757,25.81084]},"properties":{"probability":0.724,"inBuffer":false,"facType":"substation"}},{"type":"Feature","geometry":{"type":"Point","coordinates":[-80.27121,25.81084]},"properties":{"probability":0.732,"inBuffer":true,"facType":"substation"}},{"type":"Feature","geometry":{"type":"Point","coordinates":[-80.26672,25.81084]},"properties":{"probability":0.774,"inBuffer":true,"facType":"substation"}},{"type":"Feature","geometry":{"type":"Point","coordinates":[-80.26222,25.81084]},"properties":{"probability":0.832,"inBuffer":true,"facType":"substation"}},{"type":"Feature","geometry":{"type":"Point","coordinates":[-80.25774,25.81084]},"properties":{"probability":0.779,"inBuffer":false,"facType":"substation"}},{"type":"Feature","geometry":{"type":"Point","coordinates":[-80.25324,25.81084]},"properties":{"probability":0.761,"inBuffer":false,"facType":"substation"}},{"type":"Feature","geometry":{"type":"Point","coordinates":[-80.24875,25.81084]},"properties":{"probability":0.773,"inBuffer":false,"facType":"substation"}},{"type":"Feature","geometry":{"type":"Point","coordinates":[-80.24426,25.81084]},"properties":{"probability":0.831,"inBuffer":false,"facType":"substation"}},{"type":"Feature","geometry":{"type":"Point","coordinates":[-80.23977,25.81084]},"properties":{"probability":0.837,"inBuffer":false,"facType":"substation"}},{"type":"Feature","geometry":{"type":"Point","coordinates":[-80.23528,25.81084]},"properties":{"probability":0.778,"inBuffer":false,"facType":"fire"}},{"type":"Feature","geometry":{"type":"Point","coordinates":[-80.23078,25.81084]},"properties":{"probability":0.765,"inBuffer":false,"facType":"fire"}},{"type":"Feature","geometry":{"type":"Point","coordinates":[-80.2263,25.81084]},"properties":{"probability":0.776,"inBuffer":false,"facType":"fire"}},{"type":"Feature","geometry":{"type":"Point","coordinates":[-80.2218,25.81084]},"properties":{"probability":0.768,"inBuffer":true,"facType":"fire"}},{"type":"Feature","geometry":{"type":"Point","coordinates":[-80.21731,25.81084]},"properties":{"probability":0.769,"inBuffer":false,"facType":"fire"}},{"type":"Feature","geometry":{"type":"Point","coordinates":[-80.21281,25.81084]},"properties":{"probability":0.769,"inBuffer":true,"facType":"fire"}},{"type":"Feature","geometry":{"type":"Point","coordinates":[-80.20833,25.81084]},"properties":{"probability":0.797,"inBuffer":true,"facType":"fire"}},{"type":"Feature","geometry":{"type":"Point","coordinates":[-80.20383,25.81084]},"properties":{"probability":0.828,"inBuffer":true,"facType":"fire"}},{"type":"Feature","geometry":{"type":"Point","coordinates":[-80.19934,25.81084]},"properties":{"probability":0.841,"inBuffer":false,"facType":"substation"}},{"type":"Feature","geometry":{"type":"Point","coordinates":[-80.19485,25.81084]},"properties":{"probability":0.853,"inBuffer":true,"facType":"hospital"}},{"type":"Feature","geometry":{"type":"Point","coordinates":[-80.19036,25.81084]},"properties":{"probability":0.845,"inBuffer":true,"facType":"hospital"}},{"type":"Feature","geometry":{"type":"Point","coordinates":[-80.18587,25.81084]},"properties":{"probability":0.769,"inBuffer":true,"facType":"hospital"}},{"type":"Feature","geometry":{"type":"Point","coordinates":[-80.18137,25.81084]},"properties":{"probability":0.503,"inBuffer":false,"facType":"hospital"}},{"type":"Feature","geometry":{"type":"Point","coordinates":[-80.17689,25.81084]},"properties":{"probability":0.284,"inBuffer":false,"facType":"hospital"}},{"type":"Feature","geometry":{"type":"Point","coordinates":[-80.17239,25.81084]},"properties":{"probability":0.247,"inBuffer":false,"facType":"hospital"}},{"type":"Feature","geometry":{"type":"Point","coordinates":[-80.1679,25.81084]},"properties":{"probability":0.246,"inBuffer":false,"facType":"hospital"}},{"type":"Feature","geometry":{"type":"Point","coordinates":[-80.16341,25.81084]},"properties":{"probability":0.254,"inBuffer":false,"facType":"hospital"}},{"type":"Feature","geometry":{"type":"Point","coordinates":[-80.15892,25.81084]},"properties":{"probability":0.252,"inBuffer":false,"facType":"hospital"}},{"type":"Feature","geometry":{"type":"Point","coordinates":[-80.15443,25.81084]},"properties":{"probability":0.254,"inBuffer":false,"facType":"hospital"}},{"type":"Feature","geometry":{"type":"Point","coordinates":[-80.14993,25.81084]},"properties":{"probability":0.474,"inBuffer":false,"facType":"hospital"}},{"type":"Feature","geometry":{"type":"Point","coordinates":[-80.14545,25.81084]},"properties":{"probability":0.645,"inBuffer":true,"facType":"hospital"}},{"type":"Feature","geometry":{"type":"Point","coordinates":[-80.14095,25.81084]},"properties":{"probability":0.713,"inBuffer":true,"facType":"hospital"}},{"type":"Feature","geometry":{"type":"Point","coordinates":[-80.13646,25.81084]},"properties":{"probability":0.713,"inBuffer":true,"facType":"hospital"}},{"type":"Feature","geometry":{"type":"Point","coordinates":[-80.13197,25.81084]},"properties":{"probability":0.723,"inBuffer":true,"facType":"hospital"}},{"type":"Feature","geometry":{"type":"Point","coordinates":[-80.12748,25.81084]},"properties":{"probability":0.72,"inBuffer":false,"facType":"substation"}},{"type":"Feature","geometry":{"type":"Point","coordinates":[-80.12299,25.81084]},"properties":{"probability":0.643,"inBuffer":false,"facType":"substation"}},{"type":"Feature","geometry":{"type":"Point","coordinates":[-80.11849,25.81084]},"properties":{"probability":0.49,"inBuffer":false,"facType":"substation"}},{"type":"Feature","geometry":{"type":"Point","coordinates":[-80.11401,25.81084]},"properties":{"probability":0.173,"inBuffer":false,"facType":"substation"}},{"type":"Feature","geometry":{"type":"Point","coordinates":[-80.35206,25.80635]},"properties":{"probability":0.826,"inBuffer":true,"facType":"fire"}},{"type":"Feature","geometry":{"type":"Point","coordinates":[-80.34756,25.80635]},"properties":{"probability":0.836,"inBuffer":true,"facType":"fire"}},{"type":"Feature","geometry":{"type":"Point","coordinates":[-80.34307,25.80635]},"properties":{"probability":0.816,"inBuffer":true,"facType":"government"}},{"type":"Feature","geometry":{"type":"Point","coordinates":[-80.33858,25.80635]},"properties":{"probability":0.802,"inBuffer":false,"facType":"government"}},{"type":"Feature","geometry":{"type":"Point","coordinates":[-80.33409,25.80635]},"properties":{"probability":0.839,"inBuffer":false,"facType":"government"}},{"type":"Feature","geometry":{"type":"Point","coordinates":[-80.3296,25.80635]},"properties":{"probability":0.837,"inBuffer":false,"facType":"substation"}},{"type":"Feature","geometry":{"type":"Point","coordinates":[-80.3251,25.80635]},"properties":{"probability":0.784,"inBuffer":false,"facType":"substation"}},{"type":"Feature","geometry":{"type":"Point","coordinates":[-80.32062,25.80635]},"properties":{"probability":0.79,"inBuffer":false,"facType":"substation"}},{"type":"Feature","geometry":{"type":"Point","coordinates":[-80.31612,25.80635]},"properties":{"probability":0.799,"inBuffer":true,"facType":"fire"}},{"type":"Feature","geometry":{"type":"Point","coordinates":[-80.31163,25.80635]},"properties":{"probability":0.782,"inBuffer":true,"facType":"fire"}},{"type":"Feature","geometry":{"type":"Point","coordinates":[-80.30714,25.80635]},"properties":{"probability":0.794,"inBuffer":true,"facType":"fire"}},{"type":"Feature","geometry":{"type":"Point","coordinates":[-80.30265,25.80635]},"properties":{"probability":0.802,"inBuffer":true,"facType":"police"}},{"type":"Feature","geometry":{"type":"Point","coordinates":[-80.29816,25.80635]},"properties":{"probability":0.744,"inBuffer":true,"facType":"police"}},{"type":"Feature","geometry":{"type":"Point","coordinates":[-80.29366,25.80635]},"properties":{"probability":0.729,"inBuffer":true,"facType":"government"}},{"type":"Feature","geometry":{"type":"Point","coordinates":[-80.28918,25.80635]},"properties":{"probability":0.742,"inBuffer":true,"facType":"fire"}},{"type":"Feature","geometry":{"type":"Point","coordinates":[-80.28468,25.80635]},"properties":{"probability":0.741,"inBuffer":true,"facType":"fire"}},{"type":"Feature","geometry":{"type":"Point","coordinates":[-80.28019,25.80635]},"properties":{"probability":0.754,"inBuffer":false,"facType":"fire"}},{"type":"Feature","geometry":{"type":"Point","coordinates":[-80.2757,25.80635]},"properties":{"probability":0.743,"inBuffer":false,"facType":"substation"}},{"type":"Feature","geometry":{"type":"Point","coordinates":[-80.27121,25.80635]},"properties":{"probability":0.718,"inBuffer":false,"facType":"substation"}},{"type":"Feature","geometry":{"type":"Point","coordinates":[-80.26672,25.80635]},"properties":{"probability":0.819,"inBuffer":false,"facType":"substation"}},{"type":"Feature","geometry":{"type":"Point","coordinates":[-80.26222,25.80635]},"properties":{"probability":0.813,"inBuffer":false,"facType":"substation"}},{"type":"Feature","geometry":{"type":"Point","coordinates":[-80.25774,25.80635]},"properties":{"probability":0.784,"inBuffer":false,"facType":"substation"}},{"type":"Feature","geometry":{"type":"Point","coordinates":[-80.25324,25.80635]},"properties":{"probability":0.737,"inBuffer":false,"facType":"substation"}},{"type":"Feature","geometry":{"type":"Point","coordinates":[-80.24875,25.80635]},"properties":{"probability":0.746,"inBuffer":false,"facType":"substation"}},{"type":"Feature","geometry":{"type":"Point","coordinates":[-80.24426,25.80635]},"properties":{"probability":0.763,"inBuffer":false,"facType":"substation"}},{"type":"Feature","geometry":{"type":"Point","coordinates":[-80.23977,25.80635]},"properties":{"probability":0.782,"inBuffer":false,"facType":"police"}},{"type":"Feature","geometry":{"type":"Point","coordinates":[-80.23528,25.80635]},"properties":{"probability":0.762,"inBuffer":false,"facType":"police"}},{"type":"Feature","geometry":{"type":"Point","coordinates":[-80.23078,25.80635]},"properties":{"probability":0.764,"inBuffer":false,"facType":"police"}},{"type":"Feature","geometry":{"type":"Point","coordinates":[-80.2263,25.80635]},"properties":{"probability":0.77,"inBuffer":false,"facType":"police"}},{"type":"Feature","geometry":{"type":"Point","coordinates":[-80.2218,25.80635]},"properties":{"probability":0.768,"inBuffer":false,"facType":"substation"}},{"type":"Feature","geometry":{"type":"Point","coordinates":[-80.21731,25.80635]},"properties":{"probability":0.75,"inBuffer":false,"facType":"fire"}},{"type":"Feature","geometry":{"type":"Point","coordinates":[-80.21281,25.80635]},"properties":{"probability":0.767,"inBuffer":true,"facType":"fire"}},{"type":"Feature","geometry":{"type":"Point","coordinates":[-80.20833,25.80635]},"properties":{"probability":0.835,"inBuffer":true,"facType":"fire"}},{"type":"Feature","geometry":{"type":"Point","coordinates":[-80.20383,25.80635]},"properties":{"probability":0.838,"inBuffer":true,"facType":"fire"}},{"type":"Feature","geometry":{"type":"Point","coordinates":[-80.19934,25.80635]},"properties":{"probability":0.841,"inBuffer":false,"facType":"power"}},{"type":"Feature","geometry":{"type":"Point","coordinates":[-80.19485,25.80635]},"properties":{"probability":0.837,"inBuffer":false,"facType":"police"}},{"type":"Feature","geometry":{"type":"Point","coordinates":[-80.19036,25.80635]},"properties":{"probability":0.837,"inBuffer":true,"facType":"police"}},{"type":"Feature","geometry":{"type":"Point","coordinates":[-80.18587,25.80635]},"properties":{"probability":0.733,"inBuffer":false,"facType":"hospital"}},{"type":"Feature","geometry":{"type":"Point","coordinates":[-80.18137,25.80635]},"properties":{"probability":0.581,"inBuffer":false,"facType":"hospital"}},{"type":"Feature","geometry":{"type":"Point","coordinates":[-80.17689,25.80635]},"properties":{"probability":0.282,"inBuffer":false,"facType":"hospital"}},{"type":"Feature","geometry":{"type":"Point","coordinates":[-80.17239,25.80635]},"properties":{"probability":0.185,"inBuffer":false,"facType":"hospital"}},{"type":"Feature","geometry":{"type":"Point","coordinates":[-80.1679,25.80635]},"properties":{"probability":0.174,"inBuffer":false,"facType":"hospital"}},{"type":"Feature","geometry":{"type":"Point","coordinates":[-80.16341,25.80635]},"properties":{"probability":0.181,"inBuffer":false,"facType":"government"}},{"type":"Feature","geometry":{"type":"Point","coordinates":[-80.15892,25.80635]},"properties":{"probability":0.171,"inBuffer":false,"facType":"government"}},{"type":"Feature","geometry":{"type":"Point","coordinates":[-80.15443,25.80635]},"properties":{"probability":0.201,"inBuffer":false,"facType":"hospital"}},{"type":"Feature","geometry":{"type":"Point","coordinates":[-80.14993,25.80635]},"properties":{"probability":0.333,"inBuffer":false,"facType":"hospital"}},{"type":"Feature","geometry":{"type":"Point","coordinates":[-80.14545,25.80635]},"properties":{"probability":0.499,"inBuffer":false,"facType":"hospital"}},{"type":"Feature","geometry":{"type":"Point","coordinates":[-80.14095,25.80635]},"properties":{"probability":0.581,"inBuffer":false,"facType":"hospital"}},{"type":"Feature","geometry":{"type":"Point","coordinates":[-80.13646,25.80635]},"properties":{"probability":0.563,"inBuffer":false,"facType":"hospital"}},{"type":"Feature","geometry":{"type":"Point","coordinates":[-80.13197,25.80635]},"properties":{"probability":0.659,"inBuffer":false,"facType":"substation"}},{"type":"Feature","geometry":{"type":"Point","coordinates":[-80.12748,25.80635]},"properties":{"probability":0.692,"inBuffer":false,"facType":"substation"}},{"type":"Feature","geometry":{"type":"Point","coordinates":[-80.12299,25.80635]},"properties":{"probability":0.637,"inBuffer":false,"facType":"substation"}},{"type":"Feature","geometry":{"type":"Point","coordinates":[-80.11849,25.80635]},"properties":{"probability":0.344,"inBuffer":false,"facType":"substation"}},{"type":"Feature","geometry":{"type":"Point","coordinates":[-80.11401,25.80635]},"properties":{"probability":0.19,"inBuffer":false,"facType":"substation"}},{"type":"Feature","geometry":{"type":"Point","coordinates":[-80.35206,25.80186]},"properties":{"probability":0.709,"inBuffer":false,"facType":"police"}},{"type":"Feature","geometry":{"type":"Point","coordinates":[-80.34756,25.80186]},"properties":{"probability":0.715,"inBuffer":true,"facType":"police"}},{"type":"Feature","geometry":{"type":"Point","coordinates":[-80.34307,25.80186]},"properties":{"probability":0.715,"inBuffer":true,"facType":"police"}},{"type":"Feature","geometry":{"type":"Point","coordinates":[-80.33858,25.80186]},"properties":{"probability":0.722,"inBuffer":true,"facType":"government"}},{"type":"Feature","geometry":{"type":"Point","coordinates":[-80.33409,25.80186]},"properties":{"probability":0.752,"inBuffer":false,"facType":"government"}},{"type":"Feature","geometry":{"type":"Point","coordinates":[-80.3296,25.80186]},"properties":{"probability":0.762,"inBuffer":true,"facType":"substation"}},{"type":"Feature","geometry":{"type":"Point","coordinates":[-80.3251,25.80186]},"properties":{"probability":0.755,"inBuffer":true,"facType":"hospital"}},{"type":"Feature","geometry":{"type":"Point","coordinates":[-80.32062,25.80186]},"properties":{"probability":0.741,"inBuffer":true,"facType":"hospital"}},{"type":"Feature","geometry":{"type":"Point","coordinates":[-80.31612,25.80186]},"properties":{"probability":0.742,"inBuffer":false,"facType":"hospital"}},{"type":"Feature","geometry":{"type":"Point","coordinates":[-80.31163,25.80186]},"properties":{"probability":0.717,"inBuffer":false,"facType":"fire"}},{"type":"Feature","geometry":{"type":"Point","coordinates":[-80.30714,25.80186]},"properties":{"probability":0.735,"inBuffer":false,"facType":"fire"}},{"type":"Feature","geometry":{"type":"Point","coordinates":[-80.30265,25.80186]},"properties":{"probability":0.718,"inBuffer":false,"facType":"police"}},{"type":"Feature","geometry":{"type":"Point","coordinates":[-80.29816,25.80186]},"properties":{"probability":0.703,"inBuffer":true,"facType":"fire"}},{"type":"Feature","geometry":{"type":"Point","coordinates":[-80.29366,25.80186]},"properties":{"probability":0.698,"inBuffer":true,"facType":"fire"}},{"type":"Feature","geometry":{"type":"Point","coordinates":[-80.28918,25.80186]},"properties":{"probability":0.708,"inBuffer":true,"facType":"government"}},{"type":"Feature","geometry":{"type":"Point","coordinates":[-80.28468,25.80186]},"properties":{"probability":0.803,"inBuffer":true,"facType":"government"}},{"type":"Feature","geometry":{"type":"Point","coordinates":[-80.28019,25.80186]},"properties":{"probability":0.721,"inBuffer":false,"facType":"fire"}},{"type":"Feature","geometry":{"type":"Point","coordinates":[-80.2757,25.80186]},"properties":{"probability":0.713,"inBuffer":false,"facType":"government"}},{"type":"Feature","geometry":{"type":"Point","coordinates":[-80.27121,25.80186]},"properties":{"probability":0.761,"inBuffer":false,"facType":"substation"}},{"type":"Feature","geometry":{"type":"Point","coordinates":[-80.26672,25.80186]},"properties":{"probability":0.83,"inBuffer":false,"facType":"substation"}},{"type":"Feature","geometry":{"type":"Point","coordinates":[-80.26222,25.80186]},"properties":{"probability":0.822,"inBuffer":false,"facType":"substation"}},{"type":"Feature","geometry":{"type":"Point","coordinates":[-80.25774,25.80186]},"properties":{"probability":0.763,"inBuffer":false,"facType":"substation"}},{"type":"Feature","geometry":{"type":"Point","coordinates":[-80.25324,25.80186]},"properties":{"probability":0.744,"inBuffer":false,"facType":"substation"}},{"type":"Feature","geometry":{"type":"Point","coordinates":[-80.24875,25.80186]},"properties":{"probability":0.74,"inBuffer":false,"facType":"substation"}},{"type":"Feature","geometry":{"type":"Point","coordinates":[-80.24426,25.80186]},"properties":{"probability":0.745,"inBuffer":false,"facType":"substation"}},{"type":"Feature","geometry":{"type":"Point","coordinates":[-80.23977,25.80186]},"properties":{"probability":0.756,"inBuffer":false,"facType":"police"}},{"type":"Feature","geometry":{"type":"Point","coordinates":[-80.23528,25.80186]},"properties":{"probability":0.749,"inBuffer":false,"facType":"police"}},{"type":"Feature","geometry":{"type":"Point","coordinates":[-80.23078,25.80186]},"properties":{"probability":0.767,"inBuffer":false,"facType":"police"}},{"type":"Feature","geometry":{"type":"Point","coordinates":[-80.2263,25.80186]},"properties":{"probability":0.772,"inBuffer":false,"facType":"police"}},{"type":"Feature","geometry":{"type":"Point","coordinates":[-80.2218,25.80186]},"properties":{"probability":0.772,"inBuffer":false,"facType":"substation"}},{"type":"Feature","geometry":{"type":"Point","coordinates":[-80.21731,25.80186]},"properties":{"probability":0.748,"inBuffer":false,"facType":"substation"}},{"type":"Feature","geometry":{"type":"Point","coordinates":[-80.21281,25.80186]},"properties":{"probability":0.769,"inBuffer":false,"facType":"substation"}},{"type":"Feature","geometry":{"type":"Point","coordinates":[-80.20833,25.80186]},"properties":{"probability":0.837,"inBuffer":false,"facType":"substation"}},{"type":"Feature","geometry":{"type":"Point","coordinates":[-80.20383,25.80186]},"properties":{"probability":0.837,"inBuffer":true,"facType":"substation"}},{"type":"Feature","geometry":{"type":"Point","coordinates":[-80.19934,25.80186]},"properties":{"probability":0.854,"inBuffer":true,"facType":"substation"}},{"type":"Feature","geometry":{"type":"Point","coordinates":[-80.19485,25.80186]},"properties":{"probability":0.833,"inBuffer":true,"facType":"power"}},{"type":"Feature","geometry":{"type":"Point","coordinates":[-80.19036,25.80186]},"properties":{"probability":0.828,"inBuffer":true,"facType":"police"}},{"type":"Feature","geometry":{"type":"Point","coordinates":[-80.18587,25.80186]},"properties":{"probability":0.716,"inBuffer":true,"facType":"police"}},{"type":"Feature","geometry":{"type":"Point","coordinates":[-80.18137,25.80186]},"properties":{"probability":0.33,"inBuffer":false,"facType":"police"}},{"type":"Feature","geometry":{"type":"Point","coordinates":[-80.17689,25.80186]},"properties":{"probability":0.253,"inBuffer":false,"facType":"police"}},{"type":"Feature","geometry":{"type":"Point","coordinates":[-80.17239,25.80186]},"properties":{"probability":0.184,"inBuffer":false,"facType":"government"}},{"type":"Feature","geometry":{"type":"Point","coordinates":[-80.1679,25.80186]},"properties":{"probability":0.174,"inBuffer":false,"facType":"government"}},{"type":"Feature","geometry":{"type":"Point","coordinates":[-80.16341,25.80186]},"properties":{"probability":0.205,"inBuffer":false,"facType":"government"}},{"type":"Feature","geometry":{"type":"Point","coordinates":[-80.15892,25.80186]},"properties":{"probability":0.176,"inBuffer":false,"facType":"government"}},{"type":"Feature","geometry":{"type":"Point","coordinates":[-80.15443,25.80186]},"properties":{"probability":0.183,"inBuffer":false,"facType":"government"}},{"type":"Feature","geometry":{"type":"Point","coordinates":[-80.14993,25.80186]},"properties":{"probability":0.362,"inBuffer":false,"facType":"police"}},{"type":"Feature","geometry":{"type":"Point","coordinates":[-80.14545,25.80186]},"properties":{"probability":0.576,"inBuffer":false,"facType":"substation"}},{"type":"Feature","geometry":{"type":"Point","coordinates":[-80.14095,25.80186]},"properties":{"probability":0.588,"inBuffer":false,"facType":"substation"}},{"type":"Feature","geometry":{"type":"Point","coordinates":[-80.13646,25.80186]},"properties":{"probability":0.64,"inBuffer":false,"facType":"substation"}},{"type":"Feature","geometry":{"type":"Point","coordinates":[-80.13197,25.80186]},"properties":{"probability":0.687,"inBuffer":false,"facType":"government"}},{"type":"Feature","geometry":{"type":"Point","coordinates":[-80.12748,25.80186]},"properties":{"probability":0.693,"inBuffer":false,"facType":"substation"}},{"type":"Feature","geometry":{"type":"Point","coordinates":[-80.12299,25.80186]},"properties":{"probability":0.61,"inBuffer":false,"facType":"substation"}},{"type":"Feature","geometry":{"type":"Point","coordinates":[-80.11849,25.80186]},"properties":{"probability":0.168,"inBuffer":false,"facType":"substation"}},{"type":"Feature","geometry":{"type":"Point","coordinates":[-80.11401,25.80186]},"properties":{"probability":0.174,"inBuffer":false,"facType":"substation"}},{"type":"Feature","geometry":{"type":"Point","coordinates":[-80.35206,25.79737]},"properties":{"probability":0.64,"inBuffer":false,"facType":"police"}},{"type":"Feature","geometry":{"type":"Point","coordinates":[-80.34756,25.79737]},"properties":{"probability":0.642,"inBuffer":true,"facType":"police"}},{"type":"Feature","geometry":{"type":"Point","coordinates":[-80.34307,25.79737]},"properties":{"probability":0.707,"inBuffer":true,"facType":"police"}},{"type":"Feature","geometry":{"type":"Point","coordinates":[-80.33858,25.79737]},"properties":{"probability":0.72,"inBuffer":true,"facType":"government"}},{"type":"Feature","geometry":{"type":"Point","coordinates":[-80.33409,25.79737]},"properties":{"probability":0.779,"inBuffer":false,"facType":"government"}},{"type":"Feature","geometry":{"type":"Point","coordinates":[-80.3296,25.79737]},"properties":{"probability":0.767,"inBuffer":true,"facType":"hospital"}},{"type":"Feature","geometry":{"type":"Point","coordinates":[-80.3251,25.79737]},"properties":{"probability":0.781,"inBuffer":true,"facType":"hospital"}},{"type":"Feature","geometry":{"type":"Point","coordinates":[-80.32062,25.79737]},"properties":{"probability":0.796,"inBuffer":true,"facType":"hospital"}},{"type":"Feature","geometry":{"type":"Point","coordinates":[-80.31612,25.79737]},"properties":{"probability":0.808,"inBuffer":true,"facType":"hospital"}},{"type":"Feature","geometry":{"type":"Point","coordinates":[-80.31163,25.79737]},"properties":{"probability":0.802,"inBuffer":false,"facType":"substation"}},{"type":"Feature","geometry":{"type":"Point","coordinates":[-80.30714,25.79737]},"properties":{"probability":0.838,"inBuffer":false,"facType":"substation"}},{"type":"Feature","geometry":{"type":"Point","coordinates":[-80.30265,25.79737]},"properties":{"probability":0.786,"inBuffer":true,"facType":"fire"}},{"type":"Feature","geometry":{"type":"Point","coordinates":[-80.29816,25.79737]},"properties":{"probability":0.778,"inBuffer":true,"facType":"fire"}},{"type":"Feature","geometry":{"type":"Point","coordinates":[-80.29366,25.79737]},"properties":{"probability":0.685,"inBuffer":true,"facType":"fire"}},{"type":"Feature","geometry":{"type":"Point","coordinates":[-80.28918,25.79737]},"properties":{"probability":0.762,"inBuffer":true,"facType":"fire"}},{"type":"Feature","geometry":{"type":"Point","coordinates":[-80.28468,25.79737]},"properties":{"probability":0.864,"inBuffer":true,"facType":"airport"}},{"type":"Feature","geometry":{"type":"Point","coordinates":[-80.28019,25.79737]},"properties":{"probability":0.864,"inBuffer":true,"facType":"government"}},{"type":"Feature","geometry":{"type":"Point","coordinates":[-80.2757,25.79737]},"properties":{"probability":0.859,"inBuffer":false,"facType":"government"}},{"type":"Feature","geometry":{"type":"Point","coordinates":[-80.27121,25.79737]},"properties":{"probability":0.861,"inBuffer":false,"facType":"government"}},{"type":"Feature","geometry":{"type":"Point","coordinates":[-80.26672,25.79737]},"properties":{"probability":0.86,"inBuffer":false,"facType":"substation"}},{"type":"Feature","geometry":{"type":"Point","coordinates":[-80.26222,25.79737]},"properties":{"probability":0.841,"inBuffer":false,"facType":"substation"}},{"type":"Feature","geometry":{"type":"Point","coordinates":[-80.25774,25.79737]},"properties":{"probability":0.794,"inBuffer":false,"facType":"substation"}},{"type":"Feature","geometry":{"type":"Point","coordinates":[-80.25324,25.79737]},"properties":{"probability":0.749,"inBuffer":false,"facType":"substation"}},{"type":"Feature","geometry":{"type":"Point","coordinates":[-80.24875,25.79737]},"properties":{"probability":0.755,"inBuffer":false,"facType":"substation"}},{"type":"Feature","geometry":{"type":"Point","coordinates":[-80.24426,25.79737]},"properties":{"probability":0.802,"inBuffer":false,"facType":"substation"}},{"type":"Feature","geometry":{"type":"Point","coordinates":[-80.23977,25.79737]},"properties":{"probability":0.806,"inBuffer":false,"facType":"police"}},{"type":"Feature","geometry":{"type":"Point","coordinates":[-80.23528,25.79737]},"properties":{"probability":0.79,"inBuffer":false,"facType":"police"}},{"type":"Feature","geometry":{"type":"Point","coordinates":[-80.23078,25.79737]},"properties":{"probability":0.834,"inBuffer":true,"facType":"police"}},{"type":"Feature","geometry":{"type":"Point","coordinates":[-80.2263,25.79737]},"properties":{"probability":0.839,"inBuffer":true,"facType":"police"}},{"type":"Feature","geometry":{"type":"Point","coordinates":[-80.2218,25.79737]},"properties":{"probability":0.841,"inBuffer":true,"facType":"substation"}},{"type":"Feature","geometry":{"type":"Point","coordinates":[-80.21731,25.79737]},"properties":{"probability":0.839,"inBuffer":true,"facType":"substation"}},{"type":"Feature","geometry":{"type":"Point","coordinates":[-80.21281,25.79737]},"properties":{"probability":0.834,"inBuffer":true,"facType":"substation"}},{"type":"Feature","geometry":{"type":"Point","coordinates":[-80.20833,25.79737]},"properties":{"probability":0.841,"inBuffer":true,"facType":"substation"}},{"type":"Feature","geometry":{"type":"Point","coordinates":[-80.20383,25.79737]},"properties":{"probability":0.856,"inBuffer":true,"facType":"substation"}},{"type":"Feature","geometry":{"type":"Point","coordinates":[-80.19934,25.79737]},"properties":{"probability":0.856,"inBuffer":true,"facType":"substation"}},{"type":"Feature","geometry":{"type":"Point","coordinates":[-80.19485,25.79737]},"properties":{"probability":0.858,"inBuffer":true,"facType":"substation"}},{"type":"Feature","geometry":{"type":"Point","coordinates":[-80.19036,25.79737]},"properties":{"probability":0.838,"inBuffer":true,"facType":"police"}},{"type":"Feature","geometry":{"type":"Point","coordinates":[-80.18587,25.79737]},"properties":{"probability":0.722,"inBuffer":true,"facType":"police"}},{"type":"Feature","geometry":{"type":"Point","coordinates":[-80.18137,25.79737]},"properties":{"probability":0.36,"inBuffer":false,"facType":"government"}},{"type":"Feature","geometry":{"type":"Point","coordinates":[-80.17689,25.79737]},"properties":{"probability":0.258,"inBuffer":false,"facType":"government"}},{"type":"Feature","geometry":{"type":"Point","coordinates":[-80.17239,25.79737]},"properties":{"probability":0.225,"inBuffer":false,"facType":"government"}},{"type":"Feature","geometry":{"type":"Point","coordinates":[-80.1679,25.79737]},"properties":{"probability":0.26,"inBuffer":false,"facType":"police"}},{"type":"Feature","geometry":{"type":"Point","coordinates":[-80.16341,25.79737]},"properties":{"probability":0.298,"inBuffer":false,"facType":"government"}},{"type":"Feature","geometry":{"type":"Point","coordinates":[-80.15892,25.79737]},"properties":{"probability":0.279,"inBuffer":false,"facType":"government"}},{"type":"Feature","geometry":{"type":"Point","coordinates":[-80.15443,25.79737]},"properties":{"probability":0.253,"inBuffer":false,"facType":"government"}},{"type":"Feature","geometry":{"type":"Point","coordinates":[-80.14993,25.79737]},"properties":{"probability":0.642,"inBuffer":true,"facType":"police"}},{"type":"Feature","geometry":{"type":"Point","coordinates":[-80.14545,25.79737]},"properties":{"probability":0.697,"inBuffer":true,"facType":"substation"}},{"type":"Feature","geometry":{"type":"Point","coordinates":[-80.14095,25.79737]},"properties":{"probability":0.722,"inBuffer":true,"facType":"substation"}},{"type":"Feature","geometry":{"type":"Point","coordinates":[-80.13646,25.79737]},"properties":{"probability":0.697,"inBuffer":false,"facType":"government"}},{"type":"Feature","geometry":{"type":"Point","coordinates":[-80.13197,25.79737]},"properties":{"probability":0.712,"inBuffer":false,"facType":"government"}},{"type":"Feature","geometry":{"type":"Point","coordinates":[-80.12748,25.79737]},"properties":{"probability":0.719,"inBuffer":false,"facType":"government"}},{"type":"Feature","geometry":{"type":"Point","coordinates":[-80.12299,25.79737]},"properties":{"probability":0.365,"inBuffer":false,"facType":"government"}},{"type":"Feature","geometry":{"type":"Point","coordinates":[-80.11849,25.79737]},"properties":{"probability":0.202,"inBuffer":false,"facType":"government"}},{"type":"Feature","geometry":{"type":"Point","coordinates":[-80.11401,25.79737]},"properties":{"probability":0.187,"inBuffer":false,"facType":"government"}},{"type":"Feature","geometry":{"type":"Point","coordinates":[-80.35206,25.79288]},"properties":{"probability":0.666,"inBuffer":false,"facType":"police"}},{"type":"Feature","geometry":{"type":"Point","coordinates":[-80.34756,25.79288]},"properties":{"probability":0.631,"inBuffer":true,"facType":"police"}},{"type":"Feature","geometry":{"type":"Point","coordinates":[-80.34307,25.79288]},"properties":{"probability":0.716,"inBuffer":true,"facType":"fire"}},{"type":"Feature","geometry":{"type":"Point","coordinates":[-80.33858,25.79288]},"properties":{"probability":0.76,"inBuffer":true,"facType":"fire"}},{"type":"Feature","geometry":{"type":"Point","coordinates":[-80.33409,25.79288]},"properties":{"probability":0.8,"inBuffer":true,"facType":"fire"}},{"type":"Feature","geometry":{"type":"Point","coordinates":[-80.3296,25.79288]},"properties":{"probability":0.776,"inBuffer":false,"facType":"police"}},{"type":"Feature","geometry":{"type":"Point","coordinates":[-80.3251,25.79288]},"properties":{"probability":0.764,"inBuffer":true,"facType":"police"}},{"type":"Feature","geometry":{"type":"Point","coordinates":[-80.32062,25.79288]},"properties":{"probability":0.803,"inBuffer":true,"facType":"police"}},{"type":"Feature","geometry":{"type":"Point","coordinates":[-80.31612,25.79288]},"properties":{"probability":0.834,"inBuffer":false,"facType":"substation"}},{"type":"Feature","geometry":{"type":"Point","coordinates":[-80.31163,25.79288]},"properties":{"probability":0.843,"inBuffer":false,"facType":"substation"}},{"type":"Feature","geometry":{"type":"Point","coordinates":[-80.30714,25.79288]},"properties":{"probability":0.868,"inBuffer":false,"facType":"substation"}},{"type":"Feature","geometry":{"type":"Point","coordinates":[-80.30265,25.79288]},"properties":{"probability":0.857,"inBuffer":true,"facType":"substation"}},{"type":"Feature","geometry":{"type":"Point","coordinates":[-80.29816,25.79288]},"properties":{"probability":0.853,"inBuffer":true,"facType":"airport"}},{"type":"Feature","geometry":{"type":"Point","coordinates":[-80.29366,25.79288]},"properties":{"probability":0.832,"inBuffer":true,"facType":"airport"}},{"type":"Feature","geometry":{"type":"Point","coordinates":[-80.28918,25.79288]},"properties":{"probability":0.787,"inBuffer":true,"facType":"airport"}},{"type":"Feature","geometry":{"type":"Point","coordinates":[-80.28468,25.79288]},"properties":{"probability":0.844,"inBuffer":true,"facType":"airport"}},{"type":"Feature","geometry":{"type":"Point","coordinates":[-80.28019,25.79288]},"properties":{"probability":0.869,"inBuffer":true,"facType":"government"}},{"type":"Feature","geometry":{"type":"Point","coordinates":[-80.2757,25.79288]},"properties":{"probability":0.868,"inBuffer":false,"facType":"government"}},{"type":"Feature","geometry":{"type":"Point","coordinates":[-80.27121,25.79288]},"properties":{"probability":0.867,"inBuffer":false,"facType":"government"}},{"type":"Feature","geometry":{"type":"Point","coordinates":[-80.26672,25.79288]},"properties":{"probability":0.843,"inBuffer":false,"facType":"substation"}},{"type":"Feature","geometry":{"type":"Point","coordinates":[-80.26222,25.79288]},"properties":{"probability":0.728,"inBuffer":false,"facType":"substation"}},{"type":"Feature","geometry":{"type":"Point","coordinates":[-80.25774,25.79288]},"properties":{"probability":0.731,"inBuffer":false,"facType":"government"}},{"type":"Feature","geometry":{"type":"Point","coordinates":[-80.25324,25.79288]},"properties":{"probability":0.72,"inBuffer":false,"facType":"government"}},{"type":"Feature","geometry":{"type":"Point","coordinates":[-80.24875,25.79288]},"properties":{"probability":0.731,"inBuffer":false,"facType":"government"}},{"type":"Feature","geometry":{"type":"Point","coordinates":[-80.24426,25.79288]},"properties":{"probability":0.766,"inBuffer":false,"facType":"government"}},{"type":"Feature","geometry":{"type":"Point","coordinates":[-80.23977,25.79288]},"properties":{"probability":0.787,"inBuffer":false,"facType":"police"}},{"type":"Feature","geometry":{"type":"Point","coordinates":[-80.23528,25.79288]},"properties":{"probability":0.79,"inBuffer":false,"facType":"police"}},{"type":"Feature","geometry":{"type":"Point","coordinates":[-80.23078,25.79288]},"properties":{"probability":0.814,"inBuffer":true,"facType":"police"}},{"type":"Feature","geometry":{"type":"Point","coordinates":[-80.2263,25.79288]},"properties":{"probability":0.826,"inBuffer":true,"facType":"police"}},{"type":"Feature","geometry":{"type":"Point","coordinates":[-80.2218,25.79288]},"properties":{"probability":0.85,"inBuffer":true,"facType":"hospital"}},{"type":"Feature","geometry":{"type":"Point","coordinates":[-80.21731,25.79288]},"properties":{"probability":0.856,"inBuffer":true,"facType":"hospital"}},{"type":"Feature","geometry":{"type":"Point","coordinates":[-80.21281,25.79288]},"properties":{"probability":0.857,"inBuffer":true,"facType":"hospital"}},{"type":"Feature","geometry":{"type":"Point","coordinates":[-80.20833,25.79288]},"properties":{"probability":0.839,"inBuffer":true,"facType":"hospital"}},{"type":"Feature","geometry":{"type":"Point","coordinates":[-80.20383,25.79288]},"properties":{"probability":0.84,"inBuffer":true,"facType":"hospital"}},{"type":"Feature","geometry":{"type":"Point","coordinates":[-80.19934,25.79288]},"properties":{"probability":0.839,"inBuffer":true,"facType":"substation"}},{"type":"Feature","geometry":{"type":"Point","coordinates":[-80.19485,25.79288]},"properties":{"probability":0.85,"inBuffer":true,"facType":"fire"}},{"type":"Feature","geometry":{"type":"Point","coordinates":[-80.19036,25.79288]},"properties":{"probability":0.845,"inBuffer":true,"facType":"government"}},{"type":"Feature","geometry":{"type":"Point","coordinates":[-80.18587,25.79288]},"properties":{"probability":0.722,"inBuffer":true,"facType":"government"}},{"type":"Feature","geometry":{"type":"Point","coordinates":[-80.18137,25.79288]},"properties":{"probability":0.521,"inBuffer":true,"facType":"government"}},{"type":"Feature","geometry":{"type":"Point","coordinates":[-80.17689,25.79288]},"properties":{"probability":0.564,"inBuffer":true,"facType":"government"}},{"type":"Feature","geometry":{"type":"Point","coordinates":[-80.17239,25.79288]},"properties":{"probability":0.582,"inBuffer":true,"facType":"police"}},{"type":"Feature","geometry":{"type":"Point","coordinates":[-80.1679,25.79288]},"properties":{"probability":0.47,"inBuffer":false,"facType":"police"}},{"type":"Feature","geometry":{"type":"Point","coordinates":[-80.16341,25.79288]},"properties":{"probability":0.532,"inBuffer":false,"facType":"government"}},{"type":"Feature","geometry":{"type":"Point","coordinates":[-80.15892,25.79288]},"properties":{"probability":0.612,"inBuffer":false,"facType":"government"}},{"type":"Feature","geometry":{"type":"Point","coordinates":[-80.15443,25.79288]},"properties":{"probability":0.631,"inBuffer":false,"facType":"government"}},{"type":"Feature","geometry":{"type":"Point","coordinates":[-80.14993,25.79288]},"properties":{"probability":0.729,"inBuffer":true,"facType":"government"}},{"type":"Feature","geometry":{"type":"Point","coordinates":[-80.14545,25.79288]},"properties":{"probability":0.8,"inBuffer":true,"facType":"police"}},{"type":"Feature","geometry":{"type":"Point","coordinates":[-80.14095,25.79288]},"properties":{"probability":0.827,"inBuffer":true,"facType":"substation"}},{"type":"Feature","geometry":{"type":"Point","coordinates":[-80.13646,25.79288]},"properties":{"probability":0.842,"inBuffer":false,"facType":"government"}},{"type":"Feature","geometry":{"type":"Point","coordinates":[-80.13197,25.79288]},"properties":{"probability":0.831,"inBuffer":false,"facType":"government"}},{"type":"Feature","geometry":{"type":"Point","coordinates":[-80.12748,25.79288]},"properties":{"probability":0.731,"inBuffer":false,"facType":"government"}},{"type":"Feature","geometry":{"type":"Point","coordinates":[-80.12299,25.79288]},"properties":{"probability":0.332,"inBuffer":false,"facType":"government"}},{"type":"Feature","geometry":{"type":"Point","coordinates":[-80.11849,25.79288]},"properties":{"probability":0.194,"inBuffer":false,"facType":"government"}},{"type":"Feature","geometry":{"type":"Point","coordinates":[-80.11401,25.79288]},"properties":{"probability":0.16,"inBuffer":false,"facType":"fire"}},{"type":"Feature","geometry":{"type":"Point","coordinates":[-80.35206,25.78839]},"properties":{"probability":0.689,"inBuffer":false,"facType":"government"}},{"type":"Feature","geometry":{"type":"Point","coordinates":[-80.34756,25.78839]},"properties":{"probability":0.651,"inBuffer":false,"facType":"government"}},{"type":"Feature","geometry":{"type":"Point","coordinates":[-80.34307,25.78839]},"properties":{"probability":0.711,"inBuffer":true,"facType":"government"}},{"type":"Feature","geometry":{"type":"Point","coordinates":[-80.33858,25.78839]},"properties":{"probability":0.779,"inBuffer":true,"facType":"fire"}},{"type":"Feature","geometry":{"type":"Point","coordinates":[-80.33409,25.78839]},"properties":{"probability":0.831,"inBuffer":true,"facType":"fire"}},{"type":"Feature","geometry":{"type":"Point","coordinates":[-80.3296,25.78839]},"properties":{"probability":0.745,"inBuffer":true,"facType":"police"}},{"type":"Feature","geometry":{"type":"Point","coordinates":[-80.3251,25.78839]},"properties":{"probability":0.718,"inBuffer":true,"facType":"police"}},{"type":"Feature","geometry":{"type":"Point","coordinates":[-80.32062,25.78839]},"properties":{"probability":0.737,"inBuffer":true,"facType":"police"}},{"type":"Feature","geometry":{"type":"Point","coordinates":[-80.31612,25.78839]},"properties":{"probability":0.743,"inBuffer":true,"facType":"substation"}},{"type":"Feature","geometry":{"type":"Point","coordinates":[-80.31163,25.78839]},"properties":{"probability":0.831,"inBuffer":false,"facType":"substation"}},{"type":"Feature","geometry":{"type":"Point","coordinates":[-80.30714,25.78839]},"properties":{"probability":0.844,"inBuffer":false,"facType":"substation"}},{"type":"Feature","geometry":{"type":"Point","coordinates":[-80.30265,25.78839]},"properties":{"probability":0.847,"inBuffer":false,"facType":"substation"}},{"type":"Feature","geometry":{"type":"Point","coordinates":[-80.29816,25.78839]},"properties":{"probability":0.853,"inBuffer":true,"facType":"airport"}},{"type":"Feature","geometry":{"type":"Point","coordinates":[-80.29366,25.78839]},"properties":{"probability":0.789,"inBuffer":true,"facType":"airport"}},{"type":"Feature","geometry":{"type":"Point","coordinates":[-80.28918,25.78839]},"properties":{"probability":0.722,"inBuffer":true,"facType":"airport"}},{"type":"Feature","geometry":{"type":"Point","coordinates":[-80.28468,25.78839]},"properties":{"probability":0.722,"inBuffer":true,"facType":"airport"}},{"type":"Feature","geometry":{"type":"Point","coordinates":[-80.28019,25.78839]},"properties":{"probability":0.824,"inBuffer":false,"facType":"government"}},{"type":"Feature","geometry":{"type":"Point","coordinates":[-80.2757,25.78839]},"properties":{"probability":0.859,"inBuffer":false,"facType":"government"}},{"type":"Feature","geometry":{"type":"Point","coordinates":[-80.27121,25.78839]},"properties":{"probability":0.864,"inBuffer":false,"facType":"government"}},{"type":"Feature","geometry":{"type":"Point","coordinates":[-80.26672,25.78839]},"properties":{"probability":0.839,"inBuffer":false,"facType":"substation"}},{"type":"Feature","geometry":{"type":"Point","coordinates":[-80.26222,25.78839]},"properties":{"probability":0.707,"inBuffer":true,"facType":"substation"}},{"type":"Feature","geometry":{"type":"Point","coordinates":[-80.25774,25.78839]},"properties":{"probability":0.706,"inBuffer":true,"facType":"police"}},{"type":"Feature","geometry":{"type":"Point","coordinates":[-80.25324,25.78839]},"properties":{"probability":0.694,"inBuffer":false,"facType":"government"}},{"type":"Feature","geometry":{"type":"Point","coordinates":[-80.24875,25.78839]},"properties":{"probability":0.703,"inBuffer":false,"facType":"government"}},{"type":"Feature","geometry":{"type":"Point","coordinates":[-80.24426,25.78839]},"properties":{"probability":0.719,"inBuffer":false,"facType":"government"}},{"type":"Feature","geometry":{"type":"Point","coordinates":[-80.23977,25.78839]},"properties":{"probability":0.755,"inBuffer":false,"facType":"substation"}},{"type":"Feature","geometry":{"type":"Point","coordinates":[-80.23528,25.78839]},"properties":{"probability":0.758,"inBuffer":false,"facType":"substation"}},{"type":"Feature","geometry":{"type":"Point","coordinates":[-80.23078,25.78839]},"properties":{"probability":0.753,"inBuffer":false,"facType":"substation"}},{"type":"Feature","geometry":{"type":"Point","coordinates":[-80.2263,25.78839]},"properties":{"probability":0.779,"inBuffer":true,"facType":"substation"}},{"type":"Feature","geometry":{"type":"Point","coordinates":[-80.2218,25.78839]},"properties":{"probability":0.832,"inBuffer":true,"facType":"hospital"}},{"type":"Feature","geometry":{"type":"Point","coordinates":[-80.21731,25.78839]},"properties":{"probability":0.856,"inBuffer":true,"facType":"hospital"}},{"type":"Feature","geometry":{"type":"Point","coordinates":[-80.21281,25.78839]},"properties":{"probability":0.861,"inBuffer":true,"facType":"hospital"}},{"type":"Feature","geometry":{"type":"Point","coordinates":[-80.20833,25.78839]},"properties":{"probability":0.83,"inBuffer":true,"facType":"hospital"}},{"type":"Feature","geometry":{"type":"Point","coordinates":[-80.20383,25.78839]},"properties":{"probability":0.827,"inBuffer":true,"facType":"police"}},{"type":"Feature","geometry":{"type":"Point","coordinates":[-80.19934,25.78839]},"properties":{"probability":0.841,"inBuffer":true,"facType":"police"}},{"type":"Feature","geometry":{"type":"Point","coordinates":[-80.19485,25.78839]},"properties":{"probability":0.859,"inBuffer":true,"facType":"substation"}},{"type":"Feature","geometry":{"type":"Point","coordinates":[-80.19036,25.78839]},"properties":{"probability":0.845,"inBuffer":true,"facType":"police"}},{"type":"Feature","geometry":{"type":"Point","coordinates":[-80.18587,25.78839]},"properties":{"probability":0.722,"inBuffer":true,"facType":"government"}},{"type":"Feature","geometry":{"type":"Point","coordinates":[-80.18137,25.78839]},"properties":{"probability":0.701,"inBuffer":true,"facType":"government"}},{"type":"Feature","geometry":{"type":"Point","coordinates":[-80.17689,25.78839]},"properties":{"probability":0.705,"inBuffer":true,"facType":"government"}},{"type":"Feature","geometry":{"type":"Point","coordinates":[-80.17239,25.78839]},"properties":{"probability":0.637,"inBuffer":true,"facType":"police"}},{"type":"Feature","geometry":{"type":"Point","coordinates":[-80.1679,25.78839]},"properties":{"probability":0.639,"inBuffer":true,"facType":"police"}},{"type":"Feature","geometry":{"type":"Point","coordinates":[-80.16341,25.78839]},"properties":{"probability":0.647,"inBuffer":false,"facType":"police"}},{"type":"Feature","geometry":{"type":"Point","coordinates":[-80.15892,25.78839]},"properties":{"probability":0.653,"inBuffer":false,"facType":"government"}},{"type":"Feature","geometry":{"type":"Point","coordinates":[-80.15443,25.78839]},"properties":{"probability":0.641,"inBuffer":false,"facType":"government"}},{"type":"Feature","geometry":{"type":"Point","coordinates":[-80.14993,25.78839]},"properties":{"probability":0.731,"inBuffer":false,"facType":"government"}},{"type":"Feature","geometry":{"type":"Point","coordinates":[-80.14545,25.78839]},"properties":{"probability":0.824,"inBuffer":true,"facType":"police"}},{"type":"Feature","geometry":{"type":"Point","coordinates":[-80.14095,25.78839]},"properties":{"probability":0.841,"inBuffer":true,"facType":"hospital"}},{"type":"Feature","geometry":{"type":"Point","coordinates":[-80.13646,25.78839]},"properties":{"probability":0.843,"inBuffer":true,"facType":"government"}},{"type":"Feature","geometry":{"type":"Point","coordinates":[-80.13197,25.78839]},"properties":{"probability":0.84,"inBuffer":true,"facType":"government"}},{"type":"Feature","geometry":{"type":"Point","coordinates":[-80.12748,25.78839]},"properties":{"probability":0.713,"inBuffer":false,"facType":"government"}},{"type":"Feature","geometry":{"type":"Point","coordinates":[-80.12299,25.78839]},"properties":{"probability":0.392,"inBuffer":false,"facType":"fire"}},{"type":"Feature","geometry":{"type":"Point","coordinates":[-80.11849,25.78839]},"properties":{"probability":0.201,"inBuffer":false,"facType":"fire"}},{"type":"Feature","geometry":{"type":"Point","coordinates":[-80.11401,25.78839]},"properties":{"probability":0.205,"inBuffer":false,"facType":"fire"}},{"type":"Feature","geometry":{"type":"Point","coordinates":[-80.35206,25.78389]},"properties":{"probability":0.775,"inBuffer":false,"facType":"government"}},{"type":"Feature","geometry":{"type":"Point","coordinates":[-80.34756,25.78389]},"properties":{"probability":0.707,"inBuffer":false,"facType":"government"}},{"type":"Feature","geometry":{"type":"Point","coordinates":[-80.34307,25.78389]},"properties":{"probability":0.735,"inBuffer":false,"facType":"government"}},{"type":"Feature","geometry":{"type":"Point","coordinates":[-80.33858,25.78389]},"properties":{"probability":0.838,"inBuffer":false,"facType":"government"}},{"type":"Feature","geometry":{"type":"Point","coordinates":[-80.33409,25.78389]},"properties":{"probability":0.843,"inBuffer":false,"facType":"government"}},{"type":"Feature","geometry":{"type":"Point","coordinates":[-80.3296,25.78389]},"properties":{"probability":0.729,"inBuffer":true,"facType":"police"}},{"type":"Feature","geometry":{"type":"Point","coordinates":[-80.3251,25.78389]},"properties":{"probability":0.722,"inBuffer":true,"facType":"police"}},{"type":"Feature","geometry":{"type":"Point","coordinates":[-80.32062,25.78389]},"properties":{"probability":0.75,"inBuffer":true,"facType":"police"}},{"type":"Feature","geometry":{"type":"Point","coordinates":[-80.31612,25.78389]},"properties":{"probability":0.712,"inBuffer":false,"facType":"substation"}},{"type":"Feature","geometry":{"type":"Point","coordinates":[-80.31163,25.78389]},"properties":{"probability":0.711,"inBuffer":false,"facType":"substation"}},{"type":"Feature","geometry":{"type":"Point","coordinates":[-80.30714,25.78389]},"properties":{"probability":0.744,"inBuffer":false,"facType":"substation"}},{"type":"Feature","geometry":{"type":"Point","coordinates":[-80.30265,25.78389]},"properties":{"probability":0.737,"inBuffer":false,"facType":"substation"}},{"type":"Feature","geometry":{"type":"Point","coordinates":[-80.29816,25.78389]},"properties":{"probability":0.714,"inBuffer":true,"facType":"hospital"}},{"type":"Feature","geometry":{"type":"Point","coordinates":[-80.29366,25.78389]},"properties":{"probability":0.712,"inBuffer":true,"facType":"hospital"}},{"type":"Feature","geometry":{"type":"Point","coordinates":[-80.28918,25.78389]},"properties":{"probability":0.708,"inBuffer":true,"facType":"hospital"}},{"type":"Feature","geometry":{"type":"Point","coordinates":[-80.28468,25.78389]},"properties":{"probability":0.632,"inBuffer":false,"facType":"substation"}},{"type":"Feature","geometry":{"type":"Point","coordinates":[-80.28019,25.78389]},"properties":{"probability":0.678,"inBuffer":false,"facType":"substation"}},{"type":"Feature","geometry":{"type":"Point","coordinates":[-80.2757,25.78389]},"properties":{"probability":0.712,"inBuffer":false,"facType":"substation"}},{"type":"Feature","geometry":{"type":"Point","coordinates":[-80.27121,25.78389]},"properties":{"probability":0.734,"inBuffer":false,"facType":"substation"}},{"type":"Feature","geometry":{"type":"Point","coordinates":[-80.26672,25.78389]},"properties":{"probability":0.831,"inBuffer":true,"facType":"fire"}},{"type":"Feature","geometry":{"type":"Point","coordinates":[-80.26222,25.78389]},"properties":{"probability":0.723,"inBuffer":true,"facType":"police"}},{"type":"Feature","geometry":{"type":"Point","coordinates":[-80.25774,25.78389]},"properties":{"probability":0.727,"inBuffer":true,"facType":"police"}},{"type":"Feature","geometry":{"type":"Point","coordinates":[-80.25324,25.78389]},"properties":{"probability":0.702,"inBuffer":true,"facType":"government"}},{"type":"Feature","geometry":{"type":"Point","coordinates":[-80.24875,25.78389]},"properties":{"probability":0.707,"inBuffer":false,"facType":"government"}},{"type":"Feature","geometry":{"type":"Point","coordinates":[-80.24426,25.78389]},"properties":{"probability":0.713,"inBuffer":false,"facType":"government"}},{"type":"Feature","geometry":{"type":"Point","coordinates":[-80.23977,25.78389]},"properties":{"probability":0.759,"inBuffer":false,"facType":"substation"}},{"type":"Feature","geometry":{"type":"Point","coordinates":[-80.23528,25.78389]},"properties":{"probability":0.745,"inBuffer":false,"facType":"substation"}},{"type":"Feature","geometry":{"type":"Point","coordinates":[-80.23078,25.78389]},"properties":{"probability":0.749,"inBuffer":false,"facType":"substation"}},{"type":"Feature","geometry":{"type":"Point","coordinates":[-80.2263,25.78389]},"properties":{"probability":0.745,"inBuffer":false,"facType":"substation"}},{"type":"Feature","geometry":{"type":"Point","coordinates":[-80.2218,25.78389]},"properties":{"probability":0.777,"inBuffer":true,"facType":"police"}},{"type":"Feature","geometry":{"type":"Point","coordinates":[-80.21731,25.78389]},"properties":{"probability":0.847,"inBuffer":true,"facType":"police"}},{"type":"Feature","geometry":{"type":"Point","coordinates":[-80.21281,25.78389]},"properties":{"probability":0.858,"inBuffer":true,"facType":"police"}},{"type":"Feature","geometry":{"type":"Point","coordinates":[-80.20833,25.78389]},"properties":{"probability":0.835,"inBuffer":true,"facType":"substation"}},{"type":"Feature","geometry":{"type":"Point","coordinates":[-80.20383,25.78389]},"properties":{"probability":0.835,"inBuffer":true,"facType":"substation"}},{"type":"Feature","geometry":{"type":"Point","coordinates":[-80.19934,25.78389]},"properties":{"probability":0.846,"inBuffer":true,"facType":"substation"}},{"type":"Feature","geometry":{"type":"Point","coordinates":[-80.19485,25.78389]},"properties":{"probability":0.863,"inBuffer":true,"facType":"police"}},{"type":"Feature","geometry":{"type":"Point","coordinates":[-80.19036,25.78389]},"properties":{"probability":0.857,"inBuffer":true,"facType":"police"}},{"type":"Feature","geometry":{"type":"Point","coordinates":[-80.18587,25.78389]},"properties":{"probability":0.745,"inBuffer":true,"facType":"police"}},{"type":"Feature","geometry":{"type":"Point","coordinates":[-80.18137,25.78389]},"properties":{"probability":0.713,"inBuffer":true,"facType":"airport"}},{"type":"Feature","geometry":{"type":"Point","coordinates":[-80.17689,25.78389]},"properties":{"probability":0.732,"inBuffer":true,"facType":"airport"}},{"type":"Feature","geometry":{"type":"Point","coordinates":[-80.17239,25.78389]},"properties":{"probability":0.644,"inBuffer":true,"facType":"police"}},{"type":"Feature","geometry":{"type":"Point","coordinates":[-80.1679,25.78389]},"properties":{"probability":0.627,"inBuffer":true,"facType":"police"}},{"type":"Feature","geometry":{"type":"Point","coordinates":[-80.16341,25.78389]},"properties":{"probability":0.609,"inBuffer":false,"facType":"police"}},{"type":"Feature","geometry":{"type":"Point","coordinates":[-80.15892,25.78389]},"properties":{"probability":0.602,"inBuffer":false,"facType":"government"}},{"type":"Feature","geometry":{"type":"Point","coordinates":[-80.15443,25.78389]},"properties":{"probability":0.452,"inBuffer":false,"facType":"government"}},{"type":"Feature","geometry":{"type":"Point","coordinates":[-80.14993,25.78389]},"properties":{"probability":0.614,"inBuffer":false,"facType":"government"}},{"type":"Feature","geometry":{"type":"Point","coordinates":[-80.14545,25.78389]},"properties":{"probability":0.739,"inBuffer":true,"facType":"hospital"}},{"type":"Feature","geometry":{"type":"Point","coordinates":[-80.14095,25.78389]},"properties":{"probability":0.803,"inBuffer":true,"facType":"hospital"}},{"type":"Feature","geometry":{"type":"Point","coordinates":[-80.13646,25.78389]},"properties":{"probability":0.843,"inBuffer":true,"facType":"fire"}},{"type":"Feature","geometry":{"type":"Point","coordinates":[-80.13197,25.78389]},"properties":{"probability":0.842,"inBuffer":true,"facType":"government"}},{"type":"Feature","geometry":{"type":"Point","coordinates":[-80.12748,25.78389]},"properties":{"probability":0.658,"inBuffer":true,"facType":"fire"}},{"type":"Feature","geometry":{"type":"Point","coordinates":[-80.12299,25.78389]},"properties":{"probability":0.226,"inBuffer":false,"facType":"fire"}},{"type":"Feature","geometry":{"type":"Point","coordinates":[-80.11849,25.78389]},"properties":{"probability":0.18,"inBuffer":false,"facType":"fire"}},{"type":"Feature","geometry":{"type":"Point","coordinates":[-80.11401,25.78389]},"properties":{"probability":0.166,"inBuffer":false,"facType":"fire"}},{"type":"Feature","geometry":{"type":"Point","coordinates":[-80.35206,25.7794]},"properties":{"probability":0.767,"inBuffer":false,"facType":"government"}},{"type":"Feature","geometry":{"type":"Point","coordinates":[-80.34756,25.7794]},"properties":{"probability":0.724,"inBuffer":false,"facType":"government"}},{"type":"Feature","geometry":{"type":"Point","coordinates":[-80.34307,25.7794]},"properties":{"probability":0.742,"inBuffer":false,"facType":"government"}},{"type":"Feature","geometry":{"type":"Point","coordinates":[-80.33858,25.7794]},"properties":{"probability":0.798,"inBuffer":false,"facType":"government"}},{"type":"Feature","geometry":{"type":"Point","coordinates":[-80.33409,25.7794]},"properties":{"probability":0.83,"inBuffer":false,"facType":"substation"}},{"type":"Feature","geometry":{"type":"Point","coordinates":[-80.3296,25.7794]},"properties":{"probability":0.785,"inBuffer":true,"facType":"substation"}},{"type":"Feature","geometry":{"type":"Point","coordinates":[-80.3251,25.7794]},"properties":{"probability":0.806,"inBuffer":true,"facType":"police"}},{"type":"Feature","geometry":{"type":"Point","coordinates":[-80.32062,25.7794]},"properties":{"probability":0.839,"inBuffer":true,"facType":"police"}},{"type":"Feature","geometry":{"type":"Point","coordinates":[-80.31612,25.7794]},"properties":{"probability":0.802,"inBuffer":false,"facType":"substation"}},{"type":"Feature","geometry":{"type":"Point","coordinates":[-80.31163,25.7794]},"properties":{"probability":0.719,"inBuffer":false,"facType":"substation"}},{"type":"Feature","geometry":{"type":"Point","coordinates":[-80.30714,25.7794]},"properties":{"probability":0.694,"inBuffer":false,"facType":"substation"}},{"type":"Feature","geometry":{"type":"Point","coordinates":[-80.30265,25.7794]},"properties":{"probability":0.687,"inBuffer":false,"facType":"hospital"}},{"type":"Feature","geometry":{"type":"Point","coordinates":[-80.29816,25.7794]},"properties":{"probability":0.7,"inBuffer":true,"facType":"hospital"}},{"type":"Feature","geometry":{"type":"Point","coordinates":[-80.29366,25.7794]},"properties":{"probability":0.732,"inBuffer":true,"facType":"hospital"}},{"type":"Feature","geometry":{"type":"Point","coordinates":[-80.28918,25.7794]},"properties":{"probability":0.746,"inBuffer":true,"facType":"substation"}},{"type":"Feature","geometry":{"type":"Point","coordinates":[-80.28468,25.7794]},"properties":{"probability":0.699,"inBuffer":false,"facType":"substation"}},{"type":"Feature","geometry":{"type":"Point","coordinates":[-80.28019,25.7794]},"properties":{"probability":0.697,"inBuffer":false,"facType":"substation"}},{"type":"Feature","geometry":{"type":"Point","coordinates":[-80.2757,25.7794]},"properties":{"probability":0.715,"inBuffer":false,"facType":"substation"}},{"type":"Feature","geometry":{"type":"Point","coordinates":[-80.27121,25.7794]},"properties":{"probability":0.749,"inBuffer":false,"facType":"substation"}},{"type":"Feature","geometry":{"type":"Point","coordinates":[-80.26672,25.7794]},"properties":{"probability":0.835,"inBuffer":true,"facType":"fire"}},{"type":"Feature","geometry":{"type":"Point","coordinates":[-80.26222,25.7794]},"properties":{"probability":0.833,"inBuffer":true,"facType":"fire"}},{"type":"Feature","geometry":{"type":"Point","coordinates":[-80.25774,25.7794]},"properties":{"probability":0.79,"inBuffer":true,"facType":"government"}},{"type":"Feature","geometry":{"type":"Point","coordinates":[-80.25324,25.7794]},"properties":{"probability":0.734,"inBuffer":true,"facType":"government"}},{"type":"Feature","geometry":{"type":"Point","coordinates":[-80.24875,25.7794]},"properties":{"probability":0.72,"inBuffer":false,"facType":"government"}},{"type":"Feature","geometry":{"type":"Point","coordinates":[-80.24426,25.7794]},"properties":{"probability":0.751,"inBuffer":false,"facType":"police"}},{"type":"Feature","geometry":{"type":"Point","coordinates":[-80.23977,25.7794]},"properties":{"probability":0.759,"inBuffer":false,"facType":"police"}},{"type":"Feature","geometry":{"type":"Point","coordinates":[-80.23528,25.7794]},"properties":{"probability":0.76,"inBuffer":false,"facType":"police"}},{"type":"Feature","geometry":{"type":"Point","coordinates":[-80.23078,25.7794]},"properties":{"probability":0.755,"inBuffer":false,"facType":"substation"}},{"type":"Feature","geometry":{"type":"Point","coordinates":[-80.2263,25.7794]},"properties":{"probability":0.759,"inBuffer":false,"facType":"substation"}},{"type":"Feature","geometry":{"type":"Point","coordinates":[-80.2218,25.7794]},"properties":{"probability":0.77,"inBuffer":false,"facType":"substation"}},{"type":"Feature","geometry":{"type":"Point","coordinates":[-80.21731,25.7794]},"properties":{"probability":0.841,"inBuffer":true,"facType":"fire"}},{"type":"Feature","geometry":{"type":"Point","coordinates":[-80.21281,25.7794]},"properties":{"probability":0.842,"inBuffer":true,"facType":"fire"}},{"type":"Feature","geometry":{"type":"Point","coordinates":[-80.20833,25.7794]},"properties":{"probability":0.83,"inBuffer":true,"facType":"hospital"}},{"type":"Feature","geometry":{"type":"Point","coordinates":[-80.20383,25.7794]},"properties":{"probability":0.844,"inBuffer":true,"facType":"substation"}},{"type":"Feature","geometry":{"type":"Point","coordinates":[-80.19934,25.7794]},"properties":{"probability":0.859,"inBuffer":true,"facType":"police"}},{"type":"Feature","geometry":{"type":"Point","coordinates":[-80.19485,25.7794]},"properties":{"probability":0.859,"inBuffer":true,"facType":"police"}},{"type":"Feature","geometry":{"type":"Point","coordinates":[-80.19036,25.7794]},"properties":{"probability":0.849,"inBuffer":true,"facType":"fire"}},{"type":"Feature","geometry":{"type":"Point","coordinates":[-80.18587,25.7794]},"properties":{"probability":0.812,"inBuffer":true,"facType":"police"}},{"type":"Feature","geometry":{"type":"Point","coordinates":[-80.18137,25.7794]},"properties":{"probability":0.758,"inBuffer":true,"facType":"government"}},{"type":"Feature","geometry":{"type":"Point","coordinates":[-80.17689,25.7794]},"properties":{"probability":0.74,"inBuffer":true,"facType":"government"}},{"type":"Feature","geometry":{"type":"Point","coordinates":[-80.17239,25.7794]},"properties":{"probability":0.716,"inBuffer":true,"facType":"airport"}},{"type":"Feature","geometry":{"type":"Point","coordinates":[-80.1679,25.7794]},"properties":{"probability":0.631,"inBuffer":true,"facType":"fire"}},{"type":"Feature","geometry":{"type":"Point","coordinates":[-80.16341,25.7794]},"properties":{"probability":0.617,"inBuffer":true,"facType":"fire"}},{"type":"Feature","geometry":{"type":"Point","coordinates":[-80.15892,25.7794]},"properties":{"probability":0.581,"inBuffer":false,"facType":"fire"}},{"type":"Feature","geometry":{"type":"Point","coordinates":[-80.15443,25.7794]},"properties":{"probability":0.359,"inBuffer":false,"facType":"substation"}},{"type":"Feature","geometry":{"type":"Point","coordinates":[-80.14993,25.7794]},"properties":{"probability":0.573,"inBuffer":false,"facType":"substation"}},{"type":"Feature","geometry":{"type":"Point","coordinates":[-80.14545,25.7794]},"properties":{"probability":0.684,"inBuffer":true,"facType":"hospital"}},{"type":"Feature","geometry":{"type":"Point","coordinates":[-80.14095,25.7794]},"properties":{"probability":0.742,"inBuffer":true,"facType":"hospital"}},{"type":"Feature","geometry":{"type":"Point","coordinates":[-80.13646,25.7794]},"properties":{"probability":0.833,"inBuffer":true,"facType":"fire"}},{"type":"Feature","geometry":{"type":"Point","coordinates":[-80.13197,25.7794]},"properties":{"probability":0.844,"inBuffer":true,"facType":"fire"}},{"type":"Feature","geometry":{"type":"Point","coordinates":[-80.12748,25.7794]},"properties":{"probability":0.67,"inBuffer":true,"facType":"fire"}},{"type":"Feature","geometry":{"type":"Point","coordinates":[-80.12299,25.7794]},"properties":{"probability":0.262,"inBuffer":true,"facType":"fire"}},{"type":"Feature","geometry":{"type":"Point","coordinates":[-80.11849,25.7794]},"properties":{"probability":0.183,"inBuffer":false,"facType":"fire"}},{"type":"Feature","geometry":{"type":"Point","coordinates":[-80.11401,25.7794]},"properties":{"probability":0.178,"inBuffer":false,"facType":"fire"}},{"type":"Feature","geometry":{"type":"Point","coordinates":[-80.35206,25.77491]},"properties":{"probability":0.753,"inBuffer":false,"facType":"substation"}},{"type":"Feature","geometry":{"type":"Point","coordinates":[-80.34756,25.77491]},"properties":{"probability":0.745,"inBuffer":false,"facType":"substation"}},{"type":"Feature","geometry":{"type":"Point","coordinates":[-80.34307,25.77491]},"properties":{"probability":0.745,"inBuffer":false,"facType":"substation"}},{"type":"Feature","geometry":{"type":"Point","coordinates":[-80.33858,25.77491]},"properties":{"probability":0.737,"inBuffer":false,"facType":"substation"}},{"type":"Feature","geometry":{"type":"Point","coordinates":[-80.33409,25.77491]},"properties":{"probability":0.777,"inBuffer":false,"facType":"substation"}},{"type":"Feature","geometry":{"type":"Point","coordinates":[-80.3296,25.77491]},"properties":{"probability":0.825,"inBuffer":false,"facType":"substation"}},{"type":"Feature","geometry":{"type":"Point","coordinates":[-80.3251,25.77491]},"properties":{"probability":0.838,"inBuffer":false,"facType":"substation"}},{"type":"Feature","geometry":{"type":"Point","coordinates":[-80.32062,25.77491]},"properties":{"probability":0.711,"inBuffer":false,"facType":"substation"}},{"type":"Feature","geometry":{"type":"Point","coordinates":[-80.31612,25.77491]},"properties":{"probability":0.731,"inBuffer":false,"facType":"substation"}},{"type":"Feature","geometry":{"type":"Point","coordinates":[-80.31163,25.77491]},"properties":{"probability":0.711,"inBuffer":false,"facType":"substation"}},{"type":"Feature","geometry":{"type":"Point","coordinates":[-80.30714,25.77491]},"properties":{"probability":0.662,"inBuffer":false,"facType":"substation"}},{"type":"Feature","geometry":{"type":"Point","coordinates":[-80.30265,25.77491]},"properties":{"probability":0.676,"inBuffer":false,"facType":"hospital"}},{"type":"Feature","geometry":{"type":"Point","coordinates":[-80.29816,25.77491]},"properties":{"probability":0.713,"inBuffer":true,"facType":"hospital"}},{"type":"Feature","geometry":{"type":"Point","coordinates":[-80.29366,25.77491]},"properties":{"probability":0.718,"inBuffer":true,"facType":"hospital"}},{"type":"Feature","geometry":{"type":"Point","coordinates":[-80.28918,25.77491]},"properties":{"probability":0.75,"inBuffer":true,"facType":"substation"}},{"type":"Feature","geometry":{"type":"Point","coordinates":[-80.28468,25.77491]},"properties":{"probability":0.719,"inBuffer":false,"facType":"substation"}},{"type":"Feature","geometry":{"type":"Point","coordinates":[-80.28019,25.77491]},"properties":{"probability":0.685,"inBuffer":false,"facType":"substation"}},{"type":"Feature","geometry":{"type":"Point","coordinates":[-80.2757,25.77491]},"properties":{"probability":0.708,"inBuffer":false,"facType":"substation"}},{"type":"Feature","geometry":{"type":"Point","coordinates":[-80.27121,25.77491]},"properties":{"probability":0.723,"inBuffer":true,"facType":"substation"}},{"type":"Feature","geometry":{"type":"Point","coordinates":[-80.26672,25.77491]},"properties":{"probability":0.745,"inBuffer":true,"facType":"police"}},{"type":"Feature","geometry":{"type":"Point","coordinates":[-80.26222,25.77491]},"properties":{"probability":0.779,"inBuffer":true,"facType":"fire"}},{"type":"Feature","geometry":{"type":"Point","coordinates":[-80.25774,25.77491]},"properties":{"probability":0.785,"inBuffer":true,"facType":"fire"}},{"type":"Feature","geometry":{"type":"Point","coordinates":[-80.25324,25.77491]},"properties":{"probability":0.729,"inBuffer":false,"facType":"government"}},{"type":"Feature","geometry":{"type":"Point","coordinates":[-80.24875,25.77491]},"properties":{"probability":0.709,"inBuffer":false,"facType":"police"}},{"type":"Feature","geometry":{"type":"Point","coordinates":[-80.24426,25.77491]},"properties":{"probability":0.746,"inBuffer":true,"facType":"police"}},{"type":"Feature","geometry":{"type":"Point","coordinates":[-80.23977,25.77491]},"properties":{"probability":0.781,"inBuffer":true,"facType":"police"}},{"type":"Feature","geometry":{"type":"Point","coordinates":[-80.23528,25.77491]},"properties":{"probability":0.765,"inBuffer":true,"facType":"police"}},{"type":"Feature","geometry":{"type":"Point","coordinates":[-80.23078,25.77491]},"properties":{"probability":0.771,"inBuffer":true,"facType":"police"}},{"type":"Feature","geometry":{"type":"Point","coordinates":[-80.2263,25.77491]},"properties":{"probability":0.796,"inBuffer":true,"facType":"police"}},{"type":"Feature","geometry":{"type":"Point","coordinates":[-80.2218,25.77491]},"properties":{"probability":0.835,"inBuffer":true,"facType":"police"}},{"type":"Feature","geometry":{"type":"Point","coordinates":[-80.21731,25.77491]},"properties":{"probability":0.836,"inBuffer":true,"facType":"police"}},{"type":"Feature","geometry":{"type":"Point","coordinates":[-80.21281,25.77491]},"properties":{"probability":0.832,"inBuffer":true,"facType":"hospital"}},{"type":"Feature","geometry":{"type":"Point","coordinates":[-80.20833,25.77491]},"properties":{"probability":0.84,"inBuffer":true,"facType":"hospital"}},{"type":"Feature","geometry":{"type":"Point","coordinates":[-80.20383,25.77491]},"properties":{"probability":0.847,"inBuffer":true,"facType":"police"}},{"type":"Feature","geometry":{"type":"Point","coordinates":[-80.19934,25.77491]},"properties":{"probability":0.859,"inBuffer":true,"facType":"police"}},{"type":"Feature","geometry":{"type":"Point","coordinates":[-80.19485,25.77491]},"properties":{"probability":0.855,"inBuffer":true,"facType":"police"}},{"type":"Feature","geometry":{"type":"Point","coordinates":[-80.19036,25.77491]},"properties":{"probability":0.844,"inBuffer":true,"facType":"fire"}},{"type":"Feature","geometry":{"type":"Point","coordinates":[-80.18587,25.77491]},"properties":{"probability":0.764,"inBuffer":true,"facType":"police"}},{"type":"Feature","geometry":{"type":"Point","coordinates":[-80.18137,25.77491]},"properties":{"probability":0.716,"inBuffer":true,"facType":"government"}},{"type":"Feature","geometry":{"type":"Point","coordinates":[-80.17689,25.77491]},"properties":{"probability":0.828,"inBuffer":true,"facType":"airport"}},{"type":"Feature","geometry":{"type":"Point","coordinates":[-80.17239,25.77491]},"properties":{"probability":0.845,"inBuffer":true,"facType":"airport"}},{"type":"Feature","geometry":{"type":"Point","coordinates":[-80.1679,25.77491]},"properties":{"probability":0.853,"inBuffer":true,"facType":"fire"}},{"type":"Feature","geometry":{"type":"Point","coordinates":[-80.16341,25.77491]},"properties":{"probability":0.846,"inBuffer":true,"facType":"fire"}},{"type":"Feature","geometry":{"type":"Point","coordinates":[-80.15892,25.77491]},"properties":{"probability":0.793,"inBuffer":false,"facType":"fire"}},{"type":"Feature","geometry":{"type":"Point","coordinates":[-80.15443,25.77491]},"properties":{"probability":0.737,"inBuffer":false,"facType":"substation"}},{"type":"Feature","geometry":{"type":"Point","coordinates":[-80.14993,25.77491]},"properties":{"probability":0.72,"inBuffer":false,"facType":"substation"}},{"type":"Feature","geometry":{"type":"Point","coordinates":[-80.14545,25.77491]},"properties":{"probability":0.767,"inBuffer":true,"facType":"government"}},{"type":"Feature","geometry":{"type":"Point","coordinates":[-80.14095,25.77491]},"properties":{"probability":0.83,"inBuffer":true,"facType":"hospital"}},{"type":"Feature","geometry":{"type":"Point","coordinates":[-80.13646,25.77491]},"properties":{"probability":0.828,"inBuffer":true,"facType":"government"}},{"type":"Feature","geometry":{"type":"Point","coordinates":[-80.13197,25.77491]},"properties":{"probability":0.74,"inBuffer":true,"facType":"government"}},{"type":"Feature","geometry":{"type":"Point","coordinates":[-80.12748,25.77491]},"properties":{"probability":0.348,"inBuffer":true,"facType":"government"}},{"type":"Feature","geometry":{"type":"Point","coordinates":[-80.12299,25.77491]},"properties":{"probability":0.184,"inBuffer":false,"facType":"fire"}},{"type":"Feature","geometry":{"type":"Point","coordinates":[-80.11849,25.77491]},"properties":{"probability":0.161,"inBuffer":false,"facType":"fire"}},{"type":"Feature","geometry":{"type":"Point","coordinates":[-80.35206,25.77042]},"properties":{"probability":0.766,"inBuffer":false,"facType":"substation"}},{"type":"Feature","geometry":{"type":"Point","coordinates":[-80.34756,25.77042]},"properties":{"probability":0.839,"inBuffer":false,"facType":"substation"}},{"type":"Feature","geometry":{"type":"Point","coordinates":[-80.34307,25.77042]},"properties":{"probability":0.821,"inBuffer":false,"facType":"substation"}},{"type":"Feature","geometry":{"type":"Point","coordinates":[-80.33858,25.77042]},"properties":{"probability":0.773,"inBuffer":false,"facType":"substation"}},{"type":"Feature","geometry":{"type":"Point","coordinates":[-80.33409,25.77042]},"properties":{"probability":0.758,"inBuffer":false,"facType":"substation"}},{"type":"Feature","geometry":{"type":"Point","coordinates":[-80.3296,25.77042]},"properties":{"probability":0.773,"inBuffer":false,"facType":"substation"}},{"type":"Feature","geometry":{"type":"Point","coordinates":[-80.3251,25.77042]},"properties":{"probability":0.778,"inBuffer":false,"facType":"substation"}},{"type":"Feature","geometry":{"type":"Point","coordinates":[-80.32062,25.77042]},"properties":{"probability":0.716,"inBuffer":false,"facType":"substation"}},{"type":"Feature","geometry":{"type":"Point","coordinates":[-80.31612,25.77042]},"properties":{"probability":0.709,"inBuffer":false,"facType":"substation"}},{"type":"Feature","geometry":{"type":"Point","coordinates":[-80.31163,25.77042]},"properties":{"probability":0.707,"inBuffer":false,"facType":"substation"}},{"type":"Feature","geometry":{"type":"Point","coordinates":[-80.30714,25.77042]},"properties":{"probability":0.707,"inBuffer":false,"facType":"substation"}},{"type":"Feature","geometry":{"type":"Point","coordinates":[-80.30265,25.77042]},"properties":{"probability":0.705,"inBuffer":false,"facType":"substation"}},{"type":"Feature","geometry":{"type":"Point","coordinates":[-80.29816,25.77042]},"properties":{"probability":0.709,"inBuffer":true,"facType":"fire"}},{"type":"Feature","geometry":{"type":"Point","coordinates":[-80.29366,25.77042]},"properties":{"probability":0.725,"inBuffer":true,"facType":"fire"}},{"type":"Feature","geometry":{"type":"Point","coordinates":[-80.28918,25.77042]},"properties":{"probability":0.744,"inBuffer":true,"facType":"fire"}},{"type":"Feature","geometry":{"type":"Point","coordinates":[-80.28468,25.77042]},"properties":{"probability":0.724,"inBuffer":true,"facType":"fire"}},{"type":"Feature","geometry":{"type":"Point","coordinates":[-80.28019,25.77042]},"properties":{"probability":0.711,"inBuffer":false,"facType":"hospital"}},{"type":"Feature","geometry":{"type":"Point","coordinates":[-80.2757,25.77042]},"properties":{"probability":0.714,"inBuffer":false,"facType":"substation"}},{"type":"Feature","geometry":{"type":"Point","coordinates":[-80.27121,25.77042]},"properties":{"probability":0.707,"inBuffer":true,"facType":"police"}},{"type":"Feature","geometry":{"type":"Point","coordinates":[-80.26672,25.77042]},"properties":{"probability":0.739,"inBuffer":true,"facType":"police"}},{"type":"Feature","geometry":{"type":"Point","coordinates":[-80.26222,25.77042]},"properties":{"probability":0.745,"inBuffer":true,"facType":"police"}},{"type":"Feature","geometry":{"type":"Point","coordinates":[-80.25774,25.77042]},"properties":{"probability":0.76,"inBuffer":false,"facType":"government"}},{"type":"Feature","geometry":{"type":"Point","coordinates":[-80.25324,25.77042]},"properties":{"probability":0.785,"inBuffer":false,"facType":"government"}},{"type":"Feature","geometry":{"type":"Point","coordinates":[-80.24875,25.77042]},"properties":{"probability":0.773,"inBuffer":false,"facType":"government"}},{"type":"Feature","geometry":{"type":"Point","coordinates":[-80.24426,25.77042]},"properties":{"probability":0.762,"inBuffer":true,"facType":"police"}},{"type":"Feature","geometry":{"type":"Point","coordinates":[-80.23977,25.77042]},"properties":{"probability":0.835,"inBuffer":true,"facType":"police"}},{"type":"Feature","geometry":{"type":"Point","coordinates":[-80.23528,25.77042]},"properties":{"probability":0.803,"inBuffer":true,"facType":"fire"}},{"type":"Feature","geometry":{"type":"Point","coordinates":[-80.23078,25.77042]},"properties":{"probability":0.798,"inBuffer":true,"facType":"police"}},{"type":"Feature","geometry":{"type":"Point","coordinates":[-80.2263,25.77042]},"properties":{"probability":0.828,"inBuffer":true,"facType":"substation"}},{"type":"Feature","geometry":{"type":"Point","coordinates":[-80.2218,25.77042]},"properties":{"probability":0.831,"inBuffer":true,"facType":"substation"}},{"type":"Feature","geometry":{"type":"Point","coordinates":[-80.21731,25.77042]},"properties":{"probability":0.836,"inBuffer":true,"facType":"police"}},{"type":"Feature","geometry":{"type":"Point","coordinates":[-80.21281,25.77042]},"properties":{"probability":0.838,"inBuffer":true,"facType":"police"}},{"type":"Feature","geometry":{"type":"Point","coordinates":[-80.20833,25.77042]},"properties":{"probability":0.849,"inBuffer":true,"facType":"police"}},{"type":"Feature","geometry":{"type":"Point","coordinates":[-80.20383,25.77042]},"properties":{"probability":0.859,"inBuffer":true,"facType":"police"}},{"type":"Feature","geometry":{"type":"Point","coordinates":[-80.19934,25.77042]},"properties":{"probability":0.863,"inBuffer":true,"facType":"government"}},{"type":"Feature","geometry":{"type":"Point","coordinates":[-80.19485,25.77042]},"properties":{"probability":0.857,"inBuffer":true,"facType":"substation"}},{"type":"Feature","geometry":{"type":"Point","coordinates":[-80.19036,25.77042]},"properties":{"probability":0.843,"inBuffer":true,"facType":"police"}},{"type":"Feature","geometry":{"type":"Point","coordinates":[-80.18587,25.77042]},"properties":{"probability":0.739,"inBuffer":false,"facType":"police"}},{"type":"Feature","geometry":{"type":"Point","coordinates":[-80.18137,25.77042]},"properties":{"probability":0.63,"inBuffer":true,"facType":"airport"}},{"type":"Feature","geometry":{"type":"Point","coordinates":[-80.17689,25.77042]},"properties":{"probability":0.658,"inBuffer":true,"facType":"airport"}},{"type":"Feature","geometry":{"type":"Point","coordinates":[-80.17239,25.77042]},"properties":{"probability":0.711,"inBuffer":true,"facType":"fire"}},{"type":"Feature","geometry":{"type":"Point","coordinates":[-80.1679,25.77042]},"properties":{"probability":0.839,"inBuffer":true,"facType":"fire"}},{"type":"Feature","geometry":{"type":"Point","coordinates":[-80.16341,25.77042]},"properties":{"probability":0.846,"inBuffer":false,"facType":"fire"}},{"type":"Feature","geometry":{"type":"Point","coordinates":[-80.15892,25.77042]},"properties":{"probability":0.839,"inBuffer":false,"facType":"substation"}},{"type":"Feature","geometry":{"type":"Point","coordinates":[-80.15443,25.77042]},"properties":{"probability":0.83,"inBuffer":false,"facType":"substation"}},{"type":"Feature","geometry":{"type":"Point","coordinates":[-80.14993,25.77042]},"properties":{"probability":0.721,"inBuffer":false,"facType":"substation"}},{"type":"Feature","geometry":{"type":"Point","coordinates":[-80.14545,25.77042]},"properties":{"probability":0.701,"inBuffer":false,"facType":"government"}},{"type":"Feature","geometry":{"type":"Point","coordinates":[-80.14095,25.77042]},"properties":{"probability":0.715,"inBuffer":false,"facType":"substation"}},{"type":"Feature","geometry":{"type":"Point","coordinates":[-80.13646,25.77042]},"properties":{"probability":0.783,"inBuffer":false,"facType":"government"}},{"type":"Feature","geometry":{"type":"Point","coordinates":[-80.13197,25.77042]},"properties":{"probability":0.679,"inBuffer":false,"facType":"government"}},{"type":"Feature","geometry":{"type":"Point","coordinates":[-80.12748,25.77042]},"properties":{"probability":0.42,"inBuffer":false,"facType":"government"}},{"type":"Feature","geometry":{"type":"Point","coordinates":[-80.12299,25.77042]},"properties":{"probability":0.191,"inBuffer":false,"facType":"government"}},{"type":"Feature","geometry":{"type":"Point","coordinates":[-80.11401,25.77042]},"properties":{"probability":0.188,"inBuffer":false,"facType":"government"}},{"type":"Feature","geometry":{"type":"Point","coordinates":[-80.35206,25.76593]},"properties":{"probability":0.715,"inBuffer":false,"facType":"substation"}},{"type":"Feature","geometry":{"type":"Point","coordinates":[-80.34756,25.76593]},"properties":{"probability":0.752,"inBuffer":false,"facType":"substation"}},{"type":"Feature","geometry":{"type":"Point","coordinates":[-80.34307,25.76593]},"properties":{"probability":0.744,"inBuffer":false,"facType":"substation"}},{"type":"Feature","geometry":{"type":"Point","coordinates":[-80.33858,25.76593]},"properties":{"probability":0.754,"inBuffer":false,"facType":"substation"}},{"type":"Feature","geometry":{"type":"Point","coordinates":[-80.33409,25.76593]},"properties":{"probability":0.735,"inBuffer":false,"facType":"substation"}},{"type":"Feature","geometry":{"type":"Point","coordinates":[-80.3296,25.76593]},"properties":{"probability":0.715,"inBuffer":false,"facType":"substation"}},{"type":"Feature","geometry":{"type":"Point","coordinates":[-80.3251,25.76593]},"properties":{"probability":0.706,"inBuffer":false,"facType":"substation"}},{"type":"Feature","geometry":{"type":"Point","coordinates":[-80.32062,25.76593]},"properties":{"probability":0.711,"inBuffer":false,"facType":"substation"}},{"type":"Feature","geometry":{"type":"Point","coordinates":[-80.31612,25.76593]},"properties":{"probability":0.704,"inBuffer":false,"facType":"substation"}},{"type":"Feature","geometry":{"type":"Point","coordinates":[-80.31163,25.76593]},"properties":{"probability":0.725,"inBuffer":false,"facType":"substation"}},{"type":"Feature","geometry":{"type":"Point","coordinates":[-80.30714,25.76593]},"properties":{"probability":0.741,"inBuffer":false,"facType":"substation"}},{"type":"Feature","geometry":{"type":"Point","coordinates":[-80.30265,25.76593]},"properties":{"probability":0.724,"inBuffer":false,"facType":"substation"}},{"type":"Feature","geometry":{"type":"Point","coordinates":[-80.29816,25.76593]},"properties":{"probability":0.722,"inBuffer":true,"facType":"government"}},{"type":"Feature","geometry":{"type":"Point","coordinates":[-80.29366,25.76593]},"properties":{"probability":0.743,"inBuffer":true,"facType":"government"}},{"type":"Feature","geometry":{"type":"Point","coordinates":[-80.28918,25.76593]},"properties":{"probability":0.755,"inBuffer":true,"facType":"fire"}},{"type":"Feature","geometry":{"type":"Point","coordinates":[-80.28468,25.76593]},"properties":{"probability":0.722,"inBuffer":true,"facType":"hospital"}},{"type":"Feature","geometry":{"type":"Point","coordinates":[-80.28019,25.76593]},"properties":{"probability":0.725,"inBuffer":true,"facType":"hospital"}},{"type":"Feature","geometry":{"type":"Point","coordinates":[-80.2757,25.76593]},"properties":{"probability":0.713,"inBuffer":true,"facType":"hospital"}},{"type":"Feature","geometry":{"type":"Point","coordinates":[-80.27121,25.76593]},"properties":{"probability":0.711,"inBuffer":false,"facType":"substation"}},{"type":"Feature","geometry":{"type":"Point","coordinates":[-80.26672,25.76593]},"properties":{"probability":0.721,"inBuffer":true,"facType":"substation"}},{"type":"Feature","geometry":{"type":"Point","coordinates":[-80.26222,25.76593]},"properties":{"probability":0.786,"inBuffer":true,"facType":"substation"}},{"type":"Feature","geometry":{"type":"Point","coordinates":[-80.25774,25.76593]},"properties":{"probability":0.802,"inBuffer":false,"facType":"government"}},{"type":"Feature","geometry":{"type":"Point","coordinates":[-80.25324,25.76593]},"properties":{"probability":0.839,"inBuffer":false,"facType":"government"}},{"type":"Feature","geometry":{"type":"Point","coordinates":[-80.24875,25.76593]},"properties":{"probability":0.81,"inBuffer":false,"facType":"government"}},{"type":"Feature","geometry":{"type":"Point","coordinates":[-80.24426,25.76593]},"properties":{"probability":0.829,"inBuffer":false,"facType":"police"}},{"type":"Feature","geometry":{"type":"Point","coordinates":[-80.23977,25.76593]},"properties":{"probability":0.837,"inBuffer":true,"facType":"fire"}},{"type":"Feature","geometry":{"type":"Point","coordinates":[-80.23528,25.76593]},"properties":{"probability":0.832,"inBuffer":true,"facType":"fire"}},{"type":"Feature","geometry":{"type":"Point","coordinates":[-80.23078,25.76593]},"properties":{"probability":0.771,"inBuffer":true,"facType":"fire"}},{"type":"Feature","geometry":{"type":"Point","coordinates":[-80.2263,25.76593]},"properties":{"probability":0.769,"inBuffer":false,"facType":"substation"}},{"type":"Feature","geometry":{"type":"Point","coordinates":[-80.2218,25.76593]},"properties":{"probability":0.765,"inBuffer":false,"facType":"substation"}},{"type":"Feature","geometry":{"type":"Point","coordinates":[-80.21731,25.76593]},"properties":{"probability":0.766,"inBuffer":false,"facType":"substation"}},{"type":"Feature","geometry":{"type":"Point","coordinates":[-80.21281,25.76593]},"properties":{"probability":0.773,"inBuffer":false,"facType":"police"}},{"type":"Feature","geometry":{"type":"Point","coordinates":[-80.20833,25.76593]},"properties":{"probability":0.832,"inBuffer":false,"facType":"police"}},{"type":"Feature","geometry":{"type":"Point","coordinates":[-80.20383,25.76593]},"properties":{"probability":0.852,"inBuffer":true,"facType":"police"}},{"type":"Feature","geometry":{"type":"Point","coordinates":[-80.19934,25.76593]},"properties":{"probability":0.866,"inBuffer":true,"facType":"fire"}},{"type":"Feature","geometry":{"type":"Point","coordinates":[-80.19485,25.76593]},"properties":{"probability":0.861,"inBuffer":true,"facType":"fire"}},{"type":"Feature","geometry":{"type":"Point","coordinates":[-80.19036,25.76593]},"properties":{"probability":0.844,"inBuffer":true,"facType":"fire"}},{"type":"Feature","geometry":{"type":"Point","coordinates":[-80.18587,25.76593]},"properties":{"probability":0.683,"inBuffer":false,"facType":"fire"}},{"type":"Feature","geometry":{"type":"Point","coordinates":[-80.18137,25.76593]},"properties":{"probability":0.629,"inBuffer":false,"facType":"airport"}},{"type":"Feature","geometry":{"type":"Point","coordinates":[-80.17689,25.76593]},"properties":{"probability":0.371,"inBuffer":true,"facType":"airport"}},{"type":"Feature","geometry":{"type":"Point","coordinates":[-80.17239,25.76593]},"properties":{"probability":0.381,"inBuffer":true,"facType":"fire"}},{"type":"Feature","geometry":{"type":"Point","coordinates":[-80.1679,25.76593]},"properties":{"probability":0.6,"inBuffer":false,"facType":"fire"}},{"type":"Feature","geometry":{"type":"Point","coordinates":[-80.16341,25.76593]},"properties":{"probability":0.687,"inBuffer":false,"facType":"fire"}},{"type":"Feature","geometry":{"type":"Point","coordinates":[-80.15892,25.76593]},"properties":{"probability":0.72,"inBuffer":false,"facType":"substation"}},{"type":"Feature","geometry":{"type":"Point","coordinates":[-80.15443,25.76593]},"properties":{"probability":0.636,"inBuffer":false,"facType":"substation"}},{"type":"Feature","geometry":{"type":"Point","coordinates":[-80.14993,25.76593]},"properties":{"probability":0.659,"inBuffer":false,"facType":"substation"}},{"type":"Feature","geometry":{"type":"Point","coordinates":[-80.14545,25.76593]},"properties":{"probability":0.622,"inBuffer":false,"facType":"substation"}},{"type":"Feature","geometry":{"type":"Point","coordinates":[-80.14095,25.76593]},"properties":{"probability":0.689,"inBuffer":false,"facType":"substation"}},{"type":"Feature","geometry":{"type":"Point","coordinates":[-80.13646,25.76593]},"properties":{"probability":0.678,"inBuffer":false,"facType":"substation"}},{"type":"Feature","geometry":{"type":"Point","coordinates":[-80.13197,25.76593]},"properties":{"probability":0.498,"inBuffer":false,"facType":"government"}},{"type":"Feature","geometry":{"type":"Point","coordinates":[-80.12748,25.76593]},"properties":{"probability":0.188,"inBuffer":false,"facType":"government"}},{"type":"Feature","geometry":{"type":"Point","coordinates":[-80.12299,25.76593]},"properties":{"probability":0.177,"inBuffer":false,"facType":"government"}},{"type":"Feature","geometry":{"type":"Point","coordinates":[-80.35206,25.76144]},"properties":{"probability":0.666,"inBuffer":false,"facType":"substation"}},{"type":"Feature","geometry":{"type":"Point","coordinates":[-80.34756,25.76144]},"properties":{"probability":0.643,"inBuffer":false,"facType":"substation"}},{"type":"Feature","geometry":{"type":"Point","coordinates":[-80.34307,25.76144]},"properties":{"probability":0.661,"inBuffer":false,"facType":"substation"}},{"type":"Feature","geometry":{"type":"Point","coordinates":[-80.33858,25.76144]},"properties":{"probability":0.728,"inBuffer":false,"facType":"substation"}},{"type":"Feature","geometry":{"type":"Point","coordinates":[-80.33409,25.76144]},"properties":{"probability":0.742,"inBuffer":false,"facType":"substation"}},{"type":"Feature","geometry":{"type":"Point","coordinates":[-80.3296,25.76144]},"properties":{"probability":0.726,"inBuffer":false,"facType":"substation"}},{"type":"Feature","geometry":{"type":"Point","coordinates":[-80.3251,25.76144]},"properties":{"probability":0.673,"inBuffer":false,"facType":"substation"}},{"type":"Feature","geometry":{"type":"Point","coordinates":[-80.32062,25.76144]},"properties":{"probability":0.647,"inBuffer":false,"facType":"substation"}},{"type":"Feature","geometry":{"type":"Point","coordinates":[-80.31612,25.76144]},"properties":{"probability":0.71,"inBuffer":false,"facType":"substation"}},{"type":"Feature","geometry":{"type":"Point","coordinates":[-80.31163,25.76144]},"properties":{"probability":0.722,"inBuffer":false,"facType":"substation"}},{"type":"Feature","geometry":{"type":"Point","coordinates":[-80.30714,25.76144]},"properties":{"probability":0.741,"inBuffer":false,"facType":"substation"}},{"type":"Feature","geometry":{"type":"Point","coordinates":[-80.30265,25.76144]},"properties":{"probability":0.722,"inBuffer":true,"facType":"substation"}},{"type":"Feature","geometry":{"type":"Point","coordinates":[-80.29816,25.76144]},"properties":{"probability":0.705,"inBuffer":true,"facType":"fire"}},{"type":"Feature","geometry":{"type":"Point","coordinates":[-80.29366,25.76144]},"properties":{"probability":0.738,"inBuffer":true,"facType":"police"}},{"type":"Feature","geometry":{"type":"Point","coordinates":[-80.28918,25.76144]},"properties":{"probability":0.724,"inBuffer":true,"facType":"police"}},{"type":"Feature","geometry":{"type":"Point","coordinates":[-80.28468,25.76144]},"properties":{"probability":0.692,"inBuffer":true,"facType":"hospital"}},{"type":"Feature","geometry":{"type":"Point","coordinates":[-80.28019,25.76144]},"properties":{"probability":0.668,"inBuffer":true,"facType":"hospital"}},{"type":"Feature","geometry":{"type":"Point","coordinates":[-80.2757,25.76144]},"properties":{"probability":0.656,"inBuffer":true,"facType":"hospital"}},{"type":"Feature","geometry":{"type":"Point","coordinates":[-80.27121,25.76144]},"properties":{"probability":0.656,"inBuffer":false,"facType":"substation"}},{"type":"Feature","geometry":{"type":"Point","coordinates":[-80.26672,25.76144]},"properties":{"probability":0.687,"inBuffer":false,"facType":"substation"}},{"type":"Feature","geometry":{"type":"Point","coordinates":[-80.26222,25.76144]},"properties":{"probability":0.78,"inBuffer":false,"facType":"substation"}},{"type":"Feature","geometry":{"type":"Point","coordinates":[-80.25774,25.76144]},"properties":{"probability":0.757,"inBuffer":false,"facType":"government"}},{"type":"Feature","geometry":{"type":"Point","coordinates":[-80.25324,25.76144]},"properties":{"probability":0.744,"inBuffer":false,"facType":"government"}},{"type":"Feature","geometry":{"type":"Point","coordinates":[-80.24875,25.76144]},"properties":{"probability":0.722,"inBuffer":false,"facType":"government"}},{"type":"Feature","geometry":{"type":"Point","coordinates":[-80.24426,25.76144]},"properties":{"probability":0.73,"inBuffer":false,"facType":"substation"}},{"type":"Feature","geometry":{"type":"Point","coordinates":[-80.23977,25.76144]},"properties":{"probability":0.754,"inBuffer":false,"facType":"substation"}},{"type":"Feature","geometry":{"type":"Point","coordinates":[-80.23528,25.76144]},"properties":{"probability":0.728,"inBuffer":false,"facType":"substation"}},{"type":"Feature","geometry":{"type":"Point","coordinates":[-80.23078,25.76144]},"properties":{"probability":0.713,"inBuffer":false,"facType":"fire"}},{"type":"Feature","geometry":{"type":"Point","coordinates":[-80.2263,25.76144]},"properties":{"probability":0.71,"inBuffer":false,"facType":"substation"}},{"type":"Feature","geometry":{"type":"Point","coordinates":[-80.2218,25.76144]},"properties":{"probability":0.697,"inBuffer":false,"facType":"substation"}},{"type":"Feature","geometry":{"type":"Point","coordinates":[-80.21731,25.76144]},"properties":{"probability":0.702,"inBuffer":false,"facType":"substation"}},{"type":"Feature","geometry":{"type":"Point","coordinates":[-80.21281,25.76144]},"properties":{"probability":0.696,"inBuffer":false,"facType":"substation"}},{"type":"Feature","geometry":{"type":"Point","coordinates":[-80.20833,25.76144]},"properties":{"probability":0.724,"inBuffer":false,"facType":"fire"}},{"type":"Feature","geometry":{"type":"Point","coordinates":[-80.20383,25.76144]},"properties":{"probability":0.808,"inBuffer":true,"facType":"fire"}},{"type":"Feature","geometry":{"type":"Point","coordinates":[-80.19934,25.76144]},"properties":{"probability":0.845,"inBuffer":true,"facType":"substation"}},{"type":"Feature","geometry":{"type":"Point","coordinates":[-80.19485,25.76144]},"properties":{"probability":0.843,"inBuffer":true,"facType":"substation"}},{"type":"Feature","geometry":{"type":"Point","coordinates":[-80.19036,25.76144]},"properties":{"probability":0.767,"inBuffer":true,"facType":"substation"}},{"type":"Feature","geometry":{"type":"Point","coordinates":[-80.18587,25.76144]},"properties":{"probability":0.593,"inBuffer":false,"facType":"substation"}},{"type":"Feature","geometry":{"type":"Point","coordinates":[-80.18137,25.76144]},"properties":{"probability":0.403,"inBuffer":false,"facType":"substation"}},{"type":"Feature","geometry":{"type":"Point","coordinates":[-80.17689,25.76144]},"properties":{"probability":0.232,"inBuffer":false,"facType":"airport"}},{"type":"Feature","geometry":{"type":"Point","coordinates":[-80.17239,25.76144]},"properties":{"probability":0.203,"inBuffer":false,"facType":"fire"}},{"type":"Feature","geometry":{"type":"Point","coordinates":[-80.1679,25.76144]},"properties":{"probability":0.204,"inBuffer":false,"facType":"fire"}},{"type":"Feature","geometry":{"type":"Point","coordinates":[-80.16341,25.76144]},"properties":{"probability":0.174,"inBuffer":false,"facType":"fire"}},{"type":"Feature","geometry":{"type":"Point","coordinates":[-80.15892,25.76144]},"properties":{"probability":0.453,"inBuffer":false,"facType":"substation"}},{"type":"Feature","geometry":{"type":"Point","coordinates":[-80.15443,25.76144]},"properties":{"probability":0.419,"inBuffer":false,"facType":"substation"}},{"type":"Feature","geometry":{"type":"Point","coordinates":[-80.14993,25.76144]},"properties":{"probability":0.493,"inBuffer":false,"facType":"substation"}},{"type":"Feature","geometry":{"type":"Point","coordinates":[-80.14545,25.76144]},"properties":{"probability":0.517,"inBuffer":false,"facType":"substation"}},{"type":"Feature","geometry":{"type":"Point","coordinates":[-80.14095,25.76144]},"properties":{"probability":0.487,"inBuffer":false,"facType":"substation"}},{"type":"Feature","geometry":{"type":"Point","coordinates":[-80.13646,25.76144]},"properties":{"probability":0.338,"inBuffer":false,"facType":"substation"}},{"type":"Feature","geometry":{"type":"Point","coordinates":[-80.13197,25.76144]},"properties":{"probability":0.23,"inBuffer":false,"facType":"substation"}},{"type":"Feature","geometry":{"type":"Point","coordinates":[-80.12748,25.76144]},"properties":{"probability":0.179,"inBuffer":false,"facType":"government"}},{"type":"Feature","geometry":{"type":"Point","coordinates":[-80.35206,25.75694]},"properties":{"probability":0.64,"inBuffer":false,"facType":"substation"}},{"type":"Feature","geometry":{"type":"Point","coordinates":[-80.34756,25.75694]},"properties":{"probability":0.621,"inBuffer":false,"facType":"substation"}},{"type":"Feature","geometry":{"type":"Point","coordinates":[-80.34307,25.75694]},"properties":{"probability":0.628,"inBuffer":false,"facType":"substation"}},{"type":"Feature","geometry":{"type":"Point","coordinates":[-80.33858,25.75694]},"properties":{"probability":0.697,"inBuffer":false,"facType":"substation"}},{"type":"Feature","geometry":{"type":"Point","coordinates":[-80.33409,25.75694]},"properties":{"probability":0.709,"inBuffer":false,"facType":"substation"}},{"type":"Feature","geometry":{"type":"Point","coordinates":[-80.3296,25.75694]},"properties":{"probability":0.646,"inBuffer":false,"facType":"hospital"}},{"type":"Feature","geometry":{"type":"Point","coordinates":[-80.3251,25.75694]},"properties":{"probability":0.607,"inBuffer":false,"facType":"hospital"}},{"type":"Feature","geometry":{"type":"Point","coordinates":[-80.32062,25.75694]},"properties":{"probability":0.614,"inBuffer":false,"facType":"hospital"}},{"type":"Feature","geometry":{"type":"Point","coordinates":[-80.31612,25.75694]},"properties":{"probability":0.621,"inBuffer":false,"facType":"hospital"}},{"type":"Feature","geometry":{"type":"Point","coordinates":[-80.31163,25.75694]},"properties":{"probability":0.64,"inBuffer":false,"facType":"substation"}},{"type":"Feature","geometry":{"type":"Point","coordinates":[-80.30714,25.75694]},"properties":{"probability":0.67,"inBuffer":false,"facType":"substation"}},{"type":"Feature","geometry":{"type":"Point","coordinates":[-80.30265,25.75694]},"properties":{"probability":0.675,"inBuffer":false,"facType":"substation"}},{"type":"Feature","geometry":{"type":"Point","coordinates":[-80.29816,25.75694]},"properties":{"probability":0.651,"inBuffer":true,"facType":"substation"}},{"type":"Feature","geometry":{"type":"Point","coordinates":[-80.29366,25.75694]},"properties":{"probability":0.645,"inBuffer":true,"facType":"substation"}},{"type":"Feature","geometry":{"type":"Point","coordinates":[-80.28918,25.75694]},"properties":{"probability":0.662,"inBuffer":false,"facType":"substation"}},{"type":"Feature","geometry":{"type":"Point","coordinates":[-80.28468,25.75694]},"properties":{"probability":0.644,"inBuffer":false,"facType":"hospital"}},{"type":"Feature","geometry":{"type":"Point","coordinates":[-80.28019,25.75694]},"properties":{"probability":0.641,"inBuffer":false,"facType":"hospital"}},{"type":"Feature","geometry":{"type":"Point","coordinates":[-80.2757,25.75694]},"properties":{"probability":0.637,"inBuffer":false,"facType":"hospital"}},{"type":"Feature","geometry":{"type":"Point","coordinates":[-80.27121,25.75694]},"properties":{"probability":0.627,"inBuffer":false,"facType":"substation"}},{"type":"Feature","geometry":{"type":"Point","coordinates":[-80.26672,25.75694]},"properties":{"probability":0.624,"inBuffer":false,"facType":"government"}},{"type":"Feature","geometry":{"type":"Point","coordinates":[-80.26222,25.75694]},"properties":{"probability":0.777,"inBuffer":false,"facType":"government"}},{"type":"Feature","geometry":{"type":"Point","coordinates":[-80.25774,25.75694]},"properties":{"probability":0.765,"inBuffer":false,"facType":"government"}},{"type":"Feature","geometry":{"type":"Point","coordinates":[-80.25324,25.75694]},"properties":{"probability":0.708,"inBuffer":false,"facType":"government"}},{"type":"Feature","geometry":{"type":"Point","coordinates":[-80.24875,25.75694]},"properties":{"probability":0.692,"inBuffer":false,"facType":"substation"}},{"type":"Feature","geometry":{"type":"Point","coordinates":[-80.24426,25.75694]},"properties":{"probability":0.695,"inBuffer":false,"facType":"substation"}},{"type":"Feature","geometry":{"type":"Point","coordinates":[-80.23977,25.75694]},"properties":{"probability":0.724,"inBuffer":false,"facType":"substation"}},{"type":"Feature","geometry":{"type":"Point","coordinates":[-80.23528,25.75694]},"properties":{"probability":0.709,"inBuffer":false,"facType":"substation"}},{"type":"Feature","geometry":{"type":"Point","coordinates":[-80.23078,25.75694]},"properties":{"probability":0.667,"inBuffer":false,"facType":"substation"}},{"type":"Feature","geometry":{"type":"Point","coordinates":[-80.2263,25.75694]},"properties":{"probability":0.672,"inBuffer":false,"facType":"substation"}},{"type":"Feature","geometry":{"type":"Point","coordinates":[-80.2218,25.75694]},"properties":{"probability":0.667,"inBuffer":false,"facType":"substation"}},{"type":"Feature","geometry":{"type":"Point","coordinates":[-80.21731,25.75694]},"properties":{"probability":0.702,"inBuffer":false,"facType":"substation"}},{"type":"Feature","geometry":{"type":"Point","coordinates":[-80.21281,25.75694]},"properties":{"probability":0.687,"inBuffer":false,"facType":"substation"}},{"type":"Feature","geometry":{"type":"Point","coordinates":[-80.20833,25.75694]},"properties":{"probability":0.721,"inBuffer":false,"facType":"substation"}},{"type":"Feature","geometry":{"type":"Point","coordinates":[-80.20383,25.75694]},"properties":{"probability":0.725,"inBuffer":false,"facType":"substation"}},{"type":"Feature","geometry":{"type":"Point","coordinates":[-80.19934,25.75694]},"properties":{"probability":0.722,"inBuffer":true,"facType":"substation"}},{"type":"Feature","geometry":{"type":"Point","coordinates":[-80.19485,25.75694]},"properties":{"probability":0.735,"inBuffer":true,"facType":"substation"}},{"type":"Feature","geometry":{"type":"Point","coordinates":[-80.19036,25.75694]},"properties":{"probability":0.68,"inBuffer":false,"facType":"substation"}},{"type":"Feature","geometry":{"type":"Point","coordinates":[-80.18587,25.75694]},"properties":{"probability":0.347,"inBuffer":false,"facType":"substation"}},{"type":"Feature","geometry":{"type":"Point","coordinates":[-80.18137,25.75694]},"properties":{"probability":0.332,"inBuffer":false,"facType":"substation"}},{"type":"Feature","geometry":{"type":"Point","coordinates":[-80.17689,25.75694]},"properties":{"probability":0.175,"inBuffer":false,"facType":"substation"}},{"type":"Feature","geometry":{"type":"Point","coordinates":[-80.17239,25.75694]},"properties":{"probability":0.195,"inBuffer":false,"facType":"fire"}},{"type":"Feature","geometry":{"type":"Point","coordinates":[-80.1679,25.75694]},"properties":{"probability":0.181,"inBuffer":false,"facType":"substation"}},{"type":"Feature","geometry":{"type":"Point","coordinates":[-80.16341,25.75694]},"properties":{"probability":0.189,"inBuffer":false,"facType":"substation"}},{"type":"Feature","geometry":{"type":"Point","coordinates":[-80.15892,25.75694]},"properties":{"probability":0.182,"inBuffer":false,"facType":"power"}},{"type":"Feature","geometry":{"type":"Point","coordinates":[-80.15443,25.75694]},"properties":{"probability":0.183,"inBuffer":false,"facType":"power"}},{"type":"Feature","geometry":{"type":"Point","coordinates":[-80.14993,25.75694]},"properties":{"probability":0.177,"inBuffer":false,"facType":"power"}},{"type":"Feature","geometry":{"type":"Point","coordinates":[-80.14545,25.75694]},"properties":{"probability":0.285,"inBuffer":false,"facType":"substation"}},{"type":"Feature","geometry":{"type":"Point","coordinates":[-80.14095,25.75694]},"properties":{"probability":0.298,"inBuffer":false,"facType":"substation"}},{"type":"Feature","geometry":{"type":"Point","coordinates":[-80.13646,25.75694]},"properties":{"probability":0.179,"inBuffer":false,"facType":"substation"}},{"type":"Feature","geometry":{"type":"Point","coordinates":[-80.13197,25.75694]},"properties":{"probability":0.171,"inBuffer":false,"facType":"substation"}},{"type":"Feature","geometry":{"type":"Point","coordinates":[-80.35206,25.75245]},"properties":{"probability":0.677,"inBuffer":true,"facType":"substation"}},{"type":"Feature","geometry":{"type":"Point","coordinates":[-80.34756,25.75245]},"properties":{"probability":0.648,"inBuffer":true,"facType":"substation"}},{"type":"Feature","geometry":{"type":"Point","coordinates":[-80.34307,25.75245]},"properties":{"probability":0.657,"inBuffer":true,"facType":"fire"}},{"type":"Feature","geometry":{"type":"Point","coordinates":[-80.33858,25.75245]},"properties":{"probability":0.705,"inBuffer":false,"facType":"fire"}},{"type":"Feature","geometry":{"type":"Point","coordinates":[-80.33409,25.75245]},"properties":{"probability":0.708,"inBuffer":false,"facType":"fire"}},{"type":"Feature","geometry":{"type":"Point","coordinates":[-80.3296,25.75245]},"properties":{"probability":0.664,"inBuffer":false,"facType":"hospital"}},{"type":"Feature","geometry":{"type":"Point","coordinates":[-80.3251,25.75245]},"properties":{"probability":0.619,"inBuffer":false,"facType":"hospital"}},{"type":"Feature","geometry":{"type":"Point","coordinates":[-80.32062,25.75245]},"properties":{"probability":0.632,"inBuffer":true,"facType":"hospital"}},{"type":"Feature","geometry":{"type":"Point","coordinates":[-80.31612,25.75245]},"properties":{"probability":0.653,"inBuffer":true,"facType":"hospital"}},{"type":"Feature","geometry":{"type":"Point","coordinates":[-80.31163,25.75245]},"properties":{"probability":0.707,"inBuffer":false,"facType":"hospital"}},{"type":"Feature","geometry":{"type":"Point","coordinates":[-80.30714,25.75245]},"properties":{"probability":0.698,"inBuffer":false,"facType":"hospital"}},{"type":"Feature","geometry":{"type":"Point","coordinates":[-80.30265,25.75245]},"properties":{"probability":0.671,"inBuffer":false,"facType":"substation"}},{"type":"Feature","geometry":{"type":"Point","coordinates":[-80.29816,25.75245]},"properties":{"probability":0.63,"inBuffer":false,"facType":"substation"}},{"type":"Feature","geometry":{"type":"Point","coordinates":[-80.29366,25.75245]},"properties":{"probability":0.629,"inBuffer":false,"facType":"substation"}},{"type":"Feature","geometry":{"type":"Point","coordinates":[-80.28918,25.75245]},"properties":{"probability":0.638,"inBuffer":false,"facType":"substation"}},{"type":"Feature","geometry":{"type":"Point","coordinates":[-80.28468,25.75245]},"properties":{"probability":0.646,"inBuffer":false,"facType":"substation"}},{"type":"Feature","geometry":{"type":"Point","coordinates":[-80.28019,25.75245]},"properties":{"probability":0.619,"inBuffer":false,"facType":"hospital"}},{"type":"Feature","geometry":{"type":"Point","coordinates":[-80.2757,25.75245]},"properties":{"probability":0.618,"inBuffer":false,"facType":"government"}},{"type":"Feature","geometry":{"type":"Point","coordinates":[-80.27121,25.75245]},"properties":{"probability":0.652,"inBuffer":false,"facType":"government"}},{"type":"Feature","geometry":{"type":"Point","coordinates":[-80.26672,25.75245]},"properties":{"probability":0.665,"inBuffer":false,"facType":"government"}},{"type":"Feature","geometry":{"type":"Point","coordinates":[-80.26222,25.75245]},"properties":{"probability":0.841,"inBuffer":true,"facType":"government"}},{"type":"Feature","geometry":{"type":"Point","coordinates":[-80.25774,25.75245]},"properties":{"probability":0.812,"inBuffer":false,"facType":"substation"}},{"type":"Feature","geometry":{"type":"Point","coordinates":[-80.25324,25.75245]},"properties":{"probability":0.732,"inBuffer":false,"facType":"substation"}},{"type":"Feature","geometry":{"type":"Point","coordinates":[-80.24875,25.75245]},"properties":{"probability":0.73,"inBuffer":false,"facType":"substation"}},{"type":"Feature","geometry":{"type":"Point","coordinates":[-80.24426,25.75245]},"properties":{"probability":0.722,"inBuffer":false,"facType":"substation"}},{"type":"Feature","geometry":{"type":"Point","coordinates":[-80.23977,25.75245]},"properties":{"probability":0.722,"inBuffer":false,"facType":"substation"}},{"type":"Feature","geometry":{"type":"Point","coordinates":[-80.23528,25.75245]},"properties":{"probability":0.714,"inBuffer":false,"facType":"substation"}},{"type":"Feature","geometry":{"type":"Point","coordinates":[-80.23078,25.75245]},"properties":{"probability":0.716,"inBuffer":false,"facType":"substation"}},{"type":"Feature","geometry":{"type":"Point","coordinates":[-80.2263,25.75245]},"properties":{"probability":0.699,"inBuffer":false,"facType":"substation"}},{"type":"Feature","geometry":{"type":"Point","coordinates":[-80.2218,25.75245]},"properties":{"probability":0.715,"inBuffer":false,"facType":"substation"}},{"type":"Feature","geometry":{"type":"Point","coordinates":[-80.21731,25.75245]},"properties":{"probability":0.72,"inBuffer":false,"facType":"substation"}},{"type":"Feature","geometry":{"type":"Point","coordinates":[-80.21281,25.75245]},"properties":{"probability":0.696,"inBuffer":false,"facType":"substation"}},{"type":"Feature","geometry":{"type":"Point","coordinates":[-80.20833,25.75245]},"properties":{"probability":0.713,"inBuffer":false,"facType":"substation"}},{"type":"Feature","geometry":{"type":"Point","coordinates":[-80.20383,25.75245]},"properties":{"probability":0.701,"inBuffer":false,"facType":"substation"}},{"type":"Feature","geometry":{"type":"Point","coordinates":[-80.19934,25.75245]},"properties":{"probability":0.648,"inBuffer":false,"facType":"substation"}},{"type":"Feature","geometry":{"type":"Point","coordinates":[-80.19485,25.75245]},"properties":{"probability":0.536,"inBuffer":false,"facType":"substation"}},{"type":"Feature","geometry":{"type":"Point","coordinates":[-80.19036,25.75245]},"properties":{"probability":0.34,"inBuffer":false,"facType":"substation"}},{"type":"Feature","geometry":{"type":"Point","coordinates":[-80.18587,25.75245]},"properties":{"probability":0.246,"inBuffer":false,"facType":"substation"}},{"type":"Feature","geometry":{"type":"Point","coordinates":[-80.18137,25.75245]},"properties":{"probability":0.172,"inBuffer":false,"facType":"substation"}},{"type":"Feature","geometry":{"type":"Point","coordinates":[-80.17689,25.75245]},"properties":{"probability":0.237,"inBuffer":false,"facType":"substation"}},{"type":"Feature","geometry":{"type":"Point","coordinates":[-80.17239,25.75245]},"properties":{"probability":0.165,"inBuffer":false,"facType":"substation"}},{"type":"Feature","geometry":{"type":"Point","coordinates":[-80.1679,25.75245]},"properties":{"probability":0.272,"inBuffer":false,"facType":"substation"}},{"type":"Feature","geometry":{"type":"Point","coordinates":[-80.16341,25.75245]},"properties":{"probability":0.166,"inBuffer":false,"facType":"substation"}},{"type":"Feature","geometry":{"type":"Point","coordinates":[-80.15892,25.75245]},"properties":{"probability":0.184,"inBuffer":false,"facType":"substation"}},{"type":"Feature","geometry":{"type":"Point","coordinates":[-80.15443,25.75245]},"properties":{"probability":0.233,"inBuffer":true,"facType":"power"}},{"type":"Feature","geometry":{"type":"Point","coordinates":[-80.14993,25.75245]},"properties":{"probability":0.31,"inBuffer":true,"facType":"power"}},{"type":"Feature","geometry":{"type":"Point","coordinates":[-80.14545,25.75245]},"properties":{"probability":0.168,"inBuffer":false,"facType":"power"}},{"type":"Feature","geometry":{"type":"Point","coordinates":[-80.14095,25.75245]},"properties":{"probability":0.245,"inBuffer":false,"facType":"power"}},{"type":"Feature","geometry":{"type":"Point","coordinates":[-80.13646,25.75245]},"properties":{"probability":0.185,"inBuffer":false,"facType":"power"}},{"type":"Feature","geometry":{"type":"Point","coordinates":[-80.13197,25.75245]},"properties":{"probability":0.183,"inBuffer":false,"facType":"substation"}},{"type":"Feature","geometry":{"type":"Point","coordinates":[-80.35206,25.74796]},"properties":{"probability":0.71,"inBuffer":true,"facType":"fire"}},{"type":"Feature","geometry":{"type":"Point","coordinates":[-80.34756,25.74796]},"properties":{"probability":0.694,"inBuffer":true,"facType":"fire"}},{"type":"Feature","geometry":{"type":"Point","coordinates":[-80.34307,25.74796]},"properties":{"probability":0.671,"inBuffer":true,"facType":"fire"}},{"type":"Feature","geometry":{"type":"Point","coordinates":[-80.33858,25.74796]},"properties":{"probability":0.712,"inBuffer":false,"facType":"fire"}},{"type":"Feature","geometry":{"type":"Point","coordinates":[-80.33409,25.74796]},"properties":{"probability":0.762,"inBuffer":false,"facType":"fire"}},{"type":"Feature","geometry":{"type":"Point","coordinates":[-80.3296,25.74796]},"properties":{"probability":0.719,"inBuffer":false,"facType":"hospital"}},{"type":"Feature","geometry":{"type":"Point","coordinates":[-80.3251,25.74796]},"properties":{"probability":0.665,"inBuffer":true,"facType":"hospital"}},{"type":"Feature","geometry":{"type":"Point","coordinates":[-80.32062,25.74796]},"properties":{"probability":0.726,"inBuffer":true,"facType":"hospital"}},{"type":"Feature","geometry":{"type":"Point","coordinates":[-80.31612,25.74796]},"properties":{"probability":0.755,"inBuffer":true,"facType":"hospital"}},{"type":"Feature","geometry":{"type":"Point","coordinates":[-80.31163,25.74796]},"properties":{"probability":0.78,"inBuffer":true,"facType":"hospital"}},{"type":"Feature","geometry":{"type":"Point","coordinates":[-80.30714,25.74796]},"properties":{"probability":0.736,"inBuffer":false,"facType":"hospital"}},{"type":"Feature","geometry":{"type":"Point","coordinates":[-80.30265,25.74796]},"properties":{"probability":0.672,"inBuffer":false,"facType":"substation"}},{"type":"Feature","geometry":{"type":"Point","coordinates":[-80.29816,25.74796]},"properties":{"probability":0.618,"inBuffer":false,"facType":"substation"}},{"type":"Feature","geometry":{"type":"Point","coordinates":[-80.29366,25.74796]},"properties":{"probability":0.619,"inBuffer":true,"facType":"hospital"}},{"type":"Feature","geometry":{"type":"Point","coordinates":[-80.28918,25.74796]},"properties":{"probability":0.636,"inBuffer":false,"facType":"hospital"}},{"type":"Feature","geometry":{"type":"Point","coordinates":[-80.28468,25.74796]},"properties":{"probability":0.628,"inBuffer":false,"facType":"hospital"}},{"type":"Feature","geometry":{"type":"Point","coordinates":[-80.28019,25.74796]},"properties":{"probability":0.625,"inBuffer":false,"facType":"hospital"}},{"type":"Feature","geometry":{"type":"Point","coordinates":[-80.2757,25.74796]},"properties":{"probability":0.637,"inBuffer":false,"facType":"government"}},{"type":"Feature","geometry":{"type":"Point","coordinates":[-80.27121,25.74796]},"properties":{"probability":0.673,"inBuffer":false,"facType":"government"}},{"type":"Feature","geometry":{"type":"Point","coordinates":[-80.26672,25.74796]},"properties":{"probability":0.719,"inBuffer":true,"facType":"government"}},{"type":"Feature","geometry":{"type":"Point","coordinates":[-80.26222,25.74796]},"properties":{"probability":0.838,"inBuffer":true,"facType":"government"}},{"type":"Feature","geometry":{"type":"Point","coordinates":[-80.25774,25.74796]},"properties":{"probability":0.818,"inBuffer":true,"facType":"police"}},{"type":"Feature","geometry":{"type":"Point","coordinates":[-80.25324,25.74796]},"properties":{"probability":0.729,"inBuffer":true,"facType":"substation"}},{"type":"Feature","geometry":{"type":"Point","coordinates":[-80.24875,25.74796]},"properties":{"probability":0.718,"inBuffer":false,"facType":"substation"}},{"type":"Feature","geometry":{"type":"Point","coordinates":[-80.24426,25.74796]},"properties":{"probability":0.703,"inBuffer":false,"facType":"substation"}},{"type":"Feature","geometry":{"type":"Point","coordinates":[-80.23977,25.74796]},"properties":{"probability":0.721,"inBuffer":false,"facType":"substation"}},{"type":"Feature","geometry":{"type":"Point","coordinates":[-80.23528,25.74796]},"properties":{"probability":0.721,"inBuffer":false,"facType":"substation"}},{"type":"Feature","geometry":{"type":"Point","coordinates":[-80.23078,25.74796]},"properties":{"probability":0.707,"inBuffer":false,"facType":"substation"}},{"type":"Feature","geometry":{"type":"Point","coordinates":[-80.2263,25.74796]},"properties":{"probability":0.693,"inBuffer":false,"facType":"substation"}},{"type":"Feature","geometry":{"type":"Point","coordinates":[-80.2218,25.74796]},"properties":{"probability":0.694,"inBuffer":false,"facType":"substation"}},{"type":"Feature","geometry":{"type":"Point","coordinates":[-80.21731,25.74796]},"properties":{"probability":0.691,"inBuffer":false,"facType":"substation"}},{"type":"Feature","geometry":{"type":"Point","coordinates":[-80.21281,25.74796]},"properties":{"probability":0.677,"inBuffer":false,"facType":"substation"}},{"type":"Feature","geometry":{"type":"Point","coordinates":[-80.20833,25.74796]},"properties":{"probability":0.638,"inBuffer":false,"facType":"hospital"}},{"type":"Feature","geometry":{"type":"Point","coordinates":[-80.20383,25.74796]},"properties":{"probability":0.631,"inBuffer":false,"facType":"hospital"}},{"type":"Feature","geometry":{"type":"Point","coordinates":[-80.19934,25.74796]},"properties":{"probability":0.507,"inBuffer":false,"facType":"substation"}},{"type":"Feature","geometry":{"type":"Point","coordinates":[-80.19485,25.74796]},"properties":{"probability":0.343,"inBuffer":false,"facType":"substation"}},{"type":"Feature","geometry":{"type":"Point","coordinates":[-80.19036,25.74796]},"properties":{"probability":0.268,"inBuffer":false,"facType":"substation"}},{"type":"Feature","geometry":{"type":"Point","coordinates":[-80.18587,25.74796]},"properties":{"probability":0.276,"inBuffer":false,"facType":"substation"}},{"type":"Feature","geometry":{"type":"Point","coordinates":[-80.18137,25.74796]},"properties":{"probability":0.306,"inBuffer":false,"facType":"substation"}},{"type":"Feature","geometry":{"type":"Point","coordinates":[-80.17689,25.74796]},"properties":{"probability":0.34,"inBuffer":false,"facType":"government"}},{"type":"Feature","geometry":{"type":"Point","coordinates":[-80.17239,25.74796]},"properties":{"probability":0.393,"inBuffer":false,"facType":"government"}},{"type":"Feature","geometry":{"type":"Point","coordinates":[-80.1679,25.74796]},"properties":{"probability":0.228,"inBuffer":false,"facType":"substation"}},{"type":"Feature","geometry":{"type":"Point","coordinates":[-80.16341,25.74796]},"properties":{"probability":0.219,"inBuffer":false,"facType":"substation"}},{"type":"Feature","geometry":{"type":"Point","coordinates":[-80.15892,25.74796]},"properties":{"probability":0.225,"inBuffer":true,"facType":"substation"}},{"type":"Feature","geometry":{"type":"Point","coordinates":[-80.15443,25.74796]},"properties":{"probability":0.359,"inBuffer":true,"facType":"substation"}},{"type":"Feature","geometry":{"type":"Point","coordinates":[-80.14993,25.74796]},"properties":{"probability":0.539,"inBuffer":true,"facType":"power"}},{"type":"Feature","geometry":{"type":"Point","coordinates":[-80.14545,25.74796]},"properties":{"probability":0.202,"inBuffer":true,"facType":"power"}},{"type":"Feature","geometry":{"type":"Point","coordinates":[-80.35206,25.74347]},"properties":{"probability":0.679,"inBuffer":true,"facType":"fire"}},{"type":"Feature","geometry":{"type":"Point","coordinates":[-80.34756,25.74347]},"properties":{"probability":0.685,"inBuffer":true,"facType":"fire"}},{"type":"Feature","geometry":{"type":"Point","coordinates":[-80.34307,25.74347]},"properties":{"probability":0.672,"inBuffer":true,"facType":"fire"}},{"type":"Feature","geometry":{"type":"Point","coordinates":[-80.33858,25.74347]},"properties":{"probability":0.713,"inBuffer":false,"facType":"fire"}},{"type":"Feature","geometry":{"type":"Point","coordinates":[-80.33409,25.74347]},"properties":{"probability":0.727,"inBuffer":false,"facType":"fire"}},{"type":"Feature","geometry":{"type":"Point","coordinates":[-80.3296,25.74347]},"properties":{"probability":0.692,"inBuffer":false,"facType":"fire"}},{"type":"Feature","geometry":{"type":"Point","coordinates":[-80.3251,25.74347]},"properties":{"probability":0.651,"inBuffer":false,"facType":"hospital"}},{"type":"Feature","geometry":{"type":"Point","coordinates":[-80.32062,25.74347]},"properties":{"probability":0.715,"inBuffer":true,"facType":"hospital"}},{"type":"Feature","geometry":{"type":"Point","coordinates":[-80.31612,25.74347]},"properties":{"probability":0.746,"inBuffer":true,"facType":"hospital"}},{"type":"Feature","geometry":{"type":"Point","coordinates":[-80.31163,25.74347]},"properties":{"probability":0.783,"inBuffer":true,"facType":"hospital"}},{"type":"Feature","geometry":{"type":"Point","coordinates":[-80.30714,25.74347]},"properties":{"probability":0.703,"inBuffer":false,"facType":"hospital"}},{"type":"Feature","geometry":{"type":"Point","coordinates":[-80.30265,25.74347]},"properties":{"probability":0.63,"inBuffer":false,"facType":"hospital"}},{"type":"Feature","geometry":{"type":"Point","coordinates":[-80.29816,25.74347]},"properties":{"probability":0.641,"inBuffer":true,"facType":"hospital"}},{"type":"Feature","geometry":{"type":"Point","coordinates":[-80.29366,25.74347]},"properties":{"probability":0.642,"inBuffer":true,"facType":"hospital"}},{"type":"Feature","geometry":{"type":"Point","coordinates":[-80.28918,25.74347]},"properties":{"probability":0.602,"inBuffer":true,"facType":"hospital"}},{"type":"Feature","geometry":{"type":"Point","coordinates":[-80.28468,25.74347]},"properties":{"probability":0.62,"inBuffer":false,"facType":"hospital"}},{"type":"Feature","geometry":{"type":"Point","coordinates":[-80.28019,25.74347]},"properties":{"probability":0.622,"inBuffer":false,"facType":"hospital"}},{"type":"Feature","geometry":{"type":"Point","coordinates":[-80.2757,25.74347]},"properties":{"probability":0.651,"inBuffer":false,"facType":"government"}},{"type":"Feature","geometry":{"type":"Point","coordinates":[-80.27121,25.74347]},"properties":{"probability":0.64,"inBuffer":false,"facType":"government"}},{"type":"Feature","geometry":{"type":"Point","coordinates":[-80.26672,25.74347]},"properties":{"probability":0.676,"inBuffer":true,"facType":"government"}},{"type":"Feature","geometry":{"type":"Point","coordinates":[-80.26222,25.74347]},"properties":{"probability":0.732,"inBuffer":true,"facType":"fire"}},{"type":"Feature","geometry":{"type":"Point","coordinates":[-80.25774,25.74347]},"properties":{"probability":0.726,"inBuffer":true,"facType":"hospital"}},{"type":"Feature","geometry":{"type":"Point","coordinates":[-80.25324,25.74347]},"properties":{"probability":0.714,"inBuffer":true,"facType":"hospital"}},{"type":"Feature","geometry":{"type":"Point","coordinates":[-80.24875,25.74347]},"properties":{"probability":0.687,"inBuffer":true,"facType":"hospital"}},{"type":"Feature","geometry":{"type":"Point","coordinates":[-80.24426,25.74347]},"properties":{"probability":0.706,"inBuffer":false,"facType":"hospital"}},{"type":"Feature","geometry":{"type":"Point","coordinates":[-80.23977,25.74347]},"properties":{"probability":0.718,"inBuffer":false,"facType":"hospital"}},{"type":"Feature","geometry":{"type":"Point","coordinates":[-80.23528,25.74347]},"properties":{"probability":0.713,"inBuffer":false,"facType":"substation"}},{"type":"Feature","geometry":{"type":"Point","coordinates":[-80.23078,25.74347]},"properties":{"probability":0.686,"inBuffer":false,"facType":"substation"}},{"type":"Feature","geometry":{"type":"Point","coordinates":[-80.2263,25.74347]},"properties":{"probability":0.678,"inBuffer":false,"facType":"substation"}},{"type":"Feature","geometry":{"type":"Point","coordinates":[-80.2218,25.74347]},"properties":{"probability":0.679,"inBuffer":false,"facType":"substation"}},{"type":"Feature","geometry":{"type":"Point","coordinates":[-80.21731,25.74347]},"properties":{"probability":0.679,"inBuffer":true,"facType":"hospital"}},{"type":"Feature","geometry":{"type":"Point","coordinates":[-80.21281,25.74347]},"properties":{"probability":0.679,"inBuffer":true,"facType":"hospital"}},{"type":"Feature","geometry":{"type":"Point","coordinates":[-80.20833,25.74347]},"properties":{"probability":0.445,"inBuffer":true,"facType":"hospital"}},{"type":"Feature","geometry":{"type":"Point","coordinates":[-80.20383,25.74347]},"properties":{"probability":0.318,"inBuffer":false,"facType":"hospital"}},{"type":"Feature","geometry":{"type":"Point","coordinates":[-80.19934,25.74347]},"properties":{"probability":0.306,"inBuffer":false,"facType":"hospital"}},{"type":"Feature","geometry":{"type":"Point","coordinates":[-80.19485,25.74347]},"properties":{"probability":0.264,"inBuffer":false,"facType":"hospital"}},{"type":"Feature","geometry":{"type":"Point","coordinates":[-80.19036,25.74347]},"properties":{"probability":0.225,"inBuffer":false,"facType":"substation"}},{"type":"Feature","geometry":{"type":"Point","coordinates":[-80.18587,25.74347]},"properties":{"probability":0.176,"inBuffer":false,"facType":"substation"}},{"type":"Feature","geometry":{"type":"Point","coordinates":[-80.18137,25.74347]},"properties":{"probability":0.306,"inBuffer":false,"facType":"government"}},{"type":"Feature","geometry":{"type":"Point","coordinates":[-80.17689,25.74347]},"properties":{"probability":0.495,"inBuffer":false,"facType":"government"}},{"type":"Feature","geometry":{"type":"Point","coordinates":[-80.17239,25.74347]},"properties":{"probability":0.584,"inBuffer":false,"facType":"government"}},{"type":"Feature","geometry":{"type":"Point","coordinates":[-80.1679,25.74347]},"properties":{"probability":0.423,"inBuffer":false,"facType":"government"}},{"type":"Feature","geometry":{"type":"Point","coordinates":[-80.16341,25.74347]},"properties":{"probability":0.176,"inBuffer":false,"facType":"government"}},{"type":"Feature","geometry":{"type":"Point","coordinates":[-80.15892,25.74347]},"properties":{"probability":0.203,"inBuffer":false,"facType":"substation"}},{"type":"Feature","geometry":{"type":"Point","coordinates":[-80.15443,25.74347]},"properties":{"probability":0.217,"inBuffer":true,"facType":"substation"}},{"type":"Feature","geometry":{"type":"Point","coordinates":[-80.14993,25.74347]},"properties":{"probability":0.352,"inBuffer":true,"facType":"substation"}},{"type":"Feature","geometry":{"type":"Point","coordinates":[-80.14545,25.74347]},"properties":{"probability":0.183,"inBuffer":false,"facType":"power"}},{"type":"Feature","geometry":{"type":"Point","coordinates":[-80.35206,25.73898]},"properties":{"probability":0.645,"inBuffer":false,"facType":"substation"}},{"type":"Feature","geometry":{"type":"Point","coordinates":[-80.34756,25.73898]},"properties":{"probability":0.652,"inBuffer":false,"facType":"substation"}},{"type":"Feature","geometry":{"type":"Point","coordinates":[-80.34307,25.73898]},"properties":{"probability":0.647,"inBuffer":false,"facType":"fire"}},{"type":"Feature","geometry":{"type":"Point","coordinates":[-80.33858,25.73898]},"properties":{"probability":0.674,"inBuffer":false,"facType":"fire"}},{"type":"Feature","geometry":{"type":"Point","coordinates":[-80.33409,25.73898]},"properties":{"probability":0.67,"inBuffer":false,"facType":"fire"}},{"type":"Feature","geometry":{"type":"Point","coordinates":[-80.3296,25.73898]},"properties":{"probability":0.653,"inBuffer":true,"facType":"fire"}},{"type":"Feature","geometry":{"type":"Point","coordinates":[-80.3251,25.73898]},"properties":{"probability":0.633,"inBuffer":true,"facType":"fire"}},{"type":"Feature","geometry":{"type":"Point","coordinates":[-80.32062,25.73898]},"properties":{"probability":0.672,"inBuffer":false,"facType":"fire"}},{"type":"Feature","geometry":{"type":"Point","coordinates":[-80.31612,25.73898]},"properties":{"probability":0.654,"inBuffer":false,"facType":"hospital"}},{"type":"Feature","geometry":{"type":"Point","coordinates":[-80.31163,25.73898]},"properties":{"probability":0.641,"inBuffer":false,"facType":"hospital"}},{"type":"Feature","geometry":{"type":"Point","coordinates":[-80.30714,25.73898]},"properties":{"probability":0.646,"inBuffer":false,"facType":"hospital"}},{"type":"Feature","geometry":{"type":"Point","coordinates":[-80.30265,25.73898]},"properties":{"probability":0.616,"inBuffer":false,"facType":"hospital"}},{"type":"Feature","geometry":{"type":"Point","coordinates":[-80.29816,25.73898]},"properties":{"probability":0.652,"inBuffer":true,"facType":"hospital"}},{"type":"Feature","geometry":{"type":"Point","coordinates":[-80.29366,25.73898]},"properties":{"probability":0.639,"inBuffer":true,"facType":"hospital"}},{"type":"Feature","geometry":{"type":"Point","coordinates":[-80.28918,25.73898]},"properties":{"probability":0.59,"inBuffer":true,"facType":"hospital"}},{"type":"Feature","geometry":{"type":"Point","coordinates":[-80.28468,25.73898]},"properties":{"probability":0.605,"inBuffer":false,"facType":"hospital"}},{"type":"Feature","geometry":{"type":"Point","coordinates":[-80.28019,25.73898]},"properties":{"probability":0.616,"inBuffer":false,"facType":"hospital"}},{"type":"Feature","geometry":{"type":"Point","coordinates":[-80.2757,25.73898]},"properties":{"probability":0.6,"inBuffer":false,"facType":"government"}},{"type":"Feature","geometry":{"type":"Point","coordinates":[-80.27121,25.73898]},"properties":{"probability":0.586,"inBuffer":false,"facType":"government"}},{"type":"Feature","geometry":{"type":"Point","coordinates":[-80.26672,25.73898]},"properties":{"probability":0.641,"inBuffer":false,"facType":"fire"}},{"type":"Feature","geometry":{"type":"Point","coordinates":[-80.26222,25.73898]},"properties":{"probability":0.655,"inBuffer":false,"facType":"fire"}},{"type":"Feature","geometry":{"type":"Point","coordinates":[-80.25774,25.73898]},"properties":{"probability":0.724,"inBuffer":true,"facType":"substation"}},{"type":"Feature","geometry":{"type":"Point","coordinates":[-80.25324,25.73898]},"properties":{"probability":0.722,"inBuffer":true,"facType":"hospital"}},{"type":"Feature","geometry":{"type":"Point","coordinates":[-80.24875,25.73898]},"properties":{"probability":0.72,"inBuffer":true,"facType":"hospital"}},{"type":"Feature","geometry":{"type":"Point","coordinates":[-80.24426,25.73898]},"properties":{"probability":0.743,"inBuffer":false,"facType":"fire"}},{"type":"Feature","geometry":{"type":"Point","coordinates":[-80.23977,25.73898]},"properties":{"probability":0.757,"inBuffer":false,"facType":"fire"}},{"type":"Feature","geometry":{"type":"Point","coordinates":[-80.23528,25.73898]},"properties":{"probability":0.717,"inBuffer":false,"facType":"fire"}},{"type":"Feature","geometry":{"type":"Point","coordinates":[-80.23078,25.73898]},"properties":{"probability":0.667,"inBuffer":false,"facType":"police"}},{"type":"Feature","geometry":{"type":"Point","coordinates":[-80.2263,25.73898]},"properties":{"probability":0.646,"inBuffer":false,"facType":"substation"}},{"type":"Feature","geometry":{"type":"Point","coordinates":[-80.2218,25.73898]},"properties":{"probability":0.645,"inBuffer":true,"facType":"hospital"}},{"type":"Feature","geometry":{"type":"Point","coordinates":[-80.21731,25.73898]},"properties":{"probability":0.65,"inBuffer":true,"facType":"hospital"}},{"type":"Feature","geometry":{"type":"Point","coordinates":[-80.21281,25.73898]},"properties":{"probability":0.659,"inBuffer":true,"facType":"hospital"}},{"type":"Feature","geometry":{"type":"Point","coordinates":[-80.20833,25.73898]},"properties":{"probability":0.316,"inBuffer":true,"facType":"hospital"}},{"type":"Feature","geometry":{"type":"Point","coordinates":[-80.20383,25.73898]},"properties":{"probability":0.196,"inBuffer":false,"facType":"hospital"}},{"type":"Feature","geometry":{"type":"Point","coordinates":[-80.19934,25.73898]},"properties":{"probability":0.178,"inBuffer":false,"facType":"hospital"}},{"type":"Feature","geometry":{"type":"Point","coordinates":[-80.19485,25.73898]},"properties":{"probability":0.185,"inBuffer":false,"facType":"hospital"}},{"type":"Feature","geometry":{"type":"Point","coordinates":[-80.18137,25.73898]},"properties":{"probability":0.201,"inBuffer":false,"facType":"government"}},{"type":"Feature","geometry":{"type":"Point","coordinates":[-80.17689,25.73898]},"properties":{"probability":0.221,"inBuffer":false,"facType":"government"}},{"type":"Feature","geometry":{"type":"Point","coordinates":[-80.17239,25.73898]},"properties":{"probability":0.371,"inBuffer":false,"facType":"government"}},{"type":"Feature","geometry":{"type":"Point","coordinates":[-80.1679,25.73898]},"properties":{"probability":0.604,"inBuffer":false,"facType":"government"}},{"type":"Feature","geometry":{"type":"Point","coordinates":[-80.16341,25.73898]},"properties":{"probability":0.489,"inBuffer":false,"facType":"government"}},{"type":"Feature","geometry":{"type":"Point","coordinates":[-80.15892,25.73898]},"properties":{"probability":0.236,"inBuffer":false,"facType":"government"}},{"type":"Feature","geometry":{"type":"Point","coordinates":[-80.15443,25.73898]},"properties":{"probability":0.173,"inBuffer":false,"facType":"government"}},{"type":"Feature","geometry":{"type":"Point","coordinates":[-80.35206,25.73449]},"properties":{"probability":0.705,"inBuffer":false,"facType":"substation"}},{"type":"Feature","geometry":{"type":"Point","coordinates":[-80.34756,25.73449]},"properties":{"probability":0.702,"inBuffer":false,"facType":"substation"}},{"type":"Feature","geometry":{"type":"Point","coordinates":[-80.34307,25.73449]},"properties":{"probability":0.708,"inBuffer":false,"facType":"substation"}},{"type":"Feature","geometry":{"type":"Point","coordinates":[-80.33858,25.73449]},"properties":{"probability":0.72,"inBuffer":false,"facType":"fire"}},{"type":"Feature","geometry":{"type":"Point","coordinates":[-80.33409,25.73449]},"properties":{"probability":0.739,"inBuffer":true,"facType":"fire"}},{"type":"Feature","geometry":{"type":"Point","coordinates":[-80.3296,25.73449]},"properties":{"probability":0.705,"inBuffer":true,"facType":"fire"}},{"type":"Feature","geometry":{"type":"Point","coordinates":[-80.3251,25.73449]},"properties":{"probability":0.708,"inBuffer":true,"facType":"fire"}},{"type":"Feature","geometry":{"type":"Point","coordinates":[-80.32062,25.73449]},"properties":{"probability":0.749,"inBuffer":true,"facType":"fire"}},{"type":"Feature","geometry":{"type":"Point","coordinates":[-80.31612,25.73449]},"properties":{"probability":0.721,"inBuffer":false,"facType":"fire"}},{"type":"Feature","geometry":{"type":"Point","coordinates":[-80.31163,25.73449]},"properties":{"probability":0.678,"inBuffer":false,"facType":"hospital"}},{"type":"Feature","geometry":{"type":"Point","coordinates":[-80.30714,25.73449]},"properties":{"probability":0.682,"inBuffer":false,"facType":"substation"}},{"type":"Feature","geometry":{"type":"Point","coordinates":[-80.30265,25.73449]},"properties":{"probability":0.66,"inBuffer":false,"facType":"substation"}},{"type":"Feature","geometry":{"type":"Point","coordinates":[-80.29816,25.73449]},"properties":{"probability":0.609,"inBuffer":false,"facType":"substation"}},{"type":"Feature","geometry":{"type":"Point","coordinates":[-80.29366,25.73449]},"properties":{"probability":0.628,"inBuffer":false,"facType":"substation"}},{"type":"Feature","geometry":{"type":"Point","coordinates":[-80.28918,25.73449]},"properties":{"probability":0.646,"inBuffer":false,"facType":"substation"}},{"type":"Feature","geometry":{"type":"Point","coordinates":[-80.28468,25.73449]},"properties":{"probability":0.612,"inBuffer":false,"facType":"substation"}},{"type":"Feature","geometry":{"type":"Point","coordinates":[-80.28019,25.73449]},"properties":{"probability":0.475,"inBuffer":false,"facType":"hospital"}},{"type":"Feature","geometry":{"type":"Point","coordinates":[-80.2757,25.73449]},"properties":{"probability":0.472,"inBuffer":false,"facType":"hospital"}},{"type":"Feature","geometry":{"type":"Point","coordinates":[-80.27121,25.73449]},"properties":{"probability":0.522,"inBuffer":false,"facType":"hospital"}},{"type":"Feature","geometry":{"type":"Point","coordinates":[-80.26672,25.73449]},"properties":{"probability":0.617,"inBuffer":false,"facType":"fire"}},{"type":"Feature","geometry":{"type":"Point","coordinates":[-80.26222,25.73449]},"properties":{"probability":0.752,"inBuffer":false,"facType":"substation"}},{"type":"Feature","geometry":{"type":"Point","coordinates":[-80.25774,25.73449]},"properties":{"probability":0.836,"inBuffer":true,"facType":"substation"}},{"type":"Feature","geometry":{"type":"Point","coordinates":[-80.25324,25.73449]},"properties":{"probability":0.83,"inBuffer":true,"facType":"substation"}},{"type":"Feature","geometry":{"type":"Point","coordinates":[-80.24875,25.73449]},"properties":{"probability":0.733,"inBuffer":true,"facType":"substation"}},{"type":"Feature","geometry":{"type":"Point","coordinates":[-80.24426,25.73449]},"properties":{"probability":0.743,"inBuffer":true,"facType":"fire"}},{"type":"Feature","geometry":{"type":"Point","coordinates":[-80.23977,25.73449]},"properties":{"probability":0.743,"inBuffer":true,"facType":"fire"}},{"type":"Feature","geometry":{"type":"Point","coordinates":[-80.23528,25.73449]},"properties":{"probability":0.717,"inBuffer":true,"facType":"police"}},{"type":"Feature","geometry":{"type":"Point","coordinates":[-80.23078,25.73449]},"properties":{"probability":0.629,"inBuffer":false,"facType":"police"}},{"type":"Feature","geometry":{"type":"Point","coordinates":[-80.2263,25.73449]},"properties":{"probability":0.615,"inBuffer":false,"facType":"government"}},{"type":"Feature","geometry":{"type":"Point","coordinates":[-80.2218,25.73449]},"properties":{"probability":0.581,"inBuffer":false,"facType":"hospital"}},{"type":"Feature","geometry":{"type":"Point","coordinates":[-80.21731,25.73449]},"properties":{"probability":0.55,"inBuffer":false,"facType":"hospital"}},{"type":"Feature","geometry":{"type":"Point","coordinates":[-80.21281,25.73449]},"properties":{"probability":0.492,"inBuffer":true,"facType":"hospital"}},{"type":"Feature","geometry":{"type":"Point","coordinates":[-80.20833,25.73449]},"properties":{"probability":0.181,"inBuffer":false,"facType":"hospital"}},{"type":"Feature","geometry":{"type":"Point","coordinates":[-80.20383,25.73449]},"properties":{"probability":0.207,"inBuffer":false,"facType":"hospital"}},{"type":"Feature","geometry":{"type":"Point","coordinates":[-80.19934,25.73449]},"properties":{"probability":0.185,"inBuffer":false,"facType":"hospital"}},{"type":"Feature","geometry":{"type":"Point","coordinates":[-80.19036,25.73449]},"properties":{"probability":0.161,"inBuffer":false,"facType":"hospital"}},{"type":"Feature","geometry":{"type":"Point","coordinates":[-80.18587,25.73449]},"properties":{"probability":0.164,"inBuffer":false,"facType":"government"}},{"type":"Feature","geometry":{"type":"Point","coordinates":[-80.17239,25.73449]},"properties":{"probability":0.182,"inBuffer":false,"facType":"government"}},{"type":"Feature","geometry":{"type":"Point","coordinates":[-80.1679,25.73449]},"properties":{"probability":0.551,"inBuffer":false,"facType":"government"}},{"type":"Feature","geometry":{"type":"Point","coordinates":[-80.16341,25.73449]},"properties":{"probability":0.583,"inBuffer":false,"facType":"government"}},{"type":"Feature","geometry":{"type":"Point","coordinates":[-80.15892,25.73449]},"properties":{"probability":0.436,"inBuffer":false,"facType":"government"}},{"type":"Feature","geometry":{"type":"Point","coordinates":[-80.15443,25.73449]},"properties":{"probability":0.234,"inBuffer":false,"facType":"government"}},{"type":"Feature","geometry":{"type":"Point","coordinates":[-80.35206,25.73]},"properties":{"probability":0.707,"inBuffer":false,"facType":"substation"}},{"type":"Feature","geometry":{"type":"Point","coordinates":[-80.34756,25.73]},"properties":{"probability":0.72,"inBuffer":false,"facType":"substation"}},{"type":"Feature","geometry":{"type":"Point","coordinates":[-80.34307,25.73]},"properties":{"probability":0.721,"inBuffer":false,"facType":"substation"}},{"type":"Feature","geometry":{"type":"Point","coordinates":[-80.33858,25.73]},"properties":{"probability":0.724,"inBuffer":false,"facType":"fire"}},{"type":"Feature","geometry":{"type":"Point","coordinates":[-80.33409,25.73]},"properties":{"probability":0.744,"inBuffer":false,"facType":"fire"}},{"type":"Feature","geometry":{"type":"Point","coordinates":[-80.3296,25.73]},"properties":{"probability":0.723,"inBuffer":true,"facType":"fire"}},{"type":"Feature","geometry":{"type":"Point","coordinates":[-80.3251,25.73]},"properties":{"probability":0.706,"inBuffer":true,"facType":"fire"}},{"type":"Feature","geometry":{"type":"Point","coordinates":[-80.32062,25.73]},"properties":{"probability":0.769,"inBuffer":false,"facType":"fire"}},{"type":"Feature","geometry":{"type":"Point","coordinates":[-80.31612,25.73]},"properties":{"probability":0.758,"inBuffer":false,"facType":"fire"}},{"type":"Feature","geometry":{"type":"Point","coordinates":[-80.31163,25.73]},"properties":{"probability":0.73,"inBuffer":false,"facType":"fire"}},{"type":"Feature","geometry":{"type":"Point","coordinates":[-80.30714,25.73]},"properties":{"probability":0.738,"inBuffer":false,"facType":"substation"}},{"type":"Feature","geometry":{"type":"Point","coordinates":[-80.30265,25.73]},"properties":{"probability":0.709,"inBuffer":false,"facType":"substation"}},{"type":"Feature","geometry":{"type":"Point","coordinates":[-80.29816,25.73]},"properties":{"probability":0.608,"inBuffer":false,"facType":"substation"}},{"type":"Feature","geometry":{"type":"Point","coordinates":[-80.29366,25.73]},"properties":{"probability":0.612,"inBuffer":false,"facType":"substation"}},{"type":"Feature","geometry":{"type":"Point","coordinates":[-80.28918,25.73]},"properties":{"probability":0.639,"inBuffer":false,"facType":"substation"}},{"type":"Feature","geometry":{"type":"Point","coordinates":[-80.28468,25.73]},"properties":{"probability":0.599,"inBuffer":false,"facType":"substation"}},{"type":"Feature","geometry":{"type":"Point","coordinates":[-80.28019,25.73]},"properties":{"probability":0.518,"inBuffer":false,"facType":"hospital"}},{"type":"Feature","geometry":{"type":"Point","coordinates":[-80.2757,25.73]},"properties":{"probability":0.463,"inBuffer":true,"facType":"hospital"}},{"type":"Feature","geometry":{"type":"Point","coordinates":[-80.27121,25.73]},"properties":{"probability":0.564,"inBuffer":true,"facType":"hospital"}},{"type":"Feature","geometry":{"type":"Point","coordinates":[-80.26672,25.73]},"properties":{"probability":0.619,"inBuffer":true,"facType":"fire"}},{"type":"Feature","geometry":{"type":"Point","coordinates":[-80.26222,25.73]},"properties":{"probability":0.773,"inBuffer":true,"facType":"fire"}},{"type":"Feature","geometry":{"type":"Point","coordinates":[-80.25774,25.73]},"properties":{"probability":0.828,"inBuffer":true,"facType":"police"}},{"type":"Feature","geometry":{"type":"Point","coordinates":[-80.25324,25.73]},"properties":{"probability":0.83,"inBuffer":true,"facType":"police"}},{"type":"Feature","geometry":{"type":"Point","coordinates":[-80.24875,25.73]},"properties":{"probability":0.726,"inBuffer":true,"facType":"police"}},{"type":"Feature","geometry":{"type":"Point","coordinates":[-80.24426,25.73]},"properties":{"probability":0.727,"inBuffer":true,"facType":"fire"}},{"type":"Feature","geometry":{"type":"Point","coordinates":[-80.23977,25.73]},"properties":{"probability":0.742,"inBuffer":true,"facType":"fire"}},{"type":"Feature","geometry":{"type":"Point","coordinates":[-80.23528,25.73]},"properties":{"probability":0.714,"inBuffer":true,"facType":"police"}},{"type":"Feature","geometry":{"type":"Point","coordinates":[-80.23078,25.73]},"properties":{"probability":0.671,"inBuffer":true,"facType":"government"}},{"type":"Feature","geometry":{"type":"Point","coordinates":[-80.2263,25.73]},"properties":{"probability":0.405,"inBuffer":false,"facType":"government"}},{"type":"Feature","geometry":{"type":"Point","coordinates":[-80.2218,25.73]},"properties":{"probability":0.279,"inBuffer":false,"facType":"government"}},{"type":"Feature","geometry":{"type":"Point","coordinates":[-80.21731,25.73]},"properties":{"probability":0.24,"inBuffer":false,"facType":"hospital"}},{"type":"Feature","geometry":{"type":"Point","coordinates":[-80.21281,25.73]},"properties":{"probability":0.24,"inBuffer":false,"facType":"hospital"}},{"type":"Feature","geometry":{"type":"Point","coordinates":[-80.17239,25.73]},"properties":{"probability":0.258,"inBuffer":false,"facType":"government"}},{"type":"Feature","geometry":{"type":"Point","coordinates":[-80.1679,25.73]},"properties":{"probability":0.298,"inBuffer":false,"facType":"government"}},{"type":"Feature","geometry":{"type":"Point","coordinates":[-80.16341,25.73]},"properties":{"probability":0.599,"inBuffer":false,"facType":"government"}},{"type":"Feature","geometry":{"type":"Point","coordinates":[-80.15892,25.73]},"properties":{"probability":0.554,"inBuffer":false,"facType":"government"}},{"type":"Feature","geometry":{"type":"Point","coordinates":[-80.15443,25.73]},"properties":{"probability":0.293,"inBuffer":false,"facType":"government"}},{"type":"Feature","geometry":{"type":"Point","coordinates":[-80.35206,25.7255]},"properties":{"probability":0.63,"inBuffer":false,"facType":"substation"}},{"type":"Feature","geometry":{"type":"Point","coordinates":[-80.34756,25.7255]},"properties":{"probability":0.629,"inBuffer":false,"facType":"substation"}},{"type":"Feature","geometry":{"type":"Point","coordinates":[-80.34307,25.7255]},"properties":{"probability":0.635,"inBuffer":false,"facType":"police"}},{"type":"Feature","geometry":{"type":"Point","coordinates":[-80.33858,25.7255]},"properties":{"probability":0.636,"inBuffer":false,"facType":"police"}},{"type":"Feature","geometry":{"type":"Point","coordinates":[-80.33409,25.7255]},"properties":{"probability":0.648,"inBuffer":false,"facType":"police"}},{"type":"Feature","geometry":{"type":"Point","coordinates":[-80.3296,25.7255]},"properties":{"probability":0.642,"inBuffer":false,"facType":"fire"}},{"type":"Feature","geometry":{"type":"Point","coordinates":[-80.3251,25.7255]},"properties":{"probability":0.585,"inBuffer":false,"facType":"fire"}},{"type":"Feature","geometry":{"type":"Point","coordinates":[-80.32062,25.7255]},"properties":{"probability":0.694,"inBuffer":false,"facType":"fire"}},{"type":"Feature","geometry":{"type":"Point","coordinates":[-80.31612,25.7255]},"properties":{"probability":0.75,"inBuffer":false,"facType":"fire"}},{"type":"Feature","geometry":{"type":"Point","coordinates":[-80.31163,25.7255]},"properties":{"probability":0.705,"inBuffer":false,"facType":"fire"}},{"type":"Feature","geometry":{"type":"Point","coordinates":[-80.30714,25.7255]},"properties":{"probability":0.678,"inBuffer":false,"facType":"substation"}},{"type":"Feature","geometry":{"type":"Point","coordinates":[-80.30265,25.7255]},"properties":{"probability":0.609,"inBuffer":false,"facType":"substation"}},{"type":"Feature","geometry":{"type":"Point","coordinates":[-80.29816,25.7255]},"properties":{"probability":0.441,"inBuffer":false,"facType":"substation"}},{"type":"Feature","geometry":{"type":"Point","coordinates":[-80.29366,25.7255]},"properties":{"probability":0.425,"inBuffer":false,"facType":"substation"}},{"type":"Feature","geometry":{"type":"Point","coordinates":[-80.28918,25.7255]},"properties":{"probability":0.481,"inBuffer":false,"facType":"substation"}},{"type":"Feature","geometry":{"type":"Point","coordinates":[-80.28468,25.7255]},"properties":{"probability":0.569,"inBuffer":false,"facType":"hospital"}},{"type":"Feature","geometry":{"type":"Point","coordinates":[-80.28019,25.7255]},"properties":{"probability":0.6,"inBuffer":true,"facType":"hospital"}},{"type":"Feature","geometry":{"type":"Point","coordinates":[-80.2757,25.7255]},"properties":{"probability":0.626,"inBuffer":true,"facType":"hospital"}},{"type":"Feature","geometry":{"type":"Point","coordinates":[-80.27121,25.7255]},"properties":{"probability":0.601,"inBuffer":true,"facType":"hospital"}},{"type":"Feature","geometry":{"type":"Point","coordinates":[-80.26672,25.7255]},"properties":{"probability":0.631,"inBuffer":true,"facType":"fire"}},{"type":"Feature","geometry":{"type":"Point","coordinates":[-80.26222,25.7255]},"properties":{"probability":0.755,"inBuffer":true,"facType":"fire"}},{"type":"Feature","geometry":{"type":"Point","coordinates":[-80.25774,25.7255]},"properties":{"probability":0.726,"inBuffer":true,"facType":"fire"}},{"type":"Feature","geometry":{"type":"Point","coordinates":[-80.25324,25.7255]},"properties":{"probability":0.731,"inBuffer":true,"facType":"fire"}},{"type":"Feature","geometry":{"type":"Point","coordinates":[-80.24875,25.7255]},"properties":{"probability":0.723,"inBuffer":false,"facType":"fire"}},{"type":"Feature","geometry":{"type":"Point","coordinates":[-80.24426,25.7255]},"properties":{"probability":0.708,"inBuffer":true,"facType":"fire"}},{"type":"Feature","geometry":{"type":"Point","coordinates":[-80.23977,25.7255]},"properties":{"probability":0.711,"inBuffer":true,"facType":"fire"}},{"type":"Feature","geometry":{"type":"Point","coordinates":[-80.23528,25.7255]},"properties":{"probability":0.715,"inBuffer":true,"facType":"government"}},{"type":"Feature","geometry":{"type":"Point","coordinates":[-80.23078,25.7255]},"properties":{"probability":0.593,"inBuffer":true,"facType":"government"}},{"type":"Feature","geometry":{"type":"Point","coordinates":[-80.2263,25.7255]},"properties":{"probability":0.192,"inBuffer":false,"facType":"government"}},{"type":"Feature","geometry":{"type":"Point","coordinates":[-80.2218,25.7255]},"properties":{"probability":0.211,"inBuffer":false,"facType":"government"}},{"type":"Feature","geometry":{"type":"Point","coordinates":[-80.21731,25.7255]},"properties":{"probability":0.201,"inBuffer":false,"facType":"hospital"}},{"type":"Feature","geometry":{"type":"Point","coordinates":[-80.21281,25.7255]},"properties":{"probability":0.176,"inBuffer":false,"facType":"hospital"}},{"type":"Feature","geometry":{"type":"Point","coordinates":[-80.20833,25.7255]},"properties":{"probability":0.187,"inBuffer":false,"facType":"hospital"}},{"type":"Feature","geometry":{"type":"Point","coordinates":[-80.16341,25.7255]},"properties":{"probability":0.266,"inBuffer":false,"facType":"government"}},{"type":"Feature","geometry":{"type":"Point","coordinates":[-80.15892,25.7255]},"properties":{"probability":0.32,"inBuffer":false,"facType":"government"}},{"type":"Feature","geometry":{"type":"Point","coordinates":[-80.15443,25.7255]},"properties":{"probability":0.329,"inBuffer":false,"facType":"government"}},{"type":"Feature","geometry":{"type":"Point","coordinates":[-80.35206,25.72101]},"properties":{"probability":0.61,"inBuffer":false,"facType":"substation"}},{"type":"Feature","geometry":{"type":"Point","coordinates":[-80.34756,25.72101]},"properties":{"probability":0.578,"inBuffer":false,"facType":"police"}},{"type":"Feature","geometry":{"type":"Point","coordinates":[-80.34307,25.72101]},"properties":{"probability":0.588,"inBuffer":false,"facType":"police"}},{"type":"Feature","geometry":{"type":"Point","coordinates":[-80.33858,25.72101]},"properties":{"probability":0.616,"inBuffer":true,"facType":"police"}},{"type":"Feature","geometry":{"type":"Point","coordinates":[-80.33409,25.72101]},"properties":{"probability":0.58,"inBuffer":true,"facType":"police"}},{"type":"Feature","geometry":{"type":"Point","coordinates":[-80.3296,25.72101]},"properties":{"probability":0.442,"inBuffer":false,"facType":"police"}},{"type":"Feature","geometry":{"type":"Point","coordinates":[-80.3251,25.72101]},"properties":{"probability":0.414,"inBuffer":false,"facType":"police"}},{"type":"Feature","geometry":{"type":"Point","coordinates":[-80.32062,25.72101]},"properties":{"probability":0.668,"inBuffer":false,"facType":"fire"}},{"type":"Feature","geometry":{"type":"Point","coordinates":[-80.31612,25.72101]},"properties":{"probability":0.658,"inBuffer":false,"facType":"fire"}},{"type":"Feature","geometry":{"type":"Point","coordinates":[-80.31163,25.72101]},"properties":{"probability":0.657,"inBuffer":false,"facType":"fire"}},{"type":"Feature","geometry":{"type":"Point","coordinates":[-80.30714,25.72101]},"properties":{"probability":0.597,"inBuffer":false,"facType":"substation"}},{"type":"Feature","geometry":{"type":"Point","coordinates":[-80.30265,25.72101]},"properties":{"probability":0.521,"inBuffer":false,"facType":"substation"}},{"type":"Feature","geometry":{"type":"Point","coordinates":[-80.29816,25.72101]},"properties":{"probability":0.412,"inBuffer":false,"facType":"substation"}},{"type":"Feature","geometry":{"type":"Point","coordinates":[-80.29366,25.72101]},"properties":{"probability":0.437,"inBuffer":false,"facType":"substation"}},{"type":"Feature","geometry":{"type":"Point","coordinates":[-80.28918,25.72101]},"properties":{"probability":0.434,"inBuffer":false,"facType":"police"}},{"type":"Feature","geometry":{"type":"Point","coordinates":[-80.28468,25.72101]},"properties":{"probability":0.607,"inBuffer":false,"facType":"police"}},{"type":"Feature","geometry":{"type":"Point","coordinates":[-80.28019,25.72101]},"properties":{"probability":0.669,"inBuffer":true,"facType":"substation"}},{"type":"Feature","geometry":{"type":"Point","coordinates":[-80.2757,25.72101]},"properties":{"probability":0.693,"inBuffer":true,"facType":"hospital"}},{"type":"Feature","geometry":{"type":"Point","coordinates":[-80.27121,25.72101]},"properties":{"probability":0.661,"inBuffer":true,"facType":"hospital"}},{"type":"Feature","geometry":{"type":"Point","coordinates":[-80.26672,25.72101]},"properties":{"probability":0.643,"inBuffer":true,"facType":"fire"}},{"type":"Feature","geometry":{"type":"Point","coordinates":[-80.26222,25.72101]},"properties":{"probability":0.691,"inBuffer":true,"facType":"fire"}},{"type":"Feature","geometry":{"type":"Point","coordinates":[-80.25774,25.72101]},"properties":{"probability":0.697,"inBuffer":true,"facType":"fire"}},{"type":"Feature","geometry":{"type":"Point","coordinates":[-80.25324,25.72101]},"properties":{"probability":0.641,"inBuffer":true,"facType":"fire"}},{"type":"Feature","geometry":{"type":"Point","coordinates":[-80.24875,25.72101]},"properties":{"probability":0.657,"inBuffer":true,"facType":"police"}},{"type":"Feature","geometry":{"type":"Point","coordinates":[-80.24426,25.72101]},"properties":{"probability":0.65,"inBuffer":true,"facType":"police"}},{"type":"Feature","geometry":{"type":"Point","coordinates":[-80.23977,25.72101]},"properties":{"probability":0.529,"inBuffer":true,"facType":"police"}},{"type":"Feature","geometry":{"type":"Point","coordinates":[-80.23528,25.72101]},"properties":{"probability":0.404,"inBuffer":false,"facType":"government"}},{"type":"Feature","geometry":{"type":"Point","coordinates":[-80.23078,25.72101]},"properties":{"probability":0.27,"inBuffer":false,"facType":"government"}},{"type":"Feature","geometry":{"type":"Point","coordinates":[-80.2263,25.72101]},"properties":{"probability":0.194,"inBuffer":false,"facType":"government"}},{"type":"Feature","geometry":{"type":"Point","coordinates":[-80.2218,25.72101]},"properties":{"probability":0.163,"inBuffer":false,"facType":"government"}},{"type":"Feature","geometry":{"type":"Point","coordinates":[-80.1679,25.72101]},"properties":{"probability":0.187,"inBuffer":false,"facType":"government"}},{"type":"Feature","geometry":{"type":"Point","coordinates":[-80.16341,25.72101]},"properties":{"probability":0.277,"inBuffer":false,"facType":"government"}},{"type":"Feature","geometry":{"type":"Point","coordinates":[-80.15892,25.72101]},"properties":{"probability":0.176,"inBuffer":false,"facType":"government"}},{"type":"Feature","geometry":{"type":"Point","coordinates":[-80.15443,25.72101]},"properties":{"probability":0.187,"inBuffer":false,"facType":"government"}},{"type":"Feature","geometry":{"type":"Point","coordinates":[-80.14993,25.72101]},"properties":{"probability":0.204,"inBuffer":false,"facType":"government"}},{"type":"Feature","geometry":{"type":"Point","coordinates":[-80.35206,25.71652]},"properties":{"probability":0.624,"inBuffer":false,"facType":"substation"}},{"type":"Feature","geometry":{"type":"Point","coordinates":[-80.34756,25.71652]},"properties":{"probability":0.645,"inBuffer":false,"facType":"police"}},{"type":"Feature","geometry":{"type":"Point","coordinates":[-80.34307,25.71652]},"properties":{"probability":0.646,"inBuffer":true,"facType":"police"}},{"type":"Feature","geometry":{"type":"Point","coordinates":[-80.33858,25.71652]},"properties":{"probability":0.649,"inBuffer":true,"facType":"police"}},{"type":"Feature","geometry":{"type":"Point","coordinates":[-80.33409,25.71652]},"properties":{"probability":0.641,"inBuffer":true,"facType":"police"}},{"type":"Feature","geometry":{"type":"Point","coordinates":[-80.3296,25.71652]},"properties":{"probability":0.601,"inBuffer":true,"facType":"police"}},{"type":"Feature","geometry":{"type":"Point","coordinates":[-80.3251,25.71652]},"properties":{"probability":0.583,"inBuffer":false,"facType":"police"}},{"type":"Feature","geometry":{"type":"Point","coordinates":[-80.32062,25.71652]},"properties":{"probability":0.617,"inBuffer":false,"facType":"police"}},{"type":"Feature","geometry":{"type":"Point","coordinates":[-80.31612,25.71652]},"properties":{"probability":0.582,"inBuffer":false,"facType":"fire"}},{"type":"Feature","geometry":{"type":"Point","coordinates":[-80.31163,25.71652]},"properties":{"probability":0.53,"inBuffer":false,"facType":"hospital"}},{"type":"Feature","geometry":{"type":"Point","coordinates":[-80.30714,25.71652]},"properties":{"probability":0.565,"inBuffer":false,"facType":"hospital"}},{"type":"Feature","geometry":{"type":"Point","coordinates":[-80.30265,25.71652]},"properties":{"probability":0.474,"inBuffer":false,"facType":"hospital"}},{"type":"Feature","geometry":{"type":"Point","coordinates":[-80.29816,25.71652]},"properties":{"probability":0.519,"inBuffer":false,"facType":"hospital"}},{"type":"Feature","geometry":{"type":"Point","coordinates":[-80.29366,25.71652]},"properties":{"probability":0.575,"inBuffer":false,"facType":"substation"}},{"type":"Feature","geometry":{"type":"Point","coordinates":[-80.28918,25.71652]},"properties":{"probability":0.66,"inBuffer":false,"facType":"substation"}},{"type":"Feature","geometry":{"type":"Point","coordinates":[-80.28468,25.71652]},"properties":{"probability":0.728,"inBuffer":true,"facType":"police"}},{"type":"Feature","geometry":{"type":"Point","coordinates":[-80.28019,25.71652]},"properties":{"probability":0.794,"inBuffer":true,"facType":"police"}},{"type":"Feature","geometry":{"type":"Point","coordinates":[-80.2757,25.71652]},"properties":{"probability":0.796,"inBuffer":true,"facType":"substation"}},{"type":"Feature","geometry":{"type":"Point","coordinates":[-80.27121,25.71652]},"properties":{"probability":0.712,"inBuffer":false,"facType":"substation"}},{"type":"Feature","geometry":{"type":"Point","coordinates":[-80.26672,25.71652]},"properties":{"probability":0.614,"inBuffer":false,"facType":"fire"}},{"type":"Feature","geometry":{"type":"Point","coordinates":[-80.26222,25.71652]},"properties":{"probability":0.5,"inBuffer":false,"facType":"fire"}},{"type":"Feature","geometry":{"type":"Point","coordinates":[-80.25774,25.71652]},"properties":{"probability":0.495,"inBuffer":false,"facType":"fire"}},{"type":"Feature","geometry":{"type":"Point","coordinates":[-80.25324,25.71652]},"properties":{"probability":0.472,"inBuffer":true,"facType":"police"}},{"type":"Feature","geometry":{"type":"Point","coordinates":[-80.24875,25.71652]},"properties":{"probability":0.388,"inBuffer":true,"facType":"police"}},{"type":"Feature","geometry":{"type":"Point","coordinates":[-80.24426,25.71652]},"properties":{"probability":0.234,"inBuffer":true,"facType":"police"}},{"type":"Feature","geometry":{"type":"Point","coordinates":[-80.23977,25.71652]},"properties":{"probability":0.233,"inBuffer":true,"facType":"police"}},{"type":"Feature","geometry":{"type":"Point","coordinates":[-80.23528,25.71652]},"properties":{"probability":0.209,"inBuffer":false,"facType":"police"}},{"type":"Feature","geometry":{"type":"Point","coordinates":[-80.23078,25.71652]},"properties":{"probability":0.16,"inBuffer":false,"facType":"government"}},{"type":"Feature","geometry":{"type":"Point","coordinates":[-80.15892,25.71652]},"properties":{"probability":0.218,"inBuffer":false,"facType":"fire"}},{"type":"Feature","geometry":{"type":"Point","coordinates":[-80.15443,25.71652]},"properties":{"probability":0.204,"inBuffer":false,"facType":"fire"}},{"type":"Feature","geometry":{"type":"Point","coordinates":[-80.35206,25.71203]},"properties":{"probability":0.62,"inBuffer":false,"facType":"substation"}},{"type":"Feature","geometry":{"type":"Point","coordinates":[-80.34756,25.71203]},"properties":{"probability":0.62,"inBuffer":false,"facType":"police"}},{"type":"Feature","geometry":{"type":"Point","coordinates":[-80.34307,25.71203]},"properties":{"probability":0.609,"inBuffer":false,"facType":"fire"}},{"type":"Feature","geometry":{"type":"Point","coordinates":[-80.33858,25.71203]},"properties":{"probability":0.627,"inBuffer":true,"facType":"fire"}},{"type":"Feature","geometry":{"type":"Point","coordinates":[-80.33409,25.71203]},"properties":{"probability":0.653,"inBuffer":true,"facType":"fire"}},{"type":"Feature","geometry":{"type":"Point","coordinates":[-80.3296,25.71203]},"properties":{"probability":0.633,"inBuffer":true,"facType":"fire"}},{"type":"Feature","geometry":{"type":"Point","coordinates":[-80.3251,25.71203]},"properties":{"probability":0.538,"inBuffer":false,"facType":"fire"}},{"type":"Feature","geometry":{"type":"Point","coordinates":[-80.32062,25.71203]},"properties":{"probability":0.567,"inBuffer":false,"facType":"fire"}},{"type":"Feature","geometry":{"type":"Point","coordinates":[-80.31612,25.71203]},"properties":{"probability":0.586,"inBuffer":false,"facType":"fire"}},{"type":"Feature","geometry":{"type":"Point","coordinates":[-80.31163,25.71203]},"properties":{"probability":0.487,"inBuffer":false,"facType":"hospital"}},{"type":"Feature","geometry":{"type":"Point","coordinates":[-80.30714,25.71203]},"properties":{"probability":0.47,"inBuffer":false,"facType":"hospital"}},{"type":"Feature","geometry":{"type":"Point","coordinates":[-80.30265,25.71203]},"properties":{"probability":0.477,"inBuffer":false,"facType":"hospital"}},{"type":"Feature","geometry":{"type":"Point","coordinates":[-80.29816,25.71203]},"properties":{"probability":0.646,"inBuffer":false,"facType":"hospital"}},{"type":"Feature","geometry":{"type":"Point","coordinates":[-80.29366,25.71203]},"properties":{"probability":0.656,"inBuffer":true,"facType":"hospital"}},{"type":"Feature","geometry":{"type":"Point","coordinates":[-80.28918,25.71203]},"properties":{"probability":0.722,"inBuffer":true,"facType":"substation"}},{"type":"Feature","geometry":{"type":"Point","coordinates":[-80.28468,25.71203]},"properties":{"probability":0.784,"inBuffer":true,"facType":"police"}},{"type":"Feature","geometry":{"type":"Point","coordinates":[-80.28019,25.71203]},"properties":{"probability":0.757,"inBuffer":true,"facType":"police"}},{"type":"Feature","geometry":{"type":"Point","coordinates":[-80.2757,25.71203]},"properties":{"probability":0.682,"inBuffer":true,"facType":"police"}},{"type":"Feature","geometry":{"type":"Point","coordinates":[-80.27121,25.71203]},"properties":{"probability":0.609,"inBuffer":false,"facType":"substation"}},{"type":"Feature","geometry":{"type":"Point","coordinates":[-80.26672,25.71203]},"properties":{"probability":0.609,"inBuffer":false,"facType":"substation"}},{"type":"Feature","geometry":{"type":"Point","coordinates":[-80.26222,25.71203]},"properties":{"probability":0.578,"inBuffer":false,"facType":"fire"}},{"type":"Feature","geometry":{"type":"Point","coordinates":[-80.25774,25.71203]},"properties":{"probability":0.514,"inBuffer":false,"facType":"police"}},{"type":"Feature","geometry":{"type":"Point","coordinates":[-80.25324,25.71203]},"properties":{"probability":0.439,"inBuffer":false,"facType":"police"}},{"type":"Feature","geometry":{"type":"Point","coordinates":[-80.24875,25.71203]},"properties":{"probability":0.361,"inBuffer":true,"facType":"police"}},{"type":"Feature","geometry":{"type":"Point","coordinates":[-80.24426,25.71203]},"properties":{"probability":0.194,"inBuffer":true,"facType":"police"}},{"type":"Feature","geometry":{"type":"Point","coordinates":[-80.23977,25.71203]},"properties":{"probability":0.163,"inBuffer":false,"facType":"police"}},{"type":"Feature","geometry":{"type":"Point","coordinates":[-80.23528,25.71203]},"properties":{"probability":0.224,"inBuffer":false,"facType":"police"}},{"type":"Feature","geometry":{"type":"Point","coordinates":[-80.15892,25.71203]},"properties":{"probability":0.204,"inBuffer":false,"facType":"fire"}},{"type":"Feature","geometry":{"type":"Point","coordinates":[-80.15443,25.71203]},"properties":{"probability":0.242,"inBuffer":false,"facType":"fire"}},{"type":"Feature","geometry":{"type":"Point","coordinates":[-80.35206,25.70754]},"properties":{"probability":0.66,"inBuffer":false,"facType":"substation"}},{"type":"Feature","geometry":{"type":"Point","coordinates":[-80.34756,25.70754]},"properties":{"probability":0.645,"inBuffer":false,"facType":"substation"}},{"type":"Feature","geometry":{"type":"Point","coordinates":[-80.34307,25.70754]},"properties":{"probability":0.64,"inBuffer":false,"facType":"substation"}},{"type":"Feature","geometry":{"type":"Point","coordinates":[-80.33858,25.70754]},"properties":{"probability":0.649,"inBuffer":true,"facType":"substation"}},{"type":"Feature","geometry":{"type":"Point","coordinates":[-80.33409,25.70754]},"properties":{"probability":0.683,"inBuffer":true,"facType":"substation"}},{"type":"Feature","geometry":{"type":"Point","coordinates":[-80.3296,25.70754]},"properties":{"probability":0.659,"inBuffer":false,"facType":"fire"}},{"type":"Feature","geometry":{"type":"Point","coordinates":[-80.3251,25.70754]},"properties":{"probability":0.577,"inBuffer":false,"facType":"fire"}},{"type":"Feature","geometry":{"type":"Point","coordinates":[-80.32062,25.70754]},"properties":{"probability":0.592,"inBuffer":false,"facType":"fire"}},{"type":"Feature","geometry":{"type":"Point","coordinates":[-80.31612,25.70754]},"properties":{"probability":0.605,"inBuffer":false,"facType":"substation"}},{"type":"Feature","geometry":{"type":"Point","coordinates":[-80.31163,25.70754]},"properties":{"probability":0.6,"inBuffer":false,"facType":"substation"}},{"type":"Feature","geometry":{"type":"Point","coordinates":[-80.30714,25.70754]},"properties":{"probability":0.558,"inBuffer":false,"facType":"hospital"}},{"type":"Feature","geometry":{"type":"Point","coordinates":[-80.30265,25.70754]},"properties":{"probability":0.581,"inBuffer":false,"facType":"hospital"}},{"type":"Feature","geometry":{"type":"Point","coordinates":[-80.29816,25.70754]},"properties":{"probability":0.685,"inBuffer":true,"facType":"hospital"}},{"type":"Feature","geometry":{"type":"Point","coordinates":[-80.29366,25.70754]},"properties":{"probability":0.744,"inBuffer":true,"facType":"hospital"}},{"type":"Feature","geometry":{"type":"Point","coordinates":[-80.28918,25.70754]},"properties":{"probability":0.838,"inBuffer":true,"facType":"fire"}},{"type":"Feature","geometry":{"type":"Point","coordinates":[-80.28468,25.70754]},"properties":{"probability":0.818,"inBuffer":true,"facType":"substation"}},{"type":"Feature","geometry":{"type":"Point","coordinates":[-80.28019,25.70754]},"properties":{"probability":0.683,"inBuffer":true,"facType":"police"}},{"type":"Feature","geometry":{"type":"Point","coordinates":[-80.2757,25.70754]},"properties":{"probability":0.638,"inBuffer":false,"facType":"police"}},{"type":"Feature","geometry":{"type":"Point","coordinates":[-80.27121,25.70754]},"properties":{"probability":0.593,"inBuffer":false,"facType":"police"}},{"type":"Feature","geometry":{"type":"Point","coordinates":[-80.26672,25.70754]},"properties":{"probability":0.601,"inBuffer":false,"facType":"substation"}},{"type":"Feature","geometry":{"type":"Point","coordinates":[-80.26222,25.70754]},"properties":{"probability":0.615,"inBuffer":false,"facType":"substation"}},{"type":"Feature","geometry":{"type":"Point","coordinates":[-80.25774,25.70754]},"properties":{"probability":0.621,"inBuffer":false,"facType":"police"}},{"type":"Feature","geometry":{"type":"Point","coordinates":[-80.25324,25.70754]},"properties":{"probability":0.581,"inBuffer":false,"facType":"police"}},{"type":"Feature","geometry":{"type":"Point","coordinates":[-80.24875,25.70754]},"properties":{"probability":0.371,"inBuffer":false,"facType":"police"}},{"type":"Feature","geometry":{"type":"Point","coordinates":[-80.24426,25.70754]},"properties":{"probability":0.233,"inBuffer":false,"facType":"police"}},{"type":"Feature","geometry":{"type":"Point","coordinates":[-80.23977,25.70754]},"properties":{"probability":0.158,"inBuffer":false,"facType":"police"}},{"type":"Feature","geometry":{"type":"Point","coordinates":[-80.23528,25.70754]},"properties":{"probability":0.203,"inBuffer":false,"facType":"police"}},{"type":"Feature","geometry":{"type":"Point","coordinates":[-80.16341,25.70754]},"properties":{"probability":0.239,"inBuffer":true,"facType":"fire"}},{"type":"Feature","geometry":{"type":"Point","coordinates":[-80.15892,25.70754]},"properties":{"probability":0.224,"inBuffer":true,"facType":"fire"}},{"type":"Feature","geometry":{"type":"Point","coordinates":[-80.15443,25.70754]},"properties":{"probability":0.207,"inBuffer":false,"facType":"fire"}},{"type":"Feature","geometry":{"type":"Point","coordinates":[-80.35206,25.70305]},"properties":{"probability":0.699,"inBuffer":false,"facType":"substation"}},{"type":"Feature","geometry":{"type":"Point","coordinates":[-80.34756,25.70305]},"properties":{"probability":0.721,"inBuffer":false,"facType":"substation"}},{"type":"Feature","geometry":{"type":"Point","coordinates":[-80.34307,25.70305]},"properties":{"probability":0.652,"inBuffer":false,"facType":"substation"}},{"type":"Feature","geometry":{"type":"Point","coordinates":[-80.33858,25.70305]},"properties":{"probability":0.666,"inBuffer":false,"facType":"substation"}},{"type":"Feature","geometry":{"type":"Point","coordinates":[-80.33409,25.70305]},"properties":{"probability":0.705,"inBuffer":false,"facType":"substation"}},{"type":"Feature","geometry":{"type":"Point","coordinates":[-80.3296,25.70305]},"properties":{"probability":0.67,"inBuffer":false,"facType":"substation"}},{"type":"Feature","geometry":{"type":"Point","coordinates":[-80.3251,25.70305]},"properties":{"probability":0.626,"inBuffer":false,"facType":"substation"}},{"type":"Feature","geometry":{"type":"Point","coordinates":[-80.32062,25.70305]},"properties":{"probability":0.612,"inBuffer":false,"facType":"substation"}},{"type":"Feature","geometry":{"type":"Point","coordinates":[-80.31612,25.70305]},"properties":{"probability":0.617,"inBuffer":false,"facType":"substation"}},{"type":"Feature","geometry":{"type":"Point","coordinates":[-80.31163,25.70305]},"properties":{"probability":0.612,"inBuffer":false,"facType":"substation"}},{"type":"Feature","geometry":{"type":"Point","coordinates":[-80.30714,25.70305]},"properties":{"probability":0.604,"inBuffer":false,"facType":"substation"}},{"type":"Feature","geometry":{"type":"Point","coordinates":[-80.30265,25.70305]},"properties":{"probability":0.604,"inBuffer":false,"facType":"hospital"}},{"type":"Feature","geometry":{"type":"Point","coordinates":[-80.29816,25.70305]},"properties":{"probability":0.728,"inBuffer":true,"facType":"hospital"}},{"type":"Feature","geometry":{"type":"Point","coordinates":[-80.29366,25.70305]},"properties":{"probability":0.775,"inBuffer":true,"facType":"police"}},{"type":"Feature","geometry":{"type":"Point","coordinates":[-80.28918,25.70305]},"properties":{"probability":0.784,"inBuffer":true,"facType":"government"}},{"type":"Feature","geometry":{"type":"Point","coordinates":[-80.28468,25.70305]},"properties":{"probability":0.764,"inBuffer":true,"facType":"fire"}},{"type":"Feature","geometry":{"type":"Point","coordinates":[-80.28019,25.70305]},"properties":{"probability":0.648,"inBuffer":false,"facType":"fire"}},{"type":"Feature","geometry":{"type":"Point","coordinates":[-80.2757,25.70305]},"properties":{"probability":0.586,"inBuffer":false,"facType":"police"}},{"type":"Feature","geometry":{"type":"Point","coordinates":[-80.27121,25.70305]},"properties":{"probability":0.518,"inBuffer":false,"facType":"police"}},{"type":"Feature","geometry":{"type":"Point","coordinates":[-80.26672,25.70305]},"properties":{"probability":0.517,"inBuffer":false,"facType":"police"}},{"type":"Feature","geometry":{"type":"Point","coordinates":[-80.26222,25.70305]},"properties":{"probability":0.608,"inBuffer":false,"facType":"substation"}},{"type":"Feature","geometry":{"type":"Point","coordinates":[-80.25774,25.70305]},"properties":{"probability":0.626,"inBuffer":false,"facType":"police"}},{"type":"Feature","geometry":{"type":"Point","coordinates":[-80.25324,25.70305]},"properties":{"probability":0.53,"inBuffer":false,"facType":"police"}},{"type":"Feature","geometry":{"type":"Point","coordinates":[-80.24875,25.70305]},"properties":{"probability":0.436,"inBuffer":false,"facType":"police"}},{"type":"Feature","geometry":{"type":"Point","coordinates":[-80.24426,25.70305]},"properties":{"probability":0.231,"inBuffer":false,"facType":"police"}},{"type":"Feature","geometry":{"type":"Point","coordinates":[-80.23977,25.70305]},"properties":{"probability":0.217,"inBuffer":false,"facType":"police"}},{"type":"Feature","geometry":{"type":"Point","coordinates":[-80.23528,25.70305]},"properties":{"probability":0.214,"inBuffer":false,"facType":"police"}},{"type":"Feature","geometry":{"type":"Point","coordinates":[-80.17239,25.70305]},"properties":{"probability":0.244,"inBuffer":false,"facType":"substation"}},{"type":"Feature","geometry":{"type":"Point","coordinates":[-80.1679,25.70305]},"properties":{"probability":0.244,"inBuffer":true,"facType":"substation"}},{"type":"Feature","geometry":{"type":"Point","coordinates":[-80.16341,25.70305]},"properties":{"probability":0.492,"inBuffer":true,"facType":"fire"}},{"type":"Feature","geometry":{"type":"Point","coordinates":[-80.15892,25.70305]},"properties":{"probability":0.542,"inBuffer":true,"facType":"fire"}},{"type":"Feature","geometry":{"type":"Point","coordinates":[-80.15443,25.70305]},"properties":{"probability":0.281,"inBuffer":true,"facType":"fire"}},{"type":"Feature","geometry":{"type":"Point","coordinates":[-80.35206,25.69855]},"properties":{"probability":0.636,"inBuffer":false,"facType":"substation"}},{"type":"Feature","geometry":{"type":"Point","coordinates":[-80.34756,25.69855]},"properties":{"probability":0.661,"inBuffer":false,"facType":"substation"}},{"type":"Feature","geometry":{"type":"Point","coordinates":[-80.34307,25.69855]},"properties":{"probability":0.634,"inBuffer":false,"facType":"substation"}},{"type":"Feature","geometry":{"type":"Point","coordinates":[-80.33858,25.69855]},"properties":{"probability":0.635,"inBuffer":false,"facType":"substation"}},{"type":"Feature","geometry":{"type":"Point","coordinates":[-80.33409,25.69855]},"properties":{"probability":0.713,"inBuffer":false,"facType":"substation"}},{"type":"Feature","geometry":{"type":"Point","coordinates":[-80.3296,25.69855]},"properties":{"probability":0.659,"inBuffer":false,"facType":"substation"}},{"type":"Feature","geometry":{"type":"Point","coordinates":[-80.3251,25.69855]},"properties":{"probability":0.629,"inBuffer":false,"facType":"substation"}},{"type":"Feature","geometry":{"type":"Point","coordinates":[-80.32062,25.69855]},"properties":{"probability":0.638,"inBuffer":false,"facType":"substation"}},{"type":"Feature","geometry":{"type":"Point","coordinates":[-80.31612,25.69855]},"properties":{"probability":0.653,"inBuffer":false,"facType":"substation"}},{"type":"Feature","geometry":{"type":"Point","coordinates":[-80.31163,25.69855]},"properties":{"probability":0.646,"inBuffer":false,"facType":"substation"}},{"type":"Feature","geometry":{"type":"Point","coordinates":[-80.30714,25.69855]},"properties":{"probability":0.682,"inBuffer":false,"facType":"substation"}},{"type":"Feature","geometry":{"type":"Point","coordinates":[-80.30265,25.69855]},"properties":{"probability":0.664,"inBuffer":false,"facType":"substation"}},{"type":"Feature","geometry":{"type":"Point","coordinates":[-80.29816,25.69855]},"properties":{"probability":0.688,"inBuffer":false,"facType":"substation"}},{"type":"Feature","geometry":{"type":"Point","coordinates":[-80.29366,25.69855]},"properties":{"probability":0.677,"inBuffer":true,"facType":"police"}},{"type":"Feature","geometry":{"type":"Point","coordinates":[-80.28918,25.69855]},"properties":{"probability":0.649,"inBuffer":true,"facType":"police"}},{"type":"Feature","geometry":{"type":"Point","coordinates":[-80.28468,25.69855]},"properties":{"probability":0.553,"inBuffer":false,"facType":"fire"}},{"type":"Feature","geometry":{"type":"Point","coordinates":[-80.28019,25.69855]},"properties":{"probability":0.508,"inBuffer":false,"facType":"fire"}},{"type":"Feature","geometry":{"type":"Point","coordinates":[-80.2757,25.69855]},"properties":{"probability":0.517,"inBuffer":false,"facType":"fire"}},{"type":"Feature","geometry":{"type":"Point","coordinates":[-80.27121,25.69855]},"properties":{"probability":0.525,"inBuffer":false,"facType":"police"}},{"type":"Feature","geometry":{"type":"Point","coordinates":[-80.26672,25.69855]},"properties":{"probability":0.507,"inBuffer":false,"facType":"police"}},{"type":"Feature","geometry":{"type":"Point","coordinates":[-80.26222,25.69855]},"properties":{"probability":0.52,"inBuffer":false,"facType":"police"}},{"type":"Feature","geometry":{"type":"Point","coordinates":[-80.25774,25.69855]},"properties":{"probability":0.529,"inBuffer":false,"facType":"police"}},{"type":"Feature","geometry":{"type":"Point","coordinates":[-80.25324,25.69855]},"properties":{"probability":0.469,"inBuffer":false,"facType":"police"}},{"type":"Feature","geometry":{"type":"Point","coordinates":[-80.24875,25.69855]},"properties":{"probability":0.284,"inBuffer":false,"facType":"police"}},{"type":"Feature","geometry":{"type":"Point","coordinates":[-80.24426,25.69855]},"properties":{"probability":0.191,"inBuffer":false,"facType":"police"}},{"type":"Feature","geometry":{"type":"Point","coordinates":[-80.23977,25.69855]},"properties":{"probability":0.165,"inBuffer":false,"facType":"police"}},{"type":"Feature","geometry":{"type":"Point","coordinates":[-80.17239,25.69855]},"properties":{"probability":0.307,"inBuffer":false,"facType":"substation"}},{"type":"Feature","geometry":{"type":"Point","coordinates":[-80.1679,25.69855]},"properties":{"probability":0.426,"inBuffer":false,"facType":"substation"}},{"type":"Feature","geometry":{"type":"Point","coordinates":[-80.16341,25.69855]},"properties":{"probability":0.674,"inBuffer":true,"facType":"substation"}},{"type":"Feature","geometry":{"type":"Point","coordinates":[-80.15892,25.69855]},"properties":{"probability":0.659,"inBuffer":true,"facType":"substation"}},{"type":"Feature","geometry":{"type":"Point","coordinates":[-80.15443,25.69855]},"properties":{"probability":0.356,"inBuffer":false,"facType":"fire"}}]}