{"type":"FeatureCollection","features":[{"type":"Feature","geometry":{"type":"Point","coordinates":[-86.88583,36.3092]},"properties":{"probability":0.12,"inBuffer":false,"facType":"airport"}},{"type":"Feature","geometry":{"type":"Point","coordinates":[-86.88026,36.30919]},"properties":{"probability":0.135,"inBuffer":false,"facType":"airport"}},{"type":"Feature","geometry":{"type":"Point","coordinates":[-86.87469,36.30919]},"properties":{"probability":0.121,"inBuffer":false,"facType":"airport"}},{"type":"Feature","geometry":{"type":"Point","coordinates":[-86.86912,36.30918]},"properties":{"probability":0.111,"inBuffer":false,"facType":"airport"}},{"type":"Feature","geometry":{"type":"Point","coordinates":[-86.86355,36.30917]},"properties":{"probability":0.165,"inBuffer":false,"facType":"airport"}},{"type":"Feature","geometry":{"type":"Point","coordinates":[-86.72988,36.30895]},"properties":{"probability":0.117,"inBuffer":false,"facType":"substation"}},{"type":"Feature","geometry":{"type":"Point","coordinates":[-86.72431,36.30893]},"properties":{"probability":0.212,"inBuffer":false,"facType":"substation"}},{"type":"Feature","geometry":{"type":"Point","coordinates":[-86.71874,36.30892]},"properties":{"probability":0.254,"inBuffer":false,"facType":"substation"}},{"type":"Feature","geometry":{"type":"Point","coordinates":[-86.71317,36.30891]},"properties":{"probability":0.339,"inBuffer":false,"facType":"substation"}},{"type":"Feature","geometry":{"type":"Point","coordinates":[-86.7076,36.3089]},"properties":{"probability":0.478,"inBuffer":false,"facType":"substation"}},{"type":"Feature","geometry":{"type":"Point","coordinates":[-86.70203,36.30888]},"properties":{"probability":0.499,"inBuffer":false,"facType":"substation"}},{"type":"Feature","geometry":{"type":"Point","coordinates":[-86.69646,36.30887]},"properties":{"probability":0.504,"inBuffer":false,"facType":"substation"}},{"type":"Feature","geometry":{"type":"Point","coordinates":[-86.6909,36.30885]},"properties":{"probability":0.552,"inBuffer":false,"facType":"substation"}},{"type":"Feature","geometry":{"type":"Point","coordinates":[-86.68533,36.30884]},"properties":{"probability":0.655,"inBuffer":false,"facType":"substation"}},{"type":"Feature","geometry":{"type":"Point","coordinates":[-86.67976,36.30882]},"properties":{"probability":0.661,"inBuffer":false,"facType":"substation"}},{"type":"Feature","geometry":{"type":"Point","coordinates":[-86.67419,36.30881]},"properties":{"probability":0.599,"inBuffer":false,"facType":"substation"}},{"type":"Feature","geometry":{"type":"Point","coordinates":[-86.66862,36.30879]},"properties":{"probability":0.477,"inBuffer":false,"facType":"substation"}},{"type":"Feature","geometry":{"type":"Point","coordinates":[-86.66305,36.30878]},"properties":{"probability":0.475,"inBuffer":false,"facType":"water_works"}},{"type":"Feature","geometry":{"type":"Point","coordinates":[-86.65748,36.30876]},"properties":{"probability":0.451,"inBuffer":false,"facType":"water_works"}},{"type":"Feature","geometry":{"type":"Point","coordinates":[-86.65191,36.30875]},"properties":{"probability":0.404,"inBuffer":false,"facType":"water_works"}},{"type":"Feature","geometry":{"type":"Point","coordinates":[-86.64634,36.30873]},"properties":{"probability":0.311,"inBuffer":false,"facType":"water_works"}},{"type":"Feature","geometry":{"type":"Point","coordinates":[-86.64077,36.30871]},"properties":{"probability":0.336,"inBuffer":false,"facType":"water_works"}},{"type":"Feature","geometry":{"type":"Point","coordinates":[-86.6352,36.3087]},"properties":{"probability":0.342,"inBuffer":false,"facType":"police"}},{"type":"Feature","geometry":{"type":"Point","coordinates":[-86.62963,36.30868]},"properties":{"probability":0.409,"inBuffer":false,"facType":"substation"}},{"type":"Feature","geometry":{"type":"Point","coordinates":[-86.62406,36.30866]},"properties":{"probability":0.411,"inBuffer":false,"facType":"substation"}},{"type":"Feature","geometry":{"type":"Point","coordinates":[-86.61849,36.30864]},"properties":{"probability":0.403,"inBuffer":false,"facType":"substation"}},{"type":"Feature","geometry":{"type":"Point","coordinates":[-86.61292,36.30863]},"properties":{"probability":0.397,"inBuffer":false,"facType":"substation"}},{"type":"Feature","geometry":{"type":"Point","coordinates":[-86.60735,36.30861]},"properties":{"probability":0.631,"inBuffer":false,"facType":"substation"}},{"type":"Feature","geometry":{"type":"Point","coordinates":[-86.73547,36.30445]},"properties":{"probability":0.123,"inBuffer":false,"facType":"substation"}},{"type":"Feature","geometry":{"type":"Point","coordinates":[-86.7299,36.30444]},"properties":{"probability":0.125,"inBuffer":false,"facType":"substation"}},{"type":"Feature","geometry":{"type":"Point","coordinates":[-86.72433,36.30443]},"properties":{"probability":0.218,"inBuffer":false,"facType":"substation"}},{"type":"Feature","geometry":{"type":"Point","coordinates":[-86.71876,36.30441]},"properties":{"probability":0.241,"inBuffer":false,"facType":"substation"}},{"type":"Feature","geometry":{"type":"Point","coordinates":[-86.71319,36.3044]},"properties":{"probability":0.221,"inBuffer":false,"facType":"substation"}},{"type":"Feature","geometry":{"type":"Point","coordinates":[-86.70762,36.30439]},"properties":{"probability":0.537,"inBuffer":false,"facType":"substation"}},{"type":"Feature","geometry":{"type":"Point","coordinates":[-86.70205,36.30437]},"properties":{"probability":0.612,"inBuffer":false,"facType":"substation"}},{"type":"Feature","geometry":{"type":"Point","coordinates":[-86.69648,36.30436]},"properties":{"probability":0.622,"inBuffer":false,"facType":"substation"}},{"type":"Feature","geometry":{"type":"Point","coordinates":[-86.69091,36.30434]},"properties":{"probability":0.648,"inBuffer":false,"facType":"substation"}},{"type":"Feature","geometry":{"type":"Point","coordinates":[-86.68534,36.30433]},"properties":{"probability":0.666,"inBuffer":false,"facType":"substation"}},{"type":"Feature","geometry":{"type":"Point","coordinates":[-86.67977,36.30432]},"properties":{"probability":0.677,"inBuffer":false,"facType":"water_works"}},{"type":"Feature","geometry":{"type":"Point","coordinates":[-86.6742,36.3043]},"properties":{"probability":0.489,"inBuffer":false,"facType":"substation"}},{"type":"Feature","geometry":{"type":"Point","coordinates":[-86.66863,36.30429]},"properties":{"probability":0.429,"inBuffer":false,"facType":"substation"}},{"type":"Feature","geometry":{"type":"Point","coordinates":[-86.66306,36.30427]},"properties":{"probability":0.42,"inBuffer":false,"facType":"substation"}},{"type":"Feature","geometry":{"type":"Point","coordinates":[-86.65749,36.30425]},"properties":{"probability":0.568,"inBuffer":false,"facType":"water_works"}},{"type":"Feature","geometry":{"type":"Point","coordinates":[-86.65193,36.30424]},"properties":{"probability":0.512,"inBuffer":false,"facType":"water_works"}},{"type":"Feature","geometry":{"type":"Point","coordinates":[-86.64636,36.30422]},"properties":{"probability":0.376,"inBuffer":false,"facType":"water_works"}},{"type":"Feature","geometry":{"type":"Point","coordinates":[-86.64079,36.30421]},"properties":{"probability":0.409,"inBuffer":false,"facType":"water_works"}},{"type":"Feature","geometry":{"type":"Point","coordinates":[-86.63522,36.30419]},"properties":{"probability":0.486,"inBuffer":true,"facType":"police"}},{"type":"Feature","geometry":{"type":"Point","coordinates":[-86.62965,36.30417]},"properties":{"probability":0.583,"inBuffer":true,"facType":"police"}},{"type":"Feature","geometry":{"type":"Point","coordinates":[-86.62408,36.30415]},"properties":{"probability":0.598,"inBuffer":true,"facType":"substation"}},{"type":"Feature","geometry":{"type":"Point","coordinates":[-86.61852,36.30414]},"properties":{"probability":0.456,"inBuffer":false,"facType":"substation"}},{"type":"Feature","geometry":{"type":"Point","coordinates":[-86.61295,36.30412]},"properties":{"probability":0.362,"inBuffer":false,"facType":"substation"}},{"type":"Feature","geometry":{"type":"Point","coordinates":[-86.60738,36.3041]},"properties":{"probability":0.439,"inBuffer":false,"facType":"substation"}},{"type":"Feature","geometry":{"type":"Point","coordinates":[-86.75219,36.29998]},"properties":{"probability":0.131,"inBuffer":false,"facType":"substation"}},{"type":"Feature","geometry":{"type":"Point","coordinates":[-86.74662,36.29997]},"properties":{"probability":0.121,"inBuffer":false,"facType":"substation"}},{"type":"Feature","geometry":{"type":"Point","coordinates":[-86.74105,36.29996]},"properties":{"probability":0.135,"inBuffer":false,"facType":"substation"}},{"type":"Feature","geometry":{"type":"Point","coordinates":[-86.73548,36.29995]},"properties":{"probability":0.131,"inBuffer":false,"facType":"substation"}},{"type":"Feature","geometry":{"type":"Point","coordinates":[-86.72991,36.29993]},"properties":{"probability":0.225,"inBuffer":false,"facType":"substation"}},{"type":"Feature","geometry":{"type":"Point","coordinates":[-86.72434,36.29992]},"properties":{"probability":0.26,"inBuffer":false,"facType":"substation"}},{"type":"Feature","geometry":{"type":"Point","coordinates":[-86.71877,36.29991]},"properties":{"probability":0.267,"inBuffer":false,"facType":"substation"}},{"type":"Feature","geometry":{"type":"Point","coordinates":[-86.7132,36.29989]},"properties":{"probability":0.326,"inBuffer":false,"facType":"substation"}},{"type":"Feature","geometry":{"type":"Point","coordinates":[-86.70763,36.29988]},"properties":{"probability":0.594,"inBuffer":false,"facType":"substation"}},{"type":"Feature","geometry":{"type":"Point","coordinates":[-86.70206,36.29987]},"properties":{"probability":0.648,"inBuffer":false,"facType":"substation"}},{"type":"Feature","geometry":{"type":"Point","coordinates":[-86.6965,36.29985]},"properties":{"probability":0.652,"inBuffer":false,"facType":"substation"}},{"type":"Feature","geometry":{"type":"Point","coordinates":[-86.69093,36.29984]},"properties":{"probability":0.481,"inBuffer":false,"facType":"substation"}},{"type":"Feature","geometry":{"type":"Point","coordinates":[-86.68536,36.29982]},"properties":{"probability":0.244,"inBuffer":false,"facType":"substation"}},{"type":"Feature","geometry":{"type":"Point","coordinates":[-86.67979,36.29981]},"properties":{"probability":0.15,"inBuffer":false,"facType":"water_works"}},{"type":"Feature","geometry":{"type":"Point","coordinates":[-86.67422,36.29979]},"properties":{"probability":0.129,"inBuffer":false,"facType":"power"}},{"type":"Feature","geometry":{"type":"Point","coordinates":[-86.66866,36.29978]},"properties":{"probability":0.128,"inBuffer":false,"facType":"power"}},{"type":"Feature","geometry":{"type":"Point","coordinates":[-86.66309,36.29976]},"properties":{"probability":0.216,"inBuffer":true,"facType":"substation"}},{"type":"Feature","geometry":{"type":"Point","coordinates":[-86.65752,36.29975]},"properties":{"probability":0.355,"inBuffer":true,"facType":"substation"}},{"type":"Feature","geometry":{"type":"Point","coordinates":[-86.65195,36.29973]},"properties":{"probability":0.308,"inBuffer":true,"facType":"water_works"}},{"type":"Feature","geometry":{"type":"Point","coordinates":[-86.64638,36.29971]},"properties":{"probability":0.216,"inBuffer":false,"facType":"water_works"}},{"type":"Feature","geometry":{"type":"Point","coordinates":[-86.64081,36.2997]},"properties":{"probability":0.317,"inBuffer":false,"facType":"water_works"}},{"type":"Feature","geometry":{"type":"Point","coordinates":[-86.63524,36.29968]},"properties":{"probability":0.426,"inBuffer":true,"facType":"police"}},{"type":"Feature","geometry":{"type":"Point","coordinates":[-86.62968,36.29966]},"properties":{"probability":0.4,"inBuffer":true,"facType":"police"}},{"type":"Feature","geometry":{"type":"Point","coordinates":[-86.62411,36.29965]},"properties":{"probability":0.417,"inBuffer":true,"facType":"police"}},{"type":"Feature","geometry":{"type":"Point","coordinates":[-86.61854,36.29963]},"properties":{"probability":0.405,"inBuffer":false,"facType":"substation"}},{"type":"Feature","geometry":{"type":"Point","coordinates":[-86.61297,36.29961]},"properties":{"probability":0.341,"inBuffer":false,"facType":"substation"}},{"type":"Feature","geometry":{"type":"Point","coordinates":[-86.6074,36.29959]},"properties":{"probability":0.212,"inBuffer":false,"facType":"substation"}},{"type":"Feature","geometry":{"type":"Point","coordinates":[-86.89141,36.29568]},"properties":{"probability":0.155,"inBuffer":false,"facType":"airport"}},{"type":"Feature","geometry":{"type":"Point","coordinates":[-86.88584,36.29567]},"properties":{"probability":0.131,"inBuffer":false,"facType":"airport"}},{"type":"Feature","geometry":{"type":"Point","coordinates":[-86.88028,36.29567]},"properties":{"probability":0.117,"inBuffer":false,"facType":"airport"}},{"type":"Feature","geometry":{"type":"Point","coordinates":[-86.7522,36.29547]},"properties":{"probability":0.129,"inBuffer":false,"facType":"substation"}},{"type":"Feature","geometry":{"type":"Point","coordinates":[-86.74664,36.29546]},"properties":{"probability":0.127,"inBuffer":false,"facType":"substation"}},{"type":"Feature","geometry":{"type":"Point","coordinates":[-86.74107,36.29545]},"properties":{"probability":0.22,"inBuffer":false,"facType":"substation"}},{"type":"Feature","geometry":{"type":"Point","coordinates":[-86.7355,36.29544]},"properties":{"probability":0.267,"inBuffer":false,"facType":"substation"}},{"type":"Feature","geometry":{"type":"Point","coordinates":[-86.72993,36.29543]},"properties":{"probability":0.306,"inBuffer":false,"facType":"substation"}},{"type":"Feature","geometry":{"type":"Point","coordinates":[-86.72436,36.29541]},"properties":{"probability":0.303,"inBuffer":false,"facType":"substation"}},{"type":"Feature","geometry":{"type":"Point","coordinates":[-86.71879,36.2954]},"properties":{"probability":0.33,"inBuffer":false,"facType":"substation"}},{"type":"Feature","geometry":{"type":"Point","coordinates":[-86.71322,36.29539]},"properties":{"probability":0.347,"inBuffer":false,"facType":"substation"}},{"type":"Feature","geometry":{"type":"Point","coordinates":[-86.70765,36.29537]},"properties":{"probability":0.633,"inBuffer":false,"facType":"substation"}},{"type":"Feature","geometry":{"type":"Point","coordinates":[-86.70209,36.29536]},"properties":{"probability":0.649,"inBuffer":false,"facType":"substation"}},{"type":"Feature","geometry":{"type":"Point","coordinates":[-86.69652,36.29535]},"properties":{"probability":0.649,"inBuffer":false,"facType":"substation"}},{"type":"Feature","geometry":{"type":"Point","coordinates":[-86.69095,36.29533]},"properties":{"probability":0.438,"inBuffer":false,"facType":"substation"}},{"type":"Feature","geometry":{"type":"Point","coordinates":[-86.68538,36.29531]},"properties":{"probability":0.221,"inBuffer":false,"facType":"water_works"}},{"type":"Feature","geometry":{"type":"Point","coordinates":[-86.67981,36.2953]},"properties":{"probability":0.138,"inBuffer":false,"facType":"water_works"}},{"type":"Feature","geometry":{"type":"Point","coordinates":[-86.67424,36.29528]},"properties":{"probability":0.128,"inBuffer":false,"facType":"water_works"}},{"type":"Feature","geometry":{"type":"Point","coordinates":[-86.66867,36.29527]},"properties":{"probability":0.129,"inBuffer":false,"facType":"power"}},{"type":"Feature","geometry":{"type":"Point","coordinates":[-86.66311,36.29525]},"properties":{"probability":0.157,"inBuffer":true,"facType":"power"}},{"type":"Feature","geometry":{"type":"Point","coordinates":[-86.65754,36.29524]},"properties":{"probability":0.298,"inBuffer":true,"facType":"power"}},{"type":"Feature","geometry":{"type":"Point","coordinates":[-86.65197,36.29522]},"properties":{"probability":0.153,"inBuffer":true,"facType":"power"}},{"type":"Feature","geometry":{"type":"Point","coordinates":[-86.6464,36.29521]},"properties":{"probability":0.129,"inBuffer":false,"facType":"water_works"}},{"type":"Feature","geometry":{"type":"Point","coordinates":[-86.64083,36.29519]},"properties":{"probability":0.136,"inBuffer":false,"facType":"police"}},{"type":"Feature","geometry":{"type":"Point","coordinates":[-86.63526,36.29517]},"properties":{"probability":0.13,"inBuffer":false,"facType":"police"}},{"type":"Feature","geometry":{"type":"Point","coordinates":[-86.62969,36.29515]},"properties":{"probability":0.173,"inBuffer":true,"facType":"police"}},{"type":"Feature","geometry":{"type":"Point","coordinates":[-86.62412,36.29514]},"properties":{"probability":0.394,"inBuffer":false,"facType":"police"}},{"type":"Feature","geometry":{"type":"Point","coordinates":[-86.61856,36.29512]},"properties":{"probability":0.393,"inBuffer":false,"facType":"police"}},{"type":"Feature","geometry":{"type":"Point","coordinates":[-86.61299,36.2951]},"properties":{"probability":0.301,"inBuffer":false,"facType":"substation"}},{"type":"Feature","geometry":{"type":"Point","coordinates":[-86.60742,36.29509]},"properties":{"probability":0.153,"inBuffer":false,"facType":"substation"}},{"type":"Feature","geometry":{"type":"Point","coordinates":[-86.89142,36.29117]},"properties":{"probability":0.126,"inBuffer":false,"facType":"airport"}},{"type":"Feature","geometry":{"type":"Point","coordinates":[-86.88585,36.29117]},"properties":{"probability":0.131,"inBuffer":false,"facType":"airport"}},{"type":"Feature","geometry":{"type":"Point","coordinates":[-86.88028,36.29116]},"properties":{"probability":0.126,"inBuffer":false,"facType":"airport"}},{"type":"Feature","geometry":{"type":"Point","coordinates":[-86.79119,36.29104]},"properties":{"probability":0.124,"inBuffer":false,"facType":"substation"}},{"type":"Feature","geometry":{"type":"Point","coordinates":[-86.78562,36.29103]},"properties":{"probability":0.124,"inBuffer":false,"facType":"substation"}},{"type":"Feature","geometry":{"type":"Point","coordinates":[-86.78005,36.29102]},"properties":{"probability":0.124,"inBuffer":false,"facType":"substation"}},{"type":"Feature","geometry":{"type":"Point","coordinates":[-86.75221,36.29097]},"properties":{"probability":0.127,"inBuffer":false,"facType":"substation"}},{"type":"Feature","geometry":{"type":"Point","coordinates":[-86.74664,36.29095]},"properties":{"probability":0.21,"inBuffer":false,"facType":"substation"}},{"type":"Feature","geometry":{"type":"Point","coordinates":[-86.74108,36.29094]},"properties":{"probability":0.242,"inBuffer":false,"facType":"substation"}},{"type":"Feature","geometry":{"type":"Point","coordinates":[-86.73551,36.29093]},"properties":{"probability":0.245,"inBuffer":false,"facType":"substation"}},{"type":"Feature","geometry":{"type":"Point","coordinates":[-86.72994,36.29092]},"properties":{"probability":0.336,"inBuffer":false,"facType":"substation"}},{"type":"Feature","geometry":{"type":"Point","coordinates":[-86.72437,36.2909]},"properties":{"probability":0.341,"inBuffer":false,"facType":"substation"}},{"type":"Feature","geometry":{"type":"Point","coordinates":[-86.7188,36.29089]},"properties":{"probability":0.287,"inBuffer":false,"facType":"substation"}},{"type":"Feature","geometry":{"type":"Point","coordinates":[-86.71323,36.29088]},"properties":{"probability":0.398,"inBuffer":false,"facType":"substation"}},{"type":"Feature","geometry":{"type":"Point","coordinates":[-86.70767,36.29086]},"properties":{"probability":0.646,"inBuffer":false,"facType":"substation"}},{"type":"Feature","geometry":{"type":"Point","coordinates":[-86.7021,36.29085]},"properties":{"probability":0.647,"inBuffer":false,"facType":"substation"}},{"type":"Feature","geometry":{"type":"Point","coordinates":[-86.69653,36.29084]},"properties":{"probability":0.632,"inBuffer":false,"facType":"substation"}},{"type":"Feature","geometry":{"type":"Point","coordinates":[-86.69096,36.29082]},"properties":{"probability":0.437,"inBuffer":false,"facType":"water_works"}},{"type":"Feature","geometry":{"type":"Point","coordinates":[-86.68539,36.29081]},"properties":{"probability":0.22,"inBuffer":false,"facType":"water_works"}},{"type":"Feature","geometry":{"type":"Point","coordinates":[-86.67983,36.29079]},"properties":{"probability":0.129,"inBuffer":false,"facType":"water_works"}},{"type":"Feature","geometry":{"type":"Point","coordinates":[-86.67426,36.29078]},"properties":{"probability":0.138,"inBuffer":false,"facType":"water_works"}},{"type":"Feature","geometry":{"type":"Point","coordinates":[-86.66869,36.29076]},"properties":{"probability":0.126,"inBuffer":false,"facType":"power"}},{"type":"Feature","geometry":{"type":"Point","coordinates":[-86.66312,36.29075]},"properties":{"probability":0.13,"inBuffer":false,"facType":"power"}},{"type":"Feature","geometry":{"type":"Point","coordinates":[-86.65755,36.29073]},"properties":{"probability":0.137,"inBuffer":false,"facType":"power"}},{"type":"Feature","geometry":{"type":"Point","coordinates":[-86.65199,36.29071]},"properties":{"probability":0.125,"inBuffer":false,"facType":"power"}},{"type":"Feature","geometry":{"type":"Point","coordinates":[-86.64642,36.2907]},"properties":{"probability":0.145,"inBuffer":false,"facType":"power"}},{"type":"Feature","geometry":{"type":"Point","coordinates":[-86.64085,36.29068]},"properties":{"probability":0.131,"inBuffer":false,"facType":"police"}},{"type":"Feature","geometry":{"type":"Point","coordinates":[-86.63528,36.29066]},"properties":{"probability":0.129,"inBuffer":false,"facType":"police"}},{"type":"Feature","geometry":{"type":"Point","coordinates":[-86.62971,36.29065]},"properties":{"probability":0.134,"inBuffer":false,"facType":"police"}},{"type":"Feature","geometry":{"type":"Point","coordinates":[-86.62415,36.29063]},"properties":{"probability":0.214,"inBuffer":false,"facType":"police"}},{"type":"Feature","geometry":{"type":"Point","coordinates":[-86.61858,36.29062]},"properties":{"probability":0.225,"inBuffer":false,"facType":"police"}},{"type":"Feature","geometry":{"type":"Point","coordinates":[-86.61301,36.2906]},"properties":{"probability":0.223,"inBuffer":false,"facType":"police"}},{"type":"Feature","geometry":{"type":"Point","coordinates":[-86.60744,36.29058]},"properties":{"probability":0.165,"inBuffer":false,"facType":"substation"}},{"type":"Feature","geometry":{"type":"Point","coordinates":[-86.88586,36.28666]},"properties":{"probability":0.125,"inBuffer":false,"facType":"airport"}},{"type":"Feature","geometry":{"type":"Point","coordinates":[-86.88029,36.28666]},"properties":{"probability":0.122,"inBuffer":false,"facType":"airport"}},{"type":"Feature","geometry":{"type":"Point","coordinates":[-86.87473,36.28665]},"properties":{"probability":0.135,"inBuffer":false,"facType":"substation"}},{"type":"Feature","geometry":{"type":"Point","coordinates":[-86.80791,36.28656]},"properties":{"probability":0.119,"inBuffer":false,"facType":"substation"}},{"type":"Feature","geometry":{"type":"Point","coordinates":[-86.80234,36.28655]},"properties":{"probability":0.119,"inBuffer":false,"facType":"substation"}},{"type":"Feature","geometry":{"type":"Point","coordinates":[-86.79677,36.28654]},"properties":{"probability":0.235,"inBuffer":false,"facType":"substation"}},{"type":"Feature","geometry":{"type":"Point","coordinates":[-86.79121,36.28653]},"properties":{"probability":0.143,"inBuffer":false,"facType":"substation"}},{"type":"Feature","geometry":{"type":"Point","coordinates":[-86.78564,36.28652]},"properties":{"probability":0.169,"inBuffer":false,"facType":"substation"}},{"type":"Feature","geometry":{"type":"Point","coordinates":[-86.78007,36.28651]},"properties":{"probability":0.167,"inBuffer":false,"facType":"substation"}},{"type":"Feature","geometry":{"type":"Point","coordinates":[-86.7745,36.2865]},"properties":{"probability":0.129,"inBuffer":false,"facType":"substation"}},{"type":"Feature","geometry":{"type":"Point","coordinates":[-86.76894,36.28649]},"properties":{"probability":0.112,"inBuffer":false,"facType":"substation"}},{"type":"Feature","geometry":{"type":"Point","coordinates":[-86.76337,36.28648]},"properties":{"probability":0.115,"inBuffer":false,"facType":"substation"}},{"type":"Feature","geometry":{"type":"Point","coordinates":[-86.7578,36.28647]},"properties":{"probability":0.128,"inBuffer":false,"facType":"substation"}},{"type":"Feature","geometry":{"type":"Point","coordinates":[-86.75223,36.28646]},"properties":{"probability":0.141,"inBuffer":false,"facType":"substation"}},{"type":"Feature","geometry":{"type":"Point","coordinates":[-86.74666,36.28645]},"properties":{"probability":0.202,"inBuffer":false,"facType":"substation"}},{"type":"Feature","geometry":{"type":"Point","coordinates":[-86.7411,36.28643]},"properties":{"probability":0.196,"inBuffer":false,"facType":"substation"}},{"type":"Feature","geometry":{"type":"Point","coordinates":[-86.73553,36.28642]},"properties":{"probability":0.221,"inBuffer":false,"facType":"substation"}},{"type":"Feature","geometry":{"type":"Point","coordinates":[-86.72996,36.28641]},"properties":{"probability":0.367,"inBuffer":false,"facType":"substation"}},{"type":"Feature","geometry":{"type":"Point","coordinates":[-86.72439,36.2864]},"properties":{"probability":0.298,"inBuffer":false,"facType":"substation"}},{"type":"Feature","geometry":{"type":"Point","coordinates":[-86.71882,36.28638]},"properties":{"probability":0.279,"inBuffer":false,"facType":"substation"}},{"type":"Feature","geometry":{"type":"Point","coordinates":[-86.71326,36.28637]},"properties":{"probability":0.297,"inBuffer":false,"facType":"substation"}},{"type":"Feature","geometry":{"type":"Point","coordinates":[-86.70769,36.28636]},"properties":{"probability":0.621,"inBuffer":false,"facType":"substation"}},{"type":"Feature","geometry":{"type":"Point","coordinates":[-86.70212,36.28634]},"properties":{"probability":0.603,"inBuffer":false,"facType":"substation"}},{"type":"Feature","geometry":{"type":"Point","coordinates":[-86.69655,36.28633]},"properties":{"probability":0.565,"inBuffer":false,"facType":"water_works"}},{"type":"Feature","geometry":{"type":"Point","coordinates":[-86.69099,36.28632]},"properties":{"probability":0.409,"inBuffer":false,"facType":"water_works"}},{"type":"Feature","geometry":{"type":"Point","coordinates":[-86.68542,36.2863]},"properties":{"probability":0.237,"inBuffer":false,"facType":"water_works"}},{"type":"Feature","geometry":{"type":"Point","coordinates":[-86.67985,36.28629]},"properties":{"probability":0.126,"inBuffer":false,"facType":"water_works"}},{"type":"Feature","geometry":{"type":"Point","coordinates":[-86.67428,36.28627]},"properties":{"probability":0.187,"inBuffer":false,"facType":"substation"}},{"type":"Feature","geometry":{"type":"Point","coordinates":[-86.66871,36.28625]},"properties":{"probability":0.188,"inBuffer":false,"facType":"substation"}},{"type":"Feature","geometry":{"type":"Point","coordinates":[-86.66315,36.28624]},"properties":{"probability":0.184,"inBuffer":false,"facType":"substation"}},{"type":"Feature","geometry":{"type":"Point","coordinates":[-86.65758,36.28622]},"properties":{"probability":0.191,"inBuffer":false,"facType":"substation"}},{"type":"Feature","geometry":{"type":"Point","coordinates":[-86.65201,36.28621]},"properties":{"probability":0.114,"inBuffer":false,"facType":"substation"}},{"type":"Feature","geometry":{"type":"Point","coordinates":[-86.64644,36.28619]},"properties":{"probability":0.15,"inBuffer":false,"facType":"power"}},{"type":"Feature","geometry":{"type":"Point","coordinates":[-86.63531,36.28616]},"properties":{"probability":0.115,"inBuffer":false,"facType":"police"}},{"type":"Feature","geometry":{"type":"Point","coordinates":[-86.62974,36.28614]},"properties":{"probability":0.12,"inBuffer":false,"facType":"police"}},{"type":"Feature","geometry":{"type":"Point","coordinates":[-86.62417,36.28613]},"properties":{"probability":0.153,"inBuffer":false,"facType":"police"}},{"type":"Feature","geometry":{"type":"Point","coordinates":[-86.6186,36.28611]},"properties":{"probability":0.181,"inBuffer":false,"facType":"police"}},{"type":"Feature","geometry":{"type":"Point","coordinates":[-86.61304,36.28609]},"properties":{"probability":0.205,"inBuffer":false,"facType":"police"}},{"type":"Feature","geometry":{"type":"Point","coordinates":[-86.60747,36.28607]},"properties":{"probability":0.143,"inBuffer":false,"facType":"substation"}},{"type":"Feature","geometry":{"type":"Point","coordinates":[-86.88029,36.28215]},"properties":{"probability":0.132,"inBuffer":false,"facType":"airport"}},{"type":"Feature","geometry":{"type":"Point","coordinates":[-86.87473,36.28214]},"properties":{"probability":0.151,"inBuffer":false,"facType":"substation"}},{"type":"Feature","geometry":{"type":"Point","coordinates":[-86.82462,36.28208]},"properties":{"probability":0.132,"inBuffer":false,"facType":"substation"}},{"type":"Feature","geometry":{"type":"Point","coordinates":[-86.81905,36.28207]},"properties":{"probability":0.163,"inBuffer":false,"facType":"substation"}},{"type":"Feature","geometry":{"type":"Point","coordinates":[-86.81348,36.28206]},"properties":{"probability":0.126,"inBuffer":false,"facType":"substation"}},{"type":"Feature","geometry":{"type":"Point","coordinates":[-86.80791,36.28205]},"properties":{"probability":0.197,"inBuffer":false,"facType":"substation"}},{"type":"Feature","geometry":{"type":"Point","coordinates":[-86.80235,36.28204]},"properties":{"probability":0.359,"inBuffer":false,"facType":"substation"}},{"type":"Feature","geometry":{"type":"Point","coordinates":[-86.79678,36.28203]},"properties":{"probability":0.458,"inBuffer":false,"facType":"substation"}},{"type":"Feature","geometry":{"type":"Point","coordinates":[-86.79121,36.28202]},"properties":{"probability":0.275,"inBuffer":false,"facType":"substation"}},{"type":"Feature","geometry":{"type":"Point","coordinates":[-86.78565,36.28201]},"properties":{"probability":0.203,"inBuffer":false,"facType":"substation"}},{"type":"Feature","geometry":{"type":"Point","coordinates":[-86.78008,36.28201]},"properties":{"probability":0.203,"inBuffer":false,"facType":"substation"}},{"type":"Feature","geometry":{"type":"Point","coordinates":[-86.77451,36.28199]},"properties":{"probability":0.172,"inBuffer":false,"facType":"substation"}},{"type":"Feature","geometry":{"type":"Point","coordinates":[-86.76894,36.28198]},"properties":{"probability":0.134,"inBuffer":false,"facType":"substation"}},{"type":"Feature","geometry":{"type":"Point","coordinates":[-86.76338,36.28197]},"properties":{"probability":0.136,"inBuffer":false,"facType":"substation"}},{"type":"Feature","geometry":{"type":"Point","coordinates":[-86.75781,36.28196]},"properties":{"probability":0.173,"inBuffer":false,"facType":"substation"}},{"type":"Feature","geometry":{"type":"Point","coordinates":[-86.75224,36.28195]},"properties":{"probability":0.204,"inBuffer":false,"facType":"substation"}},{"type":"Feature","geometry":{"type":"Point","coordinates":[-86.74667,36.28194]},"properties":{"probability":0.194,"inBuffer":false,"facType":"substation"}},{"type":"Feature","geometry":{"type":"Point","coordinates":[-86.74111,36.28193]},"properties":{"probability":0.242,"inBuffer":false,"facType":"substation"}},{"type":"Feature","geometry":{"type":"Point","coordinates":[-86.73554,36.28191]},"properties":{"probability":0.288,"inBuffer":false,"facType":"substation"}},{"type":"Feature","geometry":{"type":"Point","coordinates":[-86.72997,36.2819]},"properties":{"probability":0.388,"inBuffer":false,"facType":"substation"}},{"type":"Feature","geometry":{"type":"Point","coordinates":[-86.7244,36.28189]},"properties":{"probability":0.221,"inBuffer":false,"facType":"substation"}},{"type":"Feature","geometry":{"type":"Point","coordinates":[-86.71884,36.28188]},"properties":{"probability":0.31,"inBuffer":false,"facType":"substation"}},{"type":"Feature","geometry":{"type":"Point","coordinates":[-86.71327,36.28186]},"properties":{"probability":0.408,"inBuffer":false,"facType":"substation"}},{"type":"Feature","geometry":{"type":"Point","coordinates":[-86.7077,36.28185]},"properties":{"probability":0.452,"inBuffer":false,"facType":"substation"}},{"type":"Feature","geometry":{"type":"Point","coordinates":[-86.70213,36.28183]},"properties":{"probability":0.411,"inBuffer":false,"facType":"substation"}},{"type":"Feature","geometry":{"type":"Point","coordinates":[-86.69657,36.28182]},"properties":{"probability":0.515,"inBuffer":false,"facType":"water_works"}},{"type":"Feature","geometry":{"type":"Point","coordinates":[-86.691,36.28181]},"properties":{"probability":0.448,"inBuffer":false,"facType":"water_works"}},{"type":"Feature","geometry":{"type":"Point","coordinates":[-86.68543,36.28179]},"properties":{"probability":0.251,"inBuffer":false,"facType":"water_works"}},{"type":"Feature","geometry":{"type":"Point","coordinates":[-86.67986,36.28178]},"properties":{"probability":0.134,"inBuffer":false,"facType":"water_works"}},{"type":"Feature","geometry":{"type":"Point","coordinates":[-86.6743,36.28176]},"properties":{"probability":0.203,"inBuffer":false,"facType":"substation"}},{"type":"Feature","geometry":{"type":"Point","coordinates":[-86.66873,36.28175]},"properties":{"probability":0.339,"inBuffer":false,"facType":"substation"}},{"type":"Feature","geometry":{"type":"Point","coordinates":[-86.66316,36.28173]},"properties":{"probability":0.277,"inBuffer":false,"facType":"substation"}},{"type":"Feature","geometry":{"type":"Point","coordinates":[-86.65759,36.28172]},"properties":{"probability":0.121,"inBuffer":false,"facType":"substation"}},{"type":"Feature","geometry":{"type":"Point","coordinates":[-86.65203,36.2817]},"properties":{"probability":0.117,"inBuffer":false,"facType":"substation"}},{"type":"Feature","geometry":{"type":"Point","coordinates":[-86.64646,36.28168]},"properties":{"probability":0.124,"inBuffer":false,"facType":"substation"}},{"type":"Feature","geometry":{"type":"Point","coordinates":[-86.63532,36.28165]},"properties":{"probability":0.124,"inBuffer":false,"facType":"substation"}},{"type":"Feature","geometry":{"type":"Point","coordinates":[-86.62976,36.28163]},"properties":{"probability":0.123,"inBuffer":false,"facType":"police"}},{"type":"Feature","geometry":{"type":"Point","coordinates":[-86.62419,36.28162]},"properties":{"probability":0.155,"inBuffer":false,"facType":"police"}},{"type":"Feature","geometry":{"type":"Point","coordinates":[-86.61862,36.2816]},"properties":{"probability":0.153,"inBuffer":false,"facType":"police"}},{"type":"Feature","geometry":{"type":"Point","coordinates":[-86.61306,36.28158]},"properties":{"probability":0.155,"inBuffer":false,"facType":"police"}},{"type":"Feature","geometry":{"type":"Point","coordinates":[-86.60749,36.28156]},"properties":{"probability":0.125,"inBuffer":false,"facType":"police"}},{"type":"Feature","geometry":{"type":"Point","coordinates":[-86.8803,36.27764]},"properties":{"probability":0.176,"inBuffer":false,"facType":"substation"}},{"type":"Feature","geometry":{"type":"Point","coordinates":[-86.87473,36.27763]},"properties":{"probability":0.129,"inBuffer":false,"facType":"substation"}},{"type":"Feature","geometry":{"type":"Point","coordinates":[-86.86917,36.27763]},"properties":{"probability":0.119,"inBuffer":false,"facType":"substation"}},{"type":"Feature","geometry":{"type":"Point","coordinates":[-86.82463,36.27757]},"properties":{"probability":0.186,"inBuffer":false,"facType":"substation"}},{"type":"Feature","geometry":{"type":"Point","coordinates":[-86.81906,36.27756]},"properties":{"probability":0.222,"inBuffer":false,"facType":"substation"}},{"type":"Feature","geometry":{"type":"Point","coordinates":[-86.8135,36.27755]},"properties":{"probability":0.152,"inBuffer":false,"facType":"substation"}},{"type":"Feature","geometry":{"type":"Point","coordinates":[-86.80793,36.27755]},"properties":{"probability":0.413,"inBuffer":false,"facType":"substation"}},{"type":"Feature","geometry":{"type":"Point","coordinates":[-86.80236,36.27753]},"properties":{"probability":0.447,"inBuffer":false,"facType":"substation"}},{"type":"Feature","geometry":{"type":"Point","coordinates":[-86.7968,36.27753]},"properties":{"probability":0.569,"inBuffer":false,"facType":"substation"}},{"type":"Feature","geometry":{"type":"Point","coordinates":[-86.79123,36.27752]},"properties":{"probability":0.228,"inBuffer":false,"facType":"substation"}},{"type":"Feature","geometry":{"type":"Point","coordinates":[-86.78566,36.27751]},"properties":{"probability":0.159,"inBuffer":false,"facType":"substation"}},{"type":"Feature","geometry":{"type":"Point","coordinates":[-86.78009,36.2775]},"properties":{"probability":0.157,"inBuffer":false,"facType":"substation"}},{"type":"Feature","geometry":{"type":"Point","coordinates":[-86.77453,36.27748]},"properties":{"probability":0.147,"inBuffer":false,"facType":"substation"}},{"type":"Feature","geometry":{"type":"Point","coordinates":[-86.76896,36.27748]},"properties":{"probability":0.146,"inBuffer":false,"facType":"substation"}},{"type":"Feature","geometry":{"type":"Point","coordinates":[-86.76339,36.27747]},"properties":{"probability":0.151,"inBuffer":false,"facType":"substation"}},{"type":"Feature","geometry":{"type":"Point","coordinates":[-86.75783,36.27745]},"properties":{"probability":0.216,"inBuffer":false,"facType":"substation"}},{"type":"Feature","geometry":{"type":"Point","coordinates":[-86.75226,36.27744]},"properties":{"probability":0.228,"inBuffer":false,"facType":"substation"}},{"type":"Feature","geometry":{"type":"Point","coordinates":[-86.74669,36.27743]},"properties":{"probability":0.186,"inBuffer":false,"facType":"substation"}},{"type":"Feature","geometry":{"type":"Point","coordinates":[-86.74112,36.27742]},"properties":{"probability":0.2,"inBuffer":false,"facType":"substation"}},{"type":"Feature","geometry":{"type":"Point","coordinates":[-86.73556,36.2774]},"properties":{"probability":0.289,"inBuffer":false,"facType":"substation"}},{"type":"Feature","geometry":{"type":"Point","coordinates":[-86.72999,36.27739]},"properties":{"probability":0.259,"inBuffer":false,"facType":"substation"}},{"type":"Feature","geometry":{"type":"Point","coordinates":[-86.72442,36.27738]},"properties":{"probability":0.201,"inBuffer":false,"facType":"substation"}},{"type":"Feature","geometry":{"type":"Point","coordinates":[-86.71886,36.27737]},"properties":{"probability":0.398,"inBuffer":false,"facType":"substation"}},{"type":"Feature","geometry":{"type":"Point","coordinates":[-86.71329,36.27736]},"properties":{"probability":0.554,"inBuffer":false,"facType":"substation"}},{"type":"Feature","geometry":{"type":"Point","coordinates":[-86.70772,36.27734]},"properties":{"probability":0.478,"inBuffer":false,"facType":"substation"}},{"type":"Feature","geometry":{"type":"Point","coordinates":[-86.70216,36.27733]},"properties":{"probability":0.374,"inBuffer":false,"facType":"substation"}},{"type":"Feature","geometry":{"type":"Point","coordinates":[-86.69659,36.27731]},"properties":{"probability":0.515,"inBuffer":false,"facType":"substation"}},{"type":"Feature","geometry":{"type":"Point","coordinates":[-86.69102,36.2773]},"properties":{"probability":0.537,"inBuffer":false,"facType":"water_works"}},{"type":"Feature","geometry":{"type":"Point","coordinates":[-86.68545,36.27729]},"properties":{"probability":0.399,"inBuffer":false,"facType":"water_works"}},{"type":"Feature","geometry":{"type":"Point","coordinates":[-86.67989,36.27727]},"properties":{"probability":0.153,"inBuffer":false,"facType":"water_works"}},{"type":"Feature","geometry":{"type":"Point","coordinates":[-86.67432,36.27726]},"properties":{"probability":0.214,"inBuffer":false,"facType":"substation"}},{"type":"Feature","geometry":{"type":"Point","coordinates":[-86.66875,36.27724]},"properties":{"probability":0.267,"inBuffer":false,"facType":"substation"}},{"type":"Feature","geometry":{"type":"Point","coordinates":[-86.66319,36.27723]},"properties":{"probability":0.283,"inBuffer":false,"facType":"substation"}},{"type":"Feature","geometry":{"type":"Point","coordinates":[-86.65762,36.27721]},"properties":{"probability":0.189,"inBuffer":false,"facType":"substation"}},{"type":"Feature","geometry":{"type":"Point","coordinates":[-86.65205,36.27719]},"properties":{"probability":0.143,"inBuffer":false,"facType":"substation"}},{"type":"Feature","geometry":{"type":"Point","coordinates":[-86.64648,36.27718]},"properties":{"probability":0.133,"inBuffer":false,"facType":"substation"}},{"type":"Feature","geometry":{"type":"Point","coordinates":[-86.64091,36.27716]},"properties":{"probability":0.127,"inBuffer":false,"facType":"substation"}},{"type":"Feature","geometry":{"type":"Point","coordinates":[-86.63535,36.27714]},"properties":{"probability":0.116,"inBuffer":false,"facType":"substation"}},{"type":"Feature","geometry":{"type":"Point","coordinates":[-86.62978,36.27713]},"properties":{"probability":0.126,"inBuffer":false,"facType":"substation"}},{"type":"Feature","geometry":{"type":"Point","coordinates":[-86.62421,36.27711]},"properties":{"probability":0.141,"inBuffer":false,"facType":"substation"}},{"type":"Feature","geometry":{"type":"Point","coordinates":[-86.61864,36.27709]},"properties":{"probability":0.149,"inBuffer":false,"facType":"police"}},{"type":"Feature","geometry":{"type":"Point","coordinates":[-86.61308,36.27707]},"properties":{"probability":0.143,"inBuffer":false,"facType":"police"}},{"type":"Feature","geometry":{"type":"Point","coordinates":[-86.60751,36.27705]},"properties":{"probability":0.127,"inBuffer":false,"facType":"police"}},{"type":"Feature","geometry":{"type":"Point","coordinates":[-86.86361,36.27311]},"properties":{"probability":0.113,"inBuffer":false,"facType":"substation"}},{"type":"Feature","geometry":{"type":"Point","coordinates":[-86.82464,36.27306]},"properties":{"probability":0.165,"inBuffer":false,"facType":"substation"}},{"type":"Feature","geometry":{"type":"Point","coordinates":[-86.81908,36.27305]},"properties":{"probability":0.124,"inBuffer":false,"facType":"substation"}},{"type":"Feature","geometry":{"type":"Point","coordinates":[-86.81351,36.27304]},"properties":{"probability":0.126,"inBuffer":false,"facType":"substation"}},{"type":"Feature","geometry":{"type":"Point","coordinates":[-86.80794,36.27304]},"properties":{"probability":0.194,"inBuffer":false,"facType":"substation"}},{"type":"Feature","geometry":{"type":"Point","coordinates":[-86.80238,36.27303]},"properties":{"probability":0.241,"inBuffer":false,"facType":"substation"}},{"type":"Feature","geometry":{"type":"Point","coordinates":[-86.79681,36.27302]},"properties":{"probability":0.242,"inBuffer":false,"facType":"substation"}},{"type":"Feature","geometry":{"type":"Point","coordinates":[-86.79124,36.27301]},"properties":{"probability":0.189,"inBuffer":false,"facType":"substation"}},{"type":"Feature","geometry":{"type":"Point","coordinates":[-86.78568,36.273]},"properties":{"probability":0.13,"inBuffer":false,"facType":"substation"}},{"type":"Feature","geometry":{"type":"Point","coordinates":[-86.78011,36.27299]},"properties":{"probability":0.129,"inBuffer":false,"facType":"substation"}},{"type":"Feature","geometry":{"type":"Point","coordinates":[-86.77454,36.27298]},"properties":{"probability":0.13,"inBuffer":false,"facType":"substation"}},{"type":"Feature","geometry":{"type":"Point","coordinates":[-86.76897,36.27297]},"properties":{"probability":0.144,"inBuffer":false,"facType":"substation"}},{"type":"Feature","geometry":{"type":"Point","coordinates":[-86.7634,36.27296]},"properties":{"probability":0.207,"inBuffer":false,"facType":"substation"}},{"type":"Feature","geometry":{"type":"Point","coordinates":[-86.75784,36.27295]},"properties":{"probability":0.289,"inBuffer":false,"facType":"substation"}},{"type":"Feature","geometry":{"type":"Point","coordinates":[-86.75227,36.27293]},"properties":{"probability":0.235,"inBuffer":false,"facType":"substation"}},{"type":"Feature","geometry":{"type":"Point","coordinates":[-86.7467,36.27292]},"properties":{"probability":0.131,"inBuffer":false,"facType":"substation"}},{"type":"Feature","geometry":{"type":"Point","coordinates":[-86.74113,36.27291]},"properties":{"probability":0.247,"inBuffer":false,"facType":"substation"}},{"type":"Feature","geometry":{"type":"Point","coordinates":[-86.73557,36.2729]},"properties":{"probability":0.287,"inBuffer":false,"facType":"substation"}},{"type":"Feature","geometry":{"type":"Point","coordinates":[-86.73,36.27288]},"properties":{"probability":0.238,"inBuffer":false,"facType":"substation"}},{"type":"Feature","geometry":{"type":"Point","coordinates":[-86.72443,36.27287]},"properties":{"probability":0.304,"inBuffer":false,"facType":"substation"}},{"type":"Feature","geometry":{"type":"Point","coordinates":[-86.71887,36.27286]},"properties":{"probability":0.414,"inBuffer":false,"facType":"substation"}},{"type":"Feature","geometry":{"type":"Point","coordinates":[-86.7133,36.27285]},"properties":{"probability":0.613,"inBuffer":false,"facType":"substation"}},{"type":"Feature","geometry":{"type":"Point","coordinates":[-86.70773,36.27283]},"properties":{"probability":0.577,"inBuffer":false,"facType":"substation"}},{"type":"Feature","geometry":{"type":"Point","coordinates":[-86.70217,36.27282]},"properties":{"probability":0.402,"inBuffer":false,"facType":"substation"}},{"type":"Feature","geometry":{"type":"Point","coordinates":[-86.6966,36.2728]},"properties":{"probability":0.482,"inBuffer":false,"facType":"substation"}},{"type":"Feature","geometry":{"type":"Point","coordinates":[-86.69103,36.27279]},"properties":{"probability":0.514,"inBuffer":false,"facType":"water_works"}},{"type":"Feature","geometry":{"type":"Point","coordinates":[-86.68547,36.27278]},"properties":{"probability":0.351,"inBuffer":false,"facType":"water_works"}},{"type":"Feature","geometry":{"type":"Point","coordinates":[-86.6799,36.27276]},"properties":{"probability":0.135,"inBuffer":false,"facType":"substation"}},{"type":"Feature","geometry":{"type":"Point","coordinates":[-86.67434,36.27275]},"properties":{"probability":0.238,"inBuffer":false,"facType":"substation"}},{"type":"Feature","geometry":{"type":"Point","coordinates":[-86.66877,36.27273]},"properties":{"probability":0.292,"inBuffer":false,"facType":"substation"}},{"type":"Feature","geometry":{"type":"Point","coordinates":[-86.6632,36.27272]},"properties":{"probability":0.429,"inBuffer":false,"facType":"substation"}},{"type":"Feature","geometry":{"type":"Point","coordinates":[-86.65764,36.2727]},"properties":{"probability":0.432,"inBuffer":false,"facType":"substation"}},{"type":"Feature","geometry":{"type":"Point","coordinates":[-86.65207,36.27269]},"properties":{"probability":0.355,"inBuffer":false,"facType":"substation"}},{"type":"Feature","geometry":{"type":"Point","coordinates":[-86.6465,36.27267]},"properties":{"probability":0.218,"inBuffer":false,"facType":"substation"}},{"type":"Feature","geometry":{"type":"Point","coordinates":[-86.64094,36.27265]},"properties":{"probability":0.154,"inBuffer":false,"facType":"substation"}},{"type":"Feature","geometry":{"type":"Point","coordinates":[-86.63537,36.27264]},"properties":{"probability":0.13,"inBuffer":false,"facType":"substation"}},{"type":"Feature","geometry":{"type":"Point","coordinates":[-86.6298,36.27262]},"properties":{"probability":0.135,"inBuffer":false,"facType":"substation"}},{"type":"Feature","geometry":{"type":"Point","coordinates":[-86.62424,36.2726]},"properties":{"probability":0.139,"inBuffer":false,"facType":"substation"}},{"type":"Feature","geometry":{"type":"Point","coordinates":[-86.61867,36.27258]},"properties":{"probability":0.132,"inBuffer":false,"facType":"substation"}},{"type":"Feature","geometry":{"type":"Point","coordinates":[-86.6131,36.27256]},"properties":{"probability":0.131,"inBuffer":false,"facType":"substation"}},{"type":"Feature","geometry":{"type":"Point","coordinates":[-86.60754,36.27255]},"properties":{"probability":0.128,"inBuffer":false,"facType":"police"}},{"type":"Feature","geometry":{"type":"Point","coordinates":[-86.83578,36.26857]},"properties":{"probability":0.124,"inBuffer":false,"facType":"substation"}},{"type":"Feature","geometry":{"type":"Point","coordinates":[-86.83022,36.26856]},"properties":{"probability":0.115,"inBuffer":false,"facType":"substation"}},{"type":"Feature","geometry":{"type":"Point","coordinates":[-86.80238,36.26852]},"properties":{"probability":0.108,"inBuffer":false,"facType":"substation"}},{"type":"Feature","geometry":{"type":"Point","coordinates":[-86.79682,36.26851]},"properties":{"probability":0.125,"inBuffer":false,"facType":"substation"}},{"type":"Feature","geometry":{"type":"Point","coordinates":[-86.79125,36.2685]},"properties":{"probability":0.118,"inBuffer":false,"facType":"substation"}},{"type":"Feature","geometry":{"type":"Point","coordinates":[-86.78568,36.26849]},"properties":{"probability":0.115,"inBuffer":false,"facType":"substation"}},{"type":"Feature","geometry":{"type":"Point","coordinates":[-86.78012,36.26848]},"properties":{"probability":0.127,"inBuffer":false,"facType":"substation"}},{"type":"Feature","geometry":{"type":"Point","coordinates":[-86.77455,36.26847]},"properties":{"probability":0.126,"inBuffer":false,"facType":"substation"}},{"type":"Feature","geometry":{"type":"Point","coordinates":[-86.76898,36.26846]},"properties":{"probability":0.143,"inBuffer":false,"facType":"substation"}},{"type":"Feature","geometry":{"type":"Point","coordinates":[-86.76342,36.26845]},"properties":{"probability":0.225,"inBuffer":false,"facType":"substation"}},{"type":"Feature","geometry":{"type":"Point","coordinates":[-86.75785,36.26844]},"properties":{"probability":0.407,"inBuffer":false,"facType":"substation"}},{"type":"Feature","geometry":{"type":"Point","coordinates":[-86.75229,36.26842]},"properties":{"probability":0.318,"inBuffer":false,"facType":"substation"}},{"type":"Feature","geometry":{"type":"Point","coordinates":[-86.74672,36.26841]},"properties":{"probability":0.192,"inBuffer":false,"facType":"substation"}},{"type":"Feature","geometry":{"type":"Point","coordinates":[-86.74115,36.2684]},"properties":{"probability":0.357,"inBuffer":false,"facType":"substation"}},{"type":"Feature","geometry":{"type":"Point","coordinates":[-86.73559,36.26839]},"properties":{"probability":0.404,"inBuffer":false,"facType":"substation"}},{"type":"Feature","geometry":{"type":"Point","coordinates":[-86.73002,36.26838]},"properties":{"probability":0.271,"inBuffer":false,"facType":"substation"}},{"type":"Feature","geometry":{"type":"Point","coordinates":[-86.72446,36.26836]},"properties":{"probability":0.341,"inBuffer":false,"facType":"substation"}},{"type":"Feature","geometry":{"type":"Point","coordinates":[-86.71889,36.26835]},"properties":{"probability":0.471,"inBuffer":false,"facType":"substation"}},{"type":"Feature","geometry":{"type":"Point","coordinates":[-86.71332,36.26834]},"properties":{"probability":0.607,"inBuffer":false,"facType":"substation"}},{"type":"Feature","geometry":{"type":"Point","coordinates":[-86.70776,36.26833]},"properties":{"probability":0.544,"inBuffer":false,"facType":"substation"}},{"type":"Feature","geometry":{"type":"Point","coordinates":[-86.70219,36.26831]},"properties":{"probability":0.419,"inBuffer":false,"facType":"substation"}},{"type":"Feature","geometry":{"type":"Point","coordinates":[-86.69662,36.2683]},"properties":{"probability":0.439,"inBuffer":false,"facType":"substation"}},{"type":"Feature","geometry":{"type":"Point","coordinates":[-86.69106,36.26828]},"properties":{"probability":0.406,"inBuffer":false,"facType":"hospital"}},{"type":"Feature","geometry":{"type":"Point","coordinates":[-86.68549,36.26827]},"properties":{"probability":0.245,"inBuffer":false,"facType":"hospital"}},{"type":"Feature","geometry":{"type":"Point","coordinates":[-86.67992,36.26825]},"properties":{"probability":0.175,"inBuffer":false,"facType":"hospital"}},{"type":"Feature","geometry":{"type":"Point","coordinates":[-86.67435,36.26824]},"properties":{"probability":0.296,"inBuffer":false,"facType":"substation"}},{"type":"Feature","geometry":{"type":"Point","coordinates":[-86.66879,36.26822]},"properties":{"probability":0.396,"inBuffer":false,"facType":"substation"}},{"type":"Feature","geometry":{"type":"Point","coordinates":[-86.66322,36.26821]},"properties":{"probability":0.432,"inBuffer":false,"facType":"substation"}},{"type":"Feature","geometry":{"type":"Point","coordinates":[-86.65765,36.26819]},"properties":{"probability":0.493,"inBuffer":false,"facType":"substation"}},{"type":"Feature","geometry":{"type":"Point","coordinates":[-86.65209,36.26818]},"properties":{"probability":0.446,"inBuffer":false,"facType":"substation"}},{"type":"Feature","geometry":{"type":"Point","coordinates":[-86.64652,36.26816]},"properties":{"probability":0.249,"inBuffer":false,"facType":"substation"}},{"type":"Feature","geometry":{"type":"Point","coordinates":[-86.64095,36.26814]},"properties":{"probability":0.13,"inBuffer":false,"facType":"substation"}},{"type":"Feature","geometry":{"type":"Point","coordinates":[-86.63539,36.26813]},"properties":{"probability":0.129,"inBuffer":false,"facType":"substation"}},{"type":"Feature","geometry":{"type":"Point","coordinates":[-86.62982,36.26811]},"properties":{"probability":0.181,"inBuffer":false,"facType":"substation"}},{"type":"Feature","geometry":{"type":"Point","coordinates":[-86.62425,36.26809]},"properties":{"probability":0.13,"inBuffer":false,"facType":"substation"}},{"type":"Feature","geometry":{"type":"Point","coordinates":[-86.61869,36.26807]},"properties":{"probability":0.128,"inBuffer":false,"facType":"substation"}},{"type":"Feature","geometry":{"type":"Point","coordinates":[-86.61312,36.26806]},"properties":{"probability":0.128,"inBuffer":false,"facType":"substation"}},{"type":"Feature","geometry":{"type":"Point","coordinates":[-86.60756,36.26804]},"properties":{"probability":0.123,"inBuffer":false,"facType":"substation"}},{"type":"Feature","geometry":{"type":"Point","coordinates":[-86.85806,36.26409]},"properties":{"probability":0.125,"inBuffer":false,"facType":"substation"}},{"type":"Feature","geometry":{"type":"Point","coordinates":[-86.84136,36.26407]},"properties":{"probability":0.127,"inBuffer":false,"facType":"substation"}},{"type":"Feature","geometry":{"type":"Point","coordinates":[-86.83579,36.26406]},"properties":{"probability":0.123,"inBuffer":false,"facType":"substation"}},{"type":"Feature","geometry":{"type":"Point","coordinates":[-86.83023,36.26405]},"properties":{"probability":0.127,"inBuffer":false,"facType":"substation"}},{"type":"Feature","geometry":{"type":"Point","coordinates":[-86.7857,36.26398]},"properties":{"probability":0.128,"inBuffer":false,"facType":"substation"}},{"type":"Feature","geometry":{"type":"Point","coordinates":[-86.78013,36.26397]},"properties":{"probability":0.126,"inBuffer":false,"facType":"substation"}},{"type":"Feature","geometry":{"type":"Point","coordinates":[-86.77457,36.26396]},"properties":{"probability":0.128,"inBuffer":false,"facType":"substation"}},{"type":"Feature","geometry":{"type":"Point","coordinates":[-86.769,36.26395]},"properties":{"probability":0.146,"inBuffer":false,"facType":"substation"}},{"type":"Feature","geometry":{"type":"Point","coordinates":[-86.76344,36.26394]},"properties":{"probability":0.235,"inBuffer":false,"facType":"substation"}},{"type":"Feature","geometry":{"type":"Point","coordinates":[-86.75787,36.26393]},"properties":{"probability":0.466,"inBuffer":false,"facType":"substation"}},{"type":"Feature","geometry":{"type":"Point","coordinates":[-86.7523,36.26392]},"properties":{"probability":0.411,"inBuffer":false,"facType":"substation"}},{"type":"Feature","geometry":{"type":"Point","coordinates":[-86.74673,36.26391]},"properties":{"probability":0.222,"inBuffer":false,"facType":"substation"}},{"type":"Feature","geometry":{"type":"Point","coordinates":[-86.74117,36.2639]},"properties":{"probability":0.443,"inBuffer":false,"facType":"substation"}},{"type":"Feature","geometry":{"type":"Point","coordinates":[-86.7356,36.26388]},"properties":{"probability":0.443,"inBuffer":false,"facType":"substation"}},{"type":"Feature","geometry":{"type":"Point","coordinates":[-86.73003,36.26387]},"properties":{"probability":0.34,"inBuffer":false,"facType":"substation"}},{"type":"Feature","geometry":{"type":"Point","coordinates":[-86.72447,36.26386]},"properties":{"probability":0.412,"inBuffer":false,"facType":"substation"}},{"type":"Feature","geometry":{"type":"Point","coordinates":[-86.7189,36.26384]},"properties":{"probability":0.577,"inBuffer":true,"facType":"substation"}},{"type":"Feature","geometry":{"type":"Point","coordinates":[-86.71333,36.26383]},"properties":{"probability":0.651,"inBuffer":true,"facType":"substation"}},{"type":"Feature","geometry":{"type":"Point","coordinates":[-86.70777,36.26382]},"properties":{"probability":0.471,"inBuffer":false,"facType":"substation"}},{"type":"Feature","geometry":{"type":"Point","coordinates":[-86.7022,36.26381]},"properties":{"probability":0.434,"inBuffer":false,"facType":"substation"}},{"type":"Feature","geometry":{"type":"Point","coordinates":[-86.69664,36.26379]},"properties":{"probability":0.411,"inBuffer":false,"facType":"substation"}},{"type":"Feature","geometry":{"type":"Point","coordinates":[-86.69107,36.26377]},"properties":{"probability":0.296,"inBuffer":false,"facType":"substation"}},{"type":"Feature","geometry":{"type":"Point","coordinates":[-86.68551,36.26376]},"properties":{"probability":0.336,"inBuffer":false,"facType":"hospital"}},{"type":"Feature","geometry":{"type":"Point","coordinates":[-86.67994,36.26375]},"properties":{"probability":0.295,"inBuffer":false,"facType":"hospital"}},{"type":"Feature","geometry":{"type":"Point","coordinates":[-86.67437,36.26373]},"properties":{"probability":0.236,"inBuffer":false,"facType":"hospital"}},{"type":"Feature","geometry":{"type":"Point","coordinates":[-86.66881,36.26372]},"properties":{"probability":0.299,"inBuffer":false,"facType":"substation"}},{"type":"Feature","geometry":{"type":"Point","coordinates":[-86.66324,36.2637]},"properties":{"probability":0.35,"inBuffer":false,"facType":"substation"}},{"type":"Feature","geometry":{"type":"Point","coordinates":[-86.65768,36.26369]},"properties":{"probability":0.413,"inBuffer":false,"facType":"substation"}},{"type":"Feature","geometry":{"type":"Point","coordinates":[-86.65211,36.26367]},"properties":{"probability":0.34,"inBuffer":false,"facType":"substation"}},{"type":"Feature","geometry":{"type":"Point","coordinates":[-86.64655,36.26365]},"properties":{"probability":0.297,"inBuffer":false,"facType":"substation"}},{"type":"Feature","geometry":{"type":"Point","coordinates":[-86.64098,36.26364]},"properties":{"probability":0.127,"inBuffer":false,"facType":"substation"}},{"type":"Feature","geometry":{"type":"Point","coordinates":[-86.63541,36.26362]},"properties":{"probability":0.142,"inBuffer":false,"facType":"substation"}},{"type":"Feature","geometry":{"type":"Point","coordinates":[-86.62984,36.2636]},"properties":{"probability":0.173,"inBuffer":false,"facType":"substation"}},{"type":"Feature","geometry":{"type":"Point","coordinates":[-86.62428,36.26358]},"properties":{"probability":0.124,"inBuffer":false,"facType":"substation"}},{"type":"Feature","geometry":{"type":"Point","coordinates":[-86.61871,36.26357]},"properties":{"probability":0.128,"inBuffer":false,"facType":"substation"}},{"type":"Feature","geometry":{"type":"Point","coordinates":[-86.61314,36.26355]},"properties":{"probability":0.128,"inBuffer":false,"facType":"substation"}},{"type":"Feature","geometry":{"type":"Point","coordinates":[-86.60758,36.26353]},"properties":{"probability":0.122,"inBuffer":false,"facType":"substation"}},{"type":"Feature","geometry":{"type":"Point","coordinates":[-86.8525,36.25957]},"properties":{"probability":0.133,"inBuffer":false,"facType":"substation"}},{"type":"Feature","geometry":{"type":"Point","coordinates":[-86.84694,36.25957]},"properties":{"probability":0.127,"inBuffer":false,"facType":"substation"}},{"type":"Feature","geometry":{"type":"Point","coordinates":[-86.8358,36.25956]},"properties":{"probability":0.123,"inBuffer":false,"facType":"substation"}},{"type":"Feature","geometry":{"type":"Point","coordinates":[-86.83024,36.25955]},"properties":{"probability":0.124,"inBuffer":false,"facType":"substation"}},{"type":"Feature","geometry":{"type":"Point","coordinates":[-86.78571,36.25948]},"properties":{"probability":0.131,"inBuffer":false,"facType":"substation"}},{"type":"Feature","geometry":{"type":"Point","coordinates":[-86.78014,36.25946]},"properties":{"probability":0.127,"inBuffer":false,"facType":"substation"}},{"type":"Feature","geometry":{"type":"Point","coordinates":[-86.77457,36.25946]},"properties":{"probability":0.202,"inBuffer":false,"facType":"substation"}},{"type":"Feature","geometry":{"type":"Point","coordinates":[-86.76901,36.25945]},"properties":{"probability":0.204,"inBuffer":false,"facType":"substation"}},{"type":"Feature","geometry":{"type":"Point","coordinates":[-86.76344,36.25943]},"properties":{"probability":0.273,"inBuffer":false,"facType":"substation"}},{"type":"Feature","geometry":{"type":"Point","coordinates":[-86.75788,36.25942]},"properties":{"probability":0.466,"inBuffer":false,"facType":"substation"}},{"type":"Feature","geometry":{"type":"Point","coordinates":[-86.75231,36.25941]},"properties":{"probability":0.343,"inBuffer":false,"facType":"substation"}},{"type":"Feature","geometry":{"type":"Point","coordinates":[-86.74675,36.2594]},"properties":{"probability":0.224,"inBuffer":false,"facType":"substation"}},{"type":"Feature","geometry":{"type":"Point","coordinates":[-86.74118,36.25939]},"properties":{"probability":0.356,"inBuffer":false,"facType":"substation"}},{"type":"Feature","geometry":{"type":"Point","coordinates":[-86.73562,36.25938]},"properties":{"probability":0.277,"inBuffer":false,"facType":"substation"}},{"type":"Feature","geometry":{"type":"Point","coordinates":[-86.73005,36.25936]},"properties":{"probability":0.233,"inBuffer":false,"facType":"substation"}},{"type":"Feature","geometry":{"type":"Point","coordinates":[-86.72449,36.25935]},"properties":{"probability":0.433,"inBuffer":false,"facType":"substation"}},{"type":"Feature","geometry":{"type":"Point","coordinates":[-86.71892,36.25934]},"properties":{"probability":0.609,"inBuffer":true,"facType":"fire"}},{"type":"Feature","geometry":{"type":"Point","coordinates":[-86.71336,36.25932]},"properties":{"probability":0.647,"inBuffer":true,"facType":"fire"}},{"type":"Feature","geometry":{"type":"Point","coordinates":[-86.70779,36.25931]},"properties":{"probability":0.457,"inBuffer":true,"facType":"substation"}},{"type":"Feature","geometry":{"type":"Point","coordinates":[-86.70222,36.2593]},"properties":{"probability":0.411,"inBuffer":false,"facType":"substation"}},{"type":"Feature","geometry":{"type":"Point","coordinates":[-86.69666,36.25928]},"properties":{"probability":0.308,"inBuffer":false,"facType":"substation"}},{"type":"Feature","geometry":{"type":"Point","coordinates":[-86.69109,36.25927]},"properties":{"probability":0.276,"inBuffer":false,"facType":"substation"}},{"type":"Feature","geometry":{"type":"Point","coordinates":[-86.68552,36.25925]},"properties":{"probability":0.333,"inBuffer":true,"facType":"hospital"}},{"type":"Feature","geometry":{"type":"Point","coordinates":[-86.67995,36.25924]},"properties":{"probability":0.349,"inBuffer":true,"facType":"hospital"}},{"type":"Feature","geometry":{"type":"Point","coordinates":[-86.67439,36.25922]},"properties":{"probability":0.206,"inBuffer":false,"facType":"hospital"}},{"type":"Feature","geometry":{"type":"Point","coordinates":[-86.66882,36.25921]},"properties":{"probability":0.168,"inBuffer":false,"facType":"hospital"}},{"type":"Feature","geometry":{"type":"Point","coordinates":[-86.66326,36.25919]},"properties":{"probability":0.221,"inBuffer":false,"facType":"substation"}},{"type":"Feature","geometry":{"type":"Point","coordinates":[-86.65769,36.25918]},"properties":{"probability":0.389,"inBuffer":false,"facType":"substation"}},{"type":"Feature","geometry":{"type":"Point","coordinates":[-86.65213,36.25916]},"properties":{"probability":0.347,"inBuffer":false,"facType":"substation"}},{"type":"Feature","geometry":{"type":"Point","coordinates":[-86.64656,36.25914]},"properties":{"probability":0.275,"inBuffer":false,"facType":"substation"}},{"type":"Feature","geometry":{"type":"Point","coordinates":[-86.641,36.25913]},"properties":{"probability":0.147,"inBuffer":false,"facType":"substation"}},{"type":"Feature","geometry":{"type":"Point","coordinates":[-86.63543,36.25911]},"properties":{"probability":0.126,"inBuffer":false,"facType":"substation"}},{"type":"Feature","geometry":{"type":"Point","coordinates":[-86.62987,36.25909]},"properties":{"probability":0.132,"inBuffer":false,"facType":"substation"}},{"type":"Feature","geometry":{"type":"Point","coordinates":[-86.6243,36.25908]},"properties":{"probability":0.125,"inBuffer":false,"facType":"substation"}},{"type":"Feature","geometry":{"type":"Point","coordinates":[-86.61874,36.25906]},"properties":{"probability":0.129,"inBuffer":false,"facType":"substation"}},{"type":"Feature","geometry":{"type":"Point","coordinates":[-86.61317,36.25904]},"properties":{"probability":0.127,"inBuffer":false,"facType":"substation"}},{"type":"Feature","geometry":{"type":"Point","coordinates":[-86.6076,36.25903]},"properties":{"probability":0.127,"inBuffer":false,"facType":"substation"}},{"type":"Feature","geometry":{"type":"Point","coordinates":[-86.85251,36.25507]},"properties":{"probability":0.121,"inBuffer":false,"facType":"substation"}},{"type":"Feature","geometry":{"type":"Point","coordinates":[-86.84695,36.25506]},"properties":{"probability":0.133,"inBuffer":false,"facType":"substation"}},{"type":"Feature","geometry":{"type":"Point","coordinates":[-86.84138,36.25505]},"properties":{"probability":0.129,"inBuffer":false,"facType":"substation"}},{"type":"Feature","geometry":{"type":"Point","coordinates":[-86.83582,36.25505]},"properties":{"probability":0.132,"inBuffer":false,"facType":"substation"}},{"type":"Feature","geometry":{"type":"Point","coordinates":[-86.83025,36.25504]},"properties":{"probability":0.146,"inBuffer":false,"facType":"substation"}},{"type":"Feature","geometry":{"type":"Point","coordinates":[-86.80798,36.255]},"properties":{"probability":0.122,"inBuffer":false,"facType":"substation"}},{"type":"Feature","geometry":{"type":"Point","coordinates":[-86.80242,36.255]},"properties":{"probability":0.129,"inBuffer":false,"facType":"substation"}},{"type":"Feature","geometry":{"type":"Point","coordinates":[-86.79685,36.25499]},"properties":{"probability":0.126,"inBuffer":false,"facType":"substation"}},{"type":"Feature","geometry":{"type":"Point","coordinates":[-86.79129,36.25498]},"properties":{"probability":0.127,"inBuffer":false,"facType":"substation"}},{"type":"Feature","geometry":{"type":"Point","coordinates":[-86.78572,36.25497]},"properties":{"probability":0.13,"inBuffer":false,"facType":"substation"}},{"type":"Feature","geometry":{"type":"Point","coordinates":[-86.78016,36.25496]},"properties":{"probability":0.149,"inBuffer":false,"facType":"substation"}},{"type":"Feature","geometry":{"type":"Point","coordinates":[-86.77459,36.25495]},"properties":{"probability":0.218,"inBuffer":false,"facType":"substation"}},{"type":"Feature","geometry":{"type":"Point","coordinates":[-86.76903,36.25494]},"properties":{"probability":0.227,"inBuffer":false,"facType":"substation"}},{"type":"Feature","geometry":{"type":"Point","coordinates":[-86.76346,36.25492]},"properties":{"probability":0.298,"inBuffer":false,"facType":"substation"}},{"type":"Feature","geometry":{"type":"Point","coordinates":[-86.7579,36.25491]},"properties":{"probability":0.274,"inBuffer":false,"facType":"substation"}},{"type":"Feature","geometry":{"type":"Point","coordinates":[-86.75233,36.2549]},"properties":{"probability":0.229,"inBuffer":false,"facType":"power"}},{"type":"Feature","geometry":{"type":"Point","coordinates":[-86.74677,36.25489]},"properties":{"probability":0.261,"inBuffer":false,"facType":"power"}},{"type":"Feature","geometry":{"type":"Point","coordinates":[-86.7412,36.25488]},"properties":{"probability":0.355,"inBuffer":false,"facType":"substation"}},{"type":"Feature","geometry":{"type":"Point","coordinates":[-86.73563,36.25487]},"properties":{"probability":0.25,"inBuffer":false,"facType":"substation"}},{"type":"Feature","geometry":{"type":"Point","coordinates":[-86.73006,36.25486]},"properties":{"probability":0.222,"inBuffer":false,"facType":"substation"}},{"type":"Feature","geometry":{"type":"Point","coordinates":[-86.7245,36.25484]},"properties":{"probability":0.487,"inBuffer":false,"facType":"substation"}},{"type":"Feature","geometry":{"type":"Point","coordinates":[-86.71893,36.25483]},"properties":{"probability":0.636,"inBuffer":true,"facType":"fire"}},{"type":"Feature","geometry":{"type":"Point","coordinates":[-86.71337,36.25482]},"properties":{"probability":0.646,"inBuffer":true,"facType":"fire"}},{"type":"Feature","geometry":{"type":"Point","coordinates":[-86.7078,36.2548]},"properties":{"probability":0.338,"inBuffer":false,"facType":"substation"}},{"type":"Feature","geometry":{"type":"Point","coordinates":[-86.70224,36.25479]},"properties":{"probability":0.274,"inBuffer":false,"facType":"substation"}},{"type":"Feature","geometry":{"type":"Point","coordinates":[-86.69667,36.25478]},"properties":{"probability":0.218,"inBuffer":false,"facType":"substation"}},{"type":"Feature","geometry":{"type":"Point","coordinates":[-86.69111,36.25476]},"properties":{"probability":0.251,"inBuffer":false,"facType":"substation"}},{"type":"Feature","geometry":{"type":"Point","coordinates":[-86.68554,36.25475]},"properties":{"probability":0.349,"inBuffer":true,"facType":"hospital"}},{"type":"Feature","geometry":{"type":"Point","coordinates":[-86.67998,36.25473]},"properties":{"probability":0.407,"inBuffer":true,"facType":"hospital"}},{"type":"Feature","geometry":{"type":"Point","coordinates":[-86.67441,36.25471]},"properties":{"probability":0.221,"inBuffer":true,"facType":"hospital"}},{"type":"Feature","geometry":{"type":"Point","coordinates":[-86.66885,36.2547]},"properties":{"probability":0.127,"inBuffer":false,"facType":"hospital"}},{"type":"Feature","geometry":{"type":"Point","coordinates":[-86.66328,36.25468]},"properties":{"probability":0.207,"inBuffer":false,"facType":"substation"}},{"type":"Feature","geometry":{"type":"Point","coordinates":[-86.65771,36.25467]},"properties":{"probability":0.438,"inBuffer":false,"facType":"substation"}},{"type":"Feature","geometry":{"type":"Point","coordinates":[-86.65215,36.25465]},"properties":{"probability":0.407,"inBuffer":false,"facType":"substation"}},{"type":"Feature","geometry":{"type":"Point","coordinates":[-86.64658,36.25464]},"properties":{"probability":0.247,"inBuffer":false,"facType":"substation"}},{"type":"Feature","geometry":{"type":"Point","coordinates":[-86.64101,36.25462]},"properties":{"probability":0.129,"inBuffer":false,"facType":"substation"}},{"type":"Feature","geometry":{"type":"Point","coordinates":[-86.63545,36.2546]},"properties":{"probability":0.122,"inBuffer":false,"facType":"substation"}},{"type":"Feature","geometry":{"type":"Point","coordinates":[-86.62988,36.25459]},"properties":{"probability":0.128,"inBuffer":false,"facType":"substation"}},{"type":"Feature","geometry":{"type":"Point","coordinates":[-86.62432,36.25457]},"properties":{"probability":0.128,"inBuffer":false,"facType":"substation"}},{"type":"Feature","geometry":{"type":"Point","coordinates":[-86.61875,36.25455]},"properties":{"probability":0.128,"inBuffer":false,"facType":"substation"}},{"type":"Feature","geometry":{"type":"Point","coordinates":[-86.61319,36.25454]},"properties":{"probability":0.131,"inBuffer":false,"facType":"substation"}},{"type":"Feature","geometry":{"type":"Point","coordinates":[-86.60763,36.25452]},"properties":{"probability":0.112,"inBuffer":false,"facType":"substation"}},{"type":"Feature","geometry":{"type":"Point","coordinates":[-86.84695,36.25055]},"properties":{"probability":0.125,"inBuffer":false,"facType":"substation"}},{"type":"Feature","geometry":{"type":"Point","coordinates":[-86.84138,36.25055]},"properties":{"probability":0.128,"inBuffer":false,"facType":"substation"}},{"type":"Feature","geometry":{"type":"Point","coordinates":[-86.83582,36.25054]},"properties":{"probability":0.158,"inBuffer":false,"facType":"substation"}},{"type":"Feature","geometry":{"type":"Point","coordinates":[-86.83025,36.25053]},"properties":{"probability":0.173,"inBuffer":false,"facType":"substation"}},{"type":"Feature","geometry":{"type":"Point","coordinates":[-86.82469,36.25052]},"properties":{"probability":0.129,"inBuffer":false,"facType":"substation"}},{"type":"Feature","geometry":{"type":"Point","coordinates":[-86.808,36.2505]},"properties":{"probability":0.139,"inBuffer":false,"facType":"substation"}},{"type":"Feature","geometry":{"type":"Point","coordinates":[-86.80243,36.25049]},"properties":{"probability":0.128,"inBuffer":false,"facType":"substation"}},{"type":"Feature","geometry":{"type":"Point","coordinates":[-86.79687,36.25048]},"properties":{"probability":0.133,"inBuffer":false,"facType":"substation"}},{"type":"Feature","geometry":{"type":"Point","coordinates":[-86.7913,36.25047]},"properties":{"probability":0.132,"inBuffer":false,"facType":"substation"}},{"type":"Feature","geometry":{"type":"Point","coordinates":[-86.78574,36.25046]},"properties":{"probability":0.183,"inBuffer":false,"facType":"substation"}},{"type":"Feature","geometry":{"type":"Point","coordinates":[-86.78017,36.25045]},"properties":{"probability":0.253,"inBuffer":false,"facType":"substation"}},{"type":"Feature","geometry":{"type":"Point","coordinates":[-86.7746,36.25044]},"properties":{"probability":0.225,"inBuffer":false,"facType":"substation"}},{"type":"Feature","geometry":{"type":"Point","coordinates":[-86.76904,36.25043]},"properties":{"probability":0.202,"inBuffer":false,"facType":"substation"}},{"type":"Feature","geometry":{"type":"Point","coordinates":[-86.76347,36.25042]},"properties":{"probability":0.248,"inBuffer":false,"facType":"hospital"}},{"type":"Feature","geometry":{"type":"Point","coordinates":[-86.75791,36.25041]},"properties":{"probability":0.281,"inBuffer":false,"facType":"hospital"}},{"type":"Feature","geometry":{"type":"Point","coordinates":[-86.75234,36.2504]},"properties":{"probability":0.288,"inBuffer":true,"facType":"hospital"}},{"type":"Feature","geometry":{"type":"Point","coordinates":[-86.74678,36.25039]},"properties":{"probability":0.396,"inBuffer":true,"facType":"power"}},{"type":"Feature","geometry":{"type":"Point","coordinates":[-86.74121,36.25037]},"properties":{"probability":0.469,"inBuffer":true,"facType":"power"}},{"type":"Feature","geometry":{"type":"Point","coordinates":[-86.73565,36.25036]},"properties":{"probability":0.411,"inBuffer":false,"facType":"substation"}},{"type":"Feature","geometry":{"type":"Point","coordinates":[-86.73008,36.25035]},"properties":{"probability":0.272,"inBuffer":false,"facType":"substation"}},{"type":"Feature","geometry":{"type":"Point","coordinates":[-86.72452,36.25034]},"properties":{"probability":0.54,"inBuffer":false,"facType":"substation"}},{"type":"Feature","geometry":{"type":"Point","coordinates":[-86.71895,36.25032]},"properties":{"probability":0.629,"inBuffer":false,"facType":"substation"}},{"type":"Feature","geometry":{"type":"Point","coordinates":[-86.71339,36.25031]},"properties":{"probability":0.595,"inBuffer":false,"facType":"substation"}},{"type":"Feature","geometry":{"type":"Point","coordinates":[-86.70782,36.25029]},"properties":{"probability":0.238,"inBuffer":false,"facType":"substation"}},{"type":"Feature","geometry":{"type":"Point","coordinates":[-86.70226,36.25028]},"properties":{"probability":0.225,"inBuffer":false,"facType":"substation"}},{"type":"Feature","geometry":{"type":"Point","coordinates":[-86.69669,36.25027]},"properties":{"probability":0.2,"inBuffer":false,"facType":"substation"}},{"type":"Feature","geometry":{"type":"Point","coordinates":[-86.69112,36.25025]},"properties":{"probability":0.242,"inBuffer":false,"facType":"substation"}},{"type":"Feature","geometry":{"type":"Point","coordinates":[-86.68556,36.25024]},"properties":{"probability":0.346,"inBuffer":true,"facType":"hospital"}},{"type":"Feature","geometry":{"type":"Point","coordinates":[-86.67999,36.25023]},"properties":{"probability":0.34,"inBuffer":true,"facType":"hospital"}},{"type":"Feature","geometry":{"type":"Point","coordinates":[-86.67443,36.25021]},"properties":{"probability":0.219,"inBuffer":false,"facType":"hospital"}},{"type":"Feature","geometry":{"type":"Point","coordinates":[-86.66886,36.25019]},"properties":{"probability":0.147,"inBuffer":false,"facType":"hospital"}},{"type":"Feature","geometry":{"type":"Point","coordinates":[-86.6633,36.25018]},"properties":{"probability":0.131,"inBuffer":false,"facType":"substation"}},{"type":"Feature","geometry":{"type":"Point","coordinates":[-86.65773,36.25016]},"properties":{"probability":0.276,"inBuffer":false,"facType":"substation"}},{"type":"Feature","geometry":{"type":"Point","coordinates":[-86.65217,36.25014]},"properties":{"probability":0.29,"inBuffer":false,"facType":"substation"}},{"type":"Feature","geometry":{"type":"Point","coordinates":[-86.64661,36.25013]},"properties":{"probability":0.261,"inBuffer":false,"facType":"substation"}},{"type":"Feature","geometry":{"type":"Point","coordinates":[-86.64104,36.25011]},"properties":{"probability":0.203,"inBuffer":false,"facType":"substation"}},{"type":"Feature","geometry":{"type":"Point","coordinates":[-86.63548,36.2501]},"properties":{"probability":0.128,"inBuffer":false,"facType":"substation"}},{"type":"Feature","geometry":{"type":"Point","coordinates":[-86.62991,36.25008]},"properties":{"probability":0.115,"inBuffer":false,"facType":"substation"}},{"type":"Feature","geometry":{"type":"Point","coordinates":[-86.62434,36.25006]},"properties":{"probability":0.128,"inBuffer":false,"facType":"substation"}},{"type":"Feature","geometry":{"type":"Point","coordinates":[-86.61877,36.25005]},"properties":{"probability":0.128,"inBuffer":false,"facType":"substation"}},{"type":"Feature","geometry":{"type":"Point","coordinates":[-86.61321,36.25003]},"properties":{"probability":0.126,"inBuffer":false,"facType":"substation"}},{"type":"Feature","geometry":{"type":"Point","coordinates":[-86.8414,36.24604]},"properties":{"probability":0.138,"inBuffer":false,"facType":"substation"}},{"type":"Feature","geometry":{"type":"Point","coordinates":[-86.83583,36.24603]},"properties":{"probability":0.132,"inBuffer":false,"facType":"substation"}},{"type":"Feature","geometry":{"type":"Point","coordinates":[-86.83027,36.24603]},"properties":{"probability":0.153,"inBuffer":false,"facType":"substation"}},{"type":"Feature","geometry":{"type":"Point","coordinates":[-86.8247,36.24602]},"properties":{"probability":0.132,"inBuffer":false,"facType":"substation"}},{"type":"Feature","geometry":{"type":"Point","coordinates":[-86.81914,36.24601]},"properties":{"probability":0.133,"inBuffer":false,"facType":"substation"}},{"type":"Feature","geometry":{"type":"Point","coordinates":[-86.81357,36.246]},"properties":{"probability":0.125,"inBuffer":false,"facType":"substation"}},{"type":"Feature","geometry":{"type":"Point","coordinates":[-86.80801,36.24599]},"properties":{"probability":0.128,"inBuffer":false,"facType":"substation"}},{"type":"Feature","geometry":{"type":"Point","coordinates":[-86.80244,36.24598]},"properties":{"probability":0.128,"inBuffer":false,"facType":"substation"}},{"type":"Feature","geometry":{"type":"Point","coordinates":[-86.79688,36.24597]},"properties":{"probability":0.131,"inBuffer":false,"facType":"substation"}},{"type":"Feature","geometry":{"type":"Point","coordinates":[-86.79131,36.24596]},"properties":{"probability":0.221,"inBuffer":false,"facType":"substation"}},{"type":"Feature","geometry":{"type":"Point","coordinates":[-86.78574,36.24595]},"properties":{"probability":0.345,"inBuffer":false,"facType":"substation"}},{"type":"Feature","geometry":{"type":"Point","coordinates":[-86.78018,36.24594]},"properties":{"probability":0.405,"inBuffer":false,"facType":"substation"}},{"type":"Feature","geometry":{"type":"Point","coordinates":[-86.77462,36.24593]},"properties":{"probability":0.274,"inBuffer":false,"facType":"substation"}},{"type":"Feature","geometry":{"type":"Point","coordinates":[-86.76905,36.24592]},"properties":{"probability":0.239,"inBuffer":false,"facType":"substation"}},{"type":"Feature","geometry":{"type":"Point","coordinates":[-86.76349,36.24591]},"properties":{"probability":0.387,"inBuffer":false,"facType":"hospital"}},{"type":"Feature","geometry":{"type":"Point","coordinates":[-86.75792,36.2459]},"properties":{"probability":0.525,"inBuffer":true,"facType":"hospital"}},{"type":"Feature","geometry":{"type":"Point","coordinates":[-86.75236,36.24589]},"properties":{"probability":0.58,"inBuffer":true,"facType":"hospital"}},{"type":"Feature","geometry":{"type":"Point","coordinates":[-86.7468,36.24588]},"properties":{"probability":0.594,"inBuffer":true,"facType":"power"}},{"type":"Feature","geometry":{"type":"Point","coordinates":[-86.74123,36.24586]},"properties":{"probability":0.551,"inBuffer":true,"facType":"power"}},{"type":"Feature","geometry":{"type":"Point","coordinates":[-86.73566,36.24585]},"properties":{"probability":0.441,"inBuffer":false,"facType":"substation"}},{"type":"Feature","geometry":{"type":"Point","coordinates":[-86.73009,36.24584]},"properties":{"probability":0.339,"inBuffer":false,"facType":"substation"}},{"type":"Feature","geometry":{"type":"Point","coordinates":[-86.72453,36.24583]},"properties":{"probability":0.411,"inBuffer":false,"facType":"substation"}},{"type":"Feature","geometry":{"type":"Point","coordinates":[-86.71896,36.24582]},"properties":{"probability":0.418,"inBuffer":false,"facType":"substation"}},{"type":"Feature","geometry":{"type":"Point","coordinates":[-86.7134,36.2458]},"properties":{"probability":0.311,"inBuffer":false,"facType":"substation"}},{"type":"Feature","geometry":{"type":"Point","coordinates":[-86.70784,36.24579]},"properties":{"probability":0.201,"inBuffer":false,"facType":"substation"}},{"type":"Feature","geometry":{"type":"Point","coordinates":[-86.70227,36.24577]},"properties":{"probability":0.169,"inBuffer":false,"facType":"substation"}},{"type":"Feature","geometry":{"type":"Point","coordinates":[-86.69671,36.24576]},"properties":{"probability":0.127,"inBuffer":false,"facType":"substation"}},{"type":"Feature","geometry":{"type":"Point","coordinates":[-86.69114,36.24575]},"properties":{"probability":0.129,"inBuffer":false,"facType":"substation"}},{"type":"Feature","geometry":{"type":"Point","coordinates":[-86.68558,36.24573]},"properties":{"probability":0.128,"inBuffer":false,"facType":"hospital"}},{"type":"Feature","geometry":{"type":"Point","coordinates":[-86.68002,36.24572]},"properties":{"probability":0.135,"inBuffer":false,"facType":"hospital"}},{"type":"Feature","geometry":{"type":"Point","coordinates":[-86.67445,36.2457]},"properties":{"probability":0.204,"inBuffer":false,"facType":"hospital"}},{"type":"Feature","geometry":{"type":"Point","coordinates":[-86.66888,36.24569]},"properties":{"probability":0.195,"inBuffer":false,"facType":"hospital"}},{"type":"Feature","geometry":{"type":"Point","coordinates":[-86.66331,36.24567]},"properties":{"probability":0.135,"inBuffer":false,"facType":"substation"}},{"type":"Feature","geometry":{"type":"Point","coordinates":[-86.65775,36.24566]},"properties":{"probability":0.13,"inBuffer":false,"facType":"substation"}},{"type":"Feature","geometry":{"type":"Point","coordinates":[-86.65219,36.24564]},"properties":{"probability":0.133,"inBuffer":false,"facType":"substation"}},{"type":"Feature","geometry":{"type":"Point","coordinates":[-86.64662,36.24562]},"properties":{"probability":0.142,"inBuffer":false,"facType":"substation"}},{"type":"Feature","geometry":{"type":"Point","coordinates":[-86.64106,36.24561]},"properties":{"probability":0.23,"inBuffer":false,"facType":"substation"}},{"type":"Feature","geometry":{"type":"Point","coordinates":[-86.63549,36.24559]},"properties":{"probability":0.22,"inBuffer":false,"facType":"substation"}},{"type":"Feature","geometry":{"type":"Point","coordinates":[-86.62993,36.24557]},"properties":{"probability":0.2,"inBuffer":false,"facType":"substation"}},{"type":"Feature","geometry":{"type":"Point","coordinates":[-86.62437,36.24556]},"properties":{"probability":0.126,"inBuffer":false,"facType":"substation"}},{"type":"Feature","geometry":{"type":"Point","coordinates":[-86.6188,36.24554]},"properties":{"probability":0.122,"inBuffer":false,"facType":"substation"}},{"type":"Feature","geometry":{"type":"Point","coordinates":[-86.61324,36.24552]},"properties":{"probability":0.129,"inBuffer":false,"facType":"substation"}},{"type":"Feature","geometry":{"type":"Point","coordinates":[-86.60767,36.2455]},"properties":{"probability":0.127,"inBuffer":false,"facType":"substation"}},{"type":"Feature","geometry":{"type":"Point","coordinates":[-86.84141,36.24153]},"properties":{"probability":0.125,"inBuffer":false,"facType":"substation"}},{"type":"Feature","geometry":{"type":"Point","coordinates":[-86.83584,36.24152]},"properties":{"probability":0.149,"inBuffer":false,"facType":"substation"}},{"type":"Feature","geometry":{"type":"Point","coordinates":[-86.83028,36.24152]},"properties":{"probability":0.171,"inBuffer":false,"facType":"substation"}},{"type":"Feature","geometry":{"type":"Point","coordinates":[-86.82471,36.24151]},"properties":{"probability":0.168,"inBuffer":false,"facType":"substation"}},{"type":"Feature","geometry":{"type":"Point","coordinates":[-86.81915,36.2415]},"properties":{"probability":0.209,"inBuffer":false,"facType":"substation"}},{"type":"Feature","geometry":{"type":"Point","coordinates":[-86.81358,36.24149]},"properties":{"probability":0.204,"inBuffer":false,"facType":"substation"}},{"type":"Feature","geometry":{"type":"Point","coordinates":[-86.80802,36.24148]},"properties":{"probability":0.299,"inBuffer":false,"facType":"substation"}},{"type":"Feature","geometry":{"type":"Point","coordinates":[-86.80245,36.24147]},"properties":{"probability":0.444,"inBuffer":false,"facType":"water_works"}},{"type":"Feature","geometry":{"type":"Point","coordinates":[-86.79689,36.24146]},"properties":{"probability":0.551,"inBuffer":false,"facType":"water_works"}},{"type":"Feature","geometry":{"type":"Point","coordinates":[-86.79132,36.24146]},"properties":{"probability":0.486,"inBuffer":false,"facType":"water_works"}},{"type":"Feature","geometry":{"type":"Point","coordinates":[-86.78576,36.24144]},"properties":{"probability":0.44,"inBuffer":false,"facType":"substation"}},{"type":"Feature","geometry":{"type":"Point","coordinates":[-86.7802,36.24144]},"properties":{"probability":0.426,"inBuffer":false,"facType":"substation"}},{"type":"Feature","geometry":{"type":"Point","coordinates":[-86.77463,36.24142]},"properties":{"probability":0.337,"inBuffer":false,"facType":"substation"}},{"type":"Feature","geometry":{"type":"Point","coordinates":[-86.76907,36.24141]},"properties":{"probability":0.337,"inBuffer":false,"facType":"substation"}},{"type":"Feature","geometry":{"type":"Point","coordinates":[-86.7635,36.2414]},"properties":{"probability":0.474,"inBuffer":false,"facType":"hospital"}},{"type":"Feature","geometry":{"type":"Point","coordinates":[-86.75793,36.24139]},"properties":{"probability":0.598,"inBuffer":false,"facType":"hospital"}},{"type":"Feature","geometry":{"type":"Point","coordinates":[-86.75237,36.24138]},"properties":{"probability":0.598,"inBuffer":true,"facType":"hospital"}},{"type":"Feature","geometry":{"type":"Point","coordinates":[-86.7468,36.24137]},"properties":{"probability":0.498,"inBuffer":true,"facType":"hospital"}},{"type":"Feature","geometry":{"type":"Point","coordinates":[-86.74124,36.24136]},"properties":{"probability":0.465,"inBuffer":false,"facType":"substation"}},{"type":"Feature","geometry":{"type":"Point","coordinates":[-86.73568,36.24134]},"properties":{"probability":0.419,"inBuffer":false,"facType":"substation"}},{"type":"Feature","geometry":{"type":"Point","coordinates":[-86.73011,36.24133]},"properties":{"probability":0.441,"inBuffer":false,"facType":"substation"}},{"type":"Feature","geometry":{"type":"Point","coordinates":[-86.72455,36.24132]},"properties":{"probability":0.423,"inBuffer":false,"facType":"substation"}},{"type":"Feature","geometry":{"type":"Point","coordinates":[-86.71899,36.24131]},"properties":{"probability":0.22,"inBuffer":false,"facType":"substation"}},{"type":"Feature","geometry":{"type":"Point","coordinates":[-86.71342,36.24129]},"properties":{"probability":0.198,"inBuffer":false,"facType":"substation"}},{"type":"Feature","geometry":{"type":"Point","coordinates":[-86.70786,36.24128]},"properties":{"probability":0.243,"inBuffer":false,"facType":"substation"}},{"type":"Feature","geometry":{"type":"Point","coordinates":[-86.70229,36.24126]},"properties":{"probability":0.205,"inBuffer":false,"facType":"substation"}},{"type":"Feature","geometry":{"type":"Point","coordinates":[-86.69672,36.24125]},"properties":{"probability":0.165,"inBuffer":false,"facType":"substation"}},{"type":"Feature","geometry":{"type":"Point","coordinates":[-86.69116,36.24124]},"properties":{"probability":0.128,"inBuffer":false,"facType":"substation"}},{"type":"Feature","geometry":{"type":"Point","coordinates":[-86.68559,36.24122]},"properties":{"probability":0.127,"inBuffer":false,"facType":"substation"}},{"type":"Feature","geometry":{"type":"Point","coordinates":[-86.68003,36.24121]},"properties":{"probability":0.129,"inBuffer":false,"facType":"hospital"}},{"type":"Feature","geometry":{"type":"Point","coordinates":[-86.67447,36.24119]},"properties":{"probability":0.201,"inBuffer":false,"facType":"hospital"}},{"type":"Feature","geometry":{"type":"Point","coordinates":[-86.6689,36.24118]},"properties":{"probability":0.174,"inBuffer":false,"facType":"hospital"}},{"type":"Feature","geometry":{"type":"Point","coordinates":[-86.66334,36.24116]},"properties":{"probability":0.133,"inBuffer":false,"facType":"substation"}},{"type":"Feature","geometry":{"type":"Point","coordinates":[-86.65778,36.24115]},"properties":{"probability":0.121,"inBuffer":false,"facType":"substation"}},{"type":"Feature","geometry":{"type":"Point","coordinates":[-86.65221,36.24113]},"properties":{"probability":0.126,"inBuffer":false,"facType":"substation"}},{"type":"Feature","geometry":{"type":"Point","coordinates":[-86.64664,36.24112]},"properties":{"probability":0.128,"inBuffer":false,"facType":"substation"}},{"type":"Feature","geometry":{"type":"Point","coordinates":[-86.64108,36.2411]},"properties":{"probability":0.169,"inBuffer":false,"facType":"substation"}},{"type":"Feature","geometry":{"type":"Point","coordinates":[-86.63551,36.24108]},"properties":{"probability":0.204,"inBuffer":false,"facType":"substation"}},{"type":"Feature","geometry":{"type":"Point","coordinates":[-86.62995,36.24107]},"properties":{"probability":0.207,"inBuffer":false,"facType":"substation"}},{"type":"Feature","geometry":{"type":"Point","coordinates":[-86.62438,36.24105]},"properties":{"probability":0.149,"inBuffer":false,"facType":"substation"}},{"type":"Feature","geometry":{"type":"Point","coordinates":[-86.61882,36.24103]},"properties":{"probability":0.147,"inBuffer":false,"facType":"substation"}},{"type":"Feature","geometry":{"type":"Point","coordinates":[-86.61326,36.24101]},"properties":{"probability":0.148,"inBuffer":false,"facType":"substation"}},{"type":"Feature","geometry":{"type":"Point","coordinates":[-86.60769,36.24099]},"properties":{"probability":0.13,"inBuffer":false,"facType":"substation"}},{"type":"Feature","geometry":{"type":"Point","coordinates":[-86.84142,36.23702]},"properties":{"probability":0.133,"inBuffer":false,"facType":"substation"}},{"type":"Feature","geometry":{"type":"Point","coordinates":[-86.83585,36.23701]},"properties":{"probability":0.15,"inBuffer":false,"facType":"substation"}},{"type":"Feature","geometry":{"type":"Point","coordinates":[-86.83028,36.23701]},"properties":{"probability":0.185,"inBuffer":false,"facType":"substation"}},{"type":"Feature","geometry":{"type":"Point","coordinates":[-86.82472,36.237]},"properties":{"probability":0.163,"inBuffer":false,"facType":"substation"}},{"type":"Feature","geometry":{"type":"Point","coordinates":[-86.81916,36.23699]},"properties":{"probability":0.43,"inBuffer":false,"facType":"substation"}},{"type":"Feature","geometry":{"type":"Point","coordinates":[-86.81359,36.23698]},"properties":{"probability":0.507,"inBuffer":false,"facType":"substation"}},{"type":"Feature","geometry":{"type":"Point","coordinates":[-86.80803,36.23697]},"properties":{"probability":0.528,"inBuffer":false,"facType":"water_works"}},{"type":"Feature","geometry":{"type":"Point","coordinates":[-86.80247,36.23697]},"properties":{"probability":0.471,"inBuffer":false,"facType":"water_works"}},{"type":"Feature","geometry":{"type":"Point","coordinates":[-86.7969,36.23696]},"properties":{"probability":0.561,"inBuffer":false,"facType":"water_works"}},{"type":"Feature","geometry":{"type":"Point","coordinates":[-86.79134,36.23695]},"properties":{"probability":0.442,"inBuffer":false,"facType":"water_works"}},{"type":"Feature","geometry":{"type":"Point","coordinates":[-86.78577,36.23694]},"properties":{"probability":0.429,"inBuffer":false,"facType":"water_works"}},{"type":"Feature","geometry":{"type":"Point","coordinates":[-86.7802,36.23693]},"properties":{"probability":0.425,"inBuffer":false,"facType":"water_works"}},{"type":"Feature","geometry":{"type":"Point","coordinates":[-86.77464,36.23692]},"properties":{"probability":0.353,"inBuffer":false,"facType":"water_works"}},{"type":"Feature","geometry":{"type":"Point","coordinates":[-86.76908,36.2369]},"properties":{"probability":0.406,"inBuffer":false,"facType":"water_works"}},{"type":"Feature","geometry":{"type":"Point","coordinates":[-86.76351,36.2369]},"properties":{"probability":0.496,"inBuffer":false,"facType":"substation"}},{"type":"Feature","geometry":{"type":"Point","coordinates":[-86.75795,36.23689]},"properties":{"probability":0.537,"inBuffer":false,"facType":"hospital"}},{"type":"Feature","geometry":{"type":"Point","coordinates":[-86.75239,36.23687]},"properties":{"probability":0.472,"inBuffer":false,"facType":"hospital"}},{"type":"Feature","geometry":{"type":"Point","coordinates":[-86.74682,36.23686]},"properties":{"probability":0.417,"inBuffer":false,"facType":"substation"}},{"type":"Feature","geometry":{"type":"Point","coordinates":[-86.74126,36.23685]},"properties":{"probability":0.432,"inBuffer":false,"facType":"substation"}},{"type":"Feature","geometry":{"type":"Point","coordinates":[-86.73569,36.23684]},"properties":{"probability":0.409,"inBuffer":false,"facType":"substation"}},{"type":"Feature","geometry":{"type":"Point","coordinates":[-86.73013,36.23682]},"properties":{"probability":0.473,"inBuffer":false,"facType":"substation"}},{"type":"Feature","geometry":{"type":"Point","coordinates":[-86.72456,36.23681]},"properties":{"probability":0.446,"inBuffer":false,"facType":"substation"}},{"type":"Feature","geometry":{"type":"Point","coordinates":[-86.719,36.2368]},"properties":{"probability":0.285,"inBuffer":false,"facType":"substation"}},{"type":"Feature","geometry":{"type":"Point","coordinates":[-86.71343,36.23679]},"properties":{"probability":0.276,"inBuffer":false,"facType":"substation"}},{"type":"Feature","geometry":{"type":"Point","coordinates":[-86.70787,36.23677]},"properties":{"probability":0.339,"inBuffer":false,"facType":"substation"}},{"type":"Feature","geometry":{"type":"Point","coordinates":[-86.70231,36.23676]},"properties":{"probability":0.295,"inBuffer":false,"facType":"substation"}},{"type":"Feature","geometry":{"type":"Point","coordinates":[-86.69674,36.23674]},"properties":{"probability":0.277,"inBuffer":false,"facType":"substation"}},{"type":"Feature","geometry":{"type":"Point","coordinates":[-86.69118,36.23673]},"properties":{"probability":0.127,"inBuffer":false,"facType":"substation"}},{"type":"Feature","geometry":{"type":"Point","coordinates":[-86.68562,36.23672]},"properties":{"probability":0.154,"inBuffer":false,"facType":"substation"}},{"type":"Feature","geometry":{"type":"Point","coordinates":[-86.68005,36.2367]},"properties":{"probability":0.128,"inBuffer":false,"facType":"substation"}},{"type":"Feature","geometry":{"type":"Point","coordinates":[-86.67448,36.23669]},"properties":{"probability":0.136,"inBuffer":false,"facType":"hospital"}},{"type":"Feature","geometry":{"type":"Point","coordinates":[-86.66892,36.23667]},"properties":{"probability":0.127,"inBuffer":false,"facType":"hospital"}},{"type":"Feature","geometry":{"type":"Point","coordinates":[-86.66335,36.23666]},"properties":{"probability":0.13,"inBuffer":false,"facType":"substation"}},{"type":"Feature","geometry":{"type":"Point","coordinates":[-86.65779,36.23664]},"properties":{"probability":0.132,"inBuffer":false,"facType":"substation"}},{"type":"Feature","geometry":{"type":"Point","coordinates":[-86.65223,36.23662]},"properties":{"probability":0.135,"inBuffer":false,"facType":"substation"}},{"type":"Feature","geometry":{"type":"Point","coordinates":[-86.64667,36.23661]},"properties":{"probability":0.13,"inBuffer":false,"facType":"substation"}},{"type":"Feature","geometry":{"type":"Point","coordinates":[-86.6411,36.23659]},"properties":{"probability":0.127,"inBuffer":false,"facType":"substation"}},{"type":"Feature","geometry":{"type":"Point","coordinates":[-86.63554,36.23657]},"properties":{"probability":0.198,"inBuffer":false,"facType":"substation"}},{"type":"Feature","geometry":{"type":"Point","coordinates":[-86.62997,36.23656]},"properties":{"probability":0.203,"inBuffer":false,"facType":"substation"}},{"type":"Feature","geometry":{"type":"Point","coordinates":[-86.6244,36.23654]},"properties":{"probability":0.194,"inBuffer":false,"facType":"substation"}},{"type":"Feature","geometry":{"type":"Point","coordinates":[-86.61884,36.23652]},"properties":{"probability":0.13,"inBuffer":false,"facType":"substation"}},{"type":"Feature","geometry":{"type":"Point","coordinates":[-86.61328,36.2365]},"properties":{"probability":0.146,"inBuffer":false,"facType":"substation"}},{"type":"Feature","geometry":{"type":"Point","coordinates":[-86.60771,36.23648]},"properties":{"probability":0.161,"inBuffer":false,"facType":"substation"}},{"type":"Feature","geometry":{"type":"Point","coordinates":[-86.84698,36.23252]},"properties":{"probability":0.117,"inBuffer":false,"facType":"substation"}},{"type":"Feature","geometry":{"type":"Point","coordinates":[-86.84142,36.23252]},"properties":{"probability":0.122,"inBuffer":false,"facType":"substation"}},{"type":"Feature","geometry":{"type":"Point","coordinates":[-86.83586,36.23251]},"properties":{"probability":0.144,"inBuffer":false,"facType":"substation"}},{"type":"Feature","geometry":{"type":"Point","coordinates":[-86.8303,36.2325]},"properties":{"probability":0.177,"inBuffer":false,"facType":"substation"}},{"type":"Feature","geometry":{"type":"Point","coordinates":[-86.82473,36.23249]},"properties":{"probability":0.19,"inBuffer":false,"facType":"substation"}},{"type":"Feature","geometry":{"type":"Point","coordinates":[-86.81917,36.23248]},"properties":{"probability":0.359,"inBuffer":false,"facType":"substation"}},{"type":"Feature","geometry":{"type":"Point","coordinates":[-86.81361,36.23248]},"properties":{"probability":0.554,"inBuffer":false,"facType":"fire"}},{"type":"Feature","geometry":{"type":"Point","coordinates":[-86.80804,36.23247]},"properties":{"probability":0.512,"inBuffer":false,"facType":"fire"}},{"type":"Feature","geometry":{"type":"Point","coordinates":[-86.80247,36.23246]},"properties":{"probability":0.281,"inBuffer":false,"facType":"fire"}},{"type":"Feature","geometry":{"type":"Point","coordinates":[-86.79691,36.23245]},"properties":{"probability":0.359,"inBuffer":false,"facType":"water_works"}},{"type":"Feature","geometry":{"type":"Point","coordinates":[-86.79135,36.23244]},"properties":{"probability":0.412,"inBuffer":false,"facType":"water_works"}},{"type":"Feature","geometry":{"type":"Point","coordinates":[-86.78578,36.23243]},"properties":{"probability":0.455,"inBuffer":false,"facType":"water_works"}},{"type":"Feature","geometry":{"type":"Point","coordinates":[-86.78022,36.23242]},"properties":{"probability":0.454,"inBuffer":false,"facType":"water_works"}},{"type":"Feature","geometry":{"type":"Point","coordinates":[-86.77466,36.23241]},"properties":{"probability":0.43,"inBuffer":false,"facType":"water_works"}},{"type":"Feature","geometry":{"type":"Point","coordinates":[-86.76909,36.2324]},"properties":{"probability":0.456,"inBuffer":false,"facType":"substation"}},{"type":"Feature","geometry":{"type":"Point","coordinates":[-86.76353,36.23239]},"properties":{"probability":0.583,"inBuffer":false,"facType":"substation"}},{"type":"Feature","geometry":{"type":"Point","coordinates":[-86.75797,36.23238]},"properties":{"probability":0.593,"inBuffer":false,"facType":"substation"}},{"type":"Feature","geometry":{"type":"Point","coordinates":[-86.7524,36.23236]},"properties":{"probability":0.413,"inBuffer":false,"facType":"substation"}},{"type":"Feature","geometry":{"type":"Point","coordinates":[-86.74683,36.23235]},"properties":{"probability":0.405,"inBuffer":false,"facType":"substation"}},{"type":"Feature","geometry":{"type":"Point","coordinates":[-86.74127,36.23234]},"properties":{"probability":0.288,"inBuffer":false,"facType":"substation"}},{"type":"Feature","geometry":{"type":"Point","coordinates":[-86.73571,36.23233]},"properties":{"probability":0.308,"inBuffer":false,"facType":"substation"}},{"type":"Feature","geometry":{"type":"Point","coordinates":[-86.73014,36.23232]},"properties":{"probability":0.419,"inBuffer":false,"facType":"substation"}},{"type":"Feature","geometry":{"type":"Point","coordinates":[-86.72458,36.2323]},"properties":{"probability":0.458,"inBuffer":false,"facType":"substation"}},{"type":"Feature","geometry":{"type":"Point","coordinates":[-86.71902,36.23229]},"properties":{"probability":0.297,"inBuffer":false,"facType":"substation"}},{"type":"Feature","geometry":{"type":"Point","coordinates":[-86.71346,36.23228]},"properties":{"probability":0.224,"inBuffer":false,"facType":"substation"}},{"type":"Feature","geometry":{"type":"Point","coordinates":[-86.70789,36.23227]},"properties":{"probability":0.346,"inBuffer":false,"facType":"substation"}},{"type":"Feature","geometry":{"type":"Point","coordinates":[-86.70232,36.23225]},"properties":{"probability":0.32,"inBuffer":false,"facType":"substation"}},{"type":"Feature","geometry":{"type":"Point","coordinates":[-86.69676,36.23223]},"properties":{"probability":0.274,"inBuffer":false,"facType":"substation"}},{"type":"Feature","geometry":{"type":"Point","coordinates":[-86.69119,36.23222]},"properties":{"probability":0.133,"inBuffer":false,"facType":"substation"}},{"type":"Feature","geometry":{"type":"Point","coordinates":[-86.68563,36.23221]},"properties":{"probability":0.13,"inBuffer":false,"facType":"substation"}},{"type":"Feature","geometry":{"type":"Point","coordinates":[-86.68007,36.23219]},"properties":{"probability":0.127,"inBuffer":false,"facType":"substation"}},{"type":"Feature","geometry":{"type":"Point","coordinates":[-86.67451,36.23218]},"properties":{"probability":0.128,"inBuffer":false,"facType":"substation"}},{"type":"Feature","geometry":{"type":"Point","coordinates":[-86.66894,36.23216]},"properties":{"probability":0.13,"inBuffer":false,"facType":"substation"}},{"type":"Feature","geometry":{"type":"Point","coordinates":[-86.66338,36.23215]},"properties":{"probability":0.13,"inBuffer":false,"facType":"substation"}},{"type":"Feature","geometry":{"type":"Point","coordinates":[-86.65781,36.23213]},"properties":{"probability":0.13,"inBuffer":false,"facType":"substation"}},{"type":"Feature","geometry":{"type":"Point","coordinates":[-86.65224,36.23212]},"properties":{"probability":0.124,"inBuffer":false,"facType":"substation"}},{"type":"Feature","geometry":{"type":"Point","coordinates":[-86.64112,36.23208]},"properties":{"probability":0.144,"inBuffer":false,"facType":"substation"}},{"type":"Feature","geometry":{"type":"Point","coordinates":[-86.63556,36.23207]},"properties":{"probability":0.216,"inBuffer":false,"facType":"substation"}},{"type":"Feature","geometry":{"type":"Point","coordinates":[-86.62999,36.23205]},"properties":{"probability":0.26,"inBuffer":false,"facType":"substation"}},{"type":"Feature","geometry":{"type":"Point","coordinates":[-86.62443,36.23203]},"properties":{"probability":0.154,"inBuffer":false,"facType":"substation"}},{"type":"Feature","geometry":{"type":"Point","coordinates":[-86.61887,36.23201]},"properties":{"probability":0.132,"inBuffer":false,"facType":"substation"}},{"type":"Feature","geometry":{"type":"Point","coordinates":[-86.6133,36.23199]},"properties":{"probability":0.13,"inBuffer":false,"facType":"substation"}},{"type":"Feature","geometry":{"type":"Point","coordinates":[-86.60773,36.23198]},"properties":{"probability":0.125,"inBuffer":false,"facType":"substation"}},{"type":"Feature","geometry":{"type":"Point","coordinates":[-86.85812,36.22803]},"properties":{"probability":0.119,"inBuffer":false,"facType":"substation"}},{"type":"Feature","geometry":{"type":"Point","coordinates":[-86.85256,36.22802]},"properties":{"probability":0.134,"inBuffer":false,"facType":"substation"}},{"type":"Feature","geometry":{"type":"Point","coordinates":[-86.847,36.22802]},"properties":{"probability":0.134,"inBuffer":false,"facType":"substation"}},{"type":"Feature","geometry":{"type":"Point","coordinates":[-86.84143,36.22801]},"properties":{"probability":0.133,"inBuffer":false,"facType":"substation"}},{"type":"Feature","geometry":{"type":"Point","coordinates":[-86.83587,36.228]},"properties":{"probability":0.146,"inBuffer":false,"facType":"substation"}},{"type":"Feature","geometry":{"type":"Point","coordinates":[-86.83031,36.22799]},"properties":{"probability":0.213,"inBuffer":false,"facType":"substation"}},{"type":"Feature","geometry":{"type":"Point","coordinates":[-86.82475,36.22799]},"properties":{"probability":0.205,"inBuffer":false,"facType":"substation"}},{"type":"Feature","geometry":{"type":"Point","coordinates":[-86.81918,36.22798]},"properties":{"probability":0.287,"inBuffer":false,"facType":"fire"}},{"type":"Feature","geometry":{"type":"Point","coordinates":[-86.81361,36.22797]},"properties":{"probability":0.469,"inBuffer":false,"facType":"fire"}},{"type":"Feature","geometry":{"type":"Point","coordinates":[-86.80805,36.22796]},"properties":{"probability":0.29,"inBuffer":false,"facType":"fire"}},{"type":"Feature","geometry":{"type":"Point","coordinates":[-86.80249,36.22795]},"properties":{"probability":0.205,"inBuffer":false,"facType":"fire"}},{"type":"Feature","geometry":{"type":"Point","coordinates":[-86.79692,36.22794]},"properties":{"probability":0.227,"inBuffer":false,"facType":"fire"}},{"type":"Feature","geometry":{"type":"Point","coordinates":[-86.79136,36.22793]},"properties":{"probability":0.438,"inBuffer":false,"facType":"water_works"}},{"type":"Feature","geometry":{"type":"Point","coordinates":[-86.7858,36.22792]},"properties":{"probability":0.472,"inBuffer":false,"facType":"water_works"}},{"type":"Feature","geometry":{"type":"Point","coordinates":[-86.78024,36.22791]},"properties":{"probability":0.489,"inBuffer":false,"facType":"water_works"}},{"type":"Feature","geometry":{"type":"Point","coordinates":[-86.77467,36.2279]},"properties":{"probability":0.437,"inBuffer":false,"facType":"substation"}},{"type":"Feature","geometry":{"type":"Point","coordinates":[-86.7691,36.22789]},"properties":{"probability":0.425,"inBuffer":false,"facType":"substation"}},{"type":"Feature","geometry":{"type":"Point","coordinates":[-86.76354,36.22788]},"properties":{"probability":0.584,"inBuffer":false,"facType":"substation"}},{"type":"Feature","geometry":{"type":"Point","coordinates":[-86.75798,36.22787]},"properties":{"probability":0.524,"inBuffer":false,"facType":"substation"}},{"type":"Feature","geometry":{"type":"Point","coordinates":[-86.75241,36.22786]},"properties":{"probability":0.372,"inBuffer":false,"facType":"substation"}},{"type":"Feature","geometry":{"type":"Point","coordinates":[-86.74685,36.22784]},"properties":{"probability":0.288,"inBuffer":false,"facType":"substation"}},{"type":"Feature","geometry":{"type":"Point","coordinates":[-86.74129,36.22783]},"properties":{"probability":0.274,"inBuffer":false,"facType":"substation"}},{"type":"Feature","geometry":{"type":"Point","coordinates":[-86.73573,36.22782]},"properties":{"probability":0.272,"inBuffer":false,"facType":"substation"}},{"type":"Feature","geometry":{"type":"Point","coordinates":[-86.73016,36.22781]},"properties":{"probability":0.357,"inBuffer":false,"facType":"substation"}},{"type":"Feature","geometry":{"type":"Point","coordinates":[-86.72459,36.22779]},"properties":{"probability":0.403,"inBuffer":false,"facType":"substation"}},{"type":"Feature","geometry":{"type":"Point","coordinates":[-86.71903,36.22778]},"properties":{"probability":0.277,"inBuffer":false,"facType":"substation"}},{"type":"Feature","geometry":{"type":"Point","coordinates":[-86.71347,36.22777]},"properties":{"probability":0.201,"inBuffer":false,"facType":"substation"}},{"type":"Feature","geometry":{"type":"Point","coordinates":[-86.7079,36.22776]},"properties":{"probability":0.198,"inBuffer":false,"facType":"substation"}},{"type":"Feature","geometry":{"type":"Point","coordinates":[-86.70234,36.22774]},"properties":{"probability":0.41,"inBuffer":false,"facType":"substation"}},{"type":"Feature","geometry":{"type":"Point","coordinates":[-86.69678,36.22773]},"properties":{"probability":0.443,"inBuffer":false,"facType":"substation"}},{"type":"Feature","geometry":{"type":"Point","coordinates":[-86.69122,36.22771]},"properties":{"probability":0.222,"inBuffer":false,"facType":"substation"}},{"type":"Feature","geometry":{"type":"Point","coordinates":[-86.68565,36.2277]},"properties":{"probability":0.136,"inBuffer":false,"facType":"substation"}},{"type":"Feature","geometry":{"type":"Point","coordinates":[-86.68008,36.22768]},"properties":{"probability":0.124,"inBuffer":false,"facType":"substation"}},{"type":"Feature","geometry":{"type":"Point","coordinates":[-86.67452,36.22767]},"properties":{"probability":0.129,"inBuffer":false,"facType":"fire"}},{"type":"Feature","geometry":{"type":"Point","coordinates":[-86.66896,36.22765]},"properties":{"probability":0.13,"inBuffer":false,"facType":"fire"}},{"type":"Feature","geometry":{"type":"Point","coordinates":[-86.6634,36.22764]},"properties":{"probability":0.136,"inBuffer":false,"facType":"fire"}},{"type":"Feature","geometry":{"type":"Point","coordinates":[-86.65783,36.22762]},"properties":{"probability":0.126,"inBuffer":false,"facType":"substation"}},{"type":"Feature","geometry":{"type":"Point","coordinates":[-86.65227,36.22761]},"properties":{"probability":0.125,"inBuffer":false,"facType":"substation"}},{"type":"Feature","geometry":{"type":"Point","coordinates":[-86.64114,36.22757]},"properties":{"probability":0.134,"inBuffer":false,"facType":"substation"}},{"type":"Feature","geometry":{"type":"Point","coordinates":[-86.63557,36.22756]},"properties":{"probability":0.167,"inBuffer":false,"facType":"substation"}},{"type":"Feature","geometry":{"type":"Point","coordinates":[-86.63001,36.22754]},"properties":{"probability":0.215,"inBuffer":false,"facType":"substation"}},{"type":"Feature","geometry":{"type":"Point","coordinates":[-86.62445,36.22752]},"properties":{"probability":0.131,"inBuffer":false,"facType":"substation"}},{"type":"Feature","geometry":{"type":"Point","coordinates":[-86.61889,36.2275]},"properties":{"probability":0.125,"inBuffer":false,"facType":"substation"}},{"type":"Feature","geometry":{"type":"Point","coordinates":[-86.61332,36.22749]},"properties":{"probability":0.134,"inBuffer":false,"facType":"substation"}},{"type":"Feature","geometry":{"type":"Point","coordinates":[-86.60776,36.22747]},"properties":{"probability":0.13,"inBuffer":false,"facType":"substation"}},{"type":"Feature","geometry":{"type":"Point","coordinates":[-86.87482,36.22354]},"properties":{"probability":0.141,"inBuffer":false,"facType":"substation"}},{"type":"Feature","geometry":{"type":"Point","coordinates":[-86.86926,36.22353]},"properties":{"probability":0.133,"inBuffer":false,"facType":"substation"}},{"type":"Feature","geometry":{"type":"Point","coordinates":[-86.86369,36.22353]},"properties":{"probability":0.141,"inBuffer":false,"facType":"substation"}},{"type":"Feature","geometry":{"type":"Point","coordinates":[-86.85813,36.22352]},"properties":{"probability":0.13,"inBuffer":false,"facType":"substation"}},{"type":"Feature","geometry":{"type":"Point","coordinates":[-86.85257,36.22351]},"properties":{"probability":0.168,"inBuffer":false,"facType":"substation"}},{"type":"Feature","geometry":{"type":"Point","coordinates":[-86.84701,36.22351]},"properties":{"probability":0.204,"inBuffer":false,"facType":"substation"}},{"type":"Feature","geometry":{"type":"Point","coordinates":[-86.84145,36.2235]},"properties":{"probability":0.216,"inBuffer":false,"facType":"substation"}},{"type":"Feature","geometry":{"type":"Point","coordinates":[-86.83588,36.22349]},"properties":{"probability":0.206,"inBuffer":false,"facType":"substation"}},{"type":"Feature","geometry":{"type":"Point","coordinates":[-86.83031,36.22348]},"properties":{"probability":0.229,"inBuffer":false,"facType":"substation"}},{"type":"Feature","geometry":{"type":"Point","coordinates":[-86.82475,36.22348]},"properties":{"probability":0.226,"inBuffer":false,"facType":"fire"}},{"type":"Feature","geometry":{"type":"Point","coordinates":[-86.81919,36.22347]},"properties":{"probability":0.289,"inBuffer":false,"facType":"fire"}},{"type":"Feature","geometry":{"type":"Point","coordinates":[-86.81362,36.22346]},"properties":{"probability":0.423,"inBuffer":false,"facType":"fire"}},{"type":"Feature","geometry":{"type":"Point","coordinates":[-86.80806,36.22345]},"properties":{"probability":0.299,"inBuffer":false,"facType":"fire"}},{"type":"Feature","geometry":{"type":"Point","coordinates":[-86.8025,36.22344]},"properties":{"probability":0.211,"inBuffer":true,"facType":"fire"}},{"type":"Feature","geometry":{"type":"Point","coordinates":[-86.79694,36.22343]},"properties":{"probability":0.18,"inBuffer":false,"facType":"fire"}},{"type":"Feature","geometry":{"type":"Point","coordinates":[-86.79137,36.22342]},"properties":{"probability":0.36,"inBuffer":false,"facType":"fire"}},{"type":"Feature","geometry":{"type":"Point","coordinates":[-86.7858,36.22342]},"properties":{"probability":0.435,"inBuffer":false,"facType":"substation"}},{"type":"Feature","geometry":{"type":"Point","coordinates":[-86.78024,36.2234]},"properties":{"probability":0.543,"inBuffer":false,"facType":"substation"}},{"type":"Feature","geometry":{"type":"Point","coordinates":[-86.77468,36.22339]},"properties":{"probability":0.429,"inBuffer":false,"facType":"substation"}},{"type":"Feature","geometry":{"type":"Point","coordinates":[-86.76912,36.22338]},"properties":{"probability":0.41,"inBuffer":false,"facType":"substation"}},{"type":"Feature","geometry":{"type":"Point","coordinates":[-86.76356,36.22337]},"properties":{"probability":0.462,"inBuffer":false,"facType":"substation"}},{"type":"Feature","geometry":{"type":"Point","coordinates":[-86.75799,36.22336]},"properties":{"probability":0.36,"inBuffer":false,"facType":"substation"}},{"type":"Feature","geometry":{"type":"Point","coordinates":[-86.75243,36.22335]},"properties":{"probability":0.213,"inBuffer":false,"facType":"substation"}},{"type":"Feature","geometry":{"type":"Point","coordinates":[-86.74686,36.22334]},"properties":{"probability":0.229,"inBuffer":false,"facType":"government"}},{"type":"Feature","geometry":{"type":"Point","coordinates":[-86.7413,36.22332]},"properties":{"probability":0.229,"inBuffer":false,"facType":"government"}},{"type":"Feature","geometry":{"type":"Point","coordinates":[-86.73574,36.22331]},"properties":{"probability":0.243,"inBuffer":false,"facType":"substation"}},{"type":"Feature","geometry":{"type":"Point","coordinates":[-86.73017,36.2233]},"properties":{"probability":0.343,"inBuffer":false,"facType":"substation"}},{"type":"Feature","geometry":{"type":"Point","coordinates":[-86.72461,36.22329]},"properties":{"probability":0.338,"inBuffer":false,"facType":"substation"}},{"type":"Feature","geometry":{"type":"Point","coordinates":[-86.71905,36.22327]},"properties":{"probability":0.253,"inBuffer":false,"facType":"substation"}},{"type":"Feature","geometry":{"type":"Point","coordinates":[-86.71349,36.22326]},"properties":{"probability":0.218,"inBuffer":false,"facType":"substation"}},{"type":"Feature","geometry":{"type":"Point","coordinates":[-86.70792,36.22325]},"properties":{"probability":0.25,"inBuffer":false,"facType":"substation"}},{"type":"Feature","geometry":{"type":"Point","coordinates":[-86.70235,36.22324]},"properties":{"probability":0.56,"inBuffer":false,"facType":"substation"}},{"type":"Feature","geometry":{"type":"Point","coordinates":[-86.69679,36.22322]},"properties":{"probability":0.596,"inBuffer":false,"facType":"substation"}},{"type":"Feature","geometry":{"type":"Point","coordinates":[-86.69123,36.22321]},"properties":{"probability":0.343,"inBuffer":false,"facType":"substation"}},{"type":"Feature","geometry":{"type":"Point","coordinates":[-86.68567,36.22319]},"properties":{"probability":0.195,"inBuffer":false,"facType":"fire"}},{"type":"Feature","geometry":{"type":"Point","coordinates":[-86.68011,36.22318]},"properties":{"probability":0.131,"inBuffer":false,"facType":"fire"}},{"type":"Feature","geometry":{"type":"Point","coordinates":[-86.67454,36.22316]},"properties":{"probability":0.138,"inBuffer":false,"facType":"fire"}},{"type":"Feature","geometry":{"type":"Point","coordinates":[-86.66898,36.22315]},"properties":{"probability":0.132,"inBuffer":false,"facType":"fire"}},{"type":"Feature","geometry":{"type":"Point","coordinates":[-86.66341,36.22313]},"properties":{"probability":0.124,"inBuffer":false,"facType":"fire"}},{"type":"Feature","geometry":{"type":"Point","coordinates":[-86.65785,36.22312]},"properties":{"probability":0.124,"inBuffer":false,"facType":"fire"}},{"type":"Feature","geometry":{"type":"Point","coordinates":[-86.65229,36.2231]},"properties":{"probability":0.129,"inBuffer":false,"facType":"substation"}},{"type":"Feature","geometry":{"type":"Point","coordinates":[-86.64116,36.22307]},"properties":{"probability":0.124,"inBuffer":false,"facType":"substation"}},{"type":"Feature","geometry":{"type":"Point","coordinates":[-86.6356,36.22305]},"properties":{"probability":0.167,"inBuffer":false,"facType":"substation"}},{"type":"Feature","geometry":{"type":"Point","coordinates":[-86.63004,36.22303]},"properties":{"probability":0.186,"inBuffer":false,"facType":"substation"}},{"type":"Feature","geometry":{"type":"Point","coordinates":[-86.62447,36.22301]},"properties":{"probability":0.131,"inBuffer":false,"facType":"substation"}},{"type":"Feature","geometry":{"type":"Point","coordinates":[-86.61891,36.223]},"properties":{"probability":0.118,"inBuffer":false,"facType":"substation"}},{"type":"Feature","geometry":{"type":"Point","coordinates":[-86.61334,36.22298]},"properties":{"probability":0.134,"inBuffer":false,"facType":"substation"}},{"type":"Feature","geometry":{"type":"Point","coordinates":[-86.60778,36.22296]},"properties":{"probability":0.219,"inBuffer":false,"facType":"substation"}},{"type":"Feature","geometry":{"type":"Point","coordinates":[-86.88039,36.21904]},"properties":{"probability":0.115,"inBuffer":false,"facType":"substation"}},{"type":"Feature","geometry":{"type":"Point","coordinates":[-86.87483,36.21903]},"properties":{"probability":0.144,"inBuffer":false,"facType":"substation"}},{"type":"Feature","geometry":{"type":"Point","coordinates":[-86.86927,36.21902]},"properties":{"probability":0.209,"inBuffer":false,"facType":"substation"}},{"type":"Feature","geometry":{"type":"Point","coordinates":[-86.8637,36.21902]},"properties":{"probability":0.222,"inBuffer":false,"facType":"substation"}},{"type":"Feature","geometry":{"type":"Point","coordinates":[-86.85814,36.21901]},"properties":{"probability":0.224,"inBuffer":false,"facType":"substation"}},{"type":"Feature","geometry":{"type":"Point","coordinates":[-86.85258,36.21901]},"properties":{"probability":0.225,"inBuffer":false,"facType":"substation"}},{"type":"Feature","geometry":{"type":"Point","coordinates":[-86.84702,36.219]},"properties":{"probability":0.25,"inBuffer":false,"facType":"substation"}},{"type":"Feature","geometry":{"type":"Point","coordinates":[-86.84145,36.21899]},"properties":{"probability":0.287,"inBuffer":false,"facType":"substation"}},{"type":"Feature","geometry":{"type":"Point","coordinates":[-86.83589,36.21899]},"properties":{"probability":0.28,"inBuffer":false,"facType":"substation"}},{"type":"Feature","geometry":{"type":"Point","coordinates":[-86.83032,36.21898]},"properties":{"probability":0.253,"inBuffer":false,"facType":"substation"}},{"type":"Feature","geometry":{"type":"Point","coordinates":[-86.82476,36.21897]},"properties":{"probability":0.256,"inBuffer":false,"facType":"fire"}},{"type":"Feature","geometry":{"type":"Point","coordinates":[-86.8192,36.21896]},"properties":{"probability":0.269,"inBuffer":false,"facType":"fire"}},{"type":"Feature","geometry":{"type":"Point","coordinates":[-86.81364,36.21895]},"properties":{"probability":0.338,"inBuffer":false,"facType":"fire"}},{"type":"Feature","geometry":{"type":"Point","coordinates":[-86.80807,36.21894]},"properties":{"probability":0.34,"inBuffer":true,"facType":"fire"}},{"type":"Feature","geometry":{"type":"Point","coordinates":[-86.80251,36.21893]},"properties":{"probability":0.271,"inBuffer":true,"facType":"fire"}},{"type":"Feature","geometry":{"type":"Point","coordinates":[-86.79694,36.21893]},"properties":{"probability":0.185,"inBuffer":true,"facType":"fire"}},{"type":"Feature","geometry":{"type":"Point","coordinates":[-86.79138,36.21891]},"properties":{"probability":0.406,"inBuffer":false,"facType":"fire"}},{"type":"Feature","geometry":{"type":"Point","coordinates":[-86.78582,36.21891]},"properties":{"probability":0.469,"inBuffer":false,"facType":"substation"}},{"type":"Feature","geometry":{"type":"Point","coordinates":[-86.78026,36.21889]},"properties":{"probability":0.598,"inBuffer":false,"facType":"substation"}},{"type":"Feature","geometry":{"type":"Point","coordinates":[-86.7747,36.21888]},"properties":{"probability":0.445,"inBuffer":false,"facType":"substation"}},{"type":"Feature","geometry":{"type":"Point","coordinates":[-86.76913,36.21888]},"properties":{"probability":0.415,"inBuffer":false,"facType":"substation"}},{"type":"Feature","geometry":{"type":"Point","coordinates":[-86.76357,36.21886]},"properties":{"probability":0.474,"inBuffer":false,"facType":"substation"}},{"type":"Feature","geometry":{"type":"Point","coordinates":[-86.758,36.21885]},"properties":{"probability":0.253,"inBuffer":false,"facType":"substation"}},{"type":"Feature","geometry":{"type":"Point","coordinates":[-86.75244,36.21884]},"properties":{"probability":0.202,"inBuffer":false,"facType":"substation"}},{"type":"Feature","geometry":{"type":"Point","coordinates":[-86.74688,36.21883]},"properties":{"probability":0.243,"inBuffer":false,"facType":"government"}},{"type":"Feature","geometry":{"type":"Point","coordinates":[-86.74132,36.21882]},"properties":{"probability":0.276,"inBuffer":false,"facType":"government"}},{"type":"Feature","geometry":{"type":"Point","coordinates":[-86.73576,36.21881]},"properties":{"probability":0.324,"inBuffer":false,"facType":"government"}},{"type":"Feature","geometry":{"type":"Point","coordinates":[-86.73019,36.21879]},"properties":{"probability":0.402,"inBuffer":false,"facType":"substation"}},{"type":"Feature","geometry":{"type":"Point","coordinates":[-86.72462,36.21878]},"properties":{"probability":0.268,"inBuffer":false,"facType":"substation"}},{"type":"Feature","geometry":{"type":"Point","coordinates":[-86.71906,36.21877]},"properties":{"probability":0.25,"inBuffer":false,"facType":"substation"}},{"type":"Feature","geometry":{"type":"Point","coordinates":[-86.7135,36.21875]},"properties":{"probability":0.232,"inBuffer":false,"facType":"substation"}},{"type":"Feature","geometry":{"type":"Point","coordinates":[-86.70794,36.21874]},"properties":{"probability":0.438,"inBuffer":false,"facType":"substation"}},{"type":"Feature","geometry":{"type":"Point","coordinates":[-86.70238,36.21873]},"properties":{"probability":0.641,"inBuffer":false,"facType":"substation"}},{"type":"Feature","geometry":{"type":"Point","coordinates":[-86.69682,36.21871]},"properties":{"probability":0.65,"inBuffer":false,"facType":"fire"}},{"type":"Feature","geometry":{"type":"Point","coordinates":[-86.69125,36.2187]},"properties":{"probability":0.587,"inBuffer":true,"facType":"fire"}},{"type":"Feature","geometry":{"type":"Point","coordinates":[-86.68568,36.21869]},"properties":{"probability":0.229,"inBuffer":true,"facType":"fire"}},{"type":"Feature","geometry":{"type":"Point","coordinates":[-86.68012,36.21867]},"properties":{"probability":0.13,"inBuffer":false,"facType":"fire"}},{"type":"Feature","geometry":{"type":"Point","coordinates":[-86.67456,36.21865]},"properties":{"probability":0.137,"inBuffer":false,"facType":"fire"}},{"type":"Feature","geometry":{"type":"Point","coordinates":[-86.669,36.21864]},"properties":{"probability":0.14,"inBuffer":false,"facType":"fire"}},{"type":"Feature","geometry":{"type":"Point","coordinates":[-86.66344,36.21862]},"properties":{"probability":0.14,"inBuffer":false,"facType":"fire"}},{"type":"Feature","geometry":{"type":"Point","coordinates":[-86.65787,36.21861]},"properties":{"probability":0.125,"inBuffer":false,"facType":"fire"}},{"type":"Feature","geometry":{"type":"Point","coordinates":[-86.65231,36.21859]},"properties":{"probability":0.126,"inBuffer":false,"facType":"substation"}},{"type":"Feature","geometry":{"type":"Point","coordinates":[-86.64118,36.21856]},"properties":{"probability":0.147,"inBuffer":false,"facType":"substation"}},{"type":"Feature","geometry":{"type":"Point","coordinates":[-86.63562,36.21854]},"properties":{"probability":0.131,"inBuffer":false,"facType":"substation"}},{"type":"Feature","geometry":{"type":"Point","coordinates":[-86.63006,36.21852]},"properties":{"probability":0.189,"inBuffer":false,"facType":"substation"}},{"type":"Feature","geometry":{"type":"Point","coordinates":[-86.6245,36.21851]},"properties":{"probability":0.166,"inBuffer":false,"facType":"substation"}},{"type":"Feature","geometry":{"type":"Point","coordinates":[-86.61893,36.21849]},"properties":{"probability":0.128,"inBuffer":false,"facType":"substation"}},{"type":"Feature","geometry":{"type":"Point","coordinates":[-86.61337,36.21847]},"properties":{"probability":0.126,"inBuffer":false,"facType":"substation"}},{"type":"Feature","geometry":{"type":"Point","coordinates":[-86.6078,36.21846]},"properties":{"probability":0.467,"inBuffer":false,"facType":"substation"}},{"type":"Feature","geometry":{"type":"Point","coordinates":[-86.60224,36.21844]},"properties":{"probability":0.586,"inBuffer":false,"facType":"substation"}},{"type":"Feature","geometry":{"type":"Point","coordinates":[-86.9249,36.21457]},"properties":{"probability":0.155,"inBuffer":false,"facType":"airport"}},{"type":"Feature","geometry":{"type":"Point","coordinates":[-86.91934,36.21456]},"properties":{"probability":0.113,"inBuffer":false,"facType":"airport"}},{"type":"Feature","geometry":{"type":"Point","coordinates":[-86.88596,36.21453]},"properties":{"probability":0.114,"inBuffer":false,"facType":"airport"}},{"type":"Feature","geometry":{"type":"Point","coordinates":[-86.87484,36.21452]},"properties":{"probability":0.128,"inBuffer":false,"facType":"substation"}},{"type":"Feature","geometry":{"type":"Point","coordinates":[-86.86928,36.21452]},"properties":{"probability":0.201,"inBuffer":false,"facType":"substation"}},{"type":"Feature","geometry":{"type":"Point","coordinates":[-86.86371,36.21451]},"properties":{"probability":0.254,"inBuffer":false,"facType":"substation"}},{"type":"Feature","geometry":{"type":"Point","coordinates":[-86.85815,36.2145]},"properties":{"probability":0.251,"inBuffer":false,"facType":"substation"}},{"type":"Feature","geometry":{"type":"Point","coordinates":[-86.85258,36.2145]},"properties":{"probability":0.252,"inBuffer":false,"facType":"substation"}},{"type":"Feature","geometry":{"type":"Point","coordinates":[-86.84702,36.21449]},"properties":{"probability":0.246,"inBuffer":false,"facType":"substation"}},{"type":"Feature","geometry":{"type":"Point","coordinates":[-86.84146,36.21449]},"properties":{"probability":0.336,"inBuffer":false,"facType":"substation"}},{"type":"Feature","geometry":{"type":"Point","coordinates":[-86.8359,36.21448]},"properties":{"probability":0.308,"inBuffer":false,"facType":"substation"}},{"type":"Feature","geometry":{"type":"Point","coordinates":[-86.83034,36.21447]},"properties":{"probability":0.241,"inBuffer":false,"facType":"substation"}},{"type":"Feature","geometry":{"type":"Point","coordinates":[-86.82478,36.21446]},"properties":{"probability":0.267,"inBuffer":false,"facType":"fire"}},{"type":"Feature","geometry":{"type":"Point","coordinates":[-86.81921,36.21445]},"properties":{"probability":0.316,"inBuffer":false,"facType":"fire"}},{"type":"Feature","geometry":{"type":"Point","coordinates":[-86.81364,36.21444]},"properties":{"probability":0.334,"inBuffer":false,"facType":"fire"}},{"type":"Feature","geometry":{"type":"Point","coordinates":[-86.80808,36.21444]},"properties":{"probability":0.273,"inBuffer":true,"facType":"fire"}},{"type":"Feature","geometry":{"type":"Point","coordinates":[-86.80252,36.21443]},"properties":{"probability":0.244,"inBuffer":true,"facType":"fire"}},{"type":"Feature","geometry":{"type":"Point","coordinates":[-86.79696,36.21442]},"properties":{"probability":0.23,"inBuffer":true,"facType":"fire"}},{"type":"Feature","geometry":{"type":"Point","coordinates":[-86.7914,36.21441]},"properties":{"probability":0.346,"inBuffer":false,"facType":"fire"}},{"type":"Feature","geometry":{"type":"Point","coordinates":[-86.78584,36.2144]},"properties":{"probability":0.451,"inBuffer":false,"facType":"substation"}},{"type":"Feature","geometry":{"type":"Point","coordinates":[-86.78027,36.21439]},"properties":{"probability":0.566,"inBuffer":false,"facType":"substation"}},{"type":"Feature","geometry":{"type":"Point","coordinates":[-86.7747,36.21438]},"properties":{"probability":0.517,"inBuffer":false,"facType":"substation"}},{"type":"Feature","geometry":{"type":"Point","coordinates":[-86.76914,36.21437]},"properties":{"probability":0.47,"inBuffer":false,"facType":"substation"}},{"type":"Feature","geometry":{"type":"Point","coordinates":[-86.76358,36.21436]},"properties":{"probability":0.456,"inBuffer":false,"facType":"substation"}},{"type":"Feature","geometry":{"type":"Point","coordinates":[-86.75802,36.21434]},"properties":{"probability":0.249,"inBuffer":false,"facType":"substation"}},{"type":"Feature","geometry":{"type":"Point","coordinates":[-86.75246,36.21433]},"properties":{"probability":0.254,"inBuffer":false,"facType":"substation"}},{"type":"Feature","geometry":{"type":"Point","coordinates":[-86.74689,36.21432]},"properties":{"probability":0.345,"inBuffer":false,"facType":"government"}},{"type":"Feature","geometry":{"type":"Point","coordinates":[-86.74133,36.21431]},"properties":{"probability":0.43,"inBuffer":false,"facType":"government"}},{"type":"Feature","geometry":{"type":"Point","coordinates":[-86.73577,36.2143]},"properties":{"probability":0.444,"inBuffer":false,"facType":"government"}},{"type":"Feature","geometry":{"type":"Point","coordinates":[-86.73021,36.21429]},"properties":{"probability":0.437,"inBuffer":false,"facType":"substation"}},{"type":"Feature","geometry":{"type":"Point","coordinates":[-86.72464,36.21427]},"properties":{"probability":0.275,"inBuffer":false,"facType":"substation"}},{"type":"Feature","geometry":{"type":"Point","coordinates":[-86.71908,36.21426]},"properties":{"probability":0.244,"inBuffer":false,"facType":"substation"}},{"type":"Feature","geometry":{"type":"Point","coordinates":[-86.71352,36.21424]},"properties":{"probability":0.238,"inBuffer":false,"facType":"substation"}},{"type":"Feature","geometry":{"type":"Point","coordinates":[-86.70795,36.21423]},"properties":{"probability":0.438,"inBuffer":false,"facType":"substation"}},{"type":"Feature","geometry":{"type":"Point","coordinates":[-86.70239,36.21422]},"properties":{"probability":0.623,"inBuffer":false,"facType":"substation"}},{"type":"Feature","geometry":{"type":"Point","coordinates":[-86.69683,36.21421]},"properties":{"probability":0.68,"inBuffer":false,"facType":"fire"}},{"type":"Feature","geometry":{"type":"Point","coordinates":[-86.69127,36.21419]},"properties":{"probability":0.604,"inBuffer":true,"facType":"fire"}},{"type":"Feature","geometry":{"type":"Point","coordinates":[-86.68571,36.21418]},"properties":{"probability":0.252,"inBuffer":true,"facType":"fire"}},{"type":"Feature","geometry":{"type":"Point","coordinates":[-86.68014,36.21416]},"properties":{"probability":0.168,"inBuffer":false,"facType":"fire"}},{"type":"Feature","geometry":{"type":"Point","coordinates":[-86.67458,36.21415]},"properties":{"probability":0.128,"inBuffer":false,"facType":"fire"}},{"type":"Feature","geometry":{"type":"Point","coordinates":[-86.66901,36.21413]},"properties":{"probability":0.124,"inBuffer":false,"facType":"fire"}},{"type":"Feature","geometry":{"type":"Point","coordinates":[-86.66345,36.21412]},"properties":{"probability":0.139,"inBuffer":false,"facType":"fire"}},{"type":"Feature","geometry":{"type":"Point","coordinates":[-86.65789,36.2141]},"properties":{"probability":0.126,"inBuffer":false,"facType":"water_works"}},{"type":"Feature","geometry":{"type":"Point","coordinates":[-86.65233,36.21408]},"properties":{"probability":0.127,"inBuffer":false,"facType":"substation"}},{"type":"Feature","geometry":{"type":"Point","coordinates":[-86.64677,36.21407]},"properties":{"probability":0.124,"inBuffer":false,"facType":"substation"}},{"type":"Feature","geometry":{"type":"Point","coordinates":[-86.6412,36.21405]},"properties":{"probability":0.124,"inBuffer":false,"facType":"substation"}},{"type":"Feature","geometry":{"type":"Point","coordinates":[-86.63564,36.21404]},"properties":{"probability":0.131,"inBuffer":false,"facType":"substation"}},{"type":"Feature","geometry":{"type":"Point","coordinates":[-86.63008,36.21402]},"properties":{"probability":0.149,"inBuffer":false,"facType":"substation"}},{"type":"Feature","geometry":{"type":"Point","coordinates":[-86.62451,36.214]},"properties":{"probability":0.168,"inBuffer":false,"facType":"substation"}},{"type":"Feature","geometry":{"type":"Point","coordinates":[-86.61895,36.21398]},"properties":{"probability":0.132,"inBuffer":false,"facType":"substation"}},{"type":"Feature","geometry":{"type":"Point","coordinates":[-86.61339,36.21397]},"properties":{"probability":0.128,"inBuffer":false,"facType":"substation"}},{"type":"Feature","geometry":{"type":"Point","coordinates":[-86.60783,36.21395]},"properties":{"probability":0.432,"inBuffer":false,"facType":"substation"}},{"type":"Feature","geometry":{"type":"Point","coordinates":[-86.60226,36.21393]},"properties":{"probability":0.646,"inBuffer":false,"facType":"substation"}},{"type":"Feature","geometry":{"type":"Point","coordinates":[-86.93047,36.21006]},"properties":{"probability":0.14,"inBuffer":false,"facType":"airport"}},{"type":"Feature","geometry":{"type":"Point","coordinates":[-86.9249,36.21006]},"properties":{"probability":0.128,"inBuffer":false,"facType":"airport"}},{"type":"Feature","geometry":{"type":"Point","coordinates":[-86.91934,36.21006]},"properties":{"probability":0.134,"inBuffer":false,"facType":"airport"}},{"type":"Feature","geometry":{"type":"Point","coordinates":[-86.91378,36.21005]},"properties":{"probability":0.126,"inBuffer":false,"facType":"airport"}},{"type":"Feature","geometry":{"type":"Point","coordinates":[-86.90822,36.21004]},"properties":{"probability":0.128,"inBuffer":false,"facType":"airport"}},{"type":"Feature","geometry":{"type":"Point","coordinates":[-86.90266,36.21004]},"properties":{"probability":0.119,"inBuffer":false,"facType":"airport"}},{"type":"Feature","geometry":{"type":"Point","coordinates":[-86.89709,36.21004]},"properties":{"probability":0.129,"inBuffer":false,"facType":"airport"}},{"type":"Feature","geometry":{"type":"Point","coordinates":[-86.89153,36.21003]},"properties":{"probability":0.153,"inBuffer":false,"facType":"airport"}},{"type":"Feature","geometry":{"type":"Point","coordinates":[-86.88597,36.21003]},"properties":{"probability":0.216,"inBuffer":false,"facType":"airport"}},{"type":"Feature","geometry":{"type":"Point","coordinates":[-86.88041,36.21002]},"properties":{"probability":0.193,"inBuffer":false,"facType":"airport"}},{"type":"Feature","geometry":{"type":"Point","coordinates":[-86.87485,36.21002]},"properties":{"probability":0.15,"inBuffer":false,"facType":"substation"}},{"type":"Feature","geometry":{"type":"Point","coordinates":[-86.86929,36.21001]},"properties":{"probability":0.261,"inBuffer":false,"facType":"substation"}},{"type":"Feature","geometry":{"type":"Point","coordinates":[-86.86372,36.21]},"properties":{"probability":0.328,"inBuffer":false,"facType":"substation"}},{"type":"Feature","geometry":{"type":"Point","coordinates":[-86.85815,36.21]},"properties":{"probability":0.25,"inBuffer":false,"facType":"substation"}},{"type":"Feature","geometry":{"type":"Point","coordinates":[-86.85259,36.20999]},"properties":{"probability":0.2,"inBuffer":false,"facType":"substation"}},{"type":"Feature","geometry":{"type":"Point","coordinates":[-86.84703,36.20998]},"properties":{"probability":0.204,"inBuffer":false,"facType":"substation"}},{"type":"Feature","geometry":{"type":"Point","coordinates":[-86.84147,36.20998]},"properties":{"probability":0.412,"inBuffer":false,"facType":"substation"}},{"type":"Feature","geometry":{"type":"Point","coordinates":[-86.83591,36.20997]},"properties":{"probability":0.393,"inBuffer":false,"facType":"substation"}},{"type":"Feature","geometry":{"type":"Point","coordinates":[-86.83035,36.20996]},"properties":{"probability":0.238,"inBuffer":false,"facType":"substation"}},{"type":"Feature","geometry":{"type":"Point","coordinates":[-86.82478,36.20995]},"properties":{"probability":0.277,"inBuffer":false,"facType":"substation"}},{"type":"Feature","geometry":{"type":"Point","coordinates":[-86.81922,36.20995]},"properties":{"probability":0.284,"inBuffer":false,"facType":"fire"}},{"type":"Feature","geometry":{"type":"Point","coordinates":[-86.81366,36.20994]},"properties":{"probability":0.273,"inBuffer":false,"facType":"fire"}},{"type":"Feature","geometry":{"type":"Point","coordinates":[-86.8081,36.20993]},"properties":{"probability":0.222,"inBuffer":false,"facType":"fire"}},{"type":"Feature","geometry":{"type":"Point","coordinates":[-86.80254,36.20992]},"properties":{"probability":0.236,"inBuffer":false,"facType":"fire"}},{"type":"Feature","geometry":{"type":"Point","coordinates":[-86.79697,36.20991]},"properties":{"probability":0.298,"inBuffer":false,"facType":"fire"}},{"type":"Feature","geometry":{"type":"Point","coordinates":[-86.7914,36.2099]},"properties":{"probability":0.428,"inBuffer":false,"facType":"substation"}},{"type":"Feature","geometry":{"type":"Point","coordinates":[-86.78584,36.20989]},"properties":{"probability":0.561,"inBuffer":false,"facType":"substation"}},{"type":"Feature","geometry":{"type":"Point","coordinates":[-86.78028,36.20988]},"properties":{"probability":0.614,"inBuffer":false,"facType":"substation"}},{"type":"Feature","geometry":{"type":"Point","coordinates":[-86.77472,36.20987]},"properties":{"probability":0.59,"inBuffer":false,"facType":"substation"}},{"type":"Feature","geometry":{"type":"Point","coordinates":[-86.76916,36.20986]},"properties":{"probability":0.573,"inBuffer":false,"facType":"substation"}},{"type":"Feature","geometry":{"type":"Point","coordinates":[-86.7636,36.20985]},"properties":{"probability":0.468,"inBuffer":false,"facType":"substation"}},{"type":"Feature","geometry":{"type":"Point","coordinates":[-86.75803,36.20984]},"properties":{"probability":0.395,"inBuffer":false,"facType":"substation"}},{"type":"Feature","geometry":{"type":"Point","coordinates":[-86.75247,36.20983]},"properties":{"probability":0.414,"inBuffer":false,"facType":"substation"}},{"type":"Feature","geometry":{"type":"Point","coordinates":[-86.74691,36.20982]},"properties":{"probability":0.428,"inBuffer":false,"facType":"substation"}},{"type":"Feature","geometry":{"type":"Point","coordinates":[-86.74135,36.2098]},"properties":{"probability":0.446,"inBuffer":false,"facType":"government"}},{"type":"Feature","geometry":{"type":"Point","coordinates":[-86.73579,36.20979]},"properties":{"probability":0.487,"inBuffer":false,"facType":"substation"}},{"type":"Feature","geometry":{"type":"Point","coordinates":[-86.73022,36.20978]},"properties":{"probability":0.461,"inBuffer":false,"facType":"substation"}},{"type":"Feature","geometry":{"type":"Point","coordinates":[-86.72466,36.20977]},"properties":{"probability":0.275,"inBuffer":false,"facType":"substation"}},{"type":"Feature","geometry":{"type":"Point","coordinates":[-86.71909,36.20975]},"properties":{"probability":0.274,"inBuffer":false,"facType":"substation"}},{"type":"Feature","geometry":{"type":"Point","coordinates":[-86.71353,36.20974]},"properties":{"probability":0.247,"inBuffer":false,"facType":"substation"}},{"type":"Feature","geometry":{"type":"Point","coordinates":[-86.70797,36.20972]},"properties":{"probability":0.412,"inBuffer":false,"facType":"substation"}},{"type":"Feature","geometry":{"type":"Point","coordinates":[-86.70241,36.20971]},"properties":{"probability":0.629,"inBuffer":false,"facType":"substation"}},{"type":"Feature","geometry":{"type":"Point","coordinates":[-86.69685,36.2097]},"properties":{"probability":0.648,"inBuffer":false,"facType":"fire"}},{"type":"Feature","geometry":{"type":"Point","coordinates":[-86.69128,36.20968]},"properties":{"probability":0.591,"inBuffer":false,"facType":"fire"}},{"type":"Feature","geometry":{"type":"Point","coordinates":[-86.68572,36.20967]},"properties":{"probability":0.334,"inBuffer":false,"facType":"fire"}},{"type":"Feature","geometry":{"type":"Point","coordinates":[-86.68016,36.20966]},"properties":{"probability":0.186,"inBuffer":false,"facType":"fire"}},{"type":"Feature","geometry":{"type":"Point","coordinates":[-86.6746,36.20964]},"properties":{"probability":0.13,"inBuffer":false,"facType":"fire"}},{"type":"Feature","geometry":{"type":"Point","coordinates":[-86.66904,36.20963]},"properties":{"probability":0.135,"inBuffer":false,"facType":"fire"}},{"type":"Feature","geometry":{"type":"Point","coordinates":[-86.66348,36.20961]},"properties":{"probability":0.129,"inBuffer":false,"facType":"water_works"}},{"type":"Feature","geometry":{"type":"Point","coordinates":[-86.65791,36.20959]},"properties":{"probability":0.142,"inBuffer":false,"facType":"substation"}},{"type":"Feature","geometry":{"type":"Point","coordinates":[-86.65235,36.20958]},"properties":{"probability":0.155,"inBuffer":false,"facType":"substation"}},{"type":"Feature","geometry":{"type":"Point","coordinates":[-86.64122,36.20955]},"properties":{"probability":0.126,"inBuffer":false,"facType":"substation"}},{"type":"Feature","geometry":{"type":"Point","coordinates":[-86.63566,36.20953]},"properties":{"probability":0.129,"inBuffer":false,"facType":"substation"}},{"type":"Feature","geometry":{"type":"Point","coordinates":[-86.6301,36.20951]},"properties":{"probability":0.128,"inBuffer":false,"facType":"substation"}},{"type":"Feature","geometry":{"type":"Point","coordinates":[-86.62453,36.20949]},"properties":{"probability":0.131,"inBuffer":false,"facType":"substation"}},{"type":"Feature","geometry":{"type":"Point","coordinates":[-86.61897,36.20948]},"properties":{"probability":0.13,"inBuffer":false,"facType":"substation"}},{"type":"Feature","geometry":{"type":"Point","coordinates":[-86.61341,36.20946]},"properties":{"probability":0.157,"inBuffer":false,"facType":"substation"}},{"type":"Feature","geometry":{"type":"Point","coordinates":[-86.60785,36.20944]},"properties":{"probability":0.176,"inBuffer":false,"facType":"substation"}},{"type":"Feature","geometry":{"type":"Point","coordinates":[-86.60229,36.20942]},"properties":{"probability":0.285,"inBuffer":false,"facType":"substation"}},{"type":"Feature","geometry":{"type":"Point","coordinates":[-86.92491,36.20555]},"properties":{"probability":0.122,"inBuffer":false,"facType":"airport"}},{"type":"Feature","geometry":{"type":"Point","coordinates":[-86.89154,36.20552]},"properties":{"probability":0.216,"inBuffer":false,"facType":"airport"}},{"type":"Feature","geometry":{"type":"Point","coordinates":[-86.88598,36.20552]},"properties":{"probability":0.294,"inBuffer":false,"facType":"airport"}},{"type":"Feature","geometry":{"type":"Point","coordinates":[-86.88042,36.20551]},"properties":{"probability":0.223,"inBuffer":false,"facType":"airport"}},{"type":"Feature","geometry":{"type":"Point","coordinates":[-86.87486,36.20551]},"properties":{"probability":0.234,"inBuffer":false,"facType":"substation"}},{"type":"Feature","geometry":{"type":"Point","coordinates":[-86.86929,36.2055]},"properties":{"probability":0.273,"inBuffer":false,"facType":"substation"}},{"type":"Feature","geometry":{"type":"Point","coordinates":[-86.86372,36.2055]},"properties":{"probability":0.277,"inBuffer":false,"facType":"substation"}},{"type":"Feature","geometry":{"type":"Point","coordinates":[-86.85816,36.20549]},"properties":{"probability":0.218,"inBuffer":false,"facType":"substation"}},{"type":"Feature","geometry":{"type":"Point","coordinates":[-86.8526,36.20548]},"properties":{"probability":0.197,"inBuffer":false,"facType":"substation"}},{"type":"Feature","geometry":{"type":"Point","coordinates":[-86.84704,36.20547]},"properties":{"probability":0.185,"inBuffer":false,"facType":"substation"}},{"type":"Feature","geometry":{"type":"Point","coordinates":[-86.84148,36.20547]},"properties":{"probability":0.336,"inBuffer":false,"facType":"substation"}},{"type":"Feature","geometry":{"type":"Point","coordinates":[-86.83591,36.20546]},"properties":{"probability":0.241,"inBuffer":false,"facType":"substation"}},{"type":"Feature","geometry":{"type":"Point","coordinates":[-86.83035,36.20545]},"properties":{"probability":0.2,"inBuffer":false,"facType":"substation"}},{"type":"Feature","geometry":{"type":"Point","coordinates":[-86.82479,36.20544]},"properties":{"probability":0.338,"inBuffer":false,"facType":"substation"}},{"type":"Feature","geometry":{"type":"Point","coordinates":[-86.81923,36.20544]},"properties":{"probability":0.273,"inBuffer":false,"facType":"police"}},{"type":"Feature","geometry":{"type":"Point","coordinates":[-86.81367,36.20543]},"properties":{"probability":0.279,"inBuffer":false,"facType":"fire"}},{"type":"Feature","geometry":{"type":"Point","coordinates":[-86.80811,36.20542]},"properties":{"probability":0.413,"inBuffer":false,"facType":"government"}},{"type":"Feature","geometry":{"type":"Point","coordinates":[-86.80254,36.20541]},"properties":{"probability":0.362,"inBuffer":false,"facType":"government"}},{"type":"Feature","geometry":{"type":"Point","coordinates":[-86.79698,36.2054]},"properties":{"probability":0.411,"inBuffer":false,"facType":"government"}},{"type":"Feature","geometry":{"type":"Point","coordinates":[-86.79142,36.20539]},"properties":{"probability":0.452,"inBuffer":false,"facType":"government"}},{"type":"Feature","geometry":{"type":"Point","coordinates":[-86.78586,36.20538]},"properties":{"probability":0.591,"inBuffer":false,"facType":"substation"}},{"type":"Feature","geometry":{"type":"Point","coordinates":[-86.7803,36.20537]},"properties":{"probability":0.621,"inBuffer":false,"facType":"substation"}},{"type":"Feature","geometry":{"type":"Point","coordinates":[-86.77473,36.20536]},"properties":{"probability":0.624,"inBuffer":false,"facType":"substation"}},{"type":"Feature","geometry":{"type":"Point","coordinates":[-86.76917,36.20535]},"properties":{"probability":0.591,"inBuffer":false,"facType":"substation"}},{"type":"Feature","geometry":{"type":"Point","coordinates":[-86.76361,36.20534]},"properties":{"probability":0.468,"inBuffer":false,"facType":"substation"}},{"type":"Feature","geometry":{"type":"Point","coordinates":[-86.75805,36.20533]},"properties":{"probability":0.454,"inBuffer":false,"facType":"substation"}},{"type":"Feature","geometry":{"type":"Point","coordinates":[-86.75249,36.20532]},"properties":{"probability":0.51,"inBuffer":false,"facType":"substation"}},{"type":"Feature","geometry":{"type":"Point","coordinates":[-86.74693,36.20531]},"properties":{"probability":0.485,"inBuffer":false,"facType":"substation"}},{"type":"Feature","geometry":{"type":"Point","coordinates":[-86.74136,36.2053]},"properties":{"probability":0.479,"inBuffer":false,"facType":"substation"}},{"type":"Feature","geometry":{"type":"Point","coordinates":[-86.7358,36.20528]},"properties":{"probability":0.462,"inBuffer":false,"facType":"substation"}},{"type":"Feature","geometry":{"type":"Point","coordinates":[-86.73024,36.20527]},"properties":{"probability":0.418,"inBuffer":false,"facType":"substation"}},{"type":"Feature","geometry":{"type":"Point","coordinates":[-86.72468,36.20526]},"properties":{"probability":0.322,"inBuffer":false,"facType":"substation"}},{"type":"Feature","geometry":{"type":"Point","coordinates":[-86.71912,36.20525]},"properties":{"probability":0.276,"inBuffer":false,"facType":"substation"}},{"type":"Feature","geometry":{"type":"Point","coordinates":[-86.71355,36.20523]},"properties":{"probability":0.254,"inBuffer":false,"facType":"substation"}},{"type":"Feature","geometry":{"type":"Point","coordinates":[-86.70798,36.20522]},"properties":{"probability":0.245,"inBuffer":false,"facType":"substation"}},{"type":"Feature","geometry":{"type":"Point","coordinates":[-86.70242,36.2052]},"properties":{"probability":0.499,"inBuffer":false,"facType":"substation"}},{"type":"Feature","geometry":{"type":"Point","coordinates":[-86.69686,36.20519]},"properties":{"probability":0.629,"inBuffer":false,"facType":"fire"}},{"type":"Feature","geometry":{"type":"Point","coordinates":[-86.6913,36.20518]},"properties":{"probability":0.572,"inBuffer":false,"facType":"fire"}},{"type":"Feature","geometry":{"type":"Point","coordinates":[-86.68574,36.20516]},"properties":{"probability":0.347,"inBuffer":false,"facType":"fire"}},{"type":"Feature","geometry":{"type":"Point","coordinates":[-86.68018,36.20515]},"properties":{"probability":0.211,"inBuffer":false,"facType":"fire"}},{"type":"Feature","geometry":{"type":"Point","coordinates":[-86.67461,36.20513]},"properties":{"probability":0.133,"inBuffer":false,"facType":"water_works"}},{"type":"Feature","geometry":{"type":"Point","coordinates":[-86.66905,36.20512]},"properties":{"probability":0.127,"inBuffer":false,"facType":"water_works"}},{"type":"Feature","geometry":{"type":"Point","coordinates":[-86.66349,36.2051]},"properties":{"probability":0.125,"inBuffer":false,"facType":"water_works"}},{"type":"Feature","geometry":{"type":"Point","coordinates":[-86.65793,36.20509]},"properties":{"probability":0.146,"inBuffer":false,"facType":"substation"}},{"type":"Feature","geometry":{"type":"Point","coordinates":[-86.65237,36.20507]},"properties":{"probability":0.124,"inBuffer":false,"facType":"substation"}},{"type":"Feature","geometry":{"type":"Point","coordinates":[-86.6468,36.20505]},"properties":{"probability":0.137,"inBuffer":false,"facType":"substation"}},{"type":"Feature","geometry":{"type":"Point","coordinates":[-86.64124,36.20504]},"properties":{"probability":0.123,"inBuffer":false,"facType":"substation"}},{"type":"Feature","geometry":{"type":"Point","coordinates":[-86.63568,36.20502]},"properties":{"probability":0.127,"inBuffer":false,"facType":"substation"}},{"type":"Feature","geometry":{"type":"Point","coordinates":[-86.63012,36.205]},"properties":{"probability":0.142,"inBuffer":false,"facType":"substation"}},{"type":"Feature","geometry":{"type":"Point","coordinates":[-86.62456,36.20499]},"properties":{"probability":0.2,"inBuffer":false,"facType":"substation"}},{"type":"Feature","geometry":{"type":"Point","coordinates":[-86.619,36.20497]},"properties":{"probability":0.279,"inBuffer":false,"facType":"substation"}},{"type":"Feature","geometry":{"type":"Point","coordinates":[-86.61343,36.20495]},"properties":{"probability":0.286,"inBuffer":false,"facType":"substation"}},{"type":"Feature","geometry":{"type":"Point","coordinates":[-86.60787,36.20493]},"properties":{"probability":0.203,"inBuffer":false,"facType":"substation"}},{"type":"Feature","geometry":{"type":"Point","coordinates":[-86.60231,36.20491]},"properties":{"probability":0.192,"inBuffer":false,"facType":"substation"}},{"type":"Feature","geometry":{"type":"Point","coordinates":[-86.90266,36.20103]},"properties":{"probability":0.131,"inBuffer":false,"facType":"airport"}},{"type":"Feature","geometry":{"type":"Point","coordinates":[-86.89154,36.20102]},"properties":{"probability":0.136,"inBuffer":false,"facType":"airport"}},{"type":"Feature","geometry":{"type":"Point","coordinates":[-86.88598,36.20101]},"properties":{"probability":0.198,"inBuffer":false,"facType":"airport"}},{"type":"Feature","geometry":{"type":"Point","coordinates":[-86.88042,36.20101]},"properties":{"probability":0.219,"inBuffer":false,"facType":"airport"}},{"type":"Feature","geometry":{"type":"Point","coordinates":[-86.87486,36.201]},"properties":{"probability":0.125,"inBuffer":false,"facType":"substation"}},{"type":"Feature","geometry":{"type":"Point","coordinates":[-86.86929,36.201]},"properties":{"probability":0.219,"inBuffer":false,"facType":"substation"}},{"type":"Feature","geometry":{"type":"Point","coordinates":[-86.86373,36.20099]},"properties":{"probability":0.24,"inBuffer":false,"facType":"substation"}},{"type":"Feature","geometry":{"type":"Point","coordinates":[-86.85817,36.20098]},"properties":{"probability":0.157,"inBuffer":false,"facType":"substation"}},{"type":"Feature","geometry":{"type":"Point","coordinates":[-86.85261,36.20097]},"properties":{"probability":0.218,"inBuffer":false,"facType":"substation"}},{"type":"Feature","geometry":{"type":"Point","coordinates":[-86.84705,36.20097]},"properties":{"probability":0.216,"inBuffer":false,"facType":"substation"}},{"type":"Feature","geometry":{"type":"Point","coordinates":[-86.84148,36.20096]},"properties":{"probability":0.224,"inBuffer":false,"facType":"substation"}},{"type":"Feature","geometry":{"type":"Point","coordinates":[-86.83592,36.20095]},"properties":{"probability":0.204,"inBuffer":false,"facType":"substation"}},{"type":"Feature","geometry":{"type":"Point","coordinates":[-86.83036,36.20095]},"properties":{"probability":0.219,"inBuffer":false,"facType":"substation"}},{"type":"Feature","geometry":{"type":"Point","coordinates":[-86.8248,36.20094]},"properties":{"probability":0.349,"inBuffer":false,"facType":"substation"}},{"type":"Feature","geometry":{"type":"Point","coordinates":[-86.81924,36.20093]},"properties":{"probability":0.335,"inBuffer":false,"facType":"police"}},{"type":"Feature","geometry":{"type":"Point","coordinates":[-86.81368,36.20092]},"properties":{"probability":0.4,"inBuffer":false,"facType":"government"}},{"type":"Feature","geometry":{"type":"Point","coordinates":[-86.80812,36.20091]},"properties":{"probability":0.539,"inBuffer":false,"facType":"government"}},{"type":"Feature","geometry":{"type":"Point","coordinates":[-86.80256,36.2009]},"properties":{"probability":0.53,"inBuffer":false,"facType":"government"}},{"type":"Feature","geometry":{"type":"Point","coordinates":[-86.797,36.20089]},"properties":{"probability":0.597,"inBuffer":false,"facType":"government"}},{"type":"Feature","geometry":{"type":"Point","coordinates":[-86.79144,36.20089]},"properties":{"probability":0.441,"inBuffer":false,"facType":"government"}},{"type":"Feature","geometry":{"type":"Point","coordinates":[-86.78587,36.20087]},"properties":{"probability":0.507,"inBuffer":false,"facType":"government"}},{"type":"Feature","geometry":{"type":"Point","coordinates":[-86.78031,36.20086]},"properties":{"probability":0.572,"inBuffer":false,"facType":"government"}},{"type":"Feature","geometry":{"type":"Point","coordinates":[-86.77475,36.20086]},"properties":{"probability":0.575,"inBuffer":false,"facType":"substation"}},{"type":"Feature","geometry":{"type":"Point","coordinates":[-86.76919,36.20084]},"properties":{"probability":0.496,"inBuffer":false,"facType":"substation"}},{"type":"Feature","geometry":{"type":"Point","coordinates":[-86.76363,36.20083]},"properties":{"probability":0.435,"inBuffer":false,"facType":"substation"}},{"type":"Feature","geometry":{"type":"Point","coordinates":[-86.75806,36.20082]},"properties":{"probability":0.433,"inBuffer":false,"facType":"substation"}},{"type":"Feature","geometry":{"type":"Point","coordinates":[-86.7525,36.20081]},"properties":{"probability":0.465,"inBuffer":false,"facType":"substation"}},{"type":"Feature","geometry":{"type":"Point","coordinates":[-86.74694,36.2008]},"properties":{"probability":0.493,"inBuffer":false,"facType":"substation"}},{"type":"Feature","geometry":{"type":"Point","coordinates":[-86.74138,36.20079]},"properties":{"probability":0.582,"inBuffer":false,"facType":"substation"}},{"type":"Feature","geometry":{"type":"Point","coordinates":[-86.73582,36.20078]},"properties":{"probability":0.524,"inBuffer":false,"facType":"substation"}},{"type":"Feature","geometry":{"type":"Point","coordinates":[-86.73026,36.20076]},"properties":{"probability":0.405,"inBuffer":false,"facType":"substation"}},{"type":"Feature","geometry":{"type":"Point","coordinates":[-86.72469,36.20075]},"properties":{"probability":0.341,"inBuffer":false,"facType":"substation"}},{"type":"Feature","geometry":{"type":"Point","coordinates":[-86.71913,36.20074]},"properties":{"probability":0.281,"inBuffer":false,"facType":"substation"}},{"type":"Feature","geometry":{"type":"Point","coordinates":[-86.71357,36.20072]},"properties":{"probability":0.249,"inBuffer":false,"facType":"substation"}},{"type":"Feature","geometry":{"type":"Point","coordinates":[-86.70801,36.20071]},"properties":{"probability":0.223,"inBuffer":false,"facType":"substation"}},{"type":"Feature","geometry":{"type":"Point","coordinates":[-86.70245,36.2007]},"properties":{"probability":0.291,"inBuffer":false,"facType":"substation"}},{"type":"Feature","geometry":{"type":"Point","coordinates":[-86.69688,36.20068]},"properties":{"probability":0.531,"inBuffer":false,"facType":"substation"}},{"type":"Feature","geometry":{"type":"Point","coordinates":[-86.69132,36.20067]},"properties":{"probability":0.595,"inBuffer":false,"facType":"fire"}},{"type":"Feature","geometry":{"type":"Point","coordinates":[-86.68576,36.20065]},"properties":{"probability":0.425,"inBuffer":false,"facType":"fire"}},{"type":"Feature","geometry":{"type":"Point","coordinates":[-86.6802,36.20064]},"properties":{"probability":0.218,"inBuffer":false,"facType":"water_works"}},{"type":"Feature","geometry":{"type":"Point","coordinates":[-86.67464,36.20062]},"properties":{"probability":0.126,"inBuffer":false,"facType":"water_works"}},{"type":"Feature","geometry":{"type":"Point","coordinates":[-86.66908,36.20061]},"properties":{"probability":0.129,"inBuffer":false,"facType":"water_works"}},{"type":"Feature","geometry":{"type":"Point","coordinates":[-86.66351,36.20059]},"properties":{"probability":0.128,"inBuffer":false,"facType":"water_works"}},{"type":"Feature","geometry":{"type":"Point","coordinates":[-86.65795,36.20058]},"properties":{"probability":0.125,"inBuffer":false,"facType":"substation"}},{"type":"Feature","geometry":{"type":"Point","coordinates":[-86.65239,36.20056]},"properties":{"probability":0.156,"inBuffer":false,"facType":"substation"}},{"type":"Feature","geometry":{"type":"Point","coordinates":[-86.64683,36.20055]},"properties":{"probability":0.169,"inBuffer":false,"facType":"substation"}},{"type":"Feature","geometry":{"type":"Point","coordinates":[-86.64127,36.20053]},"properties":{"probability":0.132,"inBuffer":false,"facType":"substation"}},{"type":"Feature","geometry":{"type":"Point","coordinates":[-86.6357,36.20051]},"properties":{"probability":0.13,"inBuffer":false,"facType":"substation"}},{"type":"Feature","geometry":{"type":"Point","coordinates":[-86.63014,36.20049]},"properties":{"probability":0.163,"inBuffer":false,"facType":"substation"}},{"type":"Feature","geometry":{"type":"Point","coordinates":[-86.62458,36.20048]},"properties":{"probability":0.44,"inBuffer":false,"facType":"substation"}},{"type":"Feature","geometry":{"type":"Point","coordinates":[-86.61902,36.20046]},"properties":{"probability":0.453,"inBuffer":false,"facType":"substation"}},{"type":"Feature","geometry":{"type":"Point","coordinates":[-86.61346,36.20044]},"properties":{"probability":0.394,"inBuffer":false,"facType":"substation"}},{"type":"Feature","geometry":{"type":"Point","coordinates":[-86.60789,36.20042]},"properties":{"probability":0.199,"inBuffer":false,"facType":"substation"}},{"type":"Feature","geometry":{"type":"Point","coordinates":[-86.60233,36.20041]},"properties":{"probability":0.193,"inBuffer":false,"facType":"substation"}},{"type":"Feature","geometry":{"type":"Point","coordinates":[-86.9138,36.19653]},"properties":{"probability":0.149,"inBuffer":false,"facType":"airport"}},{"type":"Feature","geometry":{"type":"Point","coordinates":[-86.90823,36.19652]},"properties":{"probability":0.236,"inBuffer":false,"facType":"airport"}},{"type":"Feature","geometry":{"type":"Point","coordinates":[-86.90267,36.19652]},"properties":{"probability":0.226,"inBuffer":false,"facType":"airport"}},{"type":"Feature","geometry":{"type":"Point","coordinates":[-86.89711,36.19651]},"properties":{"probability":0.122,"inBuffer":false,"facType":"airport"}},{"type":"Feature","geometry":{"type":"Point","coordinates":[-86.89155,36.19651]},"properties":{"probability":0.113,"inBuffer":false,"facType":"airport"}},{"type":"Feature","geometry":{"type":"Point","coordinates":[-86.88599,36.1965]},"properties":{"probability":0.125,"inBuffer":false,"facType":"airport"}},{"type":"Feature","geometry":{"type":"Point","coordinates":[-86.88042,36.1965]},"properties":{"probability":0.127,"inBuffer":false,"facType":"airport"}},{"type":"Feature","geometry":{"type":"Point","coordinates":[-86.87486,36.19649]},"properties":{"probability":0.128,"inBuffer":false,"facType":"substation"}},{"type":"Feature","geometry":{"type":"Point","coordinates":[-86.8693,36.19649]},"properties":{"probability":0.413,"inBuffer":false,"facType":"substation"}},{"type":"Feature","geometry":{"type":"Point","coordinates":[-86.86375,36.19648]},"properties":{"probability":0.556,"inBuffer":false,"facType":"water_works"}},{"type":"Feature","geometry":{"type":"Point","coordinates":[-86.85818,36.19648]},"properties":{"probability":0.36,"inBuffer":false,"facType":"substation"}},{"type":"Feature","geometry":{"type":"Point","coordinates":[-86.85262,36.19647]},"properties":{"probability":0.232,"inBuffer":false,"facType":"substation"}},{"type":"Feature","geometry":{"type":"Point","coordinates":[-86.84706,36.19646]},"properties":{"probability":0.276,"inBuffer":false,"facType":"substation"}},{"type":"Feature","geometry":{"type":"Point","coordinates":[-86.8415,36.19645]},"properties":{"probability":0.411,"inBuffer":false,"facType":"substation"}},{"type":"Feature","geometry":{"type":"Point","coordinates":[-86.83594,36.19645]},"properties":{"probability":0.465,"inBuffer":false,"facType":"substation"}},{"type":"Feature","geometry":{"type":"Point","coordinates":[-86.83038,36.19644]},"properties":{"probability":0.427,"inBuffer":false,"facType":"substation"}},{"type":"Feature","geometry":{"type":"Point","coordinates":[-86.82481,36.19643]},"properties":{"probability":0.407,"inBuffer":false,"facType":"police"}},{"type":"Feature","geometry":{"type":"Point","coordinates":[-86.81925,36.19642]},"properties":{"probability":0.431,"inBuffer":false,"facType":"police"}},{"type":"Feature","geometry":{"type":"Point","coordinates":[-86.81369,36.19641]},"properties":{"probability":0.457,"inBuffer":false,"facType":"police"}},{"type":"Feature","geometry":{"type":"Point","coordinates":[-86.80813,36.1964]},"properties":{"probability":0.638,"inBuffer":false,"facType":"government"}},{"type":"Feature","geometry":{"type":"Point","coordinates":[-86.80257,36.1964]},"properties":{"probability":0.643,"inBuffer":false,"facType":"government"}},{"type":"Feature","geometry":{"type":"Point","coordinates":[-86.797,36.19638]},"properties":{"probability":0.64,"inBuffer":false,"facType":"government"}},{"type":"Feature","geometry":{"type":"Point","coordinates":[-86.79144,36.19638]},"properties":{"probability":0.597,"inBuffer":false,"facType":"government"}},{"type":"Feature","geometry":{"type":"Point","coordinates":[-86.78588,36.19637]},"properties":{"probability":0.495,"inBuffer":false,"facType":"government"}},{"type":"Feature","geometry":{"type":"Point","coordinates":[-86.78032,36.19636]},"properties":{"probability":0.444,"inBuffer":false,"facType":"government"}},{"type":"Feature","geometry":{"type":"Point","coordinates":[-86.77476,36.19635]},"properties":{"probability":0.458,"inBuffer":false,"facType":"substation"}},{"type":"Feature","geometry":{"type":"Point","coordinates":[-86.7692,36.19633]},"properties":{"probability":0.439,"inBuffer":false,"facType":"substation"}},{"type":"Feature","geometry":{"type":"Point","coordinates":[-86.76363,36.19632]},"properties":{"probability":0.431,"inBuffer":false,"facType":"substation"}},{"type":"Feature","geometry":{"type":"Point","coordinates":[-86.75807,36.19631]},"properties":{"probability":0.434,"inBuffer":false,"facType":"substation"}},{"type":"Feature","geometry":{"type":"Point","coordinates":[-86.75251,36.1963]},"properties":{"probability":0.432,"inBuffer":false,"facType":"substation"}},{"type":"Feature","geometry":{"type":"Point","coordinates":[-86.74695,36.19629]},"properties":{"probability":0.517,"inBuffer":false,"facType":"substation"}},{"type":"Feature","geometry":{"type":"Point","coordinates":[-86.74139,36.19628]},"properties":{"probability":0.574,"inBuffer":false,"facType":"substation"}},{"type":"Feature","geometry":{"type":"Point","coordinates":[-86.73583,36.19627]},"properties":{"probability":0.496,"inBuffer":false,"facType":"substation"}},{"type":"Feature","geometry":{"type":"Point","coordinates":[-86.73027,36.19625]},"properties":{"probability":0.448,"inBuffer":false,"facType":"substation"}},{"type":"Feature","geometry":{"type":"Point","coordinates":[-86.72471,36.19624]},"properties":{"probability":0.417,"inBuffer":false,"facType":"substation"}},{"type":"Feature","geometry":{"type":"Point","coordinates":[-86.71915,36.19623]},"properties":{"probability":0.334,"inBuffer":false,"facType":"substation"}},{"type":"Feature","geometry":{"type":"Point","coordinates":[-86.71358,36.19622]},"properties":{"probability":0.276,"inBuffer":false,"facType":"substation"}},{"type":"Feature","geometry":{"type":"Point","coordinates":[-86.70802,36.1962]},"properties":{"probability":0.204,"inBuffer":false,"facType":"substation"}},{"type":"Feature","geometry":{"type":"Point","coordinates":[-86.70246,36.19619]},"properties":{"probability":0.184,"inBuffer":false,"facType":"substation"}},{"type":"Feature","geometry":{"type":"Point","coordinates":[-86.6969,36.19617]},"properties":{"probability":0.447,"inBuffer":false,"facType":"substation"}},{"type":"Feature","geometry":{"type":"Point","coordinates":[-86.69134,36.19616]},"properties":{"probability":0.522,"inBuffer":false,"facType":"substation"}},{"type":"Feature","geometry":{"type":"Point","coordinates":[-86.68578,36.19614]},"properties":{"probability":0.349,"inBuffer":false,"facType":"water_works"}},{"type":"Feature","geometry":{"type":"Point","coordinates":[-86.68021,36.19613]},"properties":{"probability":0.202,"inBuffer":false,"facType":"water_works"}},{"type":"Feature","geometry":{"type":"Point","coordinates":[-86.67465,36.19612]},"properties":{"probability":0.133,"inBuffer":false,"facType":"water_works"}},{"type":"Feature","geometry":{"type":"Point","coordinates":[-86.66909,36.1961]},"properties":{"probability":0.128,"inBuffer":false,"facType":"water_works"}},{"type":"Feature","geometry":{"type":"Point","coordinates":[-86.66353,36.19609]},"properties":{"probability":0.15,"inBuffer":false,"facType":"substation"}},{"type":"Feature","geometry":{"type":"Point","coordinates":[-86.65797,36.19607]},"properties":{"probability":0.134,"inBuffer":false,"facType":"substation"}},{"type":"Feature","geometry":{"type":"Point","coordinates":[-86.6524,36.19605]},"properties":{"probability":0.125,"inBuffer":false,"facType":"substation"}},{"type":"Feature","geometry":{"type":"Point","coordinates":[-86.64684,36.19604]},"properties":{"probability":0.135,"inBuffer":false,"facType":"substation"}},{"type":"Feature","geometry":{"type":"Point","coordinates":[-86.64129,36.19602]},"properties":{"probability":0.192,"inBuffer":false,"facType":"substation"}},{"type":"Feature","geometry":{"type":"Point","coordinates":[-86.63573,36.196]},"properties":{"probability":0.195,"inBuffer":false,"facType":"substation"}},{"type":"Feature","geometry":{"type":"Point","coordinates":[-86.63017,36.19599]},"properties":{"probability":0.237,"inBuffer":false,"facType":"substation"}},{"type":"Feature","geometry":{"type":"Point","coordinates":[-86.6246,36.19597]},"properties":{"probability":0.594,"inBuffer":true,"facType":"substation"}},{"type":"Feature","geometry":{"type":"Point","coordinates":[-86.61904,36.19595]},"properties":{"probability":0.598,"inBuffer":true,"facType":"substation"}},{"type":"Feature","geometry":{"type":"Point","coordinates":[-86.61348,36.19593]},"properties":{"probability":0.436,"inBuffer":true,"facType":"substation"}},{"type":"Feature","geometry":{"type":"Point","coordinates":[-86.60792,36.19592]},"properties":{"probability":0.194,"inBuffer":false,"facType":"substation"}},{"type":"Feature","geometry":{"type":"Point","coordinates":[-86.60236,36.1959]},"properties":{"probability":0.151,"inBuffer":false,"facType":"substation"}},{"type":"Feature","geometry":{"type":"Point","coordinates":[-86.9138,36.19202]},"properties":{"probability":0.207,"inBuffer":false,"facType":"airport"}},{"type":"Feature","geometry":{"type":"Point","coordinates":[-86.90824,36.19202]},"properties":{"probability":0.621,"inBuffer":false,"facType":"airport"}},{"type":"Feature","geometry":{"type":"Point","coordinates":[-86.90268,36.19201]},"properties":{"probability":0.599,"inBuffer":false,"facType":"airport"}},{"type":"Feature","geometry":{"type":"Point","coordinates":[-86.89712,36.19201]},"properties":{"probability":0.471,"inBuffer":false,"facType":"airport"}},{"type":"Feature","geometry":{"type":"Point","coordinates":[-86.89156,36.192]},"properties":{"probability":0.143,"inBuffer":true,"facType":"airport"}},{"type":"Feature","geometry":{"type":"Point","coordinates":[-86.88599,36.192]},"properties":{"probability":0.148,"inBuffer":true,"facType":"airport"}},{"type":"Feature","geometry":{"type":"Point","coordinates":[-86.88043,36.19199]},"properties":{"probability":0.254,"inBuffer":true,"facType":"airport"}},{"type":"Feature","geometry":{"type":"Point","coordinates":[-86.87487,36.19199]},"properties":{"probability":0.236,"inBuffer":false,"facType":"substation"}},{"type":"Feature","geometry":{"type":"Point","coordinates":[-86.86931,36.19198]},"properties":{"probability":0.452,"inBuffer":false,"facType":"substation"}},{"type":"Feature","geometry":{"type":"Point","coordinates":[-86.86375,36.19197]},"properties":{"probability":0.644,"inBuffer":false,"facType":"water_works"}},{"type":"Feature","geometry":{"type":"Point","coordinates":[-86.85819,36.19197]},"properties":{"probability":0.572,"inBuffer":false,"facType":"water_works"}},{"type":"Feature","geometry":{"type":"Point","coordinates":[-86.85263,36.19196]},"properties":{"probability":0.2,"inBuffer":false,"facType":"water_works"}},{"type":"Feature","geometry":{"type":"Point","coordinates":[-86.84707,36.19195]},"properties":{"probability":0.207,"inBuffer":false,"facType":"substation"}},{"type":"Feature","geometry":{"type":"Point","coordinates":[-86.84151,36.19194]},"properties":{"probability":0.401,"inBuffer":false,"facType":"substation"}},{"type":"Feature","geometry":{"type":"Point","coordinates":[-86.83595,36.19194]},"properties":{"probability":0.518,"inBuffer":false,"facType":"substation"}},{"type":"Feature","geometry":{"type":"Point","coordinates":[-86.83038,36.19193]},"properties":{"probability":0.495,"inBuffer":false,"facType":"substation"}},{"type":"Feature","geometry":{"type":"Point","coordinates":[-86.82482,36.19192]},"properties":{"probability":0.436,"inBuffer":true,"facType":"police"}},{"type":"Feature","geometry":{"type":"Point","coordinates":[-86.81926,36.19191]},"properties":{"probability":0.457,"inBuffer":true,"facType":"police"}},{"type":"Feature","geometry":{"type":"Point","coordinates":[-86.8137,36.19191]},"properties":{"probability":0.447,"inBuffer":true,"facType":"police"}},{"type":"Feature","geometry":{"type":"Point","coordinates":[-86.80814,36.1919]},"properties":{"probability":0.651,"inBuffer":false,"facType":"substation"}},{"type":"Feature","geometry":{"type":"Point","coordinates":[-86.80257,36.19189]},"properties":{"probability":0.661,"inBuffer":false,"facType":"government"}},{"type":"Feature","geometry":{"type":"Point","coordinates":[-86.79702,36.19188]},"properties":{"probability":0.657,"inBuffer":false,"facType":"government"}},{"type":"Feature","geometry":{"type":"Point","coordinates":[-86.79146,36.19187]},"properties":{"probability":0.647,"inBuffer":false,"facType":"government"}},{"type":"Feature","geometry":{"type":"Point","coordinates":[-86.7859,36.19186]},"properties":{"probability":0.583,"inBuffer":false,"facType":"government"}},{"type":"Feature","geometry":{"type":"Point","coordinates":[-86.78033,36.19185]},"properties":{"probability":0.499,"inBuffer":false,"facType":"water_works"}},{"type":"Feature","geometry":{"type":"Point","coordinates":[-86.77477,36.19184]},"properties":{"probability":0.502,"inBuffer":false,"facType":"substation"}},{"type":"Feature","geometry":{"type":"Point","coordinates":[-86.76921,36.19183]},"properties":{"probability":0.452,"inBuffer":false,"facType":"substation"}},{"type":"Feature","geometry":{"type":"Point","coordinates":[-86.76365,36.19182]},"properties":{"probability":0.409,"inBuffer":false,"facType":"substation"}},{"type":"Feature","geometry":{"type":"Point","coordinates":[-86.75809,36.19181]},"properties":{"probability":0.41,"inBuffer":false,"facType":"substation"}},{"type":"Feature","geometry":{"type":"Point","coordinates":[-86.75253,36.1918]},"properties":{"probability":0.455,"inBuffer":false,"facType":"substation"}},{"type":"Feature","geometry":{"type":"Point","coordinates":[-86.74696,36.19178]},"properties":{"probability":0.559,"inBuffer":false,"facType":"substation"}},{"type":"Feature","geometry":{"type":"Point","coordinates":[-86.7414,36.19177]},"properties":{"probability":0.47,"inBuffer":false,"facType":"substation"}},{"type":"Feature","geometry":{"type":"Point","coordinates":[-86.73585,36.19176]},"properties":{"probability":0.411,"inBuffer":false,"facType":"substation"}},{"type":"Feature","geometry":{"type":"Point","coordinates":[-86.73029,36.19175]},"properties":{"probability":0.403,"inBuffer":false,"facType":"substation"}},{"type":"Feature","geometry":{"type":"Point","coordinates":[-86.72472,36.19173]},"properties":{"probability":0.424,"inBuffer":false,"facType":"substation"}},{"type":"Feature","geometry":{"type":"Point","coordinates":[-86.71916,36.19172]},"properties":{"probability":0.272,"inBuffer":false,"facType":"substation"}},{"type":"Feature","geometry":{"type":"Point","coordinates":[-86.7136,36.19171]},"properties":{"probability":0.254,"inBuffer":false,"facType":"substation"}},{"type":"Feature","geometry":{"type":"Point","coordinates":[-86.70804,36.1917]},"properties":{"probability":0.222,"inBuffer":false,"facType":"substation"}},{"type":"Feature","geometry":{"type":"Point","coordinates":[-86.70248,36.19168]},"properties":{"probability":0.149,"inBuffer":false,"facType":"substation"}},{"type":"Feature","geometry":{"type":"Point","coordinates":[-86.69691,36.19167]},"properties":{"probability":0.176,"inBuffer":false,"facType":"substation"}},{"type":"Feature","geometry":{"type":"Point","coordinates":[-86.69135,36.19165]},"properties":{"probability":0.54,"inBuffer":false,"facType":"substation"}},{"type":"Feature","geometry":{"type":"Point","coordinates":[-86.68579,36.19164]},"properties":{"probability":0.408,"inBuffer":false,"facType":"water_works"}},{"type":"Feature","geometry":{"type":"Point","coordinates":[-86.68024,36.19162]},"properties":{"probability":0.256,"inBuffer":false,"facType":"water_works"}},{"type":"Feature","geometry":{"type":"Point","coordinates":[-86.67467,36.19161]},"properties":{"probability":0.238,"inBuffer":false,"facType":"water_works"}},{"type":"Feature","geometry":{"type":"Point","coordinates":[-86.66911,36.19159]},"properties":{"probability":0.273,"inBuffer":false,"facType":"water_works"}},{"type":"Feature","geometry":{"type":"Point","coordinates":[-86.66355,36.19158]},"properties":{"probability":0.221,"inBuffer":false,"facType":"substation"}},{"type":"Feature","geometry":{"type":"Point","coordinates":[-86.65799,36.19156]},"properties":{"probability":0.19,"inBuffer":false,"facType":"substation"}},{"type":"Feature","geometry":{"type":"Point","coordinates":[-86.65243,36.19155]},"properties":{"probability":0.127,"inBuffer":false,"facType":"substation"}},{"type":"Feature","geometry":{"type":"Point","coordinates":[-86.64687,36.19153]},"properties":{"probability":0.184,"inBuffer":false,"facType":"substation"}},{"type":"Feature","geometry":{"type":"Point","coordinates":[-86.6413,36.19151]},"properties":{"probability":0.253,"inBuffer":false,"facType":"substation"}},{"type":"Feature","geometry":{"type":"Point","coordinates":[-86.63574,36.1915]},"properties":{"probability":0.44,"inBuffer":false,"facType":"substation"}},{"type":"Feature","geometry":{"type":"Point","coordinates":[-86.63018,36.19148]},"properties":{"probability":0.545,"inBuffer":false,"facType":"substation"}},{"type":"Feature","geometry":{"type":"Point","coordinates":[-86.62463,36.19146]},"properties":{"probability":0.552,"inBuffer":true,"facType":"substation"}},{"type":"Feature","geometry":{"type":"Point","coordinates":[-86.61906,36.19144]},"properties":{"probability":0.482,"inBuffer":true,"facType":"hospital"}},{"type":"Feature","geometry":{"type":"Point","coordinates":[-86.6135,36.19143]},"properties":{"probability":0.465,"inBuffer":true,"facType":"hospital"}},{"type":"Feature","geometry":{"type":"Point","coordinates":[-86.60794,36.19141]},"properties":{"probability":0.383,"inBuffer":false,"facType":"hospital"}},{"type":"Feature","geometry":{"type":"Point","coordinates":[-86.60238,36.19139]},"properties":{"probability":0.214,"inBuffer":false,"facType":"hospital"}},{"type":"Feature","geometry":{"type":"Point","coordinates":[-86.9138,36.18751]},"properties":{"probability":0.199,"inBuffer":false,"facType":"airport"}},{"type":"Feature","geometry":{"type":"Point","coordinates":[-86.90825,36.18751]},"properties":{"probability":0.635,"inBuffer":false,"facType":"airport"}},{"type":"Feature","geometry":{"type":"Point","coordinates":[-86.90269,36.1875]},"properties":{"probability":0.609,"inBuffer":false,"facType":"airport"}},{"type":"Feature","geometry":{"type":"Point","coordinates":[-86.89713,36.1875]},"properties":{"probability":0.333,"inBuffer":true,"facType":"airport"}},{"type":"Feature","geometry":{"type":"Point","coordinates":[-86.89156,36.18749]},"properties":{"probability":0.184,"inBuffer":true,"facType":"airport"}},{"type":"Feature","geometry":{"type":"Point","coordinates":[-86.886,36.18749]},"properties":{"probability":0.339,"inBuffer":true,"facType":"airport"}},{"type":"Feature","geometry":{"type":"Point","coordinates":[-86.88044,36.18748]},"properties":{"probability":0.433,"inBuffer":true,"facType":"airport"}},{"type":"Feature","geometry":{"type":"Point","coordinates":[-86.87488,36.18748]},"properties":{"probability":0.243,"inBuffer":true,"facType":"substation"}},{"type":"Feature","geometry":{"type":"Point","coordinates":[-86.86932,36.18747]},"properties":{"probability":0.136,"inBuffer":false,"facType":"substation"}},{"type":"Feature","geometry":{"type":"Point","coordinates":[-86.86376,36.18747]},"properties":{"probability":0.3,"inBuffer":false,"facType":"water_works"}},{"type":"Feature","geometry":{"type":"Point","coordinates":[-86.8582,36.18746]},"properties":{"probability":0.35,"inBuffer":true,"facType":"water_works"}},{"type":"Feature","geometry":{"type":"Point","coordinates":[-86.85264,36.18745]},"properties":{"probability":0.334,"inBuffer":true,"facType":"water_works"}},{"type":"Feature","geometry":{"type":"Point","coordinates":[-86.84708,36.18745]},"properties":{"probability":0.292,"inBuffer":false,"facType":"power"}},{"type":"Feature","geometry":{"type":"Point","coordinates":[-86.84151,36.18744]},"properties":{"probability":0.415,"inBuffer":false,"facType":"substation"}},{"type":"Feature","geometry":{"type":"Point","coordinates":[-86.83595,36.18743]},"properties":{"probability":0.415,"inBuffer":false,"facType":"substation"}},{"type":"Feature","geometry":{"type":"Point","coordinates":[-86.83039,36.18742]},"properties":{"probability":0.435,"inBuffer":false,"facType":"substation"}},{"type":"Feature","geometry":{"type":"Point","coordinates":[-86.82483,36.18742]},"properties":{"probability":0.551,"inBuffer":true,"facType":"police"}},{"type":"Feature","geometry":{"type":"Point","coordinates":[-86.81927,36.1874]},"properties":{"probability":0.59,"inBuffer":true,"facType":"police"}},{"type":"Feature","geometry":{"type":"Point","coordinates":[-86.81371,36.1874]},"properties":{"probability":0.547,"inBuffer":true,"facType":"police"}},{"type":"Feature","geometry":{"type":"Point","coordinates":[-86.80815,36.18739]},"properties":{"probability":0.61,"inBuffer":false,"facType":"substation"}},{"type":"Feature","geometry":{"type":"Point","coordinates":[-86.80259,36.18738]},"properties":{"probability":0.653,"inBuffer":false,"facType":"substation"}},{"type":"Feature","geometry":{"type":"Point","coordinates":[-86.79703,36.18737]},"properties":{"probability":0.658,"inBuffer":false,"facType":"substation"}},{"type":"Feature","geometry":{"type":"Point","coordinates":[-86.79147,36.18736]},"properties":{"probability":0.625,"inBuffer":true,"facType":"water_works"}},{"type":"Feature","geometry":{"type":"Point","coordinates":[-86.7859,36.18735]},"properties":{"probability":0.649,"inBuffer":true,"facType":"water_works"}},{"type":"Feature","geometry":{"type":"Point","coordinates":[-86.78034,36.18734]},"properties":{"probability":0.637,"inBuffer":true,"facType":"water_works"}},{"type":"Feature","geometry":{"type":"Point","coordinates":[-86.77479,36.18733]},"properties":{"probability":0.608,"inBuffer":false,"facType":"substation"}},{"type":"Feature","geometry":{"type":"Point","coordinates":[-86.76923,36.18732]},"properties":{"probability":0.485,"inBuffer":false,"facType":"substation"}},{"type":"Feature","geometry":{"type":"Point","coordinates":[-86.76366,36.18731]},"properties":{"probability":0.461,"inBuffer":false,"facType":"substation"}},{"type":"Feature","geometry":{"type":"Point","coordinates":[-86.7581,36.1873]},"properties":{"probability":0.462,"inBuffer":false,"facType":"substation"}},{"type":"Feature","geometry":{"type":"Point","coordinates":[-86.75254,36.18729]},"properties":{"probability":0.565,"inBuffer":false,"facType":"substation"}},{"type":"Feature","geometry":{"type":"Point","coordinates":[-86.74698,36.18727]},"properties":{"probability":0.595,"inBuffer":false,"facType":"substation"}},{"type":"Feature","geometry":{"type":"Point","coordinates":[-86.74142,36.18726]},"properties":{"probability":0.417,"inBuffer":false,"facType":"substation"}},{"type":"Feature","geometry":{"type":"Point","coordinates":[-86.73586,36.18725]},"properties":{"probability":0.401,"inBuffer":false,"facType":"substation"}},{"type":"Feature","geometry":{"type":"Point","coordinates":[-86.7303,36.18724]},"properties":{"probability":0.34,"inBuffer":false,"facType":"substation"}},{"type":"Feature","geometry":{"type":"Point","coordinates":[-86.72474,36.18723]},"properties":{"probability":0.273,"inBuffer":false,"facType":"substation"}},{"type":"Feature","geometry":{"type":"Point","coordinates":[-86.71918,36.18721]},"properties":{"probability":0.25,"inBuffer":false,"facType":"substation"}},{"type":"Feature","geometry":{"type":"Point","coordinates":[-86.71362,36.1872]},"properties":{"probability":0.234,"inBuffer":false,"facType":"substation"}},{"type":"Feature","geometry":{"type":"Point","coordinates":[-86.70805,36.18719]},"properties":{"probability":0.196,"inBuffer":false,"facType":"substation"}},{"type":"Feature","geometry":{"type":"Point","coordinates":[-86.70249,36.18717]},"properties":{"probability":0.133,"inBuffer":false,"facType":"substation"}},{"type":"Feature","geometry":{"type":"Point","coordinates":[-86.69693,36.18716]},"properties":{"probability":0.197,"inBuffer":false,"facType":"substation"}},{"type":"Feature","geometry":{"type":"Point","coordinates":[-86.69138,36.18715]},"properties":{"probability":0.404,"inBuffer":false,"facType":"substation"}},{"type":"Feature","geometry":{"type":"Point","coordinates":[-86.68581,36.18713]},"properties":{"probability":0.395,"inBuffer":false,"facType":"substation"}},{"type":"Feature","geometry":{"type":"Point","coordinates":[-86.68025,36.18711]},"properties":{"probability":0.336,"inBuffer":false,"facType":"water_works"}},{"type":"Feature","geometry":{"type":"Point","coordinates":[-86.67469,36.1871]},"properties":{"probability":0.237,"inBuffer":false,"facType":"water_works"}},{"type":"Feature","geometry":{"type":"Point","coordinates":[-86.66913,36.18708]},"properties":{"probability":0.231,"inBuffer":false,"facType":"water_works"}},{"type":"Feature","geometry":{"type":"Point","coordinates":[-86.66357,36.18707]},"properties":{"probability":0.162,"inBuffer":false,"facType":"substation"}},{"type":"Feature","geometry":{"type":"Point","coordinates":[-86.658,36.18705]},"properties":{"probability":0.152,"inBuffer":false,"facType":"substation"}},{"type":"Feature","geometry":{"type":"Point","coordinates":[-86.65245,36.18704]},"properties":{"probability":0.188,"inBuffer":false,"facType":"substation"}},{"type":"Feature","geometry":{"type":"Point","coordinates":[-86.64689,36.18702]},"properties":{"probability":0.205,"inBuffer":false,"facType":"substation"}},{"type":"Feature","geometry":{"type":"Point","coordinates":[-86.64133,36.187]},"properties":{"probability":0.348,"inBuffer":false,"facType":"substation"}},{"type":"Feature","geometry":{"type":"Point","coordinates":[-86.63577,36.18699]},"properties":{"probability":0.406,"inBuffer":false,"facType":"substation"}},{"type":"Feature","geometry":{"type":"Point","coordinates":[-86.6302,36.18697]},"properties":{"probability":0.481,"inBuffer":false,"facType":"substation"}},{"type":"Feature","geometry":{"type":"Point","coordinates":[-86.62464,36.18695]},"properties":{"probability":0.411,"inBuffer":false,"facType":"hospital"}},{"type":"Feature","geometry":{"type":"Point","coordinates":[-86.61908,36.18694]},"properties":{"probability":0.297,"inBuffer":true,"facType":"hospital"}},{"type":"Feature","geometry":{"type":"Point","coordinates":[-86.61353,36.18692]},"properties":{"probability":0.412,"inBuffer":false,"facType":"hospital"}},{"type":"Feature","geometry":{"type":"Point","coordinates":[-86.60796,36.1869]},"properties":{"probability":0.444,"inBuffer":false,"facType":"hospital"}},{"type":"Feature","geometry":{"type":"Point","coordinates":[-86.6024,36.18688]},"properties":{"probability":0.337,"inBuffer":false,"facType":"hospital"}},{"type":"Feature","geometry":{"type":"Point","coordinates":[-86.90825,36.183]},"properties":{"probability":0.198,"inBuffer":false,"facType":"airport"}},{"type":"Feature","geometry":{"type":"Point","coordinates":[-86.90269,36.18299]},"properties":{"probability":0.275,"inBuffer":false,"facType":"airport"}},{"type":"Feature","geometry":{"type":"Point","coordinates":[-86.89713,36.18299]},"properties":{"probability":0.426,"inBuffer":true,"facType":"airport"}},{"type":"Feature","geometry":{"type":"Point","coordinates":[-86.89157,36.18299]},"properties":{"probability":0.37,"inBuffer":true,"facType":"airport"}},{"type":"Feature","geometry":{"type":"Point","coordinates":[-86.88601,36.18298]},"properties":{"probability":0.448,"inBuffer":true,"facType":"airport"}},{"type":"Feature","geometry":{"type":"Point","coordinates":[-86.88045,36.18298]},"properties":{"probability":0.514,"inBuffer":true,"facType":"airport"}},{"type":"Feature","geometry":{"type":"Point","coordinates":[-86.87489,36.18297]},"properties":{"probability":0.214,"inBuffer":true,"facType":"substation"}},{"type":"Feature","geometry":{"type":"Point","coordinates":[-86.86932,36.18296]},"properties":{"probability":0.155,"inBuffer":false,"facType":"substation"}},{"type":"Feature","geometry":{"type":"Point","coordinates":[-86.86377,36.18296]},"properties":{"probability":0.167,"inBuffer":false,"facType":"water_works"}},{"type":"Feature","geometry":{"type":"Point","coordinates":[-86.85821,36.18295]},"properties":{"probability":0.451,"inBuffer":true,"facType":"water_works"}},{"type":"Feature","geometry":{"type":"Point","coordinates":[-86.85265,36.18295]},"properties":{"probability":0.45,"inBuffer":true,"facType":"power"}},{"type":"Feature","geometry":{"type":"Point","coordinates":[-86.84708,36.18294]},"properties":{"probability":0.416,"inBuffer":true,"facType":"power"}},{"type":"Feature","geometry":{"type":"Point","coordinates":[-86.84152,36.18293]},"properties":{"probability":0.333,"inBuffer":false,"facType":"substation"}},{"type":"Feature","geometry":{"type":"Point","coordinates":[-86.83596,36.18292]},"properties":{"probability":0.411,"inBuffer":false,"facType":"substation"}},{"type":"Feature","geometry":{"type":"Point","coordinates":[-86.83041,36.18291]},"properties":{"probability":0.508,"inBuffer":false,"facType":"substation"}},{"type":"Feature","geometry":{"type":"Point","coordinates":[-86.82484,36.18291]},"properties":{"probability":0.56,"inBuffer":false,"facType":"substation"}},{"type":"Feature","geometry":{"type":"Point","coordinates":[-86.81928,36.1829]},"properties":{"probability":0.515,"inBuffer":true,"facType":"substation"}},{"type":"Feature","geometry":{"type":"Point","coordinates":[-86.81372,36.18289]},"properties":{"probability":0.515,"inBuffer":true,"facType":"fire"}},{"type":"Feature","geometry":{"type":"Point","coordinates":[-86.80816,36.18288]},"properties":{"probability":0.535,"inBuffer":true,"facType":"substation"}},{"type":"Feature","geometry":{"type":"Point","coordinates":[-86.8026,36.18287]},"properties":{"probability":0.599,"inBuffer":false,"facType":"substation"}},{"type":"Feature","geometry":{"type":"Point","coordinates":[-86.79704,36.18286]},"properties":{"probability":0.634,"inBuffer":false,"facType":"government"}},{"type":"Feature","geometry":{"type":"Point","coordinates":[-86.79148,36.18285]},"properties":{"probability":0.627,"inBuffer":true,"facType":"government"}},{"type":"Feature","geometry":{"type":"Point","coordinates":[-86.78592,36.18284]},"properties":{"probability":0.646,"inBuffer":true,"facType":"power"}},{"type":"Feature","geometry":{"type":"Point","coordinates":[-86.78036,36.18283]},"properties":{"probability":0.639,"inBuffer":true,"facType":"substation"}},{"type":"Feature","geometry":{"type":"Point","coordinates":[-86.7748,36.18282]},"properties":{"probability":0.642,"inBuffer":false,"facType":"substation"}},{"type":"Feature","geometry":{"type":"Point","coordinates":[-86.76923,36.18281]},"properties":{"probability":0.578,"inBuffer":false,"facType":"substation"}},{"type":"Feature","geometry":{"type":"Point","coordinates":[-86.76368,36.1828]},"properties":{"probability":0.482,"inBuffer":false,"facType":"substation"}},{"type":"Feature","geometry":{"type":"Point","coordinates":[-86.75812,36.18279]},"properties":{"probability":0.58,"inBuffer":false,"facType":"substation"}},{"type":"Feature","geometry":{"type":"Point","coordinates":[-86.75256,36.18278]},"properties":{"probability":0.618,"inBuffer":false,"facType":"substation"}},{"type":"Feature","geometry":{"type":"Point","coordinates":[-86.74699,36.18277]},"properties":{"probability":0.607,"inBuffer":false,"facType":"substation"}},{"type":"Feature","geometry":{"type":"Point","coordinates":[-86.74143,36.18275]},"properties":{"probability":0.399,"inBuffer":false,"facType":"substation"}},{"type":"Feature","geometry":{"type":"Point","coordinates":[-86.73588,36.18274]},"properties":{"probability":0.33,"inBuffer":false,"facType":"substation"}},{"type":"Feature","geometry":{"type":"Point","coordinates":[-86.73032,36.18273]},"properties":{"probability":0.275,"inBuffer":false,"facType":"substation"}},{"type":"Feature","geometry":{"type":"Point","coordinates":[-86.72475,36.18272]},"properties":{"probability":0.243,"inBuffer":false,"facType":"substation"}},{"type":"Feature","geometry":{"type":"Point","coordinates":[-86.71919,36.1827]},"properties":{"probability":0.276,"inBuffer":false,"facType":"substation"}},{"type":"Feature","geometry":{"type":"Point","coordinates":[-86.71363,36.18269]},"properties":{"probability":0.213,"inBuffer":false,"facType":"substation"}},{"type":"Feature","geometry":{"type":"Point","coordinates":[-86.70807,36.18268]},"properties":{"probability":0.153,"inBuffer":false,"facType":"substation"}},{"type":"Feature","geometry":{"type":"Point","coordinates":[-86.70251,36.18267]},"properties":{"probability":0.134,"inBuffer":false,"facType":"substation"}},{"type":"Feature","geometry":{"type":"Point","coordinates":[-86.69695,36.18265]},"properties":{"probability":0.34,"inBuffer":false,"facType":"substation"}},{"type":"Feature","geometry":{"type":"Point","coordinates":[-86.69139,36.18264]},"properties":{"probability":0.244,"inBuffer":false,"facType":"substation"}},{"type":"Feature","geometry":{"type":"Point","coordinates":[-86.68583,36.18262]},"properties":{"probability":0.249,"inBuffer":false,"facType":"substation"}},{"type":"Feature","geometry":{"type":"Point","coordinates":[-86.68027,36.18261]},"properties":{"probability":0.269,"inBuffer":false,"facType":"fire"}},{"type":"Feature","geometry":{"type":"Point","coordinates":[-86.67471,36.18259]},"properties":{"probability":0.221,"inBuffer":false,"facType":"water_works"}},{"type":"Feature","geometry":{"type":"Point","coordinates":[-86.66915,36.18258]},"properties":{"probability":0.147,"inBuffer":false,"facType":"water_works"}},{"type":"Feature","geometry":{"type":"Point","coordinates":[-86.66359,36.18256]},"properties":{"probability":0.126,"inBuffer":false,"facType":"substation"}},{"type":"Feature","geometry":{"type":"Point","coordinates":[-86.65803,36.18254]},"properties":{"probability":0.147,"inBuffer":false,"facType":"substation"}},{"type":"Feature","geometry":{"type":"Point","coordinates":[-86.65247,36.18253]},"properties":{"probability":0.206,"inBuffer":false,"facType":"substation"}},{"type":"Feature","geometry":{"type":"Point","coordinates":[-86.6469,36.18251]},"properties":{"probability":0.309,"inBuffer":false,"facType":"substation"}},{"type":"Feature","geometry":{"type":"Point","coordinates":[-86.64135,36.1825]},"properties":{"probability":0.426,"inBuffer":false,"facType":"substation"}},{"type":"Feature","geometry":{"type":"Point","coordinates":[-86.63579,36.18248]},"properties":{"probability":0.286,"inBuffer":false,"facType":"substation"}},{"type":"Feature","geometry":{"type":"Point","coordinates":[-86.63023,36.18246]},"properties":{"probability":0.275,"inBuffer":false,"facType":"government"}},{"type":"Feature","geometry":{"type":"Point","coordinates":[-86.62466,36.18245]},"properties":{"probability":0.219,"inBuffer":false,"facType":"government"}},{"type":"Feature","geometry":{"type":"Point","coordinates":[-86.6191,36.18243]},"properties":{"probability":0.221,"inBuffer":false,"facType":"government"}},{"type":"Feature","geometry":{"type":"Point","coordinates":[-86.61355,36.18241]},"properties":{"probability":0.399,"inBuffer":false,"facType":"government"}},{"type":"Feature","geometry":{"type":"Point","coordinates":[-86.60799,36.18239]},"properties":{"probability":0.598,"inBuffer":true,"facType":"hospital"}},{"type":"Feature","geometry":{"type":"Point","coordinates":[-86.60242,36.18237]},"properties":{"probability":0.463,"inBuffer":false,"facType":"hospital"}},{"type":"Feature","geometry":{"type":"Point","coordinates":[-86.90826,36.17849]},"properties":{"probability":0.184,"inBuffer":false,"facType":"airport"}},{"type":"Feature","geometry":{"type":"Point","coordinates":[-86.90269,36.17849]},"properties":{"probability":0.32,"inBuffer":false,"facType":"airport"}},{"type":"Feature","geometry":{"type":"Point","coordinates":[-86.89713,36.17848]},"properties":{"probability":0.47,"inBuffer":true,"facType":"airport"}},{"type":"Feature","geometry":{"type":"Point","coordinates":[-86.89158,36.17848]},"properties":{"probability":0.447,"inBuffer":true,"facType":"airport"}},{"type":"Feature","geometry":{"type":"Point","coordinates":[-86.88602,36.17847]},"properties":{"probability":0.599,"inBuffer":true,"facType":"airport"}},{"type":"Feature","geometry":{"type":"Point","coordinates":[-86.88046,36.17847]},"properties":{"probability":0.596,"inBuffer":true,"facType":"airport"}},{"type":"Feature","geometry":{"type":"Point","coordinates":[-86.87489,36.17846]},"properties":{"probability":0.418,"inBuffer":true,"facType":"substation"}},{"type":"Feature","geometry":{"type":"Point","coordinates":[-86.86933,36.17846]},"properties":{"probability":0.321,"inBuffer":false,"facType":"substation"}},{"type":"Feature","geometry":{"type":"Point","coordinates":[-86.86378,36.17845]},"properties":{"probability":0.286,"inBuffer":false,"facType":"substation"}},{"type":"Feature","geometry":{"type":"Point","coordinates":[-86.85822,36.17844]},"properties":{"probability":0.341,"inBuffer":true,"facType":"power"}},{"type":"Feature","geometry":{"type":"Point","coordinates":[-86.85265,36.17844]},"properties":{"probability":0.445,"inBuffer":true,"facType":"power"}},{"type":"Feature","geometry":{"type":"Point","coordinates":[-86.84709,36.17843]},"properties":{"probability":0.335,"inBuffer":false,"facType":"power"}},{"type":"Feature","geometry":{"type":"Point","coordinates":[-86.84153,36.17842]},"properties":{"probability":0.194,"inBuffer":false,"facType":"power"}},{"type":"Feature","geometry":{"type":"Point","coordinates":[-86.83598,36.17841]},"properties":{"probability":0.21,"inBuffer":false,"facType":"substation"}},{"type":"Feature","geometry":{"type":"Point","coordinates":[-86.83041,36.17841]},"properties":{"probability":0.495,"inBuffer":false,"facType":"substation"}},{"type":"Feature","geometry":{"type":"Point","coordinates":[-86.82485,36.1784]},"properties":{"probability":0.49,"inBuffer":false,"facType":"substation"}},{"type":"Feature","geometry":{"type":"Point","coordinates":[-86.81929,36.17839]},"properties":{"probability":0.484,"inBuffer":true,"facType":"substation"}},{"type":"Feature","geometry":{"type":"Point","coordinates":[-86.81373,36.17838]},"properties":{"probability":0.554,"inBuffer":true,"facType":"fire"}},{"type":"Feature","geometry":{"type":"Point","coordinates":[-86.80817,36.17837]},"properties":{"probability":0.559,"inBuffer":true,"facType":"fire"}},{"type":"Feature","geometry":{"type":"Point","coordinates":[-86.80261,36.17836]},"properties":{"probability":0.591,"inBuffer":false,"facType":"substation"}},{"type":"Feature","geometry":{"type":"Point","coordinates":[-86.79705,36.17836]},"properties":{"probability":0.648,"inBuffer":false,"facType":"government"}},{"type":"Feature","geometry":{"type":"Point","coordinates":[-86.79149,36.17834]},"properties":{"probability":0.65,"inBuffer":true,"facType":"substation"}},{"type":"Feature","geometry":{"type":"Point","coordinates":[-86.78593,36.17834]},"properties":{"probability":0.647,"inBuffer":true,"facType":"substation"}},{"type":"Feature","geometry":{"type":"Point","coordinates":[-86.78037,36.17833]},"properties":{"probability":0.632,"inBuffer":false,"facType":"substation"}},{"type":"Feature","geometry":{"type":"Point","coordinates":[-86.77481,36.17831]},"properties":{"probability":0.634,"inBuffer":false,"facType":"government"}},{"type":"Feature","geometry":{"type":"Point","coordinates":[-86.76925,36.1783]},"properties":{"probability":0.623,"inBuffer":false,"facType":"fire"}},{"type":"Feature","geometry":{"type":"Point","coordinates":[-86.76369,36.1783]},"properties":{"probability":0.611,"inBuffer":false,"facType":"fire"}},{"type":"Feature","geometry":{"type":"Point","coordinates":[-86.75813,36.17828]},"properties":{"probability":0.642,"inBuffer":false,"facType":"substation"}},{"type":"Feature","geometry":{"type":"Point","coordinates":[-86.75257,36.17827]},"properties":{"probability":0.646,"inBuffer":false,"facType":"substation"}},{"type":"Feature","geometry":{"type":"Point","coordinates":[-86.74701,36.17826]},"properties":{"probability":0.597,"inBuffer":false,"facType":"substation"}},{"type":"Feature","geometry":{"type":"Point","coordinates":[-86.74145,36.17825]},"properties":{"probability":0.398,"inBuffer":false,"facType":"substation"}},{"type":"Feature","geometry":{"type":"Point","coordinates":[-86.73589,36.17823]},"properties":{"probability":0.258,"inBuffer":false,"facType":"substation"}},{"type":"Feature","geometry":{"type":"Point","coordinates":[-86.73033,36.17822]},"properties":{"probability":0.231,"inBuffer":false,"facType":"substation"}},{"type":"Feature","geometry":{"type":"Point","coordinates":[-86.72477,36.17821]},"properties":{"probability":0.229,"inBuffer":false,"facType":"substation"}},{"type":"Feature","geometry":{"type":"Point","coordinates":[-86.71921,36.1782]},"properties":{"probability":0.225,"inBuffer":false,"facType":"substation"}},{"type":"Feature","geometry":{"type":"Point","coordinates":[-86.71365,36.17818]},"properties":{"probability":0.198,"inBuffer":false,"facType":"substation"}},{"type":"Feature","geometry":{"type":"Point","coordinates":[-86.70809,36.17817]},"properties":{"probability":0.16,"inBuffer":false,"facType":"substation"}},{"type":"Feature","geometry":{"type":"Point","coordinates":[-86.70253,36.17816]},"properties":{"probability":0.208,"inBuffer":false,"facType":"substation"}},{"type":"Feature","geometry":{"type":"Point","coordinates":[-86.69697,36.17814]},"properties":{"probability":0.381,"inBuffer":false,"facType":"substation"}},{"type":"Feature","geometry":{"type":"Point","coordinates":[-86.69141,36.17813]},"properties":{"probability":0.336,"inBuffer":false,"facType":"substation"}},{"type":"Feature","geometry":{"type":"Point","coordinates":[-86.68584,36.17812]},"properties":{"probability":0.272,"inBuffer":false,"facType":"fire"}},{"type":"Feature","geometry":{"type":"Point","coordinates":[-86.68029,36.1781]},"properties":{"probability":0.278,"inBuffer":false,"facType":"fire"}},{"type":"Feature","geometry":{"type":"Point","coordinates":[-86.67473,36.17809]},"properties":{"probability":0.206,"inBuffer":false,"facType":"fire"}},{"type":"Feature","geometry":{"type":"Point","coordinates":[-86.66917,36.17807]},"properties":{"probability":0.163,"inBuffer":false,"facType":"substation"}},{"type":"Feature","geometry":{"type":"Point","coordinates":[-86.6636,36.17805]},"properties":{"probability":0.137,"inBuffer":false,"facType":"substation"}},{"type":"Feature","geometry":{"type":"Point","coordinates":[-86.65805,36.17804]},"properties":{"probability":0.146,"inBuffer":false,"facType":"substation"}},{"type":"Feature","geometry":{"type":"Point","coordinates":[-86.65249,36.17802]},"properties":{"probability":0.212,"inBuffer":false,"facType":"substation"}},{"type":"Feature","geometry":{"type":"Point","coordinates":[-86.64693,36.17801]},"properties":{"probability":0.285,"inBuffer":false,"facType":"substation"}},{"type":"Feature","geometry":{"type":"Point","coordinates":[-86.64137,36.17799]},"properties":{"probability":0.233,"inBuffer":false,"facType":"substation"}},{"type":"Feature","geometry":{"type":"Point","coordinates":[-86.63581,36.17797]},"properties":{"probability":0.232,"inBuffer":false,"facType":"government"}},{"type":"Feature","geometry":{"type":"Point","coordinates":[-86.63025,36.17796]},"properties":{"probability":0.206,"inBuffer":false,"facType":"government"}},{"type":"Feature","geometry":{"type":"Point","coordinates":[-86.62469,36.17794]},"properties":{"probability":0.202,"inBuffer":false,"facType":"government"}},{"type":"Feature","geometry":{"type":"Point","coordinates":[-86.61913,36.17792]},"properties":{"probability":0.232,"inBuffer":false,"facType":"government"}},{"type":"Feature","geometry":{"type":"Point","coordinates":[-86.61356,36.1779]},"properties":{"probability":0.41,"inBuffer":true,"facType":"government"}},{"type":"Feature","geometry":{"type":"Point","coordinates":[-86.60801,36.17789]},"properties":{"probability":0.605,"inBuffer":true,"facType":"hospital"}},{"type":"Feature","geometry":{"type":"Point","coordinates":[-86.60245,36.17787]},"properties":{"probability":0.543,"inBuffer":true,"facType":"hospital"}},{"type":"Feature","geometry":{"type":"Point","coordinates":[-86.90826,36.17398]},"properties":{"probability":0.109,"inBuffer":false,"facType":"airport"}},{"type":"Feature","geometry":{"type":"Point","coordinates":[-86.9027,36.17398]},"properties":{"probability":0.15,"inBuffer":false,"facType":"airport"}},{"type":"Feature","geometry":{"type":"Point","coordinates":[-86.89714,36.17397]},"properties":{"probability":0.257,"inBuffer":false,"facType":"airport"}},{"type":"Feature","geometry":{"type":"Point","coordinates":[-86.89158,36.17397]},"properties":{"probability":0.32,"inBuffer":true,"facType":"airport"}},{"type":"Feature","geometry":{"type":"Point","coordinates":[-86.88602,36.17397]},"properties":{"probability":0.454,"inBuffer":true,"facType":"airport"}},{"type":"Feature","geometry":{"type":"Point","coordinates":[-86.88046,36.17396]},"properties":{"probability":0.651,"inBuffer":true,"facType":"airport"}},{"type":"Feature","geometry":{"type":"Point","coordinates":[-86.8749,36.17395]},"properties":{"probability":0.523,"inBuffer":false,"facType":"substation"}},{"type":"Feature","geometry":{"type":"Point","coordinates":[-86.86934,36.17395]},"properties":{"probability":0.485,"inBuffer":false,"facType":"substation"}},{"type":"Feature","geometry":{"type":"Point","coordinates":[-86.86378,36.17394]},"properties":{"probability":0.573,"inBuffer":true,"facType":"substation"}},{"type":"Feature","geometry":{"type":"Point","coordinates":[-86.85822,36.17393]},"properties":{"probability":0.452,"inBuffer":true,"facType":"substation"}},{"type":"Feature","geometry":{"type":"Point","coordinates":[-86.85266,36.17393]},"properties":{"probability":0.239,"inBuffer":false,"facType":"power"}},{"type":"Feature","geometry":{"type":"Point","coordinates":[-86.8471,36.17392]},"properties":{"probability":0.207,"inBuffer":false,"facType":"power"}},{"type":"Feature","geometry":{"type":"Point","coordinates":[-86.84155,36.17392]},"properties":{"probability":0.178,"inBuffer":false,"facType":"substation"}},{"type":"Feature","geometry":{"type":"Point","coordinates":[-86.83598,36.17391]},"properties":{"probability":0.196,"inBuffer":false,"facType":"substation"}},{"type":"Feature","geometry":{"type":"Point","coordinates":[-86.83042,36.1739]},"properties":{"probability":0.405,"inBuffer":false,"facType":"substation"}},{"type":"Feature","geometry":{"type":"Point","coordinates":[-86.82486,36.17389]},"properties":{"probability":0.597,"inBuffer":false,"facType":"substation"}},{"type":"Feature","geometry":{"type":"Point","coordinates":[-86.81931,36.17388]},"properties":{"probability":0.595,"inBuffer":false,"facType":"fire"}},{"type":"Feature","geometry":{"type":"Point","coordinates":[-86.81374,36.17387]},"properties":{"probability":0.593,"inBuffer":true,"facType":"substation"}},{"type":"Feature","geometry":{"type":"Point","coordinates":[-86.80818,36.17387]},"properties":{"probability":0.624,"inBuffer":true,"facType":"substation"}},{"type":"Feature","geometry":{"type":"Point","coordinates":[-86.80262,36.17385]},"properties":{"probability":0.632,"inBuffer":false,"facType":"substation"}},{"type":"Feature","geometry":{"type":"Point","coordinates":[-86.79707,36.17385]},"properties":{"probability":0.616,"inBuffer":false,"facType":"substation"}},{"type":"Feature","geometry":{"type":"Point","coordinates":[-86.7915,36.17384]},"properties":{"probability":0.692,"inBuffer":false,"facType":"government"}},{"type":"Feature","geometry":{"type":"Point","coordinates":[-86.78594,36.17383]},"properties":{"probability":0.701,"inBuffer":false,"facType":"government"}},{"type":"Feature","geometry":{"type":"Point","coordinates":[-86.78038,36.17382]},"properties":{"probability":0.662,"inBuffer":false,"facType":"government"}},{"type":"Feature","geometry":{"type":"Point","coordinates":[-86.77483,36.17381]},"properties":{"probability":0.627,"inBuffer":false,"facType":"substation"}},{"type":"Feature","geometry":{"type":"Point","coordinates":[-86.76926,36.1738]},"properties":{"probability":0.637,"inBuffer":true,"facType":"government"}},{"type":"Feature","geometry":{"type":"Point","coordinates":[-86.7637,36.17379]},"properties":{"probability":0.645,"inBuffer":true,"facType":"fire"}},{"type":"Feature","geometry":{"type":"Point","coordinates":[-86.75814,36.17377]},"properties":{"probability":0.642,"inBuffer":true,"facType":"fire"}},{"type":"Feature","geometry":{"type":"Point","coordinates":[-86.75259,36.17376]},"properties":{"probability":0.61,"inBuffer":false,"facType":"substation"}},{"type":"Feature","geometry":{"type":"Point","coordinates":[-86.74702,36.17375]},"properties":{"probability":0.526,"inBuffer":false,"facType":"substation"}},{"type":"Feature","geometry":{"type":"Point","coordinates":[-86.74146,36.17374]},"properties":{"probability":0.404,"inBuffer":false,"facType":"substation"}},{"type":"Feature","geometry":{"type":"Point","coordinates":[-86.7359,36.17373]},"properties":{"probability":0.325,"inBuffer":false,"facType":"substation"}},{"type":"Feature","geometry":{"type":"Point","coordinates":[-86.73035,36.17371]},"properties":{"probability":0.239,"inBuffer":false,"facType":"water_works"}},{"type":"Feature","geometry":{"type":"Point","coordinates":[-86.72478,36.1737]},"properties":{"probability":0.217,"inBuffer":false,"facType":"water_works"}},{"type":"Feature","geometry":{"type":"Point","coordinates":[-86.71922,36.17369]},"properties":{"probability":0.215,"inBuffer":false,"facType":"water_works"}},{"type":"Feature","geometry":{"type":"Point","coordinates":[-86.71367,36.17368]},"properties":{"probability":0.171,"inBuffer":false,"facType":"substation"}},{"type":"Feature","geometry":{"type":"Point","coordinates":[-86.70811,36.17366]},"properties":{"probability":0.163,"inBuffer":false,"facType":"substation"}},{"type":"Feature","geometry":{"type":"Point","coordinates":[-86.70255,36.17365]},"properties":{"probability":0.216,"inBuffer":false,"facType":"substation"}},{"type":"Feature","geometry":{"type":"Point","coordinates":[-86.69698,36.17364]},"properties":{"probability":0.244,"inBuffer":false,"facType":"substation"}},{"type":"Feature","geometry":{"type":"Point","coordinates":[-86.69143,36.17362]},"properties":{"probability":0.488,"inBuffer":false,"facType":"substation"}},{"type":"Feature","geometry":{"type":"Point","coordinates":[-86.68587,36.17361]},"properties":{"probability":0.592,"inBuffer":true,"facType":"fire"}},{"type":"Feature","geometry":{"type":"Point","coordinates":[-86.68031,36.17359]},"properties":{"probability":0.586,"inBuffer":true,"facType":"fire"}},{"type":"Feature","geometry":{"type":"Point","coordinates":[-86.67474,36.17358]},"properties":{"probability":0.524,"inBuffer":false,"facType":"fire"}},{"type":"Feature","geometry":{"type":"Point","coordinates":[-86.66919,36.17356]},"properties":{"probability":0.397,"inBuffer":false,"facType":"fire"}},{"type":"Feature","geometry":{"type":"Point","coordinates":[-86.66363,36.17355]},"properties":{"probability":0.236,"inBuffer":false,"facType":"substation"}},{"type":"Feature","geometry":{"type":"Point","coordinates":[-86.65807,36.17353]},"properties":{"probability":0.209,"inBuffer":false,"facType":"substation"}},{"type":"Feature","geometry":{"type":"Point","coordinates":[-86.6525,36.17352]},"properties":{"probability":0.273,"inBuffer":false,"facType":"substation"}},{"type":"Feature","geometry":{"type":"Point","coordinates":[-86.64695,36.1735]},"properties":{"probability":0.282,"inBuffer":false,"facType":"substation"}},{"type":"Feature","geometry":{"type":"Point","coordinates":[-86.64139,36.17348]},"properties":{"probability":0.223,"inBuffer":false,"facType":"substation"}},{"type":"Feature","geometry":{"type":"Point","coordinates":[-86.63583,36.17347]},"properties":{"probability":0.222,"inBuffer":false,"facType":"substation"}},{"type":"Feature","geometry":{"type":"Point","coordinates":[-86.63027,36.17345]},"properties":{"probability":0.235,"inBuffer":false,"facType":"government"}},{"type":"Feature","geometry":{"type":"Point","coordinates":[-86.62471,36.17343]},"properties":{"probability":0.254,"inBuffer":false,"facType":"government"}},{"type":"Feature","geometry":{"type":"Point","coordinates":[-86.61915,36.17341]},"properties":{"probability":0.343,"inBuffer":false,"facType":"government"}},{"type":"Feature","geometry":{"type":"Point","coordinates":[-86.61359,36.1734]},"properties":{"probability":0.436,"inBuffer":true,"facType":"government"}},{"type":"Feature","geometry":{"type":"Point","coordinates":[-86.60803,36.17338]},"properties":{"probability":0.612,"inBuffer":true,"facType":"hospital"}},{"type":"Feature","geometry":{"type":"Point","coordinates":[-86.60247,36.17336]},"properties":{"probability":0.61,"inBuffer":true,"facType":"hospital"}},{"type":"Feature","geometry":{"type":"Point","coordinates":[-86.89715,36.16947]},"properties":{"probability":0.138,"inBuffer":false,"facType":"airport"}},{"type":"Feature","geometry":{"type":"Point","coordinates":[-86.89159,36.16946]},"properties":{"probability":0.184,"inBuffer":false,"facType":"airport"}},{"type":"Feature","geometry":{"type":"Point","coordinates":[-86.88602,36.16946]},"properties":{"probability":0.217,"inBuffer":false,"facType":"airport"}},{"type":"Feature","geometry":{"type":"Point","coordinates":[-86.88047,36.16945]},"properties":{"probability":0.306,"inBuffer":false,"facType":"substation"}},{"type":"Feature","geometry":{"type":"Point","coordinates":[-86.87491,36.16945]},"properties":{"probability":0.485,"inBuffer":false,"facType":"substation"}},{"type":"Feature","geometry":{"type":"Point","coordinates":[-86.86935,36.16944]},"properties":{"probability":0.593,"inBuffer":true,"facType":"substation"}},{"type":"Feature","geometry":{"type":"Point","coordinates":[-86.86379,36.16943]},"properties":{"probability":0.625,"inBuffer":true,"facType":"fire"}},{"type":"Feature","geometry":{"type":"Point","coordinates":[-86.85823,36.16943]},"properties":{"probability":0.609,"inBuffer":true,"facType":"fire"}},{"type":"Feature","geometry":{"type":"Point","coordinates":[-86.85267,36.16942]},"properties":{"probability":0.563,"inBuffer":false,"facType":"fire"}},{"type":"Feature","geometry":{"type":"Point","coordinates":[-86.84711,36.16941]},"properties":{"probability":0.412,"inBuffer":false,"facType":"fire"}},{"type":"Feature","geometry":{"type":"Point","coordinates":[-86.84155,36.16941]},"properties":{"probability":0.228,"inBuffer":false,"facType":"substation"}},{"type":"Feature","geometry":{"type":"Point","coordinates":[-86.83599,36.1694]},"properties":{"probability":0.507,"inBuffer":false,"facType":"substation"}},{"type":"Feature","geometry":{"type":"Point","coordinates":[-86.83043,36.16939]},"properties":{"probability":0.613,"inBuffer":false,"facType":"substation"}},{"type":"Feature","geometry":{"type":"Point","coordinates":[-86.82487,36.16938]},"properties":{"probability":0.639,"inBuffer":false,"facType":"substation"}},{"type":"Feature","geometry":{"type":"Point","coordinates":[-86.81931,36.16938]},"properties":{"probability":0.64,"inBuffer":false,"facType":"hospital"}},{"type":"Feature","geometry":{"type":"Point","coordinates":[-86.81375,36.16936]},"properties":{"probability":0.629,"inBuffer":true,"facType":"hospital"}},{"type":"Feature","geometry":{"type":"Point","coordinates":[-86.8082,36.16936]},"properties":{"probability":0.648,"inBuffer":true,"facType":"hospital"}},{"type":"Feature","geometry":{"type":"Point","coordinates":[-86.80264,36.16935]},"properties":{"probability":0.649,"inBuffer":true,"facType":"hospital"}},{"type":"Feature","geometry":{"type":"Point","coordinates":[-86.79707,36.16934]},"properties":{"probability":0.641,"inBuffer":false,"facType":"government"}},{"type":"Feature","geometry":{"type":"Point","coordinates":[-86.79151,36.16933]},"properties":{"probability":0.724,"inBuffer":false,"facType":"government"}},{"type":"Feature","geometry":{"type":"Point","coordinates":[-86.78596,36.16932]},"properties":{"probability":0.723,"inBuffer":false,"facType":"government"}},{"type":"Feature","geometry":{"type":"Point","coordinates":[-86.7804,36.16931]},"properties":{"probability":0.728,"inBuffer":false,"facType":"substation"}},{"type":"Feature","geometry":{"type":"Point","coordinates":[-86.77483,36.1693]},"properties":{"probability":0.727,"inBuffer":false,"facType":"substation"}},{"type":"Feature","geometry":{"type":"Point","coordinates":[-86.76928,36.16929]},"properties":{"probability":0.717,"inBuffer":true,"facType":"government"}},{"type":"Feature","geometry":{"type":"Point","coordinates":[-86.76372,36.16928]},"properties":{"probability":0.658,"inBuffer":true,"facType":"fire"}},{"type":"Feature","geometry":{"type":"Point","coordinates":[-86.75816,36.16927]},"properties":{"probability":0.611,"inBuffer":true,"facType":"fire"}},{"type":"Feature","geometry":{"type":"Point","coordinates":[-86.7526,36.16925]},"properties":{"probability":0.56,"inBuffer":false,"facType":"substation"}},{"type":"Feature","geometry":{"type":"Point","coordinates":[-86.74704,36.16924]},"properties":{"probability":0.443,"inBuffer":false,"facType":"substation"}},{"type":"Feature","geometry":{"type":"Point","coordinates":[-86.74148,36.16923]},"properties":{"probability":0.4,"inBuffer":false,"facType":"substation"}},{"type":"Feature","geometry":{"type":"Point","coordinates":[-86.73592,36.16922]},"properties":{"probability":0.343,"inBuffer":false,"facType":"water_works"}},{"type":"Feature","geometry":{"type":"Point","coordinates":[-86.73036,36.16921]},"properties":{"probability":0.296,"inBuffer":false,"facType":"water_works"}},{"type":"Feature","geometry":{"type":"Point","coordinates":[-86.7248,36.16919]},"properties":{"probability":0.219,"inBuffer":false,"facType":"water_works"}},{"type":"Feature","geometry":{"type":"Point","coordinates":[-86.71924,36.16918]},"properties":{"probability":0.2,"inBuffer":false,"facType":"water_works"}},{"type":"Feature","geometry":{"type":"Point","coordinates":[-86.71368,36.16917]},"properties":{"probability":0.205,"inBuffer":false,"facType":"water_works"}},{"type":"Feature","geometry":{"type":"Point","coordinates":[-86.70812,36.16916]},"properties":{"probability":0.221,"inBuffer":false,"facType":"substation"}},{"type":"Feature","geometry":{"type":"Point","coordinates":[-86.70256,36.16914]},"properties":{"probability":0.216,"inBuffer":false,"facType":"substation"}},{"type":"Feature","geometry":{"type":"Point","coordinates":[-86.69701,36.16913]},"properties":{"probability":0.337,"inBuffer":false,"facType":"substation"}},{"type":"Feature","geometry":{"type":"Point","coordinates":[-86.69144,36.16911]},"properties":{"probability":0.591,"inBuffer":false,"facType":"substation"}},{"type":"Feature","geometry":{"type":"Point","coordinates":[-86.68588,36.1691]},"properties":{"probability":0.629,"inBuffer":true,"facType":"fire"}},{"type":"Feature","geometry":{"type":"Point","coordinates":[-86.68033,36.16908]},"properties":{"probability":0.634,"inBuffer":true,"facType":"fire"}},{"type":"Feature","geometry":{"type":"Point","coordinates":[-86.67477,36.16907]},"properties":{"probability":0.585,"inBuffer":true,"facType":"fire"}},{"type":"Feature","geometry":{"type":"Point","coordinates":[-86.6692,36.16906]},"properties":{"probability":0.536,"inBuffer":false,"facType":"fire"}},{"type":"Feature","geometry":{"type":"Point","coordinates":[-86.66364,36.16904]},"properties":{"probability":0.472,"inBuffer":false,"facType":"substation"}},{"type":"Feature","geometry":{"type":"Point","coordinates":[-86.65809,36.16902]},"properties":{"probability":0.359,"inBuffer":false,"facType":"substation"}},{"type":"Feature","geometry":{"type":"Point","coordinates":[-86.65253,36.16901]},"properties":{"probability":0.434,"inBuffer":false,"facType":"substation"}},{"type":"Feature","geometry":{"type":"Point","coordinates":[-86.64697,36.16899]},"properties":{"probability":0.401,"inBuffer":false,"facType":"substation"}},{"type":"Feature","geometry":{"type":"Point","coordinates":[-86.64141,36.16898]},"properties":{"probability":0.289,"inBuffer":false,"facType":"substation"}},{"type":"Feature","geometry":{"type":"Point","coordinates":[-86.63585,36.16896]},"properties":{"probability":0.283,"inBuffer":false,"facType":"substation"}},{"type":"Feature","geometry":{"type":"Point","coordinates":[-86.63029,36.16894]},"properties":{"probability":0.203,"inBuffer":false,"facType":"government"}},{"type":"Feature","geometry":{"type":"Point","coordinates":[-86.62473,36.16892]},"properties":{"probability":0.357,"inBuffer":false,"facType":"government"}},{"type":"Feature","geometry":{"type":"Point","coordinates":[-86.61917,36.16891]},"properties":{"probability":0.404,"inBuffer":false,"facType":"government"}},{"type":"Feature","geometry":{"type":"Point","coordinates":[-86.61361,36.16889]},"properties":{"probability":0.361,"inBuffer":false,"facType":"hospital"}},{"type":"Feature","geometry":{"type":"Point","coordinates":[-86.60806,36.16887]},"properties":{"probability":0.434,"inBuffer":false,"facType":"hospital"}},{"type":"Feature","geometry":{"type":"Point","coordinates":[-86.60249,36.16885]},"properties":{"probability":0.488,"inBuffer":false,"facType":"hospital"}},{"type":"Feature","geometry":{"type":"Point","coordinates":[-86.89716,36.16496]},"properties":{"probability":0.125,"inBuffer":false,"facType":"airport"}},{"type":"Feature","geometry":{"type":"Point","coordinates":[-86.89159,36.16496]},"properties":{"probability":0.211,"inBuffer":false,"facType":"airport"}},{"type":"Feature","geometry":{"type":"Point","coordinates":[-86.88603,36.16495]},"properties":{"probability":0.204,"inBuffer":false,"facType":"substation"}},{"type":"Feature","geometry":{"type":"Point","coordinates":[-86.88048,36.16494]},"properties":{"probability":0.204,"inBuffer":false,"facType":"substation"}},{"type":"Feature","geometry":{"type":"Point","coordinates":[-86.87492,36.16494]},"properties":{"probability":0.413,"inBuffer":false,"facType":"substation"}},{"type":"Feature","geometry":{"type":"Point","coordinates":[-86.86935,36.16493]},"properties":{"probability":0.541,"inBuffer":false,"facType":"substation"}},{"type":"Feature","geometry":{"type":"Point","coordinates":[-86.8638,36.16492]},"properties":{"probability":0.592,"inBuffer":true,"facType":"substation"}},{"type":"Feature","geometry":{"type":"Point","coordinates":[-86.85824,36.16492]},"properties":{"probability":0.634,"inBuffer":true,"facType":"fire"}},{"type":"Feature","geometry":{"type":"Point","coordinates":[-86.85268,36.16491]},"properties":{"probability":0.646,"inBuffer":false,"facType":"fire"}},{"type":"Feature","geometry":{"type":"Point","coordinates":[-86.84712,36.16491]},"properties":{"probability":0.631,"inBuffer":false,"facType":"substation"}},{"type":"Feature","geometry":{"type":"Point","coordinates":[-86.84156,36.1649]},"properties":{"probability":0.528,"inBuffer":false,"facType":"substation"}},{"type":"Feature","geometry":{"type":"Point","coordinates":[-86.836,36.16489]},"properties":{"probability":0.607,"inBuffer":false,"facType":"substation"}},{"type":"Feature","geometry":{"type":"Point","coordinates":[-86.83044,36.16488]},"properties":{"probability":0.638,"inBuffer":false,"facType":"substation"}},{"type":"Feature","geometry":{"type":"Point","coordinates":[-86.82488,36.16488]},"properties":{"probability":0.592,"inBuffer":false,"facType":"substation"}},{"type":"Feature","geometry":{"type":"Point","coordinates":[-86.81932,36.16487]},"properties":{"probability":0.611,"inBuffer":false,"facType":"hospital"}},{"type":"Feature","geometry":{"type":"Point","coordinates":[-86.81377,36.16486]},"properties":{"probability":0.625,"inBuffer":true,"facType":"hospital"}},{"type":"Feature","geometry":{"type":"Point","coordinates":[-86.8082,36.16485]},"properties":{"probability":0.643,"inBuffer":true,"facType":"hospital"}},{"type":"Feature","geometry":{"type":"Point","coordinates":[-86.80264,36.16484]},"properties":{"probability":0.633,"inBuffer":true,"facType":"substation"}},{"type":"Feature","geometry":{"type":"Point","coordinates":[-86.79709,36.16483]},"properties":{"probability":0.657,"inBuffer":false,"facType":"substation"}},{"type":"Feature","geometry":{"type":"Point","coordinates":[-86.79153,36.16482]},"properties":{"probability":0.729,"inBuffer":false,"facType":"government"}},{"type":"Feature","geometry":{"type":"Point","coordinates":[-86.78596,36.16481]},"properties":{"probability":0.736,"inBuffer":false,"facType":"government"}},{"type":"Feature","geometry":{"type":"Point","coordinates":[-86.78041,36.1648]},"properties":{"probability":0.747,"inBuffer":false,"facType":"government"}},{"type":"Feature","geometry":{"type":"Point","coordinates":[-86.77485,36.16479]},"properties":{"probability":0.738,"inBuffer":false,"facType":"government"}},{"type":"Feature","geometry":{"type":"Point","coordinates":[-86.76929,36.16478]},"properties":{"probability":0.756,"inBuffer":true,"facType":"government"}},{"type":"Feature","geometry":{"type":"Point","coordinates":[-86.76373,36.16477]},"properties":{"probability":0.702,"inBuffer":true,"facType":"fire"}},{"type":"Feature","geometry":{"type":"Point","coordinates":[-86.75817,36.16476]},"properties":{"probability":0.633,"inBuffer":false,"facType":"substation"}},{"type":"Feature","geometry":{"type":"Point","coordinates":[-86.75261,36.16475]},"properties":{"probability":0.566,"inBuffer":false,"facType":"substation"}},{"type":"Feature","geometry":{"type":"Point","coordinates":[-86.74706,36.16474]},"properties":{"probability":0.435,"inBuffer":false,"facType":"substation"}},{"type":"Feature","geometry":{"type":"Point","coordinates":[-86.74149,36.16473]},"properties":{"probability":0.534,"inBuffer":false,"facType":"substation"}},{"type":"Feature","geometry":{"type":"Point","coordinates":[-86.73593,36.16471]},"properties":{"probability":0.467,"inBuffer":false,"facType":"water_works"}},{"type":"Feature","geometry":{"type":"Point","coordinates":[-86.73038,36.1647]},"properties":{"probability":0.456,"inBuffer":false,"facType":"water_works"}},{"type":"Feature","geometry":{"type":"Point","coordinates":[-86.72482,36.16469]},"properties":{"probability":0.412,"inBuffer":false,"facType":"water_works"}},{"type":"Feature","geometry":{"type":"Point","coordinates":[-86.71925,36.16467]},"properties":{"probability":0.362,"inBuffer":false,"facType":"water_works"}},{"type":"Feature","geometry":{"type":"Point","coordinates":[-86.7137,36.16466]},"properties":{"probability":0.249,"inBuffer":false,"facType":"water_works"}},{"type":"Feature","geometry":{"type":"Point","coordinates":[-86.70814,36.16465]},"properties":{"probability":0.246,"inBuffer":false,"facType":"substation"}},{"type":"Feature","geometry":{"type":"Point","coordinates":[-86.70258,36.16463]},"properties":{"probability":0.244,"inBuffer":false,"facType":"substation"}},{"type":"Feature","geometry":{"type":"Point","coordinates":[-86.69702,36.16462]},"properties":{"probability":0.398,"inBuffer":false,"facType":"substation"}},{"type":"Feature","geometry":{"type":"Point","coordinates":[-86.69146,36.1646]},"properties":{"probability":0.513,"inBuffer":false,"facType":"fire"}},{"type":"Feature","geometry":{"type":"Point","coordinates":[-86.68591,36.16459]},"properties":{"probability":0.488,"inBuffer":true,"facType":"fire"}},{"type":"Feature","geometry":{"type":"Point","coordinates":[-86.68034,36.16458]},"properties":{"probability":0.469,"inBuffer":true,"facType":"fire"}},{"type":"Feature","geometry":{"type":"Point","coordinates":[-86.67478,36.16456]},"properties":{"probability":0.442,"inBuffer":false,"facType":"fire"}},{"type":"Feature","geometry":{"type":"Point","coordinates":[-86.66923,36.16455]},"properties":{"probability":0.463,"inBuffer":false,"facType":"fire"}},{"type":"Feature","geometry":{"type":"Point","coordinates":[-86.66367,36.16453]},"properties":{"probability":0.497,"inBuffer":false,"facType":"substation"}},{"type":"Feature","geometry":{"type":"Point","coordinates":[-86.6581,36.16452]},"properties":{"probability":0.413,"inBuffer":false,"facType":"substation"}},{"type":"Feature","geometry":{"type":"Point","coordinates":[-86.65255,36.1645]},"properties":{"probability":0.559,"inBuffer":false,"facType":"substation"}},{"type":"Feature","geometry":{"type":"Point","coordinates":[-86.64699,36.16448]},"properties":{"probability":0.588,"inBuffer":false,"facType":"substation"}},{"type":"Feature","geometry":{"type":"Point","coordinates":[-86.64143,36.16447]},"properties":{"probability":0.338,"inBuffer":false,"facType":"substation"}},{"type":"Feature","geometry":{"type":"Point","coordinates":[-86.63587,36.16445]},"properties":{"probability":0.261,"inBuffer":false,"facType":"substation"}},{"type":"Feature","geometry":{"type":"Point","coordinates":[-86.63031,36.16443]},"properties":{"probability":0.221,"inBuffer":false,"facType":"power"}},{"type":"Feature","geometry":{"type":"Point","coordinates":[-86.62475,36.16442]},"properties":{"probability":0.334,"inBuffer":false,"facType":"power"}},{"type":"Feature","geometry":{"type":"Point","coordinates":[-86.61919,36.1644]},"properties":{"probability":0.409,"inBuffer":false,"facType":"power"}},{"type":"Feature","geometry":{"type":"Point","coordinates":[-86.61363,36.16438]},"properties":{"probability":0.328,"inBuffer":false,"facType":"power"}},{"type":"Feature","geometry":{"type":"Point","coordinates":[-86.60807,36.16436]},"properties":{"probability":0.277,"inBuffer":false,"facType":"power"}},{"type":"Feature","geometry":{"type":"Point","coordinates":[-86.60252,36.16434]},"properties":{"probability":0.355,"inBuffer":false,"facType":"hospital"}},{"type":"Feature","geometry":{"type":"Point","coordinates":[-86.89716,36.16045]},"properties":{"probability":0.118,"inBuffer":false,"facType":"substation"}},{"type":"Feature","geometry":{"type":"Point","coordinates":[-86.8916,36.16045]},"properties":{"probability":0.243,"inBuffer":false,"facType":"substation"}},{"type":"Feature","geometry":{"type":"Point","coordinates":[-86.88604,36.16044]},"properties":{"probability":0.273,"inBuffer":false,"facType":"substation"}},{"type":"Feature","geometry":{"type":"Point","coordinates":[-86.88049,36.16043]},"properties":{"probability":0.276,"inBuffer":false,"facType":"substation"}},{"type":"Feature","geometry":{"type":"Point","coordinates":[-86.87492,36.16043]},"properties":{"probability":0.399,"inBuffer":false,"facType":"substation"}},{"type":"Feature","geometry":{"type":"Point","coordinates":[-86.86936,36.16042]},"properties":{"probability":0.45,"inBuffer":false,"facType":"substation"}},{"type":"Feature","geometry":{"type":"Point","coordinates":[-86.86381,36.16042]},"properties":{"probability":0.46,"inBuffer":false,"facType":"substation"}},{"type":"Feature","geometry":{"type":"Point","coordinates":[-86.85825,36.16041]},"properties":{"probability":0.536,"inBuffer":false,"facType":"substation"}},{"type":"Feature","geometry":{"type":"Point","coordinates":[-86.85268,36.1604]},"properties":{"probability":0.619,"inBuffer":false,"facType":"substation"}},{"type":"Feature","geometry":{"type":"Point","coordinates":[-86.84713,36.1604]},"properties":{"probability":0.637,"inBuffer":false,"facType":"substation"}},{"type":"Feature","geometry":{"type":"Point","coordinates":[-86.84157,36.16039]},"properties":{"probability":0.559,"inBuffer":false,"facType":"substation"}},{"type":"Feature","geometry":{"type":"Point","coordinates":[-86.83601,36.16039]},"properties":{"probability":0.605,"inBuffer":false,"facType":"substation"}},{"type":"Feature","geometry":{"type":"Point","coordinates":[-86.83045,36.16037]},"properties":{"probability":0.639,"inBuffer":false,"facType":"substation"}},{"type":"Feature","geometry":{"type":"Point","coordinates":[-86.82489,36.16037]},"properties":{"probability":0.533,"inBuffer":false,"facType":"substation"}},{"type":"Feature","geometry":{"type":"Point","coordinates":[-86.81934,36.16036]},"properties":{"probability":0.586,"inBuffer":false,"facType":"substation"}},{"type":"Feature","geometry":{"type":"Point","coordinates":[-86.81377,36.16035]},"properties":{"probability":0.638,"inBuffer":false,"facType":"substation"}},{"type":"Feature","geometry":{"type":"Point","coordinates":[-86.80821,36.16034]},"properties":{"probability":0.649,"inBuffer":true,"facType":"substation"}},{"type":"Feature","geometry":{"type":"Point","coordinates":[-86.80266,36.16033]},"properties":{"probability":0.676,"inBuffer":true,"facType":"substation"}},{"type":"Feature","geometry":{"type":"Point","coordinates":[-86.7971,36.16032]},"properties":{"probability":0.702,"inBuffer":false,"facType":"substation"}},{"type":"Feature","geometry":{"type":"Point","coordinates":[-86.79154,36.16031]},"properties":{"probability":0.748,"inBuffer":false,"facType":"substation"}},{"type":"Feature","geometry":{"type":"Point","coordinates":[-86.78598,36.16031]},"properties":{"probability":0.739,"inBuffer":false,"facType":"government"}},{"type":"Feature","geometry":{"type":"Point","coordinates":[-86.78042,36.16029]},"properties":{"probability":0.738,"inBuffer":false,"facType":"government"}},{"type":"Feature","geometry":{"type":"Point","coordinates":[-86.77486,36.16028]},"properties":{"probability":0.739,"inBuffer":true,"facType":"substation"}},{"type":"Feature","geometry":{"type":"Point","coordinates":[-86.7693,36.16027]},"properties":{"probability":0.733,"inBuffer":true,"facType":"substation"}},{"type":"Feature","geometry":{"type":"Point","coordinates":[-86.76375,36.16026]},"properties":{"probability":0.67,"inBuffer":false,"facType":"substation"}},{"type":"Feature","geometry":{"type":"Point","coordinates":[-86.75819,36.16025]},"properties":{"probability":0.634,"inBuffer":false,"facType":"substation"}},{"type":"Feature","geometry":{"type":"Point","coordinates":[-86.75262,36.16024]},"properties":{"probability":0.613,"inBuffer":false,"facType":"substation"}},{"type":"Feature","geometry":{"type":"Point","coordinates":[-86.74707,36.16023]},"properties":{"probability":0.634,"inBuffer":false,"facType":"substation"}},{"type":"Feature","geometry":{"type":"Point","coordinates":[-86.74151,36.16022]},"properties":{"probability":0.634,"inBuffer":false,"facType":"substation"}},{"type":"Feature","geometry":{"type":"Point","coordinates":[-86.73595,36.16021]},"properties":{"probability":0.632,"inBuffer":false,"facType":"power"}},{"type":"Feature","geometry":{"type":"Point","coordinates":[-86.73039,36.16019]},"properties":{"probability":0.593,"inBuffer":true,"facType":"power"}},{"type":"Feature","geometry":{"type":"Point","coordinates":[-86.72483,36.16018]},"properties":{"probability":0.599,"inBuffer":true,"facType":"water_works"}},{"type":"Feature","geometry":{"type":"Point","coordinates":[-86.71928,36.16017]},"properties":{"probability":0.455,"inBuffer":false,"facType":"water_works"}},{"type":"Feature","geometry":{"type":"Point","coordinates":[-86.71371,36.16015]},"properties":{"probability":0.4,"inBuffer":false,"facType":"water_works"}},{"type":"Feature","geometry":{"type":"Point","coordinates":[-86.70815,36.16014]},"properties":{"probability":0.329,"inBuffer":false,"facType":"substation"}},{"type":"Feature","geometry":{"type":"Point","coordinates":[-86.7026,36.16013]},"properties":{"probability":0.253,"inBuffer":false,"facType":"substation"}},{"type":"Feature","geometry":{"type":"Point","coordinates":[-86.69704,36.16011]},"properties":{"probability":0.409,"inBuffer":false,"facType":"substation"}},{"type":"Feature","geometry":{"type":"Point","coordinates":[-86.69148,36.1601]},"properties":{"probability":0.471,"inBuffer":false,"facType":"substation"}},{"type":"Feature","geometry":{"type":"Point","coordinates":[-86.68592,36.16008]},"properties":{"probability":0.414,"inBuffer":false,"facType":"substation"}},{"type":"Feature","geometry":{"type":"Point","coordinates":[-86.68036,36.16007]},"properties":{"probability":0.301,"inBuffer":false,"facType":"substation"}},{"type":"Feature","geometry":{"type":"Point","coordinates":[-86.6748,36.16005]},"properties":{"probability":0.296,"inBuffer":false,"facType":"substation"}},{"type":"Feature","geometry":{"type":"Point","coordinates":[-86.66924,36.16004]},"properties":{"probability":0.414,"inBuffer":false,"facType":"substation"}},{"type":"Feature","geometry":{"type":"Point","coordinates":[-86.66368,36.16002]},"properties":{"probability":0.458,"inBuffer":false,"facType":"substation"}},{"type":"Feature","geometry":{"type":"Point","coordinates":[-86.65813,36.16001]},"properties":{"probability":0.404,"inBuffer":false,"facType":"substation"}},{"type":"Feature","geometry":{"type":"Point","coordinates":[-86.65257,36.15999]},"properties":{"probability":0.404,"inBuffer":false,"facType":"substation"}},{"type":"Feature","geometry":{"type":"Point","coordinates":[-86.64701,36.15998]},"properties":{"probability":0.453,"inBuffer":false,"facType":"substation"}},{"type":"Feature","geometry":{"type":"Point","coordinates":[-86.64145,36.15996]},"properties":{"probability":0.32,"inBuffer":false,"facType":"substation"}},{"type":"Feature","geometry":{"type":"Point","coordinates":[-86.63589,36.15994]},"properties":{"probability":0.278,"inBuffer":false,"facType":"substation"}},{"type":"Feature","geometry":{"type":"Point","coordinates":[-86.63033,36.15992]},"properties":{"probability":0.26,"inBuffer":false,"facType":"power"}},{"type":"Feature","geometry":{"type":"Point","coordinates":[-86.62477,36.15991]},"properties":{"probability":0.213,"inBuffer":true,"facType":"power"}},{"type":"Feature","geometry":{"type":"Point","coordinates":[-86.61922,36.15989]},"properties":{"probability":0.217,"inBuffer":true,"facType":"power"}},{"type":"Feature","geometry":{"type":"Point","coordinates":[-86.61366,36.15987]},"properties":{"probability":0.195,"inBuffer":true,"facType":"power"}},{"type":"Feature","geometry":{"type":"Point","coordinates":[-86.60809,36.15985]},"properties":{"probability":0.13,"inBuffer":false,"facType":"power"}},{"type":"Feature","geometry":{"type":"Point","coordinates":[-86.60254,36.15984]},"properties":{"probability":0.128,"inBuffer":false,"facType":"power"}},{"type":"Feature","geometry":{"type":"Point","coordinates":[-86.89716,36.15594]},"properties":{"probability":0.113,"inBuffer":false,"facType":"substation"}},{"type":"Feature","geometry":{"type":"Point","coordinates":[-86.89161,36.15594]},"properties":{"probability":0.195,"inBuffer":false,"facType":"substation"}},{"type":"Feature","geometry":{"type":"Point","coordinates":[-86.88605,36.15593]},"properties":{"probability":0.273,"inBuffer":false,"facType":"substation"}},{"type":"Feature","geometry":{"type":"Point","coordinates":[-86.88049,36.15593]},"properties":{"probability":0.273,"inBuffer":false,"facType":"substation"}},{"type":"Feature","geometry":{"type":"Point","coordinates":[-86.87493,36.15592]},"properties":{"probability":0.415,"inBuffer":false,"facType":"substation"}},{"type":"Feature","geometry":{"type":"Point","coordinates":[-86.86937,36.15592]},"properties":{"probability":0.46,"inBuffer":false,"facType":"substation"}},{"type":"Feature","geometry":{"type":"Point","coordinates":[-86.86382,36.15591]},"properties":{"probability":0.467,"inBuffer":false,"facType":"police"}},{"type":"Feature","geometry":{"type":"Point","coordinates":[-86.85825,36.1559]},"properties":{"probability":0.605,"inBuffer":true,"facType":"police"}},{"type":"Feature","geometry":{"type":"Point","coordinates":[-86.8527,36.1559]},"properties":{"probability":0.606,"inBuffer":true,"facType":"substation"}},{"type":"Feature","geometry":{"type":"Point","coordinates":[-86.84714,36.15589]},"properties":{"probability":0.623,"inBuffer":true,"facType":"substation"}},{"type":"Feature","geometry":{"type":"Point","coordinates":[-86.84158,36.15588]},"properties":{"probability":0.611,"inBuffer":true,"facType":"fire"}},{"type":"Feature","geometry":{"type":"Point","coordinates":[-86.83602,36.15588]},"properties":{"probability":0.605,"inBuffer":true,"facType":"substation"}},{"type":"Feature","geometry":{"type":"Point","coordinates":[-86.83046,36.15587]},"properties":{"probability":0.56,"inBuffer":false,"facType":"substation"}},{"type":"Feature","geometry":{"type":"Point","coordinates":[-86.82491,36.15586]},"properties":{"probability":0.62,"inBuffer":false,"facType":"government"}},{"type":"Feature","geometry":{"type":"Point","coordinates":[-86.81934,36.15585]},"properties":{"probability":0.65,"inBuffer":false,"facType":"substation"}},{"type":"Feature","geometry":{"type":"Point","coordinates":[-86.81378,36.15584]},"properties":{"probability":0.643,"inBuffer":true,"facType":"substation"}},{"type":"Feature","geometry":{"type":"Point","coordinates":[-86.80823,36.15583]},"properties":{"probability":0.697,"inBuffer":true,"facType":"hospital"}},{"type":"Feature","geometry":{"type":"Point","coordinates":[-86.80267,36.15583]},"properties":{"probability":0.702,"inBuffer":true,"facType":"hospital"}},{"type":"Feature","geometry":{"type":"Point","coordinates":[-86.79711,36.15582]},"properties":{"probability":0.731,"inBuffer":true,"facType":"hospital"}},{"type":"Feature","geometry":{"type":"Point","coordinates":[-86.79155,36.15581]},"properties":{"probability":0.737,"inBuffer":false,"facType":"substation"}},{"type":"Feature","geometry":{"type":"Point","coordinates":[-86.786,36.1558]},"properties":{"probability":0.739,"inBuffer":false,"facType":"government"}},{"type":"Feature","geometry":{"type":"Point","coordinates":[-86.78043,36.15578]},"properties":{"probability":0.738,"inBuffer":false,"facType":"substation"}},{"type":"Feature","geometry":{"type":"Point","coordinates":[-86.77487,36.15578]},"properties":{"probability":0.743,"inBuffer":true,"facType":"substation"}},{"type":"Feature","geometry":{"type":"Point","coordinates":[-86.76932,36.15577]},"properties":{"probability":0.707,"inBuffer":true,"facType":"fire"}},{"type":"Feature","geometry":{"type":"Point","coordinates":[-86.76376,36.15575]},"properties":{"probability":0.658,"inBuffer":true,"facType":"government"}},{"type":"Feature","geometry":{"type":"Point","coordinates":[-86.7582,36.15574]},"properties":{"probability":0.645,"inBuffer":false,"facType":"government"}},{"type":"Feature","geometry":{"type":"Point","coordinates":[-86.75264,36.15573]},"properties":{"probability":0.645,"inBuffer":false,"facType":"government"}},{"type":"Feature","geometry":{"type":"Point","coordinates":[-86.74709,36.15572]},"properties":{"probability":0.649,"inBuffer":false,"facType":"substation"}},{"type":"Feature","geometry":{"type":"Point","coordinates":[-86.74152,36.15571]},"properties":{"probability":0.638,"inBuffer":false,"facType":"substation"}},{"type":"Feature","geometry":{"type":"Point","coordinates":[-86.73596,36.1557]},"properties":{"probability":0.633,"inBuffer":false,"facType":"power"}},{"type":"Feature","geometry":{"type":"Point","coordinates":[-86.73041,36.15569]},"properties":{"probability":0.634,"inBuffer":true,"facType":"power"}},{"type":"Feature","geometry":{"type":"Point","coordinates":[-86.72485,36.15567]},"properties":{"probability":0.616,"inBuffer":true,"facType":"substation"}},{"type":"Feature","geometry":{"type":"Point","coordinates":[-86.71929,36.15566]},"properties":{"probability":0.583,"inBuffer":false,"facType":"substation"}},{"type":"Feature","geometry":{"type":"Point","coordinates":[-86.71373,36.15565]},"properties":{"probability":0.542,"inBuffer":false,"facType":"substation"}},{"type":"Feature","geometry":{"type":"Point","coordinates":[-86.70818,36.15563]},"properties":{"probability":0.441,"inBuffer":false,"facType":"substation"}},{"type":"Feature","geometry":{"type":"Point","coordinates":[-86.70261,36.15562]},"properties":{"probability":0.442,"inBuffer":false,"facType":"substation"}},{"type":"Feature","geometry":{"type":"Point","coordinates":[-86.69705,36.15561]},"properties":{"probability":0.463,"inBuffer":false,"facType":"substation"}},{"type":"Feature","geometry":{"type":"Point","coordinates":[-86.6915,36.15559]},"properties":{"probability":0.593,"inBuffer":false,"facType":"substation"}},{"type":"Feature","geometry":{"type":"Point","coordinates":[-86.68594,36.15557]},"properties":{"probability":0.468,"inBuffer":false,"facType":"substation"}},{"type":"Feature","geometry":{"type":"Point","coordinates":[-86.68038,36.15556]},"properties":{"probability":0.437,"inBuffer":false,"facType":"substation"}},{"type":"Feature","geometry":{"type":"Point","coordinates":[-86.67482,36.15555]},"properties":{"probability":0.455,"inBuffer":false,"facType":"substation"}},{"type":"Feature","geometry":{"type":"Point","coordinates":[-86.66927,36.15553]},"properties":{"probability":0.519,"inBuffer":false,"facType":"substation"}},{"type":"Feature","geometry":{"type":"Point","coordinates":[-86.6637,36.15551]},"properties":{"probability":0.467,"inBuffer":false,"facType":"substation"}},{"type":"Feature","geometry":{"type":"Point","coordinates":[-86.65814,36.1555]},"properties":{"probability":0.256,"inBuffer":false,"facType":"substation"}},{"type":"Feature","geometry":{"type":"Point","coordinates":[-86.65259,36.15548]},"properties":{"probability":0.244,"inBuffer":false,"facType":"substation"}},{"type":"Feature","geometry":{"type":"Point","coordinates":[-86.64703,36.15547]},"properties":{"probability":0.243,"inBuffer":false,"facType":"substation"}},{"type":"Feature","geometry":{"type":"Point","coordinates":[-86.64147,36.15545]},"properties":{"probability":0.316,"inBuffer":false,"facType":"substation"}},{"type":"Feature","geometry":{"type":"Point","coordinates":[-86.63591,36.15543]},"properties":{"probability":0.412,"inBuffer":false,"facType":"substation"}},{"type":"Feature","geometry":{"type":"Point","coordinates":[-86.63036,36.15542]},"properties":{"probability":0.467,"inBuffer":false,"facType":"substation"}},{"type":"Feature","geometry":{"type":"Point","coordinates":[-86.62479,36.1554]},"properties":{"probability":0.236,"inBuffer":true,"facType":"substation"}},{"type":"Feature","geometry":{"type":"Point","coordinates":[-86.61923,36.15538]},"properties":{"probability":0.135,"inBuffer":true,"facType":"substation"}},{"type":"Feature","geometry":{"type":"Point","coordinates":[-86.61368,36.15536]},"properties":{"probability":0.129,"inBuffer":true,"facType":"substation"}},{"type":"Feature","geometry":{"type":"Point","coordinates":[-86.60812,36.15535]},"properties":{"probability":0.12,"inBuffer":false,"facType":"substation"}},{"type":"Feature","geometry":{"type":"Point","coordinates":[-86.60256,36.15533]},"properties":{"probability":0.126,"inBuffer":false,"facType":"power"}},{"type":"Feature","geometry":{"type":"Point","coordinates":[-86.89161,36.15143]},"properties":{"probability":0.171,"inBuffer":false,"facType":"substation"}},{"type":"Feature","geometry":{"type":"Point","coordinates":[-86.88605,36.15142]},"properties":{"probability":0.205,"inBuffer":false,"facType":"substation"}},{"type":"Feature","geometry":{"type":"Point","coordinates":[-86.88049,36.15142]},"properties":{"probability":0.238,"inBuffer":false,"facType":"substation"}},{"type":"Feature","geometry":{"type":"Point","coordinates":[-86.87494,36.15141]},"properties":{"probability":0.479,"inBuffer":false,"facType":"substation"}},{"type":"Feature","geometry":{"type":"Point","coordinates":[-86.86938,36.15141]},"properties":{"probability":0.51,"inBuffer":false,"facType":"substation"}},{"type":"Feature","geometry":{"type":"Point","coordinates":[-86.86382,36.1514]},"properties":{"probability":0.613,"inBuffer":true,"facType":"substation"}},{"type":"Feature","geometry":{"type":"Point","coordinates":[-86.85826,36.1514]},"properties":{"probability":0.646,"inBuffer":true,"facType":"police"}},{"type":"Feature","geometry":{"type":"Point","coordinates":[-86.85271,36.15139]},"properties":{"probability":0.644,"inBuffer":true,"facType":"substation"}},{"type":"Feature","geometry":{"type":"Point","coordinates":[-86.84715,36.15138]},"properties":{"probability":0.648,"inBuffer":true,"facType":"substation"}},{"type":"Feature","geometry":{"type":"Point","coordinates":[-86.84159,36.15137]},"properties":{"probability":0.643,"inBuffer":true,"facType":"fire"}},{"type":"Feature","geometry":{"type":"Point","coordinates":[-86.83603,36.15137]},"properties":{"probability":0.64,"inBuffer":true,"facType":"fire"}},{"type":"Feature","geometry":{"type":"Point","coordinates":[-86.83047,36.15136]},"properties":{"probability":0.591,"inBuffer":false,"facType":"substation"}},{"type":"Feature","geometry":{"type":"Point","coordinates":[-86.82491,36.15135]},"properties":{"probability":0.643,"inBuffer":false,"facType":"government"}},{"type":"Feature","geometry":{"type":"Point","coordinates":[-86.81935,36.15134]},"properties":{"probability":0.654,"inBuffer":false,"facType":"government"}},{"type":"Feature","geometry":{"type":"Point","coordinates":[-86.8138,36.15134]},"properties":{"probability":0.669,"inBuffer":true,"facType":"hospital"}},{"type":"Feature","geometry":{"type":"Point","coordinates":[-86.80824,36.15133]},"properties":{"probability":0.74,"inBuffer":true,"facType":"hospital"}},{"type":"Feature","geometry":{"type":"Point","coordinates":[-86.80268,36.15132]},"properties":{"probability":0.734,"inBuffer":true,"facType":"hospital"}},{"type":"Feature","geometry":{"type":"Point","coordinates":[-86.79712,36.15131]},"properties":{"probability":0.74,"inBuffer":true,"facType":"hospital"}},{"type":"Feature","geometry":{"type":"Point","coordinates":[-86.79156,36.1513]},"properties":{"probability":0.722,"inBuffer":false,"facType":"hospital"}},{"type":"Feature","geometry":{"type":"Point","coordinates":[-86.786,36.15129]},"properties":{"probability":0.703,"inBuffer":false,"facType":"government"}},{"type":"Feature","geometry":{"type":"Point","coordinates":[-86.78045,36.15128]},"properties":{"probability":0.725,"inBuffer":false,"facType":"substation"}},{"type":"Feature","geometry":{"type":"Point","coordinates":[-86.77489,36.15127]},"properties":{"probability":0.714,"inBuffer":true,"facType":"substation"}},{"type":"Feature","geometry":{"type":"Point","coordinates":[-86.76933,36.15126]},"properties":{"probability":0.666,"inBuffer":true,"facType":"government"}},{"type":"Feature","geometry":{"type":"Point","coordinates":[-86.76377,36.15125]},"properties":{"probability":0.644,"inBuffer":false,"facType":"government"}},{"type":"Feature","geometry":{"type":"Point","coordinates":[-86.75822,36.15124]},"properties":{"probability":0.646,"inBuffer":false,"facType":"government"}},{"type":"Feature","geometry":{"type":"Point","coordinates":[-86.75266,36.15123]},"properties":{"probability":0.638,"inBuffer":false,"facType":"government"}},{"type":"Feature","geometry":{"type":"Point","coordinates":[-86.74709,36.15121]},"properties":{"probability":0.617,"inBuffer":false,"facType":"substation"}},{"type":"Feature","geometry":{"type":"Point","coordinates":[-86.74154,36.1512]},"properties":{"probability":0.54,"inBuffer":false,"facType":"substation"}},{"type":"Feature","geometry":{"type":"Point","coordinates":[-86.73598,36.15119]},"properties":{"probability":0.477,"inBuffer":false,"facType":"substation"}},{"type":"Feature","geometry":{"type":"Point","coordinates":[-86.73042,36.15118]},"properties":{"probability":0.59,"inBuffer":false,"facType":"substation"}},{"type":"Feature","geometry":{"type":"Point","coordinates":[-86.72486,36.15117]},"properties":{"probability":0.608,"inBuffer":false,"facType":"substation"}},{"type":"Feature","geometry":{"type":"Point","coordinates":[-86.71931,36.15115]},"properties":{"probability":0.606,"inBuffer":false,"facType":"substation"}},{"type":"Feature","geometry":{"type":"Point","coordinates":[-86.71375,36.15114]},"properties":{"probability":0.608,"inBuffer":false,"facType":"substation"}},{"type":"Feature","geometry":{"type":"Point","coordinates":[-86.70819,36.15112]},"properties":{"probability":0.614,"inBuffer":false,"facType":"substation"}},{"type":"Feature","geometry":{"type":"Point","coordinates":[-86.70263,36.15111]},"properties":{"probability":0.597,"inBuffer":false,"facType":"substation"}},{"type":"Feature","geometry":{"type":"Point","coordinates":[-86.69707,36.1511]},"properties":{"probability":0.596,"inBuffer":false,"facType":"substation"}},{"type":"Feature","geometry":{"type":"Point","coordinates":[-86.69151,36.15108]},"properties":{"probability":0.645,"inBuffer":false,"facType":"substation"}},{"type":"Feature","geometry":{"type":"Point","coordinates":[-86.68596,36.15107]},"properties":{"probability":0.622,"inBuffer":false,"facType":"substation"}},{"type":"Feature","geometry":{"type":"Point","coordinates":[-86.6804,36.15105]},"properties":{"probability":0.6,"inBuffer":false,"facType":"substation"}},{"type":"Feature","geometry":{"type":"Point","coordinates":[-86.67484,36.15104]},"properties":{"probability":0.611,"inBuffer":false,"facType":"substation"}},{"type":"Feature","geometry":{"type":"Point","coordinates":[-86.66928,36.15102]},"properties":{"probability":0.634,"inBuffer":false,"facType":"substation"}},{"type":"Feature","geometry":{"type":"Point","coordinates":[-86.66373,36.15101]},"properties":{"probability":0.615,"inBuffer":false,"facType":"substation"}},{"type":"Feature","geometry":{"type":"Point","coordinates":[-86.65816,36.15099]},"properties":{"probability":0.248,"inBuffer":false,"facType":"substation"}},{"type":"Feature","geometry":{"type":"Point","coordinates":[-86.6526,36.15097]},"properties":{"probability":0.204,"inBuffer":false,"facType":"substation"}},{"type":"Feature","geometry":{"type":"Point","coordinates":[-86.64705,36.15096]},"properties":{"probability":0.193,"inBuffer":false,"facType":"substation"}},{"type":"Feature","geometry":{"type":"Point","coordinates":[-86.64149,36.15094]},"properties":{"probability":0.227,"inBuffer":false,"facType":"substation"}},{"type":"Feature","geometry":{"type":"Point","coordinates":[-86.63593,36.15092]},"properties":{"probability":0.446,"inBuffer":false,"facType":"substation"}},{"type":"Feature","geometry":{"type":"Point","coordinates":[-86.63037,36.15091]},"properties":{"probability":0.554,"inBuffer":false,"facType":"substation"}},{"type":"Feature","geometry":{"type":"Point","coordinates":[-86.62482,36.15089]},"properties":{"probability":0.396,"inBuffer":false,"facType":"substation"}},{"type":"Feature","geometry":{"type":"Point","coordinates":[-86.61926,36.15088]},"properties":{"probability":0.137,"inBuffer":true,"facType":"substation"}},{"type":"Feature","geometry":{"type":"Point","coordinates":[-86.6137,36.15086]},"properties":{"probability":0.119,"inBuffer":false,"facType":"substation"}},{"type":"Feature","geometry":{"type":"Point","coordinates":[-86.60814,36.15084]},"properties":{"probability":0.112,"inBuffer":false,"facType":"substation"}},{"type":"Feature","geometry":{"type":"Point","coordinates":[-86.60258,36.15082]},"properties":{"probability":0.109,"inBuffer":false,"facType":"substation"}},{"type":"Feature","geometry":{"type":"Point","coordinates":[-86.90829,36.14694]},"properties":{"probability":0.119,"inBuffer":false,"facType":"water_works"}},{"type":"Feature","geometry":{"type":"Point","coordinates":[-86.90273,36.14693]},"properties":{"probability":0.115,"inBuffer":false,"facType":"water_works"}},{"type":"Feature","geometry":{"type":"Point","coordinates":[-86.89162,36.14692]},"properties":{"probability":0.203,"inBuffer":false,"facType":"substation"}},{"type":"Feature","geometry":{"type":"Point","coordinates":[-86.88606,36.14692]},"properties":{"probability":0.224,"inBuffer":false,"facType":"substation"}},{"type":"Feature","geometry":{"type":"Point","coordinates":[-86.8805,36.14691]},"properties":{"probability":0.301,"inBuffer":false,"facType":"substation"}},{"type":"Feature","geometry":{"type":"Point","coordinates":[-86.87495,36.14691]},"properties":{"probability":0.564,"inBuffer":false,"facType":"substation"}},{"type":"Feature","geometry":{"type":"Point","coordinates":[-86.86938,36.1469]},"properties":{"probability":0.601,"inBuffer":false,"facType":"substation"}},{"type":"Feature","geometry":{"type":"Point","coordinates":[-86.86383,36.1469]},"properties":{"probability":0.636,"inBuffer":false,"facType":"substation"}},{"type":"Feature","geometry":{"type":"Point","coordinates":[-86.85827,36.14689]},"properties":{"probability":0.605,"inBuffer":true,"facType":"police"}},{"type":"Feature","geometry":{"type":"Point","coordinates":[-86.85271,36.14688]},"properties":{"probability":0.494,"inBuffer":true,"facType":"police"}},{"type":"Feature","geometry":{"type":"Point","coordinates":[-86.84715,36.14687]},"properties":{"probability":0.47,"inBuffer":false,"facType":"substation"}},{"type":"Feature","geometry":{"type":"Point","coordinates":[-86.8416,36.14687]},"properties":{"probability":0.517,"inBuffer":true,"facType":"fire"}},{"type":"Feature","geometry":{"type":"Point","coordinates":[-86.83604,36.14686]},"properties":{"probability":0.489,"inBuffer":false,"facType":"substation"}},{"type":"Feature","geometry":{"type":"Point","coordinates":[-86.83048,36.14685]},"properties":{"probability":0.469,"inBuffer":false,"facType":"substation"}},{"type":"Feature","geometry":{"type":"Point","coordinates":[-86.82492,36.14684]},"properties":{"probability":0.634,"inBuffer":false,"facType":"government"}},{"type":"Feature","geometry":{"type":"Point","coordinates":[-86.81937,36.14684]},"properties":{"probability":0.636,"inBuffer":false,"facType":"government"}},{"type":"Feature","geometry":{"type":"Point","coordinates":[-86.8138,36.14683]},"properties":{"probability":0.649,"inBuffer":true,"facType":"government"}},{"type":"Feature","geometry":{"type":"Point","coordinates":[-86.80825,36.14682]},"properties":{"probability":0.739,"inBuffer":true,"facType":"substation"}},{"type":"Feature","geometry":{"type":"Point","coordinates":[-86.80269,36.14681]},"properties":{"probability":0.742,"inBuffer":true,"facType":"substation"}},{"type":"Feature","geometry":{"type":"Point","coordinates":[-86.79713,36.1468]},"properties":{"probability":0.719,"inBuffer":true,"facType":"substation"}},{"type":"Feature","geometry":{"type":"Point","coordinates":[-86.79157,36.14679]},"properties":{"probability":0.658,"inBuffer":false,"facType":"substation"}},{"type":"Feature","geometry":{"type":"Point","coordinates":[-86.78602,36.14678]},"properties":{"probability":0.655,"inBuffer":true,"facType":"fire"}},{"type":"Feature","geometry":{"type":"Point","coordinates":[-86.78046,36.14677]},"properties":{"probability":0.649,"inBuffer":true,"facType":"fire"}},{"type":"Feature","geometry":{"type":"Point","coordinates":[-86.7749,36.14676]},"properties":{"probability":0.655,"inBuffer":true,"facType":"government"}},{"type":"Feature","geometry":{"type":"Point","coordinates":[-86.76934,36.14675]},"properties":{"probability":0.654,"inBuffer":false,"facType":"substation"}},{"type":"Feature","geometry":{"type":"Point","coordinates":[-86.76379,36.14674]},"properties":{"probability":0.643,"inBuffer":false,"facType":"substation"}},{"type":"Feature","geometry":{"type":"Point","coordinates":[-86.75822,36.14673]},"properties":{"probability":0.643,"inBuffer":false,"facType":"substation"}},{"type":"Feature","geometry":{"type":"Point","coordinates":[-86.75267,36.14672]},"properties":{"probability":0.633,"inBuffer":false,"facType":"substation"}},{"type":"Feature","geometry":{"type":"Point","coordinates":[-86.74711,36.14671]},"properties":{"probability":0.641,"inBuffer":false,"facType":"police"}},{"type":"Feature","geometry":{"type":"Point","coordinates":[-86.74155,36.14669]},"properties":{"probability":0.491,"inBuffer":true,"facType":"police"}},{"type":"Feature","geometry":{"type":"Point","coordinates":[-86.73599,36.14668]},"properties":{"probability":0.415,"inBuffer":true,"facType":"police"}},{"type":"Feature","geometry":{"type":"Point","coordinates":[-86.73044,36.14667]},"properties":{"probability":0.413,"inBuffer":false,"facType":"police"}},{"type":"Feature","geometry":{"type":"Point","coordinates":[-86.72488,36.14666]},"properties":{"probability":0.559,"inBuffer":false,"facType":"substation"}},{"type":"Feature","geometry":{"type":"Point","coordinates":[-86.71932,36.14664]},"properties":{"probability":0.609,"inBuffer":false,"facType":"substation"}},{"type":"Feature","geometry":{"type":"Point","coordinates":[-86.71376,36.14663]},"properties":{"probability":0.639,"inBuffer":false,"facType":"substation"}},{"type":"Feature","geometry":{"type":"Point","coordinates":[-86.70821,36.14662]},"properties":{"probability":0.645,"inBuffer":false,"facType":"substation"}},{"type":"Feature","geometry":{"type":"Point","coordinates":[-86.70264,36.1466]},"properties":{"probability":0.641,"inBuffer":false,"facType":"substation"}},{"type":"Feature","geometry":{"type":"Point","coordinates":[-86.69709,36.14659]},"properties":{"probability":0.647,"inBuffer":false,"facType":"substation"}},{"type":"Feature","geometry":{"type":"Point","coordinates":[-86.69153,36.14658]},"properties":{"probability":0.636,"inBuffer":false,"facType":"substation"}},{"type":"Feature","geometry":{"type":"Point","coordinates":[-86.68597,36.14656]},"properties":{"probability":0.634,"inBuffer":false,"facType":"substation"}},{"type":"Feature","geometry":{"type":"Point","coordinates":[-86.68041,36.14655]},"properties":{"probability":0.645,"inBuffer":false,"facType":"substation"}},{"type":"Feature","geometry":{"type":"Point","coordinates":[-86.67486,36.14653]},"properties":{"probability":0.636,"inBuffer":false,"facType":"water_works"}},{"type":"Feature","geometry":{"type":"Point","coordinates":[-86.6693,36.14651]},"properties":{"probability":0.657,"inBuffer":false,"facType":"government"}},{"type":"Feature","geometry":{"type":"Point","coordinates":[-86.66374,36.1465]},"properties":{"probability":0.641,"inBuffer":false,"facType":"government"}},{"type":"Feature","geometry":{"type":"Point","coordinates":[-86.65819,36.14648]},"properties":{"probability":0.27,"inBuffer":false,"facType":"government"}},{"type":"Feature","geometry":{"type":"Point","coordinates":[-86.65263,36.14647]},"properties":{"probability":0.196,"inBuffer":false,"facType":"government"}},{"type":"Feature","geometry":{"type":"Point","coordinates":[-86.64707,36.14645]},"properties":{"probability":0.176,"inBuffer":false,"facType":"substation"}},{"type":"Feature","geometry":{"type":"Point","coordinates":[-86.64151,36.14643]},"properties":{"probability":0.201,"inBuffer":false,"facType":"substation"}},{"type":"Feature","geometry":{"type":"Point","coordinates":[-86.63596,36.14642]},"properties":{"probability":0.285,"inBuffer":false,"facType":"substation"}},{"type":"Feature","geometry":{"type":"Point","coordinates":[-86.63039,36.1464]},"properties":{"probability":0.378,"inBuffer":false,"facType":"substation"}},{"type":"Feature","geometry":{"type":"Point","coordinates":[-86.62484,36.14639]},"properties":{"probability":0.285,"inBuffer":false,"facType":"substation"}},{"type":"Feature","geometry":{"type":"Point","coordinates":[-86.61928,36.14637]},"properties":{"probability":0.131,"inBuffer":false,"facType":"substation"}},{"type":"Feature","geometry":{"type":"Point","coordinates":[-86.61372,36.14635]},"properties":{"probability":0.13,"inBuffer":false,"facType":"substation"}},{"type":"Feature","geometry":{"type":"Point","coordinates":[-86.60816,36.14633]},"properties":{"probability":0.108,"inBuffer":false,"facType":"substation"}},{"type":"Feature","geometry":{"type":"Point","coordinates":[-86.60261,36.14631]},"properties":{"probability":0.129,"inBuffer":false,"facType":"substation"}},{"type":"Feature","geometry":{"type":"Point","coordinates":[-86.90829,36.14243]},"properties":{"probability":0.126,"inBuffer":false,"facType":"water_works"}},{"type":"Feature","geometry":{"type":"Point","coordinates":[-86.89719,36.14242]},"properties":{"probability":0.19,"inBuffer":false,"facType":"substation"}},{"type":"Feature","geometry":{"type":"Point","coordinates":[-86.89162,36.14241]},"properties":{"probability":0.391,"inBuffer":false,"facType":"substation"}},{"type":"Feature","geometry":{"type":"Point","coordinates":[-86.88607,36.14241]},"properties":{"probability":0.498,"inBuffer":false,"facType":"substation"}},{"type":"Feature","geometry":{"type":"Point","coordinates":[-86.88051,36.14241]},"properties":{"probability":0.527,"inBuffer":false,"facType":"substation"}},{"type":"Feature","geometry":{"type":"Point","coordinates":[-86.87495,36.1424]},"properties":{"probability":0.516,"inBuffer":false,"facType":"substation"}},{"type":"Feature","geometry":{"type":"Point","coordinates":[-86.86939,36.14239]},"properties":{"probability":0.49,"inBuffer":false,"facType":"substation"}},{"type":"Feature","geometry":{"type":"Point","coordinates":[-86.86384,36.14239]},"properties":{"probability":0.515,"inBuffer":false,"facType":"substation"}},{"type":"Feature","geometry":{"type":"Point","coordinates":[-86.85828,36.14238]},"properties":{"probability":0.511,"inBuffer":false,"facType":"police"}},{"type":"Feature","geometry":{"type":"Point","coordinates":[-86.85272,36.14237]},"properties":{"probability":0.328,"inBuffer":false,"facType":"police"}},{"type":"Feature","geometry":{"type":"Point","coordinates":[-86.84716,36.14237]},"properties":{"probability":0.321,"inBuffer":false,"facType":"substation"}},{"type":"Feature","geometry":{"type":"Point","coordinates":[-86.84161,36.14236]},"properties":{"probability":0.408,"inBuffer":false,"facType":"substation"}},{"type":"Feature","geometry":{"type":"Point","coordinates":[-86.83604,36.14235]},"properties":{"probability":0.417,"inBuffer":false,"facType":"substation"}},{"type":"Feature","geometry":{"type":"Point","coordinates":[-86.83049,36.14235]},"properties":{"probability":0.472,"inBuffer":false,"facType":"substation"}},{"type":"Feature","geometry":{"type":"Point","coordinates":[-86.82494,36.14234]},"properties":{"probability":0.634,"inBuffer":false,"facType":"government"}},{"type":"Feature","geometry":{"type":"Point","coordinates":[-86.81937,36.14233]},"properties":{"probability":0.643,"inBuffer":false,"facType":"government"}},{"type":"Feature","geometry":{"type":"Point","coordinates":[-86.81382,36.14232]},"properties":{"probability":0.698,"inBuffer":false,"facType":"government"}},{"type":"Feature","geometry":{"type":"Point","coordinates":[-86.80826,36.14231]},"properties":{"probability":0.693,"inBuffer":true,"facType":"hospital"}},{"type":"Feature","geometry":{"type":"Point","coordinates":[-86.8027,36.1423]},"properties":{"probability":0.665,"inBuffer":true,"facType":"hospital"}},{"type":"Feature","geometry":{"type":"Point","coordinates":[-86.79714,36.14229]},"properties":{"probability":0.646,"inBuffer":true,"facType":"hospital"}},{"type":"Feature","geometry":{"type":"Point","coordinates":[-86.79159,36.14228]},"properties":{"probability":0.645,"inBuffer":true,"facType":"substation"}},{"type":"Feature","geometry":{"type":"Point","coordinates":[-86.78603,36.14227]},"properties":{"probability":0.64,"inBuffer":true,"facType":"substation"}},{"type":"Feature","geometry":{"type":"Point","coordinates":[-86.78047,36.14226]},"properties":{"probability":0.641,"inBuffer":true,"facType":"fire"}},{"type":"Feature","geometry":{"type":"Point","coordinates":[-86.77492,36.14225]},"properties":{"probability":0.644,"inBuffer":true,"facType":"government"}},{"type":"Feature","geometry":{"type":"Point","coordinates":[-86.76936,36.14224]},"properties":{"probability":0.641,"inBuffer":false,"facType":"government"}},{"type":"Feature","geometry":{"type":"Point","coordinates":[-86.7638,36.14223]},"properties":{"probability":0.64,"inBuffer":false,"facType":"substation"}},{"type":"Feature","geometry":{"type":"Point","coordinates":[-86.75824,36.14222]},"properties":{"probability":0.628,"inBuffer":false,"facType":"substation"}},{"type":"Feature","geometry":{"type":"Point","coordinates":[-86.75269,36.14221]},"properties":{"probability":0.646,"inBuffer":false,"facType":"substation"}},{"type":"Feature","geometry":{"type":"Point","coordinates":[-86.74712,36.1422]},"properties":{"probability":0.663,"inBuffer":true,"facType":"police"}},{"type":"Feature","geometry":{"type":"Point","coordinates":[-86.74157,36.14219]},"properties":{"probability":0.644,"inBuffer":true,"facType":"police"}},{"type":"Feature","geometry":{"type":"Point","coordinates":[-86.73601,36.14217]},"properties":{"probability":0.603,"inBuffer":true,"facType":"police"}},{"type":"Feature","geometry":{"type":"Point","coordinates":[-86.73045,36.14216]},"properties":{"probability":0.47,"inBuffer":false,"facType":"police"}},{"type":"Feature","geometry":{"type":"Point","coordinates":[-86.72489,36.14215]},"properties":{"probability":0.594,"inBuffer":false,"facType":"police"}},{"type":"Feature","geometry":{"type":"Point","coordinates":[-86.71934,36.14214]},"properties":{"probability":0.616,"inBuffer":false,"facType":"substation"}},{"type":"Feature","geometry":{"type":"Point","coordinates":[-86.71378,36.14212]},"properties":{"probability":0.616,"inBuffer":false,"facType":"substation"}},{"type":"Feature","geometry":{"type":"Point","coordinates":[-86.70822,36.14211]},"properties":{"probability":0.641,"inBuffer":false,"facType":"substation"}},{"type":"Feature","geometry":{"type":"Point","coordinates":[-86.70267,36.14209]},"properties":{"probability":0.642,"inBuffer":false,"facType":"substation"}},{"type":"Feature","geometry":{"type":"Point","coordinates":[-86.69711,36.14208]},"properties":{"probability":0.633,"inBuffer":false,"facType":"substation"}},{"type":"Feature","geometry":{"type":"Point","coordinates":[-86.69155,36.14207]},"properties":{"probability":0.613,"inBuffer":false,"facType":"substation"}},{"type":"Feature","geometry":{"type":"Point","coordinates":[-86.68599,36.14205]},"properties":{"probability":0.639,"inBuffer":false,"facType":"water_works"}},{"type":"Feature","geometry":{"type":"Point","coordinates":[-86.68044,36.14204]},"properties":{"probability":0.61,"inBuffer":false,"facType":"water_works"}},{"type":"Feature","geometry":{"type":"Point","coordinates":[-86.67487,36.14202]},"properties":{"probability":0.627,"inBuffer":false,"facType":"water_works"}},{"type":"Feature","geometry":{"type":"Point","coordinates":[-86.66932,36.14201]},"properties":{"probability":0.677,"inBuffer":false,"facType":"water_works"}},{"type":"Feature","geometry":{"type":"Point","coordinates":[-86.66376,36.14199]},"properties":{"probability":0.65,"inBuffer":false,"facType":"government"}},{"type":"Feature","geometry":{"type":"Point","coordinates":[-86.6582,36.14198]},"properties":{"probability":0.316,"inBuffer":false,"facType":"government"}},{"type":"Feature","geometry":{"type":"Point","coordinates":[-86.65265,36.14196]},"properties":{"probability":0.202,"inBuffer":false,"facType":"government"}},{"type":"Feature","geometry":{"type":"Point","coordinates":[-86.64709,36.14194]},"properties":{"probability":0.172,"inBuffer":false,"facType":"substation"}},{"type":"Feature","geometry":{"type":"Point","coordinates":[-86.64153,36.14193]},"properties":{"probability":0.227,"inBuffer":false,"facType":"substation"}},{"type":"Feature","geometry":{"type":"Point","coordinates":[-86.63597,36.14191]},"properties":{"probability":0.201,"inBuffer":false,"facType":"substation"}},{"type":"Feature","geometry":{"type":"Point","coordinates":[-86.63042,36.1419]},"properties":{"probability":0.21,"inBuffer":false,"facType":"substation"}},{"type":"Feature","geometry":{"type":"Point","coordinates":[-86.62486,36.14188]},"properties":{"probability":0.216,"inBuffer":false,"facType":"substation"}},{"type":"Feature","geometry":{"type":"Point","coordinates":[-86.6193,36.14186]},"properties":{"probability":0.125,"inBuffer":false,"facType":"substation"}},{"type":"Feature","geometry":{"type":"Point","coordinates":[-86.61375,36.14184]},"properties":{"probability":0.117,"inBuffer":false,"facType":"substation"}},{"type":"Feature","geometry":{"type":"Point","coordinates":[-86.60263,36.1418]},"properties":{"probability":0.118,"inBuffer":false,"facType":"substation"}},{"type":"Feature","geometry":{"type":"Point","coordinates":[-86.92497,36.13793]},"properties":{"probability":0.2,"inBuffer":false,"facType":"water_works"}},{"type":"Feature","geometry":{"type":"Point","coordinates":[-86.91386,36.13792]},"properties":{"probability":0.109,"inBuffer":false,"facType":"water_works"}},{"type":"Feature","geometry":{"type":"Point","coordinates":[-86.9083,36.13792]},"properties":{"probability":0.125,"inBuffer":false,"facType":"water_works"}},{"type":"Feature","geometry":{"type":"Point","coordinates":[-86.90275,36.13792]},"properties":{"probability":0.232,"inBuffer":false,"facType":"water_works"}},{"type":"Feature","geometry":{"type":"Point","coordinates":[-86.89719,36.13791]},"properties":{"probability":0.209,"inBuffer":false,"facType":"substation"}},{"type":"Feature","geometry":{"type":"Point","coordinates":[-86.89163,36.13791]},"properties":{"probability":0.632,"inBuffer":false,"facType":"substation"}},{"type":"Feature","geometry":{"type":"Point","coordinates":[-86.88607,36.1379]},"properties":{"probability":0.653,"inBuffer":false,"facType":"substation"}},{"type":"Feature","geometry":{"type":"Point","coordinates":[-86.88052,36.1379]},"properties":{"probability":0.641,"inBuffer":false,"facType":"substation"}},{"type":"Feature","geometry":{"type":"Point","coordinates":[-86.87496,36.13789]},"properties":{"probability":0.318,"inBuffer":false,"facType":"substation"}},{"type":"Feature","geometry":{"type":"Point","coordinates":[-86.8694,36.13789]},"properties":{"probability":0.287,"inBuffer":false,"facType":"substation"}},{"type":"Feature","geometry":{"type":"Point","coordinates":[-86.86385,36.13788]},"properties":{"probability":0.329,"inBuffer":false,"facType":"substation"}},{"type":"Feature","geometry":{"type":"Point","coordinates":[-86.85828,36.13787]},"properties":{"probability":0.465,"inBuffer":false,"facType":"substation"}},{"type":"Feature","geometry":{"type":"Point","coordinates":[-86.85273,36.13787]},"properties":{"probability":0.322,"inBuffer":false,"facType":"hospital"}},{"type":"Feature","geometry":{"type":"Point","coordinates":[-86.84718,36.13786]},"properties":{"probability":0.226,"inBuffer":false,"facType":"hospital"}},{"type":"Feature","geometry":{"type":"Point","coordinates":[-86.84161,36.13785]},"properties":{"probability":0.341,"inBuffer":false,"facType":"substation"}},{"type":"Feature","geometry":{"type":"Point","coordinates":[-86.83606,36.13784]},"properties":{"probability":0.346,"inBuffer":false,"facType":"substation"}},{"type":"Feature","geometry":{"type":"Point","coordinates":[-86.8305,36.13784]},"properties":{"probability":0.414,"inBuffer":false,"facType":"substation"}},{"type":"Feature","geometry":{"type":"Point","coordinates":[-86.82494,36.13783]},"properties":{"probability":0.63,"inBuffer":false,"facType":"substation"}},{"type":"Feature","geometry":{"type":"Point","coordinates":[-86.81938,36.13782]},"properties":{"probability":0.632,"inBuffer":false,"facType":"government"}},{"type":"Feature","geometry":{"type":"Point","coordinates":[-86.81383,36.13781]},"properties":{"probability":0.642,"inBuffer":false,"facType":"hospital"}},{"type":"Feature","geometry":{"type":"Point","coordinates":[-86.80827,36.1378]},"properties":{"probability":0.647,"inBuffer":true,"facType":"hospital"}},{"type":"Feature","geometry":{"type":"Point","coordinates":[-86.80271,36.13779]},"properties":{"probability":0.653,"inBuffer":true,"facType":"hospital"}},{"type":"Feature","geometry":{"type":"Point","coordinates":[-86.79716,36.13778]},"properties":{"probability":0.637,"inBuffer":true,"facType":"hospital"}},{"type":"Feature","geometry":{"type":"Point","coordinates":[-86.7916,36.13778]},"properties":{"probability":0.644,"inBuffer":true,"facType":"police"}},{"type":"Feature","geometry":{"type":"Point","coordinates":[-86.78604,36.13776]},"properties":{"probability":0.616,"inBuffer":true,"facType":"police"}},{"type":"Feature","geometry":{"type":"Point","coordinates":[-86.78049,36.13776]},"properties":{"probability":0.618,"inBuffer":true,"facType":"hospital"}},{"type":"Feature","geometry":{"type":"Point","coordinates":[-86.77493,36.13774]},"properties":{"probability":0.648,"inBuffer":true,"facType":"hospital"}},{"type":"Feature","geometry":{"type":"Point","coordinates":[-86.76937,36.13773]},"properties":{"probability":0.633,"inBuffer":false,"facType":"hospital"}},{"type":"Feature","geometry":{"type":"Point","coordinates":[-86.76381,36.13772]},"properties":{"probability":0.625,"inBuffer":false,"facType":"substation"}},{"type":"Feature","geometry":{"type":"Point","coordinates":[-86.75826,36.13771]},"properties":{"probability":0.645,"inBuffer":false,"facType":"substation"}},{"type":"Feature","geometry":{"type":"Point","coordinates":[-86.7527,36.1377]},"properties":{"probability":0.692,"inBuffer":false,"facType":"substation"}},{"type":"Feature","geometry":{"type":"Point","coordinates":[-86.74714,36.13769]},"properties":{"probability":0.703,"inBuffer":false,"facType":"substation"}},{"type":"Feature","geometry":{"type":"Point","coordinates":[-86.74158,36.13768]},"properties":{"probability":0.64,"inBuffer":true,"facType":"police"}},{"type":"Feature","geometry":{"type":"Point","coordinates":[-86.73602,36.13766]},"properties":{"probability":0.649,"inBuffer":true,"facType":"police"}},{"type":"Feature","geometry":{"type":"Point","coordinates":[-86.73047,36.13765]},"properties":{"probability":0.618,"inBuffer":false,"facType":"police"}},{"type":"Feature","geometry":{"type":"Point","coordinates":[-86.72491,36.13764]},"properties":{"probability":0.609,"inBuffer":false,"facType":"police"}},{"type":"Feature","geometry":{"type":"Point","coordinates":[-86.71935,36.13763]},"properties":{"probability":0.589,"inBuffer":false,"facType":"substation"}},{"type":"Feature","geometry":{"type":"Point","coordinates":[-86.7138,36.13762]},"properties":{"probability":0.433,"inBuffer":false,"facType":"substation"}},{"type":"Feature","geometry":{"type":"Point","coordinates":[-86.70824,36.1376]},"properties":{"probability":0.555,"inBuffer":false,"facType":"substation"}},{"type":"Feature","geometry":{"type":"Point","coordinates":[-86.70268,36.13759]},"properties":{"probability":0.611,"inBuffer":false,"facType":"substation"}},{"type":"Feature","geometry":{"type":"Point","coordinates":[-86.69712,36.13757]},"properties":{"probability":0.555,"inBuffer":false,"facType":"substation"}},{"type":"Feature","geometry":{"type":"Point","coordinates":[-86.69157,36.13756]},"properties":{"probability":0.539,"inBuffer":false,"facType":"water_works"}},{"type":"Feature","geometry":{"type":"Point","coordinates":[-86.68601,36.13755]},"properties":{"probability":0.509,"inBuffer":false,"facType":"water_works"}},{"type":"Feature","geometry":{"type":"Point","coordinates":[-86.68045,36.13753]},"properties":{"probability":0.478,"inBuffer":false,"facType":"water_works"}},{"type":"Feature","geometry":{"type":"Point","coordinates":[-86.6749,36.13752]},"properties":{"probability":0.691,"inBuffer":false,"facType":"water_works"}},{"type":"Feature","geometry":{"type":"Point","coordinates":[-86.66933,36.1375]},"properties":{"probability":0.726,"inBuffer":false,"facType":"water_works"}},{"type":"Feature","geometry":{"type":"Point","coordinates":[-86.66378,36.13749]},"properties":{"probability":0.664,"inBuffer":false,"facType":"water_works"}},{"type":"Feature","geometry":{"type":"Point","coordinates":[-86.65823,36.13747]},"properties":{"probability":0.177,"inBuffer":false,"facType":"government"}},{"type":"Feature","geometry":{"type":"Point","coordinates":[-86.65266,36.13745]},"properties":{"probability":0.152,"inBuffer":false,"facType":"government"}},{"type":"Feature","geometry":{"type":"Point","coordinates":[-86.64711,36.13744]},"properties":{"probability":0.152,"inBuffer":false,"facType":"substation"}},{"type":"Feature","geometry":{"type":"Point","coordinates":[-86.64155,36.13742]},"properties":{"probability":0.204,"inBuffer":false,"facType":"substation"}},{"type":"Feature","geometry":{"type":"Point","coordinates":[-86.63599,36.1374]},"properties":{"probability":0.207,"inBuffer":false,"facType":"substation"}},{"type":"Feature","geometry":{"type":"Point","coordinates":[-86.63044,36.13739]},"properties":{"probability":0.176,"inBuffer":false,"facType":"substation"}},{"type":"Feature","geometry":{"type":"Point","coordinates":[-86.62488,36.13737]},"properties":{"probability":0.128,"inBuffer":false,"facType":"substation"}},{"type":"Feature","geometry":{"type":"Point","coordinates":[-86.61932,36.13735]},"properties":{"probability":0.118,"inBuffer":false,"facType":"substation"}},{"type":"Feature","geometry":{"type":"Point","coordinates":[-86.61377,36.13733]},"properties":{"probability":0.117,"inBuffer":false,"facType":"substation"}},{"type":"Feature","geometry":{"type":"Point","coordinates":[-86.92498,36.13343]},"properties":{"probability":0.143,"inBuffer":false,"facType":"water_works"}},{"type":"Feature","geometry":{"type":"Point","coordinates":[-86.91943,36.13342]},"properties":{"probability":0.138,"inBuffer":false,"facType":"water_works"}},{"type":"Feature","geometry":{"type":"Point","coordinates":[-86.91386,36.13342]},"properties":{"probability":0.217,"inBuffer":false,"facType":"water_works"}},{"type":"Feature","geometry":{"type":"Point","coordinates":[-86.90831,36.13342]},"properties":{"probability":0.295,"inBuffer":false,"facType":"substation"}},{"type":"Feature","geometry":{"type":"Point","coordinates":[-86.90275,36.13341]},"properties":{"probability":0.22,"inBuffer":false,"facType":"substation"}},{"type":"Feature","geometry":{"type":"Point","coordinates":[-86.89719,36.1334]},"properties":{"probability":0.381,"inBuffer":false,"facType":"substation"}},{"type":"Feature","geometry":{"type":"Point","coordinates":[-86.89164,36.1334]},"properties":{"probability":0.635,"inBuffer":false,"facType":"substation"}},{"type":"Feature","geometry":{"type":"Point","coordinates":[-86.88608,36.1334]},"properties":{"probability":0.639,"inBuffer":false,"facType":"substation"}},{"type":"Feature","geometry":{"type":"Point","coordinates":[-86.88052,36.13339]},"properties":{"probability":0.496,"inBuffer":false,"facType":"substation"}},{"type":"Feature","geometry":{"type":"Point","coordinates":[-86.87497,36.13338]},"properties":{"probability":0.199,"inBuffer":false,"facType":"substation"}},{"type":"Feature","geometry":{"type":"Point","coordinates":[-86.86941,36.13338]},"properties":{"probability":0.217,"inBuffer":false,"facType":"substation"}},{"type":"Feature","geometry":{"type":"Point","coordinates":[-86.86385,36.13337]},"properties":{"probability":0.47,"inBuffer":false,"facType":"substation"}},{"type":"Feature","geometry":{"type":"Point","coordinates":[-86.85829,36.13337]},"properties":{"probability":0.598,"inBuffer":false,"facType":"substation"}},{"type":"Feature","geometry":{"type":"Point","coordinates":[-86.85274,36.13336]},"properties":{"probability":0.405,"inBuffer":false,"facType":"substation"}},{"type":"Feature","geometry":{"type":"Point","coordinates":[-86.84718,36.13335]},"properties":{"probability":0.261,"inBuffer":true,"facType":"hospital"}},{"type":"Feature","geometry":{"type":"Point","coordinates":[-86.84162,36.13334]},"properties":{"probability":0.372,"inBuffer":true,"facType":"hospital"}},{"type":"Feature","geometry":{"type":"Point","coordinates":[-86.83607,36.13334]},"properties":{"probability":0.373,"inBuffer":true,"facType":"fire"}},{"type":"Feature","geometry":{"type":"Point","coordinates":[-86.83051,36.13333]},"properties":{"probability":0.425,"inBuffer":true,"facType":"fire"}},{"type":"Feature","geometry":{"type":"Point","coordinates":[-86.82495,36.13332]},"properties":{"probability":0.435,"inBuffer":false,"facType":"substation"}},{"type":"Feature","geometry":{"type":"Point","coordinates":[-86.8194,36.13331]},"properties":{"probability":0.43,"inBuffer":false,"facType":"substation"}},{"type":"Feature","geometry":{"type":"Point","coordinates":[-86.81384,36.1333]},"properties":{"probability":0.408,"inBuffer":false,"facType":"substation"}},{"type":"Feature","geometry":{"type":"Point","coordinates":[-86.80828,36.13329]},"properties":{"probability":0.543,"inBuffer":false,"facType":"hospital"}},{"type":"Feature","geometry":{"type":"Point","coordinates":[-86.80273,36.13329]},"properties":{"probability":0.624,"inBuffer":true,"facType":"hospital"}},{"type":"Feature","geometry":{"type":"Point","coordinates":[-86.79716,36.13328]},"properties":{"probability":0.645,"inBuffer":false,"facType":"hospital"}},{"type":"Feature","geometry":{"type":"Point","coordinates":[-86.79161,36.13327]},"properties":{"probability":0.632,"inBuffer":true,"facType":"police"}},{"type":"Feature","geometry":{"type":"Point","coordinates":[-86.78606,36.13326]},"properties":{"probability":0.607,"inBuffer":true,"facType":"police"}},{"type":"Feature","geometry":{"type":"Point","coordinates":[-86.78049,36.13325]},"properties":{"probability":0.628,"inBuffer":false,"facType":"hospital"}},{"type":"Feature","geometry":{"type":"Point","coordinates":[-86.77494,36.13324]},"properties":{"probability":0.63,"inBuffer":false,"facType":"hospital"}},{"type":"Feature","geometry":{"type":"Point","coordinates":[-86.76939,36.13323]},"properties":{"probability":0.643,"inBuffer":false,"facType":"substation"}},{"type":"Feature","geometry":{"type":"Point","coordinates":[-86.76382,36.13322]},"properties":{"probability":0.628,"inBuffer":false,"facType":"substation"}},{"type":"Feature","geometry":{"type":"Point","coordinates":[-86.75827,36.13321]},"properties":{"probability":0.639,"inBuffer":false,"facType":"substation"}},{"type":"Feature","geometry":{"type":"Point","coordinates":[-86.75271,36.13319]},"properties":{"probability":0.643,"inBuffer":false,"facType":"substation"}},{"type":"Feature","geometry":{"type":"Point","coordinates":[-86.74715,36.13318]},"properties":{"probability":0.64,"inBuffer":false,"facType":"substation"}},{"type":"Feature","geometry":{"type":"Point","coordinates":[-86.7416,36.13317]},"properties":{"probability":0.605,"inBuffer":false,"facType":"substation"}},{"type":"Feature","geometry":{"type":"Point","coordinates":[-86.73604,36.13316]},"properties":{"probability":0.456,"inBuffer":false,"facType":"police"}},{"type":"Feature","geometry":{"type":"Point","coordinates":[-86.73048,36.13314]},"properties":{"probability":0.451,"inBuffer":false,"facType":"police"}},{"type":"Feature","geometry":{"type":"Point","coordinates":[-86.72493,36.13313]},"properties":{"probability":0.639,"inBuffer":false,"facType":"substation"}},{"type":"Feature","geometry":{"type":"Point","coordinates":[-86.71937,36.13312]},"properties":{"probability":0.623,"inBuffer":false,"facType":"substation"}},{"type":"Feature","geometry":{"type":"Point","coordinates":[-86.71381,36.13311]},"properties":{"probability":0.591,"inBuffer":false,"facType":"substation"}},{"type":"Feature","geometry":{"type":"Point","coordinates":[-86.70825,36.13309]},"properties":{"probability":0.437,"inBuffer":false,"facType":"substation"}},{"type":"Feature","geometry":{"type":"Point","coordinates":[-86.7027,36.13308]},"properties":{"probability":0.451,"inBuffer":false,"facType":"substation"}},{"type":"Feature","geometry":{"type":"Point","coordinates":[-86.69714,36.13306]},"properties":{"probability":0.532,"inBuffer":false,"facType":"substation"}},{"type":"Feature","geometry":{"type":"Point","coordinates":[-86.69158,36.13305]},"properties":{"probability":0.56,"inBuffer":false,"facType":"substation"}},{"type":"Feature","geometry":{"type":"Point","coordinates":[-86.68603,36.13304]},"properties":{"probability":0.443,"inBuffer":false,"facType":"water_works"}},{"type":"Feature","geometry":{"type":"Point","coordinates":[-86.68047,36.13302]},"properties":{"probability":0.434,"inBuffer":false,"facType":"water_works"}},{"type":"Feature","geometry":{"type":"Point","coordinates":[-86.67491,36.13301]},"properties":{"probability":0.696,"inBuffer":false,"facType":"water_works"}},{"type":"Feature","geometry":{"type":"Point","coordinates":[-86.66936,36.13299]},"properties":{"probability":0.726,"inBuffer":false,"facType":"water_works"}},{"type":"Feature","geometry":{"type":"Point","coordinates":[-86.6638,36.13298]},"properties":{"probability":0.636,"inBuffer":false,"facType":"water_works"}},{"type":"Feature","geometry":{"type":"Point","coordinates":[-86.65824,36.13296]},"properties":{"probability":0.154,"inBuffer":false,"facType":"substation"}},{"type":"Feature","geometry":{"type":"Point","coordinates":[-86.65269,36.13295]},"properties":{"probability":0.172,"inBuffer":false,"facType":"substation"}},{"type":"Feature","geometry":{"type":"Point","coordinates":[-86.64713,36.13293]},"properties":{"probability":0.149,"inBuffer":false,"facType":"substation"}},{"type":"Feature","geometry":{"type":"Point","coordinates":[-86.64157,36.13291]},"properties":{"probability":0.195,"inBuffer":false,"facType":"substation"}},{"type":"Feature","geometry":{"type":"Point","coordinates":[-86.63602,36.1329]},"properties":{"probability":0.194,"inBuffer":false,"facType":"substation"}},{"type":"Feature","geometry":{"type":"Point","coordinates":[-86.63046,36.13288]},"properties":{"probability":0.186,"inBuffer":false,"facType":"substation"}},{"type":"Feature","geometry":{"type":"Point","coordinates":[-86.6249,36.13286]},"properties":{"probability":0.154,"inBuffer":false,"facType":"substation"}},{"type":"Feature","geometry":{"type":"Point","coordinates":[-86.61935,36.13284]},"properties":{"probability":0.134,"inBuffer":false,"facType":"substation"}},{"type":"Feature","geometry":{"type":"Point","coordinates":[-86.61378,36.13282]},"properties":{"probability":0.117,"inBuffer":false,"facType":"substation"}},{"type":"Feature","geometry":{"type":"Point","coordinates":[-86.93054,36.12892]},"properties":{"probability":0.19,"inBuffer":false,"facType":"substation"}},{"type":"Feature","geometry":{"type":"Point","coordinates":[-86.92498,36.12892]},"properties":{"probability":0.181,"inBuffer":false,"facType":"substation"}},{"type":"Feature","geometry":{"type":"Point","coordinates":[-86.91943,36.12891]},"properties":{"probability":0.179,"inBuffer":false,"facType":"substation"}},{"type":"Feature","geometry":{"type":"Point","coordinates":[-86.91387,36.12891]},"properties":{"probability":0.342,"inBuffer":false,"facType":"substation"}},{"type":"Feature","geometry":{"type":"Point","coordinates":[-86.90831,36.12891]},"properties":{"probability":0.503,"inBuffer":false,"facType":"substation"}},{"type":"Feature","geometry":{"type":"Point","coordinates":[-86.90276,36.1289]},"properties":{"probability":0.443,"inBuffer":false,"facType":"substation"}},{"type":"Feature","geometry":{"type":"Point","coordinates":[-86.8972,36.12889]},"properties":{"probability":0.253,"inBuffer":false,"facType":"substation"}},{"type":"Feature","geometry":{"type":"Point","coordinates":[-86.89164,36.12889]},"properties":{"probability":0.198,"inBuffer":false,"facType":"substation"}},{"type":"Feature","geometry":{"type":"Point","coordinates":[-86.88609,36.12889]},"properties":{"probability":0.192,"inBuffer":false,"facType":"fire"}},{"type":"Feature","geometry":{"type":"Point","coordinates":[-86.88053,36.12888]},"properties":{"probability":0.195,"inBuffer":false,"facType":"fire"}},{"type":"Feature","geometry":{"type":"Point","coordinates":[-86.87497,36.12888]},"properties":{"probability":0.192,"inBuffer":false,"facType":"fire"}},{"type":"Feature","geometry":{"type":"Point","coordinates":[-86.86942,36.12887]},"properties":{"probability":0.197,"inBuffer":false,"facType":"substation"}},{"type":"Feature","geometry":{"type":"Point","coordinates":[-86.86386,36.12886]},"properties":{"probability":0.217,"inBuffer":false,"facType":"substation"}},{"type":"Feature","geometry":{"type":"Point","coordinates":[-86.85831,36.12886]},"properties":{"probability":0.514,"inBuffer":false,"facType":"substation"}},{"type":"Feature","geometry":{"type":"Point","coordinates":[-86.85275,36.12885]},"properties":{"probability":0.629,"inBuffer":true,"facType":"substation"}},{"type":"Feature","geometry":{"type":"Point","coordinates":[-86.84719,36.12884]},"properties":{"probability":0.638,"inBuffer":true,"facType":"substation"}},{"type":"Feature","geometry":{"type":"Point","coordinates":[-86.84164,36.12884]},"properties":{"probability":0.592,"inBuffer":true,"facType":"hospital"}},{"type":"Feature","geometry":{"type":"Point","coordinates":[-86.83607,36.12883]},"properties":{"probability":0.414,"inBuffer":true,"facType":"fire"}},{"type":"Feature","geometry":{"type":"Point","coordinates":[-86.83052,36.12882]},"properties":{"probability":0.339,"inBuffer":true,"facType":"fire"}},{"type":"Feature","geometry":{"type":"Point","coordinates":[-86.82497,36.12881]},"properties":{"probability":0.348,"inBuffer":false,"facType":"substation"}},{"type":"Feature","geometry":{"type":"Point","coordinates":[-86.8194,36.1288]},"properties":{"probability":0.414,"inBuffer":false,"facType":"substation"}},{"type":"Feature","geometry":{"type":"Point","coordinates":[-86.81385,36.1288]},"properties":{"probability":0.407,"inBuffer":false,"facType":"substation"}},{"type":"Feature","geometry":{"type":"Point","coordinates":[-86.8083,36.12879]},"properties":{"probability":0.494,"inBuffer":false,"facType":"substation"}},{"type":"Feature","geometry":{"type":"Point","coordinates":[-86.80273,36.12878]},"properties":{"probability":0.52,"inBuffer":false,"facType":"substation"}},{"type":"Feature","geometry":{"type":"Point","coordinates":[-86.79718,36.12877]},"properties":{"probability":0.581,"inBuffer":false,"facType":"substation"}},{"type":"Feature","geometry":{"type":"Point","coordinates":[-86.79163,36.12876]},"properties":{"probability":0.587,"inBuffer":false,"facType":"substation"}},{"type":"Feature","geometry":{"type":"Point","coordinates":[-86.78606,36.12875]},"properties":{"probability":0.539,"inBuffer":false,"facType":"police"}},{"type":"Feature","geometry":{"type":"Point","coordinates":[-86.78051,36.12874]},"properties":{"probability":0.611,"inBuffer":false,"facType":"police"}},{"type":"Feature","geometry":{"type":"Point","coordinates":[-86.77496,36.12873]},"properties":{"probability":0.634,"inBuffer":false,"facType":"substation"}},{"type":"Feature","geometry":{"type":"Point","coordinates":[-86.76939,36.12872]},"properties":{"probability":0.644,"inBuffer":false,"facType":"substation"}},{"type":"Feature","geometry":{"type":"Point","coordinates":[-86.76384,36.12871]},"properties":{"probability":0.637,"inBuffer":false,"facType":"substation"}},{"type":"Feature","geometry":{"type":"Point","coordinates":[-86.75829,36.1287]},"properties":{"probability":0.63,"inBuffer":false,"facType":"substation"}},{"type":"Feature","geometry":{"type":"Point","coordinates":[-86.75272,36.12868]},"properties":{"probability":0.608,"inBuffer":false,"facType":"substation"}},{"type":"Feature","geometry":{"type":"Point","coordinates":[-86.74717,36.12867]},"properties":{"probability":0.605,"inBuffer":false,"facType":"government"}},{"type":"Feature","geometry":{"type":"Point","coordinates":[-86.74162,36.12866]},"properties":{"probability":0.596,"inBuffer":false,"facType":"government"}},{"type":"Feature","geometry":{"type":"Point","coordinates":[-86.73605,36.12865]},"properties":{"probability":0.411,"inBuffer":false,"facType":"government"}},{"type":"Feature","geometry":{"type":"Point","coordinates":[-86.7305,36.12864]},"properties":{"probability":0.431,"inBuffer":false,"facType":"government"}},{"type":"Feature","geometry":{"type":"Point","coordinates":[-86.72495,36.12862]},"properties":{"probability":0.461,"inBuffer":false,"facType":"substation"}},{"type":"Feature","geometry":{"type":"Point","coordinates":[-86.71938,36.12861]},"properties":{"probability":0.589,"inBuffer":false,"facType":"substation"}},{"type":"Feature","geometry":{"type":"Point","coordinates":[-86.71383,36.1286]},"properties":{"probability":0.634,"inBuffer":false,"facType":"substation"}},{"type":"Feature","geometry":{"type":"Point","coordinates":[-86.70827,36.12859]},"properties":{"probability":0.514,"inBuffer":false,"facType":"substation"}},{"type":"Feature","geometry":{"type":"Point","coordinates":[-86.70271,36.12857]},"properties":{"probability":0.484,"inBuffer":false,"facType":"substation"}},{"type":"Feature","geometry":{"type":"Point","coordinates":[-86.69716,36.12856]},"properties":{"probability":0.568,"inBuffer":false,"facType":"substation"}},{"type":"Feature","geometry":{"type":"Point","coordinates":[-86.6916,36.12854]},"properties":{"probability":0.591,"inBuffer":false,"facType":"substation"}},{"type":"Feature","geometry":{"type":"Point","coordinates":[-86.68604,36.12853]},"properties":{"probability":0.487,"inBuffer":false,"facType":"substation"}},{"type":"Feature","geometry":{"type":"Point","coordinates":[-86.68049,36.12851]},"properties":{"probability":0.297,"inBuffer":true,"facType":"airport"}},{"type":"Feature","geometry":{"type":"Point","coordinates":[-86.67493,36.1285]},"properties":{"probability":0.658,"inBuffer":true,"facType":"water_works"}},{"type":"Feature","geometry":{"type":"Point","coordinates":[-86.66937,36.12848]},"properties":{"probability":0.658,"inBuffer":true,"facType":"water_works"}},{"type":"Feature","geometry":{"type":"Point","coordinates":[-86.66382,36.12847]},"properties":{"probability":0.599,"inBuffer":false,"facType":"water_works"}},{"type":"Feature","geometry":{"type":"Point","coordinates":[-86.65826,36.12845]},"properties":{"probability":0.137,"inBuffer":false,"facType":"substation"}},{"type":"Feature","geometry":{"type":"Point","coordinates":[-86.6527,36.12844]},"properties":{"probability":0.152,"inBuffer":false,"facType":"substation"}},{"type":"Feature","geometry":{"type":"Point","coordinates":[-86.64715,36.12842]},"properties":{"probability":0.153,"inBuffer":false,"facType":"substation"}},{"type":"Feature","geometry":{"type":"Point","coordinates":[-86.64159,36.1284]},"properties":{"probability":0.151,"inBuffer":false,"facType":"substation"}},{"type":"Feature","geometry":{"type":"Point","coordinates":[-86.63604,36.12839]},"properties":{"probability":0.194,"inBuffer":false,"facType":"substation"}},{"type":"Feature","geometry":{"type":"Point","coordinates":[-86.63048,36.12837]},"properties":{"probability":0.219,"inBuffer":false,"facType":"substation"}},{"type":"Feature","geometry":{"type":"Point","coordinates":[-86.62492,36.12835]},"properties":{"probability":0.13,"inBuffer":false,"facType":"substation"}},{"type":"Feature","geometry":{"type":"Point","coordinates":[-86.61937,36.12833]},"properties":{"probability":0.117,"inBuffer":false,"facType":"substation"}},{"type":"Feature","geometry":{"type":"Point","coordinates":[-86.61381,36.12832]},"properties":{"probability":0.11,"inBuffer":false,"facType":"substation"}},{"type":"Feature","geometry":{"type":"Point","coordinates":[-86.93054,36.12441]},"properties":{"probability":0.148,"inBuffer":false,"facType":"substation"}},{"type":"Feature","geometry":{"type":"Point","coordinates":[-86.92499,36.12441]},"properties":{"probability":0.226,"inBuffer":false,"facType":"substation"}},{"type":"Feature","geometry":{"type":"Point","coordinates":[-86.91943,36.1244]},"properties":{"probability":0.228,"inBuffer":false,"facType":"substation"}},{"type":"Feature","geometry":{"type":"Point","coordinates":[-86.91387,36.1244]},"properties":{"probability":0.23,"inBuffer":false,"facType":"substation"}},{"type":"Feature","geometry":{"type":"Point","coordinates":[-86.90832,36.1244]},"properties":{"probability":0.363,"inBuffer":false,"facType":"substation"}},{"type":"Feature","geometry":{"type":"Point","coordinates":[-86.90276,36.12439]},"properties":{"probability":0.252,"inBuffer":false,"facType":"substation"}},{"type":"Feature","geometry":{"type":"Point","coordinates":[-86.89721,36.12439]},"properties":{"probability":0.204,"inBuffer":false,"facType":"substation"}},{"type":"Feature","geometry":{"type":"Point","coordinates":[-86.89165,36.12438]},"properties":{"probability":0.157,"inBuffer":false,"facType":"fire"}},{"type":"Feature","geometry":{"type":"Point","coordinates":[-86.88609,36.12438]},"properties":{"probability":0.157,"inBuffer":true,"facType":"fire"}},{"type":"Feature","geometry":{"type":"Point","coordinates":[-86.88054,36.12437]},"properties":{"probability":0.173,"inBuffer":false,"facType":"fire"}},{"type":"Feature","geometry":{"type":"Point","coordinates":[-86.87498,36.12437]},"properties":{"probability":0.179,"inBuffer":false,"facType":"fire"}},{"type":"Feature","geometry":{"type":"Point","coordinates":[-86.86942,36.12436]},"properties":{"probability":0.166,"inBuffer":false,"facType":"fire"}},{"type":"Feature","geometry":{"type":"Point","coordinates":[-86.86387,36.12436]},"properties":{"probability":0.188,"inBuffer":false,"facType":"substation"}},{"type":"Feature","geometry":{"type":"Point","coordinates":[-86.85831,36.12435]},"properties":{"probability":0.41,"inBuffer":false,"facType":"substation"}},{"type":"Feature","geometry":{"type":"Point","coordinates":[-86.85275,36.12434]},"properties":{"probability":0.545,"inBuffer":false,"facType":"substation"}},{"type":"Feature","geometry":{"type":"Point","coordinates":[-86.8472,36.12434]},"properties":{"probability":0.59,"inBuffer":true,"facType":"substation"}},{"type":"Feature","geometry":{"type":"Point","coordinates":[-86.84164,36.12433]},"properties":{"probability":0.434,"inBuffer":true,"facType":"substation"}},{"type":"Feature","geometry":{"type":"Point","coordinates":[-86.83608,36.12432]},"properties":{"probability":0.32,"inBuffer":true,"facType":"fire"}},{"type":"Feature","geometry":{"type":"Point","coordinates":[-86.83053,36.12431]},"properties":{"probability":0.25,"inBuffer":false,"facType":"fire"}},{"type":"Feature","geometry":{"type":"Point","coordinates":[-86.82497,36.12431]},"properties":{"probability":0.272,"inBuffer":false,"facType":"substation"}},{"type":"Feature","geometry":{"type":"Point","coordinates":[-86.81942,36.1243]},"properties":{"probability":0.324,"inBuffer":false,"facType":"substation"}},{"type":"Feature","geometry":{"type":"Point","coordinates":[-86.81386,36.12429]},"properties":{"probability":0.362,"inBuffer":false,"facType":"substation"}},{"type":"Feature","geometry":{"type":"Point","coordinates":[-86.8083,36.12428]},"properties":{"probability":0.473,"inBuffer":false,"facType":"substation"}},{"type":"Feature","geometry":{"type":"Point","coordinates":[-86.80275,36.12427]},"properties":{"probability":0.427,"inBuffer":false,"facType":"substation"}},{"type":"Feature","geometry":{"type":"Point","coordinates":[-86.79719,36.12426]},"properties":{"probability":0.436,"inBuffer":false,"facType":"substation"}},{"type":"Feature","geometry":{"type":"Point","coordinates":[-86.79163,36.12425]},"properties":{"probability":0.493,"inBuffer":false,"facType":"substation"}},{"type":"Feature","geometry":{"type":"Point","coordinates":[-86.78608,36.12424]},"properties":{"probability":0.462,"inBuffer":false,"facType":"substation"}},{"type":"Feature","geometry":{"type":"Point","coordinates":[-86.78053,36.12423]},"properties":{"probability":0.58,"inBuffer":false,"facType":"substation"}},{"type":"Feature","geometry":{"type":"Point","coordinates":[-86.77496,36.12422]},"properties":{"probability":0.647,"inBuffer":false,"facType":"substation"}},{"type":"Feature","geometry":{"type":"Point","coordinates":[-86.76941,36.12421]},"properties":{"probability":0.635,"inBuffer":false,"facType":"substation"}},{"type":"Feature","geometry":{"type":"Point","coordinates":[-86.76385,36.1242]},"properties":{"probability":0.63,"inBuffer":false,"facType":"substation"}},{"type":"Feature","geometry":{"type":"Point","coordinates":[-86.75829,36.12419]},"properties":{"probability":0.612,"inBuffer":false,"facType":"substation"}},{"type":"Feature","geometry":{"type":"Point","coordinates":[-86.75274,36.12418]},"properties":{"probability":0.609,"inBuffer":false,"facType":"substation"}},{"type":"Feature","geometry":{"type":"Point","coordinates":[-86.74718,36.12416]},"properties":{"probability":0.593,"inBuffer":false,"facType":"government"}},{"type":"Feature","geometry":{"type":"Point","coordinates":[-86.74163,36.12415]},"properties":{"probability":0.489,"inBuffer":false,"facType":"government"}},{"type":"Feature","geometry":{"type":"Point","coordinates":[-86.73607,36.12414]},"properties":{"probability":0.441,"inBuffer":false,"facType":"government"}},{"type":"Feature","geometry":{"type":"Point","coordinates":[-86.73051,36.12413]},"properties":{"probability":0.419,"inBuffer":false,"facType":"substation"}},{"type":"Feature","geometry":{"type":"Point","coordinates":[-86.72496,36.12412]},"properties":{"probability":0.416,"inBuffer":false,"facType":"substation"}},{"type":"Feature","geometry":{"type":"Point","coordinates":[-86.7194,36.1241]},"properties":{"probability":0.398,"inBuffer":false,"facType":"substation"}},{"type":"Feature","geometry":{"type":"Point","coordinates":[-86.71384,36.12409]},"properties":{"probability":0.555,"inBuffer":false,"facType":"substation"}},{"type":"Feature","geometry":{"type":"Point","coordinates":[-86.70829,36.12408]},"properties":{"probability":0.594,"inBuffer":false,"facType":"substation"}},{"type":"Feature","geometry":{"type":"Point","coordinates":[-86.70274,36.12407]},"properties":{"probability":0.563,"inBuffer":false,"facType":"substation"}},{"type":"Feature","geometry":{"type":"Point","coordinates":[-86.69717,36.12405]},"properties":{"probability":0.575,"inBuffer":false,"facType":"substation"}},{"type":"Feature","geometry":{"type":"Point","coordinates":[-86.69162,36.12403]},"properties":{"probability":0.623,"inBuffer":false,"facType":"substation"}},{"type":"Feature","geometry":{"type":"Point","coordinates":[-86.68607,36.12402]},"properties":{"probability":0.564,"inBuffer":true,"facType":"airport"}},{"type":"Feature","geometry":{"type":"Point","coordinates":[-86.6805,36.12401]},"properties":{"probability":0.32,"inBuffer":true,"facType":"airport"}},{"type":"Feature","geometry":{"type":"Point","coordinates":[-86.67495,36.12399]},"properties":{"probability":0.527,"inBuffer":true,"facType":"airport"}},{"type":"Feature","geometry":{"type":"Point","coordinates":[-86.6694,36.12398]},"properties":{"probability":0.489,"inBuffer":true,"facType":"airport"}},{"type":"Feature","geometry":{"type":"Point","coordinates":[-86.66384,36.12396]},"properties":{"probability":0.347,"inBuffer":false,"facType":"airport"}},{"type":"Feature","geometry":{"type":"Point","coordinates":[-86.65828,36.12395]},"properties":{"probability":0.155,"inBuffer":false,"facType":"substation"}},{"type":"Feature","geometry":{"type":"Point","coordinates":[-86.65273,36.12393]},"properties":{"probability":0.15,"inBuffer":false,"facType":"substation"}},{"type":"Feature","geometry":{"type":"Point","coordinates":[-86.64717,36.12391]},"properties":{"probability":0.157,"inBuffer":false,"facType":"substation"}},{"type":"Feature","geometry":{"type":"Point","coordinates":[-86.64162,36.1239]},"properties":{"probability":0.16,"inBuffer":false,"facType":"substation"}},{"type":"Feature","geometry":{"type":"Point","coordinates":[-86.63605,36.12388]},"properties":{"probability":0.216,"inBuffer":false,"facType":"substation"}},{"type":"Feature","geometry":{"type":"Point","coordinates":[-86.6305,36.12386]},"properties":{"probability":0.275,"inBuffer":false,"facType":"substation"}},{"type":"Feature","geometry":{"type":"Point","coordinates":[-86.62495,36.12384]},"properties":{"probability":0.15,"inBuffer":false,"facType":"substation"}},{"type":"Feature","geometry":{"type":"Point","coordinates":[-86.61938,36.12383]},"properties":{"probability":0.134,"inBuffer":false,"facType":"substation"}},{"type":"Feature","geometry":{"type":"Point","coordinates":[-86.61383,36.12381]},"properties":{"probability":0.113,"inBuffer":false,"facType":"substation"}},{"type":"Feature","geometry":{"type":"Point","coordinates":[-86.9361,36.11991]},"properties":{"probability":0.124,"inBuffer":false,"facType":"substation"}},{"type":"Feature","geometry":{"type":"Point","coordinates":[-86.93055,36.1199]},"properties":{"probability":0.128,"inBuffer":false,"facType":"substation"}},{"type":"Feature","geometry":{"type":"Point","coordinates":[-86.925,36.1199]},"properties":{"probability":0.328,"inBuffer":false,"facType":"substation"}},{"type":"Feature","geometry":{"type":"Point","coordinates":[-86.91943,36.1199]},"properties":{"probability":0.275,"inBuffer":false,"facType":"substation"}},{"type":"Feature","geometry":{"type":"Point","coordinates":[-86.91388,36.11989]},"properties":{"probability":0.207,"inBuffer":false,"facType":"substation"}},{"type":"Feature","geometry":{"type":"Point","coordinates":[-86.90833,36.11989]},"properties":{"probability":0.153,"inBuffer":false,"facType":"substation"}},{"type":"Feature","geometry":{"type":"Point","coordinates":[-86.90277,36.11988]},"properties":{"probability":0.151,"inBuffer":false,"facType":"substation"}},{"type":"Feature","geometry":{"type":"Point","coordinates":[-86.89721,36.11988]},"properties":{"probability":0.189,"inBuffer":false,"facType":"substation"}},{"type":"Feature","geometry":{"type":"Point","coordinates":[-86.89165,36.11988]},"properties":{"probability":0.215,"inBuffer":true,"facType":"fire"}},{"type":"Feature","geometry":{"type":"Point","coordinates":[-86.8861,36.11987]},"properties":{"probability":0.198,"inBuffer":true,"facType":"fire"}},{"type":"Feature","geometry":{"type":"Point","coordinates":[-86.88055,36.11987]},"properties":{"probability":0.201,"inBuffer":true,"facType":"fire"}},{"type":"Feature","geometry":{"type":"Point","coordinates":[-86.87498,36.11986]},"properties":{"probability":0.189,"inBuffer":false,"facType":"fire"}},{"type":"Feature","geometry":{"type":"Point","coordinates":[-86.86943,36.11985]},"properties":{"probability":0.179,"inBuffer":false,"facType":"fire"}},{"type":"Feature","geometry":{"type":"Point","coordinates":[-86.86388,36.11985]},"properties":{"probability":0.204,"inBuffer":false,"facType":"substation"}},{"type":"Feature","geometry":{"type":"Point","coordinates":[-86.85832,36.11984]},"properties":{"probability":0.245,"inBuffer":false,"facType":"substation"}},{"type":"Feature","geometry":{"type":"Point","coordinates":[-86.85276,36.11983]},"properties":{"probability":0.245,"inBuffer":false,"facType":"substation"}},{"type":"Feature","geometry":{"type":"Point","coordinates":[-86.84721,36.11983]},"properties":{"probability":0.32,"inBuffer":false,"facType":"substation"}},{"type":"Feature","geometry":{"type":"Point","coordinates":[-86.84165,36.11982]},"properties":{"probability":0.254,"inBuffer":false,"facType":"substation"}},{"type":"Feature","geometry":{"type":"Point","coordinates":[-86.8361,36.11981]},"properties":{"probability":0.235,"inBuffer":false,"facType":"substation"}},{"type":"Feature","geometry":{"type":"Point","coordinates":[-86.83054,36.1198]},"properties":{"probability":0.248,"inBuffer":false,"facType":"substation"}},{"type":"Feature","geometry":{"type":"Point","coordinates":[-86.82498,36.1198]},"properties":{"probability":0.251,"inBuffer":false,"facType":"substation"}},{"type":"Feature","geometry":{"type":"Point","coordinates":[-86.81943,36.11979]},"properties":{"probability":0.273,"inBuffer":false,"facType":"substation"}},{"type":"Feature","geometry":{"type":"Point","coordinates":[-86.81387,36.11978]},"properties":{"probability":0.371,"inBuffer":false,"facType":"substation"}},{"type":"Feature","geometry":{"type":"Point","coordinates":[-86.80831,36.11977]},"properties":{"probability":0.451,"inBuffer":false,"facType":"substation"}},{"type":"Feature","geometry":{"type":"Point","coordinates":[-86.80276,36.11976]},"properties":{"probability":0.436,"inBuffer":false,"facType":"substation"}},{"type":"Feature","geometry":{"type":"Point","coordinates":[-86.7972,36.11975]},"properties":{"probability":0.431,"inBuffer":false,"facType":"substation"}},{"type":"Feature","geometry":{"type":"Point","coordinates":[-86.79165,36.11974]},"properties":{"probability":0.415,"inBuffer":false,"facType":"substation"}},{"type":"Feature","geometry":{"type":"Point","coordinates":[-86.78609,36.11974]},"properties":{"probability":0.493,"inBuffer":false,"facType":"substation"}},{"type":"Feature","geometry":{"type":"Point","coordinates":[-86.78053,36.11972]},"properties":{"probability":0.498,"inBuffer":false,"facType":"substation"}},{"type":"Feature","geometry":{"type":"Point","coordinates":[-86.77498,36.11971]},"properties":{"probability":0.647,"inBuffer":false,"facType":"substation"}},{"type":"Feature","geometry":{"type":"Point","coordinates":[-86.76942,36.1197]},"properties":{"probability":0.597,"inBuffer":false,"facType":"substation"}},{"type":"Feature","geometry":{"type":"Point","coordinates":[-86.76386,36.11969]},"properties":{"probability":0.584,"inBuffer":false,"facType":"substation"}},{"type":"Feature","geometry":{"type":"Point","coordinates":[-86.75831,36.11968]},"properties":{"probability":0.616,"inBuffer":false,"facType":"substation"}},{"type":"Feature","geometry":{"type":"Point","coordinates":[-86.75275,36.11967]},"properties":{"probability":0.64,"inBuffer":true,"facType":"fire"}},{"type":"Feature","geometry":{"type":"Point","coordinates":[-86.7472,36.11966]},"properties":{"probability":0.586,"inBuffer":true,"facType":"fire"}},{"type":"Feature","geometry":{"type":"Point","coordinates":[-86.74164,36.11965]},"properties":{"probability":0.409,"inBuffer":true,"facType":"government"}},{"type":"Feature","geometry":{"type":"Point","coordinates":[-86.73608,36.11963]},"properties":{"probability":0.405,"inBuffer":false,"facType":"government"}},{"type":"Feature","geometry":{"type":"Point","coordinates":[-86.73053,36.11962]},"properties":{"probability":0.415,"inBuffer":false,"facType":"substation"}},{"type":"Feature","geometry":{"type":"Point","coordinates":[-86.72498,36.11961]},"properties":{"probability":0.367,"inBuffer":false,"facType":"substation"}},{"type":"Feature","geometry":{"type":"Point","coordinates":[-86.71942,36.11959]},"properties":{"probability":0.357,"inBuffer":false,"facType":"substation"}},{"type":"Feature","geometry":{"type":"Point","coordinates":[-86.71386,36.11958]},"properties":{"probability":0.33,"inBuffer":false,"facType":"substation"}},{"type":"Feature","geometry":{"type":"Point","coordinates":[-86.70831,36.11957]},"properties":{"probability":0.501,"inBuffer":false,"facType":"substation"}},{"type":"Feature","geometry":{"type":"Point","coordinates":[-86.70275,36.11956]},"properties":{"probability":0.585,"inBuffer":false,"facType":"substation"}},{"type":"Feature","geometry":{"type":"Point","coordinates":[-86.6972,36.11954]},"properties":{"probability":0.617,"inBuffer":false,"facType":"substation"}},{"type":"Feature","geometry":{"type":"Point","coordinates":[-86.69164,36.11953]},"properties":{"probability":0.621,"inBuffer":false,"facType":"substation"}},{"type":"Feature","geometry":{"type":"Point","coordinates":[-86.68608,36.11951]},"properties":{"probability":0.548,"inBuffer":true,"facType":"airport"}},{"type":"Feature","geometry":{"type":"Point","coordinates":[-86.68053,36.1195]},"properties":{"probability":0.511,"inBuffer":true,"facType":"airport"}},{"type":"Feature","geometry":{"type":"Point","coordinates":[-86.67497,36.11948]},"properties":{"probability":0.601,"inBuffer":true,"facType":"airport"}},{"type":"Feature","geometry":{"type":"Point","coordinates":[-86.66941,36.11947]},"properties":{"probability":0.381,"inBuffer":true,"facType":"airport"}},{"type":"Feature","geometry":{"type":"Point","coordinates":[-86.66386,36.11945]},"properties":{"probability":0.226,"inBuffer":true,"facType":"airport"}},{"type":"Feature","geometry":{"type":"Point","coordinates":[-86.6583,36.11944]},"properties":{"probability":0.166,"inBuffer":false,"facType":"substation"}},{"type":"Feature","geometry":{"type":"Point","coordinates":[-86.65275,36.11942]},"properties":{"probability":0.161,"inBuffer":false,"facType":"substation"}},{"type":"Feature","geometry":{"type":"Point","coordinates":[-86.64719,36.1194]},"properties":{"probability":0.151,"inBuffer":false,"facType":"substation"}},{"type":"Feature","geometry":{"type":"Point","coordinates":[-86.64163,36.11939]},"properties":{"probability":0.128,"inBuffer":false,"facType":"substation"}},{"type":"Feature","geometry":{"type":"Point","coordinates":[-86.63608,36.11937]},"properties":{"probability":0.162,"inBuffer":false,"facType":"substation"}},{"type":"Feature","geometry":{"type":"Point","coordinates":[-86.63052,36.11935]},"properties":{"probability":0.21,"inBuffer":false,"facType":"substation"}},{"type":"Feature","geometry":{"type":"Point","coordinates":[-86.62497,36.11934]},"properties":{"probability":0.125,"inBuffer":false,"facType":"substation"}},{"type":"Feature","geometry":{"type":"Point","coordinates":[-86.61941,36.11932]},"properties":{"probability":0.114,"inBuffer":false,"facType":"substation"}},{"type":"Feature","geometry":{"type":"Point","coordinates":[-86.61385,36.1193]},"properties":{"probability":0.113,"inBuffer":false,"facType":"substation"}},{"type":"Feature","geometry":{"type":"Point","coordinates":[-86.93611,36.1154]},"properties":{"probability":0.118,"inBuffer":false,"facType":"substation"}},{"type":"Feature","geometry":{"type":"Point","coordinates":[-86.93055,36.1154]},"properties":{"probability":0.207,"inBuffer":false,"facType":"substation"}},{"type":"Feature","geometry":{"type":"Point","coordinates":[-86.925,36.11539]},"properties":{"probability":0.342,"inBuffer":false,"facType":"substation"}},{"type":"Feature","geometry":{"type":"Point","coordinates":[-86.91944,36.11539]},"properties":{"probability":0.268,"inBuffer":false,"facType":"substation"}},{"type":"Feature","geometry":{"type":"Point","coordinates":[-86.91389,36.11539]},"properties":{"probability":0.209,"inBuffer":false,"facType":"substation"}},{"type":"Feature","geometry":{"type":"Point","coordinates":[-86.90833,36.11538]},"properties":{"probability":0.136,"inBuffer":false,"facType":"substation"}},{"type":"Feature","geometry":{"type":"Point","coordinates":[-86.90277,36.11538]},"properties":{"probability":0.142,"inBuffer":false,"facType":"substation"}},{"type":"Feature","geometry":{"type":"Point","coordinates":[-86.89722,36.11537]},"properties":{"probability":0.166,"inBuffer":false,"facType":"fire"}},{"type":"Feature","geometry":{"type":"Point","coordinates":[-86.89166,36.11537]},"properties":{"probability":0.196,"inBuffer":true,"facType":"fire"}},{"type":"Feature","geometry":{"type":"Point","coordinates":[-86.88611,36.11536]},"properties":{"probability":0.203,"inBuffer":true,"facType":"fire"}},{"type":"Feature","geometry":{"type":"Point","coordinates":[-86.88055,36.11536]},"properties":{"probability":0.2,"inBuffer":true,"facType":"fire"}},{"type":"Feature","geometry":{"type":"Point","coordinates":[-86.87499,36.11535]},"properties":{"probability":0.157,"inBuffer":false,"facType":"fire"}},{"type":"Feature","geometry":{"type":"Point","coordinates":[-86.86944,36.11535]},"properties":{"probability":0.199,"inBuffer":false,"facType":"fire"}},{"type":"Feature","geometry":{"type":"Point","coordinates":[-86.86388,36.11534]},"properties":{"probability":0.207,"inBuffer":false,"facType":"substation"}},{"type":"Feature","geometry":{"type":"Point","coordinates":[-86.85833,36.11533]},"properties":{"probability":0.208,"inBuffer":false,"facType":"substation"}},{"type":"Feature","geometry":{"type":"Point","coordinates":[-86.85277,36.11533]},"properties":{"probability":0.201,"inBuffer":false,"facType":"substation"}},{"type":"Feature","geometry":{"type":"Point","coordinates":[-86.84721,36.11532]},"properties":{"probability":0.208,"inBuffer":false,"facType":"substation"}},{"type":"Feature","geometry":{"type":"Point","coordinates":[-86.84166,36.11531]},"properties":{"probability":0.23,"inBuffer":false,"facType":"substation"}},{"type":"Feature","geometry":{"type":"Point","coordinates":[-86.83611,36.1153]},"properties":{"probability":0.24,"inBuffer":false,"facType":"substation"}},{"type":"Feature","geometry":{"type":"Point","coordinates":[-86.83055,36.1153]},"properties":{"probability":0.241,"inBuffer":false,"facType":"substation"}},{"type":"Feature","geometry":{"type":"Point","coordinates":[-86.82499,36.11529]},"properties":{"probability":0.344,"inBuffer":false,"facType":"substation"}},{"type":"Feature","geometry":{"type":"Point","coordinates":[-86.81944,36.11528]},"properties":{"probability":0.41,"inBuffer":false,"facType":"substation"}},{"type":"Feature","geometry":{"type":"Point","coordinates":[-86.81388,36.11527]},"properties":{"probability":0.44,"inBuffer":false,"facType":"substation"}},{"type":"Feature","geometry":{"type":"Point","coordinates":[-86.80833,36.11526]},"properties":{"probability":0.501,"inBuffer":false,"facType":"substation"}},{"type":"Feature","geometry":{"type":"Point","coordinates":[-86.80277,36.11525]},"properties":{"probability":0.424,"inBuffer":false,"facType":"substation"}},{"type":"Feature","geometry":{"type":"Point","coordinates":[-86.79721,36.11525]},"properties":{"probability":0.42,"inBuffer":false,"facType":"substation"}},{"type":"Feature","geometry":{"type":"Point","coordinates":[-86.79166,36.11523]},"properties":{"probability":0.418,"inBuffer":false,"facType":"substation"}},{"type":"Feature","geometry":{"type":"Point","coordinates":[-86.7861,36.11523]},"properties":{"probability":0.454,"inBuffer":false,"facType":"substation"}},{"type":"Feature","geometry":{"type":"Point","coordinates":[-86.78055,36.11522]},"properties":{"probability":0.485,"inBuffer":false,"facType":"substation"}},{"type":"Feature","geometry":{"type":"Point","coordinates":[-86.77499,36.1152]},"properties":{"probability":0.63,"inBuffer":false,"facType":"substation"}},{"type":"Feature","geometry":{"type":"Point","coordinates":[-86.76943,36.1152]},"properties":{"probability":0.644,"inBuffer":true,"facType":"substation"}},{"type":"Feature","geometry":{"type":"Point","coordinates":[-86.76388,36.11518]},"properties":{"probability":0.635,"inBuffer":true,"facType":"police"}},{"type":"Feature","geometry":{"type":"Point","coordinates":[-86.75832,36.11517]},"properties":{"probability":0.647,"inBuffer":true,"facType":"police"}},{"type":"Feature","geometry":{"type":"Point","coordinates":[-86.75277,36.11516]},"properties":{"probability":0.625,"inBuffer":true,"facType":"fire"}},{"type":"Feature","geometry":{"type":"Point","coordinates":[-86.74722,36.11515]},"properties":{"probability":0.641,"inBuffer":true,"facType":"fire"}},{"type":"Feature","geometry":{"type":"Point","coordinates":[-86.74165,36.11514]},"properties":{"probability":0.517,"inBuffer":true,"facType":"fire"}},{"type":"Feature","geometry":{"type":"Point","coordinates":[-86.7361,36.11513]},"properties":{"probability":0.444,"inBuffer":false,"facType":"substation"}},{"type":"Feature","geometry":{"type":"Point","coordinates":[-86.73055,36.11511]},"properties":{"probability":0.436,"inBuffer":false,"facType":"substation"}},{"type":"Feature","geometry":{"type":"Point","coordinates":[-86.72499,36.1151]},"properties":{"probability":0.494,"inBuffer":false,"facType":"substation"}},{"type":"Feature","geometry":{"type":"Point","coordinates":[-86.71944,36.11509]},"properties":{"probability":0.475,"inBuffer":false,"facType":"substation"}},{"type":"Feature","geometry":{"type":"Point","coordinates":[-86.71387,36.11507]},"properties":{"probability":0.286,"inBuffer":false,"facType":"substation"}},{"type":"Feature","geometry":{"type":"Point","coordinates":[-86.70832,36.11506]},"properties":{"probability":0.409,"inBuffer":false,"facType":"substation"}},{"type":"Feature","geometry":{"type":"Point","coordinates":[-86.70277,36.11505]},"properties":{"probability":0.453,"inBuffer":false,"facType":"substation"}},{"type":"Feature","geometry":{"type":"Point","coordinates":[-86.69721,36.11504]},"properties":{"probability":0.58,"inBuffer":false,"facType":"substation"}},{"type":"Feature","geometry":{"type":"Point","coordinates":[-86.69166,36.11502]},"properties":{"probability":0.438,"inBuffer":false,"facType":"substation"}},{"type":"Feature","geometry":{"type":"Point","coordinates":[-86.6861,36.11501]},"properties":{"probability":0.397,"inBuffer":true,"facType":"airport"}},{"type":"Feature","geometry":{"type":"Point","coordinates":[-86.68054,36.11499]},"properties":{"probability":0.562,"inBuffer":true,"facType":"airport"}},{"type":"Feature","geometry":{"type":"Point","coordinates":[-86.67499,36.11497]},"properties":{"probability":0.569,"inBuffer":true,"facType":"airport"}},{"type":"Feature","geometry":{"type":"Point","coordinates":[-86.66943,36.11496]},"properties":{"probability":0.323,"inBuffer":true,"facType":"airport"}},{"type":"Feature","geometry":{"type":"Point","coordinates":[-86.66388,36.11494]},"properties":{"probability":0.197,"inBuffer":true,"facType":"airport"}},{"type":"Feature","geometry":{"type":"Point","coordinates":[-86.65832,36.11493]},"properties":{"probability":0.181,"inBuffer":false,"facType":"substation"}},{"type":"Feature","geometry":{"type":"Point","coordinates":[-86.65276,36.11491]},"properties":{"probability":0.199,"inBuffer":false,"facType":"substation"}},{"type":"Feature","geometry":{"type":"Point","coordinates":[-86.64721,36.1149]},"properties":{"probability":0.237,"inBuffer":false,"facType":"substation"}},{"type":"Feature","geometry":{"type":"Point","coordinates":[-86.64165,36.11488]},"properties":{"probability":0.426,"inBuffer":false,"facType":"substation"}},{"type":"Feature","geometry":{"type":"Point","coordinates":[-86.6361,36.11486]},"properties":{"probability":0.316,"inBuffer":false,"facType":"substation"}},{"type":"Feature","geometry":{"type":"Point","coordinates":[-86.63055,36.11485]},"properties":{"probability":0.196,"inBuffer":false,"facType":"substation"}},{"type":"Feature","geometry":{"type":"Point","coordinates":[-86.62498,36.11483]},"properties":{"probability":0.121,"inBuffer":false,"facType":"substation"}},{"type":"Feature","geometry":{"type":"Point","coordinates":[-86.61943,36.11481]},"properties":{"probability":0.122,"inBuffer":false,"facType":"substation"}},{"type":"Feature","geometry":{"type":"Point","coordinates":[-86.61388,36.1148]},"properties":{"probability":0.105,"inBuffer":false,"facType":"water_works"}},{"type":"Feature","geometry":{"type":"Point","coordinates":[-86.93611,36.11089]},"properties":{"probability":0.144,"inBuffer":false,"facType":"substation"}},{"type":"Feature","geometry":{"type":"Point","coordinates":[-86.93056,36.11089]},"properties":{"probability":0.251,"inBuffer":false,"facType":"substation"}},{"type":"Feature","geometry":{"type":"Point","coordinates":[-86.925,36.11089]},"properties":{"probability":0.319,"inBuffer":false,"facType":"substation"}},{"type":"Feature","geometry":{"type":"Point","coordinates":[-86.91945,36.11088]},"properties":{"probability":0.209,"inBuffer":false,"facType":"substation"}},{"type":"Feature","geometry":{"type":"Point","coordinates":[-86.91389,36.11088]},"properties":{"probability":0.155,"inBuffer":false,"facType":"substation"}},{"type":"Feature","geometry":{"type":"Point","coordinates":[-86.90833,36.11087]},"properties":{"probability":0.131,"inBuffer":false,"facType":"substation"}},{"type":"Feature","geometry":{"type":"Point","coordinates":[-86.90278,36.11087]},"properties":{"probability":0.131,"inBuffer":false,"facType":"substation"}},{"type":"Feature","geometry":{"type":"Point","coordinates":[-86.89722,36.11087]},"properties":{"probability":0.128,"inBuffer":false,"facType":"fire"}},{"type":"Feature","geometry":{"type":"Point","coordinates":[-86.89167,36.11086]},"properties":{"probability":0.14,"inBuffer":false,"facType":"fire"}},{"type":"Feature","geometry":{"type":"Point","coordinates":[-86.88612,36.11086]},"properties":{"probability":0.182,"inBuffer":false,"facType":"fire"}},{"type":"Feature","geometry":{"type":"Point","coordinates":[-86.88055,36.11085]},"properties":{"probability":0.155,"inBuffer":false,"facType":"fire"}},{"type":"Feature","geometry":{"type":"Point","coordinates":[-86.875,36.11084]},"properties":{"probability":0.146,"inBuffer":false,"facType":"substation"}},{"type":"Feature","geometry":{"type":"Point","coordinates":[-86.86945,36.11084]},"properties":{"probability":0.209,"inBuffer":false,"facType":"substation"}},{"type":"Feature","geometry":{"type":"Point","coordinates":[-86.86389,36.11083]},"properties":{"probability":0.217,"inBuffer":false,"facType":"substation"}},{"type":"Feature","geometry":{"type":"Point","coordinates":[-86.85834,36.11082]},"properties":{"probability":0.182,"inBuffer":false,"facType":"substation"}},{"type":"Feature","geometry":{"type":"Point","coordinates":[-86.85278,36.11082]},"properties":{"probability":0.169,"inBuffer":false,"facType":"substation"}},{"type":"Feature","geometry":{"type":"Point","coordinates":[-86.84722,36.11081]},"properties":{"probability":0.193,"inBuffer":false,"facType":"substation"}},{"type":"Feature","geometry":{"type":"Point","coordinates":[-86.84167,36.11081]},"properties":{"probability":0.215,"inBuffer":false,"facType":"substation"}},{"type":"Feature","geometry":{"type":"Point","coordinates":[-86.83611,36.1108]},"properties":{"probability":0.257,"inBuffer":false,"facType":"substation"}},{"type":"Feature","geometry":{"type":"Point","coordinates":[-86.83056,36.11079]},"properties":{"probability":0.25,"inBuffer":false,"facType":"substation"}},{"type":"Feature","geometry":{"type":"Point","coordinates":[-86.825,36.11078]},"properties":{"probability":0.338,"inBuffer":false,"facType":"substation"}},{"type":"Feature","geometry":{"type":"Point","coordinates":[-86.81945,36.11077]},"properties":{"probability":0.649,"inBuffer":false,"facType":"substation"}},{"type":"Feature","geometry":{"type":"Point","coordinates":[-86.81389,36.11076]},"properties":{"probability":0.643,"inBuffer":false,"facType":"substation"}},{"type":"Feature","geometry":{"type":"Point","coordinates":[-86.80833,36.11076]},"properties":{"probability":0.645,"inBuffer":false,"facType":"substation"}},{"type":"Feature","geometry":{"type":"Point","coordinates":[-86.80278,36.11075]},"properties":{"probability":0.434,"inBuffer":false,"facType":"substation"}},{"type":"Feature","geometry":{"type":"Point","coordinates":[-86.79723,36.11074]},"properties":{"probability":0.408,"inBuffer":false,"facType":"substation"}},{"type":"Feature","geometry":{"type":"Point","coordinates":[-86.79167,36.11073]},"properties":{"probability":0.35,"inBuffer":false,"facType":"substation"}},{"type":"Feature","geometry":{"type":"Point","coordinates":[-86.78612,36.11072]},"properties":{"probability":0.342,"inBuffer":false,"facType":"substation"}},{"type":"Feature","geometry":{"type":"Point","coordinates":[-86.78056,36.11071]},"properties":{"probability":0.405,"inBuffer":false,"facType":"substation"}},{"type":"Feature","geometry":{"type":"Point","coordinates":[-86.775,36.1107]},"properties":{"probability":0.511,"inBuffer":false,"facType":"substation"}},{"type":"Feature","geometry":{"type":"Point","coordinates":[-86.76945,36.11069]},"properties":{"probability":0.672,"inBuffer":true,"facType":"police"}},{"type":"Feature","geometry":{"type":"Point","coordinates":[-86.76389,36.11068]},"properties":{"probability":0.656,"inBuffer":true,"facType":"police"}},{"type":"Feature","geometry":{"type":"Point","coordinates":[-86.75834,36.11066]},"properties":{"probability":0.64,"inBuffer":true,"facType":"police"}},{"type":"Feature","geometry":{"type":"Point","coordinates":[-86.75278,36.11065]},"properties":{"probability":0.642,"inBuffer":false,"facType":"fire"}},{"type":"Feature","geometry":{"type":"Point","coordinates":[-86.74723,36.11064]},"properties":{"probability":0.66,"inBuffer":true,"facType":"fire"}},{"type":"Feature","geometry":{"type":"Point","coordinates":[-86.74167,36.11063]},"properties":{"probability":0.652,"inBuffer":false,"facType":"fire"}},{"type":"Feature","geometry":{"type":"Point","coordinates":[-86.73611,36.11062]},"properties":{"probability":0.526,"inBuffer":false,"facType":"substation"}},{"type":"Feature","geometry":{"type":"Point","coordinates":[-86.73056,36.11061]},"properties":{"probability":0.438,"inBuffer":false,"facType":"substation"}},{"type":"Feature","geometry":{"type":"Point","coordinates":[-86.72501,36.11059]},"properties":{"probability":0.598,"inBuffer":false,"facType":"substation"}},{"type":"Feature","geometry":{"type":"Point","coordinates":[-86.71945,36.11058]},"properties":{"probability":0.619,"inBuffer":false,"facType":"substation"}},{"type":"Feature","geometry":{"type":"Point","coordinates":[-86.7139,36.11057]},"properties":{"probability":0.559,"inBuffer":false,"facType":"substation"}},{"type":"Feature","geometry":{"type":"Point","coordinates":[-86.70834,36.11055]},"properties":{"probability":0.337,"inBuffer":false,"facType":"substation"}},{"type":"Feature","geometry":{"type":"Point","coordinates":[-86.70278,36.11054]},"properties":{"probability":0.276,"inBuffer":false,"facType":"substation"}},{"type":"Feature","geometry":{"type":"Point","coordinates":[-86.69723,36.11053]},"properties":{"probability":0.333,"inBuffer":false,"facType":"substation"}},{"type":"Feature","geometry":{"type":"Point","coordinates":[-86.69167,36.11051]},"properties":{"probability":0.407,"inBuffer":false,"facType":"substation"}},{"type":"Feature","geometry":{"type":"Point","coordinates":[-86.68612,36.1105]},"properties":{"probability":0.472,"inBuffer":true,"facType":"airport"}},{"type":"Feature","geometry":{"type":"Point","coordinates":[-86.68056,36.11049]},"properties":{"probability":0.635,"inBuffer":true,"facType":"airport"}},{"type":"Feature","geometry":{"type":"Point","coordinates":[-86.67501,36.11047]},"properties":{"probability":0.617,"inBuffer":true,"facType":"airport"}},{"type":"Feature","geometry":{"type":"Point","coordinates":[-86.66945,36.11045]},"properties":{"probability":0.401,"inBuffer":true,"facType":"airport"}},{"type":"Feature","geometry":{"type":"Point","coordinates":[-86.66389,36.11044]},"properties":{"probability":0.221,"inBuffer":true,"facType":"airport"}},{"type":"Feature","geometry":{"type":"Point","coordinates":[-86.65834,36.11042]},"properties":{"probability":0.168,"inBuffer":false,"facType":"airport"}},{"type":"Feature","geometry":{"type":"Point","coordinates":[-86.65279,36.1104]},"properties":{"probability":0.179,"inBuffer":false,"facType":"substation"}},{"type":"Feature","geometry":{"type":"Point","coordinates":[-86.64723,36.11039]},"properties":{"probability":0.429,"inBuffer":false,"facType":"substation"}},{"type":"Feature","geometry":{"type":"Point","coordinates":[-86.64168,36.11037]},"properties":{"probability":0.57,"inBuffer":false,"facType":"substation"}},{"type":"Feature","geometry":{"type":"Point","coordinates":[-86.63612,36.11036]},"properties":{"probability":0.461,"inBuffer":false,"facType":"substation"}},{"type":"Feature","geometry":{"type":"Point","coordinates":[-86.63056,36.11034]},"properties":{"probability":0.203,"inBuffer":false,"facType":"substation"}},{"type":"Feature","geometry":{"type":"Point","coordinates":[-86.62501,36.11032]},"properties":{"probability":0.149,"inBuffer":false,"facType":"water_works"}},{"type":"Feature","geometry":{"type":"Point","coordinates":[-86.61945,36.11031]},"properties":{"probability":0.132,"inBuffer":false,"facType":"water_works"}},{"type":"Feature","geometry":{"type":"Point","coordinates":[-86.6139,36.11029]},"properties":{"probability":0.106,"inBuffer":false,"facType":"water_works"}},{"type":"Feature","geometry":{"type":"Point","coordinates":[-86.60835,36.11027]},"properties":{"probability":0.124,"inBuffer":false,"facType":"water_works"}},{"type":"Feature","geometry":{"type":"Point","coordinates":[-86.60279,36.11025]},"properties":{"probability":0.115,"inBuffer":false,"facType":"water_works"}},{"type":"Feature","geometry":{"type":"Point","coordinates":[-86.93612,36.10638]},"properties":{"probability":0.134,"inBuffer":false,"facType":"substation"}},{"type":"Feature","geometry":{"type":"Point","coordinates":[-86.93056,36.10638]},"properties":{"probability":0.327,"inBuffer":false,"facType":"substation"}},{"type":"Feature","geometry":{"type":"Point","coordinates":[-86.925,36.10638]},"properties":{"probability":0.347,"inBuffer":false,"facType":"substation"}},{"type":"Feature","geometry":{"type":"Point","coordinates":[-86.91945,36.10637]},"properties":{"probability":0.214,"inBuffer":false,"facType":"substation"}},{"type":"Feature","geometry":{"type":"Point","coordinates":[-86.91389,36.10637]},"properties":{"probability":0.131,"inBuffer":false,"facType":"substation"}},{"type":"Feature","geometry":{"type":"Point","coordinates":[-86.90834,36.10637]},"properties":{"probability":0.119,"inBuffer":false,"facType":"substation"}},{"type":"Feature","geometry":{"type":"Point","coordinates":[-86.90279,36.10636]},"properties":{"probability":0.121,"inBuffer":false,"facType":"substation"}},{"type":"Feature","geometry":{"type":"Point","coordinates":[-86.89723,36.10636]},"properties":{"probability":0.133,"inBuffer":false,"facType":"fire"}},{"type":"Feature","geometry":{"type":"Point","coordinates":[-86.89168,36.10635]},"properties":{"probability":0.125,"inBuffer":false,"facType":"fire"}},{"type":"Feature","geometry":{"type":"Point","coordinates":[-86.88612,36.10635]},"properties":{"probability":0.165,"inBuffer":false,"facType":"fire"}},{"type":"Feature","geometry":{"type":"Point","coordinates":[-86.88056,36.10634]},"properties":{"probability":0.172,"inBuffer":false,"facType":"substation"}},{"type":"Feature","geometry":{"type":"Point","coordinates":[-86.87501,36.10633]},"properties":{"probability":0.206,"inBuffer":false,"facType":"substation"}},{"type":"Feature","geometry":{"type":"Point","coordinates":[-86.86945,36.10633]},"properties":{"probability":0.334,"inBuffer":false,"facType":"substation"}},{"type":"Feature","geometry":{"type":"Point","coordinates":[-86.8639,36.10632]},"properties":{"probability":0.316,"inBuffer":false,"facType":"substation"}},{"type":"Feature","geometry":{"type":"Point","coordinates":[-86.85835,36.10632]},"properties":{"probability":0.242,"inBuffer":false,"facType":"substation"}},{"type":"Feature","geometry":{"type":"Point","coordinates":[-86.85279,36.10631]},"properties":{"probability":0.15,"inBuffer":false,"facType":"substation"}},{"type":"Feature","geometry":{"type":"Point","coordinates":[-86.84724,36.1063]},"properties":{"probability":0.195,"inBuffer":false,"facType":"substation"}},{"type":"Feature","geometry":{"type":"Point","coordinates":[-86.84167,36.1063]},"properties":{"probability":0.212,"inBuffer":false,"facType":"substation"}},{"type":"Feature","geometry":{"type":"Point","coordinates":[-86.83612,36.10629]},"properties":{"probability":0.253,"inBuffer":false,"facType":"substation"}},{"type":"Feature","geometry":{"type":"Point","coordinates":[-86.83057,36.10628]},"properties":{"probability":0.327,"inBuffer":false,"facType":"substation"}},{"type":"Feature","geometry":{"type":"Point","coordinates":[-86.82501,36.10627]},"properties":{"probability":0.487,"inBuffer":false,"facType":"substation"}},{"type":"Feature","geometry":{"type":"Point","coordinates":[-86.81946,36.10627]},"properties":{"probability":0.686,"inBuffer":false,"facType":"substation"}},{"type":"Feature","geometry":{"type":"Point","coordinates":[-86.8139,36.10626]},"properties":{"probability":0.686,"inBuffer":false,"facType":"substation"}},{"type":"Feature","geometry":{"type":"Point","coordinates":[-86.80835,36.10625]},"properties":{"probability":0.629,"inBuffer":false,"facType":"substation"}},{"type":"Feature","geometry":{"type":"Point","coordinates":[-86.8028,36.10624]},"properties":{"probability":0.45,"inBuffer":false,"facType":"substation"}},{"type":"Feature","geometry":{"type":"Point","coordinates":[-86.79723,36.10623]},"properties":{"probability":0.435,"inBuffer":false,"facType":"substation"}},{"type":"Feature","geometry":{"type":"Point","coordinates":[-86.79168,36.10622]},"properties":{"probability":0.35,"inBuffer":false,"facType":"substation"}},{"type":"Feature","geometry":{"type":"Point","coordinates":[-86.78613,36.10621]},"properties":{"probability":0.276,"inBuffer":false,"facType":"substation"}},{"type":"Feature","geometry":{"type":"Point","coordinates":[-86.78057,36.1062]},"properties":{"probability":0.298,"inBuffer":false,"facType":"substation"}},{"type":"Feature","geometry":{"type":"Point","coordinates":[-86.77502,36.10619]},"properties":{"probability":0.409,"inBuffer":false,"facType":"police"}},{"type":"Feature","geometry":{"type":"Point","coordinates":[-86.76946,36.10618]},"properties":{"probability":0.636,"inBuffer":false,"facType":"police"}},{"type":"Feature","geometry":{"type":"Point","coordinates":[-86.76391,36.10617]},"properties":{"probability":0.66,"inBuffer":true,"facType":"police"}},{"type":"Feature","geometry":{"type":"Point","coordinates":[-86.75835,36.10616]},"properties":{"probability":0.64,"inBuffer":false,"facType":"police"}},{"type":"Feature","geometry":{"type":"Point","coordinates":[-86.7528,36.10615]},"properties":{"probability":0.591,"inBuffer":false,"facType":"government"}},{"type":"Feature","geometry":{"type":"Point","coordinates":[-86.74724,36.10614]},"properties":{"probability":0.615,"inBuffer":false,"facType":"substation"}},{"type":"Feature","geometry":{"type":"Point","coordinates":[-86.74168,36.10612]},"properties":{"probability":0.636,"inBuffer":false,"facType":"substation"}},{"type":"Feature","geometry":{"type":"Point","coordinates":[-86.73613,36.10611]},"properties":{"probability":0.431,"inBuffer":false,"facType":"substation"}},{"type":"Feature","geometry":{"type":"Point","coordinates":[-86.73058,36.1061]},"properties":{"probability":0.42,"inBuffer":false,"facType":"substation"}},{"type":"Feature","geometry":{"type":"Point","coordinates":[-86.72502,36.10609]},"properties":{"probability":0.595,"inBuffer":false,"facType":"substation"}},{"type":"Feature","geometry":{"type":"Point","coordinates":[-86.71947,36.10607]},"properties":{"probability":0.603,"inBuffer":false,"facType":"substation"}},{"type":"Feature","geometry":{"type":"Point","coordinates":[-86.71391,36.10606]},"properties":{"probability":0.533,"inBuffer":false,"facType":"substation"}},{"type":"Feature","geometry":{"type":"Point","coordinates":[-86.70836,36.10604]},"properties":{"probability":0.394,"inBuffer":false,"facType":"substation"}},{"type":"Feature","geometry":{"type":"Point","coordinates":[-86.7028,36.10603]},"properties":{"probability":0.203,"inBuffer":false,"facType":"substation"}},{"type":"Feature","geometry":{"type":"Point","coordinates":[-86.69724,36.10602]},"properties":{"probability":0.204,"inBuffer":false,"facType":"substation"}},{"type":"Feature","geometry":{"type":"Point","coordinates":[-86.69169,36.106]},"properties":{"probability":0.206,"inBuffer":false,"facType":"substation"}},{"type":"Feature","geometry":{"type":"Point","coordinates":[-86.68613,36.10599]},"properties":{"probability":0.418,"inBuffer":true,"facType":"airport"}},{"type":"Feature","geometry":{"type":"Point","coordinates":[-86.68058,36.10598]},"properties":{"probability":0.619,"inBuffer":true,"facType":"airport"}},{"type":"Feature","geometry":{"type":"Point","coordinates":[-86.67503,36.10596]},"properties":{"probability":0.612,"inBuffer":true,"facType":"airport"}},{"type":"Feature","geometry":{"type":"Point","coordinates":[-86.66947,36.10595]},"properties":{"probability":0.466,"inBuffer":true,"facType":"airport"}},{"type":"Feature","geometry":{"type":"Point","coordinates":[-86.66392,36.10593]},"properties":{"probability":0.34,"inBuffer":true,"facType":"airport"}},{"type":"Feature","geometry":{"type":"Point","coordinates":[-86.65836,36.10592]},"properties":{"probability":0.252,"inBuffer":false,"facType":"airport"}},{"type":"Feature","geometry":{"type":"Point","coordinates":[-86.65281,36.1059]},"properties":{"probability":0.27,"inBuffer":false,"facType":"substation"}},{"type":"Feature","geometry":{"type":"Point","coordinates":[-86.64725,36.10588]},"properties":{"probability":0.42,"inBuffer":false,"facType":"substation"}},{"type":"Feature","geometry":{"type":"Point","coordinates":[-86.64169,36.10587]},"properties":{"probability":0.541,"inBuffer":false,"facType":"substation"}},{"type":"Feature","geometry":{"type":"Point","coordinates":[-86.63614,36.10585]},"properties":{"probability":0.289,"inBuffer":false,"facType":"substation"}},{"type":"Feature","geometry":{"type":"Point","coordinates":[-86.63058,36.10583]},"properties":{"probability":0.134,"inBuffer":false,"facType":"water_works"}},{"type":"Feature","geometry":{"type":"Point","coordinates":[-86.62503,36.10582]},"properties":{"probability":0.133,"inBuffer":false,"facType":"water_works"}},{"type":"Feature","geometry":{"type":"Point","coordinates":[-86.61948,36.1058]},"properties":{"probability":0.115,"inBuffer":false,"facType":"water_works"}},{"type":"Feature","geometry":{"type":"Point","coordinates":[-86.61392,36.10578]},"properties":{"probability":0.117,"inBuffer":false,"facType":"water_works"}},{"type":"Feature","geometry":{"type":"Point","coordinates":[-86.60837,36.10576]},"properties":{"probability":0.132,"inBuffer":false,"facType":"water_works"}},{"type":"Feature","geometry":{"type":"Point","coordinates":[-86.60281,36.10574]},"properties":{"probability":0.19,"inBuffer":false,"facType":"water_works"}},{"type":"Feature","geometry":{"type":"Point","coordinates":[-86.93612,36.10188]},"properties":{"probability":0.128,"inBuffer":false,"facType":"substation"}},{"type":"Feature","geometry":{"type":"Point","coordinates":[-86.93056,36.10187]},"properties":{"probability":0.208,"inBuffer":false,"facType":"substation"}},{"type":"Feature","geometry":{"type":"Point","coordinates":[-86.92501,36.10187]},"properties":{"probability":0.268,"inBuffer":false,"facType":"substation"}},{"type":"Feature","geometry":{"type":"Point","coordinates":[-86.91946,36.10187]},"properties":{"probability":0.134,"inBuffer":false,"facType":"substation"}},{"type":"Feature","geometry":{"type":"Point","coordinates":[-86.9139,36.10186]},"properties":{"probability":0.128,"inBuffer":false,"facType":"substation"}},{"type":"Feature","geometry":{"type":"Point","coordinates":[-86.90835,36.10186]},"properties":{"probability":0.131,"inBuffer":false,"facType":"substation"}},{"type":"Feature","geometry":{"type":"Point","coordinates":[-86.90279,36.10185]},"properties":{"probability":0.126,"inBuffer":false,"facType":"substation"}},{"type":"Feature","geometry":{"type":"Point","coordinates":[-86.89723,36.10185]},"properties":{"probability":0.134,"inBuffer":false,"facType":"fire"}},{"type":"Feature","geometry":{"type":"Point","coordinates":[-86.89168,36.10184]},"properties":{"probability":0.129,"inBuffer":false,"facType":"substation"}},{"type":"Feature","geometry":{"type":"Point","coordinates":[-86.88612,36.10184]},"properties":{"probability":0.132,"inBuffer":false,"facType":"substation"}},{"type":"Feature","geometry":{"type":"Point","coordinates":[-86.88057,36.10183]},"properties":{"probability":0.19,"inBuffer":false,"facType":"substation"}},{"type":"Feature","geometry":{"type":"Point","coordinates":[-86.87502,36.10183]},"properties":{"probability":0.298,"inBuffer":false,"facType":"substation"}},{"type":"Feature","geometry":{"type":"Point","coordinates":[-86.86946,36.10182]},"properties":{"probability":0.44,"inBuffer":false,"facType":"substation"}},{"type":"Feature","geometry":{"type":"Point","coordinates":[-86.86391,36.10181]},"properties":{"probability":0.325,"inBuffer":false,"facType":"substation"}},{"type":"Feature","geometry":{"type":"Point","coordinates":[-86.85835,36.10181]},"properties":{"probability":0.227,"inBuffer":false,"facType":"substation"}},{"type":"Feature","geometry":{"type":"Point","coordinates":[-86.8528,36.1018]},"properties":{"probability":0.153,"inBuffer":false,"facType":"substation"}},{"type":"Feature","geometry":{"type":"Point","coordinates":[-86.84724,36.1018]},"properties":{"probability":0.178,"inBuffer":false,"facType":"substation"}},{"type":"Feature","geometry":{"type":"Point","coordinates":[-86.84169,36.10179]},"properties":{"probability":0.205,"inBuffer":false,"facType":"substation"}},{"type":"Feature","geometry":{"type":"Point","coordinates":[-86.83614,36.10178]},"properties":{"probability":0.272,"inBuffer":false,"facType":"substation"}},{"type":"Feature","geometry":{"type":"Point","coordinates":[-86.83057,36.10177]},"properties":{"probability":0.336,"inBuffer":false,"facType":"substation"}},{"type":"Feature","geometry":{"type":"Point","coordinates":[-86.82502,36.10176]},"properties":{"probability":0.561,"inBuffer":false,"facType":"substation"}},{"type":"Feature","geometry":{"type":"Point","coordinates":[-86.81947,36.10176]},"properties":{"probability":0.65,"inBuffer":false,"facType":"substation"}},{"type":"Feature","geometry":{"type":"Point","coordinates":[-86.81391,36.10175]},"properties":{"probability":0.644,"inBuffer":false,"facType":"substation"}},{"type":"Feature","geometry":{"type":"Point","coordinates":[-86.80836,36.10174]},"properties":{"probability":0.643,"inBuffer":false,"facType":"substation"}},{"type":"Feature","geometry":{"type":"Point","coordinates":[-86.8028,36.10173]},"properties":{"probability":0.407,"inBuffer":false,"facType":"substation"}},{"type":"Feature","geometry":{"type":"Point","coordinates":[-86.79725,36.10172]},"properties":{"probability":0.402,"inBuffer":false,"facType":"substation"}},{"type":"Feature","geometry":{"type":"Point","coordinates":[-86.79169,36.10171]},"properties":{"probability":0.328,"inBuffer":false,"facType":"substation"}},{"type":"Feature","geometry":{"type":"Point","coordinates":[-86.78614,36.1017]},"properties":{"probability":0.242,"inBuffer":false,"facType":"substation"}},{"type":"Feature","geometry":{"type":"Point","coordinates":[-86.78059,36.10169]},"properties":{"probability":0.244,"inBuffer":false,"facType":"police"}},{"type":"Feature","geometry":{"type":"Point","coordinates":[-86.77503,36.10168]},"properties":{"probability":0.247,"inBuffer":false,"facType":"government"}},{"type":"Feature","geometry":{"type":"Point","coordinates":[-86.76948,36.10167]},"properties":{"probability":0.594,"inBuffer":false,"facType":"government"}},{"type":"Feature","geometry":{"type":"Point","coordinates":[-86.76392,36.10166]},"properties":{"probability":0.634,"inBuffer":false,"facType":"government"}},{"type":"Feature","geometry":{"type":"Point","coordinates":[-86.75836,36.10165]},"properties":{"probability":0.65,"inBuffer":false,"facType":"government"}},{"type":"Feature","geometry":{"type":"Point","coordinates":[-86.75281,36.10164]},"properties":{"probability":0.618,"inBuffer":false,"facType":"government"}},{"type":"Feature","geometry":{"type":"Point","coordinates":[-86.74725,36.10163]},"properties":{"probability":0.593,"inBuffer":false,"facType":"substation"}},{"type":"Feature","geometry":{"type":"Point","coordinates":[-86.7417,36.10162]},"properties":{"probability":0.585,"inBuffer":false,"facType":"substation"}},{"type":"Feature","geometry":{"type":"Point","coordinates":[-86.73615,36.1016]},"properties":{"probability":0.435,"inBuffer":false,"facType":"substation"}},{"type":"Feature","geometry":{"type":"Point","coordinates":[-86.73059,36.10159]},"properties":{"probability":0.42,"inBuffer":false,"facType":"substation"}},{"type":"Feature","geometry":{"type":"Point","coordinates":[-86.72504,36.10158]},"properties":{"probability":0.453,"inBuffer":false,"facType":"substation"}},{"type":"Feature","geometry":{"type":"Point","coordinates":[-86.71948,36.10157]},"properties":{"probability":0.448,"inBuffer":false,"facType":"substation"}},{"type":"Feature","geometry":{"type":"Point","coordinates":[-86.71393,36.10155]},"properties":{"probability":0.416,"inBuffer":false,"facType":"substation"}},{"type":"Feature","geometry":{"type":"Point","coordinates":[-86.70837,36.10154]},"properties":{"probability":0.46,"inBuffer":false,"facType":"substation"}},{"type":"Feature","geometry":{"type":"Point","coordinates":[-86.70282,36.10152]},"properties":{"probability":0.292,"inBuffer":false,"facType":"substation"}},{"type":"Feature","geometry":{"type":"Point","coordinates":[-86.69727,36.10151]},"properties":{"probability":0.315,"inBuffer":false,"facType":"substation"}},{"type":"Feature","geometry":{"type":"Point","coordinates":[-86.69171,36.1015]},"properties":{"probability":0.226,"inBuffer":false,"facType":"substation"}},{"type":"Feature","geometry":{"type":"Point","coordinates":[-86.68616,36.10148]},"properties":{"probability":0.333,"inBuffer":false,"facType":"substation"}},{"type":"Feature","geometry":{"type":"Point","coordinates":[-86.6806,36.10147]},"properties":{"probability":0.411,"inBuffer":true,"facType":"airport"}},{"type":"Feature","geometry":{"type":"Point","coordinates":[-86.67504,36.10145]},"properties":{"probability":0.537,"inBuffer":true,"facType":"airport"}},{"type":"Feature","geometry":{"type":"Point","coordinates":[-86.66949,36.10144]},"properties":{"probability":0.458,"inBuffer":true,"facType":"airport"}},{"type":"Feature","geometry":{"type":"Point","coordinates":[-86.66393,36.10142]},"properties":{"probability":0.416,"inBuffer":false,"facType":"airport"}},{"type":"Feature","geometry":{"type":"Point","coordinates":[-86.65838,36.10141]},"properties":{"probability":0.356,"inBuffer":false,"facType":"airport"}},{"type":"Feature","geometry":{"type":"Point","coordinates":[-86.65282,36.10139]},"properties":{"probability":0.345,"inBuffer":false,"facType":"airport"}},{"type":"Feature","geometry":{"type":"Point","coordinates":[-86.64727,36.10138]},"properties":{"probability":0.274,"inBuffer":false,"facType":"substation"}},{"type":"Feature","geometry":{"type":"Point","coordinates":[-86.64172,36.10136]},"properties":{"probability":0.371,"inBuffer":false,"facType":"water_works"}},{"type":"Feature","geometry":{"type":"Point","coordinates":[-86.63616,36.10134]},"properties":{"probability":0.154,"inBuffer":false,"facType":"water_works"}},{"type":"Feature","geometry":{"type":"Point","coordinates":[-86.63061,36.10132]},"properties":{"probability":0.129,"inBuffer":false,"facType":"water_works"}},{"type":"Feature","geometry":{"type":"Point","coordinates":[-86.62505,36.10131]},"properties":{"probability":0.128,"inBuffer":false,"facType":"water_works"}},{"type":"Feature","geometry":{"type":"Point","coordinates":[-86.6195,36.10129]},"properties":{"probability":0.118,"inBuffer":false,"facType":"water_works"}},{"type":"Feature","geometry":{"type":"Point","coordinates":[-86.61395,36.10127]},"properties":{"probability":0.122,"inBuffer":false,"facType":"water_works"}},{"type":"Feature","geometry":{"type":"Point","coordinates":[-86.60839,36.10125]},"properties":{"probability":0.126,"inBuffer":false,"facType":"water_works"}},{"type":"Feature","geometry":{"type":"Point","coordinates":[-86.60284,36.10123]},"properties":{"probability":0.133,"inBuffer":false,"facType":"water_works"}},{"type":"Feature","geometry":{"type":"Point","coordinates":[-86.93613,36.09737]},"properties":{"probability":0.122,"inBuffer":false,"facType":"fire"}},{"type":"Feature","geometry":{"type":"Point","coordinates":[-86.93056,36.09737]},"properties":{"probability":0.21,"inBuffer":false,"facType":"fire"}},{"type":"Feature","geometry":{"type":"Point","coordinates":[-86.92501,36.09736]},"properties":{"probability":0.274,"inBuffer":false,"facType":"substation"}},{"type":"Feature","geometry":{"type":"Point","coordinates":[-86.91946,36.09736]},"properties":{"probability":0.13,"inBuffer":false,"facType":"substation"}},{"type":"Feature","geometry":{"type":"Point","coordinates":[-86.9139,36.09735]},"properties":{"probability":0.138,"inBuffer":false,"facType":"substation"}},{"type":"Feature","geometry":{"type":"Point","coordinates":[-86.90835,36.09735]},"properties":{"probability":0.13,"inBuffer":false,"facType":"substation"}},{"type":"Feature","geometry":{"type":"Point","coordinates":[-86.90279,36.09735]},"properties":{"probability":0.126,"inBuffer":false,"facType":"substation"}},{"type":"Feature","geometry":{"type":"Point","coordinates":[-86.89724,36.09734]},"properties":{"probability":0.127,"inBuffer":false,"facType":"substation"}},{"type":"Feature","geometry":{"type":"Point","coordinates":[-86.89169,36.09734]},"properties":{"probability":0.129,"inBuffer":false,"facType":"substation"}},{"type":"Feature","geometry":{"type":"Point","coordinates":[-86.88613,36.09733]},"properties":{"probability":0.14,"inBuffer":false,"facType":"substation"}},{"type":"Feature","geometry":{"type":"Point","coordinates":[-86.88058,36.09732]},"properties":{"probability":0.213,"inBuffer":false,"facType":"substation"}},{"type":"Feature","geometry":{"type":"Point","coordinates":[-86.87502,36.09732]},"properties":{"probability":0.391,"inBuffer":false,"facType":"substation"}},{"type":"Feature","geometry":{"type":"Point","coordinates":[-86.86947,36.09731]},"properties":{"probability":0.387,"inBuffer":false,"facType":"substation"}},{"type":"Feature","geometry":{"type":"Point","coordinates":[-86.86391,36.09731]},"properties":{"probability":0.205,"inBuffer":false,"facType":"substation"}},{"type":"Feature","geometry":{"type":"Point","coordinates":[-86.85836,36.0973]},"properties":{"probability":0.205,"inBuffer":false,"facType":"substation"}},{"type":"Feature","geometry":{"type":"Point","coordinates":[-86.85281,36.09729]},"properties":{"probability":0.189,"inBuffer":false,"facType":"substation"}},{"type":"Feature","geometry":{"type":"Point","coordinates":[-86.84725,36.09729]},"properties":{"probability":0.215,"inBuffer":false,"facType":"substation"}},{"type":"Feature","geometry":{"type":"Point","coordinates":[-86.8417,36.09728]},"properties":{"probability":0.21,"inBuffer":false,"facType":"substation"}},{"type":"Feature","geometry":{"type":"Point","coordinates":[-86.83614,36.09727]},"properties":{"probability":0.252,"inBuffer":false,"facType":"substation"}},{"type":"Feature","geometry":{"type":"Point","coordinates":[-86.83059,36.09727]},"properties":{"probability":0.335,"inBuffer":false,"facType":"substation"}},{"type":"Feature","geometry":{"type":"Point","coordinates":[-86.82504,36.09726]},"properties":{"probability":0.508,"inBuffer":false,"facType":"substation"}},{"type":"Feature","geometry":{"type":"Point","coordinates":[-86.81948,36.09725]},"properties":{"probability":0.591,"inBuffer":false,"facType":"substation"}},{"type":"Feature","geometry":{"type":"Point","coordinates":[-86.81393,36.09724]},"properties":{"probability":0.549,"inBuffer":false,"facType":"substation"}},{"type":"Feature","geometry":{"type":"Point","coordinates":[-86.80837,36.09723]},"properties":{"probability":0.342,"inBuffer":false,"facType":"substation"}},{"type":"Feature","geometry":{"type":"Point","coordinates":[-86.80282,36.09722]},"properties":{"probability":0.317,"inBuffer":false,"facType":"substation"}},{"type":"Feature","geometry":{"type":"Point","coordinates":[-86.79726,36.09721]},"properties":{"probability":0.253,"inBuffer":false,"facType":"substation"}},{"type":"Feature","geometry":{"type":"Point","coordinates":[-86.7917,36.09721]},"properties":{"probability":0.248,"inBuffer":false,"facType":"substation"}},{"type":"Feature","geometry":{"type":"Point","coordinates":[-86.78615,36.09719]},"properties":{"probability":0.235,"inBuffer":false,"facType":"government"}},{"type":"Feature","geometry":{"type":"Point","coordinates":[-86.78059,36.09718]},"properties":{"probability":0.211,"inBuffer":false,"facType":"government"}},{"type":"Feature","geometry":{"type":"Point","coordinates":[-86.77504,36.09718]},"properties":{"probability":0.222,"inBuffer":false,"facType":"government"}},{"type":"Feature","geometry":{"type":"Point","coordinates":[-86.76949,36.09716]},"properties":{"probability":0.464,"inBuffer":false,"facType":"government"}},{"type":"Feature","geometry":{"type":"Point","coordinates":[-86.76393,36.09715]},"properties":{"probability":0.595,"inBuffer":false,"facType":"government"}},{"type":"Feature","geometry":{"type":"Point","coordinates":[-86.75838,36.09714]},"properties":{"probability":0.638,"inBuffer":false,"facType":"government"}},{"type":"Feature","geometry":{"type":"Point","coordinates":[-86.75282,36.09713]},"properties":{"probability":0.62,"inBuffer":false,"facType":"government"}},{"type":"Feature","geometry":{"type":"Point","coordinates":[-86.74727,36.09712]},"properties":{"probability":0.607,"inBuffer":false,"facType":"substation"}},{"type":"Feature","geometry":{"type":"Point","coordinates":[-86.74171,36.09711]},"properties":{"probability":0.601,"inBuffer":false,"facType":"substation"}},{"type":"Feature","geometry":{"type":"Point","coordinates":[-86.73616,36.0971]},"properties":{"probability":0.568,"inBuffer":false,"facType":"substation"}},{"type":"Feature","geometry":{"type":"Point","coordinates":[-86.73061,36.09708]},"properties":{"probability":0.474,"inBuffer":false,"facType":"substation"}},{"type":"Feature","geometry":{"type":"Point","coordinates":[-86.72505,36.09707]},"properties":{"probability":0.366,"inBuffer":false,"facType":"substation"}},{"type":"Feature","geometry":{"type":"Point","coordinates":[-86.7195,36.09706]},"properties":{"probability":0.346,"inBuffer":false,"facType":"substation"}},{"type":"Feature","geometry":{"type":"Point","coordinates":[-86.71394,36.09704]},"properties":{"probability":0.429,"inBuffer":false,"facType":"substation"}},{"type":"Feature","geometry":{"type":"Point","coordinates":[-86.70839,36.09703]},"properties":{"probability":0.493,"inBuffer":false,"facType":"substation"}},{"type":"Feature","geometry":{"type":"Point","coordinates":[-86.70284,36.09702]},"properties":{"probability":0.446,"inBuffer":false,"facType":"substation"}},{"type":"Feature","geometry":{"type":"Point","coordinates":[-86.69728,36.097]},"properties":{"probability":0.451,"inBuffer":false,"facType":"substation"}},{"type":"Feature","geometry":{"type":"Point","coordinates":[-86.69173,36.09699]},"properties":{"probability":0.418,"inBuffer":false,"facType":"substation"}},{"type":"Feature","geometry":{"type":"Point","coordinates":[-86.68617,36.09697]},"properties":{"probability":0.323,"inBuffer":false,"facType":"substation"}},{"type":"Feature","geometry":{"type":"Point","coordinates":[-86.68062,36.09696]},"properties":{"probability":0.414,"inBuffer":false,"facType":"substation"}},{"type":"Feature","geometry":{"type":"Point","coordinates":[-86.67506,36.09694]},"properties":{"probability":0.428,"inBuffer":false,"facType":"fire"}},{"type":"Feature","geometry":{"type":"Point","coordinates":[-86.66951,36.09693]},"properties":{"probability":0.332,"inBuffer":false,"facType":"airport"}},{"type":"Feature","geometry":{"type":"Point","coordinates":[-86.66396,36.09691]},"properties":{"probability":0.339,"inBuffer":false,"facType":"airport"}},{"type":"Feature","geometry":{"type":"Point","coordinates":[-86.6584,36.0969]},"properties":{"probability":0.407,"inBuffer":false,"facType":"airport"}},{"type":"Feature","geometry":{"type":"Point","coordinates":[-86.65285,36.09688]},"properties":{"probability":0.345,"inBuffer":false,"facType":"airport"}},{"type":"Feature","geometry":{"type":"Point","coordinates":[-86.64729,36.09687]},"properties":{"probability":0.249,"inBuffer":false,"facType":"water_works"}},{"type":"Feature","geometry":{"type":"Point","coordinates":[-86.64174,36.09685]},"properties":{"probability":0.208,"inBuffer":false,"facType":"water_works"}},{"type":"Feature","geometry":{"type":"Point","coordinates":[-86.63618,36.09683]},"properties":{"probability":0.195,"inBuffer":false,"facType":"water_works"}},{"type":"Feature","geometry":{"type":"Point","coordinates":[-86.63063,36.09682]},"properties":{"probability":0.146,"inBuffer":false,"facType":"water_works"}},{"type":"Feature","geometry":{"type":"Point","coordinates":[-86.62508,36.0968]},"properties":{"probability":0.129,"inBuffer":false,"facType":"water_works"}},{"type":"Feature","geometry":{"type":"Point","coordinates":[-86.61952,36.09678]},"properties":{"probability":0.12,"inBuffer":false,"facType":"water_works"}},{"type":"Feature","geometry":{"type":"Point","coordinates":[-86.61397,36.09676]},"properties":{"probability":0.136,"inBuffer":false,"facType":"water_works"}},{"type":"Feature","geometry":{"type":"Point","coordinates":[-86.60841,36.09674]},"properties":{"probability":0.153,"inBuffer":false,"facType":"water_works"}},{"type":"Feature","geometry":{"type":"Point","coordinates":[-86.60286,36.09673]},"properties":{"probability":0.13,"inBuffer":false,"facType":"water_works"}},{"type":"Feature","geometry":{"type":"Point","coordinates":[-86.94168,36.09286]},"properties":{"probability":0.114,"inBuffer":false,"facType":"fire"}},{"type":"Feature","geometry":{"type":"Point","coordinates":[-86.93613,36.09286]},"properties":{"probability":0.127,"inBuffer":false,"facType":"fire"}},{"type":"Feature","geometry":{"type":"Point","coordinates":[-86.93057,36.09286]},"properties":{"probability":0.146,"inBuffer":false,"facType":"fire"}},{"type":"Feature","geometry":{"type":"Point","coordinates":[-86.92502,36.09285]},"properties":{"probability":0.196,"inBuffer":false,"facType":"substation"}},{"type":"Feature","geometry":{"type":"Point","coordinates":[-86.91946,36.09285]},"properties":{"probability":0.133,"inBuffer":false,"facType":"substation"}},{"type":"Feature","geometry":{"type":"Point","coordinates":[-86.91391,36.09285]},"properties":{"probability":0.129,"inBuffer":false,"facType":"substation"}},{"type":"Feature","geometry":{"type":"Point","coordinates":[-86.90836,36.09284]},"properties":{"probability":0.11,"inBuffer":false,"facType":"substation"}},{"type":"Feature","geometry":{"type":"Point","coordinates":[-86.9028,36.09284]},"properties":{"probability":0.128,"inBuffer":false,"facType":"substation"}},{"type":"Feature","geometry":{"type":"Point","coordinates":[-86.89725,36.09283]},"properties":{"probability":0.134,"inBuffer":false,"facType":"substation"}},{"type":"Feature","geometry":{"type":"Point","coordinates":[-86.89169,36.09283]},"properties":{"probability":0.148,"inBuffer":false,"facType":"substation"}},{"type":"Feature","geometry":{"type":"Point","coordinates":[-86.88614,36.09282]},"properties":{"probability":0.221,"inBuffer":false,"facType":"substation"}},{"type":"Feature","geometry":{"type":"Point","coordinates":[-86.88058,36.09282]},"properties":{"probability":0.246,"inBuffer":false,"facType":"substation"}},{"type":"Feature","geometry":{"type":"Point","coordinates":[-86.87503,36.09281]},"properties":{"probability":0.326,"inBuffer":false,"facType":"substation"}},{"type":"Feature","geometry":{"type":"Point","coordinates":[-86.86948,36.09281]},"properties":{"probability":0.322,"inBuffer":false,"facType":"substation"}},{"type":"Feature","geometry":{"type":"Point","coordinates":[-86.86392,36.0928]},"properties":{"probability":0.181,"inBuffer":false,"facType":"substation"}},{"type":"Feature","geometry":{"type":"Point","coordinates":[-86.85837,36.09279]},"properties":{"probability":0.165,"inBuffer":false,"facType":"substation"}},{"type":"Feature","geometry":{"type":"Point","coordinates":[-86.85281,36.09279]},"properties":{"probability":0.199,"inBuffer":false,"facType":"substation"}},{"type":"Feature","geometry":{"type":"Point","coordinates":[-86.84726,36.09278]},"properties":{"probability":0.216,"inBuffer":false,"facType":"substation"}},{"type":"Feature","geometry":{"type":"Point","coordinates":[-86.84171,36.09277]},"properties":{"probability":0.222,"inBuffer":false,"facType":"substation"}},{"type":"Feature","geometry":{"type":"Point","coordinates":[-86.83615,36.09277]},"properties":{"probability":0.233,"inBuffer":false,"facType":"substation"}},{"type":"Feature","geometry":{"type":"Point","coordinates":[-86.8306,36.09276]},"properties":{"probability":0.339,"inBuffer":false,"facType":"substation"}},{"type":"Feature","geometry":{"type":"Point","coordinates":[-86.82504,36.09275]},"properties":{"probability":0.466,"inBuffer":false,"facType":"substation"}},{"type":"Feature","geometry":{"type":"Point","coordinates":[-86.81949,36.09274]},"properties":{"probability":0.518,"inBuffer":false,"facType":"substation"}},{"type":"Feature","geometry":{"type":"Point","coordinates":[-86.81393,36.09273]},"properties":{"probability":0.303,"inBuffer":false,"facType":"substation"}},{"type":"Feature","geometry":{"type":"Point","coordinates":[-86.80838,36.09272]},"properties":{"probability":0.338,"inBuffer":false,"facType":"substation"}},{"type":"Feature","geometry":{"type":"Point","coordinates":[-86.80283,36.09272]},"properties":{"probability":0.324,"inBuffer":false,"facType":"substation"}},{"type":"Feature","geometry":{"type":"Point","coordinates":[-86.79727,36.0927]},"properties":{"probability":0.254,"inBuffer":false,"facType":"substation"}},{"type":"Feature","geometry":{"type":"Point","coordinates":[-86.79172,36.0927]},"properties":{"probability":0.252,"inBuffer":false,"facType":"substation"}},{"type":"Feature","geometry":{"type":"Point","coordinates":[-86.78616,36.09269]},"properties":{"probability":0.221,"inBuffer":false,"facType":"government"}},{"type":"Feature","geometry":{"type":"Point","coordinates":[-86.78061,36.09268]},"properties":{"probability":0.216,"inBuffer":false,"facType":"government"}},{"type":"Feature","geometry":{"type":"Point","coordinates":[-86.77505,36.09267]},"properties":{"probability":0.216,"inBuffer":false,"facType":"government"}},{"type":"Feature","geometry":{"type":"Point","coordinates":[-86.7695,36.09266]},"properties":{"probability":0.433,"inBuffer":false,"facType":"government"}},{"type":"Feature","geometry":{"type":"Point","coordinates":[-86.76395,36.09264]},"properties":{"probability":0.54,"inBuffer":false,"facType":"government"}},{"type":"Feature","geometry":{"type":"Point","coordinates":[-86.75839,36.09263]},"properties":{"probability":0.613,"inBuffer":false,"facType":"government"}},{"type":"Feature","geometry":{"type":"Point","coordinates":[-86.75284,36.09262]},"properties":{"probability":0.617,"inBuffer":false,"facType":"substation"}},{"type":"Feature","geometry":{"type":"Point","coordinates":[-86.74728,36.09261]},"properties":{"probability":0.601,"inBuffer":false,"facType":"substation"}},{"type":"Feature","geometry":{"type":"Point","coordinates":[-86.74173,36.0926]},"properties":{"probability":0.599,"inBuffer":false,"facType":"substation"}},{"type":"Feature","geometry":{"type":"Point","coordinates":[-86.73618,36.09259]},"properties":{"probability":0.61,"inBuffer":false,"facType":"substation"}},{"type":"Feature","geometry":{"type":"Point","coordinates":[-86.73062,36.09258]},"properties":{"probability":0.441,"inBuffer":false,"facType":"substation"}},{"type":"Feature","geometry":{"type":"Point","coordinates":[-86.72507,36.09256]},"properties":{"probability":0.315,"inBuffer":false,"facType":"substation"}},{"type":"Feature","geometry":{"type":"Point","coordinates":[-86.71951,36.09255]},"properties":{"probability":0.273,"inBuffer":false,"facType":"substation"}},{"type":"Feature","geometry":{"type":"Point","coordinates":[-86.71396,36.09254]},"properties":{"probability":0.35,"inBuffer":false,"facType":"substation"}},{"type":"Feature","geometry":{"type":"Point","coordinates":[-86.7084,36.09252]},"properties":{"probability":0.451,"inBuffer":false,"facType":"substation"}},{"type":"Feature","geometry":{"type":"Point","coordinates":[-86.70285,36.09251]},"properties":{"probability":0.599,"inBuffer":false,"facType":"substation"}},{"type":"Feature","geometry":{"type":"Point","coordinates":[-86.6973,36.09249]},"properties":{"probability":0.594,"inBuffer":false,"facType":"substation"}},{"type":"Feature","geometry":{"type":"Point","coordinates":[-86.69174,36.09248]},"properties":{"probability":0.52,"inBuffer":true,"facType":"substation"}},{"type":"Feature","geometry":{"type":"Point","coordinates":[-86.68619,36.09247]},"properties":{"probability":0.453,"inBuffer":true,"facType":"fire"}},{"type":"Feature","geometry":{"type":"Point","coordinates":[-86.68063,36.09245]},"properties":{"probability":0.471,"inBuffer":true,"facType":"fire"}},{"type":"Feature","geometry":{"type":"Point","coordinates":[-86.67508,36.09244]},"properties":{"probability":0.421,"inBuffer":false,"facType":"fire"}},{"type":"Feature","geometry":{"type":"Point","coordinates":[-86.66953,36.09242]},"properties":{"probability":0.216,"inBuffer":false,"facType":"fire"}},{"type":"Feature","geometry":{"type":"Point","coordinates":[-86.66397,36.09241]},"properties":{"probability":0.217,"inBuffer":false,"facType":"fire"}},{"type":"Feature","geometry":{"type":"Point","coordinates":[-86.65842,36.09239]},"properties":{"probability":0.338,"inBuffer":false,"facType":"airport"}},{"type":"Feature","geometry":{"type":"Point","coordinates":[-86.65286,36.09237]},"properties":{"probability":0.479,"inBuffer":false,"facType":"airport"}},{"type":"Feature","geometry":{"type":"Point","coordinates":[-86.64731,36.09236]},"properties":{"probability":0.411,"inBuffer":false,"facType":"water_works"}},{"type":"Feature","geometry":{"type":"Point","coordinates":[-86.64175,36.09234]},"properties":{"probability":0.33,"inBuffer":false,"facType":"water_works"}},{"type":"Feature","geometry":{"type":"Point","coordinates":[-86.6362,36.09233]},"properties":{"probability":0.268,"inBuffer":false,"facType":"water_works"}},{"type":"Feature","geometry":{"type":"Point","coordinates":[-86.63065,36.09231]},"properties":{"probability":0.247,"inBuffer":false,"facType":"water_works"}},{"type":"Feature","geometry":{"type":"Point","coordinates":[-86.62509,36.09229]},"properties":{"probability":0.223,"inBuffer":false,"facType":"water_works"}},{"type":"Feature","geometry":{"type":"Point","coordinates":[-86.61954,36.09227]},"properties":{"probability":0.127,"inBuffer":false,"facType":"water_works"}},{"type":"Feature","geometry":{"type":"Point","coordinates":[-86.61398,36.09225]},"properties":{"probability":0.169,"inBuffer":false,"facType":"water_works"}},{"type":"Feature","geometry":{"type":"Point","coordinates":[-86.60843,36.09224]},"properties":{"probability":0.203,"inBuffer":false,"facType":"water_works"}},{"type":"Feature","geometry":{"type":"Point","coordinates":[-86.60287,36.09222]},"properties":{"probability":0.112,"inBuffer":false,"facType":"water_works"}},{"type":"Feature","geometry":{"type":"Point","coordinates":[-86.95279,36.08836]},"properties":{"probability":0.115,"inBuffer":false,"facType":"fire"}},{"type":"Feature","geometry":{"type":"Point","coordinates":[-86.94724,36.08836]},"properties":{"probability":0.129,"inBuffer":false,"facType":"fire"}},{"type":"Feature","geometry":{"type":"Point","coordinates":[-86.94168,36.08836]},"properties":{"probability":0.125,"inBuffer":false,"facType":"fire"}},{"type":"Feature","geometry":{"type":"Point","coordinates":[-86.93613,36.08835]},"properties":{"probability":0.129,"inBuffer":false,"facType":"fire"}},{"type":"Feature","geometry":{"type":"Point","coordinates":[-86.93058,36.08835]},"properties":{"probability":0.114,"inBuffer":false,"facType":"fire"}},{"type":"Feature","geometry":{"type":"Point","coordinates":[-86.92503,36.08834]},"properties":{"probability":0.133,"inBuffer":false,"facType":"substation"}},{"type":"Feature","geometry":{"type":"Point","coordinates":[-86.91947,36.08834]},"properties":{"probability":0.19,"inBuffer":false,"facType":"substation"}},{"type":"Feature","geometry":{"type":"Point","coordinates":[-86.91392,36.08834]},"properties":{"probability":0.139,"inBuffer":false,"facType":"substation"}},{"type":"Feature","geometry":{"type":"Point","coordinates":[-86.90836,36.08833]},"properties":{"probability":0.129,"inBuffer":false,"facType":"substation"}},{"type":"Feature","geometry":{"type":"Point","coordinates":[-86.90281,36.08833]},"properties":{"probability":0.131,"inBuffer":false,"facType":"substation"}},{"type":"Feature","geometry":{"type":"Point","coordinates":[-86.89725,36.08833]},"properties":{"probability":0.152,"inBuffer":false,"facType":"substation"}},{"type":"Feature","geometry":{"type":"Point","coordinates":[-86.8917,36.08832]},"properties":{"probability":0.226,"inBuffer":false,"facType":"substation"}},{"type":"Feature","geometry":{"type":"Point","coordinates":[-86.88615,36.08831]},"properties":{"probability":0.243,"inBuffer":false,"facType":"substation"}},{"type":"Feature","geometry":{"type":"Point","coordinates":[-86.88059,36.08831]},"properties":{"probability":0.226,"inBuffer":false,"facType":"substation"}},{"type":"Feature","geometry":{"type":"Point","coordinates":[-86.87504,36.0883]},"properties":{"probability":0.243,"inBuffer":false,"facType":"substation"}},{"type":"Feature","geometry":{"type":"Point","coordinates":[-86.86948,36.0883]},"properties":{"probability":0.228,"inBuffer":false,"facType":"substation"}},{"type":"Feature","geometry":{"type":"Point","coordinates":[-86.86393,36.08829]},"properties":{"probability":0.219,"inBuffer":false,"facType":"substation"}},{"type":"Feature","geometry":{"type":"Point","coordinates":[-86.85838,36.08829]},"properties":{"probability":0.168,"inBuffer":false,"facType":"substation"}},{"type":"Feature","geometry":{"type":"Point","coordinates":[-86.85282,36.08828]},"properties":{"probability":0.197,"inBuffer":false,"facType":"substation"}},{"type":"Feature","geometry":{"type":"Point","coordinates":[-86.84727,36.08827]},"properties":{"probability":0.211,"inBuffer":false,"facType":"substation"}},{"type":"Feature","geometry":{"type":"Point","coordinates":[-86.84171,36.08826]},"properties":{"probability":0.204,"inBuffer":false,"facType":"substation"}},{"type":"Feature","geometry":{"type":"Point","coordinates":[-86.83616,36.08826]},"properties":{"probability":0.227,"inBuffer":false,"facType":"substation"}},{"type":"Feature","geometry":{"type":"Point","coordinates":[-86.8306,36.08825]},"properties":{"probability":0.208,"inBuffer":false,"facType":"substation"}},{"type":"Feature","geometry":{"type":"Point","coordinates":[-86.82505,36.08824]},"properties":{"probability":0.241,"inBuffer":false,"facType":"substation"}},{"type":"Feature","geometry":{"type":"Point","coordinates":[-86.8195,36.08823]},"properties":{"probability":0.34,"inBuffer":false,"facType":"substation"}},{"type":"Feature","geometry":{"type":"Point","coordinates":[-86.81394,36.08823]},"properties":{"probability":0.219,"inBuffer":false,"facType":"substation"}},{"type":"Feature","geometry":{"type":"Point","coordinates":[-86.80839,36.08821]},"properties":{"probability":0.317,"inBuffer":false,"facType":"substation"}},{"type":"Feature","geometry":{"type":"Point","coordinates":[-86.80284,36.08821]},"properties":{"probability":0.317,"inBuffer":false,"facType":"substation"}},{"type":"Feature","geometry":{"type":"Point","coordinates":[-86.79729,36.0882]},"properties":{"probability":0.254,"inBuffer":false,"facType":"substation"}},{"type":"Feature","geometry":{"type":"Point","coordinates":[-86.79173,36.08819]},"properties":{"probability":0.255,"inBuffer":false,"facType":"substation"}},{"type":"Feature","geometry":{"type":"Point","coordinates":[-86.78618,36.08818]},"properties":{"probability":0.219,"inBuffer":false,"facType":"substation"}},{"type":"Feature","geometry":{"type":"Point","coordinates":[-86.78062,36.08817]},"properties":{"probability":0.218,"inBuffer":false,"facType":"substation"}},{"type":"Feature","geometry":{"type":"Point","coordinates":[-86.77507,36.08816]},"properties":{"probability":0.215,"inBuffer":false,"facType":"substation"}},{"type":"Feature","geometry":{"type":"Point","coordinates":[-86.76952,36.08815]},"properties":{"probability":0.363,"inBuffer":false,"facType":"substation"}},{"type":"Feature","geometry":{"type":"Point","coordinates":[-86.76396,36.08814]},"properties":{"probability":0.485,"inBuffer":false,"facType":"substation"}},{"type":"Feature","geometry":{"type":"Point","coordinates":[-86.75841,36.08813]},"properties":{"probability":0.551,"inBuffer":false,"facType":"substation"}},{"type":"Feature","geometry":{"type":"Point","coordinates":[-86.75285,36.08812]},"properties":{"probability":0.597,"inBuffer":false,"facType":"substation"}},{"type":"Feature","geometry":{"type":"Point","coordinates":[-86.7473,36.0881]},"properties":{"probability":0.591,"inBuffer":false,"facType":"substation"}},{"type":"Feature","geometry":{"type":"Point","coordinates":[-86.74174,36.08809]},"properties":{"probability":0.606,"inBuffer":false,"facType":"substation"}},{"type":"Feature","geometry":{"type":"Point","coordinates":[-86.73619,36.08808]},"properties":{"probability":0.628,"inBuffer":false,"facType":"substation"}},{"type":"Feature","geometry":{"type":"Point","coordinates":[-86.73064,36.08807]},"properties":{"probability":0.638,"inBuffer":false,"facType":"substation"}},{"type":"Feature","geometry":{"type":"Point","coordinates":[-86.72508,36.08805]},"properties":{"probability":0.515,"inBuffer":false,"facType":"hospital"}},{"type":"Feature","geometry":{"type":"Point","coordinates":[-86.71953,36.08804]},"properties":{"probability":0.317,"inBuffer":false,"facType":"substation"}},{"type":"Feature","geometry":{"type":"Point","coordinates":[-86.71397,36.08803]},"properties":{"probability":0.339,"inBuffer":false,"facType":"substation"}},{"type":"Feature","geometry":{"type":"Point","coordinates":[-86.70842,36.08802]},"properties":{"probability":0.443,"inBuffer":false,"facType":"substation"}},{"type":"Feature","geometry":{"type":"Point","coordinates":[-86.70287,36.088]},"properties":{"probability":0.632,"inBuffer":false,"facType":"government"}},{"type":"Feature","geometry":{"type":"Point","coordinates":[-86.69731,36.08799]},"properties":{"probability":0.65,"inBuffer":false,"facType":"government"}},{"type":"Feature","geometry":{"type":"Point","coordinates":[-86.69176,36.08797]},"properties":{"probability":0.64,"inBuffer":true,"facType":"government"}},{"type":"Feature","geometry":{"type":"Point","coordinates":[-86.68621,36.08796]},"properties":{"probability":0.55,"inBuffer":true,"facType":"police"}},{"type":"Feature","geometry":{"type":"Point","coordinates":[-86.68066,36.08794]},"properties":{"probability":0.475,"inBuffer":true,"facType":"fire"}},{"type":"Feature","geometry":{"type":"Point","coordinates":[-86.6751,36.08793]},"properties":{"probability":0.399,"inBuffer":false,"facType":"fire"}},{"type":"Feature","geometry":{"type":"Point","coordinates":[-86.66955,36.08791]},"properties":{"probability":0.205,"inBuffer":false,"facType":"fire"}},{"type":"Feature","geometry":{"type":"Point","coordinates":[-86.66399,36.0879]},"properties":{"probability":0.2,"inBuffer":false,"facType":"fire"}},{"type":"Feature","geometry":{"type":"Point","coordinates":[-86.65844,36.08788]},"properties":{"probability":0.237,"inBuffer":false,"facType":"fire"}},{"type":"Feature","geometry":{"type":"Point","coordinates":[-86.65289,36.08787]},"properties":{"probability":0.574,"inBuffer":false,"facType":"water_works"}},{"type":"Feature","geometry":{"type":"Point","coordinates":[-86.64733,36.08785]},"properties":{"probability":0.497,"inBuffer":false,"facType":"water_works"}},{"type":"Feature","geometry":{"type":"Point","coordinates":[-86.64178,36.08783]},"properties":{"probability":0.411,"inBuffer":false,"facType":"water_works"}},{"type":"Feature","geometry":{"type":"Point","coordinates":[-86.63622,36.08782]},"properties":{"probability":0.269,"inBuffer":false,"facType":"water_works"}},{"type":"Feature","geometry":{"type":"Point","coordinates":[-86.63067,36.0878]},"properties":{"probability":0.252,"inBuffer":false,"facType":"water_works"}},{"type":"Feature","geometry":{"type":"Point","coordinates":[-86.62511,36.08778]},"properties":{"probability":0.207,"inBuffer":false,"facType":"water_works"}},{"type":"Feature","geometry":{"type":"Point","coordinates":[-86.61956,36.08776]},"properties":{"probability":0.2,"inBuffer":false,"facType":"water_works"}},{"type":"Feature","geometry":{"type":"Point","coordinates":[-86.61401,36.08775]},"properties":{"probability":0.219,"inBuffer":false,"facType":"water_works"}},{"type":"Feature","geometry":{"type":"Point","coordinates":[-86.60845,36.08773]},"properties":{"probability":0.341,"inBuffer":false,"facType":"water_works"}},{"type":"Feature","geometry":{"type":"Point","coordinates":[-86.6029,36.08771]},"properties":{"probability":0.157,"inBuffer":false,"facType":"water_works"}},{"type":"Feature","geometry":{"type":"Point","coordinates":[-86.9528,36.08385]},"properties":{"probability":0.482,"inBuffer":false,"facType":"fire"}},{"type":"Feature","geometry":{"type":"Point","coordinates":[-86.94724,36.08385]},"properties":{"probability":0.479,"inBuffer":false,"facType":"fire"}},{"type":"Feature","geometry":{"type":"Point","coordinates":[-86.94169,36.08385]},"properties":{"probability":0.397,"inBuffer":false,"facType":"fire"}},{"type":"Feature","geometry":{"type":"Point","coordinates":[-86.93613,36.08384]},"properties":{"probability":0.207,"inBuffer":false,"facType":"fire"}},{"type":"Feature","geometry":{"type":"Point","coordinates":[-86.93058,36.08384]},"properties":{"probability":0.155,"inBuffer":false,"facType":"fire"}},{"type":"Feature","geometry":{"type":"Point","coordinates":[-86.92503,36.08384]},"properties":{"probability":0.134,"inBuffer":false,"facType":"substation"}},{"type":"Feature","geometry":{"type":"Point","coordinates":[-86.91947,36.08384]},"properties":{"probability":0.204,"inBuffer":false,"facType":"substation"}},{"type":"Feature","geometry":{"type":"Point","coordinates":[-86.91392,36.08383]},"properties":{"probability":0.155,"inBuffer":false,"facType":"substation"}},{"type":"Feature","geometry":{"type":"Point","coordinates":[-86.90836,36.08383]},"properties":{"probability":0.13,"inBuffer":false,"facType":"substation"}},{"type":"Feature","geometry":{"type":"Point","coordinates":[-86.90281,36.08382]},"properties":{"probability":0.173,"inBuffer":false,"facType":"substation"}},{"type":"Feature","geometry":{"type":"Point","coordinates":[-86.89726,36.08382]},"properties":{"probability":0.204,"inBuffer":false,"facType":"substation"}},{"type":"Feature","geometry":{"type":"Point","coordinates":[-86.89171,36.08381]},"properties":{"probability":0.273,"inBuffer":false,"facType":"substation"}},{"type":"Feature","geometry":{"type":"Point","coordinates":[-86.88615,36.08381]},"properties":{"probability":0.229,"inBuffer":false,"facType":"substation"}},{"type":"Feature","geometry":{"type":"Point","coordinates":[-86.8806,36.0838]},"properties":{"probability":0.16,"inBuffer":false,"facType":"substation"}},{"type":"Feature","geometry":{"type":"Point","coordinates":[-86.87505,36.0838]},"properties":{"probability":0.129,"inBuffer":false,"facType":"substation"}},{"type":"Feature","geometry":{"type":"Point","coordinates":[-86.86949,36.08379]},"properties":{"probability":0.203,"inBuffer":false,"facType":"substation"}},{"type":"Feature","geometry":{"type":"Point","coordinates":[-86.86394,36.08379]},"properties":{"probability":0.206,"inBuffer":false,"facType":"substation"}},{"type":"Feature","geometry":{"type":"Point","coordinates":[-86.85838,36.08378]},"properties":{"probability":0.129,"inBuffer":false,"facType":"substation"}},{"type":"Feature","geometry":{"type":"Point","coordinates":[-86.85283,36.08377]},"properties":{"probability":0.139,"inBuffer":false,"facType":"substation"}},{"type":"Feature","geometry":{"type":"Point","coordinates":[-86.84727,36.08376]},"properties":{"probability":0.156,"inBuffer":false,"facType":"substation"}},{"type":"Feature","geometry":{"type":"Point","coordinates":[-86.84172,36.08376]},"properties":{"probability":0.168,"inBuffer":false,"facType":"substation"}},{"type":"Feature","geometry":{"type":"Point","coordinates":[-86.83617,36.08375]},"properties":{"probability":0.14,"inBuffer":false,"facType":"substation"}},{"type":"Feature","geometry":{"type":"Point","coordinates":[-86.83062,36.08374]},"properties":{"probability":0.125,"inBuffer":false,"facType":"substation"}},{"type":"Feature","geometry":{"type":"Point","coordinates":[-86.82507,36.08373]},"properties":{"probability":0.14,"inBuffer":false,"facType":"substation"}},{"type":"Feature","geometry":{"type":"Point","coordinates":[-86.81951,36.08372]},"properties":{"probability":0.181,"inBuffer":false,"facType":"substation"}},{"type":"Feature","geometry":{"type":"Point","coordinates":[-86.81396,36.08372]},"properties":{"probability":0.21,"inBuffer":false,"facType":"substation"}},{"type":"Feature","geometry":{"type":"Point","coordinates":[-86.8084,36.08371]},"properties":{"probability":0.233,"inBuffer":false,"facType":"substation"}},{"type":"Feature","geometry":{"type":"Point","coordinates":[-86.80285,36.0837]},"properties":{"probability":0.212,"inBuffer":false,"facType":"substation"}},{"type":"Feature","geometry":{"type":"Point","coordinates":[-86.79729,36.08369]},"properties":{"probability":0.22,"inBuffer":false,"facType":"substation"}},{"type":"Feature","geometry":{"type":"Point","coordinates":[-86.79174,36.08368]},"properties":{"probability":0.227,"inBuffer":false,"facType":"substation"}},{"type":"Feature","geometry":{"type":"Point","coordinates":[-86.78619,36.08367]},"properties":{"probability":0.221,"inBuffer":false,"facType":"substation"}},{"type":"Feature","geometry":{"type":"Point","coordinates":[-86.78063,36.08366]},"properties":{"probability":0.216,"inBuffer":false,"facType":"substation"}},{"type":"Feature","geometry":{"type":"Point","coordinates":[-86.77508,36.08365]},"properties":{"probability":0.252,"inBuffer":false,"facType":"substation"}},{"type":"Feature","geometry":{"type":"Point","coordinates":[-86.76953,36.08364]},"properties":{"probability":0.519,"inBuffer":false,"facType":"substation"}},{"type":"Feature","geometry":{"type":"Point","coordinates":[-86.76398,36.08363]},"properties":{"probability":0.607,"inBuffer":false,"facType":"substation"}},{"type":"Feature","geometry":{"type":"Point","coordinates":[-86.75842,36.08362]},"properties":{"probability":0.623,"inBuffer":false,"facType":"substation"}},{"type":"Feature","geometry":{"type":"Point","coordinates":[-86.75287,36.08361]},"properties":{"probability":0.492,"inBuffer":false,"facType":"substation"}},{"type":"Feature","geometry":{"type":"Point","coordinates":[-86.74731,36.0836]},"properties":{"probability":0.461,"inBuffer":false,"facType":"substation"}},{"type":"Feature","geometry":{"type":"Point","coordinates":[-86.74176,36.08358]},"properties":{"probability":0.349,"inBuffer":false,"facType":"substation"}},{"type":"Feature","geometry":{"type":"Point","coordinates":[-86.73621,36.08357]},"properties":{"probability":0.569,"inBuffer":false,"facType":"substation"}},{"type":"Feature","geometry":{"type":"Point","coordinates":[-86.73065,36.08356]},"properties":{"probability":0.638,"inBuffer":false,"facType":"substation"}},{"type":"Feature","geometry":{"type":"Point","coordinates":[-86.7251,36.08355]},"properties":{"probability":0.61,"inBuffer":false,"facType":"hospital"}},{"type":"Feature","geometry":{"type":"Point","coordinates":[-86.71954,36.08353]},"properties":{"probability":0.434,"inBuffer":false,"facType":"hospital"}},{"type":"Feature","geometry":{"type":"Point","coordinates":[-86.71399,36.08352]},"properties":{"probability":0.433,"inBuffer":false,"facType":"hospital"}},{"type":"Feature","geometry":{"type":"Point","coordinates":[-86.70844,36.08351]},"properties":{"probability":0.581,"inBuffer":false,"facType":"hospital"}},{"type":"Feature","geometry":{"type":"Point","coordinates":[-86.70289,36.08349]},"properties":{"probability":0.652,"inBuffer":false,"facType":"government"}},{"type":"Feature","geometry":{"type":"Point","coordinates":[-86.69733,36.08348]},"properties":{"probability":0.69,"inBuffer":false,"facType":"government"}},{"type":"Feature","geometry":{"type":"Point","coordinates":[-86.69178,36.08347]},"properties":{"probability":0.654,"inBuffer":false,"facType":"government"}},{"type":"Feature","geometry":{"type":"Point","coordinates":[-86.68623,36.08345]},"properties":{"probability":0.605,"inBuffer":true,"facType":"government"}},{"type":"Feature","geometry":{"type":"Point","coordinates":[-86.68067,36.08344]},"properties":{"probability":0.459,"inBuffer":false,"facType":"police"}},{"type":"Feature","geometry":{"type":"Point","coordinates":[-86.67512,36.08342]},"properties":{"probability":0.33,"inBuffer":false,"facType":"police"}},{"type":"Feature","geometry":{"type":"Point","coordinates":[-86.66956,36.0834]},"properties":{"probability":0.331,"inBuffer":false,"facType":"police"}},{"type":"Feature","geometry":{"type":"Point","coordinates":[-86.66401,36.08339]},"properties":{"probability":0.218,"inBuffer":false,"facType":"fire"}},{"type":"Feature","geometry":{"type":"Point","coordinates":[-86.65845,36.08337]},"properties":{"probability":0.232,"inBuffer":false,"facType":"fire"}},{"type":"Feature","geometry":{"type":"Point","coordinates":[-86.6529,36.08336]},"properties":{"probability":0.497,"inBuffer":false,"facType":"water_works"}},{"type":"Feature","geometry":{"type":"Point","coordinates":[-86.64735,36.08334]},"properties":{"probability":0.506,"inBuffer":false,"facType":"water_works"}},{"type":"Feature","geometry":{"type":"Point","coordinates":[-86.6418,36.08332]},"properties":{"probability":0.469,"inBuffer":false,"facType":"water_works"}},{"type":"Feature","geometry":{"type":"Point","coordinates":[-86.63625,36.08331]},"properties":{"probability":0.322,"inBuffer":false,"facType":"water_works"}},{"type":"Feature","geometry":{"type":"Point","coordinates":[-86.63069,36.08329]},"properties":{"probability":0.241,"inBuffer":false,"facType":"water_works"}},{"type":"Feature","geometry":{"type":"Point","coordinates":[-86.62514,36.08327]},"properties":{"probability":0.229,"inBuffer":false,"facType":"water_works"}},{"type":"Feature","geometry":{"type":"Point","coordinates":[-86.61958,36.08326]},"properties":{"probability":0.208,"inBuffer":false,"facType":"water_works"}},{"type":"Feature","geometry":{"type":"Point","coordinates":[-86.61403,36.08324]},"properties":{"probability":0.208,"inBuffer":false,"facType":"water_works"}},{"type":"Feature","geometry":{"type":"Point","coordinates":[-86.60847,36.08322]},"properties":{"probability":0.229,"inBuffer":false,"facType":"water_works"}},{"type":"Feature","geometry":{"type":"Point","coordinates":[-86.60292,36.0832]},"properties":{"probability":0.229,"inBuffer":false,"facType":"water_works"}},{"type":"Feature","geometry":{"type":"Point","coordinates":[-86.9528,36.07935]},"properties":{"probability":0.651,"inBuffer":false,"facType":"fire"}},{"type":"Feature","geometry":{"type":"Point","coordinates":[-86.94724,36.07934]},"properties":{"probability":0.655,"inBuffer":false,"facType":"fire"}},{"type":"Feature","geometry":{"type":"Point","coordinates":[-86.94169,36.07934]},"properties":{"probability":0.603,"inBuffer":false,"facType":"fire"}},{"type":"Feature","geometry":{"type":"Point","coordinates":[-86.93613,36.07934]},"properties":{"probability":0.224,"inBuffer":false,"facType":"fire"}},{"type":"Feature","geometry":{"type":"Point","coordinates":[-86.93059,36.07933]},"properties":{"probability":0.222,"inBuffer":false,"facType":"fire"}},{"type":"Feature","geometry":{"type":"Point","coordinates":[-86.92503,36.07933]},"properties":{"probability":0.218,"inBuffer":false,"facType":"substation"}},{"type":"Feature","geometry":{"type":"Point","coordinates":[-86.91948,36.07933]},"properties":{"probability":0.228,"inBuffer":false,"facType":"substation"}},{"type":"Feature","geometry":{"type":"Point","coordinates":[-86.91393,36.07932]},"properties":{"probability":0.17,"inBuffer":false,"facType":"substation"}},{"type":"Feature","geometry":{"type":"Point","coordinates":[-86.90837,36.07932]},"properties":{"probability":0.156,"inBuffer":false,"facType":"substation"}},{"type":"Feature","geometry":{"type":"Point","coordinates":[-86.90282,36.07932]},"properties":{"probability":0.2,"inBuffer":false,"facType":"substation"}},{"type":"Feature","geometry":{"type":"Point","coordinates":[-86.89726,36.07931]},"properties":{"probability":0.193,"inBuffer":false,"facType":"substation"}},{"type":"Feature","geometry":{"type":"Point","coordinates":[-86.89171,36.0793]},"properties":{"probability":0.222,"inBuffer":false,"facType":"substation"}},{"type":"Feature","geometry":{"type":"Point","coordinates":[-86.88616,36.0793]},"properties":{"probability":0.217,"inBuffer":false,"facType":"substation"}},{"type":"Feature","geometry":{"type":"Point","coordinates":[-86.88061,36.0793]},"properties":{"probability":0.131,"inBuffer":false,"facType":"substation"}},{"type":"Feature","geometry":{"type":"Point","coordinates":[-86.87505,36.07929]},"properties":{"probability":0.126,"inBuffer":false,"facType":"substation"}},{"type":"Feature","geometry":{"type":"Point","coordinates":[-86.8695,36.07928]},"properties":{"probability":0.127,"inBuffer":false,"facType":"substation"}},{"type":"Feature","geometry":{"type":"Point","coordinates":[-86.86395,36.07928]},"properties":{"probability":0.134,"inBuffer":false,"facType":"substation"}},{"type":"Feature","geometry":{"type":"Point","coordinates":[-86.85839,36.07927]},"properties":{"probability":0.129,"inBuffer":false,"facType":"substation"}},{"type":"Feature","geometry":{"type":"Point","coordinates":[-86.85284,36.07926]},"properties":{"probability":0.133,"inBuffer":false,"facType":"substation"}},{"type":"Feature","geometry":{"type":"Point","coordinates":[-86.84728,36.07926]},"properties":{"probability":0.132,"inBuffer":false,"facType":"substation"}},{"type":"Feature","geometry":{"type":"Point","coordinates":[-86.84174,36.07925]},"properties":{"probability":0.155,"inBuffer":false,"facType":"substation"}},{"type":"Feature","geometry":{"type":"Point","coordinates":[-86.83618,36.07924]},"properties":{"probability":0.145,"inBuffer":false,"facType":"substation"}},{"type":"Feature","geometry":{"type":"Point","coordinates":[-86.83063,36.07924]},"properties":{"probability":0.13,"inBuffer":false,"facType":"substation"}},{"type":"Feature","geometry":{"type":"Point","coordinates":[-86.82507,36.07923]},"properties":{"probability":0.128,"inBuffer":false,"facType":"substation"}},{"type":"Feature","geometry":{"type":"Point","coordinates":[-86.81952,36.07922]},"properties":{"probability":0.133,"inBuffer":false,"facType":"substation"}},{"type":"Feature","geometry":{"type":"Point","coordinates":[-86.81396,36.07921]},"properties":{"probability":0.146,"inBuffer":false,"facType":"substation"}},{"type":"Feature","geometry":{"type":"Point","coordinates":[-86.80841,36.0792]},"properties":{"probability":0.158,"inBuffer":false,"facType":"substation"}},{"type":"Feature","geometry":{"type":"Point","coordinates":[-86.80286,36.07919]},"properties":{"probability":0.146,"inBuffer":false,"facType":"substation"}},{"type":"Feature","geometry":{"type":"Point","coordinates":[-86.79731,36.07918]},"properties":{"probability":0.154,"inBuffer":false,"facType":"substation"}},{"type":"Feature","geometry":{"type":"Point","coordinates":[-86.79176,36.07917]},"properties":{"probability":0.189,"inBuffer":false,"facType":"substation"}},{"type":"Feature","geometry":{"type":"Point","coordinates":[-86.7862,36.07916]},"properties":{"probability":0.143,"inBuffer":false,"facType":"substation"}},{"type":"Feature","geometry":{"type":"Point","coordinates":[-86.78065,36.07915]},"properties":{"probability":0.22,"inBuffer":false,"facType":"substation"}},{"type":"Feature","geometry":{"type":"Point","coordinates":[-86.77509,36.07914]},"properties":{"probability":0.299,"inBuffer":false,"facType":"substation"}},{"type":"Feature","geometry":{"type":"Point","coordinates":[-86.76954,36.07913]},"properties":{"probability":0.407,"inBuffer":false,"facType":"substation"}},{"type":"Feature","geometry":{"type":"Point","coordinates":[-86.76398,36.07912]},"properties":{"probability":0.435,"inBuffer":false,"facType":"substation"}},{"type":"Feature","geometry":{"type":"Point","coordinates":[-86.75843,36.07911]},"properties":{"probability":0.575,"inBuffer":false,"facType":"substation"}},{"type":"Feature","geometry":{"type":"Point","coordinates":[-86.75288,36.0791]},"properties":{"probability":0.325,"inBuffer":false,"facType":"substation"}},{"type":"Feature","geometry":{"type":"Point","coordinates":[-86.74733,36.07909]},"properties":{"probability":0.316,"inBuffer":false,"facType":"substation"}},{"type":"Feature","geometry":{"type":"Point","coordinates":[-86.74178,36.07907]},"properties":{"probability":0.322,"inBuffer":false,"facType":"substation"}},{"type":"Feature","geometry":{"type":"Point","coordinates":[-86.73622,36.07906]},"properties":{"probability":0.435,"inBuffer":false,"facType":"substation"}},{"type":"Feature","geometry":{"type":"Point","coordinates":[-86.73067,36.07905]},"properties":{"probability":0.597,"inBuffer":false,"facType":"hospital"}},{"type":"Feature","geometry":{"type":"Point","coordinates":[-86.72511,36.07904]},"properties":{"probability":0.638,"inBuffer":true,"facType":"hospital"}},{"type":"Feature","geometry":{"type":"Point","coordinates":[-86.71956,36.07903]},"properties":{"probability":0.465,"inBuffer":true,"facType":"hospital"}},{"type":"Feature","geometry":{"type":"Point","coordinates":[-86.71401,36.07901]},"properties":{"probability":0.418,"inBuffer":false,"facType":"hospital"}},{"type":"Feature","geometry":{"type":"Point","coordinates":[-86.70846,36.079]},"properties":{"probability":0.404,"inBuffer":false,"facType":"hospital"}},{"type":"Feature","geometry":{"type":"Point","coordinates":[-86.7029,36.07899]},"properties":{"probability":0.47,"inBuffer":false,"facType":"substation"}},{"type":"Feature","geometry":{"type":"Point","coordinates":[-86.69735,36.07897]},"properties":{"probability":0.457,"inBuffer":false,"facType":"substation"}},{"type":"Feature","geometry":{"type":"Point","coordinates":[-86.6918,36.07896]},"properties":{"probability":0.429,"inBuffer":false,"facType":"government"}},{"type":"Feature","geometry":{"type":"Point","coordinates":[-86.68624,36.07894]},"properties":{"probability":0.57,"inBuffer":false,"facType":"government"}},{"type":"Feature","geometry":{"type":"Point","coordinates":[-86.68069,36.07893]},"properties":{"probability":0.584,"inBuffer":false,"facType":"government"}},{"type":"Feature","geometry":{"type":"Point","coordinates":[-86.67514,36.07891]},"properties":{"probability":0.425,"inBuffer":false,"facType":"police"}},{"type":"Feature","geometry":{"type":"Point","coordinates":[-86.66959,36.0789]},"properties":{"probability":0.274,"inBuffer":false,"facType":"police"}},{"type":"Feature","geometry":{"type":"Point","coordinates":[-86.66403,36.07888]},"properties":{"probability":0.274,"inBuffer":false,"facType":"police"}},{"type":"Feature","geometry":{"type":"Point","coordinates":[-86.65848,36.07887]},"properties":{"probability":0.249,"inBuffer":false,"facType":"police"}},{"type":"Feature","geometry":{"type":"Point","coordinates":[-86.65292,36.07885]},"properties":{"probability":0.288,"inBuffer":false,"facType":"substation"}},{"type":"Feature","geometry":{"type":"Point","coordinates":[-86.64737,36.07883]},"properties":{"probability":0.412,"inBuffer":false,"facType":"substation"}},{"type":"Feature","geometry":{"type":"Point","coordinates":[-86.64182,36.07882]},"properties":{"probability":0.482,"inBuffer":false,"facType":"water_works"}},{"type":"Feature","geometry":{"type":"Point","coordinates":[-86.63627,36.0788]},"properties":{"probability":0.404,"inBuffer":false,"facType":"water_works"}},{"type":"Feature","geometry":{"type":"Point","coordinates":[-86.63071,36.07878]},"properties":{"probability":0.347,"inBuffer":false,"facType":"water_works"}},{"type":"Feature","geometry":{"type":"Point","coordinates":[-86.62516,36.07877]},"properties":{"probability":0.326,"inBuffer":false,"facType":"water_works"}},{"type":"Feature","geometry":{"type":"Point","coordinates":[-86.61961,36.07875]},"properties":{"probability":0.248,"inBuffer":false,"facType":"water_works"}},{"type":"Feature","geometry":{"type":"Point","coordinates":[-86.61405,36.07873]},"properties":{"probability":0.228,"inBuffer":false,"facType":"water_works"}},{"type":"Feature","geometry":{"type":"Point","coordinates":[-86.6085,36.07871]},"properties":{"probability":0.227,"inBuffer":false,"facType":"water_works"}},{"type":"Feature","geometry":{"type":"Point","coordinates":[-86.60294,36.0787]},"properties":{"probability":0.216,"inBuffer":false,"facType":"water_works"}},{"type":"Feature","geometry":{"type":"Point","coordinates":[-86.9528,36.07484]},"properties":{"probability":0.431,"inBuffer":false,"facType":"fire"}},{"type":"Feature","geometry":{"type":"Point","coordinates":[-86.94725,36.07483]},"properties":{"probability":0.443,"inBuffer":false,"facType":"fire"}},{"type":"Feature","geometry":{"type":"Point","coordinates":[-86.9417,36.07483]},"properties":{"probability":0.492,"inBuffer":true,"facType":"fire"}},{"type":"Feature","geometry":{"type":"Point","coordinates":[-86.93614,36.07483]},"properties":{"probability":0.413,"inBuffer":true,"facType":"fire"}},{"type":"Feature","geometry":{"type":"Point","coordinates":[-86.93059,36.07483]},"properties":{"probability":0.471,"inBuffer":true,"facType":"fire"}},{"type":"Feature","geometry":{"type":"Point","coordinates":[-86.92503,36.07482]},"properties":{"probability":0.592,"inBuffer":false,"facType":"substation"}},{"type":"Feature","geometry":{"type":"Point","coordinates":[-86.91948,36.07482]},"properties":{"probability":0.476,"inBuffer":false,"facType":"substation"}},{"type":"Feature","geometry":{"type":"Point","coordinates":[-86.91393,36.07481]},"properties":{"probability":0.225,"inBuffer":false,"facType":"substation"}},{"type":"Feature","geometry":{"type":"Point","coordinates":[-86.90838,36.07481]},"properties":{"probability":0.128,"inBuffer":false,"facType":"substation"}},{"type":"Feature","geometry":{"type":"Point","coordinates":[-86.90282,36.07481]},"properties":{"probability":0.123,"inBuffer":false,"facType":"substation"}},{"type":"Feature","geometry":{"type":"Point","coordinates":[-86.89727,36.0748]},"properties":{"probability":0.133,"inBuffer":false,"facType":"substation"}},{"type":"Feature","geometry":{"type":"Point","coordinates":[-86.89172,36.0748]},"properties":{"probability":0.117,"inBuffer":false,"facType":"substation"}},{"type":"Feature","geometry":{"type":"Point","coordinates":[-86.88616,36.07479]},"properties":{"probability":0.176,"inBuffer":false,"facType":"substation"}},{"type":"Feature","geometry":{"type":"Point","coordinates":[-86.8473,36.07475]},"properties":{"probability":0.126,"inBuffer":false,"facType":"substation"}},{"type":"Feature","geometry":{"type":"Point","coordinates":[-86.84174,36.07474]},"properties":{"probability":0.129,"inBuffer":false,"facType":"substation"}},{"type":"Feature","geometry":{"type":"Point","coordinates":[-86.83619,36.07473]},"properties":{"probability":0.128,"inBuffer":false,"facType":"substation"}},{"type":"Feature","geometry":{"type":"Point","coordinates":[-86.83064,36.07473]},"properties":{"probability":0.129,"inBuffer":false,"facType":"substation"}},{"type":"Feature","geometry":{"type":"Point","coordinates":[-86.82508,36.07472]},"properties":{"probability":0.131,"inBuffer":false,"facType":"substation"}},{"type":"Feature","geometry":{"type":"Point","coordinates":[-86.81953,36.07471]},"properties":{"probability":0.123,"inBuffer":false,"facType":"substation"}},{"type":"Feature","geometry":{"type":"Point","coordinates":[-86.81398,36.0747]},"properties":{"probability":0.137,"inBuffer":false,"facType":"substation"}},{"type":"Feature","geometry":{"type":"Point","coordinates":[-86.80843,36.07469]},"properties":{"probability":0.13,"inBuffer":false,"facType":"substation"}},{"type":"Feature","geometry":{"type":"Point","coordinates":[-86.80287,36.07468]},"properties":{"probability":0.129,"inBuffer":false,"facType":"substation"}},{"type":"Feature","geometry":{"type":"Point","coordinates":[-86.79732,36.07467]},"properties":{"probability":0.126,"inBuffer":false,"facType":"substation"}},{"type":"Feature","geometry":{"type":"Point","coordinates":[-86.79176,36.07467]},"properties":{"probability":0.126,"inBuffer":false,"facType":"substation"}},{"type":"Feature","geometry":{"type":"Point","coordinates":[-86.78621,36.07465]},"properties":{"probability":0.134,"inBuffer":false,"facType":"substation"}},{"type":"Feature","geometry":{"type":"Point","coordinates":[-86.78066,36.07465]},"properties":{"probability":0.178,"inBuffer":false,"facType":"substation"}},{"type":"Feature","geometry":{"type":"Point","coordinates":[-86.77511,36.07463]},"properties":{"probability":0.227,"inBuffer":false,"facType":"substation"}},{"type":"Feature","geometry":{"type":"Point","coordinates":[-86.76955,36.07462]},"properties":{"probability":0.249,"inBuffer":false,"facType":"substation"}},{"type":"Feature","geometry":{"type":"Point","coordinates":[-86.764,36.07461]},"properties":{"probability":0.245,"inBuffer":false,"facType":"substation"}},{"type":"Feature","geometry":{"type":"Point","coordinates":[-86.75845,36.0746]},"properties":{"probability":0.251,"inBuffer":false,"facType":"substation"}},{"type":"Feature","geometry":{"type":"Point","coordinates":[-86.75289,36.07459]},"properties":{"probability":0.238,"inBuffer":false,"facType":"substation"}},{"type":"Feature","geometry":{"type":"Point","coordinates":[-86.74734,36.07458]},"properties":{"probability":0.245,"inBuffer":false,"facType":"substation"}},{"type":"Feature","geometry":{"type":"Point","coordinates":[-86.74179,36.07457]},"properties":{"probability":0.246,"inBuffer":false,"facType":"substation"}},{"type":"Feature","geometry":{"type":"Point","coordinates":[-86.73624,36.07455]},"properties":{"probability":0.398,"inBuffer":false,"facType":"substation"}},{"type":"Feature","geometry":{"type":"Point","coordinates":[-86.73068,36.07454]},"properties":{"probability":0.489,"inBuffer":false,"facType":"hospital"}},{"type":"Feature","geometry":{"type":"Point","coordinates":[-86.72513,36.07453]},"properties":{"probability":0.612,"inBuffer":true,"facType":"hospital"}},{"type":"Feature","geometry":{"type":"Point","coordinates":[-86.71958,36.07452]},"properties":{"probability":0.501,"inBuffer":true,"facType":"hospital"}},{"type":"Feature","geometry":{"type":"Point","coordinates":[-86.71403,36.0745]},"properties":{"probability":0.332,"inBuffer":true,"facType":"fire"}},{"type":"Feature","geometry":{"type":"Point","coordinates":[-86.70847,36.07449]},"properties":{"probability":0.258,"inBuffer":false,"facType":"fire"}},{"type":"Feature","geometry":{"type":"Point","coordinates":[-86.70292,36.07448]},"properties":{"probability":0.356,"inBuffer":false,"facType":"substation"}},{"type":"Feature","geometry":{"type":"Point","coordinates":[-86.69736,36.07446]},"properties":{"probability":0.442,"inBuffer":false,"facType":"substation"}},{"type":"Feature","geometry":{"type":"Point","coordinates":[-86.69181,36.07445]},"properties":{"probability":0.489,"inBuffer":false,"facType":"substation"}},{"type":"Feature","geometry":{"type":"Point","coordinates":[-86.68626,36.07444]},"properties":{"probability":0.552,"inBuffer":false,"facType":"substation"}},{"type":"Feature","geometry":{"type":"Point","coordinates":[-86.68071,36.07442]},"properties":{"probability":0.506,"inBuffer":false,"facType":"substation"}},{"type":"Feature","geometry":{"type":"Point","coordinates":[-86.67516,36.07441]},"properties":{"probability":0.414,"inBuffer":false,"facType":"government"}},{"type":"Feature","geometry":{"type":"Point","coordinates":[-86.6696,36.07439]},"properties":{"probability":0.316,"inBuffer":false,"facType":"police"}},{"type":"Feature","geometry":{"type":"Point","coordinates":[-86.66405,36.07438]},"properties":{"probability":0.266,"inBuffer":false,"facType":"police"}},{"type":"Feature","geometry":{"type":"Point","coordinates":[-86.6585,36.07436]},"properties":{"probability":0.251,"inBuffer":false,"facType":"police"}},{"type":"Feature","geometry":{"type":"Point","coordinates":[-86.65295,36.07434]},"properties":{"probability":0.27,"inBuffer":false,"facType":"substation"}},{"type":"Feature","geometry":{"type":"Point","coordinates":[-86.64739,36.07433]},"properties":{"probability":0.352,"inBuffer":false,"facType":"substation"}},{"type":"Feature","geometry":{"type":"Point","coordinates":[-86.64184,36.07431]},"properties":{"probability":0.491,"inBuffer":false,"facType":"substation"}},{"type":"Feature","geometry":{"type":"Point","coordinates":[-86.63628,36.0743]},"properties":{"probability":0.609,"inBuffer":false,"facType":"substation"}},{"type":"Feature","geometry":{"type":"Point","coordinates":[-86.63073,36.07428]},"properties":{"probability":0.468,"inBuffer":false,"facType":"substation"}},{"type":"Feature","geometry":{"type":"Point","coordinates":[-86.62518,36.07426]},"properties":{"probability":0.388,"inBuffer":false,"facType":"substation"}},{"type":"Feature","geometry":{"type":"Point","coordinates":[-86.61963,36.07424]},"properties":{"probability":0.257,"inBuffer":false,"facType":"substation"}},{"type":"Feature","geometry":{"type":"Point","coordinates":[-86.61407,36.07423]},"properties":{"probability":0.214,"inBuffer":false,"facType":"substation"}},{"type":"Feature","geometry":{"type":"Point","coordinates":[-86.60852,36.07421]},"properties":{"probability":0.229,"inBuffer":false,"facType":"substation"}},{"type":"Feature","geometry":{"type":"Point","coordinates":[-86.60297,36.07419]},"properties":{"probability":0.207,"inBuffer":false,"facType":"substation"}},{"type":"Feature","geometry":{"type":"Point","coordinates":[-86.9528,36.07033]},"properties":{"probability":0.203,"inBuffer":false,"facType":"fire"}},{"type":"Feature","geometry":{"type":"Point","coordinates":[-86.94725,36.07033]},"properties":{"probability":0.224,"inBuffer":false,"facType":"fire"}},{"type":"Feature","geometry":{"type":"Point","coordinates":[-86.9417,36.07032]},"properties":{"probability":0.278,"inBuffer":true,"facType":"fire"}},{"type":"Feature","geometry":{"type":"Point","coordinates":[-86.93614,36.07032]},"properties":{"probability":0.343,"inBuffer":true,"facType":"fire"}},{"type":"Feature","geometry":{"type":"Point","coordinates":[-86.9306,36.07032]},"properties":{"probability":0.321,"inBuffer":true,"facType":"fire"}},{"type":"Feature","geometry":{"type":"Point","coordinates":[-86.92504,36.07032]},"properties":{"probability":0.383,"inBuffer":false,"facType":"substation"}},{"type":"Feature","geometry":{"type":"Point","coordinates":[-86.91949,36.07031]},"properties":{"probability":0.243,"inBuffer":false,"facType":"substation"}},{"type":"Feature","geometry":{"type":"Point","coordinates":[-86.91393,36.07031]},"properties":{"probability":0.144,"inBuffer":false,"facType":"substation"}},{"type":"Feature","geometry":{"type":"Point","coordinates":[-86.90838,36.0703]},"properties":{"probability":0.134,"inBuffer":false,"facType":"substation"}},{"type":"Feature","geometry":{"type":"Point","coordinates":[-86.85841,36.07026]},"properties":{"probability":0.126,"inBuffer":false,"facType":"substation"}},{"type":"Feature","geometry":{"type":"Point","coordinates":[-86.85286,36.07025]},"properties":{"probability":0.115,"inBuffer":false,"facType":"substation"}},{"type":"Feature","geometry":{"type":"Point","coordinates":[-86.84731,36.07024]},"properties":{"probability":0.147,"inBuffer":false,"facType":"substation"}},{"type":"Feature","geometry":{"type":"Point","coordinates":[-86.84175,36.07023]},"properties":{"probability":0.135,"inBuffer":false,"facType":"substation"}},{"type":"Feature","geometry":{"type":"Point","coordinates":[-86.8362,36.07022]},"properties":{"probability":0.123,"inBuffer":false,"facType":"substation"}},{"type":"Feature","geometry":{"type":"Point","coordinates":[-86.83064,36.07022]},"properties":{"probability":0.133,"inBuffer":false,"facType":"substation"}},{"type":"Feature","geometry":{"type":"Point","coordinates":[-86.8251,36.07021]},"properties":{"probability":0.132,"inBuffer":false,"facType":"substation"}},{"type":"Feature","geometry":{"type":"Point","coordinates":[-86.81954,36.0702]},"properties":{"probability":0.141,"inBuffer":false,"facType":"substation"}},{"type":"Feature","geometry":{"type":"Point","coordinates":[-86.81399,36.07019]},"properties":{"probability":0.134,"inBuffer":false,"facType":"substation"}},{"type":"Feature","geometry":{"type":"Point","coordinates":[-86.80843,36.07019]},"properties":{"probability":0.129,"inBuffer":false,"facType":"substation"}},{"type":"Feature","geometry":{"type":"Point","coordinates":[-86.80288,36.07018]},"properties":{"probability":0.116,"inBuffer":false,"facType":"substation"}},{"type":"Feature","geometry":{"type":"Point","coordinates":[-86.79178,36.07016]},"properties":{"probability":0.126,"inBuffer":false,"facType":"substation"}},{"type":"Feature","geometry":{"type":"Point","coordinates":[-86.78622,36.07015]},"properties":{"probability":0.124,"inBuffer":false,"facType":"substation"}},{"type":"Feature","geometry":{"type":"Point","coordinates":[-86.78067,36.07014]},"properties":{"probability":0.131,"inBuffer":false,"facType":"substation"}},{"type":"Feature","geometry":{"type":"Point","coordinates":[-86.77512,36.07013]},"properties":{"probability":0.197,"inBuffer":false,"facType":"substation"}},{"type":"Feature","geometry":{"type":"Point","coordinates":[-86.76957,36.07012]},"properties":{"probability":0.204,"inBuffer":false,"facType":"substation"}},{"type":"Feature","geometry":{"type":"Point","coordinates":[-86.76402,36.07011]},"properties":{"probability":0.219,"inBuffer":false,"facType":"substation"}},{"type":"Feature","geometry":{"type":"Point","coordinates":[-86.75846,36.0701]},"properties":{"probability":0.205,"inBuffer":false,"facType":"substation"}},{"type":"Feature","geometry":{"type":"Point","coordinates":[-86.75291,36.07008]},"properties":{"probability":0.225,"inBuffer":false,"facType":"substation"}},{"type":"Feature","geometry":{"type":"Point","coordinates":[-86.74736,36.07007]},"properties":{"probability":0.223,"inBuffer":false,"facType":"substation"}},{"type":"Feature","geometry":{"type":"Point","coordinates":[-86.74181,36.07006]},"properties":{"probability":0.215,"inBuffer":false,"facType":"substation"}},{"type":"Feature","geometry":{"type":"Point","coordinates":[-86.73625,36.07005]},"properties":{"probability":0.316,"inBuffer":false,"facType":"substation"}},{"type":"Feature","geometry":{"type":"Point","coordinates":[-86.7307,36.07003]},"properties":{"probability":0.463,"inBuffer":false,"facType":"substation"}},{"type":"Feature","geometry":{"type":"Point","coordinates":[-86.72514,36.07002]},"properties":{"probability":0.59,"inBuffer":false,"facType":"fire"}},{"type":"Feature","geometry":{"type":"Point","coordinates":[-86.7196,36.07001]},"properties":{"probability":0.599,"inBuffer":true,"facType":"fire"}},{"type":"Feature","geometry":{"type":"Point","coordinates":[-86.71404,36.07]},"properties":{"probability":0.413,"inBuffer":true,"facType":"fire"}},{"type":"Feature","geometry":{"type":"Point","coordinates":[-86.70849,36.06998]},"properties":{"probability":0.25,"inBuffer":false,"facType":"fire"}},{"type":"Feature","geometry":{"type":"Point","coordinates":[-86.70293,36.06997]},"properties":{"probability":0.293,"inBuffer":false,"facType":"substation"}},{"type":"Feature","geometry":{"type":"Point","coordinates":[-86.69739,36.06996]},"properties":{"probability":0.409,"inBuffer":false,"facType":"substation"}},{"type":"Feature","geometry":{"type":"Point","coordinates":[-86.69183,36.06994]},"properties":{"probability":0.568,"inBuffer":false,"facType":"substation"}},{"type":"Feature","geometry":{"type":"Point","coordinates":[-86.68628,36.06993]},"properties":{"probability":0.591,"inBuffer":false,"facType":"substation"}},{"type":"Feature","geometry":{"type":"Point","coordinates":[-86.68073,36.06991]},"properties":{"probability":0.584,"inBuffer":false,"facType":"substation"}},{"type":"Feature","geometry":{"type":"Point","coordinates":[-86.67517,36.0699]},"properties":{"probability":0.417,"inBuffer":false,"facType":"substation"}},{"type":"Feature","geometry":{"type":"Point","coordinates":[-86.66962,36.06988]},"properties":{"probability":0.275,"inBuffer":false,"facType":"substation"}},{"type":"Feature","geometry":{"type":"Point","coordinates":[-86.66407,36.06987]},"properties":{"probability":0.255,"inBuffer":false,"facType":"police"}},{"type":"Feature","geometry":{"type":"Point","coordinates":[-86.65852,36.06985]},"properties":{"probability":0.218,"inBuffer":false,"facType":"substation"}},{"type":"Feature","geometry":{"type":"Point","coordinates":[-86.65296,36.06984]},"properties":{"probability":0.246,"inBuffer":false,"facType":"substation"}},{"type":"Feature","geometry":{"type":"Point","coordinates":[-86.64742,36.06982]},"properties":{"probability":0.329,"inBuffer":false,"facType":"substation"}},{"type":"Feature","geometry":{"type":"Point","coordinates":[-86.64186,36.0698]},"properties":{"probability":0.431,"inBuffer":false,"facType":"substation"}},{"type":"Feature","geometry":{"type":"Point","coordinates":[-86.63631,36.06979]},"properties":{"probability":0.616,"inBuffer":false,"facType":"substation"}},{"type":"Feature","geometry":{"type":"Point","coordinates":[-86.63075,36.06977]},"properties":{"probability":0.539,"inBuffer":false,"facType":"substation"}},{"type":"Feature","geometry":{"type":"Point","coordinates":[-86.6252,36.06975]},"properties":{"probability":0.411,"inBuffer":false,"facType":"substation"}},{"type":"Feature","geometry":{"type":"Point","coordinates":[-86.61965,36.06973]},"properties":{"probability":0.241,"inBuffer":false,"facType":"substation"}},{"type":"Feature","geometry":{"type":"Point","coordinates":[-86.6141,36.06972]},"properties":{"probability":0.215,"inBuffer":false,"facType":"substation"}},{"type":"Feature","geometry":{"type":"Point","coordinates":[-86.60854,36.0697]},"properties":{"probability":0.209,"inBuffer":false,"facType":"substation"}},{"type":"Feature","geometry":{"type":"Point","coordinates":[-86.60299,36.06968]},"properties":{"probability":0.218,"inBuffer":false,"facType":"substation"}},{"type":"Feature","geometry":{"type":"Point","coordinates":[-86.9528,36.06582]},"properties":{"probability":0.154,"inBuffer":false,"facType":"fire"}},{"type":"Feature","geometry":{"type":"Point","coordinates":[-86.94725,36.06582]},"properties":{"probability":0.2,"inBuffer":false,"facType":"fire"}},{"type":"Feature","geometry":{"type":"Point","coordinates":[-86.9417,36.06581]},"properties":{"probability":0.235,"inBuffer":false,"facType":"fire"}},{"type":"Feature","geometry":{"type":"Point","coordinates":[-86.93615,36.06581]},"properties":{"probability":0.215,"inBuffer":true,"facType":"fire"}},{"type":"Feature","geometry":{"type":"Point","coordinates":[-86.9306,36.06581]},"properties":{"probability":0.15,"inBuffer":false,"facType":"fire"}},{"type":"Feature","geometry":{"type":"Point","coordinates":[-86.92504,36.06581]},"properties":{"probability":0.147,"inBuffer":false,"facType":"substation"}},{"type":"Feature","geometry":{"type":"Point","coordinates":[-86.91949,36.0658]},"properties":{"probability":0.145,"inBuffer":false,"facType":"substation"}},{"type":"Feature","geometry":{"type":"Point","coordinates":[-86.91394,36.0658]},"properties":{"probability":0.131,"inBuffer":false,"facType":"substation"}},{"type":"Feature","geometry":{"type":"Point","coordinates":[-86.90839,36.0658]},"properties":{"probability":0.125,"inBuffer":false,"facType":"substation"}},{"type":"Feature","geometry":{"type":"Point","coordinates":[-86.85841,36.06575]},"properties":{"probability":0.127,"inBuffer":false,"facType":"substation"}},{"type":"Feature","geometry":{"type":"Point","coordinates":[-86.85287,36.06574]},"properties":{"probability":0.13,"inBuffer":false,"facType":"substation"}},{"type":"Feature","geometry":{"type":"Point","coordinates":[-86.84731,36.06573]},"properties":{"probability":0.13,"inBuffer":false,"facType":"substation"}},{"type":"Feature","geometry":{"type":"Point","coordinates":[-86.84176,36.06573]},"properties":{"probability":0.129,"inBuffer":false,"facType":"substation"}},{"type":"Feature","geometry":{"type":"Point","coordinates":[-86.8362,36.06572]},"properties":{"probability":0.12,"inBuffer":false,"facType":"substation"}},{"type":"Feature","geometry":{"type":"Point","coordinates":[-86.83066,36.06571]},"properties":{"probability":0.126,"inBuffer":false,"facType":"substation"}},{"type":"Feature","geometry":{"type":"Point","coordinates":[-86.8251,36.0657]},"properties":{"probability":0.128,"inBuffer":false,"facType":"substation"}},{"type":"Feature","geometry":{"type":"Point","coordinates":[-86.81955,36.06569]},"properties":{"probability":0.126,"inBuffer":false,"facType":"substation"}},{"type":"Feature","geometry":{"type":"Point","coordinates":[-86.814,36.06569]},"properties":{"probability":0.153,"inBuffer":false,"facType":"substation"}},{"type":"Feature","geometry":{"type":"Point","coordinates":[-86.80845,36.06568]},"properties":{"probability":0.131,"inBuffer":false,"facType":"substation"}},{"type":"Feature","geometry":{"type":"Point","coordinates":[-86.80289,36.06567]},"properties":{"probability":0.122,"inBuffer":false,"facType":"substation"}},{"type":"Feature","geometry":{"type":"Point","coordinates":[-86.78624,36.06564]},"properties":{"probability":0.117,"inBuffer":false,"facType":"substation"}},{"type":"Feature","geometry":{"type":"Point","coordinates":[-86.78069,36.06563]},"properties":{"probability":0.194,"inBuffer":false,"facType":"substation"}},{"type":"Feature","geometry":{"type":"Point","coordinates":[-86.77513,36.06562]},"properties":{"probability":0.218,"inBuffer":false,"facType":"substation"}},{"type":"Feature","geometry":{"type":"Point","coordinates":[-86.76958,36.06561]},"properties":{"probability":0.204,"inBuffer":false,"facType":"substation"}},{"type":"Feature","geometry":{"type":"Point","coordinates":[-86.76403,36.0656]},"properties":{"probability":0.204,"inBuffer":false,"facType":"substation"}},{"type":"Feature","geometry":{"type":"Point","coordinates":[-86.75848,36.06559]},"properties":{"probability":0.224,"inBuffer":false,"facType":"substation"}},{"type":"Feature","geometry":{"type":"Point","coordinates":[-86.75292,36.06557]},"properties":{"probability":0.246,"inBuffer":false,"facType":"substation"}},{"type":"Feature","geometry":{"type":"Point","coordinates":[-86.74737,36.06556]},"properties":{"probability":0.245,"inBuffer":false,"facType":"substation"}},{"type":"Feature","geometry":{"type":"Point","coordinates":[-86.74182,36.06555]},"properties":{"probability":0.233,"inBuffer":false,"facType":"substation"}},{"type":"Feature","geometry":{"type":"Point","coordinates":[-86.73627,36.06554]},"properties":{"probability":0.244,"inBuffer":false,"facType":"substation"}},{"type":"Feature","geometry":{"type":"Point","coordinates":[-86.73071,36.06553]},"properties":{"probability":0.271,"inBuffer":false,"facType":"substation"}},{"type":"Feature","geometry":{"type":"Point","coordinates":[-86.72516,36.06551]},"properties":{"probability":0.419,"inBuffer":false,"facType":"substation"}},{"type":"Feature","geometry":{"type":"Point","coordinates":[-86.71961,36.0655]},"properties":{"probability":0.594,"inBuffer":true,"facType":"fire"}},{"type":"Feature","geometry":{"type":"Point","coordinates":[-86.71406,36.06549]},"properties":{"probability":0.457,"inBuffer":true,"facType":"fire"}},{"type":"Feature","geometry":{"type":"Point","coordinates":[-86.7085,36.06548]},"properties":{"probability":0.249,"inBuffer":false,"facType":"fire"}},{"type":"Feature","geometry":{"type":"Point","coordinates":[-86.70296,36.06546]},"properties":{"probability":0.241,"inBuffer":false,"facType":"substation"}},{"type":"Feature","geometry":{"type":"Point","coordinates":[-86.6974,36.06545]},"properties":{"probability":0.355,"inBuffer":false,"facType":"substation"}},{"type":"Feature","geometry":{"type":"Point","coordinates":[-86.69185,36.06543]},"properties":{"probability":0.43,"inBuffer":false,"facType":"substation"}},{"type":"Feature","geometry":{"type":"Point","coordinates":[-86.68629,36.06542]},"properties":{"probability":0.484,"inBuffer":false,"facType":"substation"}},{"type":"Feature","geometry":{"type":"Point","coordinates":[-86.68075,36.0654]},"properties":{"probability":0.449,"inBuffer":false,"facType":"substation"}},{"type":"Feature","geometry":{"type":"Point","coordinates":[-86.67519,36.06539]},"properties":{"probability":0.329,"inBuffer":false,"facType":"substation"}},{"type":"Feature","geometry":{"type":"Point","coordinates":[-86.66964,36.06538]},"properties":{"probability":0.243,"inBuffer":false,"facType":"substation"}},{"type":"Feature","geometry":{"type":"Point","coordinates":[-86.66409,36.06536]},"properties":{"probability":0.223,"inBuffer":false,"facType":"substation"}},{"type":"Feature","geometry":{"type":"Point","coordinates":[-86.65854,36.06534]},"properties":{"probability":0.205,"inBuffer":false,"facType":"substation"}},{"type":"Feature","geometry":{"type":"Point","coordinates":[-86.65298,36.06533]},"properties":{"probability":0.211,"inBuffer":false,"facType":"substation"}},{"type":"Feature","geometry":{"type":"Point","coordinates":[-86.64743,36.06531]},"properties":{"probability":0.253,"inBuffer":false,"facType":"substation"}},{"type":"Feature","geometry":{"type":"Point","coordinates":[-86.64188,36.0653]},"properties":{"probability":0.352,"inBuffer":false,"facType":"substation"}},{"type":"Feature","geometry":{"type":"Point","coordinates":[-86.63633,36.06528]},"properties":{"probability":0.472,"inBuffer":false,"facType":"substation"}},{"type":"Feature","geometry":{"type":"Point","coordinates":[-86.63078,36.06526]},"properties":{"probability":0.532,"inBuffer":false,"facType":"substation"}},{"type":"Feature","geometry":{"type":"Point","coordinates":[-86.62522,36.06524]},"properties":{"probability":0.467,"inBuffer":false,"facType":"substation"}},{"type":"Feature","geometry":{"type":"Point","coordinates":[-86.61967,36.06523]},"properties":{"probability":0.248,"inBuffer":false,"facType":"substation"}},{"type":"Feature","geometry":{"type":"Point","coordinates":[-86.61412,36.06521]},"properties":{"probability":0.214,"inBuffer":false,"facType":"substation"}},{"type":"Feature","geometry":{"type":"Point","coordinates":[-86.60857,36.06519]},"properties":{"probability":0.212,"inBuffer":false,"facType":"substation"}},{"type":"Feature","geometry":{"type":"Point","coordinates":[-86.60301,36.06517]},"properties":{"probability":0.22,"inBuffer":false,"facType":"substation"}},{"type":"Feature","geometry":{"type":"Point","coordinates":[-86.9528,36.06131]},"properties":{"probability":0.126,"inBuffer":false,"facType":"fire"}},{"type":"Feature","geometry":{"type":"Point","coordinates":[-86.94726,36.06131]},"properties":{"probability":0.149,"inBuffer":false,"facType":"fire"}},{"type":"Feature","geometry":{"type":"Point","coordinates":[-86.9417,36.06131]},"properties":{"probability":0.171,"inBuffer":false,"facType":"fire"}},{"type":"Feature","geometry":{"type":"Point","coordinates":[-86.93615,36.06131]},"properties":{"probability":0.201,"inBuffer":false,"facType":"fire"}},{"type":"Feature","geometry":{"type":"Point","coordinates":[-86.9306,36.0613]},"properties":{"probability":0.134,"inBuffer":false,"facType":"fire"}},{"type":"Feature","geometry":{"type":"Point","coordinates":[-86.92505,36.0613]},"properties":{"probability":0.132,"inBuffer":false,"facType":"substation"}},{"type":"Feature","geometry":{"type":"Point","coordinates":[-86.91949,36.06129]},"properties":{"probability":0.147,"inBuffer":false,"facType":"substation"}},{"type":"Feature","geometry":{"type":"Point","coordinates":[-86.91394,36.06129]},"properties":{"probability":0.131,"inBuffer":false,"facType":"substation"}},{"type":"Feature","geometry":{"type":"Point","coordinates":[-86.86953,36.06125]},"properties":{"probability":0.115,"inBuffer":false,"facType":"government"}},{"type":"Feature","geometry":{"type":"Point","coordinates":[-86.85842,36.06124]},"properties":{"probability":0.13,"inBuffer":false,"facType":"substation"}},{"type":"Feature","geometry":{"type":"Point","coordinates":[-86.85287,36.06123]},"properties":{"probability":0.133,"inBuffer":false,"facType":"substation"}},{"type":"Feature","geometry":{"type":"Point","coordinates":[-86.84732,36.06123]},"properties":{"probability":0.133,"inBuffer":false,"facType":"substation"}},{"type":"Feature","geometry":{"type":"Point","coordinates":[-86.84177,36.06122]},"properties":{"probability":0.119,"inBuffer":false,"facType":"substation"}},{"type":"Feature","geometry":{"type":"Point","coordinates":[-86.83622,36.06121]},"properties":{"probability":0.126,"inBuffer":false,"facType":"substation"}},{"type":"Feature","geometry":{"type":"Point","coordinates":[-86.83067,36.0612]},"properties":{"probability":0.127,"inBuffer":false,"facType":"substation"}},{"type":"Feature","geometry":{"type":"Point","coordinates":[-86.82511,36.0612]},"properties":{"probability":0.128,"inBuffer":false,"facType":"substation"}},{"type":"Feature","geometry":{"type":"Point","coordinates":[-86.81956,36.06119]},"properties":{"probability":0.129,"inBuffer":false,"facType":"substation"}},{"type":"Feature","geometry":{"type":"Point","coordinates":[-86.81401,36.06118]},"properties":{"probability":0.144,"inBuffer":false,"facType":"substation"}},{"type":"Feature","geometry":{"type":"Point","coordinates":[-86.80846,36.06117]},"properties":{"probability":0.131,"inBuffer":false,"facType":"substation"}},{"type":"Feature","geometry":{"type":"Point","coordinates":[-86.78625,36.06113]},"properties":{"probability":0.129,"inBuffer":false,"facType":"substation"}},{"type":"Feature","geometry":{"type":"Point","coordinates":[-86.7807,36.06112]},"properties":{"probability":0.204,"inBuffer":false,"facType":"substation"}},{"type":"Feature","geometry":{"type":"Point","coordinates":[-86.77515,36.06111]},"properties":{"probability":0.248,"inBuffer":false,"facType":"substation"}},{"type":"Feature","geometry":{"type":"Point","coordinates":[-86.76959,36.0611]},"properties":{"probability":0.242,"inBuffer":false,"facType":"substation"}},{"type":"Feature","geometry":{"type":"Point","coordinates":[-86.76404,36.06109]},"properties":{"probability":0.21,"inBuffer":false,"facType":"substation"}},{"type":"Feature","geometry":{"type":"Point","coordinates":[-86.75849,36.06108]},"properties":{"probability":0.212,"inBuffer":false,"facType":"substation"}},{"type":"Feature","geometry":{"type":"Point","coordinates":[-86.75294,36.06107]},"properties":{"probability":0.264,"inBuffer":false,"facType":"substation"}},{"type":"Feature","geometry":{"type":"Point","coordinates":[-86.74738,36.06105]},"properties":{"probability":0.272,"inBuffer":false,"facType":"substation"}},{"type":"Feature","geometry":{"type":"Point","coordinates":[-86.74184,36.06104]},"properties":{"probability":0.26,"inBuffer":false,"facType":"substation"}},{"type":"Feature","geometry":{"type":"Point","coordinates":[-86.73628,36.06103]},"properties":{"probability":0.247,"inBuffer":false,"facType":"substation"}},{"type":"Feature","geometry":{"type":"Point","coordinates":[-86.73073,36.06102]},"properties":{"probability":0.244,"inBuffer":false,"facType":"substation"}},{"type":"Feature","geometry":{"type":"Point","coordinates":[-86.72518,36.06101]},"properties":{"probability":0.273,"inBuffer":false,"facType":"substation"}},{"type":"Feature","geometry":{"type":"Point","coordinates":[-86.71963,36.06099]},"properties":{"probability":0.518,"inBuffer":false,"facType":"fire"}},{"type":"Feature","geometry":{"type":"Point","coordinates":[-86.71407,36.06098]},"properties":{"probability":0.459,"inBuffer":false,"facType":"fire"}},{"type":"Feature","geometry":{"type":"Point","coordinates":[-86.70852,36.06097]},"properties":{"probability":0.321,"inBuffer":false,"facType":"fire"}},{"type":"Feature","geometry":{"type":"Point","coordinates":[-86.70297,36.06096]},"properties":{"probability":0.248,"inBuffer":false,"facType":"substation"}},{"type":"Feature","geometry":{"type":"Point","coordinates":[-86.69742,36.06094]},"properties":{"probability":0.255,"inBuffer":false,"facType":"substation"}},{"type":"Feature","geometry":{"type":"Point","coordinates":[-86.69186,36.06092]},"properties":{"probability":0.329,"inBuffer":false,"facType":"substation"}},{"type":"Feature","geometry":{"type":"Point","coordinates":[-86.68632,36.06091]},"properties":{"probability":0.318,"inBuffer":false,"facType":"substation"}},{"type":"Feature","geometry":{"type":"Point","coordinates":[-86.68076,36.0609]},"properties":{"probability":0.249,"inBuffer":false,"facType":"substation"}},{"type":"Feature","geometry":{"type":"Point","coordinates":[-86.67521,36.06088]},"properties":{"probability":0.274,"inBuffer":false,"facType":"substation"}},{"type":"Feature","geometry":{"type":"Point","coordinates":[-86.66966,36.06087]},"properties":{"probability":0.238,"inBuffer":false,"facType":"substation"}},{"type":"Feature","geometry":{"type":"Point","coordinates":[-86.66411,36.06085]},"properties":{"probability":0.228,"inBuffer":false,"facType":"substation"}},{"type":"Feature","geometry":{"type":"Point","coordinates":[-86.65855,36.06084]},"properties":{"probability":0.2,"inBuffer":false,"facType":"substation"}},{"type":"Feature","geometry":{"type":"Point","coordinates":[-86.653,36.06082]},"properties":{"probability":0.212,"inBuffer":false,"facType":"substation"}},{"type":"Feature","geometry":{"type":"Point","coordinates":[-86.64745,36.0608]},"properties":{"probability":0.22,"inBuffer":false,"facType":"substation"}},{"type":"Feature","geometry":{"type":"Point","coordinates":[-86.6419,36.06079]},"properties":{"probability":0.334,"inBuffer":false,"facType":"substation"}},{"type":"Feature","geometry":{"type":"Point","coordinates":[-86.63634,36.06077]},"properties":{"probability":0.417,"inBuffer":false,"facType":"substation"}},{"type":"Feature","geometry":{"type":"Point","coordinates":[-86.6308,36.06075]},"properties":{"probability":0.488,"inBuffer":false,"facType":"substation"}},{"type":"Feature","geometry":{"type":"Point","coordinates":[-86.62524,36.06074]},"properties":{"probability":0.407,"inBuffer":false,"facType":"substation"}},{"type":"Feature","geometry":{"type":"Point","coordinates":[-86.61969,36.06072]},"properties":{"probability":0.238,"inBuffer":false,"facType":"substation"}},{"type":"Feature","geometry":{"type":"Point","coordinates":[-86.61414,36.0607]},"properties":{"probability":0.225,"inBuffer":false,"facType":"substation"}},{"type":"Feature","geometry":{"type":"Point","coordinates":[-86.60859,36.06068]},"properties":{"probability":0.214,"inBuffer":false,"facType":"substation"}},{"type":"Feature","geometry":{"type":"Point","coordinates":[-86.60303,36.06067]},"properties":{"probability":0.306,"inBuffer":false,"facType":"substation"}},{"type":"Feature","geometry":{"type":"Point","coordinates":[-86.95281,36.0568]},"properties":{"probability":0.13,"inBuffer":false,"facType":"fire"}},{"type":"Feature","geometry":{"type":"Point","coordinates":[-86.94726,36.0568]},"properties":{"probability":0.129,"inBuffer":false,"facType":"fire"}},{"type":"Feature","geometry":{"type":"Point","coordinates":[-86.9417,36.0568]},"properties":{"probability":0.133,"inBuffer":false,"facType":"fire"}},{"type":"Feature","geometry":{"type":"Point","coordinates":[-86.93616,36.0568]},"properties":{"probability":0.13,"inBuffer":false,"facType":"fire"}},{"type":"Feature","geometry":{"type":"Point","coordinates":[-86.9306,36.05679]},"properties":{"probability":0.134,"inBuffer":false,"facType":"fire"}},{"type":"Feature","geometry":{"type":"Point","coordinates":[-86.92505,36.05679]},"properties":{"probability":0.132,"inBuffer":false,"facType":"substation"}},{"type":"Feature","geometry":{"type":"Point","coordinates":[-86.9195,36.05679]},"properties":{"probability":0.127,"inBuffer":false,"facType":"substation"}},{"type":"Feature","geometry":{"type":"Point","coordinates":[-86.91395,36.05678]},"properties":{"probability":0.114,"inBuffer":false,"facType":"substation"}},{"type":"Feature","geometry":{"type":"Point","coordinates":[-86.85843,36.05673]},"properties":{"probability":0.126,"inBuffer":false,"facType":"substation"}},{"type":"Feature","geometry":{"type":"Point","coordinates":[-86.85288,36.05672]},"properties":{"probability":0.125,"inBuffer":false,"facType":"substation"}},{"type":"Feature","geometry":{"type":"Point","coordinates":[-86.84733,36.05672]},"properties":{"probability":0.123,"inBuffer":false,"facType":"substation"}},{"type":"Feature","geometry":{"type":"Point","coordinates":[-86.84177,36.05671]},"properties":{"probability":0.116,"inBuffer":false,"facType":"substation"}},{"type":"Feature","geometry":{"type":"Point","coordinates":[-86.83623,36.0567]},"properties":{"probability":0.128,"inBuffer":false,"facType":"substation"}},{"type":"Feature","geometry":{"type":"Point","coordinates":[-86.83067,36.05669]},"properties":{"probability":0.126,"inBuffer":false,"facType":"substation"}},{"type":"Feature","geometry":{"type":"Point","coordinates":[-86.82512,36.05669]},"properties":{"probability":0.13,"inBuffer":false,"facType":"substation"}},{"type":"Feature","geometry":{"type":"Point","coordinates":[-86.81957,36.05668]},"properties":{"probability":0.131,"inBuffer":false,"facType":"substation"}},{"type":"Feature","geometry":{"type":"Point","coordinates":[-86.81402,36.05667]},"properties":{"probability":0.166,"inBuffer":false,"facType":"substation"}},{"type":"Feature","geometry":{"type":"Point","coordinates":[-86.80846,36.05666]},"properties":{"probability":0.149,"inBuffer":false,"facType":"substation"}},{"type":"Feature","geometry":{"type":"Point","coordinates":[-86.78626,36.05663]},"properties":{"probability":0.116,"inBuffer":false,"facType":"substation"}},{"type":"Feature","geometry":{"type":"Point","coordinates":[-86.78071,36.05661]},"properties":{"probability":0.145,"inBuffer":false,"facType":"substation"}},{"type":"Feature","geometry":{"type":"Point","coordinates":[-86.77516,36.0566]},"properties":{"probability":0.207,"inBuffer":false,"facType":"substation"}},{"type":"Feature","geometry":{"type":"Point","coordinates":[-86.76961,36.05659]},"properties":{"probability":0.206,"inBuffer":false,"facType":"substation"}},{"type":"Feature","geometry":{"type":"Point","coordinates":[-86.76405,36.05658]},"properties":{"probability":0.188,"inBuffer":false,"facType":"substation"}},{"type":"Feature","geometry":{"type":"Point","coordinates":[-86.75851,36.05657]},"properties":{"probability":0.192,"inBuffer":false,"facType":"substation"}},{"type":"Feature","geometry":{"type":"Point","coordinates":[-86.75295,36.05656]},"properties":{"probability":0.273,"inBuffer":false,"facType":"substation"}},{"type":"Feature","geometry":{"type":"Point","coordinates":[-86.7474,36.05655]},"properties":{"probability":0.326,"inBuffer":false,"facType":"substation"}},{"type":"Feature","geometry":{"type":"Point","coordinates":[-86.74185,36.05654]},"properties":{"probability":0.341,"inBuffer":false,"facType":"substation"}},{"type":"Feature","geometry":{"type":"Point","coordinates":[-86.7363,36.05652]},"properties":{"probability":0.297,"inBuffer":false,"facType":"substation"}},{"type":"Feature","geometry":{"type":"Point","coordinates":[-86.73074,36.05651]},"properties":{"probability":0.252,"inBuffer":false,"facType":"substation"}},{"type":"Feature","geometry":{"type":"Point","coordinates":[-86.7252,36.0565]},"properties":{"probability":0.327,"inBuffer":false,"facType":"substation"}},{"type":"Feature","geometry":{"type":"Point","coordinates":[-86.71964,36.05649]},"properties":{"probability":0.468,"inBuffer":false,"facType":"substation"}},{"type":"Feature","geometry":{"type":"Point","coordinates":[-86.71409,36.05647]},"properties":{"probability":0.439,"inBuffer":false,"facType":"substation"}},{"type":"Feature","geometry":{"type":"Point","coordinates":[-86.70854,36.05646]},"properties":{"probability":0.323,"inBuffer":false,"facType":"substation"}},{"type":"Feature","geometry":{"type":"Point","coordinates":[-86.70299,36.05645]},"properties":{"probability":0.273,"inBuffer":false,"facType":"substation"}},{"type":"Feature","geometry":{"type":"Point","coordinates":[-86.69743,36.05643]},"properties":{"probability":0.251,"inBuffer":false,"facType":"substation"}},{"type":"Feature","geometry":{"type":"Point","coordinates":[-86.69189,36.05642]},"properties":{"probability":0.246,"inBuffer":false,"facType":"substation"}},{"type":"Feature","geometry":{"type":"Point","coordinates":[-86.68633,36.0564]},"properties":{"probability":0.238,"inBuffer":false,"facType":"substation"}},{"type":"Feature","geometry":{"type":"Point","coordinates":[-86.68078,36.05639]},"properties":{"probability":0.239,"inBuffer":false,"facType":"substation"}},{"type":"Feature","geometry":{"type":"Point","coordinates":[-86.67523,36.05637]},"properties":{"probability":0.315,"inBuffer":false,"facType":"substation"}},{"type":"Feature","geometry":{"type":"Point","coordinates":[-86.66968,36.05636]},"properties":{"probability":0.22,"inBuffer":false,"facType":"substation"}},{"type":"Feature","geometry":{"type":"Point","coordinates":[-86.66412,36.05634]},"properties":{"probability":0.218,"inBuffer":false,"facType":"substation"}},{"type":"Feature","geometry":{"type":"Point","coordinates":[-86.65858,36.05633]},"properties":{"probability":0.279,"inBuffer":false,"facType":"substation"}},{"type":"Feature","geometry":{"type":"Point","coordinates":[-86.65302,36.05631]},"properties":{"probability":0.322,"inBuffer":false,"facType":"substation"}},{"type":"Feature","geometry":{"type":"Point","coordinates":[-86.64747,36.0563]},"properties":{"probability":0.359,"inBuffer":false,"facType":"substation"}},{"type":"Feature","geometry":{"type":"Point","coordinates":[-86.64192,36.05628]},"properties":{"probability":0.348,"inBuffer":false,"facType":"substation"}},{"type":"Feature","geometry":{"type":"Point","coordinates":[-86.63637,36.05626]},"properties":{"probability":0.278,"inBuffer":false,"facType":"substation"}},{"type":"Feature","geometry":{"type":"Point","coordinates":[-86.63081,36.05624]},"properties":{"probability":0.214,"inBuffer":false,"facType":"substation"}},{"type":"Feature","geometry":{"type":"Point","coordinates":[-86.62527,36.05623]},"properties":{"probability":0.216,"inBuffer":false,"facType":"substation"}},{"type":"Feature","geometry":{"type":"Point","coordinates":[-86.61971,36.05621]},"properties":{"probability":0.445,"inBuffer":false,"facType":"substation"}},{"type":"Feature","geometry":{"type":"Point","coordinates":[-86.61417,36.05619]},"properties":{"probability":0.451,"inBuffer":false,"facType":"substation"}},{"type":"Feature","geometry":{"type":"Point","coordinates":[-86.60861,36.05618]},"properties":{"probability":0.375,"inBuffer":false,"facType":"substation"}},{"type":"Feature","geometry":{"type":"Point","coordinates":[-86.60306,36.05616]},"properties":{"probability":0.325,"inBuffer":false,"facType":"substation"}},{"type":"Feature","geometry":{"type":"Point","coordinates":[-86.95281,36.0523]},"properties":{"probability":0.151,"inBuffer":false,"facType":"fire"}},{"type":"Feature","geometry":{"type":"Point","coordinates":[-86.94727,36.0523]},"properties":{"probability":0.127,"inBuffer":false,"facType":"fire"}},{"type":"Feature","geometry":{"type":"Point","coordinates":[-86.94171,36.05229]},"properties":{"probability":0.128,"inBuffer":false,"facType":"fire"}},{"type":"Feature","geometry":{"type":"Point","coordinates":[-86.93616,36.05229]},"properties":{"probability":0.126,"inBuffer":false,"facType":"fire"}},{"type":"Feature","geometry":{"type":"Point","coordinates":[-86.93061,36.05228]},"properties":{"probability":0.119,"inBuffer":false,"facType":"fire"}},{"type":"Feature","geometry":{"type":"Point","coordinates":[-86.92506,36.05228]},"properties":{"probability":0.127,"inBuffer":false,"facType":"substation"}},{"type":"Feature","geometry":{"type":"Point","coordinates":[-86.9195,36.05228]},"properties":{"probability":0.129,"inBuffer":false,"facType":"substation"}},{"type":"Feature","geometry":{"type":"Point","coordinates":[-86.89175,36.05226]},"properties":{"probability":0.126,"inBuffer":false,"facType":"government"}},{"type":"Feature","geometry":{"type":"Point","coordinates":[-86.8862,36.05225]},"properties":{"probability":0.148,"inBuffer":false,"facType":"government"}},{"type":"Feature","geometry":{"type":"Point","coordinates":[-86.88065,36.05225]},"properties":{"probability":0.141,"inBuffer":false,"facType":"government"}},{"type":"Feature","geometry":{"type":"Point","coordinates":[-86.87509,36.05224]},"properties":{"probability":0.127,"inBuffer":false,"facType":"government"}},{"type":"Feature","geometry":{"type":"Point","coordinates":[-86.86954,36.05223]},"properties":{"probability":0.131,"inBuffer":false,"facType":"government"}},{"type":"Feature","geometry":{"type":"Point","coordinates":[-86.86399,36.05223]},"properties":{"probability":0.128,"inBuffer":false,"facType":"government"}},{"type":"Feature","geometry":{"type":"Point","coordinates":[-86.85844,36.05222]},"properties":{"probability":0.131,"inBuffer":false,"facType":"substation"}},{"type":"Feature","geometry":{"type":"Point","coordinates":[-86.85289,36.05222]},"properties":{"probability":0.123,"inBuffer":false,"facType":"substation"}},{"type":"Feature","geometry":{"type":"Point","coordinates":[-86.84734,36.05221]},"properties":{"probability":0.124,"inBuffer":false,"facType":"substation"}},{"type":"Feature","geometry":{"type":"Point","coordinates":[-86.83068,36.05219]},"properties":{"probability":0.124,"inBuffer":false,"facType":"substation"}},{"type":"Feature","geometry":{"type":"Point","coordinates":[-86.82513,36.05218]},"properties":{"probability":0.13,"inBuffer":false,"facType":"substation"}},{"type":"Feature","geometry":{"type":"Point","coordinates":[-86.81958,36.05217]},"properties":{"probability":0.153,"inBuffer":false,"facType":"substation"}},{"type":"Feature","geometry":{"type":"Point","coordinates":[-86.81403,36.05216]},"properties":{"probability":0.164,"inBuffer":false,"facType":"substation"}},{"type":"Feature","geometry":{"type":"Point","coordinates":[-86.80848,36.05215]},"properties":{"probability":0.133,"inBuffer":false,"facType":"substation"}},{"type":"Feature","geometry":{"type":"Point","coordinates":[-86.80293,36.05214]},"properties":{"probability":0.113,"inBuffer":false,"facType":"fire"}},{"type":"Feature","geometry":{"type":"Point","coordinates":[-86.79738,36.05214]},"properties":{"probability":0.13,"inBuffer":false,"facType":"fire"}},{"type":"Feature","geometry":{"type":"Point","coordinates":[-86.79182,36.05212]},"properties":{"probability":0.124,"inBuffer":false,"facType":"substation"}},{"type":"Feature","geometry":{"type":"Point","coordinates":[-86.78627,36.05212]},"properties":{"probability":0.119,"inBuffer":false,"facType":"substation"}},{"type":"Feature","geometry":{"type":"Point","coordinates":[-86.78072,36.0521]},"properties":{"probability":0.144,"inBuffer":false,"facType":"substation"}},{"type":"Feature","geometry":{"type":"Point","coordinates":[-86.77517,36.05209]},"properties":{"probability":0.193,"inBuffer":false,"facType":"substation"}},{"type":"Feature","geometry":{"type":"Point","coordinates":[-86.76962,36.05209]},"properties":{"probability":0.142,"inBuffer":false,"facType":"substation"}},{"type":"Feature","geometry":{"type":"Point","coordinates":[-86.76407,36.05207]},"properties":{"probability":0.143,"inBuffer":false,"facType":"substation"}},{"type":"Feature","geometry":{"type":"Point","coordinates":[-86.75851,36.05206]},"properties":{"probability":0.158,"inBuffer":false,"facType":"substation"}},{"type":"Feature","geometry":{"type":"Point","coordinates":[-86.75297,36.05205]},"properties":{"probability":0.219,"inBuffer":false,"facType":"substation"}},{"type":"Feature","geometry":{"type":"Point","coordinates":[-86.74741,36.05204]},"properties":{"probability":0.244,"inBuffer":false,"facType":"fire"}},{"type":"Feature","geometry":{"type":"Point","coordinates":[-86.74186,36.05203]},"properties":{"probability":0.334,"inBuffer":false,"facType":"fire"}},{"type":"Feature","geometry":{"type":"Point","coordinates":[-86.73631,36.05202]},"properties":{"probability":0.276,"inBuffer":false,"facType":"fire"}},{"type":"Feature","geometry":{"type":"Point","coordinates":[-86.73076,36.05201]},"properties":{"probability":0.255,"inBuffer":false,"facType":"substation"}},{"type":"Feature","geometry":{"type":"Point","coordinates":[-86.72521,36.05199]},"properties":{"probability":0.325,"inBuffer":false,"facType":"substation"}},{"type":"Feature","geometry":{"type":"Point","coordinates":[-86.71966,36.05198]},"properties":{"probability":0.547,"inBuffer":false,"facType":"substation"}},{"type":"Feature","geometry":{"type":"Point","coordinates":[-86.7141,36.05196]},"properties":{"probability":0.478,"inBuffer":false,"facType":"substation"}},{"type":"Feature","geometry":{"type":"Point","coordinates":[-86.70856,36.05195]},"properties":{"probability":0.417,"inBuffer":false,"facType":"substation"}},{"type":"Feature","geometry":{"type":"Point","coordinates":[-86.703,36.05194]},"properties":{"probability":0.275,"inBuffer":false,"facType":"substation"}},{"type":"Feature","geometry":{"type":"Point","coordinates":[-86.69746,36.05193]},"properties":{"probability":0.253,"inBuffer":false,"facType":"substation"}},{"type":"Feature","geometry":{"type":"Point","coordinates":[-86.6919,36.05191]},"properties":{"probability":0.249,"inBuffer":false,"facType":"substation"}},{"type":"Feature","geometry":{"type":"Point","coordinates":[-86.68635,36.0519]},"properties":{"probability":0.243,"inBuffer":false,"facType":"substation"}},{"type":"Feature","geometry":{"type":"Point","coordinates":[-86.6808,36.05188]},"properties":{"probability":0.295,"inBuffer":false,"facType":"substation"}},{"type":"Feature","geometry":{"type":"Point","coordinates":[-86.67525,36.05186]},"properties":{"probability":0.342,"inBuffer":false,"facType":"substation"}},{"type":"Feature","geometry":{"type":"Point","coordinates":[-86.66969,36.05185]},"properties":{"probability":0.273,"inBuffer":false,"facType":"substation"}},{"type":"Feature","geometry":{"type":"Point","coordinates":[-86.66415,36.05183]},"properties":{"probability":0.448,"inBuffer":false,"facType":"substation"}},{"type":"Feature","geometry":{"type":"Point","coordinates":[-86.65859,36.05182]},"properties":{"probability":0.549,"inBuffer":false,"facType":"substation"}},{"type":"Feature","geometry":{"type":"Point","coordinates":[-86.65305,36.0518]},"properties":{"probability":0.61,"inBuffer":false,"facType":"substation"}},{"type":"Feature","geometry":{"type":"Point","coordinates":[-86.64749,36.05179]},"properties":{"probability":0.632,"inBuffer":false,"facType":"substation"}},{"type":"Feature","geometry":{"type":"Point","coordinates":[-86.64194,36.05177]},"properties":{"probability":0.484,"inBuffer":false,"facType":"substation"}},{"type":"Feature","geometry":{"type":"Point","coordinates":[-86.63639,36.05175]},"properties":{"probability":0.227,"inBuffer":false,"facType":"substation"}},{"type":"Feature","geometry":{"type":"Point","coordinates":[-86.63084,36.05174]},"properties":{"probability":0.146,"inBuffer":false,"facType":"substation"}},{"type":"Feature","geometry":{"type":"Point","coordinates":[-86.62529,36.05172]},"properties":{"probability":0.201,"inBuffer":false,"facType":"substation"}},{"type":"Feature","geometry":{"type":"Point","coordinates":[-86.61974,36.0517]},"properties":{"probability":0.558,"inBuffer":false,"facType":"substation"}},{"type":"Feature","geometry":{"type":"Point","coordinates":[-86.61418,36.05169]},"properties":{"probability":0.584,"inBuffer":false,"facType":"substation"}},{"type":"Feature","geometry":{"type":"Point","coordinates":[-86.60863,36.05167]},"properties":{"probability":0.441,"inBuffer":false,"facType":"substation"}},{"type":"Feature","geometry":{"type":"Point","coordinates":[-86.60308,36.05165]},"properties":{"probability":0.238,"inBuffer":false,"facType":"substation"}},{"type":"Feature","geometry":{"type":"Point","coordinates":[-86.95282,36.04779]},"properties":{"probability":0.316,"inBuffer":false,"facType":"fire"}},{"type":"Feature","geometry":{"type":"Point","coordinates":[-86.94727,36.04779]},"properties":{"probability":0.198,"inBuffer":false,"facType":"fire"}},{"type":"Feature","geometry":{"type":"Point","coordinates":[-86.94171,36.04778]},"properties":{"probability":0.131,"inBuffer":false,"facType":"fire"}},{"type":"Feature","geometry":{"type":"Point","coordinates":[-86.93616,36.04778]},"properties":{"probability":0.124,"inBuffer":false,"facType":"fire"}},{"type":"Feature","geometry":{"type":"Point","coordinates":[-86.93061,36.04778]},"properties":{"probability":0.134,"inBuffer":false,"facType":"fire"}},{"type":"Feature","geometry":{"type":"Point","coordinates":[-86.92506,36.04778]},"properties":{"probability":0.128,"inBuffer":false,"facType":"substation"}},{"type":"Feature","geometry":{"type":"Point","coordinates":[-86.91951,36.04777]},"properties":{"probability":0.125,"inBuffer":false,"facType":"substation"}},{"type":"Feature","geometry":{"type":"Point","coordinates":[-86.91396,36.04777]},"properties":{"probability":0.114,"inBuffer":false,"facType":"substation"}},{"type":"Feature","geometry":{"type":"Point","coordinates":[-86.90841,36.04776]},"properties":{"probability":0.113,"inBuffer":false,"facType":"substation"}},{"type":"Feature","geometry":{"type":"Point","coordinates":[-86.89731,36.04775]},"properties":{"probability":0.126,"inBuffer":false,"facType":"fire"}},{"type":"Feature","geometry":{"type":"Point","coordinates":[-86.89175,36.04775]},"properties":{"probability":0.118,"inBuffer":false,"facType":"government"}},{"type":"Feature","geometry":{"type":"Point","coordinates":[-86.88621,36.04774]},"properties":{"probability":0.217,"inBuffer":false,"facType":"government"}},{"type":"Feature","geometry":{"type":"Point","coordinates":[-86.88065,36.04774]},"properties":{"probability":0.244,"inBuffer":false,"facType":"government"}},{"type":"Feature","geometry":{"type":"Point","coordinates":[-86.8751,36.04773]},"properties":{"probability":0.265,"inBuffer":false,"facType":"government"}},{"type":"Feature","geometry":{"type":"Point","coordinates":[-86.86955,36.04773]},"properties":{"probability":0.196,"inBuffer":false,"facType":"government"}},{"type":"Feature","geometry":{"type":"Point","coordinates":[-86.864,36.04772]},"properties":{"probability":0.213,"inBuffer":false,"facType":"government"}},{"type":"Feature","geometry":{"type":"Point","coordinates":[-86.85845,36.04771]},"properties":{"probability":0.202,"inBuffer":false,"facType":"substation"}},{"type":"Feature","geometry":{"type":"Point","coordinates":[-86.8529,36.04771]},"properties":{"probability":0.126,"inBuffer":false,"facType":"substation"}},{"type":"Feature","geometry":{"type":"Point","coordinates":[-86.84734,36.0477]},"properties":{"probability":0.121,"inBuffer":false,"facType":"substation"}},{"type":"Feature","geometry":{"type":"Point","coordinates":[-86.8418,36.0477]},"properties":{"probability":0.126,"inBuffer":false,"facType":"substation"}},{"type":"Feature","geometry":{"type":"Point","coordinates":[-86.8307,36.04768]},"properties":{"probability":0.116,"inBuffer":false,"facType":"substation"}},{"type":"Feature","geometry":{"type":"Point","coordinates":[-86.82514,36.04767]},"properties":{"probability":0.142,"inBuffer":false,"facType":"substation"}},{"type":"Feature","geometry":{"type":"Point","coordinates":[-86.8196,36.04766]},"properties":{"probability":0.152,"inBuffer":false,"facType":"substation"}},{"type":"Feature","geometry":{"type":"Point","coordinates":[-86.81404,36.04765]},"properties":{"probability":0.132,"inBuffer":false,"facType":"substation"}},{"type":"Feature","geometry":{"type":"Point","coordinates":[-86.80849,36.04765]},"properties":{"probability":0.124,"inBuffer":false,"facType":"substation"}},{"type":"Feature","geometry":{"type":"Point","coordinates":[-86.80294,36.04764]},"properties":{"probability":0.117,"inBuffer":false,"facType":"fire"}},{"type":"Feature","geometry":{"type":"Point","coordinates":[-86.79739,36.04763]},"properties":{"probability":0.129,"inBuffer":false,"facType":"fire"}},{"type":"Feature","geometry":{"type":"Point","coordinates":[-86.79184,36.04762]},"properties":{"probability":0.117,"inBuffer":false,"facType":"fire"}},{"type":"Feature","geometry":{"type":"Point","coordinates":[-86.78629,36.04761]},"properties":{"probability":0.172,"inBuffer":false,"facType":"substation"}},{"type":"Feature","geometry":{"type":"Point","coordinates":[-86.78073,36.0476]},"properties":{"probability":0.245,"inBuffer":false,"facType":"substation"}},{"type":"Feature","geometry":{"type":"Point","coordinates":[-86.77518,36.04759]},"properties":{"probability":0.432,"inBuffer":false,"facType":"substation"}},{"type":"Feature","geometry":{"type":"Point","coordinates":[-86.76963,36.04758]},"properties":{"probability":0.257,"inBuffer":false,"facType":"substation"}},{"type":"Feature","geometry":{"type":"Point","coordinates":[-86.76408,36.04757]},"properties":{"probability":0.166,"inBuffer":false,"facType":"substation"}},{"type":"Feature","geometry":{"type":"Point","coordinates":[-86.75853,36.04755]},"properties":{"probability":0.189,"inBuffer":false,"facType":"substation"}},{"type":"Feature","geometry":{"type":"Point","coordinates":[-86.75298,36.04754]},"properties":{"probability":0.217,"inBuffer":false,"facType":"fire"}},{"type":"Feature","geometry":{"type":"Point","coordinates":[-86.74743,36.04753]},"properties":{"probability":0.244,"inBuffer":false,"facType":"fire"}},{"type":"Feature","geometry":{"type":"Point","coordinates":[-86.74187,36.04752]},"properties":{"probability":0.308,"inBuffer":false,"facType":"fire"}},{"type":"Feature","geometry":{"type":"Point","coordinates":[-86.73633,36.04751]},"properties":{"probability":0.258,"inBuffer":false,"facType":"fire"}},{"type":"Feature","geometry":{"type":"Point","coordinates":[-86.73077,36.0475]},"properties":{"probability":0.273,"inBuffer":false,"facType":"fire"}},{"type":"Feature","geometry":{"type":"Point","coordinates":[-86.72523,36.04748]},"properties":{"probability":0.307,"inBuffer":false,"facType":"substation"}},{"type":"Feature","geometry":{"type":"Point","coordinates":[-86.71967,36.04747]},"properties":{"probability":0.606,"inBuffer":false,"facType":"substation"}},{"type":"Feature","geometry":{"type":"Point","coordinates":[-86.71413,36.04746]},"properties":{"probability":0.639,"inBuffer":false,"facType":"substation"}},{"type":"Feature","geometry":{"type":"Point","coordinates":[-86.70857,36.04744]},"properties":{"probability":0.62,"inBuffer":false,"facType":"substation"}},{"type":"Feature","geometry":{"type":"Point","coordinates":[-86.70302,36.04743]},"properties":{"probability":0.405,"inBuffer":false,"facType":"substation"}},{"type":"Feature","geometry":{"type":"Point","coordinates":[-86.69747,36.04742]},"properties":{"probability":0.361,"inBuffer":false,"facType":"substation"}},{"type":"Feature","geometry":{"type":"Point","coordinates":[-86.69192,36.0474]},"properties":{"probability":0.318,"inBuffer":false,"facType":"substation"}},{"type":"Feature","geometry":{"type":"Point","coordinates":[-86.68637,36.04739]},"properties":{"probability":0.394,"inBuffer":false,"facType":"substation"}},{"type":"Feature","geometry":{"type":"Point","coordinates":[-86.68082,36.04737]},"properties":{"probability":0.444,"inBuffer":false,"facType":"substation"}},{"type":"Feature","geometry":{"type":"Point","coordinates":[-86.67527,36.04736]},"properties":{"probability":0.43,"inBuffer":false,"facType":"substation"}},{"type":"Feature","geometry":{"type":"Point","coordinates":[-86.66972,36.04734]},"properties":{"probability":0.492,"inBuffer":false,"facType":"substation"}},{"type":"Feature","geometry":{"type":"Point","coordinates":[-86.66416,36.04733]},"properties":{"probability":0.614,"inBuffer":false,"facType":"substation"}},{"type":"Feature","geometry":{"type":"Point","coordinates":[-86.65862,36.04731]},"properties":{"probability":0.651,"inBuffer":false,"facType":"substation"}},{"type":"Feature","geometry":{"type":"Point","coordinates":[-86.65306,36.04729]},"properties":{"probability":0.692,"inBuffer":false,"facType":"substation"}},{"type":"Feature","geometry":{"type":"Point","coordinates":[-86.64751,36.04728]},"properties":{"probability":0.635,"inBuffer":false,"facType":"substation"}},{"type":"Feature","geometry":{"type":"Point","coordinates":[-86.64196,36.04726]},"properties":{"probability":0.494,"inBuffer":false,"facType":"substation"}},{"type":"Feature","geometry":{"type":"Point","coordinates":[-86.63641,36.04725]},"properties":{"probability":0.208,"inBuffer":false,"facType":"substation"}},{"type":"Feature","geometry":{"type":"Point","coordinates":[-86.63086,36.04723]},"properties":{"probability":0.17,"inBuffer":false,"facType":"substation"}},{"type":"Feature","geometry":{"type":"Point","coordinates":[-86.62531,36.04721]},"properties":{"probability":0.196,"inBuffer":false,"facType":"substation"}},{"type":"Feature","geometry":{"type":"Point","coordinates":[-86.61976,36.0472]},"properties":{"probability":0.468,"inBuffer":false,"facType":"substation"}},{"type":"Feature","geometry":{"type":"Point","coordinates":[-86.6142,36.04718]},"properties":{"probability":0.471,"inBuffer":false,"facType":"substation"}},{"type":"Feature","geometry":{"type":"Point","coordinates":[-86.60866,36.04716]},"properties":{"probability":0.402,"inBuffer":false,"facType":"substation"}},{"type":"Feature","geometry":{"type":"Point","coordinates":[-86.6031,36.04714]},"properties":{"probability":0.243,"inBuffer":false,"facType":"substation"}},{"type":"Feature","geometry":{"type":"Point","coordinates":[-86.95282,36.04328]},"properties":{"probability":0.414,"inBuffer":false,"facType":"fire"}},{"type":"Feature","geometry":{"type":"Point","coordinates":[-86.94727,36.04328]},"properties":{"probability":0.256,"inBuffer":false,"facType":"fire"}},{"type":"Feature","geometry":{"type":"Point","coordinates":[-86.94172,36.04328]},"properties":{"probability":0.121,"inBuffer":false,"facType":"fire"}},{"type":"Feature","geometry":{"type":"Point","coordinates":[-86.93062,36.04327]},"properties":{"probability":0.119,"inBuffer":false,"facType":"fire"}},{"type":"Feature","geometry":{"type":"Point","coordinates":[-86.92506,36.04327]},"properties":{"probability":0.135,"inBuffer":false,"facType":"substation"}},{"type":"Feature","geometry":{"type":"Point","coordinates":[-86.91396,36.04326]},"properties":{"probability":0.109,"inBuffer":false,"facType":"fire"}},{"type":"Feature","geometry":{"type":"Point","coordinates":[-86.90842,36.04325]},"properties":{"probability":0.125,"inBuffer":false,"facType":"fire"}},{"type":"Feature","geometry":{"type":"Point","coordinates":[-86.90286,36.04325]},"properties":{"probability":0.129,"inBuffer":false,"facType":"fire"}},{"type":"Feature","geometry":{"type":"Point","coordinates":[-86.89731,36.04325]},"properties":{"probability":0.127,"inBuffer":false,"facType":"fire"}},{"type":"Feature","geometry":{"type":"Point","coordinates":[-86.89176,36.04324]},"properties":{"probability":0.125,"inBuffer":false,"facType":"fire"}},{"type":"Feature","geometry":{"type":"Point","coordinates":[-86.88621,36.04324]},"properties":{"probability":0.18,"inBuffer":false,"facType":"government"}},{"type":"Feature","geometry":{"type":"Point","coordinates":[-86.88066,36.04323]},"properties":{"probability":0.22,"inBuffer":false,"facType":"government"}},{"type":"Feature","geometry":{"type":"Point","coordinates":[-86.87511,36.04322]},"properties":{"probability":0.156,"inBuffer":false,"facType":"government"}},{"type":"Feature","geometry":{"type":"Point","coordinates":[-86.86956,36.04322]},"properties":{"probability":0.18,"inBuffer":false,"facType":"government"}},{"type":"Feature","geometry":{"type":"Point","coordinates":[-86.86401,36.04321]},"properties":{"probability":0.211,"inBuffer":false,"facType":"government"}},{"type":"Feature","geometry":{"type":"Point","coordinates":[-86.85846,36.04321]},"properties":{"probability":0.206,"inBuffer":false,"facType":"substation"}},{"type":"Feature","geometry":{"type":"Point","coordinates":[-86.85291,36.0432]},"properties":{"probability":0.13,"inBuffer":false,"facType":"substation"}},{"type":"Feature","geometry":{"type":"Point","coordinates":[-86.84736,36.04319]},"properties":{"probability":0.128,"inBuffer":false,"facType":"substation"}},{"type":"Feature","geometry":{"type":"Point","coordinates":[-86.8418,36.04319]},"properties":{"probability":0.132,"inBuffer":false,"facType":"substation"}},{"type":"Feature","geometry":{"type":"Point","coordinates":[-86.83625,36.04318]},"properties":{"probability":0.12,"inBuffer":false,"facType":"substation"}},{"type":"Feature","geometry":{"type":"Point","coordinates":[-86.8307,36.04317]},"properties":{"probability":0.14,"inBuffer":false,"facType":"substation"}},{"type":"Feature","geometry":{"type":"Point","coordinates":[-86.82515,36.04316]},"properties":{"probability":0.147,"inBuffer":false,"facType":"substation"}},{"type":"Feature","geometry":{"type":"Point","coordinates":[-86.8196,36.04316]},"properties":{"probability":0.206,"inBuffer":false,"facType":"substation"}},{"type":"Feature","geometry":{"type":"Point","coordinates":[-86.81405,36.04314]},"properties":{"probability":0.199,"inBuffer":false,"facType":"substation"}},{"type":"Feature","geometry":{"type":"Point","coordinates":[-86.8085,36.04314]},"properties":{"probability":0.135,"inBuffer":false,"facType":"fire"}},{"type":"Feature","geometry":{"type":"Point","coordinates":[-86.80295,36.04313]},"properties":{"probability":0.126,"inBuffer":false,"facType":"fire"}},{"type":"Feature","geometry":{"type":"Point","coordinates":[-86.7974,36.04312]},"properties":{"probability":0.119,"inBuffer":false,"facType":"fire"}},{"type":"Feature","geometry":{"type":"Point","coordinates":[-86.79185,36.04311]},"properties":{"probability":0.143,"inBuffer":false,"facType":"fire"}},{"type":"Feature","geometry":{"type":"Point","coordinates":[-86.7863,36.0431]},"properties":{"probability":0.344,"inBuffer":false,"facType":"hospital"}},{"type":"Feature","geometry":{"type":"Point","coordinates":[-86.78075,36.04309]},"properties":{"probability":0.505,"inBuffer":false,"facType":"hospital"}},{"type":"Feature","geometry":{"type":"Point","coordinates":[-86.7752,36.04308]},"properties":{"probability":0.612,"inBuffer":false,"facType":"hospital"}},{"type":"Feature","geometry":{"type":"Point","coordinates":[-86.76965,36.04307]},"properties":{"probability":0.571,"inBuffer":false,"facType":"hospital"}},{"type":"Feature","geometry":{"type":"Point","coordinates":[-86.76409,36.04306]},"properties":{"probability":0.303,"inBuffer":false,"facType":"substation"}},{"type":"Feature","geometry":{"type":"Point","coordinates":[-86.75854,36.04305]},"properties":{"probability":0.23,"inBuffer":false,"facType":"fire"}},{"type":"Feature","geometry":{"type":"Point","coordinates":[-86.75299,36.04304]},"properties":{"probability":0.345,"inBuffer":false,"facType":"fire"}},{"type":"Feature","geometry":{"type":"Point","coordinates":[-86.74744,36.04303]},"properties":{"probability":0.492,"inBuffer":true,"facType":"fire"}},{"type":"Feature","geometry":{"type":"Point","coordinates":[-86.74189,36.04301]},"properties":{"probability":0.606,"inBuffer":true,"facType":"fire"}},{"type":"Feature","geometry":{"type":"Point","coordinates":[-86.73634,36.043]},"properties":{"probability":0.452,"inBuffer":true,"facType":"fire"}},{"type":"Feature","geometry":{"type":"Point","coordinates":[-86.73079,36.04299]},"properties":{"probability":0.341,"inBuffer":false,"facType":"fire"}},{"type":"Feature","geometry":{"type":"Point","coordinates":[-86.72524,36.04298]},"properties":{"probability":0.347,"inBuffer":false,"facType":"fire"}},{"type":"Feature","geometry":{"type":"Point","coordinates":[-86.71969,36.04296]},"properties":{"probability":0.608,"inBuffer":false,"facType":"substation"}},{"type":"Feature","geometry":{"type":"Point","coordinates":[-86.71414,36.04295]},"properties":{"probability":0.639,"inBuffer":false,"facType":"substation"}},{"type":"Feature","geometry":{"type":"Point","coordinates":[-86.70859,36.04293]},"properties":{"probability":0.635,"inBuffer":false,"facType":"substation"}},{"type":"Feature","geometry":{"type":"Point","coordinates":[-86.70304,36.04292]},"properties":{"probability":0.401,"inBuffer":false,"facType":"substation"}},{"type":"Feature","geometry":{"type":"Point","coordinates":[-86.69749,36.04291]},"properties":{"probability":0.343,"inBuffer":false,"facType":"substation"}},{"type":"Feature","geometry":{"type":"Point","coordinates":[-86.69194,36.0429]},"properties":{"probability":0.368,"inBuffer":false,"facType":"substation"}},{"type":"Feature","geometry":{"type":"Point","coordinates":[-86.68639,36.04288]},"properties":{"probability":0.443,"inBuffer":false,"facType":"substation"}},{"type":"Feature","geometry":{"type":"Point","coordinates":[-86.68083,36.04287]},"properties":{"probability":0.418,"inBuffer":false,"facType":"substation"}},{"type":"Feature","geometry":{"type":"Point","coordinates":[-86.67529,36.04285]},"properties":{"probability":0.397,"inBuffer":false,"facType":"substation"}},{"type":"Feature","geometry":{"type":"Point","coordinates":[-86.66973,36.04284]},"properties":{"probability":0.616,"inBuffer":false,"facType":"substation"}},{"type":"Feature","geometry":{"type":"Point","coordinates":[-86.66418,36.04282]},"properties":{"probability":0.643,"inBuffer":false,"facType":"substation"}},{"type":"Feature","geometry":{"type":"Point","coordinates":[-86.65863,36.0428]},"properties":{"probability":0.662,"inBuffer":false,"facType":"substation"}},{"type":"Feature","geometry":{"type":"Point","coordinates":[-86.65308,36.04279]},"properties":{"probability":0.68,"inBuffer":false,"facType":"substation"}},{"type":"Feature","geometry":{"type":"Point","coordinates":[-86.64753,36.04277]},"properties":{"probability":0.621,"inBuffer":false,"facType":"substation"}},{"type":"Feature","geometry":{"type":"Point","coordinates":[-86.64198,36.04276]},"properties":{"probability":0.433,"inBuffer":false,"facType":"substation"}},{"type":"Feature","geometry":{"type":"Point","coordinates":[-86.63643,36.04274]},"properties":{"probability":0.315,"inBuffer":false,"facType":"substation"}},{"type":"Feature","geometry":{"type":"Point","coordinates":[-86.63088,36.04272]},"properties":{"probability":0.245,"inBuffer":false,"facType":"substation"}},{"type":"Feature","geometry":{"type":"Point","coordinates":[-86.62533,36.04271]},"properties":{"probability":0.281,"inBuffer":false,"facType":"substation"}},{"type":"Feature","geometry":{"type":"Point","coordinates":[-86.61978,36.04269]},"properties":{"probability":0.412,"inBuffer":false,"facType":"substation"}},{"type":"Feature","geometry":{"type":"Point","coordinates":[-86.61423,36.04267]},"properties":{"probability":0.47,"inBuffer":false,"facType":"substation"}},{"type":"Feature","geometry":{"type":"Point","coordinates":[-86.60868,36.04265]},"properties":{"probability":0.503,"inBuffer":false,"facType":"substation"}},{"type":"Feature","geometry":{"type":"Point","coordinates":[-86.60313,36.04263]},"properties":{"probability":0.335,"inBuffer":false,"facType":"substation"}},{"type":"Feature","geometry":{"type":"Point","coordinates":[-86.95282,36.03877]},"properties":{"probability":0.251,"inBuffer":false,"facType":"fire"}},{"type":"Feature","geometry":{"type":"Point","coordinates":[-86.94727,36.03877]},"properties":{"probability":0.132,"inBuffer":false,"facType":"fire"}},{"type":"Feature","geometry":{"type":"Point","coordinates":[-86.90842,36.03875]},"properties":{"probability":0.14,"inBuffer":false,"facType":"fire"}},{"type":"Feature","geometry":{"type":"Point","coordinates":[-86.90287,36.03874]},"properties":{"probability":0.206,"inBuffer":false,"facType":"fire"}},{"type":"Feature","geometry":{"type":"Point","coordinates":[-86.89732,36.03874]},"properties":{"probability":0.191,"inBuffer":false,"facType":"fire"}},{"type":"Feature","geometry":{"type":"Point","coordinates":[-86.89177,36.03873]},"properties":{"probability":0.13,"inBuffer":false,"facType":"fire"}},{"type":"Feature","geometry":{"type":"Point","coordinates":[-86.87511,36.03872]},"properties":{"probability":0.124,"inBuffer":false,"facType":"government"}},{"type":"Feature","geometry":{"type":"Point","coordinates":[-86.86957,36.03871]},"properties":{"probability":0.128,"inBuffer":false,"facType":"government"}},{"type":"Feature","geometry":{"type":"Point","coordinates":[-86.86401,36.0387]},"properties":{"probability":0.139,"inBuffer":false,"facType":"government"}},{"type":"Feature","geometry":{"type":"Point","coordinates":[-86.85847,36.0387]},"properties":{"probability":0.134,"inBuffer":false,"facType":"government"}},{"type":"Feature","geometry":{"type":"Point","coordinates":[-86.85291,36.03869]},"properties":{"probability":0.129,"inBuffer":false,"facType":"substation"}},{"type":"Feature","geometry":{"type":"Point","coordinates":[-86.84737,36.03868]},"properties":{"probability":0.129,"inBuffer":false,"facType":"substation"}},{"type":"Feature","geometry":{"type":"Point","coordinates":[-86.84181,36.03868]},"properties":{"probability":0.133,"inBuffer":false,"facType":"substation"}},{"type":"Feature","geometry":{"type":"Point","coordinates":[-86.83627,36.03867]},"properties":{"probability":0.131,"inBuffer":false,"facType":"substation"}},{"type":"Feature","geometry":{"type":"Point","coordinates":[-86.83071,36.03866]},"properties":{"probability":0.133,"inBuffer":false,"facType":"substation"}},{"type":"Feature","geometry":{"type":"Point","coordinates":[-86.82516,36.03865]},"properties":{"probability":0.148,"inBuffer":false,"facType":"substation"}},{"type":"Feature","geometry":{"type":"Point","coordinates":[-86.81961,36.03865]},"properties":{"probability":0.34,"inBuffer":false,"facType":"substation"}},{"type":"Feature","geometry":{"type":"Point","coordinates":[-86.81406,36.03864]},"properties":{"probability":0.401,"inBuffer":false,"facType":"substation"}},{"type":"Feature","geometry":{"type":"Point","coordinates":[-86.80851,36.03863]},"properties":{"probability":0.351,"inBuffer":true,"facType":"fire"}},{"type":"Feature","geometry":{"type":"Point","coordinates":[-86.80296,36.03862]},"properties":{"probability":0.449,"inBuffer":true,"facType":"fire"}},{"type":"Feature","geometry":{"type":"Point","coordinates":[-86.79741,36.03861]},"properties":{"probability":0.478,"inBuffer":false,"facType":"fire"}},{"type":"Feature","geometry":{"type":"Point","coordinates":[-86.79186,36.0386]},"properties":{"probability":0.489,"inBuffer":false,"facType":"fire"}},{"type":"Feature","geometry":{"type":"Point","coordinates":[-86.78631,36.03859]},"properties":{"probability":0.554,"inBuffer":false,"facType":"hospital"}},{"type":"Feature","geometry":{"type":"Point","coordinates":[-86.78076,36.03858]},"properties":{"probability":0.587,"inBuffer":true,"facType":"hospital"}},{"type":"Feature","geometry":{"type":"Point","coordinates":[-86.77521,36.03857]},"properties":{"probability":0.59,"inBuffer":false,"facType":"hospital"}},{"type":"Feature","geometry":{"type":"Point","coordinates":[-86.76966,36.03856]},"properties":{"probability":0.56,"inBuffer":false,"facType":"hospital"}},{"type":"Feature","geometry":{"type":"Point","coordinates":[-86.76411,36.03855]},"properties":{"probability":0.434,"inBuffer":false,"facType":"hospital"}},{"type":"Feature","geometry":{"type":"Point","coordinates":[-86.75856,36.03854]},"properties":{"probability":0.331,"inBuffer":false,"facType":"fire"}},{"type":"Feature","geometry":{"type":"Point","coordinates":[-86.75301,36.03853]},"properties":{"probability":0.473,"inBuffer":false,"facType":"fire"}},{"type":"Feature","geometry":{"type":"Point","coordinates":[-86.74746,36.03852]},"properties":{"probability":0.627,"inBuffer":true,"facType":"fire"}},{"type":"Feature","geometry":{"type":"Point","coordinates":[-86.74191,36.03851]},"properties":{"probability":0.64,"inBuffer":true,"facType":"fire"}},{"type":"Feature","geometry":{"type":"Point","coordinates":[-86.73636,36.03849]},"properties":{"probability":0.408,"inBuffer":true,"facType":"fire"}},{"type":"Feature","geometry":{"type":"Point","coordinates":[-86.7308,36.03848]},"properties":{"probability":0.344,"inBuffer":false,"facType":"fire"}},{"type":"Feature","geometry":{"type":"Point","coordinates":[-86.72526,36.03847]},"properties":{"probability":0.347,"inBuffer":false,"facType":"fire"}},{"type":"Feature","geometry":{"type":"Point","coordinates":[-86.7197,36.03846]},"properties":{"probability":0.466,"inBuffer":false,"facType":"substation"}},{"type":"Feature","geometry":{"type":"Point","coordinates":[-86.71416,36.03844]},"properties":{"probability":0.487,"inBuffer":false,"facType":"substation"}},{"type":"Feature","geometry":{"type":"Point","coordinates":[-86.7086,36.03843]},"properties":{"probability":0.537,"inBuffer":false,"facType":"substation"}},{"type":"Feature","geometry":{"type":"Point","coordinates":[-86.70306,36.03841]},"properties":{"probability":0.23,"inBuffer":false,"facType":"substation"}},{"type":"Feature","geometry":{"type":"Point","coordinates":[-86.6975,36.0384]},"properties":{"probability":0.217,"inBuffer":false,"facType":"substation"}},{"type":"Feature","geometry":{"type":"Point","coordinates":[-86.69196,36.03839]},"properties":{"probability":0.244,"inBuffer":false,"facType":"substation"}},{"type":"Feature","geometry":{"type":"Point","coordinates":[-86.6864,36.03837]},"properties":{"probability":0.343,"inBuffer":false,"facType":"substation"}},{"type":"Feature","geometry":{"type":"Point","coordinates":[-86.68085,36.03836]},"properties":{"probability":0.226,"inBuffer":false,"facType":"substation"}},{"type":"Feature","geometry":{"type":"Point","coordinates":[-86.6753,36.03834]},"properties":{"probability":0.238,"inBuffer":false,"facType":"substation"}},{"type":"Feature","geometry":{"type":"Point","coordinates":[-86.66975,36.03833]},"properties":{"probability":0.445,"inBuffer":false,"facType":"substation"}},{"type":"Feature","geometry":{"type":"Point","coordinates":[-86.6642,36.03831]},"properties":{"probability":0.596,"inBuffer":false,"facType":"substation"}},{"type":"Feature","geometry":{"type":"Point","coordinates":[-86.65865,36.0383]},"properties":{"probability":0.586,"inBuffer":false,"facType":"substation"}},{"type":"Feature","geometry":{"type":"Point","coordinates":[-86.6531,36.03828]},"properties":{"probability":0.641,"inBuffer":false,"facType":"substation"}},{"type":"Feature","geometry":{"type":"Point","coordinates":[-86.64755,36.03827]},"properties":{"probability":0.641,"inBuffer":false,"facType":"substation"}},{"type":"Feature","geometry":{"type":"Point","coordinates":[-86.642,36.03825]},"properties":{"probability":0.532,"inBuffer":false,"facType":"substation"}},{"type":"Feature","geometry":{"type":"Point","coordinates":[-86.63645,36.03823]},"properties":{"probability":0.456,"inBuffer":false,"facType":"substation"}},{"type":"Feature","geometry":{"type":"Point","coordinates":[-86.6309,36.03822]},"properties":{"probability":0.463,"inBuffer":false,"facType":"substation"}},{"type":"Feature","geometry":{"type":"Point","coordinates":[-86.62535,36.0382]},"properties":{"probability":0.327,"inBuffer":false,"facType":"substation"}},{"type":"Feature","geometry":{"type":"Point","coordinates":[-86.6198,36.03818]},"properties":{"probability":0.415,"inBuffer":false,"facType":"substation"}},{"type":"Feature","geometry":{"type":"Point","coordinates":[-86.61425,36.03816]},"properties":{"probability":0.47,"inBuffer":false,"facType":"substation"}},{"type":"Feature","geometry":{"type":"Point","coordinates":[-86.6087,36.03814]},"properties":{"probability":0.469,"inBuffer":false,"facType":"substation"}},{"type":"Feature","geometry":{"type":"Point","coordinates":[-86.60315,36.03812]},"properties":{"probability":0.243,"inBuffer":false,"facType":"substation"}},{"type":"Feature","geometry":{"type":"Point","coordinates":[-86.95283,36.03426]},"properties":{"probability":0.138,"inBuffer":false,"facType":"fire"}},{"type":"Feature","geometry":{"type":"Point","coordinates":[-86.94727,36.03426]},"properties":{"probability":0.119,"inBuffer":false,"facType":"fire"}},{"type":"Feature","geometry":{"type":"Point","coordinates":[-86.90842,36.03424]},"properties":{"probability":0.122,"inBuffer":false,"facType":"fire"}},{"type":"Feature","geometry":{"type":"Point","coordinates":[-86.90287,36.03424]},"properties":{"probability":0.214,"inBuffer":false,"facType":"fire"}},{"type":"Feature","geometry":{"type":"Point","coordinates":[-86.89732,36.03423]},"properties":{"probability":0.166,"inBuffer":false,"facType":"fire"}},{"type":"Feature","geometry":{"type":"Point","coordinates":[-86.89178,36.03423]},"properties":{"probability":0.151,"inBuffer":false,"facType":"fire"}},{"type":"Feature","geometry":{"type":"Point","coordinates":[-86.86958,36.0342]},"properties":{"probability":0.121,"inBuffer":false,"facType":"government"}},{"type":"Feature","geometry":{"type":"Point","coordinates":[-86.86402,36.0342]},"properties":{"probability":0.155,"inBuffer":false,"facType":"government"}},{"type":"Feature","geometry":{"type":"Point","coordinates":[-86.85847,36.03419]},"properties":{"probability":0.125,"inBuffer":false,"facType":"government"}},{"type":"Feature","geometry":{"type":"Point","coordinates":[-86.85292,36.03418]},"properties":{"probability":0.121,"inBuffer":false,"facType":"substation"}},{"type":"Feature","geometry":{"type":"Point","coordinates":[-86.84737,36.03418]},"properties":{"probability":0.116,"inBuffer":false,"facType":"substation"}},{"type":"Feature","geometry":{"type":"Point","coordinates":[-86.84182,36.03417]},"properties":{"probability":0.113,"inBuffer":false,"facType":"substation"}},{"type":"Feature","geometry":{"type":"Point","coordinates":[-86.83627,36.03416]},"properties":{"probability":0.141,"inBuffer":false,"facType":"substation"}},{"type":"Feature","geometry":{"type":"Point","coordinates":[-86.83072,36.03416]},"properties":{"probability":0.141,"inBuffer":false,"facType":"substation"}},{"type":"Feature","geometry":{"type":"Point","coordinates":[-86.82517,36.03415]},"properties":{"probability":0.153,"inBuffer":false,"facType":"substation"}},{"type":"Feature","geometry":{"type":"Point","coordinates":[-86.81963,36.03414]},"properties":{"probability":0.42,"inBuffer":false,"facType":"substation"}},{"type":"Feature","geometry":{"type":"Point","coordinates":[-86.81407,36.03413]},"properties":{"probability":0.466,"inBuffer":false,"facType":"fire"}},{"type":"Feature","geometry":{"type":"Point","coordinates":[-86.80853,36.03412]},"properties":{"probability":0.523,"inBuffer":true,"facType":"fire"}},{"type":"Feature","geometry":{"type":"Point","coordinates":[-86.80297,36.03411]},"properties":{"probability":0.634,"inBuffer":true,"facType":"fire"}},{"type":"Feature","geometry":{"type":"Point","coordinates":[-86.79742,36.0341]},"properties":{"probability":0.646,"inBuffer":true,"facType":"fire"}},{"type":"Feature","geometry":{"type":"Point","coordinates":[-86.79187,36.03409]},"properties":{"probability":0.651,"inBuffer":false,"facType":"fire"}},{"type":"Feature","geometry":{"type":"Point","coordinates":[-86.78632,36.03408]},"properties":{"probability":0.641,"inBuffer":true,"facType":"hospital"}},{"type":"Feature","geometry":{"type":"Point","coordinates":[-86.78077,36.03407]},"properties":{"probability":0.59,"inBuffer":true,"facType":"hospital"}},{"type":"Feature","geometry":{"type":"Point","coordinates":[-86.77522,36.03407]},"properties":{"probability":0.458,"inBuffer":true,"facType":"hospital"}},{"type":"Feature","geometry":{"type":"Point","coordinates":[-86.76967,36.03405]},"properties":{"probability":0.413,"inBuffer":false,"facType":"hospital"}},{"type":"Feature","geometry":{"type":"Point","coordinates":[-86.76412,36.03404]},"properties":{"probability":0.43,"inBuffer":false,"facType":"hospital"}},{"type":"Feature","geometry":{"type":"Point","coordinates":[-86.75858,36.03403]},"properties":{"probability":0.35,"inBuffer":false,"facType":"fire"}},{"type":"Feature","geometry":{"type":"Point","coordinates":[-86.75302,36.03402]},"properties":{"probability":0.458,"inBuffer":false,"facType":"fire"}},{"type":"Feature","geometry":{"type":"Point","coordinates":[-86.74747,36.03401]},"properties":{"probability":0.513,"inBuffer":false,"facType":"fire"}},{"type":"Feature","geometry":{"type":"Point","coordinates":[-86.74192,36.034]},"properties":{"probability":0.488,"inBuffer":true,"facType":"fire"}},{"type":"Feature","geometry":{"type":"Point","coordinates":[-86.73637,36.03399]},"properties":{"probability":0.247,"inBuffer":false,"facType":"fire"}},{"type":"Feature","geometry":{"type":"Point","coordinates":[-86.73082,36.03397]},"properties":{"probability":0.222,"inBuffer":false,"facType":"fire"}},{"type":"Feature","geometry":{"type":"Point","coordinates":[-86.72527,36.03396]},"properties":{"probability":0.235,"inBuffer":false,"facType":"fire"}},{"type":"Feature","geometry":{"type":"Point","coordinates":[-86.71972,36.03395]},"properties":{"probability":0.261,"inBuffer":false,"facType":"substation"}},{"type":"Feature","geometry":{"type":"Point","coordinates":[-86.71417,36.03394]},"properties":{"probability":0.257,"inBuffer":false,"facType":"substation"}},{"type":"Feature","geometry":{"type":"Point","coordinates":[-86.70862,36.03392]},"properties":{"probability":0.25,"inBuffer":false,"facType":"substation"}},{"type":"Feature","geometry":{"type":"Point","coordinates":[-86.70307,36.03391]},"properties":{"probability":0.169,"inBuffer":false,"facType":"substation"}},{"type":"Feature","geometry":{"type":"Point","coordinates":[-86.69753,36.03389]},"properties":{"probability":0.135,"inBuffer":false,"facType":"substation"}},{"type":"Feature","geometry":{"type":"Point","coordinates":[-86.69197,36.03388]},"properties":{"probability":0.133,"inBuffer":false,"facType":"substation"}},{"type":"Feature","geometry":{"type":"Point","coordinates":[-86.68642,36.03386]},"properties":{"probability":0.193,"inBuffer":false,"facType":"substation"}},{"type":"Feature","geometry":{"type":"Point","coordinates":[-86.68087,36.03385]},"properties":{"probability":0.222,"inBuffer":false,"facType":"substation"}},{"type":"Feature","geometry":{"type":"Point","coordinates":[-86.67532,36.03384]},"properties":{"probability":0.217,"inBuffer":false,"facType":"substation"}},{"type":"Feature","geometry":{"type":"Point","coordinates":[-86.66977,36.03382]},"properties":{"probability":0.217,"inBuffer":false,"facType":"substation"}},{"type":"Feature","geometry":{"type":"Point","coordinates":[-86.66422,36.03381]},"properties":{"probability":0.242,"inBuffer":false,"facType":"substation"}},{"type":"Feature","geometry":{"type":"Point","coordinates":[-86.65867,36.03379]},"properties":{"probability":0.355,"inBuffer":false,"facType":"substation"}},{"type":"Feature","geometry":{"type":"Point","coordinates":[-86.65312,36.03377]},"properties":{"probability":0.606,"inBuffer":false,"facType":"substation"}},{"type":"Feature","geometry":{"type":"Point","coordinates":[-86.64758,36.03376]},"properties":{"probability":0.627,"inBuffer":false,"facType":"substation"}},{"type":"Feature","geometry":{"type":"Point","coordinates":[-86.64202,36.03374]},"properties":{"probability":0.61,"inBuffer":false,"facType":"substation"}},{"type":"Feature","geometry":{"type":"Point","coordinates":[-86.63647,36.03372]},"properties":{"probability":0.517,"inBuffer":false,"facType":"substation"}},{"type":"Feature","geometry":{"type":"Point","coordinates":[-86.63092,36.03371]},"properties":{"probability":0.446,"inBuffer":false,"facType":"substation"}},{"type":"Feature","geometry":{"type":"Point","coordinates":[-86.62537,36.03369]},"properties":{"probability":0.274,"inBuffer":false,"facType":"substation"}},{"type":"Feature","geometry":{"type":"Point","coordinates":[-86.61982,36.03367]},"properties":{"probability":0.372,"inBuffer":false,"facType":"substation"}},{"type":"Feature","geometry":{"type":"Point","coordinates":[-86.61427,36.03365]},"properties":{"probability":0.469,"inBuffer":false,"facType":"substation"}},{"type":"Feature","geometry":{"type":"Point","coordinates":[-86.60872,36.03363]},"properties":{"probability":0.525,"inBuffer":false,"facType":"substation"}},{"type":"Feature","geometry":{"type":"Point","coordinates":[-86.60317,36.03362]},"properties":{"probability":0.437,"inBuffer":false,"facType":"substation"}},{"type":"Feature","geometry":{"type":"Point","coordinates":[-86.95283,36.02976]},"properties":{"probability":0.126,"inBuffer":false,"facType":"fire"}},{"type":"Feature","geometry":{"type":"Point","coordinates":[-86.94728,36.02975]},"properties":{"probability":0.109,"inBuffer":false,"facType":"fire"}},{"type":"Feature","geometry":{"type":"Point","coordinates":[-86.90288,36.02973]},"properties":{"probability":0.164,"inBuffer":false,"facType":"fire"}},{"type":"Feature","geometry":{"type":"Point","coordinates":[-86.89733,36.02972]},"properties":{"probability":0.172,"inBuffer":false,"facType":"fire"}},{"type":"Feature","geometry":{"type":"Point","coordinates":[-86.89178,36.02972]},"properties":{"probability":0.126,"inBuffer":false,"facType":"fire"}},{"type":"Feature","geometry":{"type":"Point","coordinates":[-86.86403,36.02969]},"properties":{"probability":0.115,"inBuffer":false,"facType":"government"}},{"type":"Feature","geometry":{"type":"Point","coordinates":[-86.85848,36.02968]},"properties":{"probability":0.132,"inBuffer":false,"facType":"government"}},{"type":"Feature","geometry":{"type":"Point","coordinates":[-86.85293,36.02967]},"properties":{"probability":0.122,"inBuffer":false,"facType":"substation"}},{"type":"Feature","geometry":{"type":"Point","coordinates":[-86.84738,36.02967]},"properties":{"probability":0.121,"inBuffer":false,"facType":"substation"}},{"type":"Feature","geometry":{"type":"Point","coordinates":[-86.84184,36.02966]},"properties":{"probability":0.128,"inBuffer":false,"facType":"substation"}},{"type":"Feature","geometry":{"type":"Point","coordinates":[-86.83628,36.02966]},"properties":{"probability":0.135,"inBuffer":false,"facType":"substation"}},{"type":"Feature","geometry":{"type":"Point","coordinates":[-86.83073,36.02965]},"properties":{"probability":0.128,"inBuffer":false,"facType":"substation"}},{"type":"Feature","geometry":{"type":"Point","coordinates":[-86.82518,36.02964]},"properties":{"probability":0.144,"inBuffer":false,"facType":"substation"}},{"type":"Feature","geometry":{"type":"Point","coordinates":[-86.81963,36.02963]},"properties":{"probability":0.334,"inBuffer":false,"facType":"substation"}},{"type":"Feature","geometry":{"type":"Point","coordinates":[-86.81408,36.02962]},"properties":{"probability":0.433,"inBuffer":false,"facType":"fire"}},{"type":"Feature","geometry":{"type":"Point","coordinates":[-86.80853,36.02961]},"properties":{"probability":0.448,"inBuffer":true,"facType":"fire"}},{"type":"Feature","geometry":{"type":"Point","coordinates":[-86.80299,36.02961]},"properties":{"probability":0.496,"inBuffer":true,"facType":"fire"}},{"type":"Feature","geometry":{"type":"Point","coordinates":[-86.79743,36.02959]},"properties":{"probability":0.603,"inBuffer":false,"facType":"fire"}},{"type":"Feature","geometry":{"type":"Point","coordinates":[-86.79189,36.02959]},"properties":{"probability":0.649,"inBuffer":false,"facType":"hospital"}},{"type":"Feature","geometry":{"type":"Point","coordinates":[-86.78633,36.02958]},"properties":{"probability":0.638,"inBuffer":false,"facType":"hospital"}},{"type":"Feature","geometry":{"type":"Point","coordinates":[-86.78078,36.02957]},"properties":{"probability":0.514,"inBuffer":true,"facType":"hospital"}},{"type":"Feature","geometry":{"type":"Point","coordinates":[-86.77524,36.02956]},"properties":{"probability":0.408,"inBuffer":true,"facType":"hospital"}},{"type":"Feature","geometry":{"type":"Point","coordinates":[-86.76968,36.02954]},"properties":{"probability":0.335,"inBuffer":false,"facType":"hospital"}},{"type":"Feature","geometry":{"type":"Point","coordinates":[-86.76414,36.02953]},"properties":{"probability":0.357,"inBuffer":false,"facType":"hospital"}},{"type":"Feature","geometry":{"type":"Point","coordinates":[-86.75858,36.02952]},"properties":{"probability":0.257,"inBuffer":false,"facType":"substation"}},{"type":"Feature","geometry":{"type":"Point","coordinates":[-86.75304,36.02951]},"properties":{"probability":0.343,"inBuffer":false,"facType":"substation"}},{"type":"Feature","geometry":{"type":"Point","coordinates":[-86.74749,36.0295]},"properties":{"probability":0.34,"inBuffer":false,"facType":"substation"}},{"type":"Feature","geometry":{"type":"Point","coordinates":[-86.74194,36.02949]},"properties":{"probability":0.245,"inBuffer":false,"facType":"fire"}},{"type":"Feature","geometry":{"type":"Point","coordinates":[-86.73639,36.02948]},"properties":{"probability":0.156,"inBuffer":false,"facType":"fire"}},{"type":"Feature","geometry":{"type":"Point","coordinates":[-86.73083,36.02946]},"properties":{"probability":0.148,"inBuffer":false,"facType":"fire"}},{"type":"Feature","geometry":{"type":"Point","coordinates":[-86.72529,36.02945]},"properties":{"probability":0.172,"inBuffer":false,"facType":"fire"}},{"type":"Feature","geometry":{"type":"Point","coordinates":[-86.71973,36.02944]},"properties":{"probability":0.205,"inBuffer":false,"facType":"fire"}},{"type":"Feature","geometry":{"type":"Point","coordinates":[-86.71419,36.02943]},"properties":{"probability":0.229,"inBuffer":false,"facType":"substation"}},{"type":"Feature","geometry":{"type":"Point","coordinates":[-86.70864,36.02941]},"properties":{"probability":0.223,"inBuffer":false,"facType":"substation"}},{"type":"Feature","geometry":{"type":"Point","coordinates":[-86.70309,36.0294]},"properties":{"probability":0.147,"inBuffer":false,"facType":"substation"}},{"type":"Feature","geometry":{"type":"Point","coordinates":[-86.69754,36.02938]},"properties":{"probability":0.129,"inBuffer":false,"facType":"substation"}},{"type":"Feature","geometry":{"type":"Point","coordinates":[-86.69199,36.02937]},"properties":{"probability":0.132,"inBuffer":false,"facType":"substation"}},{"type":"Feature","geometry":{"type":"Point","coordinates":[-86.68644,36.02936]},"properties":{"probability":0.13,"inBuffer":false,"facType":"substation"}},{"type":"Feature","geometry":{"type":"Point","coordinates":[-86.68089,36.02934]},"properties":{"probability":0.189,"inBuffer":false,"facType":"substation"}},{"type":"Feature","geometry":{"type":"Point","coordinates":[-86.67534,36.02933]},"properties":{"probability":0.209,"inBuffer":false,"facType":"substation"}},{"type":"Feature","geometry":{"type":"Point","coordinates":[-86.66979,36.02931]},"properties":{"probability":0.144,"inBuffer":false,"facType":"substation"}},{"type":"Feature","geometry":{"type":"Point","coordinates":[-86.66424,36.0293]},"properties":{"probability":0.189,"inBuffer":false,"facType":"substation"}},{"type":"Feature","geometry":{"type":"Point","coordinates":[-86.65869,36.02928]},"properties":{"probability":0.213,"inBuffer":false,"facType":"substation"}},{"type":"Feature","geometry":{"type":"Point","coordinates":[-86.65314,36.02927]},"properties":{"probability":0.562,"inBuffer":false,"facType":"substation"}},{"type":"Feature","geometry":{"type":"Point","coordinates":[-86.64759,36.02925]},"properties":{"probability":0.59,"inBuffer":false,"facType":"substation"}},{"type":"Feature","geometry":{"type":"Point","coordinates":[-86.64204,36.02923]},"properties":{"probability":0.523,"inBuffer":false,"facType":"substation"}},{"type":"Feature","geometry":{"type":"Point","coordinates":[-86.63649,36.02922]},"properties":{"probability":0.445,"inBuffer":false,"facType":"substation"}},{"type":"Feature","geometry":{"type":"Point","coordinates":[-86.63094,36.0292]},"properties":{"probability":0.25,"inBuffer":false,"facType":"substation"}},{"type":"Feature","geometry":{"type":"Point","coordinates":[-86.6254,36.02918]},"properties":{"probability":0.202,"inBuffer":false,"facType":"substation"}},{"type":"Feature","geometry":{"type":"Point","coordinates":[-86.61984,36.02916]},"properties":{"probability":0.345,"inBuffer":false,"facType":"substation"}},{"type":"Feature","geometry":{"type":"Point","coordinates":[-86.6143,36.02915]},"properties":{"probability":0.482,"inBuffer":false,"facType":"substation"}},{"type":"Feature","geometry":{"type":"Point","coordinates":[-86.60874,36.02913]},"properties":{"probability":0.641,"inBuffer":false,"facType":"substation"}},{"type":"Feature","geometry":{"type":"Point","coordinates":[-86.6032,36.02911]},"properties":{"probability":0.646,"inBuffer":false,"facType":"substation"}},{"type":"Feature","geometry":{"type":"Point","coordinates":[-86.95283,36.02525]},"properties":{"probability":0.117,"inBuffer":false,"facType":"fire"}},{"type":"Feature","geometry":{"type":"Point","coordinates":[-86.90843,36.02522]},"properties":{"probability":0.128,"inBuffer":false,"facType":"fire"}},{"type":"Feature","geometry":{"type":"Point","coordinates":[-86.90289,36.02522]},"properties":{"probability":0.128,"inBuffer":false,"facType":"fire"}},{"type":"Feature","geometry":{"type":"Point","coordinates":[-86.89734,36.02522]},"properties":{"probability":0.146,"inBuffer":false,"facType":"fire"}},{"type":"Feature","geometry":{"type":"Point","coordinates":[-86.89178,36.02521]},"properties":{"probability":0.148,"inBuffer":true,"facType":"fire"}},{"type":"Feature","geometry":{"type":"Point","coordinates":[-86.85849,36.02517]},"properties":{"probability":0.116,"inBuffer":false,"facType":"government"}},{"type":"Feature","geometry":{"type":"Point","coordinates":[-86.85294,36.02517]},"properties":{"probability":0.128,"inBuffer":false,"facType":"substation"}},{"type":"Feature","geometry":{"type":"Point","coordinates":[-86.84739,36.02516]},"properties":{"probability":0.134,"inBuffer":false,"facType":"substation"}},{"type":"Feature","geometry":{"type":"Point","coordinates":[-86.84184,36.02515]},"properties":{"probability":0.128,"inBuffer":false,"facType":"substation"}},{"type":"Feature","geometry":{"type":"Point","coordinates":[-86.83629,36.02515]},"properties":{"probability":0.131,"inBuffer":false,"facType":"substation"}},{"type":"Feature","geometry":{"type":"Point","coordinates":[-86.83074,36.02514]},"properties":{"probability":0.127,"inBuffer":false,"facType":"substation"}},{"type":"Feature","geometry":{"type":"Point","coordinates":[-86.8252,36.02513]},"properties":{"probability":0.133,"inBuffer":false,"facType":"substation"}},{"type":"Feature","geometry":{"type":"Point","coordinates":[-86.81964,36.02512]},"properties":{"probability":0.194,"inBuffer":false,"facType":"fire"}},{"type":"Feature","geometry":{"type":"Point","coordinates":[-86.81409,36.02512]},"properties":{"probability":0.175,"inBuffer":false,"facType":"fire"}},{"type":"Feature","geometry":{"type":"Point","coordinates":[-86.80854,36.0251]},"properties":{"probability":0.207,"inBuffer":false,"facType":"fire"}},{"type":"Feature","geometry":{"type":"Point","coordinates":[-86.80299,36.0251]},"properties":{"probability":0.217,"inBuffer":false,"facType":"fire"}},{"type":"Feature","geometry":{"type":"Point","coordinates":[-86.79745,36.02509]},"properties":{"probability":0.434,"inBuffer":false,"facType":"fire"}},{"type":"Feature","geometry":{"type":"Point","coordinates":[-86.79189,36.02508]},"properties":{"probability":0.632,"inBuffer":false,"facType":"hospital"}},{"type":"Feature","geometry":{"type":"Point","coordinates":[-86.78635,36.02507]},"properties":{"probability":0.554,"inBuffer":false,"facType":"hospital"}},{"type":"Feature","geometry":{"type":"Point","coordinates":[-86.7808,36.02506]},"properties":{"probability":0.325,"inBuffer":false,"facType":"hospital"}},{"type":"Feature","geometry":{"type":"Point","coordinates":[-86.77525,36.02505]},"properties":{"probability":0.25,"inBuffer":false,"facType":"hospital"}},{"type":"Feature","geometry":{"type":"Point","coordinates":[-86.7697,36.02504]},"properties":{"probability":0.272,"inBuffer":false,"facType":"hospital"}},{"type":"Feature","geometry":{"type":"Point","coordinates":[-86.76415,36.02503]},"properties":{"probability":0.244,"inBuffer":false,"facType":"substation"}},{"type":"Feature","geometry":{"type":"Point","coordinates":[-86.7586,36.02502]},"properties":{"probability":0.249,"inBuffer":false,"facType":"substation"}},{"type":"Feature","geometry":{"type":"Point","coordinates":[-86.75305,36.02501]},"properties":{"probability":0.25,"inBuffer":false,"facType":"substation"}},{"type":"Feature","geometry":{"type":"Point","coordinates":[-86.7475,36.02499]},"properties":{"probability":0.201,"inBuffer":false,"facType":"substation"}},{"type":"Feature","geometry":{"type":"Point","coordinates":[-86.74195,36.02498]},"properties":{"probability":0.224,"inBuffer":false,"facType":"substation"}},{"type":"Feature","geometry":{"type":"Point","coordinates":[-86.7364,36.02497]},"properties":{"probability":0.206,"inBuffer":false,"facType":"substation"}},{"type":"Feature","geometry":{"type":"Point","coordinates":[-86.73085,36.02496]},"properties":{"probability":0.21,"inBuffer":false,"facType":"fire"}},{"type":"Feature","geometry":{"type":"Point","coordinates":[-86.7253,36.02494]},"properties":{"probability":0.214,"inBuffer":false,"facType":"fire"}},{"type":"Feature","geometry":{"type":"Point","coordinates":[-86.71976,36.02493]},"properties":{"probability":0.251,"inBuffer":false,"facType":"fire"}},{"type":"Feature","geometry":{"type":"Point","coordinates":[-86.7142,36.02492]},"properties":{"probability":0.332,"inBuffer":false,"facType":"substation"}},{"type":"Feature","geometry":{"type":"Point","coordinates":[-86.70866,36.02491]},"properties":{"probability":0.334,"inBuffer":false,"facType":"substation"}},{"type":"Feature","geometry":{"type":"Point","coordinates":[-86.7031,36.02489]},"properties":{"probability":0.206,"inBuffer":false,"facType":"substation"}},{"type":"Feature","geometry":{"type":"Point","coordinates":[-86.69756,36.02488]},"properties":{"probability":0.163,"inBuffer":false,"facType":"substation"}},{"type":"Feature","geometry":{"type":"Point","coordinates":[-86.69201,36.02486]},"properties":{"probability":0.131,"inBuffer":false,"facType":"substation"}},{"type":"Feature","geometry":{"type":"Point","coordinates":[-86.68645,36.02485]},"properties":{"probability":0.125,"inBuffer":false,"facType":"substation"}},{"type":"Feature","geometry":{"type":"Point","coordinates":[-86.68091,36.02483]},"properties":{"probability":0.128,"inBuffer":false,"facType":"substation"}},{"type":"Feature","geometry":{"type":"Point","coordinates":[-86.67536,36.02482]},"properties":{"probability":0.138,"inBuffer":false,"facType":"substation"}},{"type":"Feature","geometry":{"type":"Point","coordinates":[-86.66981,36.0248]},"properties":{"probability":0.127,"inBuffer":false,"facType":"substation"}},{"type":"Feature","geometry":{"type":"Point","coordinates":[-86.66426,36.02479]},"properties":{"probability":0.14,"inBuffer":false,"facType":"substation"}},{"type":"Feature","geometry":{"type":"Point","coordinates":[-86.65871,36.02477]},"properties":{"probability":0.152,"inBuffer":false,"facType":"substation"}},{"type":"Feature","geometry":{"type":"Point","coordinates":[-86.65316,36.02476]},"properties":{"probability":0.199,"inBuffer":false,"facType":"substation"}},{"type":"Feature","geometry":{"type":"Point","coordinates":[-86.64761,36.02474]},"properties":{"probability":0.261,"inBuffer":false,"facType":"substation"}},{"type":"Feature","geometry":{"type":"Point","coordinates":[-86.64206,36.02472]},"properties":{"probability":0.286,"inBuffer":false,"facType":"substation"}},{"type":"Feature","geometry":{"type":"Point","coordinates":[-86.63651,36.02471]},"properties":{"probability":0.142,"inBuffer":false,"facType":"substation"}},{"type":"Feature","geometry":{"type":"Point","coordinates":[-86.63097,36.02469]},"properties":{"probability":0.134,"inBuffer":false,"facType":"substation"}},{"type":"Feature","geometry":{"type":"Point","coordinates":[-86.62541,36.02467]},"properties":{"probability":0.343,"inBuffer":false,"facType":"substation"}},{"type":"Feature","geometry":{"type":"Point","coordinates":[-86.61987,36.02465]},"properties":{"probability":0.552,"inBuffer":false,"facType":"substation"}},{"type":"Feature","geometry":{"type":"Point","coordinates":[-86.61432,36.02464]},"properties":{"probability":0.551,"inBuffer":false,"facType":"substation"}},{"type":"Feature","geometry":{"type":"Point","coordinates":[-86.60876,36.02462]},"properties":{"probability":0.638,"inBuffer":false,"facType":"substation"}},{"type":"Feature","geometry":{"type":"Point","coordinates":[-86.60322,36.0246]},"properties":{"probability":0.621,"inBuffer":false,"facType":"substation"}},{"type":"Feature","geometry":{"type":"Point","coordinates":[-86.95284,36.02074]},"properties":{"probability":0.126,"inBuffer":false,"facType":"fire"}},{"type":"Feature","geometry":{"type":"Point","coordinates":[-86.94728,36.02074]},"properties":{"probability":0.197,"inBuffer":false,"facType":"fire"}},{"type":"Feature","geometry":{"type":"Point","coordinates":[-86.89734,36.02071]},"properties":{"probability":0.119,"inBuffer":false,"facType":"fire"}},{"type":"Feature","geometry":{"type":"Point","coordinates":[-86.89179,36.0207]},"properties":{"probability":0.13,"inBuffer":true,"facType":"fire"}},{"type":"Feature","geometry":{"type":"Point","coordinates":[-86.85295,36.02066]},"properties":{"probability":0.123,"inBuffer":false,"facType":"government"}},{"type":"Feature","geometry":{"type":"Point","coordinates":[-86.8474,36.02065]},"properties":{"probability":0.127,"inBuffer":false,"facType":"substation"}},{"type":"Feature","geometry":{"type":"Point","coordinates":[-86.84185,36.02065]},"properties":{"probability":0.16,"inBuffer":false,"facType":"substation"}},{"type":"Feature","geometry":{"type":"Point","coordinates":[-86.83075,36.02063]},"properties":{"probability":0.117,"inBuffer":false,"facType":"substation"}},{"type":"Feature","geometry":{"type":"Point","coordinates":[-86.8252,36.02062]},"properties":{"probability":0.129,"inBuffer":false,"facType":"substation"}},{"type":"Feature","geometry":{"type":"Point","coordinates":[-86.81966,36.02061]},"properties":{"probability":0.256,"inBuffer":false,"facType":"fire"}},{"type":"Feature","geometry":{"type":"Point","coordinates":[-86.8141,36.02061]},"properties":{"probability":0.238,"inBuffer":false,"facType":"fire"}},{"type":"Feature","geometry":{"type":"Point","coordinates":[-86.80856,36.0206]},"properties":{"probability":0.213,"inBuffer":false,"facType":"fire"}},{"type":"Feature","geometry":{"type":"Point","coordinates":[-86.80301,36.02059]},"properties":{"probability":0.188,"inBuffer":false,"facType":"fire"}},{"type":"Feature","geometry":{"type":"Point","coordinates":[-86.79745,36.02058]},"properties":{"probability":0.168,"inBuffer":false,"facType":"fire"}},{"type":"Feature","geometry":{"type":"Point","coordinates":[-86.79191,36.02057]},"properties":{"probability":0.2,"inBuffer":false,"facType":"hospital"}},{"type":"Feature","geometry":{"type":"Point","coordinates":[-86.78636,36.02056]},"properties":{"probability":0.205,"inBuffer":false,"facType":"hospital"}},{"type":"Feature","geometry":{"type":"Point","coordinates":[-86.78081,36.02055]},"properties":{"probability":0.198,"inBuffer":false,"facType":"hospital"}},{"type":"Feature","geometry":{"type":"Point","coordinates":[-86.77526,36.02054]},"properties":{"probability":0.159,"inBuffer":false,"facType":"hospital"}},{"type":"Feature","geometry":{"type":"Point","coordinates":[-86.76971,36.02053]},"properties":{"probability":0.204,"inBuffer":false,"facType":"hospital"}},{"type":"Feature","geometry":{"type":"Point","coordinates":[-86.76416,36.02052]},"properties":{"probability":0.135,"inBuffer":false,"facType":"substation"}},{"type":"Feature","geometry":{"type":"Point","coordinates":[-86.75861,36.02051]},"properties":{"probability":0.128,"inBuffer":false,"facType":"substation"}},{"type":"Feature","geometry":{"type":"Point","coordinates":[-86.75307,36.0205]},"properties":{"probability":0.168,"inBuffer":false,"facType":"substation"}},{"type":"Feature","geometry":{"type":"Point","coordinates":[-86.74751,36.02048]},"properties":{"probability":0.204,"inBuffer":false,"facType":"substation"}},{"type":"Feature","geometry":{"type":"Point","coordinates":[-86.74197,36.02047]},"properties":{"probability":0.22,"inBuffer":false,"facType":"substation"}},{"type":"Feature","geometry":{"type":"Point","coordinates":[-86.73642,36.02046]},"properties":{"probability":0.195,"inBuffer":false,"facType":"substation"}},{"type":"Feature","geometry":{"type":"Point","coordinates":[-86.73087,36.02045]},"properties":{"probability":0.204,"inBuffer":false,"facType":"substation"}},{"type":"Feature","geometry":{"type":"Point","coordinates":[-86.72532,36.02044]},"properties":{"probability":0.206,"inBuffer":false,"facType":"substation"}},{"type":"Feature","geometry":{"type":"Point","coordinates":[-86.71977,36.02042]},"properties":{"probability":0.212,"inBuffer":false,"facType":"substation"}},{"type":"Feature","geometry":{"type":"Point","coordinates":[-86.71422,36.02041]},"properties":{"probability":0.242,"inBuffer":false,"facType":"fire"}},{"type":"Feature","geometry":{"type":"Point","coordinates":[-86.70867,36.0204]},"properties":{"probability":0.26,"inBuffer":false,"facType":"substation"}},{"type":"Feature","geometry":{"type":"Point","coordinates":[-86.70312,36.02038]},"properties":{"probability":0.204,"inBuffer":false,"facType":"substation"}},{"type":"Feature","geometry":{"type":"Point","coordinates":[-86.69757,36.02037]},"properties":{"probability":0.209,"inBuffer":false,"facType":"substation"}},{"type":"Feature","geometry":{"type":"Point","coordinates":[-86.69202,36.02036]},"properties":{"probability":0.159,"inBuffer":false,"facType":"substation"}},{"type":"Feature","geometry":{"type":"Point","coordinates":[-86.68648,36.02034]},"properties":{"probability":0.129,"inBuffer":false,"facType":"substation"}},{"type":"Feature","geometry":{"type":"Point","coordinates":[-86.68092,36.02032]},"properties":{"probability":0.134,"inBuffer":false,"facType":"substation"}},{"type":"Feature","geometry":{"type":"Point","coordinates":[-86.67538,36.02031]},"properties":{"probability":0.129,"inBuffer":false,"facType":"substation"}},{"type":"Feature","geometry":{"type":"Point","coordinates":[-86.66983,36.0203]},"properties":{"probability":0.136,"inBuffer":false,"facType":"substation"}},{"type":"Feature","geometry":{"type":"Point","coordinates":[-86.66428,36.02028]},"properties":{"probability":0.126,"inBuffer":false,"facType":"substation"}},{"type":"Feature","geometry":{"type":"Point","coordinates":[-86.65873,36.02026]},"properties":{"probability":0.143,"inBuffer":false,"facType":"substation"}},{"type":"Feature","geometry":{"type":"Point","coordinates":[-86.65318,36.02025]},"properties":{"probability":0.173,"inBuffer":false,"facType":"substation"}},{"type":"Feature","geometry":{"type":"Point","coordinates":[-86.64763,36.02023]},"properties":{"probability":0.163,"inBuffer":false,"facType":"substation"}},{"type":"Feature","geometry":{"type":"Point","coordinates":[-86.64208,36.02022]},"properties":{"probability":0.143,"inBuffer":false,"facType":"substation"}},{"type":"Feature","geometry":{"type":"Point","coordinates":[-86.63654,36.0202]},"properties":{"probability":0.123,"inBuffer":false,"facType":"substation"}},{"type":"Feature","geometry":{"type":"Point","coordinates":[-86.63099,36.02018]},"properties":{"probability":0.124,"inBuffer":false,"facType":"substation"}},{"type":"Feature","geometry":{"type":"Point","coordinates":[-86.62543,36.02016]},"properties":{"probability":0.422,"inBuffer":false,"facType":"substation"}},{"type":"Feature","geometry":{"type":"Point","coordinates":[-86.61989,36.02015]},"properties":{"probability":0.458,"inBuffer":false,"facType":"substation"}},{"type":"Feature","geometry":{"type":"Point","coordinates":[-86.61434,36.02013]},"properties":{"probability":0.509,"inBuffer":false,"facType":"substation"}},{"type":"Feature","geometry":{"type":"Point","coordinates":[-86.60879,36.02011]},"properties":{"probability":0.633,"inBuffer":false,"facType":"substation"}},{"type":"Feature","geometry":{"type":"Point","coordinates":[-86.60324,36.0201]},"properties":{"probability":0.634,"inBuffer":false,"facType":"substation"}},{"type":"Feature","geometry":{"type":"Point","coordinates":[-86.95284,36.01623]},"properties":{"probability":0.129,"inBuffer":false,"facType":"fire"}},{"type":"Feature","geometry":{"type":"Point","coordinates":[-86.94729,36.01623]},"properties":{"probability":0.117,"inBuffer":false,"facType":"fire"}},{"type":"Feature","geometry":{"type":"Point","coordinates":[-86.8918,36.01619]},"properties":{"probability":0.136,"inBuffer":true,"facType":"fire"}},{"type":"Feature","geometry":{"type":"Point","coordinates":[-86.88625,36.01619]},"properties":{"probability":0.135,"inBuffer":true,"facType":"fire"}},{"type":"Feature","geometry":{"type":"Point","coordinates":[-86.85296,36.01615]},"properties":{"probability":0.124,"inBuffer":false,"facType":"fire"}},{"type":"Feature","geometry":{"type":"Point","coordinates":[-86.8474,36.01614]},"properties":{"probability":0.12,"inBuffer":false,"facType":"substation"}},{"type":"Feature","geometry":{"type":"Point","coordinates":[-86.84186,36.01614]},"properties":{"probability":0.115,"inBuffer":false,"facType":"substation"}},{"type":"Feature","geometry":{"type":"Point","coordinates":[-86.83076,36.01612]},"properties":{"probability":0.115,"inBuffer":false,"facType":"substation"}},{"type":"Feature","geometry":{"type":"Point","coordinates":[-86.82521,36.01612]},"properties":{"probability":0.135,"inBuffer":false,"facType":"substation"}},{"type":"Feature","geometry":{"type":"Point","coordinates":[-86.81966,36.01611]},"properties":{"probability":0.273,"inBuffer":false,"facType":"fire"}},{"type":"Feature","geometry":{"type":"Point","coordinates":[-86.81412,36.0161]},"properties":{"probability":0.292,"inBuffer":false,"facType":"fire"}},{"type":"Feature","geometry":{"type":"Point","coordinates":[-86.80856,36.01609]},"properties":{"probability":0.233,"inBuffer":false,"facType":"fire"}},{"type":"Feature","geometry":{"type":"Point","coordinates":[-86.80302,36.01608]},"properties":{"probability":0.215,"inBuffer":false,"facType":"fire"}},{"type":"Feature","geometry":{"type":"Point","coordinates":[-86.79747,36.01607]},"properties":{"probability":0.14,"inBuffer":false,"facType":"fire"}},{"type":"Feature","geometry":{"type":"Point","coordinates":[-86.79192,36.01606]},"properties":{"probability":0.133,"inBuffer":false,"facType":"hospital"}},{"type":"Feature","geometry":{"type":"Point","coordinates":[-86.78637,36.01605]},"properties":{"probability":0.172,"inBuffer":false,"facType":"hospital"}},{"type":"Feature","geometry":{"type":"Point","coordinates":[-86.78082,36.01604]},"properties":{"probability":0.173,"inBuffer":false,"facType":"hospital"}},{"type":"Feature","geometry":{"type":"Point","coordinates":[-86.77528,36.01603]},"properties":{"probability":0.13,"inBuffer":false,"facType":"hospital"}},{"type":"Feature","geometry":{"type":"Point","coordinates":[-86.76972,36.01602]},"properties":{"probability":0.133,"inBuffer":false,"facType":"substation"}},{"type":"Feature","geometry":{"type":"Point","coordinates":[-86.76418,36.01601]},"properties":{"probability":0.119,"inBuffer":false,"facType":"substation"}},{"type":"Feature","geometry":{"type":"Point","coordinates":[-86.75863,36.016]},"properties":{"probability":0.125,"inBuffer":false,"facType":"substation"}},{"type":"Feature","geometry":{"type":"Point","coordinates":[-86.75307,36.01599]},"properties":{"probability":0.184,"inBuffer":false,"facType":"substation"}},{"type":"Feature","geometry":{"type":"Point","coordinates":[-86.74753,36.01598]},"properties":{"probability":0.196,"inBuffer":false,"facType":"substation"}},{"type":"Feature","geometry":{"type":"Point","coordinates":[-86.74198,36.01596]},"properties":{"probability":0.2,"inBuffer":false,"facType":"substation"}},{"type":"Feature","geometry":{"type":"Point","coordinates":[-86.73643,36.01595]},"properties":{"probability":0.131,"inBuffer":false,"facType":"substation"}},{"type":"Feature","geometry":{"type":"Point","coordinates":[-86.73088,36.01594]},"properties":{"probability":0.133,"inBuffer":false,"facType":"substation"}},{"type":"Feature","geometry":{"type":"Point","coordinates":[-86.72533,36.01593]},"properties":{"probability":0.136,"inBuffer":false,"facType":"substation"}},{"type":"Feature","geometry":{"type":"Point","coordinates":[-86.71979,36.01591]},"properties":{"probability":0.143,"inBuffer":false,"facType":"substation"}},{"type":"Feature","geometry":{"type":"Point","coordinates":[-86.71423,36.0159]},"properties":{"probability":0.178,"inBuffer":false,"facType":"substation"}},{"type":"Feature","geometry":{"type":"Point","coordinates":[-86.70869,36.01589]},"properties":{"probability":0.214,"inBuffer":false,"facType":"substation"}},{"type":"Feature","geometry":{"type":"Point","coordinates":[-86.70314,36.01588]},"properties":{"probability":0.332,"inBuffer":false,"facType":"substation"}},{"type":"Feature","geometry":{"type":"Point","coordinates":[-86.69759,36.01586]},"properties":{"probability":0.223,"inBuffer":false,"facType":"substation"}},{"type":"Feature","geometry":{"type":"Point","coordinates":[-86.69204,36.01585]},"properties":{"probability":0.178,"inBuffer":false,"facType":"substation"}},{"type":"Feature","geometry":{"type":"Point","coordinates":[-86.68649,36.01583]},"properties":{"probability":0.129,"inBuffer":false,"facType":"substation"}},{"type":"Feature","geometry":{"type":"Point","coordinates":[-86.68095,36.01582]},"properties":{"probability":0.131,"inBuffer":false,"facType":"substation"}},{"type":"Feature","geometry":{"type":"Point","coordinates":[-86.6754,36.0158]},"properties":{"probability":0.124,"inBuffer":false,"facType":"substation"}},{"type":"Feature","geometry":{"type":"Point","coordinates":[-86.66985,36.01579]},"properties":{"probability":0.129,"inBuffer":false,"facType":"substation"}},{"type":"Feature","geometry":{"type":"Point","coordinates":[-86.6643,36.01577]},"properties":{"probability":0.118,"inBuffer":false,"facType":"substation"}},{"type":"Feature","geometry":{"type":"Point","coordinates":[-86.65875,36.01576]},"properties":{"probability":0.127,"inBuffer":false,"facType":"substation"}},{"type":"Feature","geometry":{"type":"Point","coordinates":[-86.6532,36.01574]},"properties":{"probability":0.126,"inBuffer":false,"facType":"substation"}},{"type":"Feature","geometry":{"type":"Point","coordinates":[-86.64765,36.01572]},"properties":{"probability":0.134,"inBuffer":false,"facType":"substation"}},{"type":"Feature","geometry":{"type":"Point","coordinates":[-86.64211,36.01571]},"properties":{"probability":0.124,"inBuffer":false,"facType":"substation"}},{"type":"Feature","geometry":{"type":"Point","coordinates":[-86.63656,36.01569]},"properties":{"probability":0.13,"inBuffer":false,"facType":"substation"}},{"type":"Feature","geometry":{"type":"Point","coordinates":[-86.631,36.01567]},"properties":{"probability":0.132,"inBuffer":false,"facType":"substation"}},{"type":"Feature","geometry":{"type":"Point","coordinates":[-86.62546,36.01566]},"properties":{"probability":0.439,"inBuffer":false,"facType":"substation"}},{"type":"Feature","geometry":{"type":"Point","coordinates":[-86.61991,36.01564]},"properties":{"probability":0.604,"inBuffer":false,"facType":"substation"}},{"type":"Feature","geometry":{"type":"Point","coordinates":[-86.61436,36.01562]},"properties":{"probability":0.533,"inBuffer":false,"facType":"substation"}},{"type":"Feature","geometry":{"type":"Point","coordinates":[-86.60881,36.01561]},"properties":{"probability":0.563,"inBuffer":false,"facType":"substation"}},{"type":"Feature","geometry":{"type":"Point","coordinates":[-86.60326,36.01559]},"properties":{"probability":0.596,"inBuffer":false,"facType":"substation"}},{"type":"Feature","geometry":{"type":"Point","coordinates":[-86.95284,36.01173]},"properties":{"probability":0.13,"inBuffer":false,"facType":"fire"}},{"type":"Feature","geometry":{"type":"Point","coordinates":[-86.89181,36.01168]},"properties":{"probability":0.125,"inBuffer":false,"facType":"fire"}},{"type":"Feature","geometry":{"type":"Point","coordinates":[-86.88625,36.01168]},"properties":{"probability":0.129,"inBuffer":false,"facType":"fire"}},{"type":"Feature","geometry":{"type":"Point","coordinates":[-86.88071,36.01168]},"properties":{"probability":0.115,"inBuffer":false,"facType":"fire"}},{"type":"Feature","geometry":{"type":"Point","coordinates":[-86.83632,36.01162]},"properties":{"probability":0.129,"inBuffer":false,"facType":"substation"}},{"type":"Feature","geometry":{"type":"Point","coordinates":[-86.83077,36.01162]},"properties":{"probability":0.13,"inBuffer":false,"facType":"substation"}},{"type":"Feature","geometry":{"type":"Point","coordinates":[-86.82523,36.01161]},"properties":{"probability":0.131,"inBuffer":false,"facType":"fire"}},{"type":"Feature","geometry":{"type":"Point","coordinates":[-86.81967,36.0116]},"properties":{"probability":0.179,"inBuffer":false,"facType":"fire"}},{"type":"Feature","geometry":{"type":"Point","coordinates":[-86.81413,36.01159]},"properties":{"probability":0.174,"inBuffer":false,"facType":"fire"}},{"type":"Feature","geometry":{"type":"Point","coordinates":[-86.80858,36.01158]},"properties":{"probability":0.2,"inBuffer":false,"facType":"fire"}},{"type":"Feature","geometry":{"type":"Point","coordinates":[-86.80303,36.01157]},"properties":{"probability":0.168,"inBuffer":false,"facType":"fire"}},{"type":"Feature","geometry":{"type":"Point","coordinates":[-86.79748,36.01156]},"properties":{"probability":0.129,"inBuffer":false,"facType":"fire"}},{"type":"Feature","geometry":{"type":"Point","coordinates":[-86.79193,36.01155]},"properties":{"probability":0.126,"inBuffer":false,"facType":"hospital"}},{"type":"Feature","geometry":{"type":"Point","coordinates":[-86.78638,36.01154]},"properties":{"probability":0.132,"inBuffer":false,"facType":"hospital"}},{"type":"Feature","geometry":{"type":"Point","coordinates":[-86.78084,36.01154]},"properties":{"probability":0.129,"inBuffer":false,"facType":"hospital"}},{"type":"Feature","geometry":{"type":"Point","coordinates":[-86.77528,36.01152]},"properties":{"probability":0.132,"inBuffer":false,"facType":"substation"}},{"type":"Feature","geometry":{"type":"Point","coordinates":[-86.76974,36.01151]},"properties":{"probability":0.121,"inBuffer":false,"facType":"substation"}},{"type":"Feature","geometry":{"type":"Point","coordinates":[-86.76419,36.0115]},"properties":{"probability":0.124,"inBuffer":false,"facType":"substation"}},{"type":"Feature","geometry":{"type":"Point","coordinates":[-86.75864,36.01149]},"properties":{"probability":0.127,"inBuffer":false,"facType":"substation"}},{"type":"Feature","geometry":{"type":"Point","coordinates":[-86.75309,36.01148]},"properties":{"probability":0.15,"inBuffer":false,"facType":"substation"}},{"type":"Feature","geometry":{"type":"Point","coordinates":[-86.74754,36.01147]},"properties":{"probability":0.171,"inBuffer":false,"facType":"substation"}},{"type":"Feature","geometry":{"type":"Point","coordinates":[-86.742,36.01146]},"properties":{"probability":0.161,"inBuffer":false,"facType":"substation"}},{"type":"Feature","geometry":{"type":"Point","coordinates":[-86.73645,36.01144]},"properties":{"probability":0.134,"inBuffer":false,"facType":"substation"}},{"type":"Feature","geometry":{"type":"Point","coordinates":[-86.7309,36.01143]},"properties":{"probability":0.138,"inBuffer":false,"facType":"substation"}},{"type":"Feature","geometry":{"type":"Point","coordinates":[-86.72535,36.01142]},"properties":{"probability":0.135,"inBuffer":false,"facType":"substation"}},{"type":"Feature","geometry":{"type":"Point","coordinates":[-86.7198,36.01141]},"properties":{"probability":0.12,"inBuffer":false,"facType":"substation"}},{"type":"Feature","geometry":{"type":"Point","coordinates":[-86.71426,36.01139]},"properties":{"probability":0.129,"inBuffer":false,"facType":"substation"}},{"type":"Feature","geometry":{"type":"Point","coordinates":[-86.7087,36.01138]},"properties":{"probability":0.225,"inBuffer":false,"facType":"substation"}},{"type":"Feature","geometry":{"type":"Point","coordinates":[-86.70316,36.01137]},"properties":{"probability":0.276,"inBuffer":false,"facType":"substation"}},{"type":"Feature","geometry":{"type":"Point","coordinates":[-86.69761,36.01135]},"properties":{"probability":0.249,"inBuffer":false,"facType":"substation"}},{"type":"Feature","geometry":{"type":"Point","coordinates":[-86.69206,36.01134]},"properties":{"probability":0.167,"inBuffer":false,"facType":"substation"}},{"type":"Feature","geometry":{"type":"Point","coordinates":[-86.68651,36.01133]},"properties":{"probability":0.135,"inBuffer":false,"facType":"substation"}},{"type":"Feature","geometry":{"type":"Point","coordinates":[-86.68096,36.01131]},"properties":{"probability":0.133,"inBuffer":false,"facType":"substation"}},{"type":"Feature","geometry":{"type":"Point","coordinates":[-86.67542,36.0113]},"properties":{"probability":0.123,"inBuffer":false,"facType":"substation"}},{"type":"Feature","geometry":{"type":"Point","coordinates":[-86.66987,36.01128]},"properties":{"probability":0.122,"inBuffer":false,"facType":"substation"}},{"type":"Feature","geometry":{"type":"Point","coordinates":[-86.66431,36.01126]},"properties":{"probability":0.126,"inBuffer":false,"facType":"substation"}},{"type":"Feature","geometry":{"type":"Point","coordinates":[-86.65877,36.01125]},"properties":{"probability":0.122,"inBuffer":false,"facType":"substation"}},{"type":"Feature","geometry":{"type":"Point","coordinates":[-86.65322,36.01123]},"properties":{"probability":0.186,"inBuffer":false,"facType":"substation"}},{"type":"Feature","geometry":{"type":"Point","coordinates":[-86.64767,36.01122]},"properties":{"probability":0.136,"inBuffer":false,"facType":"substation"}},{"type":"Feature","geometry":{"type":"Point","coordinates":[-86.64213,36.0112]},"properties":{"probability":0.131,"inBuffer":false,"facType":"substation"}},{"type":"Feature","geometry":{"type":"Point","coordinates":[-86.63657,36.01118]},"properties":{"probability":0.148,"inBuffer":false,"facType":"substation"}},{"type":"Feature","geometry":{"type":"Point","coordinates":[-86.63103,36.01117]},"properties":{"probability":0.194,"inBuffer":false,"facType":"substation"}},{"type":"Feature","geometry":{"type":"Point","coordinates":[-86.62548,36.01115]},"properties":{"probability":0.317,"inBuffer":false,"facType":"substation"}},{"type":"Feature","geometry":{"type":"Point","coordinates":[-86.61993,36.01113]},"properties":{"probability":0.512,"inBuffer":false,"facType":"substation"}},{"type":"Feature","geometry":{"type":"Point","coordinates":[-86.61438,36.01112]},"properties":{"probability":0.523,"inBuffer":false,"facType":"substation"}},{"type":"Feature","geometry":{"type":"Point","coordinates":[-86.60883,36.0111]},"properties":{"probability":0.593,"inBuffer":false,"facType":"substation"}},{"type":"Feature","geometry":{"type":"Point","coordinates":[-86.60329,36.01108]},"properties":{"probability":0.599,"inBuffer":false,"facType":"substation"}}]}