{"type":"FeatureCollection","features":[{"type":"Feature","geometry":{"type":"Point","coordinates":[-89.95055,30.07335]},"properties":{"probability":0.295,"inBuffer":true,"facType":"hospital"}},{"type":"Feature","geometry":{"type":"Point","coordinates":[-89.94606,30.07335]},"properties":{"probability":0.247,"inBuffer":true,"facType":"hospital"}},{"type":"Feature","geometry":{"type":"Point","coordinates":[-89.94157,30.07335]},"properties":{"probability":0.284,"inBuffer":true,"facType":"hospital"}},{"type":"Feature","geometry":{"type":"Point","coordinates":[-89.95954,30.06886]},"properties":{"probability":0.214,"inBuffer":false,"facType":"hospital"}},{"type":"Feature","geometry":{"type":"Point","coordinates":[-89.95505,30.06886]},"properties":{"probability":0.22,"inBuffer":false,"facType":"hospital"}},{"type":"Feature","geometry":{"type":"Point","coordinates":[-89.95055,30.06886]},"properties":{"probability":0.251,"inBuffer":true,"facType":"hospital"}},{"type":"Feature","geometry":{"type":"Point","coordinates":[-89.94606,30.06886]},"properties":{"probability":0.346,"inBuffer":true,"facType":"hospital"}},{"type":"Feature","geometry":{"type":"Point","coordinates":[-89.94157,30.06886]},"properties":{"probability":0.25,"inBuffer":true,"facType":"hospital"}},{"type":"Feature","geometry":{"type":"Point","coordinates":[-89.95954,30.06437]},"properties":{"probability":0.364,"inBuffer":false,"facType":"substation"}},{"type":"Feature","geometry":{"type":"Point","coordinates":[-89.95505,30.06437]},"properties":{"probability":0.371,"inBuffer":true,"facType":"fire"}},{"type":"Feature","geometry":{"type":"Point","coordinates":[-89.95055,30.06437]},"properties":{"probability":0.411,"inBuffer":true,"facType":"fire"}},{"type":"Feature","geometry":{"type":"Point","coordinates":[-89.94606,30.06437]},"properties":{"probability":0.348,"inBuffer":true,"facType":"fire"}},{"type":"Feature","geometry":{"type":"Point","coordinates":[-89.94157,30.06437]},"properties":{"probability":0.234,"inBuffer":true,"facType":"fire"}},{"type":"Feature","geometry":{"type":"Point","coordinates":[-89.93259,30.06437]},"properties":{"probability":0.188,"inBuffer":false,"facType":"fire"}},{"type":"Feature","geometry":{"type":"Point","coordinates":[-89.9281,30.06437]},"properties":{"probability":0.206,"inBuffer":false,"facType":"fire"}},{"type":"Feature","geometry":{"type":"Point","coordinates":[-89.97301,30.05988]},"properties":{"probability":0.217,"inBuffer":false,"facType":"substation"}},{"type":"Feature","geometry":{"type":"Point","coordinates":[-89.96852,30.05988]},"properties":{"probability":0.244,"inBuffer":false,"facType":"substation"}},{"type":"Feature","geometry":{"type":"Point","coordinates":[-89.96403,30.05988]},"properties":{"probability":0.353,"inBuffer":false,"facType":"substation"}},{"type":"Feature","geometry":{"type":"Point","coordinates":[-89.95954,30.05988]},"properties":{"probability":0.501,"inBuffer":false,"facType":"substation"}},{"type":"Feature","geometry":{"type":"Point","coordinates":[-89.95505,30.05988]},"properties":{"probability":0.558,"inBuffer":true,"facType":"fire"}},{"type":"Feature","geometry":{"type":"Point","coordinates":[-89.95055,30.05988]},"properties":{"probability":0.557,"inBuffer":true,"facType":"fire"}},{"type":"Feature","geometry":{"type":"Point","coordinates":[-89.94606,30.05988]},"properties":{"probability":0.41,"inBuffer":true,"facType":"fire"}},{"type":"Feature","geometry":{"type":"Point","coordinates":[-89.94157,30.05988]},"properties":{"probability":0.216,"inBuffer":false,"facType":"fire"}},{"type":"Feature","geometry":{"type":"Point","coordinates":[-89.93708,30.05988]},"properties":{"probability":0.218,"inBuffer":false,"facType":"fire"}},{"type":"Feature","geometry":{"type":"Point","coordinates":[-89.93259,30.05988]},"properties":{"probability":0.202,"inBuffer":false,"facType":"fire"}},{"type":"Feature","geometry":{"type":"Point","coordinates":[-89.9281,30.05988]},"properties":{"probability":0.205,"inBuffer":false,"facType":"fire"}},{"type":"Feature","geometry":{"type":"Point","coordinates":[-89.92361,30.05988]},"properties":{"probability":0.211,"inBuffer":false,"facType":"fire"}},{"type":"Feature","geometry":{"type":"Point","coordinates":[-89.98199,30.05538]},"properties":{"probability":0.212,"inBuffer":false,"facType":"substation"}},{"type":"Feature","geometry":{"type":"Point","coordinates":[-89.9775,30.05538]},"properties":{"probability":0.202,"inBuffer":false,"facType":"substation"}},{"type":"Feature","geometry":{"type":"Point","coordinates":[-89.97301,30.05538]},"properties":{"probability":0.392,"inBuffer":false,"facType":"substation"}},{"type":"Feature","geometry":{"type":"Point","coordinates":[-89.96852,30.05538]},"properties":{"probability":0.482,"inBuffer":false,"facType":"substation"}},{"type":"Feature","geometry":{"type":"Point","coordinates":[-89.96403,30.05538]},"properties":{"probability":0.507,"inBuffer":false,"facType":"substation"}},{"type":"Feature","geometry":{"type":"Point","coordinates":[-89.95954,30.05538]},"properties":{"probability":0.487,"inBuffer":false,"facType":"substation"}},{"type":"Feature","geometry":{"type":"Point","coordinates":[-89.95505,30.05538]},"properties":{"probability":0.62,"inBuffer":false,"facType":"substation"}},{"type":"Feature","geometry":{"type":"Point","coordinates":[-89.95055,30.05538]},"properties":{"probability":0.708,"inBuffer":false,"facType":"fire"}},{"type":"Feature","geometry":{"type":"Point","coordinates":[-89.94606,30.05538]},"properties":{"probability":0.701,"inBuffer":false,"facType":"fire"}},{"type":"Feature","geometry":{"type":"Point","coordinates":[-89.94157,30.05538]},"properties":{"probability":0.232,"inBuffer":false,"facType":"fire"}},{"type":"Feature","geometry":{"type":"Point","coordinates":[-89.93708,30.05538]},"properties":{"probability":0.2,"inBuffer":false,"facType":"fire"}},{"type":"Feature","geometry":{"type":"Point","coordinates":[-89.93259,30.05538]},"properties":{"probability":0.191,"inBuffer":false,"facType":"fire"}},{"type":"Feature","geometry":{"type":"Point","coordinates":[-89.9281,30.05538]},"properties":{"probability":0.207,"inBuffer":false,"facType":"fire"}},{"type":"Feature","geometry":{"type":"Point","coordinates":[-89.99098,30.05089]},"properties":{"probability":0.247,"inBuffer":false,"facType":"substation"}},{"type":"Feature","geometry":{"type":"Point","coordinates":[-89.98649,30.05089]},"properties":{"probability":0.254,"inBuffer":false,"facType":"substation"}},{"type":"Feature","geometry":{"type":"Point","coordinates":[-89.98199,30.05089]},"properties":{"probability":0.424,"inBuffer":false,"facType":"substation"}},{"type":"Feature","geometry":{"type":"Point","coordinates":[-89.9775,30.05089]},"properties":{"probability":0.343,"inBuffer":false,"facType":"substation"}},{"type":"Feature","geometry":{"type":"Point","coordinates":[-89.97301,30.05089]},"properties":{"probability":0.503,"inBuffer":false,"facType":"substation"}},{"type":"Feature","geometry":{"type":"Point","coordinates":[-89.96852,30.05089]},"properties":{"probability":0.584,"inBuffer":false,"facType":"substation"}},{"type":"Feature","geometry":{"type":"Point","coordinates":[-89.96403,30.05089]},"properties":{"probability":0.689,"inBuffer":false,"facType":"substation"}},{"type":"Feature","geometry":{"type":"Point","coordinates":[-89.95954,30.05089]},"properties":{"probability":0.699,"inBuffer":false,"facType":"substation"}},{"type":"Feature","geometry":{"type":"Point","coordinates":[-89.95505,30.05089]},"properties":{"probability":0.793,"inBuffer":false,"facType":"substation"}},{"type":"Feature","geometry":{"type":"Point","coordinates":[-89.95055,30.05089]},"properties":{"probability":0.795,"inBuffer":false,"facType":"substation"}},{"type":"Feature","geometry":{"type":"Point","coordinates":[-89.94606,30.05089]},"properties":{"probability":0.734,"inBuffer":false,"facType":"fire"}},{"type":"Feature","geometry":{"type":"Point","coordinates":[-89.94157,30.05089]},"properties":{"probability":0.205,"inBuffer":false,"facType":"fire"}},{"type":"Feature","geometry":{"type":"Point","coordinates":[-89.93708,30.05089]},"properties":{"probability":0.185,"inBuffer":false,"facType":"fire"}},{"type":"Feature","geometry":{"type":"Point","coordinates":[-89.93259,30.05089]},"properties":{"probability":0.206,"inBuffer":false,"facType":"fire"}},{"type":"Feature","geometry":{"type":"Point","coordinates":[-90.02691,30.0464]},"properties":{"probability":0.225,"inBuffer":true,"facType":"airport"}},{"type":"Feature","geometry":{"type":"Point","coordinates":[-90.02242,30.0464]},"properties":{"probability":0.248,"inBuffer":true,"facType":"airport"}},{"type":"Feature","geometry":{"type":"Point","coordinates":[-89.99996,30.0464]},"properties":{"probability":0.247,"inBuffer":false,"facType":"airport"}},{"type":"Feature","geometry":{"type":"Point","coordinates":[-89.99547,30.0464]},"properties":{"probability":0.302,"inBuffer":false,"facType":"hospital"}},{"type":"Feature","geometry":{"type":"Point","coordinates":[-89.99098,30.0464]},"properties":{"probability":0.58,"inBuffer":false,"facType":"hospital"}},{"type":"Feature","geometry":{"type":"Point","coordinates":[-89.98649,30.0464]},"properties":{"probability":0.668,"inBuffer":false,"facType":"hospital"}},{"type":"Feature","geometry":{"type":"Point","coordinates":[-89.98199,30.0464]},"properties":{"probability":0.678,"inBuffer":false,"facType":"hospital"}},{"type":"Feature","geometry":{"type":"Point","coordinates":[-89.9775,30.0464]},"properties":{"probability":0.638,"inBuffer":false,"facType":"substation"}},{"type":"Feature","geometry":{"type":"Point","coordinates":[-89.97301,30.0464]},"properties":{"probability":0.57,"inBuffer":false,"facType":"substation"}},{"type":"Feature","geometry":{"type":"Point","coordinates":[-89.96852,30.0464]},"properties":{"probability":0.717,"inBuffer":false,"facType":"substation"}},{"type":"Feature","geometry":{"type":"Point","coordinates":[-89.96403,30.0464]},"properties":{"probability":0.765,"inBuffer":false,"facType":"substation"}},{"type":"Feature","geometry":{"type":"Point","coordinates":[-89.95954,30.0464]},"properties":{"probability":0.802,"inBuffer":false,"facType":"substation"}},{"type":"Feature","geometry":{"type":"Point","coordinates":[-89.95505,30.0464]},"properties":{"probability":0.8,"inBuffer":false,"facType":"substation"}},{"type":"Feature","geometry":{"type":"Point","coordinates":[-89.95055,30.0464]},"properties":{"probability":0.742,"inBuffer":false,"facType":"substation"}},{"type":"Feature","geometry":{"type":"Point","coordinates":[-89.94606,30.0464]},"properties":{"probability":0.56,"inBuffer":false,"facType":"fire"}},{"type":"Feature","geometry":{"type":"Point","coordinates":[-89.94157,30.0464]},"properties":{"probability":0.192,"inBuffer":false,"facType":"fire"}},{"type":"Feature","geometry":{"type":"Point","coordinates":[-89.93708,30.0464]},"properties":{"probability":0.208,"inBuffer":false,"facType":"fire"}},{"type":"Feature","geometry":{"type":"Point","coordinates":[-89.93259,30.0464]},"properties":{"probability":0.214,"inBuffer":false,"facType":"fire"}},{"type":"Feature","geometry":{"type":"Point","coordinates":[-89.9281,30.0464]},"properties":{"probability":0.201,"inBuffer":false,"facType":"fire"}},{"type":"Feature","geometry":{"type":"Point","coordinates":[-89.90115,30.0464]},"properties":{"probability":0.314,"inBuffer":false,"facType":"substation"}},{"type":"Feature","geometry":{"type":"Point","coordinates":[-90.0314,30.04191]},"properties":{"probability":0.257,"inBuffer":true,"facType":"airport"}},{"type":"Feature","geometry":{"type":"Point","coordinates":[-90.02691,30.04191]},"properties":{"probability":0.237,"inBuffer":true,"facType":"airport"}},{"type":"Feature","geometry":{"type":"Point","coordinates":[-90.02242,30.04191]},"properties":{"probability":0.381,"inBuffer":true,"facType":"airport"}},{"type":"Feature","geometry":{"type":"Point","coordinates":[-90.01793,30.04191]},"properties":{"probability":0.242,"inBuffer":true,"facType":"airport"}},{"type":"Feature","geometry":{"type":"Point","coordinates":[-90.01344,30.04191]},"properties":{"probability":0.211,"inBuffer":true,"facType":"airport"}},{"type":"Feature","geometry":{"type":"Point","coordinates":[-90.00895,30.04191]},"properties":{"probability":0.259,"inBuffer":false,"facType":"airport"}},{"type":"Feature","geometry":{"type":"Point","coordinates":[-90.00446,30.04191]},"properties":{"probability":0.209,"inBuffer":false,"facType":"airport"}},{"type":"Feature","geometry":{"type":"Point","coordinates":[-89.99996,30.04191]},"properties":{"probability":0.267,"inBuffer":false,"facType":"airport"}},{"type":"Feature","geometry":{"type":"Point","coordinates":[-89.99547,30.04191]},"properties":{"probability":0.445,"inBuffer":false,"facType":"hospital"}},{"type":"Feature","geometry":{"type":"Point","coordinates":[-89.99098,30.04191]},"properties":{"probability":0.633,"inBuffer":false,"facType":"hospital"}},{"type":"Feature","geometry":{"type":"Point","coordinates":[-89.98649,30.04191]},"properties":{"probability":0.656,"inBuffer":false,"facType":"hospital"}},{"type":"Feature","geometry":{"type":"Point","coordinates":[-89.98199,30.04191]},"properties":{"probability":0.673,"inBuffer":false,"facType":"hospital"}},{"type":"Feature","geometry":{"type":"Point","coordinates":[-89.9775,30.04191]},"properties":{"probability":0.694,"inBuffer":false,"facType":"hospital"}},{"type":"Feature","geometry":{"type":"Point","coordinates":[-89.97301,30.04191]},"properties":{"probability":0.641,"inBuffer":false,"facType":"hospital"}},{"type":"Feature","geometry":{"type":"Point","coordinates":[-89.96852,30.04191]},"properties":{"probability":0.665,"inBuffer":false,"facType":"hospital"}},{"type":"Feature","geometry":{"type":"Point","coordinates":[-89.96403,30.04191]},"properties":{"probability":0.767,"inBuffer":false,"facType":"substation"}},{"type":"Feature","geometry":{"type":"Point","coordinates":[-89.95954,30.04191]},"properties":{"probability":0.795,"inBuffer":false,"facType":"substation"}},{"type":"Feature","geometry":{"type":"Point","coordinates":[-89.95505,30.04191]},"properties":{"probability":0.755,"inBuffer":false,"facType":"substation"}},{"type":"Feature","geometry":{"type":"Point","coordinates":[-89.95055,30.04191]},"properties":{"probability":0.535,"inBuffer":false,"facType":"substation"}},{"type":"Feature","geometry":{"type":"Point","coordinates":[-89.94606,30.04191]},"properties":{"probability":0.259,"inBuffer":false,"facType":"substation"}},{"type":"Feature","geometry":{"type":"Point","coordinates":[-89.94157,30.04191]},"properties":{"probability":0.2,"inBuffer":false,"facType":"fire"}},{"type":"Feature","geometry":{"type":"Point","coordinates":[-89.93708,30.04191]},"properties":{"probability":0.229,"inBuffer":false,"facType":"fire"}},{"type":"Feature","geometry":{"type":"Point","coordinates":[-89.93259,30.04191]},"properties":{"probability":0.268,"inBuffer":false,"facType":"fire"}},{"type":"Feature","geometry":{"type":"Point","coordinates":[-89.9281,30.04191]},"properties":{"probability":0.323,"inBuffer":false,"facType":"fire"}},{"type":"Feature","geometry":{"type":"Point","coordinates":[-89.92361,30.04191]},"properties":{"probability":0.343,"inBuffer":false,"facType":"fire"}},{"type":"Feature","geometry":{"type":"Point","coordinates":[-89.91911,30.04191]},"properties":{"probability":0.363,"inBuffer":false,"facType":"substation"}},{"type":"Feature","geometry":{"type":"Point","coordinates":[-89.91462,30.04191]},"properties":{"probability":0.534,"inBuffer":false,"facType":"substation"}},{"type":"Feature","geometry":{"type":"Point","coordinates":[-89.91013,30.04191]},"properties":{"probability":0.549,"inBuffer":false,"facType":"substation"}},{"type":"Feature","geometry":{"type":"Point","coordinates":[-89.90564,30.04191]},"properties":{"probability":0.264,"inBuffer":false,"facType":"substation"}},{"type":"Feature","geometry":{"type":"Point","coordinates":[-89.90115,30.04191]},"properties":{"probability":0.23,"inBuffer":false,"facType":"substation"}},{"type":"Feature","geometry":{"type":"Point","coordinates":[-90.07632,30.03742]},"properties":{"probability":0.226,"inBuffer":false,"facType":"police"}},{"type":"Feature","geometry":{"type":"Point","coordinates":[-90.07183,30.03742]},"properties":{"probability":0.315,"inBuffer":false,"facType":"police"}},{"type":"Feature","geometry":{"type":"Point","coordinates":[-90.06734,30.03742]},"properties":{"probability":0.212,"inBuffer":false,"facType":"police"}},{"type":"Feature","geometry":{"type":"Point","coordinates":[-90.06284,30.03742]},"properties":{"probability":0.291,"inBuffer":false,"facType":"police"}},{"type":"Feature","geometry":{"type":"Point","coordinates":[-90.05835,30.03742]},"properties":{"probability":0.487,"inBuffer":false,"facType":"police"}},{"type":"Feature","geometry":{"type":"Point","coordinates":[-90.05386,30.03742]},"properties":{"probability":0.558,"inBuffer":false,"facType":"police"}},{"type":"Feature","geometry":{"type":"Point","coordinates":[-90.04937,30.03742]},"properties":{"probability":0.569,"inBuffer":false,"facType":"government"}},{"type":"Feature","geometry":{"type":"Point","coordinates":[-90.04488,30.03742]},"properties":{"probability":0.574,"inBuffer":false,"facType":"government"}},{"type":"Feature","geometry":{"type":"Point","coordinates":[-90.04039,30.03742]},"properties":{"probability":0.458,"inBuffer":false,"facType":"government"}},{"type":"Feature","geometry":{"type":"Point","coordinates":[-90.0359,30.03742]},"properties":{"probability":0.46,"inBuffer":true,"facType":"government"}},{"type":"Feature","geometry":{"type":"Point","coordinates":[-90.0314,30.03742]},"properties":{"probability":0.595,"inBuffer":true,"facType":"airport"}},{"type":"Feature","geometry":{"type":"Point","coordinates":[-90.02691,30.03742]},"properties":{"probability":0.664,"inBuffer":true,"facType":"airport"}},{"type":"Feature","geometry":{"type":"Point","coordinates":[-90.02242,30.03742]},"properties":{"probability":0.643,"inBuffer":true,"facType":"airport"}},{"type":"Feature","geometry":{"type":"Point","coordinates":[-90.01793,30.03742]},"properties":{"probability":0.568,"inBuffer":true,"facType":"airport"}},{"type":"Feature","geometry":{"type":"Point","coordinates":[-90.01344,30.03742]},"properties":{"probability":0.583,"inBuffer":false,"facType":"airport"}},{"type":"Feature","geometry":{"type":"Point","coordinates":[-90.00895,30.03742]},"properties":{"probability":0.572,"inBuffer":false,"facType":"airport"}},{"type":"Feature","geometry":{"type":"Point","coordinates":[-90.00446,30.03742]},"properties":{"probability":0.575,"inBuffer":false,"facType":"airport"}},{"type":"Feature","geometry":{"type":"Point","coordinates":[-89.99996,30.03742]},"properties":{"probability":0.666,"inBuffer":false,"facType":"airport"}},{"type":"Feature","geometry":{"type":"Point","coordinates":[-89.99547,30.03742]},"properties":{"probability":0.692,"inBuffer":false,"facType":"hospital"}},{"type":"Feature","geometry":{"type":"Point","coordinates":[-89.99098,30.03742]},"properties":{"probability":0.701,"inBuffer":false,"facType":"hospital"}},{"type":"Feature","geometry":{"type":"Point","coordinates":[-89.98649,30.03742]},"properties":{"probability":0.696,"inBuffer":false,"facType":"hospital"}},{"type":"Feature","geometry":{"type":"Point","coordinates":[-89.98199,30.03742]},"properties":{"probability":0.708,"inBuffer":false,"facType":"hospital"}},{"type":"Feature","geometry":{"type":"Point","coordinates":[-89.9775,30.03742]},"properties":{"probability":0.789,"inBuffer":false,"facType":"hospital"}},{"type":"Feature","geometry":{"type":"Point","coordinates":[-89.97301,30.03742]},"properties":{"probability":0.749,"inBuffer":false,"facType":"hospital"}},{"type":"Feature","geometry":{"type":"Point","coordinates":[-89.96852,30.03742]},"properties":{"probability":0.652,"inBuffer":false,"facType":"police"}},{"type":"Feature","geometry":{"type":"Point","coordinates":[-89.96403,30.03742]},"properties":{"probability":0.501,"inBuffer":false,"facType":"police"}},{"type":"Feature","geometry":{"type":"Point","coordinates":[-89.95954,30.03742]},"properties":{"probability":0.524,"inBuffer":false,"facType":"substation"}},{"type":"Feature","geometry":{"type":"Point","coordinates":[-89.95505,30.03742]},"properties":{"probability":0.582,"inBuffer":false,"facType":"substation"}},{"type":"Feature","geometry":{"type":"Point","coordinates":[-89.95055,30.03742]},"properties":{"probability":0.633,"inBuffer":false,"facType":"substation"}},{"type":"Feature","geometry":{"type":"Point","coordinates":[-89.94606,30.03742]},"properties":{"probability":0.395,"inBuffer":false,"facType":"substation"}},{"type":"Feature","geometry":{"type":"Point","coordinates":[-89.94157,30.03742]},"properties":{"probability":0.19,"inBuffer":false,"facType":"fire"}},{"type":"Feature","geometry":{"type":"Point","coordinates":[-89.93708,30.03742]},"properties":{"probability":0.215,"inBuffer":false,"facType":"fire"}},{"type":"Feature","geometry":{"type":"Point","coordinates":[-89.93259,30.03742]},"properties":{"probability":0.389,"inBuffer":false,"facType":"fire"}},{"type":"Feature","geometry":{"type":"Point","coordinates":[-89.9281,30.03742]},"properties":{"probability":0.528,"inBuffer":true,"facType":"fire"}},{"type":"Feature","geometry":{"type":"Point","coordinates":[-89.92361,30.03742]},"properties":{"probability":0.615,"inBuffer":true,"facType":"fire"}},{"type":"Feature","geometry":{"type":"Point","coordinates":[-89.91911,30.03742]},"properties":{"probability":0.711,"inBuffer":false,"facType":"fire"}},{"type":"Feature","geometry":{"type":"Point","coordinates":[-89.91462,30.03742]},"properties":{"probability":0.799,"inBuffer":false,"facType":"substation"}},{"type":"Feature","geometry":{"type":"Point","coordinates":[-89.91013,30.03742]},"properties":{"probability":0.839,"inBuffer":false,"facType":"substation"}},{"type":"Feature","geometry":{"type":"Point","coordinates":[-89.90564,30.03742]},"properties":{"probability":0.663,"inBuffer":false,"facType":"substation"}},{"type":"Feature","geometry":{"type":"Point","coordinates":[-89.90115,30.03742]},"properties":{"probability":0.504,"inBuffer":false,"facType":"substation"}},{"type":"Feature","geometry":{"type":"Point","coordinates":[-90.20208,30.03293]},"properties":{"probability":0.198,"inBuffer":false,"facType":"substation"}},{"type":"Feature","geometry":{"type":"Point","coordinates":[-90.19759,30.03293]},"properties":{"probability":0.226,"inBuffer":false,"facType":"hospital"}},{"type":"Feature","geometry":{"type":"Point","coordinates":[-90.16166,30.03293]},"properties":{"probability":0.195,"inBuffer":false,"facType":"police"}},{"type":"Feature","geometry":{"type":"Point","coordinates":[-90.15717,30.03293]},"properties":{"probability":0.214,"inBuffer":false,"facType":"police"}},{"type":"Feature","geometry":{"type":"Point","coordinates":[-90.15268,30.03293]},"properties":{"probability":0.203,"inBuffer":false,"facType":"police"}},{"type":"Feature","geometry":{"type":"Point","coordinates":[-90.14819,30.03293]},"properties":{"probability":0.267,"inBuffer":false,"facType":"police"}},{"type":"Feature","geometry":{"type":"Point","coordinates":[-90.11225,30.03293]},"properties":{"probability":0.222,"inBuffer":false,"facType":"fire"}},{"type":"Feature","geometry":{"type":"Point","coordinates":[-90.10776,30.03293]},"properties":{"probability":0.285,"inBuffer":false,"facType":"fire"}},{"type":"Feature","geometry":{"type":"Point","coordinates":[-90.10327,30.03293]},"properties":{"probability":0.233,"inBuffer":false,"facType":"fire"}},{"type":"Feature","geometry":{"type":"Point","coordinates":[-90.09878,30.03293]},"properties":{"probability":0.183,"inBuffer":false,"facType":"fire"}},{"type":"Feature","geometry":{"type":"Point","coordinates":[-90.09428,30.03293]},"properties":{"probability":0.305,"inBuffer":false,"facType":"fire"}},{"type":"Feature","geometry":{"type":"Point","coordinates":[-90.08979,30.03293]},"properties":{"probability":0.251,"inBuffer":false,"facType":"fire"}},{"type":"Feature","geometry":{"type":"Point","coordinates":[-90.0853,30.03293]},"properties":{"probability":0.197,"inBuffer":false,"facType":"fire"}},{"type":"Feature","geometry":{"type":"Point","coordinates":[-90.08081,30.03293]},"properties":{"probability":0.198,"inBuffer":false,"facType":"police"}},{"type":"Feature","geometry":{"type":"Point","coordinates":[-90.07632,30.03293]},"properties":{"probability":0.539,"inBuffer":false,"facType":"police"}},{"type":"Feature","geometry":{"type":"Point","coordinates":[-90.07183,30.03293]},"properties":{"probability":0.646,"inBuffer":false,"facType":"police"}},{"type":"Feature","geometry":{"type":"Point","coordinates":[-90.06734,30.03293]},"properties":{"probability":0.703,"inBuffer":true,"facType":"police"}},{"type":"Feature","geometry":{"type":"Point","coordinates":[-90.06284,30.03293]},"properties":{"probability":0.696,"inBuffer":true,"facType":"police"}},{"type":"Feature","geometry":{"type":"Point","coordinates":[-90.05835,30.03293]},"properties":{"probability":0.661,"inBuffer":true,"facType":"police"}},{"type":"Feature","geometry":{"type":"Point","coordinates":[-90.05386,30.03293]},"properties":{"probability":0.725,"inBuffer":false,"facType":"police"}},{"type":"Feature","geometry":{"type":"Point","coordinates":[-90.04937,30.03293]},"properties":{"probability":0.706,"inBuffer":false,"facType":"government"}},{"type":"Feature","geometry":{"type":"Point","coordinates":[-90.04488,30.03293]},"properties":{"probability":0.731,"inBuffer":false,"facType":"government"}},{"type":"Feature","geometry":{"type":"Point","coordinates":[-90.04039,30.03293]},"properties":{"probability":0.665,"inBuffer":false,"facType":"government"}},{"type":"Feature","geometry":{"type":"Point","coordinates":[-90.0359,30.03293]},"properties":{"probability":0.641,"inBuffer":false,"facType":"government"}},{"type":"Feature","geometry":{"type":"Point","coordinates":[-90.0314,30.03293]},"properties":{"probability":0.713,"inBuffer":true,"facType":"government"}},{"type":"Feature","geometry":{"type":"Point","coordinates":[-90.02691,30.03293]},"properties":{"probability":0.73,"inBuffer":true,"facType":"airport"}},{"type":"Feature","geometry":{"type":"Point","coordinates":[-90.02242,30.03293]},"properties":{"probability":0.7,"inBuffer":true,"facType":"airport"}},{"type":"Feature","geometry":{"type":"Point","coordinates":[-90.01793,30.03293]},"properties":{"probability":0.665,"inBuffer":false,"facType":"fire"}},{"type":"Feature","geometry":{"type":"Point","coordinates":[-90.01344,30.03293]},"properties":{"probability":0.634,"inBuffer":false,"facType":"fire"}},{"type":"Feature","geometry":{"type":"Point","coordinates":[-90.00895,30.03293]},"properties":{"probability":0.566,"inBuffer":false,"facType":"fire"}},{"type":"Feature","geometry":{"type":"Point","coordinates":[-90.00446,30.03293]},"properties":{"probability":0.565,"inBuffer":false,"facType":"fire"}},{"type":"Feature","geometry":{"type":"Point","coordinates":[-89.99996,30.03293]},"properties":{"probability":0.744,"inBuffer":false,"facType":"hospital"}},{"type":"Feature","geometry":{"type":"Point","coordinates":[-89.99547,30.03293]},"properties":{"probability":0.795,"inBuffer":false,"facType":"hospital"}},{"type":"Feature","geometry":{"type":"Point","coordinates":[-89.99098,30.03293]},"properties":{"probability":0.747,"inBuffer":false,"facType":"hospital"}},{"type":"Feature","geometry":{"type":"Point","coordinates":[-89.98649,30.03293]},"properties":{"probability":0.703,"inBuffer":false,"facType":"hospital"}},{"type":"Feature","geometry":{"type":"Point","coordinates":[-89.98199,30.03293]},"properties":{"probability":0.753,"inBuffer":true,"facType":"hospital"}},{"type":"Feature","geometry":{"type":"Point","coordinates":[-89.9775,30.03293]},"properties":{"probability":0.8,"inBuffer":true,"facType":"hospital"}},{"type":"Feature","geometry":{"type":"Point","coordinates":[-89.97301,30.03293]},"properties":{"probability":0.763,"inBuffer":true,"facType":"hospital"}},{"type":"Feature","geometry":{"type":"Point","coordinates":[-89.96852,30.03293]},"properties":{"probability":0.667,"inBuffer":true,"facType":"police"}},{"type":"Feature","geometry":{"type":"Point","coordinates":[-89.96403,30.03293]},"properties":{"probability":0.453,"inBuffer":true,"facType":"police"}},{"type":"Feature","geometry":{"type":"Point","coordinates":[-89.95954,30.03293]},"properties":{"probability":0.398,"inBuffer":false,"facType":"substation"}},{"type":"Feature","geometry":{"type":"Point","coordinates":[-89.95505,30.03293]},"properties":{"probability":0.52,"inBuffer":false,"facType":"substation"}},{"type":"Feature","geometry":{"type":"Point","coordinates":[-89.95055,30.03293]},"properties":{"probability":0.544,"inBuffer":false,"facType":"substation"}},{"type":"Feature","geometry":{"type":"Point","coordinates":[-89.94606,30.03293]},"properties":{"probability":0.425,"inBuffer":false,"facType":"substation"}},{"type":"Feature","geometry":{"type":"Point","coordinates":[-89.94157,30.03293]},"properties":{"probability":0.218,"inBuffer":false,"facType":"fire"}},{"type":"Feature","geometry":{"type":"Point","coordinates":[-89.93708,30.03293]},"properties":{"probability":0.257,"inBuffer":false,"facType":"fire"}},{"type":"Feature","geometry":{"type":"Point","coordinates":[-89.93259,30.03293]},"properties":{"probability":0.631,"inBuffer":true,"facType":"fire"}},{"type":"Feature","geometry":{"type":"Point","coordinates":[-89.9281,30.03293]},"properties":{"probability":0.691,"inBuffer":true,"facType":"fire"}},{"type":"Feature","geometry":{"type":"Point","coordinates":[-89.92361,30.03293]},"properties":{"probability":0.662,"inBuffer":true,"facType":"fire"}},{"type":"Feature","geometry":{"type":"Point","coordinates":[-89.91911,30.03293]},"properties":{"probability":0.664,"inBuffer":true,"facType":"substation"}},{"type":"Feature","geometry":{"type":"Point","coordinates":[-89.91462,30.03293]},"properties":{"probability":0.804,"inBuffer":false,"facType":"substation"}},{"type":"Feature","geometry":{"type":"Point","coordinates":[-89.91013,30.03293]},"properties":{"probability":0.803,"inBuffer":false,"facType":"substation"}},{"type":"Feature","geometry":{"type":"Point","coordinates":[-89.90564,30.03293]},"properties":{"probability":0.784,"inBuffer":false,"facType":"substation"}},{"type":"Feature","geometry":{"type":"Point","coordinates":[-89.90115,30.03293]},"properties":{"probability":0.582,"inBuffer":false,"facType":"substation"}},{"type":"Feature","geometry":{"type":"Point","coordinates":[-90.20208,30.02843]},"properties":{"probability":0.468,"inBuffer":false,"facType":"substation"}},{"type":"Feature","geometry":{"type":"Point","coordinates":[-90.19759,30.02843]},"properties":{"probability":0.494,"inBuffer":false,"facType":"hospital"}},{"type":"Feature","geometry":{"type":"Point","coordinates":[-90.1931,30.02843]},"properties":{"probability":0.381,"inBuffer":false,"facType":"hospital"}},{"type":"Feature","geometry":{"type":"Point","coordinates":[-90.18861,30.02843]},"properties":{"probability":0.316,"inBuffer":false,"facType":"hospital"}},{"type":"Feature","geometry":{"type":"Point","coordinates":[-90.18412,30.02843]},"properties":{"probability":0.232,"inBuffer":false,"facType":"hospital"}},{"type":"Feature","geometry":{"type":"Point","coordinates":[-90.17963,30.02843]},"properties":{"probability":0.253,"inBuffer":false,"facType":"hospital"}},{"type":"Feature","geometry":{"type":"Point","coordinates":[-90.17513,30.02843]},"properties":{"probability":0.22,"inBuffer":false,"facType":"hospital"}},{"type":"Feature","geometry":{"type":"Point","coordinates":[-90.17064,30.02843]},"properties":{"probability":0.212,"inBuffer":false,"facType":"substation"}},{"type":"Feature","geometry":{"type":"Point","coordinates":[-90.16615,30.02843]},"properties":{"probability":0.174,"inBuffer":false,"facType":"police"}},{"type":"Feature","geometry":{"type":"Point","coordinates":[-90.16166,30.02843]},"properties":{"probability":0.247,"inBuffer":false,"facType":"police"}},{"type":"Feature","geometry":{"type":"Point","coordinates":[-90.15717,30.02843]},"properties":{"probability":0.206,"inBuffer":false,"facType":"police"}},{"type":"Feature","geometry":{"type":"Point","coordinates":[-90.15268,30.02843]},"properties":{"probability":0.247,"inBuffer":false,"facType":"police"}},{"type":"Feature","geometry":{"type":"Point","coordinates":[-90.14819,30.02843]},"properties":{"probability":0.234,"inBuffer":false,"facType":"police"}},{"type":"Feature","geometry":{"type":"Point","coordinates":[-90.14369,30.02843]},"properties":{"probability":0.216,"inBuffer":false,"facType":"police"}},{"type":"Feature","geometry":{"type":"Point","coordinates":[-90.1392,30.02843]},"properties":{"probability":0.281,"inBuffer":false,"facType":"police"}},{"type":"Feature","geometry":{"type":"Point","coordinates":[-90.12572,30.02843]},"properties":{"probability":0.212,"inBuffer":false,"facType":"substation"}},{"type":"Feature","geometry":{"type":"Point","coordinates":[-90.12124,30.02843]},"properties":{"probability":0.211,"inBuffer":false,"facType":"substation"}},{"type":"Feature","geometry":{"type":"Point","coordinates":[-90.11674,30.02843]},"properties":{"probability":0.56,"inBuffer":false,"facType":"substation"}},{"type":"Feature","geometry":{"type":"Point","coordinates":[-90.11225,30.02843]},"properties":{"probability":0.432,"inBuffer":false,"facType":"fire"}},{"type":"Feature","geometry":{"type":"Point","coordinates":[-90.10776,30.02843]},"properties":{"probability":0.325,"inBuffer":false,"facType":"fire"}},{"type":"Feature","geometry":{"type":"Point","coordinates":[-90.10327,30.02843]},"properties":{"probability":0.432,"inBuffer":false,"facType":"fire"}},{"type":"Feature","geometry":{"type":"Point","coordinates":[-90.09878,30.02843]},"properties":{"probability":0.519,"inBuffer":false,"facType":"fire"}},{"type":"Feature","geometry":{"type":"Point","coordinates":[-90.09428,30.02843]},"properties":{"probability":0.49,"inBuffer":false,"facType":"fire"}},{"type":"Feature","geometry":{"type":"Point","coordinates":[-90.08979,30.02843]},"properties":{"probability":0.458,"inBuffer":false,"facType":"fire"}},{"type":"Feature","geometry":{"type":"Point","coordinates":[-90.0853,30.02843]},"properties":{"probability":0.486,"inBuffer":false,"facType":"fire"}},{"type":"Feature","geometry":{"type":"Point","coordinates":[-90.08081,30.02843]},"properties":{"probability":0.456,"inBuffer":false,"facType":"police"}},{"type":"Feature","geometry":{"type":"Point","coordinates":[-90.07632,30.02843]},"properties":{"probability":0.612,"inBuffer":false,"facType":"police"}},{"type":"Feature","geometry":{"type":"Point","coordinates":[-90.07183,30.02843]},"properties":{"probability":0.703,"inBuffer":false,"facType":"police"}},{"type":"Feature","geometry":{"type":"Point","coordinates":[-90.06734,30.02843]},"properties":{"probability":0.757,"inBuffer":true,"facType":"police"}},{"type":"Feature","geometry":{"type":"Point","coordinates":[-90.06284,30.02843]},"properties":{"probability":0.744,"inBuffer":true,"facType":"police"}},{"type":"Feature","geometry":{"type":"Point","coordinates":[-90.05835,30.02843]},"properties":{"probability":0.703,"inBuffer":true,"facType":"police"}},{"type":"Feature","geometry":{"type":"Point","coordinates":[-90.05386,30.02843]},"properties":{"probability":0.738,"inBuffer":true,"facType":"police"}},{"type":"Feature","geometry":{"type":"Point","coordinates":[-90.04937,30.02843]},"properties":{"probability":0.75,"inBuffer":false,"facType":"government"}},{"type":"Feature","geometry":{"type":"Point","coordinates":[-90.04488,30.02843]},"properties":{"probability":0.732,"inBuffer":false,"facType":"government"}},{"type":"Feature","geometry":{"type":"Point","coordinates":[-90.04039,30.02843]},"properties":{"probability":0.676,"inBuffer":false,"facType":"government"}},{"type":"Feature","geometry":{"type":"Point","coordinates":[-90.0359,30.02843]},"properties":{"probability":0.697,"inBuffer":false,"facType":"government"}},{"type":"Feature","geometry":{"type":"Point","coordinates":[-90.0314,30.02843]},"properties":{"probability":0.787,"inBuffer":false,"facType":"fire"}},{"type":"Feature","geometry":{"type":"Point","coordinates":[-90.02691,30.02843]},"properties":{"probability":0.799,"inBuffer":true,"facType":"fire"}},{"type":"Feature","geometry":{"type":"Point","coordinates":[-90.02242,30.02843]},"properties":{"probability":0.714,"inBuffer":true,"facType":"fire"}},{"type":"Feature","geometry":{"type":"Point","coordinates":[-90.01793,30.02843]},"properties":{"probability":0.694,"inBuffer":false,"facType":"fire"}},{"type":"Feature","geometry":{"type":"Point","coordinates":[-90.01344,30.02843]},"properties":{"probability":0.67,"inBuffer":false,"facType":"fire"}},{"type":"Feature","geometry":{"type":"Point","coordinates":[-90.00895,30.02843]},"properties":{"probability":0.549,"inBuffer":false,"facType":"fire"}},{"type":"Feature","geometry":{"type":"Point","coordinates":[-90.00446,30.02843]},"properties":{"probability":0.519,"inBuffer":false,"facType":"fire"}},{"type":"Feature","geometry":{"type":"Point","coordinates":[-89.99996,30.02843]},"properties":{"probability":0.747,"inBuffer":false,"facType":"hospital"}},{"type":"Feature","geometry":{"type":"Point","coordinates":[-89.99547,30.02843]},"properties":{"probability":0.801,"inBuffer":false,"facType":"hospital"}},{"type":"Feature","geometry":{"type":"Point","coordinates":[-89.99098,30.02843]},"properties":{"probability":0.763,"inBuffer":false,"facType":"hospital"}},{"type":"Feature","geometry":{"type":"Point","coordinates":[-89.98649,30.02843]},"properties":{"probability":0.686,"inBuffer":false,"facType":"hospital"}},{"type":"Feature","geometry":{"type":"Point","coordinates":[-89.98199,30.02843]},"properties":{"probability":0.777,"inBuffer":true,"facType":"hospital"}},{"type":"Feature","geometry":{"type":"Point","coordinates":[-89.9775,30.02843]},"properties":{"probability":0.793,"inBuffer":true,"facType":"hospital"}},{"type":"Feature","geometry":{"type":"Point","coordinates":[-89.97301,30.02843]},"properties":{"probability":0.734,"inBuffer":true,"facType":"hospital"}},{"type":"Feature","geometry":{"type":"Point","coordinates":[-89.96852,30.02843]},"properties":{"probability":0.674,"inBuffer":true,"facType":"police"}},{"type":"Feature","geometry":{"type":"Point","coordinates":[-89.96403,30.02843]},"properties":{"probability":0.568,"inBuffer":true,"facType":"police"}},{"type":"Feature","geometry":{"type":"Point","coordinates":[-89.95954,30.02843]},"properties":{"probability":0.558,"inBuffer":false,"facType":"substation"}},{"type":"Feature","geometry":{"type":"Point","coordinates":[-89.95505,30.02843]},"properties":{"probability":0.58,"inBuffer":false,"facType":"substation"}},{"type":"Feature","geometry":{"type":"Point","coordinates":[-89.95055,30.02843]},"properties":{"probability":0.646,"inBuffer":false,"facType":"substation"}},{"type":"Feature","geometry":{"type":"Point","coordinates":[-89.94606,30.02843]},"properties":{"probability":0.562,"inBuffer":false,"facType":"substation"}},{"type":"Feature","geometry":{"type":"Point","coordinates":[-89.94157,30.02843]},"properties":{"probability":0.192,"inBuffer":false,"facType":"fire"}},{"type":"Feature","geometry":{"type":"Point","coordinates":[-89.93708,30.02843]},"properties":{"probability":0.254,"inBuffer":false,"facType":"fire"}},{"type":"Feature","geometry":{"type":"Point","coordinates":[-89.93259,30.02843]},"properties":{"probability":0.674,"inBuffer":true,"facType":"fire"}},{"type":"Feature","geometry":{"type":"Point","coordinates":[-89.9281,30.02843]},"properties":{"probability":0.717,"inBuffer":true,"facType":"fire"}},{"type":"Feature","geometry":{"type":"Point","coordinates":[-89.92361,30.02843]},"properties":{"probability":0.687,"inBuffer":true,"facType":"fire"}},{"type":"Feature","geometry":{"type":"Point","coordinates":[-89.91911,30.02843]},"properties":{"probability":0.679,"inBuffer":true,"facType":"government"}},{"type":"Feature","geometry":{"type":"Point","coordinates":[-89.91462,30.02843]},"properties":{"probability":0.706,"inBuffer":false,"facType":"substation"}},{"type":"Feature","geometry":{"type":"Point","coordinates":[-89.91013,30.02843]},"properties":{"probability":0.688,"inBuffer":false,"facType":"substation"}},{"type":"Feature","geometry":{"type":"Point","coordinates":[-89.90564,30.02843]},"properties":{"probability":0.625,"inBuffer":false,"facType":"substation"}},{"type":"Feature","geometry":{"type":"Point","coordinates":[-89.90115,30.02843]},"properties":{"probability":0.612,"inBuffer":false,"facType":"substation"}},{"type":"Feature","geometry":{"type":"Point","coordinates":[-90.20208,30.02394]},"properties":{"probability":0.695,"inBuffer":false,"facType":"fire"}},{"type":"Feature","geometry":{"type":"Point","coordinates":[-90.19759,30.02394]},"properties":{"probability":0.688,"inBuffer":false,"facType":"hospital"}},{"type":"Feature","geometry":{"type":"Point","coordinates":[-90.1931,30.02394]},"properties":{"probability":0.699,"inBuffer":false,"facType":"hospital"}},{"type":"Feature","geometry":{"type":"Point","coordinates":[-90.18861,30.02394]},"properties":{"probability":0.705,"inBuffer":false,"facType":"hospital"}},{"type":"Feature","geometry":{"type":"Point","coordinates":[-90.18412,30.02394]},"properties":{"probability":0.427,"inBuffer":false,"facType":"hospital"}},{"type":"Feature","geometry":{"type":"Point","coordinates":[-90.17963,30.02394]},"properties":{"probability":0.335,"inBuffer":false,"facType":"hospital"}},{"type":"Feature","geometry":{"type":"Point","coordinates":[-90.17513,30.02394]},"properties":{"probability":0.406,"inBuffer":false,"facType":"hospital"}},{"type":"Feature","geometry":{"type":"Point","coordinates":[-90.17064,30.02394]},"properties":{"probability":0.328,"inBuffer":false,"facType":"substation"}},{"type":"Feature","geometry":{"type":"Point","coordinates":[-90.16615,30.02394]},"properties":{"probability":0.27,"inBuffer":false,"facType":"substation"}},{"type":"Feature","geometry":{"type":"Point","coordinates":[-90.16166,30.02394]},"properties":{"probability":0.337,"inBuffer":false,"facType":"police"}},{"type":"Feature","geometry":{"type":"Point","coordinates":[-90.15717,30.02394]},"properties":{"probability":0.388,"inBuffer":true,"facType":"police"}},{"type":"Feature","geometry":{"type":"Point","coordinates":[-90.15268,30.02394]},"properties":{"probability":0.37,"inBuffer":true,"facType":"police"}},{"type":"Feature","geometry":{"type":"Point","coordinates":[-90.14819,30.02394]},"properties":{"probability":0.31,"inBuffer":false,"facType":"police"}},{"type":"Feature","geometry":{"type":"Point","coordinates":[-90.14369,30.02394]},"properties":{"probability":0.488,"inBuffer":false,"facType":"police"}},{"type":"Feature","geometry":{"type":"Point","coordinates":[-90.1392,30.02394]},"properties":{"probability":0.396,"inBuffer":false,"facType":"police"}},{"type":"Feature","geometry":{"type":"Point","coordinates":[-90.13471,30.02394]},"properties":{"probability":0.284,"inBuffer":false,"facType":"police"}},{"type":"Feature","geometry":{"type":"Point","coordinates":[-90.13022,30.02394]},"properties":{"probability":0.261,"inBuffer":false,"facType":"substation"}},{"type":"Feature","geometry":{"type":"Point","coordinates":[-90.12572,30.02394]},"properties":{"probability":0.464,"inBuffer":false,"facType":"substation"}},{"type":"Feature","geometry":{"type":"Point","coordinates":[-90.12124,30.02394]},"properties":{"probability":0.658,"inBuffer":false,"facType":"substation"}},{"type":"Feature","geometry":{"type":"Point","coordinates":[-90.11674,30.02394]},"properties":{"probability":0.714,"inBuffer":false,"facType":"substation"}},{"type":"Feature","geometry":{"type":"Point","coordinates":[-90.11225,30.02394]},"properties":{"probability":0.702,"inBuffer":false,"facType":"fire"}},{"type":"Feature","geometry":{"type":"Point","coordinates":[-90.10776,30.02394]},"properties":{"probability":0.573,"inBuffer":false,"facType":"fire"}},{"type":"Feature","geometry":{"type":"Point","coordinates":[-90.10327,30.02394]},"properties":{"probability":0.489,"inBuffer":true,"facType":"fire"}},{"type":"Feature","geometry":{"type":"Point","coordinates":[-90.09878,30.02394]},"properties":{"probability":0.527,"inBuffer":true,"facType":"fire"}},{"type":"Feature","geometry":{"type":"Point","coordinates":[-90.09428,30.02394]},"properties":{"probability":0.561,"inBuffer":true,"facType":"fire"}},{"type":"Feature","geometry":{"type":"Point","coordinates":[-90.08979,30.02394]},"properties":{"probability":0.574,"inBuffer":false,"facType":"fire"}},{"type":"Feature","geometry":{"type":"Point","coordinates":[-90.0853,30.02394]},"properties":{"probability":0.582,"inBuffer":false,"facType":"fire"}},{"type":"Feature","geometry":{"type":"Point","coordinates":[-90.08081,30.02394]},"properties":{"probability":0.643,"inBuffer":false,"facType":"fire"}},{"type":"Feature","geometry":{"type":"Point","coordinates":[-90.07632,30.02394]},"properties":{"probability":0.646,"inBuffer":false,"facType":"police"}},{"type":"Feature","geometry":{"type":"Point","coordinates":[-90.07183,30.02394]},"properties":{"probability":0.678,"inBuffer":false,"facType":"police"}},{"type":"Feature","geometry":{"type":"Point","coordinates":[-90.06734,30.02394]},"properties":{"probability":0.714,"inBuffer":false,"facType":"police"}},{"type":"Feature","geometry":{"type":"Point","coordinates":[-90.06284,30.02394]},"properties":{"probability":0.726,"inBuffer":true,"facType":"police"}},{"type":"Feature","geometry":{"type":"Point","coordinates":[-90.05835,30.02394]},"properties":{"probability":0.714,"inBuffer":true,"facType":"police"}},{"type":"Feature","geometry":{"type":"Point","coordinates":[-90.05386,30.02394]},"properties":{"probability":0.669,"inBuffer":false,"facType":"fire"}},{"type":"Feature","geometry":{"type":"Point","coordinates":[-90.04937,30.02394]},"properties":{"probability":0.673,"inBuffer":false,"facType":"fire"}},{"type":"Feature","geometry":{"type":"Point","coordinates":[-90.04488,30.02394]},"properties":{"probability":0.56,"inBuffer":false,"facType":"government"}},{"type":"Feature","geometry":{"type":"Point","coordinates":[-90.04039,30.02394]},"properties":{"probability":0.576,"inBuffer":false,"facType":"government"}},{"type":"Feature","geometry":{"type":"Point","coordinates":[-90.0359,30.02394]},"properties":{"probability":0.629,"inBuffer":false,"facType":"government"}},{"type":"Feature","geometry":{"type":"Point","coordinates":[-90.0314,30.02394]},"properties":{"probability":0.768,"inBuffer":false,"facType":"fire"}},{"type":"Feature","geometry":{"type":"Point","coordinates":[-90.02691,30.02394]},"properties":{"probability":0.803,"inBuffer":true,"facType":"fire"}},{"type":"Feature","geometry":{"type":"Point","coordinates":[-90.02242,30.02394]},"properties":{"probability":0.725,"inBuffer":true,"facType":"fire"}},{"type":"Feature","geometry":{"type":"Point","coordinates":[-90.01793,30.02394]},"properties":{"probability":0.684,"inBuffer":true,"facType":"fire"}},{"type":"Feature","geometry":{"type":"Point","coordinates":[-90.01344,30.02394]},"properties":{"probability":0.621,"inBuffer":false,"facType":"fire"}},{"type":"Feature","geometry":{"type":"Point","coordinates":[-90.00895,30.02394]},"properties":{"probability":0.481,"inBuffer":false,"facType":"fire"}},{"type":"Feature","geometry":{"type":"Point","coordinates":[-90.00446,30.02394]},"properties":{"probability":0.498,"inBuffer":false,"facType":"fire"}},{"type":"Feature","geometry":{"type":"Point","coordinates":[-89.99996,30.02394]},"properties":{"probability":0.701,"inBuffer":false,"facType":"fire"}},{"type":"Feature","geometry":{"type":"Point","coordinates":[-89.99547,30.02394]},"properties":{"probability":0.704,"inBuffer":false,"facType":"hospital"}},{"type":"Feature","geometry":{"type":"Point","coordinates":[-89.99098,30.02394]},"properties":{"probability":0.556,"inBuffer":false,"facType":"hospital"}},{"type":"Feature","geometry":{"type":"Point","coordinates":[-89.98649,30.02394]},"properties":{"probability":0.573,"inBuffer":false,"facType":"hospital"}},{"type":"Feature","geometry":{"type":"Point","coordinates":[-89.98199,30.02394]},"properties":{"probability":0.667,"inBuffer":false,"facType":"hospital"}},{"type":"Feature","geometry":{"type":"Point","coordinates":[-89.9775,30.02394]},"properties":{"probability":0.691,"inBuffer":true,"facType":"hospital"}},{"type":"Feature","geometry":{"type":"Point","coordinates":[-89.97301,30.02394]},"properties":{"probability":0.706,"inBuffer":true,"facType":"fire"}},{"type":"Feature","geometry":{"type":"Point","coordinates":[-89.96852,30.02394]},"properties":{"probability":0.698,"inBuffer":true,"facType":"fire"}},{"type":"Feature","geometry":{"type":"Point","coordinates":[-89.96403,30.02394]},"properties":{"probability":0.62,"inBuffer":true,"facType":"police"}},{"type":"Feature","geometry":{"type":"Point","coordinates":[-89.95954,30.02394]},"properties":{"probability":0.649,"inBuffer":false,"facType":"substation"}},{"type":"Feature","geometry":{"type":"Point","coordinates":[-89.95505,30.02394]},"properties":{"probability":0.648,"inBuffer":false,"facType":"substation"}},{"type":"Feature","geometry":{"type":"Point","coordinates":[-89.95055,30.02394]},"properties":{"probability":0.655,"inBuffer":false,"facType":"substation"}},{"type":"Feature","geometry":{"type":"Point","coordinates":[-89.94606,30.02394]},"properties":{"probability":0.577,"inBuffer":false,"facType":"substation"}},{"type":"Feature","geometry":{"type":"Point","coordinates":[-89.94157,30.02394]},"properties":{"probability":0.223,"inBuffer":false,"facType":"fire"}},{"type":"Feature","geometry":{"type":"Point","coordinates":[-89.93708,30.02394]},"properties":{"probability":0.234,"inBuffer":false,"facType":"fire"}},{"type":"Feature","geometry":{"type":"Point","coordinates":[-89.93259,30.02394]},"properties":{"probability":0.562,"inBuffer":true,"facType":"fire"}},{"type":"Feature","geometry":{"type":"Point","coordinates":[-89.9281,30.02394]},"properties":{"probability":0.677,"inBuffer":true,"facType":"fire"}},{"type":"Feature","geometry":{"type":"Point","coordinates":[-89.92361,30.02394]},"properties":{"probability":0.697,"inBuffer":false,"facType":"government"}},{"type":"Feature","geometry":{"type":"Point","coordinates":[-89.91911,30.02394]},"properties":{"probability":0.725,"inBuffer":false,"facType":"government"}},{"type":"Feature","geometry":{"type":"Point","coordinates":[-89.91462,30.02394]},"properties":{"probability":0.696,"inBuffer":false,"facType":"government"}},{"type":"Feature","geometry":{"type":"Point","coordinates":[-89.91013,30.02394]},"properties":{"probability":0.571,"inBuffer":false,"facType":"government"}},{"type":"Feature","geometry":{"type":"Point","coordinates":[-89.90564,30.02394]},"properties":{"probability":0.438,"inBuffer":false,"facType":"substation"}},{"type":"Feature","geometry":{"type":"Point","coordinates":[-89.90115,30.02394]},"properties":{"probability":0.298,"inBuffer":false,"facType":"substation"}},{"type":"Feature","geometry":{"type":"Point","coordinates":[-90.20208,30.01945]},"properties":{"probability":0.781,"inBuffer":false,"facType":"fire"}},{"type":"Feature","geometry":{"type":"Point","coordinates":[-90.19759,30.01945]},"properties":{"probability":0.755,"inBuffer":false,"facType":"hospital"}},{"type":"Feature","geometry":{"type":"Point","coordinates":[-90.1931,30.01945]},"properties":{"probability":0.766,"inBuffer":false,"facType":"hospital"}},{"type":"Feature","geometry":{"type":"Point","coordinates":[-90.18861,30.01945]},"properties":{"probability":0.785,"inBuffer":false,"facType":"hospital"}},{"type":"Feature","geometry":{"type":"Point","coordinates":[-90.18412,30.01945]},"properties":{"probability":0.75,"inBuffer":true,"facType":"hospital"}},{"type":"Feature","geometry":{"type":"Point","coordinates":[-90.17963,30.01945]},"properties":{"probability":0.693,"inBuffer":true,"facType":"hospital"}},{"type":"Feature","geometry":{"type":"Point","coordinates":[-90.17513,30.01945]},"properties":{"probability":0.684,"inBuffer":false,"facType":"hospital"}},{"type":"Feature","geometry":{"type":"Point","coordinates":[-90.17064,30.01945]},"properties":{"probability":0.68,"inBuffer":false,"facType":"substation"}},{"type":"Feature","geometry":{"type":"Point","coordinates":[-90.16615,30.01945]},"properties":{"probability":0.715,"inBuffer":false,"facType":"substation"}},{"type":"Feature","geometry":{"type":"Point","coordinates":[-90.16166,30.01945]},"properties":{"probability":0.801,"inBuffer":true,"facType":"substation"}},{"type":"Feature","geometry":{"type":"Point","coordinates":[-90.15717,30.01945]},"properties":{"probability":0.863,"inBuffer":true,"facType":"police"}},{"type":"Feature","geometry":{"type":"Point","coordinates":[-90.15268,30.01945]},"properties":{"probability":0.799,"inBuffer":true,"facType":"police"}},{"type":"Feature","geometry":{"type":"Point","coordinates":[-90.14819,30.01945]},"properties":{"probability":0.721,"inBuffer":true,"facType":"police"}},{"type":"Feature","geometry":{"type":"Point","coordinates":[-90.14369,30.01945]},"properties":{"probability":0.654,"inBuffer":false,"facType":"police"}},{"type":"Feature","geometry":{"type":"Point","coordinates":[-90.1392,30.01945]},"properties":{"probability":0.594,"inBuffer":false,"facType":"police"}},{"type":"Feature","geometry":{"type":"Point","coordinates":[-90.13471,30.01945]},"properties":{"probability":0.566,"inBuffer":false,"facType":"substation"}},{"type":"Feature","geometry":{"type":"Point","coordinates":[-90.13022,30.01945]},"properties":{"probability":0.655,"inBuffer":false,"facType":"substation"}},{"type":"Feature","geometry":{"type":"Point","coordinates":[-90.12572,30.01945]},"properties":{"probability":0.71,"inBuffer":false,"facType":"substation"}},{"type":"Feature","geometry":{"type":"Point","coordinates":[-90.12124,30.01945]},"properties":{"probability":0.76,"inBuffer":false,"facType":"substation"}},{"type":"Feature","geometry":{"type":"Point","coordinates":[-90.11674,30.01945]},"properties":{"probability":0.732,"inBuffer":false,"facType":"substation"}},{"type":"Feature","geometry":{"type":"Point","coordinates":[-90.11225,30.01945]},"properties":{"probability":0.715,"inBuffer":false,"facType":"substation"}},{"type":"Feature","geometry":{"type":"Point","coordinates":[-90.10776,30.01945]},"properties":{"probability":0.641,"inBuffer":false,"facType":"fire"}},{"type":"Feature","geometry":{"type":"Point","coordinates":[-90.10327,30.01945]},"properties":{"probability":0.566,"inBuffer":true,"facType":"fire"}},{"type":"Feature","geometry":{"type":"Point","coordinates":[-90.09878,30.01945]},"properties":{"probability":0.523,"inBuffer":true,"facType":"fire"}},{"type":"Feature","geometry":{"type":"Point","coordinates":[-90.09428,30.01945]},"properties":{"probability":0.543,"inBuffer":true,"facType":"fire"}},{"type":"Feature","geometry":{"type":"Point","coordinates":[-90.08979,30.01945]},"properties":{"probability":0.585,"inBuffer":false,"facType":"fire"}},{"type":"Feature","geometry":{"type":"Point","coordinates":[-90.0853,30.01945]},"properties":{"probability":0.625,"inBuffer":false,"facType":"fire"}},{"type":"Feature","geometry":{"type":"Point","coordinates":[-90.08081,30.01945]},"properties":{"probability":0.647,"inBuffer":false,"facType":"fire"}},{"type":"Feature","geometry":{"type":"Point","coordinates":[-90.07632,30.01945]},"properties":{"probability":0.671,"inBuffer":false,"facType":"police"}},{"type":"Feature","geometry":{"type":"Point","coordinates":[-90.07183,30.01945]},"properties":{"probability":0.667,"inBuffer":false,"facType":"police"}},{"type":"Feature","geometry":{"type":"Point","coordinates":[-90.06734,30.01945]},"properties":{"probability":0.676,"inBuffer":false,"facType":"police"}},{"type":"Feature","geometry":{"type":"Point","coordinates":[-90.06284,30.01945]},"properties":{"probability":0.698,"inBuffer":false,"facType":"fire"}},{"type":"Feature","geometry":{"type":"Point","coordinates":[-90.05835,30.01945]},"properties":{"probability":0.698,"inBuffer":true,"facType":"fire"}},{"type":"Feature","geometry":{"type":"Point","coordinates":[-90.05386,30.01945]},"properties":{"probability":0.635,"inBuffer":true,"facType":"fire"}},{"type":"Feature","geometry":{"type":"Point","coordinates":[-90.04937,30.01945]},"properties":{"probability":0.555,"inBuffer":true,"facType":"fire"}},{"type":"Feature","geometry":{"type":"Point","coordinates":[-90.04488,30.01945]},"properties":{"probability":0.489,"inBuffer":true,"facType":"substation"}},{"type":"Feature","geometry":{"type":"Point","coordinates":[-90.04039,30.01945]},"properties":{"probability":0.484,"inBuffer":false,"facType":"substation"}},{"type":"Feature","geometry":{"type":"Point","coordinates":[-90.0359,30.01945]},"properties":{"probability":0.625,"inBuffer":false,"facType":"substation"}},{"type":"Feature","geometry":{"type":"Point","coordinates":[-90.0314,30.01945]},"properties":{"probability":0.703,"inBuffer":false,"facType":"substation"}},{"type":"Feature","geometry":{"type":"Point","coordinates":[-90.02691,30.01945]},"properties":{"probability":0.779,"inBuffer":true,"facType":"substation"}},{"type":"Feature","geometry":{"type":"Point","coordinates":[-90.02242,30.01945]},"properties":{"probability":0.778,"inBuffer":true,"facType":"fire"}},{"type":"Feature","geometry":{"type":"Point","coordinates":[-90.01793,30.01945]},"properties":{"probability":0.695,"inBuffer":true,"facType":"fire"}},{"type":"Feature","geometry":{"type":"Point","coordinates":[-90.01344,30.01945]},"properties":{"probability":0.6,"inBuffer":false,"facType":"fire"}},{"type":"Feature","geometry":{"type":"Point","coordinates":[-90.00895,30.01945]},"properties":{"probability":0.492,"inBuffer":false,"facType":"fire"}},{"type":"Feature","geometry":{"type":"Point","coordinates":[-90.00446,30.01945]},"properties":{"probability":0.493,"inBuffer":false,"facType":"fire"}},{"type":"Feature","geometry":{"type":"Point","coordinates":[-89.99996,30.01945]},"properties":{"probability":0.625,"inBuffer":false,"facType":"fire"}},{"type":"Feature","geometry":{"type":"Point","coordinates":[-89.99547,30.01945]},"properties":{"probability":0.611,"inBuffer":false,"facType":"hospital"}},{"type":"Feature","geometry":{"type":"Point","coordinates":[-89.99098,30.01945]},"properties":{"probability":0.567,"inBuffer":false,"facType":"hospital"}},{"type":"Feature","geometry":{"type":"Point","coordinates":[-89.98649,30.01945]},"properties":{"probability":0.638,"inBuffer":false,"facType":"hospital"}},{"type":"Feature","geometry":{"type":"Point","coordinates":[-89.98199,30.01945]},"properties":{"probability":0.667,"inBuffer":false,"facType":"hospital"}},{"type":"Feature","geometry":{"type":"Point","coordinates":[-89.9775,30.01945]},"properties":{"probability":0.709,"inBuffer":false,"facType":"hospital"}},{"type":"Feature","geometry":{"type":"Point","coordinates":[-89.97301,30.01945]},"properties":{"probability":0.74,"inBuffer":false,"facType":"fire"}},{"type":"Feature","geometry":{"type":"Point","coordinates":[-89.96852,30.01945]},"properties":{"probability":0.702,"inBuffer":false,"facType":"fire"}},{"type":"Feature","geometry":{"type":"Point","coordinates":[-89.96403,30.01945]},"properties":{"probability":0.688,"inBuffer":false,"facType":"police"}},{"type":"Feature","geometry":{"type":"Point","coordinates":[-89.95954,30.01945]},"properties":{"probability":0.572,"inBuffer":false,"facType":"substation"}},{"type":"Feature","geometry":{"type":"Point","coordinates":[-89.95505,30.01945]},"properties":{"probability":0.56,"inBuffer":false,"facType":"substation"}},{"type":"Feature","geometry":{"type":"Point","coordinates":[-89.95055,30.01945]},"properties":{"probability":0.358,"inBuffer":false,"facType":"substation"}},{"type":"Feature","geometry":{"type":"Point","coordinates":[-89.94606,30.01945]},"properties":{"probability":0.263,"inBuffer":false,"facType":"power"}},{"type":"Feature","geometry":{"type":"Point","coordinates":[-89.94157,30.01945]},"properties":{"probability":0.209,"inBuffer":false,"facType":"power"}},{"type":"Feature","geometry":{"type":"Point","coordinates":[-89.93708,30.01945]},"properties":{"probability":0.272,"inBuffer":false,"facType":"fire"}},{"type":"Feature","geometry":{"type":"Point","coordinates":[-89.93259,30.01945]},"properties":{"probability":0.335,"inBuffer":true,"facType":"fire"}},{"type":"Feature","geometry":{"type":"Point","coordinates":[-89.9281,30.01945]},"properties":{"probability":0.478,"inBuffer":true,"facType":"fire"}},{"type":"Feature","geometry":{"type":"Point","coordinates":[-89.92361,30.01945]},"properties":{"probability":0.588,"inBuffer":true,"facType":"fire"}},{"type":"Feature","geometry":{"type":"Point","coordinates":[-89.91911,30.01945]},"properties":{"probability":0.566,"inBuffer":false,"facType":"government"}},{"type":"Feature","geometry":{"type":"Point","coordinates":[-89.91462,30.01945]},"properties":{"probability":0.564,"inBuffer":false,"facType":"government"}},{"type":"Feature","geometry":{"type":"Point","coordinates":[-89.91013,30.01945]},"properties":{"probability":0.278,"inBuffer":false,"facType":"government"}},{"type":"Feature","geometry":{"type":"Point","coordinates":[-89.90564,30.01945]},"properties":{"probability":0.237,"inBuffer":false,"facType":"substation"}},{"type":"Feature","geometry":{"type":"Point","coordinates":[-89.90115,30.01945]},"properties":{"probability":0.213,"inBuffer":false,"facType":"substation"}},{"type":"Feature","geometry":{"type":"Point","coordinates":[-90.20208,30.01496]},"properties":{"probability":0.736,"inBuffer":false,"facType":"fire"}},{"type":"Feature","geometry":{"type":"Point","coordinates":[-90.19759,30.01496]},"properties":{"probability":0.764,"inBuffer":false,"facType":"hospital"}},{"type":"Feature","geometry":{"type":"Point","coordinates":[-90.1931,30.01496]},"properties":{"probability":0.743,"inBuffer":false,"facType":"hospital"}},{"type":"Feature","geometry":{"type":"Point","coordinates":[-90.18861,30.01496]},"properties":{"probability":0.769,"inBuffer":true,"facType":"hospital"}},{"type":"Feature","geometry":{"type":"Point","coordinates":[-90.18412,30.01496]},"properties":{"probability":0.792,"inBuffer":true,"facType":"hospital"}},{"type":"Feature","geometry":{"type":"Point","coordinates":[-90.17963,30.01496]},"properties":{"probability":0.792,"inBuffer":true,"facType":"hospital"}},{"type":"Feature","geometry":{"type":"Point","coordinates":[-90.17513,30.01496]},"properties":{"probability":0.767,"inBuffer":true,"facType":"hospital"}},{"type":"Feature","geometry":{"type":"Point","coordinates":[-90.17064,30.01496]},"properties":{"probability":0.774,"inBuffer":false,"facType":"police"}},{"type":"Feature","geometry":{"type":"Point","coordinates":[-90.16615,30.01496]},"properties":{"probability":0.798,"inBuffer":true,"facType":"police"}},{"type":"Feature","geometry":{"type":"Point","coordinates":[-90.16166,30.01496]},"properties":{"probability":0.863,"inBuffer":true,"facType":"substation"}},{"type":"Feature","geometry":{"type":"Point","coordinates":[-90.15717,30.01496]},"properties":{"probability":0.877,"inBuffer":true,"facType":"fire"}},{"type":"Feature","geometry":{"type":"Point","coordinates":[-90.15268,30.01496]},"properties":{"probability":0.844,"inBuffer":true,"facType":"fire"}},{"type":"Feature","geometry":{"type":"Point","coordinates":[-90.14819,30.01496]},"properties":{"probability":0.729,"inBuffer":true,"facType":"police"}},{"type":"Feature","geometry":{"type":"Point","coordinates":[-90.14369,30.01496]},"properties":{"probability":0.703,"inBuffer":false,"facType":"police"}},{"type":"Feature","geometry":{"type":"Point","coordinates":[-90.1392,30.01496]},"properties":{"probability":0.689,"inBuffer":false,"facType":"police"}},{"type":"Feature","geometry":{"type":"Point","coordinates":[-90.13471,30.01496]},"properties":{"probability":0.693,"inBuffer":false,"facType":"substation"}},{"type":"Feature","geometry":{"type":"Point","coordinates":[-90.13022,30.01496]},"properties":{"probability":0.685,"inBuffer":false,"facType":"substation"}},{"type":"Feature","geometry":{"type":"Point","coordinates":[-90.12572,30.01496]},"properties":{"probability":0.734,"inBuffer":false,"facType":"substation"}},{"type":"Feature","geometry":{"type":"Point","coordinates":[-90.12124,30.01496]},"properties":{"probability":0.73,"inBuffer":false,"facType":"substation"}},{"type":"Feature","geometry":{"type":"Point","coordinates":[-90.11674,30.01496]},"properties":{"probability":0.691,"inBuffer":false,"facType":"substation"}},{"type":"Feature","geometry":{"type":"Point","coordinates":[-90.11225,30.01496]},"properties":{"probability":0.664,"inBuffer":false,"facType":"substation"}},{"type":"Feature","geometry":{"type":"Point","coordinates":[-90.10776,30.01496]},"properties":{"probability":0.582,"inBuffer":false,"facType":"fire"}},{"type":"Feature","geometry":{"type":"Point","coordinates":[-90.10327,30.01496]},"properties":{"probability":0.561,"inBuffer":true,"facType":"fire"}},{"type":"Feature","geometry":{"type":"Point","coordinates":[-90.09878,30.01496]},"properties":{"probability":0.408,"inBuffer":true,"facType":"fire"}},{"type":"Feature","geometry":{"type":"Point","coordinates":[-90.09428,30.01496]},"properties":{"probability":0.345,"inBuffer":true,"facType":"fire"}},{"type":"Feature","geometry":{"type":"Point","coordinates":[-90.08979,30.01496]},"properties":{"probability":0.443,"inBuffer":false,"facType":"fire"}},{"type":"Feature","geometry":{"type":"Point","coordinates":[-90.0853,30.01496]},"properties":{"probability":0.558,"inBuffer":false,"facType":"fire"}},{"type":"Feature","geometry":{"type":"Point","coordinates":[-90.08081,30.01496]},"properties":{"probability":0.623,"inBuffer":false,"facType":"fire"}},{"type":"Feature","geometry":{"type":"Point","coordinates":[-90.07632,30.01496]},"properties":{"probability":0.686,"inBuffer":false,"facType":"fire"}},{"type":"Feature","geometry":{"type":"Point","coordinates":[-90.07183,30.01496]},"properties":{"probability":0.647,"inBuffer":false,"facType":"substation"}},{"type":"Feature","geometry":{"type":"Point","coordinates":[-90.06734,30.01496]},"properties":{"probability":0.641,"inBuffer":false,"facType":"fire"}},{"type":"Feature","geometry":{"type":"Point","coordinates":[-90.06284,30.01496]},"properties":{"probability":0.668,"inBuffer":false,"facType":"fire"}},{"type":"Feature","geometry":{"type":"Point","coordinates":[-90.05835,30.01496]},"properties":{"probability":0.655,"inBuffer":true,"facType":"fire"}},{"type":"Feature","geometry":{"type":"Point","coordinates":[-90.05386,30.01496]},"properties":{"probability":0.637,"inBuffer":true,"facType":"fire"}},{"type":"Feature","geometry":{"type":"Point","coordinates":[-90.04937,30.01496]},"properties":{"probability":0.585,"inBuffer":true,"facType":"fire"}},{"type":"Feature","geometry":{"type":"Point","coordinates":[-90.04488,30.01496]},"properties":{"probability":0.564,"inBuffer":true,"facType":"substation"}},{"type":"Feature","geometry":{"type":"Point","coordinates":[-90.04039,30.01496]},"properties":{"probability":0.557,"inBuffer":false,"facType":"substation"}},{"type":"Feature","geometry":{"type":"Point","coordinates":[-90.0359,30.01496]},"properties":{"probability":0.574,"inBuffer":false,"facType":"substation"}},{"type":"Feature","geometry":{"type":"Point","coordinates":[-90.0314,30.01496]},"properties":{"probability":0.694,"inBuffer":false,"facType":"substation"}},{"type":"Feature","geometry":{"type":"Point","coordinates":[-90.02691,30.01496]},"properties":{"probability":0.799,"inBuffer":true,"facType":"substation"}},{"type":"Feature","geometry":{"type":"Point","coordinates":[-90.02242,30.01496]},"properties":{"probability":0.793,"inBuffer":true,"facType":"substation"}},{"type":"Feature","geometry":{"type":"Point","coordinates":[-90.01793,30.01496]},"properties":{"probability":0.748,"inBuffer":true,"facType":"substation"}},{"type":"Feature","geometry":{"type":"Point","coordinates":[-90.01344,30.01496]},"properties":{"probability":0.672,"inBuffer":false,"facType":"power"}},{"type":"Feature","geometry":{"type":"Point","coordinates":[-90.00895,30.01496]},"properties":{"probability":0.616,"inBuffer":false,"facType":"power"}},{"type":"Feature","geometry":{"type":"Point","coordinates":[-90.00446,30.01496]},"properties":{"probability":0.663,"inBuffer":false,"facType":"power"}},{"type":"Feature","geometry":{"type":"Point","coordinates":[-89.99996,30.01496]},"properties":{"probability":0.729,"inBuffer":false,"facType":"power"}},{"type":"Feature","geometry":{"type":"Point","coordinates":[-89.99547,30.01496]},"properties":{"probability":0.71,"inBuffer":false,"facType":"hospital"}},{"type":"Feature","geometry":{"type":"Point","coordinates":[-89.99098,30.01496]},"properties":{"probability":0.676,"inBuffer":false,"facType":"hospital"}},{"type":"Feature","geometry":{"type":"Point","coordinates":[-89.98649,30.01496]},"properties":{"probability":0.685,"inBuffer":false,"facType":"hospital"}},{"type":"Feature","geometry":{"type":"Point","coordinates":[-89.98199,30.01496]},"properties":{"probability":0.712,"inBuffer":false,"facType":"hospital"}},{"type":"Feature","geometry":{"type":"Point","coordinates":[-89.9775,30.01496]},"properties":{"probability":0.701,"inBuffer":false,"facType":"hospital"}},{"type":"Feature","geometry":{"type":"Point","coordinates":[-89.97301,30.01496]},"properties":{"probability":0.708,"inBuffer":false,"facType":"fire"}},{"type":"Feature","geometry":{"type":"Point","coordinates":[-89.96852,30.01496]},"properties":{"probability":0.59,"inBuffer":false,"facType":"fire"}},{"type":"Feature","geometry":{"type":"Point","coordinates":[-89.96403,30.01496]},"properties":{"probability":0.486,"inBuffer":false,"facType":"fire"}},{"type":"Feature","geometry":{"type":"Point","coordinates":[-89.95954,30.01496]},"properties":{"probability":0.366,"inBuffer":false,"facType":"substation"}},{"type":"Feature","geometry":{"type":"Point","coordinates":[-89.95505,30.01496]},"properties":{"probability":0.248,"inBuffer":false,"facType":"substation"}},{"type":"Feature","geometry":{"type":"Point","coordinates":[-89.95055,30.01496]},"properties":{"probability":0.35,"inBuffer":false,"facType":"substation"}},{"type":"Feature","geometry":{"type":"Point","coordinates":[-89.94606,30.01496]},"properties":{"probability":0.547,"inBuffer":false,"facType":"substation"}},{"type":"Feature","geometry":{"type":"Point","coordinates":[-89.94157,30.01496]},"properties":{"probability":0.537,"inBuffer":true,"facType":"power"}},{"type":"Feature","geometry":{"type":"Point","coordinates":[-89.93708,30.01496]},"properties":{"probability":0.489,"inBuffer":true,"facType":"power"}},{"type":"Feature","geometry":{"type":"Point","coordinates":[-89.93259,30.01496]},"properties":{"probability":0.361,"inBuffer":true,"facType":"power"}},{"type":"Feature","geometry":{"type":"Point","coordinates":[-89.9281,30.01496]},"properties":{"probability":0.338,"inBuffer":true,"facType":"fire"}},{"type":"Feature","geometry":{"type":"Point","coordinates":[-89.92361,30.01496]},"properties":{"probability":0.261,"inBuffer":true,"facType":"fire"}},{"type":"Feature","geometry":{"type":"Point","coordinates":[-89.91911,30.01496]},"properties":{"probability":0.276,"inBuffer":false,"facType":"fire"}},{"type":"Feature","geometry":{"type":"Point","coordinates":[-89.91462,30.01496]},"properties":{"probability":0.215,"inBuffer":false,"facType":"government"}},{"type":"Feature","geometry":{"type":"Point","coordinates":[-89.91013,30.01496]},"properties":{"probability":0.222,"inBuffer":false,"facType":"government"}},{"type":"Feature","geometry":{"type":"Point","coordinates":[-89.90564,30.01496]},"properties":{"probability":0.228,"inBuffer":false,"facType":"substation"}},{"type":"Feature","geometry":{"type":"Point","coordinates":[-89.90115,30.01496]},"properties":{"probability":0.229,"inBuffer":false,"facType":"substation"}},{"type":"Feature","geometry":{"type":"Point","coordinates":[-90.20208,30.01047]},"properties":{"probability":0.787,"inBuffer":false,"facType":"fire"}},{"type":"Feature","geometry":{"type":"Point","coordinates":[-90.19759,30.01047]},"properties":{"probability":0.797,"inBuffer":false,"facType":"hospital"}},{"type":"Feature","geometry":{"type":"Point","coordinates":[-90.1931,30.01047]},"properties":{"probability":0.742,"inBuffer":false,"facType":"hospital"}},{"type":"Feature","geometry":{"type":"Point","coordinates":[-90.18861,30.01047]},"properties":{"probability":0.735,"inBuffer":false,"facType":"hospital"}},{"type":"Feature","geometry":{"type":"Point","coordinates":[-90.18412,30.01047]},"properties":{"probability":0.798,"inBuffer":true,"facType":"hospital"}},{"type":"Feature","geometry":{"type":"Point","coordinates":[-90.17963,30.01047]},"properties":{"probability":0.796,"inBuffer":true,"facType":"hospital"}},{"type":"Feature","geometry":{"type":"Point","coordinates":[-90.17513,30.01047]},"properties":{"probability":0.793,"inBuffer":true,"facType":"hospital"}},{"type":"Feature","geometry":{"type":"Point","coordinates":[-90.17064,30.01047]},"properties":{"probability":0.794,"inBuffer":true,"facType":"police"}},{"type":"Feature","geometry":{"type":"Point","coordinates":[-90.16615,30.01047]},"properties":{"probability":0.855,"inBuffer":true,"facType":"police"}},{"type":"Feature","geometry":{"type":"Point","coordinates":[-90.16166,30.01047]},"properties":{"probability":0.874,"inBuffer":true,"facType":"police"}},{"type":"Feature","geometry":{"type":"Point","coordinates":[-90.15717,30.01047]},"properties":{"probability":0.871,"inBuffer":true,"facType":"fire"}},{"type":"Feature","geometry":{"type":"Point","coordinates":[-90.15268,30.01047]},"properties":{"probability":0.828,"inBuffer":true,"facType":"fire"}},{"type":"Feature","geometry":{"type":"Point","coordinates":[-90.14819,30.01047]},"properties":{"probability":0.729,"inBuffer":true,"facType":"fire"}},{"type":"Feature","geometry":{"type":"Point","coordinates":[-90.14369,30.01047]},"properties":{"probability":0.698,"inBuffer":false,"facType":"fire"}},{"type":"Feature","geometry":{"type":"Point","coordinates":[-90.1392,30.01047]},"properties":{"probability":0.692,"inBuffer":false,"facType":"fire"}},{"type":"Feature","geometry":{"type":"Point","coordinates":[-90.13471,30.01047]},"properties":{"probability":0.69,"inBuffer":false,"facType":"fire"}},{"type":"Feature","geometry":{"type":"Point","coordinates":[-90.13022,30.01047]},"properties":{"probability":0.701,"inBuffer":false,"facType":"substation"}},{"type":"Feature","geometry":{"type":"Point","coordinates":[-90.12572,30.01047]},"properties":{"probability":0.732,"inBuffer":false,"facType":"substation"}},{"type":"Feature","geometry":{"type":"Point","coordinates":[-90.12124,30.01047]},"properties":{"probability":0.724,"inBuffer":false,"facType":"substation"}},{"type":"Feature","geometry":{"type":"Point","coordinates":[-90.11674,30.01047]},"properties":{"probability":0.682,"inBuffer":false,"facType":"substation"}},{"type":"Feature","geometry":{"type":"Point","coordinates":[-90.11225,30.01047]},"properties":{"probability":0.66,"inBuffer":false,"facType":"substation"}},{"type":"Feature","geometry":{"type":"Point","coordinates":[-90.10776,30.01047]},"properties":{"probability":0.639,"inBuffer":true,"facType":"fire"}},{"type":"Feature","geometry":{"type":"Point","coordinates":[-90.10327,30.01047]},"properties":{"probability":0.56,"inBuffer":true,"facType":"fire"}},{"type":"Feature","geometry":{"type":"Point","coordinates":[-90.09878,30.01047]},"properties":{"probability":0.369,"inBuffer":false,"facType":"fire"}},{"type":"Feature","geometry":{"type":"Point","coordinates":[-90.09428,30.01047]},"properties":{"probability":0.213,"inBuffer":false,"facType":"fire"}},{"type":"Feature","geometry":{"type":"Point","coordinates":[-90.08979,30.01047]},"properties":{"probability":0.256,"inBuffer":false,"facType":"fire"}},{"type":"Feature","geometry":{"type":"Point","coordinates":[-90.0853,30.01047]},"properties":{"probability":0.466,"inBuffer":false,"facType":"fire"}},{"type":"Feature","geometry":{"type":"Point","coordinates":[-90.08081,30.01047]},"properties":{"probability":0.605,"inBuffer":false,"facType":"fire"}},{"type":"Feature","geometry":{"type":"Point","coordinates":[-90.07632,30.01047]},"properties":{"probability":0.643,"inBuffer":false,"facType":"fire"}},{"type":"Feature","geometry":{"type":"Point","coordinates":[-90.07183,30.01047]},"properties":{"probability":0.635,"inBuffer":false,"facType":"fire"}},{"type":"Feature","geometry":{"type":"Point","coordinates":[-90.06734,30.01047]},"properties":{"probability":0.636,"inBuffer":false,"facType":"substation"}},{"type":"Feature","geometry":{"type":"Point","coordinates":[-90.06284,30.01047]},"properties":{"probability":0.674,"inBuffer":false,"facType":"substation"}},{"type":"Feature","geometry":{"type":"Point","coordinates":[-90.05835,30.01047]},"properties":{"probability":0.637,"inBuffer":false,"facType":"fire"}},{"type":"Feature","geometry":{"type":"Point","coordinates":[-90.05386,30.01047]},"properties":{"probability":0.664,"inBuffer":true,"facType":"fire"}},{"type":"Feature","geometry":{"type":"Point","coordinates":[-90.04937,30.01047]},"properties":{"probability":0.671,"inBuffer":true,"facType":"substation"}},{"type":"Feature","geometry":{"type":"Point","coordinates":[-90.04488,30.01047]},"properties":{"probability":0.667,"inBuffer":false,"facType":"substation"}},{"type":"Feature","geometry":{"type":"Point","coordinates":[-90.04039,30.01047]},"properties":{"probability":0.707,"inBuffer":false,"facType":"substation"}},{"type":"Feature","geometry":{"type":"Point","coordinates":[-90.0359,30.01047]},"properties":{"probability":0.662,"inBuffer":false,"facType":"substation"}},{"type":"Feature","geometry":{"type":"Point","coordinates":[-90.0314,30.01047]},"properties":{"probability":0.765,"inBuffer":true,"facType":"substation"}},{"type":"Feature","geometry":{"type":"Point","coordinates":[-90.02691,30.01047]},"properties":{"probability":0.802,"inBuffer":true,"facType":"power"}},{"type":"Feature","geometry":{"type":"Point","coordinates":[-90.02242,30.01047]},"properties":{"probability":0.863,"inBuffer":true,"facType":"power"}},{"type":"Feature","geometry":{"type":"Point","coordinates":[-90.01793,30.01047]},"properties":{"probability":0.851,"inBuffer":true,"facType":"power"}},{"type":"Feature","geometry":{"type":"Point","coordinates":[-90.01344,30.01047]},"properties":{"probability":0.801,"inBuffer":false,"facType":"power"}},{"type":"Feature","geometry":{"type":"Point","coordinates":[-90.00895,30.01047]},"properties":{"probability":0.786,"inBuffer":false,"facType":"power"}},{"type":"Feature","geometry":{"type":"Point","coordinates":[-90.00446,30.01047]},"properties":{"probability":0.723,"inBuffer":false,"facType":"power"}},{"type":"Feature","geometry":{"type":"Point","coordinates":[-89.99996,30.01047]},"properties":{"probability":0.762,"inBuffer":false,"facType":"power"}},{"type":"Feature","geometry":{"type":"Point","coordinates":[-89.99547,30.01047]},"properties":{"probability":0.713,"inBuffer":false,"facType":"power"}},{"type":"Feature","geometry":{"type":"Point","coordinates":[-89.99098,30.01047]},"properties":{"probability":0.637,"inBuffer":false,"facType":"hospital"}},{"type":"Feature","geometry":{"type":"Point","coordinates":[-89.98649,30.01047]},"properties":{"probability":0.449,"inBuffer":false,"facType":"hospital"}},{"type":"Feature","geometry":{"type":"Point","coordinates":[-89.98199,30.01047]},"properties":{"probability":0.378,"inBuffer":false,"facType":"hospital"}},{"type":"Feature","geometry":{"type":"Point","coordinates":[-89.9775,30.01047]},"properties":{"probability":0.618,"inBuffer":false,"facType":"fire"}},{"type":"Feature","geometry":{"type":"Point","coordinates":[-89.97301,30.01047]},"properties":{"probability":0.56,"inBuffer":false,"facType":"fire"}},{"type":"Feature","geometry":{"type":"Point","coordinates":[-89.96852,30.01047]},"properties":{"probability":0.507,"inBuffer":false,"facType":"fire"}},{"type":"Feature","geometry":{"type":"Point","coordinates":[-89.96403,30.01047]},"properties":{"probability":0.562,"inBuffer":false,"facType":"fire"}},{"type":"Feature","geometry":{"type":"Point","coordinates":[-89.95954,30.01047]},"properties":{"probability":0.489,"inBuffer":false,"facType":"substation"}},{"type":"Feature","geometry":{"type":"Point","coordinates":[-89.95505,30.01047]},"properties":{"probability":0.26,"inBuffer":false,"facType":"substation"}},{"type":"Feature","geometry":{"type":"Point","coordinates":[-89.95055,30.01047]},"properties":{"probability":0.436,"inBuffer":false,"facType":"substation"}},{"type":"Feature","geometry":{"type":"Point","coordinates":[-89.94606,30.01047]},"properties":{"probability":0.728,"inBuffer":false,"facType":"substation"}},{"type":"Feature","geometry":{"type":"Point","coordinates":[-89.94157,30.01047]},"properties":{"probability":0.8,"inBuffer":true,"facType":"substation"}},{"type":"Feature","geometry":{"type":"Point","coordinates":[-89.93708,30.01047]},"properties":{"probability":0.761,"inBuffer":true,"facType":"substation"}},{"type":"Feature","geometry":{"type":"Point","coordinates":[-89.93259,30.01047]},"properties":{"probability":0.273,"inBuffer":true,"facType":"power"}},{"type":"Feature","geometry":{"type":"Point","coordinates":[-89.9281,30.01047]},"properties":{"probability":0.202,"inBuffer":false,"facType":"power"}},{"type":"Feature","geometry":{"type":"Point","coordinates":[-89.92361,30.01047]},"properties":{"probability":0.218,"inBuffer":false,"facType":"fire"}},{"type":"Feature","geometry":{"type":"Point","coordinates":[-89.91911,30.01047]},"properties":{"probability":0.311,"inBuffer":false,"facType":"fire"}},{"type":"Feature","geometry":{"type":"Point","coordinates":[-89.91462,30.01047]},"properties":{"probability":0.26,"inBuffer":false,"facType":"fire"}},{"type":"Feature","geometry":{"type":"Point","coordinates":[-89.91013,30.01047]},"properties":{"probability":0.233,"inBuffer":false,"facType":"government"}},{"type":"Feature","geometry":{"type":"Point","coordinates":[-90.20208,30.00598]},"properties":{"probability":0.801,"inBuffer":false,"facType":"fire"}},{"type":"Feature","geometry":{"type":"Point","coordinates":[-90.19759,30.00598]},"properties":{"probability":0.811,"inBuffer":false,"facType":"hospital"}},{"type":"Feature","geometry":{"type":"Point","coordinates":[-90.1931,30.00598]},"properties":{"probability":0.801,"inBuffer":false,"facType":"hospital"}},{"type":"Feature","geometry":{"type":"Point","coordinates":[-90.18861,30.00598]},"properties":{"probability":0.795,"inBuffer":false,"facType":"hospital"}},{"type":"Feature","geometry":{"type":"Point","coordinates":[-90.18412,30.00598]},"properties":{"probability":0.805,"inBuffer":false,"facType":"hospital"}},{"type":"Feature","geometry":{"type":"Point","coordinates":[-90.17963,30.00598]},"properties":{"probability":0.801,"inBuffer":false,"facType":"hospital"}},{"type":"Feature","geometry":{"type":"Point","coordinates":[-90.17513,30.00598]},"properties":{"probability":0.791,"inBuffer":false,"facType":"hospital"}},{"type":"Feature","geometry":{"type":"Point","coordinates":[-90.17064,30.00598]},"properties":{"probability":0.801,"inBuffer":false,"facType":"police"}},{"type":"Feature","geometry":{"type":"Point","coordinates":[-90.16615,30.00598]},"properties":{"probability":0.871,"inBuffer":true,"facType":"police"}},{"type":"Feature","geometry":{"type":"Point","coordinates":[-90.16166,30.00598]},"properties":{"probability":0.875,"inBuffer":true,"facType":"police"}},{"type":"Feature","geometry":{"type":"Point","coordinates":[-90.15717,30.00598]},"properties":{"probability":0.869,"inBuffer":true,"facType":"fire"}},{"type":"Feature","geometry":{"type":"Point","coordinates":[-90.15268,30.00598]},"properties":{"probability":0.828,"inBuffer":true,"facType":"fire"}},{"type":"Feature","geometry":{"type":"Point","coordinates":[-90.14819,30.00598]},"properties":{"probability":0.765,"inBuffer":false,"facType":"fire"}},{"type":"Feature","geometry":{"type":"Point","coordinates":[-90.14369,30.00598]},"properties":{"probability":0.736,"inBuffer":false,"facType":"fire"}},{"type":"Feature","geometry":{"type":"Point","coordinates":[-90.1392,30.00598]},"properties":{"probability":0.742,"inBuffer":false,"facType":"fire"}},{"type":"Feature","geometry":{"type":"Point","coordinates":[-90.13471,30.00598]},"properties":{"probability":0.737,"inBuffer":false,"facType":"fire"}},{"type":"Feature","geometry":{"type":"Point","coordinates":[-90.13022,30.00598]},"properties":{"probability":0.699,"inBuffer":false,"facType":"substation"}},{"type":"Feature","geometry":{"type":"Point","coordinates":[-90.12572,30.00598]},"properties":{"probability":0.708,"inBuffer":false,"facType":"substation"}},{"type":"Feature","geometry":{"type":"Point","coordinates":[-90.12124,30.00598]},"properties":{"probability":0.731,"inBuffer":false,"facType":"substation"}},{"type":"Feature","geometry":{"type":"Point","coordinates":[-90.11674,30.00598]},"properties":{"probability":0.709,"inBuffer":false,"facType":"substation"}},{"type":"Feature","geometry":{"type":"Point","coordinates":[-90.11225,30.00598]},"properties":{"probability":0.7,"inBuffer":true,"facType":"fire"}},{"type":"Feature","geometry":{"type":"Point","coordinates":[-90.10776,30.00598]},"properties":{"probability":0.68,"inBuffer":true,"facType":"fire"}},{"type":"Feature","geometry":{"type":"Point","coordinates":[-90.10327,30.00598]},"properties":{"probability":0.646,"inBuffer":true,"facType":"fire"}},{"type":"Feature","geometry":{"type":"Point","coordinates":[-90.09878,30.00598]},"properties":{"probability":0.518,"inBuffer":true,"facType":"fire"}},{"type":"Feature","geometry":{"type":"Point","coordinates":[-90.09428,30.00598]},"properties":{"probability":0.331,"inBuffer":false,"facType":"fire"}},{"type":"Feature","geometry":{"type":"Point","coordinates":[-90.08979,30.00598]},"properties":{"probability":0.26,"inBuffer":false,"facType":"fire"}},{"type":"Feature","geometry":{"type":"Point","coordinates":[-90.0853,30.00598]},"properties":{"probability":0.476,"inBuffer":false,"facType":"fire"}},{"type":"Feature","geometry":{"type":"Point","coordinates":[-90.08081,30.00598]},"properties":{"probability":0.548,"inBuffer":false,"facType":"fire"}},{"type":"Feature","geometry":{"type":"Point","coordinates":[-90.07632,30.00598]},"properties":{"probability":0.617,"inBuffer":false,"facType":"fire"}},{"type":"Feature","geometry":{"type":"Point","coordinates":[-90.07183,30.00598]},"properties":{"probability":0.64,"inBuffer":false,"facType":"fire"}},{"type":"Feature","geometry":{"type":"Point","coordinates":[-90.06734,30.00598]},"properties":{"probability":0.629,"inBuffer":false,"facType":"substation"}},{"type":"Feature","geometry":{"type":"Point","coordinates":[-90.06284,30.00598]},"properties":{"probability":0.678,"inBuffer":false,"facType":"substation"}},{"type":"Feature","geometry":{"type":"Point","coordinates":[-90.05835,30.00598]},"properties":{"probability":0.689,"inBuffer":false,"facType":"substation"}},{"type":"Feature","geometry":{"type":"Point","coordinates":[-90.05386,30.00598]},"properties":{"probability":0.637,"inBuffer":false,"facType":"substation"}},{"type":"Feature","geometry":{"type":"Point","coordinates":[-90.04937,30.00598]},"properties":{"probability":0.667,"inBuffer":false,"facType":"substation"}},{"type":"Feature","geometry":{"type":"Point","coordinates":[-90.04488,30.00598]},"properties":{"probability":0.733,"inBuffer":false,"facType":"substation"}},{"type":"Feature","geometry":{"type":"Point","coordinates":[-90.04039,30.00598]},"properties":{"probability":0.801,"inBuffer":true,"facType":"fire"}},{"type":"Feature","geometry":{"type":"Point","coordinates":[-90.0359,30.00598]},"properties":{"probability":0.81,"inBuffer":true,"facType":"fire"}},{"type":"Feature","geometry":{"type":"Point","coordinates":[-90.0314,30.00598]},"properties":{"probability":0.793,"inBuffer":true,"facType":"fire"}},{"type":"Feature","geometry":{"type":"Point","coordinates":[-90.02691,30.00598]},"properties":{"probability":0.794,"inBuffer":true,"facType":"power"}},{"type":"Feature","geometry":{"type":"Point","coordinates":[-90.02242,30.00598]},"properties":{"probability":0.841,"inBuffer":true,"facType":"power"}},{"type":"Feature","geometry":{"type":"Point","coordinates":[-90.01793,30.00598]},"properties":{"probability":0.838,"inBuffer":false,"facType":"power"}},{"type":"Feature","geometry":{"type":"Point","coordinates":[-90.01344,30.00598]},"properties":{"probability":0.794,"inBuffer":false,"facType":"power"}},{"type":"Feature","geometry":{"type":"Point","coordinates":[-90.00895,30.00598]},"properties":{"probability":0.748,"inBuffer":false,"facType":"power"}},{"type":"Feature","geometry":{"type":"Point","coordinates":[-90.00446,30.00598]},"properties":{"probability":0.692,"inBuffer":false,"facType":"power"}},{"type":"Feature","geometry":{"type":"Point","coordinates":[-89.99996,30.00598]},"properties":{"probability":0.669,"inBuffer":false,"facType":"power"}},{"type":"Feature","geometry":{"type":"Point","coordinates":[-89.99547,30.00598]},"properties":{"probability":0.597,"inBuffer":false,"facType":"power"}},{"type":"Feature","geometry":{"type":"Point","coordinates":[-89.99098,30.00598]},"properties":{"probability":0.335,"inBuffer":false,"facType":"hospital"}},{"type":"Feature","geometry":{"type":"Point","coordinates":[-89.98649,30.00598]},"properties":{"probability":0.197,"inBuffer":false,"facType":"hospital"}},{"type":"Feature","geometry":{"type":"Point","coordinates":[-89.98199,30.00598]},"properties":{"probability":0.259,"inBuffer":false,"facType":"hospital"}},{"type":"Feature","geometry":{"type":"Point","coordinates":[-89.9775,30.00598]},"properties":{"probability":0.309,"inBuffer":false,"facType":"fire"}},{"type":"Feature","geometry":{"type":"Point","coordinates":[-89.97301,30.00598]},"properties":{"probability":0.277,"inBuffer":false,"facType":"fire"}},{"type":"Feature","geometry":{"type":"Point","coordinates":[-89.96852,30.00598]},"properties":{"probability":0.443,"inBuffer":false,"facType":"fire"}},{"type":"Feature","geometry":{"type":"Point","coordinates":[-89.96403,30.00598]},"properties":{"probability":0.625,"inBuffer":false,"facType":"fire"}},{"type":"Feature","geometry":{"type":"Point","coordinates":[-89.95954,30.00598]},"properties":{"probability":0.484,"inBuffer":false,"facType":"substation"}},{"type":"Feature","geometry":{"type":"Point","coordinates":[-89.95505,30.00598]},"properties":{"probability":0.255,"inBuffer":false,"facType":"substation"}},{"type":"Feature","geometry":{"type":"Point","coordinates":[-89.95055,30.00598]},"properties":{"probability":0.21,"inBuffer":false,"facType":"substation"}},{"type":"Feature","geometry":{"type":"Point","coordinates":[-89.94606,30.00598]},"properties":{"probability":0.24,"inBuffer":false,"facType":"substation"}},{"type":"Feature","geometry":{"type":"Point","coordinates":[-89.94157,30.00598]},"properties":{"probability":0.564,"inBuffer":false,"facType":"substation"}},{"type":"Feature","geometry":{"type":"Point","coordinates":[-89.93708,30.00598]},"properties":{"probability":0.688,"inBuffer":true,"facType":"substation"}},{"type":"Feature","geometry":{"type":"Point","coordinates":[-89.93259,30.00598]},"properties":{"probability":0.251,"inBuffer":false,"facType":"substation"}},{"type":"Feature","geometry":{"type":"Point","coordinates":[-89.9281,30.00598]},"properties":{"probability":0.269,"inBuffer":false,"facType":"substation"}},{"type":"Feature","geometry":{"type":"Point","coordinates":[-89.92361,30.00598]},"properties":{"probability":0.233,"inBuffer":false,"facType":"power"}},{"type":"Feature","geometry":{"type":"Point","coordinates":[-90.20208,30.00148]},"properties":{"probability":0.731,"inBuffer":false,"facType":"hospital"}},{"type":"Feature","geometry":{"type":"Point","coordinates":[-90.19759,30.00148]},"properties":{"probability":0.77,"inBuffer":false,"facType":"hospital"}},{"type":"Feature","geometry":{"type":"Point","coordinates":[-90.1931,30.00148]},"properties":{"probability":0.793,"inBuffer":false,"facType":"hospital"}},{"type":"Feature","geometry":{"type":"Point","coordinates":[-90.18861,30.00148]},"properties":{"probability":0.847,"inBuffer":true,"facType":"hospital"}},{"type":"Feature","geometry":{"type":"Point","coordinates":[-90.18412,30.00148]},"properties":{"probability":0.851,"inBuffer":true,"facType":"hospital"}},{"type":"Feature","geometry":{"type":"Point","coordinates":[-90.17963,30.00148]},"properties":{"probability":0.841,"inBuffer":false,"facType":"hospital"}},{"type":"Feature","geometry":{"type":"Point","coordinates":[-90.17513,30.00148]},"properties":{"probability":0.843,"inBuffer":false,"facType":"substation"}},{"type":"Feature","geometry":{"type":"Point","coordinates":[-90.17064,30.00148]},"properties":{"probability":0.792,"inBuffer":false,"facType":"substation"}},{"type":"Feature","geometry":{"type":"Point","coordinates":[-90.16615,30.00148]},"properties":{"probability":0.848,"inBuffer":true,"facType":"hospital"}},{"type":"Feature","geometry":{"type":"Point","coordinates":[-90.16166,30.00148]},"properties":{"probability":0.874,"inBuffer":true,"facType":"hospital"}},{"type":"Feature","geometry":{"type":"Point","coordinates":[-90.15717,30.00148]},"properties":{"probability":0.868,"inBuffer":true,"facType":"hospital"}},{"type":"Feature","geometry":{"type":"Point","coordinates":[-90.15268,30.00148]},"properties":{"probability":0.843,"inBuffer":true,"facType":"hospital"}},{"type":"Feature","geometry":{"type":"Point","coordinates":[-90.14819,30.00148]},"properties":{"probability":0.804,"inBuffer":false,"facType":"hospital"}},{"type":"Feature","geometry":{"type":"Point","coordinates":[-90.14369,30.00148]},"properties":{"probability":0.798,"inBuffer":false,"facType":"fire"}},{"type":"Feature","geometry":{"type":"Point","coordinates":[-90.1392,30.00148]},"properties":{"probability":0.799,"inBuffer":true,"facType":"fire"}},{"type":"Feature","geometry":{"type":"Point","coordinates":[-90.13471,30.00148]},"properties":{"probability":0.798,"inBuffer":true,"facType":"fire"}},{"type":"Feature","geometry":{"type":"Point","coordinates":[-90.13022,30.00148]},"properties":{"probability":0.792,"inBuffer":true,"facType":"substation"}},{"type":"Feature","geometry":{"type":"Point","coordinates":[-90.12572,30.00148]},"properties":{"probability":0.798,"inBuffer":false,"facType":"substation"}},{"type":"Feature","geometry":{"type":"Point","coordinates":[-90.12124,30.00148]},"properties":{"probability":0.8,"inBuffer":false,"facType":"substation"}},{"type":"Feature","geometry":{"type":"Point","coordinates":[-90.11674,30.00148]},"properties":{"probability":0.706,"inBuffer":false,"facType":"substation"}},{"type":"Feature","geometry":{"type":"Point","coordinates":[-90.11225,30.00148]},"properties":{"probability":0.67,"inBuffer":true,"facType":"fire"}},{"type":"Feature","geometry":{"type":"Point","coordinates":[-90.10776,30.00148]},"properties":{"probability":0.68,"inBuffer":true,"facType":"fire"}},{"type":"Feature","geometry":{"type":"Point","coordinates":[-90.10327,30.00148]},"properties":{"probability":0.633,"inBuffer":true,"facType":"fire"}},{"type":"Feature","geometry":{"type":"Point","coordinates":[-90.09878,30.00148]},"properties":{"probability":0.43,"inBuffer":false,"facType":"fire"}},{"type":"Feature","geometry":{"type":"Point","coordinates":[-90.09428,30.00148]},"properties":{"probability":0.384,"inBuffer":false,"facType":"fire"}},{"type":"Feature","geometry":{"type":"Point","coordinates":[-90.08979,30.00148]},"properties":{"probability":0.354,"inBuffer":false,"facType":"fire"}},{"type":"Feature","geometry":{"type":"Point","coordinates":[-90.0853,30.00148]},"properties":{"probability":0.567,"inBuffer":false,"facType":"fire"}},{"type":"Feature","geometry":{"type":"Point","coordinates":[-90.08081,30.00148]},"properties":{"probability":0.644,"inBuffer":false,"facType":"fire"}},{"type":"Feature","geometry":{"type":"Point","coordinates":[-90.07632,30.00148]},"properties":{"probability":0.656,"inBuffer":true,"facType":"fire"}},{"type":"Feature","geometry":{"type":"Point","coordinates":[-90.07183,30.00148]},"properties":{"probability":0.638,"inBuffer":true,"facType":"fire"}},{"type":"Feature","geometry":{"type":"Point","coordinates":[-90.06734,30.00148]},"properties":{"probability":0.66,"inBuffer":false,"facType":"substation"}},{"type":"Feature","geometry":{"type":"Point","coordinates":[-90.06284,30.00148]},"properties":{"probability":0.748,"inBuffer":false,"facType":"substation"}},{"type":"Feature","geometry":{"type":"Point","coordinates":[-90.05835,30.00148]},"properties":{"probability":0.771,"inBuffer":false,"facType":"substation"}},{"type":"Feature","geometry":{"type":"Point","coordinates":[-90.05386,30.00148]},"properties":{"probability":0.668,"inBuffer":false,"facType":"substation"}},{"type":"Feature","geometry":{"type":"Point","coordinates":[-90.04937,30.00148]},"properties":{"probability":0.66,"inBuffer":false,"facType":"substation"}},{"type":"Feature","geometry":{"type":"Point","coordinates":[-90.04488,30.00148]},"properties":{"probability":0.735,"inBuffer":false,"facType":"fire"}},{"type":"Feature","geometry":{"type":"Point","coordinates":[-90.04039,30.00148]},"properties":{"probability":0.796,"inBuffer":true,"facType":"fire"}},{"type":"Feature","geometry":{"type":"Point","coordinates":[-90.0359,30.00148]},"properties":{"probability":0.806,"inBuffer":true,"facType":"fire"}},{"type":"Feature","geometry":{"type":"Point","coordinates":[-90.0314,30.00148]},"properties":{"probability":0.789,"inBuffer":true,"facType":"fire"}},{"type":"Feature","geometry":{"type":"Point","coordinates":[-90.02691,30.00148]},"properties":{"probability":0.726,"inBuffer":false,"facType":"fire"}},{"type":"Feature","geometry":{"type":"Point","coordinates":[-90.02242,30.00148]},"properties":{"probability":0.714,"inBuffer":false,"facType":"power"}},{"type":"Feature","geometry":{"type":"Point","coordinates":[-90.01793,30.00148]},"properties":{"probability":0.747,"inBuffer":false,"facType":"power"}},{"type":"Feature","geometry":{"type":"Point","coordinates":[-90.01344,30.00148]},"properties":{"probability":0.732,"inBuffer":false,"facType":"power"}},{"type":"Feature","geometry":{"type":"Point","coordinates":[-90.00895,30.00148]},"properties":{"probability":0.387,"inBuffer":false,"facType":"power"}},{"type":"Feature","geometry":{"type":"Point","coordinates":[-90.00446,30.00148]},"properties":{"probability":0.305,"inBuffer":false,"facType":"power"}},{"type":"Feature","geometry":{"type":"Point","coordinates":[-89.99996,30.00148]},"properties":{"probability":0.489,"inBuffer":false,"facType":"power"}},{"type":"Feature","geometry":{"type":"Point","coordinates":[-89.99547,30.00148]},"properties":{"probability":0.392,"inBuffer":false,"facType":"power"}},{"type":"Feature","geometry":{"type":"Point","coordinates":[-89.99098,30.00148]},"properties":{"probability":0.23,"inBuffer":false,"facType":"substation"}},{"type":"Feature","geometry":{"type":"Point","coordinates":[-89.98649,30.00148]},"properties":{"probability":0.188,"inBuffer":false,"facType":"hospital"}},{"type":"Feature","geometry":{"type":"Point","coordinates":[-89.98199,30.00148]},"properties":{"probability":0.196,"inBuffer":false,"facType":"hospital"}},{"type":"Feature","geometry":{"type":"Point","coordinates":[-89.9775,30.00148]},"properties":{"probability":0.204,"inBuffer":false,"facType":"fire"}},{"type":"Feature","geometry":{"type":"Point","coordinates":[-89.97301,30.00148]},"properties":{"probability":0.183,"inBuffer":false,"facType":"fire"}},{"type":"Feature","geometry":{"type":"Point","coordinates":[-89.96852,30.00148]},"properties":{"probability":0.198,"inBuffer":false,"facType":"fire"}},{"type":"Feature","geometry":{"type":"Point","coordinates":[-89.96403,30.00148]},"properties":{"probability":0.235,"inBuffer":false,"facType":"substation"}},{"type":"Feature","geometry":{"type":"Point","coordinates":[-89.95954,30.00148]},"properties":{"probability":0.386,"inBuffer":false,"facType":"substation"}},{"type":"Feature","geometry":{"type":"Point","coordinates":[-89.95505,30.00148]},"properties":{"probability":0.217,"inBuffer":false,"facType":"substation"}},{"type":"Feature","geometry":{"type":"Point","coordinates":[-89.95055,30.00148]},"properties":{"probability":0.182,"inBuffer":false,"facType":"substation"}},{"type":"Feature","geometry":{"type":"Point","coordinates":[-89.94606,30.00148]},"properties":{"probability":0.277,"inBuffer":false,"facType":"substation"}},{"type":"Feature","geometry":{"type":"Point","coordinates":[-89.94157,30.00148]},"properties":{"probability":0.258,"inBuffer":false,"facType":"substation"}},{"type":"Feature","geometry":{"type":"Point","coordinates":[-89.93259,30.00148]},"properties":{"probability":0.234,"inBuffer":false,"facType":"substation"}},{"type":"Feature","geometry":{"type":"Point","coordinates":[-90.20208,29.99699]},"properties":{"probability":0.678,"inBuffer":false,"facType":"hospital"}},{"type":"Feature","geometry":{"type":"Point","coordinates":[-90.19759,29.99699]},"properties":{"probability":0.724,"inBuffer":false,"facType":"hospital"}},{"type":"Feature","geometry":{"type":"Point","coordinates":[-90.1931,29.99699]},"properties":{"probability":0.801,"inBuffer":true,"facType":"hospital"}},{"type":"Feature","geometry":{"type":"Point","coordinates":[-90.18861,29.99699]},"properties":{"probability":0.817,"inBuffer":true,"facType":"hospital"}},{"type":"Feature","geometry":{"type":"Point","coordinates":[-90.18412,29.99699]},"properties":{"probability":0.848,"inBuffer":true,"facType":"hospital"}},{"type":"Feature","geometry":{"type":"Point","coordinates":[-90.17963,29.99699]},"properties":{"probability":0.851,"inBuffer":true,"facType":"hospital"}},{"type":"Feature","geometry":{"type":"Point","coordinates":[-90.17513,29.99699]},"properties":{"probability":0.84,"inBuffer":false,"facType":"substation"}},{"type":"Feature","geometry":{"type":"Point","coordinates":[-90.17064,29.99699]},"properties":{"probability":0.802,"inBuffer":false,"facType":"substation"}},{"type":"Feature","geometry":{"type":"Point","coordinates":[-90.16615,29.99699]},"properties":{"probability":0.839,"inBuffer":true,"facType":"hospital"}},{"type":"Feature","geometry":{"type":"Point","coordinates":[-90.16166,29.99699]},"properties":{"probability":0.869,"inBuffer":true,"facType":"hospital"}},{"type":"Feature","geometry":{"type":"Point","coordinates":[-90.15717,29.99699]},"properties":{"probability":0.862,"inBuffer":true,"facType":"hospital"}},{"type":"Feature","geometry":{"type":"Point","coordinates":[-90.15268,29.99699]},"properties":{"probability":0.803,"inBuffer":true,"facType":"hospital"}},{"type":"Feature","geometry":{"type":"Point","coordinates":[-90.14819,29.99699]},"properties":{"probability":0.769,"inBuffer":true,"facType":"hospital"}},{"type":"Feature","geometry":{"type":"Point","coordinates":[-90.14369,29.99699]},"properties":{"probability":0.776,"inBuffer":false,"facType":"fire"}},{"type":"Feature","geometry":{"type":"Point","coordinates":[-90.1392,29.99699]},"properties":{"probability":0.76,"inBuffer":true,"facType":"fire"}},{"type":"Feature","geometry":{"type":"Point","coordinates":[-90.13471,29.99699]},"properties":{"probability":0.768,"inBuffer":true,"facType":"fire"}},{"type":"Feature","geometry":{"type":"Point","coordinates":[-90.13022,29.99699]},"properties":{"probability":0.792,"inBuffer":true,"facType":"fire"}},{"type":"Feature","geometry":{"type":"Point","coordinates":[-90.12572,29.99699]},"properties":{"probability":0.792,"inBuffer":false,"facType":"substation"}},{"type":"Feature","geometry":{"type":"Point","coordinates":[-90.12124,29.99699]},"properties":{"probability":0.801,"inBuffer":false,"facType":"substation"}},{"type":"Feature","geometry":{"type":"Point","coordinates":[-90.11674,29.99699]},"properties":{"probability":0.675,"inBuffer":false,"facType":"substation"}},{"type":"Feature","geometry":{"type":"Point","coordinates":[-90.11225,29.99699]},"properties":{"probability":0.647,"inBuffer":false,"facType":"fire"}},{"type":"Feature","geometry":{"type":"Point","coordinates":[-90.10776,29.99699]},"properties":{"probability":0.656,"inBuffer":false,"facType":"fire"}},{"type":"Feature","geometry":{"type":"Point","coordinates":[-90.10327,29.99699]},"properties":{"probability":0.554,"inBuffer":false,"facType":"fire"}},{"type":"Feature","geometry":{"type":"Point","coordinates":[-90.09878,29.99699]},"properties":{"probability":0.381,"inBuffer":false,"facType":"fire"}},{"type":"Feature","geometry":{"type":"Point","coordinates":[-90.09428,29.99699]},"properties":{"probability":0.379,"inBuffer":false,"facType":"fire"}},{"type":"Feature","geometry":{"type":"Point","coordinates":[-90.08979,29.99699]},"properties":{"probability":0.611,"inBuffer":false,"facType":"fire"}},{"type":"Feature","geometry":{"type":"Point","coordinates":[-90.0853,29.99699]},"properties":{"probability":0.704,"inBuffer":false,"facType":"fire"}},{"type":"Feature","geometry":{"type":"Point","coordinates":[-90.08081,29.99699]},"properties":{"probability":0.698,"inBuffer":true,"facType":"fire"}},{"type":"Feature","geometry":{"type":"Point","coordinates":[-90.07632,29.99699]},"properties":{"probability":0.704,"inBuffer":true,"facType":"fire"}},{"type":"Feature","geometry":{"type":"Point","coordinates":[-90.07183,29.99699]},"properties":{"probability":0.643,"inBuffer":true,"facType":"fire"}},{"type":"Feature","geometry":{"type":"Point","coordinates":[-90.06734,29.99699]},"properties":{"probability":0.695,"inBuffer":true,"facType":"substation"}},{"type":"Feature","geometry":{"type":"Point","coordinates":[-90.06284,29.99699]},"properties":{"probability":0.775,"inBuffer":false,"facType":"substation"}},{"type":"Feature","geometry":{"type":"Point","coordinates":[-90.05835,29.99699]},"properties":{"probability":0.791,"inBuffer":false,"facType":"substation"}},{"type":"Feature","geometry":{"type":"Point","coordinates":[-90.05386,29.99699]},"properties":{"probability":0.64,"inBuffer":false,"facType":"substation"}},{"type":"Feature","geometry":{"type":"Point","coordinates":[-90.04937,29.99699]},"properties":{"probability":0.619,"inBuffer":false,"facType":"substation"}},{"type":"Feature","geometry":{"type":"Point","coordinates":[-90.04488,29.99699]},"properties":{"probability":0.69,"inBuffer":false,"facType":"substation"}},{"type":"Feature","geometry":{"type":"Point","coordinates":[-90.04039,29.99699]},"properties":{"probability":0.707,"inBuffer":false,"facType":"substation"}},{"type":"Feature","geometry":{"type":"Point","coordinates":[-90.0359,29.99699]},"properties":{"probability":0.789,"inBuffer":true,"facType":"fire"}},{"type":"Feature","geometry":{"type":"Point","coordinates":[-90.0314,29.99699]},"properties":{"probability":0.785,"inBuffer":true,"facType":"power"}},{"type":"Feature","geometry":{"type":"Point","coordinates":[-90.02691,29.99699]},"properties":{"probability":0.661,"inBuffer":true,"facType":"power"}},{"type":"Feature","geometry":{"type":"Point","coordinates":[-90.02242,29.99699]},"properties":{"probability":0.66,"inBuffer":false,"facType":"power"}},{"type":"Feature","geometry":{"type":"Point","coordinates":[-90.01793,29.99699]},"properties":{"probability":0.597,"inBuffer":false,"facType":"power"}},{"type":"Feature","geometry":{"type":"Point","coordinates":[-90.01344,29.99699]},"properties":{"probability":0.587,"inBuffer":false,"facType":"power"}},{"type":"Feature","geometry":{"type":"Point","coordinates":[-90.00895,29.99699]},"properties":{"probability":0.248,"inBuffer":false,"facType":"power"}},{"type":"Feature","geometry":{"type":"Point","coordinates":[-90.00446,29.99699]},"properties":{"probability":0.233,"inBuffer":false,"facType":"power"}},{"type":"Feature","geometry":{"type":"Point","coordinates":[-89.99996,29.99699]},"properties":{"probability":0.435,"inBuffer":false,"facType":"substation"}},{"type":"Feature","geometry":{"type":"Point","coordinates":[-89.99547,29.99699]},"properties":{"probability":0.305,"inBuffer":false,"facType":"substation"}},{"type":"Feature","geometry":{"type":"Point","coordinates":[-89.99098,29.99699]},"properties":{"probability":0.207,"inBuffer":false,"facType":"substation"}},{"type":"Feature","geometry":{"type":"Point","coordinates":[-89.98649,29.99699]},"properties":{"probability":0.246,"inBuffer":false,"facType":"substation"}},{"type":"Feature","geometry":{"type":"Point","coordinates":[-89.98199,29.99699]},"properties":{"probability":0.175,"inBuffer":false,"facType":"substation"}},{"type":"Feature","geometry":{"type":"Point","coordinates":[-89.9775,29.99699]},"properties":{"probability":0.226,"inBuffer":false,"facType":"substation"}},{"type":"Feature","geometry":{"type":"Point","coordinates":[-89.97301,29.99699]},"properties":{"probability":0.214,"inBuffer":false,"facType":"substation"}},{"type":"Feature","geometry":{"type":"Point","coordinates":[-89.96852,29.99699]},"properties":{"probability":0.194,"inBuffer":false,"facType":"substation"}},{"type":"Feature","geometry":{"type":"Point","coordinates":[-89.96403,29.99699]},"properties":{"probability":0.193,"inBuffer":false,"facType":"substation"}},{"type":"Feature","geometry":{"type":"Point","coordinates":[-89.95954,29.99699]},"properties":{"probability":0.212,"inBuffer":false,"facType":"substation"}},{"type":"Feature","geometry":{"type":"Point","coordinates":[-89.95505,29.99699]},"properties":{"probability":0.204,"inBuffer":false,"facType":"substation"}},{"type":"Feature","geometry":{"type":"Point","coordinates":[-89.94157,29.99699]},"properties":{"probability":0.21,"inBuffer":false,"facType":"substation"}},{"type":"Feature","geometry":{"type":"Point","coordinates":[-90.20208,29.9925]},"properties":{"probability":0.641,"inBuffer":false,"facType":"government"}},{"type":"Feature","geometry":{"type":"Point","coordinates":[-90.19759,29.9925]},"properties":{"probability":0.699,"inBuffer":false,"facType":"hospital"}},{"type":"Feature","geometry":{"type":"Point","coordinates":[-90.1931,29.9925]},"properties":{"probability":0.799,"inBuffer":false,"facType":"hospital"}},{"type":"Feature","geometry":{"type":"Point","coordinates":[-90.18861,29.9925]},"properties":{"probability":0.804,"inBuffer":true,"facType":"hospital"}},{"type":"Feature","geometry":{"type":"Point","coordinates":[-90.18412,29.9925]},"properties":{"probability":0.813,"inBuffer":true,"facType":"hospital"}},{"type":"Feature","geometry":{"type":"Point","coordinates":[-90.17963,29.9925]},"properties":{"probability":0.857,"inBuffer":false,"facType":"substation"}},{"type":"Feature","geometry":{"type":"Point","coordinates":[-90.17513,29.9925]},"properties":{"probability":0.818,"inBuffer":false,"facType":"substation"}},{"type":"Feature","geometry":{"type":"Point","coordinates":[-90.17064,29.9925]},"properties":{"probability":0.785,"inBuffer":false,"facType":"substation"}},{"type":"Feature","geometry":{"type":"Point","coordinates":[-90.16615,29.9925]},"properties":{"probability":0.807,"inBuffer":false,"facType":"substation"}},{"type":"Feature","geometry":{"type":"Point","coordinates":[-90.16166,29.9925]},"properties":{"probability":0.809,"inBuffer":false,"facType":"hospital"}},{"type":"Feature","geometry":{"type":"Point","coordinates":[-90.15717,29.9925]},"properties":{"probability":0.81,"inBuffer":true,"facType":"hospital"}},{"type":"Feature","geometry":{"type":"Point","coordinates":[-90.15268,29.9925]},"properties":{"probability":0.797,"inBuffer":true,"facType":"hospital"}},{"type":"Feature","geometry":{"type":"Point","coordinates":[-90.14819,29.9925]},"properties":{"probability":0.749,"inBuffer":true,"facType":"hospital"}},{"type":"Feature","geometry":{"type":"Point","coordinates":[-90.14369,29.9925]},"properties":{"probability":0.701,"inBuffer":false,"facType":"hospital"}},{"type":"Feature","geometry":{"type":"Point","coordinates":[-90.1392,29.9925]},"properties":{"probability":0.696,"inBuffer":true,"facType":"fire"}},{"type":"Feature","geometry":{"type":"Point","coordinates":[-90.13471,29.9925]},"properties":{"probability":0.704,"inBuffer":true,"facType":"fire"}},{"type":"Feature","geometry":{"type":"Point","coordinates":[-90.13022,29.9925]},"properties":{"probability":0.718,"inBuffer":true,"facType":"fire"}},{"type":"Feature","geometry":{"type":"Point","coordinates":[-90.12572,29.9925]},"properties":{"probability":0.703,"inBuffer":false,"facType":"substation"}},{"type":"Feature","geometry":{"type":"Point","coordinates":[-90.12124,29.9925]},"properties":{"probability":0.699,"inBuffer":false,"facType":"substation"}},{"type":"Feature","geometry":{"type":"Point","coordinates":[-90.11674,29.9925]},"properties":{"probability":0.695,"inBuffer":false,"facType":"police"}},{"type":"Feature","geometry":{"type":"Point","coordinates":[-90.11225,29.9925]},"properties":{"probability":0.658,"inBuffer":false,"facType":"police"}},{"type":"Feature","geometry":{"type":"Point","coordinates":[-90.10776,29.9925]},"properties":{"probability":0.633,"inBuffer":false,"facType":"fire"}},{"type":"Feature","geometry":{"type":"Point","coordinates":[-90.10327,29.9925]},"properties":{"probability":0.611,"inBuffer":false,"facType":"fire"}},{"type":"Feature","geometry":{"type":"Point","coordinates":[-90.09878,29.9925]},"properties":{"probability":0.58,"inBuffer":false,"facType":"government"}},{"type":"Feature","geometry":{"type":"Point","coordinates":[-90.09428,29.9925]},"properties":{"probability":0.571,"inBuffer":false,"facType":"fire"}},{"type":"Feature","geometry":{"type":"Point","coordinates":[-90.08979,29.9925]},"properties":{"probability":0.698,"inBuffer":false,"facType":"fire"}},{"type":"Feature","geometry":{"type":"Point","coordinates":[-90.0853,29.9925]},"properties":{"probability":0.791,"inBuffer":false,"facType":"fire"}},{"type":"Feature","geometry":{"type":"Point","coordinates":[-90.08081,29.9925]},"properties":{"probability":0.78,"inBuffer":false,"facType":"fire"}},{"type":"Feature","geometry":{"type":"Point","coordinates":[-90.07632,29.9925]},"properties":{"probability":0.734,"inBuffer":true,"facType":"fire"}},{"type":"Feature","geometry":{"type":"Point","coordinates":[-90.07183,29.9925]},"properties":{"probability":0.725,"inBuffer":true,"facType":"fire"}},{"type":"Feature","geometry":{"type":"Point","coordinates":[-90.06734,29.9925]},"properties":{"probability":0.734,"inBuffer":false,"facType":"fire"}},{"type":"Feature","geometry":{"type":"Point","coordinates":[-90.06284,29.9925]},"properties":{"probability":0.76,"inBuffer":false,"facType":"substation"}},{"type":"Feature","geometry":{"type":"Point","coordinates":[-90.05835,29.9925]},"properties":{"probability":0.765,"inBuffer":false,"facType":"substation"}},{"type":"Feature","geometry":{"type":"Point","coordinates":[-90.05386,29.9925]},"properties":{"probability":0.704,"inBuffer":false,"facType":"substation"}},{"type":"Feature","geometry":{"type":"Point","coordinates":[-90.04937,29.9925]},"properties":{"probability":0.676,"inBuffer":false,"facType":"substation"}},{"type":"Feature","geometry":{"type":"Point","coordinates":[-90.04488,29.9925]},"properties":{"probability":0.662,"inBuffer":false,"facType":"substation"}},{"type":"Feature","geometry":{"type":"Point","coordinates":[-90.04039,29.9925]},"properties":{"probability":0.692,"inBuffer":false,"facType":"substation"}},{"type":"Feature","geometry":{"type":"Point","coordinates":[-90.0359,29.9925]},"properties":{"probability":0.715,"inBuffer":true,"facType":"power"}},{"type":"Feature","geometry":{"type":"Point","coordinates":[-90.0314,29.9925]},"properties":{"probability":0.701,"inBuffer":true,"facType":"power"}},{"type":"Feature","geometry":{"type":"Point","coordinates":[-90.02691,29.9925]},"properties":{"probability":0.554,"inBuffer":true,"facType":"power"}},{"type":"Feature","geometry":{"type":"Point","coordinates":[-90.02242,29.9925]},"properties":{"probability":0.396,"inBuffer":true,"facType":"power"}},{"type":"Feature","geometry":{"type":"Point","coordinates":[-90.01793,29.9925]},"properties":{"probability":0.389,"inBuffer":false,"facType":"power"}},{"type":"Feature","geometry":{"type":"Point","coordinates":[-90.01344,29.9925]},"properties":{"probability":0.296,"inBuffer":false,"facType":"power"}},{"type":"Feature","geometry":{"type":"Point","coordinates":[-90.00895,29.9925]},"properties":{"probability":0.218,"inBuffer":false,"facType":"power"}},{"type":"Feature","geometry":{"type":"Point","coordinates":[-90.00446,29.9925]},"properties":{"probability":0.247,"inBuffer":false,"facType":"substation"}},{"type":"Feature","geometry":{"type":"Point","coordinates":[-89.99996,29.9925]},"properties":{"probability":0.199,"inBuffer":false,"facType":"substation"}},{"type":"Feature","geometry":{"type":"Point","coordinates":[-89.99547,29.9925]},"properties":{"probability":0.217,"inBuffer":false,"facType":"substation"}},{"type":"Feature","geometry":{"type":"Point","coordinates":[-89.99098,29.9925]},"properties":{"probability":0.199,"inBuffer":false,"facType":"substation"}},{"type":"Feature","geometry":{"type":"Point","coordinates":[-89.98649,29.9925]},"properties":{"probability":0.201,"inBuffer":false,"facType":"substation"}},{"type":"Feature","geometry":{"type":"Point","coordinates":[-89.95505,29.9925]},"properties":{"probability":0.26,"inBuffer":false,"facType":"substation"}},{"type":"Feature","geometry":{"type":"Point","coordinates":[-89.94157,29.9925]},"properties":{"probability":0.233,"inBuffer":false,"facType":"substation"}},{"type":"Feature","geometry":{"type":"Point","coordinates":[-90.20208,29.98801]},"properties":{"probability":0.677,"inBuffer":false,"facType":"government"}},{"type":"Feature","geometry":{"type":"Point","coordinates":[-90.19759,29.98801]},"properties":{"probability":0.665,"inBuffer":false,"facType":"government"}},{"type":"Feature","geometry":{"type":"Point","coordinates":[-90.1931,29.98801]},"properties":{"probability":0.694,"inBuffer":false,"facType":"hospital"}},{"type":"Feature","geometry":{"type":"Point","coordinates":[-90.18861,29.98801]},"properties":{"probability":0.719,"inBuffer":false,"facType":"hospital"}},{"type":"Feature","geometry":{"type":"Point","coordinates":[-90.18412,29.98801]},"properties":{"probability":0.781,"inBuffer":false,"facType":"hospital"}},{"type":"Feature","geometry":{"type":"Point","coordinates":[-90.17963,29.98801]},"properties":{"probability":0.805,"inBuffer":false,"facType":"substation"}},{"type":"Feature","geometry":{"type":"Point","coordinates":[-90.17513,29.98801]},"properties":{"probability":0.767,"inBuffer":false,"facType":"substation"}},{"type":"Feature","geometry":{"type":"Point","coordinates":[-90.17064,29.98801]},"properties":{"probability":0.713,"inBuffer":false,"facType":"substation"}},{"type":"Feature","geometry":{"type":"Point","coordinates":[-90.16615,29.98801]},"properties":{"probability":0.742,"inBuffer":false,"facType":"substation"}},{"type":"Feature","geometry":{"type":"Point","coordinates":[-90.16166,29.98801]},"properties":{"probability":0.784,"inBuffer":false,"facType":"hospital"}},{"type":"Feature","geometry":{"type":"Point","coordinates":[-90.15717,29.98801]},"properties":{"probability":0.765,"inBuffer":true,"facType":"hospital"}},{"type":"Feature","geometry":{"type":"Point","coordinates":[-90.15268,29.98801]},"properties":{"probability":0.768,"inBuffer":true,"facType":"hospital"}},{"type":"Feature","geometry":{"type":"Point","coordinates":[-90.14819,29.98801]},"properties":{"probability":0.733,"inBuffer":false,"facType":"hospital"}},{"type":"Feature","geometry":{"type":"Point","coordinates":[-90.14369,29.98801]},"properties":{"probability":0.749,"inBuffer":false,"facType":"fire"}},{"type":"Feature","geometry":{"type":"Point","coordinates":[-90.1392,29.98801]},"properties":{"probability":0.733,"inBuffer":false,"facType":"fire"}},{"type":"Feature","geometry":{"type":"Point","coordinates":[-90.13471,29.98801]},"properties":{"probability":0.726,"inBuffer":false,"facType":"fire"}},{"type":"Feature","geometry":{"type":"Point","coordinates":[-90.13022,29.98801]},"properties":{"probability":0.734,"inBuffer":false,"facType":"fire"}},{"type":"Feature","geometry":{"type":"Point","coordinates":[-90.12572,29.98801]},"properties":{"probability":0.695,"inBuffer":false,"facType":"substation"}},{"type":"Feature","geometry":{"type":"Point","coordinates":[-90.12124,29.98801]},"properties":{"probability":0.696,"inBuffer":false,"facType":"police"}},{"type":"Feature","geometry":{"type":"Point","coordinates":[-90.11674,29.98801]},"properties":{"probability":0.704,"inBuffer":false,"facType":"police"}},{"type":"Feature","geometry":{"type":"Point","coordinates":[-90.11225,29.98801]},"properties":{"probability":0.704,"inBuffer":true,"facType":"police"}},{"type":"Feature","geometry":{"type":"Point","coordinates":[-90.10776,29.98801]},"properties":{"probability":0.729,"inBuffer":true,"facType":"fire"}},{"type":"Feature","geometry":{"type":"Point","coordinates":[-90.10327,29.98801]},"properties":{"probability":0.705,"inBuffer":true,"facType":"government"}},{"type":"Feature","geometry":{"type":"Point","coordinates":[-90.09878,29.98801]},"properties":{"probability":0.678,"inBuffer":false,"facType":"fire"}},{"type":"Feature","geometry":{"type":"Point","coordinates":[-90.09428,29.98801]},"properties":{"probability":0.67,"inBuffer":true,"facType":"fire"}},{"type":"Feature","geometry":{"type":"Point","coordinates":[-90.08979,29.98801]},"properties":{"probability":0.686,"inBuffer":false,"facType":"fire"}},{"type":"Feature","geometry":{"type":"Point","coordinates":[-90.0853,29.98801]},"properties":{"probability":0.739,"inBuffer":false,"facType":"fire"}},{"type":"Feature","geometry":{"type":"Point","coordinates":[-90.08081,29.98801]},"properties":{"probability":0.73,"inBuffer":false,"facType":"fire"}},{"type":"Feature","geometry":{"type":"Point","coordinates":[-90.07632,29.98801]},"properties":{"probability":0.716,"inBuffer":false,"facType":"fire"}},{"type":"Feature","geometry":{"type":"Point","coordinates":[-90.07183,29.98801]},"properties":{"probability":0.744,"inBuffer":false,"facType":"fire"}},{"type":"Feature","geometry":{"type":"Point","coordinates":[-90.06734,29.98801]},"properties":{"probability":0.741,"inBuffer":false,"facType":"fire"}},{"type":"Feature","geometry":{"type":"Point","coordinates":[-90.06284,29.98801]},"properties":{"probability":0.785,"inBuffer":false,"facType":"fire"}},{"type":"Feature","geometry":{"type":"Point","coordinates":[-90.05835,29.98801]},"properties":{"probability":0.794,"inBuffer":false,"facType":"fire"}},{"type":"Feature","geometry":{"type":"Point","coordinates":[-90.05386,29.98801]},"properties":{"probability":0.707,"inBuffer":false,"facType":"government"}},{"type":"Feature","geometry":{"type":"Point","coordinates":[-90.04937,29.98801]},"properties":{"probability":0.685,"inBuffer":false,"facType":"government"}},{"type":"Feature","geometry":{"type":"Point","coordinates":[-90.04488,29.98801]},"properties":{"probability":0.663,"inBuffer":false,"facType":"government"}},{"type":"Feature","geometry":{"type":"Point","coordinates":[-90.04039,29.98801]},"properties":{"probability":0.637,"inBuffer":true,"facType":"government"}},{"type":"Feature","geometry":{"type":"Point","coordinates":[-90.0359,29.98801]},"properties":{"probability":0.671,"inBuffer":true,"facType":"fire"}},{"type":"Feature","geometry":{"type":"Point","coordinates":[-90.0314,29.98801]},"properties":{"probability":0.692,"inBuffer":true,"facType":"power"}},{"type":"Feature","geometry":{"type":"Point","coordinates":[-90.02691,29.98801]},"properties":{"probability":0.639,"inBuffer":true,"facType":"power"}},{"type":"Feature","geometry":{"type":"Point","coordinates":[-90.02242,29.98801]},"properties":{"probability":0.447,"inBuffer":false,"facType":"power"}},{"type":"Feature","geometry":{"type":"Point","coordinates":[-90.01793,29.98801]},"properties":{"probability":0.454,"inBuffer":false,"facType":"power"}},{"type":"Feature","geometry":{"type":"Point","coordinates":[-90.01344,29.98801]},"properties":{"probability":0.236,"inBuffer":false,"facType":"power"}},{"type":"Feature","geometry":{"type":"Point","coordinates":[-90.00895,29.98801]},"properties":{"probability":0.205,"inBuffer":false,"facType":"substation"}},{"type":"Feature","geometry":{"type":"Point","coordinates":[-90.00446,29.98801]},"properties":{"probability":0.187,"inBuffer":false,"facType":"substation"}},{"type":"Feature","geometry":{"type":"Point","coordinates":[-89.99996,29.98801]},"properties":{"probability":0.214,"inBuffer":false,"facType":"substation"}},{"type":"Feature","geometry":{"type":"Point","coordinates":[-89.98199,29.98801]},"properties":{"probability":0.191,"inBuffer":false,"facType":"substation"}},{"type":"Feature","geometry":{"type":"Point","coordinates":[-89.95505,29.98801]},"properties":{"probability":0.31,"inBuffer":false,"facType":"substation"}},{"type":"Feature","geometry":{"type":"Point","coordinates":[-89.94606,29.98801]},"properties":{"probability":0.252,"inBuffer":false,"facType":"substation"}},{"type":"Feature","geometry":{"type":"Point","coordinates":[-89.94157,29.98801]},"properties":{"probability":0.219,"inBuffer":false,"facType":"substation"}},{"type":"Feature","geometry":{"type":"Point","coordinates":[-90.20208,29.98352]},"properties":{"probability":0.685,"inBuffer":false,"facType":"government"}},{"type":"Feature","geometry":{"type":"Point","coordinates":[-90.19759,29.98352]},"properties":{"probability":0.682,"inBuffer":false,"facType":"government"}},{"type":"Feature","geometry":{"type":"Point","coordinates":[-90.1931,29.98352]},"properties":{"probability":0.697,"inBuffer":false,"facType":"fire"}},{"type":"Feature","geometry":{"type":"Point","coordinates":[-90.18861,29.98352]},"properties":{"probability":0.709,"inBuffer":false,"facType":"fire"}},{"type":"Feature","geometry":{"type":"Point","coordinates":[-90.18412,29.98352]},"properties":{"probability":0.735,"inBuffer":false,"facType":"fire"}},{"type":"Feature","geometry":{"type":"Point","coordinates":[-90.17963,29.98352]},"properties":{"probability":0.769,"inBuffer":false,"facType":"fire"}},{"type":"Feature","geometry":{"type":"Point","coordinates":[-90.17513,29.98352]},"properties":{"probability":0.729,"inBuffer":false,"facType":"substation"}},{"type":"Feature","geometry":{"type":"Point","coordinates":[-90.17064,29.98352]},"properties":{"probability":0.692,"inBuffer":false,"facType":"substation"}},{"type":"Feature","geometry":{"type":"Point","coordinates":[-90.16615,29.98352]},"properties":{"probability":0.69,"inBuffer":false,"facType":"substation"}},{"type":"Feature","geometry":{"type":"Point","coordinates":[-90.16166,29.98352]},"properties":{"probability":0.729,"inBuffer":false,"facType":"police"}},{"type":"Feature","geometry":{"type":"Point","coordinates":[-90.15717,29.98352]},"properties":{"probability":0.756,"inBuffer":false,"facType":"police"}},{"type":"Feature","geometry":{"type":"Point","coordinates":[-90.15268,29.98352]},"properties":{"probability":0.737,"inBuffer":false,"facType":"police"}},{"type":"Feature","geometry":{"type":"Point","coordinates":[-90.14819,29.98352]},"properties":{"probability":0.736,"inBuffer":true,"facType":"fire"}},{"type":"Feature","geometry":{"type":"Point","coordinates":[-90.14369,29.98352]},"properties":{"probability":0.765,"inBuffer":true,"facType":"fire"}},{"type":"Feature","geometry":{"type":"Point","coordinates":[-90.1392,29.98352]},"properties":{"probability":0.75,"inBuffer":true,"facType":"fire"}},{"type":"Feature","geometry":{"type":"Point","coordinates":[-90.13471,29.98352]},"properties":{"probability":0.73,"inBuffer":true,"facType":"fire"}},{"type":"Feature","geometry":{"type":"Point","coordinates":[-90.13022,29.98352]},"properties":{"probability":0.75,"inBuffer":false,"facType":"fire"}},{"type":"Feature","geometry":{"type":"Point","coordinates":[-90.12572,29.98352]},"properties":{"probability":0.723,"inBuffer":false,"facType":"fire"}},{"type":"Feature","geometry":{"type":"Point","coordinates":[-90.12124,29.98352]},"properties":{"probability":0.582,"inBuffer":false,"facType":"police"}},{"type":"Feature","geometry":{"type":"Point","coordinates":[-90.11674,29.98352]},"properties":{"probability":0.547,"inBuffer":true,"facType":"police"}},{"type":"Feature","geometry":{"type":"Point","coordinates":[-90.11225,29.98352]},"properties":{"probability":0.733,"inBuffer":true,"facType":"police"}},{"type":"Feature","geometry":{"type":"Point","coordinates":[-90.10776,29.98352]},"properties":{"probability":0.79,"inBuffer":true,"facType":"government"}},{"type":"Feature","geometry":{"type":"Point","coordinates":[-90.10327,29.98352]},"properties":{"probability":0.751,"inBuffer":true,"facType":"government"}},{"type":"Feature","geometry":{"type":"Point","coordinates":[-90.09878,29.98352]},"properties":{"probability":0.701,"inBuffer":true,"facType":"fire"}},{"type":"Feature","geometry":{"type":"Point","coordinates":[-90.09428,29.98352]},"properties":{"probability":0.708,"inBuffer":true,"facType":"fire"}},{"type":"Feature","geometry":{"type":"Point","coordinates":[-90.08979,29.98352]},"properties":{"probability":0.705,"inBuffer":true,"facType":"fire"}},{"type":"Feature","geometry":{"type":"Point","coordinates":[-90.0853,29.98352]},"properties":{"probability":0.677,"inBuffer":true,"facType":"fire"}},{"type":"Feature","geometry":{"type":"Point","coordinates":[-90.08081,29.98352]},"properties":{"probability":0.662,"inBuffer":false,"facType":"fire"}},{"type":"Feature","geometry":{"type":"Point","coordinates":[-90.07632,29.98352]},"properties":{"probability":0.692,"inBuffer":false,"facType":"fire"}},{"type":"Feature","geometry":{"type":"Point","coordinates":[-90.07183,29.98352]},"properties":{"probability":0.738,"inBuffer":false,"facType":"fire"}},{"type":"Feature","geometry":{"type":"Point","coordinates":[-90.06734,29.98352]},"properties":{"probability":0.743,"inBuffer":false,"facType":"fire"}},{"type":"Feature","geometry":{"type":"Point","coordinates":[-90.06284,29.98352]},"properties":{"probability":0.744,"inBuffer":true,"facType":"fire"}},{"type":"Feature","geometry":{"type":"Point","coordinates":[-90.05835,29.98352]},"properties":{"probability":0.803,"inBuffer":true,"facType":"fire"}},{"type":"Feature","geometry":{"type":"Point","coordinates":[-90.05386,29.98352]},"properties":{"probability":0.762,"inBuffer":true,"facType":"fire"}},{"type":"Feature","geometry":{"type":"Point","coordinates":[-90.04937,29.98352]},"properties":{"probability":0.726,"inBuffer":false,"facType":"government"}},{"type":"Feature","geometry":{"type":"Point","coordinates":[-90.04488,29.98352]},"properties":{"probability":0.67,"inBuffer":false,"facType":"government"}},{"type":"Feature","geometry":{"type":"Point","coordinates":[-90.04039,29.98352]},"properties":{"probability":0.633,"inBuffer":true,"facType":"fire"}},{"type":"Feature","geometry":{"type":"Point","coordinates":[-90.0359,29.98352]},"properties":{"probability":0.645,"inBuffer":true,"facType":"fire"}},{"type":"Feature","geometry":{"type":"Point","coordinates":[-90.0314,29.98352]},"properties":{"probability":0.66,"inBuffer":true,"facType":"fire"}},{"type":"Feature","geometry":{"type":"Point","coordinates":[-90.02691,29.98352]},"properties":{"probability":0.609,"inBuffer":false,"facType":"fire"}},{"type":"Feature","geometry":{"type":"Point","coordinates":[-90.02242,29.98352]},"properties":{"probability":0.474,"inBuffer":false,"facType":"power"}},{"type":"Feature","geometry":{"type":"Point","coordinates":[-90.01793,29.98352]},"properties":{"probability":0.457,"inBuffer":false,"facType":"power"}},{"type":"Feature","geometry":{"type":"Point","coordinates":[-90.01344,29.98352]},"properties":{"probability":0.263,"inBuffer":false,"facType":"substation"}},{"type":"Feature","geometry":{"type":"Point","coordinates":[-90.00895,29.98352]},"properties":{"probability":0.258,"inBuffer":false,"facType":"substation"}},{"type":"Feature","geometry":{"type":"Point","coordinates":[-90.00446,29.98352]},"properties":{"probability":0.203,"inBuffer":false,"facType":"substation"}},{"type":"Feature","geometry":{"type":"Point","coordinates":[-89.99996,29.98352]},"properties":{"probability":0.224,"inBuffer":false,"facType":"substation"}},{"type":"Feature","geometry":{"type":"Point","coordinates":[-89.95055,29.98352]},"properties":{"probability":0.246,"inBuffer":false,"facType":"substation"}},{"type":"Feature","geometry":{"type":"Point","coordinates":[-89.94606,29.98352]},"properties":{"probability":0.214,"inBuffer":false,"facType":"substation"}},{"type":"Feature","geometry":{"type":"Point","coordinates":[-89.94157,29.98352]},"properties":{"probability":0.265,"inBuffer":false,"facType":"substation"}},{"type":"Feature","geometry":{"type":"Point","coordinates":[-90.20208,29.97903]},"properties":{"probability":0.793,"inBuffer":false,"facType":"substation"}},{"type":"Feature","geometry":{"type":"Point","coordinates":[-90.19759,29.97903]},"properties":{"probability":0.804,"inBuffer":false,"facType":"substation"}},{"type":"Feature","geometry":{"type":"Point","coordinates":[-90.1931,29.97903]},"properties":{"probability":0.806,"inBuffer":false,"facType":"fire"}},{"type":"Feature","geometry":{"type":"Point","coordinates":[-90.18861,29.97903]},"properties":{"probability":0.77,"inBuffer":true,"facType":"fire"}},{"type":"Feature","geometry":{"type":"Point","coordinates":[-90.18412,29.97903]},"properties":{"probability":0.779,"inBuffer":true,"facType":"fire"}},{"type":"Feature","geometry":{"type":"Point","coordinates":[-90.17963,29.97903]},"properties":{"probability":0.801,"inBuffer":true,"facType":"fire"}},{"type":"Feature","geometry":{"type":"Point","coordinates":[-90.17513,29.97903]},"properties":{"probability":0.799,"inBuffer":true,"facType":"fire"}},{"type":"Feature","geometry":{"type":"Point","coordinates":[-90.17064,29.97903]},"properties":{"probability":0.771,"inBuffer":false,"facType":"fire"}},{"type":"Feature","geometry":{"type":"Point","coordinates":[-90.16615,29.97903]},"properties":{"probability":0.766,"inBuffer":false,"facType":"police"}},{"type":"Feature","geometry":{"type":"Point","coordinates":[-90.16166,29.97903]},"properties":{"probability":0.799,"inBuffer":true,"facType":"police"}},{"type":"Feature","geometry":{"type":"Point","coordinates":[-90.15717,29.97903]},"properties":{"probability":0.805,"inBuffer":true,"facType":"police"}},{"type":"Feature","geometry":{"type":"Point","coordinates":[-90.15268,29.97903]},"properties":{"probability":0.797,"inBuffer":true,"facType":"police"}},{"type":"Feature","geometry":{"type":"Point","coordinates":[-90.14819,29.97903]},"properties":{"probability":0.786,"inBuffer":true,"facType":"fire"}},{"type":"Feature","geometry":{"type":"Point","coordinates":[-90.14369,29.97903]},"properties":{"probability":0.775,"inBuffer":true,"facType":"fire"}},{"type":"Feature","geometry":{"type":"Point","coordinates":[-90.1392,29.97903]},"properties":{"probability":0.697,"inBuffer":true,"facType":"fire"}},{"type":"Feature","geometry":{"type":"Point","coordinates":[-90.13471,29.97903]},"properties":{"probability":0.69,"inBuffer":true,"facType":"fire"}},{"type":"Feature","geometry":{"type":"Point","coordinates":[-90.13022,29.97903]},"properties":{"probability":0.714,"inBuffer":false,"facType":"fire"}},{"type":"Feature","geometry":{"type":"Point","coordinates":[-90.12572,29.97903]},"properties":{"probability":0.704,"inBuffer":false,"facType":"fire"}},{"type":"Feature","geometry":{"type":"Point","coordinates":[-90.12124,29.97903]},"properties":{"probability":0.637,"inBuffer":false,"facType":"police"}},{"type":"Feature","geometry":{"type":"Point","coordinates":[-90.11674,29.97903]},"properties":{"probability":0.618,"inBuffer":false,"facType":"police"}},{"type":"Feature","geometry":{"type":"Point","coordinates":[-90.11225,29.97903]},"properties":{"probability":0.765,"inBuffer":true,"facType":"government"}},{"type":"Feature","geometry":{"type":"Point","coordinates":[-90.10776,29.97903]},"properties":{"probability":0.801,"inBuffer":true,"facType":"government"}},{"type":"Feature","geometry":{"type":"Point","coordinates":[-90.10327,29.97903]},"properties":{"probability":0.815,"inBuffer":false,"facType":"government"}},{"type":"Feature","geometry":{"type":"Point","coordinates":[-90.09878,29.97903]},"properties":{"probability":0.841,"inBuffer":true,"facType":"fire"}},{"type":"Feature","geometry":{"type":"Point","coordinates":[-90.09428,29.97903]},"properties":{"probability":0.798,"inBuffer":true,"facType":"fire"}},{"type":"Feature","geometry":{"type":"Point","coordinates":[-90.08979,29.97903]},"properties":{"probability":0.735,"inBuffer":true,"facType":"fire"}},{"type":"Feature","geometry":{"type":"Point","coordinates":[-90.0853,29.97903]},"properties":{"probability":0.682,"inBuffer":false,"facType":"fire"}},{"type":"Feature","geometry":{"type":"Point","coordinates":[-90.08081,29.97903]},"properties":{"probability":0.683,"inBuffer":false,"facType":"fire"}},{"type":"Feature","geometry":{"type":"Point","coordinates":[-90.07632,29.97903]},"properties":{"probability":0.732,"inBuffer":false,"facType":"fire"}},{"type":"Feature","geometry":{"type":"Point","coordinates":[-90.07183,29.97903]},"properties":{"probability":0.725,"inBuffer":false,"facType":"fire"}},{"type":"Feature","geometry":{"type":"Point","coordinates":[-90.06734,29.97903]},"properties":{"probability":0.735,"inBuffer":false,"facType":"fire"}},{"type":"Feature","geometry":{"type":"Point","coordinates":[-90.06284,29.97903]},"properties":{"probability":0.712,"inBuffer":true,"facType":"fire"}},{"type":"Feature","geometry":{"type":"Point","coordinates":[-90.05835,29.97903]},"properties":{"probability":0.71,"inBuffer":true,"facType":"fire"}},{"type":"Feature","geometry":{"type":"Point","coordinates":[-90.05386,29.97903]},"properties":{"probability":0.718,"inBuffer":true,"facType":"fire"}},{"type":"Feature","geometry":{"type":"Point","coordinates":[-90.04937,29.97903]},"properties":{"probability":0.697,"inBuffer":false,"facType":"fire"}},{"type":"Feature","geometry":{"type":"Point","coordinates":[-90.04488,29.97903]},"properties":{"probability":0.676,"inBuffer":false,"facType":"government"}},{"type":"Feature","geometry":{"type":"Point","coordinates":[-90.04039,29.97903]},"properties":{"probability":0.634,"inBuffer":true,"facType":"fire"}},{"type":"Feature","geometry":{"type":"Point","coordinates":[-90.0359,29.97903]},"properties":{"probability":0.678,"inBuffer":true,"facType":"fire"}},{"type":"Feature","geometry":{"type":"Point","coordinates":[-90.0314,29.97903]},"properties":{"probability":0.692,"inBuffer":true,"facType":"fire"}},{"type":"Feature","geometry":{"type":"Point","coordinates":[-90.02691,29.97903]},"properties":{"probability":0.648,"inBuffer":false,"facType":"fire"}},{"type":"Feature","geometry":{"type":"Point","coordinates":[-90.02242,29.97903]},"properties":{"probability":0.45,"inBuffer":false,"facType":"fire"}},{"type":"Feature","geometry":{"type":"Point","coordinates":[-90.01793,29.97903]},"properties":{"probability":0.371,"inBuffer":false,"facType":"fire"}},{"type":"Feature","geometry":{"type":"Point","coordinates":[-90.01344,29.97903]},"properties":{"probability":0.44,"inBuffer":false,"facType":"substation"}},{"type":"Feature","geometry":{"type":"Point","coordinates":[-90.00895,29.97903]},"properties":{"probability":0.305,"inBuffer":false,"facType":"substation"}},{"type":"Feature","geometry":{"type":"Point","coordinates":[-90.00446,29.97903]},"properties":{"probability":0.258,"inBuffer":false,"facType":"substation"}},{"type":"Feature","geometry":{"type":"Point","coordinates":[-89.99996,29.97903]},"properties":{"probability":0.418,"inBuffer":false,"facType":"substation"}},{"type":"Feature","geometry":{"type":"Point","coordinates":[-89.99547,29.97903]},"properties":{"probability":0.286,"inBuffer":false,"facType":"substation"}},{"type":"Feature","geometry":{"type":"Point","coordinates":[-89.99098,29.97903]},"properties":{"probability":0.209,"inBuffer":false,"facType":"substation"}},{"type":"Feature","geometry":{"type":"Point","coordinates":[-89.98649,29.97903]},"properties":{"probability":0.252,"inBuffer":false,"facType":"substation"}},{"type":"Feature","geometry":{"type":"Point","coordinates":[-89.98199,29.97903]},"properties":{"probability":0.256,"inBuffer":false,"facType":"substation"}},{"type":"Feature","geometry":{"type":"Point","coordinates":[-89.9775,29.97903]},"properties":{"probability":0.239,"inBuffer":false,"facType":"substation"}},{"type":"Feature","geometry":{"type":"Point","coordinates":[-89.97301,29.97903]},"properties":{"probability":0.202,"inBuffer":false,"facType":"substation"}},{"type":"Feature","geometry":{"type":"Point","coordinates":[-89.96852,29.97903]},"properties":{"probability":0.387,"inBuffer":false,"facType":"substation"}},{"type":"Feature","geometry":{"type":"Point","coordinates":[-89.96403,29.97903]},"properties":{"probability":0.267,"inBuffer":false,"facType":"substation"}},{"type":"Feature","geometry":{"type":"Point","coordinates":[-89.95055,29.97903]},"properties":{"probability":0.341,"inBuffer":false,"facType":"substation"}},{"type":"Feature","geometry":{"type":"Point","coordinates":[-89.94606,29.97903]},"properties":{"probability":0.373,"inBuffer":false,"facType":"substation"}},{"type":"Feature","geometry":{"type":"Point","coordinates":[-89.94157,29.97903]},"properties":{"probability":0.306,"inBuffer":false,"facType":"substation"}},{"type":"Feature","geometry":{"type":"Point","coordinates":[-90.20208,29.97453]},"properties":{"probability":0.748,"inBuffer":false,"facType":"substation"}},{"type":"Feature","geometry":{"type":"Point","coordinates":[-90.19759,29.97453]},"properties":{"probability":0.76,"inBuffer":false,"facType":"substation"}},{"type":"Feature","geometry":{"type":"Point","coordinates":[-90.1931,29.97453]},"properties":{"probability":0.803,"inBuffer":false,"facType":"fire"}},{"type":"Feature","geometry":{"type":"Point","coordinates":[-90.18861,29.97453]},"properties":{"probability":0.791,"inBuffer":true,"facType":"fire"}},{"type":"Feature","geometry":{"type":"Point","coordinates":[-90.18412,29.97453]},"properties":{"probability":0.767,"inBuffer":true,"facType":"fire"}},{"type":"Feature","geometry":{"type":"Point","coordinates":[-90.17963,29.97453]},"properties":{"probability":0.782,"inBuffer":true,"facType":"fire"}},{"type":"Feature","geometry":{"type":"Point","coordinates":[-90.17513,29.97453]},"properties":{"probability":0.792,"inBuffer":true,"facType":"fire"}},{"type":"Feature","geometry":{"type":"Point","coordinates":[-90.17064,29.97453]},"properties":{"probability":0.782,"inBuffer":false,"facType":"fire"}},{"type":"Feature","geometry":{"type":"Point","coordinates":[-90.16615,29.97453]},"properties":{"probability":0.774,"inBuffer":false,"facType":"police"}},{"type":"Feature","geometry":{"type":"Point","coordinates":[-90.16166,29.97453]},"properties":{"probability":0.791,"inBuffer":true,"facType":"police"}},{"type":"Feature","geometry":{"type":"Point","coordinates":[-90.15717,29.97453]},"properties":{"probability":0.795,"inBuffer":true,"facType":"police"}},{"type":"Feature","geometry":{"type":"Point","coordinates":[-90.15268,29.97453]},"properties":{"probability":0.8,"inBuffer":true,"facType":"substation"}},{"type":"Feature","geometry":{"type":"Point","coordinates":[-90.14819,29.97453]},"properties":{"probability":0.803,"inBuffer":true,"facType":"substation"}},{"type":"Feature","geometry":{"type":"Point","coordinates":[-90.14369,29.97453]},"properties":{"probability":0.8,"inBuffer":true,"facType":"fire"}},{"type":"Feature","geometry":{"type":"Point","coordinates":[-90.1392,29.97453]},"properties":{"probability":0.781,"inBuffer":true,"facType":"fire"}},{"type":"Feature","geometry":{"type":"Point","coordinates":[-90.13471,29.97453]},"properties":{"probability":0.733,"inBuffer":false,"facType":"fire"}},{"type":"Feature","geometry":{"type":"Point","coordinates":[-90.13022,29.97453]},"properties":{"probability":0.708,"inBuffer":false,"facType":"fire"}},{"type":"Feature","geometry":{"type":"Point","coordinates":[-90.12572,29.97453]},"properties":{"probability":0.698,"inBuffer":false,"facType":"substation"}},{"type":"Feature","geometry":{"type":"Point","coordinates":[-90.12124,29.97453]},"properties":{"probability":0.699,"inBuffer":false,"facType":"substation"}},{"type":"Feature","geometry":{"type":"Point","coordinates":[-90.11674,29.97453]},"properties":{"probability":0.694,"inBuffer":false,"facType":"substation"}},{"type":"Feature","geometry":{"type":"Point","coordinates":[-90.11225,29.97453]},"properties":{"probability":0.744,"inBuffer":false,"facType":"government"}},{"type":"Feature","geometry":{"type":"Point","coordinates":[-90.10776,29.97453]},"properties":{"probability":0.765,"inBuffer":false,"facType":"government"}},{"type":"Feature","geometry":{"type":"Point","coordinates":[-90.10327,29.97453]},"properties":{"probability":0.797,"inBuffer":false,"facType":"government"}},{"type":"Feature","geometry":{"type":"Point","coordinates":[-90.09878,29.97453]},"properties":{"probability":0.826,"inBuffer":false,"facType":"fire"}},{"type":"Feature","geometry":{"type":"Point","coordinates":[-90.09428,29.97453]},"properties":{"probability":0.794,"inBuffer":false,"facType":"fire"}},{"type":"Feature","geometry":{"type":"Point","coordinates":[-90.08979,29.97453]},"properties":{"probability":0.768,"inBuffer":false,"facType":"fire"}},{"type":"Feature","geometry":{"type":"Point","coordinates":[-90.0853,29.97453]},"properties":{"probability":0.735,"inBuffer":false,"facType":"fire"}},{"type":"Feature","geometry":{"type":"Point","coordinates":[-90.08081,29.97453]},"properties":{"probability":0.764,"inBuffer":false,"facType":"government"}},{"type":"Feature","geometry":{"type":"Point","coordinates":[-90.07632,29.97453]},"properties":{"probability":0.762,"inBuffer":false,"facType":"fire"}},{"type":"Feature","geometry":{"type":"Point","coordinates":[-90.07183,29.97453]},"properties":{"probability":0.775,"inBuffer":false,"facType":"fire"}},{"type":"Feature","geometry":{"type":"Point","coordinates":[-90.06734,29.97453]},"properties":{"probability":0.794,"inBuffer":false,"facType":"fire"}},{"type":"Feature","geometry":{"type":"Point","coordinates":[-90.06284,29.97453]},"properties":{"probability":0.798,"inBuffer":true,"facType":"fire"}},{"type":"Feature","geometry":{"type":"Point","coordinates":[-90.05835,29.97453]},"properties":{"probability":0.794,"inBuffer":true,"facType":"fire"}},{"type":"Feature","geometry":{"type":"Point","coordinates":[-90.05386,29.97453]},"properties":{"probability":0.793,"inBuffer":true,"facType":"fire"}},{"type":"Feature","geometry":{"type":"Point","coordinates":[-90.04937,29.97453]},"properties":{"probability":0.766,"inBuffer":false,"facType":"fire"}},{"type":"Feature","geometry":{"type":"Point","coordinates":[-90.04488,29.97453]},"properties":{"probability":0.704,"inBuffer":false,"facType":"police"}},{"type":"Feature","geometry":{"type":"Point","coordinates":[-90.04039,29.97453]},"properties":{"probability":0.667,"inBuffer":true,"facType":"police"}},{"type":"Feature","geometry":{"type":"Point","coordinates":[-90.0359,29.97453]},"properties":{"probability":0.689,"inBuffer":true,"facType":"police"}},{"type":"Feature","geometry":{"type":"Point","coordinates":[-90.0314,29.97453]},"properties":{"probability":0.706,"inBuffer":true,"facType":"police"}},{"type":"Feature","geometry":{"type":"Point","coordinates":[-90.02691,29.97453]},"properties":{"probability":0.656,"inBuffer":false,"facType":"police"}},{"type":"Feature","geometry":{"type":"Point","coordinates":[-90.02242,29.97453]},"properties":{"probability":0.429,"inBuffer":false,"facType":"police"}},{"type":"Feature","geometry":{"type":"Point","coordinates":[-90.01793,29.97453]},"properties":{"probability":0.463,"inBuffer":false,"facType":"fire"}},{"type":"Feature","geometry":{"type":"Point","coordinates":[-90.01344,29.97453]},"properties":{"probability":0.556,"inBuffer":false,"facType":"fire"}},{"type":"Feature","geometry":{"type":"Point","coordinates":[-90.00895,29.97453]},"properties":{"probability":0.525,"inBuffer":false,"facType":"substation"}},{"type":"Feature","geometry":{"type":"Point","coordinates":[-90.00446,29.97453]},"properties":{"probability":0.485,"inBuffer":false,"facType":"substation"}},{"type":"Feature","geometry":{"type":"Point","coordinates":[-89.99996,29.97453]},"properties":{"probability":0.447,"inBuffer":false,"facType":"substation"}},{"type":"Feature","geometry":{"type":"Point","coordinates":[-89.99547,29.97453]},"properties":{"probability":0.39,"inBuffer":false,"facType":"substation"}},{"type":"Feature","geometry":{"type":"Point","coordinates":[-89.99098,29.97453]},"properties":{"probability":0.277,"inBuffer":false,"facType":"substation"}},{"type":"Feature","geometry":{"type":"Point","coordinates":[-89.98649,29.97453]},"properties":{"probability":0.227,"inBuffer":false,"facType":"substation"}},{"type":"Feature","geometry":{"type":"Point","coordinates":[-89.98199,29.97453]},"properties":{"probability":0.261,"inBuffer":false,"facType":"substation"}},{"type":"Feature","geometry":{"type":"Point","coordinates":[-89.9775,29.97453]},"properties":{"probability":0.23,"inBuffer":false,"facType":"substation"}},{"type":"Feature","geometry":{"type":"Point","coordinates":[-89.97301,29.97453]},"properties":{"probability":0.319,"inBuffer":false,"facType":"substation"}},{"type":"Feature","geometry":{"type":"Point","coordinates":[-89.96852,29.97453]},"properties":{"probability":0.207,"inBuffer":false,"facType":"substation"}},{"type":"Feature","geometry":{"type":"Point","coordinates":[-89.95505,29.97453]},"properties":{"probability":0.177,"inBuffer":false,"facType":"substation"}},{"type":"Feature","geometry":{"type":"Point","coordinates":[-89.95055,29.97453]},"properties":{"probability":0.279,"inBuffer":false,"facType":"substation"}},{"type":"Feature","geometry":{"type":"Point","coordinates":[-89.94606,29.97453]},"properties":{"probability":0.403,"inBuffer":false,"facType":"substation"}},{"type":"Feature","geometry":{"type":"Point","coordinates":[-89.94157,29.97453]},"properties":{"probability":0.237,"inBuffer":false,"facType":"substation"}},{"type":"Feature","geometry":{"type":"Point","coordinates":[-90.20208,29.97004]},"properties":{"probability":0.783,"inBuffer":false,"facType":"hospital"}},{"type":"Feature","geometry":{"type":"Point","coordinates":[-90.19759,29.97004]},"properties":{"probability":0.784,"inBuffer":false,"facType":"fire"}},{"type":"Feature","geometry":{"type":"Point","coordinates":[-90.1931,29.97004]},"properties":{"probability":0.785,"inBuffer":true,"facType":"fire"}},{"type":"Feature","geometry":{"type":"Point","coordinates":[-90.18861,29.97004]},"properties":{"probability":0.787,"inBuffer":true,"facType":"government"}},{"type":"Feature","geometry":{"type":"Point","coordinates":[-90.18412,29.97004]},"properties":{"probability":0.793,"inBuffer":true,"facType":"government"}},{"type":"Feature","geometry":{"type":"Point","coordinates":[-90.17963,29.97004]},"properties":{"probability":0.78,"inBuffer":false,"facType":"fire"}},{"type":"Feature","geometry":{"type":"Point","coordinates":[-90.17513,29.97004]},"properties":{"probability":0.764,"inBuffer":false,"facType":"fire"}},{"type":"Feature","geometry":{"type":"Point","coordinates":[-90.17064,29.97004]},"properties":{"probability":0.707,"inBuffer":false,"facType":"fire"}},{"type":"Feature","geometry":{"type":"Point","coordinates":[-90.16615,29.97004]},"properties":{"probability":0.737,"inBuffer":false,"facType":"fire"}},{"type":"Feature","geometry":{"type":"Point","coordinates":[-90.16166,29.97004]},"properties":{"probability":0.789,"inBuffer":true,"facType":"police"}},{"type":"Feature","geometry":{"type":"Point","coordinates":[-90.15717,29.97004]},"properties":{"probability":0.797,"inBuffer":true,"facType":"substation"}},{"type":"Feature","geometry":{"type":"Point","coordinates":[-90.15268,29.97004]},"properties":{"probability":0.786,"inBuffer":false,"facType":"substation"}},{"type":"Feature","geometry":{"type":"Point","coordinates":[-90.14819,29.97004]},"properties":{"probability":0.805,"inBuffer":false,"facType":"substation"}},{"type":"Feature","geometry":{"type":"Point","coordinates":[-90.14369,29.97004]},"properties":{"probability":0.806,"inBuffer":false,"facType":"fire"}},{"type":"Feature","geometry":{"type":"Point","coordinates":[-90.1392,29.97004]},"properties":{"probability":0.794,"inBuffer":false,"facType":"fire"}},{"type":"Feature","geometry":{"type":"Point","coordinates":[-90.13471,29.97004]},"properties":{"probability":0.773,"inBuffer":false,"facType":"fire"}},{"type":"Feature","geometry":{"type":"Point","coordinates":[-90.13022,29.97004]},"properties":{"probability":0.736,"inBuffer":false,"facType":"water_works"}},{"type":"Feature","geometry":{"type":"Point","coordinates":[-90.12572,29.97004]},"properties":{"probability":0.694,"inBuffer":false,"facType":"substation"}},{"type":"Feature","geometry":{"type":"Point","coordinates":[-90.12124,29.97004]},"properties":{"probability":0.691,"inBuffer":false,"facType":"substation"}},{"type":"Feature","geometry":{"type":"Point","coordinates":[-90.11674,29.97004]},"properties":{"probability":0.702,"inBuffer":false,"facType":"substation"}},{"type":"Feature","geometry":{"type":"Point","coordinates":[-90.11225,29.97004]},"properties":{"probability":0.817,"inBuffer":false,"facType":"substation"}},{"type":"Feature","geometry":{"type":"Point","coordinates":[-90.10776,29.97004]},"properties":{"probability":0.824,"inBuffer":false,"facType":"substation"}},{"type":"Feature","geometry":{"type":"Point","coordinates":[-90.10327,29.97004]},"properties":{"probability":0.805,"inBuffer":false,"facType":"substation"}},{"type":"Feature","geometry":{"type":"Point","coordinates":[-90.09878,29.97004]},"properties":{"probability":0.8,"inBuffer":true,"facType":"fire"}},{"type":"Feature","geometry":{"type":"Point","coordinates":[-90.09428,29.97004]},"properties":{"probability":0.797,"inBuffer":true,"facType":"fire"}},{"type":"Feature","geometry":{"type":"Point","coordinates":[-90.08979,29.97004]},"properties":{"probability":0.808,"inBuffer":true,"facType":"fire"}},{"type":"Feature","geometry":{"type":"Point","coordinates":[-90.0853,29.97004]},"properties":{"probability":0.804,"inBuffer":false,"facType":"government"}},{"type":"Feature","geometry":{"type":"Point","coordinates":[-90.08081,29.97004]},"properties":{"probability":0.797,"inBuffer":false,"facType":"government"}},{"type":"Feature","geometry":{"type":"Point","coordinates":[-90.07632,29.97004]},"properties":{"probability":0.789,"inBuffer":false,"facType":"fire"}},{"type":"Feature","geometry":{"type":"Point","coordinates":[-90.07183,29.97004]},"properties":{"probability":0.8,"inBuffer":false,"facType":"fire"}},{"type":"Feature","geometry":{"type":"Point","coordinates":[-90.06734,29.97004]},"properties":{"probability":0.8,"inBuffer":false,"facType":"fire"}},{"type":"Feature","geometry":{"type":"Point","coordinates":[-90.06284,29.97004]},"properties":{"probability":0.802,"inBuffer":false,"facType":"fire"}},{"type":"Feature","geometry":{"type":"Point","coordinates":[-90.05835,29.97004]},"properties":{"probability":0.802,"inBuffer":false,"facType":"fire"}},{"type":"Feature","geometry":{"type":"Point","coordinates":[-90.05386,29.97004]},"properties":{"probability":0.803,"inBuffer":false,"facType":"substation"}},{"type":"Feature","geometry":{"type":"Point","coordinates":[-90.04937,29.97004]},"properties":{"probability":0.79,"inBuffer":false,"facType":"substation"}},{"type":"Feature","geometry":{"type":"Point","coordinates":[-90.04488,29.97004]},"properties":{"probability":0.738,"inBuffer":false,"facType":"police"}},{"type":"Feature","geometry":{"type":"Point","coordinates":[-90.04039,29.97004]},"properties":{"probability":0.69,"inBuffer":true,"facType":"police"}},{"type":"Feature","geometry":{"type":"Point","coordinates":[-90.0359,29.97004]},"properties":{"probability":0.687,"inBuffer":true,"facType":"police"}},{"type":"Feature","geometry":{"type":"Point","coordinates":[-90.0314,29.97004]},"properties":{"probability":0.712,"inBuffer":true,"facType":"police"}},{"type":"Feature","geometry":{"type":"Point","coordinates":[-90.02691,29.97004]},"properties":{"probability":0.698,"inBuffer":false,"facType":"police"}},{"type":"Feature","geometry":{"type":"Point","coordinates":[-90.02242,29.97004]},"properties":{"probability":0.61,"inBuffer":false,"facType":"fire"}},{"type":"Feature","geometry":{"type":"Point","coordinates":[-90.01793,29.97004]},"properties":{"probability":0.632,"inBuffer":true,"facType":"fire"}},{"type":"Feature","geometry":{"type":"Point","coordinates":[-90.01344,29.97004]},"properties":{"probability":0.641,"inBuffer":true,"facType":"fire"}},{"type":"Feature","geometry":{"type":"Point","coordinates":[-90.00895,29.97004]},"properties":{"probability":0.613,"inBuffer":true,"facType":"fire"}},{"type":"Feature","geometry":{"type":"Point","coordinates":[-90.00446,29.97004]},"properties":{"probability":0.562,"inBuffer":false,"facType":"substation"}},{"type":"Feature","geometry":{"type":"Point","coordinates":[-89.99996,29.97004]},"properties":{"probability":0.539,"inBuffer":false,"facType":"substation"}},{"type":"Feature","geometry":{"type":"Point","coordinates":[-89.99547,29.97004]},"properties":{"probability":0.496,"inBuffer":false,"facType":"substation"}},{"type":"Feature","geometry":{"type":"Point","coordinates":[-89.99098,29.97004]},"properties":{"probability":0.443,"inBuffer":false,"facType":"substation"}},{"type":"Feature","geometry":{"type":"Point","coordinates":[-89.98649,29.97004]},"properties":{"probability":0.203,"inBuffer":false,"facType":"substation"}},{"type":"Feature","geometry":{"type":"Point","coordinates":[-89.98199,29.97004]},"properties":{"probability":0.22,"inBuffer":false,"facType":"substation"}},{"type":"Feature","geometry":{"type":"Point","coordinates":[-89.9775,29.97004]},"properties":{"probability":0.216,"inBuffer":false,"facType":"substation"}},{"type":"Feature","geometry":{"type":"Point","coordinates":[-89.97301,29.97004]},"properties":{"probability":0.211,"inBuffer":false,"facType":"substation"}},{"type":"Feature","geometry":{"type":"Point","coordinates":[-89.96852,29.97004]},"properties":{"probability":0.182,"inBuffer":false,"facType":"substation"}},{"type":"Feature","geometry":{"type":"Point","coordinates":[-89.95954,29.97004]},"properties":{"probability":0.244,"inBuffer":false,"facType":"substation"}},{"type":"Feature","geometry":{"type":"Point","coordinates":[-89.95505,29.97004]},"properties":{"probability":0.237,"inBuffer":false,"facType":"substation"}},{"type":"Feature","geometry":{"type":"Point","coordinates":[-89.95055,29.97004]},"properties":{"probability":0.336,"inBuffer":false,"facType":"substation"}},{"type":"Feature","geometry":{"type":"Point","coordinates":[-89.94606,29.97004]},"properties":{"probability":0.24,"inBuffer":false,"facType":"substation"}},{"type":"Feature","geometry":{"type":"Point","coordinates":[-89.94157,29.97004]},"properties":{"probability":0.241,"inBuffer":false,"facType":"substation"}},{"type":"Feature","geometry":{"type":"Point","coordinates":[-90.20208,29.96555]},"properties":{"probability":0.807,"inBuffer":true,"facType":"hospital"}},{"type":"Feature","geometry":{"type":"Point","coordinates":[-90.19759,29.96555]},"properties":{"probability":0.837,"inBuffer":true,"facType":"hospital"}},{"type":"Feature","geometry":{"type":"Point","coordinates":[-90.1931,29.96555]},"properties":{"probability":0.843,"inBuffer":true,"facType":"fire"}},{"type":"Feature","geometry":{"type":"Point","coordinates":[-90.18861,29.96555]},"properties":{"probability":0.862,"inBuffer":true,"facType":"government"}},{"type":"Feature","geometry":{"type":"Point","coordinates":[-90.18412,29.96555]},"properties":{"probability":0.867,"inBuffer":true,"facType":"hospital"}},{"type":"Feature","geometry":{"type":"Point","coordinates":[-90.17963,29.96555]},"properties":{"probability":0.794,"inBuffer":true,"facType":"hospital"}},{"type":"Feature","geometry":{"type":"Point","coordinates":[-90.17513,29.96555]},"properties":{"probability":0.75,"inBuffer":false,"facType":"hospital"}},{"type":"Feature","geometry":{"type":"Point","coordinates":[-90.17064,29.96555]},"properties":{"probability":0.736,"inBuffer":false,"facType":"fire"}},{"type":"Feature","geometry":{"type":"Point","coordinates":[-90.16615,29.96555]},"properties":{"probability":0.786,"inBuffer":true,"facType":"fire"}},{"type":"Feature","geometry":{"type":"Point","coordinates":[-90.16166,29.96555]},"properties":{"probability":0.806,"inBuffer":true,"facType":"fire"}},{"type":"Feature","geometry":{"type":"Point","coordinates":[-90.15717,29.96555]},"properties":{"probability":0.806,"inBuffer":true,"facType":"fire"}},{"type":"Feature","geometry":{"type":"Point","coordinates":[-90.15268,29.96555]},"properties":{"probability":0.8,"inBuffer":true,"facType":"hospital"}},{"type":"Feature","geometry":{"type":"Point","coordinates":[-90.14819,29.96555]},"properties":{"probability":0.796,"inBuffer":true,"facType":"hospital"}},{"type":"Feature","geometry":{"type":"Point","coordinates":[-90.14369,29.96555]},"properties":{"probability":0.805,"inBuffer":true,"facType":"fire"}},{"type":"Feature","geometry":{"type":"Point","coordinates":[-90.1392,29.96555]},"properties":{"probability":0.809,"inBuffer":true,"facType":"fire"}},{"type":"Feature","geometry":{"type":"Point","coordinates":[-90.13471,29.96555]},"properties":{"probability":0.797,"inBuffer":true,"facType":"fire"}},{"type":"Feature","geometry":{"type":"Point","coordinates":[-90.13022,29.96555]},"properties":{"probability":0.737,"inBuffer":false,"facType":"water_works"}},{"type":"Feature","geometry":{"type":"Point","coordinates":[-90.12572,29.96555]},"properties":{"probability":0.71,"inBuffer":false,"facType":"water_works"}},{"type":"Feature","geometry":{"type":"Point","coordinates":[-90.12124,29.96555]},"properties":{"probability":0.697,"inBuffer":false,"facType":"substation"}},{"type":"Feature","geometry":{"type":"Point","coordinates":[-90.11674,29.96555]},"properties":{"probability":0.75,"inBuffer":false,"facType":"substation"}},{"type":"Feature","geometry":{"type":"Point","coordinates":[-90.11225,29.96555]},"properties":{"probability":0.856,"inBuffer":false,"facType":"substation"}},{"type":"Feature","geometry":{"type":"Point","coordinates":[-90.10776,29.96555]},"properties":{"probability":0.843,"inBuffer":false,"facType":"substation"}},{"type":"Feature","geometry":{"type":"Point","coordinates":[-90.10327,29.96555]},"properties":{"probability":0.807,"inBuffer":true,"facType":"substation"}},{"type":"Feature","geometry":{"type":"Point","coordinates":[-90.09878,29.96555]},"properties":{"probability":0.801,"inBuffer":true,"facType":"fire"}},{"type":"Feature","geometry":{"type":"Point","coordinates":[-90.09428,29.96555]},"properties":{"probability":0.813,"inBuffer":true,"facType":"fire"}},{"type":"Feature","geometry":{"type":"Point","coordinates":[-90.08979,29.96555]},"properties":{"probability":0.852,"inBuffer":true,"facType":"government"}},{"type":"Feature","geometry":{"type":"Point","coordinates":[-90.0853,29.96555]},"properties":{"probability":0.856,"inBuffer":true,"facType":"government"}},{"type":"Feature","geometry":{"type":"Point","coordinates":[-90.08081,29.96555]},"properties":{"probability":0.802,"inBuffer":true,"facType":"government"}},{"type":"Feature","geometry":{"type":"Point","coordinates":[-90.07632,29.96555]},"properties":{"probability":0.798,"inBuffer":true,"facType":"fire"}},{"type":"Feature","geometry":{"type":"Point","coordinates":[-90.07183,29.96555]},"properties":{"probability":0.806,"inBuffer":true,"facType":"fire"}},{"type":"Feature","geometry":{"type":"Point","coordinates":[-90.06734,29.96555]},"properties":{"probability":0.835,"inBuffer":true,"facType":"fire"}},{"type":"Feature","geometry":{"type":"Point","coordinates":[-90.06284,29.96555]},"properties":{"probability":0.798,"inBuffer":true,"facType":"fire"}},{"type":"Feature","geometry":{"type":"Point","coordinates":[-90.05835,29.96555]},"properties":{"probability":0.792,"inBuffer":true,"facType":"fire"}},{"type":"Feature","geometry":{"type":"Point","coordinates":[-90.05386,29.96555]},"properties":{"probability":0.742,"inBuffer":true,"facType":"substation"}},{"type":"Feature","geometry":{"type":"Point","coordinates":[-90.04937,29.96555]},"properties":{"probability":0.737,"inBuffer":false,"facType":"substation"}},{"type":"Feature","geometry":{"type":"Point","coordinates":[-90.04488,29.96555]},"properties":{"probability":0.708,"inBuffer":false,"facType":"substation"}},{"type":"Feature","geometry":{"type":"Point","coordinates":[-90.04039,29.96555]},"properties":{"probability":0.688,"inBuffer":false,"facType":"police"}},{"type":"Feature","geometry":{"type":"Point","coordinates":[-90.0359,29.96555]},"properties":{"probability":0.676,"inBuffer":true,"facType":"fire"}},{"type":"Feature","geometry":{"type":"Point","coordinates":[-90.0314,29.96555]},"properties":{"probability":0.678,"inBuffer":true,"facType":"fire"}},{"type":"Feature","geometry":{"type":"Point","coordinates":[-90.02691,29.96555]},"properties":{"probability":0.668,"inBuffer":true,"facType":"fire"}},{"type":"Feature","geometry":{"type":"Point","coordinates":[-90.02242,29.96555]},"properties":{"probability":0.656,"inBuffer":false,"facType":"fire"}},{"type":"Feature","geometry":{"type":"Point","coordinates":[-90.01793,29.96555]},"properties":{"probability":0.676,"inBuffer":true,"facType":"fire"}},{"type":"Feature","geometry":{"type":"Point","coordinates":[-90.01344,29.96555]},"properties":{"probability":0.699,"inBuffer":true,"facType":"fire"}},{"type":"Feature","geometry":{"type":"Point","coordinates":[-90.00895,29.96555]},"properties":{"probability":0.675,"inBuffer":true,"facType":"fire"}},{"type":"Feature","geometry":{"type":"Point","coordinates":[-90.00446,29.96555]},"properties":{"probability":0.667,"inBuffer":true,"facType":"police"}},{"type":"Feature","geometry":{"type":"Point","coordinates":[-89.99996,29.96555]},"properties":{"probability":0.645,"inBuffer":true,"facType":"police"}},{"type":"Feature","geometry":{"type":"Point","coordinates":[-89.99547,29.96555]},"properties":{"probability":0.572,"inBuffer":true,"facType":"police"}},{"type":"Feature","geometry":{"type":"Point","coordinates":[-89.99098,29.96555]},"properties":{"probability":0.489,"inBuffer":false,"facType":"substation"}},{"type":"Feature","geometry":{"type":"Point","coordinates":[-89.98649,29.96555]},"properties":{"probability":0.261,"inBuffer":false,"facType":"fire"}},{"type":"Feature","geometry":{"type":"Point","coordinates":[-89.98199,29.96555]},"properties":{"probability":0.192,"inBuffer":false,"facType":"fire"}},{"type":"Feature","geometry":{"type":"Point","coordinates":[-89.9775,29.96555]},"properties":{"probability":0.264,"inBuffer":false,"facType":"fire"}},{"type":"Feature","geometry":{"type":"Point","coordinates":[-89.97301,29.96555]},"properties":{"probability":0.218,"inBuffer":false,"facType":"fire"}},{"type":"Feature","geometry":{"type":"Point","coordinates":[-89.96852,29.96555]},"properties":{"probability":0.206,"inBuffer":false,"facType":"substation"}},{"type":"Feature","geometry":{"type":"Point","coordinates":[-89.96403,29.96555]},"properties":{"probability":0.203,"inBuffer":false,"facType":"substation"}},{"type":"Feature","geometry":{"type":"Point","coordinates":[-89.95954,29.96555]},"properties":{"probability":0.216,"inBuffer":false,"facType":"substation"}},{"type":"Feature","geometry":{"type":"Point","coordinates":[-89.95505,29.96555]},"properties":{"probability":0.306,"inBuffer":false,"facType":"substation"}},{"type":"Feature","geometry":{"type":"Point","coordinates":[-89.95055,29.96555]},"properties":{"probability":0.267,"inBuffer":false,"facType":"substation"}},{"type":"Feature","geometry":{"type":"Point","coordinates":[-89.94606,29.96555]},"properties":{"probability":0.262,"inBuffer":false,"facType":"substation"}},{"type":"Feature","geometry":{"type":"Point","coordinates":[-89.94157,29.96555]},"properties":{"probability":0.218,"inBuffer":false,"facType":"substation"}},{"type":"Feature","geometry":{"type":"Point","coordinates":[-90.20208,29.96106]},"properties":{"probability":0.803,"inBuffer":true,"facType":"hospital"}},{"type":"Feature","geometry":{"type":"Point","coordinates":[-90.19759,29.96106]},"properties":{"probability":0.818,"inBuffer":true,"facType":"hospital"}},{"type":"Feature","geometry":{"type":"Point","coordinates":[-90.1931,29.96106]},"properties":{"probability":0.819,"inBuffer":true,"facType":"fire"}},{"type":"Feature","geometry":{"type":"Point","coordinates":[-90.18861,29.96106]},"properties":{"probability":0.863,"inBuffer":true,"facType":"government"}},{"type":"Feature","geometry":{"type":"Point","coordinates":[-90.18412,29.96106]},"properties":{"probability":0.864,"inBuffer":true,"facType":"hospital"}},{"type":"Feature","geometry":{"type":"Point","coordinates":[-90.17963,29.96106]},"properties":{"probability":0.836,"inBuffer":true,"facType":"hospital"}},{"type":"Feature","geometry":{"type":"Point","coordinates":[-90.17513,29.96106]},"properties":{"probability":0.778,"inBuffer":false,"facType":"hospital"}},{"type":"Feature","geometry":{"type":"Point","coordinates":[-90.17064,29.96106]},"properties":{"probability":0.766,"inBuffer":false,"facType":"fire"}},{"type":"Feature","geometry":{"type":"Point","coordinates":[-90.16615,29.96106]},"properties":{"probability":0.797,"inBuffer":true,"facType":"fire"}},{"type":"Feature","geometry":{"type":"Point","coordinates":[-90.16166,29.96106]},"properties":{"probability":0.797,"inBuffer":true,"facType":"fire"}},{"type":"Feature","geometry":{"type":"Point","coordinates":[-90.15717,29.96106]},"properties":{"probability":0.791,"inBuffer":true,"facType":"hospital"}},{"type":"Feature","geometry":{"type":"Point","coordinates":[-90.15268,29.96106]},"properties":{"probability":0.795,"inBuffer":true,"facType":"hospital"}},{"type":"Feature","geometry":{"type":"Point","coordinates":[-90.14819,29.96106]},"properties":{"probability":0.793,"inBuffer":true,"facType":"hospital"}},{"type":"Feature","geometry":{"type":"Point","coordinates":[-90.14369,29.96106]},"properties":{"probability":0.794,"inBuffer":true,"facType":"hospital"}},{"type":"Feature","geometry":{"type":"Point","coordinates":[-90.1392,29.96106]},"properties":{"probability":0.798,"inBuffer":true,"facType":"fire"}},{"type":"Feature","geometry":{"type":"Point","coordinates":[-90.13471,29.96106]},"properties":{"probability":0.801,"inBuffer":true,"facType":"water_works"}},{"type":"Feature","geometry":{"type":"Point","coordinates":[-90.13022,29.96106]},"properties":{"probability":0.802,"inBuffer":false,"facType":"water_works"}},{"type":"Feature","geometry":{"type":"Point","coordinates":[-90.12572,29.96106]},"properties":{"probability":0.803,"inBuffer":true,"facType":"water_works"}},{"type":"Feature","geometry":{"type":"Point","coordinates":[-90.12124,29.96106]},"properties":{"probability":0.737,"inBuffer":true,"facType":"substation"}},{"type":"Feature","geometry":{"type":"Point","coordinates":[-90.11674,29.96106]},"properties":{"probability":0.771,"inBuffer":true,"facType":"substation"}},{"type":"Feature","geometry":{"type":"Point","coordinates":[-90.11225,29.96106]},"properties":{"probability":0.804,"inBuffer":false,"facType":"substation"}},{"type":"Feature","geometry":{"type":"Point","coordinates":[-90.10776,29.96106]},"properties":{"probability":0.804,"inBuffer":false,"facType":"substation"}},{"type":"Feature","geometry":{"type":"Point","coordinates":[-90.10327,29.96106]},"properties":{"probability":0.805,"inBuffer":false,"facType":"substation"}},{"type":"Feature","geometry":{"type":"Point","coordinates":[-90.09878,29.96106]},"properties":{"probability":0.832,"inBuffer":true,"facType":"police"}},{"type":"Feature","geometry":{"type":"Point","coordinates":[-90.09428,29.96106]},"properties":{"probability":0.838,"inBuffer":true,"facType":"police"}},{"type":"Feature","geometry":{"type":"Point","coordinates":[-90.08979,29.96106]},"properties":{"probability":0.856,"inBuffer":true,"facType":"government"}},{"type":"Feature","geometry":{"type":"Point","coordinates":[-90.0853,29.96106]},"properties":{"probability":0.861,"inBuffer":true,"facType":"hospital"}},{"type":"Feature","geometry":{"type":"Point","coordinates":[-90.08081,29.96106]},"properties":{"probability":0.864,"inBuffer":true,"facType":"hospital"}},{"type":"Feature","geometry":{"type":"Point","coordinates":[-90.07632,29.96106]},"properties":{"probability":0.873,"inBuffer":true,"facType":"fire"}},{"type":"Feature","geometry":{"type":"Point","coordinates":[-90.07183,29.96106]},"properties":{"probability":0.867,"inBuffer":true,"facType":"fire"}},{"type":"Feature","geometry":{"type":"Point","coordinates":[-90.06734,29.96106]},"properties":{"probability":0.862,"inBuffer":true,"facType":"police"}},{"type":"Feature","geometry":{"type":"Point","coordinates":[-90.06284,29.96106]},"properties":{"probability":0.813,"inBuffer":true,"facType":"government"}},{"type":"Feature","geometry":{"type":"Point","coordinates":[-90.05835,29.96106]},"properties":{"probability":0.776,"inBuffer":true,"facType":"government"}},{"type":"Feature","geometry":{"type":"Point","coordinates":[-90.05386,29.96106]},"properties":{"probability":0.661,"inBuffer":true,"facType":"substation"}},{"type":"Feature","geometry":{"type":"Point","coordinates":[-90.04937,29.96106]},"properties":{"probability":0.677,"inBuffer":false,"facType":"substation"}},{"type":"Feature","geometry":{"type":"Point","coordinates":[-90.04488,29.96106]},"properties":{"probability":0.664,"inBuffer":false,"facType":"substation"}},{"type":"Feature","geometry":{"type":"Point","coordinates":[-90.04039,29.96106]},"properties":{"probability":0.649,"inBuffer":false,"facType":"fire"}},{"type":"Feature","geometry":{"type":"Point","coordinates":[-90.0359,29.96106]},"properties":{"probability":0.611,"inBuffer":true,"facType":"fire"}},{"type":"Feature","geometry":{"type":"Point","coordinates":[-90.0314,29.96106]},"properties":{"probability":0.597,"inBuffer":true,"facType":"fire"}},{"type":"Feature","geometry":{"type":"Point","coordinates":[-90.02691,29.96106]},"properties":{"probability":0.599,"inBuffer":true,"facType":"fire"}},{"type":"Feature","geometry":{"type":"Point","coordinates":[-90.02242,29.96106]},"properties":{"probability":0.647,"inBuffer":false,"facType":"fire"}},{"type":"Feature","geometry":{"type":"Point","coordinates":[-90.01793,29.96106]},"properties":{"probability":0.676,"inBuffer":true,"facType":"fire"}},{"type":"Feature","geometry":{"type":"Point","coordinates":[-90.01344,29.96106]},"properties":{"probability":0.702,"inBuffer":true,"facType":"fire"}},{"type":"Feature","geometry":{"type":"Point","coordinates":[-90.00895,29.96106]},"properties":{"probability":0.7,"inBuffer":true,"facType":"police"}},{"type":"Feature","geometry":{"type":"Point","coordinates":[-90.00446,29.96106]},"properties":{"probability":0.696,"inBuffer":true,"facType":"police"}},{"type":"Feature","geometry":{"type":"Point","coordinates":[-89.99996,29.96106]},"properties":{"probability":0.698,"inBuffer":true,"facType":"police"}},{"type":"Feature","geometry":{"type":"Point","coordinates":[-89.99547,29.96106]},"properties":{"probability":0.664,"inBuffer":true,"facType":"police"}},{"type":"Feature","geometry":{"type":"Point","coordinates":[-89.99098,29.96106]},"properties":{"probability":0.702,"inBuffer":true,"facType":"fire"}},{"type":"Feature","geometry":{"type":"Point","coordinates":[-89.98649,29.96106]},"properties":{"probability":0.685,"inBuffer":true,"facType":"fire"}},{"type":"Feature","geometry":{"type":"Point","coordinates":[-89.98199,29.96106]},"properties":{"probability":0.706,"inBuffer":true,"facType":"fire"}},{"type":"Feature","geometry":{"type":"Point","coordinates":[-89.9775,29.96106]},"properties":{"probability":0.535,"inBuffer":false,"facType":"fire"}},{"type":"Feature","geometry":{"type":"Point","coordinates":[-89.97301,29.96106]},"properties":{"probability":0.422,"inBuffer":false,"facType":"fire"}},{"type":"Feature","geometry":{"type":"Point","coordinates":[-89.96852,29.96106]},"properties":{"probability":0.369,"inBuffer":false,"facType":"substation"}},{"type":"Feature","geometry":{"type":"Point","coordinates":[-89.96403,29.96106]},"properties":{"probability":0.362,"inBuffer":false,"facType":"substation"}},{"type":"Feature","geometry":{"type":"Point","coordinates":[-89.95954,29.96106]},"properties":{"probability":0.359,"inBuffer":false,"facType":"substation"}},{"type":"Feature","geometry":{"type":"Point","coordinates":[-89.95505,29.96106]},"properties":{"probability":0.39,"inBuffer":false,"facType":"substation"}},{"type":"Feature","geometry":{"type":"Point","coordinates":[-89.95055,29.96106]},"properties":{"probability":0.274,"inBuffer":false,"facType":"substation"}},{"type":"Feature","geometry":{"type":"Point","coordinates":[-89.94606,29.96106]},"properties":{"probability":0.236,"inBuffer":false,"facType":"substation"}},{"type":"Feature","geometry":{"type":"Point","coordinates":[-89.94157,29.96106]},"properties":{"probability":0.235,"inBuffer":false,"facType":"substation"}},{"type":"Feature","geometry":{"type":"Point","coordinates":[-90.20208,29.95657]},"properties":{"probability":0.797,"inBuffer":true,"facType":"fire"}},{"type":"Feature","geometry":{"type":"Point","coordinates":[-90.19759,29.95657]},"properties":{"probability":0.806,"inBuffer":true,"facType":"fire"}},{"type":"Feature","geometry":{"type":"Point","coordinates":[-90.1931,29.95657]},"properties":{"probability":0.794,"inBuffer":false,"facType":"fire"}},{"type":"Feature","geometry":{"type":"Point","coordinates":[-90.18861,29.95657]},"properties":{"probability":0.855,"inBuffer":false,"facType":"fire"}},{"type":"Feature","geometry":{"type":"Point","coordinates":[-90.18412,29.95657]},"properties":{"probability":0.873,"inBuffer":true,"facType":"hospital"}},{"type":"Feature","geometry":{"type":"Point","coordinates":[-90.17963,29.95657]},"properties":{"probability":0.851,"inBuffer":false,"facType":"hospital"}},{"type":"Feature","geometry":{"type":"Point","coordinates":[-90.17513,29.95657]},"properties":{"probability":0.787,"inBuffer":false,"facType":"hospital"}},{"type":"Feature","geometry":{"type":"Point","coordinates":[-90.17064,29.95657]},"properties":{"probability":0.724,"inBuffer":false,"facType":"fire"}},{"type":"Feature","geometry":{"type":"Point","coordinates":[-90.16615,29.95657]},"properties":{"probability":0.764,"inBuffer":false,"facType":"fire"}},{"type":"Feature","geometry":{"type":"Point","coordinates":[-90.16166,29.95657]},"properties":{"probability":0.725,"inBuffer":false,"facType":"fire"}},{"type":"Feature","geometry":{"type":"Point","coordinates":[-90.15717,29.95657]},"properties":{"probability":0.702,"inBuffer":true,"facType":"hospital"}},{"type":"Feature","geometry":{"type":"Point","coordinates":[-90.15268,29.95657]},"properties":{"probability":0.642,"inBuffer":true,"facType":"hospital"}},{"type":"Feature","geometry":{"type":"Point","coordinates":[-90.14819,29.95657]},"properties":{"probability":0.612,"inBuffer":true,"facType":"hospital"}},{"type":"Feature","geometry":{"type":"Point","coordinates":[-90.14369,29.95657]},"properties":{"probability":0.68,"inBuffer":true,"facType":"hospital"}},{"type":"Feature","geometry":{"type":"Point","coordinates":[-90.1392,29.95657]},"properties":{"probability":0.794,"inBuffer":true,"facType":"substation"}},{"type":"Feature","geometry":{"type":"Point","coordinates":[-90.13471,29.95657]},"properties":{"probability":0.802,"inBuffer":false,"facType":"substation"}},{"type":"Feature","geometry":{"type":"Point","coordinates":[-90.13022,29.95657]},"properties":{"probability":0.787,"inBuffer":false,"facType":"water_works"}},{"type":"Feature","geometry":{"type":"Point","coordinates":[-90.12572,29.95657]},"properties":{"probability":0.765,"inBuffer":true,"facType":"water_works"}},{"type":"Feature","geometry":{"type":"Point","coordinates":[-90.12124,29.95657]},"properties":{"probability":0.731,"inBuffer":true,"facType":"fire"}},{"type":"Feature","geometry":{"type":"Point","coordinates":[-90.11674,29.95657]},"properties":{"probability":0.728,"inBuffer":true,"facType":"fire"}},{"type":"Feature","geometry":{"type":"Point","coordinates":[-90.11225,29.95657]},"properties":{"probability":0.788,"inBuffer":false,"facType":"fire"}},{"type":"Feature","geometry":{"type":"Point","coordinates":[-90.10776,29.95657]},"properties":{"probability":0.796,"inBuffer":false,"facType":"substation"}},{"type":"Feature","geometry":{"type":"Point","coordinates":[-90.10327,29.95657]},"properties":{"probability":0.803,"inBuffer":false,"facType":"police"}},{"type":"Feature","geometry":{"type":"Point","coordinates":[-90.09878,29.95657]},"properties":{"probability":0.842,"inBuffer":true,"facType":"police"}},{"type":"Feature","geometry":{"type":"Point","coordinates":[-90.09428,29.95657]},"properties":{"probability":0.816,"inBuffer":true,"facType":"police"}},{"type":"Feature","geometry":{"type":"Point","coordinates":[-90.08979,29.95657]},"properties":{"probability":0.824,"inBuffer":true,"facType":"substation"}},{"type":"Feature","geometry":{"type":"Point","coordinates":[-90.0853,29.95657]},"properties":{"probability":0.852,"inBuffer":true,"facType":"substation"}},{"type":"Feature","geometry":{"type":"Point","coordinates":[-90.08081,29.95657]},"properties":{"probability":0.874,"inBuffer":true,"facType":"fire"}},{"type":"Feature","geometry":{"type":"Point","coordinates":[-90.07632,29.95657]},"properties":{"probability":0.874,"inBuffer":true,"facType":"hospital"}},{"type":"Feature","geometry":{"type":"Point","coordinates":[-90.07183,29.95657]},"properties":{"probability":0.872,"inBuffer":true,"facType":"police"}},{"type":"Feature","geometry":{"type":"Point","coordinates":[-90.06734,29.95657]},"properties":{"probability":0.869,"inBuffer":true,"facType":"police"}},{"type":"Feature","geometry":{"type":"Point","coordinates":[-90.06284,29.95657]},"properties":{"probability":0.849,"inBuffer":true,"facType":"government"}},{"type":"Feature","geometry":{"type":"Point","coordinates":[-90.05835,29.95657]},"properties":{"probability":0.773,"inBuffer":true,"facType":"government"}},{"type":"Feature","geometry":{"type":"Point","coordinates":[-90.05386,29.95657]},"properties":{"probability":0.507,"inBuffer":true,"facType":"government"}},{"type":"Feature","geometry":{"type":"Point","coordinates":[-90.04937,29.95657]},"properties":{"probability":0.537,"inBuffer":false,"facType":"substation"}},{"type":"Feature","geometry":{"type":"Point","coordinates":[-90.04488,29.95657]},"properties":{"probability":0.557,"inBuffer":false,"facType":"fire"}},{"type":"Feature","geometry":{"type":"Point","coordinates":[-90.04039,29.95657]},"properties":{"probability":0.52,"inBuffer":false,"facType":"police"}},{"type":"Feature","geometry":{"type":"Point","coordinates":[-90.0359,29.95657]},"properties":{"probability":0.554,"inBuffer":false,"facType":"police"}},{"type":"Feature","geometry":{"type":"Point","coordinates":[-90.0314,29.95657]},"properties":{"probability":0.467,"inBuffer":false,"facType":"police"}},{"type":"Feature","geometry":{"type":"Point","coordinates":[-90.02691,29.95657]},"properties":{"probability":0.408,"inBuffer":false,"facType":"police"}},{"type":"Feature","geometry":{"type":"Point","coordinates":[-90.02242,29.95657]},"properties":{"probability":0.592,"inBuffer":false,"facType":"police"}},{"type":"Feature","geometry":{"type":"Point","coordinates":[-90.01793,29.95657]},"properties":{"probability":0.672,"inBuffer":false,"facType":"fire"}},{"type":"Feature","geometry":{"type":"Point","coordinates":[-90.01344,29.95657]},"properties":{"probability":0.669,"inBuffer":false,"facType":"police"}},{"type":"Feature","geometry":{"type":"Point","coordinates":[-90.00895,29.95657]},"properties":{"probability":0.679,"inBuffer":true,"facType":"police"}},{"type":"Feature","geometry":{"type":"Point","coordinates":[-90.00446,29.95657]},"properties":{"probability":0.693,"inBuffer":true,"facType":"police"}},{"type":"Feature","geometry":{"type":"Point","coordinates":[-89.99996,29.95657]},"properties":{"probability":0.701,"inBuffer":true,"facType":"police"}},{"type":"Feature","geometry":{"type":"Point","coordinates":[-89.99547,29.95657]},"properties":{"probability":0.698,"inBuffer":true,"facType":"fire"}},{"type":"Feature","geometry":{"type":"Point","coordinates":[-89.99098,29.95657]},"properties":{"probability":0.775,"inBuffer":true,"facType":"fire"}},{"type":"Feature","geometry":{"type":"Point","coordinates":[-89.98649,29.95657]},"properties":{"probability":0.799,"inBuffer":true,"facType":"fire"}},{"type":"Feature","geometry":{"type":"Point","coordinates":[-89.98199,29.95657]},"properties":{"probability":0.798,"inBuffer":true,"facType":"fire"}},{"type":"Feature","geometry":{"type":"Point","coordinates":[-89.9775,29.95657]},"properties":{"probability":0.779,"inBuffer":true,"facType":"fire"}},{"type":"Feature","geometry":{"type":"Point","coordinates":[-89.97301,29.95657]},"properties":{"probability":0.699,"inBuffer":false,"facType":"fire"}},{"type":"Feature","geometry":{"type":"Point","coordinates":[-89.96852,29.95657]},"properties":{"probability":0.622,"inBuffer":false,"facType":"substation"}},{"type":"Feature","geometry":{"type":"Point","coordinates":[-89.96403,29.95657]},"properties":{"probability":0.675,"inBuffer":false,"facType":"substation"}},{"type":"Feature","geometry":{"type":"Point","coordinates":[-89.95954,29.95657]},"properties":{"probability":0.739,"inBuffer":false,"facType":"substation"}},{"type":"Feature","geometry":{"type":"Point","coordinates":[-89.95505,29.95657]},"properties":{"probability":0.712,"inBuffer":false,"facType":"substation"}},{"type":"Feature","geometry":{"type":"Point","coordinates":[-89.95055,29.95657]},"properties":{"probability":0.584,"inBuffer":false,"facType":"substation"}},{"type":"Feature","geometry":{"type":"Point","coordinates":[-89.94606,29.95657]},"properties":{"probability":0.552,"inBuffer":false,"facType":"substation"}},{"type":"Feature","geometry":{"type":"Point","coordinates":[-89.94157,29.95657]},"properties":{"probability":0.214,"inBuffer":false,"facType":"substation"}},{"type":"Feature","geometry":{"type":"Point","coordinates":[-90.20208,29.95208]},"properties":{"probability":0.774,"inBuffer":true,"facType":"fire"}},{"type":"Feature","geometry":{"type":"Point","coordinates":[-90.19759,29.95208]},"properties":{"probability":0.792,"inBuffer":true,"facType":"fire"}},{"type":"Feature","geometry":{"type":"Point","coordinates":[-90.1931,29.95208]},"properties":{"probability":0.797,"inBuffer":true,"facType":"fire"}},{"type":"Feature","geometry":{"type":"Point","coordinates":[-90.18861,29.95208]},"properties":{"probability":0.837,"inBuffer":true,"facType":"fire"}},{"type":"Feature","geometry":{"type":"Point","coordinates":[-90.18412,29.95208]},"properties":{"probability":0.86,"inBuffer":true,"facType":"fire"}},{"type":"Feature","geometry":{"type":"Point","coordinates":[-90.17963,29.95208]},"properties":{"probability":0.845,"inBuffer":false,"facType":"fire"}},{"type":"Feature","geometry":{"type":"Point","coordinates":[-90.17513,29.95208]},"properties":{"probability":0.798,"inBuffer":false,"facType":"fire"}},{"type":"Feature","geometry":{"type":"Point","coordinates":[-90.17064,29.95208]},"properties":{"probability":0.66,"inBuffer":false,"facType":"fire"}},{"type":"Feature","geometry":{"type":"Point","coordinates":[-90.16615,29.95208]},"properties":{"probability":0.652,"inBuffer":false,"facType":"fire"}},{"type":"Feature","geometry":{"type":"Point","coordinates":[-90.16166,29.95208]},"properties":{"probability":0.555,"inBuffer":false,"facType":"fire"}},{"type":"Feature","geometry":{"type":"Point","coordinates":[-90.15717,29.95208]},"properties":{"probability":0.461,"inBuffer":false,"facType":"substation"}},{"type":"Feature","geometry":{"type":"Point","coordinates":[-90.15268,29.95208]},"properties":{"probability":0.53,"inBuffer":false,"facType":"substation"}},{"type":"Feature","geometry":{"type":"Point","coordinates":[-90.14819,29.95208]},"properties":{"probability":0.495,"inBuffer":true,"facType":"substation"}},{"type":"Feature","geometry":{"type":"Point","coordinates":[-90.14369,29.95208]},"properties":{"probability":0.542,"inBuffer":false,"facType":"substation"}},{"type":"Feature","geometry":{"type":"Point","coordinates":[-90.1392,29.95208]},"properties":{"probability":0.663,"inBuffer":false,"facType":"substation"}},{"type":"Feature","geometry":{"type":"Point","coordinates":[-90.13471,29.95208]},"properties":{"probability":0.687,"inBuffer":false,"facType":"substation"}},{"type":"Feature","geometry":{"type":"Point","coordinates":[-90.13022,29.95208]},"properties":{"probability":0.713,"inBuffer":false,"facType":"substation"}},{"type":"Feature","geometry":{"type":"Point","coordinates":[-90.12572,29.95208]},"properties":{"probability":0.672,"inBuffer":false,"facType":"fire"}},{"type":"Feature","geometry":{"type":"Point","coordinates":[-90.12124,29.95208]},"properties":{"probability":0.672,"inBuffer":true,"facType":"fire"}},{"type":"Feature","geometry":{"type":"Point","coordinates":[-90.11674,29.95208]},"properties":{"probability":0.696,"inBuffer":true,"facType":"fire"}},{"type":"Feature","geometry":{"type":"Point","coordinates":[-90.11225,29.95208]},"properties":{"probability":0.689,"inBuffer":false,"facType":"fire"}},{"type":"Feature","geometry":{"type":"Point","coordinates":[-90.10776,29.95208]},"properties":{"probability":0.7,"inBuffer":false,"facType":"fire"}},{"type":"Feature","geometry":{"type":"Point","coordinates":[-90.10327,29.95208]},"properties":{"probability":0.801,"inBuffer":false,"facType":"police"}},{"type":"Feature","geometry":{"type":"Point","coordinates":[-90.09878,29.95208]},"properties":{"probability":0.796,"inBuffer":false,"facType":"police"}},{"type":"Feature","geometry":{"type":"Point","coordinates":[-90.09428,29.95208]},"properties":{"probability":0.804,"inBuffer":false,"facType":"government"}},{"type":"Feature","geometry":{"type":"Point","coordinates":[-90.08979,29.95208]},"properties":{"probability":0.834,"inBuffer":false,"facType":"government"}},{"type":"Feature","geometry":{"type":"Point","coordinates":[-90.0853,29.95208]},"properties":{"probability":0.864,"inBuffer":false,"facType":"substation"}},{"type":"Feature","geometry":{"type":"Point","coordinates":[-90.08081,29.95208]},"properties":{"probability":0.874,"inBuffer":true,"facType":"government"}},{"type":"Feature","geometry":{"type":"Point","coordinates":[-90.07632,29.95208]},"properties":{"probability":0.872,"inBuffer":true,"facType":"government"}},{"type":"Feature","geometry":{"type":"Point","coordinates":[-90.07183,29.95208]},"properties":{"probability":0.876,"inBuffer":true,"facType":"government"}},{"type":"Feature","geometry":{"type":"Point","coordinates":[-90.06734,29.95208]},"properties":{"probability":0.876,"inBuffer":true,"facType":"government"}},{"type":"Feature","geometry":{"type":"Point","coordinates":[-90.06284,29.95208]},"properties":{"probability":0.874,"inBuffer":true,"facType":"substation"}},{"type":"Feature","geometry":{"type":"Point","coordinates":[-90.05835,29.95208]},"properties":{"probability":0.748,"inBuffer":true,"facType":"substation"}},{"type":"Feature","geometry":{"type":"Point","coordinates":[-90.05386,29.95208]},"properties":{"probability":0.672,"inBuffer":true,"facType":"fire"}},{"type":"Feature","geometry":{"type":"Point","coordinates":[-90.04937,29.95208]},"properties":{"probability":0.629,"inBuffer":true,"facType":"fire"}},{"type":"Feature","geometry":{"type":"Point","coordinates":[-90.04488,29.95208]},"properties":{"probability":0.624,"inBuffer":false,"facType":"fire"}},{"type":"Feature","geometry":{"type":"Point","coordinates":[-90.04039,29.95208]},"properties":{"probability":0.609,"inBuffer":false,"facType":"police"}},{"type":"Feature","geometry":{"type":"Point","coordinates":[-90.0359,29.95208]},"properties":{"probability":0.656,"inBuffer":true,"facType":"police"}},{"type":"Feature","geometry":{"type":"Point","coordinates":[-90.0314,29.95208]},"properties":{"probability":0.56,"inBuffer":true,"facType":"police"}},{"type":"Feature","geometry":{"type":"Point","coordinates":[-90.02691,29.95208]},"properties":{"probability":0.477,"inBuffer":true,"facType":"police"}},{"type":"Feature","geometry":{"type":"Point","coordinates":[-90.02242,29.95208]},"properties":{"probability":0.556,"inBuffer":false,"facType":"police"}},{"type":"Feature","geometry":{"type":"Point","coordinates":[-90.01793,29.95208]},"properties":{"probability":0.666,"inBuffer":false,"facType":"police"}},{"type":"Feature","geometry":{"type":"Point","coordinates":[-90.01344,29.95208]},"properties":{"probability":0.67,"inBuffer":false,"facType":"police"}},{"type":"Feature","geometry":{"type":"Point","coordinates":[-90.00895,29.95208]},"properties":{"probability":0.636,"inBuffer":false,"facType":"police"}},{"type":"Feature","geometry":{"type":"Point","coordinates":[-90.00446,29.95208]},"properties":{"probability":0.664,"inBuffer":true,"facType":"police"}},{"type":"Feature","geometry":{"type":"Point","coordinates":[-89.99996,29.95208]},"properties":{"probability":0.681,"inBuffer":false,"facType":"police"}},{"type":"Feature","geometry":{"type":"Point","coordinates":[-89.99547,29.95208]},"properties":{"probability":0.709,"inBuffer":true,"facType":"hospital"}},{"type":"Feature","geometry":{"type":"Point","coordinates":[-89.99098,29.95208]},"properties":{"probability":0.729,"inBuffer":true,"facType":"hospital"}},{"type":"Feature","geometry":{"type":"Point","coordinates":[-89.98649,29.95208]},"properties":{"probability":0.763,"inBuffer":true,"facType":"hospital"}},{"type":"Feature","geometry":{"type":"Point","coordinates":[-89.98199,29.95208]},"properties":{"probability":0.792,"inBuffer":true,"facType":"fire"}},{"type":"Feature","geometry":{"type":"Point","coordinates":[-89.9775,29.95208]},"properties":{"probability":0.805,"inBuffer":false,"facType":"fire"}},{"type":"Feature","geometry":{"type":"Point","coordinates":[-89.97301,29.95208]},"properties":{"probability":0.781,"inBuffer":false,"facType":"fire"}},{"type":"Feature","geometry":{"type":"Point","coordinates":[-89.96852,29.95208]},"properties":{"probability":0.704,"inBuffer":false,"facType":"substation"}},{"type":"Feature","geometry":{"type":"Point","coordinates":[-89.96403,29.95208]},"properties":{"probability":0.719,"inBuffer":false,"facType":"substation"}},{"type":"Feature","geometry":{"type":"Point","coordinates":[-89.95954,29.95208]},"properties":{"probability":0.775,"inBuffer":false,"facType":"substation"}},{"type":"Feature","geometry":{"type":"Point","coordinates":[-89.95505,29.95208]},"properties":{"probability":0.723,"inBuffer":false,"facType":"substation"}},{"type":"Feature","geometry":{"type":"Point","coordinates":[-89.95055,29.95208]},"properties":{"probability":0.668,"inBuffer":false,"facType":"substation"}},{"type":"Feature","geometry":{"type":"Point","coordinates":[-89.94606,29.95208]},"properties":{"probability":0.637,"inBuffer":false,"facType":"substation"}},{"type":"Feature","geometry":{"type":"Point","coordinates":[-89.94157,29.95208]},"properties":{"probability":0.456,"inBuffer":false,"facType":"substation"}},{"type":"Feature","geometry":{"type":"Point","coordinates":[-89.93708,29.95208]},"properties":{"probability":0.286,"inBuffer":false,"facType":"substation"}},{"type":"Feature","geometry":{"type":"Point","coordinates":[-89.93259,29.95208]},"properties":{"probability":0.248,"inBuffer":false,"facType":"substation"}},{"type":"Feature","geometry":{"type":"Point","coordinates":[-89.9281,29.95208]},"properties":{"probability":0.195,"inBuffer":true,"facType":"substation"}},{"type":"Feature","geometry":{"type":"Point","coordinates":[-89.92361,29.95208]},"properties":{"probability":0.246,"inBuffer":true,"facType":"substation"}},{"type":"Feature","geometry":{"type":"Point","coordinates":[-90.20208,29.94759]},"properties":{"probability":0.685,"inBuffer":true,"facType":"fire"}},{"type":"Feature","geometry":{"type":"Point","coordinates":[-90.19759,29.94759]},"properties":{"probability":0.706,"inBuffer":true,"facType":"fire"}},{"type":"Feature","geometry":{"type":"Point","coordinates":[-90.1931,29.94759]},"properties":{"probability":0.79,"inBuffer":true,"facType":"fire"}},{"type":"Feature","geometry":{"type":"Point","coordinates":[-90.18861,29.94759]},"properties":{"probability":0.794,"inBuffer":true,"facType":"fire"}},{"type":"Feature","geometry":{"type":"Point","coordinates":[-90.18412,29.94759]},"properties":{"probability":0.843,"inBuffer":true,"facType":"fire"}},{"type":"Feature","geometry":{"type":"Point","coordinates":[-90.17963,29.94759]},"properties":{"probability":0.841,"inBuffer":false,"facType":"fire"}},{"type":"Feature","geometry":{"type":"Point","coordinates":[-90.17513,29.94759]},"properties":{"probability":0.799,"inBuffer":false,"facType":"fire"}},{"type":"Feature","geometry":{"type":"Point","coordinates":[-90.17064,29.94759]},"properties":{"probability":0.433,"inBuffer":false,"facType":"fire"}},{"type":"Feature","geometry":{"type":"Point","coordinates":[-90.16615,29.94759]},"properties":{"probability":0.434,"inBuffer":false,"facType":"substation"}},{"type":"Feature","geometry":{"type":"Point","coordinates":[-90.16166,29.94759]},"properties":{"probability":0.443,"inBuffer":false,"facType":"substation"}},{"type":"Feature","geometry":{"type":"Point","coordinates":[-90.15717,29.94759]},"properties":{"probability":0.43,"inBuffer":false,"facType":"substation"}},{"type":"Feature","geometry":{"type":"Point","coordinates":[-90.15268,29.94759]},"properties":{"probability":0.611,"inBuffer":true,"facType":"substation"}},{"type":"Feature","geometry":{"type":"Point","coordinates":[-90.14819,29.94759]},"properties":{"probability":0.696,"inBuffer":true,"facType":"substation"}},{"type":"Feature","geometry":{"type":"Point","coordinates":[-90.14369,29.94759]},"properties":{"probability":0.661,"inBuffer":true,"facType":"substation"}},{"type":"Feature","geometry":{"type":"Point","coordinates":[-90.1392,29.94759]},"properties":{"probability":0.519,"inBuffer":false,"facType":"substation"}},{"type":"Feature","geometry":{"type":"Point","coordinates":[-90.13471,29.94759]},"properties":{"probability":0.601,"inBuffer":false,"facType":"substation"}},{"type":"Feature","geometry":{"type":"Point","coordinates":[-90.13022,29.94759]},"properties":{"probability":0.703,"inBuffer":false,"facType":"substation"}},{"type":"Feature","geometry":{"type":"Point","coordinates":[-90.12572,29.94759]},"properties":{"probability":0.703,"inBuffer":false,"facType":"fire"}},{"type":"Feature","geometry":{"type":"Point","coordinates":[-90.12124,29.94759]},"properties":{"probability":0.64,"inBuffer":false,"facType":"fire"}},{"type":"Feature","geometry":{"type":"Point","coordinates":[-90.11674,29.94759]},"properties":{"probability":0.7,"inBuffer":false,"facType":"fire"}},{"type":"Feature","geometry":{"type":"Point","coordinates":[-90.11225,29.94759]},"properties":{"probability":0.712,"inBuffer":false,"facType":"fire"}},{"type":"Feature","geometry":{"type":"Point","coordinates":[-90.10776,29.94759]},"properties":{"probability":0.712,"inBuffer":false,"facType":"fire"}},{"type":"Feature","geometry":{"type":"Point","coordinates":[-90.10327,29.94759]},"properties":{"probability":0.788,"inBuffer":false,"facType":"hospital"}},{"type":"Feature","geometry":{"type":"Point","coordinates":[-90.09878,29.94759]},"properties":{"probability":0.791,"inBuffer":false,"facType":"government"}},{"type":"Feature","geometry":{"type":"Point","coordinates":[-90.09428,29.94759]},"properties":{"probability":0.798,"inBuffer":false,"facType":"government"}},{"type":"Feature","geometry":{"type":"Point","coordinates":[-90.08979,29.94759]},"properties":{"probability":0.832,"inBuffer":true,"facType":"government"}},{"type":"Feature","geometry":{"type":"Point","coordinates":[-90.0853,29.94759]},"properties":{"probability":0.867,"inBuffer":true,"facType":"government"}},{"type":"Feature","geometry":{"type":"Point","coordinates":[-90.08081,29.94759]},"properties":{"probability":0.874,"inBuffer":true,"facType":"government"}},{"type":"Feature","geometry":{"type":"Point","coordinates":[-90.07632,29.94759]},"properties":{"probability":0.875,"inBuffer":true,"facType":"fire"}},{"type":"Feature","geometry":{"type":"Point","coordinates":[-90.07183,29.94759]},"properties":{"probability":0.875,"inBuffer":true,"facType":"fire"}},{"type":"Feature","geometry":{"type":"Point","coordinates":[-90.06734,29.94759]},"properties":{"probability":0.875,"inBuffer":true,"facType":"police"}},{"type":"Feature","geometry":{"type":"Point","coordinates":[-90.06284,29.94759]},"properties":{"probability":0.873,"inBuffer":true,"facType":"police"}},{"type":"Feature","geometry":{"type":"Point","coordinates":[-90.05835,29.94759]},"properties":{"probability":0.794,"inBuffer":true,"facType":"substation"}},{"type":"Feature","geometry":{"type":"Point","coordinates":[-90.05386,29.94759]},"properties":{"probability":0.691,"inBuffer":true,"facType":"fire"}},{"type":"Feature","geometry":{"type":"Point","coordinates":[-90.04937,29.94759]},"properties":{"probability":0.646,"inBuffer":true,"facType":"fire"}},{"type":"Feature","geometry":{"type":"Point","coordinates":[-90.04488,29.94759]},"properties":{"probability":0.66,"inBuffer":true,"facType":"fire"}},{"type":"Feature","geometry":{"type":"Point","coordinates":[-90.04039,29.94759]},"properties":{"probability":0.691,"inBuffer":false,"facType":"police"}},{"type":"Feature","geometry":{"type":"Point","coordinates":[-90.0359,29.94759]},"properties":{"probability":0.712,"inBuffer":true,"facType":"police"}},{"type":"Feature","geometry":{"type":"Point","coordinates":[-90.0314,29.94759]},"properties":{"probability":0.701,"inBuffer":true,"facType":"police"}},{"type":"Feature","geometry":{"type":"Point","coordinates":[-90.02691,29.94759]},"properties":{"probability":0.696,"inBuffer":true,"facType":"police"}},{"type":"Feature","geometry":{"type":"Point","coordinates":[-90.02242,29.94759]},"properties":{"probability":0.591,"inBuffer":false,"facType":"fire"}},{"type":"Feature","geometry":{"type":"Point","coordinates":[-90.01793,29.94759]},"properties":{"probability":0.596,"inBuffer":false,"facType":"fire"}},{"type":"Feature","geometry":{"type":"Point","coordinates":[-90.01344,29.94759]},"properties":{"probability":0.685,"inBuffer":false,"facType":"fire"}},{"type":"Feature","geometry":{"type":"Point","coordinates":[-90.00895,29.94759]},"properties":{"probability":0.557,"inBuffer":false,"facType":"police"}},{"type":"Feature","geometry":{"type":"Point","coordinates":[-90.00446,29.94759]},"properties":{"probability":0.664,"inBuffer":false,"facType":"police"}},{"type":"Feature","geometry":{"type":"Point","coordinates":[-89.99996,29.94759]},"properties":{"probability":0.696,"inBuffer":false,"facType":"police"}},{"type":"Feature","geometry":{"type":"Point","coordinates":[-89.99547,29.94759]},"properties":{"probability":0.701,"inBuffer":false,"facType":"hospital"}},{"type":"Feature","geometry":{"type":"Point","coordinates":[-89.99098,29.94759]},"properties":{"probability":0.681,"inBuffer":false,"facType":"hospital"}},{"type":"Feature","geometry":{"type":"Point","coordinates":[-89.98649,29.94759]},"properties":{"probability":0.593,"inBuffer":false,"facType":"hospital"}},{"type":"Feature","geometry":{"type":"Point","coordinates":[-89.98199,29.94759]},"properties":{"probability":0.659,"inBuffer":false,"facType":"fire"}},{"type":"Feature","geometry":{"type":"Point","coordinates":[-89.9775,29.94759]},"properties":{"probability":0.714,"inBuffer":false,"facType":"police"}},{"type":"Feature","geometry":{"type":"Point","coordinates":[-89.97301,29.94759]},"properties":{"probability":0.722,"inBuffer":true,"facType":"police"}},{"type":"Feature","geometry":{"type":"Point","coordinates":[-89.96852,29.94759]},"properties":{"probability":0.728,"inBuffer":false,"facType":"police"}},{"type":"Feature","geometry":{"type":"Point","coordinates":[-89.96403,29.94759]},"properties":{"probability":0.732,"inBuffer":false,"facType":"substation"}},{"type":"Feature","geometry":{"type":"Point","coordinates":[-89.95954,29.94759]},"properties":{"probability":0.762,"inBuffer":false,"facType":"substation"}},{"type":"Feature","geometry":{"type":"Point","coordinates":[-89.95505,29.94759]},"properties":{"probability":0.705,"inBuffer":false,"facType":"substation"}},{"type":"Feature","geometry":{"type":"Point","coordinates":[-89.95055,29.94759]},"properties":{"probability":0.635,"inBuffer":false,"facType":"substation"}},{"type":"Feature","geometry":{"type":"Point","coordinates":[-89.94606,29.94759]},"properties":{"probability":0.641,"inBuffer":false,"facType":"substation"}},{"type":"Feature","geometry":{"type":"Point","coordinates":[-89.94157,29.94759]},"properties":{"probability":0.574,"inBuffer":false,"facType":"substation"}},{"type":"Feature","geometry":{"type":"Point","coordinates":[-89.93708,29.94759]},"properties":{"probability":0.388,"inBuffer":false,"facType":"substation"}},{"type":"Feature","geometry":{"type":"Point","coordinates":[-89.93259,29.94759]},"properties":{"probability":0.244,"inBuffer":true,"facType":"substation"}},{"type":"Feature","geometry":{"type":"Point","coordinates":[-89.9281,29.94759]},"properties":{"probability":0.331,"inBuffer":true,"facType":"substation"}},{"type":"Feature","geometry":{"type":"Point","coordinates":[-89.92361,29.94759]},"properties":{"probability":0.234,"inBuffer":true,"facType":"substation"}},{"type":"Feature","geometry":{"type":"Point","coordinates":[-89.91911,29.94759]},"properties":{"probability":0.31,"inBuffer":true,"facType":"airport"}},{"type":"Feature","geometry":{"type":"Point","coordinates":[-89.91462,29.94759]},"properties":{"probability":0.277,"inBuffer":true,"facType":"airport"}},{"type":"Feature","geometry":{"type":"Point","coordinates":[-90.20208,29.94309]},"properties":{"probability":0.666,"inBuffer":false,"facType":"substation"}},{"type":"Feature","geometry":{"type":"Point","coordinates":[-90.19759,29.94309]},"properties":{"probability":0.744,"inBuffer":true,"facType":"substation"}},{"type":"Feature","geometry":{"type":"Point","coordinates":[-90.1931,29.94309]},"properties":{"probability":0.792,"inBuffer":true,"facType":"substation"}},{"type":"Feature","geometry":{"type":"Point","coordinates":[-90.18861,29.94309]},"properties":{"probability":0.789,"inBuffer":true,"facType":"substation"}},{"type":"Feature","geometry":{"type":"Point","coordinates":[-90.18412,29.94309]},"properties":{"probability":0.793,"inBuffer":false,"facType":"substation"}},{"type":"Feature","geometry":{"type":"Point","coordinates":[-90.17963,29.94309]},"properties":{"probability":0.707,"inBuffer":false,"facType":"fire"}},{"type":"Feature","geometry":{"type":"Point","coordinates":[-90.17513,29.94309]},"properties":{"probability":0.767,"inBuffer":false,"facType":"fire"}},{"type":"Feature","geometry":{"type":"Point","coordinates":[-90.17064,29.94309]},"properties":{"probability":0.411,"inBuffer":false,"facType":"fire"}},{"type":"Feature","geometry":{"type":"Point","coordinates":[-90.16615,29.94309]},"properties":{"probability":0.271,"inBuffer":false,"facType":"substation"}},{"type":"Feature","geometry":{"type":"Point","coordinates":[-90.16166,29.94309]},"properties":{"probability":0.248,"inBuffer":false,"facType":"substation"}},{"type":"Feature","geometry":{"type":"Point","coordinates":[-90.15717,29.94309]},"properties":{"probability":0.347,"inBuffer":false,"facType":"substation"}},{"type":"Feature","geometry":{"type":"Point","coordinates":[-90.15268,29.94309]},"properties":{"probability":0.557,"inBuffer":true,"facType":"substation"}},{"type":"Feature","geometry":{"type":"Point","coordinates":[-90.14819,29.94309]},"properties":{"probability":0.715,"inBuffer":true,"facType":"power"}},{"type":"Feature","geometry":{"type":"Point","coordinates":[-90.14369,29.94309]},"properties":{"probability":0.689,"inBuffer":true,"facType":"power"}},{"type":"Feature","geometry":{"type":"Point","coordinates":[-90.1392,29.94309]},"properties":{"probability":0.576,"inBuffer":false,"facType":"substation"}},{"type":"Feature","geometry":{"type":"Point","coordinates":[-90.13471,29.94309]},"properties":{"probability":0.674,"inBuffer":false,"facType":"substation"}},{"type":"Feature","geometry":{"type":"Point","coordinates":[-90.13022,29.94309]},"properties":{"probability":0.703,"inBuffer":false,"facType":"substation"}},{"type":"Feature","geometry":{"type":"Point","coordinates":[-90.12572,29.94309]},"properties":{"probability":0.709,"inBuffer":false,"facType":"fire"}},{"type":"Feature","geometry":{"type":"Point","coordinates":[-90.12124,29.94309]},"properties":{"probability":0.731,"inBuffer":false,"facType":"fire"}},{"type":"Feature","geometry":{"type":"Point","coordinates":[-90.11674,29.94309]},"properties":{"probability":0.771,"inBuffer":false,"facType":"fire"}},{"type":"Feature","geometry":{"type":"Point","coordinates":[-90.11225,29.94309]},"properties":{"probability":0.72,"inBuffer":true,"facType":"fire"}},{"type":"Feature","geometry":{"type":"Point","coordinates":[-90.10776,29.94309]},"properties":{"probability":0.735,"inBuffer":true,"facType":"fire"}},{"type":"Feature","geometry":{"type":"Point","coordinates":[-90.10327,29.94309]},"properties":{"probability":0.79,"inBuffer":true,"facType":"hospital"}},{"type":"Feature","geometry":{"type":"Point","coordinates":[-90.09878,29.94309]},"properties":{"probability":0.803,"inBuffer":false,"facType":"hospital"}},{"type":"Feature","geometry":{"type":"Point","coordinates":[-90.09428,29.94309]},"properties":{"probability":0.805,"inBuffer":false,"facType":"police"}},{"type":"Feature","geometry":{"type":"Point","coordinates":[-90.08979,29.94309]},"properties":{"probability":0.803,"inBuffer":true,"facType":"police"}},{"type":"Feature","geometry":{"type":"Point","coordinates":[-90.0853,29.94309]},"properties":{"probability":0.853,"inBuffer":true,"facType":"police"}},{"type":"Feature","geometry":{"type":"Point","coordinates":[-90.08081,29.94309]},"properties":{"probability":0.873,"inBuffer":true,"facType":"fire"}},{"type":"Feature","geometry":{"type":"Point","coordinates":[-90.07632,29.94309]},"properties":{"probability":0.875,"inBuffer":true,"facType":"police"}},{"type":"Feature","geometry":{"type":"Point","coordinates":[-90.07183,29.94309]},"properties":{"probability":0.875,"inBuffer":true,"facType":"fire"}},{"type":"Feature","geometry":{"type":"Point","coordinates":[-90.06734,29.94309]},"properties":{"probability":0.875,"inBuffer":true,"facType":"substation"}},{"type":"Feature","geometry":{"type":"Point","coordinates":[-90.06284,29.94309]},"properties":{"probability":0.845,"inBuffer":true,"facType":"substation"}},{"type":"Feature","geometry":{"type":"Point","coordinates":[-90.05835,29.94309]},"properties":{"probability":0.785,"inBuffer":false,"facType":"substation"}},{"type":"Feature","geometry":{"type":"Point","coordinates":[-90.05386,29.94309]},"properties":{"probability":0.698,"inBuffer":true,"facType":"fire"}},{"type":"Feature","geometry":{"type":"Point","coordinates":[-90.04937,29.94309]},"properties":{"probability":0.685,"inBuffer":true,"facType":"fire"}},{"type":"Feature","geometry":{"type":"Point","coordinates":[-90.04488,29.94309]},"properties":{"probability":0.693,"inBuffer":false,"facType":"fire"}},{"type":"Feature","geometry":{"type":"Point","coordinates":[-90.04039,29.94309]},"properties":{"probability":0.684,"inBuffer":false,"facType":"police"}},{"type":"Feature","geometry":{"type":"Point","coordinates":[-90.0359,29.94309]},"properties":{"probability":0.71,"inBuffer":false,"facType":"police"}},{"type":"Feature","geometry":{"type":"Point","coordinates":[-90.0314,29.94309]},"properties":{"probability":0.705,"inBuffer":true,"facType":"police"}},{"type":"Feature","geometry":{"type":"Point","coordinates":[-90.02691,29.94309]},"properties":{"probability":0.677,"inBuffer":true,"facType":"fire"}},{"type":"Feature","geometry":{"type":"Point","coordinates":[-90.02242,29.94309]},"properties":{"probability":0.58,"inBuffer":true,"facType":"fire"}},{"type":"Feature","geometry":{"type":"Point","coordinates":[-90.01793,29.94309]},"properties":{"probability":0.512,"inBuffer":true,"facType":"fire"}},{"type":"Feature","geometry":{"type":"Point","coordinates":[-90.01344,29.94309]},"properties":{"probability":0.485,"inBuffer":false,"facType":"fire"}},{"type":"Feature","geometry":{"type":"Point","coordinates":[-90.00895,29.94309]},"properties":{"probability":0.406,"inBuffer":false,"facType":"fire"}},{"type":"Feature","geometry":{"type":"Point","coordinates":[-90.00446,29.94309]},"properties":{"probability":0.546,"inBuffer":false,"facType":"fire"}},{"type":"Feature","geometry":{"type":"Point","coordinates":[-89.99996,29.94309]},"properties":{"probability":0.664,"inBuffer":false,"facType":"hospital"}},{"type":"Feature","geometry":{"type":"Point","coordinates":[-89.99547,29.94309]},"properties":{"probability":0.562,"inBuffer":false,"facType":"hospital"}},{"type":"Feature","geometry":{"type":"Point","coordinates":[-89.99098,29.94309]},"properties":{"probability":0.555,"inBuffer":false,"facType":"hospital"}},{"type":"Feature","geometry":{"type":"Point","coordinates":[-89.98649,29.94309]},"properties":{"probability":0.568,"inBuffer":false,"facType":"substation"}},{"type":"Feature","geometry":{"type":"Point","coordinates":[-89.98199,29.94309]},"properties":{"probability":0.613,"inBuffer":false,"facType":"substation"}},{"type":"Feature","geometry":{"type":"Point","coordinates":[-89.9775,29.94309]},"properties":{"probability":0.658,"inBuffer":true,"facType":"substation"}},{"type":"Feature","geometry":{"type":"Point","coordinates":[-89.97301,29.94309]},"properties":{"probability":0.712,"inBuffer":true,"facType":"police"}},{"type":"Feature","geometry":{"type":"Point","coordinates":[-89.96852,29.94309]},"properties":{"probability":0.744,"inBuffer":true,"facType":"police"}},{"type":"Feature","geometry":{"type":"Point","coordinates":[-89.96403,29.94309]},"properties":{"probability":0.766,"inBuffer":false,"facType":"substation"}},{"type":"Feature","geometry":{"type":"Point","coordinates":[-89.95954,29.94309]},"properties":{"probability":0.764,"inBuffer":false,"facType":"substation"}},{"type":"Feature","geometry":{"type":"Point","coordinates":[-89.95505,29.94309]},"properties":{"probability":0.682,"inBuffer":false,"facType":"substation"}},{"type":"Feature","geometry":{"type":"Point","coordinates":[-89.95055,29.94309]},"properties":{"probability":0.664,"inBuffer":false,"facType":"substation"}},{"type":"Feature","geometry":{"type":"Point","coordinates":[-89.94606,29.94309]},"properties":{"probability":0.672,"inBuffer":false,"facType":"substation"}},{"type":"Feature","geometry":{"type":"Point","coordinates":[-89.94157,29.94309]},"properties":{"probability":0.641,"inBuffer":false,"facType":"substation"}},{"type":"Feature","geometry":{"type":"Point","coordinates":[-89.93708,29.94309]},"properties":{"probability":0.564,"inBuffer":true,"facType":"substation"}},{"type":"Feature","geometry":{"type":"Point","coordinates":[-89.93259,29.94309]},"properties":{"probability":0.451,"inBuffer":true,"facType":"substation"}},{"type":"Feature","geometry":{"type":"Point","coordinates":[-89.9281,29.94309]},"properties":{"probability":0.464,"inBuffer":true,"facType":"airport"}},{"type":"Feature","geometry":{"type":"Point","coordinates":[-89.92361,29.94309]},"properties":{"probability":0.321,"inBuffer":true,"facType":"airport"}},{"type":"Feature","geometry":{"type":"Point","coordinates":[-89.91911,29.94309]},"properties":{"probability":0.259,"inBuffer":true,"facType":"airport"}},{"type":"Feature","geometry":{"type":"Point","coordinates":[-89.91462,29.94309]},"properties":{"probability":0.203,"inBuffer":true,"facType":"airport"}},{"type":"Feature","geometry":{"type":"Point","coordinates":[-89.91013,29.94309]},"properties":{"probability":0.235,"inBuffer":false,"facType":"airport"}},{"type":"Feature","geometry":{"type":"Point","coordinates":[-90.20208,29.9386]},"properties":{"probability":0.7,"inBuffer":false,"facType":"government"}},{"type":"Feature","geometry":{"type":"Point","coordinates":[-90.19759,29.9386]},"properties":{"probability":0.79,"inBuffer":true,"facType":"government"}},{"type":"Feature","geometry":{"type":"Point","coordinates":[-90.1931,29.9386]},"properties":{"probability":0.797,"inBuffer":true,"facType":"police"}},{"type":"Feature","geometry":{"type":"Point","coordinates":[-90.18861,29.9386]},"properties":{"probability":0.801,"inBuffer":true,"facType":"police"}},{"type":"Feature","geometry":{"type":"Point","coordinates":[-90.18412,29.9386]},"properties":{"probability":0.759,"inBuffer":false,"facType":"police"}},{"type":"Feature","geometry":{"type":"Point","coordinates":[-90.17963,29.9386]},"properties":{"probability":0.506,"inBuffer":false,"facType":"fire"}},{"type":"Feature","geometry":{"type":"Point","coordinates":[-90.17513,29.9386]},"properties":{"probability":0.488,"inBuffer":false,"facType":"fire"}},{"type":"Feature","geometry":{"type":"Point","coordinates":[-90.17064,29.9386]},"properties":{"probability":0.571,"inBuffer":false,"facType":"fire"}},{"type":"Feature","geometry":{"type":"Point","coordinates":[-90.16615,29.9386]},"properties":{"probability":0.608,"inBuffer":false,"facType":"fire"}},{"type":"Feature","geometry":{"type":"Point","coordinates":[-90.16166,29.9386]},"properties":{"probability":0.462,"inBuffer":false,"facType":"substation"}},{"type":"Feature","geometry":{"type":"Point","coordinates":[-90.15717,29.9386]},"properties":{"probability":0.264,"inBuffer":false,"facType":"substation"}},{"type":"Feature","geometry":{"type":"Point","coordinates":[-90.15268,29.9386]},"properties":{"probability":0.336,"inBuffer":false,"facType":"substation"}},{"type":"Feature","geometry":{"type":"Point","coordinates":[-90.14819,29.9386]},"properties":{"probability":0.605,"inBuffer":false,"facType":"power"}},{"type":"Feature","geometry":{"type":"Point","coordinates":[-90.14369,29.9386]},"properties":{"probability":0.668,"inBuffer":false,"facType":"power"}},{"type":"Feature","geometry":{"type":"Point","coordinates":[-90.1392,29.9386]},"properties":{"probability":0.569,"inBuffer":false,"facType":"power"}},{"type":"Feature","geometry":{"type":"Point","coordinates":[-90.13471,29.9386]},"properties":{"probability":0.631,"inBuffer":false,"facType":"power"}},{"type":"Feature","geometry":{"type":"Point","coordinates":[-90.13022,29.9386]},"properties":{"probability":0.696,"inBuffer":false,"facType":"hospital"}},{"type":"Feature","geometry":{"type":"Point","coordinates":[-90.12572,29.9386]},"properties":{"probability":0.725,"inBuffer":false,"facType":"hospital"}},{"type":"Feature","geometry":{"type":"Point","coordinates":[-90.12124,29.9386]},"properties":{"probability":0.786,"inBuffer":false,"facType":"fire"}},{"type":"Feature","geometry":{"type":"Point","coordinates":[-90.11674,29.9386]},"properties":{"probability":0.765,"inBuffer":false,"facType":"fire"}},{"type":"Feature","geometry":{"type":"Point","coordinates":[-90.11225,29.9386]},"properties":{"probability":0.755,"inBuffer":true,"facType":"fire"}},{"type":"Feature","geometry":{"type":"Point","coordinates":[-90.10776,29.9386]},"properties":{"probability":0.808,"inBuffer":true,"facType":"fire"}},{"type":"Feature","geometry":{"type":"Point","coordinates":[-90.10327,29.9386]},"properties":{"probability":0.806,"inBuffer":true,"facType":"hospital"}},{"type":"Feature","geometry":{"type":"Point","coordinates":[-90.09878,29.9386]},"properties":{"probability":0.792,"inBuffer":true,"facType":"hospital"}},{"type":"Feature","geometry":{"type":"Point","coordinates":[-90.09428,29.9386]},"properties":{"probability":0.802,"inBuffer":true,"facType":"fire"}},{"type":"Feature","geometry":{"type":"Point","coordinates":[-90.08979,29.9386]},"properties":{"probability":0.79,"inBuffer":true,"facType":"fire"}},{"type":"Feature","geometry":{"type":"Point","coordinates":[-90.0853,29.9386]},"properties":{"probability":0.792,"inBuffer":true,"facType":"fire"}},{"type":"Feature","geometry":{"type":"Point","coordinates":[-90.08081,29.9386]},"properties":{"probability":0.807,"inBuffer":true,"facType":"police"}},{"type":"Feature","geometry":{"type":"Point","coordinates":[-90.07632,29.9386]},"properties":{"probability":0.854,"inBuffer":true,"facType":"hospital"}},{"type":"Feature","geometry":{"type":"Point","coordinates":[-90.07183,29.9386]},"properties":{"probability":0.851,"inBuffer":true,"facType":"hospital"}},{"type":"Feature","geometry":{"type":"Point","coordinates":[-90.06734,29.9386]},"properties":{"probability":0.846,"inBuffer":true,"facType":"government"}},{"type":"Feature","geometry":{"type":"Point","coordinates":[-90.06284,29.9386]},"properties":{"probability":0.811,"inBuffer":false,"facType":"government"}},{"type":"Feature","geometry":{"type":"Point","coordinates":[-90.05835,29.9386]},"properties":{"probability":0.79,"inBuffer":false,"facType":"government"}},{"type":"Feature","geometry":{"type":"Point","coordinates":[-90.05386,29.9386]},"properties":{"probability":0.708,"inBuffer":false,"facType":"government"}},{"type":"Feature","geometry":{"type":"Point","coordinates":[-90.04937,29.9386]},"properties":{"probability":0.69,"inBuffer":false,"facType":"fire"}},{"type":"Feature","geometry":{"type":"Point","coordinates":[-90.04488,29.9386]},"properties":{"probability":0.702,"inBuffer":false,"facType":"police"}},{"type":"Feature","geometry":{"type":"Point","coordinates":[-90.04039,29.9386]},"properties":{"probability":0.704,"inBuffer":true,"facType":"police"}},{"type":"Feature","geometry":{"type":"Point","coordinates":[-90.0359,29.9386]},"properties":{"probability":0.627,"inBuffer":true,"facType":"police"}},{"type":"Feature","geometry":{"type":"Point","coordinates":[-90.0314,29.9386]},"properties":{"probability":0.579,"inBuffer":true,"facType":"police"}},{"type":"Feature","geometry":{"type":"Point","coordinates":[-90.02691,29.9386]},"properties":{"probability":0.634,"inBuffer":true,"facType":"fire"}},{"type":"Feature","geometry":{"type":"Point","coordinates":[-90.02242,29.9386]},"properties":{"probability":0.633,"inBuffer":true,"facType":"fire"}},{"type":"Feature","geometry":{"type":"Point","coordinates":[-90.01793,29.9386]},"properties":{"probability":0.572,"inBuffer":true,"facType":"fire"}},{"type":"Feature","geometry":{"type":"Point","coordinates":[-90.01344,29.9386]},"properties":{"probability":0.553,"inBuffer":true,"facType":"fire"}},{"type":"Feature","geometry":{"type":"Point","coordinates":[-90.00895,29.9386]},"properties":{"probability":0.625,"inBuffer":false,"facType":"fire"}},{"type":"Feature","geometry":{"type":"Point","coordinates":[-90.00446,29.9386]},"properties":{"probability":0.489,"inBuffer":false,"facType":"fire"}},{"type":"Feature","geometry":{"type":"Point","coordinates":[-89.99996,29.9386]},"properties":{"probability":0.427,"inBuffer":false,"facType":"fire"}},{"type":"Feature","geometry":{"type":"Point","coordinates":[-89.99547,29.9386]},"properties":{"probability":0.289,"inBuffer":false,"facType":"substation"}},{"type":"Feature","geometry":{"type":"Point","coordinates":[-89.99098,29.9386]},"properties":{"probability":0.398,"inBuffer":false,"facType":"substation"}},{"type":"Feature","geometry":{"type":"Point","coordinates":[-89.98649,29.9386]},"properties":{"probability":0.635,"inBuffer":false,"facType":"substation"}},{"type":"Feature","geometry":{"type":"Point","coordinates":[-89.98199,29.9386]},"properties":{"probability":0.708,"inBuffer":true,"facType":"substation"}},{"type":"Feature","geometry":{"type":"Point","coordinates":[-89.9775,29.9386]},"properties":{"probability":0.7,"inBuffer":true,"facType":"substation"}},{"type":"Feature","geometry":{"type":"Point","coordinates":[-89.97301,29.9386]},"properties":{"probability":0.802,"inBuffer":true,"facType":"substation"}},{"type":"Feature","geometry":{"type":"Point","coordinates":[-89.96852,29.9386]},"properties":{"probability":0.751,"inBuffer":true,"facType":"substation"}},{"type":"Feature","geometry":{"type":"Point","coordinates":[-89.96403,29.9386]},"properties":{"probability":0.764,"inBuffer":false,"facType":"substation"}},{"type":"Feature","geometry":{"type":"Point","coordinates":[-89.95954,29.9386]},"properties":{"probability":0.738,"inBuffer":false,"facType":"substation"}},{"type":"Feature","geometry":{"type":"Point","coordinates":[-89.95505,29.9386]},"properties":{"probability":0.714,"inBuffer":false,"facType":"substation"}},{"type":"Feature","geometry":{"type":"Point","coordinates":[-89.95055,29.9386]},"properties":{"probability":0.709,"inBuffer":false,"facType":"substation"}},{"type":"Feature","geometry":{"type":"Point","coordinates":[-89.94606,29.9386]},"properties":{"probability":0.709,"inBuffer":false,"facType":"substation"}},{"type":"Feature","geometry":{"type":"Point","coordinates":[-89.94157,29.9386]},"properties":{"probability":0.7,"inBuffer":false,"facType":"substation"}},{"type":"Feature","geometry":{"type":"Point","coordinates":[-89.93708,29.9386]},"properties":{"probability":0.631,"inBuffer":true,"facType":"substation"}},{"type":"Feature","geometry":{"type":"Point","coordinates":[-89.93259,29.9386]},"properties":{"probability":0.561,"inBuffer":true,"facType":"substation"}},{"type":"Feature","geometry":{"type":"Point","coordinates":[-89.9281,29.9386]},"properties":{"probability":0.499,"inBuffer":true,"facType":"airport"}},{"type":"Feature","geometry":{"type":"Point","coordinates":[-89.92361,29.9386]},"properties":{"probability":0.549,"inBuffer":true,"facType":"airport"}},{"type":"Feature","geometry":{"type":"Point","coordinates":[-89.91911,29.9386]},"properties":{"probability":0.369,"inBuffer":true,"facType":"airport"}},{"type":"Feature","geometry":{"type":"Point","coordinates":[-89.91462,29.9386]},"properties":{"probability":0.252,"inBuffer":true,"facType":"airport"}},{"type":"Feature","geometry":{"type":"Point","coordinates":[-89.91013,29.9386]},"properties":{"probability":0.18,"inBuffer":false,"facType":"airport"}},{"type":"Feature","geometry":{"type":"Point","coordinates":[-90.20208,29.93411]},"properties":{"probability":0.708,"inBuffer":false,"facType":"government"}},{"type":"Feature","geometry":{"type":"Point","coordinates":[-90.19759,29.93411]},"properties":{"probability":0.753,"inBuffer":true,"facType":"police"}},{"type":"Feature","geometry":{"type":"Point","coordinates":[-90.1931,29.93411]},"properties":{"probability":0.737,"inBuffer":true,"facType":"police"}},{"type":"Feature","geometry":{"type":"Point","coordinates":[-90.18861,29.93411]},"properties":{"probability":0.693,"inBuffer":true,"facType":"police"}},{"type":"Feature","geometry":{"type":"Point","coordinates":[-90.18412,29.93411]},"properties":{"probability":0.488,"inBuffer":false,"facType":"fire"}},{"type":"Feature","geometry":{"type":"Point","coordinates":[-90.17963,29.93411]},"properties":{"probability":0.379,"inBuffer":true,"facType":"fire"}},{"type":"Feature","geometry":{"type":"Point","coordinates":[-90.17513,29.93411]},"properties":{"probability":0.519,"inBuffer":true,"facType":"fire"}},{"type":"Feature","geometry":{"type":"Point","coordinates":[-90.17064,29.93411]},"properties":{"probability":0.633,"inBuffer":true,"facType":"fire"}},{"type":"Feature","geometry":{"type":"Point","coordinates":[-90.16615,29.93411]},"properties":{"probability":0.607,"inBuffer":false,"facType":"fire"}},{"type":"Feature","geometry":{"type":"Point","coordinates":[-90.16166,29.93411]},"properties":{"probability":0.472,"inBuffer":false,"facType":"power"}},{"type":"Feature","geometry":{"type":"Point","coordinates":[-90.15717,29.93411]},"properties":{"probability":0.255,"inBuffer":false,"facType":"power"}},{"type":"Feature","geometry":{"type":"Point","coordinates":[-90.15268,29.93411]},"properties":{"probability":0.273,"inBuffer":false,"facType":"substation"}},{"type":"Feature","geometry":{"type":"Point","coordinates":[-90.14819,29.93411]},"properties":{"probability":0.449,"inBuffer":false,"facType":"power"}},{"type":"Feature","geometry":{"type":"Point","coordinates":[-90.14369,29.93411]},"properties":{"probability":0.618,"inBuffer":false,"facType":"power"}},{"type":"Feature","geometry":{"type":"Point","coordinates":[-90.1392,29.93411]},"properties":{"probability":0.556,"inBuffer":false,"facType":"power"}},{"type":"Feature","geometry":{"type":"Point","coordinates":[-90.13471,29.93411]},"properties":{"probability":0.6,"inBuffer":false,"facType":"hospital"}},{"type":"Feature","geometry":{"type":"Point","coordinates":[-90.13022,29.93411]},"properties":{"probability":0.653,"inBuffer":false,"facType":"hospital"}},{"type":"Feature","geometry":{"type":"Point","coordinates":[-90.12572,29.93411]},"properties":{"probability":0.691,"inBuffer":false,"facType":"hospital"}},{"type":"Feature","geometry":{"type":"Point","coordinates":[-90.12124,29.93411]},"properties":{"probability":0.75,"inBuffer":false,"facType":"hospital"}},{"type":"Feature","geometry":{"type":"Point","coordinates":[-90.11674,29.93411]},"properties":{"probability":0.725,"inBuffer":false,"facType":"fire"}},{"type":"Feature","geometry":{"type":"Point","coordinates":[-90.11225,29.93411]},"properties":{"probability":0.734,"inBuffer":true,"facType":"fire"}},{"type":"Feature","geometry":{"type":"Point","coordinates":[-90.10776,29.93411]},"properties":{"probability":0.783,"inBuffer":true,"facType":"fire"}},{"type":"Feature","geometry":{"type":"Point","coordinates":[-90.10327,29.93411]},"properties":{"probability":0.799,"inBuffer":true,"facType":"hospital"}},{"type":"Feature","geometry":{"type":"Point","coordinates":[-90.09878,29.93411]},"properties":{"probability":0.796,"inBuffer":true,"facType":"fire"}},{"type":"Feature","geometry":{"type":"Point","coordinates":[-90.09428,29.93411]},"properties":{"probability":0.797,"inBuffer":true,"facType":"fire"}},{"type":"Feature","geometry":{"type":"Point","coordinates":[-90.08979,29.93411]},"properties":{"probability":0.764,"inBuffer":true,"facType":"fire"}},{"type":"Feature","geometry":{"type":"Point","coordinates":[-90.0853,29.93411]},"properties":{"probability":0.771,"inBuffer":false,"facType":"hospital"}},{"type":"Feature","geometry":{"type":"Point","coordinates":[-90.08081,29.93411]},"properties":{"probability":0.801,"inBuffer":true,"facType":"hospital"}},{"type":"Feature","geometry":{"type":"Point","coordinates":[-90.07632,29.93411]},"properties":{"probability":0.794,"inBuffer":true,"facType":"hospital"}},{"type":"Feature","geometry":{"type":"Point","coordinates":[-90.07183,29.93411]},"properties":{"probability":0.802,"inBuffer":true,"facType":"hospital"}},{"type":"Feature","geometry":{"type":"Point","coordinates":[-90.06734,29.93411]},"properties":{"probability":0.807,"inBuffer":false,"facType":"substation"}},{"type":"Feature","geometry":{"type":"Point","coordinates":[-90.06284,29.93411]},"properties":{"probability":0.806,"inBuffer":false,"facType":"government"}},{"type":"Feature","geometry":{"type":"Point","coordinates":[-90.05835,29.93411]},"properties":{"probability":0.789,"inBuffer":false,"facType":"government"}},{"type":"Feature","geometry":{"type":"Point","coordinates":[-90.05386,29.93411]},"properties":{"probability":0.732,"inBuffer":true,"facType":"fire"}},{"type":"Feature","geometry":{"type":"Point","coordinates":[-90.04937,29.93411]},"properties":{"probability":0.714,"inBuffer":true,"facType":"fire"}},{"type":"Feature","geometry":{"type":"Point","coordinates":[-90.04488,29.93411]},"properties":{"probability":0.769,"inBuffer":false,"facType":"police"}},{"type":"Feature","geometry":{"type":"Point","coordinates":[-90.04039,29.93411]},"properties":{"probability":0.794,"inBuffer":true,"facType":"police"}},{"type":"Feature","geometry":{"type":"Point","coordinates":[-90.0359,29.93411]},"properties":{"probability":0.749,"inBuffer":true,"facType":"police"}},{"type":"Feature","geometry":{"type":"Point","coordinates":[-90.0314,29.93411]},"properties":{"probability":0.568,"inBuffer":true,"facType":"fire"}},{"type":"Feature","geometry":{"type":"Point","coordinates":[-90.02691,29.93411]},"properties":{"probability":0.565,"inBuffer":true,"facType":"fire"}},{"type":"Feature","geometry":{"type":"Point","coordinates":[-90.02242,29.93411]},"properties":{"probability":0.612,"inBuffer":true,"facType":"fire"}},{"type":"Feature","geometry":{"type":"Point","coordinates":[-90.01793,29.93411]},"properties":{"probability":0.64,"inBuffer":true,"facType":"fire"}},{"type":"Feature","geometry":{"type":"Point","coordinates":[-90.01344,29.93411]},"properties":{"probability":0.583,"inBuffer":false,"facType":"fire"}},{"type":"Feature","geometry":{"type":"Point","coordinates":[-90.00895,29.93411]},"properties":{"probability":0.67,"inBuffer":false,"facType":"fire"}},{"type":"Feature","geometry":{"type":"Point","coordinates":[-90.00446,29.93411]},"properties":{"probability":0.7,"inBuffer":false,"facType":"fire"}},{"type":"Feature","geometry":{"type":"Point","coordinates":[-89.99996,29.93411]},"properties":{"probability":0.453,"inBuffer":false,"facType":"fire"}},{"type":"Feature","geometry":{"type":"Point","coordinates":[-89.99547,29.93411]},"properties":{"probability":0.282,"inBuffer":false,"facType":"power"}},{"type":"Feature","geometry":{"type":"Point","coordinates":[-89.99098,29.93411]},"properties":{"probability":0.538,"inBuffer":false,"facType":"power"}},{"type":"Feature","geometry":{"type":"Point","coordinates":[-89.98649,29.93411]},"properties":{"probability":0.681,"inBuffer":false,"facType":"power"}},{"type":"Feature","geometry":{"type":"Point","coordinates":[-89.98199,29.93411]},"properties":{"probability":0.788,"inBuffer":true,"facType":"power"}},{"type":"Feature","geometry":{"type":"Point","coordinates":[-89.9775,29.93411]},"properties":{"probability":0.846,"inBuffer":true,"facType":"power"}},{"type":"Feature","geometry":{"type":"Point","coordinates":[-89.97301,29.93411]},"properties":{"probability":0.874,"inBuffer":true,"facType":"power"}},{"type":"Feature","geometry":{"type":"Point","coordinates":[-89.96852,29.93411]},"properties":{"probability":0.841,"inBuffer":false,"facType":"substation"}},{"type":"Feature","geometry":{"type":"Point","coordinates":[-89.96403,29.93411]},"properties":{"probability":0.734,"inBuffer":false,"facType":"substation"}},{"type":"Feature","geometry":{"type":"Point","coordinates":[-89.95954,29.93411]},"properties":{"probability":0.725,"inBuffer":false,"facType":"substation"}},{"type":"Feature","geometry":{"type":"Point","coordinates":[-89.95505,29.93411]},"properties":{"probability":0.711,"inBuffer":false,"facType":"substation"}},{"type":"Feature","geometry":{"type":"Point","coordinates":[-89.95055,29.93411]},"properties":{"probability":0.701,"inBuffer":false,"facType":"substation"}},{"type":"Feature","geometry":{"type":"Point","coordinates":[-89.94606,29.93411]},"properties":{"probability":0.741,"inBuffer":false,"facType":"substation"}},{"type":"Feature","geometry":{"type":"Point","coordinates":[-89.94157,29.93411]},"properties":{"probability":0.749,"inBuffer":false,"facType":"substation"}},{"type":"Feature","geometry":{"type":"Point","coordinates":[-89.93708,29.93411]},"properties":{"probability":0.631,"inBuffer":false,"facType":"substation"}},{"type":"Feature","geometry":{"type":"Point","coordinates":[-89.93259,29.93411]},"properties":{"probability":0.632,"inBuffer":true,"facType":"substation"}},{"type":"Feature","geometry":{"type":"Point","coordinates":[-89.9281,29.93411]},"properties":{"probability":0.648,"inBuffer":true,"facType":"substation"}},{"type":"Feature","geometry":{"type":"Point","coordinates":[-89.92361,29.93411]},"properties":{"probability":0.636,"inBuffer":true,"facType":"airport"}},{"type":"Feature","geometry":{"type":"Point","coordinates":[-89.91911,29.93411]},"properties":{"probability":0.411,"inBuffer":true,"facType":"airport"}},{"type":"Feature","geometry":{"type":"Point","coordinates":[-89.91462,29.93411]},"properties":{"probability":0.2,"inBuffer":false,"facType":"airport"}},{"type":"Feature","geometry":{"type":"Point","coordinates":[-90.20208,29.92962]},"properties":{"probability":0.655,"inBuffer":false,"facType":"police"}},{"type":"Feature","geometry":{"type":"Point","coordinates":[-90.19759,29.92962]},"properties":{"probability":0.477,"inBuffer":false,"facType":"police"}},{"type":"Feature","geometry":{"type":"Point","coordinates":[-90.1931,29.92962]},"properties":{"probability":0.564,"inBuffer":false,"facType":"police"}},{"type":"Feature","geometry":{"type":"Point","coordinates":[-90.18861,29.92962]},"properties":{"probability":0.383,"inBuffer":false,"facType":"substation"}},{"type":"Feature","geometry":{"type":"Point","coordinates":[-90.18412,29.92962]},"properties":{"probability":0.47,"inBuffer":false,"facType":"substation"}},{"type":"Feature","geometry":{"type":"Point","coordinates":[-90.17963,29.92962]},"properties":{"probability":0.568,"inBuffer":true,"facType":"substation"}},{"type":"Feature","geometry":{"type":"Point","coordinates":[-90.17513,29.92962]},"properties":{"probability":0.572,"inBuffer":true,"facType":"fire"}},{"type":"Feature","geometry":{"type":"Point","coordinates":[-90.17064,29.92962]},"properties":{"probability":0.596,"inBuffer":true,"facType":"fire"}},{"type":"Feature","geometry":{"type":"Point","coordinates":[-90.16615,29.92962]},"properties":{"probability":0.607,"inBuffer":true,"facType":"power"}},{"type":"Feature","geometry":{"type":"Point","coordinates":[-90.16166,29.92962]},"properties":{"probability":0.508,"inBuffer":true,"facType":"power"}},{"type":"Feature","geometry":{"type":"Point","coordinates":[-90.15717,29.92962]},"properties":{"probability":0.421,"inBuffer":false,"facType":"power"}},{"type":"Feature","geometry":{"type":"Point","coordinates":[-90.15268,29.92962]},"properties":{"probability":0.293,"inBuffer":false,"facType":"power"}},{"type":"Feature","geometry":{"type":"Point","coordinates":[-90.14819,29.92962]},"properties":{"probability":0.348,"inBuffer":false,"facType":"power"}},{"type":"Feature","geometry":{"type":"Point","coordinates":[-90.14369,29.92962]},"properties":{"probability":0.37,"inBuffer":false,"facType":"power"}},{"type":"Feature","geometry":{"type":"Point","coordinates":[-90.1392,29.92962]},"properties":{"probability":0.393,"inBuffer":false,"facType":"hospital"}},{"type":"Feature","geometry":{"type":"Point","coordinates":[-90.13471,29.92962]},"properties":{"probability":0.538,"inBuffer":false,"facType":"hospital"}},{"type":"Feature","geometry":{"type":"Point","coordinates":[-90.13022,29.92962]},"properties":{"probability":0.635,"inBuffer":true,"facType":"hospital"}},{"type":"Feature","geometry":{"type":"Point","coordinates":[-90.12572,29.92962]},"properties":{"probability":0.625,"inBuffer":true,"facType":"hospital"}},{"type":"Feature","geometry":{"type":"Point","coordinates":[-90.12124,29.92962]},"properties":{"probability":0.678,"inBuffer":true,"facType":"hospital"}},{"type":"Feature","geometry":{"type":"Point","coordinates":[-90.11674,29.92962]},"properties":{"probability":0.704,"inBuffer":true,"facType":"fire"}},{"type":"Feature","geometry":{"type":"Point","coordinates":[-90.11225,29.92962]},"properties":{"probability":0.693,"inBuffer":true,"facType":"fire"}},{"type":"Feature","geometry":{"type":"Point","coordinates":[-90.10776,29.92962]},"properties":{"probability":0.696,"inBuffer":false,"facType":"fire"}},{"type":"Feature","geometry":{"type":"Point","coordinates":[-90.10327,29.92962]},"properties":{"probability":0.729,"inBuffer":false,"facType":"hospital"}},{"type":"Feature","geometry":{"type":"Point","coordinates":[-90.09878,29.92962]},"properties":{"probability":0.774,"inBuffer":true,"facType":"hospital"}},{"type":"Feature","geometry":{"type":"Point","coordinates":[-90.09428,29.92962]},"properties":{"probability":0.803,"inBuffer":true,"facType":"hospital"}},{"type":"Feature","geometry":{"type":"Point","coordinates":[-90.08979,29.92962]},"properties":{"probability":0.769,"inBuffer":true,"facType":"hospital"}},{"type":"Feature","geometry":{"type":"Point","coordinates":[-90.0853,29.92962]},"properties":{"probability":0.738,"inBuffer":true,"facType":"fire"}},{"type":"Feature","geometry":{"type":"Point","coordinates":[-90.08081,29.92962]},"properties":{"probability":0.78,"inBuffer":true,"facType":"fire"}},{"type":"Feature","geometry":{"type":"Point","coordinates":[-90.07632,29.92962]},"properties":{"probability":0.808,"inBuffer":false,"facType":"hospital"}},{"type":"Feature","geometry":{"type":"Point","coordinates":[-90.07183,29.92962]},"properties":{"probability":0.81,"inBuffer":false,"facType":"substation"}},{"type":"Feature","geometry":{"type":"Point","coordinates":[-90.06734,29.92962]},"properties":{"probability":0.814,"inBuffer":false,"facType":"substation"}},{"type":"Feature","geometry":{"type":"Point","coordinates":[-90.06284,29.92962]},"properties":{"probability":0.802,"inBuffer":false,"facType":"substation"}},{"type":"Feature","geometry":{"type":"Point","coordinates":[-90.05835,29.92962]},"properties":{"probability":0.709,"inBuffer":true,"facType":"fire"}},{"type":"Feature","geometry":{"type":"Point","coordinates":[-90.05386,29.92962]},"properties":{"probability":0.753,"inBuffer":true,"facType":"fire"}},{"type":"Feature","geometry":{"type":"Point","coordinates":[-90.04937,29.92962]},"properties":{"probability":0.799,"inBuffer":true,"facType":"fire"}},{"type":"Feature","geometry":{"type":"Point","coordinates":[-90.04488,29.92962]},"properties":{"probability":0.807,"inBuffer":false,"facType":"fire"}},{"type":"Feature","geometry":{"type":"Point","coordinates":[-90.04039,29.92962]},"properties":{"probability":0.805,"inBuffer":true,"facType":"police"}},{"type":"Feature","geometry":{"type":"Point","coordinates":[-90.0359,29.92962]},"properties":{"probability":0.746,"inBuffer":true,"facType":"fire"}},{"type":"Feature","geometry":{"type":"Point","coordinates":[-90.0314,29.92962]},"properties":{"probability":0.677,"inBuffer":true,"facType":"fire"}},{"type":"Feature","geometry":{"type":"Point","coordinates":[-90.02691,29.92962]},"properties":{"probability":0.687,"inBuffer":true,"facType":"fire"}},{"type":"Feature","geometry":{"type":"Point","coordinates":[-90.02242,29.92962]},"properties":{"probability":0.712,"inBuffer":false,"facType":"fire"}},{"type":"Feature","geometry":{"type":"Point","coordinates":[-90.01793,29.92962]},"properties":{"probability":0.681,"inBuffer":false,"facType":"substation"}},{"type":"Feature","geometry":{"type":"Point","coordinates":[-90.01344,29.92962]},"properties":{"probability":0.631,"inBuffer":false,"facType":"substation"}},{"type":"Feature","geometry":{"type":"Point","coordinates":[-90.00895,29.92962]},"properties":{"probability":0.678,"inBuffer":false,"facType":"substation"}},{"type":"Feature","geometry":{"type":"Point","coordinates":[-90.00446,29.92962]},"properties":{"probability":0.69,"inBuffer":false,"facType":"substation"}},{"type":"Feature","geometry":{"type":"Point","coordinates":[-89.99996,29.92962]},"properties":{"probability":0.593,"inBuffer":false,"facType":"substation"}},{"type":"Feature","geometry":{"type":"Point","coordinates":[-89.99547,29.92962]},"properties":{"probability":0.451,"inBuffer":false,"facType":"substation"}},{"type":"Feature","geometry":{"type":"Point","coordinates":[-89.99098,29.92962]},"properties":{"probability":0.392,"inBuffer":false,"facType":"substation"}},{"type":"Feature","geometry":{"type":"Point","coordinates":[-89.98649,29.92962]},"properties":{"probability":0.532,"inBuffer":false,"facType":"substation"}},{"type":"Feature","geometry":{"type":"Point","coordinates":[-89.98199,29.92962]},"properties":{"probability":0.652,"inBuffer":false,"facType":"power"}},{"type":"Feature","geometry":{"type":"Point","coordinates":[-89.9775,29.92962]},"properties":{"probability":0.804,"inBuffer":true,"facType":"power"}},{"type":"Feature","geometry":{"type":"Point","coordinates":[-89.97301,29.92962]},"properties":{"probability":0.832,"inBuffer":true,"facType":"power"}},{"type":"Feature","geometry":{"type":"Point","coordinates":[-89.96852,29.92962]},"properties":{"probability":0.804,"inBuffer":false,"facType":"power"}},{"type":"Feature","geometry":{"type":"Point","coordinates":[-89.96403,29.92962]},"properties":{"probability":0.764,"inBuffer":false,"facType":"substation"}},{"type":"Feature","geometry":{"type":"Point","coordinates":[-89.95954,29.92962]},"properties":{"probability":0.679,"inBuffer":false,"facType":"substation"}},{"type":"Feature","geometry":{"type":"Point","coordinates":[-89.95505,29.92962]},"properties":{"probability":0.685,"inBuffer":false,"facType":"substation"}},{"type":"Feature","geometry":{"type":"Point","coordinates":[-89.95055,29.92962]},"properties":{"probability":0.69,"inBuffer":false,"facType":"substation"}},{"type":"Feature","geometry":{"type":"Point","coordinates":[-89.94606,29.92962]},"properties":{"probability":0.737,"inBuffer":false,"facType":"substation"}},{"type":"Feature","geometry":{"type":"Point","coordinates":[-89.94157,29.92962]},"properties":{"probability":0.827,"inBuffer":false,"facType":"substation"}},{"type":"Feature","geometry":{"type":"Point","coordinates":[-89.93708,29.92962]},"properties":{"probability":0.784,"inBuffer":false,"facType":"substation"}},{"type":"Feature","geometry":{"type":"Point","coordinates":[-89.93259,29.92962]},"properties":{"probability":0.581,"inBuffer":false,"facType":"substation"}},{"type":"Feature","geometry":{"type":"Point","coordinates":[-89.9281,29.92962]},"properties":{"probability":0.519,"inBuffer":false,"facType":"substation"}},{"type":"Feature","geometry":{"type":"Point","coordinates":[-89.92361,29.92962]},"properties":{"probability":0.472,"inBuffer":false,"facType":"airport"}},{"type":"Feature","geometry":{"type":"Point","coordinates":[-89.91911,29.92962]},"properties":{"probability":0.235,"inBuffer":false,"facType":"airport"}},{"type":"Feature","geometry":{"type":"Point","coordinates":[-89.91462,29.92962]},"properties":{"probability":0.258,"inBuffer":false,"facType":"airport"}},{"type":"Feature","geometry":{"type":"Point","coordinates":[-89.91013,29.92962]},"properties":{"probability":0.292,"inBuffer":false,"facType":"airport"}},{"type":"Feature","geometry":{"type":"Point","coordinates":[-89.90564,29.92962]},"properties":{"probability":0.207,"inBuffer":false,"facType":"airport"}},{"type":"Feature","geometry":{"type":"Point","coordinates":[-89.90115,29.92962]},"properties":{"probability":0.193,"inBuffer":false,"facType":"airport"}},{"type":"Feature","geometry":{"type":"Point","coordinates":[-90.20208,29.92513]},"properties":{"probability":0.364,"inBuffer":false,"facType":"police"}},{"type":"Feature","geometry":{"type":"Point","coordinates":[-90.19759,29.92513]},"properties":{"probability":0.271,"inBuffer":false,"facType":"police"}},{"type":"Feature","geometry":{"type":"Point","coordinates":[-90.1931,29.92513]},"properties":{"probability":0.3,"inBuffer":false,"facType":"substation"}},{"type":"Feature","geometry":{"type":"Point","coordinates":[-90.18861,29.92513]},"properties":{"probability":0.339,"inBuffer":false,"facType":"substation"}},{"type":"Feature","geometry":{"type":"Point","coordinates":[-90.18412,29.92513]},"properties":{"probability":0.471,"inBuffer":false,"facType":"substation"}},{"type":"Feature","geometry":{"type":"Point","coordinates":[-90.17963,29.92513]},"properties":{"probability":0.558,"inBuffer":true,"facType":"substation"}},{"type":"Feature","geometry":{"type":"Point","coordinates":[-90.17513,29.92513]},"properties":{"probability":0.502,"inBuffer":true,"facType":"substation"}},{"type":"Feature","geometry":{"type":"Point","coordinates":[-90.17064,29.92513]},"properties":{"probability":0.48,"inBuffer":false,"facType":"government"}},{"type":"Feature","geometry":{"type":"Point","coordinates":[-90.16615,29.92513]},"properties":{"probability":0.503,"inBuffer":true,"facType":"power"}},{"type":"Feature","geometry":{"type":"Point","coordinates":[-90.16166,29.92513]},"properties":{"probability":0.44,"inBuffer":true,"facType":"power"}},{"type":"Feature","geometry":{"type":"Point","coordinates":[-90.15717,29.92513]},"properties":{"probability":0.426,"inBuffer":true,"facType":"power"}},{"type":"Feature","geometry":{"type":"Point","coordinates":[-90.15268,29.92513]},"properties":{"probability":0.512,"inBuffer":false,"facType":"power"}},{"type":"Feature","geometry":{"type":"Point","coordinates":[-90.14819,29.92513]},"properties":{"probability":0.554,"inBuffer":false,"facType":"power"}},{"type":"Feature","geometry":{"type":"Point","coordinates":[-90.14369,29.92513]},"properties":{"probability":0.447,"inBuffer":false,"facType":"hospital"}},{"type":"Feature","geometry":{"type":"Point","coordinates":[-90.1392,29.92513]},"properties":{"probability":0.397,"inBuffer":false,"facType":"hospital"}},{"type":"Feature","geometry":{"type":"Point","coordinates":[-90.13471,29.92513]},"properties":{"probability":0.491,"inBuffer":false,"facType":"hospital"}},{"type":"Feature","geometry":{"type":"Point","coordinates":[-90.13022,29.92513]},"properties":{"probability":0.524,"inBuffer":true,"facType":"hospital"}},{"type":"Feature","geometry":{"type":"Point","coordinates":[-90.12572,29.92513]},"properties":{"probability":0.504,"inBuffer":true,"facType":"hospital"}},{"type":"Feature","geometry":{"type":"Point","coordinates":[-90.12124,29.92513]},"properties":{"probability":0.638,"inBuffer":true,"facType":"hospital"}},{"type":"Feature","geometry":{"type":"Point","coordinates":[-90.11674,29.92513]},"properties":{"probability":0.677,"inBuffer":true,"facType":"fire"}},{"type":"Feature","geometry":{"type":"Point","coordinates":[-90.11225,29.92513]},"properties":{"probability":0.705,"inBuffer":true,"facType":"fire"}},{"type":"Feature","geometry":{"type":"Point","coordinates":[-90.10776,29.92513]},"properties":{"probability":0.7,"inBuffer":false,"facType":"police"}},{"type":"Feature","geometry":{"type":"Point","coordinates":[-90.10327,29.92513]},"properties":{"probability":0.744,"inBuffer":true,"facType":"police"}},{"type":"Feature","geometry":{"type":"Point","coordinates":[-90.09878,29.92513]},"properties":{"probability":0.778,"inBuffer":true,"facType":"hospital"}},{"type":"Feature","geometry":{"type":"Point","coordinates":[-90.09428,29.92513]},"properties":{"probability":0.802,"inBuffer":true,"facType":"hospital"}},{"type":"Feature","geometry":{"type":"Point","coordinates":[-90.08979,29.92513]},"properties":{"probability":0.757,"inBuffer":true,"facType":"hospital"}},{"type":"Feature","geometry":{"type":"Point","coordinates":[-90.0853,29.92513]},"properties":{"probability":0.731,"inBuffer":true,"facType":"fire"}},{"type":"Feature","geometry":{"type":"Point","coordinates":[-90.08081,29.92513]},"properties":{"probability":0.729,"inBuffer":true,"facType":"fire"}},{"type":"Feature","geometry":{"type":"Point","coordinates":[-90.07632,29.92513]},"properties":{"probability":0.793,"inBuffer":true,"facType":"police"}},{"type":"Feature","geometry":{"type":"Point","coordinates":[-90.07183,29.92513]},"properties":{"probability":0.803,"inBuffer":true,"facType":"police"}},{"type":"Feature","geometry":{"type":"Point","coordinates":[-90.06734,29.92513]},"properties":{"probability":0.802,"inBuffer":false,"facType":"substation"}},{"type":"Feature","geometry":{"type":"Point","coordinates":[-90.06284,29.92513]},"properties":{"probability":0.788,"inBuffer":false,"facType":"substation"}},{"type":"Feature","geometry":{"type":"Point","coordinates":[-90.05835,29.92513]},"properties":{"probability":0.665,"inBuffer":true,"facType":"fire"}},{"type":"Feature","geometry":{"type":"Point","coordinates":[-90.05386,29.92513]},"properties":{"probability":0.782,"inBuffer":true,"facType":"fire"}},{"type":"Feature","geometry":{"type":"Point","coordinates":[-90.04937,29.92513]},"properties":{"probability":0.8,"inBuffer":true,"facType":"substation"}},{"type":"Feature","geometry":{"type":"Point","coordinates":[-90.04488,29.92513]},"properties":{"probability":0.808,"inBuffer":false,"facType":"substation"}},{"type":"Feature","geometry":{"type":"Point","coordinates":[-90.04039,29.92513]},"properties":{"probability":0.793,"inBuffer":false,"facType":"substation"}},{"type":"Feature","geometry":{"type":"Point","coordinates":[-90.0359,29.92513]},"properties":{"probability":0.697,"inBuffer":true,"facType":"substation"}},{"type":"Feature","geometry":{"type":"Point","coordinates":[-90.0314,29.92513]},"properties":{"probability":0.69,"inBuffer":true,"facType":"substation"}},{"type":"Feature","geometry":{"type":"Point","coordinates":[-90.02691,29.92513]},"properties":{"probability":0.769,"inBuffer":true,"facType":"substation"}},{"type":"Feature","geometry":{"type":"Point","coordinates":[-90.02242,29.92513]},"properties":{"probability":0.805,"inBuffer":false,"facType":"substation"}},{"type":"Feature","geometry":{"type":"Point","coordinates":[-90.01793,29.92513]},"properties":{"probability":0.796,"inBuffer":false,"facType":"substation"}},{"type":"Feature","geometry":{"type":"Point","coordinates":[-90.01344,29.92513]},"properties":{"probability":0.739,"inBuffer":false,"facType":"substation"}},{"type":"Feature","geometry":{"type":"Point","coordinates":[-90.00895,29.92513]},"properties":{"probability":0.693,"inBuffer":false,"facType":"substation"}},{"type":"Feature","geometry":{"type":"Point","coordinates":[-90.00446,29.92513]},"properties":{"probability":0.633,"inBuffer":false,"facType":"substation"}},{"type":"Feature","geometry":{"type":"Point","coordinates":[-89.99996,29.92513]},"properties":{"probability":0.55,"inBuffer":false,"facType":"fire"}},{"type":"Feature","geometry":{"type":"Point","coordinates":[-89.99547,29.92513]},"properties":{"probability":0.421,"inBuffer":false,"facType":"fire"}},{"type":"Feature","geometry":{"type":"Point","coordinates":[-89.99098,29.92513]},"properties":{"probability":0.339,"inBuffer":false,"facType":"substation"}},{"type":"Feature","geometry":{"type":"Point","coordinates":[-89.98649,29.92513]},"properties":{"probability":0.468,"inBuffer":false,"facType":"substation"}},{"type":"Feature","geometry":{"type":"Point","coordinates":[-89.98199,29.92513]},"properties":{"probability":0.552,"inBuffer":false,"facType":"substation"}},{"type":"Feature","geometry":{"type":"Point","coordinates":[-89.9775,29.92513]},"properties":{"probability":0.728,"inBuffer":false,"facType":"substation"}},{"type":"Feature","geometry":{"type":"Point","coordinates":[-89.97301,29.92513]},"properties":{"probability":0.727,"inBuffer":false,"facType":"substation"}},{"type":"Feature","geometry":{"type":"Point","coordinates":[-89.96852,29.92513]},"properties":{"probability":0.65,"inBuffer":false,"facType":"substation"}},{"type":"Feature","geometry":{"type":"Point","coordinates":[-89.96403,29.92513]},"properties":{"probability":0.463,"inBuffer":false,"facType":"substation"}},{"type":"Feature","geometry":{"type":"Point","coordinates":[-89.95954,29.92513]},"properties":{"probability":0.422,"inBuffer":false,"facType":"substation"}},{"type":"Feature","geometry":{"type":"Point","coordinates":[-89.95505,29.92513]},"properties":{"probability":0.466,"inBuffer":false,"facType":"substation"}},{"type":"Feature","geometry":{"type":"Point","coordinates":[-89.95055,29.92513]},"properties":{"probability":0.424,"inBuffer":false,"facType":"substation"}},{"type":"Feature","geometry":{"type":"Point","coordinates":[-89.94606,29.92513]},"properties":{"probability":0.539,"inBuffer":false,"facType":"substation"}},{"type":"Feature","geometry":{"type":"Point","coordinates":[-89.94157,29.92513]},"properties":{"probability":0.672,"inBuffer":false,"facType":"substation"}},{"type":"Feature","geometry":{"type":"Point","coordinates":[-89.93708,29.92513]},"properties":{"probability":0.533,"inBuffer":false,"facType":"substation"}},{"type":"Feature","geometry":{"type":"Point","coordinates":[-89.93259,29.92513]},"properties":{"probability":0.457,"inBuffer":false,"facType":"substation"}},{"type":"Feature","geometry":{"type":"Point","coordinates":[-89.9281,29.92513]},"properties":{"probability":0.257,"inBuffer":false,"facType":"substation"}},{"type":"Feature","geometry":{"type":"Point","coordinates":[-89.92361,29.92513]},"properties":{"probability":0.296,"inBuffer":false,"facType":"substation"}},{"type":"Feature","geometry":{"type":"Point","coordinates":[-89.91911,29.92513]},"properties":{"probability":0.194,"inBuffer":false,"facType":"airport"}},{"type":"Feature","geometry":{"type":"Point","coordinates":[-89.91462,29.92513]},"properties":{"probability":0.205,"inBuffer":false,"facType":"airport"}},{"type":"Feature","geometry":{"type":"Point","coordinates":[-89.91013,29.92513]},"properties":{"probability":0.229,"inBuffer":false,"facType":"airport"}},{"type":"Feature","geometry":{"type":"Point","coordinates":[-89.90564,29.92513]},"properties":{"probability":0.269,"inBuffer":false,"facType":"airport"}},{"type":"Feature","geometry":{"type":"Point","coordinates":[-89.90115,29.92513]},"properties":{"probability":0.198,"inBuffer":false,"facType":"airport"}},{"type":"Feature","geometry":{"type":"Point","coordinates":[-90.20208,29.92064]},"properties":{"probability":0.748,"inBuffer":false,"facType":"police"}},{"type":"Feature","geometry":{"type":"Point","coordinates":[-90.19759,29.92064]},"properties":{"probability":0.712,"inBuffer":false,"facType":"substation"}},{"type":"Feature","geometry":{"type":"Point","coordinates":[-90.1931,29.92064]},"properties":{"probability":0.705,"inBuffer":false,"facType":"substation"}},{"type":"Feature","geometry":{"type":"Point","coordinates":[-90.18861,29.92064]},"properties":{"probability":0.671,"inBuffer":false,"facType":"substation"}},{"type":"Feature","geometry":{"type":"Point","coordinates":[-90.18412,29.92064]},"properties":{"probability":0.668,"inBuffer":false,"facType":"substation"}},{"type":"Feature","geometry":{"type":"Point","coordinates":[-90.17963,29.92064]},"properties":{"probability":0.564,"inBuffer":false,"facType":"substation"}},{"type":"Feature","geometry":{"type":"Point","coordinates":[-90.17513,29.92064]},"properties":{"probability":0.272,"inBuffer":false,"facType":"government"}},{"type":"Feature","geometry":{"type":"Point","coordinates":[-90.17064,29.92064]},"properties":{"probability":0.279,"inBuffer":false,"facType":"government"}},{"type":"Feature","geometry":{"type":"Point","coordinates":[-90.16615,29.92064]},"properties":{"probability":0.304,"inBuffer":true,"facType":"government"}},{"type":"Feature","geometry":{"type":"Point","coordinates":[-90.16166,29.92064]},"properties":{"probability":0.242,"inBuffer":true,"facType":"power"}},{"type":"Feature","geometry":{"type":"Point","coordinates":[-90.15717,29.92064]},"properties":{"probability":0.31,"inBuffer":true,"facType":"power"}},{"type":"Feature","geometry":{"type":"Point","coordinates":[-90.15268,29.92064]},"properties":{"probability":0.245,"inBuffer":false,"facType":"power"}},{"type":"Feature","geometry":{"type":"Point","coordinates":[-90.14819,29.92064]},"properties":{"probability":0.558,"inBuffer":false,"facType":"police"}},{"type":"Feature","geometry":{"type":"Point","coordinates":[-90.14369,29.92064]},"properties":{"probability":0.615,"inBuffer":false,"facType":"police"}},{"type":"Feature","geometry":{"type":"Point","coordinates":[-90.1392,29.92064]},"properties":{"probability":0.481,"inBuffer":false,"facType":"hospital"}},{"type":"Feature","geometry":{"type":"Point","coordinates":[-90.13471,29.92064]},"properties":{"probability":0.421,"inBuffer":true,"facType":"hospital"}},{"type":"Feature","geometry":{"type":"Point","coordinates":[-90.13022,29.92064]},"properties":{"probability":0.666,"inBuffer":true,"facType":"hospital"}},{"type":"Feature","geometry":{"type":"Point","coordinates":[-90.12572,29.92064]},"properties":{"probability":0.75,"inBuffer":true,"facType":"hospital"}},{"type":"Feature","geometry":{"type":"Point","coordinates":[-90.12124,29.92064]},"properties":{"probability":0.789,"inBuffer":true,"facType":"hospital"}},{"type":"Feature","geometry":{"type":"Point","coordinates":[-90.11674,29.92064]},"properties":{"probability":0.78,"inBuffer":true,"facType":"fire"}},{"type":"Feature","geometry":{"type":"Point","coordinates":[-90.11225,29.92064]},"properties":{"probability":0.741,"inBuffer":true,"facType":"fire"}},{"type":"Feature","geometry":{"type":"Point","coordinates":[-90.10776,29.92064]},"properties":{"probability":0.78,"inBuffer":true,"facType":"police"}},{"type":"Feature","geometry":{"type":"Point","coordinates":[-90.10327,29.92064]},"properties":{"probability":0.791,"inBuffer":true,"facType":"police"}},{"type":"Feature","geometry":{"type":"Point","coordinates":[-90.09878,29.92064]},"properties":{"probability":0.734,"inBuffer":true,"facType":"police"}},{"type":"Feature","geometry":{"type":"Point","coordinates":[-90.09428,29.92064]},"properties":{"probability":0.707,"inBuffer":true,"facType":"hospital"}},{"type":"Feature","geometry":{"type":"Point","coordinates":[-90.08979,29.92064]},"properties":{"probability":0.702,"inBuffer":true,"facType":"hospital"}},{"type":"Feature","geometry":{"type":"Point","coordinates":[-90.0853,29.92064]},"properties":{"probability":0.671,"inBuffer":true,"facType":"fire"}},{"type":"Feature","geometry":{"type":"Point","coordinates":[-90.08081,29.92064]},"properties":{"probability":0.673,"inBuffer":true,"facType":"police"}},{"type":"Feature","geometry":{"type":"Point","coordinates":[-90.07632,29.92064]},"properties":{"probability":0.67,"inBuffer":true,"facType":"police"}},{"type":"Feature","geometry":{"type":"Point","coordinates":[-90.07183,29.92064]},"properties":{"probability":0.726,"inBuffer":true,"facType":"police"}},{"type":"Feature","geometry":{"type":"Point","coordinates":[-90.06734,29.92064]},"properties":{"probability":0.765,"inBuffer":false,"facType":"government"}},{"type":"Feature","geometry":{"type":"Point","coordinates":[-90.06284,29.92064]},"properties":{"probability":0.764,"inBuffer":true,"facType":"government"}},{"type":"Feature","geometry":{"type":"Point","coordinates":[-90.05835,29.92064]},"properties":{"probability":0.792,"inBuffer":true,"facType":"police"}},{"type":"Feature","geometry":{"type":"Point","coordinates":[-90.05386,29.92064]},"properties":{"probability":0.792,"inBuffer":true,"facType":"substation"}},{"type":"Feature","geometry":{"type":"Point","coordinates":[-90.04937,29.92064]},"properties":{"probability":0.803,"inBuffer":false,"facType":"substation"}},{"type":"Feature","geometry":{"type":"Point","coordinates":[-90.04488,29.92064]},"properties":{"probability":0.8,"inBuffer":false,"facType":"substation"}},{"type":"Feature","geometry":{"type":"Point","coordinates":[-90.04039,29.92064]},"properties":{"probability":0.8,"inBuffer":false,"facType":"substation"}},{"type":"Feature","geometry":{"type":"Point","coordinates":[-90.0359,29.92064]},"properties":{"probability":0.766,"inBuffer":false,"facType":"substation"}},{"type":"Feature","geometry":{"type":"Point","coordinates":[-90.0314,29.92064]},"properties":{"probability":0.683,"inBuffer":false,"facType":"substation"}},{"type":"Feature","geometry":{"type":"Point","coordinates":[-90.02691,29.92064]},"properties":{"probability":0.664,"inBuffer":false,"facType":"substation"}},{"type":"Feature","geometry":{"type":"Point","coordinates":[-90.02242,29.92064]},"properties":{"probability":0.761,"inBuffer":false,"facType":"substation"}},{"type":"Feature","geometry":{"type":"Point","coordinates":[-90.01793,29.92064]},"properties":{"probability":0.789,"inBuffer":false,"facType":"substation"}},{"type":"Feature","geometry":{"type":"Point","coordinates":[-90.01344,29.92064]},"properties":{"probability":0.792,"inBuffer":false,"facType":"substation"}},{"type":"Feature","geometry":{"type":"Point","coordinates":[-90.00895,29.92064]},"properties":{"probability":0.766,"inBuffer":false,"facType":"substation"}},{"type":"Feature","geometry":{"type":"Point","coordinates":[-90.00446,29.92064]},"properties":{"probability":0.703,"inBuffer":false,"facType":"substation"}},{"type":"Feature","geometry":{"type":"Point","coordinates":[-89.99996,29.92064]},"properties":{"probability":0.676,"inBuffer":false,"facType":"fire"}},{"type":"Feature","geometry":{"type":"Point","coordinates":[-89.99547,29.92064]},"properties":{"probability":0.549,"inBuffer":false,"facType":"fire"}},{"type":"Feature","geometry":{"type":"Point","coordinates":[-89.99098,29.92064]},"properties":{"probability":0.502,"inBuffer":false,"facType":"fire"}},{"type":"Feature","geometry":{"type":"Point","coordinates":[-89.98649,29.92064]},"properties":{"probability":0.553,"inBuffer":false,"facType":"substation"}},{"type":"Feature","geometry":{"type":"Point","coordinates":[-89.98199,29.92064]},"properties":{"probability":0.561,"inBuffer":false,"facType":"substation"}},{"type":"Feature","geometry":{"type":"Point","coordinates":[-89.9775,29.92064]},"properties":{"probability":0.471,"inBuffer":false,"facType":"substation"}},{"type":"Feature","geometry":{"type":"Point","coordinates":[-89.97301,29.92064]},"properties":{"probability":0.39,"inBuffer":false,"facType":"substation"}},{"type":"Feature","geometry":{"type":"Point","coordinates":[-89.96852,29.92064]},"properties":{"probability":0.245,"inBuffer":false,"facType":"substation"}},{"type":"Feature","geometry":{"type":"Point","coordinates":[-89.96403,29.92064]},"properties":{"probability":0.214,"inBuffer":false,"facType":"substation"}},{"type":"Feature","geometry":{"type":"Point","coordinates":[-89.95954,29.92064]},"properties":{"probability":0.257,"inBuffer":false,"facType":"substation"}},{"type":"Feature","geometry":{"type":"Point","coordinates":[-89.95505,29.92064]},"properties":{"probability":0.218,"inBuffer":false,"facType":"substation"}},{"type":"Feature","geometry":{"type":"Point","coordinates":[-89.95055,29.92064]},"properties":{"probability":0.243,"inBuffer":false,"facType":"substation"}},{"type":"Feature","geometry":{"type":"Point","coordinates":[-89.94606,29.92064]},"properties":{"probability":0.25,"inBuffer":false,"facType":"substation"}},{"type":"Feature","geometry":{"type":"Point","coordinates":[-89.94157,29.92064]},"properties":{"probability":0.378,"inBuffer":false,"facType":"substation"}},{"type":"Feature","geometry":{"type":"Point","coordinates":[-89.93708,29.92064]},"properties":{"probability":0.358,"inBuffer":false,"facType":"substation"}},{"type":"Feature","geometry":{"type":"Point","coordinates":[-89.93259,29.92064]},"properties":{"probability":0.225,"inBuffer":false,"facType":"substation"}},{"type":"Feature","geometry":{"type":"Point","coordinates":[-89.9281,29.92064]},"properties":{"probability":0.234,"inBuffer":false,"facType":"substation"}},{"type":"Feature","geometry":{"type":"Point","coordinates":[-89.92361,29.92064]},"properties":{"probability":0.264,"inBuffer":false,"facType":"substation"}},{"type":"Feature","geometry":{"type":"Point","coordinates":[-89.91911,29.92064]},"properties":{"probability":0.221,"inBuffer":false,"facType":"airport"}},{"type":"Feature","geometry":{"type":"Point","coordinates":[-89.91462,29.92064]},"properties":{"probability":0.299,"inBuffer":false,"facType":"airport"}},{"type":"Feature","geometry":{"type":"Point","coordinates":[-89.91013,29.92064]},"properties":{"probability":0.392,"inBuffer":false,"facType":"airport"}},{"type":"Feature","geometry":{"type":"Point","coordinates":[-89.90564,29.92064]},"properties":{"probability":0.254,"inBuffer":false,"facType":"airport"}},{"type":"Feature","geometry":{"type":"Point","coordinates":[-89.90115,29.92064]},"properties":{"probability":0.244,"inBuffer":false,"facType":"airport"}},{"type":"Feature","geometry":{"type":"Point","coordinates":[-90.20208,29.91615]},"properties":{"probability":0.761,"inBuffer":false,"facType":"fire"}},{"type":"Feature","geometry":{"type":"Point","coordinates":[-90.19759,29.91615]},"properties":{"probability":0.685,"inBuffer":false,"facType":"fire"}},{"type":"Feature","geometry":{"type":"Point","coordinates":[-90.1931,29.91615]},"properties":{"probability":0.614,"inBuffer":false,"facType":"substation"}},{"type":"Feature","geometry":{"type":"Point","coordinates":[-90.18861,29.91615]},"properties":{"probability":0.307,"inBuffer":false,"facType":"substation"}},{"type":"Feature","geometry":{"type":"Point","coordinates":[-90.18412,29.91615]},"properties":{"probability":0.318,"inBuffer":false,"facType":"substation"}},{"type":"Feature","geometry":{"type":"Point","coordinates":[-90.17963,29.91615]},"properties":{"probability":0.25,"inBuffer":false,"facType":"government"}},{"type":"Feature","geometry":{"type":"Point","coordinates":[-90.17513,29.91615]},"properties":{"probability":0.251,"inBuffer":false,"facType":"government"}},{"type":"Feature","geometry":{"type":"Point","coordinates":[-90.17064,29.91615]},"properties":{"probability":0.541,"inBuffer":false,"facType":"government"}},{"type":"Feature","geometry":{"type":"Point","coordinates":[-90.16615,29.91615]},"properties":{"probability":0.26,"inBuffer":false,"facType":"government"}},{"type":"Feature","geometry":{"type":"Point","coordinates":[-90.16166,29.91615]},"properties":{"probability":0.364,"inBuffer":false,"facType":"power"}},{"type":"Feature","geometry":{"type":"Point","coordinates":[-90.15717,29.91615]},"properties":{"probability":0.249,"inBuffer":false,"facType":"power"}},{"type":"Feature","geometry":{"type":"Point","coordinates":[-90.15268,29.91615]},"properties":{"probability":0.237,"inBuffer":false,"facType":"police"}},{"type":"Feature","geometry":{"type":"Point","coordinates":[-90.14819,29.91615]},"properties":{"probability":0.477,"inBuffer":false,"facType":"police"}},{"type":"Feature","geometry":{"type":"Point","coordinates":[-90.14369,29.91615]},"properties":{"probability":0.624,"inBuffer":false,"facType":"police"}},{"type":"Feature","geometry":{"type":"Point","coordinates":[-90.1392,29.91615]},"properties":{"probability":0.476,"inBuffer":false,"facType":"police"}},{"type":"Feature","geometry":{"type":"Point","coordinates":[-90.13471,29.91615]},"properties":{"probability":0.5,"inBuffer":true,"facType":"hospital"}},{"type":"Feature","geometry":{"type":"Point","coordinates":[-90.13022,29.91615]},"properties":{"probability":0.696,"inBuffer":true,"facType":"hospital"}},{"type":"Feature","geometry":{"type":"Point","coordinates":[-90.12572,29.91615]},"properties":{"probability":0.782,"inBuffer":true,"facType":"hospital"}},{"type":"Feature","geometry":{"type":"Point","coordinates":[-90.12124,29.91615]},"properties":{"probability":0.788,"inBuffer":true,"facType":"hospital"}},{"type":"Feature","geometry":{"type":"Point","coordinates":[-90.11674,29.91615]},"properties":{"probability":0.798,"inBuffer":false,"facType":"fire"}},{"type":"Feature","geometry":{"type":"Point","coordinates":[-90.11225,29.91615]},"properties":{"probability":0.793,"inBuffer":false,"facType":"fire"}},{"type":"Feature","geometry":{"type":"Point","coordinates":[-90.10776,29.91615]},"properties":{"probability":0.789,"inBuffer":false,"facType":"substation"}},{"type":"Feature","geometry":{"type":"Point","coordinates":[-90.10327,29.91615]},"properties":{"probability":0.768,"inBuffer":true,"facType":"substation"}},{"type":"Feature","geometry":{"type":"Point","coordinates":[-90.09878,29.91615]},"properties":{"probability":0.723,"inBuffer":true,"facType":"substation"}},{"type":"Feature","geometry":{"type":"Point","coordinates":[-90.09428,29.91615]},"properties":{"probability":0.699,"inBuffer":false,"facType":"substation"}},{"type":"Feature","geometry":{"type":"Point","coordinates":[-90.08979,29.91615]},"properties":{"probability":0.668,"inBuffer":false,"facType":"substation"}},{"type":"Feature","geometry":{"type":"Point","coordinates":[-90.0853,29.91615]},"properties":{"probability":0.653,"inBuffer":false,"facType":"fire"}},{"type":"Feature","geometry":{"type":"Point","coordinates":[-90.08081,29.91615]},"properties":{"probability":0.655,"inBuffer":false,"facType":"police"}},{"type":"Feature","geometry":{"type":"Point","coordinates":[-90.07632,29.91615]},"properties":{"probability":0.715,"inBuffer":true,"facType":"police"}},{"type":"Feature","geometry":{"type":"Point","coordinates":[-90.07183,29.91615]},"properties":{"probability":0.8,"inBuffer":true,"facType":"government"}},{"type":"Feature","geometry":{"type":"Point","coordinates":[-90.06734,29.91615]},"properties":{"probability":0.808,"inBuffer":false,"facType":"government"}},{"type":"Feature","geometry":{"type":"Point","coordinates":[-90.06284,29.91615]},"properties":{"probability":0.803,"inBuffer":true,"facType":"government"}},{"type":"Feature","geometry":{"type":"Point","coordinates":[-90.05835,29.91615]},"properties":{"probability":0.807,"inBuffer":true,"facType":"government"}},{"type":"Feature","geometry":{"type":"Point","coordinates":[-90.05386,29.91615]},"properties":{"probability":0.793,"inBuffer":true,"facType":"government"}},{"type":"Feature","geometry":{"type":"Point","coordinates":[-90.04937,29.91615]},"properties":{"probability":0.796,"inBuffer":false,"facType":"substation"}},{"type":"Feature","geometry":{"type":"Point","coordinates":[-90.04488,29.91615]},"properties":{"probability":0.79,"inBuffer":false,"facType":"substation"}},{"type":"Feature","geometry":{"type":"Point","coordinates":[-90.04039,29.91615]},"properties":{"probability":0.791,"inBuffer":false,"facType":"fire"}},{"type":"Feature","geometry":{"type":"Point","coordinates":[-90.0359,29.91615]},"properties":{"probability":0.779,"inBuffer":true,"facType":"fire"}},{"type":"Feature","geometry":{"type":"Point","coordinates":[-90.0314,29.91615]},"properties":{"probability":0.701,"inBuffer":true,"facType":"fire"}},{"type":"Feature","geometry":{"type":"Point","coordinates":[-90.02691,29.91615]},"properties":{"probability":0.589,"inBuffer":false,"facType":"fire"}},{"type":"Feature","geometry":{"type":"Point","coordinates":[-90.02242,29.91615]},"properties":{"probability":0.686,"inBuffer":false,"facType":"substation"}},{"type":"Feature","geometry":{"type":"Point","coordinates":[-90.01793,29.91615]},"properties":{"probability":0.688,"inBuffer":false,"facType":"substation"}},{"type":"Feature","geometry":{"type":"Point","coordinates":[-90.01344,29.91615]},"properties":{"probability":0.694,"inBuffer":false,"facType":"substation"}},{"type":"Feature","geometry":{"type":"Point","coordinates":[-90.00895,29.91615]},"properties":{"probability":0.679,"inBuffer":false,"facType":"substation"}},{"type":"Feature","geometry":{"type":"Point","coordinates":[-90.00446,29.91615]},"properties":{"probability":0.646,"inBuffer":false,"facType":"fire"}},{"type":"Feature","geometry":{"type":"Point","coordinates":[-89.99996,29.91615]},"properties":{"probability":0.643,"inBuffer":true,"facType":"fire"}},{"type":"Feature","geometry":{"type":"Point","coordinates":[-89.99547,29.91615]},"properties":{"probability":0.639,"inBuffer":true,"facType":"fire"}},{"type":"Feature","geometry":{"type":"Point","coordinates":[-89.99098,29.91615]},"properties":{"probability":0.485,"inBuffer":true,"facType":"fire"}},{"type":"Feature","geometry":{"type":"Point","coordinates":[-89.98649,29.91615]},"properties":{"probability":0.496,"inBuffer":true,"facType":"fire"}},{"type":"Feature","geometry":{"type":"Point","coordinates":[-89.98199,29.91615]},"properties":{"probability":0.499,"inBuffer":false,"facType":"substation"}},{"type":"Feature","geometry":{"type":"Point","coordinates":[-89.9775,29.91615]},"properties":{"probability":0.493,"inBuffer":false,"facType":"substation"}},{"type":"Feature","geometry":{"type":"Point","coordinates":[-89.97301,29.91615]},"properties":{"probability":0.47,"inBuffer":false,"facType":"substation"}},{"type":"Feature","geometry":{"type":"Point","coordinates":[-89.96852,29.91615]},"properties":{"probability":0.323,"inBuffer":false,"facType":"substation"}},{"type":"Feature","geometry":{"type":"Point","coordinates":[-89.96403,29.91615]},"properties":{"probability":0.242,"inBuffer":false,"facType":"substation"}},{"type":"Feature","geometry":{"type":"Point","coordinates":[-89.95954,29.91615]},"properties":{"probability":0.243,"inBuffer":false,"facType":"substation"}},{"type":"Feature","geometry":{"type":"Point","coordinates":[-89.95505,29.91615]},"properties":{"probability":0.262,"inBuffer":false,"facType":"substation"}},{"type":"Feature","geometry":{"type":"Point","coordinates":[-89.95055,29.91615]},"properties":{"probability":0.199,"inBuffer":false,"facType":"substation"}},{"type":"Feature","geometry":{"type":"Point","coordinates":[-89.94606,29.91615]},"properties":{"probability":0.248,"inBuffer":false,"facType":"substation"}},{"type":"Feature","geometry":{"type":"Point","coordinates":[-89.93708,29.91615]},"properties":{"probability":0.183,"inBuffer":false,"facType":"substation"}},{"type":"Feature","geometry":{"type":"Point","coordinates":[-89.93259,29.91615]},"properties":{"probability":0.228,"inBuffer":false,"facType":"substation"}},{"type":"Feature","geometry":{"type":"Point","coordinates":[-89.9281,29.91615]},"properties":{"probability":0.299,"inBuffer":false,"facType":"substation"}},{"type":"Feature","geometry":{"type":"Point","coordinates":[-89.92361,29.91615]},"properties":{"probability":0.364,"inBuffer":false,"facType":"substation"}},{"type":"Feature","geometry":{"type":"Point","coordinates":[-89.91911,29.91615]},"properties":{"probability":0.26,"inBuffer":false,"facType":"substation"}},{"type":"Feature","geometry":{"type":"Point","coordinates":[-89.91462,29.91615]},"properties":{"probability":0.221,"inBuffer":false,"facType":"airport"}},{"type":"Feature","geometry":{"type":"Point","coordinates":[-89.91013,29.91615]},"properties":{"probability":0.261,"inBuffer":false,"facType":"airport"}},{"type":"Feature","geometry":{"type":"Point","coordinates":[-89.90564,29.91615]},"properties":{"probability":0.238,"inBuffer":false,"facType":"airport"}},{"type":"Feature","geometry":{"type":"Point","coordinates":[-89.90115,29.91615]},"properties":{"probability":0.26,"inBuffer":false,"facType":"airport"}},{"type":"Feature","geometry":{"type":"Point","coordinates":[-90.20208,29.91165]},"properties":{"probability":0.727,"inBuffer":false,"facType":"fire"}},{"type":"Feature","geometry":{"type":"Point","coordinates":[-90.19759,29.91165]},"properties":{"probability":0.661,"inBuffer":false,"facType":"fire"}},{"type":"Feature","geometry":{"type":"Point","coordinates":[-90.1931,29.91165]},"properties":{"probability":0.408,"inBuffer":false,"facType":"fire"}},{"type":"Feature","geometry":{"type":"Point","coordinates":[-90.18861,29.91165]},"properties":{"probability":0.209,"inBuffer":false,"facType":"substation"}},{"type":"Feature","geometry":{"type":"Point","coordinates":[-90.18412,29.91165]},"properties":{"probability":0.223,"inBuffer":false,"facType":"substation"}},{"type":"Feature","geometry":{"type":"Point","coordinates":[-90.17963,29.91165]},"properties":{"probability":0.226,"inBuffer":false,"facType":"government"}},{"type":"Feature","geometry":{"type":"Point","coordinates":[-90.17513,29.91165]},"properties":{"probability":0.268,"inBuffer":false,"facType":"government"}},{"type":"Feature","geometry":{"type":"Point","coordinates":[-90.17064,29.91165]},"properties":{"probability":0.624,"inBuffer":false,"facType":"government"}},{"type":"Feature","geometry":{"type":"Point","coordinates":[-90.16615,29.91165]},"properties":{"probability":0.687,"inBuffer":false,"facType":"government"}},{"type":"Feature","geometry":{"type":"Point","coordinates":[-90.16166,29.91165]},"properties":{"probability":0.726,"inBuffer":false,"facType":"power"}},{"type":"Feature","geometry":{"type":"Point","coordinates":[-90.15717,29.91165]},"properties":{"probability":0.716,"inBuffer":false,"facType":"police"}},{"type":"Feature","geometry":{"type":"Point","coordinates":[-90.15268,29.91165]},"properties":{"probability":0.678,"inBuffer":false,"facType":"police"}},{"type":"Feature","geometry":{"type":"Point","coordinates":[-90.14819,29.91165]},"properties":{"probability":0.696,"inBuffer":true,"facType":"police"}},{"type":"Feature","geometry":{"type":"Point","coordinates":[-90.14369,29.91165]},"properties":{"probability":0.699,"inBuffer":true,"facType":"police"}},{"type":"Feature","geometry":{"type":"Point","coordinates":[-90.1392,29.91165]},"properties":{"probability":0.644,"inBuffer":true,"facType":"police"}},{"type":"Feature","geometry":{"type":"Point","coordinates":[-90.13471,29.91165]},"properties":{"probability":0.478,"inBuffer":false,"facType":"police"}},{"type":"Feature","geometry":{"type":"Point","coordinates":[-90.13022,29.91165]},"properties":{"probability":0.593,"inBuffer":true,"facType":"hospital"}},{"type":"Feature","geometry":{"type":"Point","coordinates":[-90.12572,29.91165]},"properties":{"probability":0.689,"inBuffer":true,"facType":"hospital"}},{"type":"Feature","geometry":{"type":"Point","coordinates":[-90.12124,29.91165]},"properties":{"probability":0.704,"inBuffer":false,"facType":"hospital"}},{"type":"Feature","geometry":{"type":"Point","coordinates":[-90.11674,29.91165]},"properties":{"probability":0.716,"inBuffer":false,"facType":"hospital"}},{"type":"Feature","geometry":{"type":"Point","coordinates":[-90.11225,29.91165]},"properties":{"probability":0.782,"inBuffer":false,"facType":"substation"}},{"type":"Feature","geometry":{"type":"Point","coordinates":[-90.10776,29.91165]},"properties":{"probability":0.759,"inBuffer":false,"facType":"substation"}},{"type":"Feature","geometry":{"type":"Point","coordinates":[-90.10327,29.91165]},"properties":{"probability":0.671,"inBuffer":false,"facType":"substation"}},{"type":"Feature","geometry":{"type":"Point","coordinates":[-90.09878,29.91165]},"properties":{"probability":0.704,"inBuffer":false,"facType":"substation"}},{"type":"Feature","geometry":{"type":"Point","coordinates":[-90.09428,29.91165]},"properties":{"probability":0.78,"inBuffer":false,"facType":"substation"}},{"type":"Feature","geometry":{"type":"Point","coordinates":[-90.08979,29.91165]},"properties":{"probability":0.781,"inBuffer":false,"facType":"substation"}},{"type":"Feature","geometry":{"type":"Point","coordinates":[-90.0853,29.91165]},"properties":{"probability":0.784,"inBuffer":false,"facType":"fire"}},{"type":"Feature","geometry":{"type":"Point","coordinates":[-90.08081,29.91165]},"properties":{"probability":0.751,"inBuffer":false,"facType":"fire"}},{"type":"Feature","geometry":{"type":"Point","coordinates":[-90.07632,29.91165]},"properties":{"probability":0.78,"inBuffer":true,"facType":"fire"}},{"type":"Feature","geometry":{"type":"Point","coordinates":[-90.07183,29.91165]},"properties":{"probability":0.796,"inBuffer":true,"facType":"government"}},{"type":"Feature","geometry":{"type":"Point","coordinates":[-90.06734,29.91165]},"properties":{"probability":0.796,"inBuffer":true,"facType":"government"}},{"type":"Feature","geometry":{"type":"Point","coordinates":[-90.06284,29.91165]},"properties":{"probability":0.8,"inBuffer":true,"facType":"government"}},{"type":"Feature","geometry":{"type":"Point","coordinates":[-90.05835,29.91165]},"properties":{"probability":0.798,"inBuffer":true,"facType":"government"}},{"type":"Feature","geometry":{"type":"Point","coordinates":[-90.05386,29.91165]},"properties":{"probability":0.798,"inBuffer":false,"facType":"government"}},{"type":"Feature","geometry":{"type":"Point","coordinates":[-90.04937,29.91165]},"properties":{"probability":0.794,"inBuffer":false,"facType":"government"}},{"type":"Feature","geometry":{"type":"Point","coordinates":[-90.04488,29.91165]},"properties":{"probability":0.785,"inBuffer":false,"facType":"fire"}},{"type":"Feature","geometry":{"type":"Point","coordinates":[-90.04039,29.91165]},"properties":{"probability":0.789,"inBuffer":true,"facType":"fire"}},{"type":"Feature","geometry":{"type":"Point","coordinates":[-90.0359,29.91165]},"properties":{"probability":0.753,"inBuffer":true,"facType":"fire"}},{"type":"Feature","geometry":{"type":"Point","coordinates":[-90.0314,29.91165]},"properties":{"probability":0.697,"inBuffer":true,"facType":"fire"}},{"type":"Feature","geometry":{"type":"Point","coordinates":[-90.02691,29.91165]},"properties":{"probability":0.688,"inBuffer":true,"facType":"fire"}},{"type":"Feature","geometry":{"type":"Point","coordinates":[-90.02242,29.91165]},"properties":{"probability":0.682,"inBuffer":false,"facType":"fire"}},{"type":"Feature","geometry":{"type":"Point","coordinates":[-90.01793,29.91165]},"properties":{"probability":0.666,"inBuffer":false,"facType":"substation"}},{"type":"Feature","geometry":{"type":"Point","coordinates":[-90.01344,29.91165]},"properties":{"probability":0.487,"inBuffer":false,"facType":"substation"}},{"type":"Feature","geometry":{"type":"Point","coordinates":[-90.00895,29.91165]},"properties":{"probability":0.414,"inBuffer":false,"facType":"substation"}},{"type":"Feature","geometry":{"type":"Point","coordinates":[-90.00446,29.91165]},"properties":{"probability":0.436,"inBuffer":false,"facType":"fire"}},{"type":"Feature","geometry":{"type":"Point","coordinates":[-89.99996,29.91165]},"properties":{"probability":0.624,"inBuffer":true,"facType":"fire"}},{"type":"Feature","geometry":{"type":"Point","coordinates":[-89.99547,29.91165]},"properties":{"probability":0.702,"inBuffer":true,"facType":"fire"}},{"type":"Feature","geometry":{"type":"Point","coordinates":[-89.99098,29.91165]},"properties":{"probability":0.697,"inBuffer":true,"facType":"fire"}},{"type":"Feature","geometry":{"type":"Point","coordinates":[-89.98649,29.91165]},"properties":{"probability":0.59,"inBuffer":true,"facType":"fire"}},{"type":"Feature","geometry":{"type":"Point","coordinates":[-89.98199,29.91165]},"properties":{"probability":0.292,"inBuffer":false,"facType":"fire"}},{"type":"Feature","geometry":{"type":"Point","coordinates":[-89.9775,29.91165]},"properties":{"probability":0.269,"inBuffer":false,"facType":"substation"}},{"type":"Feature","geometry":{"type":"Point","coordinates":[-89.97301,29.91165]},"properties":{"probability":0.251,"inBuffer":false,"facType":"substation"}},{"type":"Feature","geometry":{"type":"Point","coordinates":[-89.96852,29.91165]},"properties":{"probability":0.258,"inBuffer":false,"facType":"substation"}},{"type":"Feature","geometry":{"type":"Point","coordinates":[-89.96403,29.91165]},"properties":{"probability":0.239,"inBuffer":false,"facType":"substation"}},{"type":"Feature","geometry":{"type":"Point","coordinates":[-89.95954,29.91165]},"properties":{"probability":0.262,"inBuffer":false,"facType":"substation"}},{"type":"Feature","geometry":{"type":"Point","coordinates":[-89.95505,29.91165]},"properties":{"probability":0.249,"inBuffer":false,"facType":"substation"}},{"type":"Feature","geometry":{"type":"Point","coordinates":[-89.95055,29.91165]},"properties":{"probability":0.218,"inBuffer":false,"facType":"substation"}},{"type":"Feature","geometry":{"type":"Point","coordinates":[-89.94606,29.91165]},"properties":{"probability":0.231,"inBuffer":false,"facType":"substation"}},{"type":"Feature","geometry":{"type":"Point","coordinates":[-89.94157,29.91165]},"properties":{"probability":0.23,"inBuffer":false,"facType":"substation"}},{"type":"Feature","geometry":{"type":"Point","coordinates":[-89.93708,29.91165]},"properties":{"probability":0.28,"inBuffer":false,"facType":"substation"}},{"type":"Feature","geometry":{"type":"Point","coordinates":[-89.93259,29.91165]},"properties":{"probability":0.246,"inBuffer":false,"facType":"substation"}},{"type":"Feature","geometry":{"type":"Point","coordinates":[-89.9281,29.91165]},"properties":{"probability":0.334,"inBuffer":false,"facType":"substation"}},{"type":"Feature","geometry":{"type":"Point","coordinates":[-89.92361,29.91165]},"properties":{"probability":0.342,"inBuffer":false,"facType":"substation"}},{"type":"Feature","geometry":{"type":"Point","coordinates":[-89.91911,29.91165]},"properties":{"probability":0.219,"inBuffer":false,"facType":"substation"}},{"type":"Feature","geometry":{"type":"Point","coordinates":[-89.91462,29.91165]},"properties":{"probability":0.198,"inBuffer":false,"facType":"substation"}},{"type":"Feature","geometry":{"type":"Point","coordinates":[-89.91013,29.91165]},"properties":{"probability":0.261,"inBuffer":false,"facType":"airport"}},{"type":"Feature","geometry":{"type":"Point","coordinates":[-89.90564,29.91165]},"properties":{"probability":0.255,"inBuffer":false,"facType":"airport"}},{"type":"Feature","geometry":{"type":"Point","coordinates":[-89.90115,29.91165]},"properties":{"probability":0.461,"inBuffer":false,"facType":"airport"}},{"type":"Feature","geometry":{"type":"Point","coordinates":[-90.20208,29.90716]},"properties":{"probability":0.545,"inBuffer":false,"facType":"fire"}},{"type":"Feature","geometry":{"type":"Point","coordinates":[-90.19759,29.90716]},"properties":{"probability":0.197,"inBuffer":false,"facType":"fire"}},{"type":"Feature","geometry":{"type":"Point","coordinates":[-90.1931,29.90716]},"properties":{"probability":0.193,"inBuffer":false,"facType":"fire"}},{"type":"Feature","geometry":{"type":"Point","coordinates":[-90.18861,29.90716]},"properties":{"probability":0.199,"inBuffer":false,"facType":"fire"}},{"type":"Feature","geometry":{"type":"Point","coordinates":[-90.18412,29.90716]},"properties":{"probability":0.257,"inBuffer":false,"facType":"government"}},{"type":"Feature","geometry":{"type":"Point","coordinates":[-90.17963,29.90716]},"properties":{"probability":0.207,"inBuffer":false,"facType":"government"}},{"type":"Feature","geometry":{"type":"Point","coordinates":[-90.17513,29.90716]},"properties":{"probability":0.201,"inBuffer":false,"facType":"government"}},{"type":"Feature","geometry":{"type":"Point","coordinates":[-90.17064,29.90716]},"properties":{"probability":0.43,"inBuffer":false,"facType":"government"}},{"type":"Feature","geometry":{"type":"Point","coordinates":[-90.16615,29.90716]},"properties":{"probability":0.658,"inBuffer":false,"facType":"government"}},{"type":"Feature","geometry":{"type":"Point","coordinates":[-90.16166,29.90716]},"properties":{"probability":0.709,"inBuffer":false,"facType":"police"}},{"type":"Feature","geometry":{"type":"Point","coordinates":[-90.15717,29.90716]},"properties":{"probability":0.741,"inBuffer":false,"facType":"police"}},{"type":"Feature","geometry":{"type":"Point","coordinates":[-90.15268,29.90716]},"properties":{"probability":0.726,"inBuffer":false,"facType":"police"}},{"type":"Feature","geometry":{"type":"Point","coordinates":[-90.14819,29.90716]},"properties":{"probability":0.702,"inBuffer":true,"facType":"police"}},{"type":"Feature","geometry":{"type":"Point","coordinates":[-90.14369,29.90716]},"properties":{"probability":0.693,"inBuffer":true,"facType":"police"}},{"type":"Feature","geometry":{"type":"Point","coordinates":[-90.1392,29.90716]},"properties":{"probability":0.677,"inBuffer":true,"facType":"police"}},{"type":"Feature","geometry":{"type":"Point","coordinates":[-90.13471,29.90716]},"properties":{"probability":0.699,"inBuffer":false,"facType":"police"}},{"type":"Feature","geometry":{"type":"Point","coordinates":[-90.13022,29.90716]},"properties":{"probability":0.712,"inBuffer":false,"facType":"hospital"}},{"type":"Feature","geometry":{"type":"Point","coordinates":[-90.12572,29.90716]},"properties":{"probability":0.701,"inBuffer":false,"facType":"hospital"}},{"type":"Feature","geometry":{"type":"Point","coordinates":[-90.12124,29.90716]},"properties":{"probability":0.56,"inBuffer":false,"facType":"hospital"}},{"type":"Feature","geometry":{"type":"Point","coordinates":[-90.11674,29.90716]},"properties":{"probability":0.564,"inBuffer":false,"facType":"hospital"}},{"type":"Feature","geometry":{"type":"Point","coordinates":[-90.11225,29.90716]},"properties":{"probability":0.452,"inBuffer":false,"facType":"substation"}},{"type":"Feature","geometry":{"type":"Point","coordinates":[-90.10776,29.90716]},"properties":{"probability":0.62,"inBuffer":false,"facType":"fire"}},{"type":"Feature","geometry":{"type":"Point","coordinates":[-90.10327,29.90716]},"properties":{"probability":0.694,"inBuffer":false,"facType":"fire"}},{"type":"Feature","geometry":{"type":"Point","coordinates":[-90.09878,29.90716]},"properties":{"probability":0.771,"inBuffer":true,"facType":"fire"}},{"type":"Feature","geometry":{"type":"Point","coordinates":[-90.09428,29.90716]},"properties":{"probability":0.802,"inBuffer":true,"facType":"fire"}},{"type":"Feature","geometry":{"type":"Point","coordinates":[-90.08979,29.90716]},"properties":{"probability":0.79,"inBuffer":false,"facType":"fire"}},{"type":"Feature","geometry":{"type":"Point","coordinates":[-90.0853,29.90716]},"properties":{"probability":0.783,"inBuffer":false,"facType":"fire"}},{"type":"Feature","geometry":{"type":"Point","coordinates":[-90.08081,29.90716]},"properties":{"probability":0.792,"inBuffer":true,"facType":"fire"}},{"type":"Feature","geometry":{"type":"Point","coordinates":[-90.07632,29.90716]},"properties":{"probability":0.802,"inBuffer":true,"facType":"fire"}},{"type":"Feature","geometry":{"type":"Point","coordinates":[-90.07183,29.90716]},"properties":{"probability":0.8,"inBuffer":true,"facType":"fire"}},{"type":"Feature","geometry":{"type":"Point","coordinates":[-90.06734,29.90716]},"properties":{"probability":0.846,"inBuffer":true,"facType":"government"}},{"type":"Feature","geometry":{"type":"Point","coordinates":[-90.06284,29.90716]},"properties":{"probability":0.805,"inBuffer":true,"facType":"police"}},{"type":"Feature","geometry":{"type":"Point","coordinates":[-90.05835,29.90716]},"properties":{"probability":0.787,"inBuffer":true,"facType":"police"}},{"type":"Feature","geometry":{"type":"Point","coordinates":[-90.05386,29.90716]},"properties":{"probability":0.797,"inBuffer":false,"facType":"government"}},{"type":"Feature","geometry":{"type":"Point","coordinates":[-90.04937,29.90716]},"properties":{"probability":0.744,"inBuffer":false,"facType":"fire"}},{"type":"Feature","geometry":{"type":"Point","coordinates":[-90.04488,29.90716]},"properties":{"probability":0.7,"inBuffer":false,"facType":"fire"}},{"type":"Feature","geometry":{"type":"Point","coordinates":[-90.04039,29.90716]},"properties":{"probability":0.688,"inBuffer":false,"facType":"fire"}},{"type":"Feature","geometry":{"type":"Point","coordinates":[-90.0359,29.90716]},"properties":{"probability":0.749,"inBuffer":true,"facType":"fire"}},{"type":"Feature","geometry":{"type":"Point","coordinates":[-90.0314,29.90716]},"properties":{"probability":0.769,"inBuffer":true,"facType":"fire"}},{"type":"Feature","geometry":{"type":"Point","coordinates":[-90.02691,29.90716]},"properties":{"probability":0.695,"inBuffer":false,"facType":"fire"}},{"type":"Feature","geometry":{"type":"Point","coordinates":[-90.02242,29.90716]},"properties":{"probability":0.665,"inBuffer":false,"facType":"fire"}},{"type":"Feature","geometry":{"type":"Point","coordinates":[-90.01793,29.90716]},"properties":{"probability":0.623,"inBuffer":false,"facType":"fire"}},{"type":"Feature","geometry":{"type":"Point","coordinates":[-90.01344,29.90716]},"properties":{"probability":0.369,"inBuffer":false,"facType":"fire"}},{"type":"Feature","geometry":{"type":"Point","coordinates":[-90.00895,29.90716]},"properties":{"probability":0.259,"inBuffer":false,"facType":"fire"}},{"type":"Feature","geometry":{"type":"Point","coordinates":[-90.00446,29.90716]},"properties":{"probability":0.34,"inBuffer":false,"facType":"fire"}},{"type":"Feature","geometry":{"type":"Point","coordinates":[-89.99996,29.90716]},"properties":{"probability":0.611,"inBuffer":false,"facType":"fire"}},{"type":"Feature","geometry":{"type":"Point","coordinates":[-89.99547,29.90716]},"properties":{"probability":0.679,"inBuffer":true,"facType":"fire"}},{"type":"Feature","geometry":{"type":"Point","coordinates":[-89.99098,29.90716]},"properties":{"probability":0.679,"inBuffer":true,"facType":"fire"}},{"type":"Feature","geometry":{"type":"Point","coordinates":[-89.98649,29.90716]},"properties":{"probability":0.567,"inBuffer":false,"facType":"fire"}},{"type":"Feature","geometry":{"type":"Point","coordinates":[-89.98199,29.90716]},"properties":{"probability":0.261,"inBuffer":false,"facType":"fire"}},{"type":"Feature","geometry":{"type":"Point","coordinates":[-89.9775,29.90716]},"properties":{"probability":0.273,"inBuffer":false,"facType":"fire"}},{"type":"Feature","geometry":{"type":"Point","coordinates":[-89.97301,29.90716]},"properties":{"probability":0.255,"inBuffer":false,"facType":"substation"}},{"type":"Feature","geometry":{"type":"Point","coordinates":[-89.96852,29.90716]},"properties":{"probability":0.225,"inBuffer":false,"facType":"substation"}},{"type":"Feature","geometry":{"type":"Point","coordinates":[-89.96403,29.90716]},"properties":{"probability":0.26,"inBuffer":false,"facType":"substation"}},{"type":"Feature","geometry":{"type":"Point","coordinates":[-89.95954,29.90716]},"properties":{"probability":0.251,"inBuffer":false,"facType":"substation"}},{"type":"Feature","geometry":{"type":"Point","coordinates":[-89.95505,29.90716]},"properties":{"probability":0.249,"inBuffer":false,"facType":"substation"}},{"type":"Feature","geometry":{"type":"Point","coordinates":[-89.95055,29.90716]},"properties":{"probability":0.286,"inBuffer":false,"facType":"substation"}},{"type":"Feature","geometry":{"type":"Point","coordinates":[-89.94606,29.90716]},"properties":{"probability":0.251,"inBuffer":false,"facType":"substation"}},{"type":"Feature","geometry":{"type":"Point","coordinates":[-89.94157,29.90716]},"properties":{"probability":0.226,"inBuffer":false,"facType":"substation"}},{"type":"Feature","geometry":{"type":"Point","coordinates":[-89.93708,29.90716]},"properties":{"probability":0.209,"inBuffer":false,"facType":"substation"}},{"type":"Feature","geometry":{"type":"Point","coordinates":[-89.93259,29.90716]},"properties":{"probability":0.223,"inBuffer":false,"facType":"substation"}},{"type":"Feature","geometry":{"type":"Point","coordinates":[-89.9281,29.90716]},"properties":{"probability":0.206,"inBuffer":false,"facType":"substation"}},{"type":"Feature","geometry":{"type":"Point","coordinates":[-89.92361,29.90716]},"properties":{"probability":0.197,"inBuffer":false,"facType":"substation"}},{"type":"Feature","geometry":{"type":"Point","coordinates":[-89.91911,29.90716]},"properties":{"probability":0.19,"inBuffer":false,"facType":"substation"}},{"type":"Feature","geometry":{"type":"Point","coordinates":[-89.91462,29.90716]},"properties":{"probability":0.268,"inBuffer":false,"facType":"substation"}},{"type":"Feature","geometry":{"type":"Point","coordinates":[-89.91013,29.90716]},"properties":{"probability":0.268,"inBuffer":false,"facType":"airport"}},{"type":"Feature","geometry":{"type":"Point","coordinates":[-89.90564,29.90716]},"properties":{"probability":0.372,"inBuffer":false,"facType":"airport"}},{"type":"Feature","geometry":{"type":"Point","coordinates":[-89.90115,29.90716]},"properties":{"probability":0.488,"inBuffer":false,"facType":"airport"}},{"type":"Feature","geometry":{"type":"Point","coordinates":[-90.20208,29.90267]},"properties":{"probability":0.271,"inBuffer":true,"facType":"fire"}},{"type":"Feature","geometry":{"type":"Point","coordinates":[-90.1931,29.90267]},"properties":{"probability":0.236,"inBuffer":false,"facType":"fire"}},{"type":"Feature","geometry":{"type":"Point","coordinates":[-90.18861,29.90267]},"properties":{"probability":0.256,"inBuffer":false,"facType":"fire"}},{"type":"Feature","geometry":{"type":"Point","coordinates":[-90.18412,29.90267]},"properties":{"probability":0.206,"inBuffer":false,"facType":"fire"}},{"type":"Feature","geometry":{"type":"Point","coordinates":[-90.17963,29.90267]},"properties":{"probability":0.218,"inBuffer":false,"facType":"substation"}},{"type":"Feature","geometry":{"type":"Point","coordinates":[-90.17064,29.90267]},"properties":{"probability":0.31,"inBuffer":false,"facType":"substation"}},{"type":"Feature","geometry":{"type":"Point","coordinates":[-90.16615,29.90267]},"properties":{"probability":0.377,"inBuffer":false,"facType":"substation"}},{"type":"Feature","geometry":{"type":"Point","coordinates":[-90.16166,29.90267]},"properties":{"probability":0.536,"inBuffer":false,"facType":"police"}},{"type":"Feature","geometry":{"type":"Point","coordinates":[-90.15717,29.90267]},"properties":{"probability":0.645,"inBuffer":false,"facType":"police"}},{"type":"Feature","geometry":{"type":"Point","coordinates":[-90.15268,29.90267]},"properties":{"probability":0.743,"inBuffer":false,"facType":"police"}},{"type":"Feature","geometry":{"type":"Point","coordinates":[-90.14819,29.90267]},"properties":{"probability":0.744,"inBuffer":false,"facType":"police"}},{"type":"Feature","geometry":{"type":"Point","coordinates":[-90.14369,29.90267]},"properties":{"probability":0.707,"inBuffer":true,"facType":"police"}},{"type":"Feature","geometry":{"type":"Point","coordinates":[-90.1392,29.90267]},"properties":{"probability":0.703,"inBuffer":false,"facType":"police"}},{"type":"Feature","geometry":{"type":"Point","coordinates":[-90.13471,29.90267]},"properties":{"probability":0.707,"inBuffer":false,"facType":"police"}},{"type":"Feature","geometry":{"type":"Point","coordinates":[-90.13022,29.90267]},"properties":{"probability":0.736,"inBuffer":false,"facType":"substation"}},{"type":"Feature","geometry":{"type":"Point","coordinates":[-90.12572,29.90267]},"properties":{"probability":0.754,"inBuffer":false,"facType":"substation"}},{"type":"Feature","geometry":{"type":"Point","coordinates":[-90.12124,29.90267]},"properties":{"probability":0.711,"inBuffer":false,"facType":"police"}},{"type":"Feature","geometry":{"type":"Point","coordinates":[-90.11674,29.90267]},"properties":{"probability":0.623,"inBuffer":false,"facType":"police"}},{"type":"Feature","geometry":{"type":"Point","coordinates":[-90.11225,29.90267]},"properties":{"probability":0.618,"inBuffer":false,"facType":"police"}},{"type":"Feature","geometry":{"type":"Point","coordinates":[-90.10776,29.90267]},"properties":{"probability":0.692,"inBuffer":false,"facType":"fire"}},{"type":"Feature","geometry":{"type":"Point","coordinates":[-90.10327,29.90267]},"properties":{"probability":0.715,"inBuffer":false,"facType":"fire"}},{"type":"Feature","geometry":{"type":"Point","coordinates":[-90.09878,29.90267]},"properties":{"probability":0.724,"inBuffer":true,"facType":"fire"}},{"type":"Feature","geometry":{"type":"Point","coordinates":[-90.09428,29.90267]},"properties":{"probability":0.734,"inBuffer":true,"facType":"fire"}},{"type":"Feature","geometry":{"type":"Point","coordinates":[-90.08979,29.90267]},"properties":{"probability":0.754,"inBuffer":true,"facType":"fire"}},{"type":"Feature","geometry":{"type":"Point","coordinates":[-90.0853,29.90267]},"properties":{"probability":0.788,"inBuffer":false,"facType":"fire"}},{"type":"Feature","geometry":{"type":"Point","coordinates":[-90.08081,29.90267]},"properties":{"probability":0.801,"inBuffer":true,"facType":"fire"}},{"type":"Feature","geometry":{"type":"Point","coordinates":[-90.07632,29.90267]},"properties":{"probability":0.801,"inBuffer":true,"facType":"fire"}},{"type":"Feature","geometry":{"type":"Point","coordinates":[-90.07183,29.90267]},"properties":{"probability":0.841,"inBuffer":true,"facType":"government"}},{"type":"Feature","geometry":{"type":"Point","coordinates":[-90.06734,29.90267]},"properties":{"probability":0.87,"inBuffer":true,"facType":"airport"}},{"type":"Feature","geometry":{"type":"Point","coordinates":[-90.06284,29.90267]},"properties":{"probability":0.843,"inBuffer":true,"facType":"government"}},{"type":"Feature","geometry":{"type":"Point","coordinates":[-90.05835,29.90267]},"properties":{"probability":0.772,"inBuffer":true,"facType":"government"}},{"type":"Feature","geometry":{"type":"Point","coordinates":[-90.05386,29.90267]},"properties":{"probability":0.744,"inBuffer":false,"facType":"fire"}},{"type":"Feature","geometry":{"type":"Point","coordinates":[-90.04937,29.90267]},"properties":{"probability":0.78,"inBuffer":true,"facType":"fire"}},{"type":"Feature","geometry":{"type":"Point","coordinates":[-90.04488,29.90267]},"properties":{"probability":0.781,"inBuffer":true,"facType":"fire"}},{"type":"Feature","geometry":{"type":"Point","coordinates":[-90.04039,29.90267]},"properties":{"probability":0.698,"inBuffer":false,"facType":"fire"}},{"type":"Feature","geometry":{"type":"Point","coordinates":[-90.0359,29.90267]},"properties":{"probability":0.76,"inBuffer":false,"facType":"fire"}},{"type":"Feature","geometry":{"type":"Point","coordinates":[-90.0314,29.90267]},"properties":{"probability":0.796,"inBuffer":false,"facType":"fire"}},{"type":"Feature","geometry":{"type":"Point","coordinates":[-90.02691,29.90267]},"properties":{"probability":0.769,"inBuffer":true,"facType":"fire"}},{"type":"Feature","geometry":{"type":"Point","coordinates":[-90.02242,29.90267]},"properties":{"probability":0.689,"inBuffer":true,"facType":"fire"}},{"type":"Feature","geometry":{"type":"Point","coordinates":[-90.01793,29.90267]},"properties":{"probability":0.69,"inBuffer":true,"facType":"fire"}},{"type":"Feature","geometry":{"type":"Point","coordinates":[-90.01344,29.90267]},"properties":{"probability":0.494,"inBuffer":false,"facType":"fire"}},{"type":"Feature","geometry":{"type":"Point","coordinates":[-90.00895,29.90267]},"properties":{"probability":0.448,"inBuffer":false,"facType":"fire"}},{"type":"Feature","geometry":{"type":"Point","coordinates":[-90.00446,29.90267]},"properties":{"probability":0.346,"inBuffer":false,"facType":"fire"}},{"type":"Feature","geometry":{"type":"Point","coordinates":[-89.99996,29.90267]},"properties":{"probability":0.501,"inBuffer":false,"facType":"fire"}},{"type":"Feature","geometry":{"type":"Point","coordinates":[-89.99547,29.90267]},"properties":{"probability":0.499,"inBuffer":false,"facType":"fire"}},{"type":"Feature","geometry":{"type":"Point","coordinates":[-89.99098,29.90267]},"properties":{"probability":0.432,"inBuffer":false,"facType":"fire"}},{"type":"Feature","geometry":{"type":"Point","coordinates":[-89.98649,29.90267]},"properties":{"probability":0.55,"inBuffer":false,"facType":"fire"}},{"type":"Feature","geometry":{"type":"Point","coordinates":[-89.98199,29.90267]},"properties":{"probability":0.496,"inBuffer":false,"facType":"fire"}},{"type":"Feature","geometry":{"type":"Point","coordinates":[-89.9775,29.90267]},"properties":{"probability":0.35,"inBuffer":false,"facType":"fire"}},{"type":"Feature","geometry":{"type":"Point","coordinates":[-89.97301,29.90267]},"properties":{"probability":0.248,"inBuffer":false,"facType":"substation"}},{"type":"Feature","geometry":{"type":"Point","coordinates":[-89.96852,29.90267]},"properties":{"probability":0.192,"inBuffer":false,"facType":"substation"}},{"type":"Feature","geometry":{"type":"Point","coordinates":[-89.96403,29.90267]},"properties":{"probability":0.222,"inBuffer":false,"facType":"substation"}},{"type":"Feature","geometry":{"type":"Point","coordinates":[-89.95954,29.90267]},"properties":{"probability":0.221,"inBuffer":false,"facType":"substation"}},{"type":"Feature","geometry":{"type":"Point","coordinates":[-89.95505,29.90267]},"properties":{"probability":0.195,"inBuffer":false,"facType":"substation"}},{"type":"Feature","geometry":{"type":"Point","coordinates":[-89.95055,29.90267]},"properties":{"probability":0.217,"inBuffer":false,"facType":"substation"}},{"type":"Feature","geometry":{"type":"Point","coordinates":[-89.94606,29.90267]},"properties":{"probability":0.208,"inBuffer":false,"facType":"substation"}},{"type":"Feature","geometry":{"type":"Point","coordinates":[-89.94157,29.90267]},"properties":{"probability":0.231,"inBuffer":false,"facType":"substation"}},{"type":"Feature","geometry":{"type":"Point","coordinates":[-89.93708,29.90267]},"properties":{"probability":0.28,"inBuffer":false,"facType":"substation"}},{"type":"Feature","geometry":{"type":"Point","coordinates":[-89.93259,29.90267]},"properties":{"probability":0.277,"inBuffer":false,"facType":"substation"}},{"type":"Feature","geometry":{"type":"Point","coordinates":[-89.9281,29.90267]},"properties":{"probability":0.243,"inBuffer":false,"facType":"substation"}},{"type":"Feature","geometry":{"type":"Point","coordinates":[-89.92361,29.90267]},"properties":{"probability":0.209,"inBuffer":false,"facType":"substation"}},{"type":"Feature","geometry":{"type":"Point","coordinates":[-89.91911,29.90267]},"properties":{"probability":0.263,"inBuffer":false,"facType":"substation"}},{"type":"Feature","geometry":{"type":"Point","coordinates":[-89.91462,29.90267]},"properties":{"probability":0.286,"inBuffer":false,"facType":"substation"}},{"type":"Feature","geometry":{"type":"Point","coordinates":[-89.91013,29.90267]},"properties":{"probability":0.243,"inBuffer":false,"facType":"substation"}},{"type":"Feature","geometry":{"type":"Point","coordinates":[-89.90564,29.90267]},"properties":{"probability":0.297,"inBuffer":false,"facType":"airport"}},{"type":"Feature","geometry":{"type":"Point","coordinates":[-89.90115,29.90267]},"properties":{"probability":0.398,"inBuffer":false,"facType":"airport"}},{"type":"Feature","geometry":{"type":"Point","coordinates":[-90.20208,29.89818]},"properties":{"probability":0.294,"inBuffer":true,"facType":"fire"}},{"type":"Feature","geometry":{"type":"Point","coordinates":[-90.1931,29.89818]},"properties":{"probability":0.204,"inBuffer":false,"facType":"fire"}},{"type":"Feature","geometry":{"type":"Point","coordinates":[-90.18861,29.89818]},"properties":{"probability":0.302,"inBuffer":false,"facType":"fire"}},{"type":"Feature","geometry":{"type":"Point","coordinates":[-90.18412,29.89818]},"properties":{"probability":0.213,"inBuffer":false,"facType":"substation"}},{"type":"Feature","geometry":{"type":"Point","coordinates":[-90.17963,29.89818]},"properties":{"probability":0.315,"inBuffer":false,"facType":"substation"}},{"type":"Feature","geometry":{"type":"Point","coordinates":[-90.17064,29.89818]},"properties":{"probability":0.201,"inBuffer":false,"facType":"substation"}},{"type":"Feature","geometry":{"type":"Point","coordinates":[-90.16615,29.89818]},"properties":{"probability":0.195,"inBuffer":false,"facType":"substation"}},{"type":"Feature","geometry":{"type":"Point","coordinates":[-90.16166,29.89818]},"properties":{"probability":0.282,"inBuffer":false,"facType":"substation"}},{"type":"Feature","geometry":{"type":"Point","coordinates":[-90.15717,29.89818]},"properties":{"probability":0.384,"inBuffer":false,"facType":"substation"}},{"type":"Feature","geometry":{"type":"Point","coordinates":[-90.15268,29.89818]},"properties":{"probability":0.66,"inBuffer":false,"facType":"substation"}},{"type":"Feature","geometry":{"type":"Point","coordinates":[-90.14819,29.89818]},"properties":{"probability":0.714,"inBuffer":false,"facType":"substation"}},{"type":"Feature","geometry":{"type":"Point","coordinates":[-90.14369,29.89818]},"properties":{"probability":0.702,"inBuffer":false,"facType":"substation"}},{"type":"Feature","geometry":{"type":"Point","coordinates":[-90.1392,29.89818]},"properties":{"probability":0.755,"inBuffer":false,"facType":"substation"}},{"type":"Feature","geometry":{"type":"Point","coordinates":[-90.13471,29.89818]},"properties":{"probability":0.749,"inBuffer":false,"facType":"substation"}},{"type":"Feature","geometry":{"type":"Point","coordinates":[-90.13022,29.89818]},"properties":{"probability":0.753,"inBuffer":false,"facType":"substation"}},{"type":"Feature","geometry":{"type":"Point","coordinates":[-90.12572,29.89818]},"properties":{"probability":0.77,"inBuffer":false,"facType":"fire"}},{"type":"Feature","geometry":{"type":"Point","coordinates":[-90.12124,29.89818]},"properties":{"probability":0.758,"inBuffer":false,"facType":"police"}},{"type":"Feature","geometry":{"type":"Point","coordinates":[-90.11674,29.89818]},"properties":{"probability":0.712,"inBuffer":false,"facType":"police"}},{"type":"Feature","geometry":{"type":"Point","coordinates":[-90.11225,29.89818]},"properties":{"probability":0.714,"inBuffer":false,"facType":"police"}},{"type":"Feature","geometry":{"type":"Point","coordinates":[-90.10776,29.89818]},"properties":{"probability":0.734,"inBuffer":false,"facType":"police"}},{"type":"Feature","geometry":{"type":"Point","coordinates":[-90.10327,29.89818]},"properties":{"probability":0.798,"inBuffer":false,"facType":"fire"}},{"type":"Feature","geometry":{"type":"Point","coordinates":[-90.09878,29.89818]},"properties":{"probability":0.798,"inBuffer":true,"facType":"fire"}},{"type":"Feature","geometry":{"type":"Point","coordinates":[-90.09428,29.89818]},"properties":{"probability":0.789,"inBuffer":true,"facType":"fire"}},{"type":"Feature","geometry":{"type":"Point","coordinates":[-90.08979,29.89818]},"properties":{"probability":0.766,"inBuffer":true,"facType":"fire"}},{"type":"Feature","geometry":{"type":"Point","coordinates":[-90.0853,29.89818]},"properties":{"probability":0.779,"inBuffer":false,"facType":"fire"}},{"type":"Feature","geometry":{"type":"Point","coordinates":[-90.08081,29.89818]},"properties":{"probability":0.789,"inBuffer":true,"facType":"government"}},{"type":"Feature","geometry":{"type":"Point","coordinates":[-90.07632,29.89818]},"properties":{"probability":0.791,"inBuffer":true,"facType":"government"}},{"type":"Feature","geometry":{"type":"Point","coordinates":[-90.07183,29.89818]},"properties":{"probability":0.803,"inBuffer":true,"facType":"government"}},{"type":"Feature","geometry":{"type":"Point","coordinates":[-90.06734,29.89818]},"properties":{"probability":0.8,"inBuffer":true,"facType":"airport"}},{"type":"Feature","geometry":{"type":"Point","coordinates":[-90.06284,29.89818]},"properties":{"probability":0.796,"inBuffer":true,"facType":"airport"}},{"type":"Feature","geometry":{"type":"Point","coordinates":[-90.05835,29.89818]},"properties":{"probability":0.779,"inBuffer":true,"facType":"government"}},{"type":"Feature","geometry":{"type":"Point","coordinates":[-90.05386,29.89818]},"properties":{"probability":0.753,"inBuffer":true,"facType":"fire"}},{"type":"Feature","geometry":{"type":"Point","coordinates":[-90.04937,29.89818]},"properties":{"probability":0.754,"inBuffer":true,"facType":"fire"}},{"type":"Feature","geometry":{"type":"Point","coordinates":[-90.04488,29.89818]},"properties":{"probability":0.783,"inBuffer":true,"facType":"fire"}},{"type":"Feature","geometry":{"type":"Point","coordinates":[-90.04039,29.89818]},"properties":{"probability":0.735,"inBuffer":true,"facType":"fire"}},{"type":"Feature","geometry":{"type":"Point","coordinates":[-90.0359,29.89818]},"properties":{"probability":0.732,"inBuffer":false,"facType":"fire"}},{"type":"Feature","geometry":{"type":"Point","coordinates":[-90.0314,29.89818]},"properties":{"probability":0.753,"inBuffer":false,"facType":"fire"}},{"type":"Feature","geometry":{"type":"Point","coordinates":[-90.02691,29.89818]},"properties":{"probability":0.732,"inBuffer":true,"facType":"fire"}},{"type":"Feature","geometry":{"type":"Point","coordinates":[-90.02242,29.89818]},"properties":{"probability":0.748,"inBuffer":true,"facType":"fire"}},{"type":"Feature","geometry":{"type":"Point","coordinates":[-90.01793,29.89818]},"properties":{"probability":0.781,"inBuffer":true,"facType":"fire"}},{"type":"Feature","geometry":{"type":"Point","coordinates":[-90.01344,29.89818]},"properties":{"probability":0.741,"inBuffer":false,"facType":"fire"}},{"type":"Feature","geometry":{"type":"Point","coordinates":[-90.00895,29.89818]},"properties":{"probability":0.551,"inBuffer":false,"facType":"fire"}},{"type":"Feature","geometry":{"type":"Point","coordinates":[-90.00446,29.89818]},"properties":{"probability":0.295,"inBuffer":false,"facType":"fire"}},{"type":"Feature","geometry":{"type":"Point","coordinates":[-89.99996,29.89818]},"properties":{"probability":0.449,"inBuffer":false,"facType":"fire"}},{"type":"Feature","geometry":{"type":"Point","coordinates":[-89.99547,29.89818]},"properties":{"probability":0.288,"inBuffer":false,"facType":"fire"}},{"type":"Feature","geometry":{"type":"Point","coordinates":[-89.99098,29.89818]},"properties":{"probability":0.253,"inBuffer":false,"facType":"fire"}},{"type":"Feature","geometry":{"type":"Point","coordinates":[-89.98649,29.89818]},"properties":{"probability":0.356,"inBuffer":false,"facType":"fire"}},{"type":"Feature","geometry":{"type":"Point","coordinates":[-89.98199,29.89818]},"properties":{"probability":0.446,"inBuffer":false,"facType":"fire"}},{"type":"Feature","geometry":{"type":"Point","coordinates":[-89.9775,29.89818]},"properties":{"probability":0.369,"inBuffer":false,"facType":"fire"}},{"type":"Feature","geometry":{"type":"Point","coordinates":[-89.97301,29.89818]},"properties":{"probability":0.253,"inBuffer":false,"facType":"fire"}},{"type":"Feature","geometry":{"type":"Point","coordinates":[-89.96852,29.89818]},"properties":{"probability":0.203,"inBuffer":false,"facType":"substation"}},{"type":"Feature","geometry":{"type":"Point","coordinates":[-89.96403,29.89818]},"properties":{"probability":0.244,"inBuffer":false,"facType":"substation"}},{"type":"Feature","geometry":{"type":"Point","coordinates":[-89.95954,29.89818]},"properties":{"probability":0.247,"inBuffer":false,"facType":"substation"}},{"type":"Feature","geometry":{"type":"Point","coordinates":[-89.95505,29.89818]},"properties":{"probability":0.25,"inBuffer":false,"facType":"substation"}},{"type":"Feature","geometry":{"type":"Point","coordinates":[-89.95055,29.89818]},"properties":{"probability":0.263,"inBuffer":false,"facType":"substation"}},{"type":"Feature","geometry":{"type":"Point","coordinates":[-89.94606,29.89818]},"properties":{"probability":0.22,"inBuffer":false,"facType":"substation"}},{"type":"Feature","geometry":{"type":"Point","coordinates":[-89.94157,29.89818]},"properties":{"probability":0.224,"inBuffer":false,"facType":"substation"}},{"type":"Feature","geometry":{"type":"Point","coordinates":[-89.93708,29.89818]},"properties":{"probability":0.226,"inBuffer":false,"facType":"substation"}},{"type":"Feature","geometry":{"type":"Point","coordinates":[-89.91911,29.89818]},"properties":{"probability":0.24,"inBuffer":false,"facType":"substation"}},{"type":"Feature","geometry":{"type":"Point","coordinates":[-89.91462,29.89818]},"properties":{"probability":0.246,"inBuffer":false,"facType":"substation"}},{"type":"Feature","geometry":{"type":"Point","coordinates":[-89.91013,29.89818]},"properties":{"probability":0.287,"inBuffer":false,"facType":"substation"}},{"type":"Feature","geometry":{"type":"Point","coordinates":[-89.90564,29.89818]},"properties":{"probability":0.294,"inBuffer":false,"facType":"substation"}},{"type":"Feature","geometry":{"type":"Point","coordinates":[-89.90115,29.89818]},"properties":{"probability":0.388,"inBuffer":false,"facType":"substation"}},{"type":"Feature","geometry":{"type":"Point","coordinates":[-90.1931,29.89369]},"properties":{"probability":0.177,"inBuffer":false,"facType":"fire"}},{"type":"Feature","geometry":{"type":"Point","coordinates":[-90.18861,29.89369]},"properties":{"probability":0.184,"inBuffer":false,"facType":"fire"}},{"type":"Feature","geometry":{"type":"Point","coordinates":[-90.18412,29.89369]},"properties":{"probability":0.223,"inBuffer":false,"facType":"substation"}},{"type":"Feature","geometry":{"type":"Point","coordinates":[-90.17963,29.89369]},"properties":{"probability":0.218,"inBuffer":false,"facType":"substation"}},{"type":"Feature","geometry":{"type":"Point","coordinates":[-90.17513,29.89369]},"properties":{"probability":0.229,"inBuffer":false,"facType":"substation"}},{"type":"Feature","geometry":{"type":"Point","coordinates":[-90.17064,29.89369]},"properties":{"probability":0.218,"inBuffer":false,"facType":"substation"}},{"type":"Feature","geometry":{"type":"Point","coordinates":[-90.16615,29.89369]},"properties":{"probability":0.235,"inBuffer":false,"facType":"substation"}},{"type":"Feature","geometry":{"type":"Point","coordinates":[-90.16166,29.89369]},"properties":{"probability":0.261,"inBuffer":false,"facType":"substation"}},{"type":"Feature","geometry":{"type":"Point","coordinates":[-90.15717,29.89369]},"properties":{"probability":0.28,"inBuffer":false,"facType":"substation"}},{"type":"Feature","geometry":{"type":"Point","coordinates":[-90.15268,29.89369]},"properties":{"probability":0.443,"inBuffer":false,"facType":"substation"}},{"type":"Feature","geometry":{"type":"Point","coordinates":[-90.14819,29.89369]},"properties":{"probability":0.559,"inBuffer":false,"facType":"substation"}},{"type":"Feature","geometry":{"type":"Point","coordinates":[-90.14369,29.89369]},"properties":{"probability":0.678,"inBuffer":false,"facType":"substation"}},{"type":"Feature","geometry":{"type":"Point","coordinates":[-90.1392,29.89369]},"properties":{"probability":0.693,"inBuffer":false,"facType":"substation"}},{"type":"Feature","geometry":{"type":"Point","coordinates":[-90.13471,29.89369]},"properties":{"probability":0.735,"inBuffer":false,"facType":"substation"}},{"type":"Feature","geometry":{"type":"Point","coordinates":[-90.13022,29.89369]},"properties":{"probability":0.798,"inBuffer":false,"facType":"fire"}},{"type":"Feature","geometry":{"type":"Point","coordinates":[-90.12572,29.89369]},"properties":{"probability":0.801,"inBuffer":false,"facType":"fire"}},{"type":"Feature","geometry":{"type":"Point","coordinates":[-90.12124,29.89369]},"properties":{"probability":0.799,"inBuffer":false,"facType":"police"}},{"type":"Feature","geometry":{"type":"Point","coordinates":[-90.11674,29.89369]},"properties":{"probability":0.792,"inBuffer":true,"facType":"police"}},{"type":"Feature","geometry":{"type":"Point","coordinates":[-90.11225,29.89369]},"properties":{"probability":0.782,"inBuffer":true,"facType":"police"}},{"type":"Feature","geometry":{"type":"Point","coordinates":[-90.10776,29.89369]},"properties":{"probability":0.798,"inBuffer":true,"facType":"police"}},{"type":"Feature","geometry":{"type":"Point","coordinates":[-90.10327,29.89369]},"properties":{"probability":0.798,"inBuffer":false,"facType":"hospital"}},{"type":"Feature","geometry":{"type":"Point","coordinates":[-90.09878,29.89369]},"properties":{"probability":0.808,"inBuffer":true,"facType":"hospital"}},{"type":"Feature","geometry":{"type":"Point","coordinates":[-90.09428,29.89369]},"properties":{"probability":0.792,"inBuffer":true,"facType":"hospital"}},{"type":"Feature","geometry":{"type":"Point","coordinates":[-90.08979,29.89369]},"properties":{"probability":0.773,"inBuffer":true,"facType":"hospital"}},{"type":"Feature","geometry":{"type":"Point","coordinates":[-90.0853,29.89369]},"properties":{"probability":0.736,"inBuffer":false,"facType":"hospital"}},{"type":"Feature","geometry":{"type":"Point","coordinates":[-90.08081,29.89369]},"properties":{"probability":0.733,"inBuffer":false,"facType":"substation"}},{"type":"Feature","geometry":{"type":"Point","coordinates":[-90.07632,29.89369]},"properties":{"probability":0.734,"inBuffer":true,"facType":"government"}},{"type":"Feature","geometry":{"type":"Point","coordinates":[-90.07183,29.89369]},"properties":{"probability":0.705,"inBuffer":true,"facType":"airport"}},{"type":"Feature","geometry":{"type":"Point","coordinates":[-90.06734,29.89369]},"properties":{"probability":0.685,"inBuffer":true,"facType":"airport"}},{"type":"Feature","geometry":{"type":"Point","coordinates":[-90.06284,29.89369]},"properties":{"probability":0.717,"inBuffer":true,"facType":"airport"}},{"type":"Feature","geometry":{"type":"Point","coordinates":[-90.05835,29.89369]},"properties":{"probability":0.801,"inBuffer":false,"facType":"fire"}},{"type":"Feature","geometry":{"type":"Point","coordinates":[-90.05386,29.89369]},"properties":{"probability":0.689,"inBuffer":true,"facType":"fire"}},{"type":"Feature","geometry":{"type":"Point","coordinates":[-90.04937,29.89369]},"properties":{"probability":0.655,"inBuffer":true,"facType":"fire"}},{"type":"Feature","geometry":{"type":"Point","coordinates":[-90.04488,29.89369]},"properties":{"probability":0.669,"inBuffer":true,"facType":"fire"}},{"type":"Feature","geometry":{"type":"Point","coordinates":[-90.04039,29.89369]},"properties":{"probability":0.699,"inBuffer":false,"facType":"fire"}},{"type":"Feature","geometry":{"type":"Point","coordinates":[-90.0359,29.89369]},"properties":{"probability":0.756,"inBuffer":false,"facType":"fire"}},{"type":"Feature","geometry":{"type":"Point","coordinates":[-90.0314,29.89369]},"properties":{"probability":0.765,"inBuffer":false,"facType":"fire"}},{"type":"Feature","geometry":{"type":"Point","coordinates":[-90.02691,29.89369]},"properties":{"probability":0.689,"inBuffer":false,"facType":"fire"}},{"type":"Feature","geometry":{"type":"Point","coordinates":[-90.02242,29.89369]},"properties":{"probability":0.705,"inBuffer":true,"facType":"fire"}},{"type":"Feature","geometry":{"type":"Point","coordinates":[-90.01793,29.89369]},"properties":{"probability":0.793,"inBuffer":false,"facType":"fire"}},{"type":"Feature","geometry":{"type":"Point","coordinates":[-90.01344,29.89369]},"properties":{"probability":0.786,"inBuffer":false,"facType":"fire"}},{"type":"Feature","geometry":{"type":"Point","coordinates":[-90.00895,29.89369]},"properties":{"probability":0.51,"inBuffer":false,"facType":"fire"}},{"type":"Feature","geometry":{"type":"Point","coordinates":[-90.00446,29.89369]},"properties":{"probability":0.241,"inBuffer":false,"facType":"fire"}},{"type":"Feature","geometry":{"type":"Point","coordinates":[-89.99996,29.89369]},"properties":{"probability":0.321,"inBuffer":false,"facType":"substation"}},{"type":"Feature","geometry":{"type":"Point","coordinates":[-89.99547,29.89369]},"properties":{"probability":0.209,"inBuffer":false,"facType":"fire"}},{"type":"Feature","geometry":{"type":"Point","coordinates":[-89.99098,29.89369]},"properties":{"probability":0.219,"inBuffer":false,"facType":"fire"}},{"type":"Feature","geometry":{"type":"Point","coordinates":[-89.98649,29.89369]},"properties":{"probability":0.254,"inBuffer":false,"facType":"fire"}},{"type":"Feature","geometry":{"type":"Point","coordinates":[-89.98199,29.89369]},"properties":{"probability":0.299,"inBuffer":false,"facType":"fire"}},{"type":"Feature","geometry":{"type":"Point","coordinates":[-89.9775,29.89369]},"properties":{"probability":0.426,"inBuffer":false,"facType":"fire"}},{"type":"Feature","geometry":{"type":"Point","coordinates":[-89.97301,29.89369]},"properties":{"probability":0.288,"inBuffer":false,"facType":"fire"}},{"type":"Feature","geometry":{"type":"Point","coordinates":[-89.96852,29.89369]},"properties":{"probability":0.206,"inBuffer":false,"facType":"fire"}},{"type":"Feature","geometry":{"type":"Point","coordinates":[-89.96403,29.89369]},"properties":{"probability":0.276,"inBuffer":false,"facType":"substation"}},{"type":"Feature","geometry":{"type":"Point","coordinates":[-89.95954,29.89369]},"properties":{"probability":0.32,"inBuffer":false,"facType":"substation"}},{"type":"Feature","geometry":{"type":"Point","coordinates":[-89.94606,29.89369]},"properties":{"probability":0.293,"inBuffer":false,"facType":"substation"}},{"type":"Feature","geometry":{"type":"Point","coordinates":[-89.93708,29.89369]},"properties":{"probability":0.272,"inBuffer":false,"facType":"substation"}},{"type":"Feature","geometry":{"type":"Point","coordinates":[-89.91462,29.89369]},"properties":{"probability":0.204,"inBuffer":false,"facType":"substation"}},{"type":"Feature","geometry":{"type":"Point","coordinates":[-89.91013,29.89369]},"properties":{"probability":0.353,"inBuffer":false,"facType":"substation"}},{"type":"Feature","geometry":{"type":"Point","coordinates":[-89.90564,29.89369]},"properties":{"probability":0.275,"inBuffer":false,"facType":"substation"}},{"type":"Feature","geometry":{"type":"Point","coordinates":[-89.90115,29.89369]},"properties":{"probability":0.273,"inBuffer":false,"facType":"substation"}},{"type":"Feature","geometry":{"type":"Point","coordinates":[-90.19759,29.88919]},"properties":{"probability":0.185,"inBuffer":false,"facType":"fire"}},{"type":"Feature","geometry":{"type":"Point","coordinates":[-90.1931,29.88919]},"properties":{"probability":0.191,"inBuffer":false,"facType":"fire"}},{"type":"Feature","geometry":{"type":"Point","coordinates":[-90.18861,29.88919]},"properties":{"probability":0.21,"inBuffer":false,"facType":"substation"}},{"type":"Feature","geometry":{"type":"Point","coordinates":[-90.17963,29.88919]},"properties":{"probability":0.217,"inBuffer":false,"facType":"substation"}},{"type":"Feature","geometry":{"type":"Point","coordinates":[-90.17513,29.88919]},"properties":{"probability":0.217,"inBuffer":false,"facType":"substation"}},{"type":"Feature","geometry":{"type":"Point","coordinates":[-90.17064,29.88919]},"properties":{"probability":0.199,"inBuffer":false,"facType":"substation"}},{"type":"Feature","geometry":{"type":"Point","coordinates":[-90.16615,29.88919]},"properties":{"probability":0.268,"inBuffer":false,"facType":"substation"}},{"type":"Feature","geometry":{"type":"Point","coordinates":[-90.16166,29.88919]},"properties":{"probability":0.221,"inBuffer":false,"facType":"substation"}},{"type":"Feature","geometry":{"type":"Point","coordinates":[-90.15717,29.88919]},"properties":{"probability":0.206,"inBuffer":false,"facType":"substation"}},{"type":"Feature","geometry":{"type":"Point","coordinates":[-90.15268,29.88919]},"properties":{"probability":0.176,"inBuffer":false,"facType":"substation"}},{"type":"Feature","geometry":{"type":"Point","coordinates":[-90.14819,29.88919]},"properties":{"probability":0.262,"inBuffer":false,"facType":"substation"}},{"type":"Feature","geometry":{"type":"Point","coordinates":[-90.14369,29.88919]},"properties":{"probability":0.489,"inBuffer":false,"facType":"substation"}},{"type":"Feature","geometry":{"type":"Point","coordinates":[-90.1392,29.88919]},"properties":{"probability":0.594,"inBuffer":false,"facType":"substation"}},{"type":"Feature","geometry":{"type":"Point","coordinates":[-90.13471,29.88919]},"properties":{"probability":0.677,"inBuffer":true,"facType":"fire"}},{"type":"Feature","geometry":{"type":"Point","coordinates":[-90.13022,29.88919]},"properties":{"probability":0.736,"inBuffer":true,"facType":"fire"}},{"type":"Feature","geometry":{"type":"Point","coordinates":[-90.12572,29.88919]},"properties":{"probability":0.798,"inBuffer":true,"facType":"fire"}},{"type":"Feature","geometry":{"type":"Point","coordinates":[-90.12124,29.88919]},"properties":{"probability":0.786,"inBuffer":false,"facType":"fire"}},{"type":"Feature","geometry":{"type":"Point","coordinates":[-90.11674,29.88919]},"properties":{"probability":0.769,"inBuffer":true,"facType":"police"}},{"type":"Feature","geometry":{"type":"Point","coordinates":[-90.11225,29.88919]},"properties":{"probability":0.76,"inBuffer":true,"facType":"police"}},{"type":"Feature","geometry":{"type":"Point","coordinates":[-90.10776,29.88919]},"properties":{"probability":0.771,"inBuffer":true,"facType":"police"}},{"type":"Feature","geometry":{"type":"Point","coordinates":[-90.10327,29.88919]},"properties":{"probability":0.786,"inBuffer":false,"facType":"police"}},{"type":"Feature","geometry":{"type":"Point","coordinates":[-90.09878,29.88919]},"properties":{"probability":0.797,"inBuffer":true,"facType":"hospital"}},{"type":"Feature","geometry":{"type":"Point","coordinates":[-90.09428,29.88919]},"properties":{"probability":0.792,"inBuffer":true,"facType":"hospital"}},{"type":"Feature","geometry":{"type":"Point","coordinates":[-90.08979,29.88919]},"properties":{"probability":0.71,"inBuffer":true,"facType":"hospital"}},{"type":"Feature","geometry":{"type":"Point","coordinates":[-90.0853,29.88919]},"properties":{"probability":0.686,"inBuffer":false,"facType":"substation"}},{"type":"Feature","geometry":{"type":"Point","coordinates":[-90.08081,29.88919]},"properties":{"probability":0.705,"inBuffer":false,"facType":"substation"}},{"type":"Feature","geometry":{"type":"Point","coordinates":[-90.07632,29.88919]},"properties":{"probability":0.732,"inBuffer":false,"facType":"substation"}},{"type":"Feature","geometry":{"type":"Point","coordinates":[-90.07183,29.88919]},"properties":{"probability":0.695,"inBuffer":false,"facType":"substation"}},{"type":"Feature","geometry":{"type":"Point","coordinates":[-90.06734,29.88919]},"properties":{"probability":0.678,"inBuffer":false,"facType":"substation"}},{"type":"Feature","geometry":{"type":"Point","coordinates":[-90.06284,29.88919]},"properties":{"probability":0.637,"inBuffer":false,"facType":"airport"}},{"type":"Feature","geometry":{"type":"Point","coordinates":[-90.05835,29.88919]},"properties":{"probability":0.733,"inBuffer":false,"facType":"fire"}},{"type":"Feature","geometry":{"type":"Point","coordinates":[-90.05386,29.88919]},"properties":{"probability":0.698,"inBuffer":false,"facType":"fire"}},{"type":"Feature","geometry":{"type":"Point","coordinates":[-90.04937,29.88919]},"properties":{"probability":0.536,"inBuffer":false,"facType":"fire"}},{"type":"Feature","geometry":{"type":"Point","coordinates":[-90.04488,29.88919]},"properties":{"probability":0.589,"inBuffer":false,"facType":"fire"}},{"type":"Feature","geometry":{"type":"Point","coordinates":[-90.04039,29.88919]},"properties":{"probability":0.713,"inBuffer":false,"facType":"fire"}},{"type":"Feature","geometry":{"type":"Point","coordinates":[-90.0359,29.88919]},"properties":{"probability":0.797,"inBuffer":true,"facType":"fire"}},{"type":"Feature","geometry":{"type":"Point","coordinates":[-90.0314,29.88919]},"properties":{"probability":0.794,"inBuffer":true,"facType":"fire"}},{"type":"Feature","geometry":{"type":"Point","coordinates":[-90.02691,29.88919]},"properties":{"probability":0.735,"inBuffer":true,"facType":"hospital"}},{"type":"Feature","geometry":{"type":"Point","coordinates":[-90.02242,29.88919]},"properties":{"probability":0.707,"inBuffer":true,"facType":"substation"}},{"type":"Feature","geometry":{"type":"Point","coordinates":[-90.01793,29.88919]},"properties":{"probability":0.699,"inBuffer":false,"facType":"substation"}},{"type":"Feature","geometry":{"type":"Point","coordinates":[-90.01344,29.88919]},"properties":{"probability":0.681,"inBuffer":false,"facType":"substation"}},{"type":"Feature","geometry":{"type":"Point","coordinates":[-90.00895,29.88919]},"properties":{"probability":0.359,"inBuffer":false,"facType":"substation"}},{"type":"Feature","geometry":{"type":"Point","coordinates":[-90.00446,29.88919]},"properties":{"probability":0.225,"inBuffer":false,"facType":"substation"}},{"type":"Feature","geometry":{"type":"Point","coordinates":[-89.99996,29.88919]},"properties":{"probability":0.255,"inBuffer":false,"facType":"substation"}},{"type":"Feature","geometry":{"type":"Point","coordinates":[-89.99547,29.88919]},"properties":{"probability":0.327,"inBuffer":false,"facType":"substation"}},{"type":"Feature","geometry":{"type":"Point","coordinates":[-89.99098,29.88919]},"properties":{"probability":0.339,"inBuffer":false,"facType":"fire"}},{"type":"Feature","geometry":{"type":"Point","coordinates":[-89.98649,29.88919]},"properties":{"probability":0.229,"inBuffer":false,"facType":"fire"}},{"type":"Feature","geometry":{"type":"Point","coordinates":[-89.98199,29.88919]},"properties":{"probability":0.261,"inBuffer":false,"facType":"fire"}},{"type":"Feature","geometry":{"type":"Point","coordinates":[-89.9775,29.88919]},"properties":{"probability":0.328,"inBuffer":false,"facType":"fire"}},{"type":"Feature","geometry":{"type":"Point","coordinates":[-89.97301,29.88919]},"properties":{"probability":0.214,"inBuffer":false,"facType":"substation"}},{"type":"Feature","geometry":{"type":"Point","coordinates":[-89.96852,29.88919]},"properties":{"probability":0.243,"inBuffer":false,"facType":"substation"}},{"type":"Feature","geometry":{"type":"Point","coordinates":[-89.96403,29.88919]},"properties":{"probability":0.248,"inBuffer":false,"facType":"substation"}},{"type":"Feature","geometry":{"type":"Point","coordinates":[-89.95954,29.88919]},"properties":{"probability":0.27,"inBuffer":false,"facType":"substation"}},{"type":"Feature","geometry":{"type":"Point","coordinates":[-89.95505,29.88919]},"properties":{"probability":0.221,"inBuffer":false,"facType":"substation"}},{"type":"Feature","geometry":{"type":"Point","coordinates":[-89.91013,29.88919]},"properties":{"probability":0.225,"inBuffer":false,"facType":"substation"}},{"type":"Feature","geometry":{"type":"Point","coordinates":[-89.90564,29.88919]},"properties":{"probability":0.223,"inBuffer":false,"facType":"substation"}},{"type":"Feature","geometry":{"type":"Point","coordinates":[-89.90115,29.88919]},"properties":{"probability":0.203,"inBuffer":false,"facType":"substation"}},{"type":"Feature","geometry":{"type":"Point","coordinates":[-90.17963,29.8847]},"properties":{"probability":0.212,"inBuffer":false,"facType":"substation"}},{"type":"Feature","geometry":{"type":"Point","coordinates":[-90.17513,29.8847]},"properties":{"probability":0.219,"inBuffer":false,"facType":"substation"}},{"type":"Feature","geometry":{"type":"Point","coordinates":[-90.17064,29.8847]},"properties":{"probability":0.263,"inBuffer":false,"facType":"substation"}},{"type":"Feature","geometry":{"type":"Point","coordinates":[-90.16615,29.8847]},"properties":{"probability":0.205,"inBuffer":false,"facType":"substation"}},{"type":"Feature","geometry":{"type":"Point","coordinates":[-90.15268,29.8847]},"properties":{"probability":0.214,"inBuffer":false,"facType":"substation"}},{"type":"Feature","geometry":{"type":"Point","coordinates":[-90.14819,29.8847]},"properties":{"probability":0.249,"inBuffer":false,"facType":"substation"}},{"type":"Feature","geometry":{"type":"Point","coordinates":[-90.14369,29.8847]},"properties":{"probability":0.201,"inBuffer":false,"facType":"substation"}},{"type":"Feature","geometry":{"type":"Point","coordinates":[-90.1392,29.8847]},"properties":{"probability":0.293,"inBuffer":false,"facType":"fire"}},{"type":"Feature","geometry":{"type":"Point","coordinates":[-90.13471,29.8847]},"properties":{"probability":0.479,"inBuffer":true,"facType":"fire"}},{"type":"Feature","geometry":{"type":"Point","coordinates":[-90.13022,29.8847]},"properties":{"probability":0.69,"inBuffer":true,"facType":"fire"}},{"type":"Feature","geometry":{"type":"Point","coordinates":[-90.12572,29.8847]},"properties":{"probability":0.696,"inBuffer":true,"facType":"fire"}},{"type":"Feature","geometry":{"type":"Point","coordinates":[-90.12124,29.8847]},"properties":{"probability":0.652,"inBuffer":true,"facType":"fire"}},{"type":"Feature","geometry":{"type":"Point","coordinates":[-90.11674,29.8847]},"properties":{"probability":0.685,"inBuffer":true,"facType":"police"}},{"type":"Feature","geometry":{"type":"Point","coordinates":[-90.11225,29.8847]},"properties":{"probability":0.694,"inBuffer":true,"facType":"police"}},{"type":"Feature","geometry":{"type":"Point","coordinates":[-90.10776,29.8847]},"properties":{"probability":0.685,"inBuffer":true,"facType":"police"}},{"type":"Feature","geometry":{"type":"Point","coordinates":[-90.10327,29.8847]},"properties":{"probability":0.713,"inBuffer":false,"facType":"police"}},{"type":"Feature","geometry":{"type":"Point","coordinates":[-90.09878,29.8847]},"properties":{"probability":0.773,"inBuffer":false,"facType":"hospital"}},{"type":"Feature","geometry":{"type":"Point","coordinates":[-90.09428,29.8847]},"properties":{"probability":0.754,"inBuffer":false,"facType":"hospital"}},{"type":"Feature","geometry":{"type":"Point","coordinates":[-90.08979,29.8847]},"properties":{"probability":0.679,"inBuffer":false,"facType":"hospital"}},{"type":"Feature","geometry":{"type":"Point","coordinates":[-90.0853,29.8847]},"properties":{"probability":0.678,"inBuffer":false,"facType":"substation"}},{"type":"Feature","geometry":{"type":"Point","coordinates":[-90.08081,29.8847]},"properties":{"probability":0.688,"inBuffer":false,"facType":"substation"}},{"type":"Feature","geometry":{"type":"Point","coordinates":[-90.07632,29.8847]},"properties":{"probability":0.693,"inBuffer":false,"facType":"substation"}},{"type":"Feature","geometry":{"type":"Point","coordinates":[-90.07183,29.8847]},"properties":{"probability":0.673,"inBuffer":false,"facType":"substation"}},{"type":"Feature","geometry":{"type":"Point","coordinates":[-90.06734,29.8847]},"properties":{"probability":0.643,"inBuffer":false,"facType":"substation"}},{"type":"Feature","geometry":{"type":"Point","coordinates":[-90.06284,29.8847]},"properties":{"probability":0.497,"inBuffer":false,"facType":"fire"}},{"type":"Feature","geometry":{"type":"Point","coordinates":[-90.05835,29.8847]},"properties":{"probability":0.62,"inBuffer":false,"facType":"fire"}},{"type":"Feature","geometry":{"type":"Point","coordinates":[-90.05386,29.8847]},"properties":{"probability":0.698,"inBuffer":false,"facType":"fire"}},{"type":"Feature","geometry":{"type":"Point","coordinates":[-90.04937,29.8847]},"properties":{"probability":0.686,"inBuffer":false,"facType":"fire"}},{"type":"Feature","geometry":{"type":"Point","coordinates":[-90.04488,29.8847]},"properties":{"probability":0.601,"inBuffer":false,"facType":"fire"}},{"type":"Feature","geometry":{"type":"Point","coordinates":[-90.04039,29.8847]},"properties":{"probability":0.647,"inBuffer":false,"facType":"fire"}},{"type":"Feature","geometry":{"type":"Point","coordinates":[-90.0359,29.8847]},"properties":{"probability":0.754,"inBuffer":true,"facType":"fire"}},{"type":"Feature","geometry":{"type":"Point","coordinates":[-90.0314,29.8847]},"properties":{"probability":0.803,"inBuffer":true,"facType":"fire"}},{"type":"Feature","geometry":{"type":"Point","coordinates":[-90.02691,29.8847]},"properties":{"probability":0.798,"inBuffer":true,"facType":"hospital"}},{"type":"Feature","geometry":{"type":"Point","coordinates":[-90.02242,29.8847]},"properties":{"probability":0.777,"inBuffer":true,"facType":"substation"}},{"type":"Feature","geometry":{"type":"Point","coordinates":[-90.01793,29.8847]},"properties":{"probability":0.694,"inBuffer":false,"facType":"substation"}},{"type":"Feature","geometry":{"type":"Point","coordinates":[-90.01344,29.8847]},"properties":{"probability":0.391,"inBuffer":false,"facType":"substation"}},{"type":"Feature","geometry":{"type":"Point","coordinates":[-90.00895,29.8847]},"properties":{"probability":0.216,"inBuffer":false,"facType":"substation"}},{"type":"Feature","geometry":{"type":"Point","coordinates":[-90.00446,29.8847]},"properties":{"probability":0.241,"inBuffer":false,"facType":"substation"}},{"type":"Feature","geometry":{"type":"Point","coordinates":[-89.99996,29.8847]},"properties":{"probability":0.265,"inBuffer":false,"facType":"substation"}},{"type":"Feature","geometry":{"type":"Point","coordinates":[-89.99547,29.8847]},"properties":{"probability":0.491,"inBuffer":false,"facType":"substation"}},{"type":"Feature","geometry":{"type":"Point","coordinates":[-89.99098,29.8847]},"properties":{"probability":0.489,"inBuffer":false,"facType":"police"}},{"type":"Feature","geometry":{"type":"Point","coordinates":[-89.98649,29.8847]},"properties":{"probability":0.308,"inBuffer":false,"facType":"police"}},{"type":"Feature","geometry":{"type":"Point","coordinates":[-89.98199,29.8847]},"properties":{"probability":0.21,"inBuffer":false,"facType":"substation"}},{"type":"Feature","geometry":{"type":"Point","coordinates":[-89.9775,29.8847]},"properties":{"probability":0.207,"inBuffer":false,"facType":"substation"}},{"type":"Feature","geometry":{"type":"Point","coordinates":[-89.97301,29.8847]},"properties":{"probability":0.205,"inBuffer":false,"facType":"substation"}},{"type":"Feature","geometry":{"type":"Point","coordinates":[-89.96852,29.8847]},"properties":{"probability":0.241,"inBuffer":false,"facType":"substation"}},{"type":"Feature","geometry":{"type":"Point","coordinates":[-89.96403,29.8847]},"properties":{"probability":0.237,"inBuffer":false,"facType":"substation"}},{"type":"Feature","geometry":{"type":"Point","coordinates":[-89.95954,29.8847]},"properties":{"probability":0.338,"inBuffer":false,"facType":"substation"}},{"type":"Feature","geometry":{"type":"Point","coordinates":[-89.95505,29.8847]},"properties":{"probability":0.257,"inBuffer":false,"facType":"substation"}},{"type":"Feature","geometry":{"type":"Point","coordinates":[-89.95055,29.8847]},"properties":{"probability":0.168,"inBuffer":false,"facType":"substation"}},{"type":"Feature","geometry":{"type":"Point","coordinates":[-89.91013,29.8847]},"properties":{"probability":0.245,"inBuffer":false,"facType":"substation"}},{"type":"Feature","geometry":{"type":"Point","coordinates":[-89.90564,29.8847]},"properties":{"probability":0.216,"inBuffer":false,"facType":"substation"}},{"type":"Feature","geometry":{"type":"Point","coordinates":[-89.90115,29.8847]},"properties":{"probability":0.353,"inBuffer":false,"facType":"substation"}},{"type":"Feature","geometry":{"type":"Point","coordinates":[-90.17064,29.88021]},"properties":{"probability":0.265,"inBuffer":false,"facType":"substation"}},{"type":"Feature","geometry":{"type":"Point","coordinates":[-90.16615,29.88021]},"properties":{"probability":0.191,"inBuffer":false,"facType":"substation"}},{"type":"Feature","geometry":{"type":"Point","coordinates":[-90.1392,29.88021]},"properties":{"probability":0.248,"inBuffer":false,"facType":"fire"}},{"type":"Feature","geometry":{"type":"Point","coordinates":[-90.13471,29.88021]},"properties":{"probability":0.488,"inBuffer":false,"facType":"fire"}},{"type":"Feature","geometry":{"type":"Point","coordinates":[-90.13022,29.88021]},"properties":{"probability":0.689,"inBuffer":true,"facType":"fire"}},{"type":"Feature","geometry":{"type":"Point","coordinates":[-90.12572,29.88021]},"properties":{"probability":0.712,"inBuffer":true,"facType":"fire"}},{"type":"Feature","geometry":{"type":"Point","coordinates":[-90.12124,29.88021]},"properties":{"probability":0.686,"inBuffer":false,"facType":"police"}},{"type":"Feature","geometry":{"type":"Point","coordinates":[-90.11674,29.88021]},"properties":{"probability":0.702,"inBuffer":true,"facType":"police"}},{"type":"Feature","geometry":{"type":"Point","coordinates":[-90.11225,29.88021]},"properties":{"probability":0.69,"inBuffer":true,"facType":"police"}},{"type":"Feature","geometry":{"type":"Point","coordinates":[-90.10776,29.88021]},"properties":{"probability":0.701,"inBuffer":true,"facType":"police"}},{"type":"Feature","geometry":{"type":"Point","coordinates":[-90.10327,29.88021]},"properties":{"probability":0.736,"inBuffer":false,"facType":"police"}},{"type":"Feature","geometry":{"type":"Point","coordinates":[-90.09878,29.88021]},"properties":{"probability":0.777,"inBuffer":false,"facType":"hospital"}},{"type":"Feature","geometry":{"type":"Point","coordinates":[-90.09428,29.88021]},"properties":{"probability":0.766,"inBuffer":false,"facType":"hospital"}},{"type":"Feature","geometry":{"type":"Point","coordinates":[-90.08979,29.88021]},"properties":{"probability":0.735,"inBuffer":false,"facType":"substation"}},{"type":"Feature","geometry":{"type":"Point","coordinates":[-90.0853,29.88021]},"properties":{"probability":0.721,"inBuffer":false,"facType":"substation"}},{"type":"Feature","geometry":{"type":"Point","coordinates":[-90.08081,29.88021]},"properties":{"probability":0.689,"inBuffer":false,"facType":"substation"}},{"type":"Feature","geometry":{"type":"Point","coordinates":[-90.07632,29.88021]},"properties":{"probability":0.686,"inBuffer":false,"facType":"substation"}},{"type":"Feature","geometry":{"type":"Point","coordinates":[-90.07183,29.88021]},"properties":{"probability":0.692,"inBuffer":false,"facType":"substation"}},{"type":"Feature","geometry":{"type":"Point","coordinates":[-90.06734,29.88021]},"properties":{"probability":0.686,"inBuffer":false,"facType":"substation"}},{"type":"Feature","geometry":{"type":"Point","coordinates":[-90.06284,29.88021]},"properties":{"probability":0.484,"inBuffer":false,"facType":"fire"}},{"type":"Feature","geometry":{"type":"Point","coordinates":[-90.05835,29.88021]},"properties":{"probability":0.491,"inBuffer":false,"facType":"fire"}},{"type":"Feature","geometry":{"type":"Point","coordinates":[-90.05386,29.88021]},"properties":{"probability":0.793,"inBuffer":false,"facType":"fire"}},{"type":"Feature","geometry":{"type":"Point","coordinates":[-90.04937,29.88021]},"properties":{"probability":0.787,"inBuffer":false,"facType":"fire"}},{"type":"Feature","geometry":{"type":"Point","coordinates":[-90.04488,29.88021]},"properties":{"probability":0.702,"inBuffer":false,"facType":"fire"}},{"type":"Feature","geometry":{"type":"Point","coordinates":[-90.04039,29.88021]},"properties":{"probability":0.643,"inBuffer":false,"facType":"fire"}},{"type":"Feature","geometry":{"type":"Point","coordinates":[-90.0359,29.88021]},"properties":{"probability":0.744,"inBuffer":true,"facType":"fire"}},{"type":"Feature","geometry":{"type":"Point","coordinates":[-90.0314,29.88021]},"properties":{"probability":0.793,"inBuffer":true,"facType":"fire"}},{"type":"Feature","geometry":{"type":"Point","coordinates":[-90.02691,29.88021]},"properties":{"probability":0.797,"inBuffer":true,"facType":"hospital"}},{"type":"Feature","geometry":{"type":"Point","coordinates":[-90.02242,29.88021]},"properties":{"probability":0.795,"inBuffer":true,"facType":"substation"}},{"type":"Feature","geometry":{"type":"Point","coordinates":[-90.01793,29.88021]},"properties":{"probability":0.701,"inBuffer":false,"facType":"substation"}},{"type":"Feature","geometry":{"type":"Point","coordinates":[-90.01344,29.88021]},"properties":{"probability":0.458,"inBuffer":false,"facType":"substation"}},{"type":"Feature","geometry":{"type":"Point","coordinates":[-90.00895,29.88021]},"properties":{"probability":0.259,"inBuffer":false,"facType":"substation"}},{"type":"Feature","geometry":{"type":"Point","coordinates":[-90.00446,29.88021]},"properties":{"probability":0.236,"inBuffer":false,"facType":"substation"}},{"type":"Feature","geometry":{"type":"Point","coordinates":[-89.99996,29.88021]},"properties":{"probability":0.216,"inBuffer":false,"facType":"substation"}},{"type":"Feature","geometry":{"type":"Point","coordinates":[-89.99547,29.88021]},"properties":{"probability":0.271,"inBuffer":false,"facType":"police"}},{"type":"Feature","geometry":{"type":"Point","coordinates":[-89.99098,29.88021]},"properties":{"probability":0.399,"inBuffer":false,"facType":"police"}},{"type":"Feature","geometry":{"type":"Point","coordinates":[-89.98649,29.88021]},"properties":{"probability":0.226,"inBuffer":false,"facType":"police"}},{"type":"Feature","geometry":{"type":"Point","coordinates":[-89.98199,29.88021]},"properties":{"probability":0.202,"inBuffer":false,"facType":"substation"}},{"type":"Feature","geometry":{"type":"Point","coordinates":[-89.9775,29.88021]},"properties":{"probability":0.2,"inBuffer":false,"facType":"substation"}},{"type":"Feature","geometry":{"type":"Point","coordinates":[-89.97301,29.88021]},"properties":{"probability":0.226,"inBuffer":false,"facType":"substation"}},{"type":"Feature","geometry":{"type":"Point","coordinates":[-89.96852,29.88021]},"properties":{"probability":0.231,"inBuffer":false,"facType":"substation"}},{"type":"Feature","geometry":{"type":"Point","coordinates":[-89.96403,29.88021]},"properties":{"probability":0.23,"inBuffer":false,"facType":"substation"}},{"type":"Feature","geometry":{"type":"Point","coordinates":[-89.95954,29.88021]},"properties":{"probability":0.218,"inBuffer":false,"facType":"substation"}},{"type":"Feature","geometry":{"type":"Point","coordinates":[-89.95505,29.88021]},"properties":{"probability":0.212,"inBuffer":false,"facType":"substation"}},{"type":"Feature","geometry":{"type":"Point","coordinates":[-89.95055,29.88021]},"properties":{"probability":0.248,"inBuffer":false,"facType":"substation"}},{"type":"Feature","geometry":{"type":"Point","coordinates":[-89.94606,29.88021]},"properties":{"probability":0.195,"inBuffer":false,"facType":"substation"}},{"type":"Feature","geometry":{"type":"Point","coordinates":[-89.91013,29.88021]},"properties":{"probability":0.289,"inBuffer":false,"facType":"substation"}},{"type":"Feature","geometry":{"type":"Point","coordinates":[-89.90564,29.88021]},"properties":{"probability":0.204,"inBuffer":false,"facType":"substation"}},{"type":"Feature","geometry":{"type":"Point","coordinates":[-89.90115,29.88021]},"properties":{"probability":0.326,"inBuffer":false,"facType":"substation"}},{"type":"Feature","geometry":{"type":"Point","coordinates":[-90.14369,29.87572]},"properties":{"probability":0.266,"inBuffer":false,"facType":"fire"}},{"type":"Feature","geometry":{"type":"Point","coordinates":[-90.1392,29.87572]},"properties":{"probability":0.199,"inBuffer":false,"facType":"fire"}},{"type":"Feature","geometry":{"type":"Point","coordinates":[-90.13471,29.87572]},"properties":{"probability":0.353,"inBuffer":false,"facType":"fire"}},{"type":"Feature","geometry":{"type":"Point","coordinates":[-90.13022,29.87572]},"properties":{"probability":0.482,"inBuffer":false,"facType":"fire"}},{"type":"Feature","geometry":{"type":"Point","coordinates":[-90.12572,29.87572]},"properties":{"probability":0.656,"inBuffer":false,"facType":"fire"}},{"type":"Feature","geometry":{"type":"Point","coordinates":[-90.12124,29.87572]},"properties":{"probability":0.683,"inBuffer":false,"facType":"police"}},{"type":"Feature","geometry":{"type":"Point","coordinates":[-90.11674,29.87572]},"properties":{"probability":0.708,"inBuffer":true,"facType":"police"}},{"type":"Feature","geometry":{"type":"Point","coordinates":[-90.11225,29.87572]},"properties":{"probability":0.769,"inBuffer":true,"facType":"police"}},{"type":"Feature","geometry":{"type":"Point","coordinates":[-90.10776,29.87572]},"properties":{"probability":0.763,"inBuffer":true,"facType":"police"}},{"type":"Feature","geometry":{"type":"Point","coordinates":[-90.10327,29.87572]},"properties":{"probability":0.797,"inBuffer":false,"facType":"police"}},{"type":"Feature","geometry":{"type":"Point","coordinates":[-90.09878,29.87572]},"properties":{"probability":0.795,"inBuffer":false,"facType":"fire"}},{"type":"Feature","geometry":{"type":"Point","coordinates":[-90.09428,29.87572]},"properties":{"probability":0.81,"inBuffer":false,"facType":"fire"}},{"type":"Feature","geometry":{"type":"Point","coordinates":[-90.08979,29.87572]},"properties":{"probability":0.849,"inBuffer":false,"facType":"substation"}},{"type":"Feature","geometry":{"type":"Point","coordinates":[-90.0853,29.87572]},"properties":{"probability":0.801,"inBuffer":false,"facType":"substation"}},{"type":"Feature","geometry":{"type":"Point","coordinates":[-90.08081,29.87572]},"properties":{"probability":0.746,"inBuffer":false,"facType":"substation"}},{"type":"Feature","geometry":{"type":"Point","coordinates":[-90.07632,29.87572]},"properties":{"probability":0.693,"inBuffer":false,"facType":"substation"}},{"type":"Feature","geometry":{"type":"Point","coordinates":[-90.07183,29.87572]},"properties":{"probability":0.683,"inBuffer":false,"facType":"substation"}},{"type":"Feature","geometry":{"type":"Point","coordinates":[-90.06734,29.87572]},"properties":{"probability":0.681,"inBuffer":false,"facType":"fire"}},{"type":"Feature","geometry":{"type":"Point","coordinates":[-90.06284,29.87572]},"properties":{"probability":0.635,"inBuffer":false,"facType":"fire"}},{"type":"Feature","geometry":{"type":"Point","coordinates":[-90.05835,29.87572]},"properties":{"probability":0.629,"inBuffer":true,"facType":"fire"}},{"type":"Feature","geometry":{"type":"Point","coordinates":[-90.05386,29.87572]},"properties":{"probability":0.795,"inBuffer":true,"facType":"fire"}},{"type":"Feature","geometry":{"type":"Point","coordinates":[-90.04937,29.87572]},"properties":{"probability":0.81,"inBuffer":true,"facType":"fire"}},{"type":"Feature","geometry":{"type":"Point","coordinates":[-90.04488,29.87572]},"properties":{"probability":0.799,"inBuffer":false,"facType":"fire"}},{"type":"Feature","geometry":{"type":"Point","coordinates":[-90.04039,29.87572]},"properties":{"probability":0.678,"inBuffer":false,"facType":"fire"}},{"type":"Feature","geometry":{"type":"Point","coordinates":[-90.0359,29.87572]},"properties":{"probability":0.734,"inBuffer":false,"facType":"fire"}},{"type":"Feature","geometry":{"type":"Point","coordinates":[-90.0314,29.87572]},"properties":{"probability":0.763,"inBuffer":false,"facType":"hospital"}},{"type":"Feature","geometry":{"type":"Point","coordinates":[-90.02691,29.87572]},"properties":{"probability":0.704,"inBuffer":true,"facType":"hospital"}},{"type":"Feature","geometry":{"type":"Point","coordinates":[-90.02242,29.87572]},"properties":{"probability":0.687,"inBuffer":true,"facType":"airport"}},{"type":"Feature","geometry":{"type":"Point","coordinates":[-90.01793,29.87572]},"properties":{"probability":0.695,"inBuffer":true,"facType":"airport"}},{"type":"Feature","geometry":{"type":"Point","coordinates":[-90.01344,29.87572]},"properties":{"probability":0.582,"inBuffer":true,"facType":"airport"}},{"type":"Feature","geometry":{"type":"Point","coordinates":[-90.00895,29.87572]},"properties":{"probability":0.444,"inBuffer":false,"facType":"airport"}},{"type":"Feature","geometry":{"type":"Point","coordinates":[-90.00446,29.87572]},"properties":{"probability":0.215,"inBuffer":false,"facType":"airport"}},{"type":"Feature","geometry":{"type":"Point","coordinates":[-89.99996,29.87572]},"properties":{"probability":0.258,"inBuffer":false,"facType":"police"}},{"type":"Feature","geometry":{"type":"Point","coordinates":[-89.99547,29.87572]},"properties":{"probability":0.219,"inBuffer":false,"facType":"police"}},{"type":"Feature","geometry":{"type":"Point","coordinates":[-89.99098,29.87572]},"properties":{"probability":0.191,"inBuffer":false,"facType":"police"}},{"type":"Feature","geometry":{"type":"Point","coordinates":[-89.98649,29.87572]},"properties":{"probability":0.174,"inBuffer":false,"facType":"police"}},{"type":"Feature","geometry":{"type":"Point","coordinates":[-89.98199,29.87572]},"properties":{"probability":0.192,"inBuffer":false,"facType":"substation"}},{"type":"Feature","geometry":{"type":"Point","coordinates":[-89.9775,29.87572]},"properties":{"probability":0.191,"inBuffer":false,"facType":"substation"}},{"type":"Feature","geometry":{"type":"Point","coordinates":[-89.97301,29.87572]},"properties":{"probability":0.274,"inBuffer":false,"facType":"substation"}},{"type":"Feature","geometry":{"type":"Point","coordinates":[-89.96852,29.87572]},"properties":{"probability":0.179,"inBuffer":false,"facType":"substation"}},{"type":"Feature","geometry":{"type":"Point","coordinates":[-89.96403,29.87572]},"properties":{"probability":0.203,"inBuffer":false,"facType":"substation"}},{"type":"Feature","geometry":{"type":"Point","coordinates":[-89.95954,29.87572]},"properties":{"probability":0.185,"inBuffer":false,"facType":"substation"}},{"type":"Feature","geometry":{"type":"Point","coordinates":[-89.95505,29.87572]},"properties":{"probability":0.224,"inBuffer":false,"facType":"substation"}},{"type":"Feature","geometry":{"type":"Point","coordinates":[-89.95055,29.87572]},"properties":{"probability":0.257,"inBuffer":false,"facType":"substation"}},{"type":"Feature","geometry":{"type":"Point","coordinates":[-89.94606,29.87572]},"properties":{"probability":0.274,"inBuffer":false,"facType":"substation"}},{"type":"Feature","geometry":{"type":"Point","coordinates":[-89.94157,29.87572]},"properties":{"probability":0.311,"inBuffer":false,"facType":"substation"}},{"type":"Feature","geometry":{"type":"Point","coordinates":[-89.90115,29.87572]},"properties":{"probability":0.22,"inBuffer":false,"facType":"substation"}},{"type":"Feature","geometry":{"type":"Point","coordinates":[-90.14369,29.87123]},"properties":{"probability":0.188,"inBuffer":false,"facType":"fire"}},{"type":"Feature","geometry":{"type":"Point","coordinates":[-90.1392,29.87123]},"properties":{"probability":0.205,"inBuffer":false,"facType":"fire"}},{"type":"Feature","geometry":{"type":"Point","coordinates":[-90.13471,29.87123]},"properties":{"probability":0.238,"inBuffer":false,"facType":"fire"}},{"type":"Feature","geometry":{"type":"Point","coordinates":[-90.13022,29.87123]},"properties":{"probability":0.248,"inBuffer":false,"facType":"fire"}},{"type":"Feature","geometry":{"type":"Point","coordinates":[-90.12572,29.87123]},"properties":{"probability":0.261,"inBuffer":false,"facType":"police"}},{"type":"Feature","geometry":{"type":"Point","coordinates":[-90.12124,29.87123]},"properties":{"probability":0.405,"inBuffer":false,"facType":"police"}},{"type":"Feature","geometry":{"type":"Point","coordinates":[-90.11674,29.87123]},"properties":{"probability":0.678,"inBuffer":false,"facType":"police"}},{"type":"Feature","geometry":{"type":"Point","coordinates":[-90.11225,29.87123]},"properties":{"probability":0.764,"inBuffer":false,"facType":"police"}},{"type":"Feature","geometry":{"type":"Point","coordinates":[-90.10776,29.87123]},"properties":{"probability":0.73,"inBuffer":false,"facType":"police"}},{"type":"Feature","geometry":{"type":"Point","coordinates":[-90.10327,29.87123]},"properties":{"probability":0.775,"inBuffer":false,"facType":"fire"}},{"type":"Feature","geometry":{"type":"Point","coordinates":[-90.09878,29.87123]},"properties":{"probability":0.787,"inBuffer":false,"facType":"fire"}},{"type":"Feature","geometry":{"type":"Point","coordinates":[-90.09428,29.87123]},"properties":{"probability":0.794,"inBuffer":false,"facType":"fire"}},{"type":"Feature","geometry":{"type":"Point","coordinates":[-90.08979,29.87123]},"properties":{"probability":0.853,"inBuffer":false,"facType":"fire"}},{"type":"Feature","geometry":{"type":"Point","coordinates":[-90.0853,29.87123]},"properties":{"probability":0.859,"inBuffer":false,"facType":"substation"}},{"type":"Feature","geometry":{"type":"Point","coordinates":[-90.08081,29.87123]},"properties":{"probability":0.791,"inBuffer":false,"facType":"substation"}},{"type":"Feature","geometry":{"type":"Point","coordinates":[-90.07632,29.87123]},"properties":{"probability":0.76,"inBuffer":false,"facType":"substation"}},{"type":"Feature","geometry":{"type":"Point","coordinates":[-90.07183,29.87123]},"properties":{"probability":0.691,"inBuffer":false,"facType":"substation"}},{"type":"Feature","geometry":{"type":"Point","coordinates":[-90.06734,29.87123]},"properties":{"probability":0.688,"inBuffer":false,"facType":"fire"}},{"type":"Feature","geometry":{"type":"Point","coordinates":[-90.06284,29.87123]},"properties":{"probability":0.684,"inBuffer":false,"facType":"fire"}},{"type":"Feature","geometry":{"type":"Point","coordinates":[-90.05835,29.87123]},"properties":{"probability":0.678,"inBuffer":true,"facType":"fire"}},{"type":"Feature","geometry":{"type":"Point","coordinates":[-90.05386,29.87123]},"properties":{"probability":0.769,"inBuffer":true,"facType":"fire"}},{"type":"Feature","geometry":{"type":"Point","coordinates":[-90.04937,29.87123]},"properties":{"probability":0.804,"inBuffer":true,"facType":"fire"}},{"type":"Feature","geometry":{"type":"Point","coordinates":[-90.04488,29.87123]},"properties":{"probability":0.721,"inBuffer":false,"facType":"fire"}},{"type":"Feature","geometry":{"type":"Point","coordinates":[-90.04039,29.87123]},"properties":{"probability":0.556,"inBuffer":false,"facType":"hospital"}},{"type":"Feature","geometry":{"type":"Point","coordinates":[-90.0359,29.87123]},"properties":{"probability":0.676,"inBuffer":false,"facType":"hospital"}},{"type":"Feature","geometry":{"type":"Point","coordinates":[-90.0314,29.87123]},"properties":{"probability":0.666,"inBuffer":true,"facType":"hospital"}},{"type":"Feature","geometry":{"type":"Point","coordinates":[-90.02691,29.87123]},"properties":{"probability":0.61,"inBuffer":true,"facType":"hospital"}},{"type":"Feature","geometry":{"type":"Point","coordinates":[-90.02242,29.87123]},"properties":{"probability":0.494,"inBuffer":true,"facType":"airport"}},{"type":"Feature","geometry":{"type":"Point","coordinates":[-90.01793,29.87123]},"properties":{"probability":0.624,"inBuffer":true,"facType":"airport"}},{"type":"Feature","geometry":{"type":"Point","coordinates":[-90.01344,29.87123]},"properties":{"probability":0.661,"inBuffer":true,"facType":"airport"}},{"type":"Feature","geometry":{"type":"Point","coordinates":[-90.00895,29.87123]},"properties":{"probability":0.558,"inBuffer":true,"facType":"airport"}},{"type":"Feature","geometry":{"type":"Point","coordinates":[-90.00446,29.87123]},"properties":{"probability":0.353,"inBuffer":false,"facType":"airport"}},{"type":"Feature","geometry":{"type":"Point","coordinates":[-89.99996,29.87123]},"properties":{"probability":0.269,"inBuffer":false,"facType":"police"}},{"type":"Feature","geometry":{"type":"Point","coordinates":[-89.99547,29.87123]},"properties":{"probability":0.212,"inBuffer":false,"facType":"police"}},{"type":"Feature","geometry":{"type":"Point","coordinates":[-89.99098,29.87123]},"properties":{"probability":0.209,"inBuffer":false,"facType":"police"}},{"type":"Feature","geometry":{"type":"Point","coordinates":[-89.98649,29.87123]},"properties":{"probability":0.206,"inBuffer":false,"facType":"government"}},{"type":"Feature","geometry":{"type":"Point","coordinates":[-89.98199,29.87123]},"properties":{"probability":0.19,"inBuffer":false,"facType":"government"}},{"type":"Feature","geometry":{"type":"Point","coordinates":[-89.9775,29.87123]},"properties":{"probability":0.25,"inBuffer":false,"facType":"substation"}},{"type":"Feature","geometry":{"type":"Point","coordinates":[-89.97301,29.87123]},"properties":{"probability":0.241,"inBuffer":false,"facType":"substation"}},{"type":"Feature","geometry":{"type":"Point","coordinates":[-89.96852,29.87123]},"properties":{"probability":0.215,"inBuffer":false,"facType":"substation"}},{"type":"Feature","geometry":{"type":"Point","coordinates":[-89.96403,29.87123]},"properties":{"probability":0.264,"inBuffer":false,"facType":"substation"}},{"type":"Feature","geometry":{"type":"Point","coordinates":[-89.95954,29.87123]},"properties":{"probability":0.215,"inBuffer":false,"facType":"substation"}},{"type":"Feature","geometry":{"type":"Point","coordinates":[-89.95505,29.87123]},"properties":{"probability":0.235,"inBuffer":false,"facType":"substation"}},{"type":"Feature","geometry":{"type":"Point","coordinates":[-89.95055,29.87123]},"properties":{"probability":0.362,"inBuffer":false,"facType":"substation"}},{"type":"Feature","geometry":{"type":"Point","coordinates":[-89.94606,29.87123]},"properties":{"probability":0.496,"inBuffer":false,"facType":"substation"}},{"type":"Feature","geometry":{"type":"Point","coordinates":[-89.94157,29.87123]},"properties":{"probability":0.327,"inBuffer":false,"facType":"substation"}},{"type":"Feature","geometry":{"type":"Point","coordinates":[-89.93708,29.87123]},"properties":{"probability":0.219,"inBuffer":false,"facType":"substation"}},{"type":"Feature","geometry":{"type":"Point","coordinates":[-89.90115,29.87123]},"properties":{"probability":0.254,"inBuffer":false,"facType":"substation"}}]}