{"type":"FeatureCollection","features":[{"type":"Feature","geometry":{"type":"Point","coordinates":[-122.38285,47.75946]},"properties":{"probability":0.161,"inBuffer":false,"facType":"government"}},{"type":"Feature","geometry":{"type":"Point","coordinates":[-122.37618,47.75942]},"properties":{"probability":0.168,"inBuffer":false,"facType":"government"}},{"type":"Feature","geometry":{"type":"Point","coordinates":[-122.36951,47.75938]},"properties":{"probability":0.188,"inBuffer":false,"facType":"government"}},{"type":"Feature","geometry":{"type":"Point","coordinates":[-122.36284,47.75935]},"properties":{"probability":0.302,"inBuffer":false,"facType":"government"}},{"type":"Feature","geometry":{"type":"Point","coordinates":[-122.35616,47.75931]},"properties":{"probability":0.382,"inBuffer":false,"facType":"government"}},{"type":"Feature","geometry":{"type":"Point","coordinates":[-122.34949,47.75927]},"properties":{"probability":0.602,"inBuffer":false,"facType":"government"}},{"type":"Feature","geometry":{"type":"Point","coordinates":[-122.34283,47.75924]},"properties":{"probability":0.564,"inBuffer":false,"facType":"government"}},{"type":"Feature","geometry":{"type":"Point","coordinates":[-122.33615,47.7592]},"properties":{"probability":0.315,"inBuffer":false,"facType":"government"}},{"type":"Feature","geometry":{"type":"Point","coordinates":[-122.32948,47.75916]},"properties":{"probability":0.317,"inBuffer":false,"facType":"government"}},{"type":"Feature","geometry":{"type":"Point","coordinates":[-122.32281,47.75912]},"properties":{"probability":0.343,"inBuffer":false,"facType":"government"}},{"type":"Feature","geometry":{"type":"Point","coordinates":[-122.31614,47.75908]},"properties":{"probability":0.415,"inBuffer":false,"facType":"government"}},{"type":"Feature","geometry":{"type":"Point","coordinates":[-122.30946,47.75904]},"properties":{"probability":0.375,"inBuffer":false,"facType":"government"}},{"type":"Feature","geometry":{"type":"Point","coordinates":[-122.3028,47.759]},"properties":{"probability":0.169,"inBuffer":false,"facType":"government"}},{"type":"Feature","geometry":{"type":"Point","coordinates":[-122.29613,47.75896]},"properties":{"probability":0.172,"inBuffer":false,"facType":"government"}},{"type":"Feature","geometry":{"type":"Point","coordinates":[-122.28945,47.75892]},"properties":{"probability":0.177,"inBuffer":false,"facType":"government"}},{"type":"Feature","geometry":{"type":"Point","coordinates":[-122.28278,47.75888]},"properties":{"probability":0.187,"inBuffer":false,"facType":"government"}},{"type":"Feature","geometry":{"type":"Point","coordinates":[-122.27611,47.75883]},"properties":{"probability":0.186,"inBuffer":false,"facType":"government"}},{"type":"Feature","geometry":{"type":"Point","coordinates":[-122.26944,47.75879]},"properties":{"probability":0.316,"inBuffer":true,"facType":"government"}},{"type":"Feature","geometry":{"type":"Point","coordinates":[-122.26276,47.75875]},"properties":{"probability":0.311,"inBuffer":true,"facType":"airport"}},{"type":"Feature","geometry":{"type":"Point","coordinates":[-122.2561,47.75871]},"properties":{"probability":0.574,"inBuffer":true,"facType":"government"}},{"type":"Feature","geometry":{"type":"Point","coordinates":[-122.24943,47.75866]},"properties":{"probability":0.643,"inBuffer":true,"facType":"government"}},{"type":"Feature","geometry":{"type":"Point","coordinates":[-122.24275,47.75862]},"properties":{"probability":0.5,"inBuffer":true,"facType":"government"}},{"type":"Feature","geometry":{"type":"Point","coordinates":[-122.23608,47.75858]},"properties":{"probability":0.315,"inBuffer":false,"facType":"government"}},{"type":"Feature","geometry":{"type":"Point","coordinates":[-122.22941,47.75853]},"properties":{"probability":0.212,"inBuffer":false,"facType":"substation"}},{"type":"Feature","geometry":{"type":"Point","coordinates":[-122.22274,47.75848]},"properties":{"probability":0.215,"inBuffer":false,"facType":"substation"}},{"type":"Feature","geometry":{"type":"Point","coordinates":[-122.21607,47.75844]},"properties":{"probability":0.558,"inBuffer":false,"facType":"substation"}},{"type":"Feature","geometry":{"type":"Point","coordinates":[-122.2094,47.7584]},"properties":{"probability":0.644,"inBuffer":false,"facType":"substation"}},{"type":"Feature","geometry":{"type":"Point","coordinates":[-122.20273,47.75835]},"properties":{"probability":0.612,"inBuffer":false,"facType":"substation"}},{"type":"Feature","geometry":{"type":"Point","coordinates":[-122.19605,47.7583]},"properties":{"probability":0.423,"inBuffer":false,"facType":"substation"}},{"type":"Feature","geometry":{"type":"Point","coordinates":[-122.18938,47.75826]},"properties":{"probability":0.346,"inBuffer":false,"facType":"substation"}},{"type":"Feature","geometry":{"type":"Point","coordinates":[-122.18272,47.75821]},"properties":{"probability":0.433,"inBuffer":false,"facType":"government"}},{"type":"Feature","geometry":{"type":"Point","coordinates":[-122.17604,47.75816]},"properties":{"probability":0.428,"inBuffer":false,"facType":"government"}},{"type":"Feature","geometry":{"type":"Point","coordinates":[-122.16937,47.75811]},"properties":{"probability":0.525,"inBuffer":false,"facType":"government"}},{"type":"Feature","geometry":{"type":"Point","coordinates":[-122.1627,47.75806]},"properties":{"probability":0.635,"inBuffer":false,"facType":"government"}},{"type":"Feature","geometry":{"type":"Point","coordinates":[-122.15603,47.75801]},"properties":{"probability":0.676,"inBuffer":false,"facType":"government"}},{"type":"Feature","geometry":{"type":"Point","coordinates":[-122.37624,47.75492]},"properties":{"probability":0.17,"inBuffer":false,"facType":"government"}},{"type":"Feature","geometry":{"type":"Point","coordinates":[-122.36956,47.75489]},"properties":{"probability":0.175,"inBuffer":false,"facType":"government"}},{"type":"Feature","geometry":{"type":"Point","coordinates":[-122.36289,47.75485]},"properties":{"probability":0.172,"inBuffer":false,"facType":"government"}},{"type":"Feature","geometry":{"type":"Point","coordinates":[-122.35622,47.75481]},"properties":{"probability":0.388,"inBuffer":false,"facType":"government"}},{"type":"Feature","geometry":{"type":"Point","coordinates":[-122.34955,47.75478]},"properties":{"probability":0.663,"inBuffer":false,"facType":"government"}},{"type":"Feature","geometry":{"type":"Point","coordinates":[-122.34288,47.75474]},"properties":{"probability":0.643,"inBuffer":false,"facType":"government"}},{"type":"Feature","geometry":{"type":"Point","coordinates":[-122.33621,47.7547]},"properties":{"probability":0.395,"inBuffer":false,"facType":"government"}},{"type":"Feature","geometry":{"type":"Point","coordinates":[-122.32954,47.75466]},"properties":{"probability":0.333,"inBuffer":false,"facType":"substation"}},{"type":"Feature","geometry":{"type":"Point","coordinates":[-122.32287,47.75462]},"properties":{"probability":0.384,"inBuffer":false,"facType":"government"}},{"type":"Feature","geometry":{"type":"Point","coordinates":[-122.3162,47.75458]},"properties":{"probability":0.526,"inBuffer":false,"facType":"government"}},{"type":"Feature","geometry":{"type":"Point","coordinates":[-122.30952,47.75454]},"properties":{"probability":0.4,"inBuffer":false,"facType":"government"}},{"type":"Feature","geometry":{"type":"Point","coordinates":[-122.30286,47.7545]},"properties":{"probability":0.171,"inBuffer":false,"facType":"government"}},{"type":"Feature","geometry":{"type":"Point","coordinates":[-122.29618,47.75446]},"properties":{"probability":0.157,"inBuffer":false,"facType":"government"}},{"type":"Feature","geometry":{"type":"Point","coordinates":[-122.28951,47.75442]},"properties":{"probability":0.174,"inBuffer":false,"facType":"government"}},{"type":"Feature","geometry":{"type":"Point","coordinates":[-122.28284,47.75438]},"properties":{"probability":0.321,"inBuffer":false,"facType":"government"}},{"type":"Feature","geometry":{"type":"Point","coordinates":[-122.27617,47.75434]},"properties":{"probability":0.295,"inBuffer":false,"facType":"government"}},{"type":"Feature","geometry":{"type":"Point","coordinates":[-122.2695,47.7543]},"properties":{"probability":0.332,"inBuffer":true,"facType":"government"}},{"type":"Feature","geometry":{"type":"Point","coordinates":[-122.26283,47.75425]},"properties":{"probability":0.404,"inBuffer":true,"facType":"airport"}},{"type":"Feature","geometry":{"type":"Point","coordinates":[-122.25616,47.75421]},"properties":{"probability":0.536,"inBuffer":true,"facType":"government"}},{"type":"Feature","geometry":{"type":"Point","coordinates":[-122.24949,47.75417]},"properties":{"probability":0.441,"inBuffer":true,"facType":"government"}},{"type":"Feature","geometry":{"type":"Point","coordinates":[-122.24282,47.75412]},"properties":{"probability":0.404,"inBuffer":true,"facType":"government"}},{"type":"Feature","geometry":{"type":"Point","coordinates":[-122.23615,47.75408]},"properties":{"probability":0.272,"inBuffer":false,"facType":"substation"}},{"type":"Feature","geometry":{"type":"Point","coordinates":[-122.22948,47.75403]},"properties":{"probability":0.275,"inBuffer":false,"facType":"substation"}},{"type":"Feature","geometry":{"type":"Point","coordinates":[-122.22281,47.75399]},"properties":{"probability":0.277,"inBuffer":false,"facType":"substation"}},{"type":"Feature","geometry":{"type":"Point","coordinates":[-122.21613,47.75394]},"properties":{"probability":0.351,"inBuffer":false,"facType":"substation"}},{"type":"Feature","geometry":{"type":"Point","coordinates":[-122.20947,47.75389]},"properties":{"probability":0.34,"inBuffer":false,"facType":"substation"}},{"type":"Feature","geometry":{"type":"Point","coordinates":[-122.2028,47.75385]},"properties":{"probability":0.203,"inBuffer":false,"facType":"substation"}},{"type":"Feature","geometry":{"type":"Point","coordinates":[-122.19613,47.7538]},"properties":{"probability":0.318,"inBuffer":false,"facType":"substation"}},{"type":"Feature","geometry":{"type":"Point","coordinates":[-122.18945,47.75376]},"properties":{"probability":0.288,"inBuffer":false,"facType":"substation"}},{"type":"Feature","geometry":{"type":"Point","coordinates":[-122.18279,47.75371]},"properties":{"probability":0.323,"inBuffer":false,"facType":"substation"}},{"type":"Feature","geometry":{"type":"Point","coordinates":[-122.17612,47.75366]},"properties":{"probability":0.319,"inBuffer":false,"facType":"government"}},{"type":"Feature","geometry":{"type":"Point","coordinates":[-122.16944,47.75361]},"properties":{"probability":0.492,"inBuffer":false,"facType":"government"}},{"type":"Feature","geometry":{"type":"Point","coordinates":[-122.16277,47.75357]},"properties":{"probability":0.65,"inBuffer":false,"facType":"government"}},{"type":"Feature","geometry":{"type":"Point","coordinates":[-122.15611,47.75352]},"properties":{"probability":0.615,"inBuffer":false,"facType":"government"}},{"type":"Feature","geometry":{"type":"Point","coordinates":[-122.36961,47.75039]},"properties":{"probability":0.163,"inBuffer":false,"facType":"government"}},{"type":"Feature","geometry":{"type":"Point","coordinates":[-122.36295,47.75035]},"properties":{"probability":0.205,"inBuffer":false,"facType":"government"}},{"type":"Feature","geometry":{"type":"Point","coordinates":[-122.35628,47.75032]},"properties":{"probability":0.458,"inBuffer":false,"facType":"government"}},{"type":"Feature","geometry":{"type":"Point","coordinates":[-122.34961,47.75028]},"properties":{"probability":0.653,"inBuffer":false,"facType":"government"}},{"type":"Feature","geometry":{"type":"Point","coordinates":[-122.34293,47.75024]},"properties":{"probability":0.622,"inBuffer":false,"facType":"government"}},{"type":"Feature","geometry":{"type":"Point","coordinates":[-122.33627,47.7502]},"properties":{"probability":0.447,"inBuffer":false,"facType":"substation"}},{"type":"Feature","geometry":{"type":"Point","coordinates":[-122.3296,47.75016]},"properties":{"probability":0.369,"inBuffer":false,"facType":"substation"}},{"type":"Feature","geometry":{"type":"Point","coordinates":[-122.32293,47.75012]},"properties":{"probability":0.381,"inBuffer":false,"facType":"substation"}},{"type":"Feature","geometry":{"type":"Point","coordinates":[-122.31625,47.75008]},"properties":{"probability":0.428,"inBuffer":false,"facType":"government"}},{"type":"Feature","geometry":{"type":"Point","coordinates":[-122.30959,47.75004]},"properties":{"probability":0.336,"inBuffer":false,"facType":"government"}},{"type":"Feature","geometry":{"type":"Point","coordinates":[-122.30292,47.75]},"properties":{"probability":0.173,"inBuffer":false,"facType":"government"}},{"type":"Feature","geometry":{"type":"Point","coordinates":[-122.29624,47.74996]},"properties":{"probability":0.183,"inBuffer":false,"facType":"government"}},{"type":"Feature","geometry":{"type":"Point","coordinates":[-122.28957,47.74992]},"properties":{"probability":0.175,"inBuffer":false,"facType":"government"}},{"type":"Feature","geometry":{"type":"Point","coordinates":[-122.28291,47.74988]},"properties":{"probability":0.225,"inBuffer":false,"facType":"government"}},{"type":"Feature","geometry":{"type":"Point","coordinates":[-122.27624,47.74984]},"properties":{"probability":0.196,"inBuffer":false,"facType":"government"}},{"type":"Feature","geometry":{"type":"Point","coordinates":[-122.25623,47.74971]},"properties":{"probability":0.175,"inBuffer":true,"facType":"government"}},{"type":"Feature","geometry":{"type":"Point","coordinates":[-122.24956,47.74967]},"properties":{"probability":0.186,"inBuffer":true,"facType":"government"}},{"type":"Feature","geometry":{"type":"Point","coordinates":[-122.24288,47.74962]},"properties":{"probability":0.177,"inBuffer":false,"facType":"government"}},{"type":"Feature","geometry":{"type":"Point","coordinates":[-122.23621,47.74958]},"properties":{"probability":0.181,"inBuffer":false,"facType":"substation"}},{"type":"Feature","geometry":{"type":"Point","coordinates":[-122.22955,47.74953]},"properties":{"probability":0.202,"inBuffer":false,"facType":"substation"}},{"type":"Feature","geometry":{"type":"Point","coordinates":[-122.22288,47.74949]},"properties":{"probability":0.191,"inBuffer":false,"facType":"substation"}},{"type":"Feature","geometry":{"type":"Point","coordinates":[-122.2162,47.74944]},"properties":{"probability":0.205,"inBuffer":false,"facType":"substation"}},{"type":"Feature","geometry":{"type":"Point","coordinates":[-122.20953,47.7494]},"properties":{"probability":0.183,"inBuffer":false,"facType":"substation"}},{"type":"Feature","geometry":{"type":"Point","coordinates":[-122.20287,47.74935]},"properties":{"probability":0.166,"inBuffer":false,"facType":"substation"}},{"type":"Feature","geometry":{"type":"Point","coordinates":[-122.1962,47.74931]},"properties":{"probability":0.169,"inBuffer":false,"facType":"substation"}},{"type":"Feature","geometry":{"type":"Point","coordinates":[-122.18952,47.74926]},"properties":{"probability":0.31,"inBuffer":false,"facType":"substation"}},{"type":"Feature","geometry":{"type":"Point","coordinates":[-122.18285,47.74921]},"properties":{"probability":0.341,"inBuffer":false,"facType":"substation"}},{"type":"Feature","geometry":{"type":"Point","coordinates":[-122.17619,47.74916]},"properties":{"probability":0.316,"inBuffer":false,"facType":"government"}},{"type":"Feature","geometry":{"type":"Point","coordinates":[-122.16952,47.74911]},"properties":{"probability":0.413,"inBuffer":false,"facType":"government"}},{"type":"Feature","geometry":{"type":"Point","coordinates":[-122.16284,47.74907]},"properties":{"probability":0.521,"inBuffer":false,"facType":"government"}},{"type":"Feature","geometry":{"type":"Point","coordinates":[-122.15617,47.74902]},"properties":{"probability":0.529,"inBuffer":false,"facType":"government"}},{"type":"Feature","geometry":{"type":"Point","coordinates":[-122.36967,47.74589]},"properties":{"probability":0.175,"inBuffer":false,"facType":"government"}},{"type":"Feature","geometry":{"type":"Point","coordinates":[-122.363,47.74585]},"properties":{"probability":0.297,"inBuffer":false,"facType":"government"}},{"type":"Feature","geometry":{"type":"Point","coordinates":[-122.35633,47.74582]},"properties":{"probability":0.507,"inBuffer":false,"facType":"government"}},{"type":"Feature","geometry":{"type":"Point","coordinates":[-122.34966,47.74578]},"properties":{"probability":0.614,"inBuffer":false,"facType":"government"}},{"type":"Feature","geometry":{"type":"Point","coordinates":[-122.34299,47.74574]},"properties":{"probability":0.577,"inBuffer":false,"facType":"government"}},{"type":"Feature","geometry":{"type":"Point","coordinates":[-122.33633,47.7457]},"properties":{"probability":0.361,"inBuffer":false,"facType":"substation"}},{"type":"Feature","geometry":{"type":"Point","coordinates":[-122.32965,47.74566]},"properties":{"probability":0.39,"inBuffer":false,"facType":"substation"}},{"type":"Feature","geometry":{"type":"Point","coordinates":[-122.32298,47.74562]},"properties":{"probability":0.301,"inBuffer":false,"facType":"substation"}},{"type":"Feature","geometry":{"type":"Point","coordinates":[-122.31631,47.74559]},"properties":{"probability":0.328,"inBuffer":false,"facType":"substation"}},{"type":"Feature","geometry":{"type":"Point","coordinates":[-122.30965,47.74554]},"properties":{"probability":0.35,"inBuffer":false,"facType":"government"}},{"type":"Feature","geometry":{"type":"Point","coordinates":[-122.30298,47.74551]},"properties":{"probability":0.318,"inBuffer":false,"facType":"government"}},{"type":"Feature","geometry":{"type":"Point","coordinates":[-122.2963,47.74546]},"properties":{"probability":0.295,"inBuffer":false,"facType":"government"}},{"type":"Feature","geometry":{"type":"Point","coordinates":[-122.28963,47.74542]},"properties":{"probability":0.229,"inBuffer":false,"facType":"government"}},{"type":"Feature","geometry":{"type":"Point","coordinates":[-122.28297,47.74538]},"properties":{"probability":0.177,"inBuffer":false,"facType":"government"}},{"type":"Feature","geometry":{"type":"Point","coordinates":[-122.26295,47.74525]},"properties":{"probability":0.172,"inBuffer":false,"facType":"airport"}},{"type":"Feature","geometry":{"type":"Point","coordinates":[-122.25629,47.74521]},"properties":{"probability":0.172,"inBuffer":false,"facType":"government"}},{"type":"Feature","geometry":{"type":"Point","coordinates":[-122.24962,47.74517]},"properties":{"probability":0.181,"inBuffer":false,"facType":"government"}},{"type":"Feature","geometry":{"type":"Point","coordinates":[-122.24295,47.74512]},"properties":{"probability":0.177,"inBuffer":false,"facType":"substation"}},{"type":"Feature","geometry":{"type":"Point","coordinates":[-122.23628,47.74508]},"properties":{"probability":0.188,"inBuffer":false,"facType":"substation"}},{"type":"Feature","geometry":{"type":"Point","coordinates":[-122.22961,47.74504]},"properties":{"probability":0.247,"inBuffer":false,"facType":"substation"}},{"type":"Feature","geometry":{"type":"Point","coordinates":[-122.22294,47.74499]},"properties":{"probability":0.24,"inBuffer":false,"facType":"substation"}},{"type":"Feature","geometry":{"type":"Point","coordinates":[-122.21627,47.74495]},"properties":{"probability":0.198,"inBuffer":false,"facType":"substation"}},{"type":"Feature","geometry":{"type":"Point","coordinates":[-122.2096,47.7449]},"properties":{"probability":0.195,"inBuffer":false,"facType":"substation"}},{"type":"Feature","geometry":{"type":"Point","coordinates":[-122.20293,47.74485]},"properties":{"probability":0.169,"inBuffer":false,"facType":"substation"}},{"type":"Feature","geometry":{"type":"Point","coordinates":[-122.19627,47.74481]},"properties":{"probability":0.189,"inBuffer":false,"facType":"substation"}},{"type":"Feature","geometry":{"type":"Point","coordinates":[-122.1896,47.74476]},"properties":{"probability":0.398,"inBuffer":false,"facType":"substation"}},{"type":"Feature","geometry":{"type":"Point","coordinates":[-122.18292,47.74471]},"properties":{"probability":0.412,"inBuffer":false,"facType":"substation"}},{"type":"Feature","geometry":{"type":"Point","coordinates":[-122.17625,47.74466]},"properties":{"probability":0.367,"inBuffer":false,"facType":"substation"}},{"type":"Feature","geometry":{"type":"Point","coordinates":[-122.16959,47.74462]},"properties":{"probability":0.231,"inBuffer":false,"facType":"government"}},{"type":"Feature","geometry":{"type":"Point","coordinates":[-122.16292,47.74457]},"properties":{"probability":0.383,"inBuffer":false,"facType":"government"}},{"type":"Feature","geometry":{"type":"Point","coordinates":[-122.15625,47.74452]},"properties":{"probability":0.385,"inBuffer":false,"facType":"government"}},{"type":"Feature","geometry":{"type":"Point","coordinates":[-122.35638,47.74132]},"properties":{"probability":0.453,"inBuffer":false,"facType":"government"}},{"type":"Feature","geometry":{"type":"Point","coordinates":[-122.34972,47.74128]},"properties":{"probability":0.627,"inBuffer":false,"facType":"government"}},{"type":"Feature","geometry":{"type":"Point","coordinates":[-122.34305,47.74124]},"properties":{"probability":0.587,"inBuffer":false,"facType":"government"}},{"type":"Feature","geometry":{"type":"Point","coordinates":[-122.33638,47.7412]},"properties":{"probability":0.354,"inBuffer":false,"facType":"substation"}},{"type":"Feature","geometry":{"type":"Point","coordinates":[-122.32971,47.74117]},"properties":{"probability":0.309,"inBuffer":false,"facType":"substation"}},{"type":"Feature","geometry":{"type":"Point","coordinates":[-122.32304,47.74113]},"properties":{"probability":0.32,"inBuffer":false,"facType":"substation"}},{"type":"Feature","geometry":{"type":"Point","coordinates":[-122.31638,47.74109]},"properties":{"probability":0.433,"inBuffer":false,"facType":"substation"}},{"type":"Feature","geometry":{"type":"Point","coordinates":[-122.30971,47.74105]},"properties":{"probability":0.429,"inBuffer":false,"facType":"government"}},{"type":"Feature","geometry":{"type":"Point","coordinates":[-122.30303,47.741]},"properties":{"probability":0.32,"inBuffer":false,"facType":"government"}},{"type":"Feature","geometry":{"type":"Point","coordinates":[-122.29636,47.74097]},"properties":{"probability":0.342,"inBuffer":false,"facType":"government"}},{"type":"Feature","geometry":{"type":"Point","coordinates":[-122.2897,47.74092]},"properties":{"probability":0.352,"inBuffer":false,"facType":"government"}},{"type":"Feature","geometry":{"type":"Point","coordinates":[-122.28303,47.74088]},"properties":{"probability":0.172,"inBuffer":false,"facType":"government"}},{"type":"Feature","geometry":{"type":"Point","coordinates":[-122.26302,47.74076]},"properties":{"probability":0.17,"inBuffer":false,"facType":"government"}},{"type":"Feature","geometry":{"type":"Point","coordinates":[-122.25636,47.74072]},"properties":{"probability":0.191,"inBuffer":false,"facType":"government"}},{"type":"Feature","geometry":{"type":"Point","coordinates":[-122.24969,47.74067]},"properties":{"probability":0.18,"inBuffer":false,"facType":"substation"}},{"type":"Feature","geometry":{"type":"Point","coordinates":[-122.24301,47.74063]},"properties":{"probability":0.187,"inBuffer":false,"facType":"substation"}},{"type":"Feature","geometry":{"type":"Point","coordinates":[-122.23634,47.74058]},"properties":{"probability":0.181,"inBuffer":false,"facType":"substation"}},{"type":"Feature","geometry":{"type":"Point","coordinates":[-122.22968,47.74054]},"properties":{"probability":0.294,"inBuffer":false,"facType":"substation"}},{"type":"Feature","geometry":{"type":"Point","coordinates":[-122.22301,47.74049]},"properties":{"probability":0.327,"inBuffer":false,"facType":"substation"}},{"type":"Feature","geometry":{"type":"Point","coordinates":[-122.21634,47.74045]},"properties":{"probability":0.214,"inBuffer":false,"facType":"substation"}},{"type":"Feature","geometry":{"type":"Point","coordinates":[-122.20967,47.7404]},"properties":{"probability":0.217,"inBuffer":false,"facType":"substation"}},{"type":"Feature","geometry":{"type":"Point","coordinates":[-122.203,47.74036]},"properties":{"probability":0.185,"inBuffer":false,"facType":"substation"}},{"type":"Feature","geometry":{"type":"Point","coordinates":[-122.19633,47.74031]},"properties":{"probability":0.178,"inBuffer":false,"facType":"substation"}},{"type":"Feature","geometry":{"type":"Point","coordinates":[-122.18967,47.74026]},"properties":{"probability":0.337,"inBuffer":false,"facType":"substation"}},{"type":"Feature","geometry":{"type":"Point","coordinates":[-122.183,47.74022]},"properties":{"probability":0.381,"inBuffer":false,"facType":"substation"}},{"type":"Feature","geometry":{"type":"Point","coordinates":[-122.17633,47.74017]},"properties":{"probability":0.356,"inBuffer":false,"facType":"substation"}},{"type":"Feature","geometry":{"type":"Point","coordinates":[-122.16965,47.74012]},"properties":{"probability":0.206,"inBuffer":false,"facType":"government"}},{"type":"Feature","geometry":{"type":"Point","coordinates":[-122.16299,47.74007]},"properties":{"probability":0.311,"inBuffer":false,"facType":"government"}},{"type":"Feature","geometry":{"type":"Point","coordinates":[-122.15632,47.74002]},"properties":{"probability":0.41,"inBuffer":false,"facType":"government"}},{"type":"Feature","geometry":{"type":"Point","coordinates":[-122.36311,47.73686]},"properties":{"probability":0.189,"inBuffer":false,"facType":"government"}},{"type":"Feature","geometry":{"type":"Point","coordinates":[-122.35645,47.73682]},"properties":{"probability":0.35,"inBuffer":false,"facType":"government"}},{"type":"Feature","geometry":{"type":"Point","coordinates":[-122.34978,47.73678]},"properties":{"probability":0.612,"inBuffer":false,"facType":"government"}},{"type":"Feature","geometry":{"type":"Point","coordinates":[-122.34311,47.73674]},"properties":{"probability":0.575,"inBuffer":false,"facType":"government"}},{"type":"Feature","geometry":{"type":"Point","coordinates":[-122.33644,47.73671]},"properties":{"probability":0.341,"inBuffer":false,"facType":"government"}},{"type":"Feature","geometry":{"type":"Point","coordinates":[-122.32977,47.73667]},"properties":{"probability":0.336,"inBuffer":false,"facType":"substation"}},{"type":"Feature","geometry":{"type":"Point","coordinates":[-122.3231,47.73663]},"properties":{"probability":0.348,"inBuffer":false,"facType":"substation"}},{"type":"Feature","geometry":{"type":"Point","coordinates":[-122.31643,47.73659]},"properties":{"probability":0.442,"inBuffer":false,"facType":"substation"}},{"type":"Feature","geometry":{"type":"Point","coordinates":[-122.30976,47.73655]},"properties":{"probability":0.453,"inBuffer":false,"facType":"government"}},{"type":"Feature","geometry":{"type":"Point","coordinates":[-122.30309,47.73651]},"properties":{"probability":0.323,"inBuffer":false,"facType":"government"}},{"type":"Feature","geometry":{"type":"Point","coordinates":[-122.29642,47.73647]},"properties":{"probability":0.374,"inBuffer":false,"facType":"government"}},{"type":"Feature","geometry":{"type":"Point","coordinates":[-122.28976,47.73643]},"properties":{"probability":0.388,"inBuffer":false,"facType":"government"}},{"type":"Feature","geometry":{"type":"Point","coordinates":[-122.28309,47.73639]},"properties":{"probability":0.168,"inBuffer":false,"facType":"government"}},{"type":"Feature","geometry":{"type":"Point","coordinates":[-122.25642,47.73621]},"properties":{"probability":0.185,"inBuffer":false,"facType":"substation"}},{"type":"Feature","geometry":{"type":"Point","coordinates":[-122.24975,47.73617]},"properties":{"probability":0.175,"inBuffer":false,"facType":"substation"}},{"type":"Feature","geometry":{"type":"Point","coordinates":[-122.24308,47.73613]},"properties":{"probability":0.179,"inBuffer":false,"facType":"substation"}},{"type":"Feature","geometry":{"type":"Point","coordinates":[-122.23641,47.73608]},"properties":{"probability":0.188,"inBuffer":false,"facType":"substation"}},{"type":"Feature","geometry":{"type":"Point","coordinates":[-122.22974,47.73604]},"properties":{"probability":0.192,"inBuffer":false,"facType":"substation"}},{"type":"Feature","geometry":{"type":"Point","coordinates":[-122.22308,47.73599]},"properties":{"probability":0.208,"inBuffer":false,"facType":"substation"}},{"type":"Feature","geometry":{"type":"Point","coordinates":[-122.21641,47.73595]},"properties":{"probability":0.213,"inBuffer":false,"facType":"substation"}},{"type":"Feature","geometry":{"type":"Point","coordinates":[-122.20974,47.7359]},"properties":{"probability":0.272,"inBuffer":false,"facType":"substation"}},{"type":"Feature","geometry":{"type":"Point","coordinates":[-122.20307,47.73586]},"properties":{"probability":0.204,"inBuffer":false,"facType":"substation"}},{"type":"Feature","geometry":{"type":"Point","coordinates":[-122.1964,47.73581]},"properties":{"probability":0.203,"inBuffer":false,"facType":"substation"}},{"type":"Feature","geometry":{"type":"Point","coordinates":[-122.18974,47.73576]},"properties":{"probability":0.217,"inBuffer":false,"facType":"substation"}},{"type":"Feature","geometry":{"type":"Point","coordinates":[-122.18307,47.73572]},"properties":{"probability":0.328,"inBuffer":false,"facType":"substation"}},{"type":"Feature","geometry":{"type":"Point","coordinates":[-122.1764,47.73567]},"properties":{"probability":0.401,"inBuffer":false,"facType":"substation"}},{"type":"Feature","geometry":{"type":"Point","coordinates":[-122.16973,47.73562]},"properties":{"probability":0.219,"inBuffer":false,"facType":"substation"}},{"type":"Feature","geometry":{"type":"Point","coordinates":[-122.16306,47.73557]},"properties":{"probability":0.209,"inBuffer":false,"facType":"government"}},{"type":"Feature","geometry":{"type":"Point","coordinates":[-122.15639,47.73552]},"properties":{"probability":0.327,"inBuffer":false,"facType":"government"}},{"type":"Feature","geometry":{"type":"Point","coordinates":[-122.36317,47.73236]},"properties":{"probability":0.182,"inBuffer":false,"facType":"government"}},{"type":"Feature","geometry":{"type":"Point","coordinates":[-122.3565,47.73232]},"properties":{"probability":0.457,"inBuffer":false,"facType":"government"}},{"type":"Feature","geometry":{"type":"Point","coordinates":[-122.34983,47.73228]},"properties":{"probability":0.661,"inBuffer":false,"facType":"government"}},{"type":"Feature","geometry":{"type":"Point","coordinates":[-122.34316,47.73225]},"properties":{"probability":0.665,"inBuffer":false,"facType":"government"}},{"type":"Feature","geometry":{"type":"Point","coordinates":[-122.33649,47.73221]},"properties":{"probability":0.359,"inBuffer":false,"facType":"government"}},{"type":"Feature","geometry":{"type":"Point","coordinates":[-122.32983,47.73217]},"properties":{"probability":0.366,"inBuffer":false,"facType":"government"}},{"type":"Feature","geometry":{"type":"Point","coordinates":[-122.32316,47.73213]},"properties":{"probability":0.313,"inBuffer":false,"facType":"government"}},{"type":"Feature","geometry":{"type":"Point","coordinates":[-122.31649,47.73209]},"properties":{"probability":0.397,"inBuffer":false,"facType":"government"}},{"type":"Feature","geometry":{"type":"Point","coordinates":[-122.30982,47.73205]},"properties":{"probability":0.441,"inBuffer":false,"facType":"government"}},{"type":"Feature","geometry":{"type":"Point","coordinates":[-122.30315,47.73201]},"properties":{"probability":0.334,"inBuffer":false,"facType":"government"}},{"type":"Feature","geometry":{"type":"Point","coordinates":[-122.29649,47.73197]},"properties":{"probability":0.43,"inBuffer":false,"facType":"government"}},{"type":"Feature","geometry":{"type":"Point","coordinates":[-122.28982,47.73193]},"properties":{"probability":0.482,"inBuffer":false,"facType":"government"}},{"type":"Feature","geometry":{"type":"Point","coordinates":[-122.28315,47.73189]},"properties":{"probability":0.179,"inBuffer":false,"facType":"government"}},{"type":"Feature","geometry":{"type":"Point","coordinates":[-122.25648,47.73172]},"properties":{"probability":0.183,"inBuffer":false,"facType":"substation"}},{"type":"Feature","geometry":{"type":"Point","coordinates":[-122.24981,47.73167]},"properties":{"probability":0.196,"inBuffer":false,"facType":"substation"}},{"type":"Feature","geometry":{"type":"Point","coordinates":[-122.24315,47.73163]},"properties":{"probability":0.213,"inBuffer":false,"facType":"substation"}},{"type":"Feature","geometry":{"type":"Point","coordinates":[-122.23648,47.73159]},"properties":{"probability":0.19,"inBuffer":false,"facType":"substation"}},{"type":"Feature","geometry":{"type":"Point","coordinates":[-122.22981,47.73154]},"properties":{"probability":0.185,"inBuffer":false,"facType":"substation"}},{"type":"Feature","geometry":{"type":"Point","coordinates":[-122.22314,47.73149]},"properties":{"probability":0.178,"inBuffer":false,"facType":"substation"}},{"type":"Feature","geometry":{"type":"Point","coordinates":[-122.21648,47.73145]},"properties":{"probability":0.202,"inBuffer":false,"facType":"substation"}},{"type":"Feature","geometry":{"type":"Point","coordinates":[-122.20981,47.7314]},"properties":{"probability":0.225,"inBuffer":false,"facType":"hospital"}},{"type":"Feature","geometry":{"type":"Point","coordinates":[-122.20314,47.73136]},"properties":{"probability":0.249,"inBuffer":false,"facType":"hospital"}},{"type":"Feature","geometry":{"type":"Point","coordinates":[-122.19647,47.73131]},"properties":{"probability":0.213,"inBuffer":false,"facType":"substation"}},{"type":"Feature","geometry":{"type":"Point","coordinates":[-122.1898,47.73127]},"properties":{"probability":0.194,"inBuffer":false,"facType":"substation"}},{"type":"Feature","geometry":{"type":"Point","coordinates":[-122.18314,47.73122]},"properties":{"probability":0.372,"inBuffer":false,"facType":"government"}},{"type":"Feature","geometry":{"type":"Point","coordinates":[-122.17647,47.73117]},"properties":{"probability":0.462,"inBuffer":false,"facType":"government"}},{"type":"Feature","geometry":{"type":"Point","coordinates":[-122.1698,47.73112]},"properties":{"probability":0.384,"inBuffer":false,"facType":"government"}},{"type":"Feature","geometry":{"type":"Point","coordinates":[-122.16313,47.73108]},"properties":{"probability":0.19,"inBuffer":false,"facType":"government"}},{"type":"Feature","geometry":{"type":"Point","coordinates":[-122.15646,47.73103]},"properties":{"probability":0.256,"inBuffer":false,"facType":"government"}},{"type":"Feature","geometry":{"type":"Point","coordinates":[-122.36989,47.7279]},"properties":{"probability":0.185,"inBuffer":false,"facType":"government"}},{"type":"Feature","geometry":{"type":"Point","coordinates":[-122.36322,47.72786]},"properties":{"probability":0.202,"inBuffer":false,"facType":"government"}},{"type":"Feature","geometry":{"type":"Point","coordinates":[-122.35655,47.72782]},"properties":{"probability":0.446,"inBuffer":false,"facType":"government"}},{"type":"Feature","geometry":{"type":"Point","coordinates":[-122.34988,47.72778]},"properties":{"probability":0.698,"inBuffer":false,"facType":"government"}},{"type":"Feature","geometry":{"type":"Point","coordinates":[-122.34322,47.72775]},"properties":{"probability":0.697,"inBuffer":false,"facType":"government"}},{"type":"Feature","geometry":{"type":"Point","coordinates":[-122.33656,47.72771]},"properties":{"probability":0.392,"inBuffer":false,"facType":"government"}},{"type":"Feature","geometry":{"type":"Point","coordinates":[-122.32989,47.72767]},"properties":{"probability":0.397,"inBuffer":false,"facType":"government"}},{"type":"Feature","geometry":{"type":"Point","coordinates":[-122.32322,47.72763]},"properties":{"probability":0.319,"inBuffer":false,"facType":"government"}},{"type":"Feature","geometry":{"type":"Point","coordinates":[-122.31655,47.72759]},"properties":{"probability":0.334,"inBuffer":false,"facType":"government"}},{"type":"Feature","geometry":{"type":"Point","coordinates":[-122.30988,47.72755]},"properties":{"probability":0.319,"inBuffer":false,"facType":"government"}},{"type":"Feature","geometry":{"type":"Point","coordinates":[-122.30322,47.72751]},"properties":{"probability":0.313,"inBuffer":false,"facType":"government"}},{"type":"Feature","geometry":{"type":"Point","coordinates":[-122.29655,47.72747]},"properties":{"probability":0.521,"inBuffer":false,"facType":"government"}},{"type":"Feature","geometry":{"type":"Point","coordinates":[-122.28988,47.72743]},"properties":{"probability":0.485,"inBuffer":false,"facType":"government"}},{"type":"Feature","geometry":{"type":"Point","coordinates":[-122.28321,47.72739]},"properties":{"probability":0.173,"inBuffer":false,"facType":"government"}},{"type":"Feature","geometry":{"type":"Point","coordinates":[-122.25655,47.72722]},"properties":{"probability":0.165,"inBuffer":false,"facType":"substation"}},{"type":"Feature","geometry":{"type":"Point","coordinates":[-122.24988,47.72717]},"properties":{"probability":0.178,"inBuffer":false,"facType":"substation"}},{"type":"Feature","geometry":{"type":"Point","coordinates":[-122.24321,47.72713]},"properties":{"probability":0.19,"inBuffer":false,"facType":"substation"}},{"type":"Feature","geometry":{"type":"Point","coordinates":[-122.23654,47.72709]},"properties":{"probability":0.185,"inBuffer":false,"facType":"substation"}},{"type":"Feature","geometry":{"type":"Point","coordinates":[-122.22987,47.72704]},"properties":{"probability":0.178,"inBuffer":false,"facType":"substation"}},{"type":"Feature","geometry":{"type":"Point","coordinates":[-122.22321,47.727]},"properties":{"probability":0.18,"inBuffer":false,"facType":"substation"}},{"type":"Feature","geometry":{"type":"Point","coordinates":[-122.21655,47.72695]},"properties":{"probability":0.235,"inBuffer":false,"facType":"hospital"}},{"type":"Feature","geometry":{"type":"Point","coordinates":[-122.20988,47.72691]},"properties":{"probability":0.334,"inBuffer":false,"facType":"hospital"}},{"type":"Feature","geometry":{"type":"Point","coordinates":[-122.20321,47.72686]},"properties":{"probability":0.294,"inBuffer":false,"facType":"hospital"}},{"type":"Feature","geometry":{"type":"Point","coordinates":[-122.19654,47.72681]},"properties":{"probability":0.221,"inBuffer":false,"facType":"substation"}},{"type":"Feature","geometry":{"type":"Point","coordinates":[-122.18987,47.72677]},"properties":{"probability":0.188,"inBuffer":false,"facType":"substation"}},{"type":"Feature","geometry":{"type":"Point","coordinates":[-122.1832,47.72672]},"properties":{"probability":0.298,"inBuffer":false,"facType":"government"}},{"type":"Feature","geometry":{"type":"Point","coordinates":[-122.17654,47.72667]},"properties":{"probability":0.344,"inBuffer":false,"facType":"government"}},{"type":"Feature","geometry":{"type":"Point","coordinates":[-122.16988,47.72662]},"properties":{"probability":0.294,"inBuffer":false,"facType":"government"}},{"type":"Feature","geometry":{"type":"Point","coordinates":[-122.16321,47.72657]},"properties":{"probability":0.259,"inBuffer":false,"facType":"government"}},{"type":"Feature","geometry":{"type":"Point","coordinates":[-122.15654,47.72653]},"properties":{"probability":0.182,"inBuffer":false,"facType":"substation"}},{"type":"Feature","geometry":{"type":"Point","coordinates":[-122.36994,47.7234]},"properties":{"probability":0.198,"inBuffer":false,"facType":"government"}},{"type":"Feature","geometry":{"type":"Point","coordinates":[-122.36327,47.72336]},"properties":{"probability":0.324,"inBuffer":false,"facType":"government"}},{"type":"Feature","geometry":{"type":"Point","coordinates":[-122.35661,47.72332]},"properties":{"probability":0.465,"inBuffer":false,"facType":"government"}},{"type":"Feature","geometry":{"type":"Point","coordinates":[-122.34995,47.72329]},"properties":{"probability":0.691,"inBuffer":false,"facType":"government"}},{"type":"Feature","geometry":{"type":"Point","coordinates":[-122.34328,47.72325]},"properties":{"probability":0.709,"inBuffer":false,"facType":"government"}},{"type":"Feature","geometry":{"type":"Point","coordinates":[-122.33661,47.72321]},"properties":{"probability":0.435,"inBuffer":false,"facType":"government"}},{"type":"Feature","geometry":{"type":"Point","coordinates":[-122.32994,47.72317]},"properties":{"probability":0.389,"inBuffer":false,"facType":"hospital"}},{"type":"Feature","geometry":{"type":"Point","coordinates":[-122.32327,47.72313]},"properties":{"probability":0.36,"inBuffer":false,"facType":"hospital"}},{"type":"Feature","geometry":{"type":"Point","coordinates":[-122.31661,47.72309]},"properties":{"probability":0.347,"inBuffer":false,"facType":"government"}},{"type":"Feature","geometry":{"type":"Point","coordinates":[-122.30994,47.72305]},"properties":{"probability":0.361,"inBuffer":false,"facType":"government"}},{"type":"Feature","geometry":{"type":"Point","coordinates":[-122.30328,47.72301]},"properties":{"probability":0.437,"inBuffer":false,"facType":"government"}},{"type":"Feature","geometry":{"type":"Point","coordinates":[-122.29661,47.72297]},"properties":{"probability":0.595,"inBuffer":false,"facType":"government"}},{"type":"Feature","geometry":{"type":"Point","coordinates":[-122.28994,47.72293]},"properties":{"probability":0.526,"inBuffer":false,"facType":"government"}},{"type":"Feature","geometry":{"type":"Point","coordinates":[-122.28327,47.72289]},"properties":{"probability":0.179,"inBuffer":false,"facType":"government"}},{"type":"Feature","geometry":{"type":"Point","coordinates":[-122.25661,47.72272]},"properties":{"probability":0.178,"inBuffer":false,"facType":"substation"}},{"type":"Feature","geometry":{"type":"Point","coordinates":[-122.24994,47.72268]},"properties":{"probability":0.197,"inBuffer":false,"facType":"substation"}},{"type":"Feature","geometry":{"type":"Point","coordinates":[-122.24328,47.72263]},"properties":{"probability":0.17,"inBuffer":false,"facType":"substation"}},{"type":"Feature","geometry":{"type":"Point","coordinates":[-122.23661,47.72259]},"properties":{"probability":0.167,"inBuffer":false,"facType":"substation"}},{"type":"Feature","geometry":{"type":"Point","coordinates":[-122.22994,47.72254]},"properties":{"probability":0.187,"inBuffer":false,"facType":"hospital"}},{"type":"Feature","geometry":{"type":"Point","coordinates":[-122.22327,47.7225]},"properties":{"probability":0.178,"inBuffer":false,"facType":"hospital"}},{"type":"Feature","geometry":{"type":"Point","coordinates":[-122.21661,47.72245]},"properties":{"probability":0.392,"inBuffer":false,"facType":"hospital"}},{"type":"Feature","geometry":{"type":"Point","coordinates":[-122.20995,47.72241]},"properties":{"probability":0.391,"inBuffer":true,"facType":"hospital"}},{"type":"Feature","geometry":{"type":"Point","coordinates":[-122.20328,47.72236]},"properties":{"probability":0.338,"inBuffer":true,"facType":"hospital"}},{"type":"Feature","geometry":{"type":"Point","coordinates":[-122.19661,47.72232]},"properties":{"probability":0.241,"inBuffer":true,"facType":"substation"}},{"type":"Feature","geometry":{"type":"Point","coordinates":[-122.18994,47.72227]},"properties":{"probability":0.271,"inBuffer":false,"facType":"substation"}},{"type":"Feature","geometry":{"type":"Point","coordinates":[-122.18327,47.72222]},"properties":{"probability":0.355,"inBuffer":false,"facType":"government"}},{"type":"Feature","geometry":{"type":"Point","coordinates":[-122.17661,47.72217]},"properties":{"probability":0.316,"inBuffer":false,"facType":"government"}},{"type":"Feature","geometry":{"type":"Point","coordinates":[-122.16994,47.72213]},"properties":{"probability":0.27,"inBuffer":false,"facType":"government"}},{"type":"Feature","geometry":{"type":"Point","coordinates":[-122.16328,47.72208]},"properties":{"probability":0.27,"inBuffer":false,"facType":"government"}},{"type":"Feature","geometry":{"type":"Point","coordinates":[-122.15661,47.72203]},"properties":{"probability":0.174,"inBuffer":false,"facType":"substation"}},{"type":"Feature","geometry":{"type":"Point","coordinates":[-122.37,47.7189]},"properties":{"probability":0.196,"inBuffer":false,"facType":"substation"}},{"type":"Feature","geometry":{"type":"Point","coordinates":[-122.36333,47.71886]},"properties":{"probability":0.326,"inBuffer":false,"facType":"substation"}},{"type":"Feature","geometry":{"type":"Point","coordinates":[-122.35667,47.71883]},"properties":{"probability":0.473,"inBuffer":false,"facType":"government"}},{"type":"Feature","geometry":{"type":"Point","coordinates":[-122.35,47.71879]},"properties":{"probability":0.666,"inBuffer":false,"facType":"hospital"}},{"type":"Feature","geometry":{"type":"Point","coordinates":[-122.34333,47.71875]},"properties":{"probability":0.712,"inBuffer":true,"facType":"hospital"}},{"type":"Feature","geometry":{"type":"Point","coordinates":[-122.33667,47.71871]},"properties":{"probability":0.491,"inBuffer":true,"facType":"hospital"}},{"type":"Feature","geometry":{"type":"Point","coordinates":[-122.33,47.71867]},"properties":{"probability":0.377,"inBuffer":true,"facType":"hospital"}},{"type":"Feature","geometry":{"type":"Point","coordinates":[-122.32333,47.71863]},"properties":{"probability":0.365,"inBuffer":false,"facType":"hospital"}},{"type":"Feature","geometry":{"type":"Point","coordinates":[-122.31667,47.71859]},"properties":{"probability":0.401,"inBuffer":false,"facType":"government"}},{"type":"Feature","geometry":{"type":"Point","coordinates":[-122.31001,47.71856]},"properties":{"probability":0.393,"inBuffer":false,"facType":"government"}},{"type":"Feature","geometry":{"type":"Point","coordinates":[-122.30334,47.71851]},"properties":{"probability":0.513,"inBuffer":false,"facType":"government"}},{"type":"Feature","geometry":{"type":"Point","coordinates":[-122.29667,47.71847]},"properties":{"probability":0.644,"inBuffer":false,"facType":"government"}},{"type":"Feature","geometry":{"type":"Point","coordinates":[-122.29,47.71843]},"properties":{"probability":0.479,"inBuffer":false,"facType":"government"}},{"type":"Feature","geometry":{"type":"Point","coordinates":[-122.28334,47.71839]},"properties":{"probability":0.304,"inBuffer":false,"facType":"government"}},{"type":"Feature","geometry":{"type":"Point","coordinates":[-122.27667,47.71835]},"properties":{"probability":0.174,"inBuffer":false,"facType":"government"}},{"type":"Feature","geometry":{"type":"Point","coordinates":[-122.25668,47.71822]},"properties":{"probability":0.175,"inBuffer":false,"facType":"water_works"}},{"type":"Feature","geometry":{"type":"Point","coordinates":[-122.25001,47.71818]},"properties":{"probability":0.166,"inBuffer":false,"facType":"substation"}},{"type":"Feature","geometry":{"type":"Point","coordinates":[-122.24334,47.71813]},"properties":{"probability":0.182,"inBuffer":false,"facType":"substation"}},{"type":"Feature","geometry":{"type":"Point","coordinates":[-122.23667,47.71809]},"properties":{"probability":0.18,"inBuffer":false,"facType":"hospital"}},{"type":"Feature","geometry":{"type":"Point","coordinates":[-122.23001,47.71804]},"properties":{"probability":0.212,"inBuffer":false,"facType":"hospital"}},{"type":"Feature","geometry":{"type":"Point","coordinates":[-122.22334,47.718]},"properties":{"probability":0.178,"inBuffer":false,"facType":"hospital"}},{"type":"Feature","geometry":{"type":"Point","coordinates":[-122.21667,47.71796]},"properties":{"probability":0.176,"inBuffer":false,"facType":"hospital"}},{"type":"Feature","geometry":{"type":"Point","coordinates":[-122.21001,47.71791]},"properties":{"probability":0.373,"inBuffer":true,"facType":"hospital"}},{"type":"Feature","geometry":{"type":"Point","coordinates":[-122.20335,47.71786]},"properties":{"probability":0.368,"inBuffer":true,"facType":"hospital"}},{"type":"Feature","geometry":{"type":"Point","coordinates":[-122.19668,47.71782]},"properties":{"probability":0.334,"inBuffer":true,"facType":"substation"}},{"type":"Feature","geometry":{"type":"Point","coordinates":[-122.19001,47.71777]},"properties":{"probability":0.482,"inBuffer":false,"facType":"substation"}},{"type":"Feature","geometry":{"type":"Point","coordinates":[-122.18335,47.71772]},"properties":{"probability":0.596,"inBuffer":true,"facType":"government"}},{"type":"Feature","geometry":{"type":"Point","coordinates":[-122.17668,47.71767]},"properties":{"probability":0.516,"inBuffer":true,"facType":"government"}},{"type":"Feature","geometry":{"type":"Point","coordinates":[-122.17001,47.71763]},"properties":{"probability":0.433,"inBuffer":true,"facType":"government"}},{"type":"Feature","geometry":{"type":"Point","coordinates":[-122.16335,47.71758]},"properties":{"probability":0.323,"inBuffer":false,"facType":"substation"}},{"type":"Feature","geometry":{"type":"Point","coordinates":[-122.15668,47.71753]},"properties":{"probability":0.25,"inBuffer":false,"facType":"substation"}},{"type":"Feature","geometry":{"type":"Point","coordinates":[-122.37005,47.7144]},"properties":{"probability":0.17,"inBuffer":false,"facType":"substation"}},{"type":"Feature","geometry":{"type":"Point","coordinates":[-122.36339,47.71436]},"properties":{"probability":0.213,"inBuffer":false,"facType":"substation"}},{"type":"Feature","geometry":{"type":"Point","coordinates":[-122.35672,47.71432]},"properties":{"probability":0.373,"inBuffer":false,"facType":"substation"}},{"type":"Feature","geometry":{"type":"Point","coordinates":[-122.35005,47.71429]},"properties":{"probability":0.391,"inBuffer":false,"facType":"substation"}},{"type":"Feature","geometry":{"type":"Point","coordinates":[-122.34339,47.71425]},"properties":{"probability":0.593,"inBuffer":true,"facType":"hospital"}},{"type":"Feature","geometry":{"type":"Point","coordinates":[-122.33672,47.71421]},"properties":{"probability":0.577,"inBuffer":true,"facType":"hospital"}},{"type":"Feature","geometry":{"type":"Point","coordinates":[-122.33006,47.71417]},"properties":{"probability":0.631,"inBuffer":true,"facType":"hospital"}},{"type":"Feature","geometry":{"type":"Point","coordinates":[-122.32339,47.71413]},"properties":{"probability":0.501,"inBuffer":false,"facType":"government"}},{"type":"Feature","geometry":{"type":"Point","coordinates":[-122.31673,47.7141]},"properties":{"probability":0.547,"inBuffer":false,"facType":"government"}},{"type":"Feature","geometry":{"type":"Point","coordinates":[-122.31006,47.71405]},"properties":{"probability":0.395,"inBuffer":false,"facType":"government"}},{"type":"Feature","geometry":{"type":"Point","coordinates":[-122.3034,47.71402]},"properties":{"probability":0.543,"inBuffer":false,"facType":"government"}},{"type":"Feature","geometry":{"type":"Point","coordinates":[-122.29673,47.71397]},"properties":{"probability":0.574,"inBuffer":false,"facType":"government"}},{"type":"Feature","geometry":{"type":"Point","coordinates":[-122.29006,47.71393]},"properties":{"probability":0.446,"inBuffer":false,"facType":"government"}},{"type":"Feature","geometry":{"type":"Point","coordinates":[-122.2834,47.71389]},"properties":{"probability":0.331,"inBuffer":false,"facType":"government"}},{"type":"Feature","geometry":{"type":"Point","coordinates":[-122.27673,47.71385]},"properties":{"probability":0.169,"inBuffer":false,"facType":"government"}},{"type":"Feature","geometry":{"type":"Point","coordinates":[-122.25674,47.71372]},"properties":{"probability":0.17,"inBuffer":false,"facType":"water_works"}},{"type":"Feature","geometry":{"type":"Point","coordinates":[-122.25007,47.71368]},"properties":{"probability":0.17,"inBuffer":false,"facType":"water_works"}},{"type":"Feature","geometry":{"type":"Point","coordinates":[-122.24341,47.71363]},"properties":{"probability":0.181,"inBuffer":false,"facType":"hospital"}},{"type":"Feature","geometry":{"type":"Point","coordinates":[-122.23674,47.71359]},"properties":{"probability":0.215,"inBuffer":false,"facType":"hospital"}},{"type":"Feature","geometry":{"type":"Point","coordinates":[-122.23007,47.71355]},"properties":{"probability":0.279,"inBuffer":false,"facType":"hospital"}},{"type":"Feature","geometry":{"type":"Point","coordinates":[-122.22341,47.7135]},"properties":{"probability":0.191,"inBuffer":false,"facType":"hospital"}},{"type":"Feature","geometry":{"type":"Point","coordinates":[-122.21674,47.71346]},"properties":{"probability":0.183,"inBuffer":false,"facType":"hospital"}},{"type":"Feature","geometry":{"type":"Point","coordinates":[-122.21008,47.71341]},"properties":{"probability":0.292,"inBuffer":false,"facType":"hospital"}},{"type":"Feature","geometry":{"type":"Point","coordinates":[-122.20341,47.71336]},"properties":{"probability":0.321,"inBuffer":true,"facType":"hospital"}},{"type":"Feature","geometry":{"type":"Point","coordinates":[-122.19675,47.71332]},"properties":{"probability":0.343,"inBuffer":false,"facType":"substation"}},{"type":"Feature","geometry":{"type":"Point","coordinates":[-122.19009,47.71327]},"properties":{"probability":0.619,"inBuffer":false,"facType":"substation"}},{"type":"Feature","geometry":{"type":"Point","coordinates":[-122.18342,47.71322]},"properties":{"probability":0.693,"inBuffer":true,"facType":"hospital"}},{"type":"Feature","geometry":{"type":"Point","coordinates":[-122.17675,47.71318]},"properties":{"probability":0.699,"inBuffer":true,"facType":"hospital"}},{"type":"Feature","geometry":{"type":"Point","coordinates":[-122.17009,47.71313]},"properties":{"probability":0.628,"inBuffer":true,"facType":"substation"}},{"type":"Feature","geometry":{"type":"Point","coordinates":[-122.16342,47.71308]},"properties":{"probability":0.635,"inBuffer":false,"facType":"substation"}},{"type":"Feature","geometry":{"type":"Point","coordinates":[-122.15675,47.71303]},"properties":{"probability":0.423,"inBuffer":false,"facType":"substation"}},{"type":"Feature","geometry":{"type":"Point","coordinates":[-122.37677,47.70994]},"properties":{"probability":0.163,"inBuffer":false,"facType":"water_works"}},{"type":"Feature","geometry":{"type":"Point","coordinates":[-122.37011,47.7099]},"properties":{"probability":0.165,"inBuffer":false,"facType":"substation"}},{"type":"Feature","geometry":{"type":"Point","coordinates":[-122.36344,47.70987]},"properties":{"probability":0.248,"inBuffer":false,"facType":"substation"}},{"type":"Feature","geometry":{"type":"Point","coordinates":[-122.35677,47.70983]},"properties":{"probability":0.374,"inBuffer":false,"facType":"substation"}},{"type":"Feature","geometry":{"type":"Point","coordinates":[-122.35011,47.70979]},"properties":{"probability":0.403,"inBuffer":false,"facType":"substation"}},{"type":"Feature","geometry":{"type":"Point","coordinates":[-122.34344,47.70975]},"properties":{"probability":0.561,"inBuffer":true,"facType":"substation"}},{"type":"Feature","geometry":{"type":"Point","coordinates":[-122.33678,47.70971]},"properties":{"probability":0.611,"inBuffer":true,"facType":"government"}},{"type":"Feature","geometry":{"type":"Point","coordinates":[-122.33012,47.70967]},"properties":{"probability":0.68,"inBuffer":false,"facType":"government"}},{"type":"Feature","geometry":{"type":"Point","coordinates":[-122.32345,47.70964]},"properties":{"probability":0.713,"inBuffer":false,"facType":"government"}},{"type":"Feature","geometry":{"type":"Point","coordinates":[-122.31679,47.7096]},"properties":{"probability":0.653,"inBuffer":false,"facType":"government"}},{"type":"Feature","geometry":{"type":"Point","coordinates":[-122.31012,47.70956]},"properties":{"probability":0.381,"inBuffer":false,"facType":"government"}},{"type":"Feature","geometry":{"type":"Point","coordinates":[-122.30345,47.70952]},"properties":{"probability":0.461,"inBuffer":false,"facType":"government"}},{"type":"Feature","geometry":{"type":"Point","coordinates":[-122.29679,47.70948]},"properties":{"probability":0.514,"inBuffer":false,"facType":"government"}},{"type":"Feature","geometry":{"type":"Point","coordinates":[-122.29012,47.70943]},"properties":{"probability":0.32,"inBuffer":false,"facType":"government"}},{"type":"Feature","geometry":{"type":"Point","coordinates":[-122.28346,47.70939]},"properties":{"probability":0.269,"inBuffer":false,"facType":"water_works"}},{"type":"Feature","geometry":{"type":"Point","coordinates":[-122.27679,47.70935]},"properties":{"probability":0.189,"inBuffer":false,"facType":"water_works"}},{"type":"Feature","geometry":{"type":"Point","coordinates":[-122.24347,47.70914]},"properties":{"probability":0.174,"inBuffer":false,"facType":"government"}},{"type":"Feature","geometry":{"type":"Point","coordinates":[-122.23681,47.70909]},"properties":{"probability":0.246,"inBuffer":false,"facType":"hospital"}},{"type":"Feature","geometry":{"type":"Point","coordinates":[-122.23014,47.70905]},"properties":{"probability":0.244,"inBuffer":false,"facType":"hospital"}},{"type":"Feature","geometry":{"type":"Point","coordinates":[-122.22347,47.709]},"properties":{"probability":0.194,"inBuffer":false,"facType":"hospital"}},{"type":"Feature","geometry":{"type":"Point","coordinates":[-122.21681,47.70896]},"properties":{"probability":0.305,"inBuffer":false,"facType":"hospital"}},{"type":"Feature","geometry":{"type":"Point","coordinates":[-122.21014,47.70891]},"properties":{"probability":0.334,"inBuffer":false,"facType":"hospital"}},{"type":"Feature","geometry":{"type":"Point","coordinates":[-122.20348,47.70887]},"properties":{"probability":0.323,"inBuffer":false,"facType":"substation"}},{"type":"Feature","geometry":{"type":"Point","coordinates":[-122.19682,47.70882]},"properties":{"probability":0.395,"inBuffer":false,"facType":"government"}},{"type":"Feature","geometry":{"type":"Point","coordinates":[-122.19016,47.70877]},"properties":{"probability":0.687,"inBuffer":false,"facType":"government"}},{"type":"Feature","geometry":{"type":"Point","coordinates":[-122.18349,47.70872]},"properties":{"probability":0.694,"inBuffer":false,"facType":"government"}},{"type":"Feature","geometry":{"type":"Point","coordinates":[-122.17683,47.70868]},"properties":{"probability":0.703,"inBuffer":true,"facType":"government"}},{"type":"Feature","geometry":{"type":"Point","coordinates":[-122.17016,47.70863]},"properties":{"probability":0.709,"inBuffer":false,"facType":"substation"}},{"type":"Feature","geometry":{"type":"Point","coordinates":[-122.16349,47.70858]},"properties":{"probability":0.658,"inBuffer":false,"facType":"substation"}},{"type":"Feature","geometry":{"type":"Point","coordinates":[-122.15683,47.70853]},"properties":{"probability":0.387,"inBuffer":false,"facType":"substation"}},{"type":"Feature","geometry":{"type":"Point","coordinates":[-122.38349,47.70547]},"properties":{"probability":0.179,"inBuffer":false,"facType":"water_works"}},{"type":"Feature","geometry":{"type":"Point","coordinates":[-122.37682,47.70544]},"properties":{"probability":0.177,"inBuffer":false,"facType":"water_works"}},{"type":"Feature","geometry":{"type":"Point","coordinates":[-122.37016,47.7054]},"properties":{"probability":0.296,"inBuffer":false,"facType":"substation"}},{"type":"Feature","geometry":{"type":"Point","coordinates":[-122.36349,47.70537]},"properties":{"probability":0.382,"inBuffer":false,"facType":"substation"}},{"type":"Feature","geometry":{"type":"Point","coordinates":[-122.35683,47.70533]},"properties":{"probability":0.433,"inBuffer":false,"facType":"substation"}},{"type":"Feature","geometry":{"type":"Point","coordinates":[-122.35017,47.70529]},"properties":{"probability":0.446,"inBuffer":false,"facType":"substation"}},{"type":"Feature","geometry":{"type":"Point","coordinates":[-122.3435,47.70525]},"properties":{"probability":0.539,"inBuffer":false,"facType":"substation"}},{"type":"Feature","geometry":{"type":"Point","coordinates":[-122.33684,47.70522]},"properties":{"probability":0.675,"inBuffer":false,"facType":"government"}},{"type":"Feature","geometry":{"type":"Point","coordinates":[-122.33017,47.70518]},"properties":{"probability":0.703,"inBuffer":false,"facType":"government"}},{"type":"Feature","geometry":{"type":"Point","coordinates":[-122.32351,47.70514]},"properties":{"probability":0.712,"inBuffer":false,"facType":"government"}},{"type":"Feature","geometry":{"type":"Point","coordinates":[-122.31684,47.7051]},"properties":{"probability":0.635,"inBuffer":false,"facType":"government"}},{"type":"Feature","geometry":{"type":"Point","coordinates":[-122.31018,47.70506]},"properties":{"probability":0.39,"inBuffer":false,"facType":"government"}},{"type":"Feature","geometry":{"type":"Point","coordinates":[-122.30351,47.70502]},"properties":{"probability":0.443,"inBuffer":false,"facType":"government"}},{"type":"Feature","geometry":{"type":"Point","coordinates":[-122.29685,47.70498]},"properties":{"probability":0.387,"inBuffer":false,"facType":"government"}},{"type":"Feature","geometry":{"type":"Point","coordinates":[-122.29018,47.70494]},"properties":{"probability":0.318,"inBuffer":false,"facType":"water_works"}},{"type":"Feature","geometry":{"type":"Point","coordinates":[-122.28352,47.7049]},"properties":{"probability":0.273,"inBuffer":false,"facType":"water_works"}},{"type":"Feature","geometry":{"type":"Point","coordinates":[-122.27686,47.70485]},"properties":{"probability":0.183,"inBuffer":false,"facType":"water_works"}},{"type":"Feature","geometry":{"type":"Point","coordinates":[-122.24354,47.70464]},"properties":{"probability":0.177,"inBuffer":false,"facType":"government"}},{"type":"Feature","geometry":{"type":"Point","coordinates":[-122.23687,47.70459]},"properties":{"probability":0.184,"inBuffer":false,"facType":"government"}},{"type":"Feature","geometry":{"type":"Point","coordinates":[-122.23021,47.70455]},"properties":{"probability":0.183,"inBuffer":false,"facType":"hospital"}},{"type":"Feature","geometry":{"type":"Point","coordinates":[-122.22354,47.70451]},"properties":{"probability":0.171,"inBuffer":false,"facType":"hospital"}},{"type":"Feature","geometry":{"type":"Point","coordinates":[-122.21688,47.70446]},"properties":{"probability":0.322,"inBuffer":false,"facType":"substation"}},{"type":"Feature","geometry":{"type":"Point","coordinates":[-122.21021,47.70441]},"properties":{"probability":0.442,"inBuffer":false,"facType":"substation"}},{"type":"Feature","geometry":{"type":"Point","coordinates":[-122.20355,47.70437]},"properties":{"probability":0.34,"inBuffer":false,"facType":"substation"}},{"type":"Feature","geometry":{"type":"Point","coordinates":[-122.19688,47.70432]},"properties":{"probability":0.418,"inBuffer":false,"facType":"government"}},{"type":"Feature","geometry":{"type":"Point","coordinates":[-122.19022,47.70427]},"properties":{"probability":0.62,"inBuffer":false,"facType":"government"}},{"type":"Feature","geometry":{"type":"Point","coordinates":[-122.18356,47.70423]},"properties":{"probability":0.663,"inBuffer":false,"facType":"government"}},{"type":"Feature","geometry":{"type":"Point","coordinates":[-122.1769,47.70418]},"properties":{"probability":0.708,"inBuffer":false,"facType":"government"}},{"type":"Feature","geometry":{"type":"Point","coordinates":[-122.17023,47.70413]},"properties":{"probability":0.427,"inBuffer":false,"facType":"substation"}},{"type":"Feature","geometry":{"type":"Point","coordinates":[-122.16357,47.70408]},"properties":{"probability":0.226,"inBuffer":false,"facType":"substation"}},{"type":"Feature","geometry":{"type":"Point","coordinates":[-122.1569,47.70403]},"properties":{"probability":0.342,"inBuffer":false,"facType":"substation"}},{"type":"Feature","geometry":{"type":"Point","coordinates":[-122.39021,47.70101]},"properties":{"probability":0.179,"inBuffer":false,"facType":"water_works"}},{"type":"Feature","geometry":{"type":"Point","coordinates":[-122.38354,47.70098]},"properties":{"probability":0.224,"inBuffer":false,"facType":"water_works"}},{"type":"Feature","geometry":{"type":"Point","coordinates":[-122.37688,47.70094]},"properties":{"probability":0.317,"inBuffer":false,"facType":"water_works"}},{"type":"Feature","geometry":{"type":"Point","coordinates":[-122.37022,47.7009]},"properties":{"probability":0.439,"inBuffer":false,"facType":"water_works"}},{"type":"Feature","geometry":{"type":"Point","coordinates":[-122.36355,47.70087]},"properties":{"probability":0.482,"inBuffer":false,"facType":"substation"}},{"type":"Feature","geometry":{"type":"Point","coordinates":[-122.35689,47.70083]},"properties":{"probability":0.505,"inBuffer":false,"facType":"substation"}},{"type":"Feature","geometry":{"type":"Point","coordinates":[-122.35022,47.70079]},"properties":{"probability":0.536,"inBuffer":false,"facType":"substation"}},{"type":"Feature","geometry":{"type":"Point","coordinates":[-122.34356,47.70076]},"properties":{"probability":0.63,"inBuffer":false,"facType":"government"}},{"type":"Feature","geometry":{"type":"Point","coordinates":[-122.33689,47.70072]},"properties":{"probability":0.638,"inBuffer":false,"facType":"government"}},{"type":"Feature","geometry":{"type":"Point","coordinates":[-122.33023,47.70068]},"properties":{"probability":0.705,"inBuffer":false,"facType":"government"}},{"type":"Feature","geometry":{"type":"Point","coordinates":[-122.32357,47.70064]},"properties":{"probability":0.681,"inBuffer":false,"facType":"substation"}},{"type":"Feature","geometry":{"type":"Point","coordinates":[-122.3169,47.7006]},"properties":{"probability":0.539,"inBuffer":false,"facType":"substation"}},{"type":"Feature","geometry":{"type":"Point","coordinates":[-122.31024,47.70056]},"properties":{"probability":0.326,"inBuffer":false,"facType":"substation"}},{"type":"Feature","geometry":{"type":"Point","coordinates":[-122.30357,47.70052]},"properties":{"probability":0.372,"inBuffer":false,"facType":"substation"}},{"type":"Feature","geometry":{"type":"Point","coordinates":[-122.29691,47.70048]},"properties":{"probability":0.339,"inBuffer":false,"facType":"water_works"}},{"type":"Feature","geometry":{"type":"Point","coordinates":[-122.29025,47.70044]},"properties":{"probability":0.312,"inBuffer":false,"facType":"water_works"}},{"type":"Feature","geometry":{"type":"Point","coordinates":[-122.28358,47.7004]},"properties":{"probability":0.285,"inBuffer":false,"facType":"water_works"}},{"type":"Feature","geometry":{"type":"Point","coordinates":[-122.27692,47.70036]},"properties":{"probability":0.197,"inBuffer":false,"facType":"water_works"}},{"type":"Feature","geometry":{"type":"Point","coordinates":[-122.2436,47.70014]},"properties":{"probability":0.185,"inBuffer":false,"facType":"government"}},{"type":"Feature","geometry":{"type":"Point","coordinates":[-122.23694,47.7001]},"properties":{"probability":0.19,"inBuffer":false,"facType":"government"}},{"type":"Feature","geometry":{"type":"Point","coordinates":[-122.23027,47.70005]},"properties":{"probability":0.182,"inBuffer":false,"facType":"government"}},{"type":"Feature","geometry":{"type":"Point","coordinates":[-122.22361,47.70001]},"properties":{"probability":0.178,"inBuffer":false,"facType":"substation"}},{"type":"Feature","geometry":{"type":"Point","coordinates":[-122.21695,47.69996]},"properties":{"probability":0.177,"inBuffer":false,"facType":"substation"}},{"type":"Feature","geometry":{"type":"Point","coordinates":[-122.21028,47.69992]},"properties":{"probability":0.186,"inBuffer":false,"facType":"substation"}},{"type":"Feature","geometry":{"type":"Point","coordinates":[-122.20362,47.69987]},"properties":{"probability":0.175,"inBuffer":false,"facType":"substation"}},{"type":"Feature","geometry":{"type":"Point","coordinates":[-122.19695,47.69982]},"properties":{"probability":0.175,"inBuffer":false,"facType":"substation"}},{"type":"Feature","geometry":{"type":"Point","coordinates":[-122.19029,47.69978]},"properties":{"probability":0.306,"inBuffer":false,"facType":"substation"}},{"type":"Feature","geometry":{"type":"Point","coordinates":[-122.18363,47.69973]},"properties":{"probability":0.46,"inBuffer":false,"facType":"government"}},{"type":"Feature","geometry":{"type":"Point","coordinates":[-122.17696,47.69968]},"properties":{"probability":0.439,"inBuffer":false,"facType":"government"}},{"type":"Feature","geometry":{"type":"Point","coordinates":[-122.1703,47.69963]},"properties":{"probability":0.213,"inBuffer":false,"facType":"substation"}},{"type":"Feature","geometry":{"type":"Point","coordinates":[-122.16364,47.69958]},"properties":{"probability":0.182,"inBuffer":false,"facType":"substation"}},{"type":"Feature","geometry":{"type":"Point","coordinates":[-122.15697,47.69954]},"properties":{"probability":0.192,"inBuffer":false,"facType":"substation"}},{"type":"Feature","geometry":{"type":"Point","coordinates":[-122.40359,47.69658]},"properties":{"probability":0.175,"inBuffer":false,"facType":"government"}},{"type":"Feature","geometry":{"type":"Point","coordinates":[-122.39692,47.69655]},"properties":{"probability":0.194,"inBuffer":false,"facType":"water_works"}},{"type":"Feature","geometry":{"type":"Point","coordinates":[-122.39026,47.69651]},"properties":{"probability":0.22,"inBuffer":false,"facType":"water_works"}},{"type":"Feature","geometry":{"type":"Point","coordinates":[-122.3836,47.69648]},"properties":{"probability":0.332,"inBuffer":false,"facType":"water_works"}},{"type":"Feature","geometry":{"type":"Point","coordinates":[-122.37693,47.69644]},"properties":{"probability":0.385,"inBuffer":false,"facType":"water_works"}},{"type":"Feature","geometry":{"type":"Point","coordinates":[-122.37027,47.69641]},"properties":{"probability":0.432,"inBuffer":false,"facType":"water_works"}},{"type":"Feature","geometry":{"type":"Point","coordinates":[-122.3636,47.69637]},"properties":{"probability":0.441,"inBuffer":false,"facType":"substation"}},{"type":"Feature","geometry":{"type":"Point","coordinates":[-122.35694,47.69633]},"properties":{"probability":0.439,"inBuffer":false,"facType":"substation"}},{"type":"Feature","geometry":{"type":"Point","coordinates":[-122.35028,47.6963]},"properties":{"probability":0.478,"inBuffer":false,"facType":"government"}},{"type":"Feature","geometry":{"type":"Point","coordinates":[-122.34361,47.69626]},"properties":{"probability":0.63,"inBuffer":false,"facType":"government"}},{"type":"Feature","geometry":{"type":"Point","coordinates":[-122.33695,47.69622]},"properties":{"probability":0.609,"inBuffer":false,"facType":"government"}},{"type":"Feature","geometry":{"type":"Point","coordinates":[-122.33029,47.69618]},"properties":{"probability":0.655,"inBuffer":false,"facType":"substation"}},{"type":"Feature","geometry":{"type":"Point","coordinates":[-122.32362,47.69614]},"properties":{"probability":0.607,"inBuffer":false,"facType":"substation"}},{"type":"Feature","geometry":{"type":"Point","coordinates":[-122.31696,47.6961]},"properties":{"probability":0.422,"inBuffer":false,"facType":"substation"}},{"type":"Feature","geometry":{"type":"Point","coordinates":[-122.3103,47.69606]},"properties":{"probability":0.37,"inBuffer":false,"facType":"substation"}},{"type":"Feature","geometry":{"type":"Point","coordinates":[-122.30363,47.69602]},"properties":{"probability":0.354,"inBuffer":false,"facType":"substation"}},{"type":"Feature","geometry":{"type":"Point","coordinates":[-122.29697,47.69598]},"properties":{"probability":0.328,"inBuffer":false,"facType":"substation"}},{"type":"Feature","geometry":{"type":"Point","coordinates":[-122.29031,47.69594]},"properties":{"probability":0.315,"inBuffer":false,"facType":"water_works"}},{"type":"Feature","geometry":{"type":"Point","coordinates":[-122.28365,47.6959]},"properties":{"probability":0.301,"inBuffer":false,"facType":"water_works"}},{"type":"Feature","geometry":{"type":"Point","coordinates":[-122.27699,47.69586]},"properties":{"probability":0.202,"inBuffer":false,"facType":"water_works"}},{"type":"Feature","geometry":{"type":"Point","coordinates":[-122.27032,47.69582]},"properties":{"probability":0.176,"inBuffer":false,"facType":"water_works"}},{"type":"Feature","geometry":{"type":"Point","coordinates":[-122.21701,47.69546]},"properties":{"probability":0.167,"inBuffer":false,"facType":"substation"}},{"type":"Feature","geometry":{"type":"Point","coordinates":[-122.21035,47.69542]},"properties":{"probability":0.202,"inBuffer":false,"facType":"substation"}},{"type":"Feature","geometry":{"type":"Point","coordinates":[-122.20369,47.69537]},"properties":{"probability":0.182,"inBuffer":false,"facType":"substation"}},{"type":"Feature","geometry":{"type":"Point","coordinates":[-122.19702,47.69532]},"properties":{"probability":0.185,"inBuffer":false,"facType":"substation"}},{"type":"Feature","geometry":{"type":"Point","coordinates":[-122.19036,47.69528]},"properties":{"probability":0.187,"inBuffer":false,"facType":"substation"}},{"type":"Feature","geometry":{"type":"Point","coordinates":[-122.1837,47.69523]},"properties":{"probability":0.196,"inBuffer":false,"facType":"substation"}},{"type":"Feature","geometry":{"type":"Point","coordinates":[-122.17703,47.69518]},"properties":{"probability":0.245,"inBuffer":false,"facType":"government"}},{"type":"Feature","geometry":{"type":"Point","coordinates":[-122.17037,47.69514]},"properties":{"probability":0.214,"inBuffer":false,"facType":"government"}},{"type":"Feature","geometry":{"type":"Point","coordinates":[-122.16371,47.69509]},"properties":{"probability":0.182,"inBuffer":false,"facType":"substation"}},{"type":"Feature","geometry":{"type":"Point","coordinates":[-122.15704,47.69504]},"properties":{"probability":0.253,"inBuffer":false,"facType":"substation"}},{"type":"Feature","geometry":{"type":"Point","coordinates":[-122.39697,47.69205]},"properties":{"probability":0.178,"inBuffer":false,"facType":"government"}},{"type":"Feature","geometry":{"type":"Point","coordinates":[-122.39031,47.69202]},"properties":{"probability":0.3,"inBuffer":false,"facType":"government"}},{"type":"Feature","geometry":{"type":"Point","coordinates":[-122.38365,47.69198]},"properties":{"probability":0.322,"inBuffer":false,"facType":"water_works"}},{"type":"Feature","geometry":{"type":"Point","coordinates":[-122.37698,47.69194]},"properties":{"probability":0.501,"inBuffer":false,"facType":"water_works"}},{"type":"Feature","geometry":{"type":"Point","coordinates":[-122.37032,47.69191]},"properties":{"probability":0.438,"inBuffer":false,"facType":"water_works"}},{"type":"Feature","geometry":{"type":"Point","coordinates":[-122.36366,47.69187]},"properties":{"probability":0.445,"inBuffer":false,"facType":"government"}},{"type":"Feature","geometry":{"type":"Point","coordinates":[-122.35699,47.69183]},"properties":{"probability":0.517,"inBuffer":false,"facType":"government"}},{"type":"Feature","geometry":{"type":"Point","coordinates":[-122.35033,47.6918]},"properties":{"probability":0.511,"inBuffer":false,"facType":"government"}},{"type":"Feature","geometry":{"type":"Point","coordinates":[-122.34367,47.69176]},"properties":{"probability":0.622,"inBuffer":false,"facType":"government"}},{"type":"Feature","geometry":{"type":"Point","coordinates":[-122.33701,47.69172]},"properties":{"probability":0.517,"inBuffer":false,"facType":"substation"}},{"type":"Feature","geometry":{"type":"Point","coordinates":[-122.33035,47.69168]},"properties":{"probability":0.509,"inBuffer":false,"facType":"substation"}},{"type":"Feature","geometry":{"type":"Point","coordinates":[-122.32368,47.69164]},"properties":{"probability":0.45,"inBuffer":false,"facType":"substation"}},{"type":"Feature","geometry":{"type":"Point","coordinates":[-122.31702,47.6916]},"properties":{"probability":0.449,"inBuffer":false,"facType":"substation"}},{"type":"Feature","geometry":{"type":"Point","coordinates":[-122.31036,47.69156]},"properties":{"probability":0.45,"inBuffer":false,"facType":"substation"}},{"type":"Feature","geometry":{"type":"Point","coordinates":[-122.3037,47.69152]},"properties":{"probability":0.393,"inBuffer":false,"facType":"substation"}},{"type":"Feature","geometry":{"type":"Point","coordinates":[-122.29704,47.69148]},"properties":{"probability":0.351,"inBuffer":false,"facType":"substation"}},{"type":"Feature","geometry":{"type":"Point","coordinates":[-122.29037,47.69144]},"properties":{"probability":0.323,"inBuffer":false,"facType":"substation"}},{"type":"Feature","geometry":{"type":"Point","coordinates":[-122.28371,47.6914]},"properties":{"probability":0.293,"inBuffer":false,"facType":"water_works"}},{"type":"Feature","geometry":{"type":"Point","coordinates":[-122.27705,47.69136]},"properties":{"probability":0.245,"inBuffer":false,"facType":"water_works"}},{"type":"Feature","geometry":{"type":"Point","coordinates":[-122.27038,47.69131]},"properties":{"probability":0.297,"inBuffer":false,"facType":"water_works"}},{"type":"Feature","geometry":{"type":"Point","coordinates":[-122.26372,47.69127]},"properties":{"probability":0.189,"inBuffer":false,"facType":"government"}},{"type":"Feature","geometry":{"type":"Point","coordinates":[-122.25706,47.69123]},"properties":{"probability":0.171,"inBuffer":false,"facType":"government"}},{"type":"Feature","geometry":{"type":"Point","coordinates":[-122.2504,47.69119]},"properties":{"probability":0.17,"inBuffer":false,"facType":"government"}},{"type":"Feature","geometry":{"type":"Point","coordinates":[-122.21708,47.69096]},"properties":{"probability":0.195,"inBuffer":false,"facType":"government"}},{"type":"Feature","geometry":{"type":"Point","coordinates":[-122.21042,47.69092]},"properties":{"probability":0.339,"inBuffer":false,"facType":"substation"}},{"type":"Feature","geometry":{"type":"Point","coordinates":[-122.20376,47.69087]},"properties":{"probability":0.225,"inBuffer":false,"facType":"substation"}},{"type":"Feature","geometry":{"type":"Point","coordinates":[-122.19709,47.69083]},"properties":{"probability":0.178,"inBuffer":false,"facType":"substation"}},{"type":"Feature","geometry":{"type":"Point","coordinates":[-122.19043,47.69078]},"properties":{"probability":0.183,"inBuffer":false,"facType":"substation"}},{"type":"Feature","geometry":{"type":"Point","coordinates":[-122.18377,47.69073]},"properties":{"probability":0.176,"inBuffer":false,"facType":"substation"}},{"type":"Feature","geometry":{"type":"Point","coordinates":[-122.17711,47.69069]},"properties":{"probability":0.219,"inBuffer":false,"facType":"substation"}},{"type":"Feature","geometry":{"type":"Point","coordinates":[-122.17044,47.69064]},"properties":{"probability":0.237,"inBuffer":false,"facType":"substation"}},{"type":"Feature","geometry":{"type":"Point","coordinates":[-122.16378,47.69059]},"properties":{"probability":0.218,"inBuffer":false,"facType":"substation"}},{"type":"Feature","geometry":{"type":"Point","coordinates":[-122.15712,47.69054]},"properties":{"probability":0.291,"inBuffer":false,"facType":"substation"}},{"type":"Feature","geometry":{"type":"Point","coordinates":[-122.40369,47.68759]},"properties":{"probability":0.182,"inBuffer":false,"facType":"government"}},{"type":"Feature","geometry":{"type":"Point","coordinates":[-122.39703,47.68755]},"properties":{"probability":0.251,"inBuffer":false,"facType":"government"}},{"type":"Feature","geometry":{"type":"Point","coordinates":[-122.39037,47.68752]},"properties":{"probability":0.357,"inBuffer":false,"facType":"government"}},{"type":"Feature","geometry":{"type":"Point","coordinates":[-122.3837,47.68748]},"properties":{"probability":0.437,"inBuffer":false,"facType":"government"}},{"type":"Feature","geometry":{"type":"Point","coordinates":[-122.37704,47.68745]},"properties":{"probability":0.461,"inBuffer":false,"facType":"government"}},{"type":"Feature","geometry":{"type":"Point","coordinates":[-122.37038,47.68741]},"properties":{"probability":0.432,"inBuffer":false,"facType":"water_works"}},{"type":"Feature","geometry":{"type":"Point","coordinates":[-122.36372,47.68737]},"properties":{"probability":0.433,"inBuffer":false,"facType":"government"}},{"type":"Feature","geometry":{"type":"Point","coordinates":[-122.35706,47.68734]},"properties":{"probability":0.502,"inBuffer":false,"facType":"government"}},{"type":"Feature","geometry":{"type":"Point","coordinates":[-122.35039,47.6873]},"properties":{"probability":0.522,"inBuffer":false,"facType":"government"}},{"type":"Feature","geometry":{"type":"Point","coordinates":[-122.34373,47.68726]},"properties":{"probability":0.583,"inBuffer":false,"facType":"government"}},{"type":"Feature","geometry":{"type":"Point","coordinates":[-122.33707,47.68722]},"properties":{"probability":0.444,"inBuffer":false,"facType":"substation"}},{"type":"Feature","geometry":{"type":"Point","coordinates":[-122.33041,47.68718]},"properties":{"probability":0.461,"inBuffer":false,"facType":"substation"}},{"type":"Feature","geometry":{"type":"Point","coordinates":[-122.32374,47.68715]},"properties":{"probability":0.547,"inBuffer":false,"facType":"substation"}},{"type":"Feature","geometry":{"type":"Point","coordinates":[-122.31708,47.6871]},"properties":{"probability":0.553,"inBuffer":false,"facType":"substation"}},{"type":"Feature","geometry":{"type":"Point","coordinates":[-122.31042,47.68707]},"properties":{"probability":0.456,"inBuffer":false,"facType":"substation"}},{"type":"Feature","geometry":{"type":"Point","coordinates":[-122.30376,47.68702]},"properties":{"probability":0.387,"inBuffer":false,"facType":"substation"}},{"type":"Feature","geometry":{"type":"Point","coordinates":[-122.2971,47.68699]},"properties":{"probability":0.392,"inBuffer":false,"facType":"substation"}},{"type":"Feature","geometry":{"type":"Point","coordinates":[-122.29043,47.68694]},"properties":{"probability":0.397,"inBuffer":false,"facType":"substation"}},{"type":"Feature","geometry":{"type":"Point","coordinates":[-122.28377,47.6869]},"properties":{"probability":0.335,"inBuffer":false,"facType":"substation"}},{"type":"Feature","geometry":{"type":"Point","coordinates":[-122.27711,47.68686]},"properties":{"probability":0.322,"inBuffer":false,"facType":"substation"}},{"type":"Feature","geometry":{"type":"Point","coordinates":[-122.27045,47.68682]},"properties":{"probability":0.377,"inBuffer":false,"facType":"government"}},{"type":"Feature","geometry":{"type":"Point","coordinates":[-122.26378,47.68678]},"properties":{"probability":0.387,"inBuffer":false,"facType":"government"}},{"type":"Feature","geometry":{"type":"Point","coordinates":[-122.25712,47.68673]},"properties":{"probability":0.324,"inBuffer":false,"facType":"government"}},{"type":"Feature","geometry":{"type":"Point","coordinates":[-122.25046,47.68669]},"properties":{"probability":0.187,"inBuffer":false,"facType":"government"}},{"type":"Feature","geometry":{"type":"Point","coordinates":[-122.21715,47.68647]},"properties":{"probability":0.17,"inBuffer":false,"facType":"government"}},{"type":"Feature","geometry":{"type":"Point","coordinates":[-122.21049,47.68642]},"properties":{"probability":0.337,"inBuffer":false,"facType":"government"}},{"type":"Feature","geometry":{"type":"Point","coordinates":[-122.20383,47.68637]},"properties":{"probability":0.427,"inBuffer":false,"facType":"government"}},{"type":"Feature","geometry":{"type":"Point","coordinates":[-122.19717,47.68633]},"properties":{"probability":0.323,"inBuffer":false,"facType":"substation"}},{"type":"Feature","geometry":{"type":"Point","coordinates":[-122.1905,47.68628]},"properties":{"probability":0.334,"inBuffer":false,"facType":"substation"}},{"type":"Feature","geometry":{"type":"Point","coordinates":[-122.18384,47.68623]},"properties":{"probability":0.344,"inBuffer":false,"facType":"substation"}},{"type":"Feature","geometry":{"type":"Point","coordinates":[-122.17718,47.68619]},"properties":{"probability":0.351,"inBuffer":false,"facType":"substation"}},{"type":"Feature","geometry":{"type":"Point","coordinates":[-122.17052,47.68614]},"properties":{"probability":0.338,"inBuffer":false,"facType":"substation"}},{"type":"Feature","geometry":{"type":"Point","coordinates":[-122.16386,47.68609]},"properties":{"probability":0.254,"inBuffer":false,"facType":"substation"}},{"type":"Feature","geometry":{"type":"Point","coordinates":[-122.15719,47.68604]},"properties":{"probability":0.237,"inBuffer":false,"facType":"substation"}},{"type":"Feature","geometry":{"type":"Point","coordinates":[-122.4104,47.68312]},"properties":{"probability":0.237,"inBuffer":false,"facType":"government"}},{"type":"Feature","geometry":{"type":"Point","coordinates":[-122.40374,47.68309]},"properties":{"probability":0.342,"inBuffer":false,"facType":"government"}},{"type":"Feature","geometry":{"type":"Point","coordinates":[-122.39708,47.68305]},"properties":{"probability":0.353,"inBuffer":false,"facType":"government"}},{"type":"Feature","geometry":{"type":"Point","coordinates":[-122.39042,47.68302]},"properties":{"probability":0.381,"inBuffer":false,"facType":"government"}},{"type":"Feature","geometry":{"type":"Point","coordinates":[-122.38375,47.68298]},"properties":{"probability":0.384,"inBuffer":false,"facType":"government"}},{"type":"Feature","geometry":{"type":"Point","coordinates":[-122.37709,47.68295]},"properties":{"probability":0.391,"inBuffer":false,"facType":"government"}},{"type":"Feature","geometry":{"type":"Point","coordinates":[-122.37043,47.68291]},"properties":{"probability":0.367,"inBuffer":false,"facType":"government"}},{"type":"Feature","geometry":{"type":"Point","coordinates":[-122.36377,47.68287]},"properties":{"probability":0.397,"inBuffer":false,"facType":"hospital"}},{"type":"Feature","geometry":{"type":"Point","coordinates":[-122.35711,47.68284]},"properties":{"probability":0.441,"inBuffer":false,"facType":"government"}},{"type":"Feature","geometry":{"type":"Point","coordinates":[-122.35045,47.6828]},"properties":{"probability":0.434,"inBuffer":false,"facType":"government"}},{"type":"Feature","geometry":{"type":"Point","coordinates":[-122.34378,47.68276]},"properties":{"probability":0.393,"inBuffer":false,"facType":"substation"}},{"type":"Feature","geometry":{"type":"Point","coordinates":[-122.33712,47.68272]},"properties":{"probability":0.327,"inBuffer":false,"facType":"substation"}},{"type":"Feature","geometry":{"type":"Point","coordinates":[-122.33046,47.68269]},"properties":{"probability":0.466,"inBuffer":false,"facType":"substation"}},{"type":"Feature","geometry":{"type":"Point","coordinates":[-122.3238,47.68264]},"properties":{"probability":0.616,"inBuffer":false,"facType":"substation"}},{"type":"Feature","geometry":{"type":"Point","coordinates":[-122.31714,47.68261]},"properties":{"probability":0.632,"inBuffer":false,"facType":"substation"}},{"type":"Feature","geometry":{"type":"Point","coordinates":[-122.31048,47.68257]},"properties":{"probability":0.436,"inBuffer":false,"facType":"substation"}},{"type":"Feature","geometry":{"type":"Point","coordinates":[-122.30382,47.68253]},"properties":{"probability":0.386,"inBuffer":false,"facType":"substation"}},{"type":"Feature","geometry":{"type":"Point","coordinates":[-122.29715,47.68248]},"properties":{"probability":0.43,"inBuffer":false,"facType":"substation"}},{"type":"Feature","geometry":{"type":"Point","coordinates":[-122.29049,47.68245]},"properties":{"probability":0.436,"inBuffer":false,"facType":"substation"}},{"type":"Feature","geometry":{"type":"Point","coordinates":[-122.28383,47.6824]},"properties":{"probability":0.379,"inBuffer":false,"facType":"substation"}},{"type":"Feature","geometry":{"type":"Point","coordinates":[-122.27717,47.68236]},"properties":{"probability":0.373,"inBuffer":false,"facType":"substation"}},{"type":"Feature","geometry":{"type":"Point","coordinates":[-122.27051,47.68232]},"properties":{"probability":0.446,"inBuffer":false,"facType":"substation"}},{"type":"Feature","geometry":{"type":"Point","coordinates":[-122.26385,47.68228]},"properties":{"probability":0.456,"inBuffer":false,"facType":"substation"}},{"type":"Feature","geometry":{"type":"Point","coordinates":[-122.25719,47.68223]},"properties":{"probability":0.196,"inBuffer":false,"facType":"government"}},{"type":"Feature","geometry":{"type":"Point","coordinates":[-122.25053,47.68219]},"properties":{"probability":0.166,"inBuffer":false,"facType":"government"}},{"type":"Feature","geometry":{"type":"Point","coordinates":[-122.21722,47.68197]},"properties":{"probability":0.171,"inBuffer":false,"facType":"government"}},{"type":"Feature","geometry":{"type":"Point","coordinates":[-122.21056,47.68192]},"properties":{"probability":0.388,"inBuffer":false,"facType":"government"}},{"type":"Feature","geometry":{"type":"Point","coordinates":[-122.2039,47.68188]},"properties":{"probability":0.531,"inBuffer":false,"facType":"government"}},{"type":"Feature","geometry":{"type":"Point","coordinates":[-122.19724,47.68183]},"properties":{"probability":0.601,"inBuffer":false,"facType":"substation"}},{"type":"Feature","geometry":{"type":"Point","coordinates":[-122.19057,47.68178]},"properties":{"probability":0.485,"inBuffer":false,"facType":"substation"}},{"type":"Feature","geometry":{"type":"Point","coordinates":[-122.18391,47.68174]},"properties":{"probability":0.49,"inBuffer":false,"facType":"substation"}},{"type":"Feature","geometry":{"type":"Point","coordinates":[-122.17725,47.68169]},"properties":{"probability":0.516,"inBuffer":false,"facType":"substation"}},{"type":"Feature","geometry":{"type":"Point","coordinates":[-122.17059,47.68164]},"properties":{"probability":0.394,"inBuffer":false,"facType":"substation"}},{"type":"Feature","geometry":{"type":"Point","coordinates":[-122.16393,47.68159]},"properties":{"probability":0.354,"inBuffer":false,"facType":"substation"}},{"type":"Feature","geometry":{"type":"Point","coordinates":[-122.15726,47.68154]},"properties":{"probability":0.244,"inBuffer":false,"facType":"substation"}},{"type":"Feature","geometry":{"type":"Point","coordinates":[-122.41045,47.67862]},"properties":{"probability":0.294,"inBuffer":false,"facType":"water_works"}},{"type":"Feature","geometry":{"type":"Point","coordinates":[-122.40379,47.67859]},"properties":{"probability":0.369,"inBuffer":false,"facType":"water_works"}},{"type":"Feature","geometry":{"type":"Point","coordinates":[-122.39713,47.67855]},"properties":{"probability":0.372,"inBuffer":false,"facType":"government"}},{"type":"Feature","geometry":{"type":"Point","coordinates":[-122.39046,47.67852]},"properties":{"probability":0.442,"inBuffer":false,"facType":"government"}},{"type":"Feature","geometry":{"type":"Point","coordinates":[-122.3838,47.67849]},"properties":{"probability":0.446,"inBuffer":false,"facType":"government"}},{"type":"Feature","geometry":{"type":"Point","coordinates":[-122.37714,47.67845]},"properties":{"probability":0.451,"inBuffer":false,"facType":"government"}},{"type":"Feature","geometry":{"type":"Point","coordinates":[-122.37048,47.67841]},"properties":{"probability":0.393,"inBuffer":false,"facType":"hospital"}},{"type":"Feature","geometry":{"type":"Point","coordinates":[-122.36382,47.67838]},"properties":{"probability":0.389,"inBuffer":false,"facType":"hospital"}},{"type":"Feature","geometry":{"type":"Point","coordinates":[-122.35716,47.67834]},"properties":{"probability":0.386,"inBuffer":false,"facType":"substation"}},{"type":"Feature","geometry":{"type":"Point","coordinates":[-122.3505,47.6783]},"properties":{"probability":0.388,"inBuffer":false,"facType":"substation"}},{"type":"Feature","geometry":{"type":"Point","coordinates":[-122.34384,47.67826]},"properties":{"probability":0.262,"inBuffer":false,"facType":"substation"}},{"type":"Feature","geometry":{"type":"Point","coordinates":[-122.33718,47.67823]},"properties":{"probability":0.296,"inBuffer":false,"facType":"substation"}},{"type":"Feature","geometry":{"type":"Point","coordinates":[-122.33052,47.67818]},"properties":{"probability":0.467,"inBuffer":false,"facType":"substation"}},{"type":"Feature","geometry":{"type":"Point","coordinates":[-122.32386,47.67815]},"properties":{"probability":0.643,"inBuffer":false,"facType":"substation"}},{"type":"Feature","geometry":{"type":"Point","coordinates":[-122.3172,47.67811]},"properties":{"probability":0.642,"inBuffer":false,"facType":"substation"}},{"type":"Feature","geometry":{"type":"Point","coordinates":[-122.31054,47.67807]},"properties":{"probability":0.498,"inBuffer":false,"facType":"substation"}},{"type":"Feature","geometry":{"type":"Point","coordinates":[-122.30387,47.67803]},"properties":{"probability":0.398,"inBuffer":false,"facType":"substation"}},{"type":"Feature","geometry":{"type":"Point","coordinates":[-122.29721,47.67799]},"properties":{"probability":0.393,"inBuffer":false,"facType":"substation"}},{"type":"Feature","geometry":{"type":"Point","coordinates":[-122.29055,47.67794]},"properties":{"probability":0.433,"inBuffer":false,"facType":"substation"}},{"type":"Feature","geometry":{"type":"Point","coordinates":[-122.28389,47.67791]},"properties":{"probability":0.41,"inBuffer":false,"facType":"substation"}},{"type":"Feature","geometry":{"type":"Point","coordinates":[-122.27723,47.67786]},"properties":{"probability":0.365,"inBuffer":false,"facType":"substation"}},{"type":"Feature","geometry":{"type":"Point","coordinates":[-122.27057,47.67782]},"properties":{"probability":0.428,"inBuffer":false,"facType":"substation"}},{"type":"Feature","geometry":{"type":"Point","coordinates":[-122.26391,47.67778]},"properties":{"probability":0.424,"inBuffer":false,"facType":"substation"}},{"type":"Feature","geometry":{"type":"Point","coordinates":[-122.25725,47.67773]},"properties":{"probability":0.199,"inBuffer":false,"facType":"government"}},{"type":"Feature","geometry":{"type":"Point","coordinates":[-122.21062,47.67743]},"properties":{"probability":0.407,"inBuffer":false,"facType":"government"}},{"type":"Feature","geometry":{"type":"Point","coordinates":[-122.20396,47.67738]},"properties":{"probability":0.635,"inBuffer":false,"facType":"government"}},{"type":"Feature","geometry":{"type":"Point","coordinates":[-122.1973,47.67733]},"properties":{"probability":0.634,"inBuffer":false,"facType":"substation"}},{"type":"Feature","geometry":{"type":"Point","coordinates":[-122.19064,47.67728]},"properties":{"probability":0.495,"inBuffer":false,"facType":"substation"}},{"type":"Feature","geometry":{"type":"Point","coordinates":[-122.18398,47.67724]},"properties":{"probability":0.519,"inBuffer":false,"facType":"substation"}},{"type":"Feature","geometry":{"type":"Point","coordinates":[-122.17732,47.67719]},"properties":{"probability":0.526,"inBuffer":false,"facType":"substation"}},{"type":"Feature","geometry":{"type":"Point","coordinates":[-122.17065,47.67714]},"properties":{"probability":0.4,"inBuffer":false,"facType":"substation"}},{"type":"Feature","geometry":{"type":"Point","coordinates":[-122.16399,47.67709]},"properties":{"probability":0.339,"inBuffer":false,"facType":"substation"}},{"type":"Feature","geometry":{"type":"Point","coordinates":[-122.15733,47.67704]},"properties":{"probability":0.204,"inBuffer":false,"facType":"substation"}},{"type":"Feature","geometry":{"type":"Point","coordinates":[-122.4105,47.67413]},"properties":{"probability":0.201,"inBuffer":false,"facType":"water_works"}},{"type":"Feature","geometry":{"type":"Point","coordinates":[-122.40384,47.67409]},"properties":{"probability":0.388,"inBuffer":false,"facType":"water_works"}},{"type":"Feature","geometry":{"type":"Point","coordinates":[-122.39718,47.67406]},"properties":{"probability":0.445,"inBuffer":false,"facType":"government"}},{"type":"Feature","geometry":{"type":"Point","coordinates":[-122.39052,47.67402]},"properties":{"probability":0.549,"inBuffer":false,"facType":"government"}},{"type":"Feature","geometry":{"type":"Point","coordinates":[-122.38386,47.67398]},"properties":{"probability":0.567,"inBuffer":false,"facType":"government"}},{"type":"Feature","geometry":{"type":"Point","coordinates":[-122.3772,47.67395]},"properties":{"probability":0.607,"inBuffer":true,"facType":"government"}},{"type":"Feature","geometry":{"type":"Point","coordinates":[-122.37054,47.67391]},"properties":{"probability":0.451,"inBuffer":false,"facType":"hospital"}},{"type":"Feature","geometry":{"type":"Point","coordinates":[-122.36388,47.67388]},"properties":{"probability":0.385,"inBuffer":false,"facType":"substation"}},{"type":"Feature","geometry":{"type":"Point","coordinates":[-122.35722,47.67384]},"properties":{"probability":0.381,"inBuffer":false,"facType":"substation"}},{"type":"Feature","geometry":{"type":"Point","coordinates":[-122.35056,47.6738]},"properties":{"probability":0.376,"inBuffer":false,"facType":"substation"}},{"type":"Feature","geometry":{"type":"Point","coordinates":[-122.34389,47.67376]},"properties":{"probability":0.278,"inBuffer":false,"facType":"substation"}},{"type":"Feature","geometry":{"type":"Point","coordinates":[-122.33723,47.67373]},"properties":{"probability":0.355,"inBuffer":false,"facType":"substation"}},{"type":"Feature","geometry":{"type":"Point","coordinates":[-122.33057,47.67369]},"properties":{"probability":0.394,"inBuffer":false,"facType":"substation"}},{"type":"Feature","geometry":{"type":"Point","coordinates":[-122.32391,47.67365]},"properties":{"probability":0.544,"inBuffer":false,"facType":"substation"}},{"type":"Feature","geometry":{"type":"Point","coordinates":[-122.31725,47.67361]},"properties":{"probability":0.592,"inBuffer":false,"facType":"substation"}},{"type":"Feature","geometry":{"type":"Point","coordinates":[-122.31059,47.67357]},"properties":{"probability":0.462,"inBuffer":false,"facType":"government"}},{"type":"Feature","geometry":{"type":"Point","coordinates":[-122.30393,47.67353]},"properties":{"probability":0.383,"inBuffer":false,"facType":"water_works"}},{"type":"Feature","geometry":{"type":"Point","coordinates":[-122.29727,47.67349]},"properties":{"probability":0.402,"inBuffer":false,"facType":"water_works"}},{"type":"Feature","geometry":{"type":"Point","coordinates":[-122.29061,47.67345]},"properties":{"probability":0.376,"inBuffer":false,"facType":"water_works"}},{"type":"Feature","geometry":{"type":"Point","coordinates":[-122.28395,47.6734]},"properties":{"probability":0.378,"inBuffer":false,"facType":"hospital"}},{"type":"Feature","geometry":{"type":"Point","coordinates":[-122.27729,47.67336]},"properties":{"probability":0.393,"inBuffer":false,"facType":"hospital"}},{"type":"Feature","geometry":{"type":"Point","coordinates":[-122.27063,47.67332]},"properties":{"probability":0.414,"inBuffer":false,"facType":"substation"}},{"type":"Feature","geometry":{"type":"Point","coordinates":[-122.26397,47.67328]},"properties":{"probability":0.393,"inBuffer":false,"facType":"government"}},{"type":"Feature","geometry":{"type":"Point","coordinates":[-122.25731,47.67324]},"properties":{"probability":0.185,"inBuffer":false,"facType":"government"}},{"type":"Feature","geometry":{"type":"Point","coordinates":[-122.25065,47.67319]},"properties":{"probability":0.179,"inBuffer":false,"facType":"government"}},{"type":"Feature","geometry":{"type":"Point","coordinates":[-122.21069,47.67292]},"properties":{"probability":0.354,"inBuffer":false,"facType":"government"}},{"type":"Feature","geometry":{"type":"Point","coordinates":[-122.20403,47.67288]},"properties":{"probability":0.621,"inBuffer":false,"facType":"government"}},{"type":"Feature","geometry":{"type":"Point","coordinates":[-122.19737,47.67283]},"properties":{"probability":0.627,"inBuffer":true,"facType":"hospital"}},{"type":"Feature","geometry":{"type":"Point","coordinates":[-122.19071,47.67279]},"properties":{"probability":0.465,"inBuffer":true,"facType":"hospital"}},{"type":"Feature","geometry":{"type":"Point","coordinates":[-122.18405,47.67274]},"properties":{"probability":0.404,"inBuffer":false,"facType":"hospital"}},{"type":"Feature","geometry":{"type":"Point","coordinates":[-122.17739,47.67269]},"properties":{"probability":0.36,"inBuffer":false,"facType":"hospital"}},{"type":"Feature","geometry":{"type":"Point","coordinates":[-122.17073,47.67264]},"properties":{"probability":0.361,"inBuffer":false,"facType":"substation"}},{"type":"Feature","geometry":{"type":"Point","coordinates":[-122.16407,47.6726]},"properties":{"probability":0.296,"inBuffer":false,"facType":"substation"}},{"type":"Feature","geometry":{"type":"Point","coordinates":[-122.15741,47.67255]},"properties":{"probability":0.241,"inBuffer":false,"facType":"substation"}},{"type":"Feature","geometry":{"type":"Point","coordinates":[-122.41055,47.66963]},"properties":{"probability":0.176,"inBuffer":false,"facType":"water_works"}},{"type":"Feature","geometry":{"type":"Point","coordinates":[-122.40389,47.66959]},"properties":{"probability":0.381,"inBuffer":false,"facType":"water_works"}},{"type":"Feature","geometry":{"type":"Point","coordinates":[-122.39723,47.66956]},"properties":{"probability":0.579,"inBuffer":false,"facType":"government"}},{"type":"Feature","geometry":{"type":"Point","coordinates":[-122.39057,47.66952]},"properties":{"probability":0.686,"inBuffer":false,"facType":"government"}},{"type":"Feature","geometry":{"type":"Point","coordinates":[-122.38391,47.66949]},"properties":{"probability":0.708,"inBuffer":true,"facType":"government"}},{"type":"Feature","geometry":{"type":"Point","coordinates":[-122.37725,47.66945]},"properties":{"probability":0.684,"inBuffer":true,"facType":"hospital"}},{"type":"Feature","geometry":{"type":"Point","coordinates":[-122.37059,47.66941]},"properties":{"probability":0.577,"inBuffer":false,"facType":"hospital"}},{"type":"Feature","geometry":{"type":"Point","coordinates":[-122.36393,47.66938]},"properties":{"probability":0.458,"inBuffer":false,"facType":"substation"}},{"type":"Feature","geometry":{"type":"Point","coordinates":[-122.35728,47.66934]},"properties":{"probability":0.372,"inBuffer":false,"facType":"substation"}},{"type":"Feature","geometry":{"type":"Point","coordinates":[-122.35062,47.6693]},"properties":{"probability":0.343,"inBuffer":false,"facType":"substation"}},{"type":"Feature","geometry":{"type":"Point","coordinates":[-122.34396,47.66927]},"properties":{"probability":0.336,"inBuffer":false,"facType":"substation"}},{"type":"Feature","geometry":{"type":"Point","coordinates":[-122.3373,47.66923]},"properties":{"probability":0.363,"inBuffer":false,"facType":"substation"}},{"type":"Feature","geometry":{"type":"Point","coordinates":[-122.33064,47.66919]},"properties":{"probability":0.394,"inBuffer":false,"facType":"government"}},{"type":"Feature","geometry":{"type":"Point","coordinates":[-122.32397,47.66915]},"properties":{"probability":0.514,"inBuffer":false,"facType":"government"}},{"type":"Feature","geometry":{"type":"Point","coordinates":[-122.31731,47.66911]},"properties":{"probability":0.579,"inBuffer":false,"facType":"government"}},{"type":"Feature","geometry":{"type":"Point","coordinates":[-122.31065,47.66907]},"properties":{"probability":0.547,"inBuffer":false,"facType":"government"}},{"type":"Feature","geometry":{"type":"Point","coordinates":[-122.30399,47.66903]},"properties":{"probability":0.593,"inBuffer":false,"facType":"water_works"}},{"type":"Feature","geometry":{"type":"Point","coordinates":[-122.29733,47.66899]},"properties":{"probability":0.608,"inBuffer":false,"facType":"water_works"}},{"type":"Feature","geometry":{"type":"Point","coordinates":[-122.29067,47.66895]},"properties":{"probability":0.433,"inBuffer":false,"facType":"water_works"}},{"type":"Feature","geometry":{"type":"Point","coordinates":[-122.28401,47.66891]},"properties":{"probability":0.492,"inBuffer":true,"facType":"hospital"}},{"type":"Feature","geometry":{"type":"Point","coordinates":[-122.27735,47.66887]},"properties":{"probability":0.439,"inBuffer":false,"facType":"hospital"}},{"type":"Feature","geometry":{"type":"Point","coordinates":[-122.2707,47.66882]},"properties":{"probability":0.377,"inBuffer":false,"facType":"hospital"}},{"type":"Feature","geometry":{"type":"Point","coordinates":[-122.26404,47.66878]},"properties":{"probability":0.339,"inBuffer":false,"facType":"government"}},{"type":"Feature","geometry":{"type":"Point","coordinates":[-122.25738,47.66874]},"properties":{"probability":0.188,"inBuffer":false,"facType":"government"}},{"type":"Feature","geometry":{"type":"Point","coordinates":[-122.25072,47.66869]},"properties":{"probability":0.17,"inBuffer":false,"facType":"government"}},{"type":"Feature","geometry":{"type":"Point","coordinates":[-122.21075,47.66843]},"properties":{"probability":0.297,"inBuffer":true,"facType":"airport"}},{"type":"Feature","geometry":{"type":"Point","coordinates":[-122.2041,47.66838]},"properties":{"probability":0.553,"inBuffer":true,"facType":"substation"}},{"type":"Feature","geometry":{"type":"Point","coordinates":[-122.19744,47.66833]},"properties":{"probability":0.635,"inBuffer":true,"facType":"hospital"}},{"type":"Feature","geometry":{"type":"Point","coordinates":[-122.19078,47.66829]},"properties":{"probability":0.431,"inBuffer":true,"facType":"hospital"}},{"type":"Feature","geometry":{"type":"Point","coordinates":[-122.18412,47.66824]},"properties":{"probability":0.37,"inBuffer":false,"facType":"hospital"}},{"type":"Feature","geometry":{"type":"Point","coordinates":[-122.17746,47.66819]},"properties":{"probability":0.332,"inBuffer":false,"facType":"hospital"}},{"type":"Feature","geometry":{"type":"Point","coordinates":[-122.1708,47.66814]},"properties":{"probability":0.33,"inBuffer":false,"facType":"substation"}},{"type":"Feature","geometry":{"type":"Point","coordinates":[-122.16414,47.6681]},"properties":{"probability":0.328,"inBuffer":false,"facType":"substation"}},{"type":"Feature","geometry":{"type":"Point","coordinates":[-122.15748,47.66805]},"properties":{"probability":0.255,"inBuffer":false,"facType":"substation"}},{"type":"Feature","geometry":{"type":"Point","coordinates":[-122.43058,47.66523]},"properties":{"probability":0.248,"inBuffer":false,"facType":"water_works"}},{"type":"Feature","geometry":{"type":"Point","coordinates":[-122.42392,47.6652]},"properties":{"probability":0.176,"inBuffer":false,"facType":"water_works"}},{"type":"Feature","geometry":{"type":"Point","coordinates":[-122.41061,47.66513]},"properties":{"probability":0.186,"inBuffer":false,"facType":"government"}},{"type":"Feature","geometry":{"type":"Point","coordinates":[-122.40395,47.66509]},"properties":{"probability":0.384,"inBuffer":false,"facType":"government"}},{"type":"Feature","geometry":{"type":"Point","coordinates":[-122.39729,47.66506]},"properties":{"probability":0.542,"inBuffer":false,"facType":"government"}},{"type":"Feature","geometry":{"type":"Point","coordinates":[-122.39062,47.66502]},"properties":{"probability":0.691,"inBuffer":false,"facType":"government"}},{"type":"Feature","geometry":{"type":"Point","coordinates":[-122.38396,47.66499]},"properties":{"probability":0.698,"inBuffer":true,"facType":"hospital"}},{"type":"Feature","geometry":{"type":"Point","coordinates":[-122.3773,47.66495]},"properties":{"probability":0.709,"inBuffer":true,"facType":"hospital"}},{"type":"Feature","geometry":{"type":"Point","coordinates":[-122.37064,47.66492]},"properties":{"probability":0.66,"inBuffer":false,"facType":"substation"}},{"type":"Feature","geometry":{"type":"Point","coordinates":[-122.36399,47.66488]},"properties":{"probability":0.583,"inBuffer":false,"facType":"substation"}},{"type":"Feature","geometry":{"type":"Point","coordinates":[-122.35733,47.66484]},"properties":{"probability":0.436,"inBuffer":false,"facType":"substation"}},{"type":"Feature","geometry":{"type":"Point","coordinates":[-122.35067,47.66481]},"properties":{"probability":0.492,"inBuffer":false,"facType":"substation"}},{"type":"Feature","geometry":{"type":"Point","coordinates":[-122.34401,47.66477]},"properties":{"probability":0.51,"inBuffer":false,"facType":"substation"}},{"type":"Feature","geometry":{"type":"Point","coordinates":[-122.33735,47.66473]},"properties":{"probability":0.508,"inBuffer":false,"facType":"substation"}},{"type":"Feature","geometry":{"type":"Point","coordinates":[-122.33069,47.66469]},"properties":{"probability":0.476,"inBuffer":false,"facType":"water_works"}},{"type":"Feature","geometry":{"type":"Point","coordinates":[-122.32403,47.66465]},"properties":{"probability":0.68,"inBuffer":false,"facType":"government"}},{"type":"Feature","geometry":{"type":"Point","coordinates":[-122.31738,47.66461]},"properties":{"probability":0.712,"inBuffer":false,"facType":"government"}},{"type":"Feature","geometry":{"type":"Point","coordinates":[-122.31071,47.66457]},"properties":{"probability":0.69,"inBuffer":false,"facType":"government"}},{"type":"Feature","geometry":{"type":"Point","coordinates":[-122.30405,47.66453]},"properties":{"probability":0.752,"inBuffer":false,"facType":"water_works"}},{"type":"Feature","geometry":{"type":"Point","coordinates":[-122.29739,47.66449]},"properties":{"probability":0.756,"inBuffer":false,"facType":"water_works"}},{"type":"Feature","geometry":{"type":"Point","coordinates":[-122.29073,47.66445]},"properties":{"probability":0.661,"inBuffer":true,"facType":"water_works"}},{"type":"Feature","geometry":{"type":"Point","coordinates":[-122.28407,47.66441]},"properties":{"probability":0.608,"inBuffer":true,"facType":"hospital"}},{"type":"Feature","geometry":{"type":"Point","coordinates":[-122.27742,47.66437]},"properties":{"probability":0.553,"inBuffer":true,"facType":"hospital"}},{"type":"Feature","geometry":{"type":"Point","coordinates":[-122.27076,47.66433]},"properties":{"probability":0.314,"inBuffer":false,"facType":"hospital"}},{"type":"Feature","geometry":{"type":"Point","coordinates":[-122.2641,47.66428]},"properties":{"probability":0.212,"inBuffer":false,"facType":"government"}},{"type":"Feature","geometry":{"type":"Point","coordinates":[-122.21082,47.66393]},"properties":{"probability":0.228,"inBuffer":true,"facType":"airport"}},{"type":"Feature","geometry":{"type":"Point","coordinates":[-122.20417,47.66388]},"properties":{"probability":0.488,"inBuffer":true,"facType":"airport"}},{"type":"Feature","geometry":{"type":"Point","coordinates":[-122.19751,47.66384]},"properties":{"probability":0.595,"inBuffer":true,"facType":"substation"}},{"type":"Feature","geometry":{"type":"Point","coordinates":[-122.19085,47.66379]},"properties":{"probability":0.389,"inBuffer":true,"facType":"substation"}},{"type":"Feature","geometry":{"type":"Point","coordinates":[-122.18419,47.66374]},"properties":{"probability":0.286,"inBuffer":false,"facType":"substation"}},{"type":"Feature","geometry":{"type":"Point","coordinates":[-122.17753,47.6637]},"properties":{"probability":0.2,"inBuffer":false,"facType":"substation"}},{"type":"Feature","geometry":{"type":"Point","coordinates":[-122.17087,47.66365]},"properties":{"probability":0.259,"inBuffer":false,"facType":"substation"}},{"type":"Feature","geometry":{"type":"Point","coordinates":[-122.16422,47.6636]},"properties":{"probability":0.318,"inBuffer":false,"facType":"substation"}},{"type":"Feature","geometry":{"type":"Point","coordinates":[-122.15755,47.66355]},"properties":{"probability":0.229,"inBuffer":false,"facType":"substation"}},{"type":"Feature","geometry":{"type":"Point","coordinates":[-122.43063,47.66073]},"properties":{"probability":0.317,"inBuffer":false,"facType":"water_works"}},{"type":"Feature","geometry":{"type":"Point","coordinates":[-122.42397,47.6607]},"properties":{"probability":0.158,"inBuffer":false,"facType":"water_works"}},{"type":"Feature","geometry":{"type":"Point","coordinates":[-122.41065,47.66063]},"properties":{"probability":0.168,"inBuffer":false,"facType":"government"}},{"type":"Feature","geometry":{"type":"Point","coordinates":[-122.404,47.66059]},"properties":{"probability":0.328,"inBuffer":false,"facType":"government"}},{"type":"Feature","geometry":{"type":"Point","coordinates":[-122.39734,47.66056]},"properties":{"probability":0.398,"inBuffer":false,"facType":"government"}},{"type":"Feature","geometry":{"type":"Point","coordinates":[-122.39068,47.66053]},"properties":{"probability":0.518,"inBuffer":false,"facType":"government"}},{"type":"Feature","geometry":{"type":"Point","coordinates":[-122.38402,47.66049]},"properties":{"probability":0.641,"inBuffer":false,"facType":"government"}},{"type":"Feature","geometry":{"type":"Point","coordinates":[-122.37736,47.66045]},"properties":{"probability":0.659,"inBuffer":false,"facType":"government"}},{"type":"Feature","geometry":{"type":"Point","coordinates":[-122.3707,47.66042]},"properties":{"probability":0.685,"inBuffer":false,"facType":"substation"}},{"type":"Feature","geometry":{"type":"Point","coordinates":[-122.36404,47.66038]},"properties":{"probability":0.596,"inBuffer":false,"facType":"substation"}},{"type":"Feature","geometry":{"type":"Point","coordinates":[-122.35738,47.66034]},"properties":{"probability":0.518,"inBuffer":false,"facType":"substation"}},{"type":"Feature","geometry":{"type":"Point","coordinates":[-122.35072,47.66031]},"properties":{"probability":0.557,"inBuffer":false,"facType":"water_works"}},{"type":"Feature","geometry":{"type":"Point","coordinates":[-122.34406,47.66027]},"properties":{"probability":0.586,"inBuffer":false,"facType":"water_works"}},{"type":"Feature","geometry":{"type":"Point","coordinates":[-122.33741,47.66023]},"properties":{"probability":0.542,"inBuffer":false,"facType":"substation"}},{"type":"Feature","geometry":{"type":"Point","coordinates":[-122.33075,47.66019]},"properties":{"probability":0.515,"inBuffer":false,"facType":"substation"}},{"type":"Feature","geometry":{"type":"Point","coordinates":[-122.32409,47.66015]},"properties":{"probability":0.676,"inBuffer":false,"facType":"water_works"}},{"type":"Feature","geometry":{"type":"Point","coordinates":[-122.31743,47.66011]},"properties":{"probability":0.699,"inBuffer":false,"facType":"government"}},{"type":"Feature","geometry":{"type":"Point","coordinates":[-122.31078,47.66007]},"properties":{"probability":0.71,"inBuffer":true,"facType":"government"}},{"type":"Feature","geometry":{"type":"Point","coordinates":[-122.30412,47.66003]},"properties":{"probability":0.746,"inBuffer":true,"facType":"power"}},{"type":"Feature","geometry":{"type":"Point","coordinates":[-122.29745,47.65999]},"properties":{"probability":0.736,"inBuffer":false,"facType":"water_works"}},{"type":"Feature","geometry":{"type":"Point","coordinates":[-122.29079,47.65995]},"properties":{"probability":0.581,"inBuffer":true,"facType":"water_works"}},{"type":"Feature","geometry":{"type":"Point","coordinates":[-122.28413,47.65991]},"properties":{"probability":0.579,"inBuffer":true,"facType":"hospital"}},{"type":"Feature","geometry":{"type":"Point","coordinates":[-122.27748,47.65987]},"properties":{"probability":0.543,"inBuffer":true,"facType":"hospital"}},{"type":"Feature","geometry":{"type":"Point","coordinates":[-122.27082,47.65983]},"properties":{"probability":0.202,"inBuffer":false,"facType":"hospital"}},{"type":"Feature","geometry":{"type":"Point","coordinates":[-122.26416,47.65978]},"properties":{"probability":0.176,"inBuffer":false,"facType":"hospital"}},{"type":"Feature","geometry":{"type":"Point","coordinates":[-122.21089,47.65943]},"properties":{"probability":0.262,"inBuffer":true,"facType":"airport"}},{"type":"Feature","geometry":{"type":"Point","coordinates":[-122.20423,47.65939]},"properties":{"probability":0.386,"inBuffer":true,"facType":"airport"}},{"type":"Feature","geometry":{"type":"Point","coordinates":[-122.19758,47.65934]},"properties":{"probability":0.377,"inBuffer":true,"facType":"substation"}},{"type":"Feature","geometry":{"type":"Point","coordinates":[-122.19092,47.65929]},"properties":{"probability":0.35,"inBuffer":false,"facType":"substation"}},{"type":"Feature","geometry":{"type":"Point","coordinates":[-122.18426,47.65924]},"properties":{"probability":0.215,"inBuffer":false,"facType":"substation"}},{"type":"Feature","geometry":{"type":"Point","coordinates":[-122.1776,47.65919]},"properties":{"probability":0.184,"inBuffer":false,"facType":"substation"}},{"type":"Feature","geometry":{"type":"Point","coordinates":[-122.17094,47.65915]},"properties":{"probability":0.175,"inBuffer":false,"facType":"substation"}},{"type":"Feature","geometry":{"type":"Point","coordinates":[-122.16428,47.6591]},"properties":{"probability":0.219,"inBuffer":false,"facType":"substation"}},{"type":"Feature","geometry":{"type":"Point","coordinates":[-122.15762,47.65905]},"properties":{"probability":0.173,"inBuffer":false,"facType":"substation"}},{"type":"Feature","geometry":{"type":"Point","coordinates":[-122.41071,47.65613]},"properties":{"probability":0.177,"inBuffer":false,"facType":"government"}},{"type":"Feature","geometry":{"type":"Point","coordinates":[-122.40405,47.6561]},"properties":{"probability":0.317,"inBuffer":false,"facType":"substation"}},{"type":"Feature","geometry":{"type":"Point","coordinates":[-122.39739,47.65606]},"properties":{"probability":0.372,"inBuffer":false,"facType":"substation"}},{"type":"Feature","geometry":{"type":"Point","coordinates":[-122.39073,47.65603]},"properties":{"probability":0.509,"inBuffer":false,"facType":"government"}},{"type":"Feature","geometry":{"type":"Point","coordinates":[-122.38407,47.65599]},"properties":{"probability":0.619,"inBuffer":false,"facType":"government"}},{"type":"Feature","geometry":{"type":"Point","coordinates":[-122.37741,47.65596]},"properties":{"probability":0.639,"inBuffer":false,"facType":"government"}},{"type":"Feature","geometry":{"type":"Point","coordinates":[-122.37076,47.65592]},"properties":{"probability":0.66,"inBuffer":false,"facType":"substation"}},{"type":"Feature","geometry":{"type":"Point","coordinates":[-122.3641,47.65588]},"properties":{"probability":0.66,"inBuffer":false,"facType":"government"}},{"type":"Feature","geometry":{"type":"Point","coordinates":[-122.35744,47.65585]},"properties":{"probability":0.541,"inBuffer":false,"facType":"water_works"}},{"type":"Feature","geometry":{"type":"Point","coordinates":[-122.35078,47.65581]},"properties":{"probability":0.542,"inBuffer":false,"facType":"water_works"}},{"type":"Feature","geometry":{"type":"Point","coordinates":[-122.34412,47.65577]},"properties":{"probability":0.585,"inBuffer":false,"facType":"water_works"}},{"type":"Feature","geometry":{"type":"Point","coordinates":[-122.33746,47.65573]},"properties":{"probability":0.45,"inBuffer":false,"facType":"substation"}},{"type":"Feature","geometry":{"type":"Point","coordinates":[-122.3308,47.65569]},"properties":{"probability":0.454,"inBuffer":false,"facType":"substation"}},{"type":"Feature","geometry":{"type":"Point","coordinates":[-122.32415,47.65565]},"properties":{"probability":0.675,"inBuffer":false,"facType":"substation"}},{"type":"Feature","geometry":{"type":"Point","coordinates":[-122.31749,47.65561]},"properties":{"probability":0.699,"inBuffer":true,"facType":"water_works"}},{"type":"Feature","geometry":{"type":"Point","coordinates":[-122.31083,47.65557]},"properties":{"probability":0.708,"inBuffer":true,"facType":"power"}},{"type":"Feature","geometry":{"type":"Point","coordinates":[-122.30418,47.65553]},"properties":{"probability":0.697,"inBuffer":true,"facType":"power"}},{"type":"Feature","geometry":{"type":"Point","coordinates":[-122.29752,47.65549]},"properties":{"probability":0.611,"inBuffer":true,"facType":"power"}},{"type":"Feature","geometry":{"type":"Point","coordinates":[-122.29086,47.65545]},"properties":{"probability":0.455,"inBuffer":false,"facType":"power"}},{"type":"Feature","geometry":{"type":"Point","coordinates":[-122.2842,47.65541]},"properties":{"probability":0.387,"inBuffer":false,"facType":"hospital"}},{"type":"Feature","geometry":{"type":"Point","coordinates":[-122.27754,47.65537]},"properties":{"probability":0.448,"inBuffer":false,"facType":"hospital"}},{"type":"Feature","geometry":{"type":"Point","coordinates":[-122.27088,47.65533]},"properties":{"probability":0.218,"inBuffer":false,"facType":"hospital"}},{"type":"Feature","geometry":{"type":"Point","coordinates":[-122.26422,47.65528]},"properties":{"probability":0.164,"inBuffer":false,"facType":"hospital"}},{"type":"Feature","geometry":{"type":"Point","coordinates":[-122.21096,47.65493]},"properties":{"probability":0.38,"inBuffer":true,"facType":"airport"}},{"type":"Feature","geometry":{"type":"Point","coordinates":[-122.2043,47.65488]},"properties":{"probability":0.394,"inBuffer":true,"facType":"substation"}},{"type":"Feature","geometry":{"type":"Point","coordinates":[-122.19765,47.65484]},"properties":{"probability":0.363,"inBuffer":true,"facType":"substation"}},{"type":"Feature","geometry":{"type":"Point","coordinates":[-122.19099,47.65479]},"properties":{"probability":0.316,"inBuffer":false,"facType":"substation"}},{"type":"Feature","geometry":{"type":"Point","coordinates":[-122.18433,47.65475]},"properties":{"probability":0.241,"inBuffer":false,"facType":"substation"}},{"type":"Feature","geometry":{"type":"Point","coordinates":[-122.17767,47.6547]},"properties":{"probability":0.178,"inBuffer":false,"facType":"substation"}},{"type":"Feature","geometry":{"type":"Point","coordinates":[-122.17101,47.65465]},"properties":{"probability":0.175,"inBuffer":false,"facType":"substation"}},{"type":"Feature","geometry":{"type":"Point","coordinates":[-122.16436,47.6546]},"properties":{"probability":0.178,"inBuffer":false,"facType":"substation"}},{"type":"Feature","geometry":{"type":"Point","coordinates":[-122.1577,47.65455]},"properties":{"probability":0.16,"inBuffer":false,"facType":"substation"}},{"type":"Feature","geometry":{"type":"Point","coordinates":[-122.41741,47.65167]},"properties":{"probability":0.171,"inBuffer":false,"facType":"government"}},{"type":"Feature","geometry":{"type":"Point","coordinates":[-122.41076,47.65163]},"properties":{"probability":0.259,"inBuffer":false,"facType":"government"}},{"type":"Feature","geometry":{"type":"Point","coordinates":[-122.4041,47.6516]},"properties":{"probability":0.348,"inBuffer":false,"facType":"substation"}},{"type":"Feature","geometry":{"type":"Point","coordinates":[-122.39744,47.65156]},"properties":{"probability":0.365,"inBuffer":false,"facType":"substation"}},{"type":"Feature","geometry":{"type":"Point","coordinates":[-122.39079,47.65153]},"properties":{"probability":0.498,"inBuffer":false,"facType":"water_works"}},{"type":"Feature","geometry":{"type":"Point","coordinates":[-122.38412,47.65149]},"properties":{"probability":0.592,"inBuffer":false,"facType":"water_works"}},{"type":"Feature","geometry":{"type":"Point","coordinates":[-122.37746,47.65146]},"properties":{"probability":0.621,"inBuffer":false,"facType":"water_works"}},{"type":"Feature","geometry":{"type":"Point","coordinates":[-122.37081,47.65142]},"properties":{"probability":0.62,"inBuffer":false,"facType":"government"}},{"type":"Feature","geometry":{"type":"Point","coordinates":[-122.36415,47.65138]},"properties":{"probability":0.664,"inBuffer":false,"facType":"government"}},{"type":"Feature","geometry":{"type":"Point","coordinates":[-122.35749,47.65135]},"properties":{"probability":0.658,"inBuffer":false,"facType":"water_works"}},{"type":"Feature","geometry":{"type":"Point","coordinates":[-122.35084,47.65131]},"properties":{"probability":0.625,"inBuffer":false,"facType":"water_works"}},{"type":"Feature","geometry":{"type":"Point","coordinates":[-122.34418,47.65127]},"properties":{"probability":0.612,"inBuffer":false,"facType":"water_works"}},{"type":"Feature","geometry":{"type":"Point","coordinates":[-122.33752,47.65123]},"properties":{"probability":0.551,"inBuffer":false,"facType":"substation"}},{"type":"Feature","geometry":{"type":"Point","coordinates":[-122.33086,47.6512]},"properties":{"probability":0.446,"inBuffer":false,"facType":"substation"}},{"type":"Feature","geometry":{"type":"Point","coordinates":[-122.3242,47.65116]},"properties":{"probability":0.6,"inBuffer":false,"facType":"substation"}},{"type":"Feature","geometry":{"type":"Point","coordinates":[-122.31755,47.65112]},"properties":{"probability":0.635,"inBuffer":true,"facType":"power"}},{"type":"Feature","geometry":{"type":"Point","coordinates":[-122.31089,47.65108]},"properties":{"probability":0.689,"inBuffer":true,"facType":"substation"}},{"type":"Feature","geometry":{"type":"Point","coordinates":[-122.30423,47.65104]},"properties":{"probability":0.669,"inBuffer":true,"facType":"water_works"}},{"type":"Feature","geometry":{"type":"Point","coordinates":[-122.29758,47.651]},"properties":{"probability":0.407,"inBuffer":true,"facType":"power"}},{"type":"Feature","geometry":{"type":"Point","coordinates":[-122.29092,47.65096]},"properties":{"probability":0.175,"inBuffer":false,"facType":"power"}},{"type":"Feature","geometry":{"type":"Point","coordinates":[-122.28426,47.65091]},"properties":{"probability":0.183,"inBuffer":false,"facType":"hospital"}},{"type":"Feature","geometry":{"type":"Point","coordinates":[-122.2776,47.65087]},"properties":{"probability":0.202,"inBuffer":false,"facType":"hospital"}},{"type":"Feature","geometry":{"type":"Point","coordinates":[-122.27094,47.65083]},"properties":{"probability":0.175,"inBuffer":false,"facType":"hospital"}},{"type":"Feature","geometry":{"type":"Point","coordinates":[-122.21769,47.65048]},"properties":{"probability":0.199,"inBuffer":true,"facType":"government"}},{"type":"Feature","geometry":{"type":"Point","coordinates":[-122.21103,47.65043]},"properties":{"probability":0.186,"inBuffer":true,"facType":"government"}},{"type":"Feature","geometry":{"type":"Point","coordinates":[-122.20437,47.65039]},"properties":{"probability":0.299,"inBuffer":true,"facType":"substation"}},{"type":"Feature","geometry":{"type":"Point","coordinates":[-122.19772,47.65034]},"properties":{"probability":0.266,"inBuffer":false,"facType":"substation"}},{"type":"Feature","geometry":{"type":"Point","coordinates":[-122.19106,47.6503]},"properties":{"probability":0.226,"inBuffer":false,"facType":"substation"}},{"type":"Feature","geometry":{"type":"Point","coordinates":[-122.1844,47.65025]},"properties":{"probability":0.184,"inBuffer":false,"facType":"substation"}},{"type":"Feature","geometry":{"type":"Point","coordinates":[-122.16443,47.6501]},"properties":{"probability":0.17,"inBuffer":false,"facType":"substation"}},{"type":"Feature","geometry":{"type":"Point","coordinates":[-122.15777,47.65005]},"properties":{"probability":0.165,"inBuffer":false,"facType":"substation"}},{"type":"Feature","geometry":{"type":"Point","coordinates":[-122.41747,47.64717]},"properties":{"probability":0.189,"inBuffer":false,"facType":"government"}},{"type":"Feature","geometry":{"type":"Point","coordinates":[-122.4108,47.64713]},"properties":{"probability":0.326,"inBuffer":false,"facType":"substation"}},{"type":"Feature","geometry":{"type":"Point","coordinates":[-122.40415,47.6471]},"properties":{"probability":0.367,"inBuffer":false,"facType":"substation"}},{"type":"Feature","geometry":{"type":"Point","coordinates":[-122.39749,47.64706]},"properties":{"probability":0.363,"inBuffer":false,"facType":"substation"}},{"type":"Feature","geometry":{"type":"Point","coordinates":[-122.39084,47.64703]},"properties":{"probability":0.38,"inBuffer":false,"facType":"water_works"}},{"type":"Feature","geometry":{"type":"Point","coordinates":[-122.38418,47.647]},"properties":{"probability":0.486,"inBuffer":false,"facType":"water_works"}},{"type":"Feature","geometry":{"type":"Point","coordinates":[-122.37752,47.64696]},"properties":{"probability":0.586,"inBuffer":false,"facType":"water_works"}},{"type":"Feature","geometry":{"type":"Point","coordinates":[-122.37086,47.64692]},"properties":{"probability":0.54,"inBuffer":false,"facType":"government"}},{"type":"Feature","geometry":{"type":"Point","coordinates":[-122.3642,47.64688]},"properties":{"probability":0.639,"inBuffer":false,"facType":"government"}},{"type":"Feature","geometry":{"type":"Point","coordinates":[-122.35755,47.64685]},"properties":{"probability":0.602,"inBuffer":false,"facType":"government"}},{"type":"Feature","geometry":{"type":"Point","coordinates":[-122.35089,47.64681]},"properties":{"probability":0.589,"inBuffer":false,"facType":"water_works"}},{"type":"Feature","geometry":{"type":"Point","coordinates":[-122.34424,47.64677]},"properties":{"probability":0.604,"inBuffer":false,"facType":"water_works"}},{"type":"Feature","geometry":{"type":"Point","coordinates":[-122.33758,47.64674]},"properties":{"probability":0.556,"inBuffer":false,"facType":"substation"}},{"type":"Feature","geometry":{"type":"Point","coordinates":[-122.33092,47.64669]},"properties":{"probability":0.436,"inBuffer":false,"facType":"substation"}},{"type":"Feature","geometry":{"type":"Point","coordinates":[-122.32426,47.64666]},"properties":{"probability":0.536,"inBuffer":false,"facType":"substation"}},{"type":"Feature","geometry":{"type":"Point","coordinates":[-122.3176,47.64662]},"properties":{"probability":0.517,"inBuffer":false,"facType":"government"}},{"type":"Feature","geometry":{"type":"Point","coordinates":[-122.31095,47.64658]},"properties":{"probability":0.589,"inBuffer":false,"facType":"government"}},{"type":"Feature","geometry":{"type":"Point","coordinates":[-122.30429,47.64654]},"properties":{"probability":0.657,"inBuffer":false,"facType":"government"}},{"type":"Feature","geometry":{"type":"Point","coordinates":[-122.29764,47.6465]},"properties":{"probability":0.501,"inBuffer":false,"facType":"government"}},{"type":"Feature","geometry":{"type":"Point","coordinates":[-122.29098,47.64646]},"properties":{"probability":0.202,"inBuffer":false,"facType":"government"}},{"type":"Feature","geometry":{"type":"Point","coordinates":[-122.28432,47.64642]},"properties":{"probability":0.187,"inBuffer":false,"facType":"government"}},{"type":"Feature","geometry":{"type":"Point","coordinates":[-122.27766,47.64637]},"properties":{"probability":0.166,"inBuffer":false,"facType":"hospital"}},{"type":"Feature","geometry":{"type":"Point","coordinates":[-122.22441,47.64603]},"properties":{"probability":0.164,"inBuffer":false,"facType":"government"}},{"type":"Feature","geometry":{"type":"Point","coordinates":[-122.21775,47.64598]},"properties":{"probability":0.185,"inBuffer":false,"facType":"government"}},{"type":"Feature","geometry":{"type":"Point","coordinates":[-122.2111,47.64594]},"properties":{"probability":0.182,"inBuffer":false,"facType":"government"}},{"type":"Feature","geometry":{"type":"Point","coordinates":[-122.20444,47.64589]},"properties":{"probability":0.329,"inBuffer":false,"facType":"government"}},{"type":"Feature","geometry":{"type":"Point","coordinates":[-122.19778,47.64584]},"properties":{"probability":0.366,"inBuffer":false,"facType":"substation"}},{"type":"Feature","geometry":{"type":"Point","coordinates":[-122.19112,47.64579]},"properties":{"probability":0.353,"inBuffer":false,"facType":"substation"}},{"type":"Feature","geometry":{"type":"Point","coordinates":[-122.18447,47.64575]},"properties":{"probability":0.329,"inBuffer":false,"facType":"substation"}},{"type":"Feature","geometry":{"type":"Point","coordinates":[-122.17781,47.6457]},"properties":{"probability":0.176,"inBuffer":false,"facType":"substation"}},{"type":"Feature","geometry":{"type":"Point","coordinates":[-122.17116,47.64565]},"properties":{"probability":0.16,"inBuffer":false,"facType":"substation"}},{"type":"Feature","geometry":{"type":"Point","coordinates":[-122.1645,47.6456]},"properties":{"probability":0.173,"inBuffer":false,"facType":"substation"}},{"type":"Feature","geometry":{"type":"Point","coordinates":[-122.15784,47.64556]},"properties":{"probability":0.18,"inBuffer":false,"facType":"substation"}},{"type":"Feature","geometry":{"type":"Point","coordinates":[-122.41751,47.64267]},"properties":{"probability":0.181,"inBuffer":false,"facType":"government"}},{"type":"Feature","geometry":{"type":"Point","coordinates":[-122.41086,47.64264]},"properties":{"probability":0.339,"inBuffer":false,"facType":"substation"}},{"type":"Feature","geometry":{"type":"Point","coordinates":[-122.4042,47.6426]},"properties":{"probability":0.392,"inBuffer":false,"facType":"substation"}},{"type":"Feature","geometry":{"type":"Point","coordinates":[-122.39754,47.64257]},"properties":{"probability":0.393,"inBuffer":false,"facType":"substation"}},{"type":"Feature","geometry":{"type":"Point","coordinates":[-122.39088,47.64253]},"properties":{"probability":0.389,"inBuffer":false,"facType":"substation"}},{"type":"Feature","geometry":{"type":"Point","coordinates":[-122.38423,47.64249]},"properties":{"probability":0.482,"inBuffer":false,"facType":"water_works"}},{"type":"Feature","geometry":{"type":"Point","coordinates":[-122.37757,47.64246]},"properties":{"probability":0.504,"inBuffer":false,"facType":"water_works"}},{"type":"Feature","geometry":{"type":"Point","coordinates":[-122.37092,47.64242]},"properties":{"probability":0.454,"inBuffer":false,"facType":"water_works"}},{"type":"Feature","geometry":{"type":"Point","coordinates":[-122.36426,47.64239]},"properties":{"probability":0.437,"inBuffer":false,"facType":"government"}},{"type":"Feature","geometry":{"type":"Point","coordinates":[-122.3576,47.64235]},"properties":{"probability":0.46,"inBuffer":false,"facType":"government"}},{"type":"Feature","geometry":{"type":"Point","coordinates":[-122.35094,47.64231]},"properties":{"probability":0.501,"inBuffer":false,"facType":"government"}},{"type":"Feature","geometry":{"type":"Point","coordinates":[-122.34429,47.64227]},"properties":{"probability":0.506,"inBuffer":false,"facType":"airport"}},{"type":"Feature","geometry":{"type":"Point","coordinates":[-122.33763,47.64223]},"properties":{"probability":0.392,"inBuffer":false,"facType":"airport"}},{"type":"Feature","geometry":{"type":"Point","coordinates":[-122.33098,47.6422]},"properties":{"probability":0.425,"inBuffer":true,"facType":"airport"}},{"type":"Feature","geometry":{"type":"Point","coordinates":[-122.32433,47.64216]},"properties":{"probability":0.584,"inBuffer":true,"facType":"substation"}},{"type":"Feature","geometry":{"type":"Point","coordinates":[-122.31767,47.64212]},"properties":{"probability":0.502,"inBuffer":false,"facType":"government"}},{"type":"Feature","geometry":{"type":"Point","coordinates":[-122.31101,47.64208]},"properties":{"probability":0.521,"inBuffer":false,"facType":"government"}},{"type":"Feature","geometry":{"type":"Point","coordinates":[-122.30435,47.64204]},"properties":{"probability":0.542,"inBuffer":false,"facType":"government"}},{"type":"Feature","geometry":{"type":"Point","coordinates":[-122.2977,47.642]},"properties":{"probability":0.471,"inBuffer":false,"facType":"government"}},{"type":"Feature","geometry":{"type":"Point","coordinates":[-122.29104,47.64196]},"properties":{"probability":0.203,"inBuffer":false,"facType":"government"}},{"type":"Feature","geometry":{"type":"Point","coordinates":[-122.28439,47.64192]},"properties":{"probability":0.202,"inBuffer":false,"facType":"government"}},{"type":"Feature","geometry":{"type":"Point","coordinates":[-122.27773,47.64188]},"properties":{"probability":0.187,"inBuffer":false,"facType":"government"}},{"type":"Feature","geometry":{"type":"Point","coordinates":[-122.27107,47.64183]},"properties":{"probability":0.176,"inBuffer":false,"facType":"government"}},{"type":"Feature","geometry":{"type":"Point","coordinates":[-122.24445,47.64166]},"properties":{"probability":0.34,"inBuffer":false,"facType":"government"}},{"type":"Feature","geometry":{"type":"Point","coordinates":[-122.23779,47.64162]},"properties":{"probability":0.332,"inBuffer":false,"facType":"government"}},{"type":"Feature","geometry":{"type":"Point","coordinates":[-122.23113,47.64157]},"properties":{"probability":0.34,"inBuffer":false,"facType":"government"}},{"type":"Feature","geometry":{"type":"Point","coordinates":[-122.22448,47.64153]},"properties":{"probability":0.315,"inBuffer":false,"facType":"government"}},{"type":"Feature","geometry":{"type":"Point","coordinates":[-122.21782,47.64148]},"properties":{"probability":0.346,"inBuffer":false,"facType":"government"}},{"type":"Feature","geometry":{"type":"Point","coordinates":[-122.21117,47.64144]},"properties":{"probability":0.336,"inBuffer":false,"facType":"government"}},{"type":"Feature","geometry":{"type":"Point","coordinates":[-122.20451,47.64139]},"properties":{"probability":0.36,"inBuffer":false,"facType":"government"}},{"type":"Feature","geometry":{"type":"Point","coordinates":[-122.19785,47.64134]},"properties":{"probability":0.539,"inBuffer":false,"facType":"substation"}},{"type":"Feature","geometry":{"type":"Point","coordinates":[-122.19119,47.6413]},"properties":{"probability":0.428,"inBuffer":false,"facType":"substation"}},{"type":"Feature","geometry":{"type":"Point","coordinates":[-122.18454,47.64125]},"properties":{"probability":0.401,"inBuffer":false,"facType":"substation"}},{"type":"Feature","geometry":{"type":"Point","coordinates":[-122.17789,47.6412]},"properties":{"probability":0.191,"inBuffer":false,"facType":"substation"}},{"type":"Feature","geometry":{"type":"Point","coordinates":[-122.17123,47.64116]},"properties":{"probability":0.173,"inBuffer":false,"facType":"substation"}},{"type":"Feature","geometry":{"type":"Point","coordinates":[-122.16457,47.64111]},"properties":{"probability":0.19,"inBuffer":false,"facType":"substation"}},{"type":"Feature","geometry":{"type":"Point","coordinates":[-122.15791,47.64106]},"properties":{"probability":0.199,"inBuffer":false,"facType":"substation"}},{"type":"Feature","geometry":{"type":"Point","coordinates":[-122.41756,47.63817]},"properties":{"probability":0.17,"inBuffer":false,"facType":"water_works"}},{"type":"Feature","geometry":{"type":"Point","coordinates":[-122.4109,47.63814]},"properties":{"probability":0.294,"inBuffer":false,"facType":"water_works"}},{"type":"Feature","geometry":{"type":"Point","coordinates":[-122.40425,47.6381]},"properties":{"probability":0.426,"inBuffer":false,"facType":"water_works"}},{"type":"Feature","geometry":{"type":"Point","coordinates":[-122.3976,47.63807]},"properties":{"probability":0.5,"inBuffer":false,"facType":"water_works"}},{"type":"Feature","geometry":{"type":"Point","coordinates":[-122.39094,47.63803]},"properties":{"probability":0.428,"inBuffer":false,"facType":"substation"}},{"type":"Feature","geometry":{"type":"Point","coordinates":[-122.38428,47.638]},"properties":{"probability":0.49,"inBuffer":false,"facType":"substation"}},{"type":"Feature","geometry":{"type":"Point","coordinates":[-122.37762,47.63796]},"properties":{"probability":0.571,"inBuffer":false,"facType":"water_works"}},{"type":"Feature","geometry":{"type":"Point","coordinates":[-122.37097,47.63792]},"properties":{"probability":0.511,"inBuffer":false,"facType":"water_works"}},{"type":"Feature","geometry":{"type":"Point","coordinates":[-122.36432,47.63789]},"properties":{"probability":0.44,"inBuffer":false,"facType":"water_works"}},{"type":"Feature","geometry":{"type":"Point","coordinates":[-122.35766,47.63785]},"properties":{"probability":0.445,"inBuffer":false,"facType":"water_works"}},{"type":"Feature","geometry":{"type":"Point","coordinates":[-122.35101,47.63781]},"properties":{"probability":0.443,"inBuffer":false,"facType":"airport"}},{"type":"Feature","geometry":{"type":"Point","coordinates":[-122.34435,47.63778]},"properties":{"probability":0.512,"inBuffer":true,"facType":"airport"}},{"type":"Feature","geometry":{"type":"Point","coordinates":[-122.33769,47.63774]},"properties":{"probability":0.39,"inBuffer":true,"facType":"airport"}},{"type":"Feature","geometry":{"type":"Point","coordinates":[-122.33104,47.6377]},"properties":{"probability":0.513,"inBuffer":true,"facType":"airport"}},{"type":"Feature","geometry":{"type":"Point","coordinates":[-122.32438,47.63766]},"properties":{"probability":0.607,"inBuffer":true,"facType":"substation"}},{"type":"Feature","geometry":{"type":"Point","coordinates":[-122.31773,47.63762]},"properties":{"probability":0.54,"inBuffer":true,"facType":"substation"}},{"type":"Feature","geometry":{"type":"Point","coordinates":[-122.31107,47.63758]},"properties":{"probability":0.401,"inBuffer":false,"facType":"substation"}},{"type":"Feature","geometry":{"type":"Point","coordinates":[-122.30441,47.63754]},"properties":{"probability":0.437,"inBuffer":false,"facType":"government"}},{"type":"Feature","geometry":{"type":"Point","coordinates":[-122.29776,47.6375]},"properties":{"probability":0.306,"inBuffer":false,"facType":"government"}},{"type":"Feature","geometry":{"type":"Point","coordinates":[-122.2911,47.63746]},"properties":{"probability":0.338,"inBuffer":false,"facType":"government"}},{"type":"Feature","geometry":{"type":"Point","coordinates":[-122.28445,47.63742]},"properties":{"probability":0.375,"inBuffer":false,"facType":"government"}},{"type":"Feature","geometry":{"type":"Point","coordinates":[-122.27779,47.63737]},"properties":{"probability":0.347,"inBuffer":false,"facType":"government"}},{"type":"Feature","geometry":{"type":"Point","coordinates":[-122.27113,47.63733]},"properties":{"probability":0.186,"inBuffer":false,"facType":"government"}},{"type":"Feature","geometry":{"type":"Point","coordinates":[-122.24451,47.63716]},"properties":{"probability":0.252,"inBuffer":false,"facType":"substation"}},{"type":"Feature","geometry":{"type":"Point","coordinates":[-122.23785,47.63712]},"properties":{"probability":0.331,"inBuffer":false,"facType":"government"}},{"type":"Feature","geometry":{"type":"Point","coordinates":[-122.2312,47.63707]},"properties":{"probability":0.36,"inBuffer":false,"facType":"government"}},{"type":"Feature","geometry":{"type":"Point","coordinates":[-122.22454,47.63703]},"properties":{"probability":0.338,"inBuffer":false,"facType":"government"}},{"type":"Feature","geometry":{"type":"Point","coordinates":[-122.21789,47.63698]},"properties":{"probability":0.329,"inBuffer":false,"facType":"government"}},{"type":"Feature","geometry":{"type":"Point","coordinates":[-122.21124,47.63694]},"properties":{"probability":0.311,"inBuffer":false,"facType":"substation"}},{"type":"Feature","geometry":{"type":"Point","coordinates":[-122.20457,47.63689]},"properties":{"probability":0.32,"inBuffer":false,"facType":"substation"}},{"type":"Feature","geometry":{"type":"Point","coordinates":[-122.19792,47.63684]},"properties":{"probability":0.408,"inBuffer":false,"facType":"substation"}},{"type":"Feature","geometry":{"type":"Point","coordinates":[-122.19127,47.6368]},"properties":{"probability":0.52,"inBuffer":false,"facType":"substation"}},{"type":"Feature","geometry":{"type":"Point","coordinates":[-122.18461,47.63675]},"properties":{"probability":0.428,"inBuffer":false,"facType":"substation"}},{"type":"Feature","geometry":{"type":"Point","coordinates":[-122.17796,47.6367]},"properties":{"probability":0.435,"inBuffer":false,"facType":"substation"}},{"type":"Feature","geometry":{"type":"Point","coordinates":[-122.1713,47.63666]},"properties":{"probability":0.258,"inBuffer":false,"facType":"substation"}},{"type":"Feature","geometry":{"type":"Point","coordinates":[-122.16464,47.63661]},"properties":{"probability":0.437,"inBuffer":false,"facType":"substation"}},{"type":"Feature","geometry":{"type":"Point","coordinates":[-122.15799,47.63656]},"properties":{"probability":0.407,"inBuffer":false,"facType":"substation"}},{"type":"Feature","geometry":{"type":"Point","coordinates":[-122.41096,47.63364]},"properties":{"probability":0.161,"inBuffer":false,"facType":"water_works"}},{"type":"Feature","geometry":{"type":"Point","coordinates":[-122.4043,47.6336]},"properties":{"probability":0.389,"inBuffer":false,"facType":"water_works"}},{"type":"Feature","geometry":{"type":"Point","coordinates":[-122.39764,47.63357]},"properties":{"probability":0.434,"inBuffer":false,"facType":"water_works"}},{"type":"Feature","geometry":{"type":"Point","coordinates":[-122.39099,47.63353]},"properties":{"probability":0.505,"inBuffer":false,"facType":"water_works"}},{"type":"Feature","geometry":{"type":"Point","coordinates":[-122.38434,47.6335]},"properties":{"probability":0.55,"inBuffer":false,"facType":"water_works"}},{"type":"Feature","geometry":{"type":"Point","coordinates":[-122.37768,47.63346]},"properties":{"probability":0.598,"inBuffer":false,"facType":"water_works"}},{"type":"Feature","geometry":{"type":"Point","coordinates":[-122.37103,47.63343]},"properties":{"probability":0.543,"inBuffer":false,"facType":"water_works"}},{"type":"Feature","geometry":{"type":"Point","coordinates":[-122.36437,47.63339]},"properties":{"probability":0.447,"inBuffer":false,"facType":"water_works"}},{"type":"Feature","geometry":{"type":"Point","coordinates":[-122.35771,47.63335]},"properties":{"probability":0.51,"inBuffer":false,"facType":"government"}},{"type":"Feature","geometry":{"type":"Point","coordinates":[-122.35106,47.63332]},"properties":{"probability":0.56,"inBuffer":true,"facType":"airport"}},{"type":"Feature","geometry":{"type":"Point","coordinates":[-122.34441,47.63328]},"properties":{"probability":0.667,"inBuffer":true,"facType":"airport"}},{"type":"Feature","geometry":{"type":"Point","coordinates":[-122.33775,47.63324]},"properties":{"probability":0.684,"inBuffer":true,"facType":"airport"}},{"type":"Feature","geometry":{"type":"Point","coordinates":[-122.33109,47.6332]},"properties":{"probability":0.671,"inBuffer":true,"facType":"airport"}},{"type":"Feature","geometry":{"type":"Point","coordinates":[-122.32444,47.63316]},"properties":{"probability":0.643,"inBuffer":true,"facType":"substation"}},{"type":"Feature","geometry":{"type":"Point","coordinates":[-122.31778,47.63312]},"properties":{"probability":0.549,"inBuffer":true,"facType":"substation"}},{"type":"Feature","geometry":{"type":"Point","coordinates":[-122.31113,47.63308]},"properties":{"probability":0.376,"inBuffer":true,"facType":"substation"}},{"type":"Feature","geometry":{"type":"Point","coordinates":[-122.30447,47.63304]},"properties":{"probability":0.367,"inBuffer":false,"facType":"substation"}},{"type":"Feature","geometry":{"type":"Point","coordinates":[-122.29781,47.633]},"properties":{"probability":0.332,"inBuffer":false,"facType":"government"}},{"type":"Feature","geometry":{"type":"Point","coordinates":[-122.29116,47.63296]},"properties":{"probability":0.35,"inBuffer":false,"facType":"government"}},{"type":"Feature","geometry":{"type":"Point","coordinates":[-122.28451,47.63292]},"properties":{"probability":0.407,"inBuffer":false,"facType":"government"}},{"type":"Feature","geometry":{"type":"Point","coordinates":[-122.27785,47.63288]},"properties":{"probability":0.323,"inBuffer":false,"facType":"government"}},{"type":"Feature","geometry":{"type":"Point","coordinates":[-122.27119,47.63284]},"properties":{"probability":0.173,"inBuffer":false,"facType":"government"}},{"type":"Feature","geometry":{"type":"Point","coordinates":[-122.24458,47.63266]},"properties":{"probability":0.181,"inBuffer":false,"facType":"substation"}},{"type":"Feature","geometry":{"type":"Point","coordinates":[-122.23792,47.63262]},"properties":{"probability":0.21,"inBuffer":false,"facType":"substation"}},{"type":"Feature","geometry":{"type":"Point","coordinates":[-122.23126,47.63258]},"properties":{"probability":0.248,"inBuffer":false,"facType":"substation"}},{"type":"Feature","geometry":{"type":"Point","coordinates":[-122.22461,47.63253]},"properties":{"probability":0.295,"inBuffer":false,"facType":"substation"}},{"type":"Feature","geometry":{"type":"Point","coordinates":[-122.21796,47.63248]},"properties":{"probability":0.323,"inBuffer":false,"facType":"substation"}},{"type":"Feature","geometry":{"type":"Point","coordinates":[-122.2113,47.63244]},"properties":{"probability":0.317,"inBuffer":false,"facType":"substation"}},{"type":"Feature","geometry":{"type":"Point","coordinates":[-122.20464,47.63239]},"properties":{"probability":0.332,"inBuffer":false,"facType":"substation"}},{"type":"Feature","geometry":{"type":"Point","coordinates":[-122.19799,47.63235]},"properties":{"probability":0.382,"inBuffer":false,"facType":"substation"}},{"type":"Feature","geometry":{"type":"Point","coordinates":[-122.19134,47.6323]},"properties":{"probability":0.659,"inBuffer":false,"facType":"substation"}},{"type":"Feature","geometry":{"type":"Point","coordinates":[-122.18468,47.63225]},"properties":{"probability":0.684,"inBuffer":false,"facType":"substation"}},{"type":"Feature","geometry":{"type":"Point","coordinates":[-122.17802,47.63221]},"properties":{"probability":0.689,"inBuffer":false,"facType":"substation"}},{"type":"Feature","geometry":{"type":"Point","coordinates":[-122.17137,47.63216]},"properties":{"probability":0.556,"inBuffer":false,"facType":"substation"}},{"type":"Feature","geometry":{"type":"Point","coordinates":[-122.16472,47.63211]},"properties":{"probability":0.7,"inBuffer":false,"facType":"substation"}},{"type":"Feature","geometry":{"type":"Point","coordinates":[-122.15806,47.63206]},"properties":{"probability":0.7,"inBuffer":false,"facType":"substation"}},{"type":"Feature","geometry":{"type":"Point","coordinates":[-122.50418,47.62958]},"properties":{"probability":0.168,"inBuffer":false,"facType":"water_works"}},{"type":"Feature","geometry":{"type":"Point","coordinates":[-122.3977,47.62907]},"properties":{"probability":0.168,"inBuffer":false,"facType":"water_works"}},{"type":"Feature","geometry":{"type":"Point","coordinates":[-122.39104,47.62904]},"properties":{"probability":0.381,"inBuffer":false,"facType":"water_works"}},{"type":"Feature","geometry":{"type":"Point","coordinates":[-122.38439,47.629]},"properties":{"probability":0.477,"inBuffer":false,"facType":"water_works"}},{"type":"Feature","geometry":{"type":"Point","coordinates":[-122.37773,47.62896]},"properties":{"probability":0.579,"inBuffer":false,"facType":"water_works"}},{"type":"Feature","geometry":{"type":"Point","coordinates":[-122.37108,47.62893]},"properties":{"probability":0.616,"inBuffer":false,"facType":"water_works"}},{"type":"Feature","geometry":{"type":"Point","coordinates":[-122.36443,47.62889]},"properties":{"probability":0.608,"inBuffer":false,"facType":"government"}},{"type":"Feature","geometry":{"type":"Point","coordinates":[-122.35777,47.62885]},"properties":{"probability":0.682,"inBuffer":false,"facType":"government"}},{"type":"Feature","geometry":{"type":"Point","coordinates":[-122.35111,47.62881]},"properties":{"probability":0.684,"inBuffer":true,"facType":"airport"}},{"type":"Feature","geometry":{"type":"Point","coordinates":[-122.34446,47.62878]},"properties":{"probability":0.719,"inBuffer":true,"facType":"airport"}},{"type":"Feature","geometry":{"type":"Point","coordinates":[-122.33781,47.62874]},"properties":{"probability":0.724,"inBuffer":true,"facType":"airport"}},{"type":"Feature","geometry":{"type":"Point","coordinates":[-122.33115,47.6287]},"properties":{"probability":0.72,"inBuffer":true,"facType":"airport"}},{"type":"Feature","geometry":{"type":"Point","coordinates":[-122.32449,47.62866]},"properties":{"probability":0.638,"inBuffer":true,"facType":"substation"}},{"type":"Feature","geometry":{"type":"Point","coordinates":[-122.31784,47.62862]},"properties":{"probability":0.546,"inBuffer":true,"facType":"substation"}},{"type":"Feature","geometry":{"type":"Point","coordinates":[-122.31119,47.62858]},"properties":{"probability":0.463,"inBuffer":false,"facType":"substation"}},{"type":"Feature","geometry":{"type":"Point","coordinates":[-122.30453,47.62854]},"properties":{"probability":0.469,"inBuffer":false,"facType":"substation"}},{"type":"Feature","geometry":{"type":"Point","coordinates":[-122.29787,47.6285]},"properties":{"probability":0.402,"inBuffer":false,"facType":"substation"}},{"type":"Feature","geometry":{"type":"Point","coordinates":[-122.29122,47.62846]},"properties":{"probability":0.413,"inBuffer":false,"facType":"substation"}},{"type":"Feature","geometry":{"type":"Point","coordinates":[-122.28457,47.62842]},"properties":{"probability":0.377,"inBuffer":false,"facType":"substation"}},{"type":"Feature","geometry":{"type":"Point","coordinates":[-122.27792,47.62838]},"properties":{"probability":0.197,"inBuffer":false,"facType":"substation"}},{"type":"Feature","geometry":{"type":"Point","coordinates":[-122.27126,47.62834]},"properties":{"probability":0.173,"inBuffer":false,"facType":"government"}},{"type":"Feature","geometry":{"type":"Point","coordinates":[-122.24464,47.62817]},"properties":{"probability":0.185,"inBuffer":false,"facType":"substation"}},{"type":"Feature","geometry":{"type":"Point","coordinates":[-122.23798,47.62812]},"properties":{"probability":0.256,"inBuffer":false,"facType":"substation"}},{"type":"Feature","geometry":{"type":"Point","coordinates":[-122.23133,47.62807]},"properties":{"probability":0.181,"inBuffer":false,"facType":"substation"}},{"type":"Feature","geometry":{"type":"Point","coordinates":[-122.22468,47.62803]},"properties":{"probability":0.272,"inBuffer":false,"facType":"substation"}},{"type":"Feature","geometry":{"type":"Point","coordinates":[-122.21803,47.62799]},"properties":{"probability":0.336,"inBuffer":false,"facType":"substation"}},{"type":"Feature","geometry":{"type":"Point","coordinates":[-122.21136,47.62794]},"properties":{"probability":0.368,"inBuffer":false,"facType":"substation"}},{"type":"Feature","geometry":{"type":"Point","coordinates":[-122.20471,47.6279]},"properties":{"probability":0.351,"inBuffer":false,"facType":"substation"}},{"type":"Feature","geometry":{"type":"Point","coordinates":[-122.19806,47.62785]},"properties":{"probability":0.392,"inBuffer":false,"facType":"substation"}},{"type":"Feature","geometry":{"type":"Point","coordinates":[-122.19141,47.6278]},"properties":{"probability":0.66,"inBuffer":false,"facType":"substation"}},{"type":"Feature","geometry":{"type":"Point","coordinates":[-122.18475,47.62775]},"properties":{"probability":0.714,"inBuffer":false,"facType":"substation"}},{"type":"Feature","geometry":{"type":"Point","coordinates":[-122.17809,47.62771]},"properties":{"probability":0.72,"inBuffer":false,"facType":"substation"}},{"type":"Feature","geometry":{"type":"Point","coordinates":[-122.17144,47.62766]},"properties":{"probability":0.701,"inBuffer":false,"facType":"substation"}},{"type":"Feature","geometry":{"type":"Point","coordinates":[-122.16479,47.62761]},"properties":{"probability":0.719,"inBuffer":false,"facType":"substation"}},{"type":"Feature","geometry":{"type":"Point","coordinates":[-122.15813,47.62756]},"properties":{"probability":0.722,"inBuffer":false,"facType":"substation"}},{"type":"Feature","geometry":{"type":"Point","coordinates":[-122.50422,47.62508]},"properties":{"probability":0.182,"inBuffer":false,"facType":"water_works"}},{"type":"Feature","geometry":{"type":"Point","coordinates":[-122.3911,47.62454]},"properties":{"probability":0.178,"inBuffer":false,"facType":"water_works"}},{"type":"Feature","geometry":{"type":"Point","coordinates":[-122.38445,47.6245]},"properties":{"probability":0.242,"inBuffer":false,"facType":"water_works"}},{"type":"Feature","geometry":{"type":"Point","coordinates":[-122.37778,47.62447]},"properties":{"probability":0.491,"inBuffer":false,"facType":"water_works"}},{"type":"Feature","geometry":{"type":"Point","coordinates":[-122.37113,47.62443]},"properties":{"probability":0.533,"inBuffer":false,"facType":"government"}},{"type":"Feature","geometry":{"type":"Point","coordinates":[-122.36448,47.62439]},"properties":{"probability":0.656,"inBuffer":false,"facType":"government"}},{"type":"Feature","geometry":{"type":"Point","coordinates":[-122.35783,47.62436]},"properties":{"probability":0.728,"inBuffer":false,"facType":"government"}},{"type":"Feature","geometry":{"type":"Point","coordinates":[-122.35117,47.62432]},"properties":{"probability":0.761,"inBuffer":true,"facType":"substation"}},{"type":"Feature","geometry":{"type":"Point","coordinates":[-122.34451,47.62428]},"properties":{"probability":0.788,"inBuffer":true,"facType":"substation"}},{"type":"Feature","geometry":{"type":"Point","coordinates":[-122.33786,47.62424]},"properties":{"probability":0.762,"inBuffer":true,"facType":"airport"}},{"type":"Feature","geometry":{"type":"Point","coordinates":[-122.33121,47.6242]},"properties":{"probability":0.717,"inBuffer":true,"facType":"substation"}},{"type":"Feature","geometry":{"type":"Point","coordinates":[-122.32455,47.62416]},"properties":{"probability":0.66,"inBuffer":true,"facType":"substation"}},{"type":"Feature","geometry":{"type":"Point","coordinates":[-122.3179,47.62413]},"properties":{"probability":0.633,"inBuffer":true,"facType":"substation"}},{"type":"Feature","geometry":{"type":"Point","coordinates":[-122.31125,47.62408]},"properties":{"probability":0.585,"inBuffer":true,"facType":"substation"}},{"type":"Feature","geometry":{"type":"Point","coordinates":[-122.30459,47.62405]},"properties":{"probability":0.571,"inBuffer":true,"facType":"substation"}},{"type":"Feature","geometry":{"type":"Point","coordinates":[-122.29794,47.624]},"properties":{"probability":0.491,"inBuffer":false,"facType":"substation"}},{"type":"Feature","geometry":{"type":"Point","coordinates":[-122.29128,47.62396]},"properties":{"probability":0.427,"inBuffer":false,"facType":"substation"}},{"type":"Feature","geometry":{"type":"Point","coordinates":[-122.28463,47.62392]},"properties":{"probability":0.383,"inBuffer":false,"facType":"substation"}},{"type":"Feature","geometry":{"type":"Point","coordinates":[-122.27798,47.62388]},"properties":{"probability":0.17,"inBuffer":false,"facType":"substation"}},{"type":"Feature","geometry":{"type":"Point","coordinates":[-122.24471,47.62366]},"properties":{"probability":0.19,"inBuffer":false,"facType":"substation"}},{"type":"Feature","geometry":{"type":"Point","coordinates":[-122.23805,47.62362]},"properties":{"probability":0.217,"inBuffer":false,"facType":"substation"}},{"type":"Feature","geometry":{"type":"Point","coordinates":[-122.2314,47.62358]},"properties":{"probability":0.181,"inBuffer":false,"facType":"substation"}},{"type":"Feature","geometry":{"type":"Point","coordinates":[-122.22475,47.62353]},"properties":{"probability":0.316,"inBuffer":false,"facType":"substation"}},{"type":"Feature","geometry":{"type":"Point","coordinates":[-122.21809,47.62349]},"properties":{"probability":0.364,"inBuffer":false,"facType":"substation"}},{"type":"Feature","geometry":{"type":"Point","coordinates":[-122.21143,47.62344]},"properties":{"probability":0.46,"inBuffer":false,"facType":"substation"}},{"type":"Feature","geometry":{"type":"Point","coordinates":[-122.20478,47.6234]},"properties":{"probability":0.591,"inBuffer":false,"facType":"substation"}},{"type":"Feature","geometry":{"type":"Point","coordinates":[-122.19813,47.62335]},"properties":{"probability":0.665,"inBuffer":false,"facType":"hospital"}},{"type":"Feature","geometry":{"type":"Point","coordinates":[-122.19147,47.6233]},"properties":{"probability":0.725,"inBuffer":true,"facType":"hospital"}},{"type":"Feature","geometry":{"type":"Point","coordinates":[-122.18482,47.62326]},"properties":{"probability":0.721,"inBuffer":true,"facType":"substation"}},{"type":"Feature","geometry":{"type":"Point","coordinates":[-122.17817,47.62321]},"properties":{"probability":0.732,"inBuffer":true,"facType":"substation"}},{"type":"Feature","geometry":{"type":"Point","coordinates":[-122.17151,47.62316]},"properties":{"probability":0.705,"inBuffer":false,"facType":"substation"}},{"type":"Feature","geometry":{"type":"Point","coordinates":[-122.16486,47.62311]},"properties":{"probability":0.705,"inBuffer":false,"facType":"substation"}},{"type":"Feature","geometry":{"type":"Point","coordinates":[-122.1582,47.62307]},"properties":{"probability":0.672,"inBuffer":false,"facType":"substation"}},{"type":"Feature","geometry":{"type":"Point","coordinates":[-122.37784,47.61997]},"properties":{"probability":0.165,"inBuffer":false,"facType":"government"}},{"type":"Feature","geometry":{"type":"Point","coordinates":[-122.37119,47.61993]},"properties":{"probability":0.197,"inBuffer":false,"facType":"government"}},{"type":"Feature","geometry":{"type":"Point","coordinates":[-122.36453,47.61989]},"properties":{"probability":0.45,"inBuffer":false,"facType":"government"}},{"type":"Feature","geometry":{"type":"Point","coordinates":[-122.35788,47.61986]},"properties":{"probability":0.699,"inBuffer":false,"facType":"government"}},{"type":"Feature","geometry":{"type":"Point","coordinates":[-122.35123,47.61982]},"properties":{"probability":0.756,"inBuffer":false,"facType":"government"}},{"type":"Feature","geometry":{"type":"Point","coordinates":[-122.34457,47.61978]},"properties":{"probability":0.789,"inBuffer":true,"facType":"substation"}},{"type":"Feature","geometry":{"type":"Point","coordinates":[-122.33792,47.61974]},"properties":{"probability":0.762,"inBuffer":true,"facType":"government"}},{"type":"Feature","geometry":{"type":"Point","coordinates":[-122.33127,47.61971]},"properties":{"probability":0.728,"inBuffer":true,"facType":"substation"}},{"type":"Feature","geometry":{"type":"Point","coordinates":[-122.32462,47.61967]},"properties":{"probability":0.718,"inBuffer":false,"facType":"substation"}},{"type":"Feature","geometry":{"type":"Point","coordinates":[-122.31796,47.61963]},"properties":{"probability":0.72,"inBuffer":true,"facType":"substation"}},{"type":"Feature","geometry":{"type":"Point","coordinates":[-122.3113,47.61959]},"properties":{"probability":0.679,"inBuffer":true,"facType":"hospital"}},{"type":"Feature","geometry":{"type":"Point","coordinates":[-122.30465,47.61954]},"properties":{"probability":0.642,"inBuffer":true,"facType":"substation"}},{"type":"Feature","geometry":{"type":"Point","coordinates":[-122.298,47.61951]},"properties":{"probability":0.52,"inBuffer":false,"facType":"substation"}},{"type":"Feature","geometry":{"type":"Point","coordinates":[-122.29134,47.61946]},"properties":{"probability":0.414,"inBuffer":false,"facType":"substation"}},{"type":"Feature","geometry":{"type":"Point","coordinates":[-122.28469,47.61942]},"properties":{"probability":0.392,"inBuffer":false,"facType":"substation"}},{"type":"Feature","geometry":{"type":"Point","coordinates":[-122.27804,47.61938]},"properties":{"probability":0.165,"inBuffer":false,"facType":"substation"}},{"type":"Feature","geometry":{"type":"Point","coordinates":[-122.27139,47.61934]},"properties":{"probability":0.175,"inBuffer":false,"facType":"substation"}},{"type":"Feature","geometry":{"type":"Point","coordinates":[-122.24477,47.61917]},"properties":{"probability":0.174,"inBuffer":false,"facType":"government"}},{"type":"Feature","geometry":{"type":"Point","coordinates":[-122.23811,47.61913]},"properties":{"probability":0.181,"inBuffer":false,"facType":"substation"}},{"type":"Feature","geometry":{"type":"Point","coordinates":[-122.23146,47.61908]},"properties":{"probability":0.233,"inBuffer":false,"facType":"substation"}},{"type":"Feature","geometry":{"type":"Point","coordinates":[-122.22481,47.61903]},"properties":{"probability":0.314,"inBuffer":false,"facType":"substation"}},{"type":"Feature","geometry":{"type":"Point","coordinates":[-122.21815,47.61899]},"properties":{"probability":0.341,"inBuffer":false,"facType":"substation"}},{"type":"Feature","geometry":{"type":"Point","coordinates":[-122.2115,47.61894]},"properties":{"probability":0.551,"inBuffer":false,"facType":"substation"}},{"type":"Feature","geometry":{"type":"Point","coordinates":[-122.20485,47.6189]},"properties":{"probability":0.709,"inBuffer":false,"facType":"substation"}},{"type":"Feature","geometry":{"type":"Point","coordinates":[-122.1982,47.61885]},"properties":{"probability":0.743,"inBuffer":false,"facType":"government"}},{"type":"Feature","geometry":{"type":"Point","coordinates":[-122.19154,47.6188]},"properties":{"probability":0.761,"inBuffer":true,"facType":"hospital"}},{"type":"Feature","geometry":{"type":"Point","coordinates":[-122.18489,47.61876]},"properties":{"probability":0.758,"inBuffer":true,"facType":"hospital"}},{"type":"Feature","geometry":{"type":"Point","coordinates":[-122.17824,47.61871]},"properties":{"probability":0.722,"inBuffer":true,"facType":"government"}},{"type":"Feature","geometry":{"type":"Point","coordinates":[-122.17159,47.61866]},"properties":{"probability":0.673,"inBuffer":false,"facType":"government"}},{"type":"Feature","geometry":{"type":"Point","coordinates":[-122.16493,47.61861]},"properties":{"probability":0.554,"inBuffer":false,"facType":"government"}},{"type":"Feature","geometry":{"type":"Point","coordinates":[-122.15828,47.61856]},"properties":{"probability":0.477,"inBuffer":false,"facType":"substation"}},{"type":"Feature","geometry":{"type":"Point","coordinates":[-122.37789,47.61547]},"properties":{"probability":0.17,"inBuffer":false,"facType":"government"}},{"type":"Feature","geometry":{"type":"Point","coordinates":[-122.37124,47.61543]},"properties":{"probability":0.168,"inBuffer":false,"facType":"government"}},{"type":"Feature","geometry":{"type":"Point","coordinates":[-122.36459,47.61539]},"properties":{"probability":0.199,"inBuffer":false,"facType":"government"}},{"type":"Feature","geometry":{"type":"Point","coordinates":[-122.35793,47.61536]},"properties":{"probability":0.604,"inBuffer":false,"facType":"government"}},{"type":"Feature","geometry":{"type":"Point","coordinates":[-122.35128,47.61532]},"properties":{"probability":0.697,"inBuffer":false,"facType":"government"}},{"type":"Feature","geometry":{"type":"Point","coordinates":[-122.34463,47.61528]},"properties":{"probability":0.751,"inBuffer":false,"facType":"government"}},{"type":"Feature","geometry":{"type":"Point","coordinates":[-122.33797,47.61525]},"properties":{"probability":0.783,"inBuffer":false,"facType":"government"}},{"type":"Feature","geometry":{"type":"Point","coordinates":[-122.33132,47.61521]},"properties":{"probability":0.782,"inBuffer":true,"facType":"government"}},{"type":"Feature","geometry":{"type":"Point","coordinates":[-122.32467,47.61517]},"properties":{"probability":0.725,"inBuffer":true,"facType":"substation"}},{"type":"Feature","geometry":{"type":"Point","coordinates":[-122.31802,47.61513]},"properties":{"probability":0.72,"inBuffer":true,"facType":"substation"}},{"type":"Feature","geometry":{"type":"Point","coordinates":[-122.31136,47.61509]},"properties":{"probability":0.688,"inBuffer":true,"facType":"hospital"}},{"type":"Feature","geometry":{"type":"Point","coordinates":[-122.30471,47.61505]},"properties":{"probability":0.669,"inBuffer":false,"facType":"substation"}},{"type":"Feature","geometry":{"type":"Point","coordinates":[-122.29806,47.61501]},"properties":{"probability":0.514,"inBuffer":false,"facType":"substation"}},{"type":"Feature","geometry":{"type":"Point","coordinates":[-122.2914,47.61497]},"properties":{"probability":0.437,"inBuffer":false,"facType":"substation"}},{"type":"Feature","geometry":{"type":"Point","coordinates":[-122.28475,47.61493]},"properties":{"probability":0.366,"inBuffer":false,"facType":"substation"}},{"type":"Feature","geometry":{"type":"Point","coordinates":[-122.2781,47.61488]},"properties":{"probability":0.181,"inBuffer":false,"facType":"substation"}},{"type":"Feature","geometry":{"type":"Point","coordinates":[-122.27145,47.61484]},"properties":{"probability":0.176,"inBuffer":false,"facType":"substation"}},{"type":"Feature","geometry":{"type":"Point","coordinates":[-122.23818,47.61462]},"properties":{"probability":0.189,"inBuffer":false,"facType":"government"}},{"type":"Feature","geometry":{"type":"Point","coordinates":[-122.23153,47.61458]},"properties":{"probability":0.189,"inBuffer":false,"facType":"substation"}},{"type":"Feature","geometry":{"type":"Point","coordinates":[-122.22488,47.61454]},"properties":{"probability":0.228,"inBuffer":false,"facType":"substation"}},{"type":"Feature","geometry":{"type":"Point","coordinates":[-122.21822,47.61449]},"properties":{"probability":0.297,"inBuffer":false,"facType":"substation"}},{"type":"Feature","geometry":{"type":"Point","coordinates":[-122.21157,47.61444]},"properties":{"probability":0.629,"inBuffer":false,"facType":"substation"}},{"type":"Feature","geometry":{"type":"Point","coordinates":[-122.20492,47.6144]},"properties":{"probability":0.716,"inBuffer":false,"facType":"substation"}},{"type":"Feature","geometry":{"type":"Point","coordinates":[-122.19827,47.61435]},"properties":{"probability":0.765,"inBuffer":false,"facType":"government"}},{"type":"Feature","geometry":{"type":"Point","coordinates":[-122.19161,47.61431]},"properties":{"probability":0.765,"inBuffer":false,"facType":"government"}},{"type":"Feature","geometry":{"type":"Point","coordinates":[-122.18496,47.61426]},"properties":{"probability":0.773,"inBuffer":false,"facType":"substation"}},{"type":"Feature","geometry":{"type":"Point","coordinates":[-122.17831,47.61421]},"properties":{"probability":0.668,"inBuffer":false,"facType":"government"}},{"type":"Feature","geometry":{"type":"Point","coordinates":[-122.17165,47.61416]},"properties":{"probability":0.529,"inBuffer":false,"facType":"substation"}},{"type":"Feature","geometry":{"type":"Point","coordinates":[-122.165,47.61412]},"properties":{"probability":0.347,"inBuffer":false,"facType":"substation"}},{"type":"Feature","geometry":{"type":"Point","coordinates":[-122.15835,47.61407]},"properties":{"probability":0.369,"inBuffer":false,"facType":"substation"}},{"type":"Feature","geometry":{"type":"Point","coordinates":[-122.1517,47.61402]},"properties":{"probability":0.437,"inBuffer":false,"facType":"substation"}},{"type":"Feature","geometry":{"type":"Point","coordinates":[-122.36464,47.6109]},"properties":{"probability":0.179,"inBuffer":false,"facType":"government"}},{"type":"Feature","geometry":{"type":"Point","coordinates":[-122.35799,47.61086]},"properties":{"probability":0.314,"inBuffer":false,"facType":"government"}},{"type":"Feature","geometry":{"type":"Point","coordinates":[-122.35134,47.61082]},"properties":{"probability":0.67,"inBuffer":false,"facType":"government"}},{"type":"Feature","geometry":{"type":"Point","coordinates":[-122.34469,47.61078]},"properties":{"probability":0.76,"inBuffer":false,"facType":"substation"}},{"type":"Feature","geometry":{"type":"Point","coordinates":[-122.33804,47.61074]},"properties":{"probability":0.794,"inBuffer":false,"facType":"government"}},{"type":"Feature","geometry":{"type":"Point","coordinates":[-122.33138,47.61071]},"properties":{"probability":0.804,"inBuffer":true,"facType":"hospital"}},{"type":"Feature","geometry":{"type":"Point","coordinates":[-122.32473,47.61067]},"properties":{"probability":0.73,"inBuffer":true,"facType":"hospital"}},{"type":"Feature","geometry":{"type":"Point","coordinates":[-122.31808,47.61063]},"properties":{"probability":0.721,"inBuffer":true,"facType":"hospital"}},{"type":"Feature","geometry":{"type":"Point","coordinates":[-122.31142,47.61059]},"properties":{"probability":0.652,"inBuffer":true,"facType":"government"}},{"type":"Feature","geometry":{"type":"Point","coordinates":[-122.30477,47.61055]},"properties":{"probability":0.667,"inBuffer":true,"facType":"government"}},{"type":"Feature","geometry":{"type":"Point","coordinates":[-122.29812,47.61051]},"properties":{"probability":0.54,"inBuffer":false,"facType":"substation"}},{"type":"Feature","geometry":{"type":"Point","coordinates":[-122.29147,47.61047]},"properties":{"probability":0.432,"inBuffer":false,"facType":"substation"}},{"type":"Feature","geometry":{"type":"Point","coordinates":[-122.28481,47.61043]},"properties":{"probability":0.362,"inBuffer":false,"facType":"substation"}},{"type":"Feature","geometry":{"type":"Point","coordinates":[-122.27816,47.61039]},"properties":{"probability":0.17,"inBuffer":false,"facType":"substation"}},{"type":"Feature","geometry":{"type":"Point","coordinates":[-122.27151,47.61034]},"properties":{"probability":0.173,"inBuffer":false,"facType":"substation"}},{"type":"Feature","geometry":{"type":"Point","coordinates":[-122.2316,47.61008]},"properties":{"probability":0.171,"inBuffer":false,"facType":"government"}},{"type":"Feature","geometry":{"type":"Point","coordinates":[-122.22495,47.61004]},"properties":{"probability":0.176,"inBuffer":false,"facType":"substation"}},{"type":"Feature","geometry":{"type":"Point","coordinates":[-122.21829,47.60999]},"properties":{"probability":0.171,"inBuffer":false,"facType":"substation"}},{"type":"Feature","geometry":{"type":"Point","coordinates":[-122.21164,47.60995]},"properties":{"probability":0.466,"inBuffer":false,"facType":"substation"}},{"type":"Feature","geometry":{"type":"Point","coordinates":[-122.20499,47.6099]},"properties":{"probability":0.672,"inBuffer":false,"facType":"substation"}},{"type":"Feature","geometry":{"type":"Point","coordinates":[-122.19833,47.60986]},"properties":{"probability":0.702,"inBuffer":false,"facType":"government"}},{"type":"Feature","geometry":{"type":"Point","coordinates":[-122.19168,47.60981]},"properties":{"probability":0.733,"inBuffer":false,"facType":"government"}},{"type":"Feature","geometry":{"type":"Point","coordinates":[-122.18503,47.60976]},"properties":{"probability":0.758,"inBuffer":false,"facType":"water_works"}},{"type":"Feature","geometry":{"type":"Point","coordinates":[-122.17838,47.60971]},"properties":{"probability":0.466,"inBuffer":false,"facType":"substation"}},{"type":"Feature","geometry":{"type":"Point","coordinates":[-122.17172,47.60966]},"properties":{"probability":0.316,"inBuffer":false,"facType":"substation"}},{"type":"Feature","geometry":{"type":"Point","coordinates":[-122.16507,47.60962]},"properties":{"probability":0.176,"inBuffer":false,"facType":"substation"}},{"type":"Feature","geometry":{"type":"Point","coordinates":[-122.15842,47.60957]},"properties":{"probability":0.218,"inBuffer":false,"facType":"substation"}},{"type":"Feature","geometry":{"type":"Point","coordinates":[-122.15177,47.60952]},"properties":{"probability":0.328,"inBuffer":false,"facType":"substation"}},{"type":"Feature","geometry":{"type":"Point","coordinates":[-122.3647,47.6064]},"properties":{"probability":0.168,"inBuffer":false,"facType":"government"}},{"type":"Feature","geometry":{"type":"Point","coordinates":[-122.35805,47.60636]},"properties":{"probability":0.173,"inBuffer":false,"facType":"government"}},{"type":"Feature","geometry":{"type":"Point","coordinates":[-122.35139,47.60632]},"properties":{"probability":0.35,"inBuffer":false,"facType":"substation"}},{"type":"Feature","geometry":{"type":"Point","coordinates":[-122.34474,47.60629]},"properties":{"probability":0.726,"inBuffer":false,"facType":"substation"}},{"type":"Feature","geometry":{"type":"Point","coordinates":[-122.33809,47.60625]},"properties":{"probability":0.793,"inBuffer":false,"facType":"substation"}},{"type":"Feature","geometry":{"type":"Point","coordinates":[-122.33144,47.60621]},"properties":{"probability":0.802,"inBuffer":true,"facType":"government"}},{"type":"Feature","geometry":{"type":"Point","coordinates":[-122.32478,47.60617]},"properties":{"probability":0.723,"inBuffer":true,"facType":"government"}},{"type":"Feature","geometry":{"type":"Point","coordinates":[-122.31813,47.60613]},"properties":{"probability":0.717,"inBuffer":true,"facType":"substation"}},{"type":"Feature","geometry":{"type":"Point","coordinates":[-122.31149,47.60609]},"properties":{"probability":0.662,"inBuffer":true,"facType":"hospital"}},{"type":"Feature","geometry":{"type":"Point","coordinates":[-122.30483,47.60605]},"properties":{"probability":0.641,"inBuffer":true,"facType":"government"}},{"type":"Feature","geometry":{"type":"Point","coordinates":[-122.29818,47.60601]},"properties":{"probability":0.548,"inBuffer":false,"facType":"government"}},{"type":"Feature","geometry":{"type":"Point","coordinates":[-122.29153,47.60597]},"properties":{"probability":0.374,"inBuffer":false,"facType":"substation"}},{"type":"Feature","geometry":{"type":"Point","coordinates":[-122.28487,47.60593]},"properties":{"probability":0.36,"inBuffer":false,"facType":"substation"}},{"type":"Feature","geometry":{"type":"Point","coordinates":[-122.27822,47.60588]},"properties":{"probability":0.171,"inBuffer":false,"facType":"substation"}},{"type":"Feature","geometry":{"type":"Point","coordinates":[-122.21836,47.6055]},"properties":{"probability":0.16,"inBuffer":false,"facType":"water_works"}},{"type":"Feature","geometry":{"type":"Point","coordinates":[-122.21171,47.60545]},"properties":{"probability":0.371,"inBuffer":false,"facType":"water_works"}},{"type":"Feature","geometry":{"type":"Point","coordinates":[-122.20506,47.6054]},"properties":{"probability":0.544,"inBuffer":false,"facType":"water_works"}},{"type":"Feature","geometry":{"type":"Point","coordinates":[-122.1984,47.60536]},"properties":{"probability":0.535,"inBuffer":false,"facType":"water_works"}},{"type":"Feature","geometry":{"type":"Point","coordinates":[-122.19175,47.60531]},"properties":{"probability":0.622,"inBuffer":false,"facType":"substation"}},{"type":"Feature","geometry":{"type":"Point","coordinates":[-122.1851,47.60526]},"properties":{"probability":0.699,"inBuffer":false,"facType":"water_works"}},{"type":"Feature","geometry":{"type":"Point","coordinates":[-122.17845,47.60522]},"properties":{"probability":0.282,"inBuffer":false,"facType":"water_works"}},{"type":"Feature","geometry":{"type":"Point","coordinates":[-122.1718,47.60517]},"properties":{"probability":0.207,"inBuffer":false,"facType":"water_works"}},{"type":"Feature","geometry":{"type":"Point","coordinates":[-122.16515,47.60512]},"properties":{"probability":0.192,"inBuffer":false,"facType":"substation"}},{"type":"Feature","geometry":{"type":"Point","coordinates":[-122.15849,47.60507]},"properties":{"probability":0.177,"inBuffer":false,"facType":"substation"}},{"type":"Feature","geometry":{"type":"Point","coordinates":[-122.15184,47.60502]},"properties":{"probability":0.36,"inBuffer":false,"facType":"substation"}},{"type":"Feature","geometry":{"type":"Point","coordinates":[-122.35145,47.60183]},"properties":{"probability":0.271,"inBuffer":false,"facType":"substation"}},{"type":"Feature","geometry":{"type":"Point","coordinates":[-122.3448,47.60179]},"properties":{"probability":0.732,"inBuffer":false,"facType":"government"}},{"type":"Feature","geometry":{"type":"Point","coordinates":[-122.33814,47.60175]},"properties":{"probability":0.714,"inBuffer":false,"facType":"government"}},{"type":"Feature","geometry":{"type":"Point","coordinates":[-122.3315,47.60171]},"properties":{"probability":0.799,"inBuffer":false,"facType":"government"}},{"type":"Feature","geometry":{"type":"Point","coordinates":[-122.32484,47.60167]},"properties":{"probability":0.726,"inBuffer":false,"facType":"government"}},{"type":"Feature","geometry":{"type":"Point","coordinates":[-122.31819,47.60163]},"properties":{"probability":0.718,"inBuffer":false,"facType":"government"}},{"type":"Feature","geometry":{"type":"Point","coordinates":[-122.31154,47.60159]},"properties":{"probability":0.657,"inBuffer":true,"facType":"government"}},{"type":"Feature","geometry":{"type":"Point","coordinates":[-122.30489,47.60155]},"properties":{"probability":0.645,"inBuffer":false,"facType":"government"}},{"type":"Feature","geometry":{"type":"Point","coordinates":[-122.29824,47.60151]},"properties":{"probability":0.567,"inBuffer":false,"facType":"government"}},{"type":"Feature","geometry":{"type":"Point","coordinates":[-122.29159,47.60147]},"properties":{"probability":0.377,"inBuffer":false,"facType":"substation"}},{"type":"Feature","geometry":{"type":"Point","coordinates":[-122.28493,47.60143]},"properties":{"probability":0.335,"inBuffer":false,"facType":"substation"}},{"type":"Feature","geometry":{"type":"Point","coordinates":[-122.27828,47.60139]},"properties":{"probability":0.18,"inBuffer":false,"facType":"substation"}},{"type":"Feature","geometry":{"type":"Point","coordinates":[-122.21178,47.60095]},"properties":{"probability":0.187,"inBuffer":false,"facType":"water_works"}},{"type":"Feature","geometry":{"type":"Point","coordinates":[-122.20512,47.6009]},"properties":{"probability":0.315,"inBuffer":false,"facType":"water_works"}},{"type":"Feature","geometry":{"type":"Point","coordinates":[-122.19847,47.60086]},"properties":{"probability":0.375,"inBuffer":false,"facType":"water_works"}},{"type":"Feature","geometry":{"type":"Point","coordinates":[-122.19182,47.60081]},"properties":{"probability":0.416,"inBuffer":false,"facType":"substation"}},{"type":"Feature","geometry":{"type":"Point","coordinates":[-122.18517,47.60077]},"properties":{"probability":0.511,"inBuffer":false,"facType":"water_works"}},{"type":"Feature","geometry":{"type":"Point","coordinates":[-122.17852,47.60072]},"properties":{"probability":0.322,"inBuffer":false,"facType":"water_works"}},{"type":"Feature","geometry":{"type":"Point","coordinates":[-122.17187,47.60067]},"properties":{"probability":0.195,"inBuffer":false,"facType":"water_works"}},{"type":"Feature","geometry":{"type":"Point","coordinates":[-122.16521,47.60062]},"properties":{"probability":0.199,"inBuffer":false,"facType":"water_works"}},{"type":"Feature","geometry":{"type":"Point","coordinates":[-122.15856,47.60057]},"properties":{"probability":0.175,"inBuffer":false,"facType":"substation"}},{"type":"Feature","geometry":{"type":"Point","coordinates":[-122.15192,47.60052]},"properties":{"probability":0.342,"inBuffer":false,"facType":"substation"}},{"type":"Feature","geometry":{"type":"Point","coordinates":[-122.37811,47.59747]},"properties":{"probability":0.163,"inBuffer":false,"facType":"government"}},{"type":"Feature","geometry":{"type":"Point","coordinates":[-122.36481,47.5974]},"properties":{"probability":0.162,"inBuffer":false,"facType":"government"}},{"type":"Feature","geometry":{"type":"Point","coordinates":[-122.35815,47.59736]},"properties":{"probability":0.182,"inBuffer":false,"facType":"government"}},{"type":"Feature","geometry":{"type":"Point","coordinates":[-122.3515,47.59732]},"properties":{"probability":0.182,"inBuffer":false,"facType":"government"}},{"type":"Feature","geometry":{"type":"Point","coordinates":[-122.34486,47.59729]},"properties":{"probability":0.722,"inBuffer":false,"facType":"government"}},{"type":"Feature","geometry":{"type":"Point","coordinates":[-122.3382,47.59725]},"properties":{"probability":0.762,"inBuffer":false,"facType":"government"}},{"type":"Feature","geometry":{"type":"Point","coordinates":[-122.33155,47.59721]},"properties":{"probability":0.8,"inBuffer":false,"facType":"government"}},{"type":"Feature","geometry":{"type":"Point","coordinates":[-122.3249,47.59717]},"properties":{"probability":0.714,"inBuffer":false,"facType":"government"}},{"type":"Feature","geometry":{"type":"Point","coordinates":[-122.31825,47.59713]},"properties":{"probability":0.721,"inBuffer":false,"facType":"government"}},{"type":"Feature","geometry":{"type":"Point","coordinates":[-122.3116,47.5971]},"properties":{"probability":0.68,"inBuffer":false,"facType":"government"}},{"type":"Feature","geometry":{"type":"Point","coordinates":[-122.30495,47.59705]},"properties":{"probability":0.661,"inBuffer":false,"facType":"government"}},{"type":"Feature","geometry":{"type":"Point","coordinates":[-122.2983,47.59701]},"properties":{"probability":0.587,"inBuffer":false,"facType":"substation"}},{"type":"Feature","geometry":{"type":"Point","coordinates":[-122.29165,47.59697]},"properties":{"probability":0.402,"inBuffer":false,"facType":"substation"}},{"type":"Feature","geometry":{"type":"Point","coordinates":[-122.285,47.59693]},"properties":{"probability":0.285,"inBuffer":false,"facType":"substation"}},{"type":"Feature","geometry":{"type":"Point","coordinates":[-122.27834,47.59689]},"properties":{"probability":0.166,"inBuffer":false,"facType":"substation"}},{"type":"Feature","geometry":{"type":"Point","coordinates":[-122.21184,47.59645]},"properties":{"probability":0.176,"inBuffer":false,"facType":"water_works"}},{"type":"Feature","geometry":{"type":"Point","coordinates":[-122.20519,47.59641]},"properties":{"probability":0.193,"inBuffer":false,"facType":"water_works"}},{"type":"Feature","geometry":{"type":"Point","coordinates":[-122.19854,47.59636]},"properties":{"probability":0.35,"inBuffer":false,"facType":"substation"}},{"type":"Feature","geometry":{"type":"Point","coordinates":[-122.19189,47.59631]},"properties":{"probability":0.366,"inBuffer":false,"facType":"substation"}},{"type":"Feature","geometry":{"type":"Point","coordinates":[-122.18524,47.59626]},"properties":{"probability":0.387,"inBuffer":false,"facType":"water_works"}},{"type":"Feature","geometry":{"type":"Point","coordinates":[-122.17859,47.59622]},"properties":{"probability":0.228,"inBuffer":false,"facType":"water_works"}},{"type":"Feature","geometry":{"type":"Point","coordinates":[-122.17194,47.59617]},"properties":{"probability":0.199,"inBuffer":false,"facType":"water_works"}},{"type":"Feature","geometry":{"type":"Point","coordinates":[-122.16529,47.59612]},"properties":{"probability":0.185,"inBuffer":false,"facType":"substation"}},{"type":"Feature","geometry":{"type":"Point","coordinates":[-122.15864,47.59607]},"properties":{"probability":0.172,"inBuffer":false,"facType":"substation"}},{"type":"Feature","geometry":{"type":"Point","coordinates":[-122.15199,47.59602]},"properties":{"probability":0.326,"inBuffer":false,"facType":"substation"}},{"type":"Feature","geometry":{"type":"Point","coordinates":[-122.39146,47.59304]},"properties":{"probability":0.212,"inBuffer":false,"facType":"water_works"}},{"type":"Feature","geometry":{"type":"Point","coordinates":[-122.38481,47.59301]},"properties":{"probability":0.305,"inBuffer":false,"facType":"water_works"}},{"type":"Feature","geometry":{"type":"Point","coordinates":[-122.37816,47.59298]},"properties":{"probability":0.164,"inBuffer":false,"facType":"government"}},{"type":"Feature","geometry":{"type":"Point","coordinates":[-122.37151,47.59294]},"properties":{"probability":0.186,"inBuffer":false,"facType":"government"}},{"type":"Feature","geometry":{"type":"Point","coordinates":[-122.36486,47.5929]},"properties":{"probability":0.176,"inBuffer":false,"facType":"substation"}},{"type":"Feature","geometry":{"type":"Point","coordinates":[-122.35821,47.59286]},"properties":{"probability":0.33,"inBuffer":false,"facType":"substation"}},{"type":"Feature","geometry":{"type":"Point","coordinates":[-122.35156,47.59283]},"properties":{"probability":0.251,"inBuffer":false,"facType":"substation"}},{"type":"Feature","geometry":{"type":"Point","coordinates":[-122.34491,47.59279]},"properties":{"probability":0.643,"inBuffer":false,"facType":"substation"}},{"type":"Feature","geometry":{"type":"Point","coordinates":[-122.33826,47.59275]},"properties":{"probability":0.756,"inBuffer":false,"facType":"substation"}},{"type":"Feature","geometry":{"type":"Point","coordinates":[-122.33161,47.59271]},"properties":{"probability":0.767,"inBuffer":false,"facType":"government"}},{"type":"Feature","geometry":{"type":"Point","coordinates":[-122.32496,47.59267]},"properties":{"probability":0.758,"inBuffer":false,"facType":"government"}},{"type":"Feature","geometry":{"type":"Point","coordinates":[-122.31831,47.59264]},"properties":{"probability":0.701,"inBuffer":false,"facType":"government"}},{"type":"Feature","geometry":{"type":"Point","coordinates":[-122.31166,47.59259]},"properties":{"probability":0.677,"inBuffer":false,"facType":"government"}},{"type":"Feature","geometry":{"type":"Point","coordinates":[-122.30501,47.59256]},"properties":{"probability":0.643,"inBuffer":false,"facType":"substation"}},{"type":"Feature","geometry":{"type":"Point","coordinates":[-122.29836,47.59251]},"properties":{"probability":0.542,"inBuffer":false,"facType":"substation"}},{"type":"Feature","geometry":{"type":"Point","coordinates":[-122.29171,47.59247]},"properties":{"probability":0.463,"inBuffer":false,"facType":"substation"}},{"type":"Feature","geometry":{"type":"Point","coordinates":[-122.28506,47.59243]},"properties":{"probability":0.275,"inBuffer":false,"facType":"substation"}},{"type":"Feature","geometry":{"type":"Point","coordinates":[-122.27841,47.59239]},"properties":{"probability":0.158,"inBuffer":false,"facType":"substation"}},{"type":"Feature","geometry":{"type":"Point","coordinates":[-122.25846,47.59226]},"properties":{"probability":0.165,"inBuffer":false,"facType":"substation"}},{"type":"Feature","geometry":{"type":"Point","coordinates":[-122.25181,47.59222]},"properties":{"probability":0.187,"inBuffer":false,"facType":"substation"}},{"type":"Feature","geometry":{"type":"Point","coordinates":[-122.24516,47.59218]},"properties":{"probability":0.197,"inBuffer":false,"facType":"substation"}},{"type":"Feature","geometry":{"type":"Point","coordinates":[-122.23851,47.59213]},"properties":{"probability":0.185,"inBuffer":false,"facType":"government"}},{"type":"Feature","geometry":{"type":"Point","coordinates":[-122.23186,47.59209]},"properties":{"probability":0.186,"inBuffer":false,"facType":"government"}},{"type":"Feature","geometry":{"type":"Point","coordinates":[-122.21191,47.59195]},"properties":{"probability":0.189,"inBuffer":false,"facType":"government"}},{"type":"Feature","geometry":{"type":"Point","coordinates":[-122.20526,47.59191]},"properties":{"probability":0.19,"inBuffer":false,"facType":"substation"}},{"type":"Feature","geometry":{"type":"Point","coordinates":[-122.19861,47.59186]},"properties":{"probability":0.334,"inBuffer":false,"facType":"substation"}},{"type":"Feature","geometry":{"type":"Point","coordinates":[-122.19196,47.59182]},"properties":{"probability":0.363,"inBuffer":false,"facType":"substation"}},{"type":"Feature","geometry":{"type":"Point","coordinates":[-122.18531,47.59177]},"properties":{"probability":0.369,"inBuffer":false,"facType":"substation"}},{"type":"Feature","geometry":{"type":"Point","coordinates":[-122.17866,47.59172]},"properties":{"probability":0.257,"inBuffer":false,"facType":"water_works"}},{"type":"Feature","geometry":{"type":"Point","coordinates":[-122.17201,47.59167]},"properties":{"probability":0.205,"inBuffer":false,"facType":"substation"}},{"type":"Feature","geometry":{"type":"Point","coordinates":[-122.16536,47.59163]},"properties":{"probability":0.339,"inBuffer":false,"facType":"substation"}},{"type":"Feature","geometry":{"type":"Point","coordinates":[-122.15871,47.59158]},"properties":{"probability":0.343,"inBuffer":false,"facType":"substation"}},{"type":"Feature","geometry":{"type":"Point","coordinates":[-122.15206,47.59153]},"properties":{"probability":0.384,"inBuffer":false,"facType":"substation"}},{"type":"Feature","geometry":{"type":"Point","coordinates":[-122.39816,47.58858]},"properties":{"probability":0.182,"inBuffer":false,"facType":"water_works"}},{"type":"Feature","geometry":{"type":"Point","coordinates":[-122.39151,47.58855]},"properties":{"probability":0.31,"inBuffer":false,"facType":"water_works"}},{"type":"Feature","geometry":{"type":"Point","coordinates":[-122.38486,47.58851]},"properties":{"probability":0.384,"inBuffer":false,"facType":"government"}},{"type":"Feature","geometry":{"type":"Point","coordinates":[-122.37821,47.58847]},"properties":{"probability":0.214,"inBuffer":false,"facType":"government"}},{"type":"Feature","geometry":{"type":"Point","coordinates":[-122.37157,47.58844]},"properties":{"probability":0.203,"inBuffer":false,"facType":"government"}},{"type":"Feature","geometry":{"type":"Point","coordinates":[-122.36491,47.5884]},"properties":{"probability":0.368,"inBuffer":false,"facType":"substation"}},{"type":"Feature","geometry":{"type":"Point","coordinates":[-122.35827,47.58837]},"properties":{"probability":0.691,"inBuffer":false,"facType":"substation"}},{"type":"Feature","geometry":{"type":"Point","coordinates":[-122.35162,47.58833]},"properties":{"probability":0.677,"inBuffer":false,"facType":"substation"}},{"type":"Feature","geometry":{"type":"Point","coordinates":[-122.34496,47.58829]},"properties":{"probability":0.688,"inBuffer":false,"facType":"substation"}},{"type":"Feature","geometry":{"type":"Point","coordinates":[-122.33832,47.58825]},"properties":{"probability":0.787,"inBuffer":false,"facType":"substation"}},{"type":"Feature","geometry":{"type":"Point","coordinates":[-122.33167,47.58821]},"properties":{"probability":0.79,"inBuffer":false,"facType":"government"}},{"type":"Feature","geometry":{"type":"Point","coordinates":[-122.32502,47.58818]},"properties":{"probability":0.76,"inBuffer":false,"facType":"government"}},{"type":"Feature","geometry":{"type":"Point","coordinates":[-122.31837,47.58813]},"properties":{"probability":0.684,"inBuffer":false,"facType":"government"}},{"type":"Feature","geometry":{"type":"Point","coordinates":[-122.31171,47.5881]},"properties":{"probability":0.637,"inBuffer":false,"facType":"government"}},{"type":"Feature","geometry":{"type":"Point","coordinates":[-122.30507,47.58805]},"properties":{"probability":0.638,"inBuffer":false,"facType":"substation"}},{"type":"Feature","geometry":{"type":"Point","coordinates":[-122.29842,47.58802]},"properties":{"probability":0.561,"inBuffer":false,"facType":"substation"}},{"type":"Feature","geometry":{"type":"Point","coordinates":[-122.29177,47.58797]},"properties":{"probability":0.442,"inBuffer":false,"facType":"substation"}},{"type":"Feature","geometry":{"type":"Point","coordinates":[-122.28512,47.58793]},"properties":{"probability":0.275,"inBuffer":false,"facType":"substation"}},{"type":"Feature","geometry":{"type":"Point","coordinates":[-122.27847,47.58789]},"properties":{"probability":0.163,"inBuffer":false,"facType":"substation"}},{"type":"Feature","geometry":{"type":"Point","coordinates":[-122.25852,47.58776]},"properties":{"probability":0.172,"inBuffer":false,"facType":"substation"}},{"type":"Feature","geometry":{"type":"Point","coordinates":[-122.25187,47.58772]},"properties":{"probability":0.227,"inBuffer":false,"facType":"substation"}},{"type":"Feature","geometry":{"type":"Point","coordinates":[-122.24522,47.58768]},"properties":{"probability":0.335,"inBuffer":false,"facType":"substation"}},{"type":"Feature","geometry":{"type":"Point","coordinates":[-122.23857,47.58764]},"properties":{"probability":0.369,"inBuffer":false,"facType":"substation"}},{"type":"Feature","geometry":{"type":"Point","coordinates":[-122.23193,47.58759]},"properties":{"probability":0.413,"inBuffer":false,"facType":"substation"}},{"type":"Feature","geometry":{"type":"Point","coordinates":[-122.22527,47.58754]},"properties":{"probability":0.341,"inBuffer":false,"facType":"government"}},{"type":"Feature","geometry":{"type":"Point","coordinates":[-122.21863,47.5875]},"properties":{"probability":0.181,"inBuffer":false,"facType":"government"}},{"type":"Feature","geometry":{"type":"Point","coordinates":[-122.21198,47.58746]},"properties":{"probability":0.173,"inBuffer":false,"facType":"government"}},{"type":"Feature","geometry":{"type":"Point","coordinates":[-122.20533,47.58741]},"properties":{"probability":0.178,"inBuffer":false,"facType":"substation"}},{"type":"Feature","geometry":{"type":"Point","coordinates":[-122.19868,47.58736]},"properties":{"probability":0.336,"inBuffer":false,"facType":"substation"}},{"type":"Feature","geometry":{"type":"Point","coordinates":[-122.19202,47.58731]},"properties":{"probability":0.428,"inBuffer":false,"facType":"substation"}},{"type":"Feature","geometry":{"type":"Point","coordinates":[-122.18538,47.58727]},"properties":{"probability":0.368,"inBuffer":false,"facType":"substation"}},{"type":"Feature","geometry":{"type":"Point","coordinates":[-122.17873,47.58722]},"properties":{"probability":0.382,"inBuffer":false,"facType":"substation"}},{"type":"Feature","geometry":{"type":"Point","coordinates":[-122.17208,47.58717]},"properties":{"probability":0.44,"inBuffer":false,"facType":"substation"}},{"type":"Feature","geometry":{"type":"Point","coordinates":[-122.16543,47.58712]},"properties":{"probability":0.528,"inBuffer":false,"facType":"substation"}},{"type":"Feature","geometry":{"type":"Point","coordinates":[-122.15878,47.58708]},"properties":{"probability":0.517,"inBuffer":false,"facType":"substation"}},{"type":"Feature","geometry":{"type":"Point","coordinates":[-122.15213,47.58703]},"properties":{"probability":0.435,"inBuffer":false,"facType":"substation"}},{"type":"Feature","geometry":{"type":"Point","coordinates":[-122.40486,47.58412]},"properties":{"probability":0.176,"inBuffer":false,"facType":"water_works"}},{"type":"Feature","geometry":{"type":"Point","coordinates":[-122.39822,47.58408]},"properties":{"probability":0.247,"inBuffer":false,"facType":"water_works"}},{"type":"Feature","geometry":{"type":"Point","coordinates":[-122.39156,47.58405]},"properties":{"probability":0.41,"inBuffer":false,"facType":"water_works"}},{"type":"Feature","geometry":{"type":"Point","coordinates":[-122.38492,47.58401]},"properties":{"probability":0.426,"inBuffer":false,"facType":"government"}},{"type":"Feature","geometry":{"type":"Point","coordinates":[-122.37827,47.58398]},"properties":{"probability":0.391,"inBuffer":false,"facType":"government"}},{"type":"Feature","geometry":{"type":"Point","coordinates":[-122.37162,47.58394]},"properties":{"probability":0.602,"inBuffer":false,"facType":"government"}},{"type":"Feature","geometry":{"type":"Point","coordinates":[-122.36497,47.5839]},"properties":{"probability":0.637,"inBuffer":false,"facType":"government"}},{"type":"Feature","geometry":{"type":"Point","coordinates":[-122.35832,47.58387]},"properties":{"probability":0.717,"inBuffer":false,"facType":"substation"}},{"type":"Feature","geometry":{"type":"Point","coordinates":[-122.35167,47.58383]},"properties":{"probability":0.72,"inBuffer":false,"facType":"substation"}},{"type":"Feature","geometry":{"type":"Point","coordinates":[-122.34502,47.58379]},"properties":{"probability":0.76,"inBuffer":false,"facType":"substation"}},{"type":"Feature","geometry":{"type":"Point","coordinates":[-122.33837,47.58376]},"properties":{"probability":0.76,"inBuffer":false,"facType":"substation"}},{"type":"Feature","geometry":{"type":"Point","coordinates":[-122.33173,47.58372]},"properties":{"probability":0.759,"inBuffer":false,"facType":"government"}},{"type":"Feature","geometry":{"type":"Point","coordinates":[-122.32507,47.58368]},"properties":{"probability":0.721,"inBuffer":false,"facType":"government"}},{"type":"Feature","geometry":{"type":"Point","coordinates":[-122.31843,47.58364]},"properties":{"probability":0.691,"inBuffer":false,"facType":"government"}},{"type":"Feature","geometry":{"type":"Point","coordinates":[-122.31178,47.5836]},"properties":{"probability":0.608,"inBuffer":false,"facType":"government"}},{"type":"Feature","geometry":{"type":"Point","coordinates":[-122.30513,47.58356]},"properties":{"probability":0.662,"inBuffer":false,"facType":"substation"}},{"type":"Feature","geometry":{"type":"Point","coordinates":[-122.29848,47.58352]},"properties":{"probability":0.592,"inBuffer":false,"facType":"substation"}},{"type":"Feature","geometry":{"type":"Point","coordinates":[-122.29183,47.58348]},"properties":{"probability":0.444,"inBuffer":false,"facType":"substation"}},{"type":"Feature","geometry":{"type":"Point","coordinates":[-122.28518,47.58344]},"properties":{"probability":0.204,"inBuffer":false,"facType":"substation"}},{"type":"Feature","geometry":{"type":"Point","coordinates":[-122.25194,47.58322]},"properties":{"probability":0.187,"inBuffer":false,"facType":"substation"}},{"type":"Feature","geometry":{"type":"Point","coordinates":[-122.24529,47.58318]},"properties":{"probability":0.211,"inBuffer":false,"facType":"substation"}},{"type":"Feature","geometry":{"type":"Point","coordinates":[-122.23864,47.58314]},"properties":{"probability":0.336,"inBuffer":false,"facType":"substation"}},{"type":"Feature","geometry":{"type":"Point","coordinates":[-122.23199,47.58309]},"properties":{"probability":0.528,"inBuffer":false,"facType":"substation"}},{"type":"Feature","geometry":{"type":"Point","coordinates":[-122.22534,47.58305]},"properties":{"probability":0.323,"inBuffer":false,"facType":"substation"}},{"type":"Feature","geometry":{"type":"Point","coordinates":[-122.21869,47.583]},"properties":{"probability":0.326,"inBuffer":false,"facType":"government"}},{"type":"Feature","geometry":{"type":"Point","coordinates":[-122.21204,47.58295]},"properties":{"probability":0.337,"inBuffer":false,"facType":"government"}},{"type":"Feature","geometry":{"type":"Point","coordinates":[-122.20539,47.58291]},"properties":{"probability":0.245,"inBuffer":false,"facType":"substation"}},{"type":"Feature","geometry":{"type":"Point","coordinates":[-122.19875,47.58286]},"properties":{"probability":0.341,"inBuffer":false,"facType":"substation"}},{"type":"Feature","geometry":{"type":"Point","coordinates":[-122.1921,47.58282]},"properties":{"probability":0.39,"inBuffer":false,"facType":"substation"}},{"type":"Feature","geometry":{"type":"Point","coordinates":[-122.18545,47.58277]},"properties":{"probability":0.339,"inBuffer":false,"facType":"substation"}},{"type":"Feature","geometry":{"type":"Point","coordinates":[-122.1788,47.58272]},"properties":{"probability":0.602,"inBuffer":false,"facType":"substation"}},{"type":"Feature","geometry":{"type":"Point","coordinates":[-122.17215,47.58268]},"properties":{"probability":0.682,"inBuffer":false,"facType":"substation"}},{"type":"Feature","geometry":{"type":"Point","coordinates":[-122.1655,47.58263]},"properties":{"probability":0.679,"inBuffer":false,"facType":"substation"}},{"type":"Feature","geometry":{"type":"Point","coordinates":[-122.15885,47.58258]},"properties":{"probability":0.623,"inBuffer":false,"facType":"substation"}},{"type":"Feature","geometry":{"type":"Point","coordinates":[-122.15221,47.58253]},"properties":{"probability":0.638,"inBuffer":false,"facType":"substation"}},{"type":"Feature","geometry":{"type":"Point","coordinates":[-122.41157,47.57965]},"properties":{"probability":0.17,"inBuffer":false,"facType":"water_works"}},{"type":"Feature","geometry":{"type":"Point","coordinates":[-122.40491,47.57962]},"properties":{"probability":0.32,"inBuffer":false,"facType":"water_works"}},{"type":"Feature","geometry":{"type":"Point","coordinates":[-122.39827,47.57959]},"properties":{"probability":0.317,"inBuffer":false,"facType":"water_works"}},{"type":"Feature","geometry":{"type":"Point","coordinates":[-122.39162,47.57955]},"properties":{"probability":0.496,"inBuffer":false,"facType":"water_works"}},{"type":"Feature","geometry":{"type":"Point","coordinates":[-122.38497,47.57951]},"properties":{"probability":0.5,"inBuffer":false,"facType":"government"}},{"type":"Feature","geometry":{"type":"Point","coordinates":[-122.37832,47.57948]},"properties":{"probability":0.439,"inBuffer":false,"facType":"government"}},{"type":"Feature","geometry":{"type":"Point","coordinates":[-122.37167,47.57944]},"properties":{"probability":0.642,"inBuffer":false,"facType":"government"}},{"type":"Feature","geometry":{"type":"Point","coordinates":[-122.36502,47.57941]},"properties":{"probability":0.73,"inBuffer":false,"facType":"government"}},{"type":"Feature","geometry":{"type":"Point","coordinates":[-122.35838,47.57937]},"properties":{"probability":0.72,"inBuffer":false,"facType":"government"}},{"type":"Feature","geometry":{"type":"Point","coordinates":[-122.35173,47.57933]},"properties":{"probability":0.771,"inBuffer":false,"facType":"substation"}},{"type":"Feature","geometry":{"type":"Point","coordinates":[-122.34508,47.57929]},"properties":{"probability":0.767,"inBuffer":false,"facType":"substation"}},{"type":"Feature","geometry":{"type":"Point","coordinates":[-122.33843,47.57925]},"properties":{"probability":0.764,"inBuffer":false,"facType":"substation"}},{"type":"Feature","geometry":{"type":"Point","coordinates":[-122.33178,47.57922]},"properties":{"probability":0.755,"inBuffer":false,"facType":"government"}},{"type":"Feature","geometry":{"type":"Point","coordinates":[-122.32513,47.57918]},"properties":{"probability":0.718,"inBuffer":false,"facType":"government"}},{"type":"Feature","geometry":{"type":"Point","coordinates":[-122.31848,47.57914]},"properties":{"probability":0.655,"inBuffer":false,"facType":"government"}},{"type":"Feature","geometry":{"type":"Point","coordinates":[-122.31184,47.5791]},"properties":{"probability":0.557,"inBuffer":false,"facType":"government"}},{"type":"Feature","geometry":{"type":"Point","coordinates":[-122.30519,47.57906]},"properties":{"probability":0.557,"inBuffer":false,"facType":"government"}},{"type":"Feature","geometry":{"type":"Point","coordinates":[-122.29854,47.57902]},"properties":{"probability":0.63,"inBuffer":false,"facType":"substation"}},{"type":"Feature","geometry":{"type":"Point","coordinates":[-122.29189,47.57898]},"properties":{"probability":0.585,"inBuffer":false,"facType":"government"}},{"type":"Feature","geometry":{"type":"Point","coordinates":[-122.28524,47.57894]},"properties":{"probability":0.329,"inBuffer":false,"facType":"government"}},{"type":"Feature","geometry":{"type":"Point","coordinates":[-122.24535,47.57868]},"properties":{"probability":0.185,"inBuffer":false,"facType":"substation"}},{"type":"Feature","geometry":{"type":"Point","coordinates":[-122.2387,47.57864]},"properties":{"probability":0.176,"inBuffer":false,"facType":"substation"}},{"type":"Feature","geometry":{"type":"Point","coordinates":[-122.23206,47.57859]},"properties":{"probability":0.304,"inBuffer":false,"facType":"substation"}},{"type":"Feature","geometry":{"type":"Point","coordinates":[-122.22541,47.57855]},"properties":{"probability":0.294,"inBuffer":false,"facType":"substation"}},{"type":"Feature","geometry":{"type":"Point","coordinates":[-122.21876,47.5785]},"properties":{"probability":0.33,"inBuffer":false,"facType":"government"}},{"type":"Feature","geometry":{"type":"Point","coordinates":[-122.21211,47.57846]},"properties":{"probability":0.35,"inBuffer":false,"facType":"government"}},{"type":"Feature","geometry":{"type":"Point","coordinates":[-122.20546,47.57841]},"properties":{"probability":0.336,"inBuffer":false,"facType":"substation"}},{"type":"Feature","geometry":{"type":"Point","coordinates":[-122.19881,47.57837]},"properties":{"probability":0.344,"inBuffer":false,"facType":"substation"}},{"type":"Feature","geometry":{"type":"Point","coordinates":[-122.19217,47.57832]},"properties":{"probability":0.315,"inBuffer":false,"facType":"substation"}},{"type":"Feature","geometry":{"type":"Point","coordinates":[-122.18552,47.57827]},"properties":{"probability":0.298,"inBuffer":false,"facType":"substation"}},{"type":"Feature","geometry":{"type":"Point","coordinates":[-122.17887,47.57822]},"properties":{"probability":0.611,"inBuffer":false,"facType":"substation"}},{"type":"Feature","geometry":{"type":"Point","coordinates":[-122.17222,47.57818]},"properties":{"probability":0.71,"inBuffer":false,"facType":"substation"}},{"type":"Feature","geometry":{"type":"Point","coordinates":[-122.16557,47.57813]},"properties":{"probability":0.686,"inBuffer":false,"facType":"substation"}},{"type":"Feature","geometry":{"type":"Point","coordinates":[-122.15893,47.57808]},"properties":{"probability":0.562,"inBuffer":false,"facType":"substation"}},{"type":"Feature","geometry":{"type":"Point","coordinates":[-122.15228,47.57803]},"properties":{"probability":0.508,"inBuffer":false,"facType":"substation"}},{"type":"Feature","geometry":{"type":"Point","coordinates":[-122.41826,47.57519]},"properties":{"probability":0.168,"inBuffer":false,"facType":"water_works"}},{"type":"Feature","geometry":{"type":"Point","coordinates":[-122.41161,47.57516]},"properties":{"probability":0.348,"inBuffer":false,"facType":"water_works"}},{"type":"Feature","geometry":{"type":"Point","coordinates":[-122.40497,47.57512]},"properties":{"probability":0.322,"inBuffer":false,"facType":"water_works"}},{"type":"Feature","geometry":{"type":"Point","coordinates":[-122.39832,47.57508]},"properties":{"probability":0.336,"inBuffer":false,"facType":"water_works"}},{"type":"Feature","geometry":{"type":"Point","coordinates":[-122.39167,47.57505]},"properties":{"probability":0.376,"inBuffer":false,"facType":"water_works"}},{"type":"Feature","geometry":{"type":"Point","coordinates":[-122.38503,47.57502]},"properties":{"probability":0.437,"inBuffer":false,"facType":"government"}},{"type":"Feature","geometry":{"type":"Point","coordinates":[-122.37837,47.57498]},"properties":{"probability":0.59,"inBuffer":false,"facType":"government"}},{"type":"Feature","geometry":{"type":"Point","coordinates":[-122.37173,47.57494]},"properties":{"probability":0.71,"inBuffer":false,"facType":"government"}},{"type":"Feature","geometry":{"type":"Point","coordinates":[-122.36508,47.57491]},"properties":{"probability":0.717,"inBuffer":false,"facType":"government"}},{"type":"Feature","geometry":{"type":"Point","coordinates":[-122.35843,47.57487]},"properties":{"probability":0.694,"inBuffer":false,"facType":"government"}},{"type":"Feature","geometry":{"type":"Point","coordinates":[-122.35178,47.57483]},"properties":{"probability":0.722,"inBuffer":false,"facType":"government"}},{"type":"Feature","geometry":{"type":"Point","coordinates":[-122.34513,47.57479]},"properties":{"probability":0.718,"inBuffer":false,"facType":"substation"}},{"type":"Feature","geometry":{"type":"Point","coordinates":[-122.33849,47.57476]},"properties":{"probability":0.718,"inBuffer":false,"facType":"substation"}},{"type":"Feature","geometry":{"type":"Point","coordinates":[-122.33184,47.57472]},"properties":{"probability":0.692,"inBuffer":false,"facType":"substation"}},{"type":"Feature","geometry":{"type":"Point","coordinates":[-122.32519,47.57468]},"properties":{"probability":0.695,"inBuffer":false,"facType":"government"}},{"type":"Feature","geometry":{"type":"Point","coordinates":[-122.31854,47.57464]},"properties":{"probability":0.593,"inBuffer":false,"facType":"government"}},{"type":"Feature","geometry":{"type":"Point","coordinates":[-122.3119,47.5746]},"properties":{"probability":0.51,"inBuffer":false,"facType":"government"}},{"type":"Feature","geometry":{"type":"Point","coordinates":[-122.30524,47.57456]},"properties":{"probability":0.437,"inBuffer":false,"facType":"government"}},{"type":"Feature","geometry":{"type":"Point","coordinates":[-122.2986,47.57452]},"properties":{"probability":0.557,"inBuffer":false,"facType":"government"}},{"type":"Feature","geometry":{"type":"Point","coordinates":[-122.29195,47.57448]},"properties":{"probability":0.551,"inBuffer":false,"facType":"government"}},{"type":"Feature","geometry":{"type":"Point","coordinates":[-122.2853,47.57444]},"properties":{"probability":0.405,"inBuffer":false,"facType":"government"}},{"type":"Feature","geometry":{"type":"Point","coordinates":[-122.27866,47.5744]},"properties":{"probability":0.192,"inBuffer":false,"facType":"government"}},{"type":"Feature","geometry":{"type":"Point","coordinates":[-122.27201,47.57436]},"properties":{"probability":0.16,"inBuffer":false,"facType":"government"}},{"type":"Feature","geometry":{"type":"Point","coordinates":[-122.23877,47.57414]},"properties":{"probability":0.17,"inBuffer":false,"facType":"substation"}},{"type":"Feature","geometry":{"type":"Point","coordinates":[-122.23212,47.57409]},"properties":{"probability":0.276,"inBuffer":false,"facType":"substation"}},{"type":"Feature","geometry":{"type":"Point","coordinates":[-122.22547,47.57405]},"properties":{"probability":0.317,"inBuffer":false,"facType":"water_works"}},{"type":"Feature","geometry":{"type":"Point","coordinates":[-122.21883,47.57401]},"properties":{"probability":0.338,"inBuffer":false,"facType":"water_works"}},{"type":"Feature","geometry":{"type":"Point","coordinates":[-122.21218,47.57396]},"properties":{"probability":0.19,"inBuffer":false,"facType":"government"}},{"type":"Feature","geometry":{"type":"Point","coordinates":[-122.20553,47.57391]},"properties":{"probability":0.19,"inBuffer":false,"facType":"substation"}},{"type":"Feature","geometry":{"type":"Point","coordinates":[-122.19888,47.57387]},"properties":{"probability":0.186,"inBuffer":false,"facType":"substation"}},{"type":"Feature","geometry":{"type":"Point","coordinates":[-122.19224,47.57382]},"properties":{"probability":0.184,"inBuffer":false,"facType":"substation"}},{"type":"Feature","geometry":{"type":"Point","coordinates":[-122.18559,47.57377]},"properties":{"probability":0.261,"inBuffer":false,"facType":"substation"}},{"type":"Feature","geometry":{"type":"Point","coordinates":[-122.17894,47.57373]},"properties":{"probability":0.611,"inBuffer":false,"facType":"substation"}},{"type":"Feature","geometry":{"type":"Point","coordinates":[-122.17229,47.57368]},"properties":{"probability":0.677,"inBuffer":false,"facType":"substation"}},{"type":"Feature","geometry":{"type":"Point","coordinates":[-122.16564,47.57363]},"properties":{"probability":0.597,"inBuffer":false,"facType":"substation"}},{"type":"Feature","geometry":{"type":"Point","coordinates":[-122.159,47.57358]},"properties":{"probability":0.448,"inBuffer":false,"facType":"substation"}},{"type":"Feature","geometry":{"type":"Point","coordinates":[-122.15235,47.57353]},"properties":{"probability":0.28,"inBuffer":false,"facType":"substation"}},{"type":"Feature","geometry":{"type":"Point","coordinates":[-122.41167,47.57066]},"properties":{"probability":0.196,"inBuffer":false,"facType":"water_works"}},{"type":"Feature","geometry":{"type":"Point","coordinates":[-122.40501,47.57062]},"properties":{"probability":0.299,"inBuffer":false,"facType":"water_works"}},{"type":"Feature","geometry":{"type":"Point","coordinates":[-122.39837,47.57059]},"properties":{"probability":0.362,"inBuffer":false,"facType":"water_works"}},{"type":"Feature","geometry":{"type":"Point","coordinates":[-122.39172,47.57055]},"properties":{"probability":0.394,"inBuffer":false,"facType":"water_works"}},{"type":"Feature","geometry":{"type":"Point","coordinates":[-122.38508,47.57052]},"properties":{"probability":0.45,"inBuffer":false,"facType":"government"}},{"type":"Feature","geometry":{"type":"Point","coordinates":[-122.37843,47.57048]},"properties":{"probability":0.508,"inBuffer":false,"facType":"government"}},{"type":"Feature","geometry":{"type":"Point","coordinates":[-122.37178,47.57045]},"properties":{"probability":0.693,"inBuffer":false,"facType":"government"}},{"type":"Feature","geometry":{"type":"Point","coordinates":[-122.36514,47.57041]},"properties":{"probability":0.709,"inBuffer":false,"facType":"government"}},{"type":"Feature","geometry":{"type":"Point","coordinates":[-122.35848,47.57037]},"properties":{"probability":0.676,"inBuffer":false,"facType":"government"}},{"type":"Feature","geometry":{"type":"Point","coordinates":[-122.35184,47.57034]},"properties":{"probability":0.655,"inBuffer":false,"facType":"government"}},{"type":"Feature","geometry":{"type":"Point","coordinates":[-122.34519,47.5703]},"properties":{"probability":0.698,"inBuffer":false,"facType":"substation"}},{"type":"Feature","geometry":{"type":"Point","coordinates":[-122.33855,47.57026]},"properties":{"probability":0.697,"inBuffer":false,"facType":"substation"}},{"type":"Feature","geometry":{"type":"Point","coordinates":[-122.33189,47.57022]},"properties":{"probability":0.707,"inBuffer":false,"facType":"substation"}},{"type":"Feature","geometry":{"type":"Point","coordinates":[-122.32525,47.57018]},"properties":{"probability":0.704,"inBuffer":false,"facType":"substation"}},{"type":"Feature","geometry":{"type":"Point","coordinates":[-122.3186,47.57014]},"properties":{"probability":0.583,"inBuffer":false,"facType":"government"}},{"type":"Feature","geometry":{"type":"Point","coordinates":[-122.31195,47.5701]},"properties":{"probability":0.47,"inBuffer":false,"facType":"hospital"}},{"type":"Feature","geometry":{"type":"Point","coordinates":[-122.30531,47.57006]},"properties":{"probability":0.419,"inBuffer":false,"facType":"hospital"}},{"type":"Feature","geometry":{"type":"Point","coordinates":[-122.29866,47.57002]},"properties":{"probability":0.457,"inBuffer":false,"facType":"government"}},{"type":"Feature","geometry":{"type":"Point","coordinates":[-122.29202,47.56998]},"properties":{"probability":0.521,"inBuffer":false,"facType":"government"}},{"type":"Feature","geometry":{"type":"Point","coordinates":[-122.28536,47.56994]},"properties":{"probability":0.521,"inBuffer":false,"facType":"government"}},{"type":"Feature","geometry":{"type":"Point","coordinates":[-122.27872,47.5699]},"properties":{"probability":0.251,"inBuffer":false,"facType":"government"}},{"type":"Feature","geometry":{"type":"Point","coordinates":[-122.27207,47.56985]},"properties":{"probability":0.185,"inBuffer":false,"facType":"government"}},{"type":"Feature","geometry":{"type":"Point","coordinates":[-122.23219,47.5696]},"properties":{"probability":0.199,"inBuffer":false,"facType":"water_works"}},{"type":"Feature","geometry":{"type":"Point","coordinates":[-122.22554,47.56955]},"properties":{"probability":0.212,"inBuffer":false,"facType":"water_works"}},{"type":"Feature","geometry":{"type":"Point","coordinates":[-122.21889,47.56951]},"properties":{"probability":0.222,"inBuffer":false,"facType":"water_works"}},{"type":"Feature","geometry":{"type":"Point","coordinates":[-122.21225,47.56946]},"properties":{"probability":0.166,"inBuffer":false,"facType":"substation"}},{"type":"Feature","geometry":{"type":"Point","coordinates":[-122.2056,47.56942]},"properties":{"probability":0.194,"inBuffer":false,"facType":"substation"}},{"type":"Feature","geometry":{"type":"Point","coordinates":[-122.19895,47.56937]},"properties":{"probability":0.176,"inBuffer":false,"facType":"substation"}},{"type":"Feature","geometry":{"type":"Point","coordinates":[-122.19231,47.56932]},"properties":{"probability":0.181,"inBuffer":false,"facType":"substation"}},{"type":"Feature","geometry":{"type":"Point","coordinates":[-122.18566,47.56927]},"properties":{"probability":0.217,"inBuffer":false,"facType":"substation"}},{"type":"Feature","geometry":{"type":"Point","coordinates":[-122.17901,47.56923]},"properties":{"probability":0.514,"inBuffer":false,"facType":"substation"}},{"type":"Feature","geometry":{"type":"Point","coordinates":[-122.17236,47.56918]},"properties":{"probability":0.468,"inBuffer":false,"facType":"substation"}},{"type":"Feature","geometry":{"type":"Point","coordinates":[-122.16572,47.56913]},"properties":{"probability":0.435,"inBuffer":false,"facType":"substation"}},{"type":"Feature","geometry":{"type":"Point","coordinates":[-122.15907,47.56908]},"properties":{"probability":0.243,"inBuffer":false,"facType":"substation"}},{"type":"Feature","geometry":{"type":"Point","coordinates":[-122.15242,47.56903]},"properties":{"probability":0.181,"inBuffer":false,"facType":"substation"}},{"type":"Feature","geometry":{"type":"Point","coordinates":[-122.41171,47.56616]},"properties":{"probability":0.188,"inBuffer":false,"facType":"water_works"}},{"type":"Feature","geometry":{"type":"Point","coordinates":[-122.40507,47.56612]},"properties":{"probability":0.248,"inBuffer":false,"facType":"water_works"}},{"type":"Feature","geometry":{"type":"Point","coordinates":[-122.39842,47.56609]},"properties":{"probability":0.329,"inBuffer":false,"facType":"water_works"}},{"type":"Feature","geometry":{"type":"Point","coordinates":[-122.39178,47.56606]},"properties":{"probability":0.498,"inBuffer":false,"facType":"government"}},{"type":"Feature","geometry":{"type":"Point","coordinates":[-122.38512,47.56602]},"properties":{"probability":0.682,"inBuffer":false,"facType":"government"}},{"type":"Feature","geometry":{"type":"Point","coordinates":[-122.37848,47.56598]},"properties":{"probability":0.61,"inBuffer":false,"facType":"government"}},{"type":"Feature","geometry":{"type":"Point","coordinates":[-122.37183,47.56595]},"properties":{"probability":0.534,"inBuffer":false,"facType":"government"}},{"type":"Feature","geometry":{"type":"Point","coordinates":[-122.36519,47.56591]},"properties":{"probability":0.589,"inBuffer":false,"facType":"government"}},{"type":"Feature","geometry":{"type":"Point","coordinates":[-122.35854,47.56587]},"properties":{"probability":0.559,"inBuffer":false,"facType":"government"}},{"type":"Feature","geometry":{"type":"Point","coordinates":[-122.35189,47.56583]},"properties":{"probability":0.623,"inBuffer":false,"facType":"government"}},{"type":"Feature","geometry":{"type":"Point","coordinates":[-122.34525,47.5658]},"properties":{"probability":0.712,"inBuffer":false,"facType":"substation"}},{"type":"Feature","geometry":{"type":"Point","coordinates":[-122.3386,47.56576]},"properties":{"probability":0.698,"inBuffer":false,"facType":"substation"}},{"type":"Feature","geometry":{"type":"Point","coordinates":[-122.33195,47.56572]},"properties":{"probability":0.708,"inBuffer":false,"facType":"substation"}},{"type":"Feature","geometry":{"type":"Point","coordinates":[-122.32531,47.56568]},"properties":{"probability":0.697,"inBuffer":false,"facType":"government"}},{"type":"Feature","geometry":{"type":"Point","coordinates":[-122.31866,47.56564]},"properties":{"probability":0.527,"inBuffer":false,"facType":"government"}},{"type":"Feature","geometry":{"type":"Point","coordinates":[-122.31201,47.56561]},"properties":{"probability":0.534,"inBuffer":true,"facType":"hospital"}},{"type":"Feature","geometry":{"type":"Point","coordinates":[-122.30537,47.56556]},"properties":{"probability":0.52,"inBuffer":true,"facType":"hospital"}},{"type":"Feature","geometry":{"type":"Point","coordinates":[-122.29872,47.56552]},"properties":{"probability":0.461,"inBuffer":false,"facType":"hospital"}},{"type":"Feature","geometry":{"type":"Point","coordinates":[-122.29208,47.56548]},"properties":{"probability":0.56,"inBuffer":false,"facType":"government"}},{"type":"Feature","geometry":{"type":"Point","coordinates":[-122.28542,47.56544]},"properties":{"probability":0.529,"inBuffer":false,"facType":"government"}},{"type":"Feature","geometry":{"type":"Point","coordinates":[-122.27878,47.5654]},"properties":{"probability":0.319,"inBuffer":false,"facType":"government"}},{"type":"Feature","geometry":{"type":"Point","coordinates":[-122.27213,47.56536]},"properties":{"probability":0.32,"inBuffer":false,"facType":"government"}},{"type":"Feature","geometry":{"type":"Point","coordinates":[-122.26549,47.56532]},"properties":{"probability":0.164,"inBuffer":false,"facType":"government"}},{"type":"Feature","geometry":{"type":"Point","coordinates":[-122.23225,47.5651]},"properties":{"probability":0.164,"inBuffer":false,"facType":"water_works"}},{"type":"Feature","geometry":{"type":"Point","coordinates":[-122.22561,47.56505]},"properties":{"probability":0.168,"inBuffer":false,"facType":"substation"}},{"type":"Feature","geometry":{"type":"Point","coordinates":[-122.21896,47.56501]},"properties":{"probability":0.186,"inBuffer":false,"facType":"substation"}},{"type":"Feature","geometry":{"type":"Point","coordinates":[-122.21231,47.56496]},"properties":{"probability":0.17,"inBuffer":false,"facType":"substation"}},{"type":"Feature","geometry":{"type":"Point","coordinates":[-122.18573,47.56478]},"properties":{"probability":0.177,"inBuffer":false,"facType":"substation"}},{"type":"Feature","geometry":{"type":"Point","coordinates":[-122.17908,47.56473]},"properties":{"probability":0.323,"inBuffer":false,"facType":"substation"}},{"type":"Feature","geometry":{"type":"Point","coordinates":[-122.17243,47.56468]},"properties":{"probability":0.316,"inBuffer":false,"facType":"substation"}},{"type":"Feature","geometry":{"type":"Point","coordinates":[-122.16579,47.56463]},"properties":{"probability":0.339,"inBuffer":false,"facType":"substation"}},{"type":"Feature","geometry":{"type":"Point","coordinates":[-122.15914,47.56458]},"properties":{"probability":0.191,"inBuffer":false,"facType":"substation"}},{"type":"Feature","geometry":{"type":"Point","coordinates":[-122.1525,47.56454]},"properties":{"probability":0.187,"inBuffer":false,"facType":"substation"}},{"type":"Feature","geometry":{"type":"Point","coordinates":[-122.40512,47.56163]},"properties":{"probability":0.183,"inBuffer":false,"facType":"water_works"}},{"type":"Feature","geometry":{"type":"Point","coordinates":[-122.39848,47.56159]},"properties":{"probability":0.323,"inBuffer":false,"facType":"water_works"}},{"type":"Feature","geometry":{"type":"Point","coordinates":[-122.39182,47.56155]},"properties":{"probability":0.427,"inBuffer":false,"facType":"government"}},{"type":"Feature","geometry":{"type":"Point","coordinates":[-122.38518,47.56152]},"properties":{"probability":0.688,"inBuffer":false,"facType":"government"}},{"type":"Feature","geometry":{"type":"Point","coordinates":[-122.37853,47.56149]},"properties":{"probability":0.59,"inBuffer":false,"facType":"government"}},{"type":"Feature","geometry":{"type":"Point","coordinates":[-122.37189,47.56145]},"properties":{"probability":0.49,"inBuffer":false,"facType":"government"}},{"type":"Feature","geometry":{"type":"Point","coordinates":[-122.36524,47.56141]},"properties":{"probability":0.394,"inBuffer":false,"facType":"government"}},{"type":"Feature","geometry":{"type":"Point","coordinates":[-122.3586,47.56137]},"properties":{"probability":0.359,"inBuffer":false,"facType":"government"}},{"type":"Feature","geometry":{"type":"Point","coordinates":[-122.35195,47.56134]},"properties":{"probability":0.5,"inBuffer":false,"facType":"substation"}},{"type":"Feature","geometry":{"type":"Point","coordinates":[-122.3453,47.5613]},"properties":{"probability":0.658,"inBuffer":false,"facType":"substation"}},{"type":"Feature","geometry":{"type":"Point","coordinates":[-122.33865,47.56126]},"properties":{"probability":0.666,"inBuffer":false,"facType":"substation"}},{"type":"Feature","geometry":{"type":"Point","coordinates":[-122.33201,47.56122]},"properties":{"probability":0.703,"inBuffer":false,"facType":"substation"}},{"type":"Feature","geometry":{"type":"Point","coordinates":[-122.32536,47.56118]},"properties":{"probability":0.683,"inBuffer":false,"facType":"government"}},{"type":"Feature","geometry":{"type":"Point","coordinates":[-122.31872,47.56115]},"properties":{"probability":0.505,"inBuffer":false,"facType":"substation"}},{"type":"Feature","geometry":{"type":"Point","coordinates":[-122.31207,47.5611]},"properties":{"probability":0.548,"inBuffer":true,"facType":"substation"}},{"type":"Feature","geometry":{"type":"Point","coordinates":[-122.30543,47.56107]},"properties":{"probability":0.499,"inBuffer":true,"facType":"hospital"}},{"type":"Feature","geometry":{"type":"Point","coordinates":[-122.29878,47.56102]},"properties":{"probability":0.477,"inBuffer":true,"facType":"hospital"}},{"type":"Feature","geometry":{"type":"Point","coordinates":[-122.29213,47.56098]},"properties":{"probability":0.601,"inBuffer":false,"facType":"government"}},{"type":"Feature","geometry":{"type":"Point","coordinates":[-122.28548,47.56094]},"properties":{"probability":0.573,"inBuffer":false,"facType":"government"}},{"type":"Feature","geometry":{"type":"Point","coordinates":[-122.27884,47.5609]},"properties":{"probability":0.343,"inBuffer":false,"facType":"government"}},{"type":"Feature","geometry":{"type":"Point","coordinates":[-122.27219,47.56086]},"properties":{"probability":0.337,"inBuffer":false,"facType":"government"}},{"type":"Feature","geometry":{"type":"Point","coordinates":[-122.26555,47.56082]},"properties":{"probability":0.19,"inBuffer":false,"facType":"government"}},{"type":"Feature","geometry":{"type":"Point","coordinates":[-122.22567,47.56055]},"properties":{"probability":0.169,"inBuffer":false,"facType":"substation"}},{"type":"Feature","geometry":{"type":"Point","coordinates":[-122.21902,47.56051]},"properties":{"probability":0.184,"inBuffer":false,"facType":"substation"}},{"type":"Feature","geometry":{"type":"Point","coordinates":[-122.19244,47.56033]},"properties":{"probability":0.172,"inBuffer":false,"facType":"substation"}},{"type":"Feature","geometry":{"type":"Point","coordinates":[-122.1858,47.56028]},"properties":{"probability":0.177,"inBuffer":false,"facType":"substation"}},{"type":"Feature","geometry":{"type":"Point","coordinates":[-122.17915,47.56023]},"properties":{"probability":0.17,"inBuffer":false,"facType":"substation"}},{"type":"Feature","geometry":{"type":"Point","coordinates":[-122.17251,47.56018]},"properties":{"probability":0.185,"inBuffer":false,"facType":"substation"}},{"type":"Feature","geometry":{"type":"Point","coordinates":[-122.16586,47.56013]},"properties":{"probability":0.217,"inBuffer":false,"facType":"substation"}},{"type":"Feature","geometry":{"type":"Point","coordinates":[-122.15921,47.56009]},"properties":{"probability":0.186,"inBuffer":false,"facType":"substation"}},{"type":"Feature","geometry":{"type":"Point","coordinates":[-122.15257,47.56004]},"properties":{"probability":0.181,"inBuffer":false,"facType":"substation"}},{"type":"Feature","geometry":{"type":"Point","coordinates":[-122.40517,47.55713]},"properties":{"probability":0.166,"inBuffer":false,"facType":"water_works"}},{"type":"Feature","geometry":{"type":"Point","coordinates":[-122.39852,47.55709]},"properties":{"probability":0.435,"inBuffer":false,"facType":"water_works"}},{"type":"Feature","geometry":{"type":"Point","coordinates":[-122.39188,47.55706]},"properties":{"probability":0.435,"inBuffer":false,"facType":"water_works"}},{"type":"Feature","geometry":{"type":"Point","coordinates":[-122.38523,47.55702]},"properties":{"probability":0.641,"inBuffer":false,"facType":"substation"}},{"type":"Feature","geometry":{"type":"Point","coordinates":[-122.37859,47.55698]},"properties":{"probability":0.464,"inBuffer":false,"facType":"substation"}},{"type":"Feature","geometry":{"type":"Point","coordinates":[-122.37194,47.55695]},"properties":{"probability":0.291,"inBuffer":false,"facType":"government"}},{"type":"Feature","geometry":{"type":"Point","coordinates":[-122.3653,47.55691]},"properties":{"probability":0.37,"inBuffer":false,"facType":"government"}},{"type":"Feature","geometry":{"type":"Point","coordinates":[-122.35865,47.55688]},"properties":{"probability":0.376,"inBuffer":false,"facType":"substation"}},{"type":"Feature","geometry":{"type":"Point","coordinates":[-122.35201,47.55684]},"properties":{"probability":0.426,"inBuffer":false,"facType":"substation"}},{"type":"Feature","geometry":{"type":"Point","coordinates":[-122.34536,47.5568]},"properties":{"probability":0.628,"inBuffer":false,"facType":"substation"}},{"type":"Feature","geometry":{"type":"Point","coordinates":[-122.33871,47.55676]},"properties":{"probability":0.696,"inBuffer":false,"facType":"substation"}},{"type":"Feature","geometry":{"type":"Point","coordinates":[-122.33207,47.55672]},"properties":{"probability":0.705,"inBuffer":false,"facType":"government"}},{"type":"Feature","geometry":{"type":"Point","coordinates":[-122.32542,47.55669]},"properties":{"probability":0.685,"inBuffer":false,"facType":"government"}},{"type":"Feature","geometry":{"type":"Point","coordinates":[-122.31878,47.55664]},"properties":{"probability":0.513,"inBuffer":false,"facType":"substation"}},{"type":"Feature","geometry":{"type":"Point","coordinates":[-122.31213,47.55661]},"properties":{"probability":0.436,"inBuffer":false,"facType":"substation"}},{"type":"Feature","geometry":{"type":"Point","coordinates":[-122.30549,47.55656]},"properties":{"probability":0.438,"inBuffer":true,"facType":"hospital"}},{"type":"Feature","geometry":{"type":"Point","coordinates":[-122.29884,47.55653]},"properties":{"probability":0.39,"inBuffer":false,"facType":"hospital"}},{"type":"Feature","geometry":{"type":"Point","coordinates":[-122.29219,47.55648]},"properties":{"probability":0.495,"inBuffer":false,"facType":"government"}},{"type":"Feature","geometry":{"type":"Point","coordinates":[-122.28555,47.55644]},"properties":{"probability":0.562,"inBuffer":false,"facType":"government"}},{"type":"Feature","geometry":{"type":"Point","coordinates":[-122.2789,47.5564]},"properties":{"probability":0.403,"inBuffer":false,"facType":"government"}},{"type":"Feature","geometry":{"type":"Point","coordinates":[-122.27225,47.55636]},"properties":{"probability":0.38,"inBuffer":false,"facType":"government"}},{"type":"Feature","geometry":{"type":"Point","coordinates":[-122.26561,47.55632]},"properties":{"probability":0.32,"inBuffer":false,"facType":"government"}},{"type":"Feature","geometry":{"type":"Point","coordinates":[-122.25896,47.55627]},"properties":{"probability":0.226,"inBuffer":false,"facType":"government"}},{"type":"Feature","geometry":{"type":"Point","coordinates":[-122.22574,47.55606]},"properties":{"probability":0.169,"inBuffer":false,"facType":"substation"}},{"type":"Feature","geometry":{"type":"Point","coordinates":[-122.21909,47.55601]},"properties":{"probability":0.167,"inBuffer":false,"facType":"substation"}},{"type":"Feature","geometry":{"type":"Point","coordinates":[-122.19251,47.55583]},"properties":{"probability":0.179,"inBuffer":false,"facType":"substation"}},{"type":"Feature","geometry":{"type":"Point","coordinates":[-122.18587,47.55578]},"properties":{"probability":0.201,"inBuffer":false,"facType":"substation"}},{"type":"Feature","geometry":{"type":"Point","coordinates":[-122.17922,47.55573]},"properties":{"probability":0.203,"inBuffer":false,"facType":"substation"}},{"type":"Feature","geometry":{"type":"Point","coordinates":[-122.17258,47.55568]},"properties":{"probability":0.176,"inBuffer":false,"facType":"substation"}},{"type":"Feature","geometry":{"type":"Point","coordinates":[-122.16593,47.55564]},"properties":{"probability":0.184,"inBuffer":false,"facType":"substation"}},{"type":"Feature","geometry":{"type":"Point","coordinates":[-122.15929,47.55559]},"properties":{"probability":0.19,"inBuffer":false,"facType":"substation"}},{"type":"Feature","geometry":{"type":"Point","coordinates":[-122.15264,47.55554]},"properties":{"probability":0.179,"inBuffer":false,"facType":"substation"}},{"type":"Feature","geometry":{"type":"Point","coordinates":[-122.39857,47.55259]},"properties":{"probability":0.2,"inBuffer":false,"facType":"water_works"}},{"type":"Feature","geometry":{"type":"Point","coordinates":[-122.39193,47.55256]},"properties":{"probability":0.353,"inBuffer":false,"facType":"water_works"}},{"type":"Feature","geometry":{"type":"Point","coordinates":[-122.38528,47.55252]},"properties":{"probability":0.395,"inBuffer":false,"facType":"substation"}},{"type":"Feature","geometry":{"type":"Point","coordinates":[-122.37864,47.55249]},"properties":{"probability":0.376,"inBuffer":false,"facType":"substation"}},{"type":"Feature","geometry":{"type":"Point","coordinates":[-122.37199,47.55245]},"properties":{"probability":0.313,"inBuffer":false,"facType":"substation"}},{"type":"Feature","geometry":{"type":"Point","coordinates":[-122.36535,47.55241]},"properties":{"probability":0.422,"inBuffer":false,"facType":"substation"}},{"type":"Feature","geometry":{"type":"Point","coordinates":[-122.3587,47.55238]},"properties":{"probability":0.388,"inBuffer":false,"facType":"substation"}},{"type":"Feature","geometry":{"type":"Point","coordinates":[-122.35206,47.55234]},"properties":{"probability":0.572,"inBuffer":false,"facType":"substation"}},{"type":"Feature","geometry":{"type":"Point","coordinates":[-122.34541,47.5523]},"properties":{"probability":0.722,"inBuffer":false,"facType":"substation"}},{"type":"Feature","geometry":{"type":"Point","coordinates":[-122.33877,47.55227]},"properties":{"probability":0.721,"inBuffer":false,"facType":"government"}},{"type":"Feature","geometry":{"type":"Point","coordinates":[-122.33212,47.55223]},"properties":{"probability":0.714,"inBuffer":false,"facType":"government"}},{"type":"Feature","geometry":{"type":"Point","coordinates":[-122.32548,47.55219]},"properties":{"probability":0.711,"inBuffer":false,"facType":"government"}},{"type":"Feature","geometry":{"type":"Point","coordinates":[-122.31883,47.55215]},"properties":{"probability":0.628,"inBuffer":false,"facType":"government"}},{"type":"Feature","geometry":{"type":"Point","coordinates":[-122.31219,47.55211]},"properties":{"probability":0.434,"inBuffer":false,"facType":"government"}},{"type":"Feature","geometry":{"type":"Point","coordinates":[-122.30554,47.55207]},"properties":{"probability":0.392,"inBuffer":false,"facType":"government"}},{"type":"Feature","geometry":{"type":"Point","coordinates":[-122.2989,47.55203]},"properties":{"probability":0.372,"inBuffer":false,"facType":"government"}},{"type":"Feature","geometry":{"type":"Point","coordinates":[-122.29225,47.55199]},"properties":{"probability":0.449,"inBuffer":false,"facType":"government"}},{"type":"Feature","geometry":{"type":"Point","coordinates":[-122.28561,47.55194]},"properties":{"probability":0.545,"inBuffer":false,"facType":"government"}},{"type":"Feature","geometry":{"type":"Point","coordinates":[-122.27896,47.5519]},"properties":{"probability":0.445,"inBuffer":false,"facType":"government"}},{"type":"Feature","geometry":{"type":"Point","coordinates":[-122.27232,47.55186]},"properties":{"probability":0.392,"inBuffer":false,"facType":"government"}},{"type":"Feature","geometry":{"type":"Point","coordinates":[-122.26567,47.55182]},"properties":{"probability":0.344,"inBuffer":false,"facType":"government"}},{"type":"Feature","geometry":{"type":"Point","coordinates":[-122.25903,47.55178]},"properties":{"probability":0.265,"inBuffer":false,"facType":"government"}},{"type":"Feature","geometry":{"type":"Point","coordinates":[-122.23245,47.5516]},"properties":{"probability":0.166,"inBuffer":false,"facType":"substation"}},{"type":"Feature","geometry":{"type":"Point","coordinates":[-122.22581,47.55156]},"properties":{"probability":0.174,"inBuffer":false,"facType":"substation"}},{"type":"Feature","geometry":{"type":"Point","coordinates":[-122.21916,47.55151]},"properties":{"probability":0.165,"inBuffer":false,"facType":"substation"}},{"type":"Feature","geometry":{"type":"Point","coordinates":[-122.21252,47.55147]},"properties":{"probability":0.166,"inBuffer":false,"facType":"substation"}},{"type":"Feature","geometry":{"type":"Point","coordinates":[-122.19923,47.55138]},"properties":{"probability":0.161,"inBuffer":false,"facType":"substation"}},{"type":"Feature","geometry":{"type":"Point","coordinates":[-122.19258,47.55133]},"properties":{"probability":0.186,"inBuffer":false,"facType":"substation"}},{"type":"Feature","geometry":{"type":"Point","coordinates":[-122.18594,47.55128]},"properties":{"probability":0.203,"inBuffer":false,"facType":"substation"}},{"type":"Feature","geometry":{"type":"Point","coordinates":[-122.17929,47.55124]},"properties":{"probability":0.306,"inBuffer":false,"facType":"substation"}},{"type":"Feature","geometry":{"type":"Point","coordinates":[-122.17265,47.55119]},"properties":{"probability":0.181,"inBuffer":false,"facType":"substation"}},{"type":"Feature","geometry":{"type":"Point","coordinates":[-122.166,47.55114]},"properties":{"probability":0.168,"inBuffer":false,"facType":"substation"}},{"type":"Feature","geometry":{"type":"Point","coordinates":[-122.15936,47.55109]},"properties":{"probability":0.177,"inBuffer":false,"facType":"substation"}},{"type":"Feature","geometry":{"type":"Point","coordinates":[-122.15271,47.55104]},"properties":{"probability":0.166,"inBuffer":false,"facType":"substation"}},{"type":"Feature","geometry":{"type":"Point","coordinates":[-122.39863,47.5481]},"properties":{"probability":0.219,"inBuffer":false,"facType":"water_works"}},{"type":"Feature","geometry":{"type":"Point","coordinates":[-122.39198,47.54806]},"properties":{"probability":0.342,"inBuffer":false,"facType":"water_works"}},{"type":"Feature","geometry":{"type":"Point","coordinates":[-122.38534,47.54802]},"properties":{"probability":0.459,"inBuffer":false,"facType":"water_works"}},{"type":"Feature","geometry":{"type":"Point","coordinates":[-122.37869,47.54799]},"properties":{"probability":0.448,"inBuffer":false,"facType":"substation"}},{"type":"Feature","geometry":{"type":"Point","coordinates":[-122.37205,47.54795]},"properties":{"probability":0.446,"inBuffer":false,"facType":"substation"}},{"type":"Feature","geometry":{"type":"Point","coordinates":[-122.3654,47.54792]},"properties":{"probability":0.412,"inBuffer":false,"facType":"substation"}},{"type":"Feature","geometry":{"type":"Point","coordinates":[-122.35876,47.54788]},"properties":{"probability":0.441,"inBuffer":false,"facType":"substation"}},{"type":"Feature","geometry":{"type":"Point","coordinates":[-122.35211,47.54784]},"properties":{"probability":0.599,"inBuffer":false,"facType":"substation"}},{"type":"Feature","geometry":{"type":"Point","coordinates":[-122.34547,47.5478]},"properties":{"probability":0.716,"inBuffer":false,"facType":"substation"}},{"type":"Feature","geometry":{"type":"Point","coordinates":[-122.33883,47.54776]},"properties":{"probability":0.724,"inBuffer":false,"facType":"government"}},{"type":"Feature","geometry":{"type":"Point","coordinates":[-122.33218,47.54773]},"properties":{"probability":0.72,"inBuffer":false,"facType":"government"}},{"type":"Feature","geometry":{"type":"Point","coordinates":[-122.32554,47.54769]},"properties":{"probability":0.703,"inBuffer":false,"facType":"government"}},{"type":"Feature","geometry":{"type":"Point","coordinates":[-122.31889,47.54765]},"properties":{"probability":0.68,"inBuffer":false,"facType":"government"}},{"type":"Feature","geometry":{"type":"Point","coordinates":[-122.31225,47.54761]},"properties":{"probability":0.52,"inBuffer":false,"facType":"government"}},{"type":"Feature","geometry":{"type":"Point","coordinates":[-122.3056,47.54757]},"properties":{"probability":0.433,"inBuffer":false,"facType":"government"}},{"type":"Feature","geometry":{"type":"Point","coordinates":[-122.29896,47.54753]},"properties":{"probability":0.39,"inBuffer":false,"facType":"government"}},{"type":"Feature","geometry":{"type":"Point","coordinates":[-122.29231,47.54749]},"properties":{"probability":0.462,"inBuffer":false,"facType":"government"}},{"type":"Feature","geometry":{"type":"Point","coordinates":[-122.28567,47.54745]},"properties":{"probability":0.58,"inBuffer":false,"facType":"government"}},{"type":"Feature","geometry":{"type":"Point","coordinates":[-122.27903,47.54741]},"properties":{"probability":0.469,"inBuffer":false,"facType":"government"}},{"type":"Feature","geometry":{"type":"Point","coordinates":[-122.27238,47.54736]},"properties":{"probability":0.426,"inBuffer":false,"facType":"government"}},{"type":"Feature","geometry":{"type":"Point","coordinates":[-122.26574,47.54732]},"properties":{"probability":0.344,"inBuffer":false,"facType":"government"}},{"type":"Feature","geometry":{"type":"Point","coordinates":[-122.25909,47.54728]},"properties":{"probability":0.317,"inBuffer":false,"facType":"government"}},{"type":"Feature","geometry":{"type":"Point","coordinates":[-122.25245,47.54723]},"properties":{"probability":0.172,"inBuffer":false,"facType":"substation"}},{"type":"Feature","geometry":{"type":"Point","coordinates":[-122.23251,47.5471]},"properties":{"probability":0.183,"inBuffer":false,"facType":"substation"}},{"type":"Feature","geometry":{"type":"Point","coordinates":[-122.22587,47.54706]},"properties":{"probability":0.175,"inBuffer":false,"facType":"substation"}},{"type":"Feature","geometry":{"type":"Point","coordinates":[-122.21923,47.54701]},"properties":{"probability":0.176,"inBuffer":false,"facType":"substation"}},{"type":"Feature","geometry":{"type":"Point","coordinates":[-122.21259,47.54697]},"properties":{"probability":0.163,"inBuffer":false,"facType":"substation"}},{"type":"Feature","geometry":{"type":"Point","coordinates":[-122.1993,47.54688]},"properties":{"probability":0.164,"inBuffer":false,"facType":"substation"}},{"type":"Feature","geometry":{"type":"Point","coordinates":[-122.19265,47.54683]},"properties":{"probability":0.177,"inBuffer":false,"facType":"substation"}},{"type":"Feature","geometry":{"type":"Point","coordinates":[-122.186,47.54678]},"properties":{"probability":0.188,"inBuffer":false,"facType":"substation"}},{"type":"Feature","geometry":{"type":"Point","coordinates":[-122.17936,47.54673]},"properties":{"probability":0.214,"inBuffer":false,"facType":"substation"}},{"type":"Feature","geometry":{"type":"Point","coordinates":[-122.17271,47.54669]},"properties":{"probability":0.195,"inBuffer":false,"facType":"government"}},{"type":"Feature","geometry":{"type":"Point","coordinates":[-122.16608,47.54664]},"properties":{"probability":0.218,"inBuffer":false,"facType":"government"}},{"type":"Feature","geometry":{"type":"Point","coordinates":[-122.15943,47.54659]},"properties":{"probability":0.199,"inBuffer":false,"facType":"substation"}},{"type":"Feature","geometry":{"type":"Point","coordinates":[-122.15279,47.54654]},"properties":{"probability":0.179,"inBuffer":false,"facType":"substation"}},{"type":"Feature","geometry":{"type":"Point","coordinates":[-122.39868,47.54359]},"properties":{"probability":0.351,"inBuffer":false,"facType":"water_works"}},{"type":"Feature","geometry":{"type":"Point","coordinates":[-122.39204,47.54356]},"properties":{"probability":0.393,"inBuffer":false,"facType":"water_works"}},{"type":"Feature","geometry":{"type":"Point","coordinates":[-122.38539,47.54353]},"properties":{"probability":0.468,"inBuffer":false,"facType":"water_works"}},{"type":"Feature","geometry":{"type":"Point","coordinates":[-122.37875,47.54349]},"properties":{"probability":0.482,"inBuffer":false,"facType":"substation"}},{"type":"Feature","geometry":{"type":"Point","coordinates":[-122.3721,47.54345]},"properties":{"probability":0.457,"inBuffer":false,"facType":"substation"}},{"type":"Feature","geometry":{"type":"Point","coordinates":[-122.36546,47.54342]},"properties":{"probability":0.396,"inBuffer":false,"facType":"substation"}},{"type":"Feature","geometry":{"type":"Point","coordinates":[-122.35882,47.54338]},"properties":{"probability":0.383,"inBuffer":false,"facType":"substation"}},{"type":"Feature","geometry":{"type":"Point","coordinates":[-122.35217,47.54334]},"properties":{"probability":0.516,"inBuffer":false,"facType":"government"}},{"type":"Feature","geometry":{"type":"Point","coordinates":[-122.34553,47.5433]},"properties":{"probability":0.706,"inBuffer":false,"facType":"government"}},{"type":"Feature","geometry":{"type":"Point","coordinates":[-122.33888,47.54327]},"properties":{"probability":0.702,"inBuffer":false,"facType":"government"}},{"type":"Feature","geometry":{"type":"Point","coordinates":[-122.33224,47.54323]},"properties":{"probability":0.696,"inBuffer":false,"facType":"government"}},{"type":"Feature","geometry":{"type":"Point","coordinates":[-122.32559,47.54319]},"properties":{"probability":0.697,"inBuffer":false,"facType":"government"}},{"type":"Feature","geometry":{"type":"Point","coordinates":[-122.31895,47.54315]},"properties":{"probability":0.686,"inBuffer":false,"facType":"government"}},{"type":"Feature","geometry":{"type":"Point","coordinates":[-122.31231,47.54311]},"properties":{"probability":0.625,"inBuffer":false,"facType":"government"}},{"type":"Feature","geometry":{"type":"Point","coordinates":[-122.30566,47.54307]},"properties":{"probability":0.456,"inBuffer":false,"facType":"government"}},{"type":"Feature","geometry":{"type":"Point","coordinates":[-122.29902,47.54303]},"properties":{"probability":0.418,"inBuffer":false,"facType":"government"}},{"type":"Feature","geometry":{"type":"Point","coordinates":[-122.29237,47.54299]},"properties":{"probability":0.436,"inBuffer":false,"facType":"government"}},{"type":"Feature","geometry":{"type":"Point","coordinates":[-122.28573,47.54295]},"properties":{"probability":0.589,"inBuffer":false,"facType":"government"}},{"type":"Feature","geometry":{"type":"Point","coordinates":[-122.27909,47.54291]},"properties":{"probability":0.52,"inBuffer":false,"facType":"government"}},{"type":"Feature","geometry":{"type":"Point","coordinates":[-122.27245,47.54287]},"properties":{"probability":0.449,"inBuffer":false,"facType":"government"}},{"type":"Feature","geometry":{"type":"Point","coordinates":[-122.2658,47.54282]},"properties":{"probability":0.343,"inBuffer":false,"facType":"government"}},{"type":"Feature","geometry":{"type":"Point","coordinates":[-122.25916,47.54278]},"properties":{"probability":0.233,"inBuffer":false,"facType":"government"}},{"type":"Feature","geometry":{"type":"Point","coordinates":[-122.23923,47.54265]},"properties":{"probability":0.184,"inBuffer":false,"facType":"substation"}},{"type":"Feature","geometry":{"type":"Point","coordinates":[-122.23258,47.54261]},"properties":{"probability":0.168,"inBuffer":false,"facType":"substation"}},{"type":"Feature","geometry":{"type":"Point","coordinates":[-122.22594,47.54256]},"properties":{"probability":0.172,"inBuffer":false,"facType":"substation"}},{"type":"Feature","geometry":{"type":"Point","coordinates":[-122.21929,47.54251]},"properties":{"probability":0.162,"inBuffer":false,"facType":"substation"}},{"type":"Feature","geometry":{"type":"Point","coordinates":[-122.19936,47.54238]},"properties":{"probability":0.17,"inBuffer":false,"facType":"substation"}},{"type":"Feature","geometry":{"type":"Point","coordinates":[-122.19272,47.54233]},"properties":{"probability":0.18,"inBuffer":false,"facType":"substation"}},{"type":"Feature","geometry":{"type":"Point","coordinates":[-122.18607,47.54228]},"properties":{"probability":0.191,"inBuffer":false,"facType":"substation"}},{"type":"Feature","geometry":{"type":"Point","coordinates":[-122.17944,47.54224]},"properties":{"probability":0.189,"inBuffer":false,"facType":"substation"}},{"type":"Feature","geometry":{"type":"Point","coordinates":[-122.17279,47.54219]},"properties":{"probability":0.37,"inBuffer":false,"facType":"government"}},{"type":"Feature","geometry":{"type":"Point","coordinates":[-122.16615,47.54214]},"properties":{"probability":0.414,"inBuffer":false,"facType":"government"}},{"type":"Feature","geometry":{"type":"Point","coordinates":[-122.1595,47.54209]},"properties":{"probability":0.385,"inBuffer":false,"facType":"government"}},{"type":"Feature","geometry":{"type":"Point","coordinates":[-122.15285,47.54204]},"properties":{"probability":0.185,"inBuffer":false,"facType":"government"}},{"type":"Feature","geometry":{"type":"Point","coordinates":[-122.39873,47.5391]},"properties":{"probability":0.304,"inBuffer":false,"facType":"water_works"}},{"type":"Feature","geometry":{"type":"Point","coordinates":[-122.39209,47.53906]},"properties":{"probability":0.383,"inBuffer":false,"facType":"water_works"}},{"type":"Feature","geometry":{"type":"Point","coordinates":[-122.38544,47.53903]},"properties":{"probability":0.369,"inBuffer":false,"facType":"water_works"}},{"type":"Feature","geometry":{"type":"Point","coordinates":[-122.3788,47.53899]},"properties":{"probability":0.4,"inBuffer":false,"facType":"hospital"}},{"type":"Feature","geometry":{"type":"Point","coordinates":[-122.37215,47.53896]},"properties":{"probability":0.391,"inBuffer":true,"facType":"hospital"}},{"type":"Feature","geometry":{"type":"Point","coordinates":[-122.36551,47.53892]},"properties":{"probability":0.468,"inBuffer":true,"facType":"hospital"}},{"type":"Feature","geometry":{"type":"Point","coordinates":[-122.35887,47.53888]},"properties":{"probability":0.513,"inBuffer":true,"facType":"government"}},{"type":"Feature","geometry":{"type":"Point","coordinates":[-122.35223,47.53885]},"properties":{"probability":0.341,"inBuffer":false,"facType":"government"}},{"type":"Feature","geometry":{"type":"Point","coordinates":[-122.34558,47.53881]},"properties":{"probability":0.663,"inBuffer":false,"facType":"government"}},{"type":"Feature","geometry":{"type":"Point","coordinates":[-122.33894,47.53877]},"properties":{"probability":0.638,"inBuffer":false,"facType":"government"}},{"type":"Feature","geometry":{"type":"Point","coordinates":[-122.3323,47.53873]},"properties":{"probability":0.638,"inBuffer":false,"facType":"government"}},{"type":"Feature","geometry":{"type":"Point","coordinates":[-122.32565,47.53869]},"properties":{"probability":0.656,"inBuffer":false,"facType":"government"}},{"type":"Feature","geometry":{"type":"Point","coordinates":[-122.31901,47.53865]},"properties":{"probability":0.721,"inBuffer":false,"facType":"government"}},{"type":"Feature","geometry":{"type":"Point","coordinates":[-122.31236,47.53861]},"properties":{"probability":0.694,"inBuffer":true,"facType":"government"}},{"type":"Feature","geometry":{"type":"Point","coordinates":[-122.30573,47.53857]},"properties":{"probability":0.689,"inBuffer":true,"facType":"airport"}},{"type":"Feature","geometry":{"type":"Point","coordinates":[-122.29908,47.53853]},"properties":{"probability":0.502,"inBuffer":true,"facType":"airport"}},{"type":"Feature","geometry":{"type":"Point","coordinates":[-122.29243,47.53849]},"properties":{"probability":0.46,"inBuffer":false,"facType":"government"}},{"type":"Feature","geometry":{"type":"Point","coordinates":[-122.28579,47.53845]},"properties":{"probability":0.585,"inBuffer":false,"facType":"government"}},{"type":"Feature","geometry":{"type":"Point","coordinates":[-122.27915,47.53841]},"properties":{"probability":0.517,"inBuffer":false,"facType":"government"}},{"type":"Feature","geometry":{"type":"Point","coordinates":[-122.27251,47.53836]},"properties":{"probability":0.476,"inBuffer":false,"facType":"government"}},{"type":"Feature","geometry":{"type":"Point","coordinates":[-122.26586,47.53832]},"properties":{"probability":0.322,"inBuffer":false,"facType":"government"}},{"type":"Feature","geometry":{"type":"Point","coordinates":[-122.25922,47.53828]},"properties":{"probability":0.198,"inBuffer":false,"facType":"government"}},{"type":"Feature","geometry":{"type":"Point","coordinates":[-122.23929,47.53815]},"properties":{"probability":0.188,"inBuffer":false,"facType":"substation"}},{"type":"Feature","geometry":{"type":"Point","coordinates":[-122.23265,47.53811]},"properties":{"probability":0.185,"inBuffer":false,"facType":"substation"}},{"type":"Feature","geometry":{"type":"Point","coordinates":[-122.22601,47.53806]},"properties":{"probability":0.185,"inBuffer":false,"facType":"substation"}},{"type":"Feature","geometry":{"type":"Point","coordinates":[-122.21936,47.53802]},"properties":{"probability":0.166,"inBuffer":false,"facType":"substation"}},{"type":"Feature","geometry":{"type":"Point","coordinates":[-122.21272,47.53797]},"properties":{"probability":0.166,"inBuffer":false,"facType":"substation"}},{"type":"Feature","geometry":{"type":"Point","coordinates":[-122.19943,47.53788]},"properties":{"probability":0.195,"inBuffer":false,"facType":"substation"}},{"type":"Feature","geometry":{"type":"Point","coordinates":[-122.19279,47.53783]},"properties":{"probability":0.208,"inBuffer":false,"facType":"substation"}},{"type":"Feature","geometry":{"type":"Point","coordinates":[-122.18614,47.53778]},"properties":{"probability":0.191,"inBuffer":false,"facType":"substation"}},{"type":"Feature","geometry":{"type":"Point","coordinates":[-122.1795,47.53774]},"properties":{"probability":0.199,"inBuffer":false,"facType":"substation"}},{"type":"Feature","geometry":{"type":"Point","coordinates":[-122.17286,47.53769]},"properties":{"probability":0.381,"inBuffer":false,"facType":"government"}},{"type":"Feature","geometry":{"type":"Point","coordinates":[-122.16621,47.53764]},"properties":{"probability":0.514,"inBuffer":false,"facType":"government"}},{"type":"Feature","geometry":{"type":"Point","coordinates":[-122.15958,47.53759]},"properties":{"probability":0.433,"inBuffer":false,"facType":"government"}},{"type":"Feature","geometry":{"type":"Point","coordinates":[-122.15293,47.53754]},"properties":{"probability":0.185,"inBuffer":false,"facType":"government"}},{"type":"Feature","geometry":{"type":"Point","coordinates":[-122.39878,47.5346]},"properties":{"probability":0.171,"inBuffer":false,"facType":"water_works"}},{"type":"Feature","geometry":{"type":"Point","coordinates":[-122.39214,47.53456]},"properties":{"probability":0.325,"inBuffer":false,"facType":"water_works"}},{"type":"Feature","geometry":{"type":"Point","coordinates":[-122.3855,47.53453]},"properties":{"probability":0.354,"inBuffer":false,"facType":"water_works"}},{"type":"Feature","geometry":{"type":"Point","coordinates":[-122.37885,47.53449]},"properties":{"probability":0.382,"inBuffer":false,"facType":"hospital"}},{"type":"Feature","geometry":{"type":"Point","coordinates":[-122.37221,47.53445]},"properties":{"probability":0.391,"inBuffer":true,"facType":"hospital"}},{"type":"Feature","geometry":{"type":"Point","coordinates":[-122.36557,47.53442]},"properties":{"probability":0.54,"inBuffer":true,"facType":"hospital"}},{"type":"Feature","geometry":{"type":"Point","coordinates":[-122.35892,47.53438]},"properties":{"probability":0.527,"inBuffer":true,"facType":"government"}},{"type":"Feature","geometry":{"type":"Point","coordinates":[-122.35228,47.53434]},"properties":{"probability":0.401,"inBuffer":false,"facType":"government"}},{"type":"Feature","geometry":{"type":"Point","coordinates":[-122.34564,47.53431]},"properties":{"probability":0.498,"inBuffer":false,"facType":"government"}},{"type":"Feature","geometry":{"type":"Point","coordinates":[-122.339,47.53427]},"properties":{"probability":0.591,"inBuffer":false,"facType":"government"}},{"type":"Feature","geometry":{"type":"Point","coordinates":[-122.33235,47.53423]},"properties":{"probability":0.629,"inBuffer":false,"facType":"government"}},{"type":"Feature","geometry":{"type":"Point","coordinates":[-122.32571,47.53419]},"properties":{"probability":0.655,"inBuffer":false,"facType":"government"}},{"type":"Feature","geometry":{"type":"Point","coordinates":[-122.31907,47.53415]},"properties":{"probability":0.755,"inBuffer":false,"facType":"government"}},{"type":"Feature","geometry":{"type":"Point","coordinates":[-122.31242,47.53411]},"properties":{"probability":0.8,"inBuffer":true,"facType":"airport"}},{"type":"Feature","geometry":{"type":"Point","coordinates":[-122.30578,47.53407]},"properties":{"probability":0.785,"inBuffer":true,"facType":"airport"}},{"type":"Feature","geometry":{"type":"Point","coordinates":[-122.29914,47.53403]},"properties":{"probability":0.648,"inBuffer":true,"facType":"airport"}},{"type":"Feature","geometry":{"type":"Point","coordinates":[-122.2925,47.53399]},"properties":{"probability":0.44,"inBuffer":true,"facType":"airport"}},{"type":"Feature","geometry":{"type":"Point","coordinates":[-122.28585,47.53395]},"properties":{"probability":0.588,"inBuffer":false,"facType":"airport"}},{"type":"Feature","geometry":{"type":"Point","coordinates":[-122.27921,47.53391]},"properties":{"probability":0.603,"inBuffer":false,"facType":"government"}},{"type":"Feature","geometry":{"type":"Point","coordinates":[-122.27257,47.53387]},"properties":{"probability":0.449,"inBuffer":false,"facType":"government"}},{"type":"Feature","geometry":{"type":"Point","coordinates":[-122.26592,47.53382]},"properties":{"probability":0.321,"inBuffer":false,"facType":"government"}},{"type":"Feature","geometry":{"type":"Point","coordinates":[-122.25928,47.53378]},"properties":{"probability":0.175,"inBuffer":false,"facType":"government"}},{"type":"Feature","geometry":{"type":"Point","coordinates":[-122.23936,47.53365]},"properties":{"probability":0.176,"inBuffer":false,"facType":"substation"}},{"type":"Feature","geometry":{"type":"Point","coordinates":[-122.23271,47.53361]},"properties":{"probability":0.188,"inBuffer":false,"facType":"substation"}},{"type":"Feature","geometry":{"type":"Point","coordinates":[-122.22607,47.53356]},"properties":{"probability":0.184,"inBuffer":false,"facType":"substation"}},{"type":"Feature","geometry":{"type":"Point","coordinates":[-122.21943,47.53352]},"properties":{"probability":0.184,"inBuffer":false,"facType":"substation"}},{"type":"Feature","geometry":{"type":"Point","coordinates":[-122.21278,47.53347]},"properties":{"probability":0.183,"inBuffer":false,"facType":"substation"}},{"type":"Feature","geometry":{"type":"Point","coordinates":[-122.20615,47.53343]},"properties":{"probability":0.167,"inBuffer":false,"facType":"substation"}},{"type":"Feature","geometry":{"type":"Point","coordinates":[-122.1995,47.53338]},"properties":{"probability":0.377,"inBuffer":false,"facType":"substation"}},{"type":"Feature","geometry":{"type":"Point","coordinates":[-122.19286,47.53333]},"properties":{"probability":0.385,"inBuffer":false,"facType":"substation"}},{"type":"Feature","geometry":{"type":"Point","coordinates":[-122.18622,47.53329]},"properties":{"probability":0.194,"inBuffer":false,"facType":"substation"}},{"type":"Feature","geometry":{"type":"Point","coordinates":[-122.17957,47.53324]},"properties":{"probability":0.191,"inBuffer":false,"facType":"substation"}},{"type":"Feature","geometry":{"type":"Point","coordinates":[-122.17293,47.53319]},"properties":{"probability":0.197,"inBuffer":false,"facType":"government"}},{"type":"Feature","geometry":{"type":"Point","coordinates":[-122.16629,47.53314]},"properties":{"probability":0.304,"inBuffer":false,"facType":"government"}},{"type":"Feature","geometry":{"type":"Point","coordinates":[-122.15965,47.5331]},"properties":{"probability":0.335,"inBuffer":false,"facType":"government"}},{"type":"Feature","geometry":{"type":"Point","coordinates":[-122.153,47.53305]},"properties":{"probability":0.184,"inBuffer":false,"facType":"government"}},{"type":"Feature","geometry":{"type":"Point","coordinates":[-122.39883,47.5301]},"properties":{"probability":0.173,"inBuffer":false,"facType":"water_works"}},{"type":"Feature","geometry":{"type":"Point","coordinates":[-122.39219,47.53006]},"properties":{"probability":0.188,"inBuffer":false,"facType":"water_works"}},{"type":"Feature","geometry":{"type":"Point","coordinates":[-122.38555,47.53003]},"properties":{"probability":0.329,"inBuffer":false,"facType":"water_works"}},{"type":"Feature","geometry":{"type":"Point","coordinates":[-122.37891,47.52999]},"properties":{"probability":0.381,"inBuffer":false,"facType":"hospital"}},{"type":"Feature","geometry":{"type":"Point","coordinates":[-122.37226,47.52996]},"properties":{"probability":0.381,"inBuffer":true,"facType":"hospital"}},{"type":"Feature","geometry":{"type":"Point","coordinates":[-122.36562,47.52992]},"properties":{"probability":0.451,"inBuffer":true,"facType":"hospital"}},{"type":"Feature","geometry":{"type":"Point","coordinates":[-122.35898,47.52988]},"properties":{"probability":0.512,"inBuffer":true,"facType":"government"}},{"type":"Feature","geometry":{"type":"Point","coordinates":[-122.35233,47.52985]},"properties":{"probability":0.394,"inBuffer":false,"facType":"government"}},{"type":"Feature","geometry":{"type":"Point","coordinates":[-122.3457,47.52981]},"properties":{"probability":0.385,"inBuffer":false,"facType":"government"}},{"type":"Feature","geometry":{"type":"Point","coordinates":[-122.33905,47.52977]},"properties":{"probability":0.556,"inBuffer":false,"facType":"government"}},{"type":"Feature","geometry":{"type":"Point","coordinates":[-122.33241,47.52973]},"properties":{"probability":0.678,"inBuffer":false,"facType":"government"}},{"type":"Feature","geometry":{"type":"Point","coordinates":[-122.32577,47.52969]},"properties":{"probability":0.662,"inBuffer":false,"facType":"government"}},{"type":"Feature","geometry":{"type":"Point","coordinates":[-122.31912,47.52966]},"properties":{"probability":0.697,"inBuffer":true,"facType":"airport"}},{"type":"Feature","geometry":{"type":"Point","coordinates":[-122.31248,47.52961]},"properties":{"probability":0.792,"inBuffer":true,"facType":"airport"}},{"type":"Feature","geometry":{"type":"Point","coordinates":[-122.30584,47.52958]},"properties":{"probability":0.805,"inBuffer":true,"facType":"airport"}},{"type":"Feature","geometry":{"type":"Point","coordinates":[-122.2992,47.52953]},"properties":{"probability":0.618,"inBuffer":true,"facType":"airport"}},{"type":"Feature","geometry":{"type":"Point","coordinates":[-122.29256,47.52949]},"properties":{"probability":0.527,"inBuffer":true,"facType":"airport"}},{"type":"Feature","geometry":{"type":"Point","coordinates":[-122.28591,47.52945]},"properties":{"probability":0.525,"inBuffer":false,"facType":"government"}},{"type":"Feature","geometry":{"type":"Point","coordinates":[-122.27927,47.52941]},"properties":{"probability":0.534,"inBuffer":false,"facType":"government"}},{"type":"Feature","geometry":{"type":"Point","coordinates":[-122.27263,47.52937]},"properties":{"probability":0.448,"inBuffer":false,"facType":"government"}},{"type":"Feature","geometry":{"type":"Point","coordinates":[-122.26599,47.52933]},"properties":{"probability":0.349,"inBuffer":false,"facType":"government"}},{"type":"Feature","geometry":{"type":"Point","coordinates":[-122.25935,47.52929]},"properties":{"probability":0.176,"inBuffer":false,"facType":"government"}},{"type":"Feature","geometry":{"type":"Point","coordinates":[-122.23278,47.52911]},"properties":{"probability":0.17,"inBuffer":false,"facType":"substation"}},{"type":"Feature","geometry":{"type":"Point","coordinates":[-122.22614,47.52906]},"properties":{"probability":0.17,"inBuffer":false,"facType":"substation"}},{"type":"Feature","geometry":{"type":"Point","coordinates":[-122.20621,47.52893]},"properties":{"probability":0.188,"inBuffer":false,"facType":"substation"}},{"type":"Feature","geometry":{"type":"Point","coordinates":[-122.19957,47.52888]},"properties":{"probability":0.316,"inBuffer":false,"facType":"substation"}},{"type":"Feature","geometry":{"type":"Point","coordinates":[-122.19292,47.52884]},"properties":{"probability":0.217,"inBuffer":false,"facType":"substation"}},{"type":"Feature","geometry":{"type":"Point","coordinates":[-122.18629,47.52879]},"properties":{"probability":0.185,"inBuffer":false,"facType":"substation"}},{"type":"Feature","geometry":{"type":"Point","coordinates":[-122.17964,47.52874]},"properties":{"probability":0.185,"inBuffer":false,"facType":"substation"}},{"type":"Feature","geometry":{"type":"Point","coordinates":[-122.173,47.52869]},"properties":{"probability":0.185,"inBuffer":false,"facType":"government"}},{"type":"Feature","geometry":{"type":"Point","coordinates":[-122.16636,47.52864]},"properties":{"probability":0.182,"inBuffer":false,"facType":"government"}},{"type":"Feature","geometry":{"type":"Point","coordinates":[-122.15971,47.52859]},"properties":{"probability":0.181,"inBuffer":false,"facType":"government"}},{"type":"Feature","geometry":{"type":"Point","coordinates":[-122.15308,47.52855]},"properties":{"probability":0.186,"inBuffer":false,"facType":"government"}},{"type":"Feature","geometry":{"type":"Point","coordinates":[-122.39889,47.5256]},"properties":{"probability":0.18,"inBuffer":false,"facType":"water_works"}},{"type":"Feature","geometry":{"type":"Point","coordinates":[-122.39224,47.52557]},"properties":{"probability":0.193,"inBuffer":false,"facType":"water_works"}},{"type":"Feature","geometry":{"type":"Point","coordinates":[-122.3856,47.52553]},"properties":{"probability":0.336,"inBuffer":false,"facType":"water_works"}},{"type":"Feature","geometry":{"type":"Point","coordinates":[-122.37896,47.52549]},"properties":{"probability":0.379,"inBuffer":false,"facType":"water_works"}},{"type":"Feature","geometry":{"type":"Point","coordinates":[-122.37231,47.52546]},"properties":{"probability":0.412,"inBuffer":false,"facType":"hospital"}},{"type":"Feature","geometry":{"type":"Point","coordinates":[-122.36568,47.52542]},"properties":{"probability":0.512,"inBuffer":false,"facType":"hospital"}},{"type":"Feature","geometry":{"type":"Point","coordinates":[-122.35903,47.52539]},"properties":{"probability":0.478,"inBuffer":false,"facType":"government"}},{"type":"Feature","geometry":{"type":"Point","coordinates":[-122.35239,47.52535]},"properties":{"probability":0.37,"inBuffer":false,"facType":"government"}},{"type":"Feature","geometry":{"type":"Point","coordinates":[-122.34575,47.52531]},"properties":{"probability":0.343,"inBuffer":false,"facType":"government"}},{"type":"Feature","geometry":{"type":"Point","coordinates":[-122.33911,47.52527]},"properties":{"probability":0.424,"inBuffer":false,"facType":"government"}},{"type":"Feature","geometry":{"type":"Point","coordinates":[-122.33247,47.52523]},"properties":{"probability":0.616,"inBuffer":false,"facType":"government"}},{"type":"Feature","geometry":{"type":"Point","coordinates":[-122.32583,47.5252]},"properties":{"probability":0.619,"inBuffer":false,"facType":"government"}},{"type":"Feature","geometry":{"type":"Point","coordinates":[-122.31918,47.52515]},"properties":{"probability":0.668,"inBuffer":false,"facType":"airport"}},{"type":"Feature","geometry":{"type":"Point","coordinates":[-122.31255,47.52512]},"properties":{"probability":0.655,"inBuffer":true,"facType":"airport"}},{"type":"Feature","geometry":{"type":"Point","coordinates":[-122.3059,47.52507]},"properties":{"probability":0.709,"inBuffer":true,"facType":"airport"}},{"type":"Feature","geometry":{"type":"Point","coordinates":[-122.29926,47.52504]},"properties":{"probability":0.63,"inBuffer":true,"facType":"airport"}},{"type":"Feature","geometry":{"type":"Point","coordinates":[-122.29262,47.52499]},"properties":{"probability":0.524,"inBuffer":true,"facType":"airport"}},{"type":"Feature","geometry":{"type":"Point","coordinates":[-122.28597,47.52495]},"properties":{"probability":0.385,"inBuffer":false,"facType":"government"}},{"type":"Feature","geometry":{"type":"Point","coordinates":[-122.27934,47.52491]},"properties":{"probability":0.519,"inBuffer":false,"facType":"government"}},{"type":"Feature","geometry":{"type":"Point","coordinates":[-122.27269,47.52487]},"properties":{"probability":0.63,"inBuffer":false,"facType":"government"}},{"type":"Feature","geometry":{"type":"Point","coordinates":[-122.26605,47.52483]},"properties":{"probability":0.531,"inBuffer":false,"facType":"government"}},{"type":"Feature","geometry":{"type":"Point","coordinates":[-122.25941,47.52478]},"properties":{"probability":0.415,"inBuffer":false,"facType":"government"}},{"type":"Feature","geometry":{"type":"Point","coordinates":[-122.25277,47.52474]},"properties":{"probability":0.163,"inBuffer":false,"facType":"government"}},{"type":"Feature","geometry":{"type":"Point","coordinates":[-122.21292,47.52448]},"properties":{"probability":0.165,"inBuffer":false,"facType":"substation"}},{"type":"Feature","geometry":{"type":"Point","coordinates":[-122.20628,47.52443]},"properties":{"probability":0.248,"inBuffer":false,"facType":"substation"}},{"type":"Feature","geometry":{"type":"Point","coordinates":[-122.19964,47.52438]},"properties":{"probability":0.245,"inBuffer":false,"facType":"substation"}},{"type":"Feature","geometry":{"type":"Point","coordinates":[-122.19299,47.52434]},"properties":{"probability":0.186,"inBuffer":false,"facType":"substation"}},{"type":"Feature","geometry":{"type":"Point","coordinates":[-122.18636,47.52429]},"properties":{"probability":0.182,"inBuffer":false,"facType":"substation"}},{"type":"Feature","geometry":{"type":"Point","coordinates":[-122.17971,47.52424]},"properties":{"probability":0.188,"inBuffer":false,"facType":"substation"}},{"type":"Feature","geometry":{"type":"Point","coordinates":[-122.17307,47.5242]},"properties":{"probability":0.185,"inBuffer":false,"facType":"government"}},{"type":"Feature","geometry":{"type":"Point","coordinates":[-122.16643,47.52415]},"properties":{"probability":0.183,"inBuffer":false,"facType":"government"}},{"type":"Feature","geometry":{"type":"Point","coordinates":[-122.15979,47.5241]},"properties":{"probability":0.198,"inBuffer":false,"facType":"government"}},{"type":"Feature","geometry":{"type":"Point","coordinates":[-122.15314,47.52405]},"properties":{"probability":0.194,"inBuffer":false,"facType":"government"}},{"type":"Feature","geometry":{"type":"Point","coordinates":[-122.3923,47.52107]},"properties":{"probability":0.224,"inBuffer":false,"facType":"water_works"}},{"type":"Feature","geometry":{"type":"Point","coordinates":[-122.38565,47.52103]},"properties":{"probability":0.314,"inBuffer":false,"facType":"water_works"}},{"type":"Feature","geometry":{"type":"Point","coordinates":[-122.37901,47.521]},"properties":{"probability":0.402,"inBuffer":false,"facType":"water_works"}},{"type":"Feature","geometry":{"type":"Point","coordinates":[-122.37237,47.52096]},"properties":{"probability":0.463,"inBuffer":false,"facType":"hospital"}},{"type":"Feature","geometry":{"type":"Point","coordinates":[-122.36573,47.52092]},"properties":{"probability":0.588,"inBuffer":false,"facType":"hospital"}},{"type":"Feature","geometry":{"type":"Point","coordinates":[-122.35909,47.52089]},"properties":{"probability":0.587,"inBuffer":false,"facType":"government"}},{"type":"Feature","geometry":{"type":"Point","coordinates":[-122.35245,47.52085]},"properties":{"probability":0.437,"inBuffer":false,"facType":"government"}},{"type":"Feature","geometry":{"type":"Point","coordinates":[-122.34581,47.52081]},"properties":{"probability":0.426,"inBuffer":false,"facType":"government"}},{"type":"Feature","geometry":{"type":"Point","coordinates":[-122.33916,47.52077]},"properties":{"probability":0.393,"inBuffer":false,"facType":"government"}},{"type":"Feature","geometry":{"type":"Point","coordinates":[-122.33253,47.52074]},"properties":{"probability":0.485,"inBuffer":false,"facType":"government"}},{"type":"Feature","geometry":{"type":"Point","coordinates":[-122.32588,47.52069]},"properties":{"probability":0.571,"inBuffer":false,"facType":"government"}},{"type":"Feature","geometry":{"type":"Point","coordinates":[-122.31924,47.52066]},"properties":{"probability":0.627,"inBuffer":false,"facType":"substation"}},{"type":"Feature","geometry":{"type":"Point","coordinates":[-122.3126,47.52062]},"properties":{"probability":0.608,"inBuffer":true,"facType":"substation"}},{"type":"Feature","geometry":{"type":"Point","coordinates":[-122.30596,47.52058]},"properties":{"probability":0.689,"inBuffer":true,"facType":"substation"}},{"type":"Feature","geometry":{"type":"Point","coordinates":[-122.29932,47.52054]},"properties":{"probability":0.694,"inBuffer":true,"facType":"substation"}},{"type":"Feature","geometry":{"type":"Point","coordinates":[-122.29268,47.5205]},"properties":{"probability":0.706,"inBuffer":false,"facType":"government"}},{"type":"Feature","geometry":{"type":"Point","coordinates":[-122.28603,47.52045]},"properties":{"probability":0.496,"inBuffer":false,"facType":"government"}},{"type":"Feature","geometry":{"type":"Point","coordinates":[-122.2794,47.52041]},"properties":{"probability":0.509,"inBuffer":false,"facType":"government"}},{"type":"Feature","geometry":{"type":"Point","coordinates":[-122.27276,47.52037]},"properties":{"probability":0.583,"inBuffer":false,"facType":"government"}},{"type":"Feature","geometry":{"type":"Point","coordinates":[-122.26611,47.52033]},"properties":{"probability":0.585,"inBuffer":false,"facType":"government"}},{"type":"Feature","geometry":{"type":"Point","coordinates":[-122.25948,47.52029]},"properties":{"probability":0.42,"inBuffer":false,"facType":"government"}},{"type":"Feature","geometry":{"type":"Point","coordinates":[-122.25283,47.52024]},"properties":{"probability":0.196,"inBuffer":false,"facType":"government"}},{"type":"Feature","geometry":{"type":"Point","coordinates":[-122.20634,47.51993]},"properties":{"probability":0.334,"inBuffer":false,"facType":"substation"}},{"type":"Feature","geometry":{"type":"Point","coordinates":[-122.19971,47.51989]},"properties":{"probability":0.337,"inBuffer":false,"facType":"substation"}},{"type":"Feature","geometry":{"type":"Point","coordinates":[-122.19306,47.51984]},"properties":{"probability":0.31,"inBuffer":false,"facType":"substation"}},{"type":"Feature","geometry":{"type":"Point","coordinates":[-122.18642,47.51979]},"properties":{"probability":0.173,"inBuffer":false,"facType":"government"}},{"type":"Feature","geometry":{"type":"Point","coordinates":[-122.17979,47.51974]},"properties":{"probability":0.167,"inBuffer":false,"facType":"government"}},{"type":"Feature","geometry":{"type":"Point","coordinates":[-122.17314,47.5197]},"properties":{"probability":0.164,"inBuffer":false,"facType":"government"}},{"type":"Feature","geometry":{"type":"Point","coordinates":[-122.1665,47.51965]},"properties":{"probability":0.185,"inBuffer":false,"facType":"government"}},{"type":"Feature","geometry":{"type":"Point","coordinates":[-122.15986,47.5196]},"properties":{"probability":0.18,"inBuffer":false,"facType":"government"}},{"type":"Feature","geometry":{"type":"Point","coordinates":[-122.15322,47.51955]},"properties":{"probability":0.188,"inBuffer":false,"facType":"government"}},{"type":"Feature","geometry":{"type":"Point","coordinates":[-122.39899,47.5166]},"properties":{"probability":0.168,"inBuffer":false,"facType":"water_works"}},{"type":"Feature","geometry":{"type":"Point","coordinates":[-122.39235,47.51657]},"properties":{"probability":0.183,"inBuffer":false,"facType":"water_works"}},{"type":"Feature","geometry":{"type":"Point","coordinates":[-122.3857,47.51653]},"properties":{"probability":0.212,"inBuffer":false,"facType":"water_works"}},{"type":"Feature","geometry":{"type":"Point","coordinates":[-122.37907,47.5165]},"properties":{"probability":0.374,"inBuffer":false,"facType":"water_works"}},{"type":"Feature","geometry":{"type":"Point","coordinates":[-122.37242,47.51646]},"properties":{"probability":0.418,"inBuffer":false,"facType":"water_works"}},{"type":"Feature","geometry":{"type":"Point","coordinates":[-122.36578,47.51643]},"properties":{"probability":0.427,"inBuffer":false,"facType":"hospital"}},{"type":"Feature","geometry":{"type":"Point","coordinates":[-122.35915,47.51639]},"properties":{"probability":0.498,"inBuffer":false,"facType":"government"}},{"type":"Feature","geometry":{"type":"Point","coordinates":[-122.3525,47.51635]},"properties":{"probability":0.587,"inBuffer":false,"facType":"government"}},{"type":"Feature","geometry":{"type":"Point","coordinates":[-122.34586,47.51631]},"properties":{"probability":0.531,"inBuffer":false,"facType":"government"}},{"type":"Feature","geometry":{"type":"Point","coordinates":[-122.33922,47.51627]},"properties":{"probability":0.399,"inBuffer":false,"facType":"government"}},{"type":"Feature","geometry":{"type":"Point","coordinates":[-122.33258,47.51624]},"properties":{"probability":0.443,"inBuffer":false,"facType":"government"}},{"type":"Feature","geometry":{"type":"Point","coordinates":[-122.32594,47.5162]},"properties":{"probability":0.442,"inBuffer":false,"facType":"government"}},{"type":"Feature","geometry":{"type":"Point","coordinates":[-122.3193,47.51616]},"properties":{"probability":0.505,"inBuffer":false,"facType":"substation"}},{"type":"Feature","geometry":{"type":"Point","coordinates":[-122.31266,47.51612]},"properties":{"probability":0.516,"inBuffer":false,"facType":"substation"}},{"type":"Feature","geometry":{"type":"Point","coordinates":[-122.30602,47.51608]},"properties":{"probability":0.681,"inBuffer":false,"facType":"substation"}},{"type":"Feature","geometry":{"type":"Point","coordinates":[-122.29938,47.51604]},"properties":{"probability":0.753,"inBuffer":false,"facType":"substation"}},{"type":"Feature","geometry":{"type":"Point","coordinates":[-122.29274,47.516]},"properties":{"probability":0.718,"inBuffer":false,"facType":"government"}},{"type":"Feature","geometry":{"type":"Point","coordinates":[-122.28609,47.51596]},"properties":{"probability":0.625,"inBuffer":false,"facType":"government"}},{"type":"Feature","geometry":{"type":"Point","coordinates":[-122.27946,47.51591]},"properties":{"probability":0.551,"inBuffer":false,"facType":"government"}},{"type":"Feature","geometry":{"type":"Point","coordinates":[-122.27282,47.51587]},"properties":{"probability":0.387,"inBuffer":false,"facType":"government"}},{"type":"Feature","geometry":{"type":"Point","coordinates":[-122.26617,47.51583]},"properties":{"probability":0.457,"inBuffer":false,"facType":"government"}},{"type":"Feature","geometry":{"type":"Point","coordinates":[-122.25954,47.51579]},"properties":{"probability":0.393,"inBuffer":false,"facType":"substation"}},{"type":"Feature","geometry":{"type":"Point","coordinates":[-122.2529,47.51574]},"properties":{"probability":0.336,"inBuffer":false,"facType":"substation"}},{"type":"Feature","geometry":{"type":"Point","coordinates":[-122.24625,47.5157]},"properties":{"probability":0.282,"inBuffer":false,"facType":"substation"}},{"type":"Feature","geometry":{"type":"Point","coordinates":[-122.20641,47.51543]},"properties":{"probability":0.272,"inBuffer":false,"facType":"substation"}},{"type":"Feature","geometry":{"type":"Point","coordinates":[-122.19978,47.51538]},"properties":{"probability":0.298,"inBuffer":false,"facType":"substation"}},{"type":"Feature","geometry":{"type":"Point","coordinates":[-122.19313,47.51534]},"properties":{"probability":0.29,"inBuffer":false,"facType":"substation"}},{"type":"Feature","geometry":{"type":"Point","coordinates":[-122.18649,47.51529]},"properties":{"probability":0.183,"inBuffer":false,"facType":"government"}},{"type":"Feature","geometry":{"type":"Point","coordinates":[-122.17986,47.51525]},"properties":{"probability":0.178,"inBuffer":false,"facType":"government"}},{"type":"Feature","geometry":{"type":"Point","coordinates":[-122.17321,47.5152]},"properties":{"probability":0.168,"inBuffer":false,"facType":"government"}},{"type":"Feature","geometry":{"type":"Point","coordinates":[-122.16657,47.51515]},"properties":{"probability":0.175,"inBuffer":false,"facType":"government"}},{"type":"Feature","geometry":{"type":"Point","coordinates":[-122.15993,47.5151]},"properties":{"probability":0.178,"inBuffer":false,"facType":"government"}},{"type":"Feature","geometry":{"type":"Point","coordinates":[-122.15329,47.51505]},"properties":{"probability":0.19,"inBuffer":false,"facType":"government"}},{"type":"Feature","geometry":{"type":"Point","coordinates":[-122.3924,47.51207]},"properties":{"probability":0.185,"inBuffer":false,"facType":"water_works"}},{"type":"Feature","geometry":{"type":"Point","coordinates":[-122.38576,47.51204]},"properties":{"probability":0.265,"inBuffer":false,"facType":"water_works"}},{"type":"Feature","geometry":{"type":"Point","coordinates":[-122.37912,47.512]},"properties":{"probability":0.334,"inBuffer":false,"facType":"water_works"}},{"type":"Feature","geometry":{"type":"Point","coordinates":[-122.37247,47.51196]},"properties":{"probability":0.325,"inBuffer":false,"facType":"water_works"}},{"type":"Feature","geometry":{"type":"Point","coordinates":[-122.36584,47.51192]},"properties":{"probability":0.345,"inBuffer":false,"facType":"hospital"}},{"type":"Feature","geometry":{"type":"Point","coordinates":[-122.3592,47.51189]},"properties":{"probability":0.5,"inBuffer":false,"facType":"government"}},{"type":"Feature","geometry":{"type":"Point","coordinates":[-122.35256,47.51185]},"properties":{"probability":0.597,"inBuffer":false,"facType":"government"}},{"type":"Feature","geometry":{"type":"Point","coordinates":[-122.34592,47.51181]},"properties":{"probability":0.443,"inBuffer":false,"facType":"government"}},{"type":"Feature","geometry":{"type":"Point","coordinates":[-122.33928,47.51178]},"properties":{"probability":0.359,"inBuffer":false,"facType":"government"}},{"type":"Feature","geometry":{"type":"Point","coordinates":[-122.33264,47.51174]},"properties":{"probability":0.345,"inBuffer":false,"facType":"government"}},{"type":"Feature","geometry":{"type":"Point","coordinates":[-122.326,47.5117]},"properties":{"probability":0.326,"inBuffer":false,"facType":"government"}},{"type":"Feature","geometry":{"type":"Point","coordinates":[-122.31936,47.51166]},"properties":{"probability":0.367,"inBuffer":false,"facType":"substation"}},{"type":"Feature","geometry":{"type":"Point","coordinates":[-122.31272,47.51162]},"properties":{"probability":0.336,"inBuffer":false,"facType":"substation"}},{"type":"Feature","geometry":{"type":"Point","coordinates":[-122.30608,47.51158]},"properties":{"probability":0.661,"inBuffer":false,"facType":"substation"}},{"type":"Feature","geometry":{"type":"Point","coordinates":[-122.29944,47.51154]},"properties":{"probability":0.691,"inBuffer":false,"facType":"substation"}},{"type":"Feature","geometry":{"type":"Point","coordinates":[-122.2928,47.5115]},"properties":{"probability":0.694,"inBuffer":false,"facType":"government"}},{"type":"Feature","geometry":{"type":"Point","coordinates":[-122.28616,47.51146]},"properties":{"probability":0.631,"inBuffer":false,"facType":"government"}},{"type":"Feature","geometry":{"type":"Point","coordinates":[-122.27952,47.51142]},"properties":{"probability":0.606,"inBuffer":false,"facType":"government"}},{"type":"Feature","geometry":{"type":"Point","coordinates":[-122.27288,47.51138]},"properties":{"probability":0.44,"inBuffer":false,"facType":"substation"}},{"type":"Feature","geometry":{"type":"Point","coordinates":[-122.26624,47.51133]},"properties":{"probability":0.35,"inBuffer":false,"facType":"substation"}},{"type":"Feature","geometry":{"type":"Point","coordinates":[-122.2596,47.51129]},"properties":{"probability":0.364,"inBuffer":false,"facType":"substation"}},{"type":"Feature","geometry":{"type":"Point","coordinates":[-122.25296,47.51125]},"properties":{"probability":0.368,"inBuffer":false,"facType":"substation"}},{"type":"Feature","geometry":{"type":"Point","coordinates":[-122.24632,47.5112]},"properties":{"probability":0.326,"inBuffer":false,"facType":"substation"}},{"type":"Feature","geometry":{"type":"Point","coordinates":[-122.23968,47.51116]},"properties":{"probability":0.262,"inBuffer":false,"facType":"airport"}},{"type":"Feature","geometry":{"type":"Point","coordinates":[-122.23304,47.51112]},"properties":{"probability":0.185,"inBuffer":false,"facType":"airport"}},{"type":"Feature","geometry":{"type":"Point","coordinates":[-122.20648,47.51093]},"properties":{"probability":0.167,"inBuffer":false,"facType":"substation"}},{"type":"Feature","geometry":{"type":"Point","coordinates":[-122.19984,47.51089]},"properties":{"probability":0.203,"inBuffer":false,"facType":"substation"}},{"type":"Feature","geometry":{"type":"Point","coordinates":[-122.1932,47.51084]},"properties":{"probability":0.215,"inBuffer":false,"facType":"substation"}},{"type":"Feature","geometry":{"type":"Point","coordinates":[-122.18656,47.5108]},"properties":{"probability":0.287,"inBuffer":false,"facType":"substation"}},{"type":"Feature","geometry":{"type":"Point","coordinates":[-122.17992,47.51075]},"properties":{"probability":0.316,"inBuffer":false,"facType":"government"}},{"type":"Feature","geometry":{"type":"Point","coordinates":[-122.17329,47.5107]},"properties":{"probability":0.291,"inBuffer":false,"facType":"government"}},{"type":"Feature","geometry":{"type":"Point","coordinates":[-122.16664,47.51065]},"properties":{"probability":0.334,"inBuffer":false,"facType":"government"}},{"type":"Feature","geometry":{"type":"Point","coordinates":[-122.16,47.5106]},"properties":{"probability":0.361,"inBuffer":false,"facType":"government"}},{"type":"Feature","geometry":{"type":"Point","coordinates":[-122.15337,47.51056]},"properties":{"probability":0.294,"inBuffer":false,"facType":"government"}},{"type":"Feature","geometry":{"type":"Point","coordinates":[-122.38581,47.50753]},"properties":{"probability":0.18,"inBuffer":false,"facType":"water_works"}},{"type":"Feature","geometry":{"type":"Point","coordinates":[-122.37917,47.5075]},"properties":{"probability":0.237,"inBuffer":false,"facType":"water_works"}},{"type":"Feature","geometry":{"type":"Point","coordinates":[-122.37253,47.50747]},"properties":{"probability":0.303,"inBuffer":false,"facType":"water_works"}},{"type":"Feature","geometry":{"type":"Point","coordinates":[-122.36589,47.50743]},"properties":{"probability":0.318,"inBuffer":false,"facType":"hospital"}},{"type":"Feature","geometry":{"type":"Point","coordinates":[-122.35925,47.50739]},"properties":{"probability":0.425,"inBuffer":false,"facType":"hospital"}},{"type":"Feature","geometry":{"type":"Point","coordinates":[-122.35262,47.50735]},"properties":{"probability":0.543,"inBuffer":false,"facType":"hospital"}},{"type":"Feature","geometry":{"type":"Point","coordinates":[-122.34598,47.50732]},"properties":{"probability":0.427,"inBuffer":false,"facType":"hospital"}},{"type":"Feature","geometry":{"type":"Point","coordinates":[-122.33933,47.50728]},"properties":{"probability":0.429,"inBuffer":false,"facType":"government"}},{"type":"Feature","geometry":{"type":"Point","coordinates":[-122.3327,47.50724]},"properties":{"probability":0.448,"inBuffer":false,"facType":"government"}},{"type":"Feature","geometry":{"type":"Point","coordinates":[-122.32606,47.5072]},"properties":{"probability":0.351,"inBuffer":false,"facType":"government"}},{"type":"Feature","geometry":{"type":"Point","coordinates":[-122.31942,47.50716]},"properties":{"probability":0.299,"inBuffer":false,"facType":"substation"}},{"type":"Feature","geometry":{"type":"Point","coordinates":[-122.31277,47.50712]},"properties":{"probability":0.24,"inBuffer":false,"facType":"substation"}},{"type":"Feature","geometry":{"type":"Point","coordinates":[-122.30614,47.50708]},"properties":{"probability":0.37,"inBuffer":false,"facType":"substation"}},{"type":"Feature","geometry":{"type":"Point","coordinates":[-122.2995,47.50704]},"properties":{"probability":0.598,"inBuffer":false,"facType":"substation"}},{"type":"Feature","geometry":{"type":"Point","coordinates":[-122.29286,47.507]},"properties":{"probability":0.64,"inBuffer":false,"facType":"government"}},{"type":"Feature","geometry":{"type":"Point","coordinates":[-122.28622,47.50696]},"properties":{"probability":0.579,"inBuffer":false,"facType":"government"}},{"type":"Feature","geometry":{"type":"Point","coordinates":[-122.27958,47.50692]},"properties":{"probability":0.558,"inBuffer":false,"facType":"government"}},{"type":"Feature","geometry":{"type":"Point","coordinates":[-122.27294,47.50687]},"properties":{"probability":0.396,"inBuffer":false,"facType":"substation"}},{"type":"Feature","geometry":{"type":"Point","coordinates":[-122.2663,47.50683]},"properties":{"probability":0.33,"inBuffer":false,"facType":"substation"}},{"type":"Feature","geometry":{"type":"Point","coordinates":[-122.25967,47.50679]},"properties":{"probability":0.359,"inBuffer":false,"facType":"substation"}},{"type":"Feature","geometry":{"type":"Point","coordinates":[-122.25302,47.50675]},"properties":{"probability":0.348,"inBuffer":false,"facType":"substation"}},{"type":"Feature","geometry":{"type":"Point","coordinates":[-122.24638,47.5067]},"properties":{"probability":0.337,"inBuffer":false,"facType":"substation"}},{"type":"Feature","geometry":{"type":"Point","coordinates":[-122.23975,47.50666]},"properties":{"probability":0.292,"inBuffer":false,"facType":"airport"}},{"type":"Feature","geometry":{"type":"Point","coordinates":[-122.23311,47.50661]},"properties":{"probability":0.211,"inBuffer":false,"facType":"airport"}},{"type":"Feature","geometry":{"type":"Point","coordinates":[-122.22646,47.50657]},"properties":{"probability":0.216,"inBuffer":true,"facType":"airport"}},{"type":"Feature","geometry":{"type":"Point","coordinates":[-122.21983,47.50653]},"properties":{"probability":0.185,"inBuffer":true,"facType":"airport"}},{"type":"Feature","geometry":{"type":"Point","coordinates":[-122.21319,47.50648]},"properties":{"probability":0.198,"inBuffer":true,"facType":"airport"}},{"type":"Feature","geometry":{"type":"Point","coordinates":[-122.20655,47.50644]},"properties":{"probability":0.389,"inBuffer":true,"facType":"substation"}},{"type":"Feature","geometry":{"type":"Point","coordinates":[-122.19991,47.50639]},"properties":{"probability":0.451,"inBuffer":false,"facType":"substation"}},{"type":"Feature","geometry":{"type":"Point","coordinates":[-122.19327,47.50634]},"properties":{"probability":0.316,"inBuffer":false,"facType":"substation"}},{"type":"Feature","geometry":{"type":"Point","coordinates":[-122.18663,47.50629]},"properties":{"probability":0.437,"inBuffer":false,"facType":"substation"}},{"type":"Feature","geometry":{"type":"Point","coordinates":[-122.17999,47.50625]},"properties":{"probability":0.511,"inBuffer":false,"facType":"government"}},{"type":"Feature","geometry":{"type":"Point","coordinates":[-122.17336,47.5062]},"properties":{"probability":0.381,"inBuffer":false,"facType":"government"}},{"type":"Feature","geometry":{"type":"Point","coordinates":[-122.16672,47.50615]},"properties":{"probability":0.334,"inBuffer":false,"facType":"government"}},{"type":"Feature","geometry":{"type":"Point","coordinates":[-122.16008,47.5061]},"properties":{"probability":0.496,"inBuffer":false,"facType":"government"}},{"type":"Feature","geometry":{"type":"Point","coordinates":[-122.15343,47.50605]},"properties":{"probability":0.382,"inBuffer":false,"facType":"substation"}},{"type":"Feature","geometry":{"type":"Point","coordinates":[-122.38586,47.50304]},"properties":{"probability":0.169,"inBuffer":false,"facType":"water_works"}},{"type":"Feature","geometry":{"type":"Point","coordinates":[-122.37923,47.503]},"properties":{"probability":0.177,"inBuffer":false,"facType":"water_works"}},{"type":"Feature","geometry":{"type":"Point","coordinates":[-122.37259,47.50296]},"properties":{"probability":0.19,"inBuffer":false,"facType":"water_works"}},{"type":"Feature","geometry":{"type":"Point","coordinates":[-122.36594,47.50293]},"properties":{"probability":0.3,"inBuffer":false,"facType":"water_works"}},{"type":"Feature","geometry":{"type":"Point","coordinates":[-122.35931,47.50289]},"properties":{"probability":0.382,"inBuffer":false,"facType":"hospital"}},{"type":"Feature","geometry":{"type":"Point","coordinates":[-122.35267,47.50285]},"properties":{"probability":0.443,"inBuffer":false,"facType":"hospital"}},{"type":"Feature","geometry":{"type":"Point","coordinates":[-122.34603,47.50282]},"properties":{"probability":0.397,"inBuffer":false,"facType":"hospital"}},{"type":"Feature","geometry":{"type":"Point","coordinates":[-122.33939,47.50278]},"properties":{"probability":0.438,"inBuffer":false,"facType":"hospital"}},{"type":"Feature","geometry":{"type":"Point","coordinates":[-122.33276,47.50274]},"properties":{"probability":0.401,"inBuffer":false,"facType":"hospital"}},{"type":"Feature","geometry":{"type":"Point","coordinates":[-122.32611,47.5027]},"properties":{"probability":0.342,"inBuffer":false,"facType":"government"}},{"type":"Feature","geometry":{"type":"Point","coordinates":[-122.31947,47.50266]},"properties":{"probability":0.286,"inBuffer":false,"facType":"substation"}},{"type":"Feature","geometry":{"type":"Point","coordinates":[-122.31284,47.50262]},"properties":{"probability":0.269,"inBuffer":false,"facType":"substation"}},{"type":"Feature","geometry":{"type":"Point","coordinates":[-122.3062,47.50258]},"properties":{"probability":0.369,"inBuffer":false,"facType":"substation"}},{"type":"Feature","geometry":{"type":"Point","coordinates":[-122.29956,47.50254]},"properties":{"probability":0.613,"inBuffer":false,"facType":"government"}},{"type":"Feature","geometry":{"type":"Point","coordinates":[-122.29292,47.5025]},"properties":{"probability":0.627,"inBuffer":false,"facType":"government"}},{"type":"Feature","geometry":{"type":"Point","coordinates":[-122.28628,47.50246]},"properties":{"probability":0.507,"inBuffer":false,"facType":"government"}},{"type":"Feature","geometry":{"type":"Point","coordinates":[-122.27964,47.50242]},"properties":{"probability":0.485,"inBuffer":false,"facType":"substation"}},{"type":"Feature","geometry":{"type":"Point","coordinates":[-122.273,47.50238]},"properties":{"probability":0.393,"inBuffer":false,"facType":"substation"}},{"type":"Feature","geometry":{"type":"Point","coordinates":[-122.26637,47.50233]},"properties":{"probability":0.316,"inBuffer":false,"facType":"substation"}},{"type":"Feature","geometry":{"type":"Point","coordinates":[-122.25973,47.50229]},"properties":{"probability":0.293,"inBuffer":false,"facType":"substation"}},{"type":"Feature","geometry":{"type":"Point","coordinates":[-122.25309,47.50225]},"properties":{"probability":0.33,"inBuffer":false,"facType":"substation"}},{"type":"Feature","geometry":{"type":"Point","coordinates":[-122.24645,47.5022]},"properties":{"probability":0.343,"inBuffer":false,"facType":"substation"}},{"type":"Feature","geometry":{"type":"Point","coordinates":[-122.23981,47.50216]},"properties":{"probability":0.297,"inBuffer":false,"facType":"airport"}},{"type":"Feature","geometry":{"type":"Point","coordinates":[-122.23317,47.50212]},"properties":{"probability":0.285,"inBuffer":true,"facType":"airport"}},{"type":"Feature","geometry":{"type":"Point","coordinates":[-122.22653,47.50207]},"properties":{"probability":0.346,"inBuffer":true,"facType":"airport"}},{"type":"Feature","geometry":{"type":"Point","coordinates":[-122.21989,47.50203]},"properties":{"probability":0.496,"inBuffer":true,"facType":"airport"}},{"type":"Feature","geometry":{"type":"Point","coordinates":[-122.21326,47.50198]},"properties":{"probability":0.624,"inBuffer":true,"facType":"airport"}},{"type":"Feature","geometry":{"type":"Point","coordinates":[-122.20662,47.50194]},"properties":{"probability":0.645,"inBuffer":true,"facType":"substation"}},{"type":"Feature","geometry":{"type":"Point","coordinates":[-122.19998,47.50189]},"properties":{"probability":0.586,"inBuffer":false,"facType":"substation"}},{"type":"Feature","geometry":{"type":"Point","coordinates":[-122.19334,47.50184]},"properties":{"probability":0.45,"inBuffer":false,"facType":"substation"}},{"type":"Feature","geometry":{"type":"Point","coordinates":[-122.1867,47.5018]},"properties":{"probability":0.519,"inBuffer":false,"facType":"substation"}},{"type":"Feature","geometry":{"type":"Point","coordinates":[-122.18006,47.50175]},"properties":{"probability":0.565,"inBuffer":false,"facType":"government"}},{"type":"Feature","geometry":{"type":"Point","coordinates":[-122.17342,47.5017]},"properties":{"probability":0.428,"inBuffer":false,"facType":"government"}},{"type":"Feature","geometry":{"type":"Point","coordinates":[-122.16679,47.50166]},"properties":{"probability":0.37,"inBuffer":false,"facType":"government"}},{"type":"Feature","geometry":{"type":"Point","coordinates":[-122.16015,47.50161]},"properties":{"probability":0.484,"inBuffer":false,"facType":"substation"}},{"type":"Feature","geometry":{"type":"Point","coordinates":[-122.15351,47.50156]},"properties":{"probability":0.336,"inBuffer":false,"facType":"substation"}},{"type":"Feature","geometry":{"type":"Point","coordinates":[-122.37928,47.4985]},"properties":{"probability":0.167,"inBuffer":false,"facType":"water_works"}},{"type":"Feature","geometry":{"type":"Point","coordinates":[-122.37264,47.49847]},"properties":{"probability":0.173,"inBuffer":false,"facType":"water_works"}},{"type":"Feature","geometry":{"type":"Point","coordinates":[-122.366,47.49843]},"properties":{"probability":0.244,"inBuffer":false,"facType":"water_works"}},{"type":"Feature","geometry":{"type":"Point","coordinates":[-122.35936,47.49839]},"properties":{"probability":0.344,"inBuffer":false,"facType":"hospital"}},{"type":"Feature","geometry":{"type":"Point","coordinates":[-122.35272,47.49836]},"properties":{"probability":0.341,"inBuffer":true,"facType":"hospital"}},{"type":"Feature","geometry":{"type":"Point","coordinates":[-122.34608,47.49832]},"properties":{"probability":0.339,"inBuffer":true,"facType":"hospital"}},{"type":"Feature","geometry":{"type":"Point","coordinates":[-122.33945,47.49828]},"properties":{"probability":0.363,"inBuffer":false,"facType":"hospital"}},{"type":"Feature","geometry":{"type":"Point","coordinates":[-122.33281,47.49824]},"properties":{"probability":0.317,"inBuffer":false,"facType":"hospital"}},{"type":"Feature","geometry":{"type":"Point","coordinates":[-122.32617,47.4982]},"properties":{"probability":0.298,"inBuffer":false,"facType":"hospital"}},{"type":"Feature","geometry":{"type":"Point","coordinates":[-122.31953,47.49817]},"properties":{"probability":0.291,"inBuffer":false,"facType":"substation"}},{"type":"Feature","geometry":{"type":"Point","coordinates":[-122.3129,47.49812]},"properties":{"probability":0.331,"inBuffer":false,"facType":"hospital"}},{"type":"Feature","geometry":{"type":"Point","coordinates":[-122.30626,47.49809]},"properties":{"probability":0.441,"inBuffer":false,"facType":"government"}},{"type":"Feature","geometry":{"type":"Point","coordinates":[-122.29962,47.49804]},"properties":{"probability":0.522,"inBuffer":false,"facType":"government"}},{"type":"Feature","geometry":{"type":"Point","coordinates":[-122.29298,47.498]},"properties":{"probability":0.551,"inBuffer":false,"facType":"government"}},{"type":"Feature","geometry":{"type":"Point","coordinates":[-122.28634,47.49796]},"properties":{"probability":0.597,"inBuffer":false,"facType":"government"}},{"type":"Feature","geometry":{"type":"Point","coordinates":[-122.2797,47.49792]},"properties":{"probability":0.51,"inBuffer":false,"facType":"government"}},{"type":"Feature","geometry":{"type":"Point","coordinates":[-122.27306,47.49788]},"properties":{"probability":0.497,"inBuffer":false,"facType":"substation"}},{"type":"Feature","geometry":{"type":"Point","coordinates":[-122.26643,47.49784]},"properties":{"probability":0.346,"inBuffer":false,"facType":"substation"}},{"type":"Feature","geometry":{"type":"Point","coordinates":[-122.25979,47.4978]},"properties":{"probability":0.334,"inBuffer":false,"facType":"substation"}},{"type":"Feature","geometry":{"type":"Point","coordinates":[-122.25315,47.49775]},"properties":{"probability":0.359,"inBuffer":false,"facType":"substation"}},{"type":"Feature","geometry":{"type":"Point","coordinates":[-122.24651,47.49771]},"properties":{"probability":0.421,"inBuffer":false,"facType":"substation"}},{"type":"Feature","geometry":{"type":"Point","coordinates":[-122.23988,47.49766]},"properties":{"probability":0.346,"inBuffer":false,"facType":"airport"}},{"type":"Feature","geometry":{"type":"Point","coordinates":[-122.23324,47.49762]},"properties":{"probability":0.301,"inBuffer":true,"facType":"airport"}},{"type":"Feature","geometry":{"type":"Point","coordinates":[-122.2266,47.49757]},"properties":{"probability":0.4,"inBuffer":true,"facType":"airport"}},{"type":"Feature","geometry":{"type":"Point","coordinates":[-122.21996,47.49753]},"properties":{"probability":0.637,"inBuffer":true,"facType":"airport"}},{"type":"Feature","geometry":{"type":"Point","coordinates":[-122.21333,47.49748]},"properties":{"probability":0.714,"inBuffer":true,"facType":"airport"}},{"type":"Feature","geometry":{"type":"Point","coordinates":[-122.20669,47.49744]},"properties":{"probability":0.693,"inBuffer":true,"facType":"substation"}},{"type":"Feature","geometry":{"type":"Point","coordinates":[-122.20005,47.49739]},"properties":{"probability":0.698,"inBuffer":true,"facType":"substation"}},{"type":"Feature","geometry":{"type":"Point","coordinates":[-122.19341,47.49734]},"properties":{"probability":0.509,"inBuffer":false,"facType":"substation"}},{"type":"Feature","geometry":{"type":"Point","coordinates":[-122.18678,47.4973]},"properties":{"probability":0.514,"inBuffer":false,"facType":"substation"}},{"type":"Feature","geometry":{"type":"Point","coordinates":[-122.18013,47.49725]},"properties":{"probability":0.544,"inBuffer":false,"facType":"government"}},{"type":"Feature","geometry":{"type":"Point","coordinates":[-122.17349,47.4972]},"properties":{"probability":0.388,"inBuffer":false,"facType":"government"}},{"type":"Feature","geometry":{"type":"Point","coordinates":[-122.16685,47.49715]},"properties":{"probability":0.353,"inBuffer":false,"facType":"substation"}},{"type":"Feature","geometry":{"type":"Point","coordinates":[-122.16022,47.49711]},"properties":{"probability":0.371,"inBuffer":false,"facType":"substation"}},{"type":"Feature","geometry":{"type":"Point","coordinates":[-122.15358,47.49706]},"properties":{"probability":0.317,"inBuffer":false,"facType":"substation"}},{"type":"Feature","geometry":{"type":"Point","coordinates":[-122.36606,47.49393]},"properties":{"probability":0.184,"inBuffer":false,"facType":"water_works"}},{"type":"Feature","geometry":{"type":"Point","coordinates":[-122.35942,47.49389]},"properties":{"probability":0.177,"inBuffer":true,"facType":"water_works"}},{"type":"Feature","geometry":{"type":"Point","coordinates":[-122.35278,47.49386]},"properties":{"probability":0.327,"inBuffer":true,"facType":"hospital"}},{"type":"Feature","geometry":{"type":"Point","coordinates":[-122.34614,47.49382]},"properties":{"probability":0.325,"inBuffer":true,"facType":"hospital"}},{"type":"Feature","geometry":{"type":"Point","coordinates":[-122.3395,47.49378]},"properties":{"probability":0.349,"inBuffer":false,"facType":"hospital"}},{"type":"Feature","geometry":{"type":"Point","coordinates":[-122.33286,47.49374]},"properties":{"probability":0.32,"inBuffer":false,"facType":"hospital"}},{"type":"Feature","geometry":{"type":"Point","coordinates":[-122.32623,47.49371]},"properties":{"probability":0.308,"inBuffer":false,"facType":"hospital"}},{"type":"Feature","geometry":{"type":"Point","coordinates":[-122.31959,47.49366]},"properties":{"probability":0.255,"inBuffer":false,"facType":"hospital"}},{"type":"Feature","geometry":{"type":"Point","coordinates":[-122.31295,47.49363]},"properties":{"probability":0.311,"inBuffer":false,"facType":"hospital"}},{"type":"Feature","geometry":{"type":"Point","coordinates":[-122.30631,47.49358]},"properties":{"probability":0.383,"inBuffer":false,"facType":"hospital"}},{"type":"Feature","geometry":{"type":"Point","coordinates":[-122.29967,47.49355]},"properties":{"probability":0.457,"inBuffer":true,"facType":"government"}},{"type":"Feature","geometry":{"type":"Point","coordinates":[-122.29304,47.4935]},"properties":{"probability":0.515,"inBuffer":true,"facType":"government"}},{"type":"Feature","geometry":{"type":"Point","coordinates":[-122.2864,47.49346]},"properties":{"probability":0.667,"inBuffer":false,"facType":"government"}},{"type":"Feature","geometry":{"type":"Point","coordinates":[-122.27976,47.49342]},"properties":{"probability":0.579,"inBuffer":false,"facType":"government"}},{"type":"Feature","geometry":{"type":"Point","coordinates":[-122.27312,47.49338]},"properties":{"probability":0.555,"inBuffer":false,"facType":"government"}},{"type":"Feature","geometry":{"type":"Point","coordinates":[-122.26649,47.49334]},"properties":{"probability":0.449,"inBuffer":false,"facType":"substation"}},{"type":"Feature","geometry":{"type":"Point","coordinates":[-122.25985,47.49329]},"properties":{"probability":0.31,"inBuffer":false,"facType":"substation"}},{"type":"Feature","geometry":{"type":"Point","coordinates":[-122.25321,47.49325]},"properties":{"probability":0.392,"inBuffer":false,"facType":"substation"}},{"type":"Feature","geometry":{"type":"Point","coordinates":[-122.24657,47.49321]},"properties":{"probability":0.44,"inBuffer":false,"facType":"substation"}},{"type":"Feature","geometry":{"type":"Point","coordinates":[-122.23994,47.49316]},"properties":{"probability":0.412,"inBuffer":false,"facType":"airport"}},{"type":"Feature","geometry":{"type":"Point","coordinates":[-122.2333,47.49312]},"properties":{"probability":0.322,"inBuffer":false,"facType":"airport"}},{"type":"Feature","geometry":{"type":"Point","coordinates":[-122.22666,47.49308]},"properties":{"probability":0.385,"inBuffer":true,"facType":"airport"}},{"type":"Feature","geometry":{"type":"Point","coordinates":[-122.22002,47.49303]},"properties":{"probability":0.695,"inBuffer":true,"facType":"airport"}},{"type":"Feature","geometry":{"type":"Point","coordinates":[-122.21339,47.49298]},"properties":{"probability":0.731,"inBuffer":true,"facType":"airport"}},{"type":"Feature","geometry":{"type":"Point","coordinates":[-122.20676,47.49294]},"properties":{"probability":0.714,"inBuffer":true,"facType":"substation"}},{"type":"Feature","geometry":{"type":"Point","coordinates":[-122.20012,47.49289]},"properties":{"probability":0.707,"inBuffer":true,"facType":"substation"}},{"type":"Feature","geometry":{"type":"Point","coordinates":[-122.19348,47.49285]},"properties":{"probability":0.561,"inBuffer":false,"facType":"substation"}},{"type":"Feature","geometry":{"type":"Point","coordinates":[-122.18684,47.4928]},"properties":{"probability":0.409,"inBuffer":false,"facType":"substation"}},{"type":"Feature","geometry":{"type":"Point","coordinates":[-122.18021,47.49275]},"properties":{"probability":0.437,"inBuffer":false,"facType":"substation"}},{"type":"Feature","geometry":{"type":"Point","coordinates":[-122.17357,47.49271]},"properties":{"probability":0.385,"inBuffer":false,"facType":"substation"}},{"type":"Feature","geometry":{"type":"Point","coordinates":[-122.16693,47.49266]},"properties":{"probability":0.385,"inBuffer":false,"facType":"substation"}},{"type":"Feature","geometry":{"type":"Point","coordinates":[-122.16029,47.49261]},"properties":{"probability":0.488,"inBuffer":false,"facType":"substation"}},{"type":"Feature","geometry":{"type":"Point","coordinates":[-122.15366,47.49256]},"properties":{"probability":0.374,"inBuffer":false,"facType":"substation"}},{"type":"Feature","geometry":{"type":"Point","coordinates":[-122.36611,47.48943]},"properties":{"probability":0.166,"inBuffer":false,"facType":"water_works"}},{"type":"Feature","geometry":{"type":"Point","coordinates":[-122.35947,47.4894]},"properties":{"probability":0.183,"inBuffer":false,"facType":"water_works"}},{"type":"Feature","geometry":{"type":"Point","coordinates":[-122.35284,47.48936]},"properties":{"probability":0.364,"inBuffer":true,"facType":"hospital"}},{"type":"Feature","geometry":{"type":"Point","coordinates":[-122.3462,47.48932]},"properties":{"probability":0.362,"inBuffer":true,"facType":"hospital"}},{"type":"Feature","geometry":{"type":"Point","coordinates":[-122.33956,47.48928]},"properties":{"probability":0.373,"inBuffer":false,"facType":"hospital"}},{"type":"Feature","geometry":{"type":"Point","coordinates":[-122.33292,47.48924]},"properties":{"probability":0.406,"inBuffer":false,"facType":"hospital"}},{"type":"Feature","geometry":{"type":"Point","coordinates":[-122.32629,47.4892]},"properties":{"probability":0.352,"inBuffer":false,"facType":"hospital"}},{"type":"Feature","geometry":{"type":"Point","coordinates":[-122.31965,47.48917]},"properties":{"probability":0.294,"inBuffer":false,"facType":"hospital"}},{"type":"Feature","geometry":{"type":"Point","coordinates":[-122.31301,47.48913]},"properties":{"probability":0.355,"inBuffer":false,"facType":"hospital"}},{"type":"Feature","geometry":{"type":"Point","coordinates":[-122.30637,47.48909]},"properties":{"probability":0.459,"inBuffer":false,"facType":"hospital"}},{"type":"Feature","geometry":{"type":"Point","coordinates":[-122.29974,47.48905]},"properties":{"probability":0.439,"inBuffer":true,"facType":"hospital"}},{"type":"Feature","geometry":{"type":"Point","coordinates":[-122.2931,47.48901]},"properties":{"probability":0.556,"inBuffer":true,"facType":"government"}},{"type":"Feature","geometry":{"type":"Point","coordinates":[-122.28646,47.48896]},"properties":{"probability":0.637,"inBuffer":true,"facType":"government"}},{"type":"Feature","geometry":{"type":"Point","coordinates":[-122.27982,47.48892]},"properties":{"probability":0.613,"inBuffer":false,"facType":"government"}},{"type":"Feature","geometry":{"type":"Point","coordinates":[-122.27319,47.48888]},"properties":{"probability":0.662,"inBuffer":false,"facType":"government"}},{"type":"Feature","geometry":{"type":"Point","coordinates":[-122.26656,47.48884]},"properties":{"probability":0.579,"inBuffer":false,"facType":"government"}},{"type":"Feature","geometry":{"type":"Point","coordinates":[-122.25992,47.4888]},"properties":{"probability":0.379,"inBuffer":false,"facType":"substation"}},{"type":"Feature","geometry":{"type":"Point","coordinates":[-122.25328,47.48875]},"properties":{"probability":0.354,"inBuffer":false,"facType":"government"}},{"type":"Feature","geometry":{"type":"Point","coordinates":[-122.24664,47.48871]},"properties":{"probability":0.344,"inBuffer":false,"facType":"government"}},{"type":"Feature","geometry":{"type":"Point","coordinates":[-122.24001,47.48867]},"properties":{"probability":0.394,"inBuffer":false,"facType":"government"}},{"type":"Feature","geometry":{"type":"Point","coordinates":[-122.23337,47.48862]},"properties":{"probability":0.391,"inBuffer":false,"facType":"government"}},{"type":"Feature","geometry":{"type":"Point","coordinates":[-122.22673,47.48858]},"properties":{"probability":0.365,"inBuffer":true,"facType":"airport"}},{"type":"Feature","geometry":{"type":"Point","coordinates":[-122.22009,47.48853]},"properties":{"probability":0.72,"inBuffer":true,"facType":"airport"}},{"type":"Feature","geometry":{"type":"Point","coordinates":[-122.21346,47.48849]},"properties":{"probability":0.76,"inBuffer":true,"facType":"substation"}},{"type":"Feature","geometry":{"type":"Point","coordinates":[-122.20682,47.48844]},"properties":{"probability":0.73,"inBuffer":true,"facType":"substation"}},{"type":"Feature","geometry":{"type":"Point","coordinates":[-122.20019,47.4884]},"properties":{"probability":0.679,"inBuffer":true,"facType":"government"}},{"type":"Feature","geometry":{"type":"Point","coordinates":[-122.19355,47.48835]},"properties":{"probability":0.592,"inBuffer":false,"facType":"substation"}},{"type":"Feature","geometry":{"type":"Point","coordinates":[-122.18691,47.4883]},"properties":{"probability":0.449,"inBuffer":false,"facType":"substation"}},{"type":"Feature","geometry":{"type":"Point","coordinates":[-122.18027,47.48825]},"properties":{"probability":0.513,"inBuffer":false,"facType":"government"}},{"type":"Feature","geometry":{"type":"Point","coordinates":[-122.17364,47.4882]},"properties":{"probability":0.537,"inBuffer":false,"facType":"substation"}},{"type":"Feature","geometry":{"type":"Point","coordinates":[-122.167,47.48816]},"properties":{"probability":0.555,"inBuffer":false,"facType":"substation"}},{"type":"Feature","geometry":{"type":"Point","coordinates":[-122.16036,47.48811]},"properties":{"probability":0.6,"inBuffer":false,"facType":"substation"}},{"type":"Feature","geometry":{"type":"Point","coordinates":[-122.15372,47.48806]},"properties":{"probability":0.516,"inBuffer":false,"facType":"substation"}},{"type":"Feature","geometry":{"type":"Point","coordinates":[-122.35953,47.4849]},"properties":{"probability":0.177,"inBuffer":false,"facType":"water_works"}},{"type":"Feature","geometry":{"type":"Point","coordinates":[-122.35289,47.48486]},"properties":{"probability":0.34,"inBuffer":false,"facType":"water_works"}},{"type":"Feature","geometry":{"type":"Point","coordinates":[-122.34625,47.48482]},"properties":{"probability":0.398,"inBuffer":false,"facType":"hospital"}},{"type":"Feature","geometry":{"type":"Point","coordinates":[-122.33961,47.48478]},"properties":{"probability":0.397,"inBuffer":false,"facType":"hospital"}},{"type":"Feature","geometry":{"type":"Point","coordinates":[-122.33298,47.48475]},"properties":{"probability":0.435,"inBuffer":false,"facType":"hospital"}},{"type":"Feature","geometry":{"type":"Point","coordinates":[-122.32635,47.48471]},"properties":{"probability":0.37,"inBuffer":false,"facType":"government"}},{"type":"Feature","geometry":{"type":"Point","coordinates":[-122.31971,47.48467]},"properties":{"probability":0.323,"inBuffer":false,"facType":"hospital"}},{"type":"Feature","geometry":{"type":"Point","coordinates":[-122.31307,47.48463]},"properties":{"probability":0.322,"inBuffer":false,"facType":"hospital"}},{"type":"Feature","geometry":{"type":"Point","coordinates":[-122.30643,47.48459]},"properties":{"probability":0.366,"inBuffer":false,"facType":"hospital"}},{"type":"Feature","geometry":{"type":"Point","coordinates":[-122.2998,47.48455]},"properties":{"probability":0.386,"inBuffer":true,"facType":"hospital"}},{"type":"Feature","geometry":{"type":"Point","coordinates":[-122.29316,47.48451]},"properties":{"probability":0.377,"inBuffer":true,"facType":"hospital"}},{"type":"Feature","geometry":{"type":"Point","coordinates":[-122.28652,47.48447]},"properties":{"probability":0.435,"inBuffer":false,"facType":"government"}},{"type":"Feature","geometry":{"type":"Point","coordinates":[-122.27989,47.48442]},"properties":{"probability":0.539,"inBuffer":false,"facType":"government"}},{"type":"Feature","geometry":{"type":"Point","coordinates":[-122.27325,47.48438]},"properties":{"probability":0.666,"inBuffer":false,"facType":"government"}},{"type":"Feature","geometry":{"type":"Point","coordinates":[-122.26662,47.48434]},"properties":{"probability":0.59,"inBuffer":false,"facType":"government"}},{"type":"Feature","geometry":{"type":"Point","coordinates":[-122.25998,47.4843]},"properties":{"probability":0.44,"inBuffer":false,"facType":"government"}},{"type":"Feature","geometry":{"type":"Point","coordinates":[-122.25334,47.48425]},"properties":{"probability":0.371,"inBuffer":false,"facType":"government"}},{"type":"Feature","geometry":{"type":"Point","coordinates":[-122.2467,47.48421]},"properties":{"probability":0.368,"inBuffer":false,"facType":"government"}},{"type":"Feature","geometry":{"type":"Point","coordinates":[-122.24007,47.48417]},"properties":{"probability":0.352,"inBuffer":false,"facType":"government"}},{"type":"Feature","geometry":{"type":"Point","coordinates":[-122.23344,47.48412]},"properties":{"probability":0.39,"inBuffer":false,"facType":"government"}},{"type":"Feature","geometry":{"type":"Point","coordinates":[-122.2268,47.48408]},"properties":{"probability":0.443,"inBuffer":false,"facType":"government"}},{"type":"Feature","geometry":{"type":"Point","coordinates":[-122.22016,47.48404]},"properties":{"probability":0.714,"inBuffer":true,"facType":"government"}},{"type":"Feature","geometry":{"type":"Point","coordinates":[-122.21352,47.48399]},"properties":{"probability":0.774,"inBuffer":true,"facType":"government"}},{"type":"Feature","geometry":{"type":"Point","coordinates":[-122.20689,47.48394]},"properties":{"probability":0.692,"inBuffer":true,"facType":"government"}},{"type":"Feature","geometry":{"type":"Point","coordinates":[-122.20025,47.4839]},"properties":{"probability":0.629,"inBuffer":false,"facType":"government"}},{"type":"Feature","geometry":{"type":"Point","coordinates":[-122.19362,47.48385]},"properties":{"probability":0.565,"inBuffer":false,"facType":"government"}},{"type":"Feature","geometry":{"type":"Point","coordinates":[-122.18698,47.4838]},"properties":{"probability":0.442,"inBuffer":false,"facType":"government"}},{"type":"Feature","geometry":{"type":"Point","coordinates":[-122.18034,47.48376]},"properties":{"probability":0.517,"inBuffer":false,"facType":"government"}},{"type":"Feature","geometry":{"type":"Point","coordinates":[-122.17371,47.48371]},"properties":{"probability":0.539,"inBuffer":false,"facType":"government"}},{"type":"Feature","geometry":{"type":"Point","coordinates":[-122.16707,47.48366]},"properties":{"probability":0.453,"inBuffer":false,"facType":"government"}},{"type":"Feature","geometry":{"type":"Point","coordinates":[-122.16044,47.48361]},"properties":{"probability":0.449,"inBuffer":false,"facType":"substation"}},{"type":"Feature","geometry":{"type":"Point","coordinates":[-122.1538,47.48356]},"properties":{"probability":0.421,"inBuffer":false,"facType":"substation"}},{"type":"Feature","geometry":{"type":"Point","coordinates":[-122.35958,47.4804]},"properties":{"probability":0.17,"inBuffer":false,"facType":"water_works"}},{"type":"Feature","geometry":{"type":"Point","coordinates":[-122.35294,47.48036]},"properties":{"probability":0.333,"inBuffer":false,"facType":"water_works"}},{"type":"Feature","geometry":{"type":"Point","coordinates":[-122.34631,47.48032]},"properties":{"probability":0.4,"inBuffer":false,"facType":"government"}},{"type":"Feature","geometry":{"type":"Point","coordinates":[-122.33968,47.48029]},"properties":{"probability":0.513,"inBuffer":false,"facType":"government"}},{"type":"Feature","geometry":{"type":"Point","coordinates":[-122.33304,47.48025]},"properties":{"probability":0.449,"inBuffer":false,"facType":"government"}},{"type":"Feature","geometry":{"type":"Point","coordinates":[-122.3264,47.48021]},"properties":{"probability":0.38,"inBuffer":false,"facType":"government"}},{"type":"Feature","geometry":{"type":"Point","coordinates":[-122.31976,47.48017]},"properties":{"probability":0.393,"inBuffer":false,"facType":"government"}},{"type":"Feature","geometry":{"type":"Point","coordinates":[-122.31313,47.48013]},"properties":{"probability":0.353,"inBuffer":false,"facType":"hospital"}},{"type":"Feature","geometry":{"type":"Point","coordinates":[-122.3065,47.48009]},"properties":{"probability":0.347,"inBuffer":false,"facType":"hospital"}},{"type":"Feature","geometry":{"type":"Point","coordinates":[-122.29986,47.48005]},"properties":{"probability":0.332,"inBuffer":false,"facType":"hospital"}},{"type":"Feature","geometry":{"type":"Point","coordinates":[-122.29322,47.48001]},"properties":{"probability":0.359,"inBuffer":false,"facType":"hospital"}},{"type":"Feature","geometry":{"type":"Point","coordinates":[-122.28658,47.47997]},"properties":{"probability":0.46,"inBuffer":false,"facType":"government"}},{"type":"Feature","geometry":{"type":"Point","coordinates":[-122.27995,47.47993]},"properties":{"probability":0.466,"inBuffer":false,"facType":"government"}},{"type":"Feature","geometry":{"type":"Point","coordinates":[-122.27332,47.47989]},"properties":{"probability":0.538,"inBuffer":false,"facType":"government"}},{"type":"Feature","geometry":{"type":"Point","coordinates":[-122.26668,47.47984]},"properties":{"probability":0.51,"inBuffer":false,"facType":"government"}},{"type":"Feature","geometry":{"type":"Point","coordinates":[-122.26004,47.4798]},"properties":{"probability":0.43,"inBuffer":false,"facType":"government"}},{"type":"Feature","geometry":{"type":"Point","coordinates":[-122.2534,47.47976]},"properties":{"probability":0.43,"inBuffer":false,"facType":"water_works"}},{"type":"Feature","geometry":{"type":"Point","coordinates":[-122.24677,47.47971]},"properties":{"probability":0.466,"inBuffer":false,"facType":"government"}},{"type":"Feature","geometry":{"type":"Point","coordinates":[-122.24014,47.47967]},"properties":{"probability":0.298,"inBuffer":false,"facType":"government"}},{"type":"Feature","geometry":{"type":"Point","coordinates":[-122.2335,47.47963]},"properties":{"probability":0.311,"inBuffer":false,"facType":"government"}},{"type":"Feature","geometry":{"type":"Point","coordinates":[-122.22686,47.47958]},"properties":{"probability":0.375,"inBuffer":false,"facType":"government"}},{"type":"Feature","geometry":{"type":"Point","coordinates":[-122.22023,47.47953]},"properties":{"probability":0.661,"inBuffer":false,"facType":"government"}},{"type":"Feature","geometry":{"type":"Point","coordinates":[-122.21359,47.47949]},"properties":{"probability":0.689,"inBuffer":false,"facType":"government"}},{"type":"Feature","geometry":{"type":"Point","coordinates":[-122.20695,47.47944]},"properties":{"probability":0.684,"inBuffer":false,"facType":"government"}},{"type":"Feature","geometry":{"type":"Point","coordinates":[-122.20032,47.4794]},"properties":{"probability":0.623,"inBuffer":false,"facType":"government"}},{"type":"Feature","geometry":{"type":"Point","coordinates":[-122.19369,47.47935]},"properties":{"probability":0.524,"inBuffer":false,"facType":"government"}},{"type":"Feature","geometry":{"type":"Point","coordinates":[-122.18705,47.47931]},"properties":{"probability":0.391,"inBuffer":false,"facType":"substation"}},{"type":"Feature","geometry":{"type":"Point","coordinates":[-122.18041,47.47926]},"properties":{"probability":0.376,"inBuffer":false,"facType":"government"}},{"type":"Feature","geometry":{"type":"Point","coordinates":[-122.17377,47.47921]},"properties":{"probability":0.445,"inBuffer":false,"facType":"government"}},{"type":"Feature","geometry":{"type":"Point","coordinates":[-122.16714,47.47916]},"properties":{"probability":0.23,"inBuffer":false,"facType":"government"}},{"type":"Feature","geometry":{"type":"Point","coordinates":[-122.16051,47.47911]},"properties":{"probability":0.193,"inBuffer":false,"facType":"government"}},{"type":"Feature","geometry":{"type":"Point","coordinates":[-122.15387,47.47906]},"properties":{"probability":0.185,"inBuffer":false,"facType":"government"}},{"type":"Feature","geometry":{"type":"Point","coordinates":[-122.35963,47.4759]},"properties":{"probability":0.167,"inBuffer":false,"facType":"government"}},{"type":"Feature","geometry":{"type":"Point","coordinates":[-122.353,47.47586]},"properties":{"probability":0.379,"inBuffer":false,"facType":"government"}},{"type":"Feature","geometry":{"type":"Point","coordinates":[-122.34637,47.47583]},"properties":{"probability":0.386,"inBuffer":false,"facType":"government"}},{"type":"Feature","geometry":{"type":"Point","coordinates":[-122.33973,47.47579]},"properties":{"probability":0.582,"inBuffer":false,"facType":"government"}},{"type":"Feature","geometry":{"type":"Point","coordinates":[-122.33309,47.47575]},"properties":{"probability":0.649,"inBuffer":false,"facType":"government"}},{"type":"Feature","geometry":{"type":"Point","coordinates":[-122.32646,47.47571]},"properties":{"probability":0.52,"inBuffer":false,"facType":"government"}},{"type":"Feature","geometry":{"type":"Point","coordinates":[-122.31982,47.47567]},"properties":{"probability":0.51,"inBuffer":false,"facType":"government"}},{"type":"Feature","geometry":{"type":"Point","coordinates":[-122.31319,47.47563]},"properties":{"probability":0.445,"inBuffer":false,"facType":"government"}},{"type":"Feature","geometry":{"type":"Point","coordinates":[-122.30655,47.47559]},"properties":{"probability":0.456,"inBuffer":false,"facType":"hospital"}},{"type":"Feature","geometry":{"type":"Point","coordinates":[-122.29992,47.47555]},"properties":{"probability":0.369,"inBuffer":false,"facType":"government"}},{"type":"Feature","geometry":{"type":"Point","coordinates":[-122.29328,47.47551]},"properties":{"probability":0.366,"inBuffer":false,"facType":"government"}},{"type":"Feature","geometry":{"type":"Point","coordinates":[-122.28664,47.47547]},"properties":{"probability":0.635,"inBuffer":false,"facType":"government"}},{"type":"Feature","geometry":{"type":"Point","coordinates":[-122.28001,47.47543]},"properties":{"probability":0.608,"inBuffer":false,"facType":"government"}},{"type":"Feature","geometry":{"type":"Point","coordinates":[-122.27338,47.47538]},"properties":{"probability":0.42,"inBuffer":false,"facType":"government"}},{"type":"Feature","geometry":{"type":"Point","coordinates":[-122.26674,47.47534]},"properties":{"probability":0.439,"inBuffer":false,"facType":"government"}},{"type":"Feature","geometry":{"type":"Point","coordinates":[-122.26011,47.4753]},"properties":{"probability":0.523,"inBuffer":false,"facType":"government"}},{"type":"Feature","geometry":{"type":"Point","coordinates":[-122.25347,47.47526]},"properties":{"probability":0.516,"inBuffer":false,"facType":"water_works"}},{"type":"Feature","geometry":{"type":"Point","coordinates":[-122.24683,47.47521]},"properties":{"probability":0.512,"inBuffer":false,"facType":"water_works"}},{"type":"Feature","geometry":{"type":"Point","coordinates":[-122.2402,47.47517]},"properties":{"probability":0.382,"inBuffer":false,"facType":"government"}},{"type":"Feature","geometry":{"type":"Point","coordinates":[-122.23357,47.47512]},"properties":{"probability":0.455,"inBuffer":false,"facType":"government"}},{"type":"Feature","geometry":{"type":"Point","coordinates":[-122.22693,47.47508]},"properties":{"probability":0.546,"inBuffer":false,"facType":"government"}},{"type":"Feature","geometry":{"type":"Point","coordinates":[-122.22029,47.47504]},"properties":{"probability":0.715,"inBuffer":false,"facType":"government"}},{"type":"Feature","geometry":{"type":"Point","coordinates":[-122.21366,47.47499]},"properties":{"probability":0.721,"inBuffer":false,"facType":"government"}},{"type":"Feature","geometry":{"type":"Point","coordinates":[-122.20702,47.47495]},"properties":{"probability":0.542,"inBuffer":false,"facType":"government"}},{"type":"Feature","geometry":{"type":"Point","coordinates":[-122.20039,47.4749]},"properties":{"probability":0.392,"inBuffer":false,"facType":"government"}},{"type":"Feature","geometry":{"type":"Point","coordinates":[-122.19376,47.47485]},"properties":{"probability":0.212,"inBuffer":false,"facType":"substation"}},{"type":"Feature","geometry":{"type":"Point","coordinates":[-122.18712,47.47481]},"properties":{"probability":0.188,"inBuffer":false,"facType":"substation"}},{"type":"Feature","geometry":{"type":"Point","coordinates":[-122.18048,47.47476]},"properties":{"probability":0.177,"inBuffer":false,"facType":"substation"}},{"type":"Feature","geometry":{"type":"Point","coordinates":[-122.17385,47.47471]},"properties":{"probability":0.189,"inBuffer":false,"facType":"government"}},{"type":"Feature","geometry":{"type":"Point","coordinates":[-122.16721,47.47466]},"properties":{"probability":0.194,"inBuffer":false,"facType":"government"}},{"type":"Feature","geometry":{"type":"Point","coordinates":[-122.16058,47.47461]},"properties":{"probability":0.195,"inBuffer":false,"facType":"government"}},{"type":"Feature","geometry":{"type":"Point","coordinates":[-122.15395,47.47457]},"properties":{"probability":0.184,"inBuffer":false,"facType":"government"}},{"type":"Feature","geometry":{"type":"Point","coordinates":[-122.36633,47.47144]},"properties":{"probability":0.169,"inBuffer":false,"facType":"government"}},{"type":"Feature","geometry":{"type":"Point","coordinates":[-122.35969,47.4714]},"properties":{"probability":0.169,"inBuffer":false,"facType":"government"}},{"type":"Feature","geometry":{"type":"Point","coordinates":[-122.35306,47.47136]},"properties":{"probability":0.376,"inBuffer":false,"facType":"government"}},{"type":"Feature","geometry":{"type":"Point","coordinates":[-122.34642,47.47132]},"properties":{"probability":0.531,"inBuffer":false,"facType":"government"}},{"type":"Feature","geometry":{"type":"Point","coordinates":[-122.33978,47.47129]},"properties":{"probability":0.678,"inBuffer":false,"facType":"government"}},{"type":"Feature","geometry":{"type":"Point","coordinates":[-122.33315,47.47125]},"properties":{"probability":0.707,"inBuffer":false,"facType":"government"}},{"type":"Feature","geometry":{"type":"Point","coordinates":[-122.32652,47.47121]},"properties":{"probability":0.656,"inBuffer":false,"facType":"government"}},{"type":"Feature","geometry":{"type":"Point","coordinates":[-122.31988,47.47117]},"properties":{"probability":0.437,"inBuffer":false,"facType":"government"}},{"type":"Feature","geometry":{"type":"Point","coordinates":[-122.31325,47.47113]},"properties":{"probability":0.439,"inBuffer":false,"facType":"government"}},{"type":"Feature","geometry":{"type":"Point","coordinates":[-122.30661,47.47109]},"properties":{"probability":0.585,"inBuffer":false,"facType":"government"}},{"type":"Feature","geometry":{"type":"Point","coordinates":[-122.29998,47.47105]},"properties":{"probability":0.468,"inBuffer":false,"facType":"government"}},{"type":"Feature","geometry":{"type":"Point","coordinates":[-122.29334,47.47101]},"properties":{"probability":0.439,"inBuffer":false,"facType":"government"}},{"type":"Feature","geometry":{"type":"Point","coordinates":[-122.28671,47.47097]},"properties":{"probability":0.67,"inBuffer":false,"facType":"government"}},{"type":"Feature","geometry":{"type":"Point","coordinates":[-122.28008,47.47093]},"properties":{"probability":0.632,"inBuffer":false,"facType":"government"}},{"type":"Feature","geometry":{"type":"Point","coordinates":[-122.27344,47.47089]},"properties":{"probability":0.386,"inBuffer":false,"facType":"government"}},{"type":"Feature","geometry":{"type":"Point","coordinates":[-122.2668,47.47084]},"properties":{"probability":0.397,"inBuffer":false,"facType":"government"}},{"type":"Feature","geometry":{"type":"Point","coordinates":[-122.26017,47.4708]},"properties":{"probability":0.446,"inBuffer":false,"facType":"government"}},{"type":"Feature","geometry":{"type":"Point","coordinates":[-122.25353,47.47076]},"properties":{"probability":0.547,"inBuffer":false,"facType":"government"}},{"type":"Feature","geometry":{"type":"Point","coordinates":[-122.2469,47.47071]},"properties":{"probability":0.574,"inBuffer":false,"facType":"water_works"}},{"type":"Feature","geometry":{"type":"Point","coordinates":[-122.24026,47.47067]},"properties":{"probability":0.589,"inBuffer":false,"facType":"water_works"}},{"type":"Feature","geometry":{"type":"Point","coordinates":[-122.23363,47.47063]},"properties":{"probability":0.632,"inBuffer":false,"facType":"government"}},{"type":"Feature","geometry":{"type":"Point","coordinates":[-122.227,47.47058]},"properties":{"probability":0.697,"inBuffer":false,"facType":"government"}},{"type":"Feature","geometry":{"type":"Point","coordinates":[-122.22036,47.47054]},"properties":{"probability":0.716,"inBuffer":false,"facType":"government"}},{"type":"Feature","geometry":{"type":"Point","coordinates":[-122.21373,47.47049]},"properties":{"probability":0.681,"inBuffer":false,"facType":"substation"}},{"type":"Feature","geometry":{"type":"Point","coordinates":[-122.20709,47.47045]},"properties":{"probability":0.44,"inBuffer":false,"facType":"substation"}},{"type":"Feature","geometry":{"type":"Point","coordinates":[-122.20045,47.4704]},"properties":{"probability":0.383,"inBuffer":false,"facType":"government"}},{"type":"Feature","geometry":{"type":"Point","coordinates":[-122.19382,47.47036]},"properties":{"probability":0.209,"inBuffer":false,"facType":"substation"}},{"type":"Feature","geometry":{"type":"Point","coordinates":[-122.18719,47.47031]},"properties":{"probability":0.212,"inBuffer":false,"facType":"substation"}},{"type":"Feature","geometry":{"type":"Point","coordinates":[-122.18055,47.47026]},"properties":{"probability":0.202,"inBuffer":false,"facType":"substation"}},{"type":"Feature","geometry":{"type":"Point","coordinates":[-122.17392,47.47021]},"properties":{"probability":0.193,"inBuffer":false,"facType":"substation"}},{"type":"Feature","geometry":{"type":"Point","coordinates":[-122.16728,47.47017]},"properties":{"probability":0.187,"inBuffer":false,"facType":"government"}},{"type":"Feature","geometry":{"type":"Point","coordinates":[-122.16065,47.47012]},"properties":{"probability":0.176,"inBuffer":false,"facType":"government"}},{"type":"Feature","geometry":{"type":"Point","coordinates":[-122.15401,47.47007]},"properties":{"probability":0.185,"inBuffer":false,"facType":"government"}},{"type":"Feature","geometry":{"type":"Point","coordinates":[-122.36638,47.46694]},"properties":{"probability":0.183,"inBuffer":false,"facType":"government"}},{"type":"Feature","geometry":{"type":"Point","coordinates":[-122.35975,47.4669]},"properties":{"probability":0.228,"inBuffer":false,"facType":"government"}},{"type":"Feature","geometry":{"type":"Point","coordinates":[-122.35311,47.46687]},"properties":{"probability":0.462,"inBuffer":false,"facType":"government"}},{"type":"Feature","geometry":{"type":"Point","coordinates":[-122.34647,47.46683]},"properties":{"probability":0.645,"inBuffer":false,"facType":"government"}},{"type":"Feature","geometry":{"type":"Point","coordinates":[-122.33984,47.46679]},"properties":{"probability":0.72,"inBuffer":false,"facType":"government"}},{"type":"Feature","geometry":{"type":"Point","coordinates":[-122.33321,47.46675]},"properties":{"probability":0.722,"inBuffer":false,"facType":"government"}},{"type":"Feature","geometry":{"type":"Point","coordinates":[-122.32658,47.46671]},"properties":{"probability":0.649,"inBuffer":false,"facType":"government"}},{"type":"Feature","geometry":{"type":"Point","coordinates":[-122.31994,47.46667]},"properties":{"probability":0.355,"inBuffer":false,"facType":"government"}},{"type":"Feature","geometry":{"type":"Point","coordinates":[-122.31331,47.46663]},"properties":{"probability":0.307,"inBuffer":false,"facType":"government"}},{"type":"Feature","geometry":{"type":"Point","coordinates":[-122.30667,47.46659]},"properties":{"probability":0.664,"inBuffer":false,"facType":"government"}},{"type":"Feature","geometry":{"type":"Point","coordinates":[-122.30003,47.46655]},"properties":{"probability":0.707,"inBuffer":false,"facType":"government"}},{"type":"Feature","geometry":{"type":"Point","coordinates":[-122.2934,47.46651]},"properties":{"probability":0.718,"inBuffer":false,"facType":"government"}},{"type":"Feature","geometry":{"type":"Point","coordinates":[-122.28677,47.46647]},"properties":{"probability":0.69,"inBuffer":false,"facType":"government"}},{"type":"Feature","geometry":{"type":"Point","coordinates":[-122.28014,47.46643]},"properties":{"probability":0.598,"inBuffer":false,"facType":"government"}},{"type":"Feature","geometry":{"type":"Point","coordinates":[-122.2735,47.46639]},"properties":{"probability":0.515,"inBuffer":false,"facType":"government"}},{"type":"Feature","geometry":{"type":"Point","coordinates":[-122.26687,47.46635]},"properties":{"probability":0.545,"inBuffer":false,"facType":"government"}},{"type":"Feature","geometry":{"type":"Point","coordinates":[-122.26023,47.4663]},"properties":{"probability":0.588,"inBuffer":false,"facType":"government"}},{"type":"Feature","geometry":{"type":"Point","coordinates":[-122.2536,47.46626]},"properties":{"probability":0.669,"inBuffer":false,"facType":"government"}},{"type":"Feature","geometry":{"type":"Point","coordinates":[-122.24696,47.46622]},"properties":{"probability":0.703,"inBuffer":false,"facType":"government"}},{"type":"Feature","geometry":{"type":"Point","coordinates":[-122.24033,47.46617]},"properties":{"probability":0.633,"inBuffer":false,"facType":"substation"}},{"type":"Feature","geometry":{"type":"Point","coordinates":[-122.2337,47.46613]},"properties":{"probability":0.61,"inBuffer":false,"facType":"substation"}},{"type":"Feature","geometry":{"type":"Point","coordinates":[-122.22706,47.46608]},"properties":{"probability":0.674,"inBuffer":false,"facType":"government"}},{"type":"Feature","geometry":{"type":"Point","coordinates":[-122.22043,47.46604]},"properties":{"probability":0.61,"inBuffer":false,"facType":"substation"}},{"type":"Feature","geometry":{"type":"Point","coordinates":[-122.21379,47.466]},"properties":{"probability":0.542,"inBuffer":false,"facType":"substation"}},{"type":"Feature","geometry":{"type":"Point","coordinates":[-122.20716,47.46595]},"properties":{"probability":0.378,"inBuffer":false,"facType":"substation"}},{"type":"Feature","geometry":{"type":"Point","coordinates":[-122.20052,47.4659]},"properties":{"probability":0.365,"inBuffer":false,"facType":"substation"}},{"type":"Feature","geometry":{"type":"Point","coordinates":[-122.19389,47.46585]},"properties":{"probability":0.297,"inBuffer":false,"facType":"substation"}},{"type":"Feature","geometry":{"type":"Point","coordinates":[-122.18726,47.46581]},"properties":{"probability":0.213,"inBuffer":false,"facType":"substation"}},{"type":"Feature","geometry":{"type":"Point","coordinates":[-122.18063,47.46576]},"properties":{"probability":0.215,"inBuffer":false,"facType":"substation"}},{"type":"Feature","geometry":{"type":"Point","coordinates":[-122.17399,47.46571]},"properties":{"probability":0.191,"inBuffer":false,"facType":"substation"}},{"type":"Feature","geometry":{"type":"Point","coordinates":[-122.16736,47.46567]},"properties":{"probability":0.178,"inBuffer":false,"facType":"substation"}},{"type":"Feature","geometry":{"type":"Point","coordinates":[-122.16072,47.46562]},"properties":{"probability":0.175,"inBuffer":false,"facType":"government"}},{"type":"Feature","geometry":{"type":"Point","coordinates":[-122.15409,47.46557]},"properties":{"probability":0.185,"inBuffer":false,"facType":"government"}},{"type":"Feature","geometry":{"type":"Point","coordinates":[-122.36643,47.46244]},"properties":{"probability":0.185,"inBuffer":false,"facType":"government"}},{"type":"Feature","geometry":{"type":"Point","coordinates":[-122.3598,47.4624]},"properties":{"probability":0.191,"inBuffer":false,"facType":"government"}},{"type":"Feature","geometry":{"type":"Point","coordinates":[-122.35316,47.46236]},"properties":{"probability":0.335,"inBuffer":false,"facType":"government"}},{"type":"Feature","geometry":{"type":"Point","coordinates":[-122.34653,47.46233]},"properties":{"probability":0.388,"inBuffer":false,"facType":"government"}},{"type":"Feature","geometry":{"type":"Point","coordinates":[-122.3399,47.46229]},"properties":{"probability":0.665,"inBuffer":false,"facType":"government"}},{"type":"Feature","geometry":{"type":"Point","coordinates":[-122.33327,47.46225]},"properties":{"probability":0.673,"inBuffer":false,"facType":"government"}},{"type":"Feature","geometry":{"type":"Point","coordinates":[-122.32663,47.46221]},"properties":{"probability":0.533,"inBuffer":false,"facType":"government"}},{"type":"Feature","geometry":{"type":"Point","coordinates":[-122.32,47.46217]},"properties":{"probability":0.333,"inBuffer":false,"facType":"government"}},{"type":"Feature","geometry":{"type":"Point","coordinates":[-122.31336,47.46214]},"properties":{"probability":0.182,"inBuffer":false,"facType":"government"}},{"type":"Feature","geometry":{"type":"Point","coordinates":[-122.30673,47.46209]},"properties":{"probability":0.703,"inBuffer":false,"facType":"government"}},{"type":"Feature","geometry":{"type":"Point","coordinates":[-122.30009,47.46206]},"properties":{"probability":0.741,"inBuffer":false,"facType":"government"}},{"type":"Feature","geometry":{"type":"Point","coordinates":[-122.29346,47.46201]},"properties":{"probability":0.743,"inBuffer":false,"facType":"government"}},{"type":"Feature","geometry":{"type":"Point","coordinates":[-122.28683,47.46197]},"properties":{"probability":0.656,"inBuffer":false,"facType":"government"}},{"type":"Feature","geometry":{"type":"Point","coordinates":[-122.2802,47.46193]},"properties":{"probability":0.555,"inBuffer":false,"facType":"government"}},{"type":"Feature","geometry":{"type":"Point","coordinates":[-122.27356,47.46189]},"properties":{"probability":0.385,"inBuffer":false,"facType":"government"}},{"type":"Feature","geometry":{"type":"Point","coordinates":[-122.26693,47.46185]},"properties":{"probability":0.536,"inBuffer":false,"facType":"government"}},{"type":"Feature","geometry":{"type":"Point","coordinates":[-122.26029,47.4618]},"properties":{"probability":0.676,"inBuffer":false,"facType":"government"}},{"type":"Feature","geometry":{"type":"Point","coordinates":[-122.25366,47.46176]},"properties":{"probability":0.708,"inBuffer":false,"facType":"government"}},{"type":"Feature","geometry":{"type":"Point","coordinates":[-122.24702,47.46172]},"properties":{"probability":0.709,"inBuffer":false,"facType":"government"}},{"type":"Feature","geometry":{"type":"Point","coordinates":[-122.24039,47.46167]},"properties":{"probability":0.655,"inBuffer":false,"facType":"substation"}},{"type":"Feature","geometry":{"type":"Point","coordinates":[-122.23376,47.46163]},"properties":{"probability":0.627,"inBuffer":false,"facType":"substation"}},{"type":"Feature","geometry":{"type":"Point","coordinates":[-122.22713,47.46159]},"properties":{"probability":0.595,"inBuffer":false,"facType":"substation"}},{"type":"Feature","geometry":{"type":"Point","coordinates":[-122.2205,47.46154]},"properties":{"probability":0.434,"inBuffer":false,"facType":"substation"}},{"type":"Feature","geometry":{"type":"Point","coordinates":[-122.21386,47.46149]},"properties":{"probability":0.373,"inBuffer":false,"facType":"substation"}},{"type":"Feature","geometry":{"type":"Point","coordinates":[-122.20723,47.46145]},"properties":{"probability":0.372,"inBuffer":false,"facType":"substation"}},{"type":"Feature","geometry":{"type":"Point","coordinates":[-122.20059,47.4614]},"properties":{"probability":0.403,"inBuffer":false,"facType":"substation"}},{"type":"Feature","geometry":{"type":"Point","coordinates":[-122.19396,47.46136]},"properties":{"probability":0.32,"inBuffer":false,"facType":"substation"}},{"type":"Feature","geometry":{"type":"Point","coordinates":[-122.18732,47.46131]},"properties":{"probability":0.214,"inBuffer":false,"facType":"substation"}},{"type":"Feature","geometry":{"type":"Point","coordinates":[-122.18069,47.46126]},"properties":{"probability":0.214,"inBuffer":false,"facType":"substation"}},{"type":"Feature","geometry":{"type":"Point","coordinates":[-122.17406,47.46122]},"properties":{"probability":0.214,"inBuffer":false,"facType":"substation"}},{"type":"Feature","geometry":{"type":"Point","coordinates":[-122.16743,47.46117]},"properties":{"probability":0.195,"inBuffer":false,"facType":"substation"}},{"type":"Feature","geometry":{"type":"Point","coordinates":[-122.16079,47.46112]},"properties":{"probability":0.182,"inBuffer":false,"facType":"substation"}},{"type":"Feature","geometry":{"type":"Point","coordinates":[-122.15416,47.46107]},"properties":{"probability":0.186,"inBuffer":false,"facType":"government"}}]}