{"type":"FeatureCollection","features":[{"type":"Feature","geometry":{"type":"Point","coordinates":[-81.92411,26.75857]},"properties":{"probability":0.211,"inBuffer":false,"facType":"fire"}},{"type":"Feature","geometry":{"type":"Point","coordinates":[-81.91962,26.75857]},"properties":{"probability":0.256,"inBuffer":false,"facType":"fire"}},{"type":"Feature","geometry":{"type":"Point","coordinates":[-81.91512,26.75857]},"properties":{"probability":0.218,"inBuffer":false,"facType":"fire"}},{"type":"Feature","geometry":{"type":"Point","coordinates":[-81.91064,26.75857]},"properties":{"probability":0.228,"inBuffer":false,"facType":"fire"}},{"type":"Feature","geometry":{"type":"Point","coordinates":[-81.90614,26.75857]},"properties":{"probability":0.205,"inBuffer":false,"facType":"fire"}},{"type":"Feature","geometry":{"type":"Point","coordinates":[-81.90165,26.75857]},"properties":{"probability":0.234,"inBuffer":false,"facType":"fire"}},{"type":"Feature","geometry":{"type":"Point","coordinates":[-81.89716,26.75857]},"properties":{"probability":0.211,"inBuffer":false,"facType":"airport"}},{"type":"Feature","geometry":{"type":"Point","coordinates":[-81.89267,26.75857]},"properties":{"probability":0.21,"inBuffer":false,"facType":"airport"}},{"type":"Feature","geometry":{"type":"Point","coordinates":[-81.93309,26.75407]},"properties":{"probability":0.222,"inBuffer":false,"facType":"fire"}},{"type":"Feature","geometry":{"type":"Point","coordinates":[-81.9286,26.75407]},"properties":{"probability":0.222,"inBuffer":false,"facType":"fire"}},{"type":"Feature","geometry":{"type":"Point","coordinates":[-81.92411,26.75407]},"properties":{"probability":0.206,"inBuffer":false,"facType":"fire"}},{"type":"Feature","geometry":{"type":"Point","coordinates":[-81.91962,26.75407]},"properties":{"probability":0.212,"inBuffer":false,"facType":"fire"}},{"type":"Feature","geometry":{"type":"Point","coordinates":[-81.91512,26.75407]},"properties":{"probability":0.213,"inBuffer":false,"facType":"fire"}},{"type":"Feature","geometry":{"type":"Point","coordinates":[-81.93758,26.74958]},"properties":{"probability":0.22,"inBuffer":false,"facType":"fire"}},{"type":"Feature","geometry":{"type":"Point","coordinates":[-81.93309,26.74958]},"properties":{"probability":0.247,"inBuffer":false,"facType":"fire"}},{"type":"Feature","geometry":{"type":"Point","coordinates":[-81.9286,26.74958]},"properties":{"probability":0.225,"inBuffer":false,"facType":"fire"}},{"type":"Feature","geometry":{"type":"Point","coordinates":[-81.92411,26.74958]},"properties":{"probability":0.251,"inBuffer":false,"facType":"fire"}},{"type":"Feature","geometry":{"type":"Point","coordinates":[-81.91962,26.74958]},"properties":{"probability":0.262,"inBuffer":false,"facType":"fire"}},{"type":"Feature","geometry":{"type":"Point","coordinates":[-81.91512,26.74958]},"properties":{"probability":0.254,"inBuffer":false,"facType":"fire"}},{"type":"Feature","geometry":{"type":"Point","coordinates":[-81.91064,26.74958]},"properties":{"probability":0.242,"inBuffer":false,"facType":"fire"}},{"type":"Feature","geometry":{"type":"Point","coordinates":[-81.90614,26.74958]},"properties":{"probability":0.225,"inBuffer":false,"facType":"fire"}},{"type":"Feature","geometry":{"type":"Point","coordinates":[-81.94208,26.74509]},"properties":{"probability":0.25,"inBuffer":false,"facType":"fire"}},{"type":"Feature","geometry":{"type":"Point","coordinates":[-81.93758,26.74509]},"properties":{"probability":0.203,"inBuffer":false,"facType":"fire"}},{"type":"Feature","geometry":{"type":"Point","coordinates":[-81.93309,26.74509]},"properties":{"probability":0.248,"inBuffer":false,"facType":"fire"}},{"type":"Feature","geometry":{"type":"Point","coordinates":[-81.9286,26.74509]},"properties":{"probability":0.255,"inBuffer":false,"facType":"fire"}},{"type":"Feature","geometry":{"type":"Point","coordinates":[-81.92411,26.74509]},"properties":{"probability":0.262,"inBuffer":false,"facType":"fire"}},{"type":"Feature","geometry":{"type":"Point","coordinates":[-81.91962,26.74509]},"properties":{"probability":0.368,"inBuffer":false,"facType":"fire"}},{"type":"Feature","geometry":{"type":"Point","coordinates":[-81.91512,26.74509]},"properties":{"probability":0.338,"inBuffer":false,"facType":"fire"}},{"type":"Feature","geometry":{"type":"Point","coordinates":[-81.91064,26.74509]},"properties":{"probability":0.268,"inBuffer":false,"facType":"fire"}},{"type":"Feature","geometry":{"type":"Point","coordinates":[-81.90614,26.74509]},"properties":{"probability":0.192,"inBuffer":false,"facType":"fire"}},{"type":"Feature","geometry":{"type":"Point","coordinates":[-81.90165,26.74509]},"properties":{"probability":0.195,"inBuffer":false,"facType":"airport"}},{"type":"Feature","geometry":{"type":"Point","coordinates":[-81.94208,26.7406]},"properties":{"probability":0.204,"inBuffer":false,"facType":"fire"}},{"type":"Feature","geometry":{"type":"Point","coordinates":[-81.93758,26.7406]},"properties":{"probability":0.243,"inBuffer":false,"facType":"fire"}},{"type":"Feature","geometry":{"type":"Point","coordinates":[-81.93309,26.7406]},"properties":{"probability":0.228,"inBuffer":false,"facType":"fire"}},{"type":"Feature","geometry":{"type":"Point","coordinates":[-81.9286,26.7406]},"properties":{"probability":0.225,"inBuffer":false,"facType":"fire"}},{"type":"Feature","geometry":{"type":"Point","coordinates":[-81.92411,26.7406]},"properties":{"probability":0.237,"inBuffer":false,"facType":"fire"}},{"type":"Feature","geometry":{"type":"Point","coordinates":[-81.91962,26.7406]},"properties":{"probability":0.338,"inBuffer":false,"facType":"fire"}},{"type":"Feature","geometry":{"type":"Point","coordinates":[-81.91512,26.7406]},"properties":{"probability":0.357,"inBuffer":false,"facType":"fire"}},{"type":"Feature","geometry":{"type":"Point","coordinates":[-81.91064,26.7406]},"properties":{"probability":0.337,"inBuffer":true,"facType":"fire"}},{"type":"Feature","geometry":{"type":"Point","coordinates":[-81.90614,26.7406]},"properties":{"probability":0.253,"inBuffer":true,"facType":"fire"}},{"type":"Feature","geometry":{"type":"Point","coordinates":[-81.90165,26.7406]},"properties":{"probability":0.219,"inBuffer":true,"facType":"airport"}},{"type":"Feature","geometry":{"type":"Point","coordinates":[-81.79835,26.7406]},"properties":{"probability":0.184,"inBuffer":false,"facType":"water_works"}},{"type":"Feature","geometry":{"type":"Point","coordinates":[-81.76691,26.7406]},"properties":{"probability":0.215,"inBuffer":false,"facType":"substation"}},{"type":"Feature","geometry":{"type":"Point","coordinates":[-81.76241,26.7406]},"properties":{"probability":0.238,"inBuffer":false,"facType":"substation"}},{"type":"Feature","geometry":{"type":"Point","coordinates":[-81.94208,26.73611]},"properties":{"probability":0.215,"inBuffer":false,"facType":"fire"}},{"type":"Feature","geometry":{"type":"Point","coordinates":[-81.93758,26.73611]},"properties":{"probability":0.22,"inBuffer":false,"facType":"fire"}},{"type":"Feature","geometry":{"type":"Point","coordinates":[-81.93309,26.73611]},"properties":{"probability":0.183,"inBuffer":false,"facType":"fire"}},{"type":"Feature","geometry":{"type":"Point","coordinates":[-81.9286,26.73611]},"properties":{"probability":0.221,"inBuffer":false,"facType":"fire"}},{"type":"Feature","geometry":{"type":"Point","coordinates":[-81.92411,26.73611]},"properties":{"probability":0.229,"inBuffer":false,"facType":"fire"}},{"type":"Feature","geometry":{"type":"Point","coordinates":[-81.91962,26.73611]},"properties":{"probability":0.292,"inBuffer":false,"facType":"fire"}},{"type":"Feature","geometry":{"type":"Point","coordinates":[-81.91512,26.73611]},"properties":{"probability":0.394,"inBuffer":true,"facType":"fire"}},{"type":"Feature","geometry":{"type":"Point","coordinates":[-81.91064,26.73611]},"properties":{"probability":0.323,"inBuffer":true,"facType":"fire"}},{"type":"Feature","geometry":{"type":"Point","coordinates":[-81.90614,26.73611]},"properties":{"probability":0.277,"inBuffer":true,"facType":"fire"}},{"type":"Feature","geometry":{"type":"Point","coordinates":[-81.79385,26.73611]},"properties":{"probability":0.224,"inBuffer":false,"facType":"water_works"}},{"type":"Feature","geometry":{"type":"Point","coordinates":[-81.95555,26.73162]},"properties":{"probability":0.248,"inBuffer":false,"facType":"fire"}},{"type":"Feature","geometry":{"type":"Point","coordinates":[-81.95106,26.73162]},"properties":{"probability":0.241,"inBuffer":false,"facType":"fire"}},{"type":"Feature","geometry":{"type":"Point","coordinates":[-81.94656,26.73162]},"properties":{"probability":0.222,"inBuffer":false,"facType":"fire"}},{"type":"Feature","geometry":{"type":"Point","coordinates":[-81.93309,26.73162]},"properties":{"probability":0.204,"inBuffer":false,"facType":"fire"}},{"type":"Feature","geometry":{"type":"Point","coordinates":[-81.9286,26.73162]},"properties":{"probability":0.212,"inBuffer":false,"facType":"fire"}},{"type":"Feature","geometry":{"type":"Point","coordinates":[-81.92411,26.73162]},"properties":{"probability":0.234,"inBuffer":false,"facType":"fire"}},{"type":"Feature","geometry":{"type":"Point","coordinates":[-81.91962,26.73162]},"properties":{"probability":0.248,"inBuffer":false,"facType":"fire"}},{"type":"Feature","geometry":{"type":"Point","coordinates":[-81.91512,26.73162]},"properties":{"probability":0.303,"inBuffer":true,"facType":"fire"}},{"type":"Feature","geometry":{"type":"Point","coordinates":[-81.91064,26.73162]},"properties":{"probability":0.259,"inBuffer":true,"facType":"fire"}},{"type":"Feature","geometry":{"type":"Point","coordinates":[-81.90614,26.73162]},"properties":{"probability":0.248,"inBuffer":true,"facType":"fire"}},{"type":"Feature","geometry":{"type":"Point","coordinates":[-81.90165,26.73162]},"properties":{"probability":0.215,"inBuffer":true,"facType":"airport"}},{"type":"Feature","geometry":{"type":"Point","coordinates":[-81.89716,26.73162]},"properties":{"probability":0.209,"inBuffer":true,"facType":"airport"}},{"type":"Feature","geometry":{"type":"Point","coordinates":[-81.89267,26.73162]},"properties":{"probability":0.259,"inBuffer":true,"facType":"airport"}},{"type":"Feature","geometry":{"type":"Point","coordinates":[-81.88368,26.73162]},"properties":{"probability":0.281,"inBuffer":false,"facType":"airport"}},{"type":"Feature","geometry":{"type":"Point","coordinates":[-81.8792,26.73162]},"properties":{"probability":0.289,"inBuffer":false,"facType":"airport"}},{"type":"Feature","geometry":{"type":"Point","coordinates":[-81.79385,26.73162]},"properties":{"probability":0.212,"inBuffer":false,"facType":"water_works"}},{"type":"Feature","geometry":{"type":"Point","coordinates":[-81.78936,26.73162]},"properties":{"probability":0.219,"inBuffer":false,"facType":"water_works"}},{"type":"Feature","geometry":{"type":"Point","coordinates":[-81.95555,26.72713]},"properties":{"probability":0.215,"inBuffer":true,"facType":"fire"}},{"type":"Feature","geometry":{"type":"Point","coordinates":[-81.95106,26.72713]},"properties":{"probability":0.233,"inBuffer":true,"facType":"fire"}},{"type":"Feature","geometry":{"type":"Point","coordinates":[-81.94656,26.72713]},"properties":{"probability":0.227,"inBuffer":true,"facType":"fire"}},{"type":"Feature","geometry":{"type":"Point","coordinates":[-81.94208,26.72713]},"properties":{"probability":0.237,"inBuffer":true,"facType":"fire"}},{"type":"Feature","geometry":{"type":"Point","coordinates":[-81.93758,26.72713]},"properties":{"probability":0.225,"inBuffer":false,"facType":"fire"}},{"type":"Feature","geometry":{"type":"Point","coordinates":[-81.93309,26.72713]},"properties":{"probability":0.236,"inBuffer":false,"facType":"fire"}},{"type":"Feature","geometry":{"type":"Point","coordinates":[-81.9286,26.72713]},"properties":{"probability":0.258,"inBuffer":false,"facType":"fire"}},{"type":"Feature","geometry":{"type":"Point","coordinates":[-81.92411,26.72713]},"properties":{"probability":0.245,"inBuffer":false,"facType":"fire"}},{"type":"Feature","geometry":{"type":"Point","coordinates":[-81.91962,26.72713]},"properties":{"probability":0.244,"inBuffer":false,"facType":"fire"}},{"type":"Feature","geometry":{"type":"Point","coordinates":[-81.91512,26.72713]},"properties":{"probability":0.316,"inBuffer":false,"facType":"fire"}},{"type":"Feature","geometry":{"type":"Point","coordinates":[-81.91064,26.72713]},"properties":{"probability":0.426,"inBuffer":true,"facType":"fire"}},{"type":"Feature","geometry":{"type":"Point","coordinates":[-81.90614,26.72713]},"properties":{"probability":0.4,"inBuffer":true,"facType":"airport"}},{"type":"Feature","geometry":{"type":"Point","coordinates":[-81.90165,26.72713]},"properties":{"probability":0.36,"inBuffer":true,"facType":"airport"}},{"type":"Feature","geometry":{"type":"Point","coordinates":[-81.89716,26.72713]},"properties":{"probability":0.288,"inBuffer":true,"facType":"airport"}},{"type":"Feature","geometry":{"type":"Point","coordinates":[-81.89267,26.72713]},"properties":{"probability":0.251,"inBuffer":true,"facType":"airport"}},{"type":"Feature","geometry":{"type":"Point","coordinates":[-81.88818,26.72713]},"properties":{"probability":0.245,"inBuffer":false,"facType":"airport"}},{"type":"Feature","geometry":{"type":"Point","coordinates":[-81.88368,26.72713]},"properties":{"probability":0.305,"inBuffer":false,"facType":"airport"}},{"type":"Feature","geometry":{"type":"Point","coordinates":[-81.8792,26.72713]},"properties":{"probability":0.325,"inBuffer":false,"facType":"airport"}},{"type":"Feature","geometry":{"type":"Point","coordinates":[-81.82979,26.72713]},"properties":{"probability":0.246,"inBuffer":false,"facType":"fire"}},{"type":"Feature","geometry":{"type":"Point","coordinates":[-81.82529,26.72713]},"properties":{"probability":0.205,"inBuffer":false,"facType":"fire"}},{"type":"Feature","geometry":{"type":"Point","coordinates":[-81.95555,26.72263]},"properties":{"probability":0.226,"inBuffer":true,"facType":"fire"}},{"type":"Feature","geometry":{"type":"Point","coordinates":[-81.95106,26.72263]},"properties":{"probability":0.213,"inBuffer":true,"facType":"fire"}},{"type":"Feature","geometry":{"type":"Point","coordinates":[-81.94656,26.72263]},"properties":{"probability":0.211,"inBuffer":true,"facType":"fire"}},{"type":"Feature","geometry":{"type":"Point","coordinates":[-81.94208,26.72263]},"properties":{"probability":0.196,"inBuffer":true,"facType":"fire"}},{"type":"Feature","geometry":{"type":"Point","coordinates":[-81.93758,26.72263]},"properties":{"probability":0.217,"inBuffer":false,"facType":"fire"}},{"type":"Feature","geometry":{"type":"Point","coordinates":[-81.93309,26.72263]},"properties":{"probability":0.222,"inBuffer":false,"facType":"fire"}},{"type":"Feature","geometry":{"type":"Point","coordinates":[-81.9286,26.72263]},"properties":{"probability":0.247,"inBuffer":false,"facType":"fire"}},{"type":"Feature","geometry":{"type":"Point","coordinates":[-81.92411,26.72263]},"properties":{"probability":0.264,"inBuffer":false,"facType":"fire"}},{"type":"Feature","geometry":{"type":"Point","coordinates":[-81.91962,26.72263]},"properties":{"probability":0.352,"inBuffer":false,"facType":"fire"}},{"type":"Feature","geometry":{"type":"Point","coordinates":[-81.91512,26.72263]},"properties":{"probability":0.394,"inBuffer":false,"facType":"fire"}},{"type":"Feature","geometry":{"type":"Point","coordinates":[-81.91064,26.72263]},"properties":{"probability":0.497,"inBuffer":false,"facType":"fire"}},{"type":"Feature","geometry":{"type":"Point","coordinates":[-81.90614,26.72263]},"properties":{"probability":0.506,"inBuffer":false,"facType":"airport"}},{"type":"Feature","geometry":{"type":"Point","coordinates":[-81.90165,26.72263]},"properties":{"probability":0.406,"inBuffer":true,"facType":"airport"}},{"type":"Feature","geometry":{"type":"Point","coordinates":[-81.89716,26.72263]},"properties":{"probability":0.318,"inBuffer":false,"facType":"airport"}},{"type":"Feature","geometry":{"type":"Point","coordinates":[-81.89267,26.72263]},"properties":{"probability":0.267,"inBuffer":false,"facType":"airport"}},{"type":"Feature","geometry":{"type":"Point","coordinates":[-81.88818,26.72263]},"properties":{"probability":0.238,"inBuffer":false,"facType":"airport"}},{"type":"Feature","geometry":{"type":"Point","coordinates":[-81.88368,26.72263]},"properties":{"probability":0.249,"inBuffer":false,"facType":"airport"}},{"type":"Feature","geometry":{"type":"Point","coordinates":[-81.8792,26.72263]},"properties":{"probability":0.225,"inBuffer":false,"facType":"airport"}},{"type":"Feature","geometry":{"type":"Point","coordinates":[-81.8747,26.72263]},"properties":{"probability":0.23,"inBuffer":false,"facType":"substation"}},{"type":"Feature","geometry":{"type":"Point","coordinates":[-81.87021,26.72263]},"properties":{"probability":0.247,"inBuffer":false,"facType":"substation"}},{"type":"Feature","geometry":{"type":"Point","coordinates":[-81.86572,26.72263]},"properties":{"probability":0.215,"inBuffer":false,"facType":"substation"}},{"type":"Feature","geometry":{"type":"Point","coordinates":[-81.83427,26.72263]},"properties":{"probability":0.255,"inBuffer":false,"facType":"substation"}},{"type":"Feature","geometry":{"type":"Point","coordinates":[-81.82979,26.72263]},"properties":{"probability":0.376,"inBuffer":false,"facType":"substation"}},{"type":"Feature","geometry":{"type":"Point","coordinates":[-81.82529,26.72263]},"properties":{"probability":0.365,"inBuffer":false,"facType":"fire"}},{"type":"Feature","geometry":{"type":"Point","coordinates":[-81.8208,26.72263]},"properties":{"probability":0.208,"inBuffer":false,"facType":"fire"}},{"type":"Feature","geometry":{"type":"Point","coordinates":[-81.81631,26.72263]},"properties":{"probability":0.212,"inBuffer":false,"facType":"fire"}},{"type":"Feature","geometry":{"type":"Point","coordinates":[-81.78038,26.72263]},"properties":{"probability":0.2,"inBuffer":true,"facType":"substation"}},{"type":"Feature","geometry":{"type":"Point","coordinates":[-81.76691,26.72263]},"properties":{"probability":0.306,"inBuffer":false,"facType":"substation"}},{"type":"Feature","geometry":{"type":"Point","coordinates":[-81.95555,26.71814]},"properties":{"probability":0.245,"inBuffer":false,"facType":"fire"}},{"type":"Feature","geometry":{"type":"Point","coordinates":[-81.95106,26.71814]},"properties":{"probability":0.239,"inBuffer":false,"facType":"fire"}},{"type":"Feature","geometry":{"type":"Point","coordinates":[-81.94656,26.71814]},"properties":{"probability":0.209,"inBuffer":false,"facType":"fire"}},{"type":"Feature","geometry":{"type":"Point","coordinates":[-81.94208,26.71814]},"properties":{"probability":0.22,"inBuffer":false,"facType":"fire"}},{"type":"Feature","geometry":{"type":"Point","coordinates":[-81.93758,26.71814]},"properties":{"probability":0.231,"inBuffer":false,"facType":"fire"}},{"type":"Feature","geometry":{"type":"Point","coordinates":[-81.93309,26.71814]},"properties":{"probability":0.212,"inBuffer":false,"facType":"fire"}},{"type":"Feature","geometry":{"type":"Point","coordinates":[-81.9286,26.71814]},"properties":{"probability":0.238,"inBuffer":false,"facType":"fire"}},{"type":"Feature","geometry":{"type":"Point","coordinates":[-81.92411,26.71814]},"properties":{"probability":0.276,"inBuffer":false,"facType":"substation"}},{"type":"Feature","geometry":{"type":"Point","coordinates":[-81.91962,26.71814]},"properties":{"probability":0.349,"inBuffer":false,"facType":"fire"}},{"type":"Feature","geometry":{"type":"Point","coordinates":[-81.91512,26.71814]},"properties":{"probability":0.387,"inBuffer":false,"facType":"fire"}},{"type":"Feature","geometry":{"type":"Point","coordinates":[-81.91064,26.71814]},"properties":{"probability":0.381,"inBuffer":false,"facType":"fire"}},{"type":"Feature","geometry":{"type":"Point","coordinates":[-81.90614,26.71814]},"properties":{"probability":0.388,"inBuffer":false,"facType":"airport"}},{"type":"Feature","geometry":{"type":"Point","coordinates":[-81.90165,26.71814]},"properties":{"probability":0.35,"inBuffer":false,"facType":"airport"}},{"type":"Feature","geometry":{"type":"Point","coordinates":[-81.89716,26.71814]},"properties":{"probability":0.313,"inBuffer":false,"facType":"airport"}},{"type":"Feature","geometry":{"type":"Point","coordinates":[-81.89267,26.71814]},"properties":{"probability":0.258,"inBuffer":false,"facType":"airport"}},{"type":"Feature","geometry":{"type":"Point","coordinates":[-81.88818,26.71814]},"properties":{"probability":0.212,"inBuffer":false,"facType":"airport"}},{"type":"Feature","geometry":{"type":"Point","coordinates":[-81.8792,26.71814]},"properties":{"probability":0.2,"inBuffer":false,"facType":"substation"}},{"type":"Feature","geometry":{"type":"Point","coordinates":[-81.8747,26.71814]},"properties":{"probability":0.232,"inBuffer":false,"facType":"substation"}},{"type":"Feature","geometry":{"type":"Point","coordinates":[-81.87021,26.71814]},"properties":{"probability":0.233,"inBuffer":false,"facType":"substation"}},{"type":"Feature","geometry":{"type":"Point","coordinates":[-81.86572,26.71814]},"properties":{"probability":0.223,"inBuffer":false,"facType":"substation"}},{"type":"Feature","geometry":{"type":"Point","coordinates":[-81.86123,26.71814]},"properties":{"probability":0.224,"inBuffer":false,"facType":"substation"}},{"type":"Feature","geometry":{"type":"Point","coordinates":[-81.85674,26.71814]},"properties":{"probability":0.213,"inBuffer":false,"facType":"substation"}},{"type":"Feature","geometry":{"type":"Point","coordinates":[-81.83427,26.71814]},"properties":{"probability":0.235,"inBuffer":false,"facType":"substation"}},{"type":"Feature","geometry":{"type":"Point","coordinates":[-81.82979,26.71814]},"properties":{"probability":0.487,"inBuffer":false,"facType":"substation"}},{"type":"Feature","geometry":{"type":"Point","coordinates":[-81.82529,26.71814]},"properties":{"probability":0.48,"inBuffer":false,"facType":"fire"}},{"type":"Feature","geometry":{"type":"Point","coordinates":[-81.8208,26.71814]},"properties":{"probability":0.316,"inBuffer":false,"facType":"fire"}},{"type":"Feature","geometry":{"type":"Point","coordinates":[-81.81631,26.71814]},"properties":{"probability":0.381,"inBuffer":false,"facType":"fire"}},{"type":"Feature","geometry":{"type":"Point","coordinates":[-81.81182,26.71814]},"properties":{"probability":0.314,"inBuffer":false,"facType":"fire"}},{"type":"Feature","geometry":{"type":"Point","coordinates":[-81.80733,26.71814]},"properties":{"probability":0.237,"inBuffer":true,"facType":"fire"}},{"type":"Feature","geometry":{"type":"Point","coordinates":[-81.80283,26.71814]},"properties":{"probability":0.218,"inBuffer":true,"facType":"fire"}},{"type":"Feature","geometry":{"type":"Point","coordinates":[-81.78038,26.71814]},"properties":{"probability":0.219,"inBuffer":true,"facType":"substation"}},{"type":"Feature","geometry":{"type":"Point","coordinates":[-81.77589,26.71814]},"properties":{"probability":0.238,"inBuffer":true,"facType":"police"}},{"type":"Feature","geometry":{"type":"Point","coordinates":[-81.76691,26.71814]},"properties":{"probability":0.305,"inBuffer":false,"facType":"police"}},{"type":"Feature","geometry":{"type":"Point","coordinates":[-81.73546,26.71814]},"properties":{"probability":0.222,"inBuffer":false,"facType":"fire"}},{"type":"Feature","geometry":{"type":"Point","coordinates":[-81.978,26.71365]},"properties":{"probability":0.237,"inBuffer":false,"facType":"airport"}},{"type":"Feature","geometry":{"type":"Point","coordinates":[-81.97352,26.71365]},"properties":{"probability":0.21,"inBuffer":false,"facType":"airport"}},{"type":"Feature","geometry":{"type":"Point","coordinates":[-81.95555,26.71365]},"properties":{"probability":0.215,"inBuffer":false,"facType":"fire"}},{"type":"Feature","geometry":{"type":"Point","coordinates":[-81.95106,26.71365]},"properties":{"probability":0.213,"inBuffer":false,"facType":"fire"}},{"type":"Feature","geometry":{"type":"Point","coordinates":[-81.94656,26.71365]},"properties":{"probability":0.239,"inBuffer":false,"facType":"fire"}},{"type":"Feature","geometry":{"type":"Point","coordinates":[-81.94208,26.71365]},"properties":{"probability":0.243,"inBuffer":false,"facType":"fire"}},{"type":"Feature","geometry":{"type":"Point","coordinates":[-81.93758,26.71365]},"properties":{"probability":0.225,"inBuffer":false,"facType":"fire"}},{"type":"Feature","geometry":{"type":"Point","coordinates":[-81.9286,26.71365]},"properties":{"probability":0.219,"inBuffer":false,"facType":"substation"}},{"type":"Feature","geometry":{"type":"Point","coordinates":[-81.92411,26.71365]},"properties":{"probability":0.259,"inBuffer":false,"facType":"substation"}},{"type":"Feature","geometry":{"type":"Point","coordinates":[-81.91962,26.71365]},"properties":{"probability":0.294,"inBuffer":false,"facType":"substation"}},{"type":"Feature","geometry":{"type":"Point","coordinates":[-81.91512,26.71365]},"properties":{"probability":0.295,"inBuffer":false,"facType":"substation"}},{"type":"Feature","geometry":{"type":"Point","coordinates":[-81.91064,26.71365]},"properties":{"probability":0.257,"inBuffer":false,"facType":"substation"}},{"type":"Feature","geometry":{"type":"Point","coordinates":[-81.90614,26.71365]},"properties":{"probability":0.399,"inBuffer":false,"facType":"substation"}},{"type":"Feature","geometry":{"type":"Point","coordinates":[-81.90165,26.71365]},"properties":{"probability":0.399,"inBuffer":false,"facType":"airport"}},{"type":"Feature","geometry":{"type":"Point","coordinates":[-81.89716,26.71365]},"properties":{"probability":0.399,"inBuffer":false,"facType":"airport"}},{"type":"Feature","geometry":{"type":"Point","coordinates":[-81.89267,26.71365]},"properties":{"probability":0.301,"inBuffer":false,"facType":"airport"}},{"type":"Feature","geometry":{"type":"Point","coordinates":[-81.88818,26.71365]},"properties":{"probability":0.23,"inBuffer":false,"facType":"airport"}},{"type":"Feature","geometry":{"type":"Point","coordinates":[-81.88368,26.71365]},"properties":{"probability":0.208,"inBuffer":false,"facType":"airport"}},{"type":"Feature","geometry":{"type":"Point","coordinates":[-81.8747,26.71365]},"properties":{"probability":0.243,"inBuffer":false,"facType":"substation"}},{"type":"Feature","geometry":{"type":"Point","coordinates":[-81.87021,26.71365]},"properties":{"probability":0.233,"inBuffer":false,"facType":"substation"}},{"type":"Feature","geometry":{"type":"Point","coordinates":[-81.86572,26.71365]},"properties":{"probability":0.227,"inBuffer":false,"facType":"substation"}},{"type":"Feature","geometry":{"type":"Point","coordinates":[-81.86123,26.71365]},"properties":{"probability":0.225,"inBuffer":false,"facType":"substation"}},{"type":"Feature","geometry":{"type":"Point","coordinates":[-81.85674,26.71365]},"properties":{"probability":0.243,"inBuffer":false,"facType":"substation"}},{"type":"Feature","geometry":{"type":"Point","coordinates":[-81.85224,26.71365]},"properties":{"probability":0.212,"inBuffer":false,"facType":"substation"}},{"type":"Feature","geometry":{"type":"Point","coordinates":[-81.84775,26.71365]},"properties":{"probability":0.207,"inBuffer":false,"facType":"substation"}},{"type":"Feature","geometry":{"type":"Point","coordinates":[-81.84326,26.71365]},"properties":{"probability":0.195,"inBuffer":false,"facType":"substation"}},{"type":"Feature","geometry":{"type":"Point","coordinates":[-81.83877,26.71365]},"properties":{"probability":0.212,"inBuffer":false,"facType":"substation"}},{"type":"Feature","geometry":{"type":"Point","coordinates":[-81.83427,26.71365]},"properties":{"probability":0.211,"inBuffer":false,"facType":"substation"}},{"type":"Feature","geometry":{"type":"Point","coordinates":[-81.82979,26.71365]},"properties":{"probability":0.403,"inBuffer":false,"facType":"substation"}},{"type":"Feature","geometry":{"type":"Point","coordinates":[-81.82529,26.71365]},"properties":{"probability":0.407,"inBuffer":false,"facType":"fire"}},{"type":"Feature","geometry":{"type":"Point","coordinates":[-81.8208,26.71365]},"properties":{"probability":0.39,"inBuffer":false,"facType":"fire"}},{"type":"Feature","geometry":{"type":"Point","coordinates":[-81.81631,26.71365]},"properties":{"probability":0.514,"inBuffer":false,"facType":"fire"}},{"type":"Feature","geometry":{"type":"Point","coordinates":[-81.81182,26.71365]},"properties":{"probability":0.443,"inBuffer":false,"facType":"fire"}},{"type":"Feature","geometry":{"type":"Point","coordinates":[-81.80733,26.71365]},"properties":{"probability":0.279,"inBuffer":true,"facType":"fire"}},{"type":"Feature","geometry":{"type":"Point","coordinates":[-81.80283,26.71365]},"properties":{"probability":0.228,"inBuffer":true,"facType":"fire"}},{"type":"Feature","geometry":{"type":"Point","coordinates":[-81.78487,26.71365]},"properties":{"probability":0.247,"inBuffer":false,"facType":"substation"}},{"type":"Feature","geometry":{"type":"Point","coordinates":[-81.78038,26.71365]},"properties":{"probability":0.257,"inBuffer":true,"facType":"substation"}},{"type":"Feature","geometry":{"type":"Point","coordinates":[-81.77589,26.71365]},"properties":{"probability":0.259,"inBuffer":true,"facType":"police"}},{"type":"Feature","geometry":{"type":"Point","coordinates":[-81.77139,26.71365]},"properties":{"probability":0.246,"inBuffer":false,"facType":"police"}},{"type":"Feature","geometry":{"type":"Point","coordinates":[-81.76241,26.71365]},"properties":{"probability":0.23,"inBuffer":false,"facType":"fire"}},{"type":"Feature","geometry":{"type":"Point","coordinates":[-81.75792,26.71365]},"properties":{"probability":0.242,"inBuffer":false,"facType":"fire"}},{"type":"Feature","geometry":{"type":"Point","coordinates":[-81.74894,26.71365]},"properties":{"probability":0.238,"inBuffer":false,"facType":"fire"}},{"type":"Feature","geometry":{"type":"Point","coordinates":[-81.74445,26.71365]},"properties":{"probability":0.216,"inBuffer":false,"facType":"fire"}},{"type":"Feature","geometry":{"type":"Point","coordinates":[-81.73995,26.71365]},"properties":{"probability":0.213,"inBuffer":false,"facType":"fire"}},{"type":"Feature","geometry":{"type":"Point","coordinates":[-81.73546,26.71365]},"properties":{"probability":0.224,"inBuffer":false,"facType":"fire"}},{"type":"Feature","geometry":{"type":"Point","coordinates":[-81.73097,26.71365]},"properties":{"probability":0.222,"inBuffer":false,"facType":"fire"}},{"type":"Feature","geometry":{"type":"Point","coordinates":[-81.72648,26.71365]},"properties":{"probability":0.207,"inBuffer":false,"facType":"fire"}},{"type":"Feature","geometry":{"type":"Point","coordinates":[-81.72198,26.71365]},"properties":{"probability":0.325,"inBuffer":false,"facType":"fire"}},{"type":"Feature","geometry":{"type":"Point","coordinates":[-81.99148,26.70916]},"properties":{"probability":0.228,"inBuffer":true,"facType":"airport"}},{"type":"Feature","geometry":{"type":"Point","coordinates":[-81.98699,26.70916]},"properties":{"probability":0.208,"inBuffer":true,"facType":"airport"}},{"type":"Feature","geometry":{"type":"Point","coordinates":[-81.9825,26.70916]},"properties":{"probability":0.199,"inBuffer":false,"facType":"airport"}},{"type":"Feature","geometry":{"type":"Point","coordinates":[-81.978,26.70916]},"properties":{"probability":0.242,"inBuffer":false,"facType":"airport"}},{"type":"Feature","geometry":{"type":"Point","coordinates":[-81.97352,26.70916]},"properties":{"probability":0.249,"inBuffer":false,"facType":"airport"}},{"type":"Feature","geometry":{"type":"Point","coordinates":[-81.96902,26.70916]},"properties":{"probability":0.213,"inBuffer":false,"facType":"fire"}},{"type":"Feature","geometry":{"type":"Point","coordinates":[-81.96453,26.70916]},"properties":{"probability":0.213,"inBuffer":false,"facType":"fire"}},{"type":"Feature","geometry":{"type":"Point","coordinates":[-81.96004,26.70916]},"properties":{"probability":0.214,"inBuffer":false,"facType":"fire"}},{"type":"Feature","geometry":{"type":"Point","coordinates":[-81.95555,26.70916]},"properties":{"probability":0.265,"inBuffer":false,"facType":"fire"}},{"type":"Feature","geometry":{"type":"Point","coordinates":[-81.95106,26.70916]},"properties":{"probability":0.383,"inBuffer":false,"facType":"fire"}},{"type":"Feature","geometry":{"type":"Point","coordinates":[-81.94656,26.70916]},"properties":{"probability":0.391,"inBuffer":false,"facType":"fire"}},{"type":"Feature","geometry":{"type":"Point","coordinates":[-81.94208,26.70916]},"properties":{"probability":0.251,"inBuffer":false,"facType":"fire"}},{"type":"Feature","geometry":{"type":"Point","coordinates":[-81.93758,26.70916]},"properties":{"probability":0.24,"inBuffer":false,"facType":"substation"}},{"type":"Feature","geometry":{"type":"Point","coordinates":[-81.92411,26.70916]},"properties":{"probability":0.215,"inBuffer":false,"facType":"substation"}},{"type":"Feature","geometry":{"type":"Point","coordinates":[-81.91962,26.70916]},"properties":{"probability":0.211,"inBuffer":false,"facType":"substation"}},{"type":"Feature","geometry":{"type":"Point","coordinates":[-81.91512,26.70916]},"properties":{"probability":0.212,"inBuffer":false,"facType":"substation"}},{"type":"Feature","geometry":{"type":"Point","coordinates":[-81.91064,26.70916]},"properties":{"probability":0.291,"inBuffer":false,"facType":"substation"}},{"type":"Feature","geometry":{"type":"Point","coordinates":[-81.90614,26.70916]},"properties":{"probability":0.506,"inBuffer":false,"facType":"substation"}},{"type":"Feature","geometry":{"type":"Point","coordinates":[-81.90165,26.70916]},"properties":{"probability":0.527,"inBuffer":false,"facType":"substation"}},{"type":"Feature","geometry":{"type":"Point","coordinates":[-81.89716,26.70916]},"properties":{"probability":0.5,"inBuffer":false,"facType":"substation"}},{"type":"Feature","geometry":{"type":"Point","coordinates":[-81.89267,26.70916]},"properties":{"probability":0.364,"inBuffer":false,"facType":"substation"}},{"type":"Feature","geometry":{"type":"Point","coordinates":[-81.88818,26.70916]},"properties":{"probability":0.253,"inBuffer":false,"facType":"airport"}},{"type":"Feature","geometry":{"type":"Point","coordinates":[-81.88368,26.70916]},"properties":{"probability":0.226,"inBuffer":false,"facType":"substation"}},{"type":"Feature","geometry":{"type":"Point","coordinates":[-81.8792,26.70916]},"properties":{"probability":0.221,"inBuffer":false,"facType":"substation"}},{"type":"Feature","geometry":{"type":"Point","coordinates":[-81.8747,26.70916]},"properties":{"probability":0.225,"inBuffer":false,"facType":"substation"}},{"type":"Feature","geometry":{"type":"Point","coordinates":[-81.87021,26.70916]},"properties":{"probability":0.23,"inBuffer":false,"facType":"substation"}},{"type":"Feature","geometry":{"type":"Point","coordinates":[-81.86572,26.70916]},"properties":{"probability":0.219,"inBuffer":false,"facType":"substation"}},{"type":"Feature","geometry":{"type":"Point","coordinates":[-81.86123,26.70916]},"properties":{"probability":0.206,"inBuffer":false,"facType":"substation"}},{"type":"Feature","geometry":{"type":"Point","coordinates":[-81.85674,26.70916]},"properties":{"probability":0.234,"inBuffer":false,"facType":"substation"}},{"type":"Feature","geometry":{"type":"Point","coordinates":[-81.85224,26.70916]},"properties":{"probability":0.248,"inBuffer":false,"facType":"substation"}},{"type":"Feature","geometry":{"type":"Point","coordinates":[-81.84775,26.70916]},"properties":{"probability":0.244,"inBuffer":false,"facType":"substation"}},{"type":"Feature","geometry":{"type":"Point","coordinates":[-81.84326,26.70916]},"properties":{"probability":0.251,"inBuffer":false,"facType":"substation"}},{"type":"Feature","geometry":{"type":"Point","coordinates":[-81.83877,26.70916]},"properties":{"probability":0.257,"inBuffer":false,"facType":"fire"}},{"type":"Feature","geometry":{"type":"Point","coordinates":[-81.83427,26.70916]},"properties":{"probability":0.223,"inBuffer":false,"facType":"fire"}},{"type":"Feature","geometry":{"type":"Point","coordinates":[-81.82979,26.70916]},"properties":{"probability":0.229,"inBuffer":false,"facType":"fire"}},{"type":"Feature","geometry":{"type":"Point","coordinates":[-81.82529,26.70916]},"properties":{"probability":0.256,"inBuffer":false,"facType":"fire"}},{"type":"Feature","geometry":{"type":"Point","coordinates":[-81.8208,26.70916]},"properties":{"probability":0.401,"inBuffer":false,"facType":"fire"}},{"type":"Feature","geometry":{"type":"Point","coordinates":[-81.81631,26.70916]},"properties":{"probability":0.448,"inBuffer":false,"facType":"fire"}},{"type":"Feature","geometry":{"type":"Point","coordinates":[-81.81182,26.70916]},"properties":{"probability":0.399,"inBuffer":false,"facType":"fire"}},{"type":"Feature","geometry":{"type":"Point","coordinates":[-81.80733,26.70916]},"properties":{"probability":0.275,"inBuffer":false,"facType":"fire"}},{"type":"Feature","geometry":{"type":"Point","coordinates":[-81.80283,26.70916]},"properties":{"probability":0.247,"inBuffer":false,"facType":"fire"}},{"type":"Feature","geometry":{"type":"Point","coordinates":[-81.78936,26.70916]},"properties":{"probability":0.206,"inBuffer":false,"facType":"substation"}},{"type":"Feature","geometry":{"type":"Point","coordinates":[-81.78487,26.70916]},"properties":{"probability":0.233,"inBuffer":false,"facType":"substation"}},{"type":"Feature","geometry":{"type":"Point","coordinates":[-81.76241,26.70916]},"properties":{"probability":0.165,"inBuffer":false,"facType":"fire"}},{"type":"Feature","geometry":{"type":"Point","coordinates":[-81.75792,26.70916]},"properties":{"probability":0.217,"inBuffer":false,"facType":"fire"}},{"type":"Feature","geometry":{"type":"Point","coordinates":[-81.75343,26.70916]},"properties":{"probability":0.229,"inBuffer":true,"facType":"fire"}},{"type":"Feature","geometry":{"type":"Point","coordinates":[-81.74894,26.70916]},"properties":{"probability":0.225,"inBuffer":false,"facType":"fire"}},{"type":"Feature","geometry":{"type":"Point","coordinates":[-81.74445,26.70916]},"properties":{"probability":0.241,"inBuffer":false,"facType":"fire"}},{"type":"Feature","geometry":{"type":"Point","coordinates":[-81.73995,26.70916]},"properties":{"probability":0.244,"inBuffer":false,"facType":"fire"}},{"type":"Feature","geometry":{"type":"Point","coordinates":[-81.73546,26.70916]},"properties":{"probability":0.244,"inBuffer":false,"facType":"fire"}},{"type":"Feature","geometry":{"type":"Point","coordinates":[-81.73097,26.70916]},"properties":{"probability":0.327,"inBuffer":false,"facType":"fire"}},{"type":"Feature","geometry":{"type":"Point","coordinates":[-81.72648,26.70916]},"properties":{"probability":0.399,"inBuffer":false,"facType":"fire"}},{"type":"Feature","geometry":{"type":"Point","coordinates":[-81.72198,26.70916]},"properties":{"probability":0.577,"inBuffer":false,"facType":"fire"}},{"type":"Feature","geometry":{"type":"Point","coordinates":[-82.01843,26.70467]},"properties":{"probability":0.218,"inBuffer":false,"facType":"airport"}},{"type":"Feature","geometry":{"type":"Point","coordinates":[-82.00945,26.70467]},"properties":{"probability":0.254,"inBuffer":false,"facType":"airport"}},{"type":"Feature","geometry":{"type":"Point","coordinates":[-81.99148,26.70467]},"properties":{"probability":0.256,"inBuffer":true,"facType":"airport"}},{"type":"Feature","geometry":{"type":"Point","coordinates":[-81.98699,26.70467]},"properties":{"probability":0.214,"inBuffer":true,"facType":"airport"}},{"type":"Feature","geometry":{"type":"Point","coordinates":[-81.9825,26.70467]},"properties":{"probability":0.221,"inBuffer":false,"facType":"airport"}},{"type":"Feature","geometry":{"type":"Point","coordinates":[-81.978,26.70467]},"properties":{"probability":0.244,"inBuffer":false,"facType":"airport"}},{"type":"Feature","geometry":{"type":"Point","coordinates":[-81.97352,26.70467]},"properties":{"probability":0.251,"inBuffer":false,"facType":"airport"}},{"type":"Feature","geometry":{"type":"Point","coordinates":[-81.96902,26.70467]},"properties":{"probability":0.215,"inBuffer":false,"facType":"airport"}},{"type":"Feature","geometry":{"type":"Point","coordinates":[-81.96453,26.70467]},"properties":{"probability":0.209,"inBuffer":false,"facType":"fire"}},{"type":"Feature","geometry":{"type":"Point","coordinates":[-81.96004,26.70467]},"properties":{"probability":0.229,"inBuffer":false,"facType":"fire"}},{"type":"Feature","geometry":{"type":"Point","coordinates":[-81.95555,26.70467]},"properties":{"probability":0.354,"inBuffer":false,"facType":"fire"}},{"type":"Feature","geometry":{"type":"Point","coordinates":[-81.95106,26.70467]},"properties":{"probability":0.382,"inBuffer":false,"facType":"fire"}},{"type":"Feature","geometry":{"type":"Point","coordinates":[-81.94656,26.70467]},"properties":{"probability":0.329,"inBuffer":false,"facType":"fire"}},{"type":"Feature","geometry":{"type":"Point","coordinates":[-81.94208,26.70467]},"properties":{"probability":0.232,"inBuffer":false,"facType":"substation"}},{"type":"Feature","geometry":{"type":"Point","coordinates":[-81.93758,26.70467]},"properties":{"probability":0.252,"inBuffer":false,"facType":"substation"}},{"type":"Feature","geometry":{"type":"Point","coordinates":[-81.91512,26.70467]},"properties":{"probability":0.233,"inBuffer":false,"facType":"substation"}},{"type":"Feature","geometry":{"type":"Point","coordinates":[-81.91064,26.70467]},"properties":{"probability":0.239,"inBuffer":false,"facType":"substation"}},{"type":"Feature","geometry":{"type":"Point","coordinates":[-81.90614,26.70467]},"properties":{"probability":0.394,"inBuffer":false,"facType":"substation"}},{"type":"Feature","geometry":{"type":"Point","coordinates":[-81.90165,26.70467]},"properties":{"probability":0.484,"inBuffer":false,"facType":"substation"}},{"type":"Feature","geometry":{"type":"Point","coordinates":[-81.89716,26.70467]},"properties":{"probability":0.505,"inBuffer":false,"facType":"substation"}},{"type":"Feature","geometry":{"type":"Point","coordinates":[-81.89267,26.70467]},"properties":{"probability":0.406,"inBuffer":false,"facType":"substation"}},{"type":"Feature","geometry":{"type":"Point","coordinates":[-81.88818,26.70467]},"properties":{"probability":0.345,"inBuffer":false,"facType":"substation"}},{"type":"Feature","geometry":{"type":"Point","coordinates":[-81.88368,26.70467]},"properties":{"probability":0.246,"inBuffer":false,"facType":"substation"}},{"type":"Feature","geometry":{"type":"Point","coordinates":[-81.8792,26.70467]},"properties":{"probability":0.232,"inBuffer":false,"facType":"substation"}},{"type":"Feature","geometry":{"type":"Point","coordinates":[-81.8747,26.70467]},"properties":{"probability":0.226,"inBuffer":false,"facType":"substation"}},{"type":"Feature","geometry":{"type":"Point","coordinates":[-81.87021,26.70467]},"properties":{"probability":0.246,"inBuffer":false,"facType":"substation"}},{"type":"Feature","geometry":{"type":"Point","coordinates":[-81.86572,26.70467]},"properties":{"probability":0.243,"inBuffer":false,"facType":"substation"}},{"type":"Feature","geometry":{"type":"Point","coordinates":[-81.86123,26.70467]},"properties":{"probability":0.214,"inBuffer":false,"facType":"substation"}},{"type":"Feature","geometry":{"type":"Point","coordinates":[-81.85674,26.70467]},"properties":{"probability":0.25,"inBuffer":true,"facType":"substation"}},{"type":"Feature","geometry":{"type":"Point","coordinates":[-81.85224,26.70467]},"properties":{"probability":0.31,"inBuffer":true,"facType":"fire"}},{"type":"Feature","geometry":{"type":"Point","coordinates":[-81.84775,26.70467]},"properties":{"probability":0.256,"inBuffer":true,"facType":"fire"}},{"type":"Feature","geometry":{"type":"Point","coordinates":[-81.84326,26.70467]},"properties":{"probability":0.262,"inBuffer":false,"facType":"fire"}},{"type":"Feature","geometry":{"type":"Point","coordinates":[-81.83877,26.70467]},"properties":{"probability":0.238,"inBuffer":false,"facType":"fire"}},{"type":"Feature","geometry":{"type":"Point","coordinates":[-81.83427,26.70467]},"properties":{"probability":0.209,"inBuffer":false,"facType":"fire"}},{"type":"Feature","geometry":{"type":"Point","coordinates":[-81.82979,26.70467]},"properties":{"probability":0.26,"inBuffer":false,"facType":"fire"}},{"type":"Feature","geometry":{"type":"Point","coordinates":[-81.81631,26.70467]},"properties":{"probability":0.304,"inBuffer":false,"facType":"fire"}},{"type":"Feature","geometry":{"type":"Point","coordinates":[-81.81182,26.70467]},"properties":{"probability":0.238,"inBuffer":false,"facType":"fire"}},{"type":"Feature","geometry":{"type":"Point","coordinates":[-81.80733,26.70467]},"properties":{"probability":0.268,"inBuffer":false,"facType":"fire"}},{"type":"Feature","geometry":{"type":"Point","coordinates":[-81.76241,26.70467]},"properties":{"probability":0.243,"inBuffer":false,"facType":"fire"}},{"type":"Feature","geometry":{"type":"Point","coordinates":[-81.75792,26.70467]},"properties":{"probability":0.248,"inBuffer":true,"facType":"fire"}},{"type":"Feature","geometry":{"type":"Point","coordinates":[-81.75343,26.70467]},"properties":{"probability":0.263,"inBuffer":true,"facType":"fire"}},{"type":"Feature","geometry":{"type":"Point","coordinates":[-81.74894,26.70467]},"properties":{"probability":0.341,"inBuffer":true,"facType":"fire"}},{"type":"Feature","geometry":{"type":"Point","coordinates":[-81.74445,26.70467]},"properties":{"probability":0.348,"inBuffer":false,"facType":"fire"}},{"type":"Feature","geometry":{"type":"Point","coordinates":[-81.73995,26.70467]},"properties":{"probability":0.257,"inBuffer":false,"facType":"fire"}},{"type":"Feature","geometry":{"type":"Point","coordinates":[-81.73546,26.70467]},"properties":{"probability":0.262,"inBuffer":false,"facType":"fire"}},{"type":"Feature","geometry":{"type":"Point","coordinates":[-81.73097,26.70467]},"properties":{"probability":0.348,"inBuffer":false,"facType":"fire"}},{"type":"Feature","geometry":{"type":"Point","coordinates":[-81.72648,26.70467]},"properties":{"probability":0.403,"inBuffer":false,"facType":"fire"}},{"type":"Feature","geometry":{"type":"Point","coordinates":[-81.72198,26.70467]},"properties":{"probability":0.52,"inBuffer":false,"facType":"fire"}},{"type":"Feature","geometry":{"type":"Point","coordinates":[-82.01843,26.70018]},"properties":{"probability":0.188,"inBuffer":false,"facType":"airport"}},{"type":"Feature","geometry":{"type":"Point","coordinates":[-82.01394,26.70018]},"properties":{"probability":0.214,"inBuffer":false,"facType":"airport"}},{"type":"Feature","geometry":{"type":"Point","coordinates":[-82.00945,26.70018]},"properties":{"probability":0.215,"inBuffer":false,"facType":"airport"}},{"type":"Feature","geometry":{"type":"Point","coordinates":[-82.00496,26.70018]},"properties":{"probability":0.255,"inBuffer":true,"facType":"airport"}},{"type":"Feature","geometry":{"type":"Point","coordinates":[-81.99148,26.70018]},"properties":{"probability":0.244,"inBuffer":true,"facType":"airport"}},{"type":"Feature","geometry":{"type":"Point","coordinates":[-81.98699,26.70018]},"properties":{"probability":0.22,"inBuffer":true,"facType":"airport"}},{"type":"Feature","geometry":{"type":"Point","coordinates":[-81.9825,26.70018]},"properties":{"probability":0.222,"inBuffer":false,"facType":"airport"}},{"type":"Feature","geometry":{"type":"Point","coordinates":[-81.978,26.70018]},"properties":{"probability":0.22,"inBuffer":false,"facType":"airport"}},{"type":"Feature","geometry":{"type":"Point","coordinates":[-81.97352,26.70018]},"properties":{"probability":0.231,"inBuffer":false,"facType":"airport"}},{"type":"Feature","geometry":{"type":"Point","coordinates":[-81.96902,26.70018]},"properties":{"probability":0.233,"inBuffer":false,"facType":"fire"}},{"type":"Feature","geometry":{"type":"Point","coordinates":[-81.96453,26.70018]},"properties":{"probability":0.229,"inBuffer":false,"facType":"fire"}},{"type":"Feature","geometry":{"type":"Point","coordinates":[-81.96004,26.70018]},"properties":{"probability":0.282,"inBuffer":false,"facType":"fire"}},{"type":"Feature","geometry":{"type":"Point","coordinates":[-81.95555,26.70018]},"properties":{"probability":0.331,"inBuffer":false,"facType":"fire"}},{"type":"Feature","geometry":{"type":"Point","coordinates":[-81.95106,26.70018]},"properties":{"probability":0.282,"inBuffer":false,"facType":"fire"}},{"type":"Feature","geometry":{"type":"Point","coordinates":[-81.94656,26.70018]},"properties":{"probability":0.241,"inBuffer":false,"facType":"fire"}},{"type":"Feature","geometry":{"type":"Point","coordinates":[-81.94208,26.70018]},"properties":{"probability":0.254,"inBuffer":false,"facType":"substation"}},{"type":"Feature","geometry":{"type":"Point","coordinates":[-81.93758,26.70018]},"properties":{"probability":0.246,"inBuffer":false,"facType":"substation"}},{"type":"Feature","geometry":{"type":"Point","coordinates":[-81.93309,26.70018]},"properties":{"probability":0.248,"inBuffer":false,"facType":"substation"}},{"type":"Feature","geometry":{"type":"Point","coordinates":[-81.9286,26.70018]},"properties":{"probability":0.234,"inBuffer":false,"facType":"substation"}},{"type":"Feature","geometry":{"type":"Point","coordinates":[-81.92411,26.70018]},"properties":{"probability":0.25,"inBuffer":false,"facType":"substation"}},{"type":"Feature","geometry":{"type":"Point","coordinates":[-81.91962,26.70018]},"properties":{"probability":0.365,"inBuffer":false,"facType":"substation"}},{"type":"Feature","geometry":{"type":"Point","coordinates":[-81.91512,26.70018]},"properties":{"probability":0.371,"inBuffer":false,"facType":"substation"}},{"type":"Feature","geometry":{"type":"Point","coordinates":[-81.91064,26.70018]},"properties":{"probability":0.393,"inBuffer":false,"facType":"substation"}},{"type":"Feature","geometry":{"type":"Point","coordinates":[-81.90614,26.70018]},"properties":{"probability":0.443,"inBuffer":false,"facType":"substation"}},{"type":"Feature","geometry":{"type":"Point","coordinates":[-81.90165,26.70018]},"properties":{"probability":0.468,"inBuffer":false,"facType":"substation"}},{"type":"Feature","geometry":{"type":"Point","coordinates":[-81.89716,26.70018]},"properties":{"probability":0.462,"inBuffer":false,"facType":"substation"}},{"type":"Feature","geometry":{"type":"Point","coordinates":[-81.89267,26.70018]},"properties":{"probability":0.468,"inBuffer":false,"facType":"substation"}},{"type":"Feature","geometry":{"type":"Point","coordinates":[-81.88818,26.70018]},"properties":{"probability":0.39,"inBuffer":false,"facType":"substation"}},{"type":"Feature","geometry":{"type":"Point","coordinates":[-81.88368,26.70018]},"properties":{"probability":0.273,"inBuffer":false,"facType":"substation"}},{"type":"Feature","geometry":{"type":"Point","coordinates":[-81.8792,26.70018]},"properties":{"probability":0.225,"inBuffer":false,"facType":"substation"}},{"type":"Feature","geometry":{"type":"Point","coordinates":[-81.8747,26.70018]},"properties":{"probability":0.233,"inBuffer":false,"facType":"substation"}},{"type":"Feature","geometry":{"type":"Point","coordinates":[-81.87021,26.70018]},"properties":{"probability":0.226,"inBuffer":false,"facType":"fire"}},{"type":"Feature","geometry":{"type":"Point","coordinates":[-81.86572,26.70018]},"properties":{"probability":0.239,"inBuffer":false,"facType":"fire"}},{"type":"Feature","geometry":{"type":"Point","coordinates":[-81.86123,26.70018]},"properties":{"probability":0.24,"inBuffer":false,"facType":"fire"}},{"type":"Feature","geometry":{"type":"Point","coordinates":[-81.85674,26.70018]},"properties":{"probability":0.337,"inBuffer":true,"facType":"fire"}},{"type":"Feature","geometry":{"type":"Point","coordinates":[-81.85224,26.70018]},"properties":{"probability":0.407,"inBuffer":true,"facType":"fire"}},{"type":"Feature","geometry":{"type":"Point","coordinates":[-81.84775,26.70018]},"properties":{"probability":0.38,"inBuffer":true,"facType":"fire"}},{"type":"Feature","geometry":{"type":"Point","coordinates":[-81.84326,26.70018]},"properties":{"probability":0.234,"inBuffer":false,"facType":"fire"}},{"type":"Feature","geometry":{"type":"Point","coordinates":[-81.83877,26.70018]},"properties":{"probability":0.21,"inBuffer":false,"facType":"fire"}},{"type":"Feature","geometry":{"type":"Point","coordinates":[-81.83427,26.70018]},"properties":{"probability":0.223,"inBuffer":false,"facType":"fire"}},{"type":"Feature","geometry":{"type":"Point","coordinates":[-81.78936,26.70018]},"properties":{"probability":0.272,"inBuffer":false,"facType":"power"}},{"type":"Feature","geometry":{"type":"Point","coordinates":[-81.78487,26.70018]},"properties":{"probability":0.528,"inBuffer":true,"facType":"power"}},{"type":"Feature","geometry":{"type":"Point","coordinates":[-81.78038,26.70018]},"properties":{"probability":0.524,"inBuffer":true,"facType":"substation"}},{"type":"Feature","geometry":{"type":"Point","coordinates":[-81.77589,26.70018]},"properties":{"probability":0.257,"inBuffer":false,"facType":"substation"}},{"type":"Feature","geometry":{"type":"Point","coordinates":[-81.77139,26.70018]},"properties":{"probability":0.289,"inBuffer":false,"facType":"substation"}},{"type":"Feature","geometry":{"type":"Point","coordinates":[-81.76691,26.70018]},"properties":{"probability":0.275,"inBuffer":false,"facType":"substation"}},{"type":"Feature","geometry":{"type":"Point","coordinates":[-81.76241,26.70018]},"properties":{"probability":0.445,"inBuffer":false,"facType":"fire"}},{"type":"Feature","geometry":{"type":"Point","coordinates":[-81.75792,26.70018]},"properties":{"probability":0.384,"inBuffer":true,"facType":"fire"}},{"type":"Feature","geometry":{"type":"Point","coordinates":[-81.75343,26.70018]},"properties":{"probability":0.264,"inBuffer":true,"facType":"fire"}},{"type":"Feature","geometry":{"type":"Point","coordinates":[-81.74894,26.70018]},"properties":{"probability":0.276,"inBuffer":true,"facType":"fire"}},{"type":"Feature","geometry":{"type":"Point","coordinates":[-81.74445,26.70018]},"properties":{"probability":0.246,"inBuffer":false,"facType":"fire"}},{"type":"Feature","geometry":{"type":"Point","coordinates":[-81.73995,26.70018]},"properties":{"probability":0.24,"inBuffer":false,"facType":"fire"}},{"type":"Feature","geometry":{"type":"Point","coordinates":[-81.73546,26.70018]},"properties":{"probability":0.252,"inBuffer":false,"facType":"fire"}},{"type":"Feature","geometry":{"type":"Point","coordinates":[-81.73097,26.70018]},"properties":{"probability":0.26,"inBuffer":false,"facType":"fire"}},{"type":"Feature","geometry":{"type":"Point","coordinates":[-81.72648,26.70018]},"properties":{"probability":0.29,"inBuffer":false,"facType":"fire"}},{"type":"Feature","geometry":{"type":"Point","coordinates":[-81.72198,26.70018]},"properties":{"probability":0.275,"inBuffer":false,"facType":"fire"}},{"type":"Feature","geometry":{"type":"Point","coordinates":[-82.01843,26.69568]},"properties":{"probability":0.212,"inBuffer":false,"facType":"airport"}},{"type":"Feature","geometry":{"type":"Point","coordinates":[-82.01394,26.69568]},"properties":{"probability":0.217,"inBuffer":false,"facType":"airport"}},{"type":"Feature","geometry":{"type":"Point","coordinates":[-82.00945,26.69568]},"properties":{"probability":0.25,"inBuffer":false,"facType":"airport"}},{"type":"Feature","geometry":{"type":"Point","coordinates":[-82.00496,26.69568]},"properties":{"probability":0.353,"inBuffer":false,"facType":"airport"}},{"type":"Feature","geometry":{"type":"Point","coordinates":[-82.00047,26.69568]},"properties":{"probability":0.348,"inBuffer":true,"facType":"airport"}},{"type":"Feature","geometry":{"type":"Point","coordinates":[-81.99597,26.69568]},"properties":{"probability":0.245,"inBuffer":true,"facType":"airport"}},{"type":"Feature","geometry":{"type":"Point","coordinates":[-81.99148,26.69568]},"properties":{"probability":0.259,"inBuffer":true,"facType":"airport"}},{"type":"Feature","geometry":{"type":"Point","coordinates":[-81.98699,26.69568]},"properties":{"probability":0.244,"inBuffer":true,"facType":"airport"}},{"type":"Feature","geometry":{"type":"Point","coordinates":[-81.9825,26.69568]},"properties":{"probability":0.255,"inBuffer":false,"facType":"airport"}},{"type":"Feature","geometry":{"type":"Point","coordinates":[-81.978,26.69568]},"properties":{"probability":0.278,"inBuffer":false,"facType":"airport"}},{"type":"Feature","geometry":{"type":"Point","coordinates":[-81.97352,26.69568]},"properties":{"probability":0.275,"inBuffer":false,"facType":"airport"}},{"type":"Feature","geometry":{"type":"Point","coordinates":[-81.96902,26.69568]},"properties":{"probability":0.27,"inBuffer":false,"facType":"fire"}},{"type":"Feature","geometry":{"type":"Point","coordinates":[-81.96453,26.69568]},"properties":{"probability":0.262,"inBuffer":false,"facType":"fire"}},{"type":"Feature","geometry":{"type":"Point","coordinates":[-81.96004,26.69568]},"properties":{"probability":0.277,"inBuffer":false,"facType":"fire"}},{"type":"Feature","geometry":{"type":"Point","coordinates":[-81.95555,26.69568]},"properties":{"probability":0.302,"inBuffer":false,"facType":"fire"}},{"type":"Feature","geometry":{"type":"Point","coordinates":[-81.95106,26.69568]},"properties":{"probability":0.251,"inBuffer":false,"facType":"fire"}},{"type":"Feature","geometry":{"type":"Point","coordinates":[-81.94656,26.69568]},"properties":{"probability":0.272,"inBuffer":false,"facType":"fire"}},{"type":"Feature","geometry":{"type":"Point","coordinates":[-81.94208,26.69568]},"properties":{"probability":0.388,"inBuffer":false,"facType":"fire"}},{"type":"Feature","geometry":{"type":"Point","coordinates":[-81.93758,26.69568]},"properties":{"probability":0.376,"inBuffer":false,"facType":"substation"}},{"type":"Feature","geometry":{"type":"Point","coordinates":[-81.93309,26.69568]},"properties":{"probability":0.241,"inBuffer":false,"facType":"substation"}},{"type":"Feature","geometry":{"type":"Point","coordinates":[-81.9286,26.69568]},"properties":{"probability":0.25,"inBuffer":false,"facType":"substation"}},{"type":"Feature","geometry":{"type":"Point","coordinates":[-81.92411,26.69568]},"properties":{"probability":0.38,"inBuffer":false,"facType":"substation"}},{"type":"Feature","geometry":{"type":"Point","coordinates":[-81.91962,26.69568]},"properties":{"probability":0.364,"inBuffer":false,"facType":"substation"}},{"type":"Feature","geometry":{"type":"Point","coordinates":[-81.91512,26.69568]},"properties":{"probability":0.365,"inBuffer":false,"facType":"substation"}},{"type":"Feature","geometry":{"type":"Point","coordinates":[-81.91064,26.69568]},"properties":{"probability":0.404,"inBuffer":false,"facType":"substation"}},{"type":"Feature","geometry":{"type":"Point","coordinates":[-81.90614,26.69568]},"properties":{"probability":0.403,"inBuffer":false,"facType":"substation"}},{"type":"Feature","geometry":{"type":"Point","coordinates":[-81.90165,26.69568]},"properties":{"probability":0.391,"inBuffer":false,"facType":"substation"}},{"type":"Feature","geometry":{"type":"Point","coordinates":[-81.89716,26.69568]},"properties":{"probability":0.403,"inBuffer":false,"facType":"substation"}},{"type":"Feature","geometry":{"type":"Point","coordinates":[-81.89267,26.69568]},"properties":{"probability":0.364,"inBuffer":false,"facType":"substation"}},{"type":"Feature","geometry":{"type":"Point","coordinates":[-81.88818,26.69568]},"properties":{"probability":0.416,"inBuffer":false,"facType":"substation"}},{"type":"Feature","geometry":{"type":"Point","coordinates":[-81.88368,26.69568]},"properties":{"probability":0.364,"inBuffer":false,"facType":"substation"}},{"type":"Feature","geometry":{"type":"Point","coordinates":[-81.8792,26.69568]},"properties":{"probability":0.282,"inBuffer":false,"facType":"fire"}},{"type":"Feature","geometry":{"type":"Point","coordinates":[-81.8747,26.69568]},"properties":{"probability":0.396,"inBuffer":false,"facType":"fire"}},{"type":"Feature","geometry":{"type":"Point","coordinates":[-81.87021,26.69568]},"properties":{"probability":0.391,"inBuffer":false,"facType":"fire"}},{"type":"Feature","geometry":{"type":"Point","coordinates":[-81.86572,26.69568]},"properties":{"probability":0.413,"inBuffer":false,"facType":"fire"}},{"type":"Feature","geometry":{"type":"Point","coordinates":[-81.86123,26.69568]},"properties":{"probability":0.375,"inBuffer":false,"facType":"fire"}},{"type":"Feature","geometry":{"type":"Point","coordinates":[-81.85674,26.69568]},"properties":{"probability":0.352,"inBuffer":true,"facType":"fire"}},{"type":"Feature","geometry":{"type":"Point","coordinates":[-81.85224,26.69568]},"properties":{"probability":0.381,"inBuffer":true,"facType":"fire"}},{"type":"Feature","geometry":{"type":"Point","coordinates":[-81.84775,26.69568]},"properties":{"probability":0.275,"inBuffer":true,"facType":"fire"}},{"type":"Feature","geometry":{"type":"Point","coordinates":[-81.84326,26.69568]},"properties":{"probability":0.182,"inBuffer":false,"facType":"fire"}},{"type":"Feature","geometry":{"type":"Point","coordinates":[-81.79835,26.69568]},"properties":{"probability":0.277,"inBuffer":false,"facType":"power"}},{"type":"Feature","geometry":{"type":"Point","coordinates":[-81.79385,26.69568]},"properties":{"probability":0.225,"inBuffer":false,"facType":"power"}},{"type":"Feature","geometry":{"type":"Point","coordinates":[-81.78936,26.69568]},"properties":{"probability":0.455,"inBuffer":true,"facType":"power"}},{"type":"Feature","geometry":{"type":"Point","coordinates":[-81.78487,26.69568]},"properties":{"probability":0.609,"inBuffer":true,"facType":"power"}},{"type":"Feature","geometry":{"type":"Point","coordinates":[-81.78038,26.69568]},"properties":{"probability":0.629,"inBuffer":true,"facType":"substation"}},{"type":"Feature","geometry":{"type":"Point","coordinates":[-81.77589,26.69568]},"properties":{"probability":0.396,"inBuffer":true,"facType":"substation"}},{"type":"Feature","geometry":{"type":"Point","coordinates":[-81.77139,26.69568]},"properties":{"probability":0.281,"inBuffer":false,"facType":"substation"}},{"type":"Feature","geometry":{"type":"Point","coordinates":[-81.76691,26.69568]},"properties":{"probability":0.286,"inBuffer":false,"facType":"substation"}},{"type":"Feature","geometry":{"type":"Point","coordinates":[-81.76241,26.69568]},"properties":{"probability":0.253,"inBuffer":false,"facType":"fire"}},{"type":"Feature","geometry":{"type":"Point","coordinates":[-81.75792,26.69568]},"properties":{"probability":0.213,"inBuffer":false,"facType":"fire"}},{"type":"Feature","geometry":{"type":"Point","coordinates":[-81.75343,26.69568]},"properties":{"probability":0.249,"inBuffer":false,"facType":"fire"}},{"type":"Feature","geometry":{"type":"Point","coordinates":[-81.74894,26.69568]},"properties":{"probability":0.24,"inBuffer":false,"facType":"fire"}},{"type":"Feature","geometry":{"type":"Point","coordinates":[-81.74445,26.69568]},"properties":{"probability":0.211,"inBuffer":false,"facType":"fire"}},{"type":"Feature","geometry":{"type":"Point","coordinates":[-81.73995,26.69568]},"properties":{"probability":0.204,"inBuffer":false,"facType":"fire"}},{"type":"Feature","geometry":{"type":"Point","coordinates":[-81.73546,26.69568]},"properties":{"probability":0.21,"inBuffer":false,"facType":"fire"}},{"type":"Feature","geometry":{"type":"Point","coordinates":[-81.73097,26.69568]},"properties":{"probability":0.216,"inBuffer":false,"facType":"fire"}},{"type":"Feature","geometry":{"type":"Point","coordinates":[-81.72648,26.69568]},"properties":{"probability":0.234,"inBuffer":false,"facType":"fire"}},{"type":"Feature","geometry":{"type":"Point","coordinates":[-81.72198,26.69568]},"properties":{"probability":0.229,"inBuffer":false,"facType":"fire"}},{"type":"Feature","geometry":{"type":"Point","coordinates":[-82.01843,26.69119]},"properties":{"probability":0.209,"inBuffer":false,"facType":"airport"}},{"type":"Feature","geometry":{"type":"Point","coordinates":[-82.01394,26.69119]},"properties":{"probability":0.213,"inBuffer":false,"facType":"airport"}},{"type":"Feature","geometry":{"type":"Point","coordinates":[-82.00945,26.69119]},"properties":{"probability":0.234,"inBuffer":false,"facType":"airport"}},{"type":"Feature","geometry":{"type":"Point","coordinates":[-82.00496,26.69119]},"properties":{"probability":0.252,"inBuffer":false,"facType":"airport"}},{"type":"Feature","geometry":{"type":"Point","coordinates":[-82.00047,26.69119]},"properties":{"probability":0.254,"inBuffer":false,"facType":"airport"}},{"type":"Feature","geometry":{"type":"Point","coordinates":[-81.99597,26.69119]},"properties":{"probability":0.246,"inBuffer":false,"facType":"airport"}},{"type":"Feature","geometry":{"type":"Point","coordinates":[-81.99148,26.69119]},"properties":{"probability":0.243,"inBuffer":false,"facType":"airport"}},{"type":"Feature","geometry":{"type":"Point","coordinates":[-81.98699,26.69119]},"properties":{"probability":0.227,"inBuffer":false,"facType":"airport"}},{"type":"Feature","geometry":{"type":"Point","coordinates":[-81.9825,26.69119]},"properties":{"probability":0.25,"inBuffer":false,"facType":"airport"}},{"type":"Feature","geometry":{"type":"Point","coordinates":[-81.978,26.69119]},"properties":{"probability":0.233,"inBuffer":false,"facType":"airport"}},{"type":"Feature","geometry":{"type":"Point","coordinates":[-81.97352,26.69119]},"properties":{"probability":0.24,"inBuffer":false,"facType":"fire"}},{"type":"Feature","geometry":{"type":"Point","coordinates":[-81.96902,26.69119]},"properties":{"probability":0.245,"inBuffer":false,"facType":"fire"}},{"type":"Feature","geometry":{"type":"Point","coordinates":[-81.96453,26.69119]},"properties":{"probability":0.24,"inBuffer":false,"facType":"fire"}},{"type":"Feature","geometry":{"type":"Point","coordinates":[-81.96004,26.69119]},"properties":{"probability":0.261,"inBuffer":false,"facType":"fire"}},{"type":"Feature","geometry":{"type":"Point","coordinates":[-81.95555,26.69119]},"properties":{"probability":0.235,"inBuffer":false,"facType":"fire"}},{"type":"Feature","geometry":{"type":"Point","coordinates":[-81.95106,26.69119]},"properties":{"probability":0.22,"inBuffer":false,"facType":"fire"}},{"type":"Feature","geometry":{"type":"Point","coordinates":[-81.94656,26.69119]},"properties":{"probability":0.253,"inBuffer":false,"facType":"fire"}},{"type":"Feature","geometry":{"type":"Point","coordinates":[-81.94208,26.69119]},"properties":{"probability":0.371,"inBuffer":false,"facType":"fire"}},{"type":"Feature","geometry":{"type":"Point","coordinates":[-81.93758,26.69119]},"properties":{"probability":0.289,"inBuffer":false,"facType":"substation"}},{"type":"Feature","geometry":{"type":"Point","coordinates":[-81.93309,26.69119]},"properties":{"probability":0.234,"inBuffer":false,"facType":"substation"}},{"type":"Feature","geometry":{"type":"Point","coordinates":[-81.9286,26.69119]},"properties":{"probability":0.225,"inBuffer":false,"facType":"substation"}},{"type":"Feature","geometry":{"type":"Point","coordinates":[-81.92411,26.69119]},"properties":{"probability":0.227,"inBuffer":false,"facType":"substation"}},{"type":"Feature","geometry":{"type":"Point","coordinates":[-81.91962,26.69119]},"properties":{"probability":0.256,"inBuffer":true,"facType":"hospital"}},{"type":"Feature","geometry":{"type":"Point","coordinates":[-81.91512,26.69119]},"properties":{"probability":0.277,"inBuffer":false,"facType":"hospital"}},{"type":"Feature","geometry":{"type":"Point","coordinates":[-81.91064,26.69119]},"properties":{"probability":0.355,"inBuffer":false,"facType":"substation"}},{"type":"Feature","geometry":{"type":"Point","coordinates":[-81.90614,26.69119]},"properties":{"probability":0.398,"inBuffer":false,"facType":"substation"}},{"type":"Feature","geometry":{"type":"Point","coordinates":[-81.90165,26.69119]},"properties":{"probability":0.382,"inBuffer":false,"facType":"substation"}},{"type":"Feature","geometry":{"type":"Point","coordinates":[-81.89716,26.69119]},"properties":{"probability":0.286,"inBuffer":false,"facType":"substation"}},{"type":"Feature","geometry":{"type":"Point","coordinates":[-81.89267,26.69119]},"properties":{"probability":0.26,"inBuffer":false,"facType":"substation"}},{"type":"Feature","geometry":{"type":"Point","coordinates":[-81.88818,26.69119]},"properties":{"probability":0.404,"inBuffer":false,"facType":"substation"}},{"type":"Feature","geometry":{"type":"Point","coordinates":[-81.88368,26.69119]},"properties":{"probability":0.382,"inBuffer":false,"facType":"substation"}},{"type":"Feature","geometry":{"type":"Point","coordinates":[-81.8792,26.69119]},"properties":{"probability":0.337,"inBuffer":false,"facType":"substation"}},{"type":"Feature","geometry":{"type":"Point","coordinates":[-81.8747,26.69119]},"properties":{"probability":0.38,"inBuffer":false,"facType":"fire"}},{"type":"Feature","geometry":{"type":"Point","coordinates":[-81.87021,26.69119]},"properties":{"probability":0.468,"inBuffer":false,"facType":"fire"}},{"type":"Feature","geometry":{"type":"Point","coordinates":[-81.86572,26.69119]},"properties":{"probability":0.515,"inBuffer":false,"facType":"fire"}},{"type":"Feature","geometry":{"type":"Point","coordinates":[-81.86123,26.69119]},"properties":{"probability":0.389,"inBuffer":false,"facType":"fire"}},{"type":"Feature","geometry":{"type":"Point","coordinates":[-81.85674,26.69119]},"properties":{"probability":0.26,"inBuffer":false,"facType":"fire"}},{"type":"Feature","geometry":{"type":"Point","coordinates":[-81.85224,26.69119]},"properties":{"probability":0.245,"inBuffer":false,"facType":"fire"}},{"type":"Feature","geometry":{"type":"Point","coordinates":[-81.84775,26.69119]},"properties":{"probability":0.249,"inBuffer":false,"facType":"fire"}},{"type":"Feature","geometry":{"type":"Point","coordinates":[-81.80733,26.69119]},"properties":{"probability":0.253,"inBuffer":false,"facType":"fire"}},{"type":"Feature","geometry":{"type":"Point","coordinates":[-81.80283,26.69119]},"properties":{"probability":0.331,"inBuffer":false,"facType":"substation"}},{"type":"Feature","geometry":{"type":"Point","coordinates":[-81.79835,26.69119]},"properties":{"probability":0.369,"inBuffer":false,"facType":"substation"}},{"type":"Feature","geometry":{"type":"Point","coordinates":[-81.79385,26.69119]},"properties":{"probability":0.4,"inBuffer":false,"facType":"substation"}},{"type":"Feature","geometry":{"type":"Point","coordinates":[-81.78936,26.69119]},"properties":{"probability":0.357,"inBuffer":false,"facType":"substation"}},{"type":"Feature","geometry":{"type":"Point","coordinates":[-81.78487,26.69119]},"properties":{"probability":0.283,"inBuffer":true,"facType":"substation"}},{"type":"Feature","geometry":{"type":"Point","coordinates":[-81.78038,26.69119]},"properties":{"probability":0.25,"inBuffer":true,"facType":"substation"}},{"type":"Feature","geometry":{"type":"Point","coordinates":[-81.77589,26.69119]},"properties":{"probability":0.227,"inBuffer":false,"facType":"substation"}},{"type":"Feature","geometry":{"type":"Point","coordinates":[-81.74445,26.69119]},"properties":{"probability":0.198,"inBuffer":false,"facType":"fire"}},{"type":"Feature","geometry":{"type":"Point","coordinates":[-81.73995,26.69119]},"properties":{"probability":0.208,"inBuffer":false,"facType":"fire"}},{"type":"Feature","geometry":{"type":"Point","coordinates":[-81.73546,26.69119]},"properties":{"probability":0.202,"inBuffer":false,"facType":"fire"}},{"type":"Feature","geometry":{"type":"Point","coordinates":[-81.72198,26.69119]},"properties":{"probability":0.207,"inBuffer":false,"facType":"fire"}},{"type":"Feature","geometry":{"type":"Point","coordinates":[-82.01843,26.6867]},"properties":{"probability":0.199,"inBuffer":false,"facType":"airport"}},{"type":"Feature","geometry":{"type":"Point","coordinates":[-82.01394,26.6867]},"properties":{"probability":0.242,"inBuffer":false,"facType":"airport"}},{"type":"Feature","geometry":{"type":"Point","coordinates":[-82.00945,26.6867]},"properties":{"probability":0.232,"inBuffer":false,"facType":"airport"}},{"type":"Feature","geometry":{"type":"Point","coordinates":[-82.00496,26.6867]},"properties":{"probability":0.257,"inBuffer":false,"facType":"airport"}},{"type":"Feature","geometry":{"type":"Point","coordinates":[-82.00047,26.6867]},"properties":{"probability":0.249,"inBuffer":false,"facType":"airport"}},{"type":"Feature","geometry":{"type":"Point","coordinates":[-81.99597,26.6867]},"properties":{"probability":0.232,"inBuffer":false,"facType":"airport"}},{"type":"Feature","geometry":{"type":"Point","coordinates":[-81.99148,26.6867]},"properties":{"probability":0.222,"inBuffer":false,"facType":"airport"}},{"type":"Feature","geometry":{"type":"Point","coordinates":[-81.98699,26.6867]},"properties":{"probability":0.268,"inBuffer":false,"facType":"airport"}},{"type":"Feature","geometry":{"type":"Point","coordinates":[-81.9825,26.6867]},"properties":{"probability":0.245,"inBuffer":false,"facType":"airport"}},{"type":"Feature","geometry":{"type":"Point","coordinates":[-81.978,26.6867]},"properties":{"probability":0.223,"inBuffer":false,"facType":"airport"}},{"type":"Feature","geometry":{"type":"Point","coordinates":[-81.97352,26.6867]},"properties":{"probability":0.227,"inBuffer":false,"facType":"fire"}},{"type":"Feature","geometry":{"type":"Point","coordinates":[-81.96902,26.6867]},"properties":{"probability":0.221,"inBuffer":false,"facType":"fire"}},{"type":"Feature","geometry":{"type":"Point","coordinates":[-81.96453,26.6867]},"properties":{"probability":0.249,"inBuffer":false,"facType":"fire"}},{"type":"Feature","geometry":{"type":"Point","coordinates":[-81.96004,26.6867]},"properties":{"probability":0.241,"inBuffer":false,"facType":"fire"}},{"type":"Feature","geometry":{"type":"Point","coordinates":[-81.95555,26.6867]},"properties":{"probability":0.255,"inBuffer":true,"facType":"fire"}},{"type":"Feature","geometry":{"type":"Point","coordinates":[-81.95106,26.6867]},"properties":{"probability":0.27,"inBuffer":true,"facType":"fire"}},{"type":"Feature","geometry":{"type":"Point","coordinates":[-81.94656,26.6867]},"properties":{"probability":0.283,"inBuffer":true,"facType":"fire"}},{"type":"Feature","geometry":{"type":"Point","coordinates":[-81.94208,26.6867]},"properties":{"probability":0.39,"inBuffer":false,"facType":"fire"}},{"type":"Feature","geometry":{"type":"Point","coordinates":[-81.93758,26.6867]},"properties":{"probability":0.364,"inBuffer":false,"facType":"fire"}},{"type":"Feature","geometry":{"type":"Point","coordinates":[-81.93309,26.6867]},"properties":{"probability":0.235,"inBuffer":false,"facType":"hospital"}},{"type":"Feature","geometry":{"type":"Point","coordinates":[-81.9286,26.6867]},"properties":{"probability":0.387,"inBuffer":false,"facType":"hospital"}},{"type":"Feature","geometry":{"type":"Point","coordinates":[-81.92411,26.6867]},"properties":{"probability":0.425,"inBuffer":true,"facType":"hospital"}},{"type":"Feature","geometry":{"type":"Point","coordinates":[-81.91962,26.6867]},"properties":{"probability":0.344,"inBuffer":true,"facType":"hospital"}},{"type":"Feature","geometry":{"type":"Point","coordinates":[-81.91512,26.6867]},"properties":{"probability":0.34,"inBuffer":true,"facType":"hospital"}},{"type":"Feature","geometry":{"type":"Point","coordinates":[-81.91064,26.6867]},"properties":{"probability":0.458,"inBuffer":false,"facType":"hospital"}},{"type":"Feature","geometry":{"type":"Point","coordinates":[-81.90614,26.6867]},"properties":{"probability":0.517,"inBuffer":false,"facType":"hospital"}},{"type":"Feature","geometry":{"type":"Point","coordinates":[-81.90165,26.6867]},"properties":{"probability":0.468,"inBuffer":false,"facType":"hospital"}},{"type":"Feature","geometry":{"type":"Point","coordinates":[-81.89716,26.6867]},"properties":{"probability":0.441,"inBuffer":false,"facType":"fire"}},{"type":"Feature","geometry":{"type":"Point","coordinates":[-81.89267,26.6867]},"properties":{"probability":0.39,"inBuffer":false,"facType":"substation"}},{"type":"Feature","geometry":{"type":"Point","coordinates":[-81.88818,26.6867]},"properties":{"probability":0.478,"inBuffer":false,"facType":"substation"}},{"type":"Feature","geometry":{"type":"Point","coordinates":[-81.88368,26.6867]},"properties":{"probability":0.513,"inBuffer":false,"facType":"substation"}},{"type":"Feature","geometry":{"type":"Point","coordinates":[-81.8792,26.6867]},"properties":{"probability":0.485,"inBuffer":false,"facType":"substation"}},{"type":"Feature","geometry":{"type":"Point","coordinates":[-81.8747,26.6867]},"properties":{"probability":0.383,"inBuffer":false,"facType":"police"}},{"type":"Feature","geometry":{"type":"Point","coordinates":[-81.87021,26.6867]},"properties":{"probability":0.467,"inBuffer":false,"facType":"fire"}},{"type":"Feature","geometry":{"type":"Point","coordinates":[-81.86572,26.6867]},"properties":{"probability":0.534,"inBuffer":false,"facType":"fire"}},{"type":"Feature","geometry":{"type":"Point","coordinates":[-81.86123,26.6867]},"properties":{"probability":0.41,"inBuffer":false,"facType":"fire"}},{"type":"Feature","geometry":{"type":"Point","coordinates":[-81.85674,26.6867]},"properties":{"probability":0.247,"inBuffer":false,"facType":"fire"}},{"type":"Feature","geometry":{"type":"Point","coordinates":[-81.85224,26.6867]},"properties":{"probability":0.245,"inBuffer":false,"facType":"fire"}},{"type":"Feature","geometry":{"type":"Point","coordinates":[-81.84775,26.6867]},"properties":{"probability":0.221,"inBuffer":false,"facType":"fire"}},{"type":"Feature","geometry":{"type":"Point","coordinates":[-81.81631,26.6867]},"properties":{"probability":0.217,"inBuffer":false,"facType":"fire"}},{"type":"Feature","geometry":{"type":"Point","coordinates":[-81.81182,26.6867]},"properties":{"probability":0.278,"inBuffer":false,"facType":"fire"}},{"type":"Feature","geometry":{"type":"Point","coordinates":[-81.80733,26.6867]},"properties":{"probability":0.338,"inBuffer":false,"facType":"fire"}},{"type":"Feature","geometry":{"type":"Point","coordinates":[-81.80283,26.6867]},"properties":{"probability":0.48,"inBuffer":false,"facType":"fire"}},{"type":"Feature","geometry":{"type":"Point","coordinates":[-81.79835,26.6867]},"properties":{"probability":0.5,"inBuffer":false,"facType":"fire"}},{"type":"Feature","geometry":{"type":"Point","coordinates":[-81.79385,26.6867]},"properties":{"probability":0.442,"inBuffer":false,"facType":"substation"}},{"type":"Feature","geometry":{"type":"Point","coordinates":[-81.78936,26.6867]},"properties":{"probability":0.344,"inBuffer":false,"facType":"substation"}},{"type":"Feature","geometry":{"type":"Point","coordinates":[-81.78487,26.6867]},"properties":{"probability":0.197,"inBuffer":false,"facType":"substation"}},{"type":"Feature","geometry":{"type":"Point","coordinates":[-82.01843,26.68221]},"properties":{"probability":0.227,"inBuffer":false,"facType":"airport"}},{"type":"Feature","geometry":{"type":"Point","coordinates":[-82.01394,26.68221]},"properties":{"probability":0.245,"inBuffer":false,"facType":"airport"}},{"type":"Feature","geometry":{"type":"Point","coordinates":[-82.00945,26.68221]},"properties":{"probability":0.229,"inBuffer":false,"facType":"airport"}},{"type":"Feature","geometry":{"type":"Point","coordinates":[-82.00496,26.68221]},"properties":{"probability":0.253,"inBuffer":false,"facType":"airport"}},{"type":"Feature","geometry":{"type":"Point","coordinates":[-82.00047,26.68221]},"properties":{"probability":0.223,"inBuffer":false,"facType":"airport"}},{"type":"Feature","geometry":{"type":"Point","coordinates":[-81.99597,26.68221]},"properties":{"probability":0.247,"inBuffer":false,"facType":"airport"}},{"type":"Feature","geometry":{"type":"Point","coordinates":[-81.99148,26.68221]},"properties":{"probability":0.231,"inBuffer":false,"facType":"airport"}},{"type":"Feature","geometry":{"type":"Point","coordinates":[-81.98699,26.68221]},"properties":{"probability":0.25,"inBuffer":false,"facType":"airport"}},{"type":"Feature","geometry":{"type":"Point","coordinates":[-81.9825,26.68221]},"properties":{"probability":0.219,"inBuffer":false,"facType":"airport"}},{"type":"Feature","geometry":{"type":"Point","coordinates":[-81.978,26.68221]},"properties":{"probability":0.227,"inBuffer":false,"facType":"fire"}},{"type":"Feature","geometry":{"type":"Point","coordinates":[-81.97352,26.68221]},"properties":{"probability":0.24,"inBuffer":false,"facType":"fire"}},{"type":"Feature","geometry":{"type":"Point","coordinates":[-81.96902,26.68221]},"properties":{"probability":0.229,"inBuffer":false,"facType":"fire"}},{"type":"Feature","geometry":{"type":"Point","coordinates":[-81.96453,26.68221]},"properties":{"probability":0.229,"inBuffer":false,"facType":"fire"}},{"type":"Feature","geometry":{"type":"Point","coordinates":[-81.96004,26.68221]},"properties":{"probability":0.282,"inBuffer":false,"facType":"fire"}},{"type":"Feature","geometry":{"type":"Point","coordinates":[-81.95555,26.68221]},"properties":{"probability":0.278,"inBuffer":true,"facType":"fire"}},{"type":"Feature","geometry":{"type":"Point","coordinates":[-81.95106,26.68221]},"properties":{"probability":0.242,"inBuffer":true,"facType":"fire"}},{"type":"Feature","geometry":{"type":"Point","coordinates":[-81.94656,26.68221]},"properties":{"probability":0.259,"inBuffer":true,"facType":"fire"}},{"type":"Feature","geometry":{"type":"Point","coordinates":[-81.94208,26.68221]},"properties":{"probability":0.394,"inBuffer":false,"facType":"fire"}},{"type":"Feature","geometry":{"type":"Point","coordinates":[-81.93758,26.68221]},"properties":{"probability":0.383,"inBuffer":false,"facType":"fire"}},{"type":"Feature","geometry":{"type":"Point","coordinates":[-81.93309,26.68221]},"properties":{"probability":0.324,"inBuffer":false,"facType":"hospital"}},{"type":"Feature","geometry":{"type":"Point","coordinates":[-81.9286,26.68221]},"properties":{"probability":0.474,"inBuffer":false,"facType":"hospital"}},{"type":"Feature","geometry":{"type":"Point","coordinates":[-81.92411,26.68221]},"properties":{"probability":0.504,"inBuffer":true,"facType":"hospital"}},{"type":"Feature","geometry":{"type":"Point","coordinates":[-81.91962,26.68221]},"properties":{"probability":0.402,"inBuffer":true,"facType":"hospital"}},{"type":"Feature","geometry":{"type":"Point","coordinates":[-81.91512,26.68221]},"properties":{"probability":0.403,"inBuffer":true,"facType":"hospital"}},{"type":"Feature","geometry":{"type":"Point","coordinates":[-81.91064,26.68221]},"properties":{"probability":0.473,"inBuffer":false,"facType":"hospital"}},{"type":"Feature","geometry":{"type":"Point","coordinates":[-81.90614,26.68221]},"properties":{"probability":0.504,"inBuffer":false,"facType":"fire"}},{"type":"Feature","geometry":{"type":"Point","coordinates":[-81.90165,26.68221]},"properties":{"probability":0.584,"inBuffer":false,"facType":"fire"}},{"type":"Feature","geometry":{"type":"Point","coordinates":[-81.89716,26.68221]},"properties":{"probability":0.569,"inBuffer":false,"facType":"substation"}},{"type":"Feature","geometry":{"type":"Point","coordinates":[-81.89267,26.68221]},"properties":{"probability":0.403,"inBuffer":false,"facType":"substation"}},{"type":"Feature","geometry":{"type":"Point","coordinates":[-81.88818,26.68221]},"properties":{"probability":0.436,"inBuffer":false,"facType":"substation"}},{"type":"Feature","geometry":{"type":"Point","coordinates":[-81.88368,26.68221]},"properties":{"probability":0.515,"inBuffer":false,"facType":"substation"}},{"type":"Feature","geometry":{"type":"Point","coordinates":[-81.8792,26.68221]},"properties":{"probability":0.567,"inBuffer":false,"facType":"police"}},{"type":"Feature","geometry":{"type":"Point","coordinates":[-81.8747,26.68221]},"properties":{"probability":0.429,"inBuffer":false,"facType":"police"}},{"type":"Feature","geometry":{"type":"Point","coordinates":[-81.87021,26.68221]},"properties":{"probability":0.381,"inBuffer":false,"facType":"police"}},{"type":"Feature","geometry":{"type":"Point","coordinates":[-81.86572,26.68221]},"properties":{"probability":0.392,"inBuffer":false,"facType":"fire"}},{"type":"Feature","geometry":{"type":"Point","coordinates":[-81.86123,26.68221]},"properties":{"probability":0.268,"inBuffer":false,"facType":"fire"}},{"type":"Feature","geometry":{"type":"Point","coordinates":[-81.85674,26.68221]},"properties":{"probability":0.246,"inBuffer":false,"facType":"fire"}},{"type":"Feature","geometry":{"type":"Point","coordinates":[-81.85224,26.68221]},"properties":{"probability":0.235,"inBuffer":false,"facType":"fire"}},{"type":"Feature","geometry":{"type":"Point","coordinates":[-81.84775,26.68221]},"properties":{"probability":0.235,"inBuffer":false,"facType":"fire"}},{"type":"Feature","geometry":{"type":"Point","coordinates":[-81.82529,26.68221]},"properties":{"probability":0.222,"inBuffer":false,"facType":"fire"}},{"type":"Feature","geometry":{"type":"Point","coordinates":[-81.8208,26.68221]},"properties":{"probability":0.238,"inBuffer":false,"facType":"fire"}},{"type":"Feature","geometry":{"type":"Point","coordinates":[-81.81631,26.68221]},"properties":{"probability":0.264,"inBuffer":false,"facType":"fire"}},{"type":"Feature","geometry":{"type":"Point","coordinates":[-81.81182,26.68221]},"properties":{"probability":0.541,"inBuffer":false,"facType":"fire"}},{"type":"Feature","geometry":{"type":"Point","coordinates":[-81.80733,26.68221]},"properties":{"probability":0.55,"inBuffer":false,"facType":"fire"}},{"type":"Feature","geometry":{"type":"Point","coordinates":[-81.80283,26.68221]},"properties":{"probability":0.551,"inBuffer":false,"facType":"fire"}},{"type":"Feature","geometry":{"type":"Point","coordinates":[-81.79835,26.68221]},"properties":{"probability":0.496,"inBuffer":false,"facType":"fire"}},{"type":"Feature","geometry":{"type":"Point","coordinates":[-81.79385,26.68221]},"properties":{"probability":0.38,"inBuffer":false,"facType":"fire"}},{"type":"Feature","geometry":{"type":"Point","coordinates":[-81.78936,26.68221]},"properties":{"probability":0.26,"inBuffer":false,"facType":"substation"}},{"type":"Feature","geometry":{"type":"Point","coordinates":[-81.78487,26.68221]},"properties":{"probability":0.224,"inBuffer":false,"facType":"substation"}},{"type":"Feature","geometry":{"type":"Point","coordinates":[-82.01843,26.67772]},"properties":{"probability":0.207,"inBuffer":false,"facType":"airport"}},{"type":"Feature","geometry":{"type":"Point","coordinates":[-82.01394,26.67772]},"properties":{"probability":0.221,"inBuffer":false,"facType":"airport"}},{"type":"Feature","geometry":{"type":"Point","coordinates":[-82.00945,26.67772]},"properties":{"probability":0.246,"inBuffer":false,"facType":"airport"}},{"type":"Feature","geometry":{"type":"Point","coordinates":[-82.00496,26.67772]},"properties":{"probability":0.249,"inBuffer":false,"facType":"airport"}},{"type":"Feature","geometry":{"type":"Point","coordinates":[-82.00047,26.67772]},"properties":{"probability":0.204,"inBuffer":false,"facType":"airport"}},{"type":"Feature","geometry":{"type":"Point","coordinates":[-81.99597,26.67772]},"properties":{"probability":0.241,"inBuffer":false,"facType":"airport"}},{"type":"Feature","geometry":{"type":"Point","coordinates":[-81.99148,26.67772]},"properties":{"probability":0.243,"inBuffer":false,"facType":"airport"}},{"type":"Feature","geometry":{"type":"Point","coordinates":[-81.98699,26.67772]},"properties":{"probability":0.214,"inBuffer":false,"facType":"fire"}},{"type":"Feature","geometry":{"type":"Point","coordinates":[-81.9825,26.67772]},"properties":{"probability":0.193,"inBuffer":false,"facType":"fire"}},{"type":"Feature","geometry":{"type":"Point","coordinates":[-81.978,26.67772]},"properties":{"probability":0.238,"inBuffer":false,"facType":"fire"}},{"type":"Feature","geometry":{"type":"Point","coordinates":[-81.97352,26.67772]},"properties":{"probability":0.257,"inBuffer":false,"facType":"fire"}},{"type":"Feature","geometry":{"type":"Point","coordinates":[-81.96902,26.67772]},"properties":{"probability":0.225,"inBuffer":false,"facType":"fire"}},{"type":"Feature","geometry":{"type":"Point","coordinates":[-81.96453,26.67772]},"properties":{"probability":0.229,"inBuffer":false,"facType":"fire"}},{"type":"Feature","geometry":{"type":"Point","coordinates":[-81.96004,26.67772]},"properties":{"probability":0.225,"inBuffer":false,"facType":"fire"}},{"type":"Feature","geometry":{"type":"Point","coordinates":[-81.95555,26.67772]},"properties":{"probability":0.234,"inBuffer":true,"facType":"fire"}},{"type":"Feature","geometry":{"type":"Point","coordinates":[-81.95106,26.67772]},"properties":{"probability":0.238,"inBuffer":true,"facType":"fire"}},{"type":"Feature","geometry":{"type":"Point","coordinates":[-81.94656,26.67772]},"properties":{"probability":0.242,"inBuffer":false,"facType":"fire"}},{"type":"Feature","geometry":{"type":"Point","coordinates":[-81.94208,26.67772]},"properties":{"probability":0.366,"inBuffer":false,"facType":"fire"}},{"type":"Feature","geometry":{"type":"Point","coordinates":[-81.93758,26.67772]},"properties":{"probability":0.378,"inBuffer":false,"facType":"fire"}},{"type":"Feature","geometry":{"type":"Point","coordinates":[-81.93309,26.67772]},"properties":{"probability":0.677,"inBuffer":false,"facType":"hospital"}},{"type":"Feature","geometry":{"type":"Point","coordinates":[-81.9286,26.67772]},"properties":{"probability":0.704,"inBuffer":false,"facType":"hospital"}},{"type":"Feature","geometry":{"type":"Point","coordinates":[-81.92411,26.67772]},"properties":{"probability":0.678,"inBuffer":false,"facType":"hospital"}},{"type":"Feature","geometry":{"type":"Point","coordinates":[-81.91962,26.67772]},"properties":{"probability":0.42,"inBuffer":false,"facType":"hospital"}},{"type":"Feature","geometry":{"type":"Point","coordinates":[-81.91512,26.67772]},"properties":{"probability":0.322,"inBuffer":false,"facType":"fire"}},{"type":"Feature","geometry":{"type":"Point","coordinates":[-81.91064,26.67772]},"properties":{"probability":0.323,"inBuffer":true,"facType":"fire"}},{"type":"Feature","geometry":{"type":"Point","coordinates":[-81.90614,26.67772]},"properties":{"probability":0.347,"inBuffer":false,"facType":"fire"}},{"type":"Feature","geometry":{"type":"Point","coordinates":[-81.90165,26.67772]},"properties":{"probability":0.477,"inBuffer":false,"facType":"fire"}},{"type":"Feature","geometry":{"type":"Point","coordinates":[-81.89716,26.67772]},"properties":{"probability":0.502,"inBuffer":false,"facType":"substation"}},{"type":"Feature","geometry":{"type":"Point","coordinates":[-81.89267,26.67772]},"properties":{"probability":0.384,"inBuffer":false,"facType":"substation"}},{"type":"Feature","geometry":{"type":"Point","coordinates":[-81.88818,26.67772]},"properties":{"probability":0.352,"inBuffer":false,"facType":"substation"}},{"type":"Feature","geometry":{"type":"Point","coordinates":[-81.88368,26.67772]},"properties":{"probability":0.488,"inBuffer":false,"facType":"substation"}},{"type":"Feature","geometry":{"type":"Point","coordinates":[-81.8792,26.67772]},"properties":{"probability":0.558,"inBuffer":false,"facType":"police"}},{"type":"Feature","geometry":{"type":"Point","coordinates":[-81.8747,26.67772]},"properties":{"probability":0.466,"inBuffer":false,"facType":"police"}},{"type":"Feature","geometry":{"type":"Point","coordinates":[-81.87021,26.67772]},"properties":{"probability":0.291,"inBuffer":false,"facType":"police"}},{"type":"Feature","geometry":{"type":"Point","coordinates":[-81.86572,26.67772]},"properties":{"probability":0.285,"inBuffer":false,"facType":"police"}},{"type":"Feature","geometry":{"type":"Point","coordinates":[-81.86123,26.67772]},"properties":{"probability":0.206,"inBuffer":false,"facType":"police"}},{"type":"Feature","geometry":{"type":"Point","coordinates":[-81.85674,26.67772]},"properties":{"probability":0.249,"inBuffer":false,"facType":"fire"}},{"type":"Feature","geometry":{"type":"Point","coordinates":[-81.82979,26.67772]},"properties":{"probability":0.24,"inBuffer":false,"facType":"fire"}},{"type":"Feature","geometry":{"type":"Point","coordinates":[-81.82529,26.67772]},"properties":{"probability":0.251,"inBuffer":false,"facType":"fire"}},{"type":"Feature","geometry":{"type":"Point","coordinates":[-81.8208,26.67772]},"properties":{"probability":0.382,"inBuffer":false,"facType":"fire"}},{"type":"Feature","geometry":{"type":"Point","coordinates":[-81.81631,26.67772]},"properties":{"probability":0.397,"inBuffer":false,"facType":"fire"}},{"type":"Feature","geometry":{"type":"Point","coordinates":[-81.81182,26.67772]},"properties":{"probability":0.445,"inBuffer":false,"facType":"fire"}},{"type":"Feature","geometry":{"type":"Point","coordinates":[-81.80733,26.67772]},"properties":{"probability":0.476,"inBuffer":false,"facType":"fire"}},{"type":"Feature","geometry":{"type":"Point","coordinates":[-81.80283,26.67772]},"properties":{"probability":0.473,"inBuffer":true,"facType":"fire"}},{"type":"Feature","geometry":{"type":"Point","coordinates":[-81.79835,26.67772]},"properties":{"probability":0.387,"inBuffer":false,"facType":"fire"}},{"type":"Feature","geometry":{"type":"Point","coordinates":[-81.79385,26.67772]},"properties":{"probability":0.347,"inBuffer":false,"facType":"fire"}},{"type":"Feature","geometry":{"type":"Point","coordinates":[-81.78936,26.67772]},"properties":{"probability":0.247,"inBuffer":false,"facType":"fire"}},{"type":"Feature","geometry":{"type":"Point","coordinates":[-81.78487,26.67772]},"properties":{"probability":0.228,"inBuffer":false,"facType":"substation"}},{"type":"Feature","geometry":{"type":"Point","coordinates":[-81.77139,26.67772]},"properties":{"probability":0.225,"inBuffer":false,"facType":"substation"}},{"type":"Feature","geometry":{"type":"Point","coordinates":[-81.76691,26.67772]},"properties":{"probability":0.239,"inBuffer":false,"facType":"substation"}},{"type":"Feature","geometry":{"type":"Point","coordinates":[-81.73097,26.67772]},"properties":{"probability":0.214,"inBuffer":false,"facType":"fire"}},{"type":"Feature","geometry":{"type":"Point","coordinates":[-81.72648,26.67772]},"properties":{"probability":0.187,"inBuffer":false,"facType":"fire"}},{"type":"Feature","geometry":{"type":"Point","coordinates":[-81.72198,26.67772]},"properties":{"probability":0.166,"inBuffer":false,"facType":"fire"}},{"type":"Feature","geometry":{"type":"Point","coordinates":[-82.01843,26.67323]},"properties":{"probability":0.254,"inBuffer":false,"facType":"fire"}},{"type":"Feature","geometry":{"type":"Point","coordinates":[-82.01394,26.67323]},"properties":{"probability":0.228,"inBuffer":false,"facType":"fire"}},{"type":"Feature","geometry":{"type":"Point","coordinates":[-82.00945,26.67323]},"properties":{"probability":0.243,"inBuffer":false,"facType":"fire"}},{"type":"Feature","geometry":{"type":"Point","coordinates":[-82.00496,26.67323]},"properties":{"probability":0.246,"inBuffer":false,"facType":"fire"}},{"type":"Feature","geometry":{"type":"Point","coordinates":[-82.00047,26.67323]},"properties":{"probability":0.217,"inBuffer":false,"facType":"fire"}},{"type":"Feature","geometry":{"type":"Point","coordinates":[-81.99597,26.67323]},"properties":{"probability":0.2,"inBuffer":false,"facType":"fire"}},{"type":"Feature","geometry":{"type":"Point","coordinates":[-81.99148,26.67323]},"properties":{"probability":0.244,"inBuffer":false,"facType":"fire"}},{"type":"Feature","geometry":{"type":"Point","coordinates":[-81.98699,26.67323]},"properties":{"probability":0.247,"inBuffer":false,"facType":"fire"}},{"type":"Feature","geometry":{"type":"Point","coordinates":[-81.9825,26.67323]},"properties":{"probability":0.214,"inBuffer":false,"facType":"fire"}},{"type":"Feature","geometry":{"type":"Point","coordinates":[-81.978,26.67323]},"properties":{"probability":0.234,"inBuffer":false,"facType":"fire"}},{"type":"Feature","geometry":{"type":"Point","coordinates":[-81.97352,26.67323]},"properties":{"probability":0.225,"inBuffer":false,"facType":"fire"}},{"type":"Feature","geometry":{"type":"Point","coordinates":[-81.96902,26.67323]},"properties":{"probability":0.239,"inBuffer":false,"facType":"fire"}},{"type":"Feature","geometry":{"type":"Point","coordinates":[-81.96453,26.67323]},"properties":{"probability":0.231,"inBuffer":false,"facType":"fire"}},{"type":"Feature","geometry":{"type":"Point","coordinates":[-81.96004,26.67323]},"properties":{"probability":0.233,"inBuffer":false,"facType":"fire"}},{"type":"Feature","geometry":{"type":"Point","coordinates":[-81.95555,26.67323]},"properties":{"probability":0.225,"inBuffer":false,"facType":"fire"}},{"type":"Feature","geometry":{"type":"Point","coordinates":[-81.95106,26.67323]},"properties":{"probability":0.229,"inBuffer":false,"facType":"fire"}},{"type":"Feature","geometry":{"type":"Point","coordinates":[-81.94656,26.67323]},"properties":{"probability":0.248,"inBuffer":false,"facType":"fire"}},{"type":"Feature","geometry":{"type":"Point","coordinates":[-81.94208,26.67323]},"properties":{"probability":0.525,"inBuffer":false,"facType":"fire"}},{"type":"Feature","geometry":{"type":"Point","coordinates":[-81.93758,26.67323]},"properties":{"probability":0.607,"inBuffer":false,"facType":"fire"}},{"type":"Feature","geometry":{"type":"Point","coordinates":[-81.93309,26.67323]},"properties":{"probability":0.724,"inBuffer":false,"facType":"hospital"}},{"type":"Feature","geometry":{"type":"Point","coordinates":[-81.9286,26.67323]},"properties":{"probability":0.766,"inBuffer":false,"facType":"hospital"}},{"type":"Feature","geometry":{"type":"Point","coordinates":[-81.92411,26.67323]},"properties":{"probability":0.71,"inBuffer":false,"facType":"hospital"}},{"type":"Feature","geometry":{"type":"Point","coordinates":[-81.91962,26.67323]},"properties":{"probability":0.387,"inBuffer":false,"facType":"fire"}},{"type":"Feature","geometry":{"type":"Point","coordinates":[-81.91512,26.67323]},"properties":{"probability":0.331,"inBuffer":true,"facType":"fire"}},{"type":"Feature","geometry":{"type":"Point","coordinates":[-81.91064,26.67323]},"properties":{"probability":0.278,"inBuffer":true,"facType":"fire"}},{"type":"Feature","geometry":{"type":"Point","coordinates":[-81.90614,26.67323]},"properties":{"probability":0.24,"inBuffer":true,"facType":"fire"}},{"type":"Feature","geometry":{"type":"Point","coordinates":[-81.90165,26.67323]},"properties":{"probability":0.237,"inBuffer":false,"facType":"fire"}},{"type":"Feature","geometry":{"type":"Point","coordinates":[-81.89716,26.67323]},"properties":{"probability":0.398,"inBuffer":false,"facType":"substation"}},{"type":"Feature","geometry":{"type":"Point","coordinates":[-81.89267,26.67323]},"properties":{"probability":0.414,"inBuffer":false,"facType":"substation"}},{"type":"Feature","geometry":{"type":"Point","coordinates":[-81.88818,26.67323]},"properties":{"probability":0.443,"inBuffer":false,"facType":"substation"}},{"type":"Feature","geometry":{"type":"Point","coordinates":[-81.88368,26.67323]},"properties":{"probability":0.469,"inBuffer":true,"facType":"police"}},{"type":"Feature","geometry":{"type":"Point","coordinates":[-81.8792,26.67323]},"properties":{"probability":0.496,"inBuffer":false,"facType":"police"}},{"type":"Feature","geometry":{"type":"Point","coordinates":[-81.8747,26.67323]},"properties":{"probability":0.379,"inBuffer":false,"facType":"police"}},{"type":"Feature","geometry":{"type":"Point","coordinates":[-81.87021,26.67323]},"properties":{"probability":0.213,"inBuffer":false,"facType":"police"}},{"type":"Feature","geometry":{"type":"Point","coordinates":[-81.86572,26.67323]},"properties":{"probability":0.22,"inBuffer":false,"facType":"police"}},{"type":"Feature","geometry":{"type":"Point","coordinates":[-81.83877,26.67323]},"properties":{"probability":0.267,"inBuffer":false,"facType":"fire"}},{"type":"Feature","geometry":{"type":"Point","coordinates":[-81.83427,26.67323]},"properties":{"probability":0.465,"inBuffer":false,"facType":"fire"}},{"type":"Feature","geometry":{"type":"Point","coordinates":[-81.82979,26.67323]},"properties":{"probability":0.395,"inBuffer":false,"facType":"fire"}},{"type":"Feature","geometry":{"type":"Point","coordinates":[-81.82529,26.67323]},"properties":{"probability":0.445,"inBuffer":false,"facType":"fire"}},{"type":"Feature","geometry":{"type":"Point","coordinates":[-81.8208,26.67323]},"properties":{"probability":0.449,"inBuffer":false,"facType":"fire"}},{"type":"Feature","geometry":{"type":"Point","coordinates":[-81.81631,26.67323]},"properties":{"probability":0.4,"inBuffer":false,"facType":"fire"}},{"type":"Feature","geometry":{"type":"Point","coordinates":[-81.81182,26.67323]},"properties":{"probability":0.41,"inBuffer":false,"facType":"fire"}},{"type":"Feature","geometry":{"type":"Point","coordinates":[-81.80733,26.67323]},"properties":{"probability":0.388,"inBuffer":true,"facType":"fire"}},{"type":"Feature","geometry":{"type":"Point","coordinates":[-81.80283,26.67323]},"properties":{"probability":0.391,"inBuffer":true,"facType":"fire"}},{"type":"Feature","geometry":{"type":"Point","coordinates":[-81.79835,26.67323]},"properties":{"probability":0.369,"inBuffer":true,"facType":"fire"}},{"type":"Feature","geometry":{"type":"Point","coordinates":[-81.79385,26.67323]},"properties":{"probability":0.373,"inBuffer":false,"facType":"fire"}},{"type":"Feature","geometry":{"type":"Point","coordinates":[-81.78936,26.67323]},"properties":{"probability":0.342,"inBuffer":false,"facType":"fire"}},{"type":"Feature","geometry":{"type":"Point","coordinates":[-81.78487,26.67323]},"properties":{"probability":0.25,"inBuffer":false,"facType":"substation"}},{"type":"Feature","geometry":{"type":"Point","coordinates":[-81.77589,26.67323]},"properties":{"probability":0.274,"inBuffer":false,"facType":"substation"}},{"type":"Feature","geometry":{"type":"Point","coordinates":[-81.77139,26.67323]},"properties":{"probability":0.335,"inBuffer":false,"facType":"substation"}},{"type":"Feature","geometry":{"type":"Point","coordinates":[-81.76691,26.67323]},"properties":{"probability":0.345,"inBuffer":false,"facType":"substation"}},{"type":"Feature","geometry":{"type":"Point","coordinates":[-81.73546,26.67323]},"properties":{"probability":0.213,"inBuffer":false,"facType":"fire"}},{"type":"Feature","geometry":{"type":"Point","coordinates":[-81.73097,26.67323]},"properties":{"probability":0.215,"inBuffer":false,"facType":"fire"}},{"type":"Feature","geometry":{"type":"Point","coordinates":[-82.01843,26.66874]},"properties":{"probability":0.234,"inBuffer":false,"facType":"fire"}},{"type":"Feature","geometry":{"type":"Point","coordinates":[-82.01394,26.66874]},"properties":{"probability":0.241,"inBuffer":false,"facType":"fire"}},{"type":"Feature","geometry":{"type":"Point","coordinates":[-82.00945,26.66874]},"properties":{"probability":0.276,"inBuffer":false,"facType":"fire"}},{"type":"Feature","geometry":{"type":"Point","coordinates":[-82.00496,26.66874]},"properties":{"probability":0.253,"inBuffer":false,"facType":"fire"}},{"type":"Feature","geometry":{"type":"Point","coordinates":[-82.00047,26.66874]},"properties":{"probability":0.22,"inBuffer":false,"facType":"fire"}},{"type":"Feature","geometry":{"type":"Point","coordinates":[-81.99597,26.66874]},"properties":{"probability":0.204,"inBuffer":false,"facType":"fire"}},{"type":"Feature","geometry":{"type":"Point","coordinates":[-81.99148,26.66874]},"properties":{"probability":0.227,"inBuffer":false,"facType":"fire"}},{"type":"Feature","geometry":{"type":"Point","coordinates":[-81.98699,26.66874]},"properties":{"probability":0.24,"inBuffer":false,"facType":"fire"}},{"type":"Feature","geometry":{"type":"Point","coordinates":[-81.9825,26.66874]},"properties":{"probability":0.237,"inBuffer":false,"facType":"fire"}},{"type":"Feature","geometry":{"type":"Point","coordinates":[-81.978,26.66874]},"properties":{"probability":0.271,"inBuffer":false,"facType":"fire"}},{"type":"Feature","geometry":{"type":"Point","coordinates":[-81.97352,26.66874]},"properties":{"probability":0.258,"inBuffer":false,"facType":"fire"}},{"type":"Feature","geometry":{"type":"Point","coordinates":[-81.96902,26.66874]},"properties":{"probability":0.225,"inBuffer":false,"facType":"fire"}},{"type":"Feature","geometry":{"type":"Point","coordinates":[-81.96453,26.66874]},"properties":{"probability":0.23,"inBuffer":false,"facType":"fire"}},{"type":"Feature","geometry":{"type":"Point","coordinates":[-81.96004,26.66874]},"properties":{"probability":0.23,"inBuffer":false,"facType":"fire"}},{"type":"Feature","geometry":{"type":"Point","coordinates":[-81.95555,26.66874]},"properties":{"probability":0.242,"inBuffer":false,"facType":"fire"}},{"type":"Feature","geometry":{"type":"Point","coordinates":[-81.95106,26.66874]},"properties":{"probability":0.338,"inBuffer":false,"facType":"fire"}},{"type":"Feature","geometry":{"type":"Point","coordinates":[-81.94656,26.66874]},"properties":{"probability":0.387,"inBuffer":false,"facType":"fire"}},{"type":"Feature","geometry":{"type":"Point","coordinates":[-81.94208,26.66874]},"properties":{"probability":0.636,"inBuffer":false,"facType":"fire"}},{"type":"Feature","geometry":{"type":"Point","coordinates":[-81.93758,26.66874]},"properties":{"probability":0.719,"inBuffer":false,"facType":"fire"}},{"type":"Feature","geometry":{"type":"Point","coordinates":[-81.93309,26.66874]},"properties":{"probability":0.673,"inBuffer":false,"facType":"substation"}},{"type":"Feature","geometry":{"type":"Point","coordinates":[-81.9286,26.66874]},"properties":{"probability":0.69,"inBuffer":false,"facType":"substation"}},{"type":"Feature","geometry":{"type":"Point","coordinates":[-81.92411,26.66874]},"properties":{"probability":0.665,"inBuffer":false,"facType":"fire"}},{"type":"Feature","geometry":{"type":"Point","coordinates":[-81.91962,26.66874]},"properties":{"probability":0.51,"inBuffer":false,"facType":"fire"}},{"type":"Feature","geometry":{"type":"Point","coordinates":[-81.91512,26.66874]},"properties":{"probability":0.494,"inBuffer":true,"facType":"fire"}},{"type":"Feature","geometry":{"type":"Point","coordinates":[-81.91064,26.66874]},"properties":{"probability":0.384,"inBuffer":true,"facType":"fire"}},{"type":"Feature","geometry":{"type":"Point","coordinates":[-81.90614,26.66874]},"properties":{"probability":0.381,"inBuffer":true,"facType":"fire"}},{"type":"Feature","geometry":{"type":"Point","coordinates":[-81.90165,26.66874]},"properties":{"probability":0.367,"inBuffer":false,"facType":"fire"}},{"type":"Feature","geometry":{"type":"Point","coordinates":[-81.89716,26.66874]},"properties":{"probability":0.441,"inBuffer":false,"facType":"substation"}},{"type":"Feature","geometry":{"type":"Point","coordinates":[-81.89267,26.66874]},"properties":{"probability":0.516,"inBuffer":false,"facType":"substation"}},{"type":"Feature","geometry":{"type":"Point","coordinates":[-81.88818,26.66874]},"properties":{"probability":0.534,"inBuffer":true,"facType":"substation"}},{"type":"Feature","geometry":{"type":"Point","coordinates":[-81.88368,26.66874]},"properties":{"probability":0.55,"inBuffer":true,"facType":"police"}},{"type":"Feature","geometry":{"type":"Point","coordinates":[-81.8792,26.66874]},"properties":{"probability":0.494,"inBuffer":true,"facType":"police"}},{"type":"Feature","geometry":{"type":"Point","coordinates":[-81.8747,26.66874]},"properties":{"probability":0.251,"inBuffer":false,"facType":"police"}},{"type":"Feature","geometry":{"type":"Point","coordinates":[-81.87021,26.66874]},"properties":{"probability":0.211,"inBuffer":false,"facType":"police"}},{"type":"Feature","geometry":{"type":"Point","coordinates":[-81.84775,26.66874]},"properties":{"probability":0.253,"inBuffer":false,"facType":"fire"}},{"type":"Feature","geometry":{"type":"Point","coordinates":[-81.84326,26.66874]},"properties":{"probability":0.209,"inBuffer":false,"facType":"fire"}},{"type":"Feature","geometry":{"type":"Point","coordinates":[-81.83877,26.66874]},"properties":{"probability":0.239,"inBuffer":false,"facType":"fire"}},{"type":"Feature","geometry":{"type":"Point","coordinates":[-81.83427,26.66874]},"properties":{"probability":0.486,"inBuffer":false,"facType":"fire"}},{"type":"Feature","geometry":{"type":"Point","coordinates":[-81.82979,26.66874]},"properties":{"probability":0.572,"inBuffer":false,"facType":"fire"}},{"type":"Feature","geometry":{"type":"Point","coordinates":[-81.82529,26.66874]},"properties":{"probability":0.564,"inBuffer":false,"facType":"substation"}},{"type":"Feature","geometry":{"type":"Point","coordinates":[-81.8208,26.66874]},"properties":{"probability":0.445,"inBuffer":false,"facType":"fire"}},{"type":"Feature","geometry":{"type":"Point","coordinates":[-81.81631,26.66874]},"properties":{"probability":0.372,"inBuffer":false,"facType":"fire"}},{"type":"Feature","geometry":{"type":"Point","coordinates":[-81.81182,26.66874]},"properties":{"probability":0.447,"inBuffer":false,"facType":"fire"}},{"type":"Feature","geometry":{"type":"Point","coordinates":[-81.80733,26.66874]},"properties":{"probability":0.535,"inBuffer":true,"facType":"fire"}},{"type":"Feature","geometry":{"type":"Point","coordinates":[-81.80283,26.66874]},"properties":{"probability":0.502,"inBuffer":true,"facType":"fire"}},{"type":"Feature","geometry":{"type":"Point","coordinates":[-81.79835,26.66874]},"properties":{"probability":0.369,"inBuffer":true,"facType":"fire"}},{"type":"Feature","geometry":{"type":"Point","coordinates":[-81.79385,26.66874]},"properties":{"probability":0.358,"inBuffer":false,"facType":"fire"}},{"type":"Feature","geometry":{"type":"Point","coordinates":[-81.78936,26.66874]},"properties":{"probability":0.375,"inBuffer":false,"facType":"fire"}},{"type":"Feature","geometry":{"type":"Point","coordinates":[-81.78487,26.66874]},"properties":{"probability":0.285,"inBuffer":false,"facType":"substation"}},{"type":"Feature","geometry":{"type":"Point","coordinates":[-81.78038,26.66874]},"properties":{"probability":0.233,"inBuffer":false,"facType":"substation"}},{"type":"Feature","geometry":{"type":"Point","coordinates":[-81.77589,26.66874]},"properties":{"probability":0.204,"inBuffer":false,"facType":"substation"}},{"type":"Feature","geometry":{"type":"Point","coordinates":[-81.77139,26.66874]},"properties":{"probability":0.258,"inBuffer":false,"facType":"substation"}},{"type":"Feature","geometry":{"type":"Point","coordinates":[-81.76691,26.66874]},"properties":{"probability":0.272,"inBuffer":false,"facType":"substation"}},{"type":"Feature","geometry":{"type":"Point","coordinates":[-82.01843,26.66424]},"properties":{"probability":0.22,"inBuffer":false,"facType":"fire"}},{"type":"Feature","geometry":{"type":"Point","coordinates":[-82.01394,26.66424]},"properties":{"probability":0.237,"inBuffer":false,"facType":"fire"}},{"type":"Feature","geometry":{"type":"Point","coordinates":[-82.00945,26.66424]},"properties":{"probability":0.255,"inBuffer":false,"facType":"fire"}},{"type":"Feature","geometry":{"type":"Point","coordinates":[-82.00496,26.66424]},"properties":{"probability":0.277,"inBuffer":false,"facType":"fire"}},{"type":"Feature","geometry":{"type":"Point","coordinates":[-82.00047,26.66424]},"properties":{"probability":0.244,"inBuffer":false,"facType":"fire"}},{"type":"Feature","geometry":{"type":"Point","coordinates":[-81.99597,26.66424]},"properties":{"probability":0.191,"inBuffer":false,"facType":"fire"}},{"type":"Feature","geometry":{"type":"Point","coordinates":[-81.99148,26.66424]},"properties":{"probability":0.237,"inBuffer":false,"facType":"fire"}},{"type":"Feature","geometry":{"type":"Point","coordinates":[-81.98699,26.66424]},"properties":{"probability":0.245,"inBuffer":false,"facType":"fire"}},{"type":"Feature","geometry":{"type":"Point","coordinates":[-81.9825,26.66424]},"properties":{"probability":0.229,"inBuffer":false,"facType":"fire"}},{"type":"Feature","geometry":{"type":"Point","coordinates":[-81.978,26.66424]},"properties":{"probability":0.265,"inBuffer":false,"facType":"fire"}},{"type":"Feature","geometry":{"type":"Point","coordinates":[-81.97352,26.66424]},"properties":{"probability":0.279,"inBuffer":false,"facType":"fire"}},{"type":"Feature","geometry":{"type":"Point","coordinates":[-81.96902,26.66424]},"properties":{"probability":0.252,"inBuffer":false,"facType":"fire"}},{"type":"Feature","geometry":{"type":"Point","coordinates":[-81.96453,26.66424]},"properties":{"probability":0.23,"inBuffer":false,"facType":"fire"}},{"type":"Feature","geometry":{"type":"Point","coordinates":[-81.96004,26.66424]},"properties":{"probability":0.246,"inBuffer":false,"facType":"fire"}},{"type":"Feature","geometry":{"type":"Point","coordinates":[-81.95555,26.66424]},"properties":{"probability":0.321,"inBuffer":false,"facType":"fire"}},{"type":"Feature","geometry":{"type":"Point","coordinates":[-81.95106,26.66424]},"properties":{"probability":0.394,"inBuffer":false,"facType":"fire"}},{"type":"Feature","geometry":{"type":"Point","coordinates":[-81.94656,26.66424]},"properties":{"probability":0.494,"inBuffer":false,"facType":"fire"}},{"type":"Feature","geometry":{"type":"Point","coordinates":[-81.94208,26.66424]},"properties":{"probability":0.61,"inBuffer":false,"facType":"substation"}},{"type":"Feature","geometry":{"type":"Point","coordinates":[-81.93758,26.66424]},"properties":{"probability":0.588,"inBuffer":false,"facType":"substation"}},{"type":"Feature","geometry":{"type":"Point","coordinates":[-81.93309,26.66424]},"properties":{"probability":0.539,"inBuffer":false,"facType":"substation"}},{"type":"Feature","geometry":{"type":"Point","coordinates":[-81.9286,26.66424]},"properties":{"probability":0.478,"inBuffer":false,"facType":"substation"}},{"type":"Feature","geometry":{"type":"Point","coordinates":[-81.92411,26.66424]},"properties":{"probability":0.488,"inBuffer":false,"facType":"substation"}},{"type":"Feature","geometry":{"type":"Point","coordinates":[-81.91962,26.66424]},"properties":{"probability":0.49,"inBuffer":false,"facType":"substation"}},{"type":"Feature","geometry":{"type":"Point","coordinates":[-81.91512,26.66424]},"properties":{"probability":0.445,"inBuffer":false,"facType":"fire"}},{"type":"Feature","geometry":{"type":"Point","coordinates":[-81.91064,26.66424]},"properties":{"probability":0.397,"inBuffer":false,"facType":"fire"}},{"type":"Feature","geometry":{"type":"Point","coordinates":[-81.90614,26.66424]},"properties":{"probability":0.418,"inBuffer":false,"facType":"fire"}},{"type":"Feature","geometry":{"type":"Point","coordinates":[-81.90165,26.66424]},"properties":{"probability":0.394,"inBuffer":false,"facType":"fire"}},{"type":"Feature","geometry":{"type":"Point","coordinates":[-81.89716,26.66424]},"properties":{"probability":0.396,"inBuffer":false,"facType":"substation"}},{"type":"Feature","geometry":{"type":"Point","coordinates":[-81.89267,26.66424]},"properties":{"probability":0.551,"inBuffer":false,"facType":"substation"}},{"type":"Feature","geometry":{"type":"Point","coordinates":[-81.88818,26.66424]},"properties":{"probability":0.692,"inBuffer":true,"facType":"police"}},{"type":"Feature","geometry":{"type":"Point","coordinates":[-81.88368,26.66424]},"properties":{"probability":0.666,"inBuffer":true,"facType":"police"}},{"type":"Feature","geometry":{"type":"Point","coordinates":[-81.8792,26.66424]},"properties":{"probability":0.498,"inBuffer":true,"facType":"police"}},{"type":"Feature","geometry":{"type":"Point","coordinates":[-81.8747,26.66424]},"properties":{"probability":0.245,"inBuffer":false,"facType":"police"}},{"type":"Feature","geometry":{"type":"Point","coordinates":[-81.87021,26.66424]},"properties":{"probability":0.264,"inBuffer":false,"facType":"police"}},{"type":"Feature","geometry":{"type":"Point","coordinates":[-81.85224,26.66424]},"properties":{"probability":0.272,"inBuffer":false,"facType":"fire"}},{"type":"Feature","geometry":{"type":"Point","coordinates":[-81.84775,26.66424]},"properties":{"probability":0.225,"inBuffer":false,"facType":"fire"}},{"type":"Feature","geometry":{"type":"Point","coordinates":[-81.84326,26.66424]},"properties":{"probability":0.404,"inBuffer":true,"facType":"fire"}},{"type":"Feature","geometry":{"type":"Point","coordinates":[-81.83877,26.66424]},"properties":{"probability":0.499,"inBuffer":false,"facType":"fire"}},{"type":"Feature","geometry":{"type":"Point","coordinates":[-81.83427,26.66424]},"properties":{"probability":0.543,"inBuffer":false,"facType":"fire"}},{"type":"Feature","geometry":{"type":"Point","coordinates":[-81.82979,26.66424]},"properties":{"probability":0.614,"inBuffer":false,"facType":"fire"}},{"type":"Feature","geometry":{"type":"Point","coordinates":[-81.82529,26.66424]},"properties":{"probability":0.533,"inBuffer":false,"facType":"substation"}},{"type":"Feature","geometry":{"type":"Point","coordinates":[-81.8208,26.66424]},"properties":{"probability":0.361,"inBuffer":false,"facType":"substation"}},{"type":"Feature","geometry":{"type":"Point","coordinates":[-81.81631,26.66424]},"properties":{"probability":0.378,"inBuffer":false,"facType":"substation"}},{"type":"Feature","geometry":{"type":"Point","coordinates":[-81.81182,26.66424]},"properties":{"probability":0.434,"inBuffer":false,"facType":"fire"}},{"type":"Feature","geometry":{"type":"Point","coordinates":[-81.80733,26.66424]},"properties":{"probability":0.579,"inBuffer":false,"facType":"fire"}},{"type":"Feature","geometry":{"type":"Point","coordinates":[-81.80283,26.66424]},"properties":{"probability":0.557,"inBuffer":false,"facType":"fire"}},{"type":"Feature","geometry":{"type":"Point","coordinates":[-81.79835,26.66424]},"properties":{"probability":0.485,"inBuffer":false,"facType":"fire"}},{"type":"Feature","geometry":{"type":"Point","coordinates":[-81.79385,26.66424]},"properties":{"probability":0.361,"inBuffer":false,"facType":"fire"}},{"type":"Feature","geometry":{"type":"Point","coordinates":[-81.78936,26.66424]},"properties":{"probability":0.325,"inBuffer":false,"facType":"fire"}},{"type":"Feature","geometry":{"type":"Point","coordinates":[-81.78487,26.66424]},"properties":{"probability":0.286,"inBuffer":false,"facType":"substation"}},{"type":"Feature","geometry":{"type":"Point","coordinates":[-81.78038,26.66424]},"properties":{"probability":0.224,"inBuffer":false,"facType":"substation"}},{"type":"Feature","geometry":{"type":"Point","coordinates":[-82.01843,26.65975]},"properties":{"probability":0.202,"inBuffer":false,"facType":"fire"}},{"type":"Feature","geometry":{"type":"Point","coordinates":[-82.01394,26.65975]},"properties":{"probability":0.222,"inBuffer":false,"facType":"fire"}},{"type":"Feature","geometry":{"type":"Point","coordinates":[-82.00945,26.65975]},"properties":{"probability":0.238,"inBuffer":false,"facType":"fire"}},{"type":"Feature","geometry":{"type":"Point","coordinates":[-82.00496,26.65975]},"properties":{"probability":0.258,"inBuffer":false,"facType":"fire"}},{"type":"Feature","geometry":{"type":"Point","coordinates":[-82.00047,26.65975]},"properties":{"probability":0.225,"inBuffer":false,"facType":"fire"}},{"type":"Feature","geometry":{"type":"Point","coordinates":[-81.99597,26.65975]},"properties":{"probability":0.25,"inBuffer":false,"facType":"fire"}},{"type":"Feature","geometry":{"type":"Point","coordinates":[-81.99148,26.65975]},"properties":{"probability":0.226,"inBuffer":false,"facType":"fire"}},{"type":"Feature","geometry":{"type":"Point","coordinates":[-81.98699,26.65975]},"properties":{"probability":0.24,"inBuffer":false,"facType":"fire"}},{"type":"Feature","geometry":{"type":"Point","coordinates":[-81.9825,26.65975]},"properties":{"probability":0.239,"inBuffer":false,"facType":"fire"}},{"type":"Feature","geometry":{"type":"Point","coordinates":[-81.978,26.65975]},"properties":{"probability":0.273,"inBuffer":false,"facType":"fire"}},{"type":"Feature","geometry":{"type":"Point","coordinates":[-81.97352,26.65975]},"properties":{"probability":0.449,"inBuffer":false,"facType":"fire"}},{"type":"Feature","geometry":{"type":"Point","coordinates":[-81.96902,26.65975]},"properties":{"probability":0.54,"inBuffer":false,"facType":"fire"}},{"type":"Feature","geometry":{"type":"Point","coordinates":[-81.96453,26.65975]},"properties":{"probability":0.506,"inBuffer":false,"facType":"fire"}},{"type":"Feature","geometry":{"type":"Point","coordinates":[-81.96004,26.65975]},"properties":{"probability":0.287,"inBuffer":false,"facType":"fire"}},{"type":"Feature","geometry":{"type":"Point","coordinates":[-81.95555,26.65975]},"properties":{"probability":0.345,"inBuffer":false,"facType":"hospital"}},{"type":"Feature","geometry":{"type":"Point","coordinates":[-81.95106,26.65975]},"properties":{"probability":0.365,"inBuffer":false,"facType":"hospital"}},{"type":"Feature","geometry":{"type":"Point","coordinates":[-81.94656,26.65975]},"properties":{"probability":0.458,"inBuffer":false,"facType":"hospital"}},{"type":"Feature","geometry":{"type":"Point","coordinates":[-81.94208,26.65975]},"properties":{"probability":0.499,"inBuffer":false,"facType":"substation"}},{"type":"Feature","geometry":{"type":"Point","coordinates":[-81.93758,26.65975]},"properties":{"probability":0.495,"inBuffer":false,"facType":"substation"}},{"type":"Feature","geometry":{"type":"Point","coordinates":[-81.93309,26.65975]},"properties":{"probability":0.423,"inBuffer":false,"facType":"substation"}},{"type":"Feature","geometry":{"type":"Point","coordinates":[-81.9286,26.65975]},"properties":{"probability":0.387,"inBuffer":false,"facType":"substation"}},{"type":"Feature","geometry":{"type":"Point","coordinates":[-81.92411,26.65975]},"properties":{"probability":0.387,"inBuffer":false,"facType":"substation"}},{"type":"Feature","geometry":{"type":"Point","coordinates":[-81.91962,26.65975]},"properties":{"probability":0.37,"inBuffer":false,"facType":"substation"}},{"type":"Feature","geometry":{"type":"Point","coordinates":[-81.91512,26.65975]},"properties":{"probability":0.381,"inBuffer":false,"facType":"substation"}},{"type":"Feature","geometry":{"type":"Point","coordinates":[-81.91064,26.65975]},"properties":{"probability":0.403,"inBuffer":false,"facType":"fire"}},{"type":"Feature","geometry":{"type":"Point","coordinates":[-81.90614,26.65975]},"properties":{"probability":0.417,"inBuffer":false,"facType":"fire"}},{"type":"Feature","geometry":{"type":"Point","coordinates":[-81.90165,26.65975]},"properties":{"probability":0.384,"inBuffer":false,"facType":"fire"}},{"type":"Feature","geometry":{"type":"Point","coordinates":[-81.89716,26.65975]},"properties":{"probability":0.365,"inBuffer":false,"facType":"substation"}},{"type":"Feature","geometry":{"type":"Point","coordinates":[-81.89267,26.65975]},"properties":{"probability":0.494,"inBuffer":false,"facType":"substation"}},{"type":"Feature","geometry":{"type":"Point","coordinates":[-81.88818,26.65975]},"properties":{"probability":0.595,"inBuffer":false,"facType":"police"}},{"type":"Feature","geometry":{"type":"Point","coordinates":[-81.88368,26.65975]},"properties":{"probability":0.575,"inBuffer":false,"facType":"police"}},{"type":"Feature","geometry":{"type":"Point","coordinates":[-81.8792,26.65975]},"properties":{"probability":0.441,"inBuffer":false,"facType":"police"}},{"type":"Feature","geometry":{"type":"Point","coordinates":[-81.8747,26.65975]},"properties":{"probability":0.233,"inBuffer":false,"facType":"police"}},{"type":"Feature","geometry":{"type":"Point","coordinates":[-81.87021,26.65975]},"properties":{"probability":0.244,"inBuffer":false,"facType":"government"}},{"type":"Feature","geometry":{"type":"Point","coordinates":[-81.86123,26.65975]},"properties":{"probability":0.332,"inBuffer":false,"facType":"government"}},{"type":"Feature","geometry":{"type":"Point","coordinates":[-81.85674,26.65975]},"properties":{"probability":0.248,"inBuffer":false,"facType":"fire"}},{"type":"Feature","geometry":{"type":"Point","coordinates":[-81.85224,26.65975]},"properties":{"probability":0.384,"inBuffer":false,"facType":"fire"}},{"type":"Feature","geometry":{"type":"Point","coordinates":[-81.84775,26.65975]},"properties":{"probability":0.448,"inBuffer":true,"facType":"fire"}},{"type":"Feature","geometry":{"type":"Point","coordinates":[-81.84326,26.65975]},"properties":{"probability":0.552,"inBuffer":true,"facType":"fire"}},{"type":"Feature","geometry":{"type":"Point","coordinates":[-81.83877,26.65975]},"properties":{"probability":0.567,"inBuffer":true,"facType":"fire"}},{"type":"Feature","geometry":{"type":"Point","coordinates":[-81.83427,26.65975]},"properties":{"probability":0.493,"inBuffer":false,"facType":"fire"}},{"type":"Feature","geometry":{"type":"Point","coordinates":[-81.82979,26.65975]},"properties":{"probability":0.501,"inBuffer":false,"facType":"fire"}},{"type":"Feature","geometry":{"type":"Point","coordinates":[-81.82529,26.65975]},"properties":{"probability":0.43,"inBuffer":false,"facType":"substation"}},{"type":"Feature","geometry":{"type":"Point","coordinates":[-81.8208,26.65975]},"properties":{"probability":0.413,"inBuffer":false,"facType":"substation"}},{"type":"Feature","geometry":{"type":"Point","coordinates":[-81.81631,26.65975]},"properties":{"probability":0.412,"inBuffer":false,"facType":"substation"}},{"type":"Feature","geometry":{"type":"Point","coordinates":[-81.81182,26.65975]},"properties":{"probability":0.414,"inBuffer":false,"facType":"substation"}},{"type":"Feature","geometry":{"type":"Point","coordinates":[-81.80733,26.65975]},"properties":{"probability":0.509,"inBuffer":false,"facType":"substation"}},{"type":"Feature","geometry":{"type":"Point","coordinates":[-81.80283,26.65975]},"properties":{"probability":0.587,"inBuffer":false,"facType":"fire"}},{"type":"Feature","geometry":{"type":"Point","coordinates":[-81.79835,26.65975]},"properties":{"probability":0.594,"inBuffer":false,"facType":"fire"}},{"type":"Feature","geometry":{"type":"Point","coordinates":[-81.79385,26.65975]},"properties":{"probability":0.482,"inBuffer":false,"facType":"fire"}},{"type":"Feature","geometry":{"type":"Point","coordinates":[-81.78936,26.65975]},"properties":{"probability":0.349,"inBuffer":false,"facType":"fire"}},{"type":"Feature","geometry":{"type":"Point","coordinates":[-81.78487,26.65975]},"properties":{"probability":0.254,"inBuffer":false,"facType":"substation"}},{"type":"Feature","geometry":{"type":"Point","coordinates":[-81.78038,26.65975]},"properties":{"probability":0.242,"inBuffer":false,"facType":"substation"}},{"type":"Feature","geometry":{"type":"Point","coordinates":[-82.01843,26.65526]},"properties":{"probability":0.214,"inBuffer":false,"facType":"fire"}},{"type":"Feature","geometry":{"type":"Point","coordinates":[-82.01394,26.65526]},"properties":{"probability":0.215,"inBuffer":false,"facType":"fire"}},{"type":"Feature","geometry":{"type":"Point","coordinates":[-82.00945,26.65526]},"properties":{"probability":0.233,"inBuffer":false,"facType":"fire"}},{"type":"Feature","geometry":{"type":"Point","coordinates":[-82.00496,26.65526]},"properties":{"probability":0.245,"inBuffer":false,"facType":"fire"}},{"type":"Feature","geometry":{"type":"Point","coordinates":[-82.00047,26.65526]},"properties":{"probability":0.216,"inBuffer":false,"facType":"fire"}},{"type":"Feature","geometry":{"type":"Point","coordinates":[-81.99597,26.65526]},"properties":{"probability":0.192,"inBuffer":false,"facType":"fire"}},{"type":"Feature","geometry":{"type":"Point","coordinates":[-81.99148,26.65526]},"properties":{"probability":0.284,"inBuffer":true,"facType":"fire"}},{"type":"Feature","geometry":{"type":"Point","coordinates":[-81.98699,26.65526]},"properties":{"probability":0.283,"inBuffer":true,"facType":"fire"}},{"type":"Feature","geometry":{"type":"Point","coordinates":[-81.9825,26.65526]},"properties":{"probability":0.392,"inBuffer":false,"facType":"fire"}},{"type":"Feature","geometry":{"type":"Point","coordinates":[-81.978,26.65526]},"properties":{"probability":0.456,"inBuffer":false,"facType":"fire"}},{"type":"Feature","geometry":{"type":"Point","coordinates":[-81.97352,26.65526]},"properties":{"probability":0.605,"inBuffer":false,"facType":"fire"}},{"type":"Feature","geometry":{"type":"Point","coordinates":[-81.96902,26.65526]},"properties":{"probability":0.672,"inBuffer":false,"facType":"fire"}},{"type":"Feature","geometry":{"type":"Point","coordinates":[-81.96453,26.65526]},"properties":{"probability":0.683,"inBuffer":false,"facType":"fire"}},{"type":"Feature","geometry":{"type":"Point","coordinates":[-81.96004,26.65526]},"properties":{"probability":0.476,"inBuffer":false,"facType":"hospital"}},{"type":"Feature","geometry":{"type":"Point","coordinates":[-81.95555,26.65526]},"properties":{"probability":0.378,"inBuffer":false,"facType":"hospital"}},{"type":"Feature","geometry":{"type":"Point","coordinates":[-81.95106,26.65526]},"properties":{"probability":0.353,"inBuffer":false,"facType":"hospital"}},{"type":"Feature","geometry":{"type":"Point","coordinates":[-81.94656,26.65526]},"properties":{"probability":0.382,"inBuffer":false,"facType":"hospital"}},{"type":"Feature","geometry":{"type":"Point","coordinates":[-81.94208,26.65526]},"properties":{"probability":0.504,"inBuffer":false,"facType":"hospital"}},{"type":"Feature","geometry":{"type":"Point","coordinates":[-81.93758,26.65526]},"properties":{"probability":0.497,"inBuffer":false,"facType":"substation"}},{"type":"Feature","geometry":{"type":"Point","coordinates":[-81.93309,26.65526]},"properties":{"probability":0.255,"inBuffer":false,"facType":"substation"}},{"type":"Feature","geometry":{"type":"Point","coordinates":[-81.9286,26.65526]},"properties":{"probability":0.367,"inBuffer":false,"facType":"substation"}},{"type":"Feature","geometry":{"type":"Point","coordinates":[-81.92411,26.65526]},"properties":{"probability":0.4,"inBuffer":false,"facType":"substation"}},{"type":"Feature","geometry":{"type":"Point","coordinates":[-81.91962,26.65526]},"properties":{"probability":0.479,"inBuffer":false,"facType":"substation"}},{"type":"Feature","geometry":{"type":"Point","coordinates":[-81.91512,26.65526]},"properties":{"probability":0.475,"inBuffer":false,"facType":"substation"}},{"type":"Feature","geometry":{"type":"Point","coordinates":[-81.91064,26.65526]},"properties":{"probability":0.478,"inBuffer":false,"facType":"substation"}},{"type":"Feature","geometry":{"type":"Point","coordinates":[-81.90614,26.65526]},"properties":{"probability":0.458,"inBuffer":false,"facType":"substation"}},{"type":"Feature","geometry":{"type":"Point","coordinates":[-81.90165,26.65526]},"properties":{"probability":0.399,"inBuffer":false,"facType":"substation"}},{"type":"Feature","geometry":{"type":"Point","coordinates":[-81.89716,26.65526]},"properties":{"probability":0.258,"inBuffer":false,"facType":"substation"}},{"type":"Feature","geometry":{"type":"Point","coordinates":[-81.89267,26.65526]},"properties":{"probability":0.253,"inBuffer":false,"facType":"police"}},{"type":"Feature","geometry":{"type":"Point","coordinates":[-81.88818,26.65526]},"properties":{"probability":0.449,"inBuffer":false,"facType":"police"}},{"type":"Feature","geometry":{"type":"Point","coordinates":[-81.88368,26.65526]},"properties":{"probability":0.5,"inBuffer":false,"facType":"police"}},{"type":"Feature","geometry":{"type":"Point","coordinates":[-81.8792,26.65526]},"properties":{"probability":0.397,"inBuffer":false,"facType":"government"}},{"type":"Feature","geometry":{"type":"Point","coordinates":[-81.8747,26.65526]},"properties":{"probability":0.251,"inBuffer":false,"facType":"government"}},{"type":"Feature","geometry":{"type":"Point","coordinates":[-81.87021,26.65526]},"properties":{"probability":0.249,"inBuffer":false,"facType":"government"}},{"type":"Feature","geometry":{"type":"Point","coordinates":[-81.86572,26.65526]},"properties":{"probability":0.246,"inBuffer":false,"facType":"government"}},{"type":"Feature","geometry":{"type":"Point","coordinates":[-81.86123,26.65526]},"properties":{"probability":0.253,"inBuffer":false,"facType":"government"}},{"type":"Feature","geometry":{"type":"Point","coordinates":[-81.85674,26.65526]},"properties":{"probability":0.402,"inBuffer":false,"facType":"fire"}},{"type":"Feature","geometry":{"type":"Point","coordinates":[-81.85224,26.65526]},"properties":{"probability":0.5,"inBuffer":false,"facType":"fire"}},{"type":"Feature","geometry":{"type":"Point","coordinates":[-81.84775,26.65526]},"properties":{"probability":0.532,"inBuffer":true,"facType":"fire"}},{"type":"Feature","geometry":{"type":"Point","coordinates":[-81.84326,26.65526]},"properties":{"probability":0.531,"inBuffer":true,"facType":"fire"}},{"type":"Feature","geometry":{"type":"Point","coordinates":[-81.83877,26.65526]},"properties":{"probability":0.458,"inBuffer":true,"facType":"fire"}},{"type":"Feature","geometry":{"type":"Point","coordinates":[-81.83427,26.65526]},"properties":{"probability":0.432,"inBuffer":false,"facType":"fire"}},{"type":"Feature","geometry":{"type":"Point","coordinates":[-81.82979,26.65526]},"properties":{"probability":0.413,"inBuffer":false,"facType":"fire"}},{"type":"Feature","geometry":{"type":"Point","coordinates":[-81.82529,26.65526]},"properties":{"probability":0.374,"inBuffer":false,"facType":"substation"}},{"type":"Feature","geometry":{"type":"Point","coordinates":[-81.8208,26.65526]},"properties":{"probability":0.449,"inBuffer":false,"facType":"substation"}},{"type":"Feature","geometry":{"type":"Point","coordinates":[-81.81631,26.65526]},"properties":{"probability":0.509,"inBuffer":false,"facType":"substation"}},{"type":"Feature","geometry":{"type":"Point","coordinates":[-81.81182,26.65526]},"properties":{"probability":0.486,"inBuffer":false,"facType":"substation"}},{"type":"Feature","geometry":{"type":"Point","coordinates":[-81.80733,26.65526]},"properties":{"probability":0.512,"inBuffer":false,"facType":"substation"}},{"type":"Feature","geometry":{"type":"Point","coordinates":[-81.80283,26.65526]},"properties":{"probability":0.609,"inBuffer":false,"facType":"substation"}},{"type":"Feature","geometry":{"type":"Point","coordinates":[-81.79835,26.65526]},"properties":{"probability":0.601,"inBuffer":false,"facType":"substation"}},{"type":"Feature","geometry":{"type":"Point","coordinates":[-81.79385,26.65526]},"properties":{"probability":0.507,"inBuffer":false,"facType":"fire"}},{"type":"Feature","geometry":{"type":"Point","coordinates":[-81.78936,26.65526]},"properties":{"probability":0.393,"inBuffer":false,"facType":"fire"}},{"type":"Feature","geometry":{"type":"Point","coordinates":[-81.78487,26.65526]},"properties":{"probability":0.224,"inBuffer":false,"facType":"substation"}},{"type":"Feature","geometry":{"type":"Point","coordinates":[-81.78038,26.65526]},"properties":{"probability":0.222,"inBuffer":false,"facType":"substation"}},{"type":"Feature","geometry":{"type":"Point","coordinates":[-82.01843,26.65077]},"properties":{"probability":0.232,"inBuffer":false,"facType":"fire"}},{"type":"Feature","geometry":{"type":"Point","coordinates":[-82.01394,26.65077]},"properties":{"probability":0.24,"inBuffer":false,"facType":"fire"}},{"type":"Feature","geometry":{"type":"Point","coordinates":[-82.00945,26.65077]},"properties":{"probability":0.227,"inBuffer":false,"facType":"fire"}},{"type":"Feature","geometry":{"type":"Point","coordinates":[-82.00496,26.65077]},"properties":{"probability":0.255,"inBuffer":false,"facType":"fire"}},{"type":"Feature","geometry":{"type":"Point","coordinates":[-82.00047,26.65077]},"properties":{"probability":0.225,"inBuffer":false,"facType":"fire"}},{"type":"Feature","geometry":{"type":"Point","coordinates":[-81.99597,26.65077]},"properties":{"probability":0.222,"inBuffer":true,"facType":"fire"}},{"type":"Feature","geometry":{"type":"Point","coordinates":[-81.99148,26.65077]},"properties":{"probability":0.425,"inBuffer":true,"facType":"fire"}},{"type":"Feature","geometry":{"type":"Point","coordinates":[-81.98699,26.65077]},"properties":{"probability":0.512,"inBuffer":true,"facType":"fire"}},{"type":"Feature","geometry":{"type":"Point","coordinates":[-81.9825,26.65077]},"properties":{"probability":0.579,"inBuffer":true,"facType":"fire"}},{"type":"Feature","geometry":{"type":"Point","coordinates":[-81.978,26.65077]},"properties":{"probability":0.669,"inBuffer":false,"facType":"fire"}},{"type":"Feature","geometry":{"type":"Point","coordinates":[-81.97352,26.65077]},"properties":{"probability":0.672,"inBuffer":false,"facType":"fire"}},{"type":"Feature","geometry":{"type":"Point","coordinates":[-81.96902,26.65077]},"properties":{"probability":0.699,"inBuffer":false,"facType":"fire"}},{"type":"Feature","geometry":{"type":"Point","coordinates":[-81.96453,26.65077]},"properties":{"probability":0.604,"inBuffer":false,"facType":"government"}},{"type":"Feature","geometry":{"type":"Point","coordinates":[-81.96004,26.65077]},"properties":{"probability":0.439,"inBuffer":false,"facType":"government"}},{"type":"Feature","geometry":{"type":"Point","coordinates":[-81.95555,26.65077]},"properties":{"probability":0.399,"inBuffer":false,"facType":"hospital"}},{"type":"Feature","geometry":{"type":"Point","coordinates":[-81.95106,26.65077]},"properties":{"probability":0.351,"inBuffer":false,"facType":"hospital"}},{"type":"Feature","geometry":{"type":"Point","coordinates":[-81.94656,26.65077]},"properties":{"probability":0.384,"inBuffer":false,"facType":"hospital"}},{"type":"Feature","geometry":{"type":"Point","coordinates":[-81.94208,26.65077]},"properties":{"probability":0.52,"inBuffer":false,"facType":"hospital"}},{"type":"Feature","geometry":{"type":"Point","coordinates":[-81.93758,26.65077]},"properties":{"probability":0.505,"inBuffer":false,"facType":"hospital"}},{"type":"Feature","geometry":{"type":"Point","coordinates":[-81.93309,26.65077]},"properties":{"probability":0.38,"inBuffer":false,"facType":"substation"}},{"type":"Feature","geometry":{"type":"Point","coordinates":[-81.9286,26.65077]},"properties":{"probability":0.393,"inBuffer":false,"facType":"substation"}},{"type":"Feature","geometry":{"type":"Point","coordinates":[-81.92411,26.65077]},"properties":{"probability":0.479,"inBuffer":false,"facType":"substation"}},{"type":"Feature","geometry":{"type":"Point","coordinates":[-81.91962,26.65077]},"properties":{"probability":0.499,"inBuffer":false,"facType":"substation"}},{"type":"Feature","geometry":{"type":"Point","coordinates":[-81.91512,26.65077]},"properties":{"probability":0.495,"inBuffer":false,"facType":"substation"}},{"type":"Feature","geometry":{"type":"Point","coordinates":[-81.91064,26.65077]},"properties":{"probability":0.384,"inBuffer":false,"facType":"substation"}},{"type":"Feature","geometry":{"type":"Point","coordinates":[-81.90614,26.65077]},"properties":{"probability":0.409,"inBuffer":false,"facType":"substation"}},{"type":"Feature","geometry":{"type":"Point","coordinates":[-81.90165,26.65077]},"properties":{"probability":0.363,"inBuffer":false,"facType":"substation"}},{"type":"Feature","geometry":{"type":"Point","coordinates":[-81.89716,26.65077]},"properties":{"probability":0.252,"inBuffer":false,"facType":"airport"}},{"type":"Feature","geometry":{"type":"Point","coordinates":[-81.89267,26.65077]},"properties":{"probability":0.196,"inBuffer":false,"facType":"airport"}},{"type":"Feature","geometry":{"type":"Point","coordinates":[-81.88818,26.65077]},"properties":{"probability":0.231,"inBuffer":true,"facType":"airport"}},{"type":"Feature","geometry":{"type":"Point","coordinates":[-81.88368,26.65077]},"properties":{"probability":0.326,"inBuffer":true,"facType":"airport"}},{"type":"Feature","geometry":{"type":"Point","coordinates":[-81.8792,26.65077]},"properties":{"probability":0.308,"inBuffer":true,"facType":"airport"}},{"type":"Feature","geometry":{"type":"Point","coordinates":[-81.8747,26.65077]},"properties":{"probability":0.314,"inBuffer":false,"facType":"government"}},{"type":"Feature","geometry":{"type":"Point","coordinates":[-81.87021,26.65077]},"properties":{"probability":0.403,"inBuffer":false,"facType":"government"}},{"type":"Feature","geometry":{"type":"Point","coordinates":[-81.86572,26.65077]},"properties":{"probability":0.401,"inBuffer":false,"facType":"government"}},{"type":"Feature","geometry":{"type":"Point","coordinates":[-81.86123,26.65077]},"properties":{"probability":0.522,"inBuffer":false,"facType":"government"}},{"type":"Feature","geometry":{"type":"Point","coordinates":[-81.85674,26.65077]},"properties":{"probability":0.549,"inBuffer":false,"facType":"water_works"}},{"type":"Feature","geometry":{"type":"Point","coordinates":[-81.85224,26.65077]},"properties":{"probability":0.551,"inBuffer":false,"facType":"fire"}},{"type":"Feature","geometry":{"type":"Point","coordinates":[-81.84775,26.65077]},"properties":{"probability":0.51,"inBuffer":false,"facType":"fire"}},{"type":"Feature","geometry":{"type":"Point","coordinates":[-81.84326,26.65077]},"properties":{"probability":0.45,"inBuffer":false,"facType":"fire"}},{"type":"Feature","geometry":{"type":"Point","coordinates":[-81.83877,26.65077]},"properties":{"probability":0.449,"inBuffer":false,"facType":"fire"}},{"type":"Feature","geometry":{"type":"Point","coordinates":[-81.83427,26.65077]},"properties":{"probability":0.408,"inBuffer":false,"facType":"police"}},{"type":"Feature","geometry":{"type":"Point","coordinates":[-81.82979,26.65077]},"properties":{"probability":0.438,"inBuffer":false,"facType":"police"}},{"type":"Feature","geometry":{"type":"Point","coordinates":[-81.82529,26.65077]},"properties":{"probability":0.423,"inBuffer":false,"facType":"fire"}},{"type":"Feature","geometry":{"type":"Point","coordinates":[-81.8208,26.65077]},"properties":{"probability":0.517,"inBuffer":false,"facType":"substation"}},{"type":"Feature","geometry":{"type":"Point","coordinates":[-81.81631,26.65077]},"properties":{"probability":0.502,"inBuffer":false,"facType":"substation"}},{"type":"Feature","geometry":{"type":"Point","coordinates":[-81.81182,26.65077]},"properties":{"probability":0.432,"inBuffer":false,"facType":"substation"}},{"type":"Feature","geometry":{"type":"Point","coordinates":[-81.80733,26.65077]},"properties":{"probability":0.502,"inBuffer":false,"facType":"substation"}},{"type":"Feature","geometry":{"type":"Point","coordinates":[-81.80283,26.65077]},"properties":{"probability":0.532,"inBuffer":false,"facType":"substation"}},{"type":"Feature","geometry":{"type":"Point","coordinates":[-81.79835,26.65077]},"properties":{"probability":0.426,"inBuffer":false,"facType":"substation"}},{"type":"Feature","geometry":{"type":"Point","coordinates":[-81.79385,26.65077]},"properties":{"probability":0.375,"inBuffer":false,"facType":"substation"}},{"type":"Feature","geometry":{"type":"Point","coordinates":[-81.78936,26.65077]},"properties":{"probability":0.33,"inBuffer":false,"facType":"substation"}},{"type":"Feature","geometry":{"type":"Point","coordinates":[-81.78487,26.65077]},"properties":{"probability":0.231,"inBuffer":false,"facType":"substation"}},{"type":"Feature","geometry":{"type":"Point","coordinates":[-81.78038,26.65077]},"properties":{"probability":0.207,"inBuffer":false,"facType":"substation"}},{"type":"Feature","geometry":{"type":"Point","coordinates":[-81.72648,26.65077]},"properties":{"probability":0.176,"inBuffer":false,"facType":"fire"}},{"type":"Feature","geometry":{"type":"Point","coordinates":[-81.72198,26.65077]},"properties":{"probability":0.2,"inBuffer":false,"facType":"fire"}},{"type":"Feature","geometry":{"type":"Point","coordinates":[-82.01843,26.64628]},"properties":{"probability":0.219,"inBuffer":false,"facType":"fire"}},{"type":"Feature","geometry":{"type":"Point","coordinates":[-82.01394,26.64628]},"properties":{"probability":0.208,"inBuffer":false,"facType":"fire"}},{"type":"Feature","geometry":{"type":"Point","coordinates":[-82.00945,26.64628]},"properties":{"probability":0.238,"inBuffer":false,"facType":"fire"}},{"type":"Feature","geometry":{"type":"Point","coordinates":[-82.00496,26.64628]},"properties":{"probability":0.233,"inBuffer":false,"facType":"fire"}},{"type":"Feature","geometry":{"type":"Point","coordinates":[-82.00047,26.64628]},"properties":{"probability":0.222,"inBuffer":false,"facType":"fire"}},{"type":"Feature","geometry":{"type":"Point","coordinates":[-81.99597,26.64628]},"properties":{"probability":0.288,"inBuffer":false,"facType":"fire"}},{"type":"Feature","geometry":{"type":"Point","coordinates":[-81.99148,26.64628]},"properties":{"probability":0.555,"inBuffer":true,"facType":"fire"}},{"type":"Feature","geometry":{"type":"Point","coordinates":[-81.98699,26.64628]},"properties":{"probability":0.625,"inBuffer":true,"facType":"fire"}},{"type":"Feature","geometry":{"type":"Point","coordinates":[-81.9825,26.64628]},"properties":{"probability":0.647,"inBuffer":false,"facType":"fire"}},{"type":"Feature","geometry":{"type":"Point","coordinates":[-81.978,26.64628]},"properties":{"probability":0.644,"inBuffer":false,"facType":"fire"}},{"type":"Feature","geometry":{"type":"Point","coordinates":[-81.97352,26.64628]},"properties":{"probability":0.527,"inBuffer":false,"facType":"fire"}},{"type":"Feature","geometry":{"type":"Point","coordinates":[-81.96902,26.64628]},"properties":{"probability":0.388,"inBuffer":false,"facType":"government"}},{"type":"Feature","geometry":{"type":"Point","coordinates":[-81.96453,26.64628]},"properties":{"probability":0.332,"inBuffer":false,"facType":"government"}},{"type":"Feature","geometry":{"type":"Point","coordinates":[-81.96004,26.64628]},"properties":{"probability":0.358,"inBuffer":false,"facType":"government"}},{"type":"Feature","geometry":{"type":"Point","coordinates":[-81.95555,26.64628]},"properties":{"probability":0.329,"inBuffer":false,"facType":"hospital"}},{"type":"Feature","geometry":{"type":"Point","coordinates":[-81.95106,26.64628]},"properties":{"probability":0.28,"inBuffer":false,"facType":"hospital"}},{"type":"Feature","geometry":{"type":"Point","coordinates":[-81.94656,26.64628]},"properties":{"probability":0.387,"inBuffer":false,"facType":"hospital"}},{"type":"Feature","geometry":{"type":"Point","coordinates":[-81.94208,26.64628]},"properties":{"probability":0.436,"inBuffer":false,"facType":"hospital"}},{"type":"Feature","geometry":{"type":"Point","coordinates":[-81.93758,26.64628]},"properties":{"probability":0.41,"inBuffer":false,"facType":"hospital"}},{"type":"Feature","geometry":{"type":"Point","coordinates":[-81.93309,26.64628]},"properties":{"probability":0.356,"inBuffer":false,"facType":"hospital"}},{"type":"Feature","geometry":{"type":"Point","coordinates":[-81.9286,26.64628]},"properties":{"probability":0.397,"inBuffer":false,"facType":"substation"}},{"type":"Feature","geometry":{"type":"Point","coordinates":[-81.92411,26.64628]},"properties":{"probability":0.394,"inBuffer":false,"facType":"substation"}},{"type":"Feature","geometry":{"type":"Point","coordinates":[-81.91962,26.64628]},"properties":{"probability":0.391,"inBuffer":false,"facType":"substation"}},{"type":"Feature","geometry":{"type":"Point","coordinates":[-81.91512,26.64628]},"properties":{"probability":0.381,"inBuffer":false,"facType":"substation"}},{"type":"Feature","geometry":{"type":"Point","coordinates":[-81.91064,26.64628]},"properties":{"probability":0.369,"inBuffer":false,"facType":"substation"}},{"type":"Feature","geometry":{"type":"Point","coordinates":[-81.90614,26.64628]},"properties":{"probability":0.394,"inBuffer":false,"facType":"substation"}},{"type":"Feature","geometry":{"type":"Point","coordinates":[-81.90165,26.64628]},"properties":{"probability":0.288,"inBuffer":false,"facType":"airport"}},{"type":"Feature","geometry":{"type":"Point","coordinates":[-81.89716,26.64628]},"properties":{"probability":0.205,"inBuffer":false,"facType":"airport"}},{"type":"Feature","geometry":{"type":"Point","coordinates":[-81.88818,26.64628]},"properties":{"probability":0.244,"inBuffer":true,"facType":"airport"}},{"type":"Feature","geometry":{"type":"Point","coordinates":[-81.88368,26.64628]},"properties":{"probability":0.302,"inBuffer":true,"facType":"airport"}},{"type":"Feature","geometry":{"type":"Point","coordinates":[-81.8792,26.64628]},"properties":{"probability":0.274,"inBuffer":true,"facType":"airport"}},{"type":"Feature","geometry":{"type":"Point","coordinates":[-81.8747,26.64628]},"properties":{"probability":0.685,"inBuffer":true,"facType":"government"}},{"type":"Feature","geometry":{"type":"Point","coordinates":[-81.87021,26.64628]},"properties":{"probability":0.707,"inBuffer":true,"facType":"government"}},{"type":"Feature","geometry":{"type":"Point","coordinates":[-81.86572,26.64628]},"properties":{"probability":0.702,"inBuffer":true,"facType":"government"}},{"type":"Feature","geometry":{"type":"Point","coordinates":[-81.86123,26.64628]},"properties":{"probability":0.633,"inBuffer":false,"facType":"government"}},{"type":"Feature","geometry":{"type":"Point","coordinates":[-81.85674,26.64628]},"properties":{"probability":0.54,"inBuffer":false,"facType":"water_works"}},{"type":"Feature","geometry":{"type":"Point","coordinates":[-81.85224,26.64628]},"properties":{"probability":0.458,"inBuffer":false,"facType":"water_works"}},{"type":"Feature","geometry":{"type":"Point","coordinates":[-81.84775,26.64628]},"properties":{"probability":0.429,"inBuffer":false,"facType":"police"}},{"type":"Feature","geometry":{"type":"Point","coordinates":[-81.84326,26.64628]},"properties":{"probability":0.486,"inBuffer":false,"facType":"police"}},{"type":"Feature","geometry":{"type":"Point","coordinates":[-81.83877,26.64628]},"properties":{"probability":0.509,"inBuffer":true,"facType":"police"}},{"type":"Feature","geometry":{"type":"Point","coordinates":[-81.83427,26.64628]},"properties":{"probability":0.525,"inBuffer":true,"facType":"police"}},{"type":"Feature","geometry":{"type":"Point","coordinates":[-81.82979,26.64628]},"properties":{"probability":0.535,"inBuffer":false,"facType":"police"}},{"type":"Feature","geometry":{"type":"Point","coordinates":[-81.82529,26.64628]},"properties":{"probability":0.562,"inBuffer":true,"facType":"fire"}},{"type":"Feature","geometry":{"type":"Point","coordinates":[-81.8208,26.64628]},"properties":{"probability":0.606,"inBuffer":true,"facType":"fire"}},{"type":"Feature","geometry":{"type":"Point","coordinates":[-81.81631,26.64628]},"properties":{"probability":0.505,"inBuffer":true,"facType":"substation"}},{"type":"Feature","geometry":{"type":"Point","coordinates":[-81.81182,26.64628]},"properties":{"probability":0.382,"inBuffer":false,"facType":"substation"}},{"type":"Feature","geometry":{"type":"Point","coordinates":[-81.80733,26.64628]},"properties":{"probability":0.381,"inBuffer":false,"facType":"substation"}},{"type":"Feature","geometry":{"type":"Point","coordinates":[-81.80283,26.64628]},"properties":{"probability":0.383,"inBuffer":false,"facType":"substation"}},{"type":"Feature","geometry":{"type":"Point","coordinates":[-81.79835,26.64628]},"properties":{"probability":0.327,"inBuffer":false,"facType":"substation"}},{"type":"Feature","geometry":{"type":"Point","coordinates":[-81.79385,26.64628]},"properties":{"probability":0.219,"inBuffer":false,"facType":"hospital"}},{"type":"Feature","geometry":{"type":"Point","coordinates":[-81.78936,26.64628]},"properties":{"probability":0.194,"inBuffer":false,"facType":"hospital"}},{"type":"Feature","geometry":{"type":"Point","coordinates":[-81.72648,26.64628]},"properties":{"probability":0.212,"inBuffer":false,"facType":"fire"}},{"type":"Feature","geometry":{"type":"Point","coordinates":[-81.72198,26.64628]},"properties":{"probability":0.21,"inBuffer":false,"facType":"airport"}},{"type":"Feature","geometry":{"type":"Point","coordinates":[-82.01843,26.64178]},"properties":{"probability":0.212,"inBuffer":false,"facType":"fire"}},{"type":"Feature","geometry":{"type":"Point","coordinates":[-82.01394,26.64178]},"properties":{"probability":0.226,"inBuffer":false,"facType":"fire"}},{"type":"Feature","geometry":{"type":"Point","coordinates":[-82.00945,26.64178]},"properties":{"probability":0.233,"inBuffer":false,"facType":"fire"}},{"type":"Feature","geometry":{"type":"Point","coordinates":[-82.00496,26.64178]},"properties":{"probability":0.43,"inBuffer":false,"facType":"fire"}},{"type":"Feature","geometry":{"type":"Point","coordinates":[-82.00047,26.64178]},"properties":{"probability":0.457,"inBuffer":false,"facType":"fire"}},{"type":"Feature","geometry":{"type":"Point","coordinates":[-81.99597,26.64178]},"properties":{"probability":0.475,"inBuffer":false,"facType":"fire"}},{"type":"Feature","geometry":{"type":"Point","coordinates":[-81.99148,26.64178]},"properties":{"probability":0.474,"inBuffer":false,"facType":"fire"}},{"type":"Feature","geometry":{"type":"Point","coordinates":[-81.98699,26.64178]},"properties":{"probability":0.515,"inBuffer":false,"facType":"fire"}},{"type":"Feature","geometry":{"type":"Point","coordinates":[-81.9825,26.64178]},"properties":{"probability":0.472,"inBuffer":false,"facType":"fire"}},{"type":"Feature","geometry":{"type":"Point","coordinates":[-81.978,26.64178]},"properties":{"probability":0.511,"inBuffer":false,"facType":"fire"}},{"type":"Feature","geometry":{"type":"Point","coordinates":[-81.97352,26.64178]},"properties":{"probability":0.378,"inBuffer":false,"facType":"fire"}},{"type":"Feature","geometry":{"type":"Point","coordinates":[-81.96902,26.64178]},"properties":{"probability":0.269,"inBuffer":false,"facType":"fire"}},{"type":"Feature","geometry":{"type":"Point","coordinates":[-81.96453,26.64178]},"properties":{"probability":0.309,"inBuffer":false,"facType":"government"}},{"type":"Feature","geometry":{"type":"Point","coordinates":[-81.96004,26.64178]},"properties":{"probability":0.36,"inBuffer":false,"facType":"government"}},{"type":"Feature","geometry":{"type":"Point","coordinates":[-81.95555,26.64178]},"properties":{"probability":0.351,"inBuffer":false,"facType":"government"}},{"type":"Feature","geometry":{"type":"Point","coordinates":[-81.95106,26.64178]},"properties":{"probability":0.281,"inBuffer":false,"facType":"substation"}},{"type":"Feature","geometry":{"type":"Point","coordinates":[-81.94656,26.64178]},"properties":{"probability":0.381,"inBuffer":true,"facType":"hospital"}},{"type":"Feature","geometry":{"type":"Point","coordinates":[-81.94208,26.64178]},"properties":{"probability":0.451,"inBuffer":true,"facType":"hospital"}},{"type":"Feature","geometry":{"type":"Point","coordinates":[-81.93758,26.64178]},"properties":{"probability":0.42,"inBuffer":true,"facType":"hospital"}},{"type":"Feature","geometry":{"type":"Point","coordinates":[-81.93309,26.64178]},"properties":{"probability":0.27,"inBuffer":false,"facType":"hospital"}},{"type":"Feature","geometry":{"type":"Point","coordinates":[-81.9286,26.64178]},"properties":{"probability":0.256,"inBuffer":false,"facType":"substation"}},{"type":"Feature","geometry":{"type":"Point","coordinates":[-81.92411,26.64178]},"properties":{"probability":0.265,"inBuffer":false,"facType":"substation"}},{"type":"Feature","geometry":{"type":"Point","coordinates":[-81.91962,26.64178]},"properties":{"probability":0.246,"inBuffer":false,"facType":"substation"}},{"type":"Feature","geometry":{"type":"Point","coordinates":[-81.91512,26.64178]},"properties":{"probability":0.276,"inBuffer":false,"facType":"substation"}},{"type":"Feature","geometry":{"type":"Point","coordinates":[-81.91064,26.64178]},"properties":{"probability":0.27,"inBuffer":false,"facType":"substation"}},{"type":"Feature","geometry":{"type":"Point","coordinates":[-81.90614,26.64178]},"properties":{"probability":0.272,"inBuffer":false,"facType":"substation"}},{"type":"Feature","geometry":{"type":"Point","coordinates":[-81.90165,26.64178]},"properties":{"probability":0.215,"inBuffer":false,"facType":"airport"}},{"type":"Feature","geometry":{"type":"Point","coordinates":[-81.89716,26.64178]},"properties":{"probability":0.238,"inBuffer":false,"facType":"airport"}},{"type":"Feature","geometry":{"type":"Point","coordinates":[-81.88368,26.64178]},"properties":{"probability":0.279,"inBuffer":true,"facType":"airport"}},{"type":"Feature","geometry":{"type":"Point","coordinates":[-81.8792,26.64178]},"properties":{"probability":0.305,"inBuffer":true,"facType":"airport"}},{"type":"Feature","geometry":{"type":"Point","coordinates":[-81.8747,26.64178]},"properties":{"probability":0.747,"inBuffer":true,"facType":"police"}},{"type":"Feature","geometry":{"type":"Point","coordinates":[-81.87021,26.64178]},"properties":{"probability":0.785,"inBuffer":true,"facType":"police"}},{"type":"Feature","geometry":{"type":"Point","coordinates":[-81.86572,26.64178]},"properties":{"probability":0.742,"inBuffer":true,"facType":"substation"}},{"type":"Feature","geometry":{"type":"Point","coordinates":[-81.86123,26.64178]},"properties":{"probability":0.667,"inBuffer":true,"facType":"government"}},{"type":"Feature","geometry":{"type":"Point","coordinates":[-81.85674,26.64178]},"properties":{"probability":0.553,"inBuffer":false,"facType":"water_works"}},{"type":"Feature","geometry":{"type":"Point","coordinates":[-81.85224,26.64178]},"properties":{"probability":0.537,"inBuffer":false,"facType":"water_works"}},{"type":"Feature","geometry":{"type":"Point","coordinates":[-81.84775,26.64178]},"properties":{"probability":0.498,"inBuffer":false,"facType":"police"}},{"type":"Feature","geometry":{"type":"Point","coordinates":[-81.84326,26.64178]},"properties":{"probability":0.535,"inBuffer":true,"facType":"police"}},{"type":"Feature","geometry":{"type":"Point","coordinates":[-81.83877,26.64178]},"properties":{"probability":0.577,"inBuffer":true,"facType":"police"}},{"type":"Feature","geometry":{"type":"Point","coordinates":[-81.83427,26.64178]},"properties":{"probability":0.586,"inBuffer":true,"facType":"police"}},{"type":"Feature","geometry":{"type":"Point","coordinates":[-81.82979,26.64178]},"properties":{"probability":0.614,"inBuffer":true,"facType":"police"}},{"type":"Feature","geometry":{"type":"Point","coordinates":[-81.82529,26.64178]},"properties":{"probability":0.635,"inBuffer":true,"facType":"fire"}},{"type":"Feature","geometry":{"type":"Point","coordinates":[-81.8208,26.64178]},"properties":{"probability":0.573,"inBuffer":true,"facType":"fire"}},{"type":"Feature","geometry":{"type":"Point","coordinates":[-81.81631,26.64178]},"properties":{"probability":0.514,"inBuffer":true,"facType":"fire"}},{"type":"Feature","geometry":{"type":"Point","coordinates":[-81.81182,26.64178]},"properties":{"probability":0.54,"inBuffer":false,"facType":"police"}},{"type":"Feature","geometry":{"type":"Point","coordinates":[-81.80733,26.64178]},"properties":{"probability":0.449,"inBuffer":false,"facType":"police"}},{"type":"Feature","geometry":{"type":"Point","coordinates":[-81.80283,26.64178]},"properties":{"probability":0.329,"inBuffer":false,"facType":"police"}},{"type":"Feature","geometry":{"type":"Point","coordinates":[-81.79835,26.64178]},"properties":{"probability":0.239,"inBuffer":false,"facType":"hospital"}},{"type":"Feature","geometry":{"type":"Point","coordinates":[-81.76691,26.64178]},"properties":{"probability":0.167,"inBuffer":false,"facType":"substation"}},{"type":"Feature","geometry":{"type":"Point","coordinates":[-82.01843,26.63729]},"properties":{"probability":0.236,"inBuffer":false,"facType":"fire"}},{"type":"Feature","geometry":{"type":"Point","coordinates":[-82.01394,26.63729]},"properties":{"probability":0.259,"inBuffer":false,"facType":"fire"}},{"type":"Feature","geometry":{"type":"Point","coordinates":[-82.00945,26.63729]},"properties":{"probability":0.274,"inBuffer":false,"facType":"fire"}},{"type":"Feature","geometry":{"type":"Point","coordinates":[-82.00496,26.63729]},"properties":{"probability":0.359,"inBuffer":false,"facType":"fire"}},{"type":"Feature","geometry":{"type":"Point","coordinates":[-82.00047,26.63729]},"properties":{"probability":0.329,"inBuffer":false,"facType":"fire"}},{"type":"Feature","geometry":{"type":"Point","coordinates":[-81.99597,26.63729]},"properties":{"probability":0.312,"inBuffer":false,"facType":"fire"}},{"type":"Feature","geometry":{"type":"Point","coordinates":[-81.99148,26.63729]},"properties":{"probability":0.276,"inBuffer":false,"facType":"fire"}},{"type":"Feature","geometry":{"type":"Point","coordinates":[-81.98699,26.63729]},"properties":{"probability":0.254,"inBuffer":false,"facType":"fire"}},{"type":"Feature","geometry":{"type":"Point","coordinates":[-81.9825,26.63729]},"properties":{"probability":0.275,"inBuffer":false,"facType":"fire"}},{"type":"Feature","geometry":{"type":"Point","coordinates":[-81.978,26.63729]},"properties":{"probability":0.384,"inBuffer":false,"facType":"substation"}},{"type":"Feature","geometry":{"type":"Point","coordinates":[-81.97352,26.63729]},"properties":{"probability":0.377,"inBuffer":false,"facType":"fire"}},{"type":"Feature","geometry":{"type":"Point","coordinates":[-81.96902,26.63729]},"properties":{"probability":0.345,"inBuffer":false,"facType":"fire"}},{"type":"Feature","geometry":{"type":"Point","coordinates":[-81.96453,26.63729]},"properties":{"probability":0.389,"inBuffer":false,"facType":"government"}},{"type":"Feature","geometry":{"type":"Point","coordinates":[-81.96004,26.63729]},"properties":{"probability":0.503,"inBuffer":true,"facType":"government"}},{"type":"Feature","geometry":{"type":"Point","coordinates":[-81.95555,26.63729]},"properties":{"probability":0.559,"inBuffer":false,"facType":"government"}},{"type":"Feature","geometry":{"type":"Point","coordinates":[-81.95106,26.63729]},"properties":{"probability":0.602,"inBuffer":false,"facType":"substation"}},{"type":"Feature","geometry":{"type":"Point","coordinates":[-81.94656,26.63729]},"properties":{"probability":0.635,"inBuffer":true,"facType":"substation"}},{"type":"Feature","geometry":{"type":"Point","coordinates":[-81.94208,26.63729]},"properties":{"probability":0.676,"inBuffer":true,"facType":"substation"}},{"type":"Feature","geometry":{"type":"Point","coordinates":[-81.93758,26.63729]},"properties":{"probability":0.531,"inBuffer":true,"facType":"hospital"}},{"type":"Feature","geometry":{"type":"Point","coordinates":[-81.93309,26.63729]},"properties":{"probability":0.313,"inBuffer":false,"facType":"hospital"}},{"type":"Feature","geometry":{"type":"Point","coordinates":[-81.9286,26.63729]},"properties":{"probability":0.264,"inBuffer":false,"facType":"hospital"}},{"type":"Feature","geometry":{"type":"Point","coordinates":[-81.92411,26.63729]},"properties":{"probability":0.229,"inBuffer":false,"facType":"substation"}},{"type":"Feature","geometry":{"type":"Point","coordinates":[-81.91962,26.63729]},"properties":{"probability":0.228,"inBuffer":false,"facType":"substation"}},{"type":"Feature","geometry":{"type":"Point","coordinates":[-81.91512,26.63729]},"properties":{"probability":0.228,"inBuffer":false,"facType":"substation"}},{"type":"Feature","geometry":{"type":"Point","coordinates":[-81.91064,26.63729]},"properties":{"probability":0.219,"inBuffer":false,"facType":"substation"}},{"type":"Feature","geometry":{"type":"Point","coordinates":[-81.88818,26.63729]},"properties":{"probability":0.297,"inBuffer":true,"facType":"airport"}},{"type":"Feature","geometry":{"type":"Point","coordinates":[-81.88368,26.63729]},"properties":{"probability":0.505,"inBuffer":true,"facType":"police"}},{"type":"Feature","geometry":{"type":"Point","coordinates":[-81.8792,26.63729]},"properties":{"probability":0.64,"inBuffer":true,"facType":"police"}},{"type":"Feature","geometry":{"type":"Point","coordinates":[-81.8747,26.63729]},"properties":{"probability":0.707,"inBuffer":true,"facType":"police"}},{"type":"Feature","geometry":{"type":"Point","coordinates":[-81.87021,26.63729]},"properties":{"probability":0.704,"inBuffer":true,"facType":"police"}},{"type":"Feature","geometry":{"type":"Point","coordinates":[-81.86572,26.63729]},"properties":{"probability":0.686,"inBuffer":true,"facType":"fire"}},{"type":"Feature","geometry":{"type":"Point","coordinates":[-81.86123,26.63729]},"properties":{"probability":0.681,"inBuffer":true,"facType":"water_works"}},{"type":"Feature","geometry":{"type":"Point","coordinates":[-81.85674,26.63729]},"properties":{"probability":0.61,"inBuffer":false,"facType":"water_works"}},{"type":"Feature","geometry":{"type":"Point","coordinates":[-81.85224,26.63729]},"properties":{"probability":0.588,"inBuffer":false,"facType":"water_works"}},{"type":"Feature","geometry":{"type":"Point","coordinates":[-81.84775,26.63729]},"properties":{"probability":0.531,"inBuffer":false,"facType":"police"}},{"type":"Feature","geometry":{"type":"Point","coordinates":[-81.84326,26.63729]},"properties":{"probability":0.465,"inBuffer":false,"facType":"police"}},{"type":"Feature","geometry":{"type":"Point","coordinates":[-81.83877,26.63729]},"properties":{"probability":0.474,"inBuffer":true,"facType":"police"}},{"type":"Feature","geometry":{"type":"Point","coordinates":[-81.83427,26.63729]},"properties":{"probability":0.598,"inBuffer":true,"facType":"police"}},{"type":"Feature","geometry":{"type":"Point","coordinates":[-81.82979,26.63729]},"properties":{"probability":0.685,"inBuffer":false,"facType":"police"}},{"type":"Feature","geometry":{"type":"Point","coordinates":[-81.82529,26.63729]},"properties":{"probability":0.5,"inBuffer":true,"facType":"fire"}},{"type":"Feature","geometry":{"type":"Point","coordinates":[-81.8208,26.63729]},"properties":{"probability":0.401,"inBuffer":true,"facType":"fire"}},{"type":"Feature","geometry":{"type":"Point","coordinates":[-81.81631,26.63729]},"properties":{"probability":0.489,"inBuffer":true,"facType":"police"}},{"type":"Feature","geometry":{"type":"Point","coordinates":[-81.81182,26.63729]},"properties":{"probability":0.647,"inBuffer":true,"facType":"police"}},{"type":"Feature","geometry":{"type":"Point","coordinates":[-81.80733,26.63729]},"properties":{"probability":0.639,"inBuffer":true,"facType":"police"}},{"type":"Feature","geometry":{"type":"Point","coordinates":[-81.80283,26.63729]},"properties":{"probability":0.543,"inBuffer":false,"facType":"hospital"}},{"type":"Feature","geometry":{"type":"Point","coordinates":[-81.79835,26.63729]},"properties":{"probability":0.389,"inBuffer":false,"facType":"hospital"}},{"type":"Feature","geometry":{"type":"Point","coordinates":[-81.79385,26.63729]},"properties":{"probability":0.343,"inBuffer":false,"facType":"hospital"}},{"type":"Feature","geometry":{"type":"Point","coordinates":[-81.78936,26.63729]},"properties":{"probability":0.226,"inBuffer":false,"facType":"hospital"}},{"type":"Feature","geometry":{"type":"Point","coordinates":[-81.78487,26.63729]},"properties":{"probability":0.236,"inBuffer":false,"facType":"substation"}},{"type":"Feature","geometry":{"type":"Point","coordinates":[-81.76691,26.63729]},"properties":{"probability":0.259,"inBuffer":false,"facType":"substation"}},{"type":"Feature","geometry":{"type":"Point","coordinates":[-81.76241,26.63729]},"properties":{"probability":0.346,"inBuffer":true,"facType":"power"}},{"type":"Feature","geometry":{"type":"Point","coordinates":[-81.75792,26.63729]},"properties":{"probability":0.244,"inBuffer":true,"facType":"power"}},{"type":"Feature","geometry":{"type":"Point","coordinates":[-81.75343,26.63729]},"properties":{"probability":0.217,"inBuffer":false,"facType":"power"}},{"type":"Feature","geometry":{"type":"Point","coordinates":[-81.74894,26.63729]},"properties":{"probability":0.248,"inBuffer":false,"facType":"power"}},{"type":"Feature","geometry":{"type":"Point","coordinates":[-81.74445,26.63729]},"properties":{"probability":0.201,"inBuffer":false,"facType":"power"}},{"type":"Feature","geometry":{"type":"Point","coordinates":[-81.73995,26.63729]},"properties":{"probability":0.213,"inBuffer":false,"facType":"power"}},{"type":"Feature","geometry":{"type":"Point","coordinates":[-81.73546,26.63729]},"properties":{"probability":0.231,"inBuffer":false,"facType":"fire"}},{"type":"Feature","geometry":{"type":"Point","coordinates":[-81.73097,26.63729]},"properties":{"probability":0.24,"inBuffer":false,"facType":"airport"}},{"type":"Feature","geometry":{"type":"Point","coordinates":[-81.72648,26.63729]},"properties":{"probability":0.24,"inBuffer":false,"facType":"airport"}},{"type":"Feature","geometry":{"type":"Point","coordinates":[-81.72198,26.63729]},"properties":{"probability":0.24,"inBuffer":false,"facType":"airport"}},{"type":"Feature","geometry":{"type":"Point","coordinates":[-82.01843,26.6328]},"properties":{"probability":0.245,"inBuffer":false,"facType":"fire"}},{"type":"Feature","geometry":{"type":"Point","coordinates":[-82.01394,26.6328]},"properties":{"probability":0.242,"inBuffer":false,"facType":"fire"}},{"type":"Feature","geometry":{"type":"Point","coordinates":[-82.00945,26.6328]},"properties":{"probability":0.264,"inBuffer":false,"facType":"fire"}},{"type":"Feature","geometry":{"type":"Point","coordinates":[-82.00496,26.6328]},"properties":{"probability":0.275,"inBuffer":false,"facType":"fire"}},{"type":"Feature","geometry":{"type":"Point","coordinates":[-82.00047,26.6328]},"properties":{"probability":0.256,"inBuffer":false,"facType":"fire"}},{"type":"Feature","geometry":{"type":"Point","coordinates":[-81.99597,26.6328]},"properties":{"probability":0.243,"inBuffer":false,"facType":"fire"}},{"type":"Feature","geometry":{"type":"Point","coordinates":[-81.99148,26.6328]},"properties":{"probability":0.25,"inBuffer":false,"facType":"fire"}},{"type":"Feature","geometry":{"type":"Point","coordinates":[-81.98699,26.6328]},"properties":{"probability":0.224,"inBuffer":false,"facType":"substation"}},{"type":"Feature","geometry":{"type":"Point","coordinates":[-81.9825,26.6328]},"properties":{"probability":0.346,"inBuffer":false,"facType":"substation"}},{"type":"Feature","geometry":{"type":"Point","coordinates":[-81.978,26.6328]},"properties":{"probability":0.412,"inBuffer":false,"facType":"substation"}},{"type":"Feature","geometry":{"type":"Point","coordinates":[-81.97352,26.6328]},"properties":{"probability":0.386,"inBuffer":false,"facType":"substation"}},{"type":"Feature","geometry":{"type":"Point","coordinates":[-81.96902,26.6328]},"properties":{"probability":0.411,"inBuffer":true,"facType":"fire"}},{"type":"Feature","geometry":{"type":"Point","coordinates":[-81.96453,26.6328]},"properties":{"probability":0.474,"inBuffer":true,"facType":"fire"}},{"type":"Feature","geometry":{"type":"Point","coordinates":[-81.96004,26.6328]},"properties":{"probability":0.54,"inBuffer":true,"facType":"government"}},{"type":"Feature","geometry":{"type":"Point","coordinates":[-81.95555,26.6328]},"properties":{"probability":0.559,"inBuffer":true,"facType":"government"}},{"type":"Feature","geometry":{"type":"Point","coordinates":[-81.95106,26.6328]},"properties":{"probability":0.593,"inBuffer":false,"facType":"government"}},{"type":"Feature","geometry":{"type":"Point","coordinates":[-81.94656,26.6328]},"properties":{"probability":0.534,"inBuffer":false,"facType":"substation"}},{"type":"Feature","geometry":{"type":"Point","coordinates":[-81.94208,26.6328]},"properties":{"probability":0.542,"inBuffer":false,"facType":"substation"}},{"type":"Feature","geometry":{"type":"Point","coordinates":[-81.93758,26.6328]},"properties":{"probability":0.508,"inBuffer":false,"facType":"substation"}},{"type":"Feature","geometry":{"type":"Point","coordinates":[-81.93309,26.6328]},"properties":{"probability":0.286,"inBuffer":false,"facType":"water_works"}},{"type":"Feature","geometry":{"type":"Point","coordinates":[-81.9286,26.6328]},"properties":{"probability":0.255,"inBuffer":false,"facType":"water_works"}},{"type":"Feature","geometry":{"type":"Point","coordinates":[-81.92411,26.6328]},"properties":{"probability":0.237,"inBuffer":false,"facType":"water_works"}},{"type":"Feature","geometry":{"type":"Point","coordinates":[-81.91962,26.6328]},"properties":{"probability":0.198,"inBuffer":false,"facType":"water_works"}},{"type":"Feature","geometry":{"type":"Point","coordinates":[-81.91512,26.6328]},"properties":{"probability":0.227,"inBuffer":false,"facType":"substation"}},{"type":"Feature","geometry":{"type":"Point","coordinates":[-81.88818,26.6328]},"properties":{"probability":0.289,"inBuffer":true,"facType":"police"}},{"type":"Feature","geometry":{"type":"Point","coordinates":[-81.88368,26.6328]},"properties":{"probability":0.393,"inBuffer":true,"facType":"police"}},{"type":"Feature","geometry":{"type":"Point","coordinates":[-81.8792,26.6328]},"properties":{"probability":0.532,"inBuffer":true,"facType":"police"}},{"type":"Feature","geometry":{"type":"Point","coordinates":[-81.8747,26.6328]},"properties":{"probability":0.678,"inBuffer":true,"facType":"hospital"}},{"type":"Feature","geometry":{"type":"Point","coordinates":[-81.87021,26.6328]},"properties":{"probability":0.608,"inBuffer":true,"facType":"hospital"}},{"type":"Feature","geometry":{"type":"Point","coordinates":[-81.86572,26.6328]},"properties":{"probability":0.635,"inBuffer":true,"facType":"fire"}},{"type":"Feature","geometry":{"type":"Point","coordinates":[-81.86123,26.6328]},"properties":{"probability":0.67,"inBuffer":false,"facType":"water_works"}},{"type":"Feature","geometry":{"type":"Point","coordinates":[-81.85674,26.6328]},"properties":{"probability":0.68,"inBuffer":false,"facType":"water_works"}},{"type":"Feature","geometry":{"type":"Point","coordinates":[-81.85224,26.6328]},"properties":{"probability":0.605,"inBuffer":false,"facType":"water_works"}},{"type":"Feature","geometry":{"type":"Point","coordinates":[-81.84775,26.6328]},"properties":{"probability":0.512,"inBuffer":false,"facType":"substation"}},{"type":"Feature","geometry":{"type":"Point","coordinates":[-81.84326,26.6328]},"properties":{"probability":0.477,"inBuffer":false,"facType":"police"}},{"type":"Feature","geometry":{"type":"Point","coordinates":[-81.83877,26.6328]},"properties":{"probability":0.481,"inBuffer":false,"facType":"police"}},{"type":"Feature","geometry":{"type":"Point","coordinates":[-81.83427,26.6328]},"properties":{"probability":0.606,"inBuffer":false,"facType":"water_works"}},{"type":"Feature","geometry":{"type":"Point","coordinates":[-81.82979,26.6328]},"properties":{"probability":0.677,"inBuffer":false,"facType":"water_works"}},{"type":"Feature","geometry":{"type":"Point","coordinates":[-81.82529,26.6328]},"properties":{"probability":0.488,"inBuffer":false,"facType":"water_works"}},{"type":"Feature","geometry":{"type":"Point","coordinates":[-81.8208,26.6328]},"properties":{"probability":0.428,"inBuffer":false,"facType":"water_works"}},{"type":"Feature","geometry":{"type":"Point","coordinates":[-81.81631,26.6328]},"properties":{"probability":0.49,"inBuffer":true,"facType":"police"}},{"type":"Feature","geometry":{"type":"Point","coordinates":[-81.81182,26.6328]},"properties":{"probability":0.542,"inBuffer":true,"facType":"police"}},{"type":"Feature","geometry":{"type":"Point","coordinates":[-81.80733,26.6328]},"properties":{"probability":0.565,"inBuffer":true,"facType":"police"}},{"type":"Feature","geometry":{"type":"Point","coordinates":[-81.80283,26.6328]},"properties":{"probability":0.529,"inBuffer":true,"facType":"hospital"}},{"type":"Feature","geometry":{"type":"Point","coordinates":[-81.79835,26.6328]},"properties":{"probability":0.486,"inBuffer":true,"facType":"hospital"}},{"type":"Feature","geometry":{"type":"Point","coordinates":[-81.79385,26.6328]},"properties":{"probability":0.377,"inBuffer":false,"facType":"hospital"}},{"type":"Feature","geometry":{"type":"Point","coordinates":[-81.78936,26.6328]},"properties":{"probability":0.326,"inBuffer":false,"facType":"hospital"}},{"type":"Feature","geometry":{"type":"Point","coordinates":[-81.78487,26.6328]},"properties":{"probability":0.23,"inBuffer":false,"facType":"substation"}},{"type":"Feature","geometry":{"type":"Point","coordinates":[-81.78038,26.6328]},"properties":{"probability":0.232,"inBuffer":false,"facType":"substation"}},{"type":"Feature","geometry":{"type":"Point","coordinates":[-81.77589,26.6328]},"properties":{"probability":0.213,"inBuffer":false,"facType":"substation"}},{"type":"Feature","geometry":{"type":"Point","coordinates":[-81.77139,26.6328]},"properties":{"probability":0.203,"inBuffer":false,"facType":"substation"}},{"type":"Feature","geometry":{"type":"Point","coordinates":[-81.76691,26.6328]},"properties":{"probability":0.363,"inBuffer":true,"facType":"power"}},{"type":"Feature","geometry":{"type":"Point","coordinates":[-81.76241,26.6328]},"properties":{"probability":0.467,"inBuffer":true,"facType":"power"}},{"type":"Feature","geometry":{"type":"Point","coordinates":[-81.75792,26.6328]},"properties":{"probability":0.245,"inBuffer":true,"facType":"power"}},{"type":"Feature","geometry":{"type":"Point","coordinates":[-81.75343,26.6328]},"properties":{"probability":0.235,"inBuffer":false,"facType":"power"}},{"type":"Feature","geometry":{"type":"Point","coordinates":[-81.74894,26.6328]},"properties":{"probability":0.252,"inBuffer":false,"facType":"power"}},{"type":"Feature","geometry":{"type":"Point","coordinates":[-81.74445,26.6328]},"properties":{"probability":0.258,"inBuffer":false,"facType":"power"}},{"type":"Feature","geometry":{"type":"Point","coordinates":[-81.73995,26.6328]},"properties":{"probability":0.251,"inBuffer":false,"facType":"substation"}},{"type":"Feature","geometry":{"type":"Point","coordinates":[-81.73546,26.6328]},"properties":{"probability":0.253,"inBuffer":false,"facType":"substation"}},{"type":"Feature","geometry":{"type":"Point","coordinates":[-81.73097,26.6328]},"properties":{"probability":0.238,"inBuffer":false,"facType":"airport"}},{"type":"Feature","geometry":{"type":"Point","coordinates":[-81.72648,26.6328]},"properties":{"probability":0.244,"inBuffer":false,"facType":"airport"}},{"type":"Feature","geometry":{"type":"Point","coordinates":[-81.72198,26.6328]},"properties":{"probability":0.25,"inBuffer":false,"facType":"airport"}},{"type":"Feature","geometry":{"type":"Point","coordinates":[-82.01843,26.62831]},"properties":{"probability":0.255,"inBuffer":false,"facType":"fire"}},{"type":"Feature","geometry":{"type":"Point","coordinates":[-82.01394,26.62831]},"properties":{"probability":0.27,"inBuffer":false,"facType":"fire"}},{"type":"Feature","geometry":{"type":"Point","coordinates":[-82.00945,26.62831]},"properties":{"probability":0.354,"inBuffer":false,"facType":"fire"}},{"type":"Feature","geometry":{"type":"Point","coordinates":[-82.00496,26.62831]},"properties":{"probability":0.32,"inBuffer":false,"facType":"fire"}},{"type":"Feature","geometry":{"type":"Point","coordinates":[-82.00047,26.62831]},"properties":{"probability":0.255,"inBuffer":false,"facType":"fire"}},{"type":"Feature","geometry":{"type":"Point","coordinates":[-81.99597,26.62831]},"properties":{"probability":0.275,"inBuffer":false,"facType":"substation"}},{"type":"Feature","geometry":{"type":"Point","coordinates":[-81.99148,26.62831]},"properties":{"probability":0.31,"inBuffer":false,"facType":"substation"}},{"type":"Feature","geometry":{"type":"Point","coordinates":[-81.98699,26.62831]},"properties":{"probability":0.277,"inBuffer":false,"facType":"substation"}},{"type":"Feature","geometry":{"type":"Point","coordinates":[-81.9825,26.62831]},"properties":{"probability":0.327,"inBuffer":false,"facType":"substation"}},{"type":"Feature","geometry":{"type":"Point","coordinates":[-81.978,26.62831]},"properties":{"probability":0.398,"inBuffer":false,"facType":"substation"}},{"type":"Feature","geometry":{"type":"Point","coordinates":[-81.97352,26.62831]},"properties":{"probability":0.405,"inBuffer":false,"facType":"substation"}},{"type":"Feature","geometry":{"type":"Point","coordinates":[-81.96902,26.62831]},"properties":{"probability":0.402,"inBuffer":true,"facType":"fire"}},{"type":"Feature","geometry":{"type":"Point","coordinates":[-81.96453,26.62831]},"properties":{"probability":0.389,"inBuffer":true,"facType":"fire"}},{"type":"Feature","geometry":{"type":"Point","coordinates":[-81.96004,26.62831]},"properties":{"probability":0.446,"inBuffer":true,"facType":"police"}},{"type":"Feature","geometry":{"type":"Point","coordinates":[-81.95555,26.62831]},"properties":{"probability":0.39,"inBuffer":true,"facType":"government"}},{"type":"Feature","geometry":{"type":"Point","coordinates":[-81.95106,26.62831]},"properties":{"probability":0.394,"inBuffer":false,"facType":"government"}},{"type":"Feature","geometry":{"type":"Point","coordinates":[-81.94656,26.62831]},"properties":{"probability":0.451,"inBuffer":false,"facType":"water_works"}},{"type":"Feature","geometry":{"type":"Point","coordinates":[-81.94208,26.62831]},"properties":{"probability":0.548,"inBuffer":false,"facType":"water_works"}},{"type":"Feature","geometry":{"type":"Point","coordinates":[-81.93758,26.62831]},"properties":{"probability":0.543,"inBuffer":false,"facType":"water_works"}},{"type":"Feature","geometry":{"type":"Point","coordinates":[-81.93309,26.62831]},"properties":{"probability":0.264,"inBuffer":false,"facType":"water_works"}},{"type":"Feature","geometry":{"type":"Point","coordinates":[-81.9286,26.62831]},"properties":{"probability":0.254,"inBuffer":false,"facType":"water_works"}},{"type":"Feature","geometry":{"type":"Point","coordinates":[-81.92411,26.62831]},"properties":{"probability":0.216,"inBuffer":false,"facType":"water_works"}},{"type":"Feature","geometry":{"type":"Point","coordinates":[-81.91962,26.62831]},"properties":{"probability":0.223,"inBuffer":false,"facType":"water_works"}},{"type":"Feature","geometry":{"type":"Point","coordinates":[-81.88818,26.62831]},"properties":{"probability":0.262,"inBuffer":false,"facType":"police"}},{"type":"Feature","geometry":{"type":"Point","coordinates":[-81.88368,26.62831]},"properties":{"probability":0.362,"inBuffer":false,"facType":"hospital"}},{"type":"Feature","geometry":{"type":"Point","coordinates":[-81.8792,26.62831]},"properties":{"probability":0.515,"inBuffer":true,"facType":"hospital"}},{"type":"Feature","geometry":{"type":"Point","coordinates":[-81.8747,26.62831]},"properties":{"probability":0.677,"inBuffer":true,"facType":"hospital"}},{"type":"Feature","geometry":{"type":"Point","coordinates":[-81.87021,26.62831]},"properties":{"probability":0.587,"inBuffer":true,"facType":"hospital"}},{"type":"Feature","geometry":{"type":"Point","coordinates":[-81.86572,26.62831]},"properties":{"probability":0.628,"inBuffer":false,"facType":"hospital"}},{"type":"Feature","geometry":{"type":"Point","coordinates":[-81.86123,26.62831]},"properties":{"probability":0.697,"inBuffer":false,"facType":"hospital"}},{"type":"Feature","geometry":{"type":"Point","coordinates":[-81.85674,26.62831]},"properties":{"probability":0.632,"inBuffer":false,"facType":"substation"}},{"type":"Feature","geometry":{"type":"Point","coordinates":[-81.85224,26.62831]},"properties":{"probability":0.611,"inBuffer":false,"facType":"substation"}},{"type":"Feature","geometry":{"type":"Point","coordinates":[-81.84775,26.62831]},"properties":{"probability":0.572,"inBuffer":false,"facType":"substation"}},{"type":"Feature","geometry":{"type":"Point","coordinates":[-81.84326,26.62831]},"properties":{"probability":0.521,"inBuffer":false,"facType":"substation"}},{"type":"Feature","geometry":{"type":"Point","coordinates":[-81.83877,26.62831]},"properties":{"probability":0.512,"inBuffer":false,"facType":"substation"}},{"type":"Feature","geometry":{"type":"Point","coordinates":[-81.83427,26.62831]},"properties":{"probability":0.522,"inBuffer":false,"facType":"water_works"}},{"type":"Feature","geometry":{"type":"Point","coordinates":[-81.82979,26.62831]},"properties":{"probability":0.584,"inBuffer":false,"facType":"water_works"}},{"type":"Feature","geometry":{"type":"Point","coordinates":[-81.82529,26.62831]},"properties":{"probability":0.457,"inBuffer":false,"facType":"water_works"}},{"type":"Feature","geometry":{"type":"Point","coordinates":[-81.8208,26.62831]},"properties":{"probability":0.255,"inBuffer":false,"facType":"water_works"}},{"type":"Feature","geometry":{"type":"Point","coordinates":[-81.81631,26.62831]},"properties":{"probability":0.364,"inBuffer":false,"facType":"police"}},{"type":"Feature","geometry":{"type":"Point","coordinates":[-81.81182,26.62831]},"properties":{"probability":0.409,"inBuffer":true,"facType":"police"}},{"type":"Feature","geometry":{"type":"Point","coordinates":[-81.80733,26.62831]},"properties":{"probability":0.451,"inBuffer":true,"facType":"hospital"}},{"type":"Feature","geometry":{"type":"Point","coordinates":[-81.80283,26.62831]},"properties":{"probability":0.515,"inBuffer":true,"facType":"hospital"}},{"type":"Feature","geometry":{"type":"Point","coordinates":[-81.79835,26.62831]},"properties":{"probability":0.495,"inBuffer":true,"facType":"hospital"}},{"type":"Feature","geometry":{"type":"Point","coordinates":[-81.79385,26.62831]},"properties":{"probability":0.449,"inBuffer":false,"facType":"hospital"}},{"type":"Feature","geometry":{"type":"Point","coordinates":[-81.78936,26.62831]},"properties":{"probability":0.347,"inBuffer":false,"facType":"hospital"}},{"type":"Feature","geometry":{"type":"Point","coordinates":[-81.78487,26.62831]},"properties":{"probability":0.28,"inBuffer":false,"facType":"substation"}},{"type":"Feature","geometry":{"type":"Point","coordinates":[-81.78038,26.62831]},"properties":{"probability":0.279,"inBuffer":false,"facType":"substation"}},{"type":"Feature","geometry":{"type":"Point","coordinates":[-81.77589,26.62831]},"properties":{"probability":0.276,"inBuffer":false,"facType":"substation"}},{"type":"Feature","geometry":{"type":"Point","coordinates":[-81.77139,26.62831]},"properties":{"probability":0.24,"inBuffer":false,"facType":"substation"}},{"type":"Feature","geometry":{"type":"Point","coordinates":[-81.76691,26.62831]},"properties":{"probability":0.342,"inBuffer":true,"facType":"substation"}},{"type":"Feature","geometry":{"type":"Point","coordinates":[-81.76241,26.62831]},"properties":{"probability":0.378,"inBuffer":true,"facType":"substation"}},{"type":"Feature","geometry":{"type":"Point","coordinates":[-81.75792,26.62831]},"properties":{"probability":0.245,"inBuffer":true,"facType":"substation"}},{"type":"Feature","geometry":{"type":"Point","coordinates":[-81.75343,26.62831]},"properties":{"probability":0.24,"inBuffer":false,"facType":"substation"}},{"type":"Feature","geometry":{"type":"Point","coordinates":[-81.74894,26.62831]},"properties":{"probability":0.275,"inBuffer":false,"facType":"substation"}},{"type":"Feature","geometry":{"type":"Point","coordinates":[-81.74445,26.62831]},"properties":{"probability":0.316,"inBuffer":false,"facType":"substation"}},{"type":"Feature","geometry":{"type":"Point","coordinates":[-81.73995,26.62831]},"properties":{"probability":0.292,"inBuffer":false,"facType":"substation"}},{"type":"Feature","geometry":{"type":"Point","coordinates":[-81.73546,26.62831]},"properties":{"probability":0.259,"inBuffer":false,"facType":"fire"}},{"type":"Feature","geometry":{"type":"Point","coordinates":[-81.73097,26.62831]},"properties":{"probability":0.255,"inBuffer":false,"facType":"fire"}},{"type":"Feature","geometry":{"type":"Point","coordinates":[-81.72648,26.62831]},"properties":{"probability":0.257,"inBuffer":false,"facType":"fire"}},{"type":"Feature","geometry":{"type":"Point","coordinates":[-81.72198,26.62831]},"properties":{"probability":0.269,"inBuffer":false,"facType":"airport"}},{"type":"Feature","geometry":{"type":"Point","coordinates":[-82.01843,26.62382]},"properties":{"probability":0.28,"inBuffer":false,"facType":"fire"}},{"type":"Feature","geometry":{"type":"Point","coordinates":[-82.01394,26.62382]},"properties":{"probability":0.353,"inBuffer":false,"facType":"fire"}},{"type":"Feature","geometry":{"type":"Point","coordinates":[-82.00945,26.62382]},"properties":{"probability":0.396,"inBuffer":false,"facType":"substation"}},{"type":"Feature","geometry":{"type":"Point","coordinates":[-82.00496,26.62382]},"properties":{"probability":0.386,"inBuffer":false,"facType":"substation"}},{"type":"Feature","geometry":{"type":"Point","coordinates":[-82.00047,26.62382]},"properties":{"probability":0.341,"inBuffer":false,"facType":"substation"}},{"type":"Feature","geometry":{"type":"Point","coordinates":[-81.99597,26.62382]},"properties":{"probability":0.372,"inBuffer":false,"facType":"substation"}},{"type":"Feature","geometry":{"type":"Point","coordinates":[-81.99148,26.62382]},"properties":{"probability":0.376,"inBuffer":false,"facType":"substation"}},{"type":"Feature","geometry":{"type":"Point","coordinates":[-81.98699,26.62382]},"properties":{"probability":0.336,"inBuffer":false,"facType":"substation"}},{"type":"Feature","geometry":{"type":"Point","coordinates":[-81.9825,26.62382]},"properties":{"probability":0.358,"inBuffer":false,"facType":"substation"}},{"type":"Feature","geometry":{"type":"Point","coordinates":[-81.978,26.62382]},"properties":{"probability":0.405,"inBuffer":false,"facType":"substation"}},{"type":"Feature","geometry":{"type":"Point","coordinates":[-81.97352,26.62382]},"properties":{"probability":0.413,"inBuffer":false,"facType":"substation"}},{"type":"Feature","geometry":{"type":"Point","coordinates":[-81.96902,26.62382]},"properties":{"probability":0.267,"inBuffer":false,"facType":"substation"}},{"type":"Feature","geometry":{"type":"Point","coordinates":[-81.96453,26.62382]},"properties":{"probability":0.278,"inBuffer":true,"facType":"fire"}},{"type":"Feature","geometry":{"type":"Point","coordinates":[-81.96004,26.62382]},"properties":{"probability":0.317,"inBuffer":true,"facType":"fire"}},{"type":"Feature","geometry":{"type":"Point","coordinates":[-81.95555,26.62382]},"properties":{"probability":0.346,"inBuffer":false,"facType":"police"}},{"type":"Feature","geometry":{"type":"Point","coordinates":[-81.95106,26.62382]},"properties":{"probability":0.256,"inBuffer":false,"facType":"water_works"}},{"type":"Feature","geometry":{"type":"Point","coordinates":[-81.94656,26.62382]},"properties":{"probability":0.444,"inBuffer":false,"facType":"water_works"}},{"type":"Feature","geometry":{"type":"Point","coordinates":[-81.94208,26.62382]},"properties":{"probability":0.64,"inBuffer":false,"facType":"water_works"}},{"type":"Feature","geometry":{"type":"Point","coordinates":[-81.93758,26.62382]},"properties":{"probability":0.684,"inBuffer":false,"facType":"water_works"}},{"type":"Feature","geometry":{"type":"Point","coordinates":[-81.93309,26.62382]},"properties":{"probability":0.272,"inBuffer":false,"facType":"water_works"}},{"type":"Feature","geometry":{"type":"Point","coordinates":[-81.9286,26.62382]},"properties":{"probability":0.229,"inBuffer":false,"facType":"water_works"}},{"type":"Feature","geometry":{"type":"Point","coordinates":[-81.92411,26.62382]},"properties":{"probability":0.192,"inBuffer":false,"facType":"water_works"}},{"type":"Feature","geometry":{"type":"Point","coordinates":[-81.91962,26.62382]},"properties":{"probability":0.205,"inBuffer":false,"facType":"water_works"}},{"type":"Feature","geometry":{"type":"Point","coordinates":[-81.89267,26.62382]},"properties":{"probability":0.241,"inBuffer":false,"facType":"hospital"}},{"type":"Feature","geometry":{"type":"Point","coordinates":[-81.88818,26.62382]},"properties":{"probability":0.248,"inBuffer":false,"facType":"hospital"}},{"type":"Feature","geometry":{"type":"Point","coordinates":[-81.88368,26.62382]},"properties":{"probability":0.377,"inBuffer":false,"facType":"hospital"}},{"type":"Feature","geometry":{"type":"Point","coordinates":[-81.8792,26.62382]},"properties":{"probability":0.396,"inBuffer":true,"facType":"hospital"}},{"type":"Feature","geometry":{"type":"Point","coordinates":[-81.8747,26.62382]},"properties":{"probability":0.593,"inBuffer":true,"facType":"hospital"}},{"type":"Feature","geometry":{"type":"Point","coordinates":[-81.87021,26.62382]},"properties":{"probability":0.596,"inBuffer":true,"facType":"hospital"}},{"type":"Feature","geometry":{"type":"Point","coordinates":[-81.86572,26.62382]},"properties":{"probability":0.603,"inBuffer":false,"facType":"hospital"}},{"type":"Feature","geometry":{"type":"Point","coordinates":[-81.86123,26.62382]},"properties":{"probability":0.637,"inBuffer":false,"facType":"substation"}},{"type":"Feature","geometry":{"type":"Point","coordinates":[-81.85674,26.62382]},"properties":{"probability":0.583,"inBuffer":false,"facType":"substation"}},{"type":"Feature","geometry":{"type":"Point","coordinates":[-81.85224,26.62382]},"properties":{"probability":0.612,"inBuffer":false,"facType":"substation"}},{"type":"Feature","geometry":{"type":"Point","coordinates":[-81.84775,26.62382]},"properties":{"probability":0.675,"inBuffer":false,"facType":"substation"}},{"type":"Feature","geometry":{"type":"Point","coordinates":[-81.84326,26.62382]},"properties":{"probability":0.641,"inBuffer":false,"facType":"substation"}},{"type":"Feature","geometry":{"type":"Point","coordinates":[-81.83877,26.62382]},"properties":{"probability":0.548,"inBuffer":false,"facType":"substation"}},{"type":"Feature","geometry":{"type":"Point","coordinates":[-81.83427,26.62382]},"properties":{"probability":0.483,"inBuffer":false,"facType":"water_works"}},{"type":"Feature","geometry":{"type":"Point","coordinates":[-81.82979,26.62382]},"properties":{"probability":0.51,"inBuffer":false,"facType":"water_works"}},{"type":"Feature","geometry":{"type":"Point","coordinates":[-81.82529,26.62382]},"properties":{"probability":0.432,"inBuffer":false,"facType":"water_works"}},{"type":"Feature","geometry":{"type":"Point","coordinates":[-81.8208,26.62382]},"properties":{"probability":0.268,"inBuffer":false,"facType":"water_works"}},{"type":"Feature","geometry":{"type":"Point","coordinates":[-81.81631,26.62382]},"properties":{"probability":0.348,"inBuffer":false,"facType":"water_works"}},{"type":"Feature","geometry":{"type":"Point","coordinates":[-81.81182,26.62382]},"properties":{"probability":0.373,"inBuffer":false,"facType":"police"}},{"type":"Feature","geometry":{"type":"Point","coordinates":[-81.80733,26.62382]},"properties":{"probability":0.444,"inBuffer":false,"facType":"hospital"}},{"type":"Feature","geometry":{"type":"Point","coordinates":[-81.80283,26.62382]},"properties":{"probability":0.475,"inBuffer":true,"facType":"hospital"}},{"type":"Feature","geometry":{"type":"Point","coordinates":[-81.79835,26.62382]},"properties":{"probability":0.439,"inBuffer":false,"facType":"hospital"}},{"type":"Feature","geometry":{"type":"Point","coordinates":[-81.79385,26.62382]},"properties":{"probability":0.391,"inBuffer":false,"facType":"hospital"}},{"type":"Feature","geometry":{"type":"Point","coordinates":[-81.78936,26.62382]},"properties":{"probability":0.253,"inBuffer":false,"facType":"hospital"}},{"type":"Feature","geometry":{"type":"Point","coordinates":[-81.78487,26.62382]},"properties":{"probability":0.217,"inBuffer":false,"facType":"substation"}},{"type":"Feature","geometry":{"type":"Point","coordinates":[-81.78038,26.62382]},"properties":{"probability":0.253,"inBuffer":false,"facType":"substation"}},{"type":"Feature","geometry":{"type":"Point","coordinates":[-81.77589,26.62382]},"properties":{"probability":0.254,"inBuffer":false,"facType":"substation"}},{"type":"Feature","geometry":{"type":"Point","coordinates":[-81.77139,26.62382]},"properties":{"probability":0.396,"inBuffer":false,"facType":"substation"}},{"type":"Feature","geometry":{"type":"Point","coordinates":[-81.76691,26.62382]},"properties":{"probability":0.443,"inBuffer":false,"facType":"substation"}},{"type":"Feature","geometry":{"type":"Point","coordinates":[-81.76241,26.62382]},"properties":{"probability":0.423,"inBuffer":false,"facType":"substation"}},{"type":"Feature","geometry":{"type":"Point","coordinates":[-81.75792,26.62382]},"properties":{"probability":0.323,"inBuffer":false,"facType":"substation"}},{"type":"Feature","geometry":{"type":"Point","coordinates":[-81.75343,26.62382]},"properties":{"probability":0.4,"inBuffer":false,"facType":"substation"}},{"type":"Feature","geometry":{"type":"Point","coordinates":[-81.74894,26.62382]},"properties":{"probability":0.389,"inBuffer":false,"facType":"substation"}},{"type":"Feature","geometry":{"type":"Point","coordinates":[-81.74445,26.62382]},"properties":{"probability":0.41,"inBuffer":false,"facType":"fire"}},{"type":"Feature","geometry":{"type":"Point","coordinates":[-81.73995,26.62382]},"properties":{"probability":0.362,"inBuffer":false,"facType":"fire"}},{"type":"Feature","geometry":{"type":"Point","coordinates":[-81.73546,26.62382]},"properties":{"probability":0.334,"inBuffer":false,"facType":"fire"}},{"type":"Feature","geometry":{"type":"Point","coordinates":[-81.73097,26.62382]},"properties":{"probability":0.275,"inBuffer":false,"facType":"fire"}},{"type":"Feature","geometry":{"type":"Point","coordinates":[-81.72648,26.62382]},"properties":{"probability":0.258,"inBuffer":false,"facType":"fire"}},{"type":"Feature","geometry":{"type":"Point","coordinates":[-81.72198,26.62382]},"properties":{"probability":0.322,"inBuffer":false,"facType":"fire"}},{"type":"Feature","geometry":{"type":"Point","coordinates":[-82.01843,26.61933]},"properties":{"probability":0.277,"inBuffer":false,"facType":"substation"}},{"type":"Feature","geometry":{"type":"Point","coordinates":[-82.01394,26.61933]},"properties":{"probability":0.309,"inBuffer":false,"facType":"substation"}},{"type":"Feature","geometry":{"type":"Point","coordinates":[-82.00945,26.61933]},"properties":{"probability":0.299,"inBuffer":false,"facType":"substation"}},{"type":"Feature","geometry":{"type":"Point","coordinates":[-82.00496,26.61933]},"properties":{"probability":0.319,"inBuffer":false,"facType":"substation"}},{"type":"Feature","geometry":{"type":"Point","coordinates":[-82.00047,26.61933]},"properties":{"probability":0.245,"inBuffer":false,"facType":"substation"}},{"type":"Feature","geometry":{"type":"Point","coordinates":[-81.99597,26.61933]},"properties":{"probability":0.351,"inBuffer":false,"facType":"substation"}},{"type":"Feature","geometry":{"type":"Point","coordinates":[-81.99148,26.61933]},"properties":{"probability":0.379,"inBuffer":false,"facType":"substation"}},{"type":"Feature","geometry":{"type":"Point","coordinates":[-81.98699,26.61933]},"properties":{"probability":0.294,"inBuffer":false,"facType":"substation"}},{"type":"Feature","geometry":{"type":"Point","coordinates":[-81.9825,26.61933]},"properties":{"probability":0.282,"inBuffer":false,"facType":"substation"}},{"type":"Feature","geometry":{"type":"Point","coordinates":[-81.978,26.61933]},"properties":{"probability":0.381,"inBuffer":true,"facType":"substation"}},{"type":"Feature","geometry":{"type":"Point","coordinates":[-81.97352,26.61933]},"properties":{"probability":0.323,"inBuffer":true,"facType":"substation"}},{"type":"Feature","geometry":{"type":"Point","coordinates":[-81.96902,26.61933]},"properties":{"probability":0.27,"inBuffer":true,"facType":"substation"}},{"type":"Feature","geometry":{"type":"Point","coordinates":[-81.96453,26.61933]},"properties":{"probability":0.282,"inBuffer":false,"facType":"substation"}},{"type":"Feature","geometry":{"type":"Point","coordinates":[-81.96004,26.61933]},"properties":{"probability":0.306,"inBuffer":false,"facType":"fire"}},{"type":"Feature","geometry":{"type":"Point","coordinates":[-81.95555,26.61933]},"properties":{"probability":0.319,"inBuffer":false,"facType":"police"}},{"type":"Feature","geometry":{"type":"Point","coordinates":[-81.95106,26.61933]},"properties":{"probability":0.28,"inBuffer":false,"facType":"water_works"}},{"type":"Feature","geometry":{"type":"Point","coordinates":[-81.94656,26.61933]},"properties":{"probability":0.397,"inBuffer":false,"facType":"water_works"}},{"type":"Feature","geometry":{"type":"Point","coordinates":[-81.94208,26.61933]},"properties":{"probability":0.679,"inBuffer":false,"facType":"water_works"}},{"type":"Feature","geometry":{"type":"Point","coordinates":[-81.93758,26.61933]},"properties":{"probability":0.665,"inBuffer":false,"facType":"water_works"}},{"type":"Feature","geometry":{"type":"Point","coordinates":[-81.93309,26.61933]},"properties":{"probability":0.292,"inBuffer":false,"facType":"water_works"}},{"type":"Feature","geometry":{"type":"Point","coordinates":[-81.9286,26.61933]},"properties":{"probability":0.204,"inBuffer":false,"facType":"water_works"}},{"type":"Feature","geometry":{"type":"Point","coordinates":[-81.92411,26.61933]},"properties":{"probability":0.242,"inBuffer":false,"facType":"government"}},{"type":"Feature","geometry":{"type":"Point","coordinates":[-81.89267,26.61933]},"properties":{"probability":0.236,"inBuffer":false,"facType":"hospital"}},{"type":"Feature","geometry":{"type":"Point","coordinates":[-81.88818,26.61933]},"properties":{"probability":0.283,"inBuffer":false,"facType":"hospital"}},{"type":"Feature","geometry":{"type":"Point","coordinates":[-81.88368,26.61933]},"properties":{"probability":0.376,"inBuffer":false,"facType":"hospital"}},{"type":"Feature","geometry":{"type":"Point","coordinates":[-81.8792,26.61933]},"properties":{"probability":0.384,"inBuffer":false,"facType":"hospital"}},{"type":"Feature","geometry":{"type":"Point","coordinates":[-81.8747,26.61933]},"properties":{"probability":0.581,"inBuffer":false,"facType":"hospital"}},{"type":"Feature","geometry":{"type":"Point","coordinates":[-81.87021,26.61933]},"properties":{"probability":0.567,"inBuffer":false,"facType":"hospital"}},{"type":"Feature","geometry":{"type":"Point","coordinates":[-81.86572,26.61933]},"properties":{"probability":0.608,"inBuffer":false,"facType":"hospital"}},{"type":"Feature","geometry":{"type":"Point","coordinates":[-81.86123,26.61933]},"properties":{"probability":0.684,"inBuffer":false,"facType":"substation"}},{"type":"Feature","geometry":{"type":"Point","coordinates":[-81.85674,26.61933]},"properties":{"probability":0.658,"inBuffer":false,"facType":"substation"}},{"type":"Feature","geometry":{"type":"Point","coordinates":[-81.85224,26.61933]},"properties":{"probability":0.636,"inBuffer":false,"facType":"substation"}},{"type":"Feature","geometry":{"type":"Point","coordinates":[-81.84775,26.61933]},"properties":{"probability":0.67,"inBuffer":false,"facType":"substation"}},{"type":"Feature","geometry":{"type":"Point","coordinates":[-81.84326,26.61933]},"properties":{"probability":0.632,"inBuffer":false,"facType":"substation"}},{"type":"Feature","geometry":{"type":"Point","coordinates":[-81.83877,26.61933]},"properties":{"probability":0.482,"inBuffer":false,"facType":"substation"}},{"type":"Feature","geometry":{"type":"Point","coordinates":[-81.83427,26.61933]},"properties":{"probability":0.399,"inBuffer":false,"facType":"fire"}},{"type":"Feature","geometry":{"type":"Point","coordinates":[-81.82979,26.61933]},"properties":{"probability":0.41,"inBuffer":false,"facType":"water_works"}},{"type":"Feature","geometry":{"type":"Point","coordinates":[-81.82529,26.61933]},"properties":{"probability":0.41,"inBuffer":false,"facType":"water_works"}},{"type":"Feature","geometry":{"type":"Point","coordinates":[-81.8208,26.61933]},"properties":{"probability":0.25,"inBuffer":false,"facType":"hospital"}},{"type":"Feature","geometry":{"type":"Point","coordinates":[-81.81631,26.61933]},"properties":{"probability":0.418,"inBuffer":false,"facType":"hospital"}},{"type":"Feature","geometry":{"type":"Point","coordinates":[-81.81182,26.61933]},"properties":{"probability":0.499,"inBuffer":false,"facType":"hospital"}},{"type":"Feature","geometry":{"type":"Point","coordinates":[-81.80733,26.61933]},"properties":{"probability":0.554,"inBuffer":false,"facType":"hospital"}},{"type":"Feature","geometry":{"type":"Point","coordinates":[-81.80283,26.61933]},"properties":{"probability":0.59,"inBuffer":false,"facType":"hospital"}},{"type":"Feature","geometry":{"type":"Point","coordinates":[-81.79835,26.61933]},"properties":{"probability":0.54,"inBuffer":false,"facType":"hospital"}},{"type":"Feature","geometry":{"type":"Point","coordinates":[-81.79385,26.61933]},"properties":{"probability":0.458,"inBuffer":false,"facType":"hospital"}},{"type":"Feature","geometry":{"type":"Point","coordinates":[-81.78936,26.61933]},"properties":{"probability":0.245,"inBuffer":false,"facType":"hospital"}},{"type":"Feature","geometry":{"type":"Point","coordinates":[-81.78487,26.61933]},"properties":{"probability":0.22,"inBuffer":false,"facType":"substation"}},{"type":"Feature","geometry":{"type":"Point","coordinates":[-81.78038,26.61933]},"properties":{"probability":0.219,"inBuffer":false,"facType":"substation"}},{"type":"Feature","geometry":{"type":"Point","coordinates":[-81.77589,26.61933]},"properties":{"probability":0.291,"inBuffer":false,"facType":"substation"}},{"type":"Feature","geometry":{"type":"Point","coordinates":[-81.77139,26.61933]},"properties":{"probability":0.462,"inBuffer":false,"facType":"substation"}},{"type":"Feature","geometry":{"type":"Point","coordinates":[-81.76691,26.61933]},"properties":{"probability":0.649,"inBuffer":false,"facType":"substation"}},{"type":"Feature","geometry":{"type":"Point","coordinates":[-81.76241,26.61933]},"properties":{"probability":0.536,"inBuffer":false,"facType":"substation"}},{"type":"Feature","geometry":{"type":"Point","coordinates":[-81.75792,26.61933]},"properties":{"probability":0.506,"inBuffer":false,"facType":"substation"}},{"type":"Feature","geometry":{"type":"Point","coordinates":[-81.75343,26.61933]},"properties":{"probability":0.557,"inBuffer":false,"facType":"fire"}},{"type":"Feature","geometry":{"type":"Point","coordinates":[-81.74894,26.61933]},"properties":{"probability":0.596,"inBuffer":false,"facType":"fire"}},{"type":"Feature","geometry":{"type":"Point","coordinates":[-81.74445,26.61933]},"properties":{"probability":0.517,"inBuffer":false,"facType":"fire"}},{"type":"Feature","geometry":{"type":"Point","coordinates":[-81.73995,26.61933]},"properties":{"probability":0.401,"inBuffer":false,"facType":"fire"}},{"type":"Feature","geometry":{"type":"Point","coordinates":[-81.73546,26.61933]},"properties":{"probability":0.3,"inBuffer":false,"facType":"fire"}},{"type":"Feature","geometry":{"type":"Point","coordinates":[-81.73097,26.61933]},"properties":{"probability":0.324,"inBuffer":false,"facType":"fire"}},{"type":"Feature","geometry":{"type":"Point","coordinates":[-81.72648,26.61933]},"properties":{"probability":0.342,"inBuffer":false,"facType":"fire"}},{"type":"Feature","geometry":{"type":"Point","coordinates":[-81.72198,26.61933]},"properties":{"probability":0.324,"inBuffer":false,"facType":"fire"}},{"type":"Feature","geometry":{"type":"Point","coordinates":[-82.01843,26.61484]},"properties":{"probability":0.323,"inBuffer":false,"facType":"fire"}},{"type":"Feature","geometry":{"type":"Point","coordinates":[-82.01394,26.61484]},"properties":{"probability":0.307,"inBuffer":false,"facType":"fire"}},{"type":"Feature","geometry":{"type":"Point","coordinates":[-82.00945,26.61484]},"properties":{"probability":0.344,"inBuffer":false,"facType":"fire"}},{"type":"Feature","geometry":{"type":"Point","coordinates":[-82.00496,26.61484]},"properties":{"probability":0.333,"inBuffer":false,"facType":"fire"}},{"type":"Feature","geometry":{"type":"Point","coordinates":[-82.00047,26.61484]},"properties":{"probability":0.239,"inBuffer":false,"facType":"fire"}},{"type":"Feature","geometry":{"type":"Point","coordinates":[-81.99597,26.61484]},"properties":{"probability":0.264,"inBuffer":false,"facType":"fire"}},{"type":"Feature","geometry":{"type":"Point","coordinates":[-81.99148,26.61484]},"properties":{"probability":0.351,"inBuffer":false,"facType":"fire"}},{"type":"Feature","geometry":{"type":"Point","coordinates":[-81.98699,26.61484]},"properties":{"probability":0.265,"inBuffer":false,"facType":"fire"}},{"type":"Feature","geometry":{"type":"Point","coordinates":[-81.9825,26.61484]},"properties":{"probability":0.35,"inBuffer":false,"facType":"fire"}},{"type":"Feature","geometry":{"type":"Point","coordinates":[-81.978,26.61484]},"properties":{"probability":0.428,"inBuffer":true,"facType":"fire"}},{"type":"Feature","geometry":{"type":"Point","coordinates":[-81.97352,26.61484]},"properties":{"probability":0.396,"inBuffer":true,"facType":"fire"}},{"type":"Feature","geometry":{"type":"Point","coordinates":[-81.96902,26.61484]},"properties":{"probability":0.292,"inBuffer":true,"facType":"fire"}},{"type":"Feature","geometry":{"type":"Point","coordinates":[-81.96453,26.61484]},"properties":{"probability":0.25,"inBuffer":false,"facType":"fire"}},{"type":"Feature","geometry":{"type":"Point","coordinates":[-81.96004,26.61484]},"properties":{"probability":0.281,"inBuffer":false,"facType":"fire"}},{"type":"Feature","geometry":{"type":"Point","coordinates":[-81.95555,26.61484]},"properties":{"probability":0.303,"inBuffer":false,"facType":"fire"}},{"type":"Feature","geometry":{"type":"Point","coordinates":[-81.95106,26.61484]},"properties":{"probability":0.267,"inBuffer":false,"facType":"fire"}},{"type":"Feature","geometry":{"type":"Point","coordinates":[-81.94656,26.61484]},"properties":{"probability":0.402,"inBuffer":false,"facType":"fire"}},{"type":"Feature","geometry":{"type":"Point","coordinates":[-81.94208,26.61484]},"properties":{"probability":0.578,"inBuffer":false,"facType":"fire"}},{"type":"Feature","geometry":{"type":"Point","coordinates":[-81.93758,26.61484]},"properties":{"probability":0.666,"inBuffer":false,"facType":"fire"}},{"type":"Feature","geometry":{"type":"Point","coordinates":[-81.93309,26.61484]},"properties":{"probability":0.248,"inBuffer":false,"facType":"government"}},{"type":"Feature","geometry":{"type":"Point","coordinates":[-81.9286,26.61484]},"properties":{"probability":0.204,"inBuffer":false,"facType":"government"}},{"type":"Feature","geometry":{"type":"Point","coordinates":[-81.92411,26.61484]},"properties":{"probability":0.216,"inBuffer":false,"facType":"government"}},{"type":"Feature","geometry":{"type":"Point","coordinates":[-81.89267,26.61484]},"properties":{"probability":0.229,"inBuffer":false,"facType":"substation"}},{"type":"Feature","geometry":{"type":"Point","coordinates":[-81.88818,26.61484]},"properties":{"probability":0.333,"inBuffer":false,"facType":"fire"}},{"type":"Feature","geometry":{"type":"Point","coordinates":[-81.88368,26.61484]},"properties":{"probability":0.394,"inBuffer":false,"facType":"fire"}},{"type":"Feature","geometry":{"type":"Point","coordinates":[-81.8792,26.61484]},"properties":{"probability":0.365,"inBuffer":false,"facType":"fire"}},{"type":"Feature","geometry":{"type":"Point","coordinates":[-81.8747,26.61484]},"properties":{"probability":0.604,"inBuffer":false,"facType":"fire"}},{"type":"Feature","geometry":{"type":"Point","coordinates":[-81.87021,26.61484]},"properties":{"probability":0.59,"inBuffer":false,"facType":"fire"}},{"type":"Feature","geometry":{"type":"Point","coordinates":[-81.86572,26.61484]},"properties":{"probability":0.648,"inBuffer":false,"facType":"fire"}},{"type":"Feature","geometry":{"type":"Point","coordinates":[-81.86123,26.61484]},"properties":{"probability":0.68,"inBuffer":false,"facType":"fire"}},{"type":"Feature","geometry":{"type":"Point","coordinates":[-81.85674,26.61484]},"properties":{"probability":0.674,"inBuffer":false,"facType":"substation"}},{"type":"Feature","geometry":{"type":"Point","coordinates":[-81.85224,26.61484]},"properties":{"probability":0.606,"inBuffer":false,"facType":"substation"}},{"type":"Feature","geometry":{"type":"Point","coordinates":[-81.84775,26.61484]},"properties":{"probability":0.539,"inBuffer":false,"facType":"substation"}},{"type":"Feature","geometry":{"type":"Point","coordinates":[-81.84326,26.61484]},"properties":{"probability":0.498,"inBuffer":true,"facType":"fire"}},{"type":"Feature","geometry":{"type":"Point","coordinates":[-81.83877,26.61484]},"properties":{"probability":0.481,"inBuffer":true,"facType":"fire"}},{"type":"Feature","geometry":{"type":"Point","coordinates":[-81.83427,26.61484]},"properties":{"probability":0.408,"inBuffer":false,"facType":"fire"}},{"type":"Feature","geometry":{"type":"Point","coordinates":[-81.82979,26.61484]},"properties":{"probability":0.409,"inBuffer":false,"facType":"hospital"}},{"type":"Feature","geometry":{"type":"Point","coordinates":[-81.82529,26.61484]},"properties":{"probability":0.425,"inBuffer":false,"facType":"hospital"}},{"type":"Feature","geometry":{"type":"Point","coordinates":[-81.8208,26.61484]},"properties":{"probability":0.487,"inBuffer":true,"facType":"hospital"}},{"type":"Feature","geometry":{"type":"Point","coordinates":[-81.81631,26.61484]},"properties":{"probability":0.676,"inBuffer":true,"facType":"hospital"}},{"type":"Feature","geometry":{"type":"Point","coordinates":[-81.81182,26.61484]},"properties":{"probability":0.706,"inBuffer":false,"facType":"hospital"}},{"type":"Feature","geometry":{"type":"Point","coordinates":[-81.80733,26.61484]},"properties":{"probability":0.675,"inBuffer":false,"facType":"hospital"}},{"type":"Feature","geometry":{"type":"Point","coordinates":[-81.80283,26.61484]},"properties":{"probability":0.658,"inBuffer":false,"facType":"hospital"}},{"type":"Feature","geometry":{"type":"Point","coordinates":[-81.79835,26.61484]},"properties":{"probability":0.672,"inBuffer":false,"facType":"hospital"}},{"type":"Feature","geometry":{"type":"Point","coordinates":[-81.79385,26.61484]},"properties":{"probability":0.502,"inBuffer":false,"facType":"fire"}},{"type":"Feature","geometry":{"type":"Point","coordinates":[-81.78936,26.61484]},"properties":{"probability":0.331,"inBuffer":false,"facType":"fire"}},{"type":"Feature","geometry":{"type":"Point","coordinates":[-81.78487,26.61484]},"properties":{"probability":0.402,"inBuffer":false,"facType":"fire"}},{"type":"Feature","geometry":{"type":"Point","coordinates":[-81.78038,26.61484]},"properties":{"probability":0.41,"inBuffer":false,"facType":"fire"}},{"type":"Feature","geometry":{"type":"Point","coordinates":[-81.77589,26.61484]},"properties":{"probability":0.324,"inBuffer":false,"facType":"substation"}},{"type":"Feature","geometry":{"type":"Point","coordinates":[-81.77139,26.61484]},"properties":{"probability":0.463,"inBuffer":false,"facType":"substation"}},{"type":"Feature","geometry":{"type":"Point","coordinates":[-81.76691,26.61484]},"properties":{"probability":0.592,"inBuffer":false,"facType":"substation"}},{"type":"Feature","geometry":{"type":"Point","coordinates":[-81.76241,26.61484]},"properties":{"probability":0.501,"inBuffer":false,"facType":"substation"}},{"type":"Feature","geometry":{"type":"Point","coordinates":[-81.75792,26.61484]},"properties":{"probability":0.498,"inBuffer":false,"facType":"fire"}},{"type":"Feature","geometry":{"type":"Point","coordinates":[-81.75343,26.61484]},"properties":{"probability":0.567,"inBuffer":false,"facType":"fire"}},{"type":"Feature","geometry":{"type":"Point","coordinates":[-81.74894,26.61484]},"properties":{"probability":0.586,"inBuffer":true,"facType":"fire"}},{"type":"Feature","geometry":{"type":"Point","coordinates":[-81.74445,26.61484]},"properties":{"probability":0.516,"inBuffer":true,"facType":"fire"}},{"type":"Feature","geometry":{"type":"Point","coordinates":[-81.73995,26.61484]},"properties":{"probability":0.359,"inBuffer":false,"facType":"fire"}},{"type":"Feature","geometry":{"type":"Point","coordinates":[-81.73546,26.61484]},"properties":{"probability":0.266,"inBuffer":false,"facType":"fire"}},{"type":"Feature","geometry":{"type":"Point","coordinates":[-81.73097,26.61484]},"properties":{"probability":0.261,"inBuffer":false,"facType":"fire"}},{"type":"Feature","geometry":{"type":"Point","coordinates":[-81.72648,26.61484]},"properties":{"probability":0.313,"inBuffer":false,"facType":"fire"}},{"type":"Feature","geometry":{"type":"Point","coordinates":[-81.72198,26.61484]},"properties":{"probability":0.331,"inBuffer":false,"facType":"fire"}},{"type":"Feature","geometry":{"type":"Point","coordinates":[-82.01843,26.61034]},"properties":{"probability":0.378,"inBuffer":false,"facType":"fire"}},{"type":"Feature","geometry":{"type":"Point","coordinates":[-82.01394,26.61034]},"properties":{"probability":0.397,"inBuffer":false,"facType":"fire"}},{"type":"Feature","geometry":{"type":"Point","coordinates":[-82.00945,26.61034]},"properties":{"probability":0.405,"inBuffer":false,"facType":"fire"}},{"type":"Feature","geometry":{"type":"Point","coordinates":[-82.00496,26.61034]},"properties":{"probability":0.409,"inBuffer":false,"facType":"fire"}},{"type":"Feature","geometry":{"type":"Point","coordinates":[-82.00047,26.61034]},"properties":{"probability":0.288,"inBuffer":false,"facType":"fire"}},{"type":"Feature","geometry":{"type":"Point","coordinates":[-81.99597,26.61034]},"properties":{"probability":0.327,"inBuffer":false,"facType":"fire"}},{"type":"Feature","geometry":{"type":"Point","coordinates":[-81.99148,26.61034]},"properties":{"probability":0.361,"inBuffer":false,"facType":"fire"}},{"type":"Feature","geometry":{"type":"Point","coordinates":[-81.98699,26.61034]},"properties":{"probability":0.29,"inBuffer":false,"facType":"fire"}},{"type":"Feature","geometry":{"type":"Point","coordinates":[-81.9825,26.61034]},"properties":{"probability":0.41,"inBuffer":false,"facType":"fire"}},{"type":"Feature","geometry":{"type":"Point","coordinates":[-81.978,26.61034]},"properties":{"probability":0.515,"inBuffer":true,"facType":"fire"}},{"type":"Feature","geometry":{"type":"Point","coordinates":[-81.97352,26.61034]},"properties":{"probability":0.504,"inBuffer":true,"facType":"fire"}},{"type":"Feature","geometry":{"type":"Point","coordinates":[-81.96902,26.61034]},"properties":{"probability":0.377,"inBuffer":true,"facType":"fire"}},{"type":"Feature","geometry":{"type":"Point","coordinates":[-81.96453,26.61034]},"properties":{"probability":0.25,"inBuffer":false,"facType":"fire"}},{"type":"Feature","geometry":{"type":"Point","coordinates":[-81.96004,26.61034]},"properties":{"probability":0.353,"inBuffer":false,"facType":"fire"}},{"type":"Feature","geometry":{"type":"Point","coordinates":[-81.95555,26.61034]},"properties":{"probability":0.357,"inBuffer":false,"facType":"fire"}},{"type":"Feature","geometry":{"type":"Point","coordinates":[-81.95106,26.61034]},"properties":{"probability":0.313,"inBuffer":false,"facType":"fire"}},{"type":"Feature","geometry":{"type":"Point","coordinates":[-81.94656,26.61034]},"properties":{"probability":0.414,"inBuffer":false,"facType":"fire"}},{"type":"Feature","geometry":{"type":"Point","coordinates":[-81.94208,26.61034]},"properties":{"probability":0.659,"inBuffer":true,"facType":"fire"}},{"type":"Feature","geometry":{"type":"Point","coordinates":[-81.93758,26.61034]},"properties":{"probability":0.715,"inBuffer":true,"facType":"fire"}},{"type":"Feature","geometry":{"type":"Point","coordinates":[-81.93309,26.61034]},"properties":{"probability":0.354,"inBuffer":true,"facType":"government"}},{"type":"Feature","geometry":{"type":"Point","coordinates":[-81.9286,26.61034]},"properties":{"probability":0.222,"inBuffer":false,"facType":"government"}},{"type":"Feature","geometry":{"type":"Point","coordinates":[-81.92411,26.61034]},"properties":{"probability":0.231,"inBuffer":false,"facType":"government"}},{"type":"Feature","geometry":{"type":"Point","coordinates":[-81.91962,26.61034]},"properties":{"probability":0.257,"inBuffer":false,"facType":"government"}},{"type":"Feature","geometry":{"type":"Point","coordinates":[-81.91512,26.61034]},"properties":{"probability":0.216,"inBuffer":false,"facType":"government"}},{"type":"Feature","geometry":{"type":"Point","coordinates":[-81.91064,26.61034]},"properties":{"probability":0.216,"inBuffer":false,"facType":"government"}},{"type":"Feature","geometry":{"type":"Point","coordinates":[-81.89716,26.61034]},"properties":{"probability":0.257,"inBuffer":false,"facType":"substation"}},{"type":"Feature","geometry":{"type":"Point","coordinates":[-81.89267,26.61034]},"properties":{"probability":0.257,"inBuffer":false,"facType":"substation"}},{"type":"Feature","geometry":{"type":"Point","coordinates":[-81.88818,26.61034]},"properties":{"probability":0.427,"inBuffer":false,"facType":"substation"}},{"type":"Feature","geometry":{"type":"Point","coordinates":[-81.88368,26.61034]},"properties":{"probability":0.403,"inBuffer":false,"facType":"fire"}},{"type":"Feature","geometry":{"type":"Point","coordinates":[-81.8792,26.61034]},"properties":{"probability":0.38,"inBuffer":true,"facType":"fire"}},{"type":"Feature","geometry":{"type":"Point","coordinates":[-81.8747,26.61034]},"properties":{"probability":0.639,"inBuffer":true,"facType":"fire"}},{"type":"Feature","geometry":{"type":"Point","coordinates":[-81.87021,26.61034]},"properties":{"probability":0.669,"inBuffer":true,"facType":"fire"}},{"type":"Feature","geometry":{"type":"Point","coordinates":[-81.86572,26.61034]},"properties":{"probability":0.681,"inBuffer":false,"facType":"fire"}},{"type":"Feature","geometry":{"type":"Point","coordinates":[-81.86123,26.61034]},"properties":{"probability":0.652,"inBuffer":false,"facType":"fire"}},{"type":"Feature","geometry":{"type":"Point","coordinates":[-81.85674,26.61034]},"properties":{"probability":0.559,"inBuffer":false,"facType":"substation"}},{"type":"Feature","geometry":{"type":"Point","coordinates":[-81.85224,26.61034]},"properties":{"probability":0.553,"inBuffer":false,"facType":"substation"}},{"type":"Feature","geometry":{"type":"Point","coordinates":[-81.84775,26.61034]},"properties":{"probability":0.503,"inBuffer":true,"facType":"substation"}},{"type":"Feature","geometry":{"type":"Point","coordinates":[-81.84326,26.61034]},"properties":{"probability":0.512,"inBuffer":true,"facType":"fire"}},{"type":"Feature","geometry":{"type":"Point","coordinates":[-81.83877,26.61034]},"properties":{"probability":0.495,"inBuffer":true,"facType":"fire"}},{"type":"Feature","geometry":{"type":"Point","coordinates":[-81.83427,26.61034]},"properties":{"probability":0.445,"inBuffer":true,"facType":"fire"}},{"type":"Feature","geometry":{"type":"Point","coordinates":[-81.82979,26.61034]},"properties":{"probability":0.48,"inBuffer":false,"facType":"hospital"}},{"type":"Feature","geometry":{"type":"Point","coordinates":[-81.82529,26.61034]},"properties":{"probability":0.557,"inBuffer":true,"facType":"hospital"}},{"type":"Feature","geometry":{"type":"Point","coordinates":[-81.8208,26.61034]},"properties":{"probability":0.696,"inBuffer":true,"facType":"hospital"}},{"type":"Feature","geometry":{"type":"Point","coordinates":[-81.81631,26.61034]},"properties":{"probability":0.7,"inBuffer":true,"facType":"hospital"}},{"type":"Feature","geometry":{"type":"Point","coordinates":[-81.81182,26.61034]},"properties":{"probability":0.735,"inBuffer":false,"facType":"hospital"}},{"type":"Feature","geometry":{"type":"Point","coordinates":[-81.80733,26.61034]},"properties":{"probability":0.72,"inBuffer":false,"facType":"hospital"}},{"type":"Feature","geometry":{"type":"Point","coordinates":[-81.80283,26.61034]},"properties":{"probability":0.655,"inBuffer":false,"facType":"hospital"}},{"type":"Feature","geometry":{"type":"Point","coordinates":[-81.79835,26.61034]},"properties":{"probability":0.537,"inBuffer":false,"facType":"fire"}},{"type":"Feature","geometry":{"type":"Point","coordinates":[-81.79385,26.61034]},"properties":{"probability":0.381,"inBuffer":false,"facType":"fire"}},{"type":"Feature","geometry":{"type":"Point","coordinates":[-81.78936,26.61034]},"properties":{"probability":0.394,"inBuffer":false,"facType":"fire"}},{"type":"Feature","geometry":{"type":"Point","coordinates":[-81.78487,26.61034]},"properties":{"probability":0.472,"inBuffer":false,"facType":"fire"}},{"type":"Feature","geometry":{"type":"Point","coordinates":[-81.78038,26.61034]},"properties":{"probability":0.417,"inBuffer":false,"facType":"fire"}},{"type":"Feature","geometry":{"type":"Point","coordinates":[-81.77589,26.61034]},"properties":{"probability":0.265,"inBuffer":false,"facType":"fire"}},{"type":"Feature","geometry":{"type":"Point","coordinates":[-81.77139,26.61034]},"properties":{"probability":0.216,"inBuffer":false,"facType":"fire"}},{"type":"Feature","geometry":{"type":"Point","coordinates":[-81.76691,26.61034]},"properties":{"probability":0.23,"inBuffer":false,"facType":"substation"}},{"type":"Feature","geometry":{"type":"Point","coordinates":[-81.76241,26.61034]},"properties":{"probability":0.448,"inBuffer":false,"facType":"fire"}},{"type":"Feature","geometry":{"type":"Point","coordinates":[-81.75792,26.61034]},"properties":{"probability":0.445,"inBuffer":false,"facType":"fire"}},{"type":"Feature","geometry":{"type":"Point","coordinates":[-81.75343,26.61034]},"properties":{"probability":0.417,"inBuffer":false,"facType":"fire"}},{"type":"Feature","geometry":{"type":"Point","coordinates":[-81.74894,26.61034]},"properties":{"probability":0.405,"inBuffer":true,"facType":"fire"}},{"type":"Feature","geometry":{"type":"Point","coordinates":[-81.74445,26.61034]},"properties":{"probability":0.366,"inBuffer":true,"facType":"fire"}},{"type":"Feature","geometry":{"type":"Point","coordinates":[-81.73995,26.61034]},"properties":{"probability":0.267,"inBuffer":true,"facType":"fire"}},{"type":"Feature","geometry":{"type":"Point","coordinates":[-81.73546,26.61034]},"properties":{"probability":0.249,"inBuffer":false,"facType":"fire"}},{"type":"Feature","geometry":{"type":"Point","coordinates":[-81.73097,26.61034]},"properties":{"probability":0.245,"inBuffer":false,"facType":"fire"}},{"type":"Feature","geometry":{"type":"Point","coordinates":[-81.72648,26.61034]},"properties":{"probability":0.255,"inBuffer":false,"facType":"fire"}},{"type":"Feature","geometry":{"type":"Point","coordinates":[-81.72198,26.61034]},"properties":{"probability":0.255,"inBuffer":false,"facType":"fire"}},{"type":"Feature","geometry":{"type":"Point","coordinates":[-82.01843,26.60585]},"properties":{"probability":0.362,"inBuffer":false,"facType":"fire"}},{"type":"Feature","geometry":{"type":"Point","coordinates":[-82.01394,26.60585]},"properties":{"probability":0.352,"inBuffer":false,"facType":"fire"}},{"type":"Feature","geometry":{"type":"Point","coordinates":[-82.00945,26.60585]},"properties":{"probability":0.391,"inBuffer":false,"facType":"fire"}},{"type":"Feature","geometry":{"type":"Point","coordinates":[-82.00496,26.60585]},"properties":{"probability":0.38,"inBuffer":false,"facType":"fire"}},{"type":"Feature","geometry":{"type":"Point","coordinates":[-82.00047,26.60585]},"properties":{"probability":0.327,"inBuffer":false,"facType":"fire"}},{"type":"Feature","geometry":{"type":"Point","coordinates":[-81.99597,26.60585]},"properties":{"probability":0.382,"inBuffer":false,"facType":"fire"}},{"type":"Feature","geometry":{"type":"Point","coordinates":[-81.99148,26.60585]},"properties":{"probability":0.44,"inBuffer":false,"facType":"fire"}},{"type":"Feature","geometry":{"type":"Point","coordinates":[-81.98699,26.60585]},"properties":{"probability":0.384,"inBuffer":false,"facType":"fire"}},{"type":"Feature","geometry":{"type":"Point","coordinates":[-81.9825,26.60585]},"properties":{"probability":0.498,"inBuffer":false,"facType":"fire"}},{"type":"Feature","geometry":{"type":"Point","coordinates":[-81.978,26.60585]},"properties":{"probability":0.609,"inBuffer":false,"facType":"fire"}},{"type":"Feature","geometry":{"type":"Point","coordinates":[-81.97352,26.60585]},"properties":{"probability":0.595,"inBuffer":false,"facType":"fire"}},{"type":"Feature","geometry":{"type":"Point","coordinates":[-81.96902,26.60585]},"properties":{"probability":0.379,"inBuffer":false,"facType":"fire"}},{"type":"Feature","geometry":{"type":"Point","coordinates":[-81.96453,26.60585]},"properties":{"probability":0.253,"inBuffer":false,"facType":"fire"}},{"type":"Feature","geometry":{"type":"Point","coordinates":[-81.96004,26.60585]},"properties":{"probability":0.378,"inBuffer":false,"facType":"fire"}},{"type":"Feature","geometry":{"type":"Point","coordinates":[-81.95555,26.60585]},"properties":{"probability":0.386,"inBuffer":false,"facType":"fire"}},{"type":"Feature","geometry":{"type":"Point","coordinates":[-81.95106,26.60585]},"properties":{"probability":0.374,"inBuffer":false,"facType":"fire"}},{"type":"Feature","geometry":{"type":"Point","coordinates":[-81.94656,26.60585]},"properties":{"probability":0.4,"inBuffer":false,"facType":"fire"}},{"type":"Feature","geometry":{"type":"Point","coordinates":[-81.94208,26.60585]},"properties":{"probability":0.643,"inBuffer":true,"facType":"fire"}},{"type":"Feature","geometry":{"type":"Point","coordinates":[-81.93758,26.60585]},"properties":{"probability":0.716,"inBuffer":true,"facType":"fire"}},{"type":"Feature","geometry":{"type":"Point","coordinates":[-81.93309,26.60585]},"properties":{"probability":0.441,"inBuffer":true,"facType":"substation"}},{"type":"Feature","geometry":{"type":"Point","coordinates":[-81.9286,26.60585]},"properties":{"probability":0.349,"inBuffer":false,"facType":"government"}},{"type":"Feature","geometry":{"type":"Point","coordinates":[-81.92411,26.60585]},"properties":{"probability":0.281,"inBuffer":false,"facType":"government"}},{"type":"Feature","geometry":{"type":"Point","coordinates":[-81.91962,26.60585]},"properties":{"probability":0.371,"inBuffer":false,"facType":"government"}},{"type":"Feature","geometry":{"type":"Point","coordinates":[-81.91512,26.60585]},"properties":{"probability":0.262,"inBuffer":false,"facType":"government"}},{"type":"Feature","geometry":{"type":"Point","coordinates":[-81.91064,26.60585]},"properties":{"probability":0.239,"inBuffer":false,"facType":"government"}},{"type":"Feature","geometry":{"type":"Point","coordinates":[-81.90614,26.60585]},"properties":{"probability":0.273,"inBuffer":false,"facType":"government"}},{"type":"Feature","geometry":{"type":"Point","coordinates":[-81.90165,26.60585]},"properties":{"probability":0.295,"inBuffer":false,"facType":"substation"}},{"type":"Feature","geometry":{"type":"Point","coordinates":[-81.89716,26.60585]},"properties":{"probability":0.248,"inBuffer":false,"facType":"substation"}},{"type":"Feature","geometry":{"type":"Point","coordinates":[-81.89267,26.60585]},"properties":{"probability":0.28,"inBuffer":false,"facType":"substation"}},{"type":"Feature","geometry":{"type":"Point","coordinates":[-81.88818,26.60585]},"properties":{"probability":0.427,"inBuffer":false,"facType":"substation"}},{"type":"Feature","geometry":{"type":"Point","coordinates":[-81.88368,26.60585]},"properties":{"probability":0.403,"inBuffer":false,"facType":"substation"}},{"type":"Feature","geometry":{"type":"Point","coordinates":[-81.8792,26.60585]},"properties":{"probability":0.423,"inBuffer":true,"facType":"substation"}},{"type":"Feature","geometry":{"type":"Point","coordinates":[-81.8747,26.60585]},"properties":{"probability":0.71,"inBuffer":true,"facType":"fire"}},{"type":"Feature","geometry":{"type":"Point","coordinates":[-81.87021,26.60585]},"properties":{"probability":0.704,"inBuffer":true,"facType":"fire"}},{"type":"Feature","geometry":{"type":"Point","coordinates":[-81.86572,26.60585]},"properties":{"probability":0.71,"inBuffer":false,"facType":"fire"}},{"type":"Feature","geometry":{"type":"Point","coordinates":[-81.86123,26.60585]},"properties":{"probability":0.693,"inBuffer":false,"facType":"fire"}},{"type":"Feature","geometry":{"type":"Point","coordinates":[-81.85674,26.60585]},"properties":{"probability":0.613,"inBuffer":false,"facType":"substation"}},{"type":"Feature","geometry":{"type":"Point","coordinates":[-81.85224,26.60585]},"properties":{"probability":0.64,"inBuffer":false,"facType":"substation"}},{"type":"Feature","geometry":{"type":"Point","coordinates":[-81.84775,26.60585]},"properties":{"probability":0.662,"inBuffer":false,"facType":"substation"}},{"type":"Feature","geometry":{"type":"Point","coordinates":[-81.84326,26.60585]},"properties":{"probability":0.642,"inBuffer":true,"facType":"substation"}},{"type":"Feature","geometry":{"type":"Point","coordinates":[-81.83877,26.60585]},"properties":{"probability":0.602,"inBuffer":true,"facType":"fire"}},{"type":"Feature","geometry":{"type":"Point","coordinates":[-81.83427,26.60585]},"properties":{"probability":0.495,"inBuffer":false,"facType":"fire"}},{"type":"Feature","geometry":{"type":"Point","coordinates":[-81.82979,26.60585]},"properties":{"probability":0.492,"inBuffer":false,"facType":"hospital"}},{"type":"Feature","geometry":{"type":"Point","coordinates":[-81.82529,26.60585]},"properties":{"probability":0.586,"inBuffer":true,"facType":"hospital"}},{"type":"Feature","geometry":{"type":"Point","coordinates":[-81.8208,26.60585]},"properties":{"probability":0.706,"inBuffer":true,"facType":"hospital"}},{"type":"Feature","geometry":{"type":"Point","coordinates":[-81.81631,26.60585]},"properties":{"probability":0.719,"inBuffer":true,"facType":"hospital"}},{"type":"Feature","geometry":{"type":"Point","coordinates":[-81.81182,26.60585]},"properties":{"probability":0.731,"inBuffer":false,"facType":"hospital"}},{"type":"Feature","geometry":{"type":"Point","coordinates":[-81.80733,26.60585]},"properties":{"probability":0.706,"inBuffer":false,"facType":"hospital"}},{"type":"Feature","geometry":{"type":"Point","coordinates":[-81.80283,26.60585]},"properties":{"probability":0.503,"inBuffer":false,"facType":"fire"}},{"type":"Feature","geometry":{"type":"Point","coordinates":[-81.79835,26.60585]},"properties":{"probability":0.299,"inBuffer":false,"facType":"fire"}},{"type":"Feature","geometry":{"type":"Point","coordinates":[-81.79385,26.60585]},"properties":{"probability":0.263,"inBuffer":false,"facType":"fire"}},{"type":"Feature","geometry":{"type":"Point","coordinates":[-81.78936,26.60585]},"properties":{"probability":0.317,"inBuffer":true,"facType":"fire"}},{"type":"Feature","geometry":{"type":"Point","coordinates":[-81.78487,26.60585]},"properties":{"probability":0.378,"inBuffer":true,"facType":"fire"}},{"type":"Feature","geometry":{"type":"Point","coordinates":[-81.78038,26.60585]},"properties":{"probability":0.328,"inBuffer":true,"facType":"fire"}},{"type":"Feature","geometry":{"type":"Point","coordinates":[-81.77589,26.60585]},"properties":{"probability":0.237,"inBuffer":false,"facType":"fire"}},{"type":"Feature","geometry":{"type":"Point","coordinates":[-81.77139,26.60585]},"properties":{"probability":0.21,"inBuffer":false,"facType":"fire"}},{"type":"Feature","geometry":{"type":"Point","coordinates":[-81.76691,26.60585]},"properties":{"probability":0.227,"inBuffer":false,"facType":"fire"}},{"type":"Feature","geometry":{"type":"Point","coordinates":[-81.76241,26.60585]},"properties":{"probability":0.405,"inBuffer":false,"facType":"fire"}},{"type":"Feature","geometry":{"type":"Point","coordinates":[-81.75792,26.60585]},"properties":{"probability":0.406,"inBuffer":false,"facType":"fire"}},{"type":"Feature","geometry":{"type":"Point","coordinates":[-81.75343,26.60585]},"properties":{"probability":0.338,"inBuffer":false,"facType":"fire"}},{"type":"Feature","geometry":{"type":"Point","coordinates":[-81.74894,26.60585]},"properties":{"probability":0.259,"inBuffer":true,"facType":"fire"}},{"type":"Feature","geometry":{"type":"Point","coordinates":[-81.74445,26.60585]},"properties":{"probability":0.261,"inBuffer":true,"facType":"fire"}},{"type":"Feature","geometry":{"type":"Point","coordinates":[-81.73995,26.60585]},"properties":{"probability":0.249,"inBuffer":true,"facType":"fire"}},{"type":"Feature","geometry":{"type":"Point","coordinates":[-81.73546,26.60585]},"properties":{"probability":0.269,"inBuffer":false,"facType":"fire"}},{"type":"Feature","geometry":{"type":"Point","coordinates":[-81.73097,26.60585]},"properties":{"probability":0.253,"inBuffer":false,"facType":"fire"}},{"type":"Feature","geometry":{"type":"Point","coordinates":[-81.72648,26.60585]},"properties":{"probability":0.251,"inBuffer":false,"facType":"fire"}},{"type":"Feature","geometry":{"type":"Point","coordinates":[-81.72198,26.60585]},"properties":{"probability":0.25,"inBuffer":false,"facType":"fire"}},{"type":"Feature","geometry":{"type":"Point","coordinates":[-82.01843,26.60136]},"properties":{"probability":0.281,"inBuffer":false,"facType":"fire"}},{"type":"Feature","geometry":{"type":"Point","coordinates":[-82.01394,26.60136]},"properties":{"probability":0.275,"inBuffer":false,"facType":"fire"}},{"type":"Feature","geometry":{"type":"Point","coordinates":[-82.00945,26.60136]},"properties":{"probability":0.299,"inBuffer":false,"facType":"fire"}},{"type":"Feature","geometry":{"type":"Point","coordinates":[-82.00496,26.60136]},"properties":{"probability":0.293,"inBuffer":false,"facType":"fire"}},{"type":"Feature","geometry":{"type":"Point","coordinates":[-82.00047,26.60136]},"properties":{"probability":0.271,"inBuffer":false,"facType":"fire"}},{"type":"Feature","geometry":{"type":"Point","coordinates":[-81.99597,26.60136]},"properties":{"probability":0.384,"inBuffer":false,"facType":"fire"}},{"type":"Feature","geometry":{"type":"Point","coordinates":[-81.99148,26.60136]},"properties":{"probability":0.431,"inBuffer":false,"facType":"fire"}},{"type":"Feature","geometry":{"type":"Point","coordinates":[-81.98699,26.60136]},"properties":{"probability":0.329,"inBuffer":false,"facType":"fire"}},{"type":"Feature","geometry":{"type":"Point","coordinates":[-81.9825,26.60136]},"properties":{"probability":0.443,"inBuffer":false,"facType":"fire"}},{"type":"Feature","geometry":{"type":"Point","coordinates":[-81.978,26.60136]},"properties":{"probability":0.551,"inBuffer":false,"facType":"fire"}},{"type":"Feature","geometry":{"type":"Point","coordinates":[-81.97352,26.60136]},"properties":{"probability":0.51,"inBuffer":false,"facType":"fire"}},{"type":"Feature","geometry":{"type":"Point","coordinates":[-81.96902,26.60136]},"properties":{"probability":0.318,"inBuffer":false,"facType":"fire"}},{"type":"Feature","geometry":{"type":"Point","coordinates":[-81.96453,26.60136]},"properties":{"probability":0.284,"inBuffer":false,"facType":"fire"}},{"type":"Feature","geometry":{"type":"Point","coordinates":[-81.96004,26.60136]},"properties":{"probability":0.404,"inBuffer":false,"facType":"fire"}},{"type":"Feature","geometry":{"type":"Point","coordinates":[-81.95555,26.60136]},"properties":{"probability":0.389,"inBuffer":false,"facType":"fire"}},{"type":"Feature","geometry":{"type":"Point","coordinates":[-81.95106,26.60136]},"properties":{"probability":0.346,"inBuffer":false,"facType":"fire"}},{"type":"Feature","geometry":{"type":"Point","coordinates":[-81.94656,26.60136]},"properties":{"probability":0.408,"inBuffer":false,"facType":"fire"}},{"type":"Feature","geometry":{"type":"Point","coordinates":[-81.94208,26.60136]},"properties":{"probability":0.537,"inBuffer":true,"facType":"fire"}},{"type":"Feature","geometry":{"type":"Point","coordinates":[-81.93758,26.60136]},"properties":{"probability":0.562,"inBuffer":true,"facType":"water_works"}},{"type":"Feature","geometry":{"type":"Point","coordinates":[-81.93309,26.60136]},"properties":{"probability":0.441,"inBuffer":false,"facType":"water_works"}},{"type":"Feature","geometry":{"type":"Point","coordinates":[-81.9286,26.60136]},"properties":{"probability":0.298,"inBuffer":false,"facType":"water_works"}},{"type":"Feature","geometry":{"type":"Point","coordinates":[-81.92411,26.60136]},"properties":{"probability":0.253,"inBuffer":false,"facType":"government"}},{"type":"Feature","geometry":{"type":"Point","coordinates":[-81.91962,26.60136]},"properties":{"probability":0.243,"inBuffer":false,"facType":"government"}},{"type":"Feature","geometry":{"type":"Point","coordinates":[-81.91512,26.60136]},"properties":{"probability":0.221,"inBuffer":false,"facType":"government"}},{"type":"Feature","geometry":{"type":"Point","coordinates":[-81.91064,26.60136]},"properties":{"probability":0.232,"inBuffer":false,"facType":"government"}},{"type":"Feature","geometry":{"type":"Point","coordinates":[-81.90614,26.60136]},"properties":{"probability":0.315,"inBuffer":false,"facType":"substation"}},{"type":"Feature","geometry":{"type":"Point","coordinates":[-81.90165,26.60136]},"properties":{"probability":0.234,"inBuffer":false,"facType":"substation"}},{"type":"Feature","geometry":{"type":"Point","coordinates":[-81.89716,26.60136]},"properties":{"probability":0.252,"inBuffer":false,"facType":"substation"}},{"type":"Feature","geometry":{"type":"Point","coordinates":[-81.89267,26.60136]},"properties":{"probability":0.358,"inBuffer":false,"facType":"substation"}},{"type":"Feature","geometry":{"type":"Point","coordinates":[-81.88818,26.60136]},"properties":{"probability":0.393,"inBuffer":false,"facType":"substation"}},{"type":"Feature","geometry":{"type":"Point","coordinates":[-81.88368,26.60136]},"properties":{"probability":0.437,"inBuffer":false,"facType":"substation"}},{"type":"Feature","geometry":{"type":"Point","coordinates":[-81.8792,26.60136]},"properties":{"probability":0.443,"inBuffer":false,"facType":"substation"}},{"type":"Feature","geometry":{"type":"Point","coordinates":[-81.8747,26.60136]},"properties":{"probability":0.712,"inBuffer":true,"facType":"substation"}},{"type":"Feature","geometry":{"type":"Point","coordinates":[-81.87021,26.60136]},"properties":{"probability":0.716,"inBuffer":true,"facType":"fire"}},{"type":"Feature","geometry":{"type":"Point","coordinates":[-81.86572,26.60136]},"properties":{"probability":0.729,"inBuffer":false,"facType":"fire"}},{"type":"Feature","geometry":{"type":"Point","coordinates":[-81.86123,26.60136]},"properties":{"probability":0.744,"inBuffer":false,"facType":"fire"}},{"type":"Feature","geometry":{"type":"Point","coordinates":[-81.85674,26.60136]},"properties":{"probability":0.714,"inBuffer":false,"facType":"substation"}},{"type":"Feature","geometry":{"type":"Point","coordinates":[-81.85224,26.60136]},"properties":{"probability":0.709,"inBuffer":false,"facType":"substation"}},{"type":"Feature","geometry":{"type":"Point","coordinates":[-81.84775,26.60136]},"properties":{"probability":0.698,"inBuffer":false,"facType":"substation"}},{"type":"Feature","geometry":{"type":"Point","coordinates":[-81.84326,26.60136]},"properties":{"probability":0.67,"inBuffer":false,"facType":"substation"}},{"type":"Feature","geometry":{"type":"Point","coordinates":[-81.83877,26.60136]},"properties":{"probability":0.659,"inBuffer":false,"facType":"government"}},{"type":"Feature","geometry":{"type":"Point","coordinates":[-81.83427,26.60136]},"properties":{"probability":0.528,"inBuffer":false,"facType":"government"}},{"type":"Feature","geometry":{"type":"Point","coordinates":[-81.82979,26.60136]},"properties":{"probability":0.498,"inBuffer":false,"facType":"government"}},{"type":"Feature","geometry":{"type":"Point","coordinates":[-81.82529,26.60136]},"properties":{"probability":0.485,"inBuffer":false,"facType":"hospital"}},{"type":"Feature","geometry":{"type":"Point","coordinates":[-81.8208,26.60136]},"properties":{"probability":0.565,"inBuffer":false,"facType":"hospital"}},{"type":"Feature","geometry":{"type":"Point","coordinates":[-81.81631,26.60136]},"properties":{"probability":0.683,"inBuffer":false,"facType":"hospital"}},{"type":"Feature","geometry":{"type":"Point","coordinates":[-81.81182,26.60136]},"properties":{"probability":0.692,"inBuffer":false,"facType":"hospital"}},{"type":"Feature","geometry":{"type":"Point","coordinates":[-81.80733,26.60136]},"properties":{"probability":0.685,"inBuffer":false,"facType":"hospital"}},{"type":"Feature","geometry":{"type":"Point","coordinates":[-81.80283,26.60136]},"properties":{"probability":0.373,"inBuffer":false,"facType":"fire"}},{"type":"Feature","geometry":{"type":"Point","coordinates":[-81.79835,26.60136]},"properties":{"probability":0.259,"inBuffer":false,"facType":"fire"}},{"type":"Feature","geometry":{"type":"Point","coordinates":[-81.79385,26.60136]},"properties":{"probability":0.35,"inBuffer":false,"facType":"fire"}},{"type":"Feature","geometry":{"type":"Point","coordinates":[-81.78936,26.60136]},"properties":{"probability":0.385,"inBuffer":true,"facType":"fire"}},{"type":"Feature","geometry":{"type":"Point","coordinates":[-81.78487,26.60136]},"properties":{"probability":0.384,"inBuffer":true,"facType":"fire"}},{"type":"Feature","geometry":{"type":"Point","coordinates":[-81.78038,26.60136]},"properties":{"probability":0.3,"inBuffer":true,"facType":"fire"}},{"type":"Feature","geometry":{"type":"Point","coordinates":[-81.77589,26.60136]},"properties":{"probability":0.237,"inBuffer":false,"facType":"fire"}},{"type":"Feature","geometry":{"type":"Point","coordinates":[-81.77139,26.60136]},"properties":{"probability":0.246,"inBuffer":false,"facType":"fire"}},{"type":"Feature","geometry":{"type":"Point","coordinates":[-81.76691,26.60136]},"properties":{"probability":0.204,"inBuffer":false,"facType":"fire"}},{"type":"Feature","geometry":{"type":"Point","coordinates":[-81.76241,26.60136]},"properties":{"probability":0.256,"inBuffer":false,"facType":"fire"}},{"type":"Feature","geometry":{"type":"Point","coordinates":[-81.75792,26.60136]},"properties":{"probability":0.364,"inBuffer":false,"facType":"fire"}},{"type":"Feature","geometry":{"type":"Point","coordinates":[-81.75343,26.60136]},"properties":{"probability":0.372,"inBuffer":false,"facType":"fire"}},{"type":"Feature","geometry":{"type":"Point","coordinates":[-81.74894,26.60136]},"properties":{"probability":0.337,"inBuffer":false,"facType":"fire"}},{"type":"Feature","geometry":{"type":"Point","coordinates":[-81.74445,26.60136]},"properties":{"probability":0.273,"inBuffer":false,"facType":"fire"}},{"type":"Feature","geometry":{"type":"Point","coordinates":[-81.73995,26.60136]},"properties":{"probability":0.257,"inBuffer":false,"facType":"fire"}},{"type":"Feature","geometry":{"type":"Point","coordinates":[-81.73546,26.60136]},"properties":{"probability":0.309,"inBuffer":false,"facType":"fire"}},{"type":"Feature","geometry":{"type":"Point","coordinates":[-81.73097,26.60136]},"properties":{"probability":0.248,"inBuffer":false,"facType":"fire"}},{"type":"Feature","geometry":{"type":"Point","coordinates":[-81.72648,26.60136]},"properties":{"probability":0.24,"inBuffer":false,"facType":"fire"}},{"type":"Feature","geometry":{"type":"Point","coordinates":[-81.72198,26.60136]},"properties":{"probability":0.248,"inBuffer":false,"facType":"fire"}},{"type":"Feature","geometry":{"type":"Point","coordinates":[-82.01843,26.59687]},"properties":{"probability":0.26,"inBuffer":false,"facType":"fire"}},{"type":"Feature","geometry":{"type":"Point","coordinates":[-82.01394,26.59687]},"properties":{"probability":0.262,"inBuffer":false,"facType":"fire"}},{"type":"Feature","geometry":{"type":"Point","coordinates":[-82.00945,26.59687]},"properties":{"probability":0.264,"inBuffer":false,"facType":"fire"}},{"type":"Feature","geometry":{"type":"Point","coordinates":[-82.00496,26.59687]},"properties":{"probability":0.251,"inBuffer":false,"facType":"fire"}},{"type":"Feature","geometry":{"type":"Point","coordinates":[-82.00047,26.59687]},"properties":{"probability":0.244,"inBuffer":false,"facType":"fire"}},{"type":"Feature","geometry":{"type":"Point","coordinates":[-81.99597,26.59687]},"properties":{"probability":0.253,"inBuffer":false,"facType":"fire"}},{"type":"Feature","geometry":{"type":"Point","coordinates":[-81.99148,26.59687]},"properties":{"probability":0.269,"inBuffer":false,"facType":"fire"}},{"type":"Feature","geometry":{"type":"Point","coordinates":[-81.98699,26.59687]},"properties":{"probability":0.248,"inBuffer":false,"facType":"fire"}},{"type":"Feature","geometry":{"type":"Point","coordinates":[-81.9825,26.59687]},"properties":{"probability":0.35,"inBuffer":false,"facType":"fire"}},{"type":"Feature","geometry":{"type":"Point","coordinates":[-81.978,26.59687]},"properties":{"probability":0.42,"inBuffer":false,"facType":"fire"}},{"type":"Feature","geometry":{"type":"Point","coordinates":[-81.97352,26.59687]},"properties":{"probability":0.399,"inBuffer":false,"facType":"fire"}},{"type":"Feature","geometry":{"type":"Point","coordinates":[-81.96902,26.59687]},"properties":{"probability":0.297,"inBuffer":false,"facType":"fire"}},{"type":"Feature","geometry":{"type":"Point","coordinates":[-81.96453,26.59687]},"properties":{"probability":0.261,"inBuffer":false,"facType":"fire"}},{"type":"Feature","geometry":{"type":"Point","coordinates":[-81.96004,26.59687]},"properties":{"probability":0.355,"inBuffer":false,"facType":"fire"}},{"type":"Feature","geometry":{"type":"Point","coordinates":[-81.95555,26.59687]},"properties":{"probability":0.383,"inBuffer":false,"facType":"fire"}},{"type":"Feature","geometry":{"type":"Point","coordinates":[-81.95106,26.59687]},"properties":{"probability":0.319,"inBuffer":false,"facType":"fire"}},{"type":"Feature","geometry":{"type":"Point","coordinates":[-81.94656,26.59687]},"properties":{"probability":0.382,"inBuffer":false,"facType":"fire"}},{"type":"Feature","geometry":{"type":"Point","coordinates":[-81.94208,26.59687]},"properties":{"probability":0.467,"inBuffer":false,"facType":"water_works"}},{"type":"Feature","geometry":{"type":"Point","coordinates":[-81.93758,26.59687]},"properties":{"probability":0.394,"inBuffer":false,"facType":"water_works"}},{"type":"Feature","geometry":{"type":"Point","coordinates":[-81.93309,26.59687]},"properties":{"probability":0.311,"inBuffer":false,"facType":"water_works"}},{"type":"Feature","geometry":{"type":"Point","coordinates":[-81.9286,26.59687]},"properties":{"probability":0.243,"inBuffer":false,"facType":"water_works"}},{"type":"Feature","geometry":{"type":"Point","coordinates":[-81.92411,26.59687]},"properties":{"probability":0.219,"inBuffer":false,"facType":"water_works"}},{"type":"Feature","geometry":{"type":"Point","coordinates":[-81.90614,26.59687]},"properties":{"probability":0.307,"inBuffer":false,"facType":"fire"}},{"type":"Feature","geometry":{"type":"Point","coordinates":[-81.90165,26.59687]},"properties":{"probability":0.265,"inBuffer":false,"facType":"substation"}},{"type":"Feature","geometry":{"type":"Point","coordinates":[-81.89716,26.59687]},"properties":{"probability":0.249,"inBuffer":false,"facType":"substation"}},{"type":"Feature","geometry":{"type":"Point","coordinates":[-81.89267,26.59687]},"properties":{"probability":0.395,"inBuffer":false,"facType":"substation"}},{"type":"Feature","geometry":{"type":"Point","coordinates":[-81.88818,26.59687]},"properties":{"probability":0.514,"inBuffer":false,"facType":"substation"}},{"type":"Feature","geometry":{"type":"Point","coordinates":[-81.88368,26.59687]},"properties":{"probability":0.608,"inBuffer":false,"facType":"substation"}},{"type":"Feature","geometry":{"type":"Point","coordinates":[-81.8792,26.59687]},"properties":{"probability":0.605,"inBuffer":false,"facType":"substation"}},{"type":"Feature","geometry":{"type":"Point","coordinates":[-81.8747,26.59687]},"properties":{"probability":0.701,"inBuffer":false,"facType":"substation"}},{"type":"Feature","geometry":{"type":"Point","coordinates":[-81.87021,26.59687]},"properties":{"probability":0.734,"inBuffer":false,"facType":"fire"}},{"type":"Feature","geometry":{"type":"Point","coordinates":[-81.86572,26.59687]},"properties":{"probability":0.788,"inBuffer":true,"facType":"fire"}},{"type":"Feature","geometry":{"type":"Point","coordinates":[-81.86123,26.59687]},"properties":{"probability":0.789,"inBuffer":true,"facType":"fire"}},{"type":"Feature","geometry":{"type":"Point","coordinates":[-81.85674,26.59687]},"properties":{"probability":0.783,"inBuffer":false,"facType":"fire"}},{"type":"Feature","geometry":{"type":"Point","coordinates":[-81.85224,26.59687]},"properties":{"probability":0.761,"inBuffer":false,"facType":"substation"}},{"type":"Feature","geometry":{"type":"Point","coordinates":[-81.84775,26.59687]},"properties":{"probability":0.732,"inBuffer":false,"facType":"substation"}},{"type":"Feature","geometry":{"type":"Point","coordinates":[-81.84326,26.59687]},"properties":{"probability":0.699,"inBuffer":false,"facType":"government"}},{"type":"Feature","geometry":{"type":"Point","coordinates":[-81.83877,26.59687]},"properties":{"probability":0.665,"inBuffer":false,"facType":"government"}},{"type":"Feature","geometry":{"type":"Point","coordinates":[-81.83427,26.59687]},"properties":{"probability":0.549,"inBuffer":false,"facType":"government"}},{"type":"Feature","geometry":{"type":"Point","coordinates":[-81.82979,26.59687]},"properties":{"probability":0.452,"inBuffer":false,"facType":"government"}},{"type":"Feature","geometry":{"type":"Point","coordinates":[-81.82529,26.59687]},"properties":{"probability":0.397,"inBuffer":false,"facType":"government"}},{"type":"Feature","geometry":{"type":"Point","coordinates":[-81.8208,26.59687]},"properties":{"probability":0.457,"inBuffer":false,"facType":"hospital"}},{"type":"Feature","geometry":{"type":"Point","coordinates":[-81.81631,26.59687]},"properties":{"probability":0.616,"inBuffer":false,"facType":"hospital"}},{"type":"Feature","geometry":{"type":"Point","coordinates":[-81.81182,26.59687]},"properties":{"probability":0.651,"inBuffer":false,"facType":"hospital"}},{"type":"Feature","geometry":{"type":"Point","coordinates":[-81.80733,26.59687]},"properties":{"probability":0.387,"inBuffer":false,"facType":"hospital"}},{"type":"Feature","geometry":{"type":"Point","coordinates":[-81.80283,26.59687]},"properties":{"probability":0.263,"inBuffer":false,"facType":"fire"}},{"type":"Feature","geometry":{"type":"Point","coordinates":[-81.79835,26.59687]},"properties":{"probability":0.264,"inBuffer":false,"facType":"fire"}},{"type":"Feature","geometry":{"type":"Point","coordinates":[-81.79385,26.59687]},"properties":{"probability":0.335,"inBuffer":false,"facType":"fire"}},{"type":"Feature","geometry":{"type":"Point","coordinates":[-81.78936,26.59687]},"properties":{"probability":0.353,"inBuffer":true,"facType":"fire"}},{"type":"Feature","geometry":{"type":"Point","coordinates":[-81.78487,26.59687]},"properties":{"probability":0.351,"inBuffer":true,"facType":"fire"}},{"type":"Feature","geometry":{"type":"Point","coordinates":[-81.78038,26.59687]},"properties":{"probability":0.298,"inBuffer":false,"facType":"fire"}},{"type":"Feature","geometry":{"type":"Point","coordinates":[-81.77589,26.59687]},"properties":{"probability":0.228,"inBuffer":false,"facType":"fire"}},{"type":"Feature","geometry":{"type":"Point","coordinates":[-81.77139,26.59687]},"properties":{"probability":0.235,"inBuffer":false,"facType":"fire"}},{"type":"Feature","geometry":{"type":"Point","coordinates":[-81.76691,26.59687]},"properties":{"probability":0.236,"inBuffer":false,"facType":"fire"}},{"type":"Feature","geometry":{"type":"Point","coordinates":[-81.76241,26.59687]},"properties":{"probability":0.262,"inBuffer":false,"facType":"fire"}},{"type":"Feature","geometry":{"type":"Point","coordinates":[-81.75792,26.59687]},"properties":{"probability":0.324,"inBuffer":false,"facType":"fire"}},{"type":"Feature","geometry":{"type":"Point","coordinates":[-81.75343,26.59687]},"properties":{"probability":0.35,"inBuffer":false,"facType":"fire"}},{"type":"Feature","geometry":{"type":"Point","coordinates":[-81.74894,26.59687]},"properties":{"probability":0.384,"inBuffer":false,"facType":"fire"}},{"type":"Feature","geometry":{"type":"Point","coordinates":[-81.74445,26.59687]},"properties":{"probability":0.375,"inBuffer":false,"facType":"fire"}},{"type":"Feature","geometry":{"type":"Point","coordinates":[-81.73995,26.59687]},"properties":{"probability":0.314,"inBuffer":false,"facType":"fire"}},{"type":"Feature","geometry":{"type":"Point","coordinates":[-81.73546,26.59687]},"properties":{"probability":0.248,"inBuffer":false,"facType":"fire"}},{"type":"Feature","geometry":{"type":"Point","coordinates":[-81.73097,26.59687]},"properties":{"probability":0.255,"inBuffer":false,"facType":"fire"}},{"type":"Feature","geometry":{"type":"Point","coordinates":[-81.72648,26.59687]},"properties":{"probability":0.224,"inBuffer":false,"facType":"fire"}},{"type":"Feature","geometry":{"type":"Point","coordinates":[-81.72198,26.59687]},"properties":{"probability":0.22,"inBuffer":false,"facType":"fire"}},{"type":"Feature","geometry":{"type":"Point","coordinates":[-82.01843,26.59238]},"properties":{"probability":0.514,"inBuffer":false,"facType":"fire"}},{"type":"Feature","geometry":{"type":"Point","coordinates":[-82.01394,26.59238]},"properties":{"probability":0.388,"inBuffer":false,"facType":"fire"}},{"type":"Feature","geometry":{"type":"Point","coordinates":[-82.00945,26.59238]},"properties":{"probability":0.358,"inBuffer":false,"facType":"fire"}},{"type":"Feature","geometry":{"type":"Point","coordinates":[-82.00496,26.59238]},"properties":{"probability":0.355,"inBuffer":false,"facType":"fire"}},{"type":"Feature","geometry":{"type":"Point","coordinates":[-82.00047,26.59238]},"properties":{"probability":0.256,"inBuffer":false,"facType":"fire"}},{"type":"Feature","geometry":{"type":"Point","coordinates":[-81.99597,26.59238]},"properties":{"probability":0.251,"inBuffer":false,"facType":"fire"}},{"type":"Feature","geometry":{"type":"Point","coordinates":[-81.99148,26.59238]},"properties":{"probability":0.275,"inBuffer":false,"facType":"fire"}},{"type":"Feature","geometry":{"type":"Point","coordinates":[-81.98699,26.59238]},"properties":{"probability":0.262,"inBuffer":false,"facType":"fire"}},{"type":"Feature","geometry":{"type":"Point","coordinates":[-81.9825,26.59238]},"properties":{"probability":0.339,"inBuffer":false,"facType":"fire"}},{"type":"Feature","geometry":{"type":"Point","coordinates":[-81.978,26.59238]},"properties":{"probability":0.399,"inBuffer":false,"facType":"substation"}},{"type":"Feature","geometry":{"type":"Point","coordinates":[-81.97352,26.59238]},"properties":{"probability":0.382,"inBuffer":false,"facType":"substation"}},{"type":"Feature","geometry":{"type":"Point","coordinates":[-81.96902,26.59238]},"properties":{"probability":0.276,"inBuffer":false,"facType":"substation"}},{"type":"Feature","geometry":{"type":"Point","coordinates":[-81.96453,26.59238]},"properties":{"probability":0.267,"inBuffer":false,"facType":"substation"}},{"type":"Feature","geometry":{"type":"Point","coordinates":[-81.96004,26.59238]},"properties":{"probability":0.334,"inBuffer":false,"facType":"substation"}},{"type":"Feature","geometry":{"type":"Point","coordinates":[-81.95555,26.59238]},"properties":{"probability":0.352,"inBuffer":false,"facType":"fire"}},{"type":"Feature","geometry":{"type":"Point","coordinates":[-81.95106,26.59238]},"properties":{"probability":0.262,"inBuffer":false,"facType":"fire"}},{"type":"Feature","geometry":{"type":"Point","coordinates":[-81.94656,26.59238]},"properties":{"probability":0.391,"inBuffer":false,"facType":"water_works"}},{"type":"Feature","geometry":{"type":"Point","coordinates":[-81.94208,26.59238]},"properties":{"probability":0.37,"inBuffer":false,"facType":"water_works"}},{"type":"Feature","geometry":{"type":"Point","coordinates":[-81.93758,26.59238]},"properties":{"probability":0.398,"inBuffer":false,"facType":"water_works"}},{"type":"Feature","geometry":{"type":"Point","coordinates":[-81.93309,26.59238]},"properties":{"probability":0.255,"inBuffer":false,"facType":"water_works"}},{"type":"Feature","geometry":{"type":"Point","coordinates":[-81.9286,26.59238]},"properties":{"probability":0.224,"inBuffer":false,"facType":"water_works"}},{"type":"Feature","geometry":{"type":"Point","coordinates":[-81.90165,26.59238]},"properties":{"probability":0.272,"inBuffer":false,"facType":"fire"}},{"type":"Feature","geometry":{"type":"Point","coordinates":[-81.89716,26.59238]},"properties":{"probability":0.24,"inBuffer":false,"facType":"fire"}},{"type":"Feature","geometry":{"type":"Point","coordinates":[-81.89267,26.59238]},"properties":{"probability":0.381,"inBuffer":false,"facType":"substation"}},{"type":"Feature","geometry":{"type":"Point","coordinates":[-81.88818,26.59238]},"properties":{"probability":0.527,"inBuffer":false,"facType":"substation"}},{"type":"Feature","geometry":{"type":"Point","coordinates":[-81.88368,26.59238]},"properties":{"probability":0.648,"inBuffer":false,"facType":"substation"}},{"type":"Feature","geometry":{"type":"Point","coordinates":[-81.8792,26.59238]},"properties":{"probability":0.665,"inBuffer":false,"facType":"substation"}},{"type":"Feature","geometry":{"type":"Point","coordinates":[-81.8747,26.59238]},"properties":{"probability":0.715,"inBuffer":false,"facType":"fire"}},{"type":"Feature","geometry":{"type":"Point","coordinates":[-81.87021,26.59238]},"properties":{"probability":0.703,"inBuffer":true,"facType":"fire"}},{"type":"Feature","geometry":{"type":"Point","coordinates":[-81.86572,26.59238]},"properties":{"probability":0.718,"inBuffer":true,"facType":"fire"}},{"type":"Feature","geometry":{"type":"Point","coordinates":[-81.86123,26.59238]},"properties":{"probability":0.759,"inBuffer":true,"facType":"fire"}},{"type":"Feature","geometry":{"type":"Point","coordinates":[-81.85674,26.59238]},"properties":{"probability":0.751,"inBuffer":true,"facType":"fire"}},{"type":"Feature","geometry":{"type":"Point","coordinates":[-81.85224,26.59238]},"properties":{"probability":0.742,"inBuffer":false,"facType":"fire"}},{"type":"Feature","geometry":{"type":"Point","coordinates":[-81.84775,26.59238]},"properties":{"probability":0.698,"inBuffer":false,"facType":"government"}},{"type":"Feature","geometry":{"type":"Point","coordinates":[-81.84326,26.59238]},"properties":{"probability":0.609,"inBuffer":false,"facType":"government"}},{"type":"Feature","geometry":{"type":"Point","coordinates":[-81.83877,26.59238]},"properties":{"probability":0.54,"inBuffer":false,"facType":"government"}},{"type":"Feature","geometry":{"type":"Point","coordinates":[-81.83427,26.59238]},"properties":{"probability":0.462,"inBuffer":false,"facType":"government"}},{"type":"Feature","geometry":{"type":"Point","coordinates":[-81.82979,26.59238]},"properties":{"probability":0.422,"inBuffer":false,"facType":"government"}},{"type":"Feature","geometry":{"type":"Point","coordinates":[-81.82529,26.59238]},"properties":{"probability":0.377,"inBuffer":false,"facType":"government"}},{"type":"Feature","geometry":{"type":"Point","coordinates":[-81.8208,26.59238]},"properties":{"probability":0.381,"inBuffer":false,"facType":"government"}},{"type":"Feature","geometry":{"type":"Point","coordinates":[-81.81631,26.59238]},"properties":{"probability":0.457,"inBuffer":false,"facType":"hospital"}},{"type":"Feature","geometry":{"type":"Point","coordinates":[-81.81182,26.59238]},"properties":{"probability":0.446,"inBuffer":false,"facType":"hospital"}},{"type":"Feature","geometry":{"type":"Point","coordinates":[-81.80733,26.59238]},"properties":{"probability":0.242,"inBuffer":false,"facType":"hospital"}},{"type":"Feature","geometry":{"type":"Point","coordinates":[-81.80283,26.59238]},"properties":{"probability":0.221,"inBuffer":false,"facType":"fire"}},{"type":"Feature","geometry":{"type":"Point","coordinates":[-81.79835,26.59238]},"properties":{"probability":0.259,"inBuffer":false,"facType":"fire"}},{"type":"Feature","geometry":{"type":"Point","coordinates":[-81.79385,26.59238]},"properties":{"probability":0.265,"inBuffer":false,"facType":"fire"}},{"type":"Feature","geometry":{"type":"Point","coordinates":[-81.78936,26.59238]},"properties":{"probability":0.256,"inBuffer":false,"facType":"fire"}},{"type":"Feature","geometry":{"type":"Point","coordinates":[-81.78487,26.59238]},"properties":{"probability":0.26,"inBuffer":false,"facType":"fire"}},{"type":"Feature","geometry":{"type":"Point","coordinates":[-81.78038,26.59238]},"properties":{"probability":0.28,"inBuffer":false,"facType":"fire"}},{"type":"Feature","geometry":{"type":"Point","coordinates":[-81.77589,26.59238]},"properties":{"probability":0.26,"inBuffer":false,"facType":"fire"}},{"type":"Feature","geometry":{"type":"Point","coordinates":[-81.77139,26.59238]},"properties":{"probability":0.266,"inBuffer":false,"facType":"fire"}},{"type":"Feature","geometry":{"type":"Point","coordinates":[-81.76691,26.59238]},"properties":{"probability":0.261,"inBuffer":false,"facType":"fire"}},{"type":"Feature","geometry":{"type":"Point","coordinates":[-81.76241,26.59238]},"properties":{"probability":0.258,"inBuffer":false,"facType":"fire"}},{"type":"Feature","geometry":{"type":"Point","coordinates":[-81.75792,26.59238]},"properties":{"probability":0.256,"inBuffer":false,"facType":"fire"}},{"type":"Feature","geometry":{"type":"Point","coordinates":[-81.75343,26.59238]},"properties":{"probability":0.253,"inBuffer":false,"facType":"fire"}},{"type":"Feature","geometry":{"type":"Point","coordinates":[-81.74894,26.59238]},"properties":{"probability":0.345,"inBuffer":false,"facType":"fire"}},{"type":"Feature","geometry":{"type":"Point","coordinates":[-81.74445,26.59238]},"properties":{"probability":0.385,"inBuffer":false,"facType":"fire"}},{"type":"Feature","geometry":{"type":"Point","coordinates":[-81.73995,26.59238]},"properties":{"probability":0.395,"inBuffer":false,"facType":"fire"}},{"type":"Feature","geometry":{"type":"Point","coordinates":[-81.73546,26.59238]},"properties":{"probability":0.264,"inBuffer":false,"facType":"fire"}},{"type":"Feature","geometry":{"type":"Point","coordinates":[-81.73097,26.59238]},"properties":{"probability":0.247,"inBuffer":false,"facType":"fire"}},{"type":"Feature","geometry":{"type":"Point","coordinates":[-81.72648,26.59238]},"properties":{"probability":0.217,"inBuffer":false,"facType":"fire"}},{"type":"Feature","geometry":{"type":"Point","coordinates":[-81.72198,26.59238]},"properties":{"probability":0.221,"inBuffer":false,"facType":"fire"}},{"type":"Feature","geometry":{"type":"Point","coordinates":[-82.01843,26.58789]},"properties":{"probability":0.639,"inBuffer":false,"facType":"fire"}},{"type":"Feature","geometry":{"type":"Point","coordinates":[-82.01394,26.58789]},"properties":{"probability":0.411,"inBuffer":false,"facType":"fire"}},{"type":"Feature","geometry":{"type":"Point","coordinates":[-82.00945,26.58789]},"properties":{"probability":0.424,"inBuffer":false,"facType":"fire"}},{"type":"Feature","geometry":{"type":"Point","coordinates":[-82.00496,26.58789]},"properties":{"probability":0.414,"inBuffer":false,"facType":"fire"}},{"type":"Feature","geometry":{"type":"Point","coordinates":[-82.00047,26.58789]},"properties":{"probability":0.282,"inBuffer":false,"facType":"fire"}},{"type":"Feature","geometry":{"type":"Point","coordinates":[-81.99597,26.58789]},"properties":{"probability":0.246,"inBuffer":false,"facType":"fire"}},{"type":"Feature","geometry":{"type":"Point","coordinates":[-81.99148,26.58789]},"properties":{"probability":0.35,"inBuffer":false,"facType":"fire"}},{"type":"Feature","geometry":{"type":"Point","coordinates":[-81.98699,26.58789]},"properties":{"probability":0.364,"inBuffer":false,"facType":"fire"}},{"type":"Feature","geometry":{"type":"Point","coordinates":[-81.9825,26.58789]},"properties":{"probability":0.363,"inBuffer":false,"facType":"fire"}},{"type":"Feature","geometry":{"type":"Point","coordinates":[-81.978,26.58789]},"properties":{"probability":0.37,"inBuffer":false,"facType":"substation"}},{"type":"Feature","geometry":{"type":"Point","coordinates":[-81.97352,26.58789]},"properties":{"probability":0.371,"inBuffer":false,"facType":"substation"}},{"type":"Feature","geometry":{"type":"Point","coordinates":[-81.96902,26.58789]},"properties":{"probability":0.252,"inBuffer":false,"facType":"substation"}},{"type":"Feature","geometry":{"type":"Point","coordinates":[-81.96453,26.58789]},"properties":{"probability":0.248,"inBuffer":false,"facType":"substation"}},{"type":"Feature","geometry":{"type":"Point","coordinates":[-81.96004,26.58789]},"properties":{"probability":0.338,"inBuffer":false,"facType":"substation"}},{"type":"Feature","geometry":{"type":"Point","coordinates":[-81.95555,26.58789]},"properties":{"probability":0.36,"inBuffer":false,"facType":"substation"}},{"type":"Feature","geometry":{"type":"Point","coordinates":[-81.95106,26.58789]},"properties":{"probability":0.294,"inBuffer":false,"facType":"water_works"}},{"type":"Feature","geometry":{"type":"Point","coordinates":[-81.94656,26.58789]},"properties":{"probability":0.379,"inBuffer":false,"facType":"water_works"}},{"type":"Feature","geometry":{"type":"Point","coordinates":[-81.94208,26.58789]},"properties":{"probability":0.397,"inBuffer":false,"facType":"water_works"}},{"type":"Feature","geometry":{"type":"Point","coordinates":[-81.93758,26.58789]},"properties":{"probability":0.419,"inBuffer":false,"facType":"water_works"}},{"type":"Feature","geometry":{"type":"Point","coordinates":[-81.93309,26.58789]},"properties":{"probability":0.25,"inBuffer":false,"facType":"water_works"}},{"type":"Feature","geometry":{"type":"Point","coordinates":[-81.9286,26.58789]},"properties":{"probability":0.213,"inBuffer":false,"facType":"water_works"}},{"type":"Feature","geometry":{"type":"Point","coordinates":[-81.90165,26.58789]},"properties":{"probability":0.237,"inBuffer":false,"facType":"fire"}},{"type":"Feature","geometry":{"type":"Point","coordinates":[-81.89716,26.58789]},"properties":{"probability":0.229,"inBuffer":false,"facType":"fire"}},{"type":"Feature","geometry":{"type":"Point","coordinates":[-81.89267,26.58789]},"properties":{"probability":0.266,"inBuffer":false,"facType":"fire"}},{"type":"Feature","geometry":{"type":"Point","coordinates":[-81.88818,26.58789]},"properties":{"probability":0.387,"inBuffer":false,"facType":"substation"}},{"type":"Feature","geometry":{"type":"Point","coordinates":[-81.88368,26.58789]},"properties":{"probability":0.636,"inBuffer":false,"facType":"substation"}},{"type":"Feature","geometry":{"type":"Point","coordinates":[-81.8792,26.58789]},"properties":{"probability":0.669,"inBuffer":false,"facType":"substation"}},{"type":"Feature","geometry":{"type":"Point","coordinates":[-81.8747,26.58789]},"properties":{"probability":0.713,"inBuffer":true,"facType":"fire"}},{"type":"Feature","geometry":{"type":"Point","coordinates":[-81.87021,26.58789]},"properties":{"probability":0.695,"inBuffer":true,"facType":"fire"}},{"type":"Feature","geometry":{"type":"Point","coordinates":[-81.86572,26.58789]},"properties":{"probability":0.637,"inBuffer":true,"facType":"airport"}},{"type":"Feature","geometry":{"type":"Point","coordinates":[-81.86123,26.58789]},"properties":{"probability":0.508,"inBuffer":true,"facType":"airport"}},{"type":"Feature","geometry":{"type":"Point","coordinates":[-81.85674,26.58789]},"properties":{"probability":0.487,"inBuffer":true,"facType":"airport"}},{"type":"Feature","geometry":{"type":"Point","coordinates":[-81.85224,26.58789]},"properties":{"probability":0.437,"inBuffer":true,"facType":"airport"}},{"type":"Feature","geometry":{"type":"Point","coordinates":[-81.84775,26.58789]},"properties":{"probability":0.441,"inBuffer":false,"facType":"government"}},{"type":"Feature","geometry":{"type":"Point","coordinates":[-81.84326,26.58789]},"properties":{"probability":0.401,"inBuffer":false,"facType":"government"}},{"type":"Feature","geometry":{"type":"Point","coordinates":[-81.83877,26.58789]},"properties":{"probability":0.342,"inBuffer":false,"facType":"government"}},{"type":"Feature","geometry":{"type":"Point","coordinates":[-81.83427,26.58789]},"properties":{"probability":0.251,"inBuffer":false,"facType":"government"}},{"type":"Feature","geometry":{"type":"Point","coordinates":[-81.82979,26.58789]},"properties":{"probability":0.277,"inBuffer":false,"facType":"government"}},{"type":"Feature","geometry":{"type":"Point","coordinates":[-81.82529,26.58789]},"properties":{"probability":0.336,"inBuffer":false,"facType":"government"}},{"type":"Feature","geometry":{"type":"Point","coordinates":[-81.8208,26.58789]},"properties":{"probability":0.373,"inBuffer":false,"facType":"government"}},{"type":"Feature","geometry":{"type":"Point","coordinates":[-81.81631,26.58789]},"properties":{"probability":0.24,"inBuffer":false,"facType":"government"}},{"type":"Feature","geometry":{"type":"Point","coordinates":[-81.81182,26.58789]},"properties":{"probability":0.226,"inBuffer":false,"facType":"hospital"}},{"type":"Feature","geometry":{"type":"Point","coordinates":[-81.80733,26.58789]},"properties":{"probability":0.244,"inBuffer":false,"facType":"fire"}},{"type":"Feature","geometry":{"type":"Point","coordinates":[-81.80283,26.58789]},"properties":{"probability":0.207,"inBuffer":false,"facType":"fire"}},{"type":"Feature","geometry":{"type":"Point","coordinates":[-81.79835,26.58789]},"properties":{"probability":0.221,"inBuffer":false,"facType":"fire"}},{"type":"Feature","geometry":{"type":"Point","coordinates":[-81.79385,26.58789]},"properties":{"probability":0.243,"inBuffer":false,"facType":"fire"}},{"type":"Feature","geometry":{"type":"Point","coordinates":[-81.78936,26.58789]},"properties":{"probability":0.229,"inBuffer":false,"facType":"fire"}},{"type":"Feature","geometry":{"type":"Point","coordinates":[-81.78487,26.58789]},"properties":{"probability":0.248,"inBuffer":false,"facType":"fire"}},{"type":"Feature","geometry":{"type":"Point","coordinates":[-81.78038,26.58789]},"properties":{"probability":0.287,"inBuffer":false,"facType":"fire"}},{"type":"Feature","geometry":{"type":"Point","coordinates":[-81.77589,26.58789]},"properties":{"probability":0.264,"inBuffer":false,"facType":"fire"}},{"type":"Feature","geometry":{"type":"Point","coordinates":[-81.77139,26.58789]},"properties":{"probability":0.273,"inBuffer":false,"facType":"fire"}},{"type":"Feature","geometry":{"type":"Point","coordinates":[-81.76691,26.58789]},"properties":{"probability":0.279,"inBuffer":false,"facType":"fire"}},{"type":"Feature","geometry":{"type":"Point","coordinates":[-81.76241,26.58789]},"properties":{"probability":0.243,"inBuffer":false,"facType":"fire"}},{"type":"Feature","geometry":{"type":"Point","coordinates":[-81.75792,26.58789]},"properties":{"probability":0.251,"inBuffer":false,"facType":"fire"}},{"type":"Feature","geometry":{"type":"Point","coordinates":[-81.75343,26.58789]},"properties":{"probability":0.272,"inBuffer":false,"facType":"fire"}},{"type":"Feature","geometry":{"type":"Point","coordinates":[-81.74894,26.58789]},"properties":{"probability":0.307,"inBuffer":false,"facType":"fire"}},{"type":"Feature","geometry":{"type":"Point","coordinates":[-81.74445,26.58789]},"properties":{"probability":0.388,"inBuffer":false,"facType":"fire"}},{"type":"Feature","geometry":{"type":"Point","coordinates":[-81.73995,26.58789]},"properties":{"probability":0.36,"inBuffer":false,"facType":"substation"}},{"type":"Feature","geometry":{"type":"Point","coordinates":[-81.73546,26.58789]},"properties":{"probability":0.314,"inBuffer":false,"facType":"substation"}},{"type":"Feature","geometry":{"type":"Point","coordinates":[-81.73097,26.58789]},"properties":{"probability":0.264,"inBuffer":false,"facType":"substation"}},{"type":"Feature","geometry":{"type":"Point","coordinates":[-81.72648,26.58789]},"properties":{"probability":0.292,"inBuffer":false,"facType":"substation"}},{"type":"Feature","geometry":{"type":"Point","coordinates":[-81.72198,26.58789]},"properties":{"probability":0.258,"inBuffer":false,"facType":"fire"}},{"type":"Feature","geometry":{"type":"Point","coordinates":[-82.01843,26.5834]},"properties":{"probability":0.503,"inBuffer":false,"facType":"fire"}},{"type":"Feature","geometry":{"type":"Point","coordinates":[-82.01394,26.5834]},"properties":{"probability":0.409,"inBuffer":false,"facType":"fire"}},{"type":"Feature","geometry":{"type":"Point","coordinates":[-82.00945,26.5834]},"properties":{"probability":0.422,"inBuffer":false,"facType":"fire"}},{"type":"Feature","geometry":{"type":"Point","coordinates":[-82.00496,26.5834]},"properties":{"probability":0.399,"inBuffer":false,"facType":"fire"}},{"type":"Feature","geometry":{"type":"Point","coordinates":[-82.00047,26.5834]},"properties":{"probability":0.259,"inBuffer":false,"facType":"fire"}},{"type":"Feature","geometry":{"type":"Point","coordinates":[-81.99597,26.5834]},"properties":{"probability":0.258,"inBuffer":false,"facType":"fire"}},{"type":"Feature","geometry":{"type":"Point","coordinates":[-81.99148,26.5834]},"properties":{"probability":0.356,"inBuffer":false,"facType":"fire"}},{"type":"Feature","geometry":{"type":"Point","coordinates":[-81.98699,26.5834]},"properties":{"probability":0.357,"inBuffer":false,"facType":"fire"}},{"type":"Feature","geometry":{"type":"Point","coordinates":[-81.9825,26.5834]},"properties":{"probability":0.332,"inBuffer":false,"facType":"fire"}},{"type":"Feature","geometry":{"type":"Point","coordinates":[-81.978,26.5834]},"properties":{"probability":0.265,"inBuffer":false,"facType":"substation"}},{"type":"Feature","geometry":{"type":"Point","coordinates":[-81.97352,26.5834]},"properties":{"probability":0.264,"inBuffer":false,"facType":"substation"}},{"type":"Feature","geometry":{"type":"Point","coordinates":[-81.96902,26.5834]},"properties":{"probability":0.262,"inBuffer":false,"facType":"substation"}},{"type":"Feature","geometry":{"type":"Point","coordinates":[-81.96453,26.5834]},"properties":{"probability":0.252,"inBuffer":false,"facType":"substation"}},{"type":"Feature","geometry":{"type":"Point","coordinates":[-81.96004,26.5834]},"properties":{"probability":0.365,"inBuffer":false,"facType":"substation"}},{"type":"Feature","geometry":{"type":"Point","coordinates":[-81.95555,26.5834]},"properties":{"probability":0.381,"inBuffer":false,"facType":"fire"}},{"type":"Feature","geometry":{"type":"Point","coordinates":[-81.95106,26.5834]},"properties":{"probability":0.341,"inBuffer":false,"facType":"fire"}},{"type":"Feature","geometry":{"type":"Point","coordinates":[-81.94656,26.5834]},"properties":{"probability":0.382,"inBuffer":false,"facType":"fire"}},{"type":"Feature","geometry":{"type":"Point","coordinates":[-81.94208,26.5834]},"properties":{"probability":0.427,"inBuffer":false,"facType":"government"}},{"type":"Feature","geometry":{"type":"Point","coordinates":[-81.93758,26.5834]},"properties":{"probability":0.377,"inBuffer":false,"facType":"water_works"}},{"type":"Feature","geometry":{"type":"Point","coordinates":[-81.93309,26.5834]},"properties":{"probability":0.245,"inBuffer":false,"facType":"water_works"}},{"type":"Feature","geometry":{"type":"Point","coordinates":[-81.9286,26.5834]},"properties":{"probability":0.213,"inBuffer":false,"facType":"water_works"}},{"type":"Feature","geometry":{"type":"Point","coordinates":[-81.90165,26.5834]},"properties":{"probability":0.203,"inBuffer":false,"facType":"fire"}},{"type":"Feature","geometry":{"type":"Point","coordinates":[-81.89716,26.5834]},"properties":{"probability":0.228,"inBuffer":false,"facType":"fire"}},{"type":"Feature","geometry":{"type":"Point","coordinates":[-81.89267,26.5834]},"properties":{"probability":0.307,"inBuffer":false,"facType":"fire"}},{"type":"Feature","geometry":{"type":"Point","coordinates":[-81.88818,26.5834]},"properties":{"probability":0.417,"inBuffer":false,"facType":"fire"}},{"type":"Feature","geometry":{"type":"Point","coordinates":[-81.88368,26.5834]},"properties":{"probability":0.62,"inBuffer":false,"facType":"fire"}},{"type":"Feature","geometry":{"type":"Point","coordinates":[-81.8792,26.5834]},"properties":{"probability":0.712,"inBuffer":false,"facType":"airport"}},{"type":"Feature","geometry":{"type":"Point","coordinates":[-81.8747,26.5834]},"properties":{"probability":0.744,"inBuffer":true,"facType":"airport"}},{"type":"Feature","geometry":{"type":"Point","coordinates":[-81.87021,26.5834]},"properties":{"probability":0.67,"inBuffer":true,"facType":"airport"}},{"type":"Feature","geometry":{"type":"Point","coordinates":[-81.86572,26.5834]},"properties":{"probability":0.53,"inBuffer":true,"facType":"airport"}},{"type":"Feature","geometry":{"type":"Point","coordinates":[-81.86123,26.5834]},"properties":{"probability":0.443,"inBuffer":true,"facType":"airport"}},{"type":"Feature","geometry":{"type":"Point","coordinates":[-81.85674,26.5834]},"properties":{"probability":0.517,"inBuffer":true,"facType":"airport"}},{"type":"Feature","geometry":{"type":"Point","coordinates":[-81.85224,26.5834]},"properties":{"probability":0.531,"inBuffer":true,"facType":"airport"}},{"type":"Feature","geometry":{"type":"Point","coordinates":[-81.84775,26.5834]},"properties":{"probability":0.443,"inBuffer":false,"facType":"substation"}},{"type":"Feature","geometry":{"type":"Point","coordinates":[-81.84326,26.5834]},"properties":{"probability":0.374,"inBuffer":false,"facType":"substation"}},{"type":"Feature","geometry":{"type":"Point","coordinates":[-81.83877,26.5834]},"properties":{"probability":0.244,"inBuffer":false,"facType":"government"}},{"type":"Feature","geometry":{"type":"Point","coordinates":[-81.83427,26.5834]},"properties":{"probability":0.206,"inBuffer":false,"facType":"government"}},{"type":"Feature","geometry":{"type":"Point","coordinates":[-81.82979,26.5834]},"properties":{"probability":0.223,"inBuffer":false,"facType":"government"}},{"type":"Feature","geometry":{"type":"Point","coordinates":[-81.82529,26.5834]},"properties":{"probability":0.263,"inBuffer":false,"facType":"government"}},{"type":"Feature","geometry":{"type":"Point","coordinates":[-81.8208,26.5834]},"properties":{"probability":0.269,"inBuffer":false,"facType":"government"}},{"type":"Feature","geometry":{"type":"Point","coordinates":[-81.81631,26.5834]},"properties":{"probability":0.217,"inBuffer":false,"facType":"government"}},{"type":"Feature","geometry":{"type":"Point","coordinates":[-81.81182,26.5834]},"properties":{"probability":0.207,"inBuffer":false,"facType":"hospital"}},{"type":"Feature","geometry":{"type":"Point","coordinates":[-81.80733,26.5834]},"properties":{"probability":0.202,"inBuffer":false,"facType":"fire"}},{"type":"Feature","geometry":{"type":"Point","coordinates":[-81.80283,26.5834]},"properties":{"probability":0.209,"inBuffer":false,"facType":"fire"}},{"type":"Feature","geometry":{"type":"Point","coordinates":[-81.79835,26.5834]},"properties":{"probability":0.216,"inBuffer":false,"facType":"fire"}},{"type":"Feature","geometry":{"type":"Point","coordinates":[-81.79385,26.5834]},"properties":{"probability":0.225,"inBuffer":false,"facType":"fire"}},{"type":"Feature","geometry":{"type":"Point","coordinates":[-81.78936,26.5834]},"properties":{"probability":0.239,"inBuffer":false,"facType":"fire"}},{"type":"Feature","geometry":{"type":"Point","coordinates":[-81.78487,26.5834]},"properties":{"probability":0.311,"inBuffer":false,"facType":"fire"}},{"type":"Feature","geometry":{"type":"Point","coordinates":[-81.78038,26.5834]},"properties":{"probability":0.322,"inBuffer":false,"facType":"fire"}},{"type":"Feature","geometry":{"type":"Point","coordinates":[-81.77589,26.5834]},"properties":{"probability":0.28,"inBuffer":false,"facType":"fire"}},{"type":"Feature","geometry":{"type":"Point","coordinates":[-81.77139,26.5834]},"properties":{"probability":0.29,"inBuffer":false,"facType":"fire"}},{"type":"Feature","geometry":{"type":"Point","coordinates":[-81.76691,26.5834]},"properties":{"probability":0.289,"inBuffer":false,"facType":"government"}},{"type":"Feature","geometry":{"type":"Point","coordinates":[-81.76241,26.5834]},"properties":{"probability":0.251,"inBuffer":false,"facType":"government"}},{"type":"Feature","geometry":{"type":"Point","coordinates":[-81.75792,26.5834]},"properties":{"probability":0.255,"inBuffer":false,"facType":"government"}},{"type":"Feature","geometry":{"type":"Point","coordinates":[-81.75343,26.5834]},"properties":{"probability":0.28,"inBuffer":false,"facType":"government"}},{"type":"Feature","geometry":{"type":"Point","coordinates":[-81.74894,26.5834]},"properties":{"probability":0.262,"inBuffer":false,"facType":"substation"}},{"type":"Feature","geometry":{"type":"Point","coordinates":[-81.74445,26.5834]},"properties":{"probability":0.274,"inBuffer":false,"facType":"substation"}},{"type":"Feature","geometry":{"type":"Point","coordinates":[-81.73995,26.5834]},"properties":{"probability":0.344,"inBuffer":false,"facType":"substation"}},{"type":"Feature","geometry":{"type":"Point","coordinates":[-81.73546,26.5834]},"properties":{"probability":0.254,"inBuffer":false,"facType":"substation"}},{"type":"Feature","geometry":{"type":"Point","coordinates":[-81.73097,26.5834]},"properties":{"probability":0.249,"inBuffer":false,"facType":"substation"}},{"type":"Feature","geometry":{"type":"Point","coordinates":[-81.72648,26.5834]},"properties":{"probability":0.358,"inBuffer":false,"facType":"substation"}},{"type":"Feature","geometry":{"type":"Point","coordinates":[-81.72198,26.5834]},"properties":{"probability":0.384,"inBuffer":false,"facType":"substation"}},{"type":"Feature","geometry":{"type":"Point","coordinates":[-82.01843,26.5789]},"properties":{"probability":0.258,"inBuffer":false,"facType":"fire"}},{"type":"Feature","geometry":{"type":"Point","coordinates":[-82.01394,26.5789]},"properties":{"probability":0.252,"inBuffer":false,"facType":"fire"}},{"type":"Feature","geometry":{"type":"Point","coordinates":[-82.00945,26.5789]},"properties":{"probability":0.412,"inBuffer":false,"facType":"fire"}},{"type":"Feature","geometry":{"type":"Point","coordinates":[-82.00496,26.5789]},"properties":{"probability":0.397,"inBuffer":false,"facType":"fire"}},{"type":"Feature","geometry":{"type":"Point","coordinates":[-82.00047,26.5789]},"properties":{"probability":0.4,"inBuffer":false,"facType":"fire"}},{"type":"Feature","geometry":{"type":"Point","coordinates":[-81.99597,26.5789]},"properties":{"probability":0.394,"inBuffer":false,"facType":"fire"}},{"type":"Feature","geometry":{"type":"Point","coordinates":[-81.99148,26.5789]},"properties":{"probability":0.404,"inBuffer":false,"facType":"fire"}},{"type":"Feature","geometry":{"type":"Point","coordinates":[-81.98699,26.5789]},"properties":{"probability":0.416,"inBuffer":true,"facType":"fire"}},{"type":"Feature","geometry":{"type":"Point","coordinates":[-81.9825,26.5789]},"properties":{"probability":0.391,"inBuffer":true,"facType":"fire"}},{"type":"Feature","geometry":{"type":"Point","coordinates":[-81.978,26.5789]},"properties":{"probability":0.311,"inBuffer":true,"facType":"substation"}},{"type":"Feature","geometry":{"type":"Point","coordinates":[-81.97352,26.5789]},"properties":{"probability":0.283,"inBuffer":false,"facType":"substation"}},{"type":"Feature","geometry":{"type":"Point","coordinates":[-81.96902,26.5789]},"properties":{"probability":0.29,"inBuffer":false,"facType":"substation"}},{"type":"Feature","geometry":{"type":"Point","coordinates":[-81.96453,26.5789]},"properties":{"probability":0.294,"inBuffer":false,"facType":"substation"}},{"type":"Feature","geometry":{"type":"Point","coordinates":[-81.96004,26.5789]},"properties":{"probability":0.298,"inBuffer":false,"facType":"fire"}},{"type":"Feature","geometry":{"type":"Point","coordinates":[-81.95555,26.5789]},"properties":{"probability":0.385,"inBuffer":false,"facType":"fire"}},{"type":"Feature","geometry":{"type":"Point","coordinates":[-81.95106,26.5789]},"properties":{"probability":0.374,"inBuffer":false,"facType":"fire"}},{"type":"Feature","geometry":{"type":"Point","coordinates":[-81.94656,26.5789]},"properties":{"probability":0.407,"inBuffer":false,"facType":"government"}},{"type":"Feature","geometry":{"type":"Point","coordinates":[-81.94208,26.5789]},"properties":{"probability":0.383,"inBuffer":false,"facType":"government"}},{"type":"Feature","geometry":{"type":"Point","coordinates":[-81.93758,26.5789]},"properties":{"probability":0.361,"inBuffer":false,"facType":"government"}},{"type":"Feature","geometry":{"type":"Point","coordinates":[-81.93309,26.5789]},"properties":{"probability":0.239,"inBuffer":false,"facType":"government"}},{"type":"Feature","geometry":{"type":"Point","coordinates":[-81.9286,26.5789]},"properties":{"probability":0.233,"inBuffer":false,"facType":"government"}},{"type":"Feature","geometry":{"type":"Point","coordinates":[-81.90165,26.5789]},"properties":{"probability":0.246,"inBuffer":true,"facType":"fire"}},{"type":"Feature","geometry":{"type":"Point","coordinates":[-81.89716,26.5789]},"properties":{"probability":0.265,"inBuffer":true,"facType":"fire"}},{"type":"Feature","geometry":{"type":"Point","coordinates":[-81.89267,26.5789]},"properties":{"probability":0.314,"inBuffer":false,"facType":"fire"}},{"type":"Feature","geometry":{"type":"Point","coordinates":[-81.88818,26.5789]},"properties":{"probability":0.391,"inBuffer":false,"facType":"fire"}},{"type":"Feature","geometry":{"type":"Point","coordinates":[-81.88368,26.5789]},"properties":{"probability":0.622,"inBuffer":false,"facType":"fire"}},{"type":"Feature","geometry":{"type":"Point","coordinates":[-81.8792,26.5789]},"properties":{"probability":0.741,"inBuffer":false,"facType":"airport"}},{"type":"Feature","geometry":{"type":"Point","coordinates":[-81.8747,26.5789]},"properties":{"probability":0.691,"inBuffer":false,"facType":"airport"}},{"type":"Feature","geometry":{"type":"Point","coordinates":[-81.87021,26.5789]},"properties":{"probability":0.533,"inBuffer":true,"facType":"airport"}},{"type":"Feature","geometry":{"type":"Point","coordinates":[-81.86572,26.5789]},"properties":{"probability":0.475,"inBuffer":true,"facType":"airport"}},{"type":"Feature","geometry":{"type":"Point","coordinates":[-81.86123,26.5789]},"properties":{"probability":0.505,"inBuffer":true,"facType":"airport"}},{"type":"Feature","geometry":{"type":"Point","coordinates":[-81.85674,26.5789]},"properties":{"probability":0.57,"inBuffer":true,"facType":"airport"}},{"type":"Feature","geometry":{"type":"Point","coordinates":[-81.85224,26.5789]},"properties":{"probability":0.636,"inBuffer":false,"facType":"substation"}},{"type":"Feature","geometry":{"type":"Point","coordinates":[-81.84775,26.5789]},"properties":{"probability":0.489,"inBuffer":false,"facType":"substation"}},{"type":"Feature","geometry":{"type":"Point","coordinates":[-81.84326,26.5789]},"properties":{"probability":0.355,"inBuffer":false,"facType":"substation"}},{"type":"Feature","geometry":{"type":"Point","coordinates":[-81.83877,26.5789]},"properties":{"probability":0.244,"inBuffer":false,"facType":"substation"}},{"type":"Feature","geometry":{"type":"Point","coordinates":[-81.83427,26.5789]},"properties":{"probability":0.246,"inBuffer":false,"facType":"substation"}},{"type":"Feature","geometry":{"type":"Point","coordinates":[-81.82979,26.5789]},"properties":{"probability":0.261,"inBuffer":false,"facType":"substation"}},{"type":"Feature","geometry":{"type":"Point","coordinates":[-81.82529,26.5789]},"properties":{"probability":0.245,"inBuffer":false,"facType":"government"}},{"type":"Feature","geometry":{"type":"Point","coordinates":[-81.8208,26.5789]},"properties":{"probability":0.257,"inBuffer":false,"facType":"government"}},{"type":"Feature","geometry":{"type":"Point","coordinates":[-81.81631,26.5789]},"properties":{"probability":0.324,"inBuffer":false,"facType":"government"}},{"type":"Feature","geometry":{"type":"Point","coordinates":[-81.81182,26.5789]},"properties":{"probability":0.282,"inBuffer":false,"facType":"government"}},{"type":"Feature","geometry":{"type":"Point","coordinates":[-81.80733,26.5789]},"properties":{"probability":0.253,"inBuffer":false,"facType":"government"}},{"type":"Feature","geometry":{"type":"Point","coordinates":[-81.80283,26.5789]},"properties":{"probability":0.214,"inBuffer":false,"facType":"government"}},{"type":"Feature","geometry":{"type":"Point","coordinates":[-81.79835,26.5789]},"properties":{"probability":0.189,"inBuffer":false,"facType":"fire"}},{"type":"Feature","geometry":{"type":"Point","coordinates":[-81.79385,26.5789]},"properties":{"probability":0.242,"inBuffer":false,"facType":"fire"}},{"type":"Feature","geometry":{"type":"Point","coordinates":[-81.78936,26.5789]},"properties":{"probability":0.25,"inBuffer":false,"facType":"fire"}},{"type":"Feature","geometry":{"type":"Point","coordinates":[-81.78487,26.5789]},"properties":{"probability":0.346,"inBuffer":false,"facType":"fire"}},{"type":"Feature","geometry":{"type":"Point","coordinates":[-81.78038,26.5789]},"properties":{"probability":0.302,"inBuffer":false,"facType":"fire"}},{"type":"Feature","geometry":{"type":"Point","coordinates":[-81.77589,26.5789]},"properties":{"probability":0.261,"inBuffer":false,"facType":"fire"}},{"type":"Feature","geometry":{"type":"Point","coordinates":[-81.77139,26.5789]},"properties":{"probability":0.257,"inBuffer":false,"facType":"government"}},{"type":"Feature","geometry":{"type":"Point","coordinates":[-81.76691,26.5789]},"properties":{"probability":0.258,"inBuffer":false,"facType":"government"}},{"type":"Feature","geometry":{"type":"Point","coordinates":[-81.76241,26.5789]},"properties":{"probability":0.316,"inBuffer":false,"facType":"government"}},{"type":"Feature","geometry":{"type":"Point","coordinates":[-81.75792,26.5789]},"properties":{"probability":0.312,"inBuffer":false,"facType":"government"}},{"type":"Feature","geometry":{"type":"Point","coordinates":[-81.75343,26.5789]},"properties":{"probability":0.313,"inBuffer":false,"facType":"government"}},{"type":"Feature","geometry":{"type":"Point","coordinates":[-81.74894,26.5789]},"properties":{"probability":0.301,"inBuffer":false,"facType":"government"}},{"type":"Feature","geometry":{"type":"Point","coordinates":[-81.74445,26.5789]},"properties":{"probability":0.253,"inBuffer":false,"facType":"substation"}},{"type":"Feature","geometry":{"type":"Point","coordinates":[-81.73995,26.5789]},"properties":{"probability":0.375,"inBuffer":false,"facType":"substation"}},{"type":"Feature","geometry":{"type":"Point","coordinates":[-81.73546,26.5789]},"properties":{"probability":0.392,"inBuffer":false,"facType":"substation"}},{"type":"Feature","geometry":{"type":"Point","coordinates":[-81.73097,26.5789]},"properties":{"probability":0.442,"inBuffer":false,"facType":"substation"}},{"type":"Feature","geometry":{"type":"Point","coordinates":[-81.72648,26.5789]},"properties":{"probability":0.454,"inBuffer":false,"facType":"substation"}},{"type":"Feature","geometry":{"type":"Point","coordinates":[-81.72198,26.5789]},"properties":{"probability":0.375,"inBuffer":false,"facType":"substation"}},{"type":"Feature","geometry":{"type":"Point","coordinates":[-82.01843,26.57441]},"properties":{"probability":0.325,"inBuffer":false,"facType":"fire"}},{"type":"Feature","geometry":{"type":"Point","coordinates":[-82.01394,26.57441]},"properties":{"probability":0.336,"inBuffer":false,"facType":"fire"}},{"type":"Feature","geometry":{"type":"Point","coordinates":[-82.00945,26.57441]},"properties":{"probability":0.411,"inBuffer":false,"facType":"fire"}},{"type":"Feature","geometry":{"type":"Point","coordinates":[-82.00496,26.57441]},"properties":{"probability":0.384,"inBuffer":false,"facType":"fire"}},{"type":"Feature","geometry":{"type":"Point","coordinates":[-82.00047,26.57441]},"properties":{"probability":0.357,"inBuffer":false,"facType":"fire"}},{"type":"Feature","geometry":{"type":"Point","coordinates":[-81.99597,26.57441]},"properties":{"probability":0.38,"inBuffer":false,"facType":"fire"}},{"type":"Feature","geometry":{"type":"Point","coordinates":[-81.99148,26.57441]},"properties":{"probability":0.393,"inBuffer":false,"facType":"fire"}},{"type":"Feature","geometry":{"type":"Point","coordinates":[-81.98699,26.57441]},"properties":{"probability":0.377,"inBuffer":true,"facType":"fire"}},{"type":"Feature","geometry":{"type":"Point","coordinates":[-81.9825,26.57441]},"properties":{"probability":0.369,"inBuffer":true,"facType":"fire"}},{"type":"Feature","geometry":{"type":"Point","coordinates":[-81.978,26.57441]},"properties":{"probability":0.292,"inBuffer":true,"facType":"substation"}},{"type":"Feature","geometry":{"type":"Point","coordinates":[-81.97352,26.57441]},"properties":{"probability":0.271,"inBuffer":false,"facType":"substation"}},{"type":"Feature","geometry":{"type":"Point","coordinates":[-81.96902,26.57441]},"properties":{"probability":0.266,"inBuffer":false,"facType":"substation"}},{"type":"Feature","geometry":{"type":"Point","coordinates":[-81.96453,26.57441]},"properties":{"probability":0.324,"inBuffer":false,"facType":"fire"}},{"type":"Feature","geometry":{"type":"Point","coordinates":[-81.96004,26.57441]},"properties":{"probability":0.36,"inBuffer":false,"facType":"fire"}},{"type":"Feature","geometry":{"type":"Point","coordinates":[-81.95555,26.57441]},"properties":{"probability":0.357,"inBuffer":false,"facType":"fire"}},{"type":"Feature","geometry":{"type":"Point","coordinates":[-81.95106,26.57441]},"properties":{"probability":0.349,"inBuffer":false,"facType":"fire"}},{"type":"Feature","geometry":{"type":"Point","coordinates":[-81.94656,26.57441]},"properties":{"probability":0.382,"inBuffer":false,"facType":"government"}},{"type":"Feature","geometry":{"type":"Point","coordinates":[-81.94208,26.57441]},"properties":{"probability":0.379,"inBuffer":false,"facType":"government"}},{"type":"Feature","geometry":{"type":"Point","coordinates":[-81.93758,26.57441]},"properties":{"probability":0.392,"inBuffer":false,"facType":"government"}},{"type":"Feature","geometry":{"type":"Point","coordinates":[-81.93309,26.57441]},"properties":{"probability":0.25,"inBuffer":false,"facType":"government"}},{"type":"Feature","geometry":{"type":"Point","coordinates":[-81.9286,26.57441]},"properties":{"probability":0.206,"inBuffer":false,"facType":"government"}},{"type":"Feature","geometry":{"type":"Point","coordinates":[-81.91064,26.57441]},"properties":{"probability":0.268,"inBuffer":false,"facType":"fire"}},{"type":"Feature","geometry":{"type":"Point","coordinates":[-81.90614,26.57441]},"properties":{"probability":0.254,"inBuffer":true,"facType":"fire"}},{"type":"Feature","geometry":{"type":"Point","coordinates":[-81.90165,26.57441]},"properties":{"probability":0.254,"inBuffer":true,"facType":"fire"}},{"type":"Feature","geometry":{"type":"Point","coordinates":[-81.89716,26.57441]},"properties":{"probability":0.26,"inBuffer":true,"facType":"fire"}},{"type":"Feature","geometry":{"type":"Point","coordinates":[-81.89267,26.57441]},"properties":{"probability":0.274,"inBuffer":true,"facType":"fire"}},{"type":"Feature","geometry":{"type":"Point","coordinates":[-81.88818,26.57441]},"properties":{"probability":0.336,"inBuffer":false,"facType":"fire"}},{"type":"Feature","geometry":{"type":"Point","coordinates":[-81.88368,26.57441]},"properties":{"probability":0.403,"inBuffer":false,"facType":"fire"}},{"type":"Feature","geometry":{"type":"Point","coordinates":[-81.8792,26.57441]},"properties":{"probability":0.44,"inBuffer":false,"facType":"fire"}},{"type":"Feature","geometry":{"type":"Point","coordinates":[-81.8747,26.57441]},"properties":{"probability":0.699,"inBuffer":false,"facType":"fire"}},{"type":"Feature","geometry":{"type":"Point","coordinates":[-81.87021,26.57441]},"properties":{"probability":0.613,"inBuffer":false,"facType":"fire"}},{"type":"Feature","geometry":{"type":"Point","coordinates":[-81.86572,26.57441]},"properties":{"probability":0.401,"inBuffer":false,"facType":"fire"}},{"type":"Feature","geometry":{"type":"Point","coordinates":[-81.86123,26.57441]},"properties":{"probability":0.399,"inBuffer":false,"facType":"airport"}},{"type":"Feature","geometry":{"type":"Point","coordinates":[-81.85674,26.57441]},"properties":{"probability":0.472,"inBuffer":false,"facType":"substation"}},{"type":"Feature","geometry":{"type":"Point","coordinates":[-81.85224,26.57441]},"properties":{"probability":0.541,"inBuffer":false,"facType":"substation"}},{"type":"Feature","geometry":{"type":"Point","coordinates":[-81.84775,26.57441]},"properties":{"probability":0.502,"inBuffer":false,"facType":"substation"}},{"type":"Feature","geometry":{"type":"Point","coordinates":[-81.84326,26.57441]},"properties":{"probability":0.357,"inBuffer":false,"facType":"substation"}},{"type":"Feature","geometry":{"type":"Point","coordinates":[-81.83877,26.57441]},"properties":{"probability":0.262,"inBuffer":false,"facType":"substation"}},{"type":"Feature","geometry":{"type":"Point","coordinates":[-81.83427,26.57441]},"properties":{"probability":0.242,"inBuffer":false,"facType":"substation"}},{"type":"Feature","geometry":{"type":"Point","coordinates":[-81.82979,26.57441]},"properties":{"probability":0.276,"inBuffer":false,"facType":"substation"}},{"type":"Feature","geometry":{"type":"Point","coordinates":[-81.82529,26.57441]},"properties":{"probability":0.261,"inBuffer":false,"facType":"substation"}},{"type":"Feature","geometry":{"type":"Point","coordinates":[-81.8208,26.57441]},"properties":{"probability":0.377,"inBuffer":false,"facType":"substation"}},{"type":"Feature","geometry":{"type":"Point","coordinates":[-81.81631,26.57441]},"properties":{"probability":0.4,"inBuffer":false,"facType":"fire"}},{"type":"Feature","geometry":{"type":"Point","coordinates":[-81.81182,26.57441]},"properties":{"probability":0.349,"inBuffer":false,"facType":"government"}},{"type":"Feature","geometry":{"type":"Point","coordinates":[-81.80733,26.57441]},"properties":{"probability":0.251,"inBuffer":false,"facType":"government"}},{"type":"Feature","geometry":{"type":"Point","coordinates":[-81.80283,26.57441]},"properties":{"probability":0.239,"inBuffer":false,"facType":"government"}},{"type":"Feature","geometry":{"type":"Point","coordinates":[-81.79385,26.57441]},"properties":{"probability":0.239,"inBuffer":false,"facType":"government"}},{"type":"Feature","geometry":{"type":"Point","coordinates":[-81.78936,26.57441]},"properties":{"probability":0.266,"inBuffer":false,"facType":"government"}},{"type":"Feature","geometry":{"type":"Point","coordinates":[-81.78487,26.57441]},"properties":{"probability":0.325,"inBuffer":false,"facType":"government"}},{"type":"Feature","geometry":{"type":"Point","coordinates":[-81.78038,26.57441]},"properties":{"probability":0.339,"inBuffer":false,"facType":"government"}},{"type":"Feature","geometry":{"type":"Point","coordinates":[-81.77589,26.57441]},"properties":{"probability":0.347,"inBuffer":false,"facType":"government"}},{"type":"Feature","geometry":{"type":"Point","coordinates":[-81.77139,26.57441]},"properties":{"probability":0.357,"inBuffer":false,"facType":"government"}},{"type":"Feature","geometry":{"type":"Point","coordinates":[-81.76691,26.57441]},"properties":{"probability":0.393,"inBuffer":false,"facType":"government"}},{"type":"Feature","geometry":{"type":"Point","coordinates":[-81.76241,26.57441]},"properties":{"probability":0.356,"inBuffer":false,"facType":"government"}},{"type":"Feature","geometry":{"type":"Point","coordinates":[-81.75792,26.57441]},"properties":{"probability":0.308,"inBuffer":false,"facType":"government"}},{"type":"Feature","geometry":{"type":"Point","coordinates":[-81.75343,26.57441]},"properties":{"probability":0.316,"inBuffer":false,"facType":"government"}},{"type":"Feature","geometry":{"type":"Point","coordinates":[-81.74894,26.57441]},"properties":{"probability":0.315,"inBuffer":false,"facType":"government"}},{"type":"Feature","geometry":{"type":"Point","coordinates":[-81.74445,26.57441]},"properties":{"probability":0.279,"inBuffer":false,"facType":"substation"}},{"type":"Feature","geometry":{"type":"Point","coordinates":[-81.73995,26.57441]},"properties":{"probability":0.267,"inBuffer":false,"facType":"substation"}},{"type":"Feature","geometry":{"type":"Point","coordinates":[-81.73546,26.57441]},"properties":{"probability":0.364,"inBuffer":false,"facType":"substation"}},{"type":"Feature","geometry":{"type":"Point","coordinates":[-81.73097,26.57441]},"properties":{"probability":0.392,"inBuffer":false,"facType":"substation"}},{"type":"Feature","geometry":{"type":"Point","coordinates":[-81.72648,26.57441]},"properties":{"probability":0.413,"inBuffer":false,"facType":"substation"}},{"type":"Feature","geometry":{"type":"Point","coordinates":[-81.72198,26.57441]},"properties":{"probability":0.254,"inBuffer":false,"facType":"substation"}},{"type":"Feature","geometry":{"type":"Point","coordinates":[-82.01843,26.56992]},"properties":{"probability":0.288,"inBuffer":false,"facType":"fire"}},{"type":"Feature","geometry":{"type":"Point","coordinates":[-82.01394,26.56992]},"properties":{"probability":0.349,"inBuffer":false,"facType":"fire"}},{"type":"Feature","geometry":{"type":"Point","coordinates":[-82.00945,26.56992]},"properties":{"probability":0.406,"inBuffer":false,"facType":"fire"}},{"type":"Feature","geometry":{"type":"Point","coordinates":[-82.00496,26.56992]},"properties":{"probability":0.379,"inBuffer":false,"facType":"fire"}},{"type":"Feature","geometry":{"type":"Point","coordinates":[-82.00047,26.56992]},"properties":{"probability":0.313,"inBuffer":false,"facType":"fire"}},{"type":"Feature","geometry":{"type":"Point","coordinates":[-81.99597,26.56992]},"properties":{"probability":0.374,"inBuffer":false,"facType":"fire"}},{"type":"Feature","geometry":{"type":"Point","coordinates":[-81.99148,26.56992]},"properties":{"probability":0.394,"inBuffer":false,"facType":"fire"}},{"type":"Feature","geometry":{"type":"Point","coordinates":[-81.98699,26.56992]},"properties":{"probability":0.403,"inBuffer":false,"facType":"fire"}},{"type":"Feature","geometry":{"type":"Point","coordinates":[-81.9825,26.56992]},"properties":{"probability":0.401,"inBuffer":true,"facType":"fire"}},{"type":"Feature","geometry":{"type":"Point","coordinates":[-81.978,26.56992]},"properties":{"probability":0.393,"inBuffer":false,"facType":"fire"}},{"type":"Feature","geometry":{"type":"Point","coordinates":[-81.97352,26.56992]},"properties":{"probability":0.258,"inBuffer":false,"facType":"substation"}},{"type":"Feature","geometry":{"type":"Point","coordinates":[-81.96902,26.56992]},"properties":{"probability":0.295,"inBuffer":false,"facType":"substation"}},{"type":"Feature","geometry":{"type":"Point","coordinates":[-81.96453,26.56992]},"properties":{"probability":0.398,"inBuffer":true,"facType":"fire"}},{"type":"Feature","geometry":{"type":"Point","coordinates":[-81.96004,26.56992]},"properties":{"probability":0.425,"inBuffer":true,"facType":"fire"}},{"type":"Feature","geometry":{"type":"Point","coordinates":[-81.95555,26.56992]},"properties":{"probability":0.484,"inBuffer":true,"facType":"fire"}},{"type":"Feature","geometry":{"type":"Point","coordinates":[-81.95106,26.56992]},"properties":{"probability":0.473,"inBuffer":false,"facType":"substation"}},{"type":"Feature","geometry":{"type":"Point","coordinates":[-81.94656,26.56992]},"properties":{"probability":0.536,"inBuffer":false,"facType":"government"}},{"type":"Feature","geometry":{"type":"Point","coordinates":[-81.94208,26.56992]},"properties":{"probability":0.518,"inBuffer":false,"facType":"government"}},{"type":"Feature","geometry":{"type":"Point","coordinates":[-81.93758,26.56992]},"properties":{"probability":0.421,"inBuffer":false,"facType":"government"}},{"type":"Feature","geometry":{"type":"Point","coordinates":[-81.93309,26.56992]},"properties":{"probability":0.241,"inBuffer":false,"facType":"government"}},{"type":"Feature","geometry":{"type":"Point","coordinates":[-81.91962,26.56992]},"properties":{"probability":0.201,"inBuffer":false,"facType":"fire"}},{"type":"Feature","geometry":{"type":"Point","coordinates":[-81.91512,26.56992]},"properties":{"probability":0.225,"inBuffer":false,"facType":"fire"}},{"type":"Feature","geometry":{"type":"Point","coordinates":[-81.91064,26.56992]},"properties":{"probability":0.228,"inBuffer":false,"facType":"fire"}},{"type":"Feature","geometry":{"type":"Point","coordinates":[-81.90614,26.56992]},"properties":{"probability":0.29,"inBuffer":false,"facType":"fire"}},{"type":"Feature","geometry":{"type":"Point","coordinates":[-81.90165,26.56992]},"properties":{"probability":0.334,"inBuffer":true,"facType":"fire"}},{"type":"Feature","geometry":{"type":"Point","coordinates":[-81.89716,26.56992]},"properties":{"probability":0.297,"inBuffer":true,"facType":"fire"}},{"type":"Feature","geometry":{"type":"Point","coordinates":[-81.89267,26.56992]},"properties":{"probability":0.278,"inBuffer":false,"facType":"fire"}},{"type":"Feature","geometry":{"type":"Point","coordinates":[-81.88818,26.56992]},"properties":{"probability":0.359,"inBuffer":false,"facType":"fire"}},{"type":"Feature","geometry":{"type":"Point","coordinates":[-81.88368,26.56992]},"properties":{"probability":0.393,"inBuffer":false,"facType":"fire"}},{"type":"Feature","geometry":{"type":"Point","coordinates":[-81.8792,26.56992]},"properties":{"probability":0.451,"inBuffer":false,"facType":"fire"}},{"type":"Feature","geometry":{"type":"Point","coordinates":[-81.8747,26.56992]},"properties":{"probability":0.684,"inBuffer":false,"facType":"fire"}},{"type":"Feature","geometry":{"type":"Point","coordinates":[-81.87021,26.56992]},"properties":{"probability":0.583,"inBuffer":true,"facType":"fire"}},{"type":"Feature","geometry":{"type":"Point","coordinates":[-81.86572,26.56992]},"properties":{"probability":0.416,"inBuffer":false,"facType":"fire"}},{"type":"Feature","geometry":{"type":"Point","coordinates":[-81.86123,26.56992]},"properties":{"probability":0.389,"inBuffer":false,"facType":"fire"}},{"type":"Feature","geometry":{"type":"Point","coordinates":[-81.85674,26.56992]},"properties":{"probability":0.493,"inBuffer":false,"facType":"substation"}},{"type":"Feature","geometry":{"type":"Point","coordinates":[-81.85224,26.56992]},"properties":{"probability":0.558,"inBuffer":false,"facType":"substation"}},{"type":"Feature","geometry":{"type":"Point","coordinates":[-81.84775,26.56992]},"properties":{"probability":0.508,"inBuffer":false,"facType":"substation"}},{"type":"Feature","geometry":{"type":"Point","coordinates":[-81.84326,26.56992]},"properties":{"probability":0.346,"inBuffer":false,"facType":"substation"}},{"type":"Feature","geometry":{"type":"Point","coordinates":[-81.83877,26.56992]},"properties":{"probability":0.255,"inBuffer":false,"facType":"substation"}},{"type":"Feature","geometry":{"type":"Point","coordinates":[-81.83427,26.56992]},"properties":{"probability":0.24,"inBuffer":false,"facType":"substation"}},{"type":"Feature","geometry":{"type":"Point","coordinates":[-81.82979,26.56992]},"properties":{"probability":0.233,"inBuffer":false,"facType":"substation"}},{"type":"Feature","geometry":{"type":"Point","coordinates":[-81.82529,26.56992]},"properties":{"probability":0.222,"inBuffer":false,"facType":"substation"}},{"type":"Feature","geometry":{"type":"Point","coordinates":[-81.8208,26.56992]},"properties":{"probability":0.316,"inBuffer":false,"facType":"fire"}},{"type":"Feature","geometry":{"type":"Point","coordinates":[-81.81631,26.56992]},"properties":{"probability":0.415,"inBuffer":false,"facType":"fire"}},{"type":"Feature","geometry":{"type":"Point","coordinates":[-81.81182,26.56992]},"properties":{"probability":0.34,"inBuffer":false,"facType":"fire"}},{"type":"Feature","geometry":{"type":"Point","coordinates":[-81.80733,26.56992]},"properties":{"probability":0.286,"inBuffer":false,"facType":"government"}},{"type":"Feature","geometry":{"type":"Point","coordinates":[-81.80283,26.56992]},"properties":{"probability":0.242,"inBuffer":false,"facType":"government"}},{"type":"Feature","geometry":{"type":"Point","coordinates":[-81.79835,26.56992]},"properties":{"probability":0.22,"inBuffer":false,"facType":"government"}},{"type":"Feature","geometry":{"type":"Point","coordinates":[-81.79385,26.56992]},"properties":{"probability":0.231,"inBuffer":false,"facType":"government"}},{"type":"Feature","geometry":{"type":"Point","coordinates":[-81.78936,26.56992]},"properties":{"probability":0.309,"inBuffer":false,"facType":"government"}},{"type":"Feature","geometry":{"type":"Point","coordinates":[-81.78487,26.56992]},"properties":{"probability":0.365,"inBuffer":false,"facType":"government"}},{"type":"Feature","geometry":{"type":"Point","coordinates":[-81.78038,26.56992]},"properties":{"probability":0.399,"inBuffer":false,"facType":"government"}},{"type":"Feature","geometry":{"type":"Point","coordinates":[-81.77589,26.56992]},"properties":{"probability":0.416,"inBuffer":false,"facType":"government"}},{"type":"Feature","geometry":{"type":"Point","coordinates":[-81.77139,26.56992]},"properties":{"probability":0.409,"inBuffer":false,"facType":"fire"}},{"type":"Feature","geometry":{"type":"Point","coordinates":[-81.76691,26.56992]},"properties":{"probability":0.453,"inBuffer":false,"facType":"government"}},{"type":"Feature","geometry":{"type":"Point","coordinates":[-81.76241,26.56992]},"properties":{"probability":0.404,"inBuffer":false,"facType":"government"}},{"type":"Feature","geometry":{"type":"Point","coordinates":[-81.75792,26.56992]},"properties":{"probability":0.315,"inBuffer":false,"facType":"government"}},{"type":"Feature","geometry":{"type":"Point","coordinates":[-81.75343,26.56992]},"properties":{"probability":0.356,"inBuffer":false,"facType":"government"}},{"type":"Feature","geometry":{"type":"Point","coordinates":[-81.74894,26.56992]},"properties":{"probability":0.351,"inBuffer":false,"facType":"government"}},{"type":"Feature","geometry":{"type":"Point","coordinates":[-81.74445,26.56992]},"properties":{"probability":0.254,"inBuffer":false,"facType":"substation"}},{"type":"Feature","geometry":{"type":"Point","coordinates":[-81.73995,26.56992]},"properties":{"probability":0.21,"inBuffer":false,"facType":"substation"}},{"type":"Feature","geometry":{"type":"Point","coordinates":[-81.73546,26.56992]},"properties":{"probability":0.226,"inBuffer":false,"facType":"substation"}},{"type":"Feature","geometry":{"type":"Point","coordinates":[-81.73097,26.56992]},"properties":{"probability":0.211,"inBuffer":false,"facType":"substation"}},{"type":"Feature","geometry":{"type":"Point","coordinates":[-81.72648,26.56992]},"properties":{"probability":0.221,"inBuffer":false,"facType":"substation"}},{"type":"Feature","geometry":{"type":"Point","coordinates":[-82.01843,26.56543]},"properties":{"probability":0.282,"inBuffer":false,"facType":"fire"}},{"type":"Feature","geometry":{"type":"Point","coordinates":[-82.01394,26.56543]},"properties":{"probability":0.404,"inBuffer":false,"facType":"fire"}},{"type":"Feature","geometry":{"type":"Point","coordinates":[-82.00945,26.56543]},"properties":{"probability":0.561,"inBuffer":false,"facType":"fire"}},{"type":"Feature","geometry":{"type":"Point","coordinates":[-82.00496,26.56543]},"properties":{"probability":0.526,"inBuffer":false,"facType":"fire"}},{"type":"Feature","geometry":{"type":"Point","coordinates":[-82.00047,26.56543]},"properties":{"probability":0.389,"inBuffer":false,"facType":"fire"}},{"type":"Feature","geometry":{"type":"Point","coordinates":[-81.99597,26.56543]},"properties":{"probability":0.393,"inBuffer":false,"facType":"fire"}},{"type":"Feature","geometry":{"type":"Point","coordinates":[-81.99148,26.56543]},"properties":{"probability":0.416,"inBuffer":false,"facType":"fire"}},{"type":"Feature","geometry":{"type":"Point","coordinates":[-81.98699,26.56543]},"properties":{"probability":0.441,"inBuffer":false,"facType":"fire"}},{"type":"Feature","geometry":{"type":"Point","coordinates":[-81.9825,26.56543]},"properties":{"probability":0.445,"inBuffer":false,"facType":"fire"}},{"type":"Feature","geometry":{"type":"Point","coordinates":[-81.978,26.56543]},"properties":{"probability":0.43,"inBuffer":false,"facType":"fire"}},{"type":"Feature","geometry":{"type":"Point","coordinates":[-81.97352,26.56543]},"properties":{"probability":0.397,"inBuffer":false,"facType":"substation"}},{"type":"Feature","geometry":{"type":"Point","coordinates":[-81.96902,26.56543]},"properties":{"probability":0.443,"inBuffer":false,"facType":"fire"}},{"type":"Feature","geometry":{"type":"Point","coordinates":[-81.96453,26.56543]},"properties":{"probability":0.515,"inBuffer":true,"facType":"fire"}},{"type":"Feature","geometry":{"type":"Point","coordinates":[-81.96004,26.56543]},"properties":{"probability":0.581,"inBuffer":true,"facType":"fire"}},{"type":"Feature","geometry":{"type":"Point","coordinates":[-81.95555,26.56543]},"properties":{"probability":0.637,"inBuffer":true,"facType":"substation"}},{"type":"Feature","geometry":{"type":"Point","coordinates":[-81.95106,26.56543]},"properties":{"probability":0.681,"inBuffer":true,"facType":"government"}},{"type":"Feature","geometry":{"type":"Point","coordinates":[-81.94656,26.56543]},"properties":{"probability":0.704,"inBuffer":false,"facType":"government"}},{"type":"Feature","geometry":{"type":"Point","coordinates":[-81.94208,26.56543]},"properties":{"probability":0.646,"inBuffer":false,"facType":"government"}},{"type":"Feature","geometry":{"type":"Point","coordinates":[-81.93758,26.56543]},"properties":{"probability":0.516,"inBuffer":false,"facType":"government"}},{"type":"Feature","geometry":{"type":"Point","coordinates":[-81.93309,26.56543]},"properties":{"probability":0.223,"inBuffer":false,"facType":"government"}},{"type":"Feature","geometry":{"type":"Point","coordinates":[-81.9286,26.56543]},"properties":{"probability":0.244,"inBuffer":false,"facType":"government"}},{"type":"Feature","geometry":{"type":"Point","coordinates":[-81.92411,26.56543]},"properties":{"probability":0.202,"inBuffer":false,"facType":"government"}},{"type":"Feature","geometry":{"type":"Point","coordinates":[-81.91962,26.56543]},"properties":{"probability":0.241,"inBuffer":false,"facType":"fire"}},{"type":"Feature","geometry":{"type":"Point","coordinates":[-81.91512,26.56543]},"properties":{"probability":0.273,"inBuffer":false,"facType":"fire"}},{"type":"Feature","geometry":{"type":"Point","coordinates":[-81.91064,26.56543]},"properties":{"probability":0.304,"inBuffer":false,"facType":"fire"}},{"type":"Feature","geometry":{"type":"Point","coordinates":[-81.90614,26.56543]},"properties":{"probability":0.356,"inBuffer":false,"facType":"substation"}},{"type":"Feature","geometry":{"type":"Point","coordinates":[-81.90165,26.56543]},"properties":{"probability":0.337,"inBuffer":false,"facType":"substation"}},{"type":"Feature","geometry":{"type":"Point","coordinates":[-81.89716,26.56543]},"properties":{"probability":0.368,"inBuffer":false,"facType":"substation"}},{"type":"Feature","geometry":{"type":"Point","coordinates":[-81.89267,26.56543]},"properties":{"probability":0.405,"inBuffer":false,"facType":"substation"}},{"type":"Feature","geometry":{"type":"Point","coordinates":[-81.88818,26.56543]},"properties":{"probability":0.411,"inBuffer":false,"facType":"substation"}},{"type":"Feature","geometry":{"type":"Point","coordinates":[-81.88368,26.56543]},"properties":{"probability":0.512,"inBuffer":false,"facType":"fire"}},{"type":"Feature","geometry":{"type":"Point","coordinates":[-81.8792,26.56543]},"properties":{"probability":0.542,"inBuffer":false,"facType":"fire"}},{"type":"Feature","geometry":{"type":"Point","coordinates":[-81.8747,26.56543]},"properties":{"probability":0.684,"inBuffer":true,"facType":"fire"}},{"type":"Feature","geometry":{"type":"Point","coordinates":[-81.87021,26.56543]},"properties":{"probability":0.503,"inBuffer":true,"facType":"fire"}},{"type":"Feature","geometry":{"type":"Point","coordinates":[-81.86572,26.56543]},"properties":{"probability":0.384,"inBuffer":true,"facType":"fire"}},{"type":"Feature","geometry":{"type":"Point","coordinates":[-81.86123,26.56543]},"properties":{"probability":0.402,"inBuffer":false,"facType":"fire"}},{"type":"Feature","geometry":{"type":"Point","coordinates":[-81.85674,26.56543]},"properties":{"probability":0.504,"inBuffer":false,"facType":"substation"}},{"type":"Feature","geometry":{"type":"Point","coordinates":[-81.85224,26.56543]},"properties":{"probability":0.548,"inBuffer":false,"facType":"substation"}},{"type":"Feature","geometry":{"type":"Point","coordinates":[-81.84775,26.56543]},"properties":{"probability":0.486,"inBuffer":false,"facType":"substation"}},{"type":"Feature","geometry":{"type":"Point","coordinates":[-81.84326,26.56543]},"properties":{"probability":0.334,"inBuffer":false,"facType":"substation"}},{"type":"Feature","geometry":{"type":"Point","coordinates":[-81.83877,26.56543]},"properties":{"probability":0.236,"inBuffer":false,"facType":"substation"}},{"type":"Feature","geometry":{"type":"Point","coordinates":[-81.83427,26.56543]},"properties":{"probability":0.219,"inBuffer":false,"facType":"substation"}},{"type":"Feature","geometry":{"type":"Point","coordinates":[-81.82979,26.56543]},"properties":{"probability":0.25,"inBuffer":false,"facType":"substation"}},{"type":"Feature","geometry":{"type":"Point","coordinates":[-81.82529,26.56543]},"properties":{"probability":0.206,"inBuffer":false,"facType":"fire"}},{"type":"Feature","geometry":{"type":"Point","coordinates":[-81.8208,26.56543]},"properties":{"probability":0.248,"inBuffer":false,"facType":"fire"}},{"type":"Feature","geometry":{"type":"Point","coordinates":[-81.81631,26.56543]},"properties":{"probability":0.249,"inBuffer":false,"facType":"fire"}},{"type":"Feature","geometry":{"type":"Point","coordinates":[-81.81182,26.56543]},"properties":{"probability":0.232,"inBuffer":false,"facType":"fire"}},{"type":"Feature","geometry":{"type":"Point","coordinates":[-81.80733,26.56543]},"properties":{"probability":0.251,"inBuffer":false,"facType":"government"}},{"type":"Feature","geometry":{"type":"Point","coordinates":[-81.80283,26.56543]},"properties":{"probability":0.257,"inBuffer":false,"facType":"government"}},{"type":"Feature","geometry":{"type":"Point","coordinates":[-81.79835,26.56543]},"properties":{"probability":0.235,"inBuffer":false,"facType":"government"}},{"type":"Feature","geometry":{"type":"Point","coordinates":[-81.79385,26.56543]},"properties":{"probability":0.263,"inBuffer":false,"facType":"government"}},{"type":"Feature","geometry":{"type":"Point","coordinates":[-81.78936,26.56543]},"properties":{"probability":0.313,"inBuffer":false,"facType":"government"}},{"type":"Feature","geometry":{"type":"Point","coordinates":[-81.78487,26.56543]},"properties":{"probability":0.298,"inBuffer":false,"facType":"government"}},{"type":"Feature","geometry":{"type":"Point","coordinates":[-81.78038,26.56543]},"properties":{"probability":0.318,"inBuffer":false,"facType":"government"}},{"type":"Feature","geometry":{"type":"Point","coordinates":[-81.77589,26.56543]},"properties":{"probability":0.294,"inBuffer":false,"facType":"government"}},{"type":"Feature","geometry":{"type":"Point","coordinates":[-81.77139,26.56543]},"properties":{"probability":0.278,"inBuffer":false,"facType":"fire"}},{"type":"Feature","geometry":{"type":"Point","coordinates":[-81.76691,26.56543]},"properties":{"probability":0.32,"inBuffer":false,"facType":"fire"}},{"type":"Feature","geometry":{"type":"Point","coordinates":[-81.76241,26.56543]},"properties":{"probability":0.4,"inBuffer":false,"facType":"government"}},{"type":"Feature","geometry":{"type":"Point","coordinates":[-81.75792,26.56543]},"properties":{"probability":0.378,"inBuffer":false,"facType":"government"}},{"type":"Feature","geometry":{"type":"Point","coordinates":[-81.75343,26.56543]},"properties":{"probability":0.462,"inBuffer":false,"facType":"government"}},{"type":"Feature","geometry":{"type":"Point","coordinates":[-81.74894,26.56543]},"properties":{"probability":0.46,"inBuffer":false,"facType":"government"}},{"type":"Feature","geometry":{"type":"Point","coordinates":[-81.74445,26.56543]},"properties":{"probability":0.291,"inBuffer":false,"facType":"government"}},{"type":"Feature","geometry":{"type":"Point","coordinates":[-81.73995,26.56543]},"properties":{"probability":0.248,"inBuffer":false,"facType":"substation"}},{"type":"Feature","geometry":{"type":"Point","coordinates":[-82.01843,26.56094]},"properties":{"probability":0.316,"inBuffer":false,"facType":"fire"}},{"type":"Feature","geometry":{"type":"Point","coordinates":[-82.01394,26.56094]},"properties":{"probability":0.404,"inBuffer":false,"facType":"fire"}},{"type":"Feature","geometry":{"type":"Point","coordinates":[-82.00945,26.56094]},"properties":{"probability":0.51,"inBuffer":false,"facType":"fire"}},{"type":"Feature","geometry":{"type":"Point","coordinates":[-82.00496,26.56094]},"properties":{"probability":0.534,"inBuffer":false,"facType":"fire"}},{"type":"Feature","geometry":{"type":"Point","coordinates":[-82.00047,26.56094]},"properties":{"probability":0.443,"inBuffer":false,"facType":"fire"}},{"type":"Feature","geometry":{"type":"Point","coordinates":[-81.99597,26.56094]},"properties":{"probability":0.399,"inBuffer":false,"facType":"fire"}},{"type":"Feature","geometry":{"type":"Point","coordinates":[-81.99148,26.56094]},"properties":{"probability":0.395,"inBuffer":false,"facType":"fire"}},{"type":"Feature","geometry":{"type":"Point","coordinates":[-81.98699,26.56094]},"properties":{"probability":0.397,"inBuffer":false,"facType":"fire"}},{"type":"Feature","geometry":{"type":"Point","coordinates":[-81.9825,26.56094]},"properties":{"probability":0.388,"inBuffer":false,"facType":"fire"}},{"type":"Feature","geometry":{"type":"Point","coordinates":[-81.978,26.56094]},"properties":{"probability":0.428,"inBuffer":false,"facType":"fire"}},{"type":"Feature","geometry":{"type":"Point","coordinates":[-81.97352,26.56094]},"properties":{"probability":0.396,"inBuffer":false,"facType":"fire"}},{"type":"Feature","geometry":{"type":"Point","coordinates":[-81.96902,26.56094]},"properties":{"probability":0.406,"inBuffer":false,"facType":"fire"}},{"type":"Feature","geometry":{"type":"Point","coordinates":[-81.96453,26.56094]},"properties":{"probability":0.445,"inBuffer":false,"facType":"fire"}},{"type":"Feature","geometry":{"type":"Point","coordinates":[-81.96004,26.56094]},"properties":{"probability":0.56,"inBuffer":true,"facType":"fire"}},{"type":"Feature","geometry":{"type":"Point","coordinates":[-81.95555,26.56094]},"properties":{"probability":0.622,"inBuffer":true,"facType":"fire"}},{"type":"Feature","geometry":{"type":"Point","coordinates":[-81.95106,26.56094]},"properties":{"probability":0.629,"inBuffer":true,"facType":"government"}},{"type":"Feature","geometry":{"type":"Point","coordinates":[-81.94656,26.56094]},"properties":{"probability":0.602,"inBuffer":false,"facType":"government"}},{"type":"Feature","geometry":{"type":"Point","coordinates":[-81.94208,26.56094]},"properties":{"probability":0.579,"inBuffer":false,"facType":"government"}},{"type":"Feature","geometry":{"type":"Point","coordinates":[-81.93758,26.56094]},"properties":{"probability":0.403,"inBuffer":false,"facType":"government"}},{"type":"Feature","geometry":{"type":"Point","coordinates":[-81.93309,26.56094]},"properties":{"probability":0.255,"inBuffer":false,"facType":"government"}},{"type":"Feature","geometry":{"type":"Point","coordinates":[-81.9286,26.56094]},"properties":{"probability":0.253,"inBuffer":false,"facType":"government"}},{"type":"Feature","geometry":{"type":"Point","coordinates":[-81.92411,26.56094]},"properties":{"probability":0.366,"inBuffer":false,"facType":"fire"}},{"type":"Feature","geometry":{"type":"Point","coordinates":[-81.91962,26.56094]},"properties":{"probability":0.396,"inBuffer":false,"facType":"fire"}},{"type":"Feature","geometry":{"type":"Point","coordinates":[-81.91512,26.56094]},"properties":{"probability":0.501,"inBuffer":false,"facType":"fire"}},{"type":"Feature","geometry":{"type":"Point","coordinates":[-81.91064,26.56094]},"properties":{"probability":0.566,"inBuffer":false,"facType":"fire"}},{"type":"Feature","geometry":{"type":"Point","coordinates":[-81.90614,26.56094]},"properties":{"probability":0.646,"inBuffer":true,"facType":"substation"}},{"type":"Feature","geometry":{"type":"Point","coordinates":[-81.90165,26.56094]},"properties":{"probability":0.576,"inBuffer":false,"facType":"substation"}},{"type":"Feature","geometry":{"type":"Point","coordinates":[-81.89716,26.56094]},"properties":{"probability":0.531,"inBuffer":false,"facType":"substation"}},{"type":"Feature","geometry":{"type":"Point","coordinates":[-81.89267,26.56094]},"properties":{"probability":0.534,"inBuffer":false,"facType":"substation"}},{"type":"Feature","geometry":{"type":"Point","coordinates":[-81.88818,26.56094]},"properties":{"probability":0.59,"inBuffer":false,"facType":"substation"}},{"type":"Feature","geometry":{"type":"Point","coordinates":[-81.88368,26.56094]},"properties":{"probability":0.667,"inBuffer":false,"facType":"fire"}},{"type":"Feature","geometry":{"type":"Point","coordinates":[-81.8792,26.56094]},"properties":{"probability":0.604,"inBuffer":false,"facType":"fire"}},{"type":"Feature","geometry":{"type":"Point","coordinates":[-81.8747,26.56094]},"properties":{"probability":0.719,"inBuffer":true,"facType":"fire"}},{"type":"Feature","geometry":{"type":"Point","coordinates":[-81.87021,26.56094]},"properties":{"probability":0.521,"inBuffer":true,"facType":"fire"}},{"type":"Feature","geometry":{"type":"Point","coordinates":[-81.86572,26.56094]},"properties":{"probability":0.359,"inBuffer":true,"facType":"fire"}},{"type":"Feature","geometry":{"type":"Point","coordinates":[-81.86123,26.56094]},"properties":{"probability":0.371,"inBuffer":false,"facType":"fire"}},{"type":"Feature","geometry":{"type":"Point","coordinates":[-81.85674,26.56094]},"properties":{"probability":0.439,"inBuffer":false,"facType":"fire"}},{"type":"Feature","geometry":{"type":"Point","coordinates":[-81.85224,26.56094]},"properties":{"probability":0.506,"inBuffer":false,"facType":"substation"}},{"type":"Feature","geometry":{"type":"Point","coordinates":[-81.84775,26.56094]},"properties":{"probability":0.46,"inBuffer":false,"facType":"substation"}},{"type":"Feature","geometry":{"type":"Point","coordinates":[-81.84326,26.56094]},"properties":{"probability":0.348,"inBuffer":false,"facType":"substation"}},{"type":"Feature","geometry":{"type":"Point","coordinates":[-81.83877,26.56094]},"properties":{"probability":0.244,"inBuffer":false,"facType":"substation"}},{"type":"Feature","geometry":{"type":"Point","coordinates":[-81.83427,26.56094]},"properties":{"probability":0.211,"inBuffer":false,"facType":"substation"}},{"type":"Feature","geometry":{"type":"Point","coordinates":[-81.82979,26.56094]},"properties":{"probability":0.239,"inBuffer":false,"facType":"fire"}},{"type":"Feature","geometry":{"type":"Point","coordinates":[-81.82529,26.56094]},"properties":{"probability":0.213,"inBuffer":false,"facType":"fire"}},{"type":"Feature","geometry":{"type":"Point","coordinates":[-81.8208,26.56094]},"properties":{"probability":0.252,"inBuffer":false,"facType":"fire"}},{"type":"Feature","geometry":{"type":"Point","coordinates":[-81.81631,26.56094]},"properties":{"probability":0.261,"inBuffer":false,"facType":"fire"}},{"type":"Feature","geometry":{"type":"Point","coordinates":[-81.81182,26.56094]},"properties":{"probability":0.256,"inBuffer":false,"facType":"fire"}},{"type":"Feature","geometry":{"type":"Point","coordinates":[-81.80733,26.56094]},"properties":{"probability":0.331,"inBuffer":false,"facType":"government"}},{"type":"Feature","geometry":{"type":"Point","coordinates":[-81.80283,26.56094]},"properties":{"probability":0.322,"inBuffer":false,"facType":"government"}},{"type":"Feature","geometry":{"type":"Point","coordinates":[-81.79835,26.56094]},"properties":{"probability":0.269,"inBuffer":false,"facType":"government"}},{"type":"Feature","geometry":{"type":"Point","coordinates":[-81.79385,26.56094]},"properties":{"probability":0.253,"inBuffer":false,"facType":"government"}},{"type":"Feature","geometry":{"type":"Point","coordinates":[-81.78936,26.56094]},"properties":{"probability":0.262,"inBuffer":false,"facType":"government"}},{"type":"Feature","geometry":{"type":"Point","coordinates":[-81.78487,26.56094]},"properties":{"probability":0.256,"inBuffer":false,"facType":"government"}},{"type":"Feature","geometry":{"type":"Point","coordinates":[-81.78038,26.56094]},"properties":{"probability":0.237,"inBuffer":false,"facType":"government"}},{"type":"Feature","geometry":{"type":"Point","coordinates":[-81.77589,26.56094]},"properties":{"probability":0.22,"inBuffer":false,"facType":"government"}},{"type":"Feature","geometry":{"type":"Point","coordinates":[-81.77139,26.56094]},"properties":{"probability":0.216,"inBuffer":false,"facType":"fire"}},{"type":"Feature","geometry":{"type":"Point","coordinates":[-81.76691,26.56094]},"properties":{"probability":0.273,"inBuffer":false,"facType":"fire"}},{"type":"Feature","geometry":{"type":"Point","coordinates":[-81.76241,26.56094]},"properties":{"probability":0.452,"inBuffer":false,"facType":"fire"}},{"type":"Feature","geometry":{"type":"Point","coordinates":[-81.75792,26.56094]},"properties":{"probability":0.525,"inBuffer":true,"facType":"fire"}},{"type":"Feature","geometry":{"type":"Point","coordinates":[-81.75343,26.56094]},"properties":{"probability":0.629,"inBuffer":false,"facType":"government"}},{"type":"Feature","geometry":{"type":"Point","coordinates":[-81.74894,26.56094]},"properties":{"probability":0.561,"inBuffer":false,"facType":"government"}},{"type":"Feature","geometry":{"type":"Point","coordinates":[-81.74445,26.56094]},"properties":{"probability":0.381,"inBuffer":false,"facType":"government"}},{"type":"Feature","geometry":{"type":"Point","coordinates":[-81.73995,26.56094]},"properties":{"probability":0.228,"inBuffer":false,"facType":"substation"}},{"type":"Feature","geometry":{"type":"Point","coordinates":[-82.01843,26.55645]},"properties":{"probability":0.25,"inBuffer":false,"facType":"fire"}},{"type":"Feature","geometry":{"type":"Point","coordinates":[-82.01394,26.55645]},"properties":{"probability":0.284,"inBuffer":false,"facType":"fire"}},{"type":"Feature","geometry":{"type":"Point","coordinates":[-82.00945,26.55645]},"properties":{"probability":0.393,"inBuffer":false,"facType":"fire"}},{"type":"Feature","geometry":{"type":"Point","coordinates":[-82.00496,26.55645]},"properties":{"probability":0.403,"inBuffer":false,"facType":"fire"}},{"type":"Feature","geometry":{"type":"Point","coordinates":[-82.00047,26.55645]},"properties":{"probability":0.354,"inBuffer":false,"facType":"fire"}},{"type":"Feature","geometry":{"type":"Point","coordinates":[-81.99597,26.55645]},"properties":{"probability":0.269,"inBuffer":false,"facType":"fire"}},{"type":"Feature","geometry":{"type":"Point","coordinates":[-81.99148,26.55645]},"properties":{"probability":0.279,"inBuffer":false,"facType":"fire"}},{"type":"Feature","geometry":{"type":"Point","coordinates":[-81.98699,26.55645]},"properties":{"probability":0.253,"inBuffer":false,"facType":"fire"}},{"type":"Feature","geometry":{"type":"Point","coordinates":[-81.9825,26.55645]},"properties":{"probability":0.267,"inBuffer":false,"facType":"fire"}},{"type":"Feature","geometry":{"type":"Point","coordinates":[-81.978,26.55645]},"properties":{"probability":0.259,"inBuffer":false,"facType":"fire"}},{"type":"Feature","geometry":{"type":"Point","coordinates":[-81.97352,26.55645]},"properties":{"probability":0.261,"inBuffer":false,"facType":"fire"}},{"type":"Feature","geometry":{"type":"Point","coordinates":[-81.96902,26.55645]},"properties":{"probability":0.277,"inBuffer":false,"facType":"fire"}},{"type":"Feature","geometry":{"type":"Point","coordinates":[-81.96453,26.55645]},"properties":{"probability":0.346,"inBuffer":false,"facType":"fire"}},{"type":"Feature","geometry":{"type":"Point","coordinates":[-81.96004,26.55645]},"properties":{"probability":0.398,"inBuffer":true,"facType":"fire"}},{"type":"Feature","geometry":{"type":"Point","coordinates":[-81.95555,26.55645]},"properties":{"probability":0.413,"inBuffer":true,"facType":"fire"}},{"type":"Feature","geometry":{"type":"Point","coordinates":[-81.95106,26.55645]},"properties":{"probability":0.393,"inBuffer":false,"facType":"government"}},{"type":"Feature","geometry":{"type":"Point","coordinates":[-81.94656,26.55645]},"properties":{"probability":0.389,"inBuffer":false,"facType":"government"}},{"type":"Feature","geometry":{"type":"Point","coordinates":[-81.94208,26.55645]},"properties":{"probability":0.245,"inBuffer":false,"facType":"government"}},{"type":"Feature","geometry":{"type":"Point","coordinates":[-81.93758,26.55645]},"properties":{"probability":0.218,"inBuffer":false,"facType":"government"}},{"type":"Feature","geometry":{"type":"Point","coordinates":[-81.93309,26.55645]},"properties":{"probability":0.24,"inBuffer":false,"facType":"government"}},{"type":"Feature","geometry":{"type":"Point","coordinates":[-81.9286,26.55645]},"properties":{"probability":0.312,"inBuffer":false,"facType":"government"}},{"type":"Feature","geometry":{"type":"Point","coordinates":[-81.92411,26.55645]},"properties":{"probability":0.413,"inBuffer":false,"facType":"fire"}},{"type":"Feature","geometry":{"type":"Point","coordinates":[-81.91962,26.55645]},"properties":{"probability":0.505,"inBuffer":false,"facType":"fire"}},{"type":"Feature","geometry":{"type":"Point","coordinates":[-81.91512,26.55645]},"properties":{"probability":0.591,"inBuffer":false,"facType":"fire"}},{"type":"Feature","geometry":{"type":"Point","coordinates":[-81.91064,26.55645]},"properties":{"probability":0.704,"inBuffer":true,"facType":"fire"}},{"type":"Feature","geometry":{"type":"Point","coordinates":[-81.90614,26.55645]},"properties":{"probability":0.717,"inBuffer":true,"facType":"fire"}},{"type":"Feature","geometry":{"type":"Point","coordinates":[-81.90165,26.55645]},"properties":{"probability":0.68,"inBuffer":true,"facType":"substation"}},{"type":"Feature","geometry":{"type":"Point","coordinates":[-81.89716,26.55645]},"properties":{"probability":0.67,"inBuffer":false,"facType":"substation"}},{"type":"Feature","geometry":{"type":"Point","coordinates":[-81.89267,26.55645]},"properties":{"probability":0.629,"inBuffer":false,"facType":"substation"}},{"type":"Feature","geometry":{"type":"Point","coordinates":[-81.88818,26.55645]},"properties":{"probability":0.681,"inBuffer":false,"facType":"substation"}},{"type":"Feature","geometry":{"type":"Point","coordinates":[-81.88368,26.55645]},"properties":{"probability":0.681,"inBuffer":false,"facType":"police"}},{"type":"Feature","geometry":{"type":"Point","coordinates":[-81.8792,26.55645]},"properties":{"probability":0.656,"inBuffer":false,"facType":"police"}},{"type":"Feature","geometry":{"type":"Point","coordinates":[-81.8747,26.55645]},"properties":{"probability":0.707,"inBuffer":true,"facType":"police"}},{"type":"Feature","geometry":{"type":"Point","coordinates":[-81.87021,26.55645]},"properties":{"probability":0.615,"inBuffer":true,"facType":"police"}},{"type":"Feature","geometry":{"type":"Point","coordinates":[-81.86572,26.55645]},"properties":{"probability":0.413,"inBuffer":true,"facType":"police"}},{"type":"Feature","geometry":{"type":"Point","coordinates":[-81.86123,26.55645]},"properties":{"probability":0.358,"inBuffer":false,"facType":"police"}},{"type":"Feature","geometry":{"type":"Point","coordinates":[-81.85674,26.55645]},"properties":{"probability":0.445,"inBuffer":false,"facType":"police"}},{"type":"Feature","geometry":{"type":"Point","coordinates":[-81.85224,26.55645]},"properties":{"probability":0.51,"inBuffer":false,"facType":"hospital"}},{"type":"Feature","geometry":{"type":"Point","coordinates":[-81.84775,26.55645]},"properties":{"probability":0.416,"inBuffer":false,"facType":"hospital"}},{"type":"Feature","geometry":{"type":"Point","coordinates":[-81.84326,26.55645]},"properties":{"probability":0.365,"inBuffer":false,"facType":"hospital"}},{"type":"Feature","geometry":{"type":"Point","coordinates":[-81.83877,26.55645]},"properties":{"probability":0.345,"inBuffer":false,"facType":"hospital"}},{"type":"Feature","geometry":{"type":"Point","coordinates":[-81.83427,26.55645]},"properties":{"probability":0.262,"inBuffer":false,"facType":"fire"}},{"type":"Feature","geometry":{"type":"Point","coordinates":[-81.82979,26.55645]},"properties":{"probability":0.236,"inBuffer":false,"facType":"fire"}},{"type":"Feature","geometry":{"type":"Point","coordinates":[-81.82529,26.55645]},"properties":{"probability":0.258,"inBuffer":false,"facType":"fire"}},{"type":"Feature","geometry":{"type":"Point","coordinates":[-81.8208,26.55645]},"properties":{"probability":0.295,"inBuffer":false,"facType":"fire"}},{"type":"Feature","geometry":{"type":"Point","coordinates":[-81.81631,26.55645]},"properties":{"probability":0.257,"inBuffer":false,"facType":"fire"}},{"type":"Feature","geometry":{"type":"Point","coordinates":[-81.81182,26.55645]},"properties":{"probability":0.315,"inBuffer":false,"facType":"fire"}},{"type":"Feature","geometry":{"type":"Point","coordinates":[-81.80733,26.55645]},"properties":{"probability":0.405,"inBuffer":false,"facType":"fire"}},{"type":"Feature","geometry":{"type":"Point","coordinates":[-81.80283,26.55645]},"properties":{"probability":0.408,"inBuffer":false,"facType":"government"}},{"type":"Feature","geometry":{"type":"Point","coordinates":[-81.79835,26.55645]},"properties":{"probability":0.373,"inBuffer":false,"facType":"government"}},{"type":"Feature","geometry":{"type":"Point","coordinates":[-81.79385,26.55645]},"properties":{"probability":0.376,"inBuffer":false,"facType":"government"}},{"type":"Feature","geometry":{"type":"Point","coordinates":[-81.78936,26.55645]},"properties":{"probability":0.327,"inBuffer":false,"facType":"government"}},{"type":"Feature","geometry":{"type":"Point","coordinates":[-81.78487,26.55645]},"properties":{"probability":0.305,"inBuffer":false,"facType":"government"}},{"type":"Feature","geometry":{"type":"Point","coordinates":[-81.78038,26.55645]},"properties":{"probability":0.291,"inBuffer":false,"facType":"government"}},{"type":"Feature","geometry":{"type":"Point","coordinates":[-81.77589,26.55645]},"properties":{"probability":0.264,"inBuffer":false,"facType":"government"}},{"type":"Feature","geometry":{"type":"Point","coordinates":[-81.77139,26.55645]},"properties":{"probability":0.246,"inBuffer":false,"facType":"fire"}},{"type":"Feature","geometry":{"type":"Point","coordinates":[-81.76691,26.55645]},"properties":{"probability":0.303,"inBuffer":false,"facType":"fire"}},{"type":"Feature","geometry":{"type":"Point","coordinates":[-81.76241,26.55645]},"properties":{"probability":0.508,"inBuffer":true,"facType":"fire"}},{"type":"Feature","geometry":{"type":"Point","coordinates":[-81.75792,26.55645]},"properties":{"probability":0.553,"inBuffer":true,"facType":"fire"}},{"type":"Feature","geometry":{"type":"Point","coordinates":[-81.75343,26.55645]},"properties":{"probability":0.644,"inBuffer":true,"facType":"fire"}},{"type":"Feature","geometry":{"type":"Point","coordinates":[-81.74894,26.55645]},"properties":{"probability":0.562,"inBuffer":false,"facType":"government"}},{"type":"Feature","geometry":{"type":"Point","coordinates":[-81.74445,26.55645]},"properties":{"probability":0.26,"inBuffer":false,"facType":"government"}},{"type":"Feature","geometry":{"type":"Point","coordinates":[-82.01843,26.55195]},"properties":{"probability":0.268,"inBuffer":false,"facType":"hospital"}},{"type":"Feature","geometry":{"type":"Point","coordinates":[-82.01394,26.55195]},"properties":{"probability":0.26,"inBuffer":false,"facType":"fire"}},{"type":"Feature","geometry":{"type":"Point","coordinates":[-82.00945,26.55195]},"properties":{"probability":0.263,"inBuffer":false,"facType":"fire"}},{"type":"Feature","geometry":{"type":"Point","coordinates":[-82.00496,26.55195]},"properties":{"probability":0.314,"inBuffer":false,"facType":"fire"}},{"type":"Feature","geometry":{"type":"Point","coordinates":[-82.00047,26.55195]},"properties":{"probability":0.28,"inBuffer":false,"facType":"fire"}},{"type":"Feature","geometry":{"type":"Point","coordinates":[-81.99597,26.55195]},"properties":{"probability":0.263,"inBuffer":false,"facType":"fire"}},{"type":"Feature","geometry":{"type":"Point","coordinates":[-81.99148,26.55195]},"properties":{"probability":0.25,"inBuffer":false,"facType":"fire"}},{"type":"Feature","geometry":{"type":"Point","coordinates":[-81.98699,26.55195]},"properties":{"probability":0.248,"inBuffer":false,"facType":"fire"}},{"type":"Feature","geometry":{"type":"Point","coordinates":[-81.9825,26.55195]},"properties":{"probability":0.227,"inBuffer":false,"facType":"fire"}},{"type":"Feature","geometry":{"type":"Point","coordinates":[-81.978,26.55195]},"properties":{"probability":0.235,"inBuffer":false,"facType":"fire"}},{"type":"Feature","geometry":{"type":"Point","coordinates":[-81.97352,26.55195]},"properties":{"probability":0.255,"inBuffer":false,"facType":"fire"}},{"type":"Feature","geometry":{"type":"Point","coordinates":[-81.96902,26.55195]},"properties":{"probability":0.249,"inBuffer":false,"facType":"fire"}},{"type":"Feature","geometry":{"type":"Point","coordinates":[-81.96453,26.55195]},"properties":{"probability":0.248,"inBuffer":false,"facType":"fire"}},{"type":"Feature","geometry":{"type":"Point","coordinates":[-81.96004,26.55195]},"properties":{"probability":0.366,"inBuffer":false,"facType":"fire"}},{"type":"Feature","geometry":{"type":"Point","coordinates":[-81.95555,26.55195]},"properties":{"probability":0.353,"inBuffer":false,"facType":"fire"}},{"type":"Feature","geometry":{"type":"Point","coordinates":[-81.95106,26.55195]},"properties":{"probability":0.283,"inBuffer":false,"facType":"fire"}},{"type":"Feature","geometry":{"type":"Point","coordinates":[-81.94656,26.55195]},"properties":{"probability":0.25,"inBuffer":false,"facType":"government"}},{"type":"Feature","geometry":{"type":"Point","coordinates":[-81.94208,26.55195]},"properties":{"probability":0.222,"inBuffer":false,"facType":"government"}},{"type":"Feature","geometry":{"type":"Point","coordinates":[-81.9286,26.55195]},"properties":{"probability":0.236,"inBuffer":false,"facType":"government"}},{"type":"Feature","geometry":{"type":"Point","coordinates":[-81.92411,26.55195]},"properties":{"probability":0.377,"inBuffer":false,"facType":"fire"}},{"type":"Feature","geometry":{"type":"Point","coordinates":[-81.91962,26.55195]},"properties":{"probability":0.49,"inBuffer":false,"facType":"fire"}},{"type":"Feature","geometry":{"type":"Point","coordinates":[-81.91512,26.55195]},"properties":{"probability":0.582,"inBuffer":false,"facType":"fire"}},{"type":"Feature","geometry":{"type":"Point","coordinates":[-81.91064,26.55195]},"properties":{"probability":0.667,"inBuffer":true,"facType":"fire"}},{"type":"Feature","geometry":{"type":"Point","coordinates":[-81.90614,26.55195]},"properties":{"probability":0.649,"inBuffer":true,"facType":"fire"}},{"type":"Feature","geometry":{"type":"Point","coordinates":[-81.90165,26.55195]},"properties":{"probability":0.497,"inBuffer":true,"facType":"fire"}},{"type":"Feature","geometry":{"type":"Point","coordinates":[-81.89716,26.55195]},"properties":{"probability":0.485,"inBuffer":false,"facType":"substation"}},{"type":"Feature","geometry":{"type":"Point","coordinates":[-81.89267,26.55195]},"properties":{"probability":0.556,"inBuffer":false,"facType":"substation"}},{"type":"Feature","geometry":{"type":"Point","coordinates":[-81.88818,26.55195]},"properties":{"probability":0.67,"inBuffer":false,"facType":"substation"}},{"type":"Feature","geometry":{"type":"Point","coordinates":[-81.88368,26.55195]},"properties":{"probability":0.677,"inBuffer":false,"facType":"police"}},{"type":"Feature","geometry":{"type":"Point","coordinates":[-81.8792,26.55195]},"properties":{"probability":0.6,"inBuffer":false,"facType":"police"}},{"type":"Feature","geometry":{"type":"Point","coordinates":[-81.8747,26.55195]},"properties":{"probability":0.709,"inBuffer":true,"facType":"police"}},{"type":"Feature","geometry":{"type":"Point","coordinates":[-81.87021,26.55195]},"properties":{"probability":0.706,"inBuffer":true,"facType":"police"}},{"type":"Feature","geometry":{"type":"Point","coordinates":[-81.86572,26.55195]},"properties":{"probability":0.511,"inBuffer":true,"facType":"police"}},{"type":"Feature","geometry":{"type":"Point","coordinates":[-81.86123,26.55195]},"properties":{"probability":0.396,"inBuffer":false,"facType":"police"}},{"type":"Feature","geometry":{"type":"Point","coordinates":[-81.85674,26.55195]},"properties":{"probability":0.487,"inBuffer":false,"facType":"hospital"}},{"type":"Feature","geometry":{"type":"Point","coordinates":[-81.85224,26.55195]},"properties":{"probability":0.508,"inBuffer":false,"facType":"hospital"}},{"type":"Feature","geometry":{"type":"Point","coordinates":[-81.84775,26.55195]},"properties":{"probability":0.509,"inBuffer":false,"facType":"hospital"}},{"type":"Feature","geometry":{"type":"Point","coordinates":[-81.84326,26.55195]},"properties":{"probability":0.493,"inBuffer":false,"facType":"hospital"}},{"type":"Feature","geometry":{"type":"Point","coordinates":[-81.83877,26.55195]},"properties":{"probability":0.411,"inBuffer":false,"facType":"hospital"}},{"type":"Feature","geometry":{"type":"Point","coordinates":[-81.83427,26.55195]},"properties":{"probability":0.316,"inBuffer":false,"facType":"fire"}},{"type":"Feature","geometry":{"type":"Point","coordinates":[-81.82979,26.55195]},"properties":{"probability":0.264,"inBuffer":false,"facType":"fire"}},{"type":"Feature","geometry":{"type":"Point","coordinates":[-81.82529,26.55195]},"properties":{"probability":0.316,"inBuffer":false,"facType":"fire"}},{"type":"Feature","geometry":{"type":"Point","coordinates":[-81.8208,26.55195]},"properties":{"probability":0.254,"inBuffer":true,"facType":"fire"}},{"type":"Feature","geometry":{"type":"Point","coordinates":[-81.81631,26.55195]},"properties":{"probability":0.28,"inBuffer":true,"facType":"fire"}},{"type":"Feature","geometry":{"type":"Point","coordinates":[-81.81182,26.55195]},"properties":{"probability":0.441,"inBuffer":false,"facType":"fire"}},{"type":"Feature","geometry":{"type":"Point","coordinates":[-81.80733,26.55195]},"properties":{"probability":0.518,"inBuffer":false,"facType":"fire"}},{"type":"Feature","geometry":{"type":"Point","coordinates":[-81.80283,26.55195]},"properties":{"probability":0.542,"inBuffer":false,"facType":"government"}},{"type":"Feature","geometry":{"type":"Point","coordinates":[-81.79835,26.55195]},"properties":{"probability":0.51,"inBuffer":false,"facType":"government"}},{"type":"Feature","geometry":{"type":"Point","coordinates":[-81.79385,26.55195]},"properties":{"probability":0.524,"inBuffer":false,"facType":"government"}},{"type":"Feature","geometry":{"type":"Point","coordinates":[-81.78936,26.55195]},"properties":{"probability":0.47,"inBuffer":false,"facType":"government"}},{"type":"Feature","geometry":{"type":"Point","coordinates":[-81.78487,26.55195]},"properties":{"probability":0.381,"inBuffer":false,"facType":"government"}},{"type":"Feature","geometry":{"type":"Point","coordinates":[-81.78038,26.55195]},"properties":{"probability":0.44,"inBuffer":false,"facType":"government"}},{"type":"Feature","geometry":{"type":"Point","coordinates":[-81.77589,26.55195]},"properties":{"probability":0.484,"inBuffer":false,"facType":"government"}},{"type":"Feature","geometry":{"type":"Point","coordinates":[-81.77139,26.55195]},"properties":{"probability":0.387,"inBuffer":false,"facType":"fire"}},{"type":"Feature","geometry":{"type":"Point","coordinates":[-81.76691,26.55195]},"properties":{"probability":0.395,"inBuffer":false,"facType":"fire"}},{"type":"Feature","geometry":{"type":"Point","coordinates":[-81.76241,26.55195]},"properties":{"probability":0.528,"inBuffer":true,"facType":"fire"}},{"type":"Feature","geometry":{"type":"Point","coordinates":[-81.75792,26.55195]},"properties":{"probability":0.601,"inBuffer":true,"facType":"fire"}},{"type":"Feature","geometry":{"type":"Point","coordinates":[-81.75343,26.55195]},"properties":{"probability":0.607,"inBuffer":true,"facType":"fire"}},{"type":"Feature","geometry":{"type":"Point","coordinates":[-81.74894,26.55195]},"properties":{"probability":0.45,"inBuffer":false,"facType":"fire"}},{"type":"Feature","geometry":{"type":"Point","coordinates":[-81.74445,26.55195]},"properties":{"probability":0.215,"inBuffer":false,"facType":"government"}},{"type":"Feature","geometry":{"type":"Point","coordinates":[-82.01843,26.54746]},"properties":{"probability":0.255,"inBuffer":false,"facType":"hospital"}},{"type":"Feature","geometry":{"type":"Point","coordinates":[-82.01394,26.54746]},"properties":{"probability":0.338,"inBuffer":false,"facType":"hospital"}},{"type":"Feature","geometry":{"type":"Point","coordinates":[-82.00945,26.54746]},"properties":{"probability":0.357,"inBuffer":false,"facType":"hospital"}},{"type":"Feature","geometry":{"type":"Point","coordinates":[-82.00496,26.54746]},"properties":{"probability":0.37,"inBuffer":false,"facType":"hospital"}},{"type":"Feature","geometry":{"type":"Point","coordinates":[-82.00047,26.54746]},"properties":{"probability":0.382,"inBuffer":false,"facType":"hospital"}},{"type":"Feature","geometry":{"type":"Point","coordinates":[-81.99597,26.54746]},"properties":{"probability":0.347,"inBuffer":false,"facType":"hospital"}},{"type":"Feature","geometry":{"type":"Point","coordinates":[-81.99148,26.54746]},"properties":{"probability":0.245,"inBuffer":false,"facType":"fire"}},{"type":"Feature","geometry":{"type":"Point","coordinates":[-81.98699,26.54746]},"properties":{"probability":0.238,"inBuffer":false,"facType":"fire"}},{"type":"Feature","geometry":{"type":"Point","coordinates":[-81.9825,26.54746]},"properties":{"probability":0.227,"inBuffer":false,"facType":"fire"}},{"type":"Feature","geometry":{"type":"Point","coordinates":[-81.978,26.54746]},"properties":{"probability":0.227,"inBuffer":false,"facType":"fire"}},{"type":"Feature","geometry":{"type":"Point","coordinates":[-81.97352,26.54746]},"properties":{"probability":0.255,"inBuffer":false,"facType":"fire"}},{"type":"Feature","geometry":{"type":"Point","coordinates":[-81.96902,26.54746]},"properties":{"probability":0.224,"inBuffer":false,"facType":"fire"}},{"type":"Feature","geometry":{"type":"Point","coordinates":[-81.96453,26.54746]},"properties":{"probability":0.233,"inBuffer":false,"facType":"fire"}},{"type":"Feature","geometry":{"type":"Point","coordinates":[-81.96004,26.54746]},"properties":{"probability":0.242,"inBuffer":false,"facType":"fire"}},{"type":"Feature","geometry":{"type":"Point","coordinates":[-81.95555,26.54746]},"properties":{"probability":0.283,"inBuffer":false,"facType":"fire"}},{"type":"Feature","geometry":{"type":"Point","coordinates":[-81.95106,26.54746]},"properties":{"probability":0.271,"inBuffer":false,"facType":"fire"}},{"type":"Feature","geometry":{"type":"Point","coordinates":[-81.94656,26.54746]},"properties":{"probability":0.245,"inBuffer":false,"facType":"government"}},{"type":"Feature","geometry":{"type":"Point","coordinates":[-81.93309,26.54746]},"properties":{"probability":0.187,"inBuffer":false,"facType":"government"}},{"type":"Feature","geometry":{"type":"Point","coordinates":[-81.9286,26.54746]},"properties":{"probability":0.249,"inBuffer":false,"facType":"government"}},{"type":"Feature","geometry":{"type":"Point","coordinates":[-81.92411,26.54746]},"properties":{"probability":0.344,"inBuffer":false,"facType":"fire"}},{"type":"Feature","geometry":{"type":"Point","coordinates":[-81.91962,26.54746]},"properties":{"probability":0.442,"inBuffer":false,"facType":"fire"}},{"type":"Feature","geometry":{"type":"Point","coordinates":[-81.91512,26.54746]},"properties":{"probability":0.56,"inBuffer":false,"facType":"fire"}},{"type":"Feature","geometry":{"type":"Point","coordinates":[-81.91064,26.54746]},"properties":{"probability":0.583,"inBuffer":false,"facType":"fire"}},{"type":"Feature","geometry":{"type":"Point","coordinates":[-81.90614,26.54746]},"properties":{"probability":0.498,"inBuffer":false,"facType":"fire"}},{"type":"Feature","geometry":{"type":"Point","coordinates":[-81.90165,26.54746]},"properties":{"probability":0.448,"inBuffer":false,"facType":"fire"}},{"type":"Feature","geometry":{"type":"Point","coordinates":[-81.89716,26.54746]},"properties":{"probability":0.479,"inBuffer":false,"facType":"fire"}},{"type":"Feature","geometry":{"type":"Point","coordinates":[-81.89267,26.54746]},"properties":{"probability":0.576,"inBuffer":false,"facType":"substation"}},{"type":"Feature","geometry":{"type":"Point","coordinates":[-81.88818,26.54746]},"properties":{"probability":0.688,"inBuffer":false,"facType":"substation"}},{"type":"Feature","geometry":{"type":"Point","coordinates":[-81.88368,26.54746]},"properties":{"probability":0.668,"inBuffer":false,"facType":"police"}},{"type":"Feature","geometry":{"type":"Point","coordinates":[-81.8792,26.54746]},"properties":{"probability":0.571,"inBuffer":false,"facType":"police"}},{"type":"Feature","geometry":{"type":"Point","coordinates":[-81.8747,26.54746]},"properties":{"probability":0.709,"inBuffer":true,"facType":"police"}},{"type":"Feature","geometry":{"type":"Point","coordinates":[-81.87021,26.54746]},"properties":{"probability":0.712,"inBuffer":true,"facType":"police"}},{"type":"Feature","geometry":{"type":"Point","coordinates":[-81.86572,26.54746]},"properties":{"probability":0.614,"inBuffer":true,"facType":"police"}},{"type":"Feature","geometry":{"type":"Point","coordinates":[-81.86123,26.54746]},"properties":{"probability":0.53,"inBuffer":false,"facType":"police"}},{"type":"Feature","geometry":{"type":"Point","coordinates":[-81.85674,26.54746]},"properties":{"probability":0.569,"inBuffer":false,"facType":"hospital"}},{"type":"Feature","geometry":{"type":"Point","coordinates":[-81.85224,26.54746]},"properties":{"probability":0.678,"inBuffer":true,"facType":"hospital"}},{"type":"Feature","geometry":{"type":"Point","coordinates":[-81.84775,26.54746]},"properties":{"probability":0.715,"inBuffer":true,"facType":"hospital"}},{"type":"Feature","geometry":{"type":"Point","coordinates":[-81.84326,26.54746]},"properties":{"probability":0.68,"inBuffer":false,"facType":"hospital"}},{"type":"Feature","geometry":{"type":"Point","coordinates":[-81.83877,26.54746]},"properties":{"probability":0.571,"inBuffer":false,"facType":"hospital"}},{"type":"Feature","geometry":{"type":"Point","coordinates":[-81.83427,26.54746]},"properties":{"probability":0.407,"inBuffer":false,"facType":"hospital"}},{"type":"Feature","geometry":{"type":"Point","coordinates":[-81.82979,26.54746]},"properties":{"probability":0.36,"inBuffer":false,"facType":"fire"}},{"type":"Feature","geometry":{"type":"Point","coordinates":[-81.82529,26.54746]},"properties":{"probability":0.374,"inBuffer":false,"facType":"fire"}},{"type":"Feature","geometry":{"type":"Point","coordinates":[-81.8208,26.54746]},"properties":{"probability":0.246,"inBuffer":true,"facType":"fire"}},{"type":"Feature","geometry":{"type":"Point","coordinates":[-81.81631,26.54746]},"properties":{"probability":0.386,"inBuffer":true,"facType":"fire"}},{"type":"Feature","geometry":{"type":"Point","coordinates":[-81.81182,26.54746]},"properties":{"probability":0.571,"inBuffer":true,"facType":"fire"}},{"type":"Feature","geometry":{"type":"Point","coordinates":[-81.80733,26.54746]},"properties":{"probability":0.66,"inBuffer":false,"facType":"fire"}},{"type":"Feature","geometry":{"type":"Point","coordinates":[-81.80283,26.54746]},"properties":{"probability":0.633,"inBuffer":false,"facType":"government"}},{"type":"Feature","geometry":{"type":"Point","coordinates":[-81.79835,26.54746]},"properties":{"probability":0.588,"inBuffer":false,"facType":"government"}},{"type":"Feature","geometry":{"type":"Point","coordinates":[-81.79385,26.54746]},"properties":{"probability":0.654,"inBuffer":false,"facType":"government"}},{"type":"Feature","geometry":{"type":"Point","coordinates":[-81.78936,26.54746]},"properties":{"probability":0.674,"inBuffer":false,"facType":"government"}},{"type":"Feature","geometry":{"type":"Point","coordinates":[-81.78487,26.54746]},"properties":{"probability":0.553,"inBuffer":false,"facType":"government"}},{"type":"Feature","geometry":{"type":"Point","coordinates":[-81.78038,26.54746]},"properties":{"probability":0.554,"inBuffer":false,"facType":"government"}},{"type":"Feature","geometry":{"type":"Point","coordinates":[-81.77589,26.54746]},"properties":{"probability":0.552,"inBuffer":false,"facType":"government"}},{"type":"Feature","geometry":{"type":"Point","coordinates":[-81.77139,26.54746]},"properties":{"probability":0.462,"inBuffer":false,"facType":"fire"}},{"type":"Feature","geometry":{"type":"Point","coordinates":[-81.76691,26.54746]},"properties":{"probability":0.33,"inBuffer":false,"facType":"fire"}},{"type":"Feature","geometry":{"type":"Point","coordinates":[-81.76241,26.54746]},"properties":{"probability":0.522,"inBuffer":false,"facType":"fire"}},{"type":"Feature","geometry":{"type":"Point","coordinates":[-81.75792,26.54746]},"properties":{"probability":0.552,"inBuffer":false,"facType":"fire"}},{"type":"Feature","geometry":{"type":"Point","coordinates":[-81.75343,26.54746]},"properties":{"probability":0.556,"inBuffer":false,"facType":"fire"}},{"type":"Feature","geometry":{"type":"Point","coordinates":[-81.74894,26.54746]},"properties":{"probability":0.391,"inBuffer":false,"facType":"fire"}},{"type":"Feature","geometry":{"type":"Point","coordinates":[-81.74445,26.54746]},"properties":{"probability":0.25,"inBuffer":false,"facType":"fire"}},{"type":"Feature","geometry":{"type":"Point","coordinates":[-81.73995,26.54746]},"properties":{"probability":0.225,"inBuffer":false,"facType":"fire"}},{"type":"Feature","geometry":{"type":"Point","coordinates":[-82.01843,26.54297]},"properties":{"probability":0.265,"inBuffer":false,"facType":"hospital"}},{"type":"Feature","geometry":{"type":"Point","coordinates":[-82.01394,26.54297]},"properties":{"probability":0.242,"inBuffer":false,"facType":"hospital"}},{"type":"Feature","geometry":{"type":"Point","coordinates":[-82.00945,26.54297]},"properties":{"probability":0.325,"inBuffer":false,"facType":"hospital"}},{"type":"Feature","geometry":{"type":"Point","coordinates":[-82.00496,26.54297]},"properties":{"probability":0.392,"inBuffer":false,"facType":"hospital"}},{"type":"Feature","geometry":{"type":"Point","coordinates":[-82.00047,26.54297]},"properties":{"probability":0.505,"inBuffer":false,"facType":"hospital"}},{"type":"Feature","geometry":{"type":"Point","coordinates":[-81.99597,26.54297]},"properties":{"probability":0.442,"inBuffer":false,"facType":"hospital"}},{"type":"Feature","geometry":{"type":"Point","coordinates":[-81.99148,26.54297]},"properties":{"probability":0.235,"inBuffer":false,"facType":"hospital"}},{"type":"Feature","geometry":{"type":"Point","coordinates":[-81.98699,26.54297]},"properties":{"probability":0.227,"inBuffer":false,"facType":"hospital"}},{"type":"Feature","geometry":{"type":"Point","coordinates":[-81.9825,26.54297]},"properties":{"probability":0.201,"inBuffer":false,"facType":"hospital"}},{"type":"Feature","geometry":{"type":"Point","coordinates":[-81.978,26.54297]},"properties":{"probability":0.208,"inBuffer":false,"facType":"fire"}},{"type":"Feature","geometry":{"type":"Point","coordinates":[-81.97352,26.54297]},"properties":{"probability":0.221,"inBuffer":false,"facType":"fire"}},{"type":"Feature","geometry":{"type":"Point","coordinates":[-81.96004,26.54297]},"properties":{"probability":0.247,"inBuffer":false,"facType":"fire"}},{"type":"Feature","geometry":{"type":"Point","coordinates":[-81.95555,26.54297]},"properties":{"probability":0.253,"inBuffer":false,"facType":"fire"}},{"type":"Feature","geometry":{"type":"Point","coordinates":[-81.95106,26.54297]},"properties":{"probability":0.439,"inBuffer":false,"facType":"fire"}},{"type":"Feature","geometry":{"type":"Point","coordinates":[-81.94656,26.54297]},"properties":{"probability":0.278,"inBuffer":false,"facType":"government"}},{"type":"Feature","geometry":{"type":"Point","coordinates":[-81.93309,26.54297]},"properties":{"probability":0.233,"inBuffer":false,"facType":"government"}},{"type":"Feature","geometry":{"type":"Point","coordinates":[-81.9286,26.54297]},"properties":{"probability":0.252,"inBuffer":false,"facType":"fire"}},{"type":"Feature","geometry":{"type":"Point","coordinates":[-81.92411,26.54297]},"properties":{"probability":0.365,"inBuffer":false,"facType":"fire"}},{"type":"Feature","geometry":{"type":"Point","coordinates":[-81.91962,26.54297]},"properties":{"probability":0.438,"inBuffer":false,"facType":"fire"}},{"type":"Feature","geometry":{"type":"Point","coordinates":[-81.91512,26.54297]},"properties":{"probability":0.521,"inBuffer":false,"facType":"fire"}},{"type":"Feature","geometry":{"type":"Point","coordinates":[-81.91064,26.54297]},"properties":{"probability":0.549,"inBuffer":false,"facType":"fire"}},{"type":"Feature","geometry":{"type":"Point","coordinates":[-81.90614,26.54297]},"properties":{"probability":0.527,"inBuffer":false,"facType":"fire"}},{"type":"Feature","geometry":{"type":"Point","coordinates":[-81.90165,26.54297]},"properties":{"probability":0.524,"inBuffer":false,"facType":"fire"}},{"type":"Feature","geometry":{"type":"Point","coordinates":[-81.89716,26.54297]},"properties":{"probability":0.51,"inBuffer":false,"facType":"fire"}},{"type":"Feature","geometry":{"type":"Point","coordinates":[-81.89267,26.54297]},"properties":{"probability":0.492,"inBuffer":false,"facType":"fire"}},{"type":"Feature","geometry":{"type":"Point","coordinates":[-81.88818,26.54297]},"properties":{"probability":0.545,"inBuffer":false,"facType":"substation"}},{"type":"Feature","geometry":{"type":"Point","coordinates":[-81.88368,26.54297]},"properties":{"probability":0.568,"inBuffer":false,"facType":"police"}},{"type":"Feature","geometry":{"type":"Point","coordinates":[-81.8792,26.54297]},"properties":{"probability":0.537,"inBuffer":false,"facType":"police"}},{"type":"Feature","geometry":{"type":"Point","coordinates":[-81.8747,26.54297]},"properties":{"probability":0.709,"inBuffer":false,"facType":"police"}},{"type":"Feature","geometry":{"type":"Point","coordinates":[-81.87021,26.54297]},"properties":{"probability":0.715,"inBuffer":false,"facType":"police"}},{"type":"Feature","geometry":{"type":"Point","coordinates":[-81.86572,26.54297]},"properties":{"probability":0.534,"inBuffer":false,"facType":"police"}},{"type":"Feature","geometry":{"type":"Point","coordinates":[-81.86123,26.54297]},"properties":{"probability":0.481,"inBuffer":false,"facType":"hospital"}},{"type":"Feature","geometry":{"type":"Point","coordinates":[-81.85674,26.54297]},"properties":{"probability":0.556,"inBuffer":true,"facType":"hospital"}},{"type":"Feature","geometry":{"type":"Point","coordinates":[-81.85224,26.54297]},"properties":{"probability":0.71,"inBuffer":true,"facType":"hospital"}},{"type":"Feature","geometry":{"type":"Point","coordinates":[-81.84775,26.54297]},"properties":{"probability":0.718,"inBuffer":true,"facType":"hospital"}},{"type":"Feature","geometry":{"type":"Point","coordinates":[-81.84326,26.54297]},"properties":{"probability":0.67,"inBuffer":true,"facType":"hospital"}},{"type":"Feature","geometry":{"type":"Point","coordinates":[-81.83877,26.54297]},"properties":{"probability":0.552,"inBuffer":false,"facType":"hospital"}},{"type":"Feature","geometry":{"type":"Point","coordinates":[-81.83427,26.54297]},"properties":{"probability":0.361,"inBuffer":false,"facType":"hospital"}},{"type":"Feature","geometry":{"type":"Point","coordinates":[-81.82979,26.54297]},"properties":{"probability":0.425,"inBuffer":false,"facType":"fire"}},{"type":"Feature","geometry":{"type":"Point","coordinates":[-81.82529,26.54297]},"properties":{"probability":0.376,"inBuffer":false,"facType":"fire"}},{"type":"Feature","geometry":{"type":"Point","coordinates":[-81.8208,26.54297]},"properties":{"probability":0.263,"inBuffer":true,"facType":"fire"}},{"type":"Feature","geometry":{"type":"Point","coordinates":[-81.81631,26.54297]},"properties":{"probability":0.354,"inBuffer":true,"facType":"fire"}},{"type":"Feature","geometry":{"type":"Point","coordinates":[-81.81182,26.54297]},"properties":{"probability":0.521,"inBuffer":true,"facType":"fire"}},{"type":"Feature","geometry":{"type":"Point","coordinates":[-81.80733,26.54297]},"properties":{"probability":0.563,"inBuffer":false,"facType":"fire"}},{"type":"Feature","geometry":{"type":"Point","coordinates":[-81.80283,26.54297]},"properties":{"probability":0.53,"inBuffer":false,"facType":"fire"}},{"type":"Feature","geometry":{"type":"Point","coordinates":[-81.79835,26.54297]},"properties":{"probability":0.533,"inBuffer":false,"facType":"government"}},{"type":"Feature","geometry":{"type":"Point","coordinates":[-81.79385,26.54297]},"properties":{"probability":0.681,"inBuffer":false,"facType":"government"}},{"type":"Feature","geometry":{"type":"Point","coordinates":[-81.78936,26.54297]},"properties":{"probability":0.666,"inBuffer":false,"facType":"government"}},{"type":"Feature","geometry":{"type":"Point","coordinates":[-81.78487,26.54297]},"properties":{"probability":0.506,"inBuffer":false,"facType":"government"}},{"type":"Feature","geometry":{"type":"Point","coordinates":[-81.78038,26.54297]},"properties":{"probability":0.367,"inBuffer":false,"facType":"government"}},{"type":"Feature","geometry":{"type":"Point","coordinates":[-81.77589,26.54297]},"properties":{"probability":0.398,"inBuffer":false,"facType":"government"}},{"type":"Feature","geometry":{"type":"Point","coordinates":[-81.77139,26.54297]},"properties":{"probability":0.288,"inBuffer":false,"facType":"airport"}},{"type":"Feature","geometry":{"type":"Point","coordinates":[-81.76691,26.54297]},"properties":{"probability":0.314,"inBuffer":false,"facType":"airport"}},{"type":"Feature","geometry":{"type":"Point","coordinates":[-81.76241,26.54297]},"properties":{"probability":0.49,"inBuffer":true,"facType":"airport"}},{"type":"Feature","geometry":{"type":"Point","coordinates":[-81.75792,26.54297]},"properties":{"probability":0.51,"inBuffer":true,"facType":"airport"}},{"type":"Feature","geometry":{"type":"Point","coordinates":[-81.75343,26.54297]},"properties":{"probability":0.455,"inBuffer":true,"facType":"airport"}},{"type":"Feature","geometry":{"type":"Point","coordinates":[-81.74894,26.54297]},"properties":{"probability":0.312,"inBuffer":false,"facType":"fire"}},{"type":"Feature","geometry":{"type":"Point","coordinates":[-81.74445,26.54297]},"properties":{"probability":0.205,"inBuffer":false,"facType":"fire"}},{"type":"Feature","geometry":{"type":"Point","coordinates":[-82.01394,26.53848]},"properties":{"probability":0.283,"inBuffer":false,"facType":"hospital"}},{"type":"Feature","geometry":{"type":"Point","coordinates":[-82.00945,26.53848]},"properties":{"probability":0.29,"inBuffer":false,"facType":"hospital"}},{"type":"Feature","geometry":{"type":"Point","coordinates":[-82.00496,26.53848]},"properties":{"probability":0.4,"inBuffer":false,"facType":"hospital"}},{"type":"Feature","geometry":{"type":"Point","coordinates":[-82.00047,26.53848]},"properties":{"probability":0.495,"inBuffer":false,"facType":"hospital"}},{"type":"Feature","geometry":{"type":"Point","coordinates":[-81.99597,26.53848]},"properties":{"probability":0.495,"inBuffer":false,"facType":"hospital"}},{"type":"Feature","geometry":{"type":"Point","coordinates":[-81.95106,26.53848]},"properties":{"probability":0.28,"inBuffer":false,"facType":"fire"}},{"type":"Feature","geometry":{"type":"Point","coordinates":[-81.94656,26.53848]},"properties":{"probability":0.279,"inBuffer":false,"facType":"government"}},{"type":"Feature","geometry":{"type":"Point","coordinates":[-81.93758,26.53848]},"properties":{"probability":0.214,"inBuffer":false,"facType":"fire"}},{"type":"Feature","geometry":{"type":"Point","coordinates":[-81.93309,26.53848]},"properties":{"probability":0.214,"inBuffer":false,"facType":"fire"}},{"type":"Feature","geometry":{"type":"Point","coordinates":[-81.9286,26.53848]},"properties":{"probability":0.262,"inBuffer":false,"facType":"fire"}},{"type":"Feature","geometry":{"type":"Point","coordinates":[-81.92411,26.53848]},"properties":{"probability":0.417,"inBuffer":false,"facType":"fire"}},{"type":"Feature","geometry":{"type":"Point","coordinates":[-81.91962,26.53848]},"properties":{"probability":0.394,"inBuffer":false,"facType":"fire"}},{"type":"Feature","geometry":{"type":"Point","coordinates":[-81.91512,26.53848]},"properties":{"probability":0.404,"inBuffer":false,"facType":"fire"}},{"type":"Feature","geometry":{"type":"Point","coordinates":[-81.91064,26.53848]},"properties":{"probability":0.462,"inBuffer":false,"facType":"fire"}},{"type":"Feature","geometry":{"type":"Point","coordinates":[-81.90614,26.53848]},"properties":{"probability":0.532,"inBuffer":false,"facType":"fire"}},{"type":"Feature","geometry":{"type":"Point","coordinates":[-81.90165,26.53848]},"properties":{"probability":0.469,"inBuffer":false,"facType":"fire"}},{"type":"Feature","geometry":{"type":"Point","coordinates":[-81.89716,26.53848]},"properties":{"probability":0.367,"inBuffer":false,"facType":"fire"}},{"type":"Feature","geometry":{"type":"Point","coordinates":[-81.89267,26.53848]},"properties":{"probability":0.264,"inBuffer":false,"facType":"fire"}},{"type":"Feature","geometry":{"type":"Point","coordinates":[-81.88818,26.53848]},"properties":{"probability":0.366,"inBuffer":false,"facType":"police"}},{"type":"Feature","geometry":{"type":"Point","coordinates":[-81.88368,26.53848]},"properties":{"probability":0.379,"inBuffer":false,"facType":"police"}},{"type":"Feature","geometry":{"type":"Point","coordinates":[-81.8792,26.53848]},"properties":{"probability":0.357,"inBuffer":false,"facType":"police"}},{"type":"Feature","geometry":{"type":"Point","coordinates":[-81.8747,26.53848]},"properties":{"probability":0.666,"inBuffer":false,"facType":"fire"}},{"type":"Feature","geometry":{"type":"Point","coordinates":[-81.87021,26.53848]},"properties":{"probability":0.641,"inBuffer":false,"facType":"fire"}},{"type":"Feature","geometry":{"type":"Point","coordinates":[-81.86572,26.53848]},"properties":{"probability":0.444,"inBuffer":false,"facType":"fire"}},{"type":"Feature","geometry":{"type":"Point","coordinates":[-81.86123,26.53848]},"properties":{"probability":0.412,"inBuffer":false,"facType":"fire"}},{"type":"Feature","geometry":{"type":"Point","coordinates":[-81.85674,26.53848]},"properties":{"probability":0.465,"inBuffer":false,"facType":"hospital"}},{"type":"Feature","geometry":{"type":"Point","coordinates":[-81.85224,26.53848]},"properties":{"probability":0.595,"inBuffer":true,"facType":"hospital"}},{"type":"Feature","geometry":{"type":"Point","coordinates":[-81.84775,26.53848]},"properties":{"probability":0.699,"inBuffer":true,"facType":"hospital"}},{"type":"Feature","geometry":{"type":"Point","coordinates":[-81.84326,26.53848]},"properties":{"probability":0.581,"inBuffer":true,"facType":"hospital"}},{"type":"Feature","geometry":{"type":"Point","coordinates":[-81.83877,26.53848]},"properties":{"probability":0.43,"inBuffer":false,"facType":"hospital"}},{"type":"Feature","geometry":{"type":"Point","coordinates":[-81.83427,26.53848]},"properties":{"probability":0.28,"inBuffer":false,"facType":"hospital"}},{"type":"Feature","geometry":{"type":"Point","coordinates":[-81.82979,26.53848]},"properties":{"probability":0.356,"inBuffer":false,"facType":"fire"}},{"type":"Feature","geometry":{"type":"Point","coordinates":[-81.82529,26.53848]},"properties":{"probability":0.315,"inBuffer":false,"facType":"fire"}},{"type":"Feature","geometry":{"type":"Point","coordinates":[-81.8208,26.53848]},"properties":{"probability":0.263,"inBuffer":false,"facType":"fire"}},{"type":"Feature","geometry":{"type":"Point","coordinates":[-81.81631,26.53848]},"properties":{"probability":0.243,"inBuffer":false,"facType":"fire"}},{"type":"Feature","geometry":{"type":"Point","coordinates":[-81.81182,26.53848]},"properties":{"probability":0.249,"inBuffer":false,"facType":"fire"}},{"type":"Feature","geometry":{"type":"Point","coordinates":[-81.80733,26.53848]},"properties":{"probability":0.269,"inBuffer":false,"facType":"fire"}},{"type":"Feature","geometry":{"type":"Point","coordinates":[-81.80283,26.53848]},"properties":{"probability":0.265,"inBuffer":false,"facType":"fire"}},{"type":"Feature","geometry":{"type":"Point","coordinates":[-81.79835,26.53848]},"properties":{"probability":0.473,"inBuffer":false,"facType":"government"}},{"type":"Feature","geometry":{"type":"Point","coordinates":[-81.79385,26.53848]},"properties":{"probability":0.545,"inBuffer":false,"facType":"government"}},{"type":"Feature","geometry":{"type":"Point","coordinates":[-81.78936,26.53848]},"properties":{"probability":0.536,"inBuffer":false,"facType":"government"}},{"type":"Feature","geometry":{"type":"Point","coordinates":[-81.78487,26.53848]},"properties":{"probability":0.429,"inBuffer":false,"facType":"government"}},{"type":"Feature","geometry":{"type":"Point","coordinates":[-81.78038,26.53848]},"properties":{"probability":0.249,"inBuffer":false,"facType":"government"}},{"type":"Feature","geometry":{"type":"Point","coordinates":[-81.77589,26.53848]},"properties":{"probability":0.257,"inBuffer":false,"facType":"airport"}},{"type":"Feature","geometry":{"type":"Point","coordinates":[-81.77139,26.53848]},"properties":{"probability":0.23,"inBuffer":false,"facType":"airport"}},{"type":"Feature","geometry":{"type":"Point","coordinates":[-81.76691,26.53848]},"properties":{"probability":0.416,"inBuffer":true,"facType":"airport"}},{"type":"Feature","geometry":{"type":"Point","coordinates":[-81.76241,26.53848]},"properties":{"probability":0.548,"inBuffer":true,"facType":"airport"}},{"type":"Feature","geometry":{"type":"Point","coordinates":[-81.75792,26.53848]},"properties":{"probability":0.46,"inBuffer":true,"facType":"airport"}},{"type":"Feature","geometry":{"type":"Point","coordinates":[-81.75343,26.53848]},"properties":{"probability":0.349,"inBuffer":true,"facType":"airport"}},{"type":"Feature","geometry":{"type":"Point","coordinates":[-81.74894,26.53848]},"properties":{"probability":0.225,"inBuffer":true,"facType":"fire"}},{"type":"Feature","geometry":{"type":"Point","coordinates":[-82.00047,26.53399]},"properties":{"probability":0.252,"inBuffer":false,"facType":"hospital"}},{"type":"Feature","geometry":{"type":"Point","coordinates":[-81.99597,26.53399]},"properties":{"probability":0.236,"inBuffer":false,"facType":"hospital"}},{"type":"Feature","geometry":{"type":"Point","coordinates":[-81.94208,26.53399]},"properties":{"probability":0.306,"inBuffer":false,"facType":"fire"}},{"type":"Feature","geometry":{"type":"Point","coordinates":[-81.93758,26.53399]},"properties":{"probability":0.282,"inBuffer":false,"facType":"fire"}},{"type":"Feature","geometry":{"type":"Point","coordinates":[-81.93309,26.53399]},"properties":{"probability":0.248,"inBuffer":false,"facType":"fire"}},{"type":"Feature","geometry":{"type":"Point","coordinates":[-81.9286,26.53399]},"properties":{"probability":0.262,"inBuffer":false,"facType":"fire"}},{"type":"Feature","geometry":{"type":"Point","coordinates":[-81.92411,26.53399]},"properties":{"probability":0.379,"inBuffer":false,"facType":"fire"}},{"type":"Feature","geometry":{"type":"Point","coordinates":[-81.91962,26.53399]},"properties":{"probability":0.373,"inBuffer":false,"facType":"fire"}},{"type":"Feature","geometry":{"type":"Point","coordinates":[-81.91512,26.53399]},"properties":{"probability":0.341,"inBuffer":false,"facType":"fire"}},{"type":"Feature","geometry":{"type":"Point","coordinates":[-81.91064,26.53399]},"properties":{"probability":0.381,"inBuffer":false,"facType":"fire"}},{"type":"Feature","geometry":{"type":"Point","coordinates":[-81.90614,26.53399]},"properties":{"probability":0.41,"inBuffer":false,"facType":"fire"}},{"type":"Feature","geometry":{"type":"Point","coordinates":[-81.90165,26.53399]},"properties":{"probability":0.386,"inBuffer":false,"facType":"fire"}},{"type":"Feature","geometry":{"type":"Point","coordinates":[-81.89716,26.53399]},"properties":{"probability":0.371,"inBuffer":false,"facType":"fire"}},{"type":"Feature","geometry":{"type":"Point","coordinates":[-81.89267,26.53399]},"properties":{"probability":0.27,"inBuffer":false,"facType":"fire"}},{"type":"Feature","geometry":{"type":"Point","coordinates":[-81.88818,26.53399]},"properties":{"probability":0.258,"inBuffer":false,"facType":"fire"}},{"type":"Feature","geometry":{"type":"Point","coordinates":[-81.88368,26.53399]},"properties":{"probability":0.245,"inBuffer":false,"facType":"fire"}},{"type":"Feature","geometry":{"type":"Point","coordinates":[-81.8792,26.53399]},"properties":{"probability":0.246,"inBuffer":false,"facType":"fire"}},{"type":"Feature","geometry":{"type":"Point","coordinates":[-81.8747,26.53399]},"properties":{"probability":0.684,"inBuffer":false,"facType":"fire"}},{"type":"Feature","geometry":{"type":"Point","coordinates":[-81.87021,26.53399]},"properties":{"probability":0.672,"inBuffer":false,"facType":"fire"}},{"type":"Feature","geometry":{"type":"Point","coordinates":[-81.86572,26.53399]},"properties":{"probability":0.539,"inBuffer":true,"facType":"fire"}},{"type":"Feature","geometry":{"type":"Point","coordinates":[-81.86123,26.53399]},"properties":{"probability":0.505,"inBuffer":true,"facType":"fire"}},{"type":"Feature","geometry":{"type":"Point","coordinates":[-81.85674,26.53399]},"properties":{"probability":0.515,"inBuffer":true,"facType":"fire"}},{"type":"Feature","geometry":{"type":"Point","coordinates":[-81.85224,26.53399]},"properties":{"probability":0.529,"inBuffer":false,"facType":"hospital"}},{"type":"Feature","geometry":{"type":"Point","coordinates":[-81.84775,26.53399]},"properties":{"probability":0.617,"inBuffer":true,"facType":"hospital"}},{"type":"Feature","geometry":{"type":"Point","coordinates":[-81.84326,26.53399]},"properties":{"probability":0.666,"inBuffer":false,"facType":"hospital"}},{"type":"Feature","geometry":{"type":"Point","coordinates":[-81.83877,26.53399]},"properties":{"probability":0.402,"inBuffer":false,"facType":"hospital"}},{"type":"Feature","geometry":{"type":"Point","coordinates":[-81.83427,26.53399]},"properties":{"probability":0.27,"inBuffer":false,"facType":"hospital"}},{"type":"Feature","geometry":{"type":"Point","coordinates":[-81.82979,26.53399]},"properties":{"probability":0.294,"inBuffer":false,"facType":"fire"}},{"type":"Feature","geometry":{"type":"Point","coordinates":[-81.82529,26.53399]},"properties":{"probability":0.241,"inBuffer":false,"facType":"fire"}},{"type":"Feature","geometry":{"type":"Point","coordinates":[-81.8208,26.53399]},"properties":{"probability":0.233,"inBuffer":false,"facType":"fire"}},{"type":"Feature","geometry":{"type":"Point","coordinates":[-81.81631,26.53399]},"properties":{"probability":0.24,"inBuffer":false,"facType":"fire"}},{"type":"Feature","geometry":{"type":"Point","coordinates":[-81.81182,26.53399]},"properties":{"probability":0.236,"inBuffer":false,"facType":"fire"}},{"type":"Feature","geometry":{"type":"Point","coordinates":[-81.80733,26.53399]},"properties":{"probability":0.242,"inBuffer":false,"facType":"fire"}},{"type":"Feature","geometry":{"type":"Point","coordinates":[-81.80283,26.53399]},"properties":{"probability":0.234,"inBuffer":false,"facType":"fire"}},{"type":"Feature","geometry":{"type":"Point","coordinates":[-81.79835,26.53399]},"properties":{"probability":0.4,"inBuffer":false,"facType":"government"}},{"type":"Feature","geometry":{"type":"Point","coordinates":[-81.79385,26.53399]},"properties":{"probability":0.509,"inBuffer":false,"facType":"government"}},{"type":"Feature","geometry":{"type":"Point","coordinates":[-81.78936,26.53399]},"properties":{"probability":0.541,"inBuffer":false,"facType":"government"}},{"type":"Feature","geometry":{"type":"Point","coordinates":[-81.78487,26.53399]},"properties":{"probability":0.453,"inBuffer":false,"facType":"government"}},{"type":"Feature","geometry":{"type":"Point","coordinates":[-81.78038,26.53399]},"properties":{"probability":0.22,"inBuffer":false,"facType":"airport"}},{"type":"Feature","geometry":{"type":"Point","coordinates":[-81.77589,26.53399]},"properties":{"probability":0.268,"inBuffer":false,"facType":"airport"}},{"type":"Feature","geometry":{"type":"Point","coordinates":[-81.77139,26.53399]},"properties":{"probability":0.364,"inBuffer":false,"facType":"airport"}},{"type":"Feature","geometry":{"type":"Point","coordinates":[-81.76691,26.53399]},"properties":{"probability":0.616,"inBuffer":true,"facType":"airport"}},{"type":"Feature","geometry":{"type":"Point","coordinates":[-81.76241,26.53399]},"properties":{"probability":0.547,"inBuffer":true,"facType":"airport"}},{"type":"Feature","geometry":{"type":"Point","coordinates":[-81.75792,26.53399]},"properties":{"probability":0.418,"inBuffer":true,"facType":"airport"}},{"type":"Feature","geometry":{"type":"Point","coordinates":[-81.75343,26.53399]},"properties":{"probability":0.327,"inBuffer":true,"facType":"airport"}},{"type":"Feature","geometry":{"type":"Point","coordinates":[-81.74894,26.53399]},"properties":{"probability":0.335,"inBuffer":true,"facType":"fire"}},{"type":"Feature","geometry":{"type":"Point","coordinates":[-81.95555,26.5295]},"properties":{"probability":0.243,"inBuffer":false,"facType":"fire"}},{"type":"Feature","geometry":{"type":"Point","coordinates":[-81.95106,26.5295]},"properties":{"probability":0.244,"inBuffer":false,"facType":"fire"}},{"type":"Feature","geometry":{"type":"Point","coordinates":[-81.94656,26.5295]},"properties":{"probability":0.225,"inBuffer":false,"facType":"fire"}},{"type":"Feature","geometry":{"type":"Point","coordinates":[-81.94208,26.5295]},"properties":{"probability":0.239,"inBuffer":false,"facType":"fire"}},{"type":"Feature","geometry":{"type":"Point","coordinates":[-81.93758,26.5295]},"properties":{"probability":0.396,"inBuffer":false,"facType":"fire"}},{"type":"Feature","geometry":{"type":"Point","coordinates":[-81.93309,26.5295]},"properties":{"probability":0.253,"inBuffer":false,"facType":"fire"}},{"type":"Feature","geometry":{"type":"Point","coordinates":[-81.9286,26.5295]},"properties":{"probability":0.25,"inBuffer":false,"facType":"fire"}},{"type":"Feature","geometry":{"type":"Point","coordinates":[-81.92411,26.5295]},"properties":{"probability":0.269,"inBuffer":false,"facType":"fire"}},{"type":"Feature","geometry":{"type":"Point","coordinates":[-81.91962,26.5295]},"properties":{"probability":0.345,"inBuffer":false,"facType":"hospital"}},{"type":"Feature","geometry":{"type":"Point","coordinates":[-81.91512,26.5295]},"properties":{"probability":0.293,"inBuffer":false,"facType":"hospital"}},{"type":"Feature","geometry":{"type":"Point","coordinates":[-81.91064,26.5295]},"properties":{"probability":0.306,"inBuffer":false,"facType":"hospital"}},{"type":"Feature","geometry":{"type":"Point","coordinates":[-81.90614,26.5295]},"properties":{"probability":0.315,"inBuffer":false,"facType":"hospital"}},{"type":"Feature","geometry":{"type":"Point","coordinates":[-81.90165,26.5295]},"properties":{"probability":0.387,"inBuffer":false,"facType":"substation"}},{"type":"Feature","geometry":{"type":"Point","coordinates":[-81.89716,26.5295]},"properties":{"probability":0.389,"inBuffer":false,"facType":"fire"}},{"type":"Feature","geometry":{"type":"Point","coordinates":[-81.89267,26.5295]},"properties":{"probability":0.421,"inBuffer":false,"facType":"fire"}},{"type":"Feature","geometry":{"type":"Point","coordinates":[-81.88818,26.5295]},"properties":{"probability":0.374,"inBuffer":false,"facType":"fire"}},{"type":"Feature","geometry":{"type":"Point","coordinates":[-81.88368,26.5295]},"properties":{"probability":0.294,"inBuffer":false,"facType":"police"}},{"type":"Feature","geometry":{"type":"Point","coordinates":[-81.8792,26.5295]},"properties":{"probability":0.22,"inBuffer":false,"facType":"police"}},{"type":"Feature","geometry":{"type":"Point","coordinates":[-81.8747,26.5295]},"properties":{"probability":0.722,"inBuffer":false,"facType":"police"}},{"type":"Feature","geometry":{"type":"Point","coordinates":[-81.87021,26.5295]},"properties":{"probability":0.715,"inBuffer":false,"facType":"police"}},{"type":"Feature","geometry":{"type":"Point","coordinates":[-81.86572,26.5295]},"properties":{"probability":0.591,"inBuffer":true,"facType":"police"}},{"type":"Feature","geometry":{"type":"Point","coordinates":[-81.86123,26.5295]},"properties":{"probability":0.542,"inBuffer":true,"facType":"police"}},{"type":"Feature","geometry":{"type":"Point","coordinates":[-81.85674,26.5295]},"properties":{"probability":0.51,"inBuffer":true,"facType":"fire"}},{"type":"Feature","geometry":{"type":"Point","coordinates":[-81.85224,26.5295]},"properties":{"probability":0.538,"inBuffer":false,"facType":"fire"}},{"type":"Feature","geometry":{"type":"Point","coordinates":[-81.84775,26.5295]},"properties":{"probability":0.506,"inBuffer":false,"facType":"hospital"}},{"type":"Feature","geometry":{"type":"Point","coordinates":[-81.84326,26.5295]},"properties":{"probability":0.376,"inBuffer":false,"facType":"hospital"}},{"type":"Feature","geometry":{"type":"Point","coordinates":[-81.83877,26.5295]},"properties":{"probability":0.262,"inBuffer":false,"facType":"hospital"}},{"type":"Feature","geometry":{"type":"Point","coordinates":[-81.83427,26.5295]},"properties":{"probability":0.279,"inBuffer":false,"facType":"hospital"}},{"type":"Feature","geometry":{"type":"Point","coordinates":[-81.82979,26.5295]},"properties":{"probability":0.314,"inBuffer":false,"facType":"hospital"}},{"type":"Feature","geometry":{"type":"Point","coordinates":[-81.82529,26.5295]},"properties":{"probability":0.258,"inBuffer":false,"facType":"fire"}},{"type":"Feature","geometry":{"type":"Point","coordinates":[-81.8208,26.5295]},"properties":{"probability":0.243,"inBuffer":false,"facType":"fire"}},{"type":"Feature","geometry":{"type":"Point","coordinates":[-81.81631,26.5295]},"properties":{"probability":0.24,"inBuffer":false,"facType":"fire"}},{"type":"Feature","geometry":{"type":"Point","coordinates":[-81.81182,26.5295]},"properties":{"probability":0.241,"inBuffer":false,"facType":"fire"}},{"type":"Feature","geometry":{"type":"Point","coordinates":[-81.80733,26.5295]},"properties":{"probability":0.254,"inBuffer":false,"facType":"fire"}},{"type":"Feature","geometry":{"type":"Point","coordinates":[-81.80283,26.5295]},"properties":{"probability":0.239,"inBuffer":false,"facType":"fire"}},{"type":"Feature","geometry":{"type":"Point","coordinates":[-81.79835,26.5295]},"properties":{"probability":0.399,"inBuffer":false,"facType":"fire"}},{"type":"Feature","geometry":{"type":"Point","coordinates":[-81.79385,26.5295]},"properties":{"probability":0.523,"inBuffer":false,"facType":"government"}},{"type":"Feature","geometry":{"type":"Point","coordinates":[-81.78936,26.5295]},"properties":{"probability":0.599,"inBuffer":false,"facType":"government"}},{"type":"Feature","geometry":{"type":"Point","coordinates":[-81.78487,26.5295]},"properties":{"probability":0.448,"inBuffer":false,"facType":"government"}},{"type":"Feature","geometry":{"type":"Point","coordinates":[-81.78038,26.5295]},"properties":{"probability":0.234,"inBuffer":false,"facType":"police"}},{"type":"Feature","geometry":{"type":"Point","coordinates":[-81.77589,26.5295]},"properties":{"probability":0.222,"inBuffer":false,"facType":"police"}},{"type":"Feature","geometry":{"type":"Point","coordinates":[-81.77139,26.5295]},"properties":{"probability":0.444,"inBuffer":false,"facType":"police"}},{"type":"Feature","geometry":{"type":"Point","coordinates":[-81.76691,26.5295]},"properties":{"probability":0.538,"inBuffer":true,"facType":"police"}},{"type":"Feature","geometry":{"type":"Point","coordinates":[-81.76241,26.5295]},"properties":{"probability":0.719,"inBuffer":true,"facType":"police"}},{"type":"Feature","geometry":{"type":"Point","coordinates":[-81.75792,26.5295]},"properties":{"probability":0.693,"inBuffer":true,"facType":"police"}},{"type":"Feature","geometry":{"type":"Point","coordinates":[-81.75343,26.5295]},"properties":{"probability":0.654,"inBuffer":true,"facType":"police"}},{"type":"Feature","geometry":{"type":"Point","coordinates":[-81.74894,26.5295]},"properties":{"probability":0.499,"inBuffer":true,"facType":"fire"}},{"type":"Feature","geometry":{"type":"Point","coordinates":[-81.74445,26.5295]},"properties":{"probability":0.243,"inBuffer":true,"facType":"fire"}},{"type":"Feature","geometry":{"type":"Point","coordinates":[-81.95555,26.52501]},"properties":{"probability":0.257,"inBuffer":false,"facType":"fire"}},{"type":"Feature","geometry":{"type":"Point","coordinates":[-81.95106,26.52501]},"properties":{"probability":0.312,"inBuffer":false,"facType":"fire"}},{"type":"Feature","geometry":{"type":"Point","coordinates":[-81.94656,26.52501]},"properties":{"probability":0.315,"inBuffer":false,"facType":"fire"}},{"type":"Feature","geometry":{"type":"Point","coordinates":[-81.94208,26.52501]},"properties":{"probability":0.364,"inBuffer":false,"facType":"fire"}},{"type":"Feature","geometry":{"type":"Point","coordinates":[-81.93758,26.52501]},"properties":{"probability":0.391,"inBuffer":false,"facType":"fire"}},{"type":"Feature","geometry":{"type":"Point","coordinates":[-81.93309,26.52501]},"properties":{"probability":0.264,"inBuffer":false,"facType":"fire"}},{"type":"Feature","geometry":{"type":"Point","coordinates":[-81.9286,26.52501]},"properties":{"probability":0.249,"inBuffer":false,"facType":"fire"}},{"type":"Feature","geometry":{"type":"Point","coordinates":[-81.92411,26.52501]},"properties":{"probability":0.248,"inBuffer":false,"facType":"fire"}},{"type":"Feature","geometry":{"type":"Point","coordinates":[-81.91962,26.52501]},"properties":{"probability":0.283,"inBuffer":false,"facType":"hospital"}},{"type":"Feature","geometry":{"type":"Point","coordinates":[-81.91512,26.52501]},"properties":{"probability":0.304,"inBuffer":false,"facType":"hospital"}},{"type":"Feature","geometry":{"type":"Point","coordinates":[-81.91064,26.52501]},"properties":{"probability":0.329,"inBuffer":false,"facType":"hospital"}},{"type":"Feature","geometry":{"type":"Point","coordinates":[-81.90614,26.52501]},"properties":{"probability":0.335,"inBuffer":false,"facType":"hospital"}},{"type":"Feature","geometry":{"type":"Point","coordinates":[-81.90165,26.52501]},"properties":{"probability":0.404,"inBuffer":false,"facType":"substation"}},{"type":"Feature","geometry":{"type":"Point","coordinates":[-81.89716,26.52501]},"properties":{"probability":0.407,"inBuffer":false,"facType":"fire"}},{"type":"Feature","geometry":{"type":"Point","coordinates":[-81.89267,26.52501]},"properties":{"probability":0.435,"inBuffer":false,"facType":"fire"}},{"type":"Feature","geometry":{"type":"Point","coordinates":[-81.88818,26.52501]},"properties":{"probability":0.393,"inBuffer":false,"facType":"fire"}},{"type":"Feature","geometry":{"type":"Point","coordinates":[-81.88368,26.52501]},"properties":{"probability":0.396,"inBuffer":false,"facType":"police"}},{"type":"Feature","geometry":{"type":"Point","coordinates":[-81.8792,26.52501]},"properties":{"probability":0.417,"inBuffer":false,"facType":"police"}},{"type":"Feature","geometry":{"type":"Point","coordinates":[-81.8747,26.52501]},"properties":{"probability":0.717,"inBuffer":false,"facType":"police"}},{"type":"Feature","geometry":{"type":"Point","coordinates":[-81.87021,26.52501]},"properties":{"probability":0.694,"inBuffer":false,"facType":"police"}},{"type":"Feature","geometry":{"type":"Point","coordinates":[-81.86572,26.52501]},"properties":{"probability":0.563,"inBuffer":true,"facType":"police"}},{"type":"Feature","geometry":{"type":"Point","coordinates":[-81.86123,26.52501]},"properties":{"probability":0.559,"inBuffer":true,"facType":"police"}},{"type":"Feature","geometry":{"type":"Point","coordinates":[-81.85674,26.52501]},"properties":{"probability":0.551,"inBuffer":true,"facType":"police"}},{"type":"Feature","geometry":{"type":"Point","coordinates":[-81.85224,26.52501]},"properties":{"probability":0.486,"inBuffer":false,"facType":"police"}},{"type":"Feature","geometry":{"type":"Point","coordinates":[-81.84775,26.52501]},"properties":{"probability":0.305,"inBuffer":false,"facType":"police"}},{"type":"Feature","geometry":{"type":"Point","coordinates":[-81.84326,26.52501]},"properties":{"probability":0.242,"inBuffer":false,"facType":"hospital"}},{"type":"Feature","geometry":{"type":"Point","coordinates":[-81.83877,26.52501]},"properties":{"probability":0.237,"inBuffer":false,"facType":"hospital"}},{"type":"Feature","geometry":{"type":"Point","coordinates":[-81.83427,26.52501]},"properties":{"probability":0.261,"inBuffer":false,"facType":"hospital"}},{"type":"Feature","geometry":{"type":"Point","coordinates":[-81.82979,26.52501]},"properties":{"probability":0.276,"inBuffer":false,"facType":"hospital"}},{"type":"Feature","geometry":{"type":"Point","coordinates":[-81.82529,26.52501]},"properties":{"probability":0.257,"inBuffer":false,"facType":"fire"}},{"type":"Feature","geometry":{"type":"Point","coordinates":[-81.8208,26.52501]},"properties":{"probability":0.24,"inBuffer":false,"facType":"fire"}},{"type":"Feature","geometry":{"type":"Point","coordinates":[-81.81631,26.52501]},"properties":{"probability":0.268,"inBuffer":false,"facType":"fire"}},{"type":"Feature","geometry":{"type":"Point","coordinates":[-81.81182,26.52501]},"properties":{"probability":0.25,"inBuffer":false,"facType":"fire"}},{"type":"Feature","geometry":{"type":"Point","coordinates":[-81.80733,26.52501]},"properties":{"probability":0.268,"inBuffer":false,"facType":"fire"}},{"type":"Feature","geometry":{"type":"Point","coordinates":[-81.80283,26.52501]},"properties":{"probability":0.241,"inBuffer":false,"facType":"fire"}},{"type":"Feature","geometry":{"type":"Point","coordinates":[-81.79835,26.52501]},"properties":{"probability":0.373,"inBuffer":false,"facType":"fire"}},{"type":"Feature","geometry":{"type":"Point","coordinates":[-81.79385,26.52501]},"properties":{"probability":0.466,"inBuffer":false,"facType":"government"}},{"type":"Feature","geometry":{"type":"Point","coordinates":[-81.78936,26.52501]},"properties":{"probability":0.493,"inBuffer":false,"facType":"government"}},{"type":"Feature","geometry":{"type":"Point","coordinates":[-81.78487,26.52501]},"properties":{"probability":0.375,"inBuffer":false,"facType":"police"}},{"type":"Feature","geometry":{"type":"Point","coordinates":[-81.78038,26.52501]},"properties":{"probability":0.225,"inBuffer":false,"facType":"police"}},{"type":"Feature","geometry":{"type":"Point","coordinates":[-81.77589,26.52501]},"properties":{"probability":0.251,"inBuffer":false,"facType":"police"}},{"type":"Feature","geometry":{"type":"Point","coordinates":[-81.77139,26.52501]},"properties":{"probability":0.259,"inBuffer":false,"facType":"police"}},{"type":"Feature","geometry":{"type":"Point","coordinates":[-81.76691,26.52501]},"properties":{"probability":0.303,"inBuffer":false,"facType":"police"}},{"type":"Feature","geometry":{"type":"Point","coordinates":[-81.76241,26.52501]},"properties":{"probability":0.761,"inBuffer":true,"facType":"police"}},{"type":"Feature","geometry":{"type":"Point","coordinates":[-81.75792,26.52501]},"properties":{"probability":0.783,"inBuffer":true,"facType":"police"}},{"type":"Feature","geometry":{"type":"Point","coordinates":[-81.75343,26.52501]},"properties":{"probability":0.703,"inBuffer":true,"facType":"police"}},{"type":"Feature","geometry":{"type":"Point","coordinates":[-81.74894,26.52501]},"properties":{"probability":0.562,"inBuffer":true,"facType":"fire"}},{"type":"Feature","geometry":{"type":"Point","coordinates":[-81.74445,26.52501]},"properties":{"probability":0.255,"inBuffer":false,"facType":"fire"}},{"type":"Feature","geometry":{"type":"Point","coordinates":[-82.00047,26.52051]},"properties":{"probability":0.405,"inBuffer":true,"facType":"hospital"}},{"type":"Feature","geometry":{"type":"Point","coordinates":[-81.99597,26.52051]},"properties":{"probability":0.371,"inBuffer":true,"facType":"hospital"}},{"type":"Feature","geometry":{"type":"Point","coordinates":[-81.96902,26.52051]},"properties":{"probability":0.216,"inBuffer":false,"facType":"fire"}},{"type":"Feature","geometry":{"type":"Point","coordinates":[-81.96453,26.52051]},"properties":{"probability":0.25,"inBuffer":false,"facType":"fire"}},{"type":"Feature","geometry":{"type":"Point","coordinates":[-81.96004,26.52051]},"properties":{"probability":0.309,"inBuffer":false,"facType":"fire"}},{"type":"Feature","geometry":{"type":"Point","coordinates":[-81.95555,26.52051]},"properties":{"probability":0.391,"inBuffer":false,"facType":"fire"}},{"type":"Feature","geometry":{"type":"Point","coordinates":[-81.95106,26.52051]},"properties":{"probability":0.398,"inBuffer":false,"facType":"fire"}},{"type":"Feature","geometry":{"type":"Point","coordinates":[-81.94656,26.52051]},"properties":{"probability":0.497,"inBuffer":false,"facType":"fire"}},{"type":"Feature","geometry":{"type":"Point","coordinates":[-81.94208,26.52051]},"properties":{"probability":0.594,"inBuffer":false,"facType":"fire"}},{"type":"Feature","geometry":{"type":"Point","coordinates":[-81.93758,26.52051]},"properties":{"probability":0.591,"inBuffer":true,"facType":"fire"}},{"type":"Feature","geometry":{"type":"Point","coordinates":[-81.93309,26.52051]},"properties":{"probability":0.394,"inBuffer":false,"facType":"fire"}},{"type":"Feature","geometry":{"type":"Point","coordinates":[-81.9286,26.52051]},"properties":{"probability":0.422,"inBuffer":false,"facType":"fire"}},{"type":"Feature","geometry":{"type":"Point","coordinates":[-81.92411,26.52051]},"properties":{"probability":0.368,"inBuffer":false,"facType":"fire"}},{"type":"Feature","geometry":{"type":"Point","coordinates":[-81.91962,26.52051]},"properties":{"probability":0.406,"inBuffer":false,"facType":"hospital"}},{"type":"Feature","geometry":{"type":"Point","coordinates":[-81.91512,26.52051]},"properties":{"probability":0.498,"inBuffer":false,"facType":"hospital"}},{"type":"Feature","geometry":{"type":"Point","coordinates":[-81.91064,26.52051]},"properties":{"probability":0.493,"inBuffer":false,"facType":"hospital"}},{"type":"Feature","geometry":{"type":"Point","coordinates":[-81.90614,26.52051]},"properties":{"probability":0.504,"inBuffer":false,"facType":"hospital"}},{"type":"Feature","geometry":{"type":"Point","coordinates":[-81.90165,26.52051]},"properties":{"probability":0.543,"inBuffer":false,"facType":"substation"}},{"type":"Feature","geometry":{"type":"Point","coordinates":[-81.89716,26.52051]},"properties":{"probability":0.58,"inBuffer":false,"facType":"fire"}},{"type":"Feature","geometry":{"type":"Point","coordinates":[-81.89267,26.52051]},"properties":{"probability":0.546,"inBuffer":false,"facType":"fire"}},{"type":"Feature","geometry":{"type":"Point","coordinates":[-81.88818,26.52051]},"properties":{"probability":0.473,"inBuffer":false,"facType":"fire"}},{"type":"Feature","geometry":{"type":"Point","coordinates":[-81.88368,26.52051]},"properties":{"probability":0.41,"inBuffer":false,"facType":"fire"}},{"type":"Feature","geometry":{"type":"Point","coordinates":[-81.8792,26.52051]},"properties":{"probability":0.353,"inBuffer":false,"facType":"police"}},{"type":"Feature","geometry":{"type":"Point","coordinates":[-81.8747,26.52051]},"properties":{"probability":0.444,"inBuffer":false,"facType":"police"}},{"type":"Feature","geometry":{"type":"Point","coordinates":[-81.87021,26.52051]},"properties":{"probability":0.555,"inBuffer":false,"facType":"police"}},{"type":"Feature","geometry":{"type":"Point","coordinates":[-81.86572,26.52051]},"properties":{"probability":0.502,"inBuffer":false,"facType":"police"}},{"type":"Feature","geometry":{"type":"Point","coordinates":[-81.86123,26.52051]},"properties":{"probability":0.45,"inBuffer":false,"facType":"police"}},{"type":"Feature","geometry":{"type":"Point","coordinates":[-81.85674,26.52051]},"properties":{"probability":0.404,"inBuffer":false,"facType":"police"}},{"type":"Feature","geometry":{"type":"Point","coordinates":[-81.85224,26.52051]},"properties":{"probability":0.315,"inBuffer":false,"facType":"police"}},{"type":"Feature","geometry":{"type":"Point","coordinates":[-81.84775,26.52051]},"properties":{"probability":0.25,"inBuffer":false,"facType":"police"}},{"type":"Feature","geometry":{"type":"Point","coordinates":[-81.84326,26.52051]},"properties":{"probability":0.202,"inBuffer":false,"facType":"police"}},{"type":"Feature","geometry":{"type":"Point","coordinates":[-81.83877,26.52051]},"properties":{"probability":0.226,"inBuffer":false,"facType":"hospital"}},{"type":"Feature","geometry":{"type":"Point","coordinates":[-81.83427,26.52051]},"properties":{"probability":0.222,"inBuffer":false,"facType":"hospital"}},{"type":"Feature","geometry":{"type":"Point","coordinates":[-81.82979,26.52051]},"properties":{"probability":0.227,"inBuffer":false,"facType":"hospital"}},{"type":"Feature","geometry":{"type":"Point","coordinates":[-81.82529,26.52051]},"properties":{"probability":0.235,"inBuffer":false,"facType":"substation"}},{"type":"Feature","geometry":{"type":"Point","coordinates":[-81.8208,26.52051]},"properties":{"probability":0.216,"inBuffer":false,"facType":"fire"}},{"type":"Feature","geometry":{"type":"Point","coordinates":[-81.81631,26.52051]},"properties":{"probability":0.238,"inBuffer":false,"facType":"fire"}},{"type":"Feature","geometry":{"type":"Point","coordinates":[-81.81182,26.52051]},"properties":{"probability":0.211,"inBuffer":false,"facType":"fire"}},{"type":"Feature","geometry":{"type":"Point","coordinates":[-81.80733,26.52051]},"properties":{"probability":0.233,"inBuffer":false,"facType":"fire"}},{"type":"Feature","geometry":{"type":"Point","coordinates":[-81.79835,26.52051]},"properties":{"probability":0.218,"inBuffer":false,"facType":"fire"}},{"type":"Feature","geometry":{"type":"Point","coordinates":[-81.79385,26.52051]},"properties":{"probability":0.21,"inBuffer":false,"facType":"government"}},{"type":"Feature","geometry":{"type":"Point","coordinates":[-81.78936,26.52051]},"properties":{"probability":0.243,"inBuffer":false,"facType":"police"}},{"type":"Feature","geometry":{"type":"Point","coordinates":[-81.78487,26.52051]},"properties":{"probability":0.246,"inBuffer":false,"facType":"police"}},{"type":"Feature","geometry":{"type":"Point","coordinates":[-81.78038,26.52051]},"properties":{"probability":0.258,"inBuffer":false,"facType":"police"}},{"type":"Feature","geometry":{"type":"Point","coordinates":[-81.77589,26.52051]},"properties":{"probability":0.227,"inBuffer":false,"facType":"police"}},{"type":"Feature","geometry":{"type":"Point","coordinates":[-81.77139,26.52051]},"properties":{"probability":0.224,"inBuffer":false,"facType":"police"}},{"type":"Feature","geometry":{"type":"Point","coordinates":[-81.76691,26.52051]},"properties":{"probability":0.374,"inBuffer":false,"facType":"police"}},{"type":"Feature","geometry":{"type":"Point","coordinates":[-81.76241,26.52051]},"properties":{"probability":0.718,"inBuffer":false,"facType":"police"}},{"type":"Feature","geometry":{"type":"Point","coordinates":[-81.75792,26.52051]},"properties":{"probability":0.673,"inBuffer":false,"facType":"police"}},{"type":"Feature","geometry":{"type":"Point","coordinates":[-81.75343,26.52051]},"properties":{"probability":0.405,"inBuffer":false,"facType":"police"}},{"type":"Feature","geometry":{"type":"Point","coordinates":[-81.74894,26.52051]},"properties":{"probability":0.225,"inBuffer":false,"facType":"police"}},{"type":"Feature","geometry":{"type":"Point","coordinates":[-82.00047,26.51602]},"properties":{"probability":0.321,"inBuffer":true,"facType":"hospital"}},{"type":"Feature","geometry":{"type":"Point","coordinates":[-81.99597,26.51602]},"properties":{"probability":0.241,"inBuffer":true,"facType":"hospital"}},{"type":"Feature","geometry":{"type":"Point","coordinates":[-81.978,26.51602]},"properties":{"probability":0.214,"inBuffer":false,"facType":"hospital"}},{"type":"Feature","geometry":{"type":"Point","coordinates":[-81.97352,26.51602]},"properties":{"probability":0.222,"inBuffer":false,"facType":"fire"}},{"type":"Feature","geometry":{"type":"Point","coordinates":[-81.96902,26.51602]},"properties":{"probability":0.216,"inBuffer":false,"facType":"fire"}},{"type":"Feature","geometry":{"type":"Point","coordinates":[-81.96453,26.51602]},"properties":{"probability":0.247,"inBuffer":false,"facType":"fire"}},{"type":"Feature","geometry":{"type":"Point","coordinates":[-81.96004,26.51602]},"properties":{"probability":0.246,"inBuffer":false,"facType":"fire"}},{"type":"Feature","geometry":{"type":"Point","coordinates":[-81.95555,26.51602]},"properties":{"probability":0.331,"inBuffer":false,"facType":"fire"}},{"type":"Feature","geometry":{"type":"Point","coordinates":[-81.95106,26.51602]},"properties":{"probability":0.401,"inBuffer":false,"facType":"police"}},{"type":"Feature","geometry":{"type":"Point","coordinates":[-81.94656,26.51602]},"properties":{"probability":0.556,"inBuffer":false,"facType":"police"}},{"type":"Feature","geometry":{"type":"Point","coordinates":[-81.94208,26.51602]},"properties":{"probability":0.604,"inBuffer":true,"facType":"fire"}},{"type":"Feature","geometry":{"type":"Point","coordinates":[-81.93758,26.51602]},"properties":{"probability":0.548,"inBuffer":true,"facType":"fire"}},{"type":"Feature","geometry":{"type":"Point","coordinates":[-81.93309,26.51602]},"properties":{"probability":0.381,"inBuffer":true,"facType":"fire"}},{"type":"Feature","geometry":{"type":"Point","coordinates":[-81.9286,26.51602]},"properties":{"probability":0.327,"inBuffer":false,"facType":"fire"}},{"type":"Feature","geometry":{"type":"Point","coordinates":[-81.92411,26.51602]},"properties":{"probability":0.289,"inBuffer":false,"facType":"government"}},{"type":"Feature","geometry":{"type":"Point","coordinates":[-81.91962,26.51602]},"properties":{"probability":0.361,"inBuffer":false,"facType":"hospital"}},{"type":"Feature","geometry":{"type":"Point","coordinates":[-81.91512,26.51602]},"properties":{"probability":0.475,"inBuffer":false,"facType":"hospital"}},{"type":"Feature","geometry":{"type":"Point","coordinates":[-81.91064,26.51602]},"properties":{"probability":0.494,"inBuffer":true,"facType":"hospital"}},{"type":"Feature","geometry":{"type":"Point","coordinates":[-81.90614,26.51602]},"properties":{"probability":0.494,"inBuffer":true,"facType":"hospital"}},{"type":"Feature","geometry":{"type":"Point","coordinates":[-81.90165,26.51602]},"properties":{"probability":0.555,"inBuffer":true,"facType":"substation"}},{"type":"Feature","geometry":{"type":"Point","coordinates":[-81.89716,26.51602]},"properties":{"probability":0.552,"inBuffer":true,"facType":"fire"}},{"type":"Feature","geometry":{"type":"Point","coordinates":[-81.89267,26.51602]},"properties":{"probability":0.384,"inBuffer":false,"facType":"fire"}},{"type":"Feature","geometry":{"type":"Point","coordinates":[-81.88818,26.51602]},"properties":{"probability":0.334,"inBuffer":false,"facType":"fire"}},{"type":"Feature","geometry":{"type":"Point","coordinates":[-81.88368,26.51602]},"properties":{"probability":0.239,"inBuffer":false,"facType":"fire"}},{"type":"Feature","geometry":{"type":"Point","coordinates":[-81.8792,26.51602]},"properties":{"probability":0.247,"inBuffer":false,"facType":"fire"}},{"type":"Feature","geometry":{"type":"Point","coordinates":[-81.8747,26.51602]},"properties":{"probability":0.278,"inBuffer":false,"facType":"police"}},{"type":"Feature","geometry":{"type":"Point","coordinates":[-81.87021,26.51602]},"properties":{"probability":0.515,"inBuffer":false,"facType":"police"}},{"type":"Feature","geometry":{"type":"Point","coordinates":[-81.86572,26.51602]},"properties":{"probability":0.632,"inBuffer":false,"facType":"police"}},{"type":"Feature","geometry":{"type":"Point","coordinates":[-81.86123,26.51602]},"properties":{"probability":0.567,"inBuffer":false,"facType":"police"}},{"type":"Feature","geometry":{"type":"Point","coordinates":[-81.85674,26.51602]},"properties":{"probability":0.476,"inBuffer":false,"facType":"police"}},{"type":"Feature","geometry":{"type":"Point","coordinates":[-81.85224,26.51602]},"properties":{"probability":0.377,"inBuffer":false,"facType":"police"}},{"type":"Feature","geometry":{"type":"Point","coordinates":[-81.84775,26.51602]},"properties":{"probability":0.232,"inBuffer":false,"facType":"police"}},{"type":"Feature","geometry":{"type":"Point","coordinates":[-81.84326,26.51602]},"properties":{"probability":0.207,"inBuffer":false,"facType":"police"}},{"type":"Feature","geometry":{"type":"Point","coordinates":[-81.83877,26.51602]},"properties":{"probability":0.205,"inBuffer":false,"facType":"substation"}},{"type":"Feature","geometry":{"type":"Point","coordinates":[-81.83427,26.51602]},"properties":{"probability":0.235,"inBuffer":false,"facType":"substation"}},{"type":"Feature","geometry":{"type":"Point","coordinates":[-81.82979,26.51602]},"properties":{"probability":0.214,"inBuffer":false,"facType":"substation"}},{"type":"Feature","geometry":{"type":"Point","coordinates":[-81.82529,26.51602]},"properties":{"probability":0.216,"inBuffer":false,"facType":"substation"}},{"type":"Feature","geometry":{"type":"Point","coordinates":[-81.8208,26.51602]},"properties":{"probability":0.225,"inBuffer":false,"facType":"substation"}},{"type":"Feature","geometry":{"type":"Point","coordinates":[-81.81631,26.51602]},"properties":{"probability":0.241,"inBuffer":false,"facType":"substation"}},{"type":"Feature","geometry":{"type":"Point","coordinates":[-81.81182,26.51602]},"properties":{"probability":0.246,"inBuffer":false,"facType":"substation"}},{"type":"Feature","geometry":{"type":"Point","coordinates":[-81.80733,26.51602]},"properties":{"probability":0.19,"inBuffer":false,"facType":"substation"}},{"type":"Feature","geometry":{"type":"Point","coordinates":[-81.79835,26.51602]},"properties":{"probability":0.241,"inBuffer":false,"facType":"substation"}},{"type":"Feature","geometry":{"type":"Point","coordinates":[-81.79385,26.51602]},"properties":{"probability":0.227,"inBuffer":false,"facType":"water_works"}},{"type":"Feature","geometry":{"type":"Point","coordinates":[-81.78936,26.51602]},"properties":{"probability":0.238,"inBuffer":false,"facType":"water_works"}},{"type":"Feature","geometry":{"type":"Point","coordinates":[-81.78487,26.51602]},"properties":{"probability":0.305,"inBuffer":false,"facType":"water_works"}},{"type":"Feature","geometry":{"type":"Point","coordinates":[-81.78038,26.51602]},"properties":{"probability":0.226,"inBuffer":false,"facType":"water_works"}},{"type":"Feature","geometry":{"type":"Point","coordinates":[-81.77139,26.51602]},"properties":{"probability":0.226,"inBuffer":false,"facType":"water_works"}},{"type":"Feature","geometry":{"type":"Point","coordinates":[-81.76691,26.51602]},"properties":{"probability":0.303,"inBuffer":false,"facType":"water_works"}},{"type":"Feature","geometry":{"type":"Point","coordinates":[-81.76241,26.51602]},"properties":{"probability":0.448,"inBuffer":false,"facType":"water_works"}},{"type":"Feature","geometry":{"type":"Point","coordinates":[-81.75792,26.51602]},"properties":{"probability":0.223,"inBuffer":false,"facType":"water_works"}},{"type":"Feature","geometry":{"type":"Point","coordinates":[-81.75343,26.51602]},"properties":{"probability":0.218,"inBuffer":false,"facType":"water_works"}},{"type":"Feature","geometry":{"type":"Point","coordinates":[-81.72648,26.51602]},"properties":{"probability":0.253,"inBuffer":false,"facType":"water_works"}},{"type":"Feature","geometry":{"type":"Point","coordinates":[-81.72198,26.51602]},"properties":{"probability":0.292,"inBuffer":false,"facType":"water_works"}},{"type":"Feature","geometry":{"type":"Point","coordinates":[-81.99597,26.51153]},"properties":{"probability":0.262,"inBuffer":true,"facType":"hospital"}},{"type":"Feature","geometry":{"type":"Point","coordinates":[-81.99148,26.51153]},"properties":{"probability":0.248,"inBuffer":false,"facType":"hospital"}},{"type":"Feature","geometry":{"type":"Point","coordinates":[-81.98699,26.51153]},"properties":{"probability":0.248,"inBuffer":false,"facType":"hospital"}},{"type":"Feature","geometry":{"type":"Point","coordinates":[-81.9825,26.51153]},"properties":{"probability":0.257,"inBuffer":false,"facType":"hospital"}},{"type":"Feature","geometry":{"type":"Point","coordinates":[-81.978,26.51153]},"properties":{"probability":0.25,"inBuffer":false,"facType":"fire"}},{"type":"Feature","geometry":{"type":"Point","coordinates":[-81.97352,26.51153]},"properties":{"probability":0.259,"inBuffer":false,"facType":"fire"}},{"type":"Feature","geometry":{"type":"Point","coordinates":[-81.96902,26.51153]},"properties":{"probability":0.228,"inBuffer":false,"facType":"fire"}},{"type":"Feature","geometry":{"type":"Point","coordinates":[-81.96453,26.51153]},"properties":{"probability":0.249,"inBuffer":false,"facType":"fire"}},{"type":"Feature","geometry":{"type":"Point","coordinates":[-81.96004,26.51153]},"properties":{"probability":0.246,"inBuffer":false,"facType":"fire"}},{"type":"Feature","geometry":{"type":"Point","coordinates":[-81.95555,26.51153]},"properties":{"probability":0.398,"inBuffer":false,"facType":"fire"}},{"type":"Feature","geometry":{"type":"Point","coordinates":[-81.95106,26.51153]},"properties":{"probability":0.466,"inBuffer":false,"facType":"police"}},{"type":"Feature","geometry":{"type":"Point","coordinates":[-81.94656,26.51153]},"properties":{"probability":0.546,"inBuffer":false,"facType":"police"}},{"type":"Feature","geometry":{"type":"Point","coordinates":[-81.94208,26.51153]},"properties":{"probability":0.548,"inBuffer":true,"facType":"police"}},{"type":"Feature","geometry":{"type":"Point","coordinates":[-81.93758,26.51153]},"properties":{"probability":0.456,"inBuffer":true,"facType":"government"}},{"type":"Feature","geometry":{"type":"Point","coordinates":[-81.93309,26.51153]},"properties":{"probability":0.252,"inBuffer":true,"facType":"government"}},{"type":"Feature","geometry":{"type":"Point","coordinates":[-81.9286,26.51153]},"properties":{"probability":0.253,"inBuffer":false,"facType":"government"}},{"type":"Feature","geometry":{"type":"Point","coordinates":[-81.92411,26.51153]},"properties":{"probability":0.235,"inBuffer":false,"facType":"hospital"}},{"type":"Feature","geometry":{"type":"Point","coordinates":[-81.91962,26.51153]},"properties":{"probability":0.439,"inBuffer":false,"facType":"hospital"}},{"type":"Feature","geometry":{"type":"Point","coordinates":[-81.91512,26.51153]},"properties":{"probability":0.656,"inBuffer":true,"facType":"hospital"}},{"type":"Feature","geometry":{"type":"Point","coordinates":[-81.91064,26.51153]},"properties":{"probability":0.597,"inBuffer":true,"facType":"hospital"}},{"type":"Feature","geometry":{"type":"Point","coordinates":[-81.90614,26.51153]},"properties":{"probability":0.52,"inBuffer":true,"facType":"hospital"}},{"type":"Feature","geometry":{"type":"Point","coordinates":[-81.90165,26.51153]},"properties":{"probability":0.507,"inBuffer":true,"facType":"substation"}},{"type":"Feature","geometry":{"type":"Point","coordinates":[-81.89716,26.51153]},"properties":{"probability":0.46,"inBuffer":true,"facType":"fire"}},{"type":"Feature","geometry":{"type":"Point","coordinates":[-81.89267,26.51153]},"properties":{"probability":0.282,"inBuffer":true,"facType":"fire"}},{"type":"Feature","geometry":{"type":"Point","coordinates":[-81.88818,26.51153]},"properties":{"probability":0.211,"inBuffer":false,"facType":"fire"}},{"type":"Feature","geometry":{"type":"Point","coordinates":[-81.8747,26.51153]},"properties":{"probability":0.251,"inBuffer":false,"facType":"fire"}},{"type":"Feature","geometry":{"type":"Point","coordinates":[-81.87021,26.51153]},"properties":{"probability":0.401,"inBuffer":false,"facType":"fire"}},{"type":"Feature","geometry":{"type":"Point","coordinates":[-81.86572,26.51153]},"properties":{"probability":0.607,"inBuffer":false,"facType":"fire"}},{"type":"Feature","geometry":{"type":"Point","coordinates":[-81.86123,26.51153]},"properties":{"probability":0.646,"inBuffer":false,"facType":"fire"}},{"type":"Feature","geometry":{"type":"Point","coordinates":[-81.85674,26.51153]},"properties":{"probability":0.542,"inBuffer":false,"facType":"fire"}},{"type":"Feature","geometry":{"type":"Point","coordinates":[-81.85224,26.51153]},"properties":{"probability":0.408,"inBuffer":false,"facType":"fire"}},{"type":"Feature","geometry":{"type":"Point","coordinates":[-81.84775,26.51153]},"properties":{"probability":0.237,"inBuffer":false,"facType":"fire"}},{"type":"Feature","geometry":{"type":"Point","coordinates":[-81.84326,26.51153]},"properties":{"probability":0.233,"inBuffer":false,"facType":"fire"}},{"type":"Feature","geometry":{"type":"Point","coordinates":[-81.83877,26.51153]},"properties":{"probability":0.241,"inBuffer":false,"facType":"substation"}},{"type":"Feature","geometry":{"type":"Point","coordinates":[-81.8208,26.51153]},"properties":{"probability":0.343,"inBuffer":false,"facType":"substation"}},{"type":"Feature","geometry":{"type":"Point","coordinates":[-81.81631,26.51153]},"properties":{"probability":0.393,"inBuffer":false,"facType":"substation"}},{"type":"Feature","geometry":{"type":"Point","coordinates":[-81.81182,26.51153]},"properties":{"probability":0.325,"inBuffer":false,"facType":"substation"}},{"type":"Feature","geometry":{"type":"Point","coordinates":[-81.80733,26.51153]},"properties":{"probability":0.218,"inBuffer":false,"facType":"substation"}},{"type":"Feature","geometry":{"type":"Point","coordinates":[-81.80283,26.51153]},"properties":{"probability":0.207,"inBuffer":false,"facType":"substation"}},{"type":"Feature","geometry":{"type":"Point","coordinates":[-81.79835,26.51153]},"properties":{"probability":0.367,"inBuffer":false,"facType":"substation"}},{"type":"Feature","geometry":{"type":"Point","coordinates":[-81.79385,26.51153]},"properties":{"probability":0.276,"inBuffer":false,"facType":"water_works"}},{"type":"Feature","geometry":{"type":"Point","coordinates":[-81.78936,26.51153]},"properties":{"probability":0.402,"inBuffer":false,"facType":"water_works"}},{"type":"Feature","geometry":{"type":"Point","coordinates":[-81.78487,26.51153]},"properties":{"probability":0.39,"inBuffer":false,"facType":"water_works"}},{"type":"Feature","geometry":{"type":"Point","coordinates":[-81.78038,26.51153]},"properties":{"probability":0.309,"inBuffer":false,"facType":"water_works"}},{"type":"Feature","geometry":{"type":"Point","coordinates":[-81.77589,26.51153]},"properties":{"probability":0.231,"inBuffer":false,"facType":"water_works"}},{"type":"Feature","geometry":{"type":"Point","coordinates":[-81.77139,26.51153]},"properties":{"probability":0.207,"inBuffer":false,"facType":"water_works"}},{"type":"Feature","geometry":{"type":"Point","coordinates":[-81.76691,26.51153]},"properties":{"probability":0.213,"inBuffer":false,"facType":"water_works"}},{"type":"Feature","geometry":{"type":"Point","coordinates":[-81.76241,26.51153]},"properties":{"probability":0.203,"inBuffer":false,"facType":"water_works"}},{"type":"Feature","geometry":{"type":"Point","coordinates":[-81.75792,26.51153]},"properties":{"probability":0.212,"inBuffer":false,"facType":"water_works"}},{"type":"Feature","geometry":{"type":"Point","coordinates":[-81.72648,26.51153]},"properties":{"probability":0.246,"inBuffer":false,"facType":"water_works"}},{"type":"Feature","geometry":{"type":"Point","coordinates":[-81.72198,26.51153]},"properties":{"probability":0.274,"inBuffer":false,"facType":"water_works"}},{"type":"Feature","geometry":{"type":"Point","coordinates":[-81.99148,26.50704]},"properties":{"probability":0.236,"inBuffer":false,"facType":"hospital"}},{"type":"Feature","geometry":{"type":"Point","coordinates":[-81.98699,26.50704]},"properties":{"probability":0.362,"inBuffer":false,"facType":"hospital"}},{"type":"Feature","geometry":{"type":"Point","coordinates":[-81.9825,26.50704]},"properties":{"probability":0.275,"inBuffer":false,"facType":"hospital"}},{"type":"Feature","geometry":{"type":"Point","coordinates":[-81.978,26.50704]},"properties":{"probability":0.272,"inBuffer":false,"facType":"fire"}},{"type":"Feature","geometry":{"type":"Point","coordinates":[-81.97352,26.50704]},"properties":{"probability":0.274,"inBuffer":false,"facType":"fire"}},{"type":"Feature","geometry":{"type":"Point","coordinates":[-81.96902,26.50704]},"properties":{"probability":0.29,"inBuffer":false,"facType":"fire"}},{"type":"Feature","geometry":{"type":"Point","coordinates":[-81.96453,26.50704]},"properties":{"probability":0.291,"inBuffer":true,"facType":"fire"}},{"type":"Feature","geometry":{"type":"Point","coordinates":[-81.96004,26.50704]},"properties":{"probability":0.289,"inBuffer":true,"facType":"fire"}},{"type":"Feature","geometry":{"type":"Point","coordinates":[-81.95555,26.50704]},"properties":{"probability":0.35,"inBuffer":false,"facType":"fire"}},{"type":"Feature","geometry":{"type":"Point","coordinates":[-81.95106,26.50704]},"properties":{"probability":0.413,"inBuffer":false,"facType":"fire"}},{"type":"Feature","geometry":{"type":"Point","coordinates":[-81.94656,26.50704]},"properties":{"probability":0.517,"inBuffer":false,"facType":"government"}},{"type":"Feature","geometry":{"type":"Point","coordinates":[-81.94208,26.50704]},"properties":{"probability":0.52,"inBuffer":false,"facType":"government"}},{"type":"Feature","geometry":{"type":"Point","coordinates":[-81.93758,26.50704]},"properties":{"probability":0.421,"inBuffer":false,"facType":"government"}},{"type":"Feature","geometry":{"type":"Point","coordinates":[-81.93309,26.50704]},"properties":{"probability":0.227,"inBuffer":false,"facType":"government"}},{"type":"Feature","geometry":{"type":"Point","coordinates":[-81.9286,26.50704]},"properties":{"probability":0.219,"inBuffer":false,"facType":"government"}},{"type":"Feature","geometry":{"type":"Point","coordinates":[-81.92411,26.50704]},"properties":{"probability":0.25,"inBuffer":false,"facType":"hospital"}},{"type":"Feature","geometry":{"type":"Point","coordinates":[-81.91962,26.50704]},"properties":{"probability":0.622,"inBuffer":true,"facType":"hospital"}},{"type":"Feature","geometry":{"type":"Point","coordinates":[-81.91512,26.50704]},"properties":{"probability":0.688,"inBuffer":true,"facType":"hospital"}},{"type":"Feature","geometry":{"type":"Point","coordinates":[-81.91064,26.50704]},"properties":{"probability":0.637,"inBuffer":true,"facType":"hospital"}},{"type":"Feature","geometry":{"type":"Point","coordinates":[-81.90614,26.50704]},"properties":{"probability":0.419,"inBuffer":true,"facType":"hospital"}},{"type":"Feature","geometry":{"type":"Point","coordinates":[-81.90165,26.50704]},"properties":{"probability":0.395,"inBuffer":true,"facType":"substation"}},{"type":"Feature","geometry":{"type":"Point","coordinates":[-81.89716,26.50704]},"properties":{"probability":0.38,"inBuffer":true,"facType":"fire"}},{"type":"Feature","geometry":{"type":"Point","coordinates":[-81.89267,26.50704]},"properties":{"probability":0.264,"inBuffer":true,"facType":"fire"}},{"type":"Feature","geometry":{"type":"Point","coordinates":[-81.88818,26.50704]},"properties":{"probability":0.195,"inBuffer":false,"facType":"fire"}},{"type":"Feature","geometry":{"type":"Point","coordinates":[-81.8747,26.50704]},"properties":{"probability":0.206,"inBuffer":false,"facType":"fire"}},{"type":"Feature","geometry":{"type":"Point","coordinates":[-81.87021,26.50704]},"properties":{"probability":0.278,"inBuffer":false,"facType":"fire"}},{"type":"Feature","geometry":{"type":"Point","coordinates":[-81.86572,26.50704]},"properties":{"probability":0.515,"inBuffer":false,"facType":"fire"}},{"type":"Feature","geometry":{"type":"Point","coordinates":[-81.86123,26.50704]},"properties":{"probability":0.667,"inBuffer":false,"facType":"fire"}},{"type":"Feature","geometry":{"type":"Point","coordinates":[-81.85674,26.50704]},"properties":{"probability":0.607,"inBuffer":false,"facType":"fire"}},{"type":"Feature","geometry":{"type":"Point","coordinates":[-81.85224,26.50704]},"properties":{"probability":0.49,"inBuffer":false,"facType":"fire"}},{"type":"Feature","geometry":{"type":"Point","coordinates":[-81.84775,26.50704]},"properties":{"probability":0.282,"inBuffer":false,"facType":"fire"}},{"type":"Feature","geometry":{"type":"Point","coordinates":[-81.84326,26.50704]},"properties":{"probability":0.213,"inBuffer":false,"facType":"fire"}},{"type":"Feature","geometry":{"type":"Point","coordinates":[-81.82529,26.50704]},"properties":{"probability":0.229,"inBuffer":false,"facType":"substation"}},{"type":"Feature","geometry":{"type":"Point","coordinates":[-81.8208,26.50704]},"properties":{"probability":0.614,"inBuffer":false,"facType":"substation"}},{"type":"Feature","geometry":{"type":"Point","coordinates":[-81.81631,26.50704]},"properties":{"probability":0.674,"inBuffer":false,"facType":"substation"}},{"type":"Feature","geometry":{"type":"Point","coordinates":[-81.81182,26.50704]},"properties":{"probability":0.549,"inBuffer":false,"facType":"substation"}},{"type":"Feature","geometry":{"type":"Point","coordinates":[-81.80733,26.50704]},"properties":{"probability":0.254,"inBuffer":false,"facType":"substation"}},{"type":"Feature","geometry":{"type":"Point","coordinates":[-81.80283,26.50704]},"properties":{"probability":0.298,"inBuffer":false,"facType":"substation"}},{"type":"Feature","geometry":{"type":"Point","coordinates":[-81.79835,26.50704]},"properties":{"probability":0.453,"inBuffer":false,"facType":"substation"}},{"type":"Feature","geometry":{"type":"Point","coordinates":[-81.79385,26.50704]},"properties":{"probability":0.489,"inBuffer":false,"facType":"water_works"}},{"type":"Feature","geometry":{"type":"Point","coordinates":[-81.78936,26.50704]},"properties":{"probability":0.347,"inBuffer":false,"facType":"water_works"}},{"type":"Feature","geometry":{"type":"Point","coordinates":[-81.78487,26.50704]},"properties":{"probability":0.392,"inBuffer":false,"facType":"water_works"}},{"type":"Feature","geometry":{"type":"Point","coordinates":[-81.78038,26.50704]},"properties":{"probability":0.37,"inBuffer":false,"facType":"water_works"}},{"type":"Feature","geometry":{"type":"Point","coordinates":[-81.77589,26.50704]},"properties":{"probability":0.228,"inBuffer":false,"facType":"water_works"}},{"type":"Feature","geometry":{"type":"Point","coordinates":[-81.76691,26.50704]},"properties":{"probability":0.221,"inBuffer":false,"facType":"water_works"}},{"type":"Feature","geometry":{"type":"Point","coordinates":[-81.76241,26.50704]},"properties":{"probability":0.41,"inBuffer":false,"facType":"water_works"}},{"type":"Feature","geometry":{"type":"Point","coordinates":[-81.75792,26.50704]},"properties":{"probability":0.235,"inBuffer":false,"facType":"water_works"}},{"type":"Feature","geometry":{"type":"Point","coordinates":[-81.72648,26.50704]},"properties":{"probability":0.253,"inBuffer":false,"facType":"water_works"}},{"type":"Feature","geometry":{"type":"Point","coordinates":[-81.99148,26.50255]},"properties":{"probability":0.371,"inBuffer":false,"facType":"hospital"}},{"type":"Feature","geometry":{"type":"Point","coordinates":[-81.98699,26.50255]},"properties":{"probability":0.302,"inBuffer":false,"facType":"hospital"}},{"type":"Feature","geometry":{"type":"Point","coordinates":[-81.9825,26.50255]},"properties":{"probability":0.265,"inBuffer":false,"facType":"fire"}},{"type":"Feature","geometry":{"type":"Point","coordinates":[-81.978,26.50255]},"properties":{"probability":0.249,"inBuffer":false,"facType":"fire"}},{"type":"Feature","geometry":{"type":"Point","coordinates":[-81.97352,26.50255]},"properties":{"probability":0.399,"inBuffer":false,"facType":"fire"}},{"type":"Feature","geometry":{"type":"Point","coordinates":[-81.96902,26.50255]},"properties":{"probability":0.486,"inBuffer":true,"facType":"fire"}},{"type":"Feature","geometry":{"type":"Point","coordinates":[-81.96453,26.50255]},"properties":{"probability":0.425,"inBuffer":true,"facType":"fire"}},{"type":"Feature","geometry":{"type":"Point","coordinates":[-81.96004,26.50255]},"properties":{"probability":0.35,"inBuffer":true,"facType":"fire"}},{"type":"Feature","geometry":{"type":"Point","coordinates":[-81.95555,26.50255]},"properties":{"probability":0.279,"inBuffer":false,"facType":"fire"}},{"type":"Feature","geometry":{"type":"Point","coordinates":[-81.95106,26.50255]},"properties":{"probability":0.387,"inBuffer":false,"facType":"fire"}},{"type":"Feature","geometry":{"type":"Point","coordinates":[-81.94656,26.50255]},"properties":{"probability":0.489,"inBuffer":false,"facType":"government"}},{"type":"Feature","geometry":{"type":"Point","coordinates":[-81.94208,26.50255]},"properties":{"probability":0.486,"inBuffer":false,"facType":"government"}},{"type":"Feature","geometry":{"type":"Point","coordinates":[-81.93758,26.50255]},"properties":{"probability":0.398,"inBuffer":false,"facType":"government"}},{"type":"Feature","geometry":{"type":"Point","coordinates":[-81.93309,26.50255]},"properties":{"probability":0.226,"inBuffer":false,"facType":"government"}},{"type":"Feature","geometry":{"type":"Point","coordinates":[-81.9286,26.50255]},"properties":{"probability":0.213,"inBuffer":false,"facType":"government"}},{"type":"Feature","geometry":{"type":"Point","coordinates":[-81.92411,26.50255]},"properties":{"probability":0.199,"inBuffer":false,"facType":"hospital"}},{"type":"Feature","geometry":{"type":"Point","coordinates":[-81.91962,26.50255]},"properties":{"probability":0.448,"inBuffer":false,"facType":"hospital"}},{"type":"Feature","geometry":{"type":"Point","coordinates":[-81.91512,26.50255]},"properties":{"probability":0.551,"inBuffer":true,"facType":"hospital"}},{"type":"Feature","geometry":{"type":"Point","coordinates":[-81.91064,26.50255]},"properties":{"probability":0.417,"inBuffer":true,"facType":"hospital"}},{"type":"Feature","geometry":{"type":"Point","coordinates":[-81.90614,26.50255]},"properties":{"probability":0.298,"inBuffer":false,"facType":"hospital"}},{"type":"Feature","geometry":{"type":"Point","coordinates":[-81.90165,26.50255]},"properties":{"probability":0.263,"inBuffer":false,"facType":"substation"}},{"type":"Feature","geometry":{"type":"Point","coordinates":[-81.89716,26.50255]},"properties":{"probability":0.264,"inBuffer":false,"facType":"fire"}},{"type":"Feature","geometry":{"type":"Point","coordinates":[-81.89267,26.50255]},"properties":{"probability":0.237,"inBuffer":false,"facType":"fire"}},{"type":"Feature","geometry":{"type":"Point","coordinates":[-81.88818,26.50255]},"properties":{"probability":0.215,"inBuffer":false,"facType":"fire"}},{"type":"Feature","geometry":{"type":"Point","coordinates":[-81.8747,26.50255]},"properties":{"probability":0.219,"inBuffer":false,"facType":"fire"}},{"type":"Feature","geometry":{"type":"Point","coordinates":[-81.87021,26.50255]},"properties":{"probability":0.252,"inBuffer":false,"facType":"fire"}},{"type":"Feature","geometry":{"type":"Point","coordinates":[-81.86572,26.50255]},"properties":{"probability":0.446,"inBuffer":false,"facType":"fire"}},{"type":"Feature","geometry":{"type":"Point","coordinates":[-81.86123,26.50255]},"properties":{"probability":0.583,"inBuffer":true,"facType":"fire"}},{"type":"Feature","geometry":{"type":"Point","coordinates":[-81.85674,26.50255]},"properties":{"probability":0.594,"inBuffer":true,"facType":"fire"}},{"type":"Feature","geometry":{"type":"Point","coordinates":[-81.85224,26.50255]},"properties":{"probability":0.493,"inBuffer":false,"facType":"fire"}},{"type":"Feature","geometry":{"type":"Point","coordinates":[-81.84775,26.50255]},"properties":{"probability":0.404,"inBuffer":false,"facType":"fire"}},{"type":"Feature","geometry":{"type":"Point","coordinates":[-81.84326,26.50255]},"properties":{"probability":0.28,"inBuffer":false,"facType":"fire"}},{"type":"Feature","geometry":{"type":"Point","coordinates":[-81.83877,26.50255]},"properties":{"probability":0.213,"inBuffer":false,"facType":"substation"}},{"type":"Feature","geometry":{"type":"Point","coordinates":[-81.83427,26.50255]},"properties":{"probability":0.243,"inBuffer":false,"facType":"substation"}},{"type":"Feature","geometry":{"type":"Point","coordinates":[-81.82979,26.50255]},"properties":{"probability":0.254,"inBuffer":false,"facType":"substation"}},{"type":"Feature","geometry":{"type":"Point","coordinates":[-81.82529,26.50255]},"properties":{"probability":0.371,"inBuffer":false,"facType":"substation"}},{"type":"Feature","geometry":{"type":"Point","coordinates":[-81.8208,26.50255]},"properties":{"probability":0.715,"inBuffer":false,"facType":"substation"}},{"type":"Feature","geometry":{"type":"Point","coordinates":[-81.81631,26.50255]},"properties":{"probability":0.695,"inBuffer":false,"facType":"substation"}},{"type":"Feature","geometry":{"type":"Point","coordinates":[-81.81182,26.50255]},"properties":{"probability":0.527,"inBuffer":false,"facType":"substation"}},{"type":"Feature","geometry":{"type":"Point","coordinates":[-81.80733,26.50255]},"properties":{"probability":0.346,"inBuffer":false,"facType":"substation"}},{"type":"Feature","geometry":{"type":"Point","coordinates":[-81.80283,26.50255]},"properties":{"probability":0.449,"inBuffer":false,"facType":"substation"}},{"type":"Feature","geometry":{"type":"Point","coordinates":[-81.79835,26.50255]},"properties":{"probability":0.549,"inBuffer":false,"facType":"substation"}},{"type":"Feature","geometry":{"type":"Point","coordinates":[-81.79385,26.50255]},"properties":{"probability":0.527,"inBuffer":false,"facType":"substation"}},{"type":"Feature","geometry":{"type":"Point","coordinates":[-81.78936,26.50255]},"properties":{"probability":0.388,"inBuffer":false,"facType":"water_works"}},{"type":"Feature","geometry":{"type":"Point","coordinates":[-81.78487,26.50255]},"properties":{"probability":0.398,"inBuffer":false,"facType":"water_works"}},{"type":"Feature","geometry":{"type":"Point","coordinates":[-81.78038,26.50255]},"properties":{"probability":0.39,"inBuffer":false,"facType":"water_works"}},{"type":"Feature","geometry":{"type":"Point","coordinates":[-81.77589,26.50255]},"properties":{"probability":0.217,"inBuffer":false,"facType":"water_works"}},{"type":"Feature","geometry":{"type":"Point","coordinates":[-81.76691,26.50255]},"properties":{"probability":0.216,"inBuffer":false,"facType":"water_works"}},{"type":"Feature","geometry":{"type":"Point","coordinates":[-81.76241,26.50255]},"properties":{"probability":0.42,"inBuffer":false,"facType":"water_works"}},{"type":"Feature","geometry":{"type":"Point","coordinates":[-81.75792,26.50255]},"properties":{"probability":0.278,"inBuffer":false,"facType":"water_works"}},{"type":"Feature","geometry":{"type":"Point","coordinates":[-81.75343,26.50255]},"properties":{"probability":0.211,"inBuffer":false,"facType":"water_works"}},{"type":"Feature","geometry":{"type":"Point","coordinates":[-81.74894,26.50255]},"properties":{"probability":0.212,"inBuffer":false,"facType":"water_works"}},{"type":"Feature","geometry":{"type":"Point","coordinates":[-81.99148,26.49805]},"properties":{"probability":0.287,"inBuffer":false,"facType":"hospital"}},{"type":"Feature","geometry":{"type":"Point","coordinates":[-81.98699,26.49805]},"properties":{"probability":0.237,"inBuffer":false,"facType":"hospital"}},{"type":"Feature","geometry":{"type":"Point","coordinates":[-81.9825,26.49805]},"properties":{"probability":0.369,"inBuffer":false,"facType":"fire"}},{"type":"Feature","geometry":{"type":"Point","coordinates":[-81.978,26.49805]},"properties":{"probability":0.4,"inBuffer":false,"facType":"fire"}},{"type":"Feature","geometry":{"type":"Point","coordinates":[-81.97352,26.49805]},"properties":{"probability":0.434,"inBuffer":false,"facType":"fire"}},{"type":"Feature","geometry":{"type":"Point","coordinates":[-81.96902,26.49805]},"properties":{"probability":0.463,"inBuffer":false,"facType":"fire"}},{"type":"Feature","geometry":{"type":"Point","coordinates":[-81.96453,26.49805]},"properties":{"probability":0.475,"inBuffer":true,"facType":"fire"}},{"type":"Feature","geometry":{"type":"Point","coordinates":[-81.96004,26.49805]},"properties":{"probability":0.349,"inBuffer":true,"facType":"fire"}},{"type":"Feature","geometry":{"type":"Point","coordinates":[-81.95555,26.49805]},"properties":{"probability":0.391,"inBuffer":false,"facType":"fire"}},{"type":"Feature","geometry":{"type":"Point","coordinates":[-81.95106,26.49805]},"properties":{"probability":0.406,"inBuffer":false,"facType":"fire"}},{"type":"Feature","geometry":{"type":"Point","coordinates":[-81.94656,26.49805]},"properties":{"probability":0.484,"inBuffer":false,"facType":"substation"}},{"type":"Feature","geometry":{"type":"Point","coordinates":[-81.94208,26.49805]},"properties":{"probability":0.487,"inBuffer":false,"facType":"substation"}},{"type":"Feature","geometry":{"type":"Point","coordinates":[-81.93758,26.49805]},"properties":{"probability":0.38,"inBuffer":false,"facType":"substation"}},{"type":"Feature","geometry":{"type":"Point","coordinates":[-81.93309,26.49805]},"properties":{"probability":0.311,"inBuffer":false,"facType":"substation"}},{"type":"Feature","geometry":{"type":"Point","coordinates":[-81.9286,26.49805]},"properties":{"probability":0.182,"inBuffer":false,"facType":"government"}},{"type":"Feature","geometry":{"type":"Point","coordinates":[-81.91962,26.49805]},"properties":{"probability":0.235,"inBuffer":false,"facType":"hospital"}},{"type":"Feature","geometry":{"type":"Point","coordinates":[-81.91512,26.49805]},"properties":{"probability":0.252,"inBuffer":false,"facType":"hospital"}},{"type":"Feature","geometry":{"type":"Point","coordinates":[-81.91064,26.49805]},"properties":{"probability":0.267,"inBuffer":false,"facType":"hospital"}},{"type":"Feature","geometry":{"type":"Point","coordinates":[-81.90614,26.49805]},"properties":{"probability":0.24,"inBuffer":false,"facType":"hospital"}},{"type":"Feature","geometry":{"type":"Point","coordinates":[-81.90165,26.49805]},"properties":{"probability":0.274,"inBuffer":false,"facType":"substation"}},{"type":"Feature","geometry":{"type":"Point","coordinates":[-81.89716,26.49805]},"properties":{"probability":0.255,"inBuffer":false,"facType":"fire"}},{"type":"Feature","geometry":{"type":"Point","coordinates":[-81.89267,26.49805]},"properties":{"probability":0.234,"inBuffer":false,"facType":"fire"}},{"type":"Feature","geometry":{"type":"Point","coordinates":[-81.88818,26.49805]},"properties":{"probability":0.233,"inBuffer":false,"facType":"fire"}},{"type":"Feature","geometry":{"type":"Point","coordinates":[-81.8747,26.49805]},"properties":{"probability":0.221,"inBuffer":false,"facType":"fire"}},{"type":"Feature","geometry":{"type":"Point","coordinates":[-81.87021,26.49805]},"properties":{"probability":0.219,"inBuffer":false,"facType":"fire"}},{"type":"Feature","geometry":{"type":"Point","coordinates":[-81.86572,26.49805]},"properties":{"probability":0.283,"inBuffer":false,"facType":"fire"}},{"type":"Feature","geometry":{"type":"Point","coordinates":[-81.86123,26.49805]},"properties":{"probability":0.44,"inBuffer":true,"facType":"fire"}},{"type":"Feature","geometry":{"type":"Point","coordinates":[-81.85674,26.49805]},"properties":{"probability":0.446,"inBuffer":true,"facType":"fire"}},{"type":"Feature","geometry":{"type":"Point","coordinates":[-81.85224,26.49805]},"properties":{"probability":0.48,"inBuffer":true,"facType":"fire"}},{"type":"Feature","geometry":{"type":"Point","coordinates":[-81.84775,26.49805]},"properties":{"probability":0.494,"inBuffer":false,"facType":"fire"}},{"type":"Feature","geometry":{"type":"Point","coordinates":[-81.84326,26.49805]},"properties":{"probability":0.45,"inBuffer":false,"facType":"substation"}},{"type":"Feature","geometry":{"type":"Point","coordinates":[-81.83877,26.49805]},"properties":{"probability":0.281,"inBuffer":false,"facType":"substation"}},{"type":"Feature","geometry":{"type":"Point","coordinates":[-81.83427,26.49805]},"properties":{"probability":0.454,"inBuffer":false,"facType":"substation"}},{"type":"Feature","geometry":{"type":"Point","coordinates":[-81.82979,26.49805]},"properties":{"probability":0.561,"inBuffer":false,"facType":"substation"}},{"type":"Feature","geometry":{"type":"Point","coordinates":[-81.82529,26.49805]},"properties":{"probability":0.59,"inBuffer":false,"facType":"substation"}},{"type":"Feature","geometry":{"type":"Point","coordinates":[-81.8208,26.49805]},"properties":{"probability":0.717,"inBuffer":false,"facType":"substation"}},{"type":"Feature","geometry":{"type":"Point","coordinates":[-81.81631,26.49805]},"properties":{"probability":0.71,"inBuffer":false,"facType":"substation"}},{"type":"Feature","geometry":{"type":"Point","coordinates":[-81.81182,26.49805]},"properties":{"probability":0.544,"inBuffer":false,"facType":"substation"}},{"type":"Feature","geometry":{"type":"Point","coordinates":[-81.80733,26.49805]},"properties":{"probability":0.373,"inBuffer":false,"facType":"substation"}},{"type":"Feature","geometry":{"type":"Point","coordinates":[-81.80283,26.49805]},"properties":{"probability":0.442,"inBuffer":false,"facType":"substation"}},{"type":"Feature","geometry":{"type":"Point","coordinates":[-81.79835,26.49805]},"properties":{"probability":0.518,"inBuffer":false,"facType":"substation"}},{"type":"Feature","geometry":{"type":"Point","coordinates":[-81.79385,26.49805]},"properties":{"probability":0.544,"inBuffer":false,"facType":"substation"}},{"type":"Feature","geometry":{"type":"Point","coordinates":[-81.78936,26.49805]},"properties":{"probability":0.521,"inBuffer":false,"facType":"water_works"}},{"type":"Feature","geometry":{"type":"Point","coordinates":[-81.78487,26.49805]},"properties":{"probability":0.512,"inBuffer":false,"facType":"water_works"}},{"type":"Feature","geometry":{"type":"Point","coordinates":[-81.78038,26.49805]},"properties":{"probability":0.334,"inBuffer":false,"facType":"water_works"}},{"type":"Feature","geometry":{"type":"Point","coordinates":[-81.77589,26.49805]},"properties":{"probability":0.22,"inBuffer":false,"facType":"water_works"}},{"type":"Feature","geometry":{"type":"Point","coordinates":[-81.76241,26.49805]},"properties":{"probability":0.236,"inBuffer":false,"facType":"water_works"}},{"type":"Feature","geometry":{"type":"Point","coordinates":[-81.75792,26.49805]},"properties":{"probability":0.234,"inBuffer":false,"facType":"water_works"}},{"type":"Feature","geometry":{"type":"Point","coordinates":[-81.75343,26.49805]},"properties":{"probability":0.344,"inBuffer":false,"facType":"water_works"}},{"type":"Feature","geometry":{"type":"Point","coordinates":[-81.74894,26.49805]},"properties":{"probability":0.393,"inBuffer":false,"facType":"water_works"}},{"type":"Feature","geometry":{"type":"Point","coordinates":[-81.74445,26.49805]},"properties":{"probability":0.326,"inBuffer":false,"facType":"water_works"}},{"type":"Feature","geometry":{"type":"Point","coordinates":[-81.73995,26.49805]},"properties":{"probability":0.244,"inBuffer":false,"facType":"water_works"}}]}