{"type":"FeatureCollection","features":[{"type":"Feature","geometry":{"type":"Point","coordinates":[36.19088,36.32113]},"properties":{"probability":0.063,"inBuffer":false,"facType":"police"}},{"type":"Feature","geometry":{"type":"Point","coordinates":[36.19537,36.32113]},"properties":{"probability":0.181,"inBuffer":false,"facType":"police"}},{"type":"Feature","geometry":{"type":"Point","coordinates":[36.19986,36.32113]},"properties":{"probability":0.173,"inBuffer":false,"facType":"police"}},{"type":"Feature","geometry":{"type":"Point","coordinates":[36.20435,36.32113]},"properties":{"probability":0.068,"inBuffer":false,"facType":"police"}},{"type":"Feature","geometry":{"type":"Point","coordinates":[36.20884,36.32113]},"properties":{"probability":0.076,"inBuffer":false,"facType":"police"}},{"type":"Feature","geometry":{"type":"Point","coordinates":[36.21333,36.32113]},"properties":{"probability":0.084,"inBuffer":false,"facType":"police"}},{"type":"Feature","geometry":{"type":"Point","coordinates":[36.36156,36.32113]},"properties":{"probability":0.069,"inBuffer":false,"facType":"airport"}},{"type":"Feature","geometry":{"type":"Point","coordinates":[36.36605,36.32113]},"properties":{"probability":0.092,"inBuffer":false,"facType":"airport"}},{"type":"Feature","geometry":{"type":"Point","coordinates":[36.37054,36.32113]},"properties":{"probability":0.071,"inBuffer":false,"facType":"airport"}},{"type":"Feature","geometry":{"type":"Point","coordinates":[36.40198,36.32113]},"properties":{"probability":0.094,"inBuffer":false,"facType":"airport"}},{"type":"Feature","geometry":{"type":"Point","coordinates":[36.40647,36.32113]},"properties":{"probability":0.088,"inBuffer":false,"facType":"airport"}},{"type":"Feature","geometry":{"type":"Point","coordinates":[36.41096,36.32113]},"properties":{"probability":0.074,"inBuffer":false,"facType":"airport"}},{"type":"Feature","geometry":{"type":"Point","coordinates":[36.16842,36.31664]},"properties":{"probability":0.065,"inBuffer":false,"facType":"police"}},{"type":"Feature","geometry":{"type":"Point","coordinates":[36.17291,36.31664]},"properties":{"probability":0.066,"inBuffer":false,"facType":"police"}},{"type":"Feature","geometry":{"type":"Point","coordinates":[36.1774,36.31664]},"properties":{"probability":0.064,"inBuffer":false,"facType":"police"}},{"type":"Feature","geometry":{"type":"Point","coordinates":[36.18189,36.31664]},"properties":{"probability":0.066,"inBuffer":false,"facType":"police"}},{"type":"Feature","geometry":{"type":"Point","coordinates":[36.18639,36.31664]},"properties":{"probability":0.066,"inBuffer":false,"facType":"police"}},{"type":"Feature","geometry":{"type":"Point","coordinates":[36.19088,36.31664]},"properties":{"probability":0.111,"inBuffer":false,"facType":"police"}},{"type":"Feature","geometry":{"type":"Point","coordinates":[36.19537,36.31664]},"properties":{"probability":0.149,"inBuffer":false,"facType":"police"}},{"type":"Feature","geometry":{"type":"Point","coordinates":[36.19986,36.31664]},"properties":{"probability":0.224,"inBuffer":false,"facType":"police"}},{"type":"Feature","geometry":{"type":"Point","coordinates":[36.20435,36.31664]},"properties":{"probability":0.074,"inBuffer":false,"facType":"police"}},{"type":"Feature","geometry":{"type":"Point","coordinates":[36.39749,36.31664]},"properties":{"probability":0.065,"inBuffer":false,"facType":"airport"}},{"type":"Feature","geometry":{"type":"Point","coordinates":[36.40198,36.31664]},"properties":{"probability":0.117,"inBuffer":false,"facType":"airport"}},{"type":"Feature","geometry":{"type":"Point","coordinates":[36.40647,36.31664]},"properties":{"probability":0.105,"inBuffer":false,"facType":"airport"}},{"type":"Feature","geometry":{"type":"Point","coordinates":[36.41096,36.31664]},"properties":{"probability":0.066,"inBuffer":false,"facType":"airport"}},{"type":"Feature","geometry":{"type":"Point","coordinates":[36.17291,36.31215]},"properties":{"probability":0.064,"inBuffer":false,"facType":"substation"}},{"type":"Feature","geometry":{"type":"Point","coordinates":[36.1774,36.31215]},"properties":{"probability":0.063,"inBuffer":false,"facType":"police"}},{"type":"Feature","geometry":{"type":"Point","coordinates":[36.18189,36.31215]},"properties":{"probability":0.068,"inBuffer":false,"facType":"police"}},{"type":"Feature","geometry":{"type":"Point","coordinates":[36.18639,36.31215]},"properties":{"probability":0.096,"inBuffer":false,"facType":"police"}},{"type":"Feature","geometry":{"type":"Point","coordinates":[36.19088,36.31215]},"properties":{"probability":0.138,"inBuffer":false,"facType":"police"}},{"type":"Feature","geometry":{"type":"Point","coordinates":[36.19537,36.31215]},"properties":{"probability":0.138,"inBuffer":false,"facType":"police"}},{"type":"Feature","geometry":{"type":"Point","coordinates":[36.19986,36.31215]},"properties":{"probability":0.203,"inBuffer":false,"facType":"police"}},{"type":"Feature","geometry":{"type":"Point","coordinates":[36.20435,36.31215]},"properties":{"probability":0.133,"inBuffer":false,"facType":"police"}},{"type":"Feature","geometry":{"type":"Point","coordinates":[36.20884,36.31215]},"properties":{"probability":0.088,"inBuffer":false,"facType":"police"}},{"type":"Feature","geometry":{"type":"Point","coordinates":[36.21333,36.31215]},"properties":{"probability":0.081,"inBuffer":false,"facType":"police"}},{"type":"Feature","geometry":{"type":"Point","coordinates":[36.39749,36.31215]},"properties":{"probability":0.066,"inBuffer":false,"facType":"airport"}},{"type":"Feature","geometry":{"type":"Point","coordinates":[36.40198,36.31215]},"properties":{"probability":0.062,"inBuffer":false,"facType":"airport"}},{"type":"Feature","geometry":{"type":"Point","coordinates":[36.40647,36.31215]},"properties":{"probability":0.078,"inBuffer":false,"facType":"airport"}},{"type":"Feature","geometry":{"type":"Point","coordinates":[36.41096,36.31215]},"properties":{"probability":0.073,"inBuffer":false,"facType":"airport"}},{"type":"Feature","geometry":{"type":"Point","coordinates":[36.15045,36.30766]},"properties":{"probability":0.066,"inBuffer":false,"facType":"substation"}},{"type":"Feature","geometry":{"type":"Point","coordinates":[36.15495,36.30766]},"properties":{"probability":0.069,"inBuffer":false,"facType":"substation"}},{"type":"Feature","geometry":{"type":"Point","coordinates":[36.1774,36.30766]},"properties":{"probability":0.064,"inBuffer":false,"facType":"substation"}},{"type":"Feature","geometry":{"type":"Point","coordinates":[36.18189,36.30766]},"properties":{"probability":0.069,"inBuffer":false,"facType":"substation"}},{"type":"Feature","geometry":{"type":"Point","coordinates":[36.18639,36.30766]},"properties":{"probability":0.093,"inBuffer":false,"facType":"substation"}},{"type":"Feature","geometry":{"type":"Point","coordinates":[36.19088,36.30766]},"properties":{"probability":0.108,"inBuffer":false,"facType":"police"}},{"type":"Feature","geometry":{"type":"Point","coordinates":[36.19537,36.30766]},"properties":{"probability":0.143,"inBuffer":false,"facType":"police"}},{"type":"Feature","geometry":{"type":"Point","coordinates":[36.19986,36.30766]},"properties":{"probability":0.144,"inBuffer":false,"facType":"police"}},{"type":"Feature","geometry":{"type":"Point","coordinates":[36.20435,36.30766]},"properties":{"probability":0.144,"inBuffer":false,"facType":"police"}},{"type":"Feature","geometry":{"type":"Point","coordinates":[36.20884,36.30766]},"properties":{"probability":0.121,"inBuffer":false,"facType":"police"}},{"type":"Feature","geometry":{"type":"Point","coordinates":[36.21333,36.30766]},"properties":{"probability":0.084,"inBuffer":false,"facType":"police"}},{"type":"Feature","geometry":{"type":"Point","coordinates":[36.21783,36.30766]},"properties":{"probability":0.1,"inBuffer":false,"facType":"police"}},{"type":"Feature","geometry":{"type":"Point","coordinates":[36.39749,36.30766]},"properties":{"probability":0.071,"inBuffer":false,"facType":"airport"}},{"type":"Feature","geometry":{"type":"Point","coordinates":[36.40198,36.30766]},"properties":{"probability":0.066,"inBuffer":false,"facType":"airport"}},{"type":"Feature","geometry":{"type":"Point","coordinates":[36.40647,36.30766]},"properties":{"probability":0.071,"inBuffer":false,"facType":"airport"}},{"type":"Feature","geometry":{"type":"Point","coordinates":[36.18189,36.30317]},"properties":{"probability":0.066,"inBuffer":false,"facType":"substation"}},{"type":"Feature","geometry":{"type":"Point","coordinates":[36.18639,36.30317]},"properties":{"probability":0.075,"inBuffer":false,"facType":"substation"}},{"type":"Feature","geometry":{"type":"Point","coordinates":[36.19088,36.30317]},"properties":{"probability":0.099,"inBuffer":false,"facType":"substation"}},{"type":"Feature","geometry":{"type":"Point","coordinates":[36.19537,36.30317]},"properties":{"probability":0.141,"inBuffer":false,"facType":"substation"}},{"type":"Feature","geometry":{"type":"Point","coordinates":[36.19986,36.30317]},"properties":{"probability":0.144,"inBuffer":false,"facType":"substation"}},{"type":"Feature","geometry":{"type":"Point","coordinates":[36.20435,36.30317]},"properties":{"probability":0.137,"inBuffer":false,"facType":"police"}},{"type":"Feature","geometry":{"type":"Point","coordinates":[36.20884,36.30317]},"properties":{"probability":0.076,"inBuffer":false,"facType":"police"}},{"type":"Feature","geometry":{"type":"Point","coordinates":[36.21333,36.30317]},"properties":{"probability":0.076,"inBuffer":false,"facType":"police"}},{"type":"Feature","geometry":{"type":"Point","coordinates":[36.21783,36.30317]},"properties":{"probability":0.088,"inBuffer":false,"facType":"police"}},{"type":"Feature","geometry":{"type":"Point","coordinates":[36.37054,36.30317]},"properties":{"probability":0.068,"inBuffer":false,"facType":"airport"}},{"type":"Feature","geometry":{"type":"Point","coordinates":[36.39749,36.30317]},"properties":{"probability":0.066,"inBuffer":false,"facType":"airport"}},{"type":"Feature","geometry":{"type":"Point","coordinates":[36.40198,36.30317]},"properties":{"probability":0.063,"inBuffer":false,"facType":"airport"}},{"type":"Feature","geometry":{"type":"Point","coordinates":[36.18189,36.29868]},"properties":{"probability":0.065,"inBuffer":false,"facType":"substation"}},{"type":"Feature","geometry":{"type":"Point","coordinates":[36.18639,36.29868]},"properties":{"probability":0.066,"inBuffer":false,"facType":"substation"}},{"type":"Feature","geometry":{"type":"Point","coordinates":[36.19088,36.29868]},"properties":{"probability":0.097,"inBuffer":false,"facType":"substation"}},{"type":"Feature","geometry":{"type":"Point","coordinates":[36.19537,36.29868]},"properties":{"probability":0.145,"inBuffer":false,"facType":"substation"}},{"type":"Feature","geometry":{"type":"Point","coordinates":[36.19986,36.29868]},"properties":{"probability":0.145,"inBuffer":false,"facType":"substation"}},{"type":"Feature","geometry":{"type":"Point","coordinates":[36.20435,36.29868]},"properties":{"probability":0.08,"inBuffer":false,"facType":"substation"}},{"type":"Feature","geometry":{"type":"Point","coordinates":[36.20884,36.29868]},"properties":{"probability":0.073,"inBuffer":false,"facType":"substation"}},{"type":"Feature","geometry":{"type":"Point","coordinates":[36.21333,36.29868]},"properties":{"probability":0.069,"inBuffer":false,"facType":"substation"}},{"type":"Feature","geometry":{"type":"Point","coordinates":[36.29418,36.29868]},"properties":{"probability":0.067,"inBuffer":false,"facType":"airport"}},{"type":"Feature","geometry":{"type":"Point","coordinates":[36.29868,36.29868]},"properties":{"probability":0.065,"inBuffer":false,"facType":"airport"}},{"type":"Feature","geometry":{"type":"Point","coordinates":[36.31664,36.29868]},"properties":{"probability":0.068,"inBuffer":false,"facType":"airport"}},{"type":"Feature","geometry":{"type":"Point","coordinates":[36.37054,36.29868]},"properties":{"probability":0.071,"inBuffer":false,"facType":"airport"}},{"type":"Feature","geometry":{"type":"Point","coordinates":[36.11003,36.29418]},"properties":{"probability":0.063,"inBuffer":false,"facType":"substation"}},{"type":"Feature","geometry":{"type":"Point","coordinates":[36.11452,36.29418]},"properties":{"probability":0.066,"inBuffer":false,"facType":"substation"}},{"type":"Feature","geometry":{"type":"Point","coordinates":[36.11901,36.29418]},"properties":{"probability":0.064,"inBuffer":false,"facType":"substation"}},{"type":"Feature","geometry":{"type":"Point","coordinates":[36.1235,36.29418]},"properties":{"probability":0.063,"inBuffer":false,"facType":"substation"}},{"type":"Feature","geometry":{"type":"Point","coordinates":[36.12799,36.29418]},"properties":{"probability":0.067,"inBuffer":false,"facType":"substation"}},{"type":"Feature","geometry":{"type":"Point","coordinates":[36.13249,36.29418]},"properties":{"probability":0.065,"inBuffer":false,"facType":"substation"}},{"type":"Feature","geometry":{"type":"Point","coordinates":[36.13698,36.29418]},"properties":{"probability":0.064,"inBuffer":false,"facType":"substation"}},{"type":"Feature","geometry":{"type":"Point","coordinates":[36.14596,36.29418]},"properties":{"probability":0.069,"inBuffer":false,"facType":"substation"}},{"type":"Feature","geometry":{"type":"Point","coordinates":[36.15045,36.29418]},"properties":{"probability":0.07,"inBuffer":false,"facType":"substation"}},{"type":"Feature","geometry":{"type":"Point","coordinates":[36.16842,36.29418]},"properties":{"probability":0.062,"inBuffer":false,"facType":"substation"}},{"type":"Feature","geometry":{"type":"Point","coordinates":[36.17291,36.29418]},"properties":{"probability":0.066,"inBuffer":false,"facType":"substation"}},{"type":"Feature","geometry":{"type":"Point","coordinates":[36.1774,36.29418]},"properties":{"probability":0.063,"inBuffer":false,"facType":"substation"}},{"type":"Feature","geometry":{"type":"Point","coordinates":[36.18639,36.29418]},"properties":{"probability":0.063,"inBuffer":false,"facType":"substation"}},{"type":"Feature","geometry":{"type":"Point","coordinates":[36.19088,36.29418]},"properties":{"probability":0.099,"inBuffer":false,"facType":"substation"}},{"type":"Feature","geometry":{"type":"Point","coordinates":[36.19537,36.29418]},"properties":{"probability":0.142,"inBuffer":false,"facType":"substation"}},{"type":"Feature","geometry":{"type":"Point","coordinates":[36.19986,36.29418]},"properties":{"probability":0.109,"inBuffer":false,"facType":"substation"}},{"type":"Feature","geometry":{"type":"Point","coordinates":[36.20435,36.29418]},"properties":{"probability":0.073,"inBuffer":false,"facType":"substation"}},{"type":"Feature","geometry":{"type":"Point","coordinates":[36.20884,36.29418]},"properties":{"probability":0.073,"inBuffer":false,"facType":"substation"}},{"type":"Feature","geometry":{"type":"Point","coordinates":[36.22681,36.29418]},"properties":{"probability":0.07,"inBuffer":false,"facType":"substation"}},{"type":"Feature","geometry":{"type":"Point","coordinates":[36.2313,36.29418]},"properties":{"probability":0.068,"inBuffer":false,"facType":"substation"}},{"type":"Feature","geometry":{"type":"Point","coordinates":[36.29868,36.29418]},"properties":{"probability":0.067,"inBuffer":false,"facType":"airport"}},{"type":"Feature","geometry":{"type":"Point","coordinates":[36.37054,36.29418]},"properties":{"probability":0.068,"inBuffer":false,"facType":"airport"}},{"type":"Feature","geometry":{"type":"Point","coordinates":[36.11452,36.28969]},"properties":{"probability":0.065,"inBuffer":false,"facType":"substation"}},{"type":"Feature","geometry":{"type":"Point","coordinates":[36.11901,36.28969]},"properties":{"probability":0.068,"inBuffer":false,"facType":"substation"}},{"type":"Feature","geometry":{"type":"Point","coordinates":[36.1235,36.28969]},"properties":{"probability":0.059,"inBuffer":false,"facType":"substation"}},{"type":"Feature","geometry":{"type":"Point","coordinates":[36.12799,36.28969]},"properties":{"probability":0.059,"inBuffer":false,"facType":"substation"}},{"type":"Feature","geometry":{"type":"Point","coordinates":[36.13249,36.28969]},"properties":{"probability":0.068,"inBuffer":false,"facType":"substation"}},{"type":"Feature","geometry":{"type":"Point","coordinates":[36.13698,36.28969]},"properties":{"probability":0.07,"inBuffer":false,"facType":"substation"}},{"type":"Feature","geometry":{"type":"Point","coordinates":[36.14596,36.28969]},"properties":{"probability":0.073,"inBuffer":false,"facType":"substation"}},{"type":"Feature","geometry":{"type":"Point","coordinates":[36.15045,36.28969]},"properties":{"probability":0.072,"inBuffer":false,"facType":"substation"}},{"type":"Feature","geometry":{"type":"Point","coordinates":[36.16842,36.28969]},"properties":{"probability":0.063,"inBuffer":false,"facType":"substation"}},{"type":"Feature","geometry":{"type":"Point","coordinates":[36.17291,36.28969]},"properties":{"probability":0.068,"inBuffer":false,"facType":"substation"}},{"type":"Feature","geometry":{"type":"Point","coordinates":[36.1774,36.28969]},"properties":{"probability":0.088,"inBuffer":false,"facType":"substation"}},{"type":"Feature","geometry":{"type":"Point","coordinates":[36.18189,36.28969]},"properties":{"probability":0.079,"inBuffer":false,"facType":"substation"}},{"type":"Feature","geometry":{"type":"Point","coordinates":[36.18639,36.28969]},"properties":{"probability":0.104,"inBuffer":false,"facType":"substation"}},{"type":"Feature","geometry":{"type":"Point","coordinates":[36.19088,36.28969]},"properties":{"probability":0.148,"inBuffer":false,"facType":"substation"}},{"type":"Feature","geometry":{"type":"Point","coordinates":[36.19537,36.28969]},"properties":{"probability":0.147,"inBuffer":false,"facType":"substation"}},{"type":"Feature","geometry":{"type":"Point","coordinates":[36.19986,36.28969]},"properties":{"probability":0.116,"inBuffer":false,"facType":"substation"}},{"type":"Feature","geometry":{"type":"Point","coordinates":[36.20435,36.28969]},"properties":{"probability":0.086,"inBuffer":false,"facType":"substation"}},{"type":"Feature","geometry":{"type":"Point","coordinates":[36.20884,36.28969]},"properties":{"probability":0.061,"inBuffer":false,"facType":"substation"}},{"type":"Feature","geometry":{"type":"Point","coordinates":[36.21333,36.28969]},"properties":{"probability":0.063,"inBuffer":false,"facType":"substation"}},{"type":"Feature","geometry":{"type":"Point","coordinates":[36.22232,36.28969]},"properties":{"probability":0.073,"inBuffer":false,"facType":"substation"}},{"type":"Feature","geometry":{"type":"Point","coordinates":[36.22681,36.28969]},"properties":{"probability":0.101,"inBuffer":false,"facType":"substation"}},{"type":"Feature","geometry":{"type":"Point","coordinates":[36.2313,36.28969]},"properties":{"probability":0.07,"inBuffer":false,"facType":"substation"}},{"type":"Feature","geometry":{"type":"Point","coordinates":[36.23579,36.28969]},"properties":{"probability":0.066,"inBuffer":false,"facType":"substation"}},{"type":"Feature","geometry":{"type":"Point","coordinates":[36.37054,36.28969]},"properties":{"probability":0.071,"inBuffer":false,"facType":"airport"}},{"type":"Feature","geometry":{"type":"Point","coordinates":[36.09655,36.2852]},"properties":{"probability":0.129,"inBuffer":false,"facType":"government"}},{"type":"Feature","geometry":{"type":"Point","coordinates":[36.10104,36.2852]},"properties":{"probability":0.099,"inBuffer":false,"facType":"government"}},{"type":"Feature","geometry":{"type":"Point","coordinates":[36.10554,36.2852]},"properties":{"probability":0.098,"inBuffer":false,"facType":"government"}},{"type":"Feature","geometry":{"type":"Point","coordinates":[36.11003,36.2852]},"properties":{"probability":0.186,"inBuffer":false,"facType":"government"}},{"type":"Feature","geometry":{"type":"Point","coordinates":[36.11452,36.2852]},"properties":{"probability":0.07,"inBuffer":false,"facType":"substation"}},{"type":"Feature","geometry":{"type":"Point","coordinates":[36.11901,36.2852]},"properties":{"probability":0.068,"inBuffer":false,"facType":"substation"}},{"type":"Feature","geometry":{"type":"Point","coordinates":[36.1235,36.2852]},"properties":{"probability":0.063,"inBuffer":false,"facType":"substation"}},{"type":"Feature","geometry":{"type":"Point","coordinates":[36.12799,36.2852]},"properties":{"probability":0.067,"inBuffer":false,"facType":"substation"}},{"type":"Feature","geometry":{"type":"Point","coordinates":[36.13249,36.2852]},"properties":{"probability":0.068,"inBuffer":false,"facType":"substation"}},{"type":"Feature","geometry":{"type":"Point","coordinates":[36.13698,36.2852]},"properties":{"probability":0.064,"inBuffer":false,"facType":"substation"}},{"type":"Feature","geometry":{"type":"Point","coordinates":[36.14147,36.2852]},"properties":{"probability":0.067,"inBuffer":false,"facType":"substation"}},{"type":"Feature","geometry":{"type":"Point","coordinates":[36.14596,36.2852]},"properties":{"probability":0.074,"inBuffer":false,"facType":"substation"}},{"type":"Feature","geometry":{"type":"Point","coordinates":[36.15045,36.2852]},"properties":{"probability":0.076,"inBuffer":false,"facType":"substation"}},{"type":"Feature","geometry":{"type":"Point","coordinates":[36.17291,36.2852]},"properties":{"probability":0.073,"inBuffer":false,"facType":"substation"}},{"type":"Feature","geometry":{"type":"Point","coordinates":[36.1774,36.2852]},"properties":{"probability":0.057,"inBuffer":false,"facType":"substation"}},{"type":"Feature","geometry":{"type":"Point","coordinates":[36.18189,36.2852]},"properties":{"probability":0.105,"inBuffer":false,"facType":"substation"}},{"type":"Feature","geometry":{"type":"Point","coordinates":[36.18639,36.2852]},"properties":{"probability":0.148,"inBuffer":false,"facType":"substation"}},{"type":"Feature","geometry":{"type":"Point","coordinates":[36.19088,36.2852]},"properties":{"probability":0.153,"inBuffer":false,"facType":"substation"}},{"type":"Feature","geometry":{"type":"Point","coordinates":[36.19537,36.2852]},"properties":{"probability":0.17,"inBuffer":false,"facType":"substation"}},{"type":"Feature","geometry":{"type":"Point","coordinates":[36.19986,36.2852]},"properties":{"probability":0.142,"inBuffer":false,"facType":"substation"}},{"type":"Feature","geometry":{"type":"Point","coordinates":[36.20435,36.2852]},"properties":{"probability":0.074,"inBuffer":false,"facType":"substation"}},{"type":"Feature","geometry":{"type":"Point","coordinates":[36.20884,36.2852]},"properties":{"probability":0.07,"inBuffer":false,"facType":"substation"}},{"type":"Feature","geometry":{"type":"Point","coordinates":[36.21333,36.2852]},"properties":{"probability":0.069,"inBuffer":false,"facType":"substation"}},{"type":"Feature","geometry":{"type":"Point","coordinates":[36.21783,36.2852]},"properties":{"probability":0.072,"inBuffer":false,"facType":"substation"}},{"type":"Feature","geometry":{"type":"Point","coordinates":[36.22232,36.2852]},"properties":{"probability":0.073,"inBuffer":false,"facType":"substation"}},{"type":"Feature","geometry":{"type":"Point","coordinates":[36.22681,36.2852]},"properties":{"probability":0.067,"inBuffer":false,"facType":"substation"}},{"type":"Feature","geometry":{"type":"Point","coordinates":[36.2313,36.2852]},"properties":{"probability":0.068,"inBuffer":false,"facType":"substation"}},{"type":"Feature","geometry":{"type":"Point","coordinates":[36.23579,36.2852]},"properties":{"probability":0.074,"inBuffer":false,"facType":"substation"}},{"type":"Feature","geometry":{"type":"Point","coordinates":[36.08757,36.28071]},"properties":{"probability":0.063,"inBuffer":false,"facType":"government"}},{"type":"Feature","geometry":{"type":"Point","coordinates":[36.09206,36.28071]},"properties":{"probability":0.067,"inBuffer":false,"facType":"government"}},{"type":"Feature","geometry":{"type":"Point","coordinates":[36.09655,36.28071]},"properties":{"probability":0.063,"inBuffer":false,"facType":"government"}},{"type":"Feature","geometry":{"type":"Point","coordinates":[36.10104,36.28071]},"properties":{"probability":0.109,"inBuffer":false,"facType":"government"}},{"type":"Feature","geometry":{"type":"Point","coordinates":[36.10554,36.28071]},"properties":{"probability":0.174,"inBuffer":false,"facType":"government"}},{"type":"Feature","geometry":{"type":"Point","coordinates":[36.11003,36.28071]},"properties":{"probability":0.13,"inBuffer":false,"facType":"government"}},{"type":"Feature","geometry":{"type":"Point","coordinates":[36.11452,36.28071]},"properties":{"probability":0.065,"inBuffer":false,"facType":"government"}},{"type":"Feature","geometry":{"type":"Point","coordinates":[36.11901,36.28071]},"properties":{"probability":0.065,"inBuffer":false,"facType":"substation"}},{"type":"Feature","geometry":{"type":"Point","coordinates":[36.1235,36.28071]},"properties":{"probability":0.066,"inBuffer":false,"facType":"substation"}},{"type":"Feature","geometry":{"type":"Point","coordinates":[36.12799,36.28071]},"properties":{"probability":0.072,"inBuffer":false,"facType":"substation"}},{"type":"Feature","geometry":{"type":"Point","coordinates":[36.13249,36.28071]},"properties":{"probability":0.079,"inBuffer":false,"facType":"substation"}},{"type":"Feature","geometry":{"type":"Point","coordinates":[36.13698,36.28071]},"properties":{"probability":0.079,"inBuffer":false,"facType":"substation"}},{"type":"Feature","geometry":{"type":"Point","coordinates":[36.14147,36.28071]},"properties":{"probability":0.068,"inBuffer":false,"facType":"substation"}},{"type":"Feature","geometry":{"type":"Point","coordinates":[36.14596,36.28071]},"properties":{"probability":0.066,"inBuffer":false,"facType":"substation"}},{"type":"Feature","geometry":{"type":"Point","coordinates":[36.15045,36.28071]},"properties":{"probability":0.068,"inBuffer":false,"facType":"substation"}},{"type":"Feature","geometry":{"type":"Point","coordinates":[36.15495,36.28071]},"properties":{"probability":0.065,"inBuffer":false,"facType":"substation"}},{"type":"Feature","geometry":{"type":"Point","coordinates":[36.1774,36.28071]},"properties":{"probability":0.065,"inBuffer":false,"facType":"substation"}},{"type":"Feature","geometry":{"type":"Point","coordinates":[36.18189,36.28071]},"properties":{"probability":0.097,"inBuffer":false,"facType":"substation"}},{"type":"Feature","geometry":{"type":"Point","coordinates":[36.18639,36.28071]},"properties":{"probability":0.132,"inBuffer":false,"facType":"substation"}},{"type":"Feature","geometry":{"type":"Point","coordinates":[36.19088,36.28071]},"properties":{"probability":0.151,"inBuffer":false,"facType":"substation"}},{"type":"Feature","geometry":{"type":"Point","coordinates":[36.19537,36.28071]},"properties":{"probability":0.211,"inBuffer":false,"facType":"substation"}},{"type":"Feature","geometry":{"type":"Point","coordinates":[36.19986,36.28071]},"properties":{"probability":0.173,"inBuffer":false,"facType":"substation"}},{"type":"Feature","geometry":{"type":"Point","coordinates":[36.20435,36.28071]},"properties":{"probability":0.076,"inBuffer":false,"facType":"substation"}},{"type":"Feature","geometry":{"type":"Point","coordinates":[36.20884,36.28071]},"properties":{"probability":0.071,"inBuffer":false,"facType":"substation"}},{"type":"Feature","geometry":{"type":"Point","coordinates":[36.21333,36.28071]},"properties":{"probability":0.072,"inBuffer":false,"facType":"substation"}},{"type":"Feature","geometry":{"type":"Point","coordinates":[36.21783,36.28071]},"properties":{"probability":0.07,"inBuffer":false,"facType":"substation"}},{"type":"Feature","geometry":{"type":"Point","coordinates":[36.22232,36.28071]},"properties":{"probability":0.086,"inBuffer":false,"facType":"substation"}},{"type":"Feature","geometry":{"type":"Point","coordinates":[36.22681,36.28071]},"properties":{"probability":0.088,"inBuffer":false,"facType":"substation"}},{"type":"Feature","geometry":{"type":"Point","coordinates":[36.2313,36.28071]},"properties":{"probability":0.087,"inBuffer":false,"facType":"substation"}},{"type":"Feature","geometry":{"type":"Point","coordinates":[36.23579,36.28071]},"properties":{"probability":0.069,"inBuffer":false,"facType":"substation"}},{"type":"Feature","geometry":{"type":"Point","coordinates":[36.24028,36.28071]},"properties":{"probability":0.07,"inBuffer":false,"facType":"substation"}},{"type":"Feature","geometry":{"type":"Point","coordinates":[36.24478,36.28071]},"properties":{"probability":0.07,"inBuffer":false,"facType":"substation"}},{"type":"Feature","geometry":{"type":"Point","coordinates":[36.24927,36.28071]},"properties":{"probability":0.069,"inBuffer":false,"facType":"substation"}},{"type":"Feature","geometry":{"type":"Point","coordinates":[36.09206,36.27622]},"properties":{"probability":0.069,"inBuffer":false,"facType":"government"}},{"type":"Feature","geometry":{"type":"Point","coordinates":[36.09655,36.27622]},"properties":{"probability":0.066,"inBuffer":false,"facType":"government"}},{"type":"Feature","geometry":{"type":"Point","coordinates":[36.10104,36.27622]},"properties":{"probability":0.074,"inBuffer":false,"facType":"government"}},{"type":"Feature","geometry":{"type":"Point","coordinates":[36.10554,36.27622]},"properties":{"probability":0.105,"inBuffer":false,"facType":"government"}},{"type":"Feature","geometry":{"type":"Point","coordinates":[36.11003,36.27622]},"properties":{"probability":0.135,"inBuffer":false,"facType":"government"}},{"type":"Feature","geometry":{"type":"Point","coordinates":[36.11452,36.27622]},"properties":{"probability":0.093,"inBuffer":false,"facType":"government"}},{"type":"Feature","geometry":{"type":"Point","coordinates":[36.11901,36.27622]},"properties":{"probability":0.06,"inBuffer":false,"facType":"substation"}},{"type":"Feature","geometry":{"type":"Point","coordinates":[36.1235,36.27622]},"properties":{"probability":0.067,"inBuffer":false,"facType":"substation"}},{"type":"Feature","geometry":{"type":"Point","coordinates":[36.12799,36.27622]},"properties":{"probability":0.064,"inBuffer":false,"facType":"substation"}},{"type":"Feature","geometry":{"type":"Point","coordinates":[36.13249,36.27622]},"properties":{"probability":0.066,"inBuffer":false,"facType":"substation"}},{"type":"Feature","geometry":{"type":"Point","coordinates":[36.13698,36.27622]},"properties":{"probability":0.066,"inBuffer":false,"facType":"substation"}},{"type":"Feature","geometry":{"type":"Point","coordinates":[36.14147,36.27622]},"properties":{"probability":0.066,"inBuffer":false,"facType":"substation"}},{"type":"Feature","geometry":{"type":"Point","coordinates":[36.14596,36.27622]},"properties":{"probability":0.065,"inBuffer":false,"facType":"substation"}},{"type":"Feature","geometry":{"type":"Point","coordinates":[36.15045,36.27622]},"properties":{"probability":0.067,"inBuffer":false,"facType":"substation"}},{"type":"Feature","geometry":{"type":"Point","coordinates":[36.15495,36.27622]},"properties":{"probability":0.071,"inBuffer":false,"facType":"substation"}},{"type":"Feature","geometry":{"type":"Point","coordinates":[36.15944,36.27622]},"properties":{"probability":0.07,"inBuffer":false,"facType":"substation"}},{"type":"Feature","geometry":{"type":"Point","coordinates":[36.1774,36.27622]},"properties":{"probability":0.067,"inBuffer":false,"facType":"substation"}},{"type":"Feature","geometry":{"type":"Point","coordinates":[36.18189,36.27622]},"properties":{"probability":0.078,"inBuffer":false,"facType":"substation"}},{"type":"Feature","geometry":{"type":"Point","coordinates":[36.18639,36.27622]},"properties":{"probability":0.143,"inBuffer":false,"facType":"substation"}},{"type":"Feature","geometry":{"type":"Point","coordinates":[36.19088,36.27622]},"properties":{"probability":0.195,"inBuffer":false,"facType":"substation"}},{"type":"Feature","geometry":{"type":"Point","coordinates":[36.19537,36.27622]},"properties":{"probability":0.175,"inBuffer":false,"facType":"substation"}},{"type":"Feature","geometry":{"type":"Point","coordinates":[36.19986,36.27622]},"properties":{"probability":0.122,"inBuffer":false,"facType":"substation"}},{"type":"Feature","geometry":{"type":"Point","coordinates":[36.20435,36.27622]},"properties":{"probability":0.076,"inBuffer":false,"facType":"substation"}},{"type":"Feature","geometry":{"type":"Point","coordinates":[36.20884,36.27622]},"properties":{"probability":0.071,"inBuffer":false,"facType":"substation"}},{"type":"Feature","geometry":{"type":"Point","coordinates":[36.21333,36.27622]},"properties":{"probability":0.076,"inBuffer":false,"facType":"substation"}},{"type":"Feature","geometry":{"type":"Point","coordinates":[36.21783,36.27622]},"properties":{"probability":0.074,"inBuffer":false,"facType":"substation"}},{"type":"Feature","geometry":{"type":"Point","coordinates":[36.22232,36.27622]},"properties":{"probability":0.222,"inBuffer":false,"facType":"substation"}},{"type":"Feature","geometry":{"type":"Point","coordinates":[36.22681,36.27622]},"properties":{"probability":0.181,"inBuffer":false,"facType":"substation"}},{"type":"Feature","geometry":{"type":"Point","coordinates":[36.2313,36.27622]},"properties":{"probability":0.105,"inBuffer":false,"facType":"substation"}},{"type":"Feature","geometry":{"type":"Point","coordinates":[36.23579,36.27622]},"properties":{"probability":0.096,"inBuffer":false,"facType":"substation"}},{"type":"Feature","geometry":{"type":"Point","coordinates":[36.24028,36.27622]},"properties":{"probability":0.071,"inBuffer":false,"facType":"substation"}},{"type":"Feature","geometry":{"type":"Point","coordinates":[36.24478,36.27622]},"properties":{"probability":0.074,"inBuffer":false,"facType":"substation"}},{"type":"Feature","geometry":{"type":"Point","coordinates":[36.24927,36.27622]},"properties":{"probability":0.073,"inBuffer":false,"facType":"substation"}},{"type":"Feature","geometry":{"type":"Point","coordinates":[36.10104,36.27172]},"properties":{"probability":0.072,"inBuffer":false,"facType":"government"}},{"type":"Feature","geometry":{"type":"Point","coordinates":[36.10554,36.27172]},"properties":{"probability":0.067,"inBuffer":false,"facType":"government"}},{"type":"Feature","geometry":{"type":"Point","coordinates":[36.11003,36.27172]},"properties":{"probability":0.101,"inBuffer":false,"facType":"government"}},{"type":"Feature","geometry":{"type":"Point","coordinates":[36.11452,36.27172]},"properties":{"probability":0.077,"inBuffer":false,"facType":"government"}},{"type":"Feature","geometry":{"type":"Point","coordinates":[36.11901,36.27172]},"properties":{"probability":0.067,"inBuffer":false,"facType":"government"}},{"type":"Feature","geometry":{"type":"Point","coordinates":[36.1235,36.27172]},"properties":{"probability":0.063,"inBuffer":false,"facType":"substation"}},{"type":"Feature","geometry":{"type":"Point","coordinates":[36.14147,36.27172]},"properties":{"probability":0.064,"inBuffer":false,"facType":"substation"}},{"type":"Feature","geometry":{"type":"Point","coordinates":[36.14596,36.27172]},"properties":{"probability":0.072,"inBuffer":false,"facType":"substation"}},{"type":"Feature","geometry":{"type":"Point","coordinates":[36.15045,36.27172]},"properties":{"probability":0.071,"inBuffer":false,"facType":"substation"}},{"type":"Feature","geometry":{"type":"Point","coordinates":[36.15495,36.27172]},"properties":{"probability":0.066,"inBuffer":false,"facType":"substation"}},{"type":"Feature","geometry":{"type":"Point","coordinates":[36.1774,36.27172]},"properties":{"probability":0.073,"inBuffer":false,"facType":"substation"}},{"type":"Feature","geometry":{"type":"Point","coordinates":[36.18189,36.27172]},"properties":{"probability":0.079,"inBuffer":false,"facType":"substation"}},{"type":"Feature","geometry":{"type":"Point","coordinates":[36.18639,36.27172]},"properties":{"probability":0.144,"inBuffer":false,"facType":"substation"}},{"type":"Feature","geometry":{"type":"Point","coordinates":[36.19088,36.27172]},"properties":{"probability":0.237,"inBuffer":false,"facType":"substation"}},{"type":"Feature","geometry":{"type":"Point","coordinates":[36.19537,36.27172]},"properties":{"probability":0.13,"inBuffer":false,"facType":"substation"}},{"type":"Feature","geometry":{"type":"Point","coordinates":[36.19986,36.27172]},"properties":{"probability":0.077,"inBuffer":false,"facType":"substation"}},{"type":"Feature","geometry":{"type":"Point","coordinates":[36.20435,36.27172]},"properties":{"probability":0.081,"inBuffer":false,"facType":"substation"}},{"type":"Feature","geometry":{"type":"Point","coordinates":[36.20884,36.27172]},"properties":{"probability":0.093,"inBuffer":false,"facType":"substation"}},{"type":"Feature","geometry":{"type":"Point","coordinates":[36.21333,36.27172]},"properties":{"probability":0.073,"inBuffer":false,"facType":"substation"}},{"type":"Feature","geometry":{"type":"Point","coordinates":[36.21783,36.27172]},"properties":{"probability":0.172,"inBuffer":false,"facType":"substation"}},{"type":"Feature","geometry":{"type":"Point","coordinates":[36.22232,36.27172]},"properties":{"probability":0.185,"inBuffer":false,"facType":"substation"}},{"type":"Feature","geometry":{"type":"Point","coordinates":[36.22681,36.27172]},"properties":{"probability":0.188,"inBuffer":false,"facType":"substation"}},{"type":"Feature","geometry":{"type":"Point","coordinates":[36.2313,36.27172]},"properties":{"probability":0.175,"inBuffer":false,"facType":"substation"}},{"type":"Feature","geometry":{"type":"Point","coordinates":[36.23579,36.27172]},"properties":{"probability":0.082,"inBuffer":false,"facType":"substation"}},{"type":"Feature","geometry":{"type":"Point","coordinates":[36.24028,36.27172]},"properties":{"probability":0.074,"inBuffer":false,"facType":"substation"}},{"type":"Feature","geometry":{"type":"Point","coordinates":[36.24478,36.27172]},"properties":{"probability":0.074,"inBuffer":false,"facType":"substation"}},{"type":"Feature","geometry":{"type":"Point","coordinates":[36.24927,36.27172]},"properties":{"probability":0.075,"inBuffer":false,"facType":"substation"}},{"type":"Feature","geometry":{"type":"Point","coordinates":[36.25376,36.27172]},"properties":{"probability":0.071,"inBuffer":false,"facType":"substation"}},{"type":"Feature","geometry":{"type":"Point","coordinates":[36.10104,36.26723]},"properties":{"probability":0.063,"inBuffer":false,"facType":"government"}},{"type":"Feature","geometry":{"type":"Point","coordinates":[36.10554,36.26723]},"properties":{"probability":0.07,"inBuffer":false,"facType":"government"}},{"type":"Feature","geometry":{"type":"Point","coordinates":[36.11003,36.26723]},"properties":{"probability":0.068,"inBuffer":false,"facType":"government"}},{"type":"Feature","geometry":{"type":"Point","coordinates":[36.11452,36.26723]},"properties":{"probability":0.065,"inBuffer":false,"facType":"government"}},{"type":"Feature","geometry":{"type":"Point","coordinates":[36.11901,36.26723]},"properties":{"probability":0.066,"inBuffer":false,"facType":"government"}},{"type":"Feature","geometry":{"type":"Point","coordinates":[36.14596,36.26723]},"properties":{"probability":0.066,"inBuffer":false,"facType":"substation"}},{"type":"Feature","geometry":{"type":"Point","coordinates":[36.15045,36.26723]},"properties":{"probability":0.067,"inBuffer":false,"facType":"substation"}},{"type":"Feature","geometry":{"type":"Point","coordinates":[36.15495,36.26723]},"properties":{"probability":0.063,"inBuffer":false,"facType":"substation"}},{"type":"Feature","geometry":{"type":"Point","coordinates":[36.15944,36.26723]},"properties":{"probability":0.069,"inBuffer":false,"facType":"substation"}},{"type":"Feature","geometry":{"type":"Point","coordinates":[36.16393,36.26723]},"properties":{"probability":0.069,"inBuffer":false,"facType":"substation"}},{"type":"Feature","geometry":{"type":"Point","coordinates":[36.16842,36.26723]},"properties":{"probability":0.075,"inBuffer":false,"facType":"substation"}},{"type":"Feature","geometry":{"type":"Point","coordinates":[36.17291,36.26723]},"properties":{"probability":0.068,"inBuffer":false,"facType":"substation"}},{"type":"Feature","geometry":{"type":"Point","coordinates":[36.1774,36.26723]},"properties":{"probability":0.1,"inBuffer":false,"facType":"substation"}},{"type":"Feature","geometry":{"type":"Point","coordinates":[36.18189,36.26723]},"properties":{"probability":0.137,"inBuffer":false,"facType":"substation"}},{"type":"Feature","geometry":{"type":"Point","coordinates":[36.18639,36.26723]},"properties":{"probability":0.214,"inBuffer":false,"facType":"substation"}},{"type":"Feature","geometry":{"type":"Point","coordinates":[36.19088,36.26723]},"properties":{"probability":0.185,"inBuffer":false,"facType":"substation"}},{"type":"Feature","geometry":{"type":"Point","coordinates":[36.19537,36.26723]},"properties":{"probability":0.098,"inBuffer":false,"facType":"substation"}},{"type":"Feature","geometry":{"type":"Point","coordinates":[36.19986,36.26723]},"properties":{"probability":0.072,"inBuffer":false,"facType":"substation"}},{"type":"Feature","geometry":{"type":"Point","coordinates":[36.20435,36.26723]},"properties":{"probability":0.086,"inBuffer":false,"facType":"substation"}},{"type":"Feature","geometry":{"type":"Point","coordinates":[36.20884,36.26723]},"properties":{"probability":0.093,"inBuffer":false,"facType":"substation"}},{"type":"Feature","geometry":{"type":"Point","coordinates":[36.21333,36.26723]},"properties":{"probability":0.07,"inBuffer":false,"facType":"substation"}},{"type":"Feature","geometry":{"type":"Point","coordinates":[36.21783,36.26723]},"properties":{"probability":0.133,"inBuffer":false,"facType":"substation"}},{"type":"Feature","geometry":{"type":"Point","coordinates":[36.22232,36.26723]},"properties":{"probability":0.189,"inBuffer":false,"facType":"substation"}},{"type":"Feature","geometry":{"type":"Point","coordinates":[36.22681,36.26723]},"properties":{"probability":0.191,"inBuffer":false,"facType":"substation"}},{"type":"Feature","geometry":{"type":"Point","coordinates":[36.2313,36.26723]},"properties":{"probability":0.164,"inBuffer":false,"facType":"substation"}},{"type":"Feature","geometry":{"type":"Point","coordinates":[36.23579,36.26723]},"properties":{"probability":0.074,"inBuffer":false,"facType":"substation"}},{"type":"Feature","geometry":{"type":"Point","coordinates":[36.24028,36.26723]},"properties":{"probability":0.074,"inBuffer":false,"facType":"substation"}},{"type":"Feature","geometry":{"type":"Point","coordinates":[36.24478,36.26723]},"properties":{"probability":0.072,"inBuffer":false,"facType":"substation"}},{"type":"Feature","geometry":{"type":"Point","coordinates":[36.24927,36.26723]},"properties":{"probability":0.084,"inBuffer":false,"facType":"substation"}},{"type":"Feature","geometry":{"type":"Point","coordinates":[36.25376,36.26723]},"properties":{"probability":0.073,"inBuffer":false,"facType":"substation"}},{"type":"Feature","geometry":{"type":"Point","coordinates":[36.25825,36.26723]},"properties":{"probability":0.064,"inBuffer":false,"facType":"substation"}},{"type":"Feature","geometry":{"type":"Point","coordinates":[36.10554,36.26274]},"properties":{"probability":0.065,"inBuffer":false,"facType":"government"}},{"type":"Feature","geometry":{"type":"Point","coordinates":[36.11003,36.26274]},"properties":{"probability":0.068,"inBuffer":false,"facType":"government"}},{"type":"Feature","geometry":{"type":"Point","coordinates":[36.11452,36.26274]},"properties":{"probability":0.074,"inBuffer":false,"facType":"government"}},{"type":"Feature","geometry":{"type":"Point","coordinates":[36.11901,36.26274]},"properties":{"probability":0.063,"inBuffer":false,"facType":"government"}},{"type":"Feature","geometry":{"type":"Point","coordinates":[36.14596,36.26274]},"properties":{"probability":0.064,"inBuffer":false,"facType":"substation"}},{"type":"Feature","geometry":{"type":"Point","coordinates":[36.15045,36.26274]},"properties":{"probability":0.101,"inBuffer":false,"facType":"substation"}},{"type":"Feature","geometry":{"type":"Point","coordinates":[36.15495,36.26274]},"properties":{"probability":0.13,"inBuffer":false,"facType":"substation"}},{"type":"Feature","geometry":{"type":"Point","coordinates":[36.15944,36.26274]},"properties":{"probability":0.115,"inBuffer":false,"facType":"substation"}},{"type":"Feature","geometry":{"type":"Point","coordinates":[36.16393,36.26274]},"properties":{"probability":0.107,"inBuffer":false,"facType":"substation"}},{"type":"Feature","geometry":{"type":"Point","coordinates":[36.16842,36.26274]},"properties":{"probability":0.189,"inBuffer":false,"facType":"substation"}},{"type":"Feature","geometry":{"type":"Point","coordinates":[36.17291,36.26274]},"properties":{"probability":0.151,"inBuffer":false,"facType":"substation"}},{"type":"Feature","geometry":{"type":"Point","coordinates":[36.1774,36.26274]},"properties":{"probability":0.179,"inBuffer":false,"facType":"substation"}},{"type":"Feature","geometry":{"type":"Point","coordinates":[36.18189,36.26274]},"properties":{"probability":0.208,"inBuffer":false,"facType":"substation"}},{"type":"Feature","geometry":{"type":"Point","coordinates":[36.18639,36.26274]},"properties":{"probability":0.188,"inBuffer":false,"facType":"substation"}},{"type":"Feature","geometry":{"type":"Point","coordinates":[36.19088,36.26274]},"properties":{"probability":0.188,"inBuffer":false,"facType":"substation"}},{"type":"Feature","geometry":{"type":"Point","coordinates":[36.19537,36.26274]},"properties":{"probability":0.071,"inBuffer":false,"facType":"substation"}},{"type":"Feature","geometry":{"type":"Point","coordinates":[36.19986,36.26274]},"properties":{"probability":0.065,"inBuffer":false,"facType":"substation"}},{"type":"Feature","geometry":{"type":"Point","coordinates":[36.20435,36.26274]},"properties":{"probability":0.067,"inBuffer":false,"facType":"substation"}},{"type":"Feature","geometry":{"type":"Point","coordinates":[36.20884,36.26274]},"properties":{"probability":0.108,"inBuffer":false,"facType":"substation"}},{"type":"Feature","geometry":{"type":"Point","coordinates":[36.21333,36.26274]},"properties":{"probability":0.078,"inBuffer":false,"facType":"substation"}},{"type":"Feature","geometry":{"type":"Point","coordinates":[36.21783,36.26274]},"properties":{"probability":0.086,"inBuffer":false,"facType":"substation"}},{"type":"Feature","geometry":{"type":"Point","coordinates":[36.22232,36.26274]},"properties":{"probability":0.143,"inBuffer":false,"facType":"substation"}},{"type":"Feature","geometry":{"type":"Point","coordinates":[36.22681,36.26274]},"properties":{"probability":0.141,"inBuffer":false,"facType":"substation"}},{"type":"Feature","geometry":{"type":"Point","coordinates":[36.2313,36.26274]},"properties":{"probability":0.076,"inBuffer":false,"facType":"substation"}},{"type":"Feature","geometry":{"type":"Point","coordinates":[36.23579,36.26274]},"properties":{"probability":0.076,"inBuffer":false,"facType":"substation"}},{"type":"Feature","geometry":{"type":"Point","coordinates":[36.24028,36.26274]},"properties":{"probability":0.076,"inBuffer":false,"facType":"substation"}},{"type":"Feature","geometry":{"type":"Point","coordinates":[36.24478,36.26274]},"properties":{"probability":0.067,"inBuffer":false,"facType":"substation"}},{"type":"Feature","geometry":{"type":"Point","coordinates":[36.24927,36.26274]},"properties":{"probability":0.066,"inBuffer":false,"facType":"substation"}},{"type":"Feature","geometry":{"type":"Point","coordinates":[36.25376,36.26274]},"properties":{"probability":0.063,"inBuffer":false,"facType":"substation"}},{"type":"Feature","geometry":{"type":"Point","coordinates":[36.26274,36.26274]},"properties":{"probability":0.086,"inBuffer":false,"facType":"substation"}},{"type":"Feature","geometry":{"type":"Point","coordinates":[36.08757,36.25825]},"properties":{"probability":0.066,"inBuffer":false,"facType":"government"}},{"type":"Feature","geometry":{"type":"Point","coordinates":[36.09206,36.25825]},"properties":{"probability":0.062,"inBuffer":false,"facType":"government"}},{"type":"Feature","geometry":{"type":"Point","coordinates":[36.09655,36.25825]},"properties":{"probability":0.066,"inBuffer":false,"facType":"government"}},{"type":"Feature","geometry":{"type":"Point","coordinates":[36.13698,36.25825]},"properties":{"probability":0.072,"inBuffer":false,"facType":"substation"}},{"type":"Feature","geometry":{"type":"Point","coordinates":[36.14596,36.25825]},"properties":{"probability":0.061,"inBuffer":false,"facType":"substation"}},{"type":"Feature","geometry":{"type":"Point","coordinates":[36.15045,36.25825]},"properties":{"probability":0.159,"inBuffer":false,"facType":"substation"}},{"type":"Feature","geometry":{"type":"Point","coordinates":[36.15495,36.25825]},"properties":{"probability":0.139,"inBuffer":false,"facType":"substation"}},{"type":"Feature","geometry":{"type":"Point","coordinates":[36.15944,36.25825]},"properties":{"probability":0.159,"inBuffer":false,"facType":"substation"}},{"type":"Feature","geometry":{"type":"Point","coordinates":[36.16393,36.25825]},"properties":{"probability":0.161,"inBuffer":false,"facType":"substation"}},{"type":"Feature","geometry":{"type":"Point","coordinates":[36.16842,36.25825]},"properties":{"probability":0.169,"inBuffer":false,"facType":"substation"}},{"type":"Feature","geometry":{"type":"Point","coordinates":[36.17291,36.25825]},"properties":{"probability":0.193,"inBuffer":false,"facType":"substation"}},{"type":"Feature","geometry":{"type":"Point","coordinates":[36.1774,36.25825]},"properties":{"probability":0.188,"inBuffer":false,"facType":"substation"}},{"type":"Feature","geometry":{"type":"Point","coordinates":[36.18189,36.25825]},"properties":{"probability":0.171,"inBuffer":false,"facType":"substation"}},{"type":"Feature","geometry":{"type":"Point","coordinates":[36.18639,36.25825]},"properties":{"probability":0.154,"inBuffer":false,"facType":"substation"}},{"type":"Feature","geometry":{"type":"Point","coordinates":[36.19088,36.25825]},"properties":{"probability":0.197,"inBuffer":false,"facType":"substation"}},{"type":"Feature","geometry":{"type":"Point","coordinates":[36.19537,36.25825]},"properties":{"probability":0.183,"inBuffer":false,"facType":"substation"}},{"type":"Feature","geometry":{"type":"Point","coordinates":[36.19986,36.25825]},"properties":{"probability":0.172,"inBuffer":false,"facType":"substation"}},{"type":"Feature","geometry":{"type":"Point","coordinates":[36.20435,36.25825]},"properties":{"probability":0.205,"inBuffer":false,"facType":"substation"}},{"type":"Feature","geometry":{"type":"Point","coordinates":[36.20884,36.25825]},"properties":{"probability":0.153,"inBuffer":false,"facType":"substation"}},{"type":"Feature","geometry":{"type":"Point","coordinates":[36.21333,36.25825]},"properties":{"probability":0.146,"inBuffer":false,"facType":"substation"}},{"type":"Feature","geometry":{"type":"Point","coordinates":[36.21783,36.25825]},"properties":{"probability":0.067,"inBuffer":false,"facType":"substation"}},{"type":"Feature","geometry":{"type":"Point","coordinates":[36.22232,36.25825]},"properties":{"probability":0.091,"inBuffer":false,"facType":"substation"}},{"type":"Feature","geometry":{"type":"Point","coordinates":[36.24927,36.25825]},"properties":{"probability":0.064,"inBuffer":false,"facType":"substation"}},{"type":"Feature","geometry":{"type":"Point","coordinates":[36.25376,36.25825]},"properties":{"probability":0.072,"inBuffer":false,"facType":"substation"}},{"type":"Feature","geometry":{"type":"Point","coordinates":[36.25825,36.25825]},"properties":{"probability":0.067,"inBuffer":false,"facType":"substation"}},{"type":"Feature","geometry":{"type":"Point","coordinates":[36.26274,36.25825]},"properties":{"probability":0.071,"inBuffer":false,"facType":"substation"}},{"type":"Feature","geometry":{"type":"Point","coordinates":[36.26723,36.25825]},"properties":{"probability":0.073,"inBuffer":false,"facType":"substation"}},{"type":"Feature","geometry":{"type":"Point","coordinates":[36.27172,36.25825]},"properties":{"probability":0.062,"inBuffer":false,"facType":"substation"}},{"type":"Feature","geometry":{"type":"Point","coordinates":[36.27622,36.25825]},"properties":{"probability":0.061,"inBuffer":false,"facType":"substation"}},{"type":"Feature","geometry":{"type":"Point","coordinates":[36.28071,36.25825]},"properties":{"probability":0.065,"inBuffer":false,"facType":"substation"}},{"type":"Feature","geometry":{"type":"Point","coordinates":[36.2852,36.25825]},"properties":{"probability":0.068,"inBuffer":false,"facType":"substation"}},{"type":"Feature","geometry":{"type":"Point","coordinates":[36.28969,36.25825]},"properties":{"probability":0.071,"inBuffer":false,"facType":"airport"}},{"type":"Feature","geometry":{"type":"Point","coordinates":[36.29418,36.25825]},"properties":{"probability":0.069,"inBuffer":false,"facType":"airport"}},{"type":"Feature","geometry":{"type":"Point","coordinates":[36.30766,36.25825]},"properties":{"probability":0.064,"inBuffer":false,"facType":"airport"}},{"type":"Feature","geometry":{"type":"Point","coordinates":[36.31215,36.25825]},"properties":{"probability":0.068,"inBuffer":false,"facType":"airport"}},{"type":"Feature","geometry":{"type":"Point","coordinates":[36.39749,36.25825]},"properties":{"probability":0.067,"inBuffer":false,"facType":"police"}},{"type":"Feature","geometry":{"type":"Point","coordinates":[36.40198,36.25825]},"properties":{"probability":0.075,"inBuffer":false,"facType":"police"}},{"type":"Feature","geometry":{"type":"Point","coordinates":[36.08757,36.25376]},"properties":{"probability":0.076,"inBuffer":false,"facType":"government"}},{"type":"Feature","geometry":{"type":"Point","coordinates":[36.09206,36.25376]},"properties":{"probability":0.105,"inBuffer":false,"facType":"government"}},{"type":"Feature","geometry":{"type":"Point","coordinates":[36.09655,36.25376]},"properties":{"probability":0.118,"inBuffer":false,"facType":"government"}},{"type":"Feature","geometry":{"type":"Point","coordinates":[36.10104,36.25376]},"properties":{"probability":0.068,"inBuffer":false,"facType":"government"}},{"type":"Feature","geometry":{"type":"Point","coordinates":[36.12799,36.25376]},"properties":{"probability":0.061,"inBuffer":false,"facType":"government"}},{"type":"Feature","geometry":{"type":"Point","coordinates":[36.13249,36.25376]},"properties":{"probability":0.072,"inBuffer":false,"facType":"government"}},{"type":"Feature","geometry":{"type":"Point","coordinates":[36.13698,36.25376]},"properties":{"probability":0.08,"inBuffer":false,"facType":"government"}},{"type":"Feature","geometry":{"type":"Point","coordinates":[36.14147,36.25376]},"properties":{"probability":0.081,"inBuffer":false,"facType":"substation"}},{"type":"Feature","geometry":{"type":"Point","coordinates":[36.14596,36.25376]},"properties":{"probability":0.071,"inBuffer":false,"facType":"substation"}},{"type":"Feature","geometry":{"type":"Point","coordinates":[36.15045,36.25376]},"properties":{"probability":0.138,"inBuffer":false,"facType":"substation"}},{"type":"Feature","geometry":{"type":"Point","coordinates":[36.15495,36.25376]},"properties":{"probability":0.137,"inBuffer":false,"facType":"substation"}},{"type":"Feature","geometry":{"type":"Point","coordinates":[36.15944,36.25376]},"properties":{"probability":0.164,"inBuffer":false,"facType":"substation"}},{"type":"Feature","geometry":{"type":"Point","coordinates":[36.16393,36.25376]},"properties":{"probability":0.161,"inBuffer":false,"facType":"substation"}},{"type":"Feature","geometry":{"type":"Point","coordinates":[36.16842,36.25376]},"properties":{"probability":0.182,"inBuffer":false,"facType":"substation"}},{"type":"Feature","geometry":{"type":"Point","coordinates":[36.17291,36.25376]},"properties":{"probability":0.187,"inBuffer":false,"facType":"substation"}},{"type":"Feature","geometry":{"type":"Point","coordinates":[36.1774,36.25376]},"properties":{"probability":0.163,"inBuffer":false,"facType":"substation"}},{"type":"Feature","geometry":{"type":"Point","coordinates":[36.18189,36.25376]},"properties":{"probability":0.2,"inBuffer":false,"facType":"substation"}},{"type":"Feature","geometry":{"type":"Point","coordinates":[36.18639,36.25376]},"properties":{"probability":0.14,"inBuffer":false,"facType":"substation"}},{"type":"Feature","geometry":{"type":"Point","coordinates":[36.19088,36.25376]},"properties":{"probability":0.139,"inBuffer":false,"facType":"substation"}},{"type":"Feature","geometry":{"type":"Point","coordinates":[36.19537,36.25376]},"properties":{"probability":0.153,"inBuffer":false,"facType":"substation"}},{"type":"Feature","geometry":{"type":"Point","coordinates":[36.19986,36.25376]},"properties":{"probability":0.149,"inBuffer":false,"facType":"substation"}},{"type":"Feature","geometry":{"type":"Point","coordinates":[36.20435,36.25376]},"properties":{"probability":0.095,"inBuffer":false,"facType":"substation"}},{"type":"Feature","geometry":{"type":"Point","coordinates":[36.20884,36.25376]},"properties":{"probability":0.063,"inBuffer":false,"facType":"substation"}},{"type":"Feature","geometry":{"type":"Point","coordinates":[36.21333,36.25376]},"properties":{"probability":0.087,"inBuffer":false,"facType":"substation"}},{"type":"Feature","geometry":{"type":"Point","coordinates":[36.21783,36.25376]},"properties":{"probability":0.07,"inBuffer":false,"facType":"substation"}},{"type":"Feature","geometry":{"type":"Point","coordinates":[36.24478,36.25376]},"properties":{"probability":0.106,"inBuffer":false,"facType":"substation"}},{"type":"Feature","geometry":{"type":"Point","coordinates":[36.24927,36.25376]},"properties":{"probability":0.077,"inBuffer":false,"facType":"substation"}},{"type":"Feature","geometry":{"type":"Point","coordinates":[36.25376,36.25376]},"properties":{"probability":0.067,"inBuffer":false,"facType":"substation"}},{"type":"Feature","geometry":{"type":"Point","coordinates":[36.25825,36.25376]},"properties":{"probability":0.066,"inBuffer":false,"facType":"substation"}},{"type":"Feature","geometry":{"type":"Point","coordinates":[36.26274,36.25376]},"properties":{"probability":0.082,"inBuffer":false,"facType":"substation"}},{"type":"Feature","geometry":{"type":"Point","coordinates":[36.27172,36.25376]},"properties":{"probability":0.064,"inBuffer":false,"facType":"substation"}},{"type":"Feature","geometry":{"type":"Point","coordinates":[36.27622,36.25376]},"properties":{"probability":0.064,"inBuffer":false,"facType":"substation"}},{"type":"Feature","geometry":{"type":"Point","coordinates":[36.28071,36.25376]},"properties":{"probability":0.074,"inBuffer":false,"facType":"substation"}},{"type":"Feature","geometry":{"type":"Point","coordinates":[36.2852,36.25376]},"properties":{"probability":0.074,"inBuffer":false,"facType":"substation"}},{"type":"Feature","geometry":{"type":"Point","coordinates":[36.31664,36.25376]},"properties":{"probability":0.066,"inBuffer":false,"facType":"airport"}},{"type":"Feature","geometry":{"type":"Point","coordinates":[36.35257,36.25376]},"properties":{"probability":0.063,"inBuffer":false,"facType":"airport"}},{"type":"Feature","geometry":{"type":"Point","coordinates":[36.35707,36.25376]},"properties":{"probability":0.066,"inBuffer":false,"facType":"airport"}},{"type":"Feature","geometry":{"type":"Point","coordinates":[36.39749,36.25376]},"properties":{"probability":0.065,"inBuffer":false,"facType":"police"}},{"type":"Feature","geometry":{"type":"Point","coordinates":[36.40198,36.25376]},"properties":{"probability":0.102,"inBuffer":false,"facType":"police"}},{"type":"Feature","geometry":{"type":"Point","coordinates":[36.40647,36.25376]},"properties":{"probability":0.119,"inBuffer":false,"facType":"police"}},{"type":"Feature","geometry":{"type":"Point","coordinates":[36.41096,36.25376]},"properties":{"probability":0.109,"inBuffer":false,"facType":"police"}},{"type":"Feature","geometry":{"type":"Point","coordinates":[36.41545,36.25376]},"properties":{"probability":0.098,"inBuffer":false,"facType":"police"}},{"type":"Feature","geometry":{"type":"Point","coordinates":[36.41995,36.25376]},"properties":{"probability":0.072,"inBuffer":false,"facType":"police"}},{"type":"Feature","geometry":{"type":"Point","coordinates":[36.08757,36.24927]},"properties":{"probability":0.131,"inBuffer":false,"facType":"government"}},{"type":"Feature","geometry":{"type":"Point","coordinates":[36.09206,36.24927]},"properties":{"probability":0.137,"inBuffer":false,"facType":"government"}},{"type":"Feature","geometry":{"type":"Point","coordinates":[36.09655,36.24927]},"properties":{"probability":0.146,"inBuffer":false,"facType":"government"}},{"type":"Feature","geometry":{"type":"Point","coordinates":[36.10104,36.24927]},"properties":{"probability":0.084,"inBuffer":false,"facType":"government"}},{"type":"Feature","geometry":{"type":"Point","coordinates":[36.10554,36.24927]},"properties":{"probability":0.062,"inBuffer":false,"facType":"government"}},{"type":"Feature","geometry":{"type":"Point","coordinates":[36.11452,36.24927]},"properties":{"probability":0.064,"inBuffer":false,"facType":"government"}},{"type":"Feature","geometry":{"type":"Point","coordinates":[36.11901,36.24927]},"properties":{"probability":0.068,"inBuffer":false,"facType":"government"}},{"type":"Feature","geometry":{"type":"Point","coordinates":[36.1235,36.24927]},"properties":{"probability":0.068,"inBuffer":false,"facType":"government"}},{"type":"Feature","geometry":{"type":"Point","coordinates":[36.12799,36.24927]},"properties":{"probability":0.066,"inBuffer":false,"facType":"government"}},{"type":"Feature","geometry":{"type":"Point","coordinates":[36.13249,36.24927]},"properties":{"probability":0.095,"inBuffer":false,"facType":"government"}},{"type":"Feature","geometry":{"type":"Point","coordinates":[36.13698,36.24927]},"properties":{"probability":0.152,"inBuffer":false,"facType":"government"}},{"type":"Feature","geometry":{"type":"Point","coordinates":[36.14147,36.24927]},"properties":{"probability":0.105,"inBuffer":false,"facType":"government"}},{"type":"Feature","geometry":{"type":"Point","coordinates":[36.14596,36.24927]},"properties":{"probability":0.071,"inBuffer":false,"facType":"substation"}},{"type":"Feature","geometry":{"type":"Point","coordinates":[36.15045,36.24927]},"properties":{"probability":0.123,"inBuffer":false,"facType":"substation"}},{"type":"Feature","geometry":{"type":"Point","coordinates":[36.15495,36.24927]},"properties":{"probability":0.184,"inBuffer":false,"facType":"substation"}},{"type":"Feature","geometry":{"type":"Point","coordinates":[36.15944,36.24927]},"properties":{"probability":0.196,"inBuffer":false,"facType":"substation"}},{"type":"Feature","geometry":{"type":"Point","coordinates":[36.16393,36.24927]},"properties":{"probability":0.159,"inBuffer":false,"facType":"substation"}},{"type":"Feature","geometry":{"type":"Point","coordinates":[36.16842,36.24927]},"properties":{"probability":0.193,"inBuffer":false,"facType":"substation"}},{"type":"Feature","geometry":{"type":"Point","coordinates":[36.17291,36.24927]},"properties":{"probability":0.2,"inBuffer":false,"facType":"substation"}},{"type":"Feature","geometry":{"type":"Point","coordinates":[36.1774,36.24927]},"properties":{"probability":0.223,"inBuffer":false,"facType":"substation"}},{"type":"Feature","geometry":{"type":"Point","coordinates":[36.18189,36.24927]},"properties":{"probability":0.193,"inBuffer":false,"facType":"substation"}},{"type":"Feature","geometry":{"type":"Point","coordinates":[36.18639,36.24927]},"properties":{"probability":0.138,"inBuffer":false,"facType":"substation"}},{"type":"Feature","geometry":{"type":"Point","coordinates":[36.19088,36.24927]},"properties":{"probability":0.142,"inBuffer":false,"facType":"substation"}},{"type":"Feature","geometry":{"type":"Point","coordinates":[36.19537,36.24927]},"properties":{"probability":0.157,"inBuffer":false,"facType":"substation"}},{"type":"Feature","geometry":{"type":"Point","coordinates":[36.19986,36.24927]},"properties":{"probability":0.141,"inBuffer":false,"facType":"substation"}},{"type":"Feature","geometry":{"type":"Point","coordinates":[36.20435,36.24927]},"properties":{"probability":0.139,"inBuffer":false,"facType":"substation"}},{"type":"Feature","geometry":{"type":"Point","coordinates":[36.20884,36.24927]},"properties":{"probability":0.121,"inBuffer":false,"facType":"substation"}},{"type":"Feature","geometry":{"type":"Point","coordinates":[36.21333,36.24927]},"properties":{"probability":0.074,"inBuffer":false,"facType":"substation"}},{"type":"Feature","geometry":{"type":"Point","coordinates":[36.21783,36.24927]},"properties":{"probability":0.073,"inBuffer":false,"facType":"substation"}},{"type":"Feature","geometry":{"type":"Point","coordinates":[36.22232,36.24927]},"properties":{"probability":0.074,"inBuffer":false,"facType":"substation"}},{"type":"Feature","geometry":{"type":"Point","coordinates":[36.23579,36.24927]},"properties":{"probability":0.063,"inBuffer":false,"facType":"substation"}},{"type":"Feature","geometry":{"type":"Point","coordinates":[36.24028,36.24927]},"properties":{"probability":0.064,"inBuffer":false,"facType":"substation"}},{"type":"Feature","geometry":{"type":"Point","coordinates":[36.24478,36.24927]},"properties":{"probability":0.137,"inBuffer":false,"facType":"substation"}},{"type":"Feature","geometry":{"type":"Point","coordinates":[36.24927,36.24927]},"properties":{"probability":0.166,"inBuffer":false,"facType":"substation"}},{"type":"Feature","geometry":{"type":"Point","coordinates":[36.25376,36.24927]},"properties":{"probability":0.072,"inBuffer":false,"facType":"substation"}},{"type":"Feature","geometry":{"type":"Point","coordinates":[36.27172,36.24927]},"properties":{"probability":0.065,"inBuffer":false,"facType":"substation"}},{"type":"Feature","geometry":{"type":"Point","coordinates":[36.27622,36.24927]},"properties":{"probability":0.072,"inBuffer":false,"facType":"substation"}},{"type":"Feature","geometry":{"type":"Point","coordinates":[36.28071,36.24927]},"properties":{"probability":0.069,"inBuffer":false,"facType":"substation"}},{"type":"Feature","geometry":{"type":"Point","coordinates":[36.31215,36.24927]},"properties":{"probability":0.063,"inBuffer":false,"facType":"airport"}},{"type":"Feature","geometry":{"type":"Point","coordinates":[36.31664,36.24927]},"properties":{"probability":0.065,"inBuffer":false,"facType":"airport"}},{"type":"Feature","geometry":{"type":"Point","coordinates":[36.32113,36.24927]},"properties":{"probability":0.079,"inBuffer":false,"facType":"airport"}},{"type":"Feature","geometry":{"type":"Point","coordinates":[36.34808,36.24927]},"properties":{"probability":0.069,"inBuffer":false,"facType":"airport"}},{"type":"Feature","geometry":{"type":"Point","coordinates":[36.35257,36.24927]},"properties":{"probability":0.068,"inBuffer":false,"facType":"airport"}},{"type":"Feature","geometry":{"type":"Point","coordinates":[36.35707,36.24927]},"properties":{"probability":0.07,"inBuffer":false,"facType":"airport"}},{"type":"Feature","geometry":{"type":"Point","coordinates":[36.36156,36.24927]},"properties":{"probability":0.071,"inBuffer":false,"facType":"airport"}},{"type":"Feature","geometry":{"type":"Point","coordinates":[36.40198,36.24927]},"properties":{"probability":0.071,"inBuffer":false,"facType":"police"}},{"type":"Feature","geometry":{"type":"Point","coordinates":[36.40647,36.24927]},"properties":{"probability":0.069,"inBuffer":false,"facType":"police"}},{"type":"Feature","geometry":{"type":"Point","coordinates":[36.41096,36.24927]},"properties":{"probability":0.081,"inBuffer":false,"facType":"police"}},{"type":"Feature","geometry":{"type":"Point","coordinates":[36.41545,36.24927]},"properties":{"probability":0.074,"inBuffer":false,"facType":"police"}},{"type":"Feature","geometry":{"type":"Point","coordinates":[36.41995,36.24927]},"properties":{"probability":0.073,"inBuffer":false,"facType":"police"}},{"type":"Feature","geometry":{"type":"Point","coordinates":[36.09206,36.24478]},"properties":{"probability":0.071,"inBuffer":false,"facType":"government"}},{"type":"Feature","geometry":{"type":"Point","coordinates":[36.09655,36.24478]},"properties":{"probability":0.171,"inBuffer":false,"facType":"government"}},{"type":"Feature","geometry":{"type":"Point","coordinates":[36.10104,36.24478]},"properties":{"probability":0.198,"inBuffer":false,"facType":"government"}},{"type":"Feature","geometry":{"type":"Point","coordinates":[36.10554,36.24478]},"properties":{"probability":0.192,"inBuffer":false,"facType":"government"}},{"type":"Feature","geometry":{"type":"Point","coordinates":[36.11003,36.24478]},"properties":{"probability":0.183,"inBuffer":false,"facType":"government"}},{"type":"Feature","geometry":{"type":"Point","coordinates":[36.11452,36.24478]},"properties":{"probability":0.098,"inBuffer":false,"facType":"government"}},{"type":"Feature","geometry":{"type":"Point","coordinates":[36.11901,36.24478]},"properties":{"probability":0.068,"inBuffer":false,"facType":"government"}},{"type":"Feature","geometry":{"type":"Point","coordinates":[36.1235,36.24478]},"properties":{"probability":0.07,"inBuffer":false,"facType":"government"}},{"type":"Feature","geometry":{"type":"Point","coordinates":[36.12799,36.24478]},"properties":{"probability":0.064,"inBuffer":false,"facType":"government"}},{"type":"Feature","geometry":{"type":"Point","coordinates":[36.13249,36.24478]},"properties":{"probability":0.149,"inBuffer":false,"facType":"government"}},{"type":"Feature","geometry":{"type":"Point","coordinates":[36.13698,36.24478]},"properties":{"probability":0.133,"inBuffer":false,"facType":"government"}},{"type":"Feature","geometry":{"type":"Point","coordinates":[36.14147,36.24478]},"properties":{"probability":0.138,"inBuffer":false,"facType":"government"}},{"type":"Feature","geometry":{"type":"Point","coordinates":[36.14596,36.24478]},"properties":{"probability":0.156,"inBuffer":false,"facType":"government"}},{"type":"Feature","geometry":{"type":"Point","coordinates":[36.15045,36.24478]},"properties":{"probability":0.219,"inBuffer":false,"facType":"substation"}},{"type":"Feature","geometry":{"type":"Point","coordinates":[36.15495,36.24478]},"properties":{"probability":0.183,"inBuffer":false,"facType":"substation"}},{"type":"Feature","geometry":{"type":"Point","coordinates":[36.15944,36.24478]},"properties":{"probability":0.144,"inBuffer":false,"facType":"substation"}},{"type":"Feature","geometry":{"type":"Point","coordinates":[36.16393,36.24478]},"properties":{"probability":0.165,"inBuffer":false,"facType":"substation"}},{"type":"Feature","geometry":{"type":"Point","coordinates":[36.16842,36.24478]},"properties":{"probability":0.205,"inBuffer":false,"facType":"substation"}},{"type":"Feature","geometry":{"type":"Point","coordinates":[36.17291,36.24478]},"properties":{"probability":0.242,"inBuffer":false,"facType":"substation"}},{"type":"Feature","geometry":{"type":"Point","coordinates":[36.1774,36.24478]},"properties":{"probability":0.256,"inBuffer":false,"facType":"substation"}},{"type":"Feature","geometry":{"type":"Point","coordinates":[36.18189,36.24478]},"properties":{"probability":0.221,"inBuffer":false,"facType":"substation"}},{"type":"Feature","geometry":{"type":"Point","coordinates":[36.18639,36.24478]},"properties":{"probability":0.163,"inBuffer":false,"facType":"substation"}},{"type":"Feature","geometry":{"type":"Point","coordinates":[36.19088,36.24478]},"properties":{"probability":0.169,"inBuffer":false,"facType":"substation"}},{"type":"Feature","geometry":{"type":"Point","coordinates":[36.19537,36.24478]},"properties":{"probability":0.142,"inBuffer":false,"facType":"substation"}},{"type":"Feature","geometry":{"type":"Point","coordinates":[36.19986,36.24478]},"properties":{"probability":0.147,"inBuffer":false,"facType":"substation"}},{"type":"Feature","geometry":{"type":"Point","coordinates":[36.20435,36.24478]},"properties":{"probability":0.185,"inBuffer":false,"facType":"substation"}},{"type":"Feature","geometry":{"type":"Point","coordinates":[36.20884,36.24478]},"properties":{"probability":0.2,"inBuffer":false,"facType":"substation"}},{"type":"Feature","geometry":{"type":"Point","coordinates":[36.21333,36.24478]},"properties":{"probability":0.179,"inBuffer":false,"facType":"substation"}},{"type":"Feature","geometry":{"type":"Point","coordinates":[36.21783,36.24478]},"properties":{"probability":0.203,"inBuffer":false,"facType":"substation"}},{"type":"Feature","geometry":{"type":"Point","coordinates":[36.22232,36.24478]},"properties":{"probability":0.179,"inBuffer":false,"facType":"substation"}},{"type":"Feature","geometry":{"type":"Point","coordinates":[36.22681,36.24478]},"properties":{"probability":0.071,"inBuffer":false,"facType":"substation"}},{"type":"Feature","geometry":{"type":"Point","coordinates":[36.2313,36.24478]},"properties":{"probability":0.063,"inBuffer":false,"facType":"substation"}},{"type":"Feature","geometry":{"type":"Point","coordinates":[36.23579,36.24478]},"properties":{"probability":0.065,"inBuffer":false,"facType":"substation"}},{"type":"Feature","geometry":{"type":"Point","coordinates":[36.24028,36.24478]},"properties":{"probability":0.074,"inBuffer":false,"facType":"substation"}},{"type":"Feature","geometry":{"type":"Point","coordinates":[36.24478,36.24478]},"properties":{"probability":0.195,"inBuffer":false,"facType":"substation"}},{"type":"Feature","geometry":{"type":"Point","coordinates":[36.24927,36.24478]},"properties":{"probability":0.223,"inBuffer":false,"facType":"substation"}},{"type":"Feature","geometry":{"type":"Point","coordinates":[36.25376,36.24478]},"properties":{"probability":0.169,"inBuffer":false,"facType":"substation"}},{"type":"Feature","geometry":{"type":"Point","coordinates":[36.25825,36.24478]},"properties":{"probability":0.09,"inBuffer":false,"facType":"government"}},{"type":"Feature","geometry":{"type":"Point","coordinates":[36.27172,36.24478]},"properties":{"probability":0.065,"inBuffer":false,"facType":"government"}},{"type":"Feature","geometry":{"type":"Point","coordinates":[36.27622,36.24478]},"properties":{"probability":0.066,"inBuffer":false,"facType":"government"}},{"type":"Feature","geometry":{"type":"Point","coordinates":[36.28071,36.24478]},"properties":{"probability":0.063,"inBuffer":false,"facType":"government"}},{"type":"Feature","geometry":{"type":"Point","coordinates":[36.29418,36.24478]},"properties":{"probability":0.068,"inBuffer":false,"facType":"government"}},{"type":"Feature","geometry":{"type":"Point","coordinates":[36.29868,36.24478]},"properties":{"probability":0.072,"inBuffer":false,"facType":"government"}},{"type":"Feature","geometry":{"type":"Point","coordinates":[36.30317,36.24478]},"properties":{"probability":0.07,"inBuffer":false,"facType":"government"}},{"type":"Feature","geometry":{"type":"Point","coordinates":[36.30766,36.24478]},"properties":{"probability":0.063,"inBuffer":false,"facType":"government"}},{"type":"Feature","geometry":{"type":"Point","coordinates":[36.31215,36.24478]},"properties":{"probability":0.073,"inBuffer":false,"facType":"airport"}},{"type":"Feature","geometry":{"type":"Point","coordinates":[36.31664,36.24478]},"properties":{"probability":0.107,"inBuffer":false,"facType":"airport"}},{"type":"Feature","geometry":{"type":"Point","coordinates":[36.32113,36.24478]},"properties":{"probability":0.075,"inBuffer":false,"facType":"airport"}},{"type":"Feature","geometry":{"type":"Point","coordinates":[36.09655,36.24028]},"properties":{"probability":0.152,"inBuffer":false,"facType":"government"}},{"type":"Feature","geometry":{"type":"Point","coordinates":[36.10104,36.24028]},"properties":{"probability":0.18,"inBuffer":false,"facType":"government"}},{"type":"Feature","geometry":{"type":"Point","coordinates":[36.10554,36.24028]},"properties":{"probability":0.152,"inBuffer":false,"facType":"government"}},{"type":"Feature","geometry":{"type":"Point","coordinates":[36.11003,36.24028]},"properties":{"probability":0.144,"inBuffer":false,"facType":"government"}},{"type":"Feature","geometry":{"type":"Point","coordinates":[36.11452,36.24028]},"properties":{"probability":0.145,"inBuffer":false,"facType":"government"}},{"type":"Feature","geometry":{"type":"Point","coordinates":[36.11901,36.24028]},"properties":{"probability":0.141,"inBuffer":false,"facType":"government"}},{"type":"Feature","geometry":{"type":"Point","coordinates":[36.1235,36.24028]},"properties":{"probability":0.128,"inBuffer":false,"facType":"government"}},{"type":"Feature","geometry":{"type":"Point","coordinates":[36.12799,36.24028]},"properties":{"probability":0.163,"inBuffer":false,"facType":"government"}},{"type":"Feature","geometry":{"type":"Point","coordinates":[36.13249,36.24028]},"properties":{"probability":0.162,"inBuffer":false,"facType":"government"}},{"type":"Feature","geometry":{"type":"Point","coordinates":[36.13698,36.24028]},"properties":{"probability":0.157,"inBuffer":false,"facType":"government"}},{"type":"Feature","geometry":{"type":"Point","coordinates":[36.14147,36.24028]},"properties":{"probability":0.162,"inBuffer":false,"facType":"government"}},{"type":"Feature","geometry":{"type":"Point","coordinates":[36.14596,36.24028]},"properties":{"probability":0.166,"inBuffer":false,"facType":"government"}},{"type":"Feature","geometry":{"type":"Point","coordinates":[36.15045,36.24028]},"properties":{"probability":0.226,"inBuffer":false,"facType":"government"}},{"type":"Feature","geometry":{"type":"Point","coordinates":[36.15495,36.24028]},"properties":{"probability":0.15,"inBuffer":false,"facType":"government"}},{"type":"Feature","geometry":{"type":"Point","coordinates":[36.15944,36.24028]},"properties":{"probability":0.15,"inBuffer":false,"facType":"government"}},{"type":"Feature","geometry":{"type":"Point","coordinates":[36.16393,36.24028]},"properties":{"probability":0.222,"inBuffer":false,"facType":"government"}},{"type":"Feature","geometry":{"type":"Point","coordinates":[36.16842,36.24028]},"properties":{"probability":0.263,"inBuffer":false,"facType":"government"}},{"type":"Feature","geometry":{"type":"Point","coordinates":[36.17291,36.24028]},"properties":{"probability":0.262,"inBuffer":false,"facType":"government"}},{"type":"Feature","geometry":{"type":"Point","coordinates":[36.1774,36.24028]},"properties":{"probability":0.273,"inBuffer":false,"facType":"substation"}},{"type":"Feature","geometry":{"type":"Point","coordinates":[36.18189,36.24028]},"properties":{"probability":0.261,"inBuffer":false,"facType":"substation"}},{"type":"Feature","geometry":{"type":"Point","coordinates":[36.18639,36.24028]},"properties":{"probability":0.225,"inBuffer":false,"facType":"substation"}},{"type":"Feature","geometry":{"type":"Point","coordinates":[36.19088,36.24028]},"properties":{"probability":0.172,"inBuffer":false,"facType":"substation"}},{"type":"Feature","geometry":{"type":"Point","coordinates":[36.19537,36.24028]},"properties":{"probability":0.149,"inBuffer":false,"facType":"substation"}},{"type":"Feature","geometry":{"type":"Point","coordinates":[36.19986,36.24028]},"properties":{"probability":0.236,"inBuffer":false,"facType":"substation"}},{"type":"Feature","geometry":{"type":"Point","coordinates":[36.20435,36.24028]},"properties":{"probability":0.17,"inBuffer":false,"facType":"substation"}},{"type":"Feature","geometry":{"type":"Point","coordinates":[36.20884,36.24028]},"properties":{"probability":0.169,"inBuffer":false,"facType":"substation"}},{"type":"Feature","geometry":{"type":"Point","coordinates":[36.21333,36.24028]},"properties":{"probability":0.163,"inBuffer":false,"facType":"substation"}},{"type":"Feature","geometry":{"type":"Point","coordinates":[36.21783,36.24028]},"properties":{"probability":0.155,"inBuffer":false,"facType":"government"}},{"type":"Feature","geometry":{"type":"Point","coordinates":[36.22232,36.24028]},"properties":{"probability":0.139,"inBuffer":false,"facType":"government"}},{"type":"Feature","geometry":{"type":"Point","coordinates":[36.22681,36.24028]},"properties":{"probability":0.072,"inBuffer":false,"facType":"government"}},{"type":"Feature","geometry":{"type":"Point","coordinates":[36.2313,36.24028]},"properties":{"probability":0.065,"inBuffer":false,"facType":"government"}},{"type":"Feature","geometry":{"type":"Point","coordinates":[36.23579,36.24028]},"properties":{"probability":0.067,"inBuffer":false,"facType":"government"}},{"type":"Feature","geometry":{"type":"Point","coordinates":[36.24028,36.24028]},"properties":{"probability":0.066,"inBuffer":false,"facType":"government"}},{"type":"Feature","geometry":{"type":"Point","coordinates":[36.24478,36.24028]},"properties":{"probability":0.099,"inBuffer":false,"facType":"government"}},{"type":"Feature","geometry":{"type":"Point","coordinates":[36.24927,36.24028]},"properties":{"probability":0.119,"inBuffer":false,"facType":"government"}},{"type":"Feature","geometry":{"type":"Point","coordinates":[36.25376,36.24028]},"properties":{"probability":0.131,"inBuffer":false,"facType":"government"}},{"type":"Feature","geometry":{"type":"Point","coordinates":[36.25825,36.24028]},"properties":{"probability":0.065,"inBuffer":false,"facType":"government"}},{"type":"Feature","geometry":{"type":"Point","coordinates":[36.27622,36.24028]},"properties":{"probability":0.063,"inBuffer":false,"facType":"government"}},{"type":"Feature","geometry":{"type":"Point","coordinates":[36.28969,36.24028]},"properties":{"probability":0.068,"inBuffer":false,"facType":"government"}},{"type":"Feature","geometry":{"type":"Point","coordinates":[36.29418,36.24028]},"properties":{"probability":0.065,"inBuffer":false,"facType":"government"}},{"type":"Feature","geometry":{"type":"Point","coordinates":[36.29868,36.24028]},"properties":{"probability":0.069,"inBuffer":false,"facType":"government"}},{"type":"Feature","geometry":{"type":"Point","coordinates":[36.30317,36.24028]},"properties":{"probability":0.072,"inBuffer":false,"facType":"government"}},{"type":"Feature","geometry":{"type":"Point","coordinates":[36.31215,36.24028]},"properties":{"probability":0.073,"inBuffer":false,"facType":"government"}},{"type":"Feature","geometry":{"type":"Point","coordinates":[36.31664,36.24028]},"properties":{"probability":0.068,"inBuffer":false,"facType":"government"}},{"type":"Feature","geometry":{"type":"Point","coordinates":[36.32113,36.24028]},"properties":{"probability":0.074,"inBuffer":false,"facType":"airport"}},{"type":"Feature","geometry":{"type":"Point","coordinates":[36.10104,36.23579]},"properties":{"probability":0.082,"inBuffer":false,"facType":"government"}},{"type":"Feature","geometry":{"type":"Point","coordinates":[36.10554,36.23579]},"properties":{"probability":0.063,"inBuffer":false,"facType":"government"}},{"type":"Feature","geometry":{"type":"Point","coordinates":[36.11003,36.23579]},"properties":{"probability":0.102,"inBuffer":false,"facType":"government"}},{"type":"Feature","geometry":{"type":"Point","coordinates":[36.11452,36.23579]},"properties":{"probability":0.108,"inBuffer":false,"facType":"government"}},{"type":"Feature","geometry":{"type":"Point","coordinates":[36.11901,36.23579]},"properties":{"probability":0.15,"inBuffer":false,"facType":"government"}},{"type":"Feature","geometry":{"type":"Point","coordinates":[36.1235,36.23579]},"properties":{"probability":0.146,"inBuffer":false,"facType":"government"}},{"type":"Feature","geometry":{"type":"Point","coordinates":[36.12799,36.23579]},"properties":{"probability":0.193,"inBuffer":false,"facType":"government"}},{"type":"Feature","geometry":{"type":"Point","coordinates":[36.13249,36.23579]},"properties":{"probability":0.165,"inBuffer":false,"facType":"government"}},{"type":"Feature","geometry":{"type":"Point","coordinates":[36.13698,36.23579]},"properties":{"probability":0.168,"inBuffer":false,"facType":"government"}},{"type":"Feature","geometry":{"type":"Point","coordinates":[36.14147,36.23579]},"properties":{"probability":0.224,"inBuffer":false,"facType":"government"}},{"type":"Feature","geometry":{"type":"Point","coordinates":[36.14596,36.23579]},"properties":{"probability":0.215,"inBuffer":false,"facType":"government"}},{"type":"Feature","geometry":{"type":"Point","coordinates":[36.15045,36.23579]},"properties":{"probability":0.176,"inBuffer":false,"facType":"government"}},{"type":"Feature","geometry":{"type":"Point","coordinates":[36.15495,36.23579]},"properties":{"probability":0.217,"inBuffer":false,"facType":"government"}},{"type":"Feature","geometry":{"type":"Point","coordinates":[36.15944,36.23579]},"properties":{"probability":0.205,"inBuffer":false,"facType":"government"}},{"type":"Feature","geometry":{"type":"Point","coordinates":[36.16393,36.23579]},"properties":{"probability":0.22,"inBuffer":false,"facType":"government"}},{"type":"Feature","geometry":{"type":"Point","coordinates":[36.16842,36.23579]},"properties":{"probability":0.22,"inBuffer":false,"facType":"government"}},{"type":"Feature","geometry":{"type":"Point","coordinates":[36.17291,36.23579]},"properties":{"probability":0.205,"inBuffer":false,"facType":"government"}},{"type":"Feature","geometry":{"type":"Point","coordinates":[36.1774,36.23579]},"properties":{"probability":0.207,"inBuffer":false,"facType":"government"}},{"type":"Feature","geometry":{"type":"Point","coordinates":[36.18189,36.23579]},"properties":{"probability":0.247,"inBuffer":false,"facType":"government"}},{"type":"Feature","geometry":{"type":"Point","coordinates":[36.18639,36.23579]},"properties":{"probability":0.223,"inBuffer":false,"facType":"government"}},{"type":"Feature","geometry":{"type":"Point","coordinates":[36.19088,36.23579]},"properties":{"probability":0.151,"inBuffer":false,"facType":"government"}},{"type":"Feature","geometry":{"type":"Point","coordinates":[36.19537,36.23579]},"properties":{"probability":0.151,"inBuffer":false,"facType":"government"}},{"type":"Feature","geometry":{"type":"Point","coordinates":[36.19986,36.23579]},"properties":{"probability":0.157,"inBuffer":false,"facType":"government"}},{"type":"Feature","geometry":{"type":"Point","coordinates":[36.20435,36.23579]},"properties":{"probability":0.166,"inBuffer":false,"facType":"government"}},{"type":"Feature","geometry":{"type":"Point","coordinates":[36.20884,36.23579]},"properties":{"probability":0.173,"inBuffer":false,"facType":"government"}},{"type":"Feature","geometry":{"type":"Point","coordinates":[36.21333,36.23579]},"properties":{"probability":0.165,"inBuffer":false,"facType":"government"}},{"type":"Feature","geometry":{"type":"Point","coordinates":[36.21783,36.23579]},"properties":{"probability":0.14,"inBuffer":false,"facType":"government"}},{"type":"Feature","geometry":{"type":"Point","coordinates":[36.22232,36.23579]},"properties":{"probability":0.099,"inBuffer":false,"facType":"government"}},{"type":"Feature","geometry":{"type":"Point","coordinates":[36.22681,36.23579]},"properties":{"probability":0.078,"inBuffer":false,"facType":"government"}},{"type":"Feature","geometry":{"type":"Point","coordinates":[36.2313,36.23579]},"properties":{"probability":0.068,"inBuffer":false,"facType":"government"}},{"type":"Feature","geometry":{"type":"Point","coordinates":[36.24478,36.23579]},"properties":{"probability":0.078,"inBuffer":false,"facType":"government"}},{"type":"Feature","geometry":{"type":"Point","coordinates":[36.24927,36.23579]},"properties":{"probability":0.082,"inBuffer":false,"facType":"government"}},{"type":"Feature","geometry":{"type":"Point","coordinates":[36.25376,36.23579]},"properties":{"probability":0.073,"inBuffer":false,"facType":"government"}},{"type":"Feature","geometry":{"type":"Point","coordinates":[36.25825,36.23579]},"properties":{"probability":0.066,"inBuffer":false,"facType":"government"}},{"type":"Feature","geometry":{"type":"Point","coordinates":[36.26274,36.23579]},"properties":{"probability":0.071,"inBuffer":false,"facType":"government"}},{"type":"Feature","geometry":{"type":"Point","coordinates":[36.2852,36.23579]},"properties":{"probability":0.07,"inBuffer":false,"facType":"government"}},{"type":"Feature","geometry":{"type":"Point","coordinates":[36.28969,36.23579]},"properties":{"probability":0.066,"inBuffer":false,"facType":"government"}},{"type":"Feature","geometry":{"type":"Point","coordinates":[36.29418,36.23579]},"properties":{"probability":0.065,"inBuffer":false,"facType":"government"}},{"type":"Feature","geometry":{"type":"Point","coordinates":[36.29868,36.23579]},"properties":{"probability":0.073,"inBuffer":false,"facType":"government"}},{"type":"Feature","geometry":{"type":"Point","coordinates":[36.35257,36.23579]},"properties":{"probability":0.067,"inBuffer":false,"facType":"police"}},{"type":"Feature","geometry":{"type":"Point","coordinates":[36.35707,36.23579]},"properties":{"probability":0.066,"inBuffer":false,"facType":"police"}},{"type":"Feature","geometry":{"type":"Point","coordinates":[36.08757,36.2313]},"properties":{"probability":0.064,"inBuffer":false,"facType":"government"}},{"type":"Feature","geometry":{"type":"Point","coordinates":[36.10554,36.2313]},"properties":{"probability":0.073,"inBuffer":false,"facType":"government"}},{"type":"Feature","geometry":{"type":"Point","coordinates":[36.11003,36.2313]},"properties":{"probability":0.099,"inBuffer":false,"facType":"government"}},{"type":"Feature","geometry":{"type":"Point","coordinates":[36.11452,36.2313]},"properties":{"probability":0.113,"inBuffer":false,"facType":"government"}},{"type":"Feature","geometry":{"type":"Point","coordinates":[36.11901,36.2313]},"properties":{"probability":0.148,"inBuffer":false,"facType":"government"}},{"type":"Feature","geometry":{"type":"Point","coordinates":[36.1235,36.2313]},"properties":{"probability":0.138,"inBuffer":false,"facType":"government"}},{"type":"Feature","geometry":{"type":"Point","coordinates":[36.12799,36.2313]},"properties":{"probability":0.163,"inBuffer":false,"facType":"government"}},{"type":"Feature","geometry":{"type":"Point","coordinates":[36.13249,36.2313]},"properties":{"probability":0.191,"inBuffer":false,"facType":"government"}},{"type":"Feature","geometry":{"type":"Point","coordinates":[36.13698,36.2313]},"properties":{"probability":0.225,"inBuffer":false,"facType":"government"}},{"type":"Feature","geometry":{"type":"Point","coordinates":[36.14147,36.2313]},"properties":{"probability":0.256,"inBuffer":false,"facType":"government"}},{"type":"Feature","geometry":{"type":"Point","coordinates":[36.14596,36.2313]},"properties":{"probability":0.233,"inBuffer":false,"facType":"government"}},{"type":"Feature","geometry":{"type":"Point","coordinates":[36.15045,36.2313]},"properties":{"probability":0.204,"inBuffer":false,"facType":"government"}},{"type":"Feature","geometry":{"type":"Point","coordinates":[36.15495,36.2313]},"properties":{"probability":0.196,"inBuffer":false,"facType":"government"}},{"type":"Feature","geometry":{"type":"Point","coordinates":[36.15944,36.2313]},"properties":{"probability":0.199,"inBuffer":false,"facType":"government"}},{"type":"Feature","geometry":{"type":"Point","coordinates":[36.16393,36.2313]},"properties":{"probability":0.223,"inBuffer":false,"facType":"government"}},{"type":"Feature","geometry":{"type":"Point","coordinates":[36.16842,36.2313]},"properties":{"probability":0.208,"inBuffer":false,"facType":"government"}},{"type":"Feature","geometry":{"type":"Point","coordinates":[36.17291,36.2313]},"properties":{"probability":0.178,"inBuffer":false,"facType":"government"}},{"type":"Feature","geometry":{"type":"Point","coordinates":[36.1774,36.2313]},"properties":{"probability":0.176,"inBuffer":false,"facType":"government"}},{"type":"Feature","geometry":{"type":"Point","coordinates":[36.18189,36.2313]},"properties":{"probability":0.197,"inBuffer":false,"facType":"government"}},{"type":"Feature","geometry":{"type":"Point","coordinates":[36.18639,36.2313]},"properties":{"probability":0.198,"inBuffer":false,"facType":"government"}},{"type":"Feature","geometry":{"type":"Point","coordinates":[36.19088,36.2313]},"properties":{"probability":0.21,"inBuffer":false,"facType":"government"}},{"type":"Feature","geometry":{"type":"Point","coordinates":[36.19537,36.2313]},"properties":{"probability":0.201,"inBuffer":false,"facType":"government"}},{"type":"Feature","geometry":{"type":"Point","coordinates":[36.19986,36.2313]},"properties":{"probability":0.217,"inBuffer":false,"facType":"government"}},{"type":"Feature","geometry":{"type":"Point","coordinates":[36.20435,36.2313]},"properties":{"probability":0.172,"inBuffer":false,"facType":"government"}},{"type":"Feature","geometry":{"type":"Point","coordinates":[36.20884,36.2313]},"properties":{"probability":0.161,"inBuffer":false,"facType":"government"}},{"type":"Feature","geometry":{"type":"Point","coordinates":[36.21333,36.2313]},"properties":{"probability":0.133,"inBuffer":false,"facType":"government"}},{"type":"Feature","geometry":{"type":"Point","coordinates":[36.21783,36.2313]},"properties":{"probability":0.166,"inBuffer":false,"facType":"government"}},{"type":"Feature","geometry":{"type":"Point","coordinates":[36.22232,36.2313]},"properties":{"probability":0.115,"inBuffer":false,"facType":"government"}},{"type":"Feature","geometry":{"type":"Point","coordinates":[36.22681,36.2313]},"properties":{"probability":0.083,"inBuffer":false,"facType":"government"}},{"type":"Feature","geometry":{"type":"Point","coordinates":[36.25376,36.2313]},"properties":{"probability":0.063,"inBuffer":false,"facType":"government"}},{"type":"Feature","geometry":{"type":"Point","coordinates":[36.25825,36.2313]},"properties":{"probability":0.072,"inBuffer":false,"facType":"government"}},{"type":"Feature","geometry":{"type":"Point","coordinates":[36.2852,36.2313]},"properties":{"probability":0.065,"inBuffer":false,"facType":"government"}},{"type":"Feature","geometry":{"type":"Point","coordinates":[36.28969,36.2313]},"properties":{"probability":0.073,"inBuffer":false,"facType":"government"}},{"type":"Feature","geometry":{"type":"Point","coordinates":[36.29418,36.2313]},"properties":{"probability":0.079,"inBuffer":false,"facType":"government"}},{"type":"Feature","geometry":{"type":"Point","coordinates":[36.29868,36.2313]},"properties":{"probability":0.07,"inBuffer":false,"facType":"government"}},{"type":"Feature","geometry":{"type":"Point","coordinates":[36.35257,36.2313]},"properties":{"probability":0.065,"inBuffer":false,"facType":"police"}},{"type":"Feature","geometry":{"type":"Point","coordinates":[36.35707,36.2313]},"properties":{"probability":0.067,"inBuffer":false,"facType":"police"}},{"type":"Feature","geometry":{"type":"Point","coordinates":[36.08757,36.22681]},"properties":{"probability":0.073,"inBuffer":false,"facType":"government"}},{"type":"Feature","geometry":{"type":"Point","coordinates":[36.09206,36.22681]},"properties":{"probability":0.066,"inBuffer":false,"facType":"government"}},{"type":"Feature","geometry":{"type":"Point","coordinates":[36.09655,36.22681]},"properties":{"probability":0.075,"inBuffer":false,"facType":"government"}},{"type":"Feature","geometry":{"type":"Point","coordinates":[36.10104,36.22681]},"properties":{"probability":0.08,"inBuffer":false,"facType":"government"}},{"type":"Feature","geometry":{"type":"Point","coordinates":[36.10554,36.22681]},"properties":{"probability":0.082,"inBuffer":false,"facType":"government"}},{"type":"Feature","geometry":{"type":"Point","coordinates":[36.11003,36.22681]},"properties":{"probability":0.111,"inBuffer":false,"facType":"government"}},{"type":"Feature","geometry":{"type":"Point","coordinates":[36.11452,36.22681]},"properties":{"probability":0.117,"inBuffer":false,"facType":"government"}},{"type":"Feature","geometry":{"type":"Point","coordinates":[36.11901,36.22681]},"properties":{"probability":0.142,"inBuffer":false,"facType":"government"}},{"type":"Feature","geometry":{"type":"Point","coordinates":[36.1235,36.22681]},"properties":{"probability":0.246,"inBuffer":false,"facType":"government"}},{"type":"Feature","geometry":{"type":"Point","coordinates":[36.12799,36.22681]},"properties":{"probability":0.189,"inBuffer":false,"facType":"government"}},{"type":"Feature","geometry":{"type":"Point","coordinates":[36.13249,36.22681]},"properties":{"probability":0.261,"inBuffer":false,"facType":"government"}},{"type":"Feature","geometry":{"type":"Point","coordinates":[36.13698,36.22681]},"properties":{"probability":0.267,"inBuffer":false,"facType":"government"}},{"type":"Feature","geometry":{"type":"Point","coordinates":[36.14147,36.22681]},"properties":{"probability":0.245,"inBuffer":false,"facType":"government"}},{"type":"Feature","geometry":{"type":"Point","coordinates":[36.14596,36.22681]},"properties":{"probability":0.21,"inBuffer":false,"facType":"government"}},{"type":"Feature","geometry":{"type":"Point","coordinates":[36.15045,36.22681]},"properties":{"probability":0.231,"inBuffer":false,"facType":"government"}},{"type":"Feature","geometry":{"type":"Point","coordinates":[36.15495,36.22681]},"properties":{"probability":0.208,"inBuffer":false,"facType":"government"}},{"type":"Feature","geometry":{"type":"Point","coordinates":[36.15944,36.22681]},"properties":{"probability":0.216,"inBuffer":false,"facType":"government"}},{"type":"Feature","geometry":{"type":"Point","coordinates":[36.16393,36.22681]},"properties":{"probability":0.222,"inBuffer":false,"facType":"government"}},{"type":"Feature","geometry":{"type":"Point","coordinates":[36.16842,36.22681]},"properties":{"probability":0.197,"inBuffer":false,"facType":"government"}},{"type":"Feature","geometry":{"type":"Point","coordinates":[36.17291,36.22681]},"properties":{"probability":0.177,"inBuffer":false,"facType":"government"}},{"type":"Feature","geometry":{"type":"Point","coordinates":[36.1774,36.22681]},"properties":{"probability":0.176,"inBuffer":false,"facType":"government"}},{"type":"Feature","geometry":{"type":"Point","coordinates":[36.18189,36.22681]},"properties":{"probability":0.224,"inBuffer":false,"facType":"government"}},{"type":"Feature","geometry":{"type":"Point","coordinates":[36.18639,36.22681]},"properties":{"probability":0.221,"inBuffer":false,"facType":"government"}},{"type":"Feature","geometry":{"type":"Point","coordinates":[36.19088,36.22681]},"properties":{"probability":0.205,"inBuffer":false,"facType":"government"}},{"type":"Feature","geometry":{"type":"Point","coordinates":[36.19537,36.22681]},"properties":{"probability":0.205,"inBuffer":false,"facType":"government"}},{"type":"Feature","geometry":{"type":"Point","coordinates":[36.19986,36.22681]},"properties":{"probability":0.204,"inBuffer":false,"facType":"government"}},{"type":"Feature","geometry":{"type":"Point","coordinates":[36.20435,36.22681]},"properties":{"probability":0.137,"inBuffer":false,"facType":"government"}},{"type":"Feature","geometry":{"type":"Point","coordinates":[36.20884,36.22681]},"properties":{"probability":0.187,"inBuffer":false,"facType":"government"}},{"type":"Feature","geometry":{"type":"Point","coordinates":[36.21333,36.22681]},"properties":{"probability":0.116,"inBuffer":false,"facType":"government"}},{"type":"Feature","geometry":{"type":"Point","coordinates":[36.21783,36.22681]},"properties":{"probability":0.136,"inBuffer":false,"facType":"government"}},{"type":"Feature","geometry":{"type":"Point","coordinates":[36.22232,36.22681]},"properties":{"probability":0.142,"inBuffer":false,"facType":"government"}},{"type":"Feature","geometry":{"type":"Point","coordinates":[36.22681,36.22681]},"properties":{"probability":0.095,"inBuffer":false,"facType":"government"}},{"type":"Feature","geometry":{"type":"Point","coordinates":[36.2313,36.22681]},"properties":{"probability":0.069,"inBuffer":false,"facType":"government"}},{"type":"Feature","geometry":{"type":"Point","coordinates":[36.25825,36.22681]},"properties":{"probability":0.067,"inBuffer":false,"facType":"government"}},{"type":"Feature","geometry":{"type":"Point","coordinates":[36.26274,36.22681]},"properties":{"probability":0.063,"inBuffer":false,"facType":"government"}},{"type":"Feature","geometry":{"type":"Point","coordinates":[36.26723,36.22681]},"properties":{"probability":0.08,"inBuffer":false,"facType":"government"}},{"type":"Feature","geometry":{"type":"Point","coordinates":[36.35257,36.22681]},"properties":{"probability":0.064,"inBuffer":false,"facType":"police"}},{"type":"Feature","geometry":{"type":"Point","coordinates":[36.35707,36.22681]},"properties":{"probability":0.064,"inBuffer":false,"facType":"police"}},{"type":"Feature","geometry":{"type":"Point","coordinates":[36.36156,36.22681]},"properties":{"probability":0.063,"inBuffer":false,"facType":"police"}},{"type":"Feature","geometry":{"type":"Point","coordinates":[36.09206,36.22232]},"properties":{"probability":0.063,"inBuffer":false,"facType":"substation"}},{"type":"Feature","geometry":{"type":"Point","coordinates":[36.09655,36.22232]},"properties":{"probability":0.067,"inBuffer":false,"facType":"substation"}},{"type":"Feature","geometry":{"type":"Point","coordinates":[36.10104,36.22232]},"properties":{"probability":0.134,"inBuffer":false,"facType":"substation"}},{"type":"Feature","geometry":{"type":"Point","coordinates":[36.10554,36.22232]},"properties":{"probability":0.135,"inBuffer":false,"facType":"substation"}},{"type":"Feature","geometry":{"type":"Point","coordinates":[36.11003,36.22232]},"properties":{"probability":0.129,"inBuffer":false,"facType":"government"}},{"type":"Feature","geometry":{"type":"Point","coordinates":[36.11452,36.22232]},"properties":{"probability":0.13,"inBuffer":false,"facType":"government"}},{"type":"Feature","geometry":{"type":"Point","coordinates":[36.11901,36.22232]},"properties":{"probability":0.147,"inBuffer":false,"facType":"government"}},{"type":"Feature","geometry":{"type":"Point","coordinates":[36.1235,36.22232]},"properties":{"probability":0.218,"inBuffer":false,"facType":"government"}},{"type":"Feature","geometry":{"type":"Point","coordinates":[36.12799,36.22232]},"properties":{"probability":0.259,"inBuffer":false,"facType":"government"}},{"type":"Feature","geometry":{"type":"Point","coordinates":[36.13249,36.22232]},"properties":{"probability":0.245,"inBuffer":false,"facType":"government"}},{"type":"Feature","geometry":{"type":"Point","coordinates":[36.13698,36.22232]},"properties":{"probability":0.207,"inBuffer":false,"facType":"government"}},{"type":"Feature","geometry":{"type":"Point","coordinates":[36.14147,36.22232]},"properties":{"probability":0.201,"inBuffer":false,"facType":"government"}},{"type":"Feature","geometry":{"type":"Point","coordinates":[36.14596,36.22232]},"properties":{"probability":0.225,"inBuffer":false,"facType":"government"}},{"type":"Feature","geometry":{"type":"Point","coordinates":[36.15045,36.22232]},"properties":{"probability":0.243,"inBuffer":false,"facType":"government"}},{"type":"Feature","geometry":{"type":"Point","coordinates":[36.15495,36.22232]},"properties":{"probability":0.248,"inBuffer":false,"facType":"government"}},{"type":"Feature","geometry":{"type":"Point","coordinates":[36.15944,36.22232]},"properties":{"probability":0.226,"inBuffer":false,"facType":"government"}},{"type":"Feature","geometry":{"type":"Point","coordinates":[36.16393,36.22232]},"properties":{"probability":0.201,"inBuffer":false,"facType":"government"}},{"type":"Feature","geometry":{"type":"Point","coordinates":[36.16842,36.22232]},"properties":{"probability":0.189,"inBuffer":false,"facType":"government"}},{"type":"Feature","geometry":{"type":"Point","coordinates":[36.17291,36.22232]},"properties":{"probability":0.179,"inBuffer":false,"facType":"government"}},{"type":"Feature","geometry":{"type":"Point","coordinates":[36.1774,36.22232]},"properties":{"probability":0.197,"inBuffer":false,"facType":"government"}},{"type":"Feature","geometry":{"type":"Point","coordinates":[36.18189,36.22232]},"properties":{"probability":0.206,"inBuffer":false,"facType":"government"}},{"type":"Feature","geometry":{"type":"Point","coordinates":[36.18639,36.22232]},"properties":{"probability":0.153,"inBuffer":false,"facType":"government"}},{"type":"Feature","geometry":{"type":"Point","coordinates":[36.19088,36.22232]},"properties":{"probability":0.176,"inBuffer":false,"facType":"government"}},{"type":"Feature","geometry":{"type":"Point","coordinates":[36.19537,36.22232]},"properties":{"probability":0.167,"inBuffer":false,"facType":"government"}},{"type":"Feature","geometry":{"type":"Point","coordinates":[36.19986,36.22232]},"properties":{"probability":0.127,"inBuffer":false,"facType":"government"}},{"type":"Feature","geometry":{"type":"Point","coordinates":[36.20435,36.22232]},"properties":{"probability":0.079,"inBuffer":false,"facType":"government"}},{"type":"Feature","geometry":{"type":"Point","coordinates":[36.20884,36.22232]},"properties":{"probability":0.11,"inBuffer":false,"facType":"government"}},{"type":"Feature","geometry":{"type":"Point","coordinates":[36.21333,36.22232]},"properties":{"probability":0.075,"inBuffer":false,"facType":"government"}},{"type":"Feature","geometry":{"type":"Point","coordinates":[36.21783,36.22232]},"properties":{"probability":0.066,"inBuffer":false,"facType":"government"}},{"type":"Feature","geometry":{"type":"Point","coordinates":[36.22232,36.22232]},"properties":{"probability":0.066,"inBuffer":false,"facType":"government"}},{"type":"Feature","geometry":{"type":"Point","coordinates":[36.22681,36.22232]},"properties":{"probability":0.066,"inBuffer":false,"facType":"government"}},{"type":"Feature","geometry":{"type":"Point","coordinates":[36.2313,36.22232]},"properties":{"probability":0.068,"inBuffer":false,"facType":"government"}},{"type":"Feature","geometry":{"type":"Point","coordinates":[36.25825,36.22232]},"properties":{"probability":0.068,"inBuffer":false,"facType":"government"}},{"type":"Feature","geometry":{"type":"Point","coordinates":[36.26274,36.22232]},"properties":{"probability":0.07,"inBuffer":false,"facType":"government"}},{"type":"Feature","geometry":{"type":"Point","coordinates":[36.26723,36.22232]},"properties":{"probability":0.071,"inBuffer":false,"facType":"government"}},{"type":"Feature","geometry":{"type":"Point","coordinates":[36.0696,36.21783]},"properties":{"probability":0.117,"inBuffer":false,"facType":"substation"}},{"type":"Feature","geometry":{"type":"Point","coordinates":[36.0741,36.21783]},"properties":{"probability":0.084,"inBuffer":false,"facType":"substation"}},{"type":"Feature","geometry":{"type":"Point","coordinates":[36.07859,36.21783]},"properties":{"probability":0.069,"inBuffer":false,"facType":"substation"}},{"type":"Feature","geometry":{"type":"Point","coordinates":[36.09655,36.21783]},"properties":{"probability":0.07,"inBuffer":false,"facType":"substation"}},{"type":"Feature","geometry":{"type":"Point","coordinates":[36.10104,36.21783]},"properties":{"probability":0.131,"inBuffer":false,"facType":"substation"}},{"type":"Feature","geometry":{"type":"Point","coordinates":[36.10554,36.21783]},"properties":{"probability":0.142,"inBuffer":false,"facType":"substation"}},{"type":"Feature","geometry":{"type":"Point","coordinates":[36.11003,36.21783]},"properties":{"probability":0.134,"inBuffer":false,"facType":"substation"}},{"type":"Feature","geometry":{"type":"Point","coordinates":[36.11452,36.21783]},"properties":{"probability":0.14,"inBuffer":false,"facType":"substation"}},{"type":"Feature","geometry":{"type":"Point","coordinates":[36.11901,36.21783]},"properties":{"probability":0.147,"inBuffer":false,"facType":"government"}},{"type":"Feature","geometry":{"type":"Point","coordinates":[36.1235,36.21783]},"properties":{"probability":0.183,"inBuffer":false,"facType":"government"}},{"type":"Feature","geometry":{"type":"Point","coordinates":[36.12799,36.21783]},"properties":{"probability":0.252,"inBuffer":false,"facType":"government"}},{"type":"Feature","geometry":{"type":"Point","coordinates":[36.13249,36.21783]},"properties":{"probability":0.224,"inBuffer":false,"facType":"government"}},{"type":"Feature","geometry":{"type":"Point","coordinates":[36.13698,36.21783]},"properties":{"probability":0.204,"inBuffer":false,"facType":"government"}},{"type":"Feature","geometry":{"type":"Point","coordinates":[36.14147,36.21783]},"properties":{"probability":0.203,"inBuffer":false,"facType":"government"}},{"type":"Feature","geometry":{"type":"Point","coordinates":[36.14596,36.21783]},"properties":{"probability":0.235,"inBuffer":false,"facType":"government"}},{"type":"Feature","geometry":{"type":"Point","coordinates":[36.15045,36.21783]},"properties":{"probability":0.205,"inBuffer":false,"facType":"government"}},{"type":"Feature","geometry":{"type":"Point","coordinates":[36.15495,36.21783]},"properties":{"probability":0.203,"inBuffer":false,"facType":"government"}},{"type":"Feature","geometry":{"type":"Point","coordinates":[36.15944,36.21783]},"properties":{"probability":0.216,"inBuffer":false,"facType":"government"}},{"type":"Feature","geometry":{"type":"Point","coordinates":[36.16393,36.21783]},"properties":{"probability":0.202,"inBuffer":false,"facType":"government"}},{"type":"Feature","geometry":{"type":"Point","coordinates":[36.16842,36.21783]},"properties":{"probability":0.192,"inBuffer":false,"facType":"government"}},{"type":"Feature","geometry":{"type":"Point","coordinates":[36.17291,36.21783]},"properties":{"probability":0.192,"inBuffer":false,"facType":"government"}},{"type":"Feature","geometry":{"type":"Point","coordinates":[36.1774,36.21783]},"properties":{"probability":0.197,"inBuffer":false,"facType":"government"}},{"type":"Feature","geometry":{"type":"Point","coordinates":[36.18189,36.21783]},"properties":{"probability":0.187,"inBuffer":false,"facType":"government"}},{"type":"Feature","geometry":{"type":"Point","coordinates":[36.18639,36.21783]},"properties":{"probability":0.246,"inBuffer":false,"facType":"government"}},{"type":"Feature","geometry":{"type":"Point","coordinates":[36.19088,36.21783]},"properties":{"probability":0.093,"inBuffer":false,"facType":"government"}},{"type":"Feature","geometry":{"type":"Point","coordinates":[36.19537,36.21783]},"properties":{"probability":0.067,"inBuffer":false,"facType":"government"}},{"type":"Feature","geometry":{"type":"Point","coordinates":[36.19986,36.21783]},"properties":{"probability":0.066,"inBuffer":false,"facType":"government"}},{"type":"Feature","geometry":{"type":"Point","coordinates":[36.22681,36.21783]},"properties":{"probability":0.064,"inBuffer":false,"facType":"government"}},{"type":"Feature","geometry":{"type":"Point","coordinates":[36.2313,36.21783]},"properties":{"probability":0.067,"inBuffer":false,"facType":"government"}},{"type":"Feature","geometry":{"type":"Point","coordinates":[36.23579,36.21783]},"properties":{"probability":0.07,"inBuffer":false,"facType":"government"}},{"type":"Feature","geometry":{"type":"Point","coordinates":[36.25825,36.21783]},"properties":{"probability":0.074,"inBuffer":false,"facType":"government"}},{"type":"Feature","geometry":{"type":"Point","coordinates":[36.26274,36.21783]},"properties":{"probability":0.073,"inBuffer":false,"facType":"government"}},{"type":"Feature","geometry":{"type":"Point","coordinates":[36.26723,36.21783]},"properties":{"probability":0.077,"inBuffer":false,"facType":"government"}},{"type":"Feature","geometry":{"type":"Point","coordinates":[36.06511,36.21333]},"properties":{"probability":0.067,"inBuffer":false,"facType":"substation"}},{"type":"Feature","geometry":{"type":"Point","coordinates":[36.0696,36.21333]},"properties":{"probability":0.115,"inBuffer":false,"facType":"substation"}},{"type":"Feature","geometry":{"type":"Point","coordinates":[36.0741,36.21333]},"properties":{"probability":0.139,"inBuffer":false,"facType":"substation"}},{"type":"Feature","geometry":{"type":"Point","coordinates":[36.07859,36.21333]},"properties":{"probability":0.113,"inBuffer":false,"facType":"substation"}},{"type":"Feature","geometry":{"type":"Point","coordinates":[36.08308,36.21333]},"properties":{"probability":0.079,"inBuffer":false,"facType":"substation"}},{"type":"Feature","geometry":{"type":"Point","coordinates":[36.09655,36.21333]},"properties":{"probability":0.065,"inBuffer":false,"facType":"substation"}},{"type":"Feature","geometry":{"type":"Point","coordinates":[36.10104,36.21333]},"properties":{"probability":0.101,"inBuffer":false,"facType":"substation"}},{"type":"Feature","geometry":{"type":"Point","coordinates":[36.10554,36.21333]},"properties":{"probability":0.138,"inBuffer":false,"facType":"substation"}},{"type":"Feature","geometry":{"type":"Point","coordinates":[36.11003,36.21333]},"properties":{"probability":0.139,"inBuffer":false,"facType":"substation"}},{"type":"Feature","geometry":{"type":"Point","coordinates":[36.11452,36.21333]},"properties":{"probability":0.149,"inBuffer":false,"facType":"substation"}},{"type":"Feature","geometry":{"type":"Point","coordinates":[36.11901,36.21333]},"properties":{"probability":0.164,"inBuffer":false,"facType":"substation"}},{"type":"Feature","geometry":{"type":"Point","coordinates":[36.1235,36.21333]},"properties":{"probability":0.213,"inBuffer":false,"facType":"government"}},{"type":"Feature","geometry":{"type":"Point","coordinates":[36.12799,36.21333]},"properties":{"probability":0.261,"inBuffer":false,"facType":"government"}},{"type":"Feature","geometry":{"type":"Point","coordinates":[36.13249,36.21333]},"properties":{"probability":0.249,"inBuffer":false,"facType":"government"}},{"type":"Feature","geometry":{"type":"Point","coordinates":[36.13698,36.21333]},"properties":{"probability":0.207,"inBuffer":false,"facType":"government"}},{"type":"Feature","geometry":{"type":"Point","coordinates":[36.14147,36.21333]},"properties":{"probability":0.202,"inBuffer":false,"facType":"government"}},{"type":"Feature","geometry":{"type":"Point","coordinates":[36.14596,36.21333]},"properties":{"probability":0.203,"inBuffer":false,"facType":"government"}},{"type":"Feature","geometry":{"type":"Point","coordinates":[36.15045,36.21333]},"properties":{"probability":0.216,"inBuffer":false,"facType":"government"}},{"type":"Feature","geometry":{"type":"Point","coordinates":[36.15495,36.21333]},"properties":{"probability":0.2,"inBuffer":false,"facType":"government"}},{"type":"Feature","geometry":{"type":"Point","coordinates":[36.15944,36.21333]},"properties":{"probability":0.216,"inBuffer":false,"facType":"government"}},{"type":"Feature","geometry":{"type":"Point","coordinates":[36.16393,36.21333]},"properties":{"probability":0.255,"inBuffer":false,"facType":"government"}},{"type":"Feature","geometry":{"type":"Point","coordinates":[36.16842,36.21333]},"properties":{"probability":0.248,"inBuffer":false,"facType":"government"}},{"type":"Feature","geometry":{"type":"Point","coordinates":[36.17291,36.21333]},"properties":{"probability":0.227,"inBuffer":false,"facType":"government"}},{"type":"Feature","geometry":{"type":"Point","coordinates":[36.1774,36.21333]},"properties":{"probability":0.185,"inBuffer":false,"facType":"government"}},{"type":"Feature","geometry":{"type":"Point","coordinates":[36.18189,36.21333]},"properties":{"probability":0.177,"inBuffer":false,"facType":"government"}},{"type":"Feature","geometry":{"type":"Point","coordinates":[36.18639,36.21333]},"properties":{"probability":0.088,"inBuffer":false,"facType":"government"}},{"type":"Feature","geometry":{"type":"Point","coordinates":[36.19088,36.21333]},"properties":{"probability":0.066,"inBuffer":false,"facType":"government"}},{"type":"Feature","geometry":{"type":"Point","coordinates":[36.19537,36.21333]},"properties":{"probability":0.064,"inBuffer":false,"facType":"government"}},{"type":"Feature","geometry":{"type":"Point","coordinates":[36.22681,36.21333]},"properties":{"probability":0.063,"inBuffer":false,"facType":"government"}},{"type":"Feature","geometry":{"type":"Point","coordinates":[36.2313,36.21333]},"properties":{"probability":0.07,"inBuffer":false,"facType":"government"}},{"type":"Feature","geometry":{"type":"Point","coordinates":[36.23579,36.21333]},"properties":{"probability":0.071,"inBuffer":false,"facType":"government"}},{"type":"Feature","geometry":{"type":"Point","coordinates":[36.32113,36.21333]},"properties":{"probability":0.068,"inBuffer":false,"facType":"government"}},{"type":"Feature","geometry":{"type":"Point","coordinates":[36.35257,36.21333]},"properties":{"probability":0.074,"inBuffer":false,"facType":"police"}},{"type":"Feature","geometry":{"type":"Point","coordinates":[36.35707,36.21333]},"properties":{"probability":0.066,"inBuffer":false,"facType":"police"}},{"type":"Feature","geometry":{"type":"Point","coordinates":[36.36156,36.21333]},"properties":{"probability":0.066,"inBuffer":false,"facType":"police"}},{"type":"Feature","geometry":{"type":"Point","coordinates":[36.36605,36.21333]},"properties":{"probability":0.071,"inBuffer":false,"facType":"police"}},{"type":"Feature","geometry":{"type":"Point","coordinates":[36.06511,36.20884]},"properties":{"probability":0.066,"inBuffer":false,"facType":"substation"}},{"type":"Feature","geometry":{"type":"Point","coordinates":[36.0696,36.20884]},"properties":{"probability":0.08,"inBuffer":false,"facType":"substation"}},{"type":"Feature","geometry":{"type":"Point","coordinates":[36.0741,36.20884]},"properties":{"probability":0.1,"inBuffer":false,"facType":"substation"}},{"type":"Feature","geometry":{"type":"Point","coordinates":[36.07859,36.20884]},"properties":{"probability":0.102,"inBuffer":false,"facType":"substation"}},{"type":"Feature","geometry":{"type":"Point","coordinates":[36.08308,36.20884]},"properties":{"probability":0.07,"inBuffer":false,"facType":"substation"}},{"type":"Feature","geometry":{"type":"Point","coordinates":[36.08757,36.20884]},"properties":{"probability":0.069,"inBuffer":false,"facType":"substation"}},{"type":"Feature","geometry":{"type":"Point","coordinates":[36.09206,36.20884]},"properties":{"probability":0.065,"inBuffer":false,"facType":"substation"}},{"type":"Feature","geometry":{"type":"Point","coordinates":[36.09655,36.20884]},"properties":{"probability":0.065,"inBuffer":false,"facType":"substation"}},{"type":"Feature","geometry":{"type":"Point","coordinates":[36.10104,36.20884]},"properties":{"probability":0.073,"inBuffer":false,"facType":"substation"}},{"type":"Feature","geometry":{"type":"Point","coordinates":[36.10554,36.20884]},"properties":{"probability":0.184,"inBuffer":false,"facType":"substation"}},{"type":"Feature","geometry":{"type":"Point","coordinates":[36.11003,36.20884]},"properties":{"probability":0.168,"inBuffer":false,"facType":"substation"}},{"type":"Feature","geometry":{"type":"Point","coordinates":[36.11452,36.20884]},"properties":{"probability":0.173,"inBuffer":false,"facType":"substation"}},{"type":"Feature","geometry":{"type":"Point","coordinates":[36.11901,36.20884]},"properties":{"probability":0.174,"inBuffer":false,"facType":"substation"}},{"type":"Feature","geometry":{"type":"Point","coordinates":[36.1235,36.20884]},"properties":{"probability":0.225,"inBuffer":false,"facType":"government"}},{"type":"Feature","geometry":{"type":"Point","coordinates":[36.12799,36.20884]},"properties":{"probability":0.26,"inBuffer":false,"facType":"government"}},{"type":"Feature","geometry":{"type":"Point","coordinates":[36.13249,36.20884]},"properties":{"probability":0.239,"inBuffer":false,"facType":"government"}},{"type":"Feature","geometry":{"type":"Point","coordinates":[36.13698,36.20884]},"properties":{"probability":0.206,"inBuffer":false,"facType":"government"}},{"type":"Feature","geometry":{"type":"Point","coordinates":[36.14147,36.20884]},"properties":{"probability":0.207,"inBuffer":false,"facType":"government"}},{"type":"Feature","geometry":{"type":"Point","coordinates":[36.14596,36.20884]},"properties":{"probability":0.245,"inBuffer":false,"facType":"government"}},{"type":"Feature","geometry":{"type":"Point","coordinates":[36.15045,36.20884]},"properties":{"probability":0.245,"inBuffer":false,"facType":"government"}},{"type":"Feature","geometry":{"type":"Point","coordinates":[36.15495,36.20884]},"properties":{"probability":0.213,"inBuffer":false,"facType":"government"}},{"type":"Feature","geometry":{"type":"Point","coordinates":[36.15944,36.20884]},"properties":{"probability":0.198,"inBuffer":false,"facType":"government"}},{"type":"Feature","geometry":{"type":"Point","coordinates":[36.16393,36.20884]},"properties":{"probability":0.226,"inBuffer":false,"facType":"government"}},{"type":"Feature","geometry":{"type":"Point","coordinates":[36.16842,36.20884]},"properties":{"probability":0.251,"inBuffer":false,"facType":"government"}},{"type":"Feature","geometry":{"type":"Point","coordinates":[36.17291,36.20884]},"properties":{"probability":0.25,"inBuffer":false,"facType":"government"}},{"type":"Feature","geometry":{"type":"Point","coordinates":[36.1774,36.20884]},"properties":{"probability":0.179,"inBuffer":false,"facType":"government"}},{"type":"Feature","geometry":{"type":"Point","coordinates":[36.18189,36.20884]},"properties":{"probability":0.169,"inBuffer":false,"facType":"government"}},{"type":"Feature","geometry":{"type":"Point","coordinates":[36.18639,36.20884]},"properties":{"probability":0.086,"inBuffer":false,"facType":"government"}},{"type":"Feature","geometry":{"type":"Point","coordinates":[36.19088,36.20884]},"properties":{"probability":0.07,"inBuffer":false,"facType":"government"}},{"type":"Feature","geometry":{"type":"Point","coordinates":[36.19537,36.20884]},"properties":{"probability":0.066,"inBuffer":false,"facType":"government"}},{"type":"Feature","geometry":{"type":"Point","coordinates":[36.19986,36.20884]},"properties":{"probability":0.064,"inBuffer":false,"facType":"government"}},{"type":"Feature","geometry":{"type":"Point","coordinates":[36.20435,36.20884]},"properties":{"probability":0.081,"inBuffer":false,"facType":"government"}},{"type":"Feature","geometry":{"type":"Point","coordinates":[36.2313,36.20884]},"properties":{"probability":0.075,"inBuffer":false,"facType":"government"}},{"type":"Feature","geometry":{"type":"Point","coordinates":[36.23579,36.20884]},"properties":{"probability":0.073,"inBuffer":false,"facType":"government"}},{"type":"Feature","geometry":{"type":"Point","coordinates":[36.24478,36.20884]},"properties":{"probability":0.069,"inBuffer":false,"facType":"government"}},{"type":"Feature","geometry":{"type":"Point","coordinates":[36.24927,36.20884]},"properties":{"probability":0.067,"inBuffer":false,"facType":"government"}},{"type":"Feature","geometry":{"type":"Point","coordinates":[36.25376,36.20884]},"properties":{"probability":0.067,"inBuffer":false,"facType":"government"}},{"type":"Feature","geometry":{"type":"Point","coordinates":[36.28969,36.20884]},"properties":{"probability":0.066,"inBuffer":false,"facType":"government"}},{"type":"Feature","geometry":{"type":"Point","coordinates":[36.31664,36.20884]},"properties":{"probability":0.112,"inBuffer":false,"facType":"government"}},{"type":"Feature","geometry":{"type":"Point","coordinates":[36.32113,36.20884]},"properties":{"probability":0.067,"inBuffer":false,"facType":"government"}},{"type":"Feature","geometry":{"type":"Point","coordinates":[36.32562,36.20884]},"properties":{"probability":0.074,"inBuffer":false,"facType":"government"}},{"type":"Feature","geometry":{"type":"Point","coordinates":[36.35257,36.20884]},"properties":{"probability":0.064,"inBuffer":false,"facType":"police"}},{"type":"Feature","geometry":{"type":"Point","coordinates":[36.35707,36.20884]},"properties":{"probability":0.075,"inBuffer":false,"facType":"police"}},{"type":"Feature","geometry":{"type":"Point","coordinates":[36.36156,36.20884]},"properties":{"probability":0.07,"inBuffer":false,"facType":"police"}},{"type":"Feature","geometry":{"type":"Point","coordinates":[36.36605,36.20884]},"properties":{"probability":0.083,"inBuffer":false,"facType":"police"}},{"type":"Feature","geometry":{"type":"Point","coordinates":[36.37054,36.20884]},"properties":{"probability":0.066,"inBuffer":false,"facType":"police"}},{"type":"Feature","geometry":{"type":"Point","coordinates":[36.06511,36.20435]},"properties":{"probability":0.075,"inBuffer":false,"facType":"substation"}},{"type":"Feature","geometry":{"type":"Point","coordinates":[36.0696,36.20435]},"properties":{"probability":0.075,"inBuffer":false,"facType":"substation"}},{"type":"Feature","geometry":{"type":"Point","coordinates":[36.0741,36.20435]},"properties":{"probability":0.086,"inBuffer":false,"facType":"substation"}},{"type":"Feature","geometry":{"type":"Point","coordinates":[36.07859,36.20435]},"properties":{"probability":0.076,"inBuffer":false,"facType":"substation"}},{"type":"Feature","geometry":{"type":"Point","coordinates":[36.08308,36.20435]},"properties":{"probability":0.067,"inBuffer":false,"facType":"substation"}},{"type":"Feature","geometry":{"type":"Point","coordinates":[36.09206,36.20435]},"properties":{"probability":0.068,"inBuffer":false,"facType":"substation"}},{"type":"Feature","geometry":{"type":"Point","coordinates":[36.09655,36.20435]},"properties":{"probability":0.073,"inBuffer":false,"facType":"substation"}},{"type":"Feature","geometry":{"type":"Point","coordinates":[36.10104,36.20435]},"properties":{"probability":0.062,"inBuffer":false,"facType":"substation"}},{"type":"Feature","geometry":{"type":"Point","coordinates":[36.10554,36.20435]},"properties":{"probability":0.16,"inBuffer":false,"facType":"substation"}},{"type":"Feature","geometry":{"type":"Point","coordinates":[36.11003,36.20435]},"properties":{"probability":0.195,"inBuffer":false,"facType":"substation"}},{"type":"Feature","geometry":{"type":"Point","coordinates":[36.11452,36.20435]},"properties":{"probability":0.208,"inBuffer":false,"facType":"substation"}},{"type":"Feature","geometry":{"type":"Point","coordinates":[36.11901,36.20435]},"properties":{"probability":0.209,"inBuffer":false,"facType":"substation"}},{"type":"Feature","geometry":{"type":"Point","coordinates":[36.1235,36.20435]},"properties":{"probability":0.238,"inBuffer":false,"facType":"government"}},{"type":"Feature","geometry":{"type":"Point","coordinates":[36.12799,36.20435]},"properties":{"probability":0.264,"inBuffer":false,"facType":"government"}},{"type":"Feature","geometry":{"type":"Point","coordinates":[36.13249,36.20435]},"properties":{"probability":0.26,"inBuffer":false,"facType":"government"}},{"type":"Feature","geometry":{"type":"Point","coordinates":[36.13698,36.20435]},"properties":{"probability":0.259,"inBuffer":false,"facType":"government"}},{"type":"Feature","geometry":{"type":"Point","coordinates":[36.14147,36.20435]},"properties":{"probability":0.214,"inBuffer":false,"facType":"government"}},{"type":"Feature","geometry":{"type":"Point","coordinates":[36.14596,36.20435]},"properties":{"probability":0.246,"inBuffer":false,"facType":"government"}},{"type":"Feature","geometry":{"type":"Point","coordinates":[36.15045,36.20435]},"properties":{"probability":0.24,"inBuffer":false,"facType":"government"}},{"type":"Feature","geometry":{"type":"Point","coordinates":[36.15495,36.20435]},"properties":{"probability":0.2,"inBuffer":false,"facType":"government"}},{"type":"Feature","geometry":{"type":"Point","coordinates":[36.15944,36.20435]},"properties":{"probability":0.204,"inBuffer":false,"facType":"government"}},{"type":"Feature","geometry":{"type":"Point","coordinates":[36.16393,36.20435]},"properties":{"probability":0.201,"inBuffer":false,"facType":"government"}},{"type":"Feature","geometry":{"type":"Point","coordinates":[36.16842,36.20435]},"properties":{"probability":0.251,"inBuffer":false,"facType":"government"}},{"type":"Feature","geometry":{"type":"Point","coordinates":[36.17291,36.20435]},"properties":{"probability":0.231,"inBuffer":false,"facType":"government"}},{"type":"Feature","geometry":{"type":"Point","coordinates":[36.1774,36.20435]},"properties":{"probability":0.207,"inBuffer":false,"facType":"government"}},{"type":"Feature","geometry":{"type":"Point","coordinates":[36.18189,36.20435]},"properties":{"probability":0.08,"inBuffer":false,"facType":"government"}},{"type":"Feature","geometry":{"type":"Point","coordinates":[36.18639,36.20435]},"properties":{"probability":0.08,"inBuffer":false,"facType":"government"}},{"type":"Feature","geometry":{"type":"Point","coordinates":[36.19088,36.20435]},"properties":{"probability":0.076,"inBuffer":false,"facType":"government"}},{"type":"Feature","geometry":{"type":"Point","coordinates":[36.19537,36.20435]},"properties":{"probability":0.087,"inBuffer":false,"facType":"government"}},{"type":"Feature","geometry":{"type":"Point","coordinates":[36.19986,36.20435]},"properties":{"probability":0.139,"inBuffer":false,"facType":"government"}},{"type":"Feature","geometry":{"type":"Point","coordinates":[36.20435,36.20435]},"properties":{"probability":0.065,"inBuffer":false,"facType":"government"}},{"type":"Feature","geometry":{"type":"Point","coordinates":[36.20884,36.20435]},"properties":{"probability":0.066,"inBuffer":false,"facType":"government"}},{"type":"Feature","geometry":{"type":"Point","coordinates":[36.2313,36.20435]},"properties":{"probability":0.071,"inBuffer":false,"facType":"government"}},{"type":"Feature","geometry":{"type":"Point","coordinates":[36.23579,36.20435]},"properties":{"probability":0.07,"inBuffer":false,"facType":"government"}},{"type":"Feature","geometry":{"type":"Point","coordinates":[36.24478,36.20435]},"properties":{"probability":0.068,"inBuffer":false,"facType":"government"}},{"type":"Feature","geometry":{"type":"Point","coordinates":[36.24927,36.20435]},"properties":{"probability":0.075,"inBuffer":false,"facType":"government"}},{"type":"Feature","geometry":{"type":"Point","coordinates":[36.25376,36.20435]},"properties":{"probability":0.068,"inBuffer":false,"facType":"government"}},{"type":"Feature","geometry":{"type":"Point","coordinates":[36.25825,36.20435]},"properties":{"probability":0.064,"inBuffer":false,"facType":"government"}},{"type":"Feature","geometry":{"type":"Point","coordinates":[36.27622,36.20435]},"properties":{"probability":0.063,"inBuffer":false,"facType":"government"}},{"type":"Feature","geometry":{"type":"Point","coordinates":[36.28071,36.20435]},"properties":{"probability":0.064,"inBuffer":false,"facType":"government"}},{"type":"Feature","geometry":{"type":"Point","coordinates":[36.2852,36.20435]},"properties":{"probability":0.066,"inBuffer":false,"facType":"government"}},{"type":"Feature","geometry":{"type":"Point","coordinates":[36.28969,36.20435]},"properties":{"probability":0.065,"inBuffer":false,"facType":"government"}},{"type":"Feature","geometry":{"type":"Point","coordinates":[36.29418,36.20435]},"properties":{"probability":0.073,"inBuffer":false,"facType":"government"}},{"type":"Feature","geometry":{"type":"Point","coordinates":[36.31215,36.20435]},"properties":{"probability":0.064,"inBuffer":false,"facType":"government"}},{"type":"Feature","geometry":{"type":"Point","coordinates":[36.31664,36.20435]},"properties":{"probability":0.177,"inBuffer":false,"facType":"government"}},{"type":"Feature","geometry":{"type":"Point","coordinates":[36.32113,36.20435]},"properties":{"probability":0.062,"inBuffer":false,"facType":"government"}},{"type":"Feature","geometry":{"type":"Point","coordinates":[36.32562,36.20435]},"properties":{"probability":0.075,"inBuffer":false,"facType":"government"}},{"type":"Feature","geometry":{"type":"Point","coordinates":[36.35257,36.20435]},"properties":{"probability":0.063,"inBuffer":false,"facType":"police"}},{"type":"Feature","geometry":{"type":"Point","coordinates":[36.35707,36.20435]},"properties":{"probability":0.079,"inBuffer":false,"facType":"police"}},{"type":"Feature","geometry":{"type":"Point","coordinates":[36.36156,36.20435]},"properties":{"probability":0.092,"inBuffer":false,"facType":"police"}},{"type":"Feature","geometry":{"type":"Point","coordinates":[36.36605,36.20435]},"properties":{"probability":0.117,"inBuffer":false,"facType":"police"}},{"type":"Feature","geometry":{"type":"Point","coordinates":[36.37054,36.20435]},"properties":{"probability":0.1,"inBuffer":false,"facType":"police"}},{"type":"Feature","geometry":{"type":"Point","coordinates":[36.37503,36.20435]},"properties":{"probability":0.066,"inBuffer":false,"facType":"police"}},{"type":"Feature","geometry":{"type":"Point","coordinates":[36.0741,36.19986]},"properties":{"probability":0.068,"inBuffer":false,"facType":"substation"}},{"type":"Feature","geometry":{"type":"Point","coordinates":[36.07859,36.19986]},"properties":{"probability":0.064,"inBuffer":false,"facType":"substation"}},{"type":"Feature","geometry":{"type":"Point","coordinates":[36.09655,36.19986]},"properties":{"probability":0.075,"inBuffer":false,"facType":"substation"}},{"type":"Feature","geometry":{"type":"Point","coordinates":[36.10104,36.19986]},"properties":{"probability":0.08,"inBuffer":false,"facType":"substation"}},{"type":"Feature","geometry":{"type":"Point","coordinates":[36.10554,36.19986]},"properties":{"probability":0.104,"inBuffer":false,"facType":"substation"}},{"type":"Feature","geometry":{"type":"Point","coordinates":[36.11003,36.19986]},"properties":{"probability":0.113,"inBuffer":false,"facType":"substation"}},{"type":"Feature","geometry":{"type":"Point","coordinates":[36.11452,36.19986]},"properties":{"probability":0.139,"inBuffer":false,"facType":"substation"}},{"type":"Feature","geometry":{"type":"Point","coordinates":[36.11901,36.19986]},"properties":{"probability":0.167,"inBuffer":false,"facType":"substation"}},{"type":"Feature","geometry":{"type":"Point","coordinates":[36.1235,36.19986]},"properties":{"probability":0.166,"inBuffer":false,"facType":"government"}},{"type":"Feature","geometry":{"type":"Point","coordinates":[36.12799,36.19986]},"properties":{"probability":0.212,"inBuffer":false,"facType":"government"}},{"type":"Feature","geometry":{"type":"Point","coordinates":[36.13249,36.19986]},"properties":{"probability":0.22,"inBuffer":false,"facType":"government"}},{"type":"Feature","geometry":{"type":"Point","coordinates":[36.13698,36.19986]},"properties":{"probability":0.251,"inBuffer":false,"facType":"government"}},{"type":"Feature","geometry":{"type":"Point","coordinates":[36.14147,36.19986]},"properties":{"probability":0.248,"inBuffer":false,"facType":"government"}},{"type":"Feature","geometry":{"type":"Point","coordinates":[36.14596,36.19986]},"properties":{"probability":0.246,"inBuffer":false,"facType":"government"}},{"type":"Feature","geometry":{"type":"Point","coordinates":[36.15045,36.19986]},"properties":{"probability":0.208,"inBuffer":false,"facType":"government"}},{"type":"Feature","geometry":{"type":"Point","coordinates":[36.15495,36.19986]},"properties":{"probability":0.2,"inBuffer":false,"facType":"government"}},{"type":"Feature","geometry":{"type":"Point","coordinates":[36.15944,36.19986]},"properties":{"probability":0.205,"inBuffer":false,"facType":"government"}},{"type":"Feature","geometry":{"type":"Point","coordinates":[36.16393,36.19986]},"properties":{"probability":0.226,"inBuffer":false,"facType":"government"}},{"type":"Feature","geometry":{"type":"Point","coordinates":[36.16842,36.19986]},"properties":{"probability":0.229,"inBuffer":false,"facType":"government"}},{"type":"Feature","geometry":{"type":"Point","coordinates":[36.17291,36.19986]},"properties":{"probability":0.188,"inBuffer":false,"facType":"government"}},{"type":"Feature","geometry":{"type":"Point","coordinates":[36.1774,36.19986]},"properties":{"probability":0.084,"inBuffer":false,"facType":"government"}},{"type":"Feature","geometry":{"type":"Point","coordinates":[36.18189,36.19986]},"properties":{"probability":0.073,"inBuffer":false,"facType":"government"}},{"type":"Feature","geometry":{"type":"Point","coordinates":[36.18639,36.19986]},"properties":{"probability":0.074,"inBuffer":false,"facType":"government"}},{"type":"Feature","geometry":{"type":"Point","coordinates":[36.19088,36.19986]},"properties":{"probability":0.073,"inBuffer":false,"facType":"government"}},{"type":"Feature","geometry":{"type":"Point","coordinates":[36.19537,36.19986]},"properties":{"probability":0.067,"inBuffer":false,"facType":"government"}},{"type":"Feature","geometry":{"type":"Point","coordinates":[36.27172,36.19986]},"properties":{"probability":0.064,"inBuffer":false,"facType":"government"}},{"type":"Feature","geometry":{"type":"Point","coordinates":[36.27622,36.19986]},"properties":{"probability":0.068,"inBuffer":false,"facType":"government"}},{"type":"Feature","geometry":{"type":"Point","coordinates":[36.28071,36.19986]},"properties":{"probability":0.084,"inBuffer":false,"facType":"government"}},{"type":"Feature","geometry":{"type":"Point","coordinates":[36.2852,36.19986]},"properties":{"probability":0.066,"inBuffer":false,"facType":"government"}},{"type":"Feature","geometry":{"type":"Point","coordinates":[36.30766,36.19986]},"properties":{"probability":0.064,"inBuffer":false,"facType":"government"}},{"type":"Feature","geometry":{"type":"Point","coordinates":[36.31215,36.19986]},"properties":{"probability":0.109,"inBuffer":false,"facType":"government"}},{"type":"Feature","geometry":{"type":"Point","coordinates":[36.31664,36.19986]},"properties":{"probability":0.099,"inBuffer":false,"facType":"government"}},{"type":"Feature","geometry":{"type":"Point","coordinates":[36.36156,36.19986]},"properties":{"probability":0.062,"inBuffer":false,"facType":"police"}},{"type":"Feature","geometry":{"type":"Point","coordinates":[36.36605,36.19986]},"properties":{"probability":0.084,"inBuffer":false,"facType":"police"}},{"type":"Feature","geometry":{"type":"Point","coordinates":[36.37054,36.19986]},"properties":{"probability":0.073,"inBuffer":false,"facType":"police"}},{"type":"Feature","geometry":{"type":"Point","coordinates":[36.0741,36.19537]},"properties":{"probability":0.067,"inBuffer":false,"facType":"substation"}},{"type":"Feature","geometry":{"type":"Point","coordinates":[36.07859,36.19537]},"properties":{"probability":0.063,"inBuffer":false,"facType":"substation"}},{"type":"Feature","geometry":{"type":"Point","coordinates":[36.08757,36.19537]},"properties":{"probability":0.064,"inBuffer":false,"facType":"substation"}},{"type":"Feature","geometry":{"type":"Point","coordinates":[36.09206,36.19537]},"properties":{"probability":0.068,"inBuffer":false,"facType":"substation"}},{"type":"Feature","geometry":{"type":"Point","coordinates":[36.09655,36.19537]},"properties":{"probability":0.072,"inBuffer":false,"facType":"substation"}},{"type":"Feature","geometry":{"type":"Point","coordinates":[36.10104,36.19537]},"properties":{"probability":0.067,"inBuffer":false,"facType":"substation"}},{"type":"Feature","geometry":{"type":"Point","coordinates":[36.10554,36.19537]},"properties":{"probability":0.068,"inBuffer":false,"facType":"substation"}},{"type":"Feature","geometry":{"type":"Point","coordinates":[36.11003,36.19537]},"properties":{"probability":0.075,"inBuffer":false,"facType":"substation"}},{"type":"Feature","geometry":{"type":"Point","coordinates":[36.11452,36.19537]},"properties":{"probability":0.179,"inBuffer":false,"facType":"substation"}},{"type":"Feature","geometry":{"type":"Point","coordinates":[36.11901,36.19537]},"properties":{"probability":0.19,"inBuffer":false,"facType":"substation"}},{"type":"Feature","geometry":{"type":"Point","coordinates":[36.1235,36.19537]},"properties":{"probability":0.215,"inBuffer":false,"facType":"government"}},{"type":"Feature","geometry":{"type":"Point","coordinates":[36.12799,36.19537]},"properties":{"probability":0.249,"inBuffer":false,"facType":"government"}},{"type":"Feature","geometry":{"type":"Point","coordinates":[36.13249,36.19537]},"properties":{"probability":0.252,"inBuffer":false,"facType":"substation"}},{"type":"Feature","geometry":{"type":"Point","coordinates":[36.13698,36.19537]},"properties":{"probability":0.259,"inBuffer":false,"facType":"government"}},{"type":"Feature","geometry":{"type":"Point","coordinates":[36.14147,36.19537]},"properties":{"probability":0.26,"inBuffer":false,"facType":"government"}},{"type":"Feature","geometry":{"type":"Point","coordinates":[36.14596,36.19537]},"properties":{"probability":0.27,"inBuffer":false,"facType":"government"}},{"type":"Feature","geometry":{"type":"Point","coordinates":[36.15045,36.19537]},"properties":{"probability":0.25,"inBuffer":false,"facType":"government"}},{"type":"Feature","geometry":{"type":"Point","coordinates":[36.15495,36.19537]},"properties":{"probability":0.255,"inBuffer":false,"facType":"government"}},{"type":"Feature","geometry":{"type":"Point","coordinates":[36.15944,36.19537]},"properties":{"probability":0.224,"inBuffer":false,"facType":"government"}},{"type":"Feature","geometry":{"type":"Point","coordinates":[36.16393,36.19537]},"properties":{"probability":0.2,"inBuffer":false,"facType":"government"}},{"type":"Feature","geometry":{"type":"Point","coordinates":[36.16842,36.19537]},"properties":{"probability":0.189,"inBuffer":false,"facType":"government"}},{"type":"Feature","geometry":{"type":"Point","coordinates":[36.17291,36.19537]},"properties":{"probability":0.081,"inBuffer":false,"facType":"government"}},{"type":"Feature","geometry":{"type":"Point","coordinates":[36.1774,36.19537]},"properties":{"probability":0.066,"inBuffer":false,"facType":"government"}},{"type":"Feature","geometry":{"type":"Point","coordinates":[36.18189,36.19537]},"properties":{"probability":0.068,"inBuffer":false,"facType":"government"}},{"type":"Feature","geometry":{"type":"Point","coordinates":[36.18639,36.19537]},"properties":{"probability":0.077,"inBuffer":false,"facType":"government"}},{"type":"Feature","geometry":{"type":"Point","coordinates":[36.19088,36.19537]},"properties":{"probability":0.072,"inBuffer":false,"facType":"government"}},{"type":"Feature","geometry":{"type":"Point","coordinates":[36.19537,36.19537]},"properties":{"probability":0.075,"inBuffer":false,"facType":"government"}},{"type":"Feature","geometry":{"type":"Point","coordinates":[36.19986,36.19537]},"properties":{"probability":0.073,"inBuffer":false,"facType":"government"}},{"type":"Feature","geometry":{"type":"Point","coordinates":[36.28071,36.19537]},"properties":{"probability":0.067,"inBuffer":false,"facType":"government"}},{"type":"Feature","geometry":{"type":"Point","coordinates":[36.30766,36.19537]},"properties":{"probability":0.064,"inBuffer":false,"facType":"government"}},{"type":"Feature","geometry":{"type":"Point","coordinates":[36.31215,36.19537]},"properties":{"probability":0.101,"inBuffer":false,"facType":"government"}},{"type":"Feature","geometry":{"type":"Point","coordinates":[36.31664,36.19537]},"properties":{"probability":0.102,"inBuffer":false,"facType":"government"}},{"type":"Feature","geometry":{"type":"Point","coordinates":[36.36156,36.19537]},"properties":{"probability":0.066,"inBuffer":false,"facType":"police"}},{"type":"Feature","geometry":{"type":"Point","coordinates":[36.36605,36.19537]},"properties":{"probability":0.072,"inBuffer":false,"facType":"police"}},{"type":"Feature","geometry":{"type":"Point","coordinates":[36.37054,36.19537]},"properties":{"probability":0.073,"inBuffer":false,"facType":"police"}},{"type":"Feature","geometry":{"type":"Point","coordinates":[36.05164,36.19088]},"properties":{"probability":0.074,"inBuffer":false,"facType":"substation"}},{"type":"Feature","geometry":{"type":"Point","coordinates":[36.05613,36.19088]},"properties":{"probability":0.092,"inBuffer":false,"facType":"substation"}},{"type":"Feature","geometry":{"type":"Point","coordinates":[36.06062,36.19088]},"properties":{"probability":0.096,"inBuffer":false,"facType":"substation"}},{"type":"Feature","geometry":{"type":"Point","coordinates":[36.06511,36.19088]},"properties":{"probability":0.066,"inBuffer":false,"facType":"substation"}},{"type":"Feature","geometry":{"type":"Point","coordinates":[36.0696,36.19088]},"properties":{"probability":0.07,"inBuffer":false,"facType":"substation"}},{"type":"Feature","geometry":{"type":"Point","coordinates":[36.0741,36.19088]},"properties":{"probability":0.07,"inBuffer":false,"facType":"substation"}},{"type":"Feature","geometry":{"type":"Point","coordinates":[36.07859,36.19088]},"properties":{"probability":0.069,"inBuffer":false,"facType":"substation"}},{"type":"Feature","geometry":{"type":"Point","coordinates":[36.08757,36.19088]},"properties":{"probability":0.072,"inBuffer":false,"facType":"substation"}},{"type":"Feature","geometry":{"type":"Point","coordinates":[36.09206,36.19088]},"properties":{"probability":0.067,"inBuffer":false,"facType":"substation"}},{"type":"Feature","geometry":{"type":"Point","coordinates":[36.09655,36.19088]},"properties":{"probability":0.081,"inBuffer":false,"facType":"substation"}},{"type":"Feature","geometry":{"type":"Point","coordinates":[36.10104,36.19088]},"properties":{"probability":0.074,"inBuffer":false,"facType":"substation"}},{"type":"Feature","geometry":{"type":"Point","coordinates":[36.10554,36.19088]},"properties":{"probability":0.07,"inBuffer":false,"facType":"substation"}},{"type":"Feature","geometry":{"type":"Point","coordinates":[36.11003,36.19088]},"properties":{"probability":0.08,"inBuffer":false,"facType":"substation"}},{"type":"Feature","geometry":{"type":"Point","coordinates":[36.11452,36.19088]},"properties":{"probability":0.177,"inBuffer":false,"facType":"substation"}},{"type":"Feature","geometry":{"type":"Point","coordinates":[36.11901,36.19088]},"properties":{"probability":0.204,"inBuffer":false,"facType":"government"}},{"type":"Feature","geometry":{"type":"Point","coordinates":[36.1235,36.19088]},"properties":{"probability":0.222,"inBuffer":false,"facType":"government"}},{"type":"Feature","geometry":{"type":"Point","coordinates":[36.12799,36.19088]},"properties":{"probability":0.208,"inBuffer":false,"facType":"substation"}},{"type":"Feature","geometry":{"type":"Point","coordinates":[36.13249,36.19088]},"properties":{"probability":0.171,"inBuffer":false,"facType":"substation"}},{"type":"Feature","geometry":{"type":"Point","coordinates":[36.13698,36.19088]},"properties":{"probability":0.231,"inBuffer":false,"facType":"substation"}},{"type":"Feature","geometry":{"type":"Point","coordinates":[36.14147,36.19088]},"properties":{"probability":0.258,"inBuffer":false,"facType":"substation"}},{"type":"Feature","geometry":{"type":"Point","coordinates":[36.14596,36.19088]},"properties":{"probability":0.262,"inBuffer":false,"facType":"government"}},{"type":"Feature","geometry":{"type":"Point","coordinates":[36.15045,36.19088]},"properties":{"probability":0.25,"inBuffer":false,"facType":"government"}},{"type":"Feature","geometry":{"type":"Point","coordinates":[36.15495,36.19088]},"properties":{"probability":0.197,"inBuffer":false,"facType":"government"}},{"type":"Feature","geometry":{"type":"Point","coordinates":[36.15944,36.19088]},"properties":{"probability":0.227,"inBuffer":false,"facType":"government"}},{"type":"Feature","geometry":{"type":"Point","coordinates":[36.16393,36.19088]},"properties":{"probability":0.16,"inBuffer":false,"facType":"government"}},{"type":"Feature","geometry":{"type":"Point","coordinates":[36.16842,36.19088]},"properties":{"probability":0.135,"inBuffer":false,"facType":"government"}},{"type":"Feature","geometry":{"type":"Point","coordinates":[36.17291,36.19088]},"properties":{"probability":0.075,"inBuffer":false,"facType":"government"}},{"type":"Feature","geometry":{"type":"Point","coordinates":[36.1774,36.19088]},"properties":{"probability":0.082,"inBuffer":false,"facType":"government"}},{"type":"Feature","geometry":{"type":"Point","coordinates":[36.18189,36.19088]},"properties":{"probability":0.072,"inBuffer":false,"facType":"government"}},{"type":"Feature","geometry":{"type":"Point","coordinates":[36.18639,36.19088]},"properties":{"probability":0.067,"inBuffer":false,"facType":"government"}},{"type":"Feature","geometry":{"type":"Point","coordinates":[36.19088,36.19088]},"properties":{"probability":0.074,"inBuffer":false,"facType":"government"}},{"type":"Feature","geometry":{"type":"Point","coordinates":[36.19537,36.19088]},"properties":{"probability":0.069,"inBuffer":false,"facType":"government"}},{"type":"Feature","geometry":{"type":"Point","coordinates":[36.31664,36.19088]},"properties":{"probability":0.093,"inBuffer":false,"facType":"government"}},{"type":"Feature","geometry":{"type":"Point","coordinates":[36.36156,36.19088]},"properties":{"probability":0.068,"inBuffer":false,"facType":"police"}},{"type":"Feature","geometry":{"type":"Point","coordinates":[36.36605,36.19088]},"properties":{"probability":0.078,"inBuffer":false,"facType":"police"}},{"type":"Feature","geometry":{"type":"Point","coordinates":[36.37054,36.19088]},"properties":{"probability":0.069,"inBuffer":false,"facType":"police"}},{"type":"Feature","geometry":{"type":"Point","coordinates":[36.38401,36.19088]},"properties":{"probability":0.11,"inBuffer":false,"facType":"police"}},{"type":"Feature","geometry":{"type":"Point","coordinates":[36.38851,36.19088]},"properties":{"probability":0.107,"inBuffer":false,"facType":"police"}},{"type":"Feature","geometry":{"type":"Point","coordinates":[36.05164,36.18639]},"properties":{"probability":0.071,"inBuffer":false,"facType":"substation"}},{"type":"Feature","geometry":{"type":"Point","coordinates":[36.05613,36.18639]},"properties":{"probability":0.073,"inBuffer":false,"facType":"substation"}},{"type":"Feature","geometry":{"type":"Point","coordinates":[36.06062,36.18639]},"properties":{"probability":0.07,"inBuffer":false,"facType":"substation"}},{"type":"Feature","geometry":{"type":"Point","coordinates":[36.06511,36.18639]},"properties":{"probability":0.065,"inBuffer":false,"facType":"substation"}},{"type":"Feature","geometry":{"type":"Point","coordinates":[36.0696,36.18639]},"properties":{"probability":0.073,"inBuffer":false,"facType":"substation"}},{"type":"Feature","geometry":{"type":"Point","coordinates":[36.0741,36.18639]},"properties":{"probability":0.098,"inBuffer":false,"facType":"substation"}},{"type":"Feature","geometry":{"type":"Point","coordinates":[36.07859,36.18639]},"properties":{"probability":0.075,"inBuffer":false,"facType":"substation"}},{"type":"Feature","geometry":{"type":"Point","coordinates":[36.09206,36.18639]},"properties":{"probability":0.074,"inBuffer":false,"facType":"substation"}},{"type":"Feature","geometry":{"type":"Point","coordinates":[36.09655,36.18639]},"properties":{"probability":0.105,"inBuffer":false,"facType":"substation"}},{"type":"Feature","geometry":{"type":"Point","coordinates":[36.10104,36.18639]},"properties":{"probability":0.095,"inBuffer":false,"facType":"substation"}},{"type":"Feature","geometry":{"type":"Point","coordinates":[36.10554,36.18639]},"properties":{"probability":0.075,"inBuffer":false,"facType":"government"}},{"type":"Feature","geometry":{"type":"Point","coordinates":[36.11003,36.18639]},"properties":{"probability":0.082,"inBuffer":false,"facType":"government"}},{"type":"Feature","geometry":{"type":"Point","coordinates":[36.11452,36.18639]},"properties":{"probability":0.135,"inBuffer":false,"facType":"government"}},{"type":"Feature","geometry":{"type":"Point","coordinates":[36.11901,36.18639]},"properties":{"probability":0.191,"inBuffer":false,"facType":"government"}},{"type":"Feature","geometry":{"type":"Point","coordinates":[36.1235,36.18639]},"properties":{"probability":0.207,"inBuffer":false,"facType":"government"}},{"type":"Feature","geometry":{"type":"Point","coordinates":[36.12799,36.18639]},"properties":{"probability":0.2,"inBuffer":false,"facType":"government"}},{"type":"Feature","geometry":{"type":"Point","coordinates":[36.13249,36.18639]},"properties":{"probability":0.186,"inBuffer":false,"facType":"substation"}},{"type":"Feature","geometry":{"type":"Point","coordinates":[36.13698,36.18639]},"properties":{"probability":0.191,"inBuffer":false,"facType":"substation"}},{"type":"Feature","geometry":{"type":"Point","coordinates":[36.14147,36.18639]},"properties":{"probability":0.204,"inBuffer":false,"facType":"substation"}},{"type":"Feature","geometry":{"type":"Point","coordinates":[36.14596,36.18639]},"properties":{"probability":0.236,"inBuffer":false,"facType":"substation"}},{"type":"Feature","geometry":{"type":"Point","coordinates":[36.15045,36.18639]},"properties":{"probability":0.241,"inBuffer":false,"facType":"government"}},{"type":"Feature","geometry":{"type":"Point","coordinates":[36.15495,36.18639]},"properties":{"probability":0.18,"inBuffer":false,"facType":"government"}},{"type":"Feature","geometry":{"type":"Point","coordinates":[36.15944,36.18639]},"properties":{"probability":0.126,"inBuffer":false,"facType":"government"}},{"type":"Feature","geometry":{"type":"Point","coordinates":[36.16393,36.18639]},"properties":{"probability":0.074,"inBuffer":false,"facType":"government"}},{"type":"Feature","geometry":{"type":"Point","coordinates":[36.16842,36.18639]},"properties":{"probability":0.066,"inBuffer":false,"facType":"government"}},{"type":"Feature","geometry":{"type":"Point","coordinates":[36.18189,36.18639]},"properties":{"probability":0.069,"inBuffer":false,"facType":"government"}},{"type":"Feature","geometry":{"type":"Point","coordinates":[36.18639,36.18639]},"properties":{"probability":0.063,"inBuffer":false,"facType":"government"}},{"type":"Feature","geometry":{"type":"Point","coordinates":[36.19088,36.18639]},"properties":{"probability":0.078,"inBuffer":false,"facType":"government"}},{"type":"Feature","geometry":{"type":"Point","coordinates":[36.19537,36.18639]},"properties":{"probability":0.076,"inBuffer":false,"facType":"government"}},{"type":"Feature","geometry":{"type":"Point","coordinates":[36.36156,36.18639]},"properties":{"probability":0.135,"inBuffer":false,"facType":"police"}},{"type":"Feature","geometry":{"type":"Point","coordinates":[36.36605,36.18639]},"properties":{"probability":0.127,"inBuffer":false,"facType":"police"}},{"type":"Feature","geometry":{"type":"Point","coordinates":[36.37054,36.18639]},"properties":{"probability":0.061,"inBuffer":false,"facType":"police"}},{"type":"Feature","geometry":{"type":"Point","coordinates":[36.38851,36.18639]},"properties":{"probability":0.116,"inBuffer":false,"facType":"police"}},{"type":"Feature","geometry":{"type":"Point","coordinates":[36.05164,36.18189]},"properties":{"probability":0.072,"inBuffer":false,"facType":"substation"}},{"type":"Feature","geometry":{"type":"Point","coordinates":[36.05613,36.18189]},"properties":{"probability":0.066,"inBuffer":false,"facType":"substation"}},{"type":"Feature","geometry":{"type":"Point","coordinates":[36.06062,36.18189]},"properties":{"probability":0.065,"inBuffer":false,"facType":"substation"}},{"type":"Feature","geometry":{"type":"Point","coordinates":[36.06511,36.18189]},"properties":{"probability":0.075,"inBuffer":false,"facType":"substation"}},{"type":"Feature","geometry":{"type":"Point","coordinates":[36.0696,36.18189]},"properties":{"probability":0.077,"inBuffer":false,"facType":"substation"}},{"type":"Feature","geometry":{"type":"Point","coordinates":[36.0741,36.18189]},"properties":{"probability":0.075,"inBuffer":false,"facType":"substation"}},{"type":"Feature","geometry":{"type":"Point","coordinates":[36.09206,36.18189]},"properties":{"probability":0.069,"inBuffer":false,"facType":"substation"}},{"type":"Feature","geometry":{"type":"Point","coordinates":[36.09655,36.18189]},"properties":{"probability":0.07,"inBuffer":false,"facType":"government"}},{"type":"Feature","geometry":{"type":"Point","coordinates":[36.10104,36.18189]},"properties":{"probability":0.067,"inBuffer":false,"facType":"government"}},{"type":"Feature","geometry":{"type":"Point","coordinates":[36.10554,36.18189]},"properties":{"probability":0.071,"inBuffer":false,"facType":"government"}},{"type":"Feature","geometry":{"type":"Point","coordinates":[36.11003,36.18189]},"properties":{"probability":0.093,"inBuffer":false,"facType":"government"}},{"type":"Feature","geometry":{"type":"Point","coordinates":[36.11452,36.18189]},"properties":{"probability":0.142,"inBuffer":false,"facType":"government"}},{"type":"Feature","geometry":{"type":"Point","coordinates":[36.11901,36.18189]},"properties":{"probability":0.202,"inBuffer":false,"facType":"government"}},{"type":"Feature","geometry":{"type":"Point","coordinates":[36.1235,36.18189]},"properties":{"probability":0.193,"inBuffer":false,"facType":"government"}},{"type":"Feature","geometry":{"type":"Point","coordinates":[36.12799,36.18189]},"properties":{"probability":0.162,"inBuffer":false,"facType":"government"}},{"type":"Feature","geometry":{"type":"Point","coordinates":[36.13249,36.18189]},"properties":{"probability":0.1,"inBuffer":false,"facType":"government"}},{"type":"Feature","geometry":{"type":"Point","coordinates":[36.13698,36.18189]},"properties":{"probability":0.116,"inBuffer":false,"facType":"substation"}},{"type":"Feature","geometry":{"type":"Point","coordinates":[36.14147,36.18189]},"properties":{"probability":0.167,"inBuffer":false,"facType":"substation"}},{"type":"Feature","geometry":{"type":"Point","coordinates":[36.14596,36.18189]},"properties":{"probability":0.221,"inBuffer":false,"facType":"substation"}},{"type":"Feature","geometry":{"type":"Point","coordinates":[36.15045,36.18189]},"properties":{"probability":0.227,"inBuffer":false,"facType":"substation"}},{"type":"Feature","geometry":{"type":"Point","coordinates":[36.15495,36.18189]},"properties":{"probability":0.112,"inBuffer":false,"facType":"government"}},{"type":"Feature","geometry":{"type":"Point","coordinates":[36.15944,36.18189]},"properties":{"probability":0.079,"inBuffer":false,"facType":"government"}},{"type":"Feature","geometry":{"type":"Point","coordinates":[36.16393,36.18189]},"properties":{"probability":0.066,"inBuffer":false,"facType":"government"}},{"type":"Feature","geometry":{"type":"Point","coordinates":[36.18639,36.18189]},"properties":{"probability":0.066,"inBuffer":false,"facType":"government"}},{"type":"Feature","geometry":{"type":"Point","coordinates":[36.19088,36.18189]},"properties":{"probability":0.072,"inBuffer":false,"facType":"government"}},{"type":"Feature","geometry":{"type":"Point","coordinates":[36.19537,36.18189]},"properties":{"probability":0.068,"inBuffer":false,"facType":"government"}},{"type":"Feature","geometry":{"type":"Point","coordinates":[36.33012,36.18189]},"properties":{"probability":0.062,"inBuffer":false,"facType":"government"}},{"type":"Feature","geometry":{"type":"Point","coordinates":[36.33461,36.18189]},"properties":{"probability":0.08,"inBuffer":false,"facType":"government"}},{"type":"Feature","geometry":{"type":"Point","coordinates":[36.3391,36.18189]},"properties":{"probability":0.075,"inBuffer":false,"facType":"government"}},{"type":"Feature","geometry":{"type":"Point","coordinates":[36.34359,36.18189]},"properties":{"probability":0.076,"inBuffer":false,"facType":"government"}},{"type":"Feature","geometry":{"type":"Point","coordinates":[36.36156,36.18189]},"properties":{"probability":0.084,"inBuffer":false,"facType":"government"}},{"type":"Feature","geometry":{"type":"Point","coordinates":[36.36605,36.18189]},"properties":{"probability":0.14,"inBuffer":false,"facType":"police"}},{"type":"Feature","geometry":{"type":"Point","coordinates":[36.37054,36.18189]},"properties":{"probability":0.066,"inBuffer":false,"facType":"police"}},{"type":"Feature","geometry":{"type":"Point","coordinates":[36.05164,36.1774]},"properties":{"probability":0.074,"inBuffer":false,"facType":"substation"}},{"type":"Feature","geometry":{"type":"Point","coordinates":[36.05613,36.1774]},"properties":{"probability":0.073,"inBuffer":false,"facType":"substation"}},{"type":"Feature","geometry":{"type":"Point","coordinates":[36.06062,36.1774]},"properties":{"probability":0.066,"inBuffer":false,"facType":"substation"}},{"type":"Feature","geometry":{"type":"Point","coordinates":[36.06511,36.1774]},"properties":{"probability":0.067,"inBuffer":false,"facType":"substation"}},{"type":"Feature","geometry":{"type":"Point","coordinates":[36.0696,36.1774]},"properties":{"probability":0.066,"inBuffer":false,"facType":"substation"}},{"type":"Feature","geometry":{"type":"Point","coordinates":[36.0741,36.1774]},"properties":{"probability":0.07,"inBuffer":false,"facType":"substation"}},{"type":"Feature","geometry":{"type":"Point","coordinates":[36.09206,36.1774]},"properties":{"probability":0.072,"inBuffer":false,"facType":"government"}},{"type":"Feature","geometry":{"type":"Point","coordinates":[36.09655,36.1774]},"properties":{"probability":0.073,"inBuffer":false,"facType":"government"}},{"type":"Feature","geometry":{"type":"Point","coordinates":[36.10104,36.1774]},"properties":{"probability":0.068,"inBuffer":false,"facType":"government"}},{"type":"Feature","geometry":{"type":"Point","coordinates":[36.10554,36.1774]},"properties":{"probability":0.067,"inBuffer":false,"facType":"government"}},{"type":"Feature","geometry":{"type":"Point","coordinates":[36.11003,36.1774]},"properties":{"probability":0.113,"inBuffer":false,"facType":"government"}},{"type":"Feature","geometry":{"type":"Point","coordinates":[36.11452,36.1774]},"properties":{"probability":0.145,"inBuffer":false,"facType":"government"}},{"type":"Feature","geometry":{"type":"Point","coordinates":[36.11901,36.1774]},"properties":{"probability":0.136,"inBuffer":false,"facType":"government"}},{"type":"Feature","geometry":{"type":"Point","coordinates":[36.1235,36.1774]},"properties":{"probability":0.211,"inBuffer":false,"facType":"government"}},{"type":"Feature","geometry":{"type":"Point","coordinates":[36.12799,36.1774]},"properties":{"probability":0.191,"inBuffer":false,"facType":"government"}},{"type":"Feature","geometry":{"type":"Point","coordinates":[36.13249,36.1774]},"properties":{"probability":0.108,"inBuffer":false,"facType":"government"}},{"type":"Feature","geometry":{"type":"Point","coordinates":[36.13698,36.1774]},"properties":{"probability":0.139,"inBuffer":false,"facType":"government"}},{"type":"Feature","geometry":{"type":"Point","coordinates":[36.14147,36.1774]},"properties":{"probability":0.157,"inBuffer":false,"facType":"substation"}},{"type":"Feature","geometry":{"type":"Point","coordinates":[36.14596,36.1774]},"properties":{"probability":0.167,"inBuffer":false,"facType":"substation"}},{"type":"Feature","geometry":{"type":"Point","coordinates":[36.15045,36.1774]},"properties":{"probability":0.153,"inBuffer":false,"facType":"substation"}},{"type":"Feature","geometry":{"type":"Point","coordinates":[36.15495,36.1774]},"properties":{"probability":0.118,"inBuffer":false,"facType":"substation"}},{"type":"Feature","geometry":{"type":"Point","coordinates":[36.15944,36.1774]},"properties":{"probability":0.094,"inBuffer":false,"facType":"government"}},{"type":"Feature","geometry":{"type":"Point","coordinates":[36.16393,36.1774]},"properties":{"probability":0.066,"inBuffer":false,"facType":"government"}},{"type":"Feature","geometry":{"type":"Point","coordinates":[36.18639,36.1774]},"properties":{"probability":0.074,"inBuffer":false,"facType":"government"}},{"type":"Feature","geometry":{"type":"Point","coordinates":[36.19088,36.1774]},"properties":{"probability":0.073,"inBuffer":false,"facType":"government"}},{"type":"Feature","geometry":{"type":"Point","coordinates":[36.33012,36.1774]},"properties":{"probability":0.071,"inBuffer":false,"facType":"government"}},{"type":"Feature","geometry":{"type":"Point","coordinates":[36.33461,36.1774]},"properties":{"probability":0.104,"inBuffer":false,"facType":"government"}},{"type":"Feature","geometry":{"type":"Point","coordinates":[36.3391,36.1774]},"properties":{"probability":0.081,"inBuffer":false,"facType":"government"}},{"type":"Feature","geometry":{"type":"Point","coordinates":[36.34359,36.1774]},"properties":{"probability":0.065,"inBuffer":false,"facType":"government"}},{"type":"Feature","geometry":{"type":"Point","coordinates":[36.05164,36.17291]},"properties":{"probability":0.079,"inBuffer":false,"facType":"substation"}},{"type":"Feature","geometry":{"type":"Point","coordinates":[36.05613,36.17291]},"properties":{"probability":0.069,"inBuffer":false,"facType":"substation"}},{"type":"Feature","geometry":{"type":"Point","coordinates":[36.06062,36.17291]},"properties":{"probability":0.067,"inBuffer":false,"facType":"substation"}},{"type":"Feature","geometry":{"type":"Point","coordinates":[36.06511,36.17291]},"properties":{"probability":0.069,"inBuffer":false,"facType":"substation"}},{"type":"Feature","geometry":{"type":"Point","coordinates":[36.0696,36.17291]},"properties":{"probability":0.064,"inBuffer":false,"facType":"substation"}},{"type":"Feature","geometry":{"type":"Point","coordinates":[36.0741,36.17291]},"properties":{"probability":0.063,"inBuffer":false,"facType":"government"}},{"type":"Feature","geometry":{"type":"Point","coordinates":[36.09206,36.17291]},"properties":{"probability":0.073,"inBuffer":false,"facType":"government"}},{"type":"Feature","geometry":{"type":"Point","coordinates":[36.09655,36.17291]},"properties":{"probability":0.067,"inBuffer":false,"facType":"government"}},{"type":"Feature","geometry":{"type":"Point","coordinates":[36.10104,36.17291]},"properties":{"probability":0.072,"inBuffer":false,"facType":"government"}},{"type":"Feature","geometry":{"type":"Point","coordinates":[36.10554,36.17291]},"properties":{"probability":0.067,"inBuffer":false,"facType":"government"}},{"type":"Feature","geometry":{"type":"Point","coordinates":[36.11003,36.17291]},"properties":{"probability":0.112,"inBuffer":false,"facType":"government"}},{"type":"Feature","geometry":{"type":"Point","coordinates":[36.11452,36.17291]},"properties":{"probability":0.13,"inBuffer":false,"facType":"government"}},{"type":"Feature","geometry":{"type":"Point","coordinates":[36.11901,36.17291]},"properties":{"probability":0.183,"inBuffer":false,"facType":"government"}},{"type":"Feature","geometry":{"type":"Point","coordinates":[36.1235,36.17291]},"properties":{"probability":0.249,"inBuffer":false,"facType":"government"}},{"type":"Feature","geometry":{"type":"Point","coordinates":[36.12799,36.17291]},"properties":{"probability":0.147,"inBuffer":false,"facType":"government"}},{"type":"Feature","geometry":{"type":"Point","coordinates":[36.13249,36.17291]},"properties":{"probability":0.13,"inBuffer":false,"facType":"government"}},{"type":"Feature","geometry":{"type":"Point","coordinates":[36.13698,36.17291]},"properties":{"probability":0.184,"inBuffer":false,"facType":"government"}},{"type":"Feature","geometry":{"type":"Point","coordinates":[36.14147,36.17291]},"properties":{"probability":0.177,"inBuffer":false,"facType":"government"}},{"type":"Feature","geometry":{"type":"Point","coordinates":[36.14596,36.17291]},"properties":{"probability":0.216,"inBuffer":false,"facType":"substation"}},{"type":"Feature","geometry":{"type":"Point","coordinates":[36.15045,36.17291]},"properties":{"probability":0.182,"inBuffer":false,"facType":"substation"}},{"type":"Feature","geometry":{"type":"Point","coordinates":[36.15495,36.17291]},"properties":{"probability":0.156,"inBuffer":false,"facType":"substation"}},{"type":"Feature","geometry":{"type":"Point","coordinates":[36.15944,36.17291]},"properties":{"probability":0.071,"inBuffer":false,"facType":"substation"}},{"type":"Feature","geometry":{"type":"Point","coordinates":[36.16393,36.17291]},"properties":{"probability":0.077,"inBuffer":false,"facType":"government"}},{"type":"Feature","geometry":{"type":"Point","coordinates":[36.33012,36.17291]},"properties":{"probability":0.066,"inBuffer":false,"facType":"government"}},{"type":"Feature","geometry":{"type":"Point","coordinates":[36.33461,36.17291]},"properties":{"probability":0.061,"inBuffer":false,"facType":"government"}},{"type":"Feature","geometry":{"type":"Point","coordinates":[36.3391,36.17291]},"properties":{"probability":0.069,"inBuffer":false,"facType":"government"}},{"type":"Feature","geometry":{"type":"Point","coordinates":[36.34359,36.17291]},"properties":{"probability":0.073,"inBuffer":false,"facType":"government"}},{"type":"Feature","geometry":{"type":"Point","coordinates":[36.05164,36.16842]},"properties":{"probability":0.068,"inBuffer":false,"facType":"substation"}},{"type":"Feature","geometry":{"type":"Point","coordinates":[36.05613,36.16842]},"properties":{"probability":0.062,"inBuffer":false,"facType":"substation"}},{"type":"Feature","geometry":{"type":"Point","coordinates":[36.06062,36.16842]},"properties":{"probability":0.066,"inBuffer":false,"facType":"government"}},{"type":"Feature","geometry":{"type":"Point","coordinates":[36.0741,36.16842]},"properties":{"probability":0.065,"inBuffer":false,"facType":"government"}},{"type":"Feature","geometry":{"type":"Point","coordinates":[36.07859,36.16842]},"properties":{"probability":0.066,"inBuffer":false,"facType":"government"}},{"type":"Feature","geometry":{"type":"Point","coordinates":[36.08308,36.16842]},"properties":{"probability":0.07,"inBuffer":false,"facType":"government"}},{"type":"Feature","geometry":{"type":"Point","coordinates":[36.09206,36.16842]},"properties":{"probability":0.078,"inBuffer":false,"facType":"government"}},{"type":"Feature","geometry":{"type":"Point","coordinates":[36.09655,36.16842]},"properties":{"probability":0.073,"inBuffer":false,"facType":"government"}},{"type":"Feature","geometry":{"type":"Point","coordinates":[36.10104,36.16842]},"properties":{"probability":0.099,"inBuffer":false,"facType":"government"}},{"type":"Feature","geometry":{"type":"Point","coordinates":[36.10554,36.16842]},"properties":{"probability":0.074,"inBuffer":false,"facType":"government"}},{"type":"Feature","geometry":{"type":"Point","coordinates":[36.11003,36.16842]},"properties":{"probability":0.11,"inBuffer":false,"facType":"government"}},{"type":"Feature","geometry":{"type":"Point","coordinates":[36.11452,36.16842]},"properties":{"probability":0.127,"inBuffer":false,"facType":"government"}},{"type":"Feature","geometry":{"type":"Point","coordinates":[36.11901,36.16842]},"properties":{"probability":0.063,"inBuffer":false,"facType":"government"}},{"type":"Feature","geometry":{"type":"Point","coordinates":[36.1235,36.16842]},"properties":{"probability":0.079,"inBuffer":false,"facType":"government"}},{"type":"Feature","geometry":{"type":"Point","coordinates":[36.12799,36.16842]},"properties":{"probability":0.142,"inBuffer":false,"facType":"government"}},{"type":"Feature","geometry":{"type":"Point","coordinates":[36.13249,36.16842]},"properties":{"probability":0.149,"inBuffer":false,"facType":"government"}},{"type":"Feature","geometry":{"type":"Point","coordinates":[36.13698,36.16842]},"properties":{"probability":0.207,"inBuffer":false,"facType":"government"}},{"type":"Feature","geometry":{"type":"Point","coordinates":[36.14147,36.16842]},"properties":{"probability":0.165,"inBuffer":false,"facType":"government"}},{"type":"Feature","geometry":{"type":"Point","coordinates":[36.14596,36.16842]},"properties":{"probability":0.18,"inBuffer":false,"facType":"substation"}},{"type":"Feature","geometry":{"type":"Point","coordinates":[36.15045,36.16842]},"properties":{"probability":0.14,"inBuffer":false,"facType":"substation"}},{"type":"Feature","geometry":{"type":"Point","coordinates":[36.15495,36.16842]},"properties":{"probability":0.185,"inBuffer":false,"facType":"substation"}},{"type":"Feature","geometry":{"type":"Point","coordinates":[36.15944,36.16842]},"properties":{"probability":0.13,"inBuffer":false,"facType":"substation"}},{"type":"Feature","geometry":{"type":"Point","coordinates":[36.16393,36.16842]},"properties":{"probability":0.077,"inBuffer":false,"facType":"government"}},{"type":"Feature","geometry":{"type":"Point","coordinates":[36.33461,36.16842]},"properties":{"probability":0.067,"inBuffer":false,"facType":"government"}},{"type":"Feature","geometry":{"type":"Point","coordinates":[36.3391,36.16842]},"properties":{"probability":0.077,"inBuffer":false,"facType":"government"}},{"type":"Feature","geometry":{"type":"Point","coordinates":[36.34359,36.16842]},"properties":{"probability":0.076,"inBuffer":false,"facType":"government"}},{"type":"Feature","geometry":{"type":"Point","coordinates":[36.05164,36.16393]},"properties":{"probability":0.089,"inBuffer":false,"facType":"substation"}},{"type":"Feature","geometry":{"type":"Point","coordinates":[36.05613,36.16393]},"properties":{"probability":0.075,"inBuffer":false,"facType":"government"}},{"type":"Feature","geometry":{"type":"Point","coordinates":[36.06062,36.16393]},"properties":{"probability":0.08,"inBuffer":false,"facType":"government"}},{"type":"Feature","geometry":{"type":"Point","coordinates":[36.0696,36.16393]},"properties":{"probability":0.064,"inBuffer":false,"facType":"government"}},{"type":"Feature","geometry":{"type":"Point","coordinates":[36.0741,36.16393]},"properties":{"probability":0.07,"inBuffer":false,"facType":"government"}},{"type":"Feature","geometry":{"type":"Point","coordinates":[36.07859,36.16393]},"properties":{"probability":0.062,"inBuffer":false,"facType":"government"}},{"type":"Feature","geometry":{"type":"Point","coordinates":[36.08308,36.16393]},"properties":{"probability":0.075,"inBuffer":false,"facType":"government"}},{"type":"Feature","geometry":{"type":"Point","coordinates":[36.08757,36.16393]},"properties":{"probability":0.065,"inBuffer":false,"facType":"government"}},{"type":"Feature","geometry":{"type":"Point","coordinates":[36.09206,36.16393]},"properties":{"probability":0.078,"inBuffer":false,"facType":"government"}},{"type":"Feature","geometry":{"type":"Point","coordinates":[36.09655,36.16393]},"properties":{"probability":0.096,"inBuffer":false,"facType":"government"}},{"type":"Feature","geometry":{"type":"Point","coordinates":[36.10104,36.16393]},"properties":{"probability":0.107,"inBuffer":false,"facType":"government"}},{"type":"Feature","geometry":{"type":"Point","coordinates":[36.10554,36.16393]},"properties":{"probability":0.113,"inBuffer":false,"facType":"government"}},{"type":"Feature","geometry":{"type":"Point","coordinates":[36.11003,36.16393]},"properties":{"probability":0.068,"inBuffer":false,"facType":"government"}},{"type":"Feature","geometry":{"type":"Point","coordinates":[36.11452,36.16393]},"properties":{"probability":0.068,"inBuffer":false,"facType":"government"}},{"type":"Feature","geometry":{"type":"Point","coordinates":[36.11901,36.16393]},"properties":{"probability":0.065,"inBuffer":false,"facType":"government"}},{"type":"Feature","geometry":{"type":"Point","coordinates":[36.1235,36.16393]},"properties":{"probability":0.068,"inBuffer":false,"facType":"government"}},{"type":"Feature","geometry":{"type":"Point","coordinates":[36.12799,36.16393]},"properties":{"probability":0.113,"inBuffer":false,"facType":"government"}},{"type":"Feature","geometry":{"type":"Point","coordinates":[36.13249,36.16393]},"properties":{"probability":0.14,"inBuffer":false,"facType":"government"}},{"type":"Feature","geometry":{"type":"Point","coordinates":[36.13698,36.16393]},"properties":{"probability":0.194,"inBuffer":false,"facType":"government"}},{"type":"Feature","geometry":{"type":"Point","coordinates":[36.14147,36.16393]},"properties":{"probability":0.163,"inBuffer":false,"facType":"government"}},{"type":"Feature","geometry":{"type":"Point","coordinates":[36.14596,36.16393]},"properties":{"probability":0.184,"inBuffer":false,"facType":"government"}},{"type":"Feature","geometry":{"type":"Point","coordinates":[36.15045,36.16393]},"properties":{"probability":0.1,"inBuffer":false,"facType":"government"}},{"type":"Feature","geometry":{"type":"Point","coordinates":[36.15495,36.16393]},"properties":{"probability":0.137,"inBuffer":false,"facType":"government"}},{"type":"Feature","geometry":{"type":"Point","coordinates":[36.15944,36.16393]},"properties":{"probability":0.134,"inBuffer":false,"facType":"government"}},{"type":"Feature","geometry":{"type":"Point","coordinates":[36.16393,36.16393]},"properties":{"probability":0.074,"inBuffer":false,"facType":"government"}},{"type":"Feature","geometry":{"type":"Point","coordinates":[36.25376,36.16393]},"properties":{"probability":0.064,"inBuffer":false,"facType":"government"}},{"type":"Feature","geometry":{"type":"Point","coordinates":[36.25825,36.16393]},"properties":{"probability":0.071,"inBuffer":false,"facType":"government"}},{"type":"Feature","geometry":{"type":"Point","coordinates":[36.2852,36.16393]},"properties":{"probability":0.063,"inBuffer":false,"facType":"government"}},{"type":"Feature","geometry":{"type":"Point","coordinates":[36.3391,36.16393]},"properties":{"probability":0.073,"inBuffer":false,"facType":"government"}},{"type":"Feature","geometry":{"type":"Point","coordinates":[36.34359,36.16393]},"properties":{"probability":0.072,"inBuffer":false,"facType":"government"}},{"type":"Feature","geometry":{"type":"Point","coordinates":[36.05164,36.15944]},"properties":{"probability":0.063,"inBuffer":false,"facType":"substation"}},{"type":"Feature","geometry":{"type":"Point","coordinates":[36.05613,36.15944]},"properties":{"probability":0.079,"inBuffer":false,"facType":"substation"}},{"type":"Feature","geometry":{"type":"Point","coordinates":[36.06062,36.15944]},"properties":{"probability":0.074,"inBuffer":false,"facType":"government"}},{"type":"Feature","geometry":{"type":"Point","coordinates":[36.0696,36.15944]},"properties":{"probability":0.063,"inBuffer":false,"facType":"government"}},{"type":"Feature","geometry":{"type":"Point","coordinates":[36.0741,36.15944]},"properties":{"probability":0.064,"inBuffer":false,"facType":"government"}},{"type":"Feature","geometry":{"type":"Point","coordinates":[36.07859,36.15944]},"properties":{"probability":0.067,"inBuffer":false,"facType":"government"}},{"type":"Feature","geometry":{"type":"Point","coordinates":[36.08308,36.15944]},"properties":{"probability":0.059,"inBuffer":false,"facType":"government"}},{"type":"Feature","geometry":{"type":"Point","coordinates":[36.08757,36.15944]},"properties":{"probability":0.071,"inBuffer":false,"facType":"government"}},{"type":"Feature","geometry":{"type":"Point","coordinates":[36.09206,36.15944]},"properties":{"probability":0.065,"inBuffer":false,"facType":"government"}},{"type":"Feature","geometry":{"type":"Point","coordinates":[36.09655,36.15944]},"properties":{"probability":0.098,"inBuffer":false,"facType":"government"}},{"type":"Feature","geometry":{"type":"Point","coordinates":[36.10104,36.15944]},"properties":{"probability":0.098,"inBuffer":false,"facType":"government"}},{"type":"Feature","geometry":{"type":"Point","coordinates":[36.10554,36.15944]},"properties":{"probability":0.073,"inBuffer":false,"facType":"government"}},{"type":"Feature","geometry":{"type":"Point","coordinates":[36.11003,36.15944]},"properties":{"probability":0.067,"inBuffer":false,"facType":"government"}},{"type":"Feature","geometry":{"type":"Point","coordinates":[36.11452,36.15944]},"properties":{"probability":0.068,"inBuffer":false,"facType":"government"}},{"type":"Feature","geometry":{"type":"Point","coordinates":[36.11901,36.15944]},"properties":{"probability":0.066,"inBuffer":false,"facType":"government"}},{"type":"Feature","geometry":{"type":"Point","coordinates":[36.1235,36.15944]},"properties":{"probability":0.065,"inBuffer":false,"facType":"government"}},{"type":"Feature","geometry":{"type":"Point","coordinates":[36.12799,36.15944]},"properties":{"probability":0.066,"inBuffer":false,"facType":"government"}},{"type":"Feature","geometry":{"type":"Point","coordinates":[36.13249,36.15944]},"properties":{"probability":0.092,"inBuffer":false,"facType":"government"}},{"type":"Feature","geometry":{"type":"Point","coordinates":[36.13698,36.15944]},"properties":{"probability":0.138,"inBuffer":false,"facType":"government"}},{"type":"Feature","geometry":{"type":"Point","coordinates":[36.14147,36.15944]},"properties":{"probability":0.175,"inBuffer":false,"facType":"government"}},{"type":"Feature","geometry":{"type":"Point","coordinates":[36.14596,36.15944]},"properties":{"probability":0.145,"inBuffer":false,"facType":"government"}},{"type":"Feature","geometry":{"type":"Point","coordinates":[36.15045,36.15944]},"properties":{"probability":0.065,"inBuffer":false,"facType":"government"}},{"type":"Feature","geometry":{"type":"Point","coordinates":[36.15495,36.15944]},"properties":{"probability":0.065,"inBuffer":false,"facType":"government"}},{"type":"Feature","geometry":{"type":"Point","coordinates":[36.15944,36.15944]},"properties":{"probability":0.066,"inBuffer":false,"facType":"government"}},{"type":"Feature","geometry":{"type":"Point","coordinates":[36.16393,36.15944]},"properties":{"probability":0.069,"inBuffer":false,"facType":"government"}},{"type":"Feature","geometry":{"type":"Point","coordinates":[36.19537,36.15944]},"properties":{"probability":0.068,"inBuffer":false,"facType":"government"}},{"type":"Feature","geometry":{"type":"Point","coordinates":[36.19986,36.15944]},"properties":{"probability":0.067,"inBuffer":false,"facType":"government"}},{"type":"Feature","geometry":{"type":"Point","coordinates":[36.21783,36.15944]},"properties":{"probability":0.069,"inBuffer":false,"facType":"government"}},{"type":"Feature","geometry":{"type":"Point","coordinates":[36.22232,36.15944]},"properties":{"probability":0.073,"inBuffer":false,"facType":"government"}},{"type":"Feature","geometry":{"type":"Point","coordinates":[36.22681,36.15944]},"properties":{"probability":0.088,"inBuffer":false,"facType":"government"}},{"type":"Feature","geometry":{"type":"Point","coordinates":[36.2313,36.15944]},"properties":{"probability":0.077,"inBuffer":false,"facType":"government"}},{"type":"Feature","geometry":{"type":"Point","coordinates":[36.24927,36.15944]},"properties":{"probability":0.066,"inBuffer":false,"facType":"government"}},{"type":"Feature","geometry":{"type":"Point","coordinates":[36.25376,36.15944]},"properties":{"probability":0.067,"inBuffer":false,"facType":"government"}},{"type":"Feature","geometry":{"type":"Point","coordinates":[36.25825,36.15944]},"properties":{"probability":0.066,"inBuffer":false,"facType":"government"}},{"type":"Feature","geometry":{"type":"Point","coordinates":[36.28071,36.15944]},"properties":{"probability":0.074,"inBuffer":false,"facType":"government"}},{"type":"Feature","geometry":{"type":"Point","coordinates":[36.2852,36.15944]},"properties":{"probability":0.067,"inBuffer":false,"facType":"government"}},{"type":"Feature","geometry":{"type":"Point","coordinates":[36.28969,36.15944]},"properties":{"probability":0.064,"inBuffer":false,"facType":"government"}},{"type":"Feature","geometry":{"type":"Point","coordinates":[36.32113,36.15944]},"properties":{"probability":0.064,"inBuffer":false,"facType":"government"}},{"type":"Feature","geometry":{"type":"Point","coordinates":[36.34808,36.15944]},"properties":{"probability":0.065,"inBuffer":false,"facType":"government"}},{"type":"Feature","geometry":{"type":"Point","coordinates":[36.05164,36.15495]},"properties":{"probability":0.073,"inBuffer":false,"facType":"substation"}},{"type":"Feature","geometry":{"type":"Point","coordinates":[36.05613,36.15495]},"properties":{"probability":0.076,"inBuffer":false,"facType":"substation"}},{"type":"Feature","geometry":{"type":"Point","coordinates":[36.06062,36.15495]},"properties":{"probability":0.089,"inBuffer":false,"facType":"substation"}},{"type":"Feature","geometry":{"type":"Point","coordinates":[36.06511,36.15495]},"properties":{"probability":0.089,"inBuffer":false,"facType":"substation"}},{"type":"Feature","geometry":{"type":"Point","coordinates":[36.0696,36.15495]},"properties":{"probability":0.081,"inBuffer":false,"facType":"government"}},{"type":"Feature","geometry":{"type":"Point","coordinates":[36.08308,36.15495]},"properties":{"probability":0.065,"inBuffer":false,"facType":"government"}},{"type":"Feature","geometry":{"type":"Point","coordinates":[36.08757,36.15495]},"properties":{"probability":0.066,"inBuffer":false,"facType":"government"}},{"type":"Feature","geometry":{"type":"Point","coordinates":[36.09206,36.15495]},"properties":{"probability":0.083,"inBuffer":false,"facType":"government"}},{"type":"Feature","geometry":{"type":"Point","coordinates":[36.09655,36.15495]},"properties":{"probability":0.097,"inBuffer":false,"facType":"government"}},{"type":"Feature","geometry":{"type":"Point","coordinates":[36.10104,36.15495]},"properties":{"probability":0.098,"inBuffer":false,"facType":"government"}},{"type":"Feature","geometry":{"type":"Point","coordinates":[36.10554,36.15495]},"properties":{"probability":0.068,"inBuffer":false,"facType":"government"}},{"type":"Feature","geometry":{"type":"Point","coordinates":[36.11003,36.15495]},"properties":{"probability":0.071,"inBuffer":false,"facType":"government"}},{"type":"Feature","geometry":{"type":"Point","coordinates":[36.11452,36.15495]},"properties":{"probability":0.07,"inBuffer":false,"facType":"government"}},{"type":"Feature","geometry":{"type":"Point","coordinates":[36.11901,36.15495]},"properties":{"probability":0.066,"inBuffer":false,"facType":"government"}},{"type":"Feature","geometry":{"type":"Point","coordinates":[36.1235,36.15495]},"properties":{"probability":0.062,"inBuffer":false,"facType":"government"}},{"type":"Feature","geometry":{"type":"Point","coordinates":[36.12799,36.15495]},"properties":{"probability":0.081,"inBuffer":false,"facType":"government"}},{"type":"Feature","geometry":{"type":"Point","coordinates":[36.13249,36.15495]},"properties":{"probability":0.105,"inBuffer":false,"facType":"government"}},{"type":"Feature","geometry":{"type":"Point","coordinates":[36.13698,36.15495]},"properties":{"probability":0.141,"inBuffer":false,"facType":"government"}},{"type":"Feature","geometry":{"type":"Point","coordinates":[36.14147,36.15495]},"properties":{"probability":0.162,"inBuffer":false,"facType":"government"}},{"type":"Feature","geometry":{"type":"Point","coordinates":[36.14596,36.15495]},"properties":{"probability":0.105,"inBuffer":false,"facType":"government"}},{"type":"Feature","geometry":{"type":"Point","coordinates":[36.15045,36.15495]},"properties":{"probability":0.075,"inBuffer":false,"facType":"government"}},{"type":"Feature","geometry":{"type":"Point","coordinates":[36.15495,36.15495]},"properties":{"probability":0.065,"inBuffer":false,"facType":"government"}},{"type":"Feature","geometry":{"type":"Point","coordinates":[36.19537,36.15495]},"properties":{"probability":0.088,"inBuffer":false,"facType":"government"}},{"type":"Feature","geometry":{"type":"Point","coordinates":[36.19986,36.15495]},"properties":{"probability":0.11,"inBuffer":false,"facType":"government"}},{"type":"Feature","geometry":{"type":"Point","coordinates":[36.20435,36.15495]},"properties":{"probability":0.087,"inBuffer":false,"facType":"government"}},{"type":"Feature","geometry":{"type":"Point","coordinates":[36.20884,36.15495]},"properties":{"probability":0.071,"inBuffer":false,"facType":"government"}},{"type":"Feature","geometry":{"type":"Point","coordinates":[36.21333,36.15495]},"properties":{"probability":0.066,"inBuffer":false,"facType":"government"}},{"type":"Feature","geometry":{"type":"Point","coordinates":[36.21783,36.15495]},"properties":{"probability":0.067,"inBuffer":false,"facType":"government"}},{"type":"Feature","geometry":{"type":"Point","coordinates":[36.22232,36.15495]},"properties":{"probability":0.067,"inBuffer":false,"facType":"government"}},{"type":"Feature","geometry":{"type":"Point","coordinates":[36.22681,36.15495]},"properties":{"probability":0.068,"inBuffer":false,"facType":"government"}},{"type":"Feature","geometry":{"type":"Point","coordinates":[36.2313,36.15495]},"properties":{"probability":0.074,"inBuffer":false,"facType":"government"}},{"type":"Feature","geometry":{"type":"Point","coordinates":[36.24927,36.15495]},"properties":{"probability":0.063,"inBuffer":false,"facType":"government"}},{"type":"Feature","geometry":{"type":"Point","coordinates":[36.25376,36.15495]},"properties":{"probability":0.084,"inBuffer":false,"facType":"government"}},{"type":"Feature","geometry":{"type":"Point","coordinates":[36.25825,36.15495]},"properties":{"probability":0.088,"inBuffer":false,"facType":"government"}},{"type":"Feature","geometry":{"type":"Point","coordinates":[36.28071,36.15495]},"properties":{"probability":0.073,"inBuffer":false,"facType":"government"}},{"type":"Feature","geometry":{"type":"Point","coordinates":[36.31664,36.15495]},"properties":{"probability":0.066,"inBuffer":false,"facType":"government"}},{"type":"Feature","geometry":{"type":"Point","coordinates":[36.32113,36.15495]},"properties":{"probability":0.067,"inBuffer":false,"facType":"government"}},{"type":"Feature","geometry":{"type":"Point","coordinates":[36.34359,36.15495]},"properties":{"probability":0.066,"inBuffer":false,"facType":"government"}},{"type":"Feature","geometry":{"type":"Point","coordinates":[36.34808,36.15495]},"properties":{"probability":0.069,"inBuffer":false,"facType":"government"}},{"type":"Feature","geometry":{"type":"Point","coordinates":[36.05164,36.15045]},"properties":{"probability":0.083,"inBuffer":false,"facType":"substation"}},{"type":"Feature","geometry":{"type":"Point","coordinates":[36.05613,36.15045]},"properties":{"probability":0.063,"inBuffer":false,"facType":"substation"}},{"type":"Feature","geometry":{"type":"Point","coordinates":[36.06062,36.15045]},"properties":{"probability":0.115,"inBuffer":false,"facType":"substation"}},{"type":"Feature","geometry":{"type":"Point","coordinates":[36.06511,36.15045]},"properties":{"probability":0.13,"inBuffer":false,"facType":"substation"}},{"type":"Feature","geometry":{"type":"Point","coordinates":[36.0696,36.15045]},"properties":{"probability":0.068,"inBuffer":false,"facType":"substation"}},{"type":"Feature","geometry":{"type":"Point","coordinates":[36.0741,36.15045]},"properties":{"probability":0.065,"inBuffer":false,"facType":"government"}},{"type":"Feature","geometry":{"type":"Point","coordinates":[36.07859,36.15045]},"properties":{"probability":0.065,"inBuffer":false,"facType":"government"}},{"type":"Feature","geometry":{"type":"Point","coordinates":[36.08308,36.15045]},"properties":{"probability":0.072,"inBuffer":false,"facType":"government"}},{"type":"Feature","geometry":{"type":"Point","coordinates":[36.08757,36.15045]},"properties":{"probability":0.106,"inBuffer":false,"facType":"government"}},{"type":"Feature","geometry":{"type":"Point","coordinates":[36.09206,36.15045]},"properties":{"probability":0.1,"inBuffer":false,"facType":"government"}},{"type":"Feature","geometry":{"type":"Point","coordinates":[36.09655,36.15045]},"properties":{"probability":0.068,"inBuffer":false,"facType":"government"}},{"type":"Feature","geometry":{"type":"Point","coordinates":[36.10104,36.15045]},"properties":{"probability":0.069,"inBuffer":false,"facType":"government"}},{"type":"Feature","geometry":{"type":"Point","coordinates":[36.10554,36.15045]},"properties":{"probability":0.066,"inBuffer":false,"facType":"government"}},{"type":"Feature","geometry":{"type":"Point","coordinates":[36.11003,36.15045]},"properties":{"probability":0.074,"inBuffer":false,"facType":"government"}},{"type":"Feature","geometry":{"type":"Point","coordinates":[36.11452,36.15045]},"properties":{"probability":0.074,"inBuffer":false,"facType":"government"}},{"type":"Feature","geometry":{"type":"Point","coordinates":[36.11901,36.15045]},"properties":{"probability":0.062,"inBuffer":false,"facType":"government"}},{"type":"Feature","geometry":{"type":"Point","coordinates":[36.1235,36.15045]},"properties":{"probability":0.105,"inBuffer":false,"facType":"government"}},{"type":"Feature","geometry":{"type":"Point","coordinates":[36.12799,36.15045]},"properties":{"probability":0.108,"inBuffer":false,"facType":"government"}},{"type":"Feature","geometry":{"type":"Point","coordinates":[36.13249,36.15045]},"properties":{"probability":0.137,"inBuffer":false,"facType":"government"}},{"type":"Feature","geometry":{"type":"Point","coordinates":[36.13698,36.15045]},"properties":{"probability":0.151,"inBuffer":false,"facType":"government"}},{"type":"Feature","geometry":{"type":"Point","coordinates":[36.14147,36.15045]},"properties":{"probability":0.154,"inBuffer":false,"facType":"government"}},{"type":"Feature","geometry":{"type":"Point","coordinates":[36.14596,36.15045]},"properties":{"probability":0.165,"inBuffer":false,"facType":"government"}},{"type":"Feature","geometry":{"type":"Point","coordinates":[36.15045,36.15045]},"properties":{"probability":0.061,"inBuffer":false,"facType":"government"}},{"type":"Feature","geometry":{"type":"Point","coordinates":[36.15495,36.15045]},"properties":{"probability":0.07,"inBuffer":false,"facType":"government"}},{"type":"Feature","geometry":{"type":"Point","coordinates":[36.19537,36.15045]},"properties":{"probability":0.077,"inBuffer":false,"facType":"government"}},{"type":"Feature","geometry":{"type":"Point","coordinates":[36.19986,36.15045]},"properties":{"probability":0.072,"inBuffer":false,"facType":"government"}},{"type":"Feature","geometry":{"type":"Point","coordinates":[36.20435,36.15045]},"properties":{"probability":0.072,"inBuffer":false,"facType":"government"}},{"type":"Feature","geometry":{"type":"Point","coordinates":[36.20884,36.15045]},"properties":{"probability":0.067,"inBuffer":false,"facType":"government"}},{"type":"Feature","geometry":{"type":"Point","coordinates":[36.21333,36.15045]},"properties":{"probability":0.066,"inBuffer":false,"facType":"government"}},{"type":"Feature","geometry":{"type":"Point","coordinates":[36.21783,36.15045]},"properties":{"probability":0.065,"inBuffer":false,"facType":"government"}},{"type":"Feature","geometry":{"type":"Point","coordinates":[36.22232,36.15045]},"properties":{"probability":0.072,"inBuffer":false,"facType":"government"}},{"type":"Feature","geometry":{"type":"Point","coordinates":[36.24478,36.15045]},"properties":{"probability":0.065,"inBuffer":false,"facType":"government"}},{"type":"Feature","geometry":{"type":"Point","coordinates":[36.24927,36.15045]},"properties":{"probability":0.067,"inBuffer":false,"facType":"government"}},{"type":"Feature","geometry":{"type":"Point","coordinates":[36.25376,36.15045]},"properties":{"probability":0.06,"inBuffer":false,"facType":"government"}},{"type":"Feature","geometry":{"type":"Point","coordinates":[36.25825,36.15045]},"properties":{"probability":0.067,"inBuffer":false,"facType":"government"}},{"type":"Feature","geometry":{"type":"Point","coordinates":[36.05164,36.14596]},"properties":{"probability":0.185,"inBuffer":false,"facType":"substation"}},{"type":"Feature","geometry":{"type":"Point","coordinates":[36.05613,36.14596]},"properties":{"probability":0.173,"inBuffer":false,"facType":"substation"}},{"type":"Feature","geometry":{"type":"Point","coordinates":[36.06062,36.14596]},"properties":{"probability":0.131,"inBuffer":false,"facType":"substation"}},{"type":"Feature","geometry":{"type":"Point","coordinates":[36.06511,36.14596]},"properties":{"probability":0.134,"inBuffer":false,"facType":"substation"}},{"type":"Feature","geometry":{"type":"Point","coordinates":[36.0696,36.14596]},"properties":{"probability":0.075,"inBuffer":false,"facType":"substation"}},{"type":"Feature","geometry":{"type":"Point","coordinates":[36.0741,36.14596]},"properties":{"probability":0.068,"inBuffer":false,"facType":"substation"}},{"type":"Feature","geometry":{"type":"Point","coordinates":[36.07859,36.14596]},"properties":{"probability":0.071,"inBuffer":false,"facType":"substation"}},{"type":"Feature","geometry":{"type":"Point","coordinates":[36.08308,36.14596]},"properties":{"probability":0.074,"inBuffer":false,"facType":"government"}},{"type":"Feature","geometry":{"type":"Point","coordinates":[36.08757,36.14596]},"properties":{"probability":0.102,"inBuffer":false,"facType":"government"}},{"type":"Feature","geometry":{"type":"Point","coordinates":[36.09206,36.14596]},"properties":{"probability":0.107,"inBuffer":false,"facType":"government"}},{"type":"Feature","geometry":{"type":"Point","coordinates":[36.09655,36.14596]},"properties":{"probability":0.078,"inBuffer":false,"facType":"government"}},{"type":"Feature","geometry":{"type":"Point","coordinates":[36.10104,36.14596]},"properties":{"probability":0.065,"inBuffer":false,"facType":"government"}},{"type":"Feature","geometry":{"type":"Point","coordinates":[36.10554,36.14596]},"properties":{"probability":0.066,"inBuffer":false,"facType":"government"}},{"type":"Feature","geometry":{"type":"Point","coordinates":[36.11003,36.14596]},"properties":{"probability":0.066,"inBuffer":false,"facType":"government"}},{"type":"Feature","geometry":{"type":"Point","coordinates":[36.11452,36.14596]},"properties":{"probability":0.074,"inBuffer":false,"facType":"government"}},{"type":"Feature","geometry":{"type":"Point","coordinates":[36.11901,36.14596]},"properties":{"probability":0.08,"inBuffer":false,"facType":"government"}},{"type":"Feature","geometry":{"type":"Point","coordinates":[36.1235,36.14596]},"properties":{"probability":0.148,"inBuffer":false,"facType":"government"}},{"type":"Feature","geometry":{"type":"Point","coordinates":[36.12799,36.14596]},"properties":{"probability":0.146,"inBuffer":false,"facType":"government"}},{"type":"Feature","geometry":{"type":"Point","coordinates":[36.13249,36.14596]},"properties":{"probability":0.133,"inBuffer":false,"facType":"government"}},{"type":"Feature","geometry":{"type":"Point","coordinates":[36.13698,36.14596]},"properties":{"probability":0.136,"inBuffer":false,"facType":"government"}},{"type":"Feature","geometry":{"type":"Point","coordinates":[36.14147,36.14596]},"properties":{"probability":0.231,"inBuffer":false,"facType":"government"}},{"type":"Feature","geometry":{"type":"Point","coordinates":[36.14596,36.14596]},"properties":{"probability":0.179,"inBuffer":false,"facType":"government"}},{"type":"Feature","geometry":{"type":"Point","coordinates":[36.15045,36.14596]},"properties":{"probability":0.117,"inBuffer":false,"facType":"government"}},{"type":"Feature","geometry":{"type":"Point","coordinates":[36.15495,36.14596]},"properties":{"probability":0.064,"inBuffer":false,"facType":"government"}},{"type":"Feature","geometry":{"type":"Point","coordinates":[36.19986,36.14596]},"properties":{"probability":0.074,"inBuffer":false,"facType":"government"}},{"type":"Feature","geometry":{"type":"Point","coordinates":[36.20435,36.14596]},"properties":{"probability":0.076,"inBuffer":false,"facType":"government"}},{"type":"Feature","geometry":{"type":"Point","coordinates":[36.20884,36.14596]},"properties":{"probability":0.065,"inBuffer":false,"facType":"government"}},{"type":"Feature","geometry":{"type":"Point","coordinates":[36.21333,36.14596]},"properties":{"probability":0.065,"inBuffer":false,"facType":"government"}},{"type":"Feature","geometry":{"type":"Point","coordinates":[36.24478,36.14596]},"properties":{"probability":0.07,"inBuffer":false,"facType":"government"}},{"type":"Feature","geometry":{"type":"Point","coordinates":[36.24927,36.14596]},"properties":{"probability":0.073,"inBuffer":false,"facType":"government"}},{"type":"Feature","geometry":{"type":"Point","coordinates":[36.25376,36.14596]},"properties":{"probability":0.063,"inBuffer":false,"facType":"government"}},{"type":"Feature","geometry":{"type":"Point","coordinates":[36.25825,36.14596]},"properties":{"probability":0.062,"inBuffer":false,"facType":"government"}},{"type":"Feature","geometry":{"type":"Point","coordinates":[36.05164,36.14147]},"properties":{"probability":0.175,"inBuffer":false,"facType":"substation"}},{"type":"Feature","geometry":{"type":"Point","coordinates":[36.05613,36.14147]},"properties":{"probability":0.079,"inBuffer":false,"facType":"substation"}},{"type":"Feature","geometry":{"type":"Point","coordinates":[36.06062,36.14147]},"properties":{"probability":0.074,"inBuffer":false,"facType":"substation"}},{"type":"Feature","geometry":{"type":"Point","coordinates":[36.06511,36.14147]},"properties":{"probability":0.064,"inBuffer":false,"facType":"substation"}},{"type":"Feature","geometry":{"type":"Point","coordinates":[36.0696,36.14147]},"properties":{"probability":0.066,"inBuffer":false,"facType":"substation"}},{"type":"Feature","geometry":{"type":"Point","coordinates":[36.0741,36.14147]},"properties":{"probability":0.07,"inBuffer":false,"facType":"substation"}},{"type":"Feature","geometry":{"type":"Point","coordinates":[36.07859,36.14147]},"properties":{"probability":0.075,"inBuffer":false,"facType":"substation"}},{"type":"Feature","geometry":{"type":"Point","coordinates":[36.08308,36.14147]},"properties":{"probability":0.074,"inBuffer":false,"facType":"government"}},{"type":"Feature","geometry":{"type":"Point","coordinates":[36.08757,36.14147]},"properties":{"probability":0.061,"inBuffer":false,"facType":"government"}},{"type":"Feature","geometry":{"type":"Point","coordinates":[36.09206,36.14147]},"properties":{"probability":0.067,"inBuffer":false,"facType":"government"}},{"type":"Feature","geometry":{"type":"Point","coordinates":[36.09655,36.14147]},"properties":{"probability":0.061,"inBuffer":false,"facType":"government"}},{"type":"Feature","geometry":{"type":"Point","coordinates":[36.10104,36.14147]},"properties":{"probability":0.079,"inBuffer":false,"facType":"government"}},{"type":"Feature","geometry":{"type":"Point","coordinates":[36.10554,36.14147]},"properties":{"probability":0.108,"inBuffer":false,"facType":"government"}},{"type":"Feature","geometry":{"type":"Point","coordinates":[36.11003,36.14147]},"properties":{"probability":0.107,"inBuffer":false,"facType":"government"}},{"type":"Feature","geometry":{"type":"Point","coordinates":[36.11452,36.14147]},"properties":{"probability":0.097,"inBuffer":false,"facType":"government"}},{"type":"Feature","geometry":{"type":"Point","coordinates":[36.11901,36.14147]},"properties":{"probability":0.108,"inBuffer":false,"facType":"government"}},{"type":"Feature","geometry":{"type":"Point","coordinates":[36.1235,36.14147]},"properties":{"probability":0.14,"inBuffer":false,"facType":"government"}},{"type":"Feature","geometry":{"type":"Point","coordinates":[36.12799,36.14147]},"properties":{"probability":0.142,"inBuffer":false,"facType":"government"}},{"type":"Feature","geometry":{"type":"Point","coordinates":[36.13249,36.14147]},"properties":{"probability":0.142,"inBuffer":false,"facType":"government"}},{"type":"Feature","geometry":{"type":"Point","coordinates":[36.13698,36.14147]},"properties":{"probability":0.131,"inBuffer":false,"facType":"government"}},{"type":"Feature","geometry":{"type":"Point","coordinates":[36.14147,36.14147]},"properties":{"probability":0.164,"inBuffer":false,"facType":"government"}},{"type":"Feature","geometry":{"type":"Point","coordinates":[36.14596,36.14147]},"properties":{"probability":0.157,"inBuffer":false,"facType":"government"}},{"type":"Feature","geometry":{"type":"Point","coordinates":[36.15045,36.14147]},"properties":{"probability":0.08,"inBuffer":false,"facType":"government"}},{"type":"Feature","geometry":{"type":"Point","coordinates":[36.15495,36.14147]},"properties":{"probability":0.069,"inBuffer":false,"facType":"government"}},{"type":"Feature","geometry":{"type":"Point","coordinates":[36.2313,36.14147]},"properties":{"probability":0.073,"inBuffer":false,"facType":"government"}},{"type":"Feature","geometry":{"type":"Point","coordinates":[36.30317,36.14147]},"properties":{"probability":0.071,"inBuffer":false,"facType":"government"}},{"type":"Feature","geometry":{"type":"Point","coordinates":[36.30766,36.14147]},"properties":{"probability":0.068,"inBuffer":false,"facType":"government"}},{"type":"Feature","geometry":{"type":"Point","coordinates":[36.35257,36.14147]},"properties":{"probability":0.072,"inBuffer":false,"facType":"government"}},{"type":"Feature","geometry":{"type":"Point","coordinates":[36.35707,36.14147]},"properties":{"probability":0.072,"inBuffer":false,"facType":"government"}},{"type":"Feature","geometry":{"type":"Point","coordinates":[36.05164,36.13698]},"properties":{"probability":0.075,"inBuffer":false,"facType":"substation"}},{"type":"Feature","geometry":{"type":"Point","coordinates":[36.05613,36.13698]},"properties":{"probability":0.075,"inBuffer":false,"facType":"substation"}},{"type":"Feature","geometry":{"type":"Point","coordinates":[36.06062,36.13698]},"properties":{"probability":0.072,"inBuffer":false,"facType":"substation"}},{"type":"Feature","geometry":{"type":"Point","coordinates":[36.06511,36.13698]},"properties":{"probability":0.07,"inBuffer":false,"facType":"substation"}},{"type":"Feature","geometry":{"type":"Point","coordinates":[36.0696,36.13698]},"properties":{"probability":0.069,"inBuffer":false,"facType":"substation"}},{"type":"Feature","geometry":{"type":"Point","coordinates":[36.0741,36.13698]},"properties":{"probability":0.071,"inBuffer":false,"facType":"substation"}},{"type":"Feature","geometry":{"type":"Point","coordinates":[36.07859,36.13698]},"properties":{"probability":0.071,"inBuffer":false,"facType":"substation"}},{"type":"Feature","geometry":{"type":"Point","coordinates":[36.08308,36.13698]},"properties":{"probability":0.06,"inBuffer":false,"facType":"substation"}},{"type":"Feature","geometry":{"type":"Point","coordinates":[36.08757,36.13698]},"properties":{"probability":0.073,"inBuffer":false,"facType":"government"}},{"type":"Feature","geometry":{"type":"Point","coordinates":[36.09206,36.13698]},"properties":{"probability":0.067,"inBuffer":false,"facType":"government"}},{"type":"Feature","geometry":{"type":"Point","coordinates":[36.09655,36.13698]},"properties":{"probability":0.072,"inBuffer":false,"facType":"government"}},{"type":"Feature","geometry":{"type":"Point","coordinates":[36.10104,36.13698]},"properties":{"probability":0.07,"inBuffer":false,"facType":"government"}},{"type":"Feature","geometry":{"type":"Point","coordinates":[36.10554,36.13698]},"properties":{"probability":0.066,"inBuffer":false,"facType":"government"}},{"type":"Feature","geometry":{"type":"Point","coordinates":[36.11003,36.13698]},"properties":{"probability":0.068,"inBuffer":false,"facType":"government"}},{"type":"Feature","geometry":{"type":"Point","coordinates":[36.11452,36.13698]},"properties":{"probability":0.077,"inBuffer":false,"facType":"government"}},{"type":"Feature","geometry":{"type":"Point","coordinates":[36.11901,36.13698]},"properties":{"probability":0.099,"inBuffer":false,"facType":"government"}},{"type":"Feature","geometry":{"type":"Point","coordinates":[36.1235,36.13698]},"properties":{"probability":0.115,"inBuffer":false,"facType":"government"}},{"type":"Feature","geometry":{"type":"Point","coordinates":[36.12799,36.13698]},"properties":{"probability":0.104,"inBuffer":false,"facType":"government"}},{"type":"Feature","geometry":{"type":"Point","coordinates":[36.13249,36.13698]},"properties":{"probability":0.13,"inBuffer":false,"facType":"government"}},{"type":"Feature","geometry":{"type":"Point","coordinates":[36.13698,36.13698]},"properties":{"probability":0.137,"inBuffer":false,"facType":"government"}},{"type":"Feature","geometry":{"type":"Point","coordinates":[36.14147,36.13698]},"properties":{"probability":0.178,"inBuffer":false,"facType":"government"}},{"type":"Feature","geometry":{"type":"Point","coordinates":[36.14596,36.13698]},"properties":{"probability":0.119,"inBuffer":false,"facType":"government"}},{"type":"Feature","geometry":{"type":"Point","coordinates":[36.15045,36.13698]},"properties":{"probability":0.08,"inBuffer":false,"facType":"government"}},{"type":"Feature","geometry":{"type":"Point","coordinates":[36.2313,36.13698]},"properties":{"probability":0.073,"inBuffer":false,"facType":"government"}},{"type":"Feature","geometry":{"type":"Point","coordinates":[36.23579,36.13698]},"properties":{"probability":0.066,"inBuffer":false,"facType":"government"}},{"type":"Feature","geometry":{"type":"Point","coordinates":[36.24028,36.13698]},"properties":{"probability":0.063,"inBuffer":false,"facType":"government"}},{"type":"Feature","geometry":{"type":"Point","coordinates":[36.27172,36.13698]},"properties":{"probability":0.066,"inBuffer":false,"facType":"government"}},{"type":"Feature","geometry":{"type":"Point","coordinates":[36.27622,36.13698]},"properties":{"probability":0.074,"inBuffer":false,"facType":"government"}},{"type":"Feature","geometry":{"type":"Point","coordinates":[36.05164,36.13249]},"properties":{"probability":0.067,"inBuffer":false,"facType":"substation"}},{"type":"Feature","geometry":{"type":"Point","coordinates":[36.05613,36.13249]},"properties":{"probability":0.071,"inBuffer":false,"facType":"substation"}},{"type":"Feature","geometry":{"type":"Point","coordinates":[36.06062,36.13249]},"properties":{"probability":0.077,"inBuffer":false,"facType":"substation"}},{"type":"Feature","geometry":{"type":"Point","coordinates":[36.06511,36.13249]},"properties":{"probability":0.075,"inBuffer":false,"facType":"substation"}},{"type":"Feature","geometry":{"type":"Point","coordinates":[36.0696,36.13249]},"properties":{"probability":0.071,"inBuffer":false,"facType":"substation"}},{"type":"Feature","geometry":{"type":"Point","coordinates":[36.0741,36.13249]},"properties":{"probability":0.071,"inBuffer":false,"facType":"substation"}},{"type":"Feature","geometry":{"type":"Point","coordinates":[36.07859,36.13249]},"properties":{"probability":0.071,"inBuffer":false,"facType":"substation"}},{"type":"Feature","geometry":{"type":"Point","coordinates":[36.08308,36.13249]},"properties":{"probability":0.07,"inBuffer":false,"facType":"substation"}},{"type":"Feature","geometry":{"type":"Point","coordinates":[36.08757,36.13249]},"properties":{"probability":0.063,"inBuffer":false,"facType":"government"}},{"type":"Feature","geometry":{"type":"Point","coordinates":[36.09206,36.13249]},"properties":{"probability":0.068,"inBuffer":false,"facType":"government"}},{"type":"Feature","geometry":{"type":"Point","coordinates":[36.09655,36.13249]},"properties":{"probability":0.071,"inBuffer":false,"facType":"government"}},{"type":"Feature","geometry":{"type":"Point","coordinates":[36.10104,36.13249]},"properties":{"probability":0.069,"inBuffer":false,"facType":"government"}},{"type":"Feature","geometry":{"type":"Point","coordinates":[36.10554,36.13249]},"properties":{"probability":0.067,"inBuffer":false,"facType":"government"}},{"type":"Feature","geometry":{"type":"Point","coordinates":[36.11003,36.13249]},"properties":{"probability":0.066,"inBuffer":false,"facType":"government"}},{"type":"Feature","geometry":{"type":"Point","coordinates":[36.11452,36.13249]},"properties":{"probability":0.062,"inBuffer":false,"facType":"government"}},{"type":"Feature","geometry":{"type":"Point","coordinates":[36.11901,36.13249]},"properties":{"probability":0.068,"inBuffer":false,"facType":"government"}},{"type":"Feature","geometry":{"type":"Point","coordinates":[36.1235,36.13249]},"properties":{"probability":0.067,"inBuffer":false,"facType":"government"}},{"type":"Feature","geometry":{"type":"Point","coordinates":[36.12799,36.13249]},"properties":{"probability":0.067,"inBuffer":false,"facType":"government"}},{"type":"Feature","geometry":{"type":"Point","coordinates":[36.13249,36.13249]},"properties":{"probability":0.106,"inBuffer":false,"facType":"government"}},{"type":"Feature","geometry":{"type":"Point","coordinates":[36.13698,36.13249]},"properties":{"probability":0.137,"inBuffer":false,"facType":"government"}},{"type":"Feature","geometry":{"type":"Point","coordinates":[36.14147,36.13249]},"properties":{"probability":0.15,"inBuffer":false,"facType":"government"}},{"type":"Feature","geometry":{"type":"Point","coordinates":[36.14596,36.13249]},"properties":{"probability":0.119,"inBuffer":false,"facType":"government"}},{"type":"Feature","geometry":{"type":"Point","coordinates":[36.15045,36.13249]},"properties":{"probability":0.063,"inBuffer":false,"facType":"government"}},{"type":"Feature","geometry":{"type":"Point","coordinates":[36.2313,36.13249]},"properties":{"probability":0.074,"inBuffer":false,"facType":"government"}},{"type":"Feature","geometry":{"type":"Point","coordinates":[36.23579,36.13249]},"properties":{"probability":0.072,"inBuffer":false,"facType":"government"}},{"type":"Feature","geometry":{"type":"Point","coordinates":[36.24028,36.13249]},"properties":{"probability":0.17,"inBuffer":false,"facType":"government"}},{"type":"Feature","geometry":{"type":"Point","coordinates":[36.24478,36.13249]},"properties":{"probability":0.088,"inBuffer":false,"facType":"government"}},{"type":"Feature","geometry":{"type":"Point","coordinates":[36.26723,36.13249]},"properties":{"probability":0.063,"inBuffer":false,"facType":"government"}},{"type":"Feature","geometry":{"type":"Point","coordinates":[36.27172,36.13249]},"properties":{"probability":0.066,"inBuffer":false,"facType":"government"}},{"type":"Feature","geometry":{"type":"Point","coordinates":[36.27622,36.13249]},"properties":{"probability":0.075,"inBuffer":false,"facType":"government"}},{"type":"Feature","geometry":{"type":"Point","coordinates":[36.05164,36.12799]},"properties":{"probability":0.073,"inBuffer":false,"facType":"substation"}},{"type":"Feature","geometry":{"type":"Point","coordinates":[36.05613,36.12799]},"properties":{"probability":0.073,"inBuffer":false,"facType":"substation"}},{"type":"Feature","geometry":{"type":"Point","coordinates":[36.06062,36.12799]},"properties":{"probability":0.073,"inBuffer":false,"facType":"substation"}},{"type":"Feature","geometry":{"type":"Point","coordinates":[36.06511,36.12799]},"properties":{"probability":0.073,"inBuffer":false,"facType":"substation"}},{"type":"Feature","geometry":{"type":"Point","coordinates":[36.0696,36.12799]},"properties":{"probability":0.074,"inBuffer":false,"facType":"substation"}},{"type":"Feature","geometry":{"type":"Point","coordinates":[36.0741,36.12799]},"properties":{"probability":0.073,"inBuffer":false,"facType":"substation"}},{"type":"Feature","geometry":{"type":"Point","coordinates":[36.07859,36.12799]},"properties":{"probability":0.071,"inBuffer":false,"facType":"substation"}},{"type":"Feature","geometry":{"type":"Point","coordinates":[36.08308,36.12799]},"properties":{"probability":0.07,"inBuffer":false,"facType":"substation"}},{"type":"Feature","geometry":{"type":"Point","coordinates":[36.08757,36.12799]},"properties":{"probability":0.065,"inBuffer":false,"facType":"substation"}},{"type":"Feature","geometry":{"type":"Point","coordinates":[36.09206,36.12799]},"properties":{"probability":0.066,"inBuffer":false,"facType":"government"}},{"type":"Feature","geometry":{"type":"Point","coordinates":[36.09655,36.12799]},"properties":{"probability":0.066,"inBuffer":false,"facType":"government"}},{"type":"Feature","geometry":{"type":"Point","coordinates":[36.10104,36.12799]},"properties":{"probability":0.069,"inBuffer":false,"facType":"government"}},{"type":"Feature","geometry":{"type":"Point","coordinates":[36.10554,36.12799]},"properties":{"probability":0.066,"inBuffer":false,"facType":"government"}},{"type":"Feature","geometry":{"type":"Point","coordinates":[36.11003,36.12799]},"properties":{"probability":0.066,"inBuffer":false,"facType":"government"}},{"type":"Feature","geometry":{"type":"Point","coordinates":[36.11452,36.12799]},"properties":{"probability":0.069,"inBuffer":false,"facType":"government"}},{"type":"Feature","geometry":{"type":"Point","coordinates":[36.11901,36.12799]},"properties":{"probability":0.064,"inBuffer":false,"facType":"government"}},{"type":"Feature","geometry":{"type":"Point","coordinates":[36.13249,36.12799]},"properties":{"probability":0.062,"inBuffer":false,"facType":"government"}},{"type":"Feature","geometry":{"type":"Point","coordinates":[36.13698,36.12799]},"properties":{"probability":0.131,"inBuffer":false,"facType":"government"}},{"type":"Feature","geometry":{"type":"Point","coordinates":[36.14147,36.12799]},"properties":{"probability":0.107,"inBuffer":false,"facType":"government"}},{"type":"Feature","geometry":{"type":"Point","coordinates":[36.14596,36.12799]},"properties":{"probability":0.133,"inBuffer":false,"facType":"government"}},{"type":"Feature","geometry":{"type":"Point","coordinates":[36.20435,36.12799]},"properties":{"probability":0.068,"inBuffer":false,"facType":"government"}},{"type":"Feature","geometry":{"type":"Point","coordinates":[36.23579,36.12799]},"properties":{"probability":0.127,"inBuffer":false,"facType":"government"}},{"type":"Feature","geometry":{"type":"Point","coordinates":[36.24028,36.12799]},"properties":{"probability":0.153,"inBuffer":false,"facType":"government"}},{"type":"Feature","geometry":{"type":"Point","coordinates":[36.24478,36.12799]},"properties":{"probability":0.171,"inBuffer":false,"facType":"government"}},{"type":"Feature","geometry":{"type":"Point","coordinates":[36.24927,36.12799]},"properties":{"probability":0.063,"inBuffer":false,"facType":"government"}},{"type":"Feature","geometry":{"type":"Point","coordinates":[36.05164,36.1235]},"properties":{"probability":0.077,"inBuffer":false,"facType":"substation"}},{"type":"Feature","geometry":{"type":"Point","coordinates":[36.05613,36.1235]},"properties":{"probability":0.078,"inBuffer":false,"facType":"substation"}},{"type":"Feature","geometry":{"type":"Point","coordinates":[36.06062,36.1235]},"properties":{"probability":0.075,"inBuffer":false,"facType":"substation"}},{"type":"Feature","geometry":{"type":"Point","coordinates":[36.06511,36.1235]},"properties":{"probability":0.075,"inBuffer":false,"facType":"substation"}},{"type":"Feature","geometry":{"type":"Point","coordinates":[36.0696,36.1235]},"properties":{"probability":0.073,"inBuffer":false,"facType":"substation"}},{"type":"Feature","geometry":{"type":"Point","coordinates":[36.0741,36.1235]},"properties":{"probability":0.072,"inBuffer":false,"facType":"substation"}},{"type":"Feature","geometry":{"type":"Point","coordinates":[36.07859,36.1235]},"properties":{"probability":0.07,"inBuffer":false,"facType":"substation"}},{"type":"Feature","geometry":{"type":"Point","coordinates":[36.08308,36.1235]},"properties":{"probability":0.07,"inBuffer":false,"facType":"substation"}},{"type":"Feature","geometry":{"type":"Point","coordinates":[36.08757,36.1235]},"properties":{"probability":0.069,"inBuffer":false,"facType":"substation"}},{"type":"Feature","geometry":{"type":"Point","coordinates":[36.09206,36.1235]},"properties":{"probability":0.069,"inBuffer":false,"facType":"substation"}},{"type":"Feature","geometry":{"type":"Point","coordinates":[36.09655,36.1235]},"properties":{"probability":0.071,"inBuffer":false,"facType":"government"}},{"type":"Feature","geometry":{"type":"Point","coordinates":[36.10104,36.1235]},"properties":{"probability":0.065,"inBuffer":false,"facType":"government"}},{"type":"Feature","geometry":{"type":"Point","coordinates":[36.10554,36.1235]},"properties":{"probability":0.067,"inBuffer":false,"facType":"government"}},{"type":"Feature","geometry":{"type":"Point","coordinates":[36.11003,36.1235]},"properties":{"probability":0.066,"inBuffer":false,"facType":"government"}},{"type":"Feature","geometry":{"type":"Point","coordinates":[36.11452,36.1235]},"properties":{"probability":0.068,"inBuffer":false,"facType":"government"}},{"type":"Feature","geometry":{"type":"Point","coordinates":[36.11901,36.1235]},"properties":{"probability":0.066,"inBuffer":false,"facType":"government"}},{"type":"Feature","geometry":{"type":"Point","coordinates":[36.1235,36.1235]},"properties":{"probability":0.064,"inBuffer":false,"facType":"government"}},{"type":"Feature","geometry":{"type":"Point","coordinates":[36.14147,36.1235]},"properties":{"probability":0.064,"inBuffer":false,"facType":"government"}},{"type":"Feature","geometry":{"type":"Point","coordinates":[36.17291,36.1235]},"properties":{"probability":0.063,"inBuffer":false,"facType":"government"}},{"type":"Feature","geometry":{"type":"Point","coordinates":[36.23579,36.1235]},"properties":{"probability":0.114,"inBuffer":false,"facType":"government"}},{"type":"Feature","geometry":{"type":"Point","coordinates":[36.24028,36.1235]},"properties":{"probability":0.244,"inBuffer":false,"facType":"government"}},{"type":"Feature","geometry":{"type":"Point","coordinates":[36.24478,36.1235]},"properties":{"probability":0.207,"inBuffer":true,"facType":"government"}},{"type":"Feature","geometry":{"type":"Point","coordinates":[36.24927,36.1235]},"properties":{"probability":0.136,"inBuffer":true,"facType":"government"}},{"type":"Feature","geometry":{"type":"Point","coordinates":[36.25376,36.1235]},"properties":{"probability":0.075,"inBuffer":false,"facType":"government"}},{"type":"Feature","geometry":{"type":"Point","coordinates":[36.25825,36.1235]},"properties":{"probability":0.095,"inBuffer":false,"facType":"government"}},{"type":"Feature","geometry":{"type":"Point","coordinates":[36.26274,36.1235]},"properties":{"probability":0.072,"inBuffer":false,"facType":"government"}},{"type":"Feature","geometry":{"type":"Point","coordinates":[36.05613,36.11901]},"properties":{"probability":0.068,"inBuffer":false,"facType":"substation"}},{"type":"Feature","geometry":{"type":"Point","coordinates":[36.06062,36.11901]},"properties":{"probability":0.072,"inBuffer":false,"facType":"substation"}},{"type":"Feature","geometry":{"type":"Point","coordinates":[36.06511,36.11901]},"properties":{"probability":0.073,"inBuffer":false,"facType":"substation"}},{"type":"Feature","geometry":{"type":"Point","coordinates":[36.0696,36.11901]},"properties":{"probability":0.072,"inBuffer":false,"facType":"substation"}},{"type":"Feature","geometry":{"type":"Point","coordinates":[36.0741,36.11901]},"properties":{"probability":0.072,"inBuffer":false,"facType":"substation"}},{"type":"Feature","geometry":{"type":"Point","coordinates":[36.07859,36.11901]},"properties":{"probability":0.072,"inBuffer":false,"facType":"substation"}},{"type":"Feature","geometry":{"type":"Point","coordinates":[36.08308,36.11901]},"properties":{"probability":0.066,"inBuffer":false,"facType":"substation"}},{"type":"Feature","geometry":{"type":"Point","coordinates":[36.09655,36.11901]},"properties":{"probability":0.063,"inBuffer":false,"facType":"government"}},{"type":"Feature","geometry":{"type":"Point","coordinates":[36.10104,36.11901]},"properties":{"probability":0.067,"inBuffer":false,"facType":"government"}},{"type":"Feature","geometry":{"type":"Point","coordinates":[36.10554,36.11901]},"properties":{"probability":0.067,"inBuffer":false,"facType":"government"}},{"type":"Feature","geometry":{"type":"Point","coordinates":[36.11003,36.11901]},"properties":{"probability":0.066,"inBuffer":false,"facType":"government"}},{"type":"Feature","geometry":{"type":"Point","coordinates":[36.11452,36.11901]},"properties":{"probability":0.069,"inBuffer":false,"facType":"government"}},{"type":"Feature","geometry":{"type":"Point","coordinates":[36.11901,36.11901]},"properties":{"probability":0.064,"inBuffer":false,"facType":"government"}},{"type":"Feature","geometry":{"type":"Point","coordinates":[36.1235,36.11901]},"properties":{"probability":0.066,"inBuffer":false,"facType":"government"}},{"type":"Feature","geometry":{"type":"Point","coordinates":[36.12799,36.11901]},"properties":{"probability":0.066,"inBuffer":false,"facType":"government"}},{"type":"Feature","geometry":{"type":"Point","coordinates":[36.13249,36.11901]},"properties":{"probability":0.064,"inBuffer":false,"facType":"government"}},{"type":"Feature","geometry":{"type":"Point","coordinates":[36.13698,36.11901]},"properties":{"probability":0.068,"inBuffer":false,"facType":"government"}},{"type":"Feature","geometry":{"type":"Point","coordinates":[36.14147,36.11901]},"properties":{"probability":0.065,"inBuffer":false,"facType":"government"}},{"type":"Feature","geometry":{"type":"Point","coordinates":[36.14596,36.11901]},"properties":{"probability":0.067,"inBuffer":false,"facType":"government"}},{"type":"Feature","geometry":{"type":"Point","coordinates":[36.16842,36.11901]},"properties":{"probability":0.063,"inBuffer":false,"facType":"government"}},{"type":"Feature","geometry":{"type":"Point","coordinates":[36.17291,36.11901]},"properties":{"probability":0.066,"inBuffer":false,"facType":"government"}},{"type":"Feature","geometry":{"type":"Point","coordinates":[36.1774,36.11901]},"properties":{"probability":0.067,"inBuffer":false,"facType":"government"}},{"type":"Feature","geometry":{"type":"Point","coordinates":[36.2313,36.11901]},"properties":{"probability":0.063,"inBuffer":false,"facType":"government"}},{"type":"Feature","geometry":{"type":"Point","coordinates":[36.23579,36.11901]},"properties":{"probability":0.139,"inBuffer":false,"facType":"government"}},{"type":"Feature","geometry":{"type":"Point","coordinates":[36.24028,36.11901]},"properties":{"probability":0.159,"inBuffer":true,"facType":"government"}},{"type":"Feature","geometry":{"type":"Point","coordinates":[36.24478,36.11901]},"properties":{"probability":0.226,"inBuffer":true,"facType":"government"}},{"type":"Feature","geometry":{"type":"Point","coordinates":[36.24927,36.11901]},"properties":{"probability":0.278,"inBuffer":true,"facType":"government"}},{"type":"Feature","geometry":{"type":"Point","coordinates":[36.25376,36.11901]},"properties":{"probability":0.153,"inBuffer":true,"facType":"police"}},{"type":"Feature","geometry":{"type":"Point","coordinates":[36.25825,36.11901]},"properties":{"probability":0.108,"inBuffer":false,"facType":"police"}},{"type":"Feature","geometry":{"type":"Point","coordinates":[36.26274,36.11901]},"properties":{"probability":0.169,"inBuffer":false,"facType":"police"}},{"type":"Feature","geometry":{"type":"Point","coordinates":[36.26723,36.11901]},"properties":{"probability":0.145,"inBuffer":false,"facType":"police"}},{"type":"Feature","geometry":{"type":"Point","coordinates":[36.27172,36.11901]},"properties":{"probability":0.063,"inBuffer":false,"facType":"police"}},{"type":"Feature","geometry":{"type":"Point","coordinates":[36.33012,36.11901]},"properties":{"probability":0.093,"inBuffer":false,"facType":"police"}},{"type":"Feature","geometry":{"type":"Point","coordinates":[36.33461,36.11901]},"properties":{"probability":0.069,"inBuffer":false,"facType":"police"}},{"type":"Feature","geometry":{"type":"Point","coordinates":[36.3391,36.11901]},"properties":{"probability":0.062,"inBuffer":false,"facType":"police"}},{"type":"Feature","geometry":{"type":"Point","coordinates":[36.06511,36.11452]},"properties":{"probability":0.069,"inBuffer":false,"facType":"substation"}},{"type":"Feature","geometry":{"type":"Point","coordinates":[36.0696,36.11452]},"properties":{"probability":0.071,"inBuffer":false,"facType":"substation"}},{"type":"Feature","geometry":{"type":"Point","coordinates":[36.0741,36.11452]},"properties":{"probability":0.073,"inBuffer":false,"facType":"substation"}},{"type":"Feature","geometry":{"type":"Point","coordinates":[36.07859,36.11452]},"properties":{"probability":0.071,"inBuffer":false,"facType":"substation"}},{"type":"Feature","geometry":{"type":"Point","coordinates":[36.08308,36.11452]},"properties":{"probability":0.074,"inBuffer":false,"facType":"substation"}},{"type":"Feature","geometry":{"type":"Point","coordinates":[36.08757,36.11452]},"properties":{"probability":0.072,"inBuffer":false,"facType":"substation"}},{"type":"Feature","geometry":{"type":"Point","coordinates":[36.09206,36.11452]},"properties":{"probability":0.066,"inBuffer":false,"facType":"substation"}},{"type":"Feature","geometry":{"type":"Point","coordinates":[36.10554,36.11452]},"properties":{"probability":0.064,"inBuffer":false,"facType":"government"}},{"type":"Feature","geometry":{"type":"Point","coordinates":[36.11003,36.11452]},"properties":{"probability":0.076,"inBuffer":false,"facType":"government"}},{"type":"Feature","geometry":{"type":"Point","coordinates":[36.11452,36.11452]},"properties":{"probability":0.069,"inBuffer":false,"facType":"government"}},{"type":"Feature","geometry":{"type":"Point","coordinates":[36.11901,36.11452]},"properties":{"probability":0.068,"inBuffer":false,"facType":"government"}},{"type":"Feature","geometry":{"type":"Point","coordinates":[36.1235,36.11452]},"properties":{"probability":0.067,"inBuffer":false,"facType":"government"}},{"type":"Feature","geometry":{"type":"Point","coordinates":[36.12799,36.11452]},"properties":{"probability":0.065,"inBuffer":false,"facType":"government"}},{"type":"Feature","geometry":{"type":"Point","coordinates":[36.13249,36.11452]},"properties":{"probability":0.064,"inBuffer":false,"facType":"government"}},{"type":"Feature","geometry":{"type":"Point","coordinates":[36.14147,36.11452]},"properties":{"probability":0.063,"inBuffer":false,"facType":"government"}},{"type":"Feature","geometry":{"type":"Point","coordinates":[36.14596,36.11452]},"properties":{"probability":0.076,"inBuffer":false,"facType":"government"}},{"type":"Feature","geometry":{"type":"Point","coordinates":[36.15045,36.11452]},"properties":{"probability":0.066,"inBuffer":false,"facType":"government"}},{"type":"Feature","geometry":{"type":"Point","coordinates":[36.16393,36.11452]},"properties":{"probability":0.067,"inBuffer":false,"facType":"government"}},{"type":"Feature","geometry":{"type":"Point","coordinates":[36.16842,36.11452]},"properties":{"probability":0.066,"inBuffer":false,"facType":"government"}},{"type":"Feature","geometry":{"type":"Point","coordinates":[36.17291,36.11452]},"properties":{"probability":0.066,"inBuffer":false,"facType":"government"}},{"type":"Feature","geometry":{"type":"Point","coordinates":[36.1774,36.11452]},"properties":{"probability":0.078,"inBuffer":false,"facType":"government"}},{"type":"Feature","geometry":{"type":"Point","coordinates":[36.23579,36.11452]},"properties":{"probability":0.092,"inBuffer":false,"facType":"government"}},{"type":"Feature","geometry":{"type":"Point","coordinates":[36.24028,36.11452]},"properties":{"probability":0.195,"inBuffer":true,"facType":"government"}},{"type":"Feature","geometry":{"type":"Point","coordinates":[36.24478,36.11452]},"properties":{"probability":0.212,"inBuffer":true,"facType":"government"}},{"type":"Feature","geometry":{"type":"Point","coordinates":[36.24927,36.11452]},"properties":{"probability":0.224,"inBuffer":true,"facType":"police"}},{"type":"Feature","geometry":{"type":"Point","coordinates":[36.25376,36.11452]},"properties":{"probability":0.178,"inBuffer":true,"facType":"police"}},{"type":"Feature","geometry":{"type":"Point","coordinates":[36.25825,36.11452]},"properties":{"probability":0.171,"inBuffer":false,"facType":"police"}},{"type":"Feature","geometry":{"type":"Point","coordinates":[36.26274,36.11452]},"properties":{"probability":0.232,"inBuffer":false,"facType":"police"}},{"type":"Feature","geometry":{"type":"Point","coordinates":[36.26723,36.11452]},"properties":{"probability":0.241,"inBuffer":false,"facType":"police"}},{"type":"Feature","geometry":{"type":"Point","coordinates":[36.27172,36.11452]},"properties":{"probability":0.148,"inBuffer":false,"facType":"police"}},{"type":"Feature","geometry":{"type":"Point","coordinates":[36.27622,36.11452]},"properties":{"probability":0.069,"inBuffer":false,"facType":"police"}},{"type":"Feature","geometry":{"type":"Point","coordinates":[36.2852,36.11452]},"properties":{"probability":0.064,"inBuffer":false,"facType":"police"}},{"type":"Feature","geometry":{"type":"Point","coordinates":[36.28969,36.11452]},"properties":{"probability":0.074,"inBuffer":false,"facType":"police"}},{"type":"Feature","geometry":{"type":"Point","coordinates":[36.29418,36.11452]},"properties":{"probability":0.068,"inBuffer":false,"facType":"police"}},{"type":"Feature","geometry":{"type":"Point","coordinates":[36.29868,36.11452]},"properties":{"probability":0.066,"inBuffer":false,"facType":"police"}},{"type":"Feature","geometry":{"type":"Point","coordinates":[36.33012,36.11452]},"properties":{"probability":0.073,"inBuffer":false,"facType":"police"}},{"type":"Feature","geometry":{"type":"Point","coordinates":[36.33461,36.11452]},"properties":{"probability":0.073,"inBuffer":false,"facType":"police"}},{"type":"Feature","geometry":{"type":"Point","coordinates":[36.3391,36.11452]},"properties":{"probability":0.064,"inBuffer":false,"facType":"police"}},{"type":"Feature","geometry":{"type":"Point","coordinates":[36.0741,36.11003]},"properties":{"probability":0.069,"inBuffer":false,"facType":"substation"}},{"type":"Feature","geometry":{"type":"Point","coordinates":[36.07859,36.11003]},"properties":{"probability":0.072,"inBuffer":false,"facType":"substation"}},{"type":"Feature","geometry":{"type":"Point","coordinates":[36.08308,36.11003]},"properties":{"probability":0.062,"inBuffer":false,"facType":"substation"}},{"type":"Feature","geometry":{"type":"Point","coordinates":[36.08757,36.11003]},"properties":{"probability":0.067,"inBuffer":false,"facType":"substation"}},{"type":"Feature","geometry":{"type":"Point","coordinates":[36.09206,36.11003]},"properties":{"probability":0.067,"inBuffer":false,"facType":"substation"}},{"type":"Feature","geometry":{"type":"Point","coordinates":[36.15944,36.11003]},"properties":{"probability":0.062,"inBuffer":false,"facType":"government"}},{"type":"Feature","geometry":{"type":"Point","coordinates":[36.16393,36.11003]},"properties":{"probability":0.065,"inBuffer":false,"facType":"government"}},{"type":"Feature","geometry":{"type":"Point","coordinates":[36.16842,36.11003]},"properties":{"probability":0.07,"inBuffer":false,"facType":"government"}},{"type":"Feature","geometry":{"type":"Point","coordinates":[36.17291,36.11003]},"properties":{"probability":0.073,"inBuffer":false,"facType":"government"}},{"type":"Feature","geometry":{"type":"Point","coordinates":[36.1774,36.11003]},"properties":{"probability":0.07,"inBuffer":false,"facType":"government"}},{"type":"Feature","geometry":{"type":"Point","coordinates":[36.19088,36.11003]},"properties":{"probability":0.069,"inBuffer":false,"facType":"government"}},{"type":"Feature","geometry":{"type":"Point","coordinates":[36.19537,36.11003]},"properties":{"probability":0.066,"inBuffer":false,"facType":"government"}},{"type":"Feature","geometry":{"type":"Point","coordinates":[36.19986,36.11003]},"properties":{"probability":0.068,"inBuffer":false,"facType":"government"}},{"type":"Feature","geometry":{"type":"Point","coordinates":[36.2313,36.11003]},"properties":{"probability":0.069,"inBuffer":false,"facType":"government"}},{"type":"Feature","geometry":{"type":"Point","coordinates":[36.23579,36.11003]},"properties":{"probability":0.069,"inBuffer":false,"facType":"government"}},{"type":"Feature","geometry":{"type":"Point","coordinates":[36.24028,36.11003]},"properties":{"probability":0.118,"inBuffer":false,"facType":"government"}},{"type":"Feature","geometry":{"type":"Point","coordinates":[36.24478,36.11003]},"properties":{"probability":0.179,"inBuffer":false,"facType":"police"}},{"type":"Feature","geometry":{"type":"Point","coordinates":[36.24927,36.11003]},"properties":{"probability":0.229,"inBuffer":false,"facType":"police"}},{"type":"Feature","geometry":{"type":"Point","coordinates":[36.25376,36.11003]},"properties":{"probability":0.169,"inBuffer":false,"facType":"police"}},{"type":"Feature","geometry":{"type":"Point","coordinates":[36.25825,36.11003]},"properties":{"probability":0.142,"inBuffer":false,"facType":"police"}},{"type":"Feature","geometry":{"type":"Point","coordinates":[36.26274,36.11003]},"properties":{"probability":0.222,"inBuffer":false,"facType":"police"}},{"type":"Feature","geometry":{"type":"Point","coordinates":[36.26723,36.11003]},"properties":{"probability":0.213,"inBuffer":false,"facType":"police"}},{"type":"Feature","geometry":{"type":"Point","coordinates":[36.27172,36.11003]},"properties":{"probability":0.131,"inBuffer":false,"facType":"police"}},{"type":"Feature","geometry":{"type":"Point","coordinates":[36.2852,36.11003]},"properties":{"probability":0.066,"inBuffer":false,"facType":"police"}},{"type":"Feature","geometry":{"type":"Point","coordinates":[36.28969,36.11003]},"properties":{"probability":0.062,"inBuffer":false,"facType":"police"}},{"type":"Feature","geometry":{"type":"Point","coordinates":[36.29418,36.11003]},"properties":{"probability":0.063,"inBuffer":false,"facType":"police"}},{"type":"Feature","geometry":{"type":"Point","coordinates":[36.29868,36.11003]},"properties":{"probability":0.067,"inBuffer":false,"facType":"police"}},{"type":"Feature","geometry":{"type":"Point","coordinates":[36.32113,36.11003]},"properties":{"probability":0.072,"inBuffer":false,"facType":"police"}},{"type":"Feature","geometry":{"type":"Point","coordinates":[36.32562,36.11003]},"properties":{"probability":0.074,"inBuffer":false,"facType":"police"}},{"type":"Feature","geometry":{"type":"Point","coordinates":[36.33012,36.11003]},"properties":{"probability":0.067,"inBuffer":false,"facType":"police"}},{"type":"Feature","geometry":{"type":"Point","coordinates":[36.33461,36.11003]},"properties":{"probability":0.064,"inBuffer":false,"facType":"police"}},{"type":"Feature","geometry":{"type":"Point","coordinates":[36.07859,36.10554]},"properties":{"probability":0.074,"inBuffer":false,"facType":"substation"}},{"type":"Feature","geometry":{"type":"Point","coordinates":[36.08308,36.10554]},"properties":{"probability":0.069,"inBuffer":false,"facType":"substation"}},{"type":"Feature","geometry":{"type":"Point","coordinates":[36.08757,36.10554]},"properties":{"probability":0.066,"inBuffer":false,"facType":"substation"}},{"type":"Feature","geometry":{"type":"Point","coordinates":[36.15944,36.10554]},"properties":{"probability":0.063,"inBuffer":false,"facType":"government"}},{"type":"Feature","geometry":{"type":"Point","coordinates":[36.16842,36.10554]},"properties":{"probability":0.068,"inBuffer":false,"facType":"government"}},{"type":"Feature","geometry":{"type":"Point","coordinates":[36.18639,36.10554]},"properties":{"probability":0.077,"inBuffer":false,"facType":"government"}},{"type":"Feature","geometry":{"type":"Point","coordinates":[36.19088,36.10554]},"properties":{"probability":0.132,"inBuffer":false,"facType":"government"}},{"type":"Feature","geometry":{"type":"Point","coordinates":[36.19537,36.10554]},"properties":{"probability":0.093,"inBuffer":false,"facType":"government"}},{"type":"Feature","geometry":{"type":"Point","coordinates":[36.19986,36.10554]},"properties":{"probability":0.065,"inBuffer":false,"facType":"government"}},{"type":"Feature","geometry":{"type":"Point","coordinates":[36.23579,36.10554]},"properties":{"probability":0.063,"inBuffer":false,"facType":"government"}},{"type":"Feature","geometry":{"type":"Point","coordinates":[36.24028,36.10554]},"properties":{"probability":0.066,"inBuffer":false,"facType":"police"}},{"type":"Feature","geometry":{"type":"Point","coordinates":[36.24478,36.10554]},"properties":{"probability":0.064,"inBuffer":false,"facType":"police"}},{"type":"Feature","geometry":{"type":"Point","coordinates":[36.24927,36.10554]},"properties":{"probability":0.065,"inBuffer":false,"facType":"police"}},{"type":"Feature","geometry":{"type":"Point","coordinates":[36.25376,36.10554]},"properties":{"probability":0.065,"inBuffer":false,"facType":"police"}},{"type":"Feature","geometry":{"type":"Point","coordinates":[36.25825,36.10554]},"properties":{"probability":0.1,"inBuffer":false,"facType":"police"}},{"type":"Feature","geometry":{"type":"Point","coordinates":[36.26274,36.10554]},"properties":{"probability":0.101,"inBuffer":false,"facType":"police"}},{"type":"Feature","geometry":{"type":"Point","coordinates":[36.26723,36.10554]},"properties":{"probability":0.075,"inBuffer":false,"facType":"police"}},{"type":"Feature","geometry":{"type":"Point","coordinates":[36.29418,36.10554]},"properties":{"probability":0.065,"inBuffer":false,"facType":"police"}},{"type":"Feature","geometry":{"type":"Point","coordinates":[36.32113,36.10554]},"properties":{"probability":0.071,"inBuffer":false,"facType":"police"}},{"type":"Feature","geometry":{"type":"Point","coordinates":[36.32562,36.10554]},"properties":{"probability":0.114,"inBuffer":false,"facType":"police"}},{"type":"Feature","geometry":{"type":"Point","coordinates":[36.33012,36.10554]},"properties":{"probability":0.111,"inBuffer":false,"facType":"police"}},{"type":"Feature","geometry":{"type":"Point","coordinates":[36.33461,36.10554]},"properties":{"probability":0.072,"inBuffer":false,"facType":"police"}},{"type":"Feature","geometry":{"type":"Point","coordinates":[36.3391,36.10554]},"properties":{"probability":0.067,"inBuffer":false,"facType":"police"}},{"type":"Feature","geometry":{"type":"Point","coordinates":[36.05164,36.10104]},"properties":{"probability":0.071,"inBuffer":false,"facType":"substation"}},{"type":"Feature","geometry":{"type":"Point","coordinates":[36.05613,36.10104]},"properties":{"probability":0.065,"inBuffer":false,"facType":"substation"}},{"type":"Feature","geometry":{"type":"Point","coordinates":[36.06062,36.10104]},"properties":{"probability":0.064,"inBuffer":false,"facType":"substation"}},{"type":"Feature","geometry":{"type":"Point","coordinates":[36.07859,36.10104]},"properties":{"probability":0.069,"inBuffer":false,"facType":"substation"}},{"type":"Feature","geometry":{"type":"Point","coordinates":[36.08308,36.10104]},"properties":{"probability":0.073,"inBuffer":false,"facType":"substation"}},{"type":"Feature","geometry":{"type":"Point","coordinates":[36.08757,36.10104]},"properties":{"probability":0.068,"inBuffer":false,"facType":"substation"}},{"type":"Feature","geometry":{"type":"Point","coordinates":[36.15045,36.10104]},"properties":{"probability":0.063,"inBuffer":false,"facType":"government"}},{"type":"Feature","geometry":{"type":"Point","coordinates":[36.15495,36.10104]},"properties":{"probability":0.065,"inBuffer":false,"facType":"government"}},{"type":"Feature","geometry":{"type":"Point","coordinates":[36.15944,36.10104]},"properties":{"probability":0.072,"inBuffer":false,"facType":"government"}},{"type":"Feature","geometry":{"type":"Point","coordinates":[36.16393,36.10104]},"properties":{"probability":0.066,"inBuffer":false,"facType":"government"}},{"type":"Feature","geometry":{"type":"Point","coordinates":[36.18639,36.10104]},"properties":{"probability":0.087,"inBuffer":false,"facType":"government"}},{"type":"Feature","geometry":{"type":"Point","coordinates":[36.19088,36.10104]},"properties":{"probability":0.102,"inBuffer":false,"facType":"government"}},{"type":"Feature","geometry":{"type":"Point","coordinates":[36.19537,36.10104]},"properties":{"probability":0.074,"inBuffer":false,"facType":"government"}},{"type":"Feature","geometry":{"type":"Point","coordinates":[36.19986,36.10104]},"properties":{"probability":0.064,"inBuffer":false,"facType":"government"}},{"type":"Feature","geometry":{"type":"Point","coordinates":[36.26274,36.10104]},"properties":{"probability":0.072,"inBuffer":false,"facType":"police"}},{"type":"Feature","geometry":{"type":"Point","coordinates":[36.32562,36.10104]},"properties":{"probability":0.099,"inBuffer":false,"facType":"police"}},{"type":"Feature","geometry":{"type":"Point","coordinates":[36.33012,36.10104]},"properties":{"probability":0.1,"inBuffer":false,"facType":"police"}},{"type":"Feature","geometry":{"type":"Point","coordinates":[36.33461,36.10104]},"properties":{"probability":0.074,"inBuffer":false,"facType":"police"}},{"type":"Feature","geometry":{"type":"Point","coordinates":[36.3391,36.10104]},"properties":{"probability":0.066,"inBuffer":false,"facType":"police"}}]}