{"type":"FeatureCollection","features":[{"type":"Feature","geometry":{"type":"Point","coordinates":[-87.80634,42.02845]},"properties":{"probability":0.613,"inBuffer":false,"facType":"government"}},{"type":"Feature","geometry":{"type":"Point","coordinates":[-87.80031,42.0285]},"properties":{"probability":0.604,"inBuffer":false,"facType":"government"}},{"type":"Feature","geometry":{"type":"Point","coordinates":[-87.79427,42.02854]},"properties":{"probability":0.488,"inBuffer":false,"facType":"government"}},{"type":"Feature","geometry":{"type":"Point","coordinates":[-87.78822,42.02858]},"properties":{"probability":0.57,"inBuffer":false,"facType":"government"}},{"type":"Feature","geometry":{"type":"Point","coordinates":[-87.78219,42.02862]},"properties":{"probability":0.579,"inBuffer":false,"facType":"substation"}},{"type":"Feature","geometry":{"type":"Point","coordinates":[-87.77615,42.02866]},"properties":{"probability":0.577,"inBuffer":false,"facType":"substation"}},{"type":"Feature","geometry":{"type":"Point","coordinates":[-87.77011,42.0287]},"properties":{"probability":0.512,"inBuffer":false,"facType":"substation"}},{"type":"Feature","geometry":{"type":"Point","coordinates":[-87.76407,42.02874]},"properties":{"probability":0.576,"inBuffer":false,"facType":"government"}},{"type":"Feature","geometry":{"type":"Point","coordinates":[-87.75803,42.02879]},"properties":{"probability":0.659,"inBuffer":false,"facType":"government"}},{"type":"Feature","geometry":{"type":"Point","coordinates":[-87.75199,42.02882]},"properties":{"probability":0.656,"inBuffer":false,"facType":"government"}},{"type":"Feature","geometry":{"type":"Point","coordinates":[-87.74595,42.02886]},"properties":{"probability":0.664,"inBuffer":false,"facType":"substation"}},{"type":"Feature","geometry":{"type":"Point","coordinates":[-87.73991,42.0289]},"properties":{"probability":0.586,"inBuffer":false,"facType":"substation"}},{"type":"Feature","geometry":{"type":"Point","coordinates":[-87.73387,42.02894]},"properties":{"probability":0.549,"inBuffer":false,"facType":"substation"}},{"type":"Feature","geometry":{"type":"Point","coordinates":[-87.72783,42.02898]},"properties":{"probability":0.586,"inBuffer":false,"facType":"substation"}},{"type":"Feature","geometry":{"type":"Point","coordinates":[-87.72179,42.02902]},"properties":{"probability":0.621,"inBuffer":true,"facType":"fire"}},{"type":"Feature","geometry":{"type":"Point","coordinates":[-87.71575,42.02906]},"properties":{"probability":0.626,"inBuffer":true,"facType":"fire"}},{"type":"Feature","geometry":{"type":"Point","coordinates":[-87.70971,42.02909]},"properties":{"probability":0.648,"inBuffer":true,"facType":"fire"}},{"type":"Feature","geometry":{"type":"Point","coordinates":[-87.70367,42.02913]},"properties":{"probability":0.579,"inBuffer":false,"facType":"substation"}},{"type":"Feature","geometry":{"type":"Point","coordinates":[-87.69763,42.02917]},"properties":{"probability":0.304,"inBuffer":false,"facType":"substation"}},{"type":"Feature","geometry":{"type":"Point","coordinates":[-87.69159,42.02921]},"properties":{"probability":0.32,"inBuffer":false,"facType":"substation"}},{"type":"Feature","geometry":{"type":"Point","coordinates":[-87.68555,42.02924]},"properties":{"probability":0.421,"inBuffer":false,"facType":"substation"}},{"type":"Feature","geometry":{"type":"Point","coordinates":[-87.67951,42.02927]},"properties":{"probability":0.52,"inBuffer":false,"facType":"substation"}},{"type":"Feature","geometry":{"type":"Point","coordinates":[-87.67348,42.02931]},"properties":{"probability":0.309,"inBuffer":false,"facType":"substation"}},{"type":"Feature","geometry":{"type":"Point","coordinates":[-87.66743,42.02935]},"properties":{"probability":0.262,"inBuffer":false,"facType":"substation"}},{"type":"Feature","geometry":{"type":"Point","coordinates":[-87.66139,42.02938]},"properties":{"probability":0.152,"inBuffer":false,"facType":"substation"}},{"type":"Feature","geometry":{"type":"Point","coordinates":[-87.80629,42.02395]},"properties":{"probability":0.618,"inBuffer":false,"facType":"government"}},{"type":"Feature","geometry":{"type":"Point","coordinates":[-87.80025,42.02399]},"properties":{"probability":0.655,"inBuffer":false,"facType":"government"}},{"type":"Feature","geometry":{"type":"Point","coordinates":[-87.79421,42.02404]},"properties":{"probability":0.6,"inBuffer":false,"facType":"government"}},{"type":"Feature","geometry":{"type":"Point","coordinates":[-87.78817,42.02408]},"properties":{"probability":0.619,"inBuffer":false,"facType":"government"}},{"type":"Feature","geometry":{"type":"Point","coordinates":[-87.78214,42.02412]},"properties":{"probability":0.587,"inBuffer":false,"facType":"substation"}},{"type":"Feature","geometry":{"type":"Point","coordinates":[-87.77609,42.02416]},"properties":{"probability":0.574,"inBuffer":false,"facType":"substation"}},{"type":"Feature","geometry":{"type":"Point","coordinates":[-87.77005,42.0242]},"properties":{"probability":0.596,"inBuffer":false,"facType":"substation"}},{"type":"Feature","geometry":{"type":"Point","coordinates":[-87.76402,42.02424]},"properties":{"probability":0.578,"inBuffer":false,"facType":"government"}},{"type":"Feature","geometry":{"type":"Point","coordinates":[-87.75797,42.02428]},"properties":{"probability":0.583,"inBuffer":false,"facType":"government"}},{"type":"Feature","geometry":{"type":"Point","coordinates":[-87.75194,42.02432]},"properties":{"probability":0.599,"inBuffer":false,"facType":"government"}},{"type":"Feature","geometry":{"type":"Point","coordinates":[-87.7459,42.02436]},"properties":{"probability":0.605,"inBuffer":false,"facType":"substation"}},{"type":"Feature","geometry":{"type":"Point","coordinates":[-87.73986,42.0244]},"properties":{"probability":0.522,"inBuffer":false,"facType":"substation"}},{"type":"Feature","geometry":{"type":"Point","coordinates":[-87.73382,42.02444]},"properties":{"probability":0.498,"inBuffer":false,"facType":"substation"}},{"type":"Feature","geometry":{"type":"Point","coordinates":[-87.72778,42.02448]},"properties":{"probability":0.594,"inBuffer":false,"facType":"substation"}},{"type":"Feature","geometry":{"type":"Point","coordinates":[-87.72174,42.02451]},"properties":{"probability":0.612,"inBuffer":true,"facType":"substation"}},{"type":"Feature","geometry":{"type":"Point","coordinates":[-87.7157,42.02455]},"properties":{"probability":0.625,"inBuffer":true,"facType":"substation"}},{"type":"Feature","geometry":{"type":"Point","coordinates":[-87.70966,42.02459]},"properties":{"probability":0.66,"inBuffer":false,"facType":"substation"}},{"type":"Feature","geometry":{"type":"Point","coordinates":[-87.70362,42.02463]},"properties":{"probability":0.58,"inBuffer":false,"facType":"substation"}},{"type":"Feature","geometry":{"type":"Point","coordinates":[-87.69759,42.02467]},"properties":{"probability":0.429,"inBuffer":false,"facType":"substation"}},{"type":"Feature","geometry":{"type":"Point","coordinates":[-87.69154,42.0247]},"properties":{"probability":0.574,"inBuffer":false,"facType":"substation"}},{"type":"Feature","geometry":{"type":"Point","coordinates":[-87.6855,42.02474]},"properties":{"probability":0.573,"inBuffer":false,"facType":"substation"}},{"type":"Feature","geometry":{"type":"Point","coordinates":[-87.67947,42.02477]},"properties":{"probability":0.617,"inBuffer":false,"facType":"substation"}},{"type":"Feature","geometry":{"type":"Point","coordinates":[-87.67342,42.02481]},"properties":{"probability":0.639,"inBuffer":false,"facType":"substation"}},{"type":"Feature","geometry":{"type":"Point","coordinates":[-87.66739,42.02485]},"properties":{"probability":0.58,"inBuffer":false,"facType":"substation"}},{"type":"Feature","geometry":{"type":"Point","coordinates":[-87.66135,42.02488]},"properties":{"probability":0.229,"inBuffer":false,"facType":"substation"}},{"type":"Feature","geometry":{"type":"Point","coordinates":[-87.65531,42.02491]},"properties":{"probability":0.168,"inBuffer":false,"facType":"substation"}},{"type":"Feature","geometry":{"type":"Point","coordinates":[-87.80623,42.01945]},"properties":{"probability":0.631,"inBuffer":false,"facType":"substation"}},{"type":"Feature","geometry":{"type":"Point","coordinates":[-87.80019,42.01949]},"properties":{"probability":0.622,"inBuffer":false,"facType":"substation"}},{"type":"Feature","geometry":{"type":"Point","coordinates":[-87.79415,42.01954]},"properties":{"probability":0.625,"inBuffer":true,"facType":"government"}},{"type":"Feature","geometry":{"type":"Point","coordinates":[-87.78812,42.01957]},"properties":{"probability":0.622,"inBuffer":true,"facType":"fire"}},{"type":"Feature","geometry":{"type":"Point","coordinates":[-87.78207,42.01962]},"properties":{"probability":0.616,"inBuffer":false,"facType":"substation"}},{"type":"Feature","geometry":{"type":"Point","coordinates":[-87.77604,42.01966]},"properties":{"probability":0.669,"inBuffer":false,"facType":"substation"}},{"type":"Feature","geometry":{"type":"Point","coordinates":[-87.77,42.0197]},"properties":{"probability":0.661,"inBuffer":false,"facType":"substation"}},{"type":"Feature","geometry":{"type":"Point","coordinates":[-87.76396,42.01974]},"properties":{"probability":0.614,"inBuffer":true,"facType":"fire"}},{"type":"Feature","geometry":{"type":"Point","coordinates":[-87.75792,42.01978]},"properties":{"probability":0.56,"inBuffer":true,"facType":"fire"}},{"type":"Feature","geometry":{"type":"Point","coordinates":[-87.75188,42.01982]},"properties":{"probability":0.581,"inBuffer":false,"facType":"substation"}},{"type":"Feature","geometry":{"type":"Point","coordinates":[-87.74584,42.01986]},"properties":{"probability":0.582,"inBuffer":false,"facType":"substation"}},{"type":"Feature","geometry":{"type":"Point","coordinates":[-87.73981,42.0199]},"properties":{"probability":0.431,"inBuffer":false,"facType":"substation"}},{"type":"Feature","geometry":{"type":"Point","coordinates":[-87.73376,42.01994]},"properties":{"probability":0.347,"inBuffer":false,"facType":"substation"}},{"type":"Feature","geometry":{"type":"Point","coordinates":[-87.72773,42.01997]},"properties":{"probability":0.576,"inBuffer":false,"facType":"substation"}},{"type":"Feature","geometry":{"type":"Point","coordinates":[-87.72169,42.02001]},"properties":{"probability":0.591,"inBuffer":false,"facType":"substation"}},{"type":"Feature","geometry":{"type":"Point","coordinates":[-87.71565,42.02005]},"properties":{"probability":0.65,"inBuffer":false,"facType":"water_works"}},{"type":"Feature","geometry":{"type":"Point","coordinates":[-87.70961,42.02009]},"properties":{"probability":0.664,"inBuffer":false,"facType":"substation"}},{"type":"Feature","geometry":{"type":"Point","coordinates":[-87.70358,42.02012]},"properties":{"probability":0.583,"inBuffer":false,"facType":"substation"}},{"type":"Feature","geometry":{"type":"Point","coordinates":[-87.69753,42.02016]},"properties":{"probability":0.583,"inBuffer":false,"facType":"substation"}},{"type":"Feature","geometry":{"type":"Point","coordinates":[-87.6915,42.0202]},"properties":{"probability":0.653,"inBuffer":false,"facType":"substation"}},{"type":"Feature","geometry":{"type":"Point","coordinates":[-87.68546,42.02023]},"properties":{"probability":0.653,"inBuffer":false,"facType":"substation"}},{"type":"Feature","geometry":{"type":"Point","coordinates":[-87.67942,42.02027]},"properties":{"probability":0.695,"inBuffer":true,"facType":"substation"}},{"type":"Feature","geometry":{"type":"Point","coordinates":[-87.67338,42.02031]},"properties":{"probability":0.725,"inBuffer":true,"facType":"substation"}},{"type":"Feature","geometry":{"type":"Point","coordinates":[-87.66734,42.02034]},"properties":{"probability":0.687,"inBuffer":false,"facType":"substation"}},{"type":"Feature","geometry":{"type":"Point","coordinates":[-87.6613,42.02037]},"properties":{"probability":0.299,"inBuffer":false,"facType":"substation"}},{"type":"Feature","geometry":{"type":"Point","coordinates":[-87.65526,42.02041]},"properties":{"probability":0.166,"inBuffer":false,"facType":"fire"}},{"type":"Feature","geometry":{"type":"Point","coordinates":[-87.64922,42.02044]},"properties":{"probability":0.151,"inBuffer":false,"facType":"substation"}},{"type":"Feature","geometry":{"type":"Point","coordinates":[-87.80618,42.01495]},"properties":{"probability":0.662,"inBuffer":true,"facType":"police"}},{"type":"Feature","geometry":{"type":"Point","coordinates":[-87.80013,42.01499]},"properties":{"probability":0.618,"inBuffer":true,"facType":"police"}},{"type":"Feature","geometry":{"type":"Point","coordinates":[-87.7941,42.01503]},"properties":{"probability":0.609,"inBuffer":true,"facType":"fire"}},{"type":"Feature","geometry":{"type":"Point","coordinates":[-87.78806,42.01507]},"properties":{"probability":0.627,"inBuffer":true,"facType":"fire"}},{"type":"Feature","geometry":{"type":"Point","coordinates":[-87.78202,42.01511]},"properties":{"probability":0.66,"inBuffer":false,"facType":"fire"}},{"type":"Feature","geometry":{"type":"Point","coordinates":[-87.77599,42.01516]},"properties":{"probability":0.684,"inBuffer":false,"facType":"substation"}},{"type":"Feature","geometry":{"type":"Point","coordinates":[-87.76994,42.01519]},"properties":{"probability":0.719,"inBuffer":true,"facType":"police"}},{"type":"Feature","geometry":{"type":"Point","coordinates":[-87.76391,42.01524]},"properties":{"probability":0.682,"inBuffer":true,"facType":"police"}},{"type":"Feature","geometry":{"type":"Point","coordinates":[-87.75787,42.01527]},"properties":{"probability":0.607,"inBuffer":true,"facType":"fire"}},{"type":"Feature","geometry":{"type":"Point","coordinates":[-87.75183,42.01532]},"properties":{"probability":0.619,"inBuffer":false,"facType":"substation"}},{"type":"Feature","geometry":{"type":"Point","coordinates":[-87.74579,42.01535]},"properties":{"probability":0.582,"inBuffer":false,"facType":"substation"}},{"type":"Feature","geometry":{"type":"Point","coordinates":[-87.73975,42.01539]},"properties":{"probability":0.542,"inBuffer":false,"facType":"substation"}},{"type":"Feature","geometry":{"type":"Point","coordinates":[-87.73371,42.01543]},"properties":{"probability":0.475,"inBuffer":false,"facType":"substation"}},{"type":"Feature","geometry":{"type":"Point","coordinates":[-87.72768,42.01547]},"properties":{"probability":0.583,"inBuffer":false,"facType":"substation"}},{"type":"Feature","geometry":{"type":"Point","coordinates":[-87.72164,42.01551]},"properties":{"probability":0.685,"inBuffer":false,"facType":"substation"}},{"type":"Feature","geometry":{"type":"Point","coordinates":[-87.7156,42.01554]},"properties":{"probability":0.684,"inBuffer":false,"facType":"substation"}},{"type":"Feature","geometry":{"type":"Point","coordinates":[-87.70956,42.01558]},"properties":{"probability":0.652,"inBuffer":false,"facType":"water_works"}},{"type":"Feature","geometry":{"type":"Point","coordinates":[-87.70352,42.01562]},"properties":{"probability":0.606,"inBuffer":false,"facType":"substation"}},{"type":"Feature","geometry":{"type":"Point","coordinates":[-87.69749,42.01566]},"properties":{"probability":0.596,"inBuffer":false,"facType":"substation"}},{"type":"Feature","geometry":{"type":"Point","coordinates":[-87.69144,42.01569]},"properties":{"probability":0.657,"inBuffer":false,"facType":"substation"}},{"type":"Feature","geometry":{"type":"Point","coordinates":[-87.68541,42.01573]},"properties":{"probability":0.649,"inBuffer":false,"facType":"fire"}},{"type":"Feature","geometry":{"type":"Point","coordinates":[-87.67937,42.01577]},"properties":{"probability":0.671,"inBuffer":true,"facType":"fire"}},{"type":"Feature","geometry":{"type":"Point","coordinates":[-87.67333,42.0158]},"properties":{"probability":0.697,"inBuffer":true,"facType":"fire"}},{"type":"Feature","geometry":{"type":"Point","coordinates":[-87.66729,42.01584]},"properties":{"probability":0.678,"inBuffer":true,"facType":"fire"}},{"type":"Feature","geometry":{"type":"Point","coordinates":[-87.66125,42.01587]},"properties":{"probability":0.419,"inBuffer":false,"facType":"substation"}},{"type":"Feature","geometry":{"type":"Point","coordinates":[-87.65521,42.01591]},"properties":{"probability":0.19,"inBuffer":false,"facType":"substation"}},{"type":"Feature","geometry":{"type":"Point","coordinates":[-87.64918,42.01594]},"properties":{"probability":0.155,"inBuffer":false,"facType":"substation"}},{"type":"Feature","geometry":{"type":"Point","coordinates":[-87.80611,42.01044]},"properties":{"probability":0.646,"inBuffer":true,"facType":"police"}},{"type":"Feature","geometry":{"type":"Point","coordinates":[-87.80008,42.01049]},"properties":{"probability":0.603,"inBuffer":true,"facType":"government"}},{"type":"Feature","geometry":{"type":"Point","coordinates":[-87.79404,42.01053]},"properties":{"probability":0.582,"inBuffer":true,"facType":"government"}},{"type":"Feature","geometry":{"type":"Point","coordinates":[-87.788,42.01057]},"properties":{"probability":0.589,"inBuffer":true,"facType":"government"}},{"type":"Feature","geometry":{"type":"Point","coordinates":[-87.78197,42.01061]},"properties":{"probability":0.606,"inBuffer":false,"facType":"government"}},{"type":"Feature","geometry":{"type":"Point","coordinates":[-87.77592,42.01065]},"properties":{"probability":0.655,"inBuffer":false,"facType":"police"}},{"type":"Feature","geometry":{"type":"Point","coordinates":[-87.76989,42.01069]},"properties":{"probability":0.705,"inBuffer":true,"facType":"police"}},{"type":"Feature","geometry":{"type":"Point","coordinates":[-87.76385,42.01073]},"properties":{"probability":0.707,"inBuffer":true,"facType":"police"}},{"type":"Feature","geometry":{"type":"Point","coordinates":[-87.75781,42.01077]},"properties":{"probability":0.631,"inBuffer":true,"facType":"police"}},{"type":"Feature","geometry":{"type":"Point","coordinates":[-87.75178,42.01081]},"properties":{"probability":0.621,"inBuffer":false,"facType":"police"}},{"type":"Feature","geometry":{"type":"Point","coordinates":[-87.74574,42.01085]},"properties":{"probability":0.609,"inBuffer":false,"facType":"substation"}},{"type":"Feature","geometry":{"type":"Point","coordinates":[-87.7397,42.01089]},"properties":{"probability":0.592,"inBuffer":true,"facType":"fire"}},{"type":"Feature","geometry":{"type":"Point","coordinates":[-87.73367,42.01093]},"properties":{"probability":0.583,"inBuffer":true,"facType":"fire"}},{"type":"Feature","geometry":{"type":"Point","coordinates":[-87.72762,42.01097]},"properties":{"probability":0.614,"inBuffer":true,"facType":"substation"}},{"type":"Feature","geometry":{"type":"Point","coordinates":[-87.72159,42.01101]},"properties":{"probability":0.664,"inBuffer":false,"facType":"substation"}},{"type":"Feature","geometry":{"type":"Point","coordinates":[-87.71555,42.01104]},"properties":{"probability":0.654,"inBuffer":false,"facType":"substation"}},{"type":"Feature","geometry":{"type":"Point","coordinates":[-87.70951,42.01108]},"properties":{"probability":0.605,"inBuffer":false,"facType":"substation"}},{"type":"Feature","geometry":{"type":"Point","coordinates":[-87.70348,42.01112]},"properties":{"probability":0.605,"inBuffer":false,"facType":"water_works"}},{"type":"Feature","geometry":{"type":"Point","coordinates":[-87.69743,42.01115]},"properties":{"probability":0.605,"inBuffer":false,"facType":"substation"}},{"type":"Feature","geometry":{"type":"Point","coordinates":[-87.6914,42.01119]},"properties":{"probability":0.639,"inBuffer":false,"facType":"substation"}},{"type":"Feature","geometry":{"type":"Point","coordinates":[-87.68536,42.01123]},"properties":{"probability":0.591,"inBuffer":false,"facType":"fire"}},{"type":"Feature","geometry":{"type":"Point","coordinates":[-87.67932,42.01126]},"properties":{"probability":0.593,"inBuffer":true,"facType":"fire"}},{"type":"Feature","geometry":{"type":"Point","coordinates":[-87.67329,42.0113]},"properties":{"probability":0.676,"inBuffer":true,"facType":"fire"}},{"type":"Feature","geometry":{"type":"Point","coordinates":[-87.66724,42.01133]},"properties":{"probability":0.684,"inBuffer":false,"facType":"substation"}},{"type":"Feature","geometry":{"type":"Point","coordinates":[-87.66121,42.01137]},"properties":{"probability":0.583,"inBuffer":false,"facType":"substation"}},{"type":"Feature","geometry":{"type":"Point","coordinates":[-87.65517,42.01141]},"properties":{"probability":0.28,"inBuffer":false,"facType":"substation"}},{"type":"Feature","geometry":{"type":"Point","coordinates":[-87.64913,42.01144]},"properties":{"probability":0.152,"inBuffer":false,"facType":"substation"}},{"type":"Feature","geometry":{"type":"Point","coordinates":[-87.80606,42.00594]},"properties":{"probability":0.606,"inBuffer":false,"facType":"police"}},{"type":"Feature","geometry":{"type":"Point","coordinates":[-87.80003,42.00598]},"properties":{"probability":0.576,"inBuffer":true,"facType":"government"}},{"type":"Feature","geometry":{"type":"Point","coordinates":[-87.79398,42.00602]},"properties":{"probability":0.489,"inBuffer":false,"facType":"government"}},{"type":"Feature","geometry":{"type":"Point","coordinates":[-87.78795,42.00607]},"properties":{"probability":0.401,"inBuffer":false,"facType":"government"}},{"type":"Feature","geometry":{"type":"Point","coordinates":[-87.78191,42.00611]},"properties":{"probability":0.501,"inBuffer":false,"facType":"government"}},{"type":"Feature","geometry":{"type":"Point","coordinates":[-87.77587,42.00615]},"properties":{"probability":0.59,"inBuffer":false,"facType":"fire"}},{"type":"Feature","geometry":{"type":"Point","coordinates":[-87.76984,42.00619]},"properties":{"probability":0.604,"inBuffer":false,"facType":"substation"}},{"type":"Feature","geometry":{"type":"Point","coordinates":[-87.7638,42.00623]},"properties":{"probability":0.636,"inBuffer":false,"facType":"substation"}},{"type":"Feature","geometry":{"type":"Point","coordinates":[-87.75776,42.00627]},"properties":{"probability":0.56,"inBuffer":false,"facType":"substation"}},{"type":"Feature","geometry":{"type":"Point","coordinates":[-87.75172,42.00631]},"properties":{"probability":0.584,"inBuffer":false,"facType":"substation"}},{"type":"Feature","geometry":{"type":"Point","coordinates":[-87.74569,42.00635]},"properties":{"probability":0.521,"inBuffer":false,"facType":"substation"}},{"type":"Feature","geometry":{"type":"Point","coordinates":[-87.73965,42.00639]},"properties":{"probability":0.495,"inBuffer":true,"facType":"substation"}},{"type":"Feature","geometry":{"type":"Point","coordinates":[-87.73361,42.00643]},"properties":{"probability":0.589,"inBuffer":true,"facType":"government"}},{"type":"Feature","geometry":{"type":"Point","coordinates":[-87.72758,42.00647]},"properties":{"probability":0.603,"inBuffer":true,"facType":"government"}},{"type":"Feature","geometry":{"type":"Point","coordinates":[-87.72153,42.0065]},"properties":{"probability":0.611,"inBuffer":false,"facType":"substation"}},{"type":"Feature","geometry":{"type":"Point","coordinates":[-87.7155,42.00654]},"properties":{"probability":0.609,"inBuffer":false,"facType":"substation"}},{"type":"Feature","geometry":{"type":"Point","coordinates":[-87.70947,42.00658]},"properties":{"probability":0.617,"inBuffer":false,"facType":"water_works"}},{"type":"Feature","geometry":{"type":"Point","coordinates":[-87.70342,42.00661]},"properties":{"probability":0.6,"inBuffer":false,"facType":"water_works"}},{"type":"Feature","geometry":{"type":"Point","coordinates":[-87.69739,42.00665]},"properties":{"probability":0.603,"inBuffer":false,"facType":"fire"}},{"type":"Feature","geometry":{"type":"Point","coordinates":[-87.69135,42.00669]},"properties":{"probability":0.606,"inBuffer":false,"facType":"fire"}},{"type":"Feature","geometry":{"type":"Point","coordinates":[-87.68531,42.00673]},"properties":{"probability":0.589,"inBuffer":false,"facType":"fire"}},{"type":"Feature","geometry":{"type":"Point","coordinates":[-87.67928,42.00676]},"properties":{"probability":0.601,"inBuffer":false,"facType":"government"}},{"type":"Feature","geometry":{"type":"Point","coordinates":[-87.67323,42.0068]},"properties":{"probability":0.67,"inBuffer":false,"facType":"substation"}},{"type":"Feature","geometry":{"type":"Point","coordinates":[-87.6672,42.00683]},"properties":{"probability":0.691,"inBuffer":false,"facType":"substation"}},{"type":"Feature","geometry":{"type":"Point","coordinates":[-87.66116,42.00687]},"properties":{"probability":0.616,"inBuffer":false,"facType":"substation"}},{"type":"Feature","geometry":{"type":"Point","coordinates":[-87.65512,42.0069]},"properties":{"probability":0.322,"inBuffer":false,"facType":"substation"}},{"type":"Feature","geometry":{"type":"Point","coordinates":[-87.64909,42.00694]},"properties":{"probability":0.148,"inBuffer":false,"facType":"substation"}},{"type":"Feature","geometry":{"type":"Point","coordinates":[-87.64305,42.00697]},"properties":{"probability":0.146,"inBuffer":false,"facType":"substation"}},{"type":"Feature","geometry":{"type":"Point","coordinates":[-87.806,42.00144]},"properties":{"probability":0.604,"inBuffer":false,"facType":"police"}},{"type":"Feature","geometry":{"type":"Point","coordinates":[-87.79996,42.00148]},"properties":{"probability":0.565,"inBuffer":false,"facType":"government"}},{"type":"Feature","geometry":{"type":"Point","coordinates":[-87.79393,42.00152]},"properties":{"probability":0.612,"inBuffer":false,"facType":"government"}},{"type":"Feature","geometry":{"type":"Point","coordinates":[-87.7879,42.00156]},"properties":{"probability":0.579,"inBuffer":false,"facType":"government"}},{"type":"Feature","geometry":{"type":"Point","coordinates":[-87.78185,42.00161]},"properties":{"probability":0.369,"inBuffer":false,"facType":"fire"}},{"type":"Feature","geometry":{"type":"Point","coordinates":[-87.77582,42.00164]},"properties":{"probability":0.42,"inBuffer":false,"facType":"fire"}},{"type":"Feature","geometry":{"type":"Point","coordinates":[-87.76978,42.00169]},"properties":{"probability":0.583,"inBuffer":true,"facType":"fire"}},{"type":"Feature","geometry":{"type":"Point","coordinates":[-87.76375,42.00173]},"properties":{"probability":0.585,"inBuffer":true,"facType":"fire"}},{"type":"Feature","geometry":{"type":"Point","coordinates":[-87.75771,42.00177]},"properties":{"probability":0.514,"inBuffer":false,"facType":"substation"}},{"type":"Feature","geometry":{"type":"Point","coordinates":[-87.75167,42.0018]},"properties":{"probability":0.519,"inBuffer":false,"facType":"substation"}},{"type":"Feature","geometry":{"type":"Point","coordinates":[-87.74564,42.00185]},"properties":{"probability":0.425,"inBuffer":false,"facType":"substation"}},{"type":"Feature","geometry":{"type":"Point","coordinates":[-87.73959,42.00188]},"properties":{"probability":0.378,"inBuffer":true,"facType":"substation"}},{"type":"Feature","geometry":{"type":"Point","coordinates":[-87.73356,42.00192]},"properties":{"probability":0.548,"inBuffer":true,"facType":"government"}},{"type":"Feature","geometry":{"type":"Point","coordinates":[-87.72752,42.00196]},"properties":{"probability":0.606,"inBuffer":false,"facType":"government"}},{"type":"Feature","geometry":{"type":"Point","coordinates":[-87.72149,42.002]},"properties":{"probability":0.61,"inBuffer":false,"facType":"water_works"}},{"type":"Feature","geometry":{"type":"Point","coordinates":[-87.71545,42.00204]},"properties":{"probability":0.588,"inBuffer":false,"facType":"water_works"}},{"type":"Feature","geometry":{"type":"Point","coordinates":[-87.70941,42.00208]},"properties":{"probability":0.604,"inBuffer":false,"facType":"water_works"}},{"type":"Feature","geometry":{"type":"Point","coordinates":[-87.70338,42.00211]},"properties":{"probability":0.631,"inBuffer":false,"facType":"fire"}},{"type":"Feature","geometry":{"type":"Point","coordinates":[-87.69733,42.00215]},"properties":{"probability":0.639,"inBuffer":false,"facType":"fire"}},{"type":"Feature","geometry":{"type":"Point","coordinates":[-87.6913,42.00219]},"properties":{"probability":0.642,"inBuffer":false,"facType":"fire"}},{"type":"Feature","geometry":{"type":"Point","coordinates":[-87.68526,42.00222]},"properties":{"probability":0.604,"inBuffer":false,"facType":"government"}},{"type":"Feature","geometry":{"type":"Point","coordinates":[-87.67922,42.00226]},"properties":{"probability":0.608,"inBuffer":true,"facType":"government"}},{"type":"Feature","geometry":{"type":"Point","coordinates":[-87.67319,42.00229]},"properties":{"probability":0.659,"inBuffer":true,"facType":"police"}},{"type":"Feature","geometry":{"type":"Point","coordinates":[-87.66715,42.00233]},"properties":{"probability":0.675,"inBuffer":true,"facType":"substation"}},{"type":"Feature","geometry":{"type":"Point","coordinates":[-87.66112,42.00237]},"properties":{"probability":0.682,"inBuffer":false,"facType":"substation"}},{"type":"Feature","geometry":{"type":"Point","coordinates":[-87.65508,42.0024]},"properties":{"probability":0.615,"inBuffer":false,"facType":"police"}},{"type":"Feature","geometry":{"type":"Point","coordinates":[-87.64904,42.00243]},"properties":{"probability":0.167,"inBuffer":false,"facType":"police"}},{"type":"Feature","geometry":{"type":"Point","coordinates":[-87.64301,42.00247]},"properties":{"probability":0.149,"inBuffer":false,"facType":"police"}},{"type":"Feature","geometry":{"type":"Point","coordinates":[-87.80595,41.99693]},"properties":{"probability":0.662,"inBuffer":false,"facType":"fire"}},{"type":"Feature","geometry":{"type":"Point","coordinates":[-87.79991,41.99697]},"properties":{"probability":0.645,"inBuffer":true,"facType":"fire"}},{"type":"Feature","geometry":{"type":"Point","coordinates":[-87.79388,41.99702]},"properties":{"probability":0.662,"inBuffer":false,"facType":"fire"}},{"type":"Feature","geometry":{"type":"Point","coordinates":[-87.78783,41.99706]},"properties":{"probability":0.658,"inBuffer":false,"facType":"fire"}},{"type":"Feature","geometry":{"type":"Point","coordinates":[-87.7818,41.9971]},"properties":{"probability":0.584,"inBuffer":false,"facType":"government"}},{"type":"Feature","geometry":{"type":"Point","coordinates":[-87.77576,41.99714]},"properties":{"probability":0.37,"inBuffer":false,"facType":"fire"}},{"type":"Feature","geometry":{"type":"Point","coordinates":[-87.76973,41.99718]},"properties":{"probability":0.595,"inBuffer":true,"facType":"fire"}},{"type":"Feature","geometry":{"type":"Point","coordinates":[-87.76369,41.99722]},"properties":{"probability":0.641,"inBuffer":true,"facType":"fire"}},{"type":"Feature","geometry":{"type":"Point","coordinates":[-87.75765,41.99726]},"properties":{"probability":0.576,"inBuffer":true,"facType":"fire"}},{"type":"Feature","geometry":{"type":"Point","coordinates":[-87.75162,41.9973]},"properties":{"probability":0.576,"inBuffer":false,"facType":"substation"}},{"type":"Feature","geometry":{"type":"Point","coordinates":[-87.74558,41.99734]},"properties":{"probability":0.574,"inBuffer":false,"facType":"substation"}},{"type":"Feature","geometry":{"type":"Point","coordinates":[-87.73955,41.99738]},"properties":{"probability":0.507,"inBuffer":false,"facType":"substation"}},{"type":"Feature","geometry":{"type":"Point","coordinates":[-87.73351,41.99742]},"properties":{"probability":0.541,"inBuffer":false,"facType":"substation"}},{"type":"Feature","geometry":{"type":"Point","coordinates":[-87.72747,41.99746]},"properties":{"probability":0.614,"inBuffer":false,"facType":"fire"}},{"type":"Feature","geometry":{"type":"Point","coordinates":[-87.72144,41.9975]},"properties":{"probability":0.641,"inBuffer":false,"facType":"water_works"}},{"type":"Feature","geometry":{"type":"Point","coordinates":[-87.7154,41.99754]},"properties":{"probability":0.647,"inBuffer":false,"facType":"water_works"}},{"type":"Feature","geometry":{"type":"Point","coordinates":[-87.70936,41.99757]},"properties":{"probability":0.662,"inBuffer":false,"facType":"water_works"}},{"type":"Feature","geometry":{"type":"Point","coordinates":[-87.70332,41.99761]},"properties":{"probability":0.69,"inBuffer":true,"facType":"fire"}},{"type":"Feature","geometry":{"type":"Point","coordinates":[-87.69729,41.99765]},"properties":{"probability":0.69,"inBuffer":true,"facType":"fire"}},{"type":"Feature","geometry":{"type":"Point","coordinates":[-87.69125,41.99768]},"properties":{"probability":0.691,"inBuffer":true,"facType":"fire"}},{"type":"Feature","geometry":{"type":"Point","coordinates":[-87.68521,41.99772]},"properties":{"probability":0.657,"inBuffer":false,"facType":"government"}},{"type":"Feature","geometry":{"type":"Point","coordinates":[-87.67918,41.99775]},"properties":{"probability":0.656,"inBuffer":true,"facType":"government"}},{"type":"Feature","geometry":{"type":"Point","coordinates":[-87.67314,41.99779]},"properties":{"probability":0.685,"inBuffer":true,"facType":"government"}},{"type":"Feature","geometry":{"type":"Point","coordinates":[-87.66711,41.99783]},"properties":{"probability":0.693,"inBuffer":true,"facType":"police"}},{"type":"Feature","geometry":{"type":"Point","coordinates":[-87.66106,41.99786]},"properties":{"probability":0.751,"inBuffer":true,"facType":"police"}},{"type":"Feature","geometry":{"type":"Point","coordinates":[-87.65503,41.99789]},"properties":{"probability":0.686,"inBuffer":true,"facType":"police"}},{"type":"Feature","geometry":{"type":"Point","coordinates":[-87.64899,41.99793]},"properties":{"probability":0.187,"inBuffer":false,"facType":"police"}},{"type":"Feature","geometry":{"type":"Point","coordinates":[-87.64296,41.99796]},"properties":{"probability":0.147,"inBuffer":false,"facType":"police"}},{"type":"Feature","geometry":{"type":"Point","coordinates":[-87.80589,41.99243]},"properties":{"probability":0.658,"inBuffer":true,"facType":"fire"}},{"type":"Feature","geometry":{"type":"Point","coordinates":[-87.79985,41.99247]},"properties":{"probability":0.66,"inBuffer":true,"facType":"fire"}},{"type":"Feature","geometry":{"type":"Point","coordinates":[-87.79382,41.99252]},"properties":{"probability":0.662,"inBuffer":true,"facType":"fire"}},{"type":"Feature","geometry":{"type":"Point","coordinates":[-87.78778,41.99256]},"properties":{"probability":0.683,"inBuffer":false,"facType":"fire"}},{"type":"Feature","geometry":{"type":"Point","coordinates":[-87.78175,41.9926]},"properties":{"probability":0.666,"inBuffer":false,"facType":"government"}},{"type":"Feature","geometry":{"type":"Point","coordinates":[-87.77571,41.99264]},"properties":{"probability":0.573,"inBuffer":false,"facType":"government"}},{"type":"Feature","geometry":{"type":"Point","coordinates":[-87.76968,41.99268]},"properties":{"probability":0.579,"inBuffer":true,"facType":"government"}},{"type":"Feature","geometry":{"type":"Point","coordinates":[-87.76363,41.99272]},"properties":{"probability":0.564,"inBuffer":true,"facType":"government"}},{"type":"Feature","geometry":{"type":"Point","coordinates":[-87.7576,41.99276]},"properties":{"probability":0.587,"inBuffer":false,"facType":"government"}},{"type":"Feature","geometry":{"type":"Point","coordinates":[-87.75156,41.9928]},"properties":{"probability":0.607,"inBuffer":false,"facType":"substation"}},{"type":"Feature","geometry":{"type":"Point","coordinates":[-87.74553,41.99284]},"properties":{"probability":0.586,"inBuffer":false,"facType":"substation"}},{"type":"Feature","geometry":{"type":"Point","coordinates":[-87.73949,41.99288]},"properties":{"probability":0.578,"inBuffer":false,"facType":"substation"}},{"type":"Feature","geometry":{"type":"Point","coordinates":[-87.73346,41.99292]},"properties":{"probability":0.613,"inBuffer":true,"facType":"fire"}},{"type":"Feature","geometry":{"type":"Point","coordinates":[-87.72742,41.99295]},"properties":{"probability":0.641,"inBuffer":true,"facType":"fire"}},{"type":"Feature","geometry":{"type":"Point","coordinates":[-87.72138,41.99299]},"properties":{"probability":0.654,"inBuffer":true,"facType":"fire"}},{"type":"Feature","geometry":{"type":"Point","coordinates":[-87.71535,41.99303]},"properties":{"probability":0.676,"inBuffer":false,"facType":"water_works"}},{"type":"Feature","geometry":{"type":"Point","coordinates":[-87.70931,41.99307]},"properties":{"probability":0.685,"inBuffer":false,"facType":"water_works"}},{"type":"Feature","geometry":{"type":"Point","coordinates":[-87.70328,41.99311]},"properties":{"probability":0.692,"inBuffer":true,"facType":"fire"}},{"type":"Feature","geometry":{"type":"Point","coordinates":[-87.69724,41.99314]},"properties":{"probability":0.695,"inBuffer":true,"facType":"fire"}},{"type":"Feature","geometry":{"type":"Point","coordinates":[-87.6912,41.99318]},"properties":{"probability":0.691,"inBuffer":true,"facType":"fire"}},{"type":"Feature","geometry":{"type":"Point","coordinates":[-87.68517,41.99322]},"properties":{"probability":0.653,"inBuffer":false,"facType":"government"}},{"type":"Feature","geometry":{"type":"Point","coordinates":[-87.67913,41.99325]},"properties":{"probability":0.677,"inBuffer":true,"facType":"fire"}},{"type":"Feature","geometry":{"type":"Point","coordinates":[-87.6731,41.99329]},"properties":{"probability":0.693,"inBuffer":true,"facType":"fire"}},{"type":"Feature","geometry":{"type":"Point","coordinates":[-87.66706,41.99332]},"properties":{"probability":0.679,"inBuffer":true,"facType":"fire"}},{"type":"Feature","geometry":{"type":"Point","coordinates":[-87.66102,41.99336]},"properties":{"probability":0.698,"inBuffer":true,"facType":"police"}},{"type":"Feature","geometry":{"type":"Point","coordinates":[-87.65498,41.99339]},"properties":{"probability":0.694,"inBuffer":true,"facType":"police"}},{"type":"Feature","geometry":{"type":"Point","coordinates":[-87.64895,41.99343]},"properties":{"probability":0.199,"inBuffer":false,"facType":"police"}},{"type":"Feature","geometry":{"type":"Point","coordinates":[-87.64291,41.99346]},"properties":{"probability":0.157,"inBuffer":false,"facType":"police"}},{"type":"Feature","geometry":{"type":"Point","coordinates":[-87.80583,41.98793]},"properties":{"probability":0.62,"inBuffer":true,"facType":"fire"}},{"type":"Feature","geometry":{"type":"Point","coordinates":[-87.7998,41.98797]},"properties":{"probability":0.648,"inBuffer":true,"facType":"fire"}},{"type":"Feature","geometry":{"type":"Point","coordinates":[-87.79376,41.98801]},"properties":{"probability":0.657,"inBuffer":true,"facType":"fire"}},{"type":"Feature","geometry":{"type":"Point","coordinates":[-87.78773,41.98806]},"properties":{"probability":0.668,"inBuffer":false,"facType":"substation"}},{"type":"Feature","geometry":{"type":"Point","coordinates":[-87.78169,41.98809]},"properties":{"probability":0.703,"inBuffer":false,"facType":"substation"}},{"type":"Feature","geometry":{"type":"Point","coordinates":[-87.77566,41.98814]},"properties":{"probability":0.68,"inBuffer":false,"facType":"government"}},{"type":"Feature","geometry":{"type":"Point","coordinates":[-87.76962,41.98818]},"properties":{"probability":0.603,"inBuffer":false,"facType":"government"}},{"type":"Feature","geometry":{"type":"Point","coordinates":[-87.76358,41.98822]},"properties":{"probability":0.553,"inBuffer":false,"facType":"government"}},{"type":"Feature","geometry":{"type":"Point","coordinates":[-87.75755,41.98826]},"properties":{"probability":0.587,"inBuffer":false,"facType":"government"}},{"type":"Feature","geometry":{"type":"Point","coordinates":[-87.75151,41.9883]},"properties":{"probability":0.61,"inBuffer":false,"facType":"government"}},{"type":"Feature","geometry":{"type":"Point","coordinates":[-87.74548,41.98834]},"properties":{"probability":0.591,"inBuffer":false,"facType":"substation"}},{"type":"Feature","geometry":{"type":"Point","coordinates":[-87.73944,41.98838]},"properties":{"probability":0.602,"inBuffer":false,"facType":"fire"}},{"type":"Feature","geometry":{"type":"Point","coordinates":[-87.73341,41.98841]},"properties":{"probability":0.666,"inBuffer":true,"facType":"fire"}},{"type":"Feature","geometry":{"type":"Point","coordinates":[-87.72737,41.98845]},"properties":{"probability":0.607,"inBuffer":true,"facType":"fire"}},{"type":"Feature","geometry":{"type":"Point","coordinates":[-87.72134,41.98849]},"properties":{"probability":0.613,"inBuffer":true,"facType":"substation"}},{"type":"Feature","geometry":{"type":"Point","coordinates":[-87.71529,41.98853]},"properties":{"probability":0.657,"inBuffer":false,"facType":"substation"}},{"type":"Feature","geometry":{"type":"Point","coordinates":[-87.70926,41.98857]},"properties":{"probability":0.685,"inBuffer":false,"facType":"water_works"}},{"type":"Feature","geometry":{"type":"Point","coordinates":[-87.70322,41.9886]},"properties":{"probability":0.689,"inBuffer":false,"facType":"fire"}},{"type":"Feature","geometry":{"type":"Point","coordinates":[-87.69719,41.98864]},"properties":{"probability":0.695,"inBuffer":true,"facType":"fire"}},{"type":"Feature","geometry":{"type":"Point","coordinates":[-87.69115,41.98868]},"properties":{"probability":0.601,"inBuffer":false,"facType":"government"}},{"type":"Feature","geometry":{"type":"Point","coordinates":[-87.68512,41.98871]},"properties":{"probability":0.569,"inBuffer":false,"facType":"government"}},{"type":"Feature","geometry":{"type":"Point","coordinates":[-87.67908,41.98875]},"properties":{"probability":0.611,"inBuffer":false,"facType":"substation"}},{"type":"Feature","geometry":{"type":"Point","coordinates":[-87.67304,41.98878]},"properties":{"probability":0.675,"inBuffer":true,"facType":"substation"}},{"type":"Feature","geometry":{"type":"Point","coordinates":[-87.66701,41.98882]},"properties":{"probability":0.697,"inBuffer":true,"facType":"fire"}},{"type":"Feature","geometry":{"type":"Point","coordinates":[-87.66097,41.98885]},"properties":{"probability":0.705,"inBuffer":true,"facType":"substation"}},{"type":"Feature","geometry":{"type":"Point","coordinates":[-87.65494,41.98889]},"properties":{"probability":0.679,"inBuffer":true,"facType":"substation"}},{"type":"Feature","geometry":{"type":"Point","coordinates":[-87.6489,41.98892]},"properties":{"probability":0.276,"inBuffer":false,"facType":"substation"}},{"type":"Feature","geometry":{"type":"Point","coordinates":[-87.64287,41.98896]},"properties":{"probability":0.162,"inBuffer":false,"facType":"substation"}},{"type":"Feature","geometry":{"type":"Point","coordinates":[-87.80578,41.98343]},"properties":{"probability":0.693,"inBuffer":false,"facType":"fire"}},{"type":"Feature","geometry":{"type":"Point","coordinates":[-87.79974,41.98347]},"properties":{"probability":0.628,"inBuffer":false,"facType":"fire"}},{"type":"Feature","geometry":{"type":"Point","coordinates":[-87.79371,41.98351]},"properties":{"probability":0.66,"inBuffer":false,"facType":"substation"}},{"type":"Feature","geometry":{"type":"Point","coordinates":[-87.78767,41.98355]},"properties":{"probability":0.696,"inBuffer":false,"facType":"substation"}},{"type":"Feature","geometry":{"type":"Point","coordinates":[-87.78163,41.98359]},"properties":{"probability":0.718,"inBuffer":false,"facType":"substation"}},{"type":"Feature","geometry":{"type":"Point","coordinates":[-87.7756,41.98363]},"properties":{"probability":0.739,"inBuffer":false,"facType":"substation"}},{"type":"Feature","geometry":{"type":"Point","coordinates":[-87.76956,41.98367]},"properties":{"probability":0.69,"inBuffer":false,"facType":"government"}},{"type":"Feature","geometry":{"type":"Point","coordinates":[-87.76353,41.98372]},"properties":{"probability":0.571,"inBuffer":false,"facType":"government"}},{"type":"Feature","geometry":{"type":"Point","coordinates":[-87.75749,41.98375]},"properties":{"probability":0.554,"inBuffer":false,"facType":"government"}},{"type":"Feature","geometry":{"type":"Point","coordinates":[-87.75146,41.9838]},"properties":{"probability":0.574,"inBuffer":false,"facType":"government"}},{"type":"Feature","geometry":{"type":"Point","coordinates":[-87.74542,41.98383]},"properties":{"probability":0.592,"inBuffer":false,"facType":"government"}},{"type":"Feature","geometry":{"type":"Point","coordinates":[-87.73939,41.98387]},"properties":{"probability":0.615,"inBuffer":false,"facType":"fire"}},{"type":"Feature","geometry":{"type":"Point","coordinates":[-87.73335,41.98391]},"properties":{"probability":0.599,"inBuffer":false,"facType":"fire"}},{"type":"Feature","geometry":{"type":"Point","coordinates":[-87.72732,41.98395]},"properties":{"probability":0.602,"inBuffer":true,"facType":"fire"}},{"type":"Feature","geometry":{"type":"Point","coordinates":[-87.72128,41.98399]},"properties":{"probability":0.604,"inBuffer":false,"facType":"substation"}},{"type":"Feature","geometry":{"type":"Point","coordinates":[-87.71525,41.98402]},"properties":{"probability":0.607,"inBuffer":false,"facType":"substation"}},{"type":"Feature","geometry":{"type":"Point","coordinates":[-87.70921,41.98406]},"properties":{"probability":0.657,"inBuffer":false,"facType":"substation"}},{"type":"Feature","geometry":{"type":"Point","coordinates":[-87.70318,41.9841]},"properties":{"probability":0.671,"inBuffer":false,"facType":"police"}},{"type":"Feature","geometry":{"type":"Point","coordinates":[-87.69714,41.98414]},"properties":{"probability":0.677,"inBuffer":true,"facType":"police"}},{"type":"Feature","geometry":{"type":"Point","coordinates":[-87.69111,41.98417]},"properties":{"probability":0.563,"inBuffer":true,"facType":"government"}},{"type":"Feature","geometry":{"type":"Point","coordinates":[-87.68507,41.98421]},"properties":{"probability":0.497,"inBuffer":false,"facType":"government"}},{"type":"Feature","geometry":{"type":"Point","coordinates":[-87.67903,41.98425]},"properties":{"probability":0.621,"inBuffer":false,"facType":"substation"}},{"type":"Feature","geometry":{"type":"Point","coordinates":[-87.673,41.98428]},"properties":{"probability":0.695,"inBuffer":false,"facType":"substation"}},{"type":"Feature","geometry":{"type":"Point","coordinates":[-87.66696,41.98432]},"properties":{"probability":0.677,"inBuffer":false,"facType":"substation"}},{"type":"Feature","geometry":{"type":"Point","coordinates":[-87.66093,41.98435]},"properties":{"probability":0.756,"inBuffer":false,"facType":"substation"}},{"type":"Feature","geometry":{"type":"Point","coordinates":[-87.65489,41.98439]},"properties":{"probability":0.725,"inBuffer":false,"facType":"substation"}},{"type":"Feature","geometry":{"type":"Point","coordinates":[-87.64886,41.98442]},"properties":{"probability":0.266,"inBuffer":false,"facType":"substation"}},{"type":"Feature","geometry":{"type":"Point","coordinates":[-87.64282,41.98446]},"properties":{"probability":0.186,"inBuffer":false,"facType":"substation"}},{"type":"Feature","geometry":{"type":"Point","coordinates":[-87.63679,41.98449]},"properties":{"probability":0.146,"inBuffer":false,"facType":"substation"}},{"type":"Feature","geometry":{"type":"Point","coordinates":[-87.80572,41.97892]},"properties":{"probability":0.68,"inBuffer":false,"facType":"fire"}},{"type":"Feature","geometry":{"type":"Point","coordinates":[-87.79968,41.97897]},"properties":{"probability":0.658,"inBuffer":false,"facType":"fire"}},{"type":"Feature","geometry":{"type":"Point","coordinates":[-87.79365,41.97901]},"properties":{"probability":0.692,"inBuffer":false,"facType":"substation"}},{"type":"Feature","geometry":{"type":"Point","coordinates":[-87.78761,41.97905]},"properties":{"probability":0.661,"inBuffer":false,"facType":"substation"}},{"type":"Feature","geometry":{"type":"Point","coordinates":[-87.78158,41.97909]},"properties":{"probability":0.679,"inBuffer":false,"facType":"substation"}},{"type":"Feature","geometry":{"type":"Point","coordinates":[-87.77554,41.97913]},"properties":{"probability":0.72,"inBuffer":false,"facType":"substation"}},{"type":"Feature","geometry":{"type":"Point","coordinates":[-87.76951,41.97917]},"properties":{"probability":0.708,"inBuffer":true,"facType":"police"}},{"type":"Feature","geometry":{"type":"Point","coordinates":[-87.76347,41.97921]},"properties":{"probability":0.693,"inBuffer":true,"facType":"government"}},{"type":"Feature","geometry":{"type":"Point","coordinates":[-87.75744,41.97925]},"properties":{"probability":0.591,"inBuffer":false,"facType":"government"}},{"type":"Feature","geometry":{"type":"Point","coordinates":[-87.7514,41.97929]},"properties":{"probability":0.569,"inBuffer":false,"facType":"government"}},{"type":"Feature","geometry":{"type":"Point","coordinates":[-87.74537,41.97933]},"properties":{"probability":0.559,"inBuffer":false,"facType":"government"}},{"type":"Feature","geometry":{"type":"Point","coordinates":[-87.73933,41.97937]},"properties":{"probability":0.52,"inBuffer":false,"facType":"government"}},{"type":"Feature","geometry":{"type":"Point","coordinates":[-87.7333,41.97941]},"properties":{"probability":0.566,"inBuffer":false,"facType":"fire"}},{"type":"Feature","geometry":{"type":"Point","coordinates":[-87.72726,41.97945]},"properties":{"probability":0.58,"inBuffer":false,"facType":"substation"}},{"type":"Feature","geometry":{"type":"Point","coordinates":[-87.72123,41.97948]},"properties":{"probability":0.597,"inBuffer":false,"facType":"substation"}},{"type":"Feature","geometry":{"type":"Point","coordinates":[-87.71519,41.97952]},"properties":{"probability":0.661,"inBuffer":false,"facType":"substation"}},{"type":"Feature","geometry":{"type":"Point","coordinates":[-87.70916,41.97956]},"properties":{"probability":0.658,"inBuffer":false,"facType":"substation"}},{"type":"Feature","geometry":{"type":"Point","coordinates":[-87.70312,41.9796]},"properties":{"probability":0.639,"inBuffer":false,"facType":"police"}},{"type":"Feature","geometry":{"type":"Point","coordinates":[-87.69709,41.97963]},"properties":{"probability":0.675,"inBuffer":true,"facType":"police"}},{"type":"Feature","geometry":{"type":"Point","coordinates":[-87.69106,41.97967]},"properties":{"probability":0.629,"inBuffer":true,"facType":"police"}},{"type":"Feature","geometry":{"type":"Point","coordinates":[-87.68502,41.97971]},"properties":{"probability":0.582,"inBuffer":true,"facType":"fire"}},{"type":"Feature","geometry":{"type":"Point","coordinates":[-87.67899,41.97974]},"properties":{"probability":0.64,"inBuffer":false,"facType":"fire"}},{"type":"Feature","geometry":{"type":"Point","coordinates":[-87.67295,41.97978]},"properties":{"probability":0.692,"inBuffer":false,"facType":"substation"}},{"type":"Feature","geometry":{"type":"Point","coordinates":[-87.66692,41.97981]},"properties":{"probability":0.693,"inBuffer":false,"facType":"substation"}},{"type":"Feature","geometry":{"type":"Point","coordinates":[-87.66088,41.97985]},"properties":{"probability":0.7,"inBuffer":false,"facType":"substation"}},{"type":"Feature","geometry":{"type":"Point","coordinates":[-87.65485,41.97988]},"properties":{"probability":0.704,"inBuffer":false,"facType":"substation"}},{"type":"Feature","geometry":{"type":"Point","coordinates":[-87.64881,41.97992]},"properties":{"probability":0.413,"inBuffer":false,"facType":"substation"}},{"type":"Feature","geometry":{"type":"Point","coordinates":[-87.64278,41.97995]},"properties":{"probability":0.267,"inBuffer":false,"facType":"substation"}},{"type":"Feature","geometry":{"type":"Point","coordinates":[-87.63674,41.97998]},"properties":{"probability":0.147,"inBuffer":false,"facType":"water_works"}},{"type":"Feature","geometry":{"type":"Point","coordinates":[-87.80566,41.97442]},"properties":{"probability":0.658,"inBuffer":false,"facType":"fire"}},{"type":"Feature","geometry":{"type":"Point","coordinates":[-87.79963,41.97446]},"properties":{"probability":0.606,"inBuffer":false,"facType":"substation"}},{"type":"Feature","geometry":{"type":"Point","coordinates":[-87.79359,41.9745]},"properties":{"probability":0.629,"inBuffer":false,"facType":"substation"}},{"type":"Feature","geometry":{"type":"Point","coordinates":[-87.78756,41.97454]},"properties":{"probability":0.658,"inBuffer":false,"facType":"substation"}},{"type":"Feature","geometry":{"type":"Point","coordinates":[-87.78152,41.97459]},"properties":{"probability":0.674,"inBuffer":false,"facType":"substation"}},{"type":"Feature","geometry":{"type":"Point","coordinates":[-87.77549,41.97463]},"properties":{"probability":0.71,"inBuffer":false,"facType":"police"}},{"type":"Feature","geometry":{"type":"Point","coordinates":[-87.76945,41.97467]},"properties":{"probability":0.767,"inBuffer":true,"facType":"police"}},{"type":"Feature","geometry":{"type":"Point","coordinates":[-87.76342,41.97471]},"properties":{"probability":0.753,"inBuffer":true,"facType":"police"}},{"type":"Feature","geometry":{"type":"Point","coordinates":[-87.75739,41.97475]},"properties":{"probability":0.683,"inBuffer":true,"facType":"government"}},{"type":"Feature","geometry":{"type":"Point","coordinates":[-87.75135,41.97479]},"properties":{"probability":0.69,"inBuffer":false,"facType":"government"}},{"type":"Feature","geometry":{"type":"Point","coordinates":[-87.74532,41.97483]},"properties":{"probability":0.685,"inBuffer":false,"facType":"government"}},{"type":"Feature","geometry":{"type":"Point","coordinates":[-87.73928,41.97486]},"properties":{"probability":0.651,"inBuffer":false,"facType":"government"}},{"type":"Feature","geometry":{"type":"Point","coordinates":[-87.73325,41.97491]},"properties":{"probability":0.633,"inBuffer":false,"facType":"police"}},{"type":"Feature","geometry":{"type":"Point","coordinates":[-87.72722,41.97495]},"properties":{"probability":0.594,"inBuffer":false,"facType":"police"}},{"type":"Feature","geometry":{"type":"Point","coordinates":[-87.72118,41.97498]},"properties":{"probability":0.613,"inBuffer":false,"facType":"police"}},{"type":"Feature","geometry":{"type":"Point","coordinates":[-87.71515,41.97502]},"properties":{"probability":0.666,"inBuffer":false,"facType":"substation"}},{"type":"Feature","geometry":{"type":"Point","coordinates":[-87.70911,41.97506]},"properties":{"probability":0.685,"inBuffer":false,"facType":"water_works"}},{"type":"Feature","geometry":{"type":"Point","coordinates":[-87.70308,41.97509]},"properties":{"probability":0.639,"inBuffer":false,"facType":"water_works"}},{"type":"Feature","geometry":{"type":"Point","coordinates":[-87.69704,41.97513]},"properties":{"probability":0.677,"inBuffer":true,"facType":"police"}},{"type":"Feature","geometry":{"type":"Point","coordinates":[-87.69101,41.97517]},"properties":{"probability":0.694,"inBuffer":true,"facType":"fire"}},{"type":"Feature","geometry":{"type":"Point","coordinates":[-87.68497,41.9752]},"properties":{"probability":0.621,"inBuffer":true,"facType":"fire"}},{"type":"Feature","geometry":{"type":"Point","coordinates":[-87.67894,41.97524]},"properties":{"probability":0.662,"inBuffer":true,"facType":"fire"}},{"type":"Feature","geometry":{"type":"Point","coordinates":[-87.6729,41.97527]},"properties":{"probability":0.687,"inBuffer":false,"facType":"government"}},{"type":"Feature","geometry":{"type":"Point","coordinates":[-87.66687,41.97531]},"properties":{"probability":0.689,"inBuffer":false,"facType":"fire"}},{"type":"Feature","geometry":{"type":"Point","coordinates":[-87.66084,41.97535]},"properties":{"probability":0.686,"inBuffer":false,"facType":"government"}},{"type":"Feature","geometry":{"type":"Point","coordinates":[-87.6548,41.97538]},"properties":{"probability":0.681,"inBuffer":false,"facType":"government"}},{"type":"Feature","geometry":{"type":"Point","coordinates":[-87.64877,41.97541]},"properties":{"probability":0.578,"inBuffer":false,"facType":"water_works"}},{"type":"Feature","geometry":{"type":"Point","coordinates":[-87.64273,41.97545]},"properties":{"probability":0.311,"inBuffer":false,"facType":"water_works"}},{"type":"Feature","geometry":{"type":"Point","coordinates":[-87.6367,41.97548]},"properties":{"probability":0.166,"inBuffer":false,"facType":"water_works"}},{"type":"Feature","geometry":{"type":"Point","coordinates":[-87.63066,41.97551]},"properties":{"probability":0.151,"inBuffer":false,"facType":"water_works"}},{"type":"Feature","geometry":{"type":"Point","coordinates":[-87.8056,41.96992]},"properties":{"probability":0.641,"inBuffer":false,"facType":"government"}},{"type":"Feature","geometry":{"type":"Point","coordinates":[-87.79957,41.96996]},"properties":{"probability":0.595,"inBuffer":false,"facType":"government"}},{"type":"Feature","geometry":{"type":"Point","coordinates":[-87.79354,41.97]},"properties":{"probability":0.597,"inBuffer":false,"facType":"government"}},{"type":"Feature","geometry":{"type":"Point","coordinates":[-87.78751,41.97004]},"properties":{"probability":0.602,"inBuffer":false,"facType":"substation"}},{"type":"Feature","geometry":{"type":"Point","coordinates":[-87.78147,41.97009]},"properties":{"probability":0.665,"inBuffer":false,"facType":"substation"}},{"type":"Feature","geometry":{"type":"Point","coordinates":[-87.77544,41.97012]},"properties":{"probability":0.681,"inBuffer":false,"facType":"substation"}},{"type":"Feature","geometry":{"type":"Point","coordinates":[-87.7694,41.97017]},"properties":{"probability":0.703,"inBuffer":true,"facType":"substation"}},{"type":"Feature","geometry":{"type":"Point","coordinates":[-87.76337,41.97021]},"properties":{"probability":0.746,"inBuffer":true,"facType":"government"}},{"type":"Feature","geometry":{"type":"Point","coordinates":[-87.75733,41.97025]},"properties":{"probability":0.707,"inBuffer":true,"facType":"government"}},{"type":"Feature","geometry":{"type":"Point","coordinates":[-87.7513,41.97028]},"properties":{"probability":0.699,"inBuffer":false,"facType":"water_works"}},{"type":"Feature","geometry":{"type":"Point","coordinates":[-87.74526,41.97033]},"properties":{"probability":0.699,"inBuffer":false,"facType":"government"}},{"type":"Feature","geometry":{"type":"Point","coordinates":[-87.73923,41.97036]},"properties":{"probability":0.681,"inBuffer":false,"facType":"government"}},{"type":"Feature","geometry":{"type":"Point","coordinates":[-87.7332,41.9704]},"properties":{"probability":0.681,"inBuffer":true,"facType":"police"}},{"type":"Feature","geometry":{"type":"Point","coordinates":[-87.72717,41.97044]},"properties":{"probability":0.666,"inBuffer":true,"facType":"police"}},{"type":"Feature","geometry":{"type":"Point","coordinates":[-87.72113,41.97048]},"properties":{"probability":0.663,"inBuffer":false,"facType":"police"}},{"type":"Feature","geometry":{"type":"Point","coordinates":[-87.7151,41.97052]},"properties":{"probability":0.673,"inBuffer":false,"facType":"substation"}},{"type":"Feature","geometry":{"type":"Point","coordinates":[-87.70906,41.97055]},"properties":{"probability":0.683,"inBuffer":false,"facType":"substation"}},{"type":"Feature","geometry":{"type":"Point","coordinates":[-87.70303,41.97059]},"properties":{"probability":0.661,"inBuffer":false,"facType":"water_works"}},{"type":"Feature","geometry":{"type":"Point","coordinates":[-87.69699,41.97063]},"properties":{"probability":0.673,"inBuffer":false,"facType":"water_works"}},{"type":"Feature","geometry":{"type":"Point","coordinates":[-87.69096,41.97066]},"properties":{"probability":0.739,"inBuffer":true,"facType":"government"}},{"type":"Feature","geometry":{"type":"Point","coordinates":[-87.68492,41.9707]},"properties":{"probability":0.719,"inBuffer":true,"facType":"government"}},{"type":"Feature","geometry":{"type":"Point","coordinates":[-87.67889,41.97074]},"properties":{"probability":0.696,"inBuffer":false,"facType":"government"}},{"type":"Feature","geometry":{"type":"Point","coordinates":[-87.67286,41.97077]},"properties":{"probability":0.704,"inBuffer":false,"facType":"government"}},{"type":"Feature","geometry":{"type":"Point","coordinates":[-87.66682,41.97081]},"properties":{"probability":0.704,"inBuffer":false,"facType":"fire"}},{"type":"Feature","geometry":{"type":"Point","coordinates":[-87.66079,41.97084]},"properties":{"probability":0.694,"inBuffer":true,"facType":"fire"}},{"type":"Feature","geometry":{"type":"Point","coordinates":[-87.65475,41.97087]},"properties":{"probability":0.706,"inBuffer":true,"facType":"government"}},{"type":"Feature","geometry":{"type":"Point","coordinates":[-87.64872,41.97091]},"properties":{"probability":0.565,"inBuffer":false,"facType":"water_works"}},{"type":"Feature","geometry":{"type":"Point","coordinates":[-87.64268,41.97094]},"properties":{"probability":0.384,"inBuffer":false,"facType":"water_works"}},{"type":"Feature","geometry":{"type":"Point","coordinates":[-87.63665,41.97098]},"properties":{"probability":0.143,"inBuffer":false,"facType":"water_works"}},{"type":"Feature","geometry":{"type":"Point","coordinates":[-87.63062,41.97101]},"properties":{"probability":0.14,"inBuffer":false,"facType":"water_works"}},{"type":"Feature","geometry":{"type":"Point","coordinates":[-87.80555,41.96542]},"properties":{"probability":0.659,"inBuffer":false,"facType":"government"}},{"type":"Feature","geometry":{"type":"Point","coordinates":[-87.79951,41.96546]},"properties":{"probability":0.526,"inBuffer":false,"facType":"government"}},{"type":"Feature","geometry":{"type":"Point","coordinates":[-87.79348,41.9655]},"properties":{"probability":0.572,"inBuffer":false,"facType":"government"}},{"type":"Feature","geometry":{"type":"Point","coordinates":[-87.78745,41.96554]},"properties":{"probability":0.658,"inBuffer":false,"facType":"government"}},{"type":"Feature","geometry":{"type":"Point","coordinates":[-87.78142,41.96558]},"properties":{"probability":0.695,"inBuffer":false,"facType":"government"}},{"type":"Feature","geometry":{"type":"Point","coordinates":[-87.77538,41.96562]},"properties":{"probability":0.693,"inBuffer":false,"facType":"government"}},{"type":"Feature","geometry":{"type":"Point","coordinates":[-87.76935,41.96566]},"properties":{"probability":0.691,"inBuffer":false,"facType":"government"}},{"type":"Feature","geometry":{"type":"Point","coordinates":[-87.76331,41.9657]},"properties":{"probability":0.682,"inBuffer":true,"facType":"government"}},{"type":"Feature","geometry":{"type":"Point","coordinates":[-87.75728,41.96574]},"properties":{"probability":0.705,"inBuffer":true,"facType":"fire"}},{"type":"Feature","geometry":{"type":"Point","coordinates":[-87.75124,41.96578]},"properties":{"probability":0.749,"inBuffer":true,"facType":"water_works"}},{"type":"Feature","geometry":{"type":"Point","coordinates":[-87.74522,41.96582]},"properties":{"probability":0.745,"inBuffer":false,"facType":"government"}},{"type":"Feature","geometry":{"type":"Point","coordinates":[-87.73918,41.96586]},"properties":{"probability":0.693,"inBuffer":false,"facType":"government"}},{"type":"Feature","geometry":{"type":"Point","coordinates":[-87.73315,41.9659]},"properties":{"probability":0.694,"inBuffer":true,"facType":"police"}},{"type":"Feature","geometry":{"type":"Point","coordinates":[-87.72711,41.96594]},"properties":{"probability":0.693,"inBuffer":true,"facType":"police"}},{"type":"Feature","geometry":{"type":"Point","coordinates":[-87.72108,41.96598]},"properties":{"probability":0.66,"inBuffer":true,"facType":"police"}},{"type":"Feature","geometry":{"type":"Point","coordinates":[-87.71504,41.96601]},"properties":{"probability":0.692,"inBuffer":true,"facType":"substation"}},{"type":"Feature","geometry":{"type":"Point","coordinates":[-87.70901,41.96605]},"properties":{"probability":0.693,"inBuffer":true,"facType":"substation"}},{"type":"Feature","geometry":{"type":"Point","coordinates":[-87.70298,41.96609]},"properties":{"probability":0.661,"inBuffer":true,"facType":"water_works"}},{"type":"Feature","geometry":{"type":"Point","coordinates":[-87.69695,41.96613]},"properties":{"probability":0.664,"inBuffer":false,"facType":"water_works"}},{"type":"Feature","geometry":{"type":"Point","coordinates":[-87.69091,41.96616]},"properties":{"probability":0.75,"inBuffer":false,"facType":"substation"}},{"type":"Feature","geometry":{"type":"Point","coordinates":[-87.68488,41.9662]},"properties":{"probability":0.74,"inBuffer":false,"facType":"water_works"}},{"type":"Feature","geometry":{"type":"Point","coordinates":[-87.67884,41.96623]},"properties":{"probability":0.67,"inBuffer":false,"facType":"government"}},{"type":"Feature","geometry":{"type":"Point","coordinates":[-87.67281,41.96627]},"properties":{"probability":0.671,"inBuffer":false,"facType":"government"}},{"type":"Feature","geometry":{"type":"Point","coordinates":[-87.66678,41.9663]},"properties":{"probability":0.695,"inBuffer":true,"facType":"fire"}},{"type":"Feature","geometry":{"type":"Point","coordinates":[-87.66074,41.96634]},"properties":{"probability":0.801,"inBuffer":true,"facType":"fire"}},{"type":"Feature","geometry":{"type":"Point","coordinates":[-87.65471,41.96637]},"properties":{"probability":0.804,"inBuffer":true,"facType":"government"}},{"type":"Feature","geometry":{"type":"Point","coordinates":[-87.64867,41.96641]},"properties":{"probability":0.687,"inBuffer":false,"facType":"water_works"}},{"type":"Feature","geometry":{"type":"Point","coordinates":[-87.64264,41.96644]},"properties":{"probability":0.618,"inBuffer":false,"facType":"water_works"}},{"type":"Feature","geometry":{"type":"Point","coordinates":[-87.6366,41.96648]},"properties":{"probability":0.526,"inBuffer":false,"facType":"water_works"}},{"type":"Feature","geometry":{"type":"Point","coordinates":[-87.63057,41.96651]},"properties":{"probability":0.263,"inBuffer":false,"facType":"water_works"}},{"type":"Feature","geometry":{"type":"Point","coordinates":[-87.62454,41.96654]},"properties":{"probability":0.141,"inBuffer":false,"facType":"water_works"}},{"type":"Feature","geometry":{"type":"Point","coordinates":[-87.80549,41.96091]},"properties":{"probability":0.669,"inBuffer":false,"facType":"government"}},{"type":"Feature","geometry":{"type":"Point","coordinates":[-87.79946,41.96095]},"properties":{"probability":0.614,"inBuffer":false,"facType":"government"}},{"type":"Feature","geometry":{"type":"Point","coordinates":[-87.79343,41.96099]},"properties":{"probability":0.624,"inBuffer":false,"facType":"government"}},{"type":"Feature","geometry":{"type":"Point","coordinates":[-87.78739,41.96104]},"properties":{"probability":0.665,"inBuffer":false,"facType":"government"}},{"type":"Feature","geometry":{"type":"Point","coordinates":[-87.78136,41.96108]},"properties":{"probability":0.689,"inBuffer":false,"facType":"government"}},{"type":"Feature","geometry":{"type":"Point","coordinates":[-87.77533,41.96112]},"properties":{"probability":0.675,"inBuffer":false,"facType":"government"}},{"type":"Feature","geometry":{"type":"Point","coordinates":[-87.76929,41.96116]},"properties":{"probability":0.683,"inBuffer":false,"facType":"government"}},{"type":"Feature","geometry":{"type":"Point","coordinates":[-87.76326,41.9612]},"properties":{"probability":0.686,"inBuffer":true,"facType":"fire"}},{"type":"Feature","geometry":{"type":"Point","coordinates":[-87.75723,41.96124]},"properties":{"probability":0.7,"inBuffer":true,"facType":"fire"}},{"type":"Feature","geometry":{"type":"Point","coordinates":[-87.7512,41.96128]},"properties":{"probability":0.766,"inBuffer":true,"facType":"water_works"}},{"type":"Feature","geometry":{"type":"Point","coordinates":[-87.74516,41.96132]},"properties":{"probability":0.801,"inBuffer":false,"facType":"water_works"}},{"type":"Feature","geometry":{"type":"Point","coordinates":[-87.73913,41.96136]},"properties":{"probability":0.729,"inBuffer":false,"facType":"government"}},{"type":"Feature","geometry":{"type":"Point","coordinates":[-87.73309,41.9614]},"properties":{"probability":0.702,"inBuffer":true,"facType":"government"}},{"type":"Feature","geometry":{"type":"Point","coordinates":[-87.72706,41.96143]},"properties":{"probability":0.681,"inBuffer":true,"facType":"government"}},{"type":"Feature","geometry":{"type":"Point","coordinates":[-87.72103,41.96147]},"properties":{"probability":0.672,"inBuffer":false,"facType":"government"}},{"type":"Feature","geometry":{"type":"Point","coordinates":[-87.715,41.96151]},"properties":{"probability":0.673,"inBuffer":true,"facType":"fire"}},{"type":"Feature","geometry":{"type":"Point","coordinates":[-87.70896,41.96155]},"properties":{"probability":0.691,"inBuffer":true,"facType":"fire"}},{"type":"Feature","geometry":{"type":"Point","coordinates":[-87.70293,41.96159]},"properties":{"probability":0.651,"inBuffer":true,"facType":"fire"}},{"type":"Feature","geometry":{"type":"Point","coordinates":[-87.69689,41.96162]},"properties":{"probability":0.614,"inBuffer":false,"facType":"water_works"}},{"type":"Feature","geometry":{"type":"Point","coordinates":[-87.69086,41.96166]},"properties":{"probability":0.677,"inBuffer":false,"facType":"substation"}},{"type":"Feature","geometry":{"type":"Point","coordinates":[-87.68483,41.96169]},"properties":{"probability":0.707,"inBuffer":false,"facType":"government"}},{"type":"Feature","geometry":{"type":"Point","coordinates":[-87.67879,41.96173]},"properties":{"probability":0.679,"inBuffer":false,"facType":"government"}},{"type":"Feature","geometry":{"type":"Point","coordinates":[-87.67276,41.96177]},"properties":{"probability":0.681,"inBuffer":false,"facType":"government"}},{"type":"Feature","geometry":{"type":"Point","coordinates":[-87.66673,41.9618]},"properties":{"probability":0.66,"inBuffer":true,"facType":"fire"}},{"type":"Feature","geometry":{"type":"Point","coordinates":[-87.6607,41.96184]},"properties":{"probability":0.653,"inBuffer":true,"facType":"government"}},{"type":"Feature","geometry":{"type":"Point","coordinates":[-87.65466,41.96187]},"properties":{"probability":0.69,"inBuffer":true,"facType":"substation"}},{"type":"Feature","geometry":{"type":"Point","coordinates":[-87.64863,41.96191]},"properties":{"probability":0.659,"inBuffer":false,"facType":"water_works"}},{"type":"Feature","geometry":{"type":"Point","coordinates":[-87.64259,41.96194]},"properties":{"probability":0.613,"inBuffer":false,"facType":"water_works"}},{"type":"Feature","geometry":{"type":"Point","coordinates":[-87.63656,41.96197]},"properties":{"probability":0.39,"inBuffer":false,"facType":"water_works"}},{"type":"Feature","geometry":{"type":"Point","coordinates":[-87.63053,41.96201]},"properties":{"probability":0.178,"inBuffer":false,"facType":"water_works"}},{"type":"Feature","geometry":{"type":"Point","coordinates":[-87.6245,41.96204]},"properties":{"probability":0.14,"inBuffer":false,"facType":"water_works"}},{"type":"Feature","geometry":{"type":"Point","coordinates":[-87.80544,41.95641]},"properties":{"probability":0.771,"inBuffer":false,"facType":"government"}},{"type":"Feature","geometry":{"type":"Point","coordinates":[-87.7994,41.95645]},"properties":{"probability":0.663,"inBuffer":false,"facType":"government"}},{"type":"Feature","geometry":{"type":"Point","coordinates":[-87.79337,41.95649]},"properties":{"probability":0.663,"inBuffer":false,"facType":"government"}},{"type":"Feature","geometry":{"type":"Point","coordinates":[-87.78734,41.95654]},"properties":{"probability":0.679,"inBuffer":false,"facType":"government"}},{"type":"Feature","geometry":{"type":"Point","coordinates":[-87.7813,41.95657]},"properties":{"probability":0.686,"inBuffer":false,"facType":"government"}},{"type":"Feature","geometry":{"type":"Point","coordinates":[-87.77527,41.95662]},"properties":{"probability":0.685,"inBuffer":false,"facType":"fire"}},{"type":"Feature","geometry":{"type":"Point","coordinates":[-87.76924,41.95666]},"properties":{"probability":0.693,"inBuffer":false,"facType":"fire"}},{"type":"Feature","geometry":{"type":"Point","coordinates":[-87.76321,41.9567]},"properties":{"probability":0.712,"inBuffer":false,"facType":"fire"}},{"type":"Feature","geometry":{"type":"Point","coordinates":[-87.75717,41.95674]},"properties":{"probability":0.797,"inBuffer":false,"facType":"fire"}},{"type":"Feature","geometry":{"type":"Point","coordinates":[-87.75114,41.95678]},"properties":{"probability":0.798,"inBuffer":false,"facType":"substation"}},{"type":"Feature","geometry":{"type":"Point","coordinates":[-87.74511,41.95682]},"properties":{"probability":0.779,"inBuffer":false,"facType":"substation"}},{"type":"Feature","geometry":{"type":"Point","coordinates":[-87.73907,41.95686]},"properties":{"probability":0.729,"inBuffer":true,"facType":"fire"}},{"type":"Feature","geometry":{"type":"Point","coordinates":[-87.73304,41.95689]},"properties":{"probability":0.739,"inBuffer":true,"facType":"fire"}},{"type":"Feature","geometry":{"type":"Point","coordinates":[-87.72701,41.95693]},"properties":{"probability":0.702,"inBuffer":true,"facType":"substation"}},{"type":"Feature","geometry":{"type":"Point","coordinates":[-87.72098,41.95697]},"properties":{"probability":0.694,"inBuffer":false,"facType":"government"}},{"type":"Feature","geometry":{"type":"Point","coordinates":[-87.71494,41.95701]},"properties":{"probability":0.695,"inBuffer":false,"facType":"fire"}},{"type":"Feature","geometry":{"type":"Point","coordinates":[-87.70891,41.95705]},"properties":{"probability":0.673,"inBuffer":true,"facType":"fire"}},{"type":"Feature","geometry":{"type":"Point","coordinates":[-87.70288,41.95708]},"properties":{"probability":0.694,"inBuffer":true,"facType":"government"}},{"type":"Feature","geometry":{"type":"Point","coordinates":[-87.69685,41.95712]},"properties":{"probability":0.664,"inBuffer":false,"facType":"government"}},{"type":"Feature","geometry":{"type":"Point","coordinates":[-87.69081,41.95716]},"properties":{"probability":0.668,"inBuffer":false,"facType":"government"}},{"type":"Feature","geometry":{"type":"Point","coordinates":[-87.68478,41.95719]},"properties":{"probability":0.722,"inBuffer":false,"facType":"government"}},{"type":"Feature","geometry":{"type":"Point","coordinates":[-87.67875,41.95723]},"properties":{"probability":0.734,"inBuffer":true,"facType":"government"}},{"type":"Feature","geometry":{"type":"Point","coordinates":[-87.67271,41.95726]},"properties":{"probability":0.663,"inBuffer":false,"facType":"government"}},{"type":"Feature","geometry":{"type":"Point","coordinates":[-87.66668,41.9573]},"properties":{"probability":0.657,"inBuffer":false,"facType":"substation"}},{"type":"Feature","geometry":{"type":"Point","coordinates":[-87.66065,41.95733]},"properties":{"probability":0.63,"inBuffer":false,"facType":"substation"}},{"type":"Feature","geometry":{"type":"Point","coordinates":[-87.65462,41.95737]},"properties":{"probability":0.662,"inBuffer":false,"facType":"substation"}},{"type":"Feature","geometry":{"type":"Point","coordinates":[-87.64858,41.9574]},"properties":{"probability":0.647,"inBuffer":false,"facType":"water_works"}},{"type":"Feature","geometry":{"type":"Point","coordinates":[-87.64255,41.95744]},"properties":{"probability":0.58,"inBuffer":false,"facType":"water_works"}},{"type":"Feature","geometry":{"type":"Point","coordinates":[-87.63652,41.95747]},"properties":{"probability":0.248,"inBuffer":false,"facType":"water_works"}},{"type":"Feature","geometry":{"type":"Point","coordinates":[-87.63049,41.9575]},"properties":{"probability":0.159,"inBuffer":false,"facType":"water_works"}},{"type":"Feature","geometry":{"type":"Point","coordinates":[-87.80538,41.9519]},"properties":{"probability":0.74,"inBuffer":false,"facType":"government"}},{"type":"Feature","geometry":{"type":"Point","coordinates":[-87.79935,41.95195]},"properties":{"probability":0.659,"inBuffer":false,"facType":"government"}},{"type":"Feature","geometry":{"type":"Point","coordinates":[-87.79331,41.95199]},"properties":{"probability":0.662,"inBuffer":false,"facType":"government"}},{"type":"Feature","geometry":{"type":"Point","coordinates":[-87.78728,41.95203]},"properties":{"probability":0.67,"inBuffer":false,"facType":"government"}},{"type":"Feature","geometry":{"type":"Point","coordinates":[-87.78125,41.95207]},"properties":{"probability":0.678,"inBuffer":false,"facType":"fire"}},{"type":"Feature","geometry":{"type":"Point","coordinates":[-87.77522,41.95211]},"properties":{"probability":0.692,"inBuffer":true,"facType":"fire"}},{"type":"Feature","geometry":{"type":"Point","coordinates":[-87.76919,41.95215]},"properties":{"probability":0.687,"inBuffer":true,"facType":"fire"}},{"type":"Feature","geometry":{"type":"Point","coordinates":[-87.76315,41.95219]},"properties":{"probability":0.703,"inBuffer":false,"facType":"fire"}},{"type":"Feature","geometry":{"type":"Point","coordinates":[-87.75712,41.95223]},"properties":{"probability":0.799,"inBuffer":false,"facType":"substation"}},{"type":"Feature","geometry":{"type":"Point","coordinates":[-87.75109,41.95227]},"properties":{"probability":0.8,"inBuffer":false,"facType":"substation"}},{"type":"Feature","geometry":{"type":"Point","coordinates":[-87.74506,41.95231]},"properties":{"probability":0.735,"inBuffer":false,"facType":"substation"}},{"type":"Feature","geometry":{"type":"Point","coordinates":[-87.73902,41.95235]},"properties":{"probability":0.697,"inBuffer":true,"facType":"fire"}},{"type":"Feature","geometry":{"type":"Point","coordinates":[-87.73299,41.95239]},"properties":{"probability":0.746,"inBuffer":true,"facType":"fire"}},{"type":"Feature","geometry":{"type":"Point","coordinates":[-87.72696,41.95243]},"properties":{"probability":0.752,"inBuffer":true,"facType":"substation"}},{"type":"Feature","geometry":{"type":"Point","coordinates":[-87.72092,41.95247]},"properties":{"probability":0.709,"inBuffer":false,"facType":"substation"}},{"type":"Feature","geometry":{"type":"Point","coordinates":[-87.7149,41.9525]},"properties":{"probability":0.697,"inBuffer":false,"facType":"government"}},{"type":"Feature","geometry":{"type":"Point","coordinates":[-87.70886,41.95254]},"properties":{"probability":0.706,"inBuffer":false,"facType":"government"}},{"type":"Feature","geometry":{"type":"Point","coordinates":[-87.70283,41.95258]},"properties":{"probability":0.693,"inBuffer":false,"facType":"government"}},{"type":"Feature","geometry":{"type":"Point","coordinates":[-87.6968,41.95262]},"properties":{"probability":0.677,"inBuffer":false,"facType":"government"}},{"type":"Feature","geometry":{"type":"Point","coordinates":[-87.69077,41.95265]},"properties":{"probability":0.708,"inBuffer":false,"facType":"substation"}},{"type":"Feature","geometry":{"type":"Point","coordinates":[-87.68473,41.95269]},"properties":{"probability":0.695,"inBuffer":true,"facType":"government"}},{"type":"Feature","geometry":{"type":"Point","coordinates":[-87.6787,41.95272]},"properties":{"probability":0.724,"inBuffer":true,"facType":"fire"}},{"type":"Feature","geometry":{"type":"Point","coordinates":[-87.67267,41.95276]},"properties":{"probability":0.687,"inBuffer":true,"facType":"substation"}},{"type":"Feature","geometry":{"type":"Point","coordinates":[-87.66663,41.95279]},"properties":{"probability":0.692,"inBuffer":false,"facType":"substation"}},{"type":"Feature","geometry":{"type":"Point","coordinates":[-87.6606,41.95283]},"properties":{"probability":0.692,"inBuffer":true,"facType":"fire"}},{"type":"Feature","geometry":{"type":"Point","coordinates":[-87.65457,41.95287]},"properties":{"probability":0.705,"inBuffer":true,"facType":"substation"}},{"type":"Feature","geometry":{"type":"Point","coordinates":[-87.64854,41.9529]},"properties":{"probability":0.681,"inBuffer":true,"facType":"substation"}},{"type":"Feature","geometry":{"type":"Point","coordinates":[-87.6425,41.95293]},"properties":{"probability":0.566,"inBuffer":false,"facType":"police"}},{"type":"Feature","geometry":{"type":"Point","coordinates":[-87.63647,41.95296]},"properties":{"probability":0.201,"inBuffer":false,"facType":"police"}},{"type":"Feature","geometry":{"type":"Point","coordinates":[-87.63044,41.953]},"properties":{"probability":0.167,"inBuffer":false,"facType":"police"}},{"type":"Feature","geometry":{"type":"Point","coordinates":[-87.6244,41.95303]},"properties":{"probability":0.146,"inBuffer":false,"facType":"police"}},{"type":"Feature","geometry":{"type":"Point","coordinates":[-87.80532,41.9474]},"properties":{"probability":0.67,"inBuffer":false,"facType":"government"}},{"type":"Feature","geometry":{"type":"Point","coordinates":[-87.79929,41.94744]},"properties":{"probability":0.66,"inBuffer":false,"facType":"government"}},{"type":"Feature","geometry":{"type":"Point","coordinates":[-87.79326,41.94749]},"properties":{"probability":0.603,"inBuffer":false,"facType":"substation"}},{"type":"Feature","geometry":{"type":"Point","coordinates":[-87.78722,41.94753]},"properties":{"probability":0.665,"inBuffer":false,"facType":"substation"}},{"type":"Feature","geometry":{"type":"Point","coordinates":[-87.7812,41.94757]},"properties":{"probability":0.684,"inBuffer":false,"facType":"fire"}},{"type":"Feature","geometry":{"type":"Point","coordinates":[-87.77516,41.94761]},"properties":{"probability":0.686,"inBuffer":true,"facType":"fire"}},{"type":"Feature","geometry":{"type":"Point","coordinates":[-87.76913,41.94765]},"properties":{"probability":0.683,"inBuffer":true,"facType":"fire"}},{"type":"Feature","geometry":{"type":"Point","coordinates":[-87.7631,41.94769]},"properties":{"probability":0.692,"inBuffer":true,"facType":"fire"}},{"type":"Feature","geometry":{"type":"Point","coordinates":[-87.75706,41.94773]},"properties":{"probability":0.732,"inBuffer":false,"facType":"fire"}},{"type":"Feature","geometry":{"type":"Point","coordinates":[-87.75104,41.94777]},"properties":{"probability":0.708,"inBuffer":false,"facType":"substation"}},{"type":"Feature","geometry":{"type":"Point","coordinates":[-87.745,41.94781]},"properties":{"probability":0.683,"inBuffer":false,"facType":"substation"}},{"type":"Feature","geometry":{"type":"Point","coordinates":[-87.73897,41.94785]},"properties":{"probability":0.688,"inBuffer":false,"facType":"substation"}},{"type":"Feature","geometry":{"type":"Point","coordinates":[-87.73294,41.94789]},"properties":{"probability":0.687,"inBuffer":true,"facType":"substation"}},{"type":"Feature","geometry":{"type":"Point","coordinates":[-87.72691,41.94793]},"properties":{"probability":0.696,"inBuffer":false,"facType":"substation"}},{"type":"Feature","geometry":{"type":"Point","coordinates":[-87.72088,41.94796]},"properties":{"probability":0.713,"inBuffer":false,"facType":"substation"}},{"type":"Feature","geometry":{"type":"Point","coordinates":[-87.71484,41.948]},"properties":{"probability":0.754,"inBuffer":false,"facType":"fire"}},{"type":"Feature","geometry":{"type":"Point","coordinates":[-87.70881,41.94804]},"properties":{"probability":0.744,"inBuffer":true,"facType":"fire"}},{"type":"Feature","geometry":{"type":"Point","coordinates":[-87.70278,41.94807]},"properties":{"probability":0.716,"inBuffer":true,"facType":"power"}},{"type":"Feature","geometry":{"type":"Point","coordinates":[-87.69675,41.94811]},"properties":{"probability":0.709,"inBuffer":true,"facType":"substation"}},{"type":"Feature","geometry":{"type":"Point","coordinates":[-87.69071,41.94815]},"properties":{"probability":0.696,"inBuffer":false,"facType":"substation"}},{"type":"Feature","geometry":{"type":"Point","coordinates":[-87.68468,41.94818]},"properties":{"probability":0.662,"inBuffer":true,"facType":"fire"}},{"type":"Feature","geometry":{"type":"Point","coordinates":[-87.67865,41.94822]},"properties":{"probability":0.663,"inBuffer":true,"facType":"fire"}},{"type":"Feature","geometry":{"type":"Point","coordinates":[-87.67262,41.94826]},"properties":{"probability":0.693,"inBuffer":true,"facType":"substation"}},{"type":"Feature","geometry":{"type":"Point","coordinates":[-87.66659,41.94829]},"properties":{"probability":0.687,"inBuffer":false,"facType":"substation"}},{"type":"Feature","geometry":{"type":"Point","coordinates":[-87.66055,41.94833]},"properties":{"probability":0.715,"inBuffer":true,"facType":"fire"}},{"type":"Feature","geometry":{"type":"Point","coordinates":[-87.65453,41.94836]},"properties":{"probability":0.783,"inBuffer":true,"facType":"substation"}},{"type":"Feature","geometry":{"type":"Point","coordinates":[-87.64849,41.94839]},"properties":{"probability":0.711,"inBuffer":true,"facType":"police"}},{"type":"Feature","geometry":{"type":"Point","coordinates":[-87.64246,41.94843]},"properties":{"probability":0.653,"inBuffer":true,"facType":"police"}},{"type":"Feature","geometry":{"type":"Point","coordinates":[-87.63643,41.94846]},"properties":{"probability":0.318,"inBuffer":false,"facType":"police"}},{"type":"Feature","geometry":{"type":"Point","coordinates":[-87.63039,41.9485]},"properties":{"probability":0.193,"inBuffer":false,"facType":"police"}},{"type":"Feature","geometry":{"type":"Point","coordinates":[-87.62436,41.94853]},"properties":{"probability":0.147,"inBuffer":false,"facType":"police"}},{"type":"Feature","geometry":{"type":"Point","coordinates":[-87.80527,41.9429]},"properties":{"probability":0.684,"inBuffer":false,"facType":"substation"}},{"type":"Feature","geometry":{"type":"Point","coordinates":[-87.79923,41.94294]},"properties":{"probability":0.66,"inBuffer":false,"facType":"substation"}},{"type":"Feature","geometry":{"type":"Point","coordinates":[-87.79321,41.94298]},"properties":{"probability":0.652,"inBuffer":false,"facType":"substation"}},{"type":"Feature","geometry":{"type":"Point","coordinates":[-87.78717,41.94302]},"properties":{"probability":0.667,"inBuffer":false,"facType":"substation"}},{"type":"Feature","geometry":{"type":"Point","coordinates":[-87.78114,41.94307]},"properties":{"probability":0.693,"inBuffer":false,"facType":"substation"}},{"type":"Feature","geometry":{"type":"Point","coordinates":[-87.77511,41.94311]},"properties":{"probability":0.67,"inBuffer":false,"facType":"fire"}},{"type":"Feature","geometry":{"type":"Point","coordinates":[-87.76907,41.94315]},"properties":{"probability":0.69,"inBuffer":false,"facType":"fire"}},{"type":"Feature","geometry":{"type":"Point","coordinates":[-87.76305,41.94319]},"properties":{"probability":0.684,"inBuffer":false,"facType":"fire"}},{"type":"Feature","geometry":{"type":"Point","coordinates":[-87.75701,41.94323]},"properties":{"probability":0.689,"inBuffer":false,"facType":"fire"}},{"type":"Feature","geometry":{"type":"Point","coordinates":[-87.75098,41.94327]},"properties":{"probability":0.687,"inBuffer":true,"facType":"fire"}},{"type":"Feature","geometry":{"type":"Point","coordinates":[-87.74495,41.94331]},"properties":{"probability":0.686,"inBuffer":true,"facType":"substation"}},{"type":"Feature","geometry":{"type":"Point","coordinates":[-87.73892,41.94334]},"properties":{"probability":0.694,"inBuffer":false,"facType":"substation"}},{"type":"Feature","geometry":{"type":"Point","coordinates":[-87.73289,41.94339]},"properties":{"probability":0.695,"inBuffer":false,"facType":"substation"}},{"type":"Feature","geometry":{"type":"Point","coordinates":[-87.72686,41.94342]},"properties":{"probability":0.677,"inBuffer":false,"facType":"fire"}},{"type":"Feature","geometry":{"type":"Point","coordinates":[-87.72083,41.94346]},"properties":{"probability":0.783,"inBuffer":false,"facType":"fire"}},{"type":"Feature","geometry":{"type":"Point","coordinates":[-87.71479,41.9435]},"properties":{"probability":0.799,"inBuffer":false,"facType":"fire"}},{"type":"Feature","geometry":{"type":"Point","coordinates":[-87.70876,41.94353]},"properties":{"probability":0.801,"inBuffer":true,"facType":"fire"}},{"type":"Feature","geometry":{"type":"Point","coordinates":[-87.70273,41.94357]},"properties":{"probability":0.798,"inBuffer":true,"facType":"fire"}},{"type":"Feature","geometry":{"type":"Point","coordinates":[-87.6967,41.94361]},"properties":{"probability":0.724,"inBuffer":true,"facType":"substation"}},{"type":"Feature","geometry":{"type":"Point","coordinates":[-87.69067,41.94365]},"properties":{"probability":0.702,"inBuffer":true,"facType":"police"}},{"type":"Feature","geometry":{"type":"Point","coordinates":[-87.68464,41.94368]},"properties":{"probability":0.692,"inBuffer":true,"facType":"police"}},{"type":"Feature","geometry":{"type":"Point","coordinates":[-87.6786,41.94372]},"properties":{"probability":0.661,"inBuffer":false,"facType":"substation"}},{"type":"Feature","geometry":{"type":"Point","coordinates":[-87.67257,41.94375]},"properties":{"probability":0.675,"inBuffer":false,"facType":"substation"}},{"type":"Feature","geometry":{"type":"Point","coordinates":[-87.66654,41.94379]},"properties":{"probability":0.67,"inBuffer":false,"facType":"substation"}},{"type":"Feature","geometry":{"type":"Point","coordinates":[-87.66051,41.94382]},"properties":{"probability":0.695,"inBuffer":true,"facType":"substation"}},{"type":"Feature","geometry":{"type":"Point","coordinates":[-87.65448,41.94386]},"properties":{"probability":0.779,"inBuffer":true,"facType":"substation"}},{"type":"Feature","geometry":{"type":"Point","coordinates":[-87.64845,41.94389]},"properties":{"probability":0.739,"inBuffer":true,"facType":"substation"}},{"type":"Feature","geometry":{"type":"Point","coordinates":[-87.64241,41.94393]},"properties":{"probability":0.694,"inBuffer":false,"facType":"police"}},{"type":"Feature","geometry":{"type":"Point","coordinates":[-87.63638,41.94396]},"properties":{"probability":0.549,"inBuffer":false,"facType":"police"}},{"type":"Feature","geometry":{"type":"Point","coordinates":[-87.63035,41.94399]},"properties":{"probability":0.258,"inBuffer":false,"facType":"police"}},{"type":"Feature","geometry":{"type":"Point","coordinates":[-87.62432,41.94403]},"properties":{"probability":0.151,"inBuffer":false,"facType":"police"}},{"type":"Feature","geometry":{"type":"Point","coordinates":[-87.61829,41.94406]},"properties":{"probability":0.146,"inBuffer":false,"facType":"police"}},{"type":"Feature","geometry":{"type":"Point","coordinates":[-87.80521,41.9384]},"properties":{"probability":0.692,"inBuffer":false,"facType":"substation"}},{"type":"Feature","geometry":{"type":"Point","coordinates":[-87.79918,41.93844]},"properties":{"probability":0.663,"inBuffer":false,"facType":"substation"}},{"type":"Feature","geometry":{"type":"Point","coordinates":[-87.79314,41.93848]},"properties":{"probability":0.663,"inBuffer":false,"facType":"substation"}},{"type":"Feature","geometry":{"type":"Point","coordinates":[-87.78712,41.93852]},"properties":{"probability":0.675,"inBuffer":false,"facType":"substation"}},{"type":"Feature","geometry":{"type":"Point","coordinates":[-87.78108,41.93856]},"properties":{"probability":0.685,"inBuffer":false,"facType":"substation"}},{"type":"Feature","geometry":{"type":"Point","coordinates":[-87.77505,41.9386]},"properties":{"probability":0.675,"inBuffer":false,"facType":"substation"}},{"type":"Feature","geometry":{"type":"Point","coordinates":[-87.76902,41.93864]},"properties":{"probability":0.688,"inBuffer":false,"facType":"fire"}},{"type":"Feature","geometry":{"type":"Point","coordinates":[-87.76299,41.93869]},"properties":{"probability":0.68,"inBuffer":false,"facType":"fire"}},{"type":"Feature","geometry":{"type":"Point","coordinates":[-87.75696,41.93872]},"properties":{"probability":0.695,"inBuffer":true,"facType":"fire"}},{"type":"Feature","geometry":{"type":"Point","coordinates":[-87.75093,41.93876]},"properties":{"probability":0.681,"inBuffer":true,"facType":"fire"}},{"type":"Feature","geometry":{"type":"Point","coordinates":[-87.7449,41.9388]},"properties":{"probability":0.676,"inBuffer":true,"facType":"fire"}},{"type":"Feature","geometry":{"type":"Point","coordinates":[-87.73887,41.93884]},"properties":{"probability":0.683,"inBuffer":false,"facType":"government"}},{"type":"Feature","geometry":{"type":"Point","coordinates":[-87.73283,41.93888]},"properties":{"probability":0.688,"inBuffer":false,"facType":"fire"}},{"type":"Feature","geometry":{"type":"Point","coordinates":[-87.72681,41.93892]},"properties":{"probability":0.715,"inBuffer":true,"facType":"fire"}},{"type":"Feature","geometry":{"type":"Point","coordinates":[-87.72077,41.93896]},"properties":{"probability":0.714,"inBuffer":false,"facType":"fire"}},{"type":"Feature","geometry":{"type":"Point","coordinates":[-87.71474,41.939]},"properties":{"probability":0.788,"inBuffer":false,"facType":"government"}},{"type":"Feature","geometry":{"type":"Point","coordinates":[-87.70871,41.93903]},"properties":{"probability":0.802,"inBuffer":true,"facType":"fire"}},{"type":"Feature","geometry":{"type":"Point","coordinates":[-87.70268,41.93907]},"properties":{"probability":0.799,"inBuffer":true,"facType":"fire"}},{"type":"Feature","geometry":{"type":"Point","coordinates":[-87.69665,41.93911]},"properties":{"probability":0.741,"inBuffer":true,"facType":"government"}},{"type":"Feature","geometry":{"type":"Point","coordinates":[-87.69062,41.93914]},"properties":{"probability":0.698,"inBuffer":true,"facType":"police"}},{"type":"Feature","geometry":{"type":"Point","coordinates":[-87.68459,41.93918]},"properties":{"probability":0.671,"inBuffer":true,"facType":"fire"}},{"type":"Feature","geometry":{"type":"Point","coordinates":[-87.67856,41.93922]},"properties":{"probability":0.671,"inBuffer":true,"facType":"fire"}},{"type":"Feature","geometry":{"type":"Point","coordinates":[-87.67252,41.93925]},"properties":{"probability":0.696,"inBuffer":false,"facType":"fire"}},{"type":"Feature","geometry":{"type":"Point","coordinates":[-87.6665,41.93929]},"properties":{"probability":0.686,"inBuffer":false,"facType":"government"}},{"type":"Feature","geometry":{"type":"Point","coordinates":[-87.66046,41.93932]},"properties":{"probability":0.696,"inBuffer":false,"facType":"government"}},{"type":"Feature","geometry":{"type":"Point","coordinates":[-87.65443,41.93935]},"properties":{"probability":0.712,"inBuffer":false,"facType":"government"}},{"type":"Feature","geometry":{"type":"Point","coordinates":[-87.6484,41.93939]},"properties":{"probability":0.791,"inBuffer":false,"facType":"government"}},{"type":"Feature","geometry":{"type":"Point","coordinates":[-87.64237,41.93942]},"properties":{"probability":0.705,"inBuffer":false,"facType":"government"}},{"type":"Feature","geometry":{"type":"Point","coordinates":[-87.63634,41.93946]},"properties":{"probability":0.56,"inBuffer":false,"facType":"fire"}},{"type":"Feature","geometry":{"type":"Point","coordinates":[-87.6303,41.93949]},"properties":{"probability":0.359,"inBuffer":false,"facType":"fire"}},{"type":"Feature","geometry":{"type":"Point","coordinates":[-87.62428,41.93952]},"properties":{"probability":0.16,"inBuffer":false,"facType":"fire"}},{"type":"Feature","geometry":{"type":"Point","coordinates":[-87.61824,41.93956]},"properties":{"probability":0.151,"inBuffer":false,"facType":"fire"}},{"type":"Feature","geometry":{"type":"Point","coordinates":[-87.60618,41.93962]},"properties":{"probability":0.161,"inBuffer":false,"facType":"water_works"}},{"type":"Feature","geometry":{"type":"Point","coordinates":[-87.80515,41.9339]},"properties":{"probability":0.692,"inBuffer":false,"facType":"substation"}},{"type":"Feature","geometry":{"type":"Point","coordinates":[-87.79912,41.93394]},"properties":{"probability":0.675,"inBuffer":false,"facType":"substation"}},{"type":"Feature","geometry":{"type":"Point","coordinates":[-87.79309,41.93398]},"properties":{"probability":0.675,"inBuffer":false,"facType":"substation"}},{"type":"Feature","geometry":{"type":"Point","coordinates":[-87.78706,41.93402]},"properties":{"probability":0.669,"inBuffer":false,"facType":"substation"}},{"type":"Feature","geometry":{"type":"Point","coordinates":[-87.78103,41.93406]},"properties":{"probability":0.671,"inBuffer":false,"facType":"substation"}},{"type":"Feature","geometry":{"type":"Point","coordinates":[-87.775,41.9341]},"properties":{"probability":0.696,"inBuffer":false,"facType":"substation"}},{"type":"Feature","geometry":{"type":"Point","coordinates":[-87.76897,41.93414]},"properties":{"probability":0.698,"inBuffer":false,"facType":"substation"}},{"type":"Feature","geometry":{"type":"Point","coordinates":[-87.76294,41.93418]},"properties":{"probability":0.706,"inBuffer":false,"facType":"fire"}},{"type":"Feature","geometry":{"type":"Point","coordinates":[-87.7569,41.93422]},"properties":{"probability":0.676,"inBuffer":true,"facType":"fire"}},{"type":"Feature","geometry":{"type":"Point","coordinates":[-87.75088,41.93426]},"properties":{"probability":0.714,"inBuffer":true,"facType":"fire"}},{"type":"Feature","geometry":{"type":"Point","coordinates":[-87.74484,41.9343]},"properties":{"probability":0.717,"inBuffer":true,"facType":"government"}},{"type":"Feature","geometry":{"type":"Point","coordinates":[-87.73882,41.93434]},"properties":{"probability":0.687,"inBuffer":false,"facType":"government"}},{"type":"Feature","geometry":{"type":"Point","coordinates":[-87.73279,41.93438]},"properties":{"probability":0.679,"inBuffer":true,"facType":"fire"}},{"type":"Feature","geometry":{"type":"Point","coordinates":[-87.72675,41.93442]},"properties":{"probability":0.702,"inBuffer":true,"facType":"fire"}},{"type":"Feature","geometry":{"type":"Point","coordinates":[-87.72073,41.93446]},"properties":{"probability":0.693,"inBuffer":true,"facType":"fire"}},{"type":"Feature","geometry":{"type":"Point","coordinates":[-87.71469,41.93449]},"properties":{"probability":0.708,"inBuffer":false,"facType":"government"}},{"type":"Feature","geometry":{"type":"Point","coordinates":[-87.70866,41.93453]},"properties":{"probability":0.71,"inBuffer":false,"facType":"government"}},{"type":"Feature","geometry":{"type":"Point","coordinates":[-87.70263,41.93457]},"properties":{"probability":0.801,"inBuffer":false,"facType":"government"}},{"type":"Feature","geometry":{"type":"Point","coordinates":[-87.6966,41.9346]},"properties":{"probability":0.791,"inBuffer":false,"facType":"government"}},{"type":"Feature","geometry":{"type":"Point","coordinates":[-87.69057,41.93464]},"properties":{"probability":0.709,"inBuffer":true,"facType":"government"}},{"type":"Feature","geometry":{"type":"Point","coordinates":[-87.68454,41.93468]},"properties":{"probability":0.713,"inBuffer":true,"facType":"fire"}},{"type":"Feature","geometry":{"type":"Point","coordinates":[-87.6785,41.93471]},"properties":{"probability":0.692,"inBuffer":true,"facType":"substation"}},{"type":"Feature","geometry":{"type":"Point","coordinates":[-87.67248,41.93475]},"properties":{"probability":0.678,"inBuffer":false,"facType":"substation"}},{"type":"Feature","geometry":{"type":"Point","coordinates":[-87.66645,41.93478]},"properties":{"probability":0.683,"inBuffer":false,"facType":"substation"}},{"type":"Feature","geometry":{"type":"Point","coordinates":[-87.66042,41.93482]},"properties":{"probability":0.692,"inBuffer":false,"facType":"substation"}},{"type":"Feature","geometry":{"type":"Point","coordinates":[-87.65439,41.93485]},"properties":{"probability":0.693,"inBuffer":true,"facType":"substation"}},{"type":"Feature","geometry":{"type":"Point","coordinates":[-87.64835,41.93489]},"properties":{"probability":0.79,"inBuffer":true,"facType":"fire"}},{"type":"Feature","geometry":{"type":"Point","coordinates":[-87.64233,41.93492]},"properties":{"probability":0.728,"inBuffer":true,"facType":"fire"}},{"type":"Feature","geometry":{"type":"Point","coordinates":[-87.63629,41.93496]},"properties":{"probability":0.569,"inBuffer":false,"facType":"fire"}},{"type":"Feature","geometry":{"type":"Point","coordinates":[-87.63026,41.93499]},"properties":{"probability":0.424,"inBuffer":false,"facType":"fire"}},{"type":"Feature","geometry":{"type":"Point","coordinates":[-87.62423,41.93502]},"properties":{"probability":0.147,"inBuffer":false,"facType":"fire"}},{"type":"Feature","geometry":{"type":"Point","coordinates":[-87.6182,41.93505]},"properties":{"probability":0.162,"inBuffer":false,"facType":"substation"}},{"type":"Feature","geometry":{"type":"Point","coordinates":[-87.60614,41.93512]},"properties":{"probability":0.158,"inBuffer":false,"facType":"substation"}},{"type":"Feature","geometry":{"type":"Point","coordinates":[-87.60011,41.93515]},"properties":{"probability":0.153,"inBuffer":false,"facType":"water_works"}},{"type":"Feature","geometry":{"type":"Point","coordinates":[-87.80509,41.92939]},"properties":{"probability":0.665,"inBuffer":false,"facType":"substation"}},{"type":"Feature","geometry":{"type":"Point","coordinates":[-87.79906,41.92943]},"properties":{"probability":0.658,"inBuffer":false,"facType":"substation"}},{"type":"Feature","geometry":{"type":"Point","coordinates":[-87.79304,41.92947]},"properties":{"probability":0.682,"inBuffer":false,"facType":"substation"}},{"type":"Feature","geometry":{"type":"Point","coordinates":[-87.787,41.92952]},"properties":{"probability":0.669,"inBuffer":false,"facType":"substation"}},{"type":"Feature","geometry":{"type":"Point","coordinates":[-87.78098,41.92956]},"properties":{"probability":0.692,"inBuffer":false,"facType":"substation"}},{"type":"Feature","geometry":{"type":"Point","coordinates":[-87.77495,41.9296]},"properties":{"probability":0.703,"inBuffer":false,"facType":"substation"}},{"type":"Feature","geometry":{"type":"Point","coordinates":[-87.76891,41.92964]},"properties":{"probability":0.717,"inBuffer":false,"facType":"police"}},{"type":"Feature","geometry":{"type":"Point","coordinates":[-87.76289,41.92968]},"properties":{"probability":0.721,"inBuffer":false,"facType":"police"}},{"type":"Feature","geometry":{"type":"Point","coordinates":[-87.75685,41.92972]},"properties":{"probability":0.692,"inBuffer":false,"facType":"government"}},{"type":"Feature","geometry":{"type":"Point","coordinates":[-87.75082,41.92976]},"properties":{"probability":0.739,"inBuffer":false,"facType":"government"}},{"type":"Feature","geometry":{"type":"Point","coordinates":[-87.7448,41.9298]},"properties":{"probability":0.785,"inBuffer":false,"facType":"government"}},{"type":"Feature","geometry":{"type":"Point","coordinates":[-87.73876,41.92984]},"properties":{"probability":0.691,"inBuffer":false,"facType":"government"}},{"type":"Feature","geometry":{"type":"Point","coordinates":[-87.73273,41.92987]},"properties":{"probability":0.712,"inBuffer":true,"facType":"fire"}},{"type":"Feature","geometry":{"type":"Point","coordinates":[-87.7267,41.92991]},"properties":{"probability":0.705,"inBuffer":true,"facType":"fire"}},{"type":"Feature","geometry":{"type":"Point","coordinates":[-87.72067,41.92995]},"properties":{"probability":0.68,"inBuffer":true,"facType":"fire"}},{"type":"Feature","geometry":{"type":"Point","coordinates":[-87.71465,41.92999]},"properties":{"probability":0.701,"inBuffer":false,"facType":"government"}},{"type":"Feature","geometry":{"type":"Point","coordinates":[-87.70861,41.93003]},"properties":{"probability":0.745,"inBuffer":false,"facType":"government"}},{"type":"Feature","geometry":{"type":"Point","coordinates":[-87.70258,41.93007]},"properties":{"probability":0.768,"inBuffer":false,"facType":"substation"}},{"type":"Feature","geometry":{"type":"Point","coordinates":[-87.69655,41.9301]},"properties":{"probability":0.769,"inBuffer":false,"facType":"substation"}},{"type":"Feature","geometry":{"type":"Point","coordinates":[-87.69052,41.93014]},"properties":{"probability":0.779,"inBuffer":false,"facType":"government"}},{"type":"Feature","geometry":{"type":"Point","coordinates":[-87.68449,41.93017]},"properties":{"probability":0.803,"inBuffer":false,"facType":"substation"}},{"type":"Feature","geometry":{"type":"Point","coordinates":[-87.67846,41.93021]},"properties":{"probability":0.771,"inBuffer":false,"facType":"substation"}},{"type":"Feature","geometry":{"type":"Point","coordinates":[-87.67243,41.93024]},"properties":{"probability":0.707,"inBuffer":false,"facType":"substation"}},{"type":"Feature","geometry":{"type":"Point","coordinates":[-87.6664,41.93028]},"properties":{"probability":0.681,"inBuffer":false,"facType":"substation"}},{"type":"Feature","geometry":{"type":"Point","coordinates":[-87.66037,41.93031]},"properties":{"probability":0.681,"inBuffer":false,"facType":"substation"}},{"type":"Feature","geometry":{"type":"Point","coordinates":[-87.65434,41.93035]},"properties":{"probability":0.691,"inBuffer":true,"facType":"substation"}},{"type":"Feature","geometry":{"type":"Point","coordinates":[-87.64831,41.93038]},"properties":{"probability":0.729,"inBuffer":true,"facType":"fire"}},{"type":"Feature","geometry":{"type":"Point","coordinates":[-87.64228,41.93042]},"properties":{"probability":0.707,"inBuffer":true,"facType":"fire"}},{"type":"Feature","geometry":{"type":"Point","coordinates":[-87.63625,41.93045]},"properties":{"probability":0.608,"inBuffer":false,"facType":"fire"}},{"type":"Feature","geometry":{"type":"Point","coordinates":[-87.63022,41.93048]},"properties":{"probability":0.531,"inBuffer":false,"facType":"substation"}},{"type":"Feature","geometry":{"type":"Point","coordinates":[-87.62418,41.93052]},"properties":{"probability":0.167,"inBuffer":false,"facType":"substation"}},{"type":"Feature","geometry":{"type":"Point","coordinates":[-87.61816,41.93055]},"properties":{"probability":0.152,"inBuffer":false,"facType":"substation"}},{"type":"Feature","geometry":{"type":"Point","coordinates":[-87.61213,41.93058]},"properties":{"probability":0.143,"inBuffer":false,"facType":"substation"}},{"type":"Feature","geometry":{"type":"Point","coordinates":[-87.80504,41.92489]},"properties":{"probability":0.702,"inBuffer":false,"facType":"substation"}},{"type":"Feature","geometry":{"type":"Point","coordinates":[-87.79901,41.92493]},"properties":{"probability":0.714,"inBuffer":false,"facType":"substation"}},{"type":"Feature","geometry":{"type":"Point","coordinates":[-87.79298,41.92497]},"properties":{"probability":0.731,"inBuffer":true,"facType":"substation"}},{"type":"Feature","geometry":{"type":"Point","coordinates":[-87.78695,41.92501]},"properties":{"probability":0.702,"inBuffer":true,"facType":"substation"}},{"type":"Feature","geometry":{"type":"Point","coordinates":[-87.78092,41.92505]},"properties":{"probability":0.687,"inBuffer":true,"facType":"substation"}},{"type":"Feature","geometry":{"type":"Point","coordinates":[-87.77489,41.92509]},"properties":{"probability":0.699,"inBuffer":false,"facType":"substation"}},{"type":"Feature","geometry":{"type":"Point","coordinates":[-87.76886,41.92514]},"properties":{"probability":0.712,"inBuffer":false,"facType":"police"}},{"type":"Feature","geometry":{"type":"Point","coordinates":[-87.76283,41.92517]},"properties":{"probability":0.681,"inBuffer":false,"facType":"police"}},{"type":"Feature","geometry":{"type":"Point","coordinates":[-87.7568,41.92522]},"properties":{"probability":0.691,"inBuffer":false,"facType":"fire"}},{"type":"Feature","geometry":{"type":"Point","coordinates":[-87.75077,41.92525]},"properties":{"probability":0.707,"inBuffer":false,"facType":"government"}},{"type":"Feature","geometry":{"type":"Point","coordinates":[-87.74474,41.92529]},"properties":{"probability":0.732,"inBuffer":false,"facType":"government"}},{"type":"Feature","geometry":{"type":"Point","coordinates":[-87.73871,41.92533]},"properties":{"probability":0.692,"inBuffer":false,"facType":"government"}},{"type":"Feature","geometry":{"type":"Point","coordinates":[-87.73268,41.92537]},"properties":{"probability":0.713,"inBuffer":false,"facType":"fire"}},{"type":"Feature","geometry":{"type":"Point","coordinates":[-87.72665,41.92541]},"properties":{"probability":0.709,"inBuffer":false,"facType":"fire"}},{"type":"Feature","geometry":{"type":"Point","coordinates":[-87.72062,41.92545]},"properties":{"probability":0.68,"inBuffer":false,"facType":"government"}},{"type":"Feature","geometry":{"type":"Point","coordinates":[-87.71459,41.92549]},"properties":{"probability":0.667,"inBuffer":false,"facType":"government"}},{"type":"Feature","geometry":{"type":"Point","coordinates":[-87.70856,41.92553]},"properties":{"probability":0.729,"inBuffer":false,"facType":"government"}},{"type":"Feature","geometry":{"type":"Point","coordinates":[-87.70253,41.92556]},"properties":{"probability":0.734,"inBuffer":true,"facType":"substation"}},{"type":"Feature","geometry":{"type":"Point","coordinates":[-87.6965,41.9256]},"properties":{"probability":0.712,"inBuffer":true,"facType":"police"}},{"type":"Feature","geometry":{"type":"Point","coordinates":[-87.69048,41.92563]},"properties":{"probability":0.803,"inBuffer":true,"facType":"fire"}},{"type":"Feature","geometry":{"type":"Point","coordinates":[-87.68444,41.92567]},"properties":{"probability":0.825,"inBuffer":false,"facType":"substation"}},{"type":"Feature","geometry":{"type":"Point","coordinates":[-87.67841,41.9257]},"properties":{"probability":0.821,"inBuffer":false,"facType":"substation"}},{"type":"Feature","geometry":{"type":"Point","coordinates":[-87.67239,41.92574]},"properties":{"probability":0.815,"inBuffer":false,"facType":"water_works"}},{"type":"Feature","geometry":{"type":"Point","coordinates":[-87.66635,41.92578]},"properties":{"probability":0.687,"inBuffer":false,"facType":"water_works"}},{"type":"Feature","geometry":{"type":"Point","coordinates":[-87.66032,41.92581]},"properties":{"probability":0.678,"inBuffer":false,"facType":"substation"}},{"type":"Feature","geometry":{"type":"Point","coordinates":[-87.6543,41.92585]},"properties":{"probability":0.716,"inBuffer":false,"facType":"substation"}},{"type":"Feature","geometry":{"type":"Point","coordinates":[-87.64826,41.92588]},"properties":{"probability":0.772,"inBuffer":true,"facType":"substation"}},{"type":"Feature","geometry":{"type":"Point","coordinates":[-87.64223,41.92591]},"properties":{"probability":0.694,"inBuffer":false,"facType":"substation"}},{"type":"Feature","geometry":{"type":"Point","coordinates":[-87.6362,41.92595]},"properties":{"probability":0.607,"inBuffer":false,"facType":"substation"}},{"type":"Feature","geometry":{"type":"Point","coordinates":[-87.63017,41.92598]},"properties":{"probability":0.58,"inBuffer":false,"facType":"substation"}},{"type":"Feature","geometry":{"type":"Point","coordinates":[-87.62415,41.92601]},"properties":{"probability":0.164,"inBuffer":false,"facType":"substation"}},{"type":"Feature","geometry":{"type":"Point","coordinates":[-87.61811,41.92604]},"properties":{"probability":0.17,"inBuffer":false,"facType":"substation"}},{"type":"Feature","geometry":{"type":"Point","coordinates":[-87.61208,41.92608]},"properties":{"probability":0.167,"inBuffer":false,"facType":"substation"}},{"type":"Feature","geometry":{"type":"Point","coordinates":[-87.60606,41.92611]},"properties":{"probability":0.147,"inBuffer":false,"facType":"water_works"}},{"type":"Feature","geometry":{"type":"Point","coordinates":[-87.60002,41.92614]},"properties":{"probability":0.141,"inBuffer":false,"facType":"water_works"}},{"type":"Feature","geometry":{"type":"Point","coordinates":[-87.80499,41.92038]},"properties":{"probability":0.671,"inBuffer":false,"facType":"substation"}},{"type":"Feature","geometry":{"type":"Point","coordinates":[-87.79895,41.92043]},"properties":{"probability":0.693,"inBuffer":false,"facType":"substation"}},{"type":"Feature","geometry":{"type":"Point","coordinates":[-87.79292,41.92047]},"properties":{"probability":0.681,"inBuffer":true,"facType":"fire"}},{"type":"Feature","geometry":{"type":"Point","coordinates":[-87.7869,41.92051]},"properties":{"probability":0.692,"inBuffer":true,"facType":"fire"}},{"type":"Feature","geometry":{"type":"Point","coordinates":[-87.78087,41.92055]},"properties":{"probability":0.693,"inBuffer":true,"facType":"substation"}},{"type":"Feature","geometry":{"type":"Point","coordinates":[-87.77483,41.92059]},"properties":{"probability":0.683,"inBuffer":false,"facType":"police"}},{"type":"Feature","geometry":{"type":"Point","coordinates":[-87.76881,41.92063]},"properties":{"probability":0.693,"inBuffer":true,"facType":"police"}},{"type":"Feature","geometry":{"type":"Point","coordinates":[-87.76278,41.92067]},"properties":{"probability":0.666,"inBuffer":true,"facType":"police"}},{"type":"Feature","geometry":{"type":"Point","coordinates":[-87.75674,41.92071]},"properties":{"probability":0.671,"inBuffer":true,"facType":"fire"}},{"type":"Feature","geometry":{"type":"Point","coordinates":[-87.75072,41.92075]},"properties":{"probability":0.681,"inBuffer":true,"facType":"substation"}},{"type":"Feature","geometry":{"type":"Point","coordinates":[-87.74469,41.92079]},"properties":{"probability":0.675,"inBuffer":false,"facType":"substation"}},{"type":"Feature","geometry":{"type":"Point","coordinates":[-87.73866,41.92083]},"properties":{"probability":0.664,"inBuffer":false,"facType":"government"}},{"type":"Feature","geometry":{"type":"Point","coordinates":[-87.73263,41.92087]},"properties":{"probability":0.667,"inBuffer":false,"facType":"fire"}},{"type":"Feature","geometry":{"type":"Point","coordinates":[-87.7266,41.92091]},"properties":{"probability":0.685,"inBuffer":false,"facType":"fire"}},{"type":"Feature","geometry":{"type":"Point","coordinates":[-87.72057,41.92094]},"properties":{"probability":0.657,"inBuffer":false,"facType":"fire"}},{"type":"Feature","geometry":{"type":"Point","coordinates":[-87.71454,41.92098]},"properties":{"probability":0.668,"inBuffer":false,"facType":"government"}},{"type":"Feature","geometry":{"type":"Point","coordinates":[-87.70851,41.92102]},"properties":{"probability":0.69,"inBuffer":false,"facType":"government"}},{"type":"Feature","geometry":{"type":"Point","coordinates":[-87.70248,41.92106]},"properties":{"probability":0.714,"inBuffer":true,"facType":"police"}},{"type":"Feature","geometry":{"type":"Point","coordinates":[-87.69646,41.92109]},"properties":{"probability":0.711,"inBuffer":true,"facType":"fire"}},{"type":"Feature","geometry":{"type":"Point","coordinates":[-87.69042,41.92113]},"properties":{"probability":0.712,"inBuffer":true,"facType":"fire"}},{"type":"Feature","geometry":{"type":"Point","coordinates":[-87.68439,41.92117]},"properties":{"probability":0.769,"inBuffer":false,"facType":"fire"}},{"type":"Feature","geometry":{"type":"Point","coordinates":[-87.67837,41.9212]},"properties":{"probability":0.816,"inBuffer":true,"facType":"fire"}},{"type":"Feature","geometry":{"type":"Point","coordinates":[-87.67233,41.92124]},"properties":{"probability":0.819,"inBuffer":true,"facType":"water_works"}},{"type":"Feature","geometry":{"type":"Point","coordinates":[-87.66631,41.92127]},"properties":{"probability":0.769,"inBuffer":false,"facType":"water_works"}},{"type":"Feature","geometry":{"type":"Point","coordinates":[-87.66028,41.92131]},"properties":{"probability":0.706,"inBuffer":false,"facType":"substation"}},{"type":"Feature","geometry":{"type":"Point","coordinates":[-87.65424,41.92134]},"properties":{"probability":0.735,"inBuffer":false,"facType":"substation"}},{"type":"Feature","geometry":{"type":"Point","coordinates":[-87.64822,41.92138]},"properties":{"probability":0.801,"inBuffer":true,"facType":"substation"}},{"type":"Feature","geometry":{"type":"Point","coordinates":[-87.64219,41.92141]},"properties":{"probability":0.696,"inBuffer":true,"facType":"substation"}},{"type":"Feature","geometry":{"type":"Point","coordinates":[-87.63616,41.92144]},"properties":{"probability":0.647,"inBuffer":false,"facType":"substation"}},{"type":"Feature","geometry":{"type":"Point","coordinates":[-87.63013,41.92148]},"properties":{"probability":0.58,"inBuffer":false,"facType":"substation"}},{"type":"Feature","geometry":{"type":"Point","coordinates":[-87.6241,41.92151]},"properties":{"probability":0.252,"inBuffer":false,"facType":"substation"}},{"type":"Feature","geometry":{"type":"Point","coordinates":[-87.61807,41.92154]},"properties":{"probability":0.255,"inBuffer":false,"facType":"substation"}},{"type":"Feature","geometry":{"type":"Point","coordinates":[-87.61204,41.92157]},"properties":{"probability":0.149,"inBuffer":false,"facType":"substation"}},{"type":"Feature","geometry":{"type":"Point","coordinates":[-87.60601,41.92161]},"properties":{"probability":0.144,"inBuffer":false,"facType":"water_works"}},{"type":"Feature","geometry":{"type":"Point","coordinates":[-87.80492,41.91588]},"properties":{"probability":0.638,"inBuffer":false,"facType":"substation"}},{"type":"Feature","geometry":{"type":"Point","coordinates":[-87.7989,41.91592]},"properties":{"probability":0.66,"inBuffer":false,"facType":"fire"}},{"type":"Feature","geometry":{"type":"Point","coordinates":[-87.79287,41.91597]},"properties":{"probability":0.65,"inBuffer":false,"facType":"fire"}},{"type":"Feature","geometry":{"type":"Point","coordinates":[-87.78684,41.91601]},"properties":{"probability":0.655,"inBuffer":true,"facType":"fire"}},{"type":"Feature","geometry":{"type":"Point","coordinates":[-87.78081,41.91605]},"properties":{"probability":0.658,"inBuffer":false,"facType":"government"}},{"type":"Feature","geometry":{"type":"Point","coordinates":[-87.77478,41.91609]},"properties":{"probability":0.681,"inBuffer":false,"facType":"government"}},{"type":"Feature","geometry":{"type":"Point","coordinates":[-87.76875,41.91613]},"properties":{"probability":0.694,"inBuffer":true,"facType":"government"}},{"type":"Feature","geometry":{"type":"Point","coordinates":[-87.76273,41.91617]},"properties":{"probability":0.682,"inBuffer":true,"facType":"government"}},{"type":"Feature","geometry":{"type":"Point","coordinates":[-87.75669,41.91621]},"properties":{"probability":0.666,"inBuffer":true,"facType":"fire"}},{"type":"Feature","geometry":{"type":"Point","coordinates":[-87.75066,41.91625]},"properties":{"probability":0.693,"inBuffer":true,"facType":"substation"}},{"type":"Feature","geometry":{"type":"Point","coordinates":[-87.74464,41.91629]},"properties":{"probability":0.693,"inBuffer":false,"facType":"substation"}},{"type":"Feature","geometry":{"type":"Point","coordinates":[-87.73861,41.91633]},"properties":{"probability":0.693,"inBuffer":false,"facType":"fire"}},{"type":"Feature","geometry":{"type":"Point","coordinates":[-87.73258,41.91637]},"properties":{"probability":0.664,"inBuffer":true,"facType":"fire"}},{"type":"Feature","geometry":{"type":"Point","coordinates":[-87.72655,41.9164]},"properties":{"probability":0.668,"inBuffer":true,"facType":"fire"}},{"type":"Feature","geometry":{"type":"Point","coordinates":[-87.72052,41.91644]},"properties":{"probability":0.664,"inBuffer":true,"facType":"fire"}},{"type":"Feature","geometry":{"type":"Point","coordinates":[-87.71449,41.91648]},"properties":{"probability":0.658,"inBuffer":false,"facType":"government"}},{"type":"Feature","geometry":{"type":"Point","coordinates":[-87.70847,41.91652]},"properties":{"probability":0.657,"inBuffer":false,"facType":"government"}},{"type":"Feature","geometry":{"type":"Point","coordinates":[-87.70243,41.91655]},"properties":{"probability":0.691,"inBuffer":true,"facType":"police"}},{"type":"Feature","geometry":{"type":"Point","coordinates":[-87.6964,41.91659]},"properties":{"probability":0.68,"inBuffer":true,"facType":"fire"}},{"type":"Feature","geometry":{"type":"Point","coordinates":[-87.69038,41.91663]},"properties":{"probability":0.696,"inBuffer":true,"facType":"fire"}},{"type":"Feature","geometry":{"type":"Point","coordinates":[-87.68435,41.91666]},"properties":{"probability":0.699,"inBuffer":true,"facType":"fire"}},{"type":"Feature","geometry":{"type":"Point","coordinates":[-87.67831,41.9167]},"properties":{"probability":0.8,"inBuffer":true,"facType":"fire"}},{"type":"Feature","geometry":{"type":"Point","coordinates":[-87.67229,41.91674]},"properties":{"probability":0.822,"inBuffer":true,"facType":"fire"}},{"type":"Feature","geometry":{"type":"Point","coordinates":[-87.66626,41.91677]},"properties":{"probability":0.816,"inBuffer":false,"facType":"water_works"}},{"type":"Feature","geometry":{"type":"Point","coordinates":[-87.66023,41.91681]},"properties":{"probability":0.777,"inBuffer":false,"facType":"substation"}},{"type":"Feature","geometry":{"type":"Point","coordinates":[-87.6542,41.91684]},"properties":{"probability":0.712,"inBuffer":false,"facType":"substation"}},{"type":"Feature","geometry":{"type":"Point","coordinates":[-87.64817,41.91687]},"properties":{"probability":0.715,"inBuffer":true,"facType":"fire"}},{"type":"Feature","geometry":{"type":"Point","coordinates":[-87.64214,41.91691]},"properties":{"probability":0.681,"inBuffer":true,"facType":"fire"}},{"type":"Feature","geometry":{"type":"Point","coordinates":[-87.63612,41.91694]},"properties":{"probability":0.691,"inBuffer":true,"facType":"substation"}},{"type":"Feature","geometry":{"type":"Point","coordinates":[-87.63008,41.91697]},"properties":{"probability":0.614,"inBuffer":false,"facType":"substation"}},{"type":"Feature","geometry":{"type":"Point","coordinates":[-87.62405,41.91701]},"properties":{"probability":0.339,"inBuffer":false,"facType":"substation"}},{"type":"Feature","geometry":{"type":"Point","coordinates":[-87.61803,41.91704]},"properties":{"probability":0.235,"inBuffer":false,"facType":"substation"}},{"type":"Feature","geometry":{"type":"Point","coordinates":[-87.612,41.91707]},"properties":{"probability":0.153,"inBuffer":false,"facType":"substation"}},{"type":"Feature","geometry":{"type":"Point","coordinates":[-87.60596,41.9171]},"properties":{"probability":0.143,"inBuffer":false,"facType":"water_works"}},{"type":"Feature","geometry":{"type":"Point","coordinates":[-87.58788,41.9172]},"properties":{"probability":0.146,"inBuffer":false,"facType":"water_works"}},{"type":"Feature","geometry":{"type":"Point","coordinates":[-87.80487,41.91138]},"properties":{"probability":0.662,"inBuffer":false,"facType":"government"}},{"type":"Feature","geometry":{"type":"Point","coordinates":[-87.79884,41.91142]},"properties":{"probability":0.602,"inBuffer":false,"facType":"government"}},{"type":"Feature","geometry":{"type":"Point","coordinates":[-87.79281,41.91146]},"properties":{"probability":0.605,"inBuffer":false,"facType":"government"}},{"type":"Feature","geometry":{"type":"Point","coordinates":[-87.78678,41.9115]},"properties":{"probability":0.646,"inBuffer":false,"facType":"government"}},{"type":"Feature","geometry":{"type":"Point","coordinates":[-87.78075,41.91154]},"properties":{"probability":0.651,"inBuffer":false,"facType":"government"}},{"type":"Feature","geometry":{"type":"Point","coordinates":[-87.77473,41.91159]},"properties":{"probability":0.677,"inBuffer":false,"facType":"government"}},{"type":"Feature","geometry":{"type":"Point","coordinates":[-87.7687,41.91163]},"properties":{"probability":0.676,"inBuffer":false,"facType":"government"}},{"type":"Feature","geometry":{"type":"Point","coordinates":[-87.76267,41.91167]},"properties":{"probability":0.693,"inBuffer":true,"facType":"government"}},{"type":"Feature","geometry":{"type":"Point","coordinates":[-87.75665,41.91171]},"properties":{"probability":0.692,"inBuffer":true,"facType":"government"}},{"type":"Feature","geometry":{"type":"Point","coordinates":[-87.75061,41.91175]},"properties":{"probability":0.675,"inBuffer":false,"facType":"government"}},{"type":"Feature","geometry":{"type":"Point","coordinates":[-87.74458,41.91179]},"properties":{"probability":0.717,"inBuffer":false,"facType":"government"}},{"type":"Feature","geometry":{"type":"Point","coordinates":[-87.73856,41.91182]},"properties":{"probability":0.713,"inBuffer":false,"facType":"fire"}},{"type":"Feature","geometry":{"type":"Point","coordinates":[-87.73253,41.91186]},"properties":{"probability":0.669,"inBuffer":true,"facType":"fire"}},{"type":"Feature","geometry":{"type":"Point","coordinates":[-87.7265,41.9119]},"properties":{"probability":0.669,"inBuffer":true,"facType":"fire"}},{"type":"Feature","geometry":{"type":"Point","coordinates":[-87.72047,41.91194]},"properties":{"probability":0.657,"inBuffer":true,"facType":"fire"}},{"type":"Feature","geometry":{"type":"Point","coordinates":[-87.71444,41.91198]},"properties":{"probability":0.656,"inBuffer":false,"facType":"fire"}},{"type":"Feature","geometry":{"type":"Point","coordinates":[-87.70841,41.91201]},"properties":{"probability":0.657,"inBuffer":false,"facType":"government"}},{"type":"Feature","geometry":{"type":"Point","coordinates":[-87.70238,41.91205]},"properties":{"probability":0.676,"inBuffer":false,"facType":"government"}},{"type":"Feature","geometry":{"type":"Point","coordinates":[-87.69636,41.91209]},"properties":{"probability":0.677,"inBuffer":false,"facType":"government"}},{"type":"Feature","geometry":{"type":"Point","coordinates":[-87.69033,41.91212]},"properties":{"probability":0.683,"inBuffer":false,"facType":"government"}},{"type":"Feature","geometry":{"type":"Point","coordinates":[-87.6843,41.91216]},"properties":{"probability":0.716,"inBuffer":true,"facType":"fire"}},{"type":"Feature","geometry":{"type":"Point","coordinates":[-87.67827,41.9122]},"properties":{"probability":0.784,"inBuffer":true,"facType":"fire"}},{"type":"Feature","geometry":{"type":"Point","coordinates":[-87.67224,41.91223]},"properties":{"probability":0.801,"inBuffer":true,"facType":"fire"}},{"type":"Feature","geometry":{"type":"Point","coordinates":[-87.66621,41.91227]},"properties":{"probability":0.824,"inBuffer":false,"facType":"substation"}},{"type":"Feature","geometry":{"type":"Point","coordinates":[-87.66019,41.9123]},"properties":{"probability":0.817,"inBuffer":false,"facType":"substation"}},{"type":"Feature","geometry":{"type":"Point","coordinates":[-87.65415,41.91234]},"properties":{"probability":0.815,"inBuffer":false,"facType":"substation"}},{"type":"Feature","geometry":{"type":"Point","coordinates":[-87.64812,41.91237]},"properties":{"probability":0.806,"inBuffer":true,"facType":"substation"}},{"type":"Feature","geometry":{"type":"Point","coordinates":[-87.6421,41.9124]},"properties":{"probability":0.797,"inBuffer":true,"facType":"substation"}},{"type":"Feature","geometry":{"type":"Point","coordinates":[-87.63607,41.91244]},"properties":{"probability":0.801,"inBuffer":false,"facType":"substation"}},{"type":"Feature","geometry":{"type":"Point","coordinates":[-87.63004,41.91247]},"properties":{"probability":0.793,"inBuffer":false,"facType":"substation"}},{"type":"Feature","geometry":{"type":"Point","coordinates":[-87.62401,41.91251]},"properties":{"probability":0.553,"inBuffer":false,"facType":"substation"}},{"type":"Feature","geometry":{"type":"Point","coordinates":[-87.61798,41.91254]},"properties":{"probability":0.323,"inBuffer":false,"facType":"government"}},{"type":"Feature","geometry":{"type":"Point","coordinates":[-87.61195,41.91257]},"properties":{"probability":0.148,"inBuffer":false,"facType":"fire"}},{"type":"Feature","geometry":{"type":"Point","coordinates":[-87.60593,41.9126]},"properties":{"probability":0.142,"inBuffer":false,"facType":"water_works"}},{"type":"Feature","geometry":{"type":"Point","coordinates":[-87.80481,41.90688]},"properties":{"probability":0.575,"inBuffer":false,"facType":"substation"}},{"type":"Feature","geometry":{"type":"Point","coordinates":[-87.79878,41.90692]},"properties":{"probability":0.578,"inBuffer":false,"facType":"government"}},{"type":"Feature","geometry":{"type":"Point","coordinates":[-87.79276,41.90696]},"properties":{"probability":0.571,"inBuffer":false,"facType":"government"}},{"type":"Feature","geometry":{"type":"Point","coordinates":[-87.78673,41.907]},"properties":{"probability":0.568,"inBuffer":false,"facType":"government"}},{"type":"Feature","geometry":{"type":"Point","coordinates":[-87.7807,41.90704]},"properties":{"probability":0.604,"inBuffer":false,"facType":"government"}},{"type":"Feature","geometry":{"type":"Point","coordinates":[-87.77467,41.90708]},"properties":{"probability":0.664,"inBuffer":false,"facType":"government"}},{"type":"Feature","geometry":{"type":"Point","coordinates":[-87.76865,41.90712]},"properties":{"probability":0.68,"inBuffer":false,"facType":"government"}},{"type":"Feature","geometry":{"type":"Point","coordinates":[-87.76262,41.90717]},"properties":{"probability":0.666,"inBuffer":false,"facType":"government"}},{"type":"Feature","geometry":{"type":"Point","coordinates":[-87.75659,41.9072]},"properties":{"probability":0.669,"inBuffer":false,"facType":"government"}},{"type":"Feature","geometry":{"type":"Point","coordinates":[-87.75056,41.90724]},"properties":{"probability":0.692,"inBuffer":false,"facType":"government"}},{"type":"Feature","geometry":{"type":"Point","coordinates":[-87.74453,41.90728]},"properties":{"probability":0.704,"inBuffer":false,"facType":"government"}},{"type":"Feature","geometry":{"type":"Point","coordinates":[-87.7385,41.90732]},"properties":{"probability":0.68,"inBuffer":false,"facType":"fire"}},{"type":"Feature","geometry":{"type":"Point","coordinates":[-87.73248,41.90736]},"properties":{"probability":0.669,"inBuffer":false,"facType":"fire"}},{"type":"Feature","geometry":{"type":"Point","coordinates":[-87.72645,41.9074]},"properties":{"probability":0.677,"inBuffer":true,"facType":"fire"}},{"type":"Feature","geometry":{"type":"Point","coordinates":[-87.72042,41.90744]},"properties":{"probability":0.661,"inBuffer":false,"facType":"fire"}},{"type":"Feature","geometry":{"type":"Point","coordinates":[-87.71439,41.90747]},"properties":{"probability":0.657,"inBuffer":false,"facType":"fire"}},{"type":"Feature","geometry":{"type":"Point","coordinates":[-87.70837,41.90751]},"properties":{"probability":0.662,"inBuffer":false,"facType":"government"}},{"type":"Feature","geometry":{"type":"Point","coordinates":[-87.70233,41.90755]},"properties":{"probability":0.683,"inBuffer":false,"facType":"government"}},{"type":"Feature","geometry":{"type":"Point","coordinates":[-87.6963,41.90759]},"properties":{"probability":0.667,"inBuffer":false,"facType":"government"}},{"type":"Feature","geometry":{"type":"Point","coordinates":[-87.69028,41.90762]},"properties":{"probability":0.703,"inBuffer":true,"facType":"fire"}},{"type":"Feature","geometry":{"type":"Point","coordinates":[-87.68425,41.90766]},"properties":{"probability":0.77,"inBuffer":true,"facType":"fire"}},{"type":"Feature","geometry":{"type":"Point","coordinates":[-87.67822,41.90769]},"properties":{"probability":0.783,"inBuffer":false,"facType":"fire"}},{"type":"Feature","geometry":{"type":"Point","coordinates":[-87.6722,41.90773]},"properties":{"probability":0.802,"inBuffer":true,"facType":"fire"}},{"type":"Feature","geometry":{"type":"Point","coordinates":[-87.66617,41.90776]},"properties":{"probability":0.824,"inBuffer":true,"facType":"fire"}},{"type":"Feature","geometry":{"type":"Point","coordinates":[-87.66014,41.9078]},"properties":{"probability":0.824,"inBuffer":false,"facType":"substation"}},{"type":"Feature","geometry":{"type":"Point","coordinates":[-87.65411,41.90783]},"properties":{"probability":0.818,"inBuffer":false,"facType":"substation"}},{"type":"Feature","geometry":{"type":"Point","coordinates":[-87.64808,41.90787]},"properties":{"probability":0.813,"inBuffer":true,"facType":"fire"}},{"type":"Feature","geometry":{"type":"Point","coordinates":[-87.64205,41.9079]},"properties":{"probability":0.821,"inBuffer":true,"facType":"substation"}},{"type":"Feature","geometry":{"type":"Point","coordinates":[-87.63602,41.90794]},"properties":{"probability":0.824,"inBuffer":true,"facType":"substation"}},{"type":"Feature","geometry":{"type":"Point","coordinates":[-87.63,41.90797]},"properties":{"probability":0.803,"inBuffer":false,"facType":"substation"}},{"type":"Feature","geometry":{"type":"Point","coordinates":[-87.62397,41.908]},"properties":{"probability":0.602,"inBuffer":false,"facType":"government"}},{"type":"Feature","geometry":{"type":"Point","coordinates":[-87.61794,41.90804]},"properties":{"probability":0.413,"inBuffer":false,"facType":"fire"}},{"type":"Feature","geometry":{"type":"Point","coordinates":[-87.61191,41.90807]},"properties":{"probability":0.164,"inBuffer":false,"facType":"fire"}},{"type":"Feature","geometry":{"type":"Point","coordinates":[-87.60588,41.9081]},"properties":{"probability":0.162,"inBuffer":false,"facType":"water_works"}},{"type":"Feature","geometry":{"type":"Point","coordinates":[-87.59985,41.90813]},"properties":{"probability":0.145,"inBuffer":false,"facType":"water_works"}},{"type":"Feature","geometry":{"type":"Point","coordinates":[-87.80476,41.90237]},"properties":{"probability":0.515,"inBuffer":false,"facType":"substation"}},{"type":"Feature","geometry":{"type":"Point","coordinates":[-87.79873,41.90242]},"properties":{"probability":0.386,"inBuffer":false,"facType":"substation"}},{"type":"Feature","geometry":{"type":"Point","coordinates":[-87.7927,41.90246]},"properties":{"probability":0.443,"inBuffer":false,"facType":"fire"}},{"type":"Feature","geometry":{"type":"Point","coordinates":[-87.78667,41.9025]},"properties":{"probability":0.454,"inBuffer":true,"facType":"fire"}},{"type":"Feature","geometry":{"type":"Point","coordinates":[-87.78065,41.90254]},"properties":{"probability":0.567,"inBuffer":true,"facType":"fire"}},{"type":"Feature","geometry":{"type":"Point","coordinates":[-87.77462,41.90258]},"properties":{"probability":0.652,"inBuffer":true,"facType":"fire"}},{"type":"Feature","geometry":{"type":"Point","coordinates":[-87.76859,41.90262]},"properties":{"probability":0.674,"inBuffer":false,"facType":"substation"}},{"type":"Feature","geometry":{"type":"Point","coordinates":[-87.76257,41.90266]},"properties":{"probability":0.655,"inBuffer":false,"facType":"police"}},{"type":"Feature","geometry":{"type":"Point","coordinates":[-87.75654,41.9027]},"properties":{"probability":0.645,"inBuffer":false,"facType":"government"}},{"type":"Feature","geometry":{"type":"Point","coordinates":[-87.75051,41.90274]},"properties":{"probability":0.671,"inBuffer":false,"facType":"fire"}},{"type":"Feature","geometry":{"type":"Point","coordinates":[-87.74448,41.90278]},"properties":{"probability":0.727,"inBuffer":false,"facType":"fire"}},{"type":"Feature","geometry":{"type":"Point","coordinates":[-87.73845,41.90282]},"properties":{"probability":0.7,"inBuffer":false,"facType":"government"}},{"type":"Feature","geometry":{"type":"Point","coordinates":[-87.73242,41.90286]},"properties":{"probability":0.656,"inBuffer":false,"facType":"government"}},{"type":"Feature","geometry":{"type":"Point","coordinates":[-87.72639,41.9029]},"properties":{"probability":0.664,"inBuffer":false,"facType":"government"}},{"type":"Feature","geometry":{"type":"Point","coordinates":[-87.72037,41.90294]},"properties":{"probability":0.684,"inBuffer":false,"facType":"government"}},{"type":"Feature","geometry":{"type":"Point","coordinates":[-87.71434,41.90297]},"properties":{"probability":0.671,"inBuffer":false,"facType":"fire"}},{"type":"Feature","geometry":{"type":"Point","coordinates":[-87.70831,41.90301]},"properties":{"probability":0.686,"inBuffer":false,"facType":"government"}},{"type":"Feature","geometry":{"type":"Point","coordinates":[-87.70229,41.90305]},"properties":{"probability":0.712,"inBuffer":false,"facType":"government"}},{"type":"Feature","geometry":{"type":"Point","coordinates":[-87.69626,41.90308]},"properties":{"probability":0.697,"inBuffer":true,"facType":"fire"}},{"type":"Feature","geometry":{"type":"Point","coordinates":[-87.69023,41.90312]},"properties":{"probability":0.698,"inBuffer":true,"facType":"fire"}},{"type":"Feature","geometry":{"type":"Point","coordinates":[-87.6842,41.90316]},"properties":{"probability":0.788,"inBuffer":true,"facType":"fire"}},{"type":"Feature","geometry":{"type":"Point","coordinates":[-87.67818,41.90319]},"properties":{"probability":0.772,"inBuffer":true,"facType":"police"}},{"type":"Feature","geometry":{"type":"Point","coordinates":[-87.67215,41.90322]},"properties":{"probability":0.791,"inBuffer":true,"facType":"fire"}},{"type":"Feature","geometry":{"type":"Point","coordinates":[-87.66612,41.90326]},"properties":{"probability":0.821,"inBuffer":true,"facType":"fire"}},{"type":"Feature","geometry":{"type":"Point","coordinates":[-87.66009,41.9033]},"properties":{"probability":0.823,"inBuffer":true,"facType":"substation"}},{"type":"Feature","geometry":{"type":"Point","coordinates":[-87.65406,41.90333]},"properties":{"probability":0.802,"inBuffer":false,"facType":"substation"}},{"type":"Feature","geometry":{"type":"Point","coordinates":[-87.64803,41.90337]},"properties":{"probability":0.816,"inBuffer":true,"facType":"substation"}},{"type":"Feature","geometry":{"type":"Point","coordinates":[-87.64201,41.9034]},"properties":{"probability":0.823,"inBuffer":true,"facType":"fire"}},{"type":"Feature","geometry":{"type":"Point","coordinates":[-87.63598,41.90343]},"properties":{"probability":0.823,"inBuffer":true,"facType":"substation"}},{"type":"Feature","geometry":{"type":"Point","coordinates":[-87.62995,41.90347]},"properties":{"probability":0.816,"inBuffer":true,"facType":"substation"}},{"type":"Feature","geometry":{"type":"Point","coordinates":[-87.62392,41.9035]},"properties":{"probability":0.819,"inBuffer":true,"facType":"government"}},{"type":"Feature","geometry":{"type":"Point","coordinates":[-87.6179,41.90353]},"properties":{"probability":0.667,"inBuffer":false,"facType":"fire"}},{"type":"Feature","geometry":{"type":"Point","coordinates":[-87.61187,41.90356]},"properties":{"probability":0.23,"inBuffer":false,"facType":"water_works"}},{"type":"Feature","geometry":{"type":"Point","coordinates":[-87.60584,41.90359]},"properties":{"probability":0.223,"inBuffer":false,"facType":"water_works"}},{"type":"Feature","geometry":{"type":"Point","coordinates":[-87.59982,41.90363]},"properties":{"probability":0.143,"inBuffer":false,"facType":"water_works"}},{"type":"Feature","geometry":{"type":"Point","coordinates":[-87.59378,41.90366]},"properties":{"probability":0.143,"inBuffer":false,"facType":"water_works"}},{"type":"Feature","geometry":{"type":"Point","coordinates":[-87.8047,41.89787]},"properties":{"probability":0.545,"inBuffer":false,"facType":"substation"}},{"type":"Feature","geometry":{"type":"Point","coordinates":[-87.79868,41.89791]},"properties":{"probability":0.393,"inBuffer":false,"facType":"substation"}},{"type":"Feature","geometry":{"type":"Point","coordinates":[-87.79265,41.89795]},"properties":{"probability":0.391,"inBuffer":false,"facType":"fire"}},{"type":"Feature","geometry":{"type":"Point","coordinates":[-87.78662,41.89799]},"properties":{"probability":0.427,"inBuffer":true,"facType":"fire"}},{"type":"Feature","geometry":{"type":"Point","coordinates":[-87.78059,41.89804]},"properties":{"probability":0.564,"inBuffer":true,"facType":"fire"}},{"type":"Feature","geometry":{"type":"Point","coordinates":[-87.77457,41.89808]},"properties":{"probability":0.631,"inBuffer":true,"facType":"substation"}},{"type":"Feature","geometry":{"type":"Point","coordinates":[-87.76854,41.89812]},"properties":{"probability":0.658,"inBuffer":false,"facType":"substation"}},{"type":"Feature","geometry":{"type":"Point","coordinates":[-87.76251,41.89816]},"properties":{"probability":0.662,"inBuffer":true,"facType":"police"}},{"type":"Feature","geometry":{"type":"Point","coordinates":[-87.75648,41.8982]},"properties":{"probability":0.657,"inBuffer":true,"facType":"police"}},{"type":"Feature","geometry":{"type":"Point","coordinates":[-87.75046,41.89824]},"properties":{"probability":0.668,"inBuffer":true,"facType":"government"}},{"type":"Feature","geometry":{"type":"Point","coordinates":[-87.74443,41.89828]},"properties":{"probability":0.686,"inBuffer":true,"facType":"fire"}},{"type":"Feature","geometry":{"type":"Point","coordinates":[-87.7384,41.89832]},"properties":{"probability":0.688,"inBuffer":false,"facType":"government"}},{"type":"Feature","geometry":{"type":"Point","coordinates":[-87.73238,41.89835]},"properties":{"probability":0.652,"inBuffer":false,"facType":"government"}},{"type":"Feature","geometry":{"type":"Point","coordinates":[-87.72635,41.89839]},"properties":{"probability":0.661,"inBuffer":false,"facType":"government"}},{"type":"Feature","geometry":{"type":"Point","coordinates":[-87.72032,41.89843]},"properties":{"probability":0.662,"inBuffer":false,"facType":"government"}},{"type":"Feature","geometry":{"type":"Point","coordinates":[-87.71429,41.89847]},"properties":{"probability":0.691,"inBuffer":false,"facType":"fire"}},{"type":"Feature","geometry":{"type":"Point","coordinates":[-87.70827,41.89851]},"properties":{"probability":0.691,"inBuffer":false,"facType":"fire"}},{"type":"Feature","geometry":{"type":"Point","coordinates":[-87.70224,41.89854]},"properties":{"probability":0.697,"inBuffer":false,"facType":"substation"}},{"type":"Feature","geometry":{"type":"Point","coordinates":[-87.69621,41.89858]},"properties":{"probability":0.677,"inBuffer":false,"facType":"substation"}},{"type":"Feature","geometry":{"type":"Point","coordinates":[-87.69018,41.89862]},"properties":{"probability":0.704,"inBuffer":true,"facType":"substation"}},{"type":"Feature","geometry":{"type":"Point","coordinates":[-87.68415,41.89865]},"properties":{"probability":0.767,"inBuffer":true,"facType":"substation"}},{"type":"Feature","geometry":{"type":"Point","coordinates":[-87.67812,41.89869]},"properties":{"probability":0.763,"inBuffer":true,"facType":"police"}},{"type":"Feature","geometry":{"type":"Point","coordinates":[-87.6721,41.89872]},"properties":{"probability":0.785,"inBuffer":true,"facType":"police"}},{"type":"Feature","geometry":{"type":"Point","coordinates":[-87.66607,41.89876]},"properties":{"probability":0.812,"inBuffer":true,"facType":"substation"}},{"type":"Feature","geometry":{"type":"Point","coordinates":[-87.66004,41.89879]},"properties":{"probability":0.821,"inBuffer":true,"facType":"substation"}},{"type":"Feature","geometry":{"type":"Point","coordinates":[-87.65401,41.89883]},"properties":{"probability":0.824,"inBuffer":true,"facType":"substation"}},{"type":"Feature","geometry":{"type":"Point","coordinates":[-87.64799,41.89886]},"properties":{"probability":0.821,"inBuffer":true,"facType":"substation"}},{"type":"Feature","geometry":{"type":"Point","coordinates":[-87.64196,41.8989]},"properties":{"probability":0.822,"inBuffer":true,"facType":"government"}},{"type":"Feature","geometry":{"type":"Point","coordinates":[-87.63593,41.89893]},"properties":{"probability":0.825,"inBuffer":true,"facType":"substation"}},{"type":"Feature","geometry":{"type":"Point","coordinates":[-87.62991,41.89896]},"properties":{"probability":0.834,"inBuffer":true,"facType":"government"}},{"type":"Feature","geometry":{"type":"Point","coordinates":[-87.62388,41.89899]},"properties":{"probability":0.836,"inBuffer":true,"facType":"water_works"}},{"type":"Feature","geometry":{"type":"Point","coordinates":[-87.61785,41.89903]},"properties":{"probability":0.818,"inBuffer":true,"facType":"fire"}},{"type":"Feature","geometry":{"type":"Point","coordinates":[-87.61182,41.89906]},"properties":{"probability":0.48,"inBuffer":false,"facType":"water_works"}},{"type":"Feature","geometry":{"type":"Point","coordinates":[-87.6058,41.89909]},"properties":{"probability":0.508,"inBuffer":false,"facType":"water_works"}},{"type":"Feature","geometry":{"type":"Point","coordinates":[-87.59977,41.89912]},"properties":{"probability":0.226,"inBuffer":false,"facType":"water_works"}},{"type":"Feature","geometry":{"type":"Point","coordinates":[-87.59374,41.89915]},"properties":{"probability":0.151,"inBuffer":false,"facType":"water_works"}},{"type":"Feature","geometry":{"type":"Point","coordinates":[-87.58772,41.89919]},"properties":{"probability":0.147,"inBuffer":false,"facType":"water_works"}},{"type":"Feature","geometry":{"type":"Point","coordinates":[-87.80464,41.89337]},"properties":{"probability":0.602,"inBuffer":false,"facType":"substation"}},{"type":"Feature","geometry":{"type":"Point","coordinates":[-87.79861,41.89341]},"properties":{"probability":0.48,"inBuffer":false,"facType":"substation"}},{"type":"Feature","geometry":{"type":"Point","coordinates":[-87.79259,41.89345]},"properties":{"probability":0.503,"inBuffer":true,"facType":"substation"}},{"type":"Feature","geometry":{"type":"Point","coordinates":[-87.78656,41.89349]},"properties":{"probability":0.475,"inBuffer":true,"facType":"fire"}},{"type":"Feature","geometry":{"type":"Point","coordinates":[-87.78053,41.89353]},"properties":{"probability":0.585,"inBuffer":true,"facType":"substation"}},{"type":"Feature","geometry":{"type":"Point","coordinates":[-87.77451,41.89357]},"properties":{"probability":0.659,"inBuffer":false,"facType":"substation"}},{"type":"Feature","geometry":{"type":"Point","coordinates":[-87.76849,41.89362]},"properties":{"probability":0.669,"inBuffer":true,"facType":"substation"}},{"type":"Feature","geometry":{"type":"Point","coordinates":[-87.76246,41.89365]},"properties":{"probability":0.658,"inBuffer":true,"facType":"police"}},{"type":"Feature","geometry":{"type":"Point","coordinates":[-87.75643,41.8937]},"properties":{"probability":0.663,"inBuffer":true,"facType":"police"}},{"type":"Feature","geometry":{"type":"Point","coordinates":[-87.7504,41.89373]},"properties":{"probability":0.657,"inBuffer":true,"facType":"government"}},{"type":"Feature","geometry":{"type":"Point","coordinates":[-87.74438,41.89377]},"properties":{"probability":0.657,"inBuffer":true,"facType":"fire"}},{"type":"Feature","geometry":{"type":"Point","coordinates":[-87.73835,41.89381]},"properties":{"probability":0.642,"inBuffer":false,"facType":"government"}},{"type":"Feature","geometry":{"type":"Point","coordinates":[-87.73232,41.89385]},"properties":{"probability":0.661,"inBuffer":false,"facType":"government"}},{"type":"Feature","geometry":{"type":"Point","coordinates":[-87.7263,41.89389]},"properties":{"probability":0.684,"inBuffer":false,"facType":"government"}},{"type":"Feature","geometry":{"type":"Point","coordinates":[-87.72027,41.89393]},"properties":{"probability":0.662,"inBuffer":false,"facType":"government"}},{"type":"Feature","geometry":{"type":"Point","coordinates":[-87.71424,41.89397]},"properties":{"probability":0.661,"inBuffer":false,"facType":"fire"}},{"type":"Feature","geometry":{"type":"Point","coordinates":[-87.70821,41.894]},"properties":{"probability":0.699,"inBuffer":true,"facType":"fire"}},{"type":"Feature","geometry":{"type":"Point","coordinates":[-87.70219,41.89404]},"properties":{"probability":0.715,"inBuffer":true,"facType":"fire"}},{"type":"Feature","geometry":{"type":"Point","coordinates":[-87.69616,41.89408]},"properties":{"probability":0.703,"inBuffer":false,"facType":"substation"}},{"type":"Feature","geometry":{"type":"Point","coordinates":[-87.69013,41.89411]},"properties":{"probability":0.715,"inBuffer":false,"facType":"substation"}},{"type":"Feature","geometry":{"type":"Point","coordinates":[-87.6841,41.89415]},"properties":{"probability":0.763,"inBuffer":false,"facType":"substation"}},{"type":"Feature","geometry":{"type":"Point","coordinates":[-87.67808,41.89418]},"properties":{"probability":0.74,"inBuffer":true,"facType":"police"}},{"type":"Feature","geometry":{"type":"Point","coordinates":[-87.67205,41.89422]},"properties":{"probability":0.785,"inBuffer":true,"facType":"government"}},{"type":"Feature","geometry":{"type":"Point","coordinates":[-87.66602,41.89426]},"properties":{"probability":0.801,"inBuffer":true,"facType":"government"}},{"type":"Feature","geometry":{"type":"Point","coordinates":[-87.66,41.89429]},"properties":{"probability":0.823,"inBuffer":true,"facType":"fire"}},{"type":"Feature","geometry":{"type":"Point","coordinates":[-87.65397,41.89433]},"properties":{"probability":0.821,"inBuffer":true,"facType":"fire"}},{"type":"Feature","geometry":{"type":"Point","coordinates":[-87.64794,41.89436]},"properties":{"probability":0.824,"inBuffer":true,"facType":"fire"}},{"type":"Feature","geometry":{"type":"Point","coordinates":[-87.64191,41.89439]},"properties":{"probability":0.818,"inBuffer":false,"facType":"government"}},{"type":"Feature","geometry":{"type":"Point","coordinates":[-87.63589,41.89442]},"properties":{"probability":0.842,"inBuffer":true,"facType":"substation"}},{"type":"Feature","geometry":{"type":"Point","coordinates":[-87.62986,41.89446]},"properties":{"probability":0.834,"inBuffer":true,"facType":"substation"}},{"type":"Feature","geometry":{"type":"Point","coordinates":[-87.62383,41.89449]},"properties":{"probability":0.836,"inBuffer":true,"facType":"government"}},{"type":"Feature","geometry":{"type":"Point","coordinates":[-87.61781,41.89452]},"properties":{"probability":0.823,"inBuffer":true,"facType":"fire"}},{"type":"Feature","geometry":{"type":"Point","coordinates":[-87.61178,41.89456]},"properties":{"probability":0.632,"inBuffer":false,"facType":"substation"}},{"type":"Feature","geometry":{"type":"Point","coordinates":[-87.60576,41.89459]},"properties":{"probability":0.596,"inBuffer":false,"facType":"water_works"}},{"type":"Feature","geometry":{"type":"Point","coordinates":[-87.59973,41.89462]},"properties":{"probability":0.317,"inBuffer":false,"facType":"water_works"}},{"type":"Feature","geometry":{"type":"Point","coordinates":[-87.5937,41.89465]},"properties":{"probability":0.265,"inBuffer":false,"facType":"water_works"}},{"type":"Feature","geometry":{"type":"Point","coordinates":[-87.58768,41.89468]},"properties":{"probability":0.147,"inBuffer":false,"facType":"water_works"}},{"type":"Feature","geometry":{"type":"Point","coordinates":[-87.58165,41.89471]},"properties":{"probability":0.156,"inBuffer":false,"facType":"water_works"}},{"type":"Feature","geometry":{"type":"Point","coordinates":[-87.80459,41.88886]},"properties":{"probability":0.681,"inBuffer":false,"facType":"substation"}},{"type":"Feature","geometry":{"type":"Point","coordinates":[-87.79856,41.8889]},"properties":{"probability":0.606,"inBuffer":true,"facType":"government"}},{"type":"Feature","geometry":{"type":"Point","coordinates":[-87.79253,41.88895]},"properties":{"probability":0.585,"inBuffer":true,"facType":"fire"}},{"type":"Feature","geometry":{"type":"Point","coordinates":[-87.78651,41.88899]},"properties":{"probability":0.57,"inBuffer":true,"facType":"substation"}},{"type":"Feature","geometry":{"type":"Point","coordinates":[-87.78048,41.88903]},"properties":{"probability":0.578,"inBuffer":false,"facType":"substation"}},{"type":"Feature","geometry":{"type":"Point","coordinates":[-87.77445,41.88907]},"properties":{"probability":0.653,"inBuffer":true,"facType":"fire"}},{"type":"Feature","geometry":{"type":"Point","coordinates":[-87.76842,41.88911]},"properties":{"probability":0.671,"inBuffer":true,"facType":"fire"}},{"type":"Feature","geometry":{"type":"Point","coordinates":[-87.76241,41.88915]},"properties":{"probability":0.66,"inBuffer":true,"facType":"substation"}},{"type":"Feature","geometry":{"type":"Point","coordinates":[-87.75638,41.88919]},"properties":{"probability":0.651,"inBuffer":true,"facType":"substation"}},{"type":"Feature","geometry":{"type":"Point","coordinates":[-87.75035,41.88923]},"properties":{"probability":0.66,"inBuffer":true,"facType":"government"}},{"type":"Feature","geometry":{"type":"Point","coordinates":[-87.74432,41.88927]},"properties":{"probability":0.656,"inBuffer":false,"facType":"fire"}},{"type":"Feature","geometry":{"type":"Point","coordinates":[-87.7383,41.88931]},"properties":{"probability":0.655,"inBuffer":false,"facType":"government"}},{"type":"Feature","geometry":{"type":"Point","coordinates":[-87.73227,41.88935]},"properties":{"probability":0.682,"inBuffer":false,"facType":"government"}},{"type":"Feature","geometry":{"type":"Point","coordinates":[-87.72624,41.88939]},"properties":{"probability":0.692,"inBuffer":true,"facType":"government"}},{"type":"Feature","geometry":{"type":"Point","coordinates":[-87.72021,41.88942]},"properties":{"probability":0.666,"inBuffer":false,"facType":"substation"}},{"type":"Feature","geometry":{"type":"Point","coordinates":[-87.71419,41.88946]},"properties":{"probability":0.695,"inBuffer":true,"facType":"fire"}},{"type":"Feature","geometry":{"type":"Point","coordinates":[-87.70817,41.8895]},"properties":{"probability":0.687,"inBuffer":true,"facType":"fire"}},{"type":"Feature","geometry":{"type":"Point","coordinates":[-87.70214,41.88954]},"properties":{"probability":0.716,"inBuffer":true,"facType":"fire"}},{"type":"Feature","geometry":{"type":"Point","coordinates":[-87.69611,41.88957]},"properties":{"probability":0.697,"inBuffer":false,"facType":"substation"}},{"type":"Feature","geometry":{"type":"Point","coordinates":[-87.69009,41.88961]},"properties":{"probability":0.706,"inBuffer":false,"facType":"substation"}},{"type":"Feature","geometry":{"type":"Point","coordinates":[-87.68406,41.88964]},"properties":{"probability":0.715,"inBuffer":false,"facType":"substation"}},{"type":"Feature","geometry":{"type":"Point","coordinates":[-87.67803,41.88968]},"properties":{"probability":0.781,"inBuffer":false,"facType":"government"}},{"type":"Feature","geometry":{"type":"Point","coordinates":[-87.672,41.88972]},"properties":{"probability":0.789,"inBuffer":false,"facType":"substation"}},{"type":"Feature","geometry":{"type":"Point","coordinates":[-87.66598,41.88975]},"properties":{"probability":0.794,"inBuffer":false,"facType":"substation"}},{"type":"Feature","geometry":{"type":"Point","coordinates":[-87.65995,41.88979]},"properties":{"probability":0.807,"inBuffer":false,"facType":"substation"}},{"type":"Feature","geometry":{"type":"Point","coordinates":[-87.65392,41.88982]},"properties":{"probability":0.821,"inBuffer":true,"facType":"substation"}},{"type":"Feature","geometry":{"type":"Point","coordinates":[-87.6479,41.88985]},"properties":{"probability":0.821,"inBuffer":false,"facType":"substation"}},{"type":"Feature","geometry":{"type":"Point","coordinates":[-87.64187,41.88989]},"properties":{"probability":0.807,"inBuffer":false,"facType":"substation"}},{"type":"Feature","geometry":{"type":"Point","coordinates":[-87.63585,41.88992]},"properties":{"probability":0.841,"inBuffer":true,"facType":"substation"}},{"type":"Feature","geometry":{"type":"Point","coordinates":[-87.62982,41.88996]},"properties":{"probability":0.837,"inBuffer":true,"facType":"government"}},{"type":"Feature","geometry":{"type":"Point","coordinates":[-87.62379,41.88999]},"properties":{"probability":0.84,"inBuffer":true,"facType":"fire"}},{"type":"Feature","geometry":{"type":"Point","coordinates":[-87.61777,41.89002]},"properties":{"probability":0.795,"inBuffer":true,"facType":"fire"}},{"type":"Feature","geometry":{"type":"Point","coordinates":[-87.61174,41.89005]},"properties":{"probability":0.709,"inBuffer":true,"facType":"police"}},{"type":"Feature","geometry":{"type":"Point","coordinates":[-87.60571,41.89009]},"properties":{"probability":0.628,"inBuffer":true,"facType":"police"}},{"type":"Feature","geometry":{"type":"Point","coordinates":[-87.59969,41.89012]},"properties":{"probability":0.487,"inBuffer":false,"facType":"water_works"}},{"type":"Feature","geometry":{"type":"Point","coordinates":[-87.59366,41.89015]},"properties":{"probability":0.22,"inBuffer":false,"facType":"water_works"}},{"type":"Feature","geometry":{"type":"Point","coordinates":[-87.58763,41.89018]},"properties":{"probability":0.143,"inBuffer":false,"facType":"water_works"}},{"type":"Feature","geometry":{"type":"Point","coordinates":[-87.5816,41.89021]},"properties":{"probability":0.143,"inBuffer":false,"facType":"water_works"}},{"type":"Feature","geometry":{"type":"Point","coordinates":[-87.57558,41.89024]},"properties":{"probability":0.143,"inBuffer":false,"facType":"water_works"}},{"type":"Feature","geometry":{"type":"Point","coordinates":[-87.80453,41.88436]},"properties":{"probability":0.698,"inBuffer":false,"facType":"government"}},{"type":"Feature","geometry":{"type":"Point","coordinates":[-87.79851,41.8844]},"properties":{"probability":0.589,"inBuffer":true,"facType":"government"}},{"type":"Feature","geometry":{"type":"Point","coordinates":[-87.79248,41.88445]},"properties":{"probability":0.585,"inBuffer":true,"facType":"government"}},{"type":"Feature","geometry":{"type":"Point","coordinates":[-87.78645,41.88449]},"properties":{"probability":0.587,"inBuffer":true,"facType":"substation"}},{"type":"Feature","geometry":{"type":"Point","coordinates":[-87.78043,41.88453]},"properties":{"probability":0.587,"inBuffer":true,"facType":"government"}},{"type":"Feature","geometry":{"type":"Point","coordinates":[-87.7744,41.88457]},"properties":{"probability":0.662,"inBuffer":true,"facType":"government"}},{"type":"Feature","geometry":{"type":"Point","coordinates":[-87.76837,41.88461]},"properties":{"probability":0.689,"inBuffer":true,"facType":"fire"}},{"type":"Feature","geometry":{"type":"Point","coordinates":[-87.76235,41.88465]},"properties":{"probability":0.683,"inBuffer":true,"facType":"substation"}},{"type":"Feature","geometry":{"type":"Point","coordinates":[-87.75632,41.88469]},"properties":{"probability":0.683,"inBuffer":false,"facType":"substation"}},{"type":"Feature","geometry":{"type":"Point","coordinates":[-87.7503,41.88473]},"properties":{"probability":0.682,"inBuffer":false,"facType":"substation"}},{"type":"Feature","geometry":{"type":"Point","coordinates":[-87.74427,41.88477]},"properties":{"probability":0.688,"inBuffer":false,"facType":"fire"}},{"type":"Feature","geometry":{"type":"Point","coordinates":[-87.73824,41.88481]},"properties":{"probability":0.686,"inBuffer":false,"facType":"government"}},{"type":"Feature","geometry":{"type":"Point","coordinates":[-87.73222,41.88485]},"properties":{"probability":0.676,"inBuffer":true,"facType":"government"}},{"type":"Feature","geometry":{"type":"Point","coordinates":[-87.7262,41.88488]},"properties":{"probability":0.701,"inBuffer":true,"facType":"government"}},{"type":"Feature","geometry":{"type":"Point","coordinates":[-87.72017,41.88492]},"properties":{"probability":0.687,"inBuffer":true,"facType":"substation"}},{"type":"Feature","geometry":{"type":"Point","coordinates":[-87.71414,41.88496]},"properties":{"probability":0.687,"inBuffer":false,"facType":"fire"}},{"type":"Feature","geometry":{"type":"Point","coordinates":[-87.70811,41.88499]},"properties":{"probability":0.702,"inBuffer":true,"facType":"fire"}},{"type":"Feature","geometry":{"type":"Point","coordinates":[-87.70209,41.88503]},"properties":{"probability":0.713,"inBuffer":true,"facType":"fire"}},{"type":"Feature","geometry":{"type":"Point","coordinates":[-87.69606,41.88507]},"properties":{"probability":0.695,"inBuffer":false,"facType":"substation"}},{"type":"Feature","geometry":{"type":"Point","coordinates":[-87.69003,41.88511]},"properties":{"probability":0.717,"inBuffer":false,"facType":"substation"}},{"type":"Feature","geometry":{"type":"Point","coordinates":[-87.68401,41.88514]},"properties":{"probability":0.776,"inBuffer":true,"facType":"substation"}},{"type":"Feature","geometry":{"type":"Point","coordinates":[-87.67799,41.88518]},"properties":{"probability":0.818,"inBuffer":true,"facType":"government"}},{"type":"Feature","geometry":{"type":"Point","coordinates":[-87.67196,41.88521]},"properties":{"probability":0.816,"inBuffer":false,"facType":"substation"}},{"type":"Feature","geometry":{"type":"Point","coordinates":[-87.66593,41.88525]},"properties":{"probability":0.819,"inBuffer":true,"facType":"substation"}},{"type":"Feature","geometry":{"type":"Point","coordinates":[-87.6599,41.88528]},"properties":{"probability":0.819,"inBuffer":true,"facType":"substation"}},{"type":"Feature","geometry":{"type":"Point","coordinates":[-87.65388,41.88532]},"properties":{"probability":0.82,"inBuffer":false,"facType":"substation"}},{"type":"Feature","geometry":{"type":"Point","coordinates":[-87.64785,41.88535]},"properties":{"probability":0.82,"inBuffer":false,"facType":"substation"}},{"type":"Feature","geometry":{"type":"Point","coordinates":[-87.64183,41.88539]},"properties":{"probability":0.833,"inBuffer":false,"facType":"substation"}},{"type":"Feature","geometry":{"type":"Point","coordinates":[-87.6358,41.88542]},"properties":{"probability":0.842,"inBuffer":true,"facType":"government"}},{"type":"Feature","geometry":{"type":"Point","coordinates":[-87.62978,41.88545]},"properties":{"probability":0.825,"inBuffer":true,"facType":"government"}},{"type":"Feature","geometry":{"type":"Point","coordinates":[-87.62375,41.88549]},"properties":{"probability":0.842,"inBuffer":true,"facType":"substation"}},{"type":"Feature","geometry":{"type":"Point","coordinates":[-87.61772,41.88552]},"properties":{"probability":0.803,"inBuffer":true,"facType":"fire"}},{"type":"Feature","geometry":{"type":"Point","coordinates":[-87.61169,41.88555]},"properties":{"probability":0.605,"inBuffer":true,"facType":"police"}},{"type":"Feature","geometry":{"type":"Point","coordinates":[-87.60567,41.88558]},"properties":{"probability":0.539,"inBuffer":true,"facType":"police"}},{"type":"Feature","geometry":{"type":"Point","coordinates":[-87.59964,41.88561]},"properties":{"probability":0.212,"inBuffer":false,"facType":"police"}},{"type":"Feature","geometry":{"type":"Point","coordinates":[-87.59362,41.88565]},"properties":{"probability":0.172,"inBuffer":false,"facType":"police"}},{"type":"Feature","geometry":{"type":"Point","coordinates":[-87.58759,41.88568]},"properties":{"probability":0.16,"inBuffer":false,"facType":"water_works"}},{"type":"Feature","geometry":{"type":"Point","coordinates":[-87.80447,41.87986]},"properties":{"probability":0.66,"inBuffer":false,"facType":"government"}},{"type":"Feature","geometry":{"type":"Point","coordinates":[-87.79845,41.8799]},"properties":{"probability":0.582,"inBuffer":false,"facType":"government"}},{"type":"Feature","geometry":{"type":"Point","coordinates":[-87.79242,41.87994]},"properties":{"probability":0.538,"inBuffer":false,"facType":"government"}},{"type":"Feature","geometry":{"type":"Point","coordinates":[-87.7864,41.87998]},"properties":{"probability":0.58,"inBuffer":true,"facType":"government"}},{"type":"Feature","geometry":{"type":"Point","coordinates":[-87.78037,41.88002]},"properties":{"probability":0.616,"inBuffer":true,"facType":"government"}},{"type":"Feature","geometry":{"type":"Point","coordinates":[-87.77435,41.88007]},"properties":{"probability":0.664,"inBuffer":true,"facType":"government"}},{"type":"Feature","geometry":{"type":"Point","coordinates":[-87.76832,41.8801]},"properties":{"probability":0.685,"inBuffer":true,"facType":"police"}},{"type":"Feature","geometry":{"type":"Point","coordinates":[-87.7623,41.88015]},"properties":{"probability":0.685,"inBuffer":true,"facType":"police"}},{"type":"Feature","geometry":{"type":"Point","coordinates":[-87.75627,41.88018]},"properties":{"probability":0.675,"inBuffer":false,"facType":"fire"}},{"type":"Feature","geometry":{"type":"Point","coordinates":[-87.75024,41.88023]},"properties":{"probability":0.677,"inBuffer":false,"facType":"fire"}},{"type":"Feature","geometry":{"type":"Point","coordinates":[-87.74422,41.88026]},"properties":{"probability":0.686,"inBuffer":false,"facType":"substation"}},{"type":"Feature","geometry":{"type":"Point","coordinates":[-87.73819,41.8803]},"properties":{"probability":0.684,"inBuffer":false,"facType":"substation"}},{"type":"Feature","geometry":{"type":"Point","coordinates":[-87.73217,41.88034]},"properties":{"probability":0.704,"inBuffer":true,"facType":"fire"}},{"type":"Feature","geometry":{"type":"Point","coordinates":[-87.72614,41.88038]},"properties":{"probability":0.717,"inBuffer":true,"facType":"fire"}},{"type":"Feature","geometry":{"type":"Point","coordinates":[-87.72012,41.88042]},"properties":{"probability":0.688,"inBuffer":true,"facType":"fire"}},{"type":"Feature","geometry":{"type":"Point","coordinates":[-87.71409,41.88046]},"properties":{"probability":0.681,"inBuffer":false,"facType":"government"}},{"type":"Feature","geometry":{"type":"Point","coordinates":[-87.70806,41.88049]},"properties":{"probability":0.707,"inBuffer":false,"facType":"government"}},{"type":"Feature","geometry":{"type":"Point","coordinates":[-87.70204,41.88053]},"properties":{"probability":0.716,"inBuffer":false,"facType":"government"}},{"type":"Feature","geometry":{"type":"Point","coordinates":[-87.69601,41.88057]},"properties":{"probability":0.719,"inBuffer":false,"facType":"substation"}},{"type":"Feature","geometry":{"type":"Point","coordinates":[-87.68999,41.8806]},"properties":{"probability":0.802,"inBuffer":true,"facType":"substation"}},{"type":"Feature","geometry":{"type":"Point","coordinates":[-87.68396,41.88064]},"properties":{"probability":0.803,"inBuffer":true,"facType":"fire"}},{"type":"Feature","geometry":{"type":"Point","coordinates":[-87.67793,41.88068]},"properties":{"probability":0.817,"inBuffer":true,"facType":"government"}},{"type":"Feature","geometry":{"type":"Point","coordinates":[-87.67191,41.88071]},"properties":{"probability":0.824,"inBuffer":true,"facType":"substation"}},{"type":"Feature","geometry":{"type":"Point","coordinates":[-87.66589,41.88074]},"properties":{"probability":0.824,"inBuffer":true,"facType":"fire"}},{"type":"Feature","geometry":{"type":"Point","coordinates":[-87.65986,41.88078]},"properties":{"probability":0.82,"inBuffer":true,"facType":"government"}},{"type":"Feature","geometry":{"type":"Point","coordinates":[-87.65383,41.88081]},"properties":{"probability":0.813,"inBuffer":false,"facType":"government"}},{"type":"Feature","geometry":{"type":"Point","coordinates":[-87.6478,41.88085]},"properties":{"probability":0.825,"inBuffer":true,"facType":"substation"}},{"type":"Feature","geometry":{"type":"Point","coordinates":[-87.64178,41.88088]},"properties":{"probability":0.825,"inBuffer":true,"facType":"government"}},{"type":"Feature","geometry":{"type":"Point","coordinates":[-87.63576,41.88092]},"properties":{"probability":0.841,"inBuffer":true,"facType":"government"}},{"type":"Feature","geometry":{"type":"Point","coordinates":[-87.62973,41.88095]},"properties":{"probability":0.824,"inBuffer":true,"facType":"government"}},{"type":"Feature","geometry":{"type":"Point","coordinates":[-87.6237,41.88098]},"properties":{"probability":0.842,"inBuffer":true,"facType":"government"}},{"type":"Feature","geometry":{"type":"Point","coordinates":[-87.61768,41.88102]},"properties":{"probability":0.8,"inBuffer":true,"facType":"substation"}},{"type":"Feature","geometry":{"type":"Point","coordinates":[-87.61166,41.88105]},"properties":{"probability":0.527,"inBuffer":true,"facType":"police"}},{"type":"Feature","geometry":{"type":"Point","coordinates":[-87.60563,41.88108]},"properties":{"probability":0.328,"inBuffer":false,"facType":"police"}},{"type":"Feature","geometry":{"type":"Point","coordinates":[-87.5996,41.88111]},"properties":{"probability":0.185,"inBuffer":false,"facType":"police"}},{"type":"Feature","geometry":{"type":"Point","coordinates":[-87.59357,41.88114]},"properties":{"probability":0.172,"inBuffer":false,"facType":"police"}},{"type":"Feature","geometry":{"type":"Point","coordinates":[-87.58755,41.88117]},"properties":{"probability":0.156,"inBuffer":false,"facType":"police"}},{"type":"Feature","geometry":{"type":"Point","coordinates":[-87.80442,41.87535]},"properties":{"probability":0.657,"inBuffer":false,"facType":"fire"}},{"type":"Feature","geometry":{"type":"Point","coordinates":[-87.79839,41.8754]},"properties":{"probability":0.565,"inBuffer":false,"facType":"fire"}},{"type":"Feature","geometry":{"type":"Point","coordinates":[-87.79237,41.87544]},"properties":{"probability":0.551,"inBuffer":true,"facType":"fire"}},{"type":"Feature","geometry":{"type":"Point","coordinates":[-87.78634,41.87548]},"properties":{"probability":0.553,"inBuffer":true,"facType":"government"}},{"type":"Feature","geometry":{"type":"Point","coordinates":[-87.78032,41.87552]},"properties":{"probability":0.581,"inBuffer":true,"facType":"police"}},{"type":"Feature","geometry":{"type":"Point","coordinates":[-87.77429,41.87556]},"properties":{"probability":0.644,"inBuffer":true,"facType":"police"}},{"type":"Feature","geometry":{"type":"Point","coordinates":[-87.76826,41.8756]},"properties":{"probability":0.66,"inBuffer":true,"facType":"police"}},{"type":"Feature","geometry":{"type":"Point","coordinates":[-87.76225,41.87564]},"properties":{"probability":0.688,"inBuffer":true,"facType":"power"}},{"type":"Feature","geometry":{"type":"Point","coordinates":[-87.75622,41.87568]},"properties":{"probability":0.694,"inBuffer":true,"facType":"fire"}},{"type":"Feature","geometry":{"type":"Point","coordinates":[-87.75019,41.87572]},"properties":{"probability":0.689,"inBuffer":true,"facType":"fire"}},{"type":"Feature","geometry":{"type":"Point","coordinates":[-87.74416,41.87576]},"properties":{"probability":0.687,"inBuffer":false,"facType":"substation"}},{"type":"Feature","geometry":{"type":"Point","coordinates":[-87.73814,41.8758]},"properties":{"probability":0.703,"inBuffer":false,"facType":"substation"}},{"type":"Feature","geometry":{"type":"Point","coordinates":[-87.73212,41.87584]},"properties":{"probability":0.684,"inBuffer":false,"facType":"substation"}},{"type":"Feature","geometry":{"type":"Point","coordinates":[-87.72609,41.87588]},"properties":{"probability":0.696,"inBuffer":false,"facType":"fire"}},{"type":"Feature","geometry":{"type":"Point","coordinates":[-87.72006,41.87592]},"properties":{"probability":0.704,"inBuffer":false,"facType":"fire"}},{"type":"Feature","geometry":{"type":"Point","coordinates":[-87.71404,41.87595]},"properties":{"probability":0.697,"inBuffer":false,"facType":"substation"}},{"type":"Feature","geometry":{"type":"Point","coordinates":[-87.70802,41.87599]},"properties":{"probability":0.712,"inBuffer":true,"facType":"substation"}},{"type":"Feature","geometry":{"type":"Point","coordinates":[-87.70199,41.87603]},"properties":{"probability":0.716,"inBuffer":true,"facType":"police"}},{"type":"Feature","geometry":{"type":"Point","coordinates":[-87.69596,41.87606]},"properties":{"probability":0.743,"inBuffer":false,"facType":"substation"}},{"type":"Feature","geometry":{"type":"Point","coordinates":[-87.68994,41.8761]},"properties":{"probability":0.801,"inBuffer":false,"facType":"substation"}},{"type":"Feature","geometry":{"type":"Point","coordinates":[-87.68391,41.87614]},"properties":{"probability":0.807,"inBuffer":true,"facType":"government"}},{"type":"Feature","geometry":{"type":"Point","coordinates":[-87.67789,41.87617]},"properties":{"probability":0.821,"inBuffer":true,"facType":"government"}},{"type":"Feature","geometry":{"type":"Point","coordinates":[-87.67187,41.87621]},"properties":{"probability":0.819,"inBuffer":false,"facType":"substation"}},{"type":"Feature","geometry":{"type":"Point","coordinates":[-87.66584,41.87624]},"properties":{"probability":0.816,"inBuffer":true,"facType":"substation"}},{"type":"Feature","geometry":{"type":"Point","coordinates":[-87.65981,41.87628]},"properties":{"probability":0.816,"inBuffer":true,"facType":"government"}},{"type":"Feature","geometry":{"type":"Point","coordinates":[-87.65379,41.87631]},"properties":{"probability":0.822,"inBuffer":false,"facType":"fire"}},{"type":"Feature","geometry":{"type":"Point","coordinates":[-87.64777,41.87635]},"properties":{"probability":0.839,"inBuffer":true,"facType":"fire"}},{"type":"Feature","geometry":{"type":"Point","coordinates":[-87.64174,41.87638]},"properties":{"probability":0.839,"inBuffer":true,"facType":"government"}},{"type":"Feature","geometry":{"type":"Point","coordinates":[-87.63571,41.87641]},"properties":{"probability":0.833,"inBuffer":true,"facType":"power"}},{"type":"Feature","geometry":{"type":"Point","coordinates":[-87.62968,41.87645]},"properties":{"probability":0.842,"inBuffer":true,"facType":"government"}},{"type":"Feature","geometry":{"type":"Point","coordinates":[-87.62366,41.87648]},"properties":{"probability":0.835,"inBuffer":true,"facType":"substation"}},{"type":"Feature","geometry":{"type":"Point","coordinates":[-87.61764,41.87651]},"properties":{"probability":0.801,"inBuffer":false,"facType":"substation"}},{"type":"Feature","geometry":{"type":"Point","coordinates":[-87.61161,41.87654]},"properties":{"probability":0.423,"inBuffer":false,"facType":"substation"}},{"type":"Feature","geometry":{"type":"Point","coordinates":[-87.60558,41.87658]},"properties":{"probability":0.344,"inBuffer":false,"facType":"police"}},{"type":"Feature","geometry":{"type":"Point","coordinates":[-87.59956,41.87661]},"properties":{"probability":0.195,"inBuffer":false,"facType":"police"}},{"type":"Feature","geometry":{"type":"Point","coordinates":[-87.59354,41.87664]},"properties":{"probability":0.15,"inBuffer":false,"facType":"police"}},{"type":"Feature","geometry":{"type":"Point","coordinates":[-87.58751,41.87667]},"properties":{"probability":0.144,"inBuffer":false,"facType":"police"}},{"type":"Feature","geometry":{"type":"Point","coordinates":[-87.80436,41.87085]},"properties":{"probability":0.66,"inBuffer":false,"facType":"fire"}},{"type":"Feature","geometry":{"type":"Point","coordinates":[-87.79833,41.8709]},"properties":{"probability":0.596,"inBuffer":false,"facType":"fire"}},{"type":"Feature","geometry":{"type":"Point","coordinates":[-87.79231,41.87094]},"properties":{"probability":0.576,"inBuffer":true,"facType":"fire"}},{"type":"Feature","geometry":{"type":"Point","coordinates":[-87.78629,41.87098]},"properties":{"probability":0.555,"inBuffer":true,"facType":"government"}},{"type":"Feature","geometry":{"type":"Point","coordinates":[-87.78027,41.87102]},"properties":{"probability":0.594,"inBuffer":true,"facType":"substation"}},{"type":"Feature","geometry":{"type":"Point","coordinates":[-87.77424,41.87106]},"properties":{"probability":0.604,"inBuffer":false,"facType":"substation"}},{"type":"Feature","geometry":{"type":"Point","coordinates":[-87.76821,41.8711]},"properties":{"probability":0.637,"inBuffer":true,"facType":"substation"}},{"type":"Feature","geometry":{"type":"Point","coordinates":[-87.76219,41.87114]},"properties":{"probability":0.67,"inBuffer":true,"facType":"substation"}},{"type":"Feature","geometry":{"type":"Point","coordinates":[-87.75616,41.87118]},"properties":{"probability":0.693,"inBuffer":true,"facType":"government"}},{"type":"Feature","geometry":{"type":"Point","coordinates":[-87.75014,41.87122]},"properties":{"probability":0.705,"inBuffer":true,"facType":"fire"}},{"type":"Feature","geometry":{"type":"Point","coordinates":[-87.74412,41.87126]},"properties":{"probability":0.749,"inBuffer":false,"facType":"substation"}},{"type":"Feature","geometry":{"type":"Point","coordinates":[-87.73809,41.8713]},"properties":{"probability":0.724,"inBuffer":false,"facType":"substation"}},{"type":"Feature","geometry":{"type":"Point","coordinates":[-87.73206,41.87133]},"properties":{"probability":0.668,"inBuffer":false,"facType":"substation"}},{"type":"Feature","geometry":{"type":"Point","coordinates":[-87.72604,41.87137]},"properties":{"probability":0.69,"inBuffer":false,"facType":"substation"}},{"type":"Feature","geometry":{"type":"Point","coordinates":[-87.72002,41.87141]},"properties":{"probability":0.74,"inBuffer":false,"facType":"police"}},{"type":"Feature","geometry":{"type":"Point","coordinates":[-87.71399,41.87145]},"properties":{"probability":0.772,"inBuffer":true,"facType":"police"}},{"type":"Feature","geometry":{"type":"Point","coordinates":[-87.70796,41.87149]},"properties":{"probability":0.734,"inBuffer":true,"facType":"government"}},{"type":"Feature","geometry":{"type":"Point","coordinates":[-87.70194,41.87152]},"properties":{"probability":0.716,"inBuffer":true,"facType":"police"}},{"type":"Feature","geometry":{"type":"Point","coordinates":[-87.69592,41.87156]},"properties":{"probability":0.708,"inBuffer":true,"facType":"fire"}},{"type":"Feature","geometry":{"type":"Point","coordinates":[-87.68989,41.8716]},"properties":{"probability":0.769,"inBuffer":true,"facType":"substation"}},{"type":"Feature","geometry":{"type":"Point","coordinates":[-87.68387,41.87163]},"properties":{"probability":0.799,"inBuffer":false,"facType":"government"}},{"type":"Feature","geometry":{"type":"Point","coordinates":[-87.67784,41.87167]},"properties":{"probability":0.819,"inBuffer":false,"facType":"government"}},{"type":"Feature","geometry":{"type":"Point","coordinates":[-87.67181,41.8717]},"properties":{"probability":0.819,"inBuffer":false,"facType":"substation"}},{"type":"Feature","geometry":{"type":"Point","coordinates":[-87.66579,41.87174]},"properties":{"probability":0.803,"inBuffer":false,"facType":"substation"}},{"type":"Feature","geometry":{"type":"Point","coordinates":[-87.65977,41.87177]},"properties":{"probability":0.803,"inBuffer":false,"facType":"power"}},{"type":"Feature","geometry":{"type":"Point","coordinates":[-87.65374,41.87181]},"properties":{"probability":0.823,"inBuffer":true,"facType":"power"}},{"type":"Feature","geometry":{"type":"Point","coordinates":[-87.64772,41.87184]},"properties":{"probability":0.837,"inBuffer":true,"facType":"government"}},{"type":"Feature","geometry":{"type":"Point","coordinates":[-87.64169,41.87188]},"properties":{"probability":0.842,"inBuffer":true,"facType":"substation"}},{"type":"Feature","geometry":{"type":"Point","coordinates":[-87.63567,41.87191]},"properties":{"probability":0.821,"inBuffer":true,"facType":"substation"}},{"type":"Feature","geometry":{"type":"Point","coordinates":[-87.62964,41.87194]},"properties":{"probability":0.835,"inBuffer":true,"facType":"substation"}},{"type":"Feature","geometry":{"type":"Point","coordinates":[-87.62362,41.87197]},"properties":{"probability":0.811,"inBuffer":true,"facType":"government"}},{"type":"Feature","geometry":{"type":"Point","coordinates":[-87.61759,41.87201]},"properties":{"probability":0.797,"inBuffer":false,"facType":"government"}},{"type":"Feature","geometry":{"type":"Point","coordinates":[-87.61156,41.87204]},"properties":{"probability":0.487,"inBuffer":false,"facType":"substation"}},{"type":"Feature","geometry":{"type":"Point","coordinates":[-87.60555,41.87207]},"properties":{"probability":0.352,"inBuffer":false,"facType":"substation"}},{"type":"Feature","geometry":{"type":"Point","coordinates":[-87.59952,41.8721]},"properties":{"probability":0.171,"inBuffer":false,"facType":"police"}},{"type":"Feature","geometry":{"type":"Point","coordinates":[-87.59349,41.87214]},"properties":{"probability":0.146,"inBuffer":false,"facType":"police"}},{"type":"Feature","geometry":{"type":"Point","coordinates":[-87.58747,41.87217]},"properties":{"probability":0.141,"inBuffer":false,"facType":"police"}},{"type":"Feature","geometry":{"type":"Point","coordinates":[-87.58144,41.8722]},"properties":{"probability":0.143,"inBuffer":false,"facType":"police"}},{"type":"Feature","geometry":{"type":"Point","coordinates":[-87.80431,41.86635]},"properties":{"probability":0.693,"inBuffer":false,"facType":"fire"}},{"type":"Feature","geometry":{"type":"Point","coordinates":[-87.79828,41.86639]},"properties":{"probability":0.584,"inBuffer":false,"facType":"fire"}},{"type":"Feature","geometry":{"type":"Point","coordinates":[-87.79226,41.86643]},"properties":{"probability":0.611,"inBuffer":true,"facType":"fire"}},{"type":"Feature","geometry":{"type":"Point","coordinates":[-87.78623,41.86647]},"properties":{"probability":0.625,"inBuffer":true,"facType":"substation"}},{"type":"Feature","geometry":{"type":"Point","coordinates":[-87.7802,41.86652]},"properties":{"probability":0.605,"inBuffer":false,"facType":"substation"}},{"type":"Feature","geometry":{"type":"Point","coordinates":[-87.77419,41.86656]},"properties":{"probability":0.661,"inBuffer":false,"facType":"substation"}},{"type":"Feature","geometry":{"type":"Point","coordinates":[-87.76816,41.8666]},"properties":{"probability":0.667,"inBuffer":false,"facType":"substation"}},{"type":"Feature","geometry":{"type":"Point","coordinates":[-87.76214,41.86664]},"properties":{"probability":0.653,"inBuffer":true,"facType":"substation"}},{"type":"Feature","geometry":{"type":"Point","coordinates":[-87.75611,41.86668]},"properties":{"probability":0.685,"inBuffer":true,"facType":"substation"}},{"type":"Feature","geometry":{"type":"Point","coordinates":[-87.75008,41.86671]},"properties":{"probability":0.67,"inBuffer":false,"facType":"water_works"}},{"type":"Feature","geometry":{"type":"Point","coordinates":[-87.74406,41.86676]},"properties":{"probability":0.713,"inBuffer":false,"facType":"substation"}},{"type":"Feature","geometry":{"type":"Point","coordinates":[-87.73804,41.86679]},"properties":{"probability":0.738,"inBuffer":false,"facType":"substation"}},{"type":"Feature","geometry":{"type":"Point","coordinates":[-87.73201,41.86683]},"properties":{"probability":0.684,"inBuffer":false,"facType":"substation"}},{"type":"Feature","geometry":{"type":"Point","coordinates":[-87.72599,41.86687]},"properties":{"probability":0.669,"inBuffer":false,"facType":"fire"}},{"type":"Feature","geometry":{"type":"Point","coordinates":[-87.71996,41.86691]},"properties":{"probability":0.718,"inBuffer":false,"facType":"police"}},{"type":"Feature","geometry":{"type":"Point","coordinates":[-87.71394,41.86695]},"properties":{"probability":0.771,"inBuffer":true,"facType":"police"}},{"type":"Feature","geometry":{"type":"Point","coordinates":[-87.70792,41.86699]},"properties":{"probability":0.735,"inBuffer":true,"facType":"police"}},{"type":"Feature","geometry":{"type":"Point","coordinates":[-87.70189,41.86702]},"properties":{"probability":0.693,"inBuffer":true,"facType":"fire"}},{"type":"Feature","geometry":{"type":"Point","coordinates":[-87.69587,41.86706]},"properties":{"probability":0.697,"inBuffer":true,"facType":"fire"}},{"type":"Feature","geometry":{"type":"Point","coordinates":[-87.68984,41.86709]},"properties":{"probability":0.71,"inBuffer":true,"facType":"fire"}},{"type":"Feature","geometry":{"type":"Point","coordinates":[-87.68382,41.86713]},"properties":{"probability":0.804,"inBuffer":false,"facType":"government"}},{"type":"Feature","geometry":{"type":"Point","coordinates":[-87.6778,41.86716]},"properties":{"probability":0.819,"inBuffer":false,"facType":"government"}},{"type":"Feature","geometry":{"type":"Point","coordinates":[-87.67177,41.8672]},"properties":{"probability":0.82,"inBuffer":false,"facType":"government"}},{"type":"Feature","geometry":{"type":"Point","coordinates":[-87.66575,41.86724]},"properties":{"probability":0.816,"inBuffer":false,"facType":"substation"}},{"type":"Feature","geometry":{"type":"Point","coordinates":[-87.65972,41.86727]},"properties":{"probability":0.801,"inBuffer":true,"facType":"fire"}},{"type":"Feature","geometry":{"type":"Point","coordinates":[-87.65369,41.86731]},"properties":{"probability":0.818,"inBuffer":true,"facType":"power"}},{"type":"Feature","geometry":{"type":"Point","coordinates":[-87.64767,41.86734]},"properties":{"probability":0.832,"inBuffer":true,"facType":"power"}},{"type":"Feature","geometry":{"type":"Point","coordinates":[-87.64165,41.86737]},"properties":{"probability":0.837,"inBuffer":true,"facType":"substation"}},{"type":"Feature","geometry":{"type":"Point","coordinates":[-87.63562,41.8674]},"properties":{"probability":0.818,"inBuffer":true,"facType":"substation"}},{"type":"Feature","geometry":{"type":"Point","coordinates":[-87.6296,41.86744]},"properties":{"probability":0.821,"inBuffer":true,"facType":"police"}},{"type":"Feature","geometry":{"type":"Point","coordinates":[-87.62357,41.86747]},"properties":{"probability":0.807,"inBuffer":true,"facType":"government"}},{"type":"Feature","geometry":{"type":"Point","coordinates":[-87.61755,41.8675]},"properties":{"probability":0.816,"inBuffer":false,"facType":"government"}},{"type":"Feature","geometry":{"type":"Point","coordinates":[-87.61153,41.86754]},"properties":{"probability":0.59,"inBuffer":false,"facType":"substation"}},{"type":"Feature","geometry":{"type":"Point","coordinates":[-87.6055,41.86757]},"properties":{"probability":0.549,"inBuffer":false,"facType":"substation"}},{"type":"Feature","geometry":{"type":"Point","coordinates":[-87.59947,41.8676]},"properties":{"probability":0.184,"inBuffer":false,"facType":"substation"}},{"type":"Feature","geometry":{"type":"Point","coordinates":[-87.59345,41.86763]},"properties":{"probability":0.153,"inBuffer":false,"facType":"substation"}},{"type":"Feature","geometry":{"type":"Point","coordinates":[-87.58743,41.86766]},"properties":{"probability":0.147,"inBuffer":false,"facType":"police"}},{"type":"Feature","geometry":{"type":"Point","coordinates":[-87.5814,41.86769]},"properties":{"probability":0.148,"inBuffer":false,"facType":"water_works"}},{"type":"Feature","geometry":{"type":"Point","coordinates":[-87.80424,41.86185]},"properties":{"probability":0.681,"inBuffer":false,"facType":"fire"}},{"type":"Feature","geometry":{"type":"Point","coordinates":[-87.79823,41.86189]},"properties":{"probability":0.592,"inBuffer":false,"facType":"fire"}},{"type":"Feature","geometry":{"type":"Point","coordinates":[-87.7922,41.86193]},"properties":{"probability":0.617,"inBuffer":true,"facType":"fire"}},{"type":"Feature","geometry":{"type":"Point","coordinates":[-87.78618,41.86197]},"properties":{"probability":0.621,"inBuffer":true,"facType":"fire"}},{"type":"Feature","geometry":{"type":"Point","coordinates":[-87.78015,41.86201]},"properties":{"probability":0.598,"inBuffer":false,"facType":"fire"}},{"type":"Feature","geometry":{"type":"Point","coordinates":[-87.77413,41.86205]},"properties":{"probability":0.609,"inBuffer":false,"facType":"fire"}},{"type":"Feature","geometry":{"type":"Point","coordinates":[-87.7681,41.86209]},"properties":{"probability":0.662,"inBuffer":true,"facType":"fire"}},{"type":"Feature","geometry":{"type":"Point","coordinates":[-87.76208,41.86213]},"properties":{"probability":0.661,"inBuffer":true,"facType":"fire"}},{"type":"Feature","geometry":{"type":"Point","coordinates":[-87.75606,41.86217]},"properties":{"probability":0.663,"inBuffer":false,"facType":"water_works"}},{"type":"Feature","geometry":{"type":"Point","coordinates":[-87.75003,41.86221]},"properties":{"probability":0.679,"inBuffer":false,"facType":"water_works"}},{"type":"Feature","geometry":{"type":"Point","coordinates":[-87.74401,41.86225]},"properties":{"probability":0.713,"inBuffer":false,"facType":"substation"}},{"type":"Feature","geometry":{"type":"Point","coordinates":[-87.73798,41.86229]},"properties":{"probability":0.69,"inBuffer":false,"facType":"substation"}},{"type":"Feature","geometry":{"type":"Point","coordinates":[-87.73196,41.86233]},"properties":{"probability":0.642,"inBuffer":false,"facType":"fire"}},{"type":"Feature","geometry":{"type":"Point","coordinates":[-87.72594,41.86237]},"properties":{"probability":0.666,"inBuffer":true,"facType":"fire"}},{"type":"Feature","geometry":{"type":"Point","coordinates":[-87.71992,41.86241]},"properties":{"probability":0.668,"inBuffer":true,"facType":"fire"}},{"type":"Feature","geometry":{"type":"Point","coordinates":[-87.71389,41.86244]},"properties":{"probability":0.679,"inBuffer":false,"facType":"police"}},{"type":"Feature","geometry":{"type":"Point","coordinates":[-87.70786,41.86248]},"properties":{"probability":0.667,"inBuffer":true,"facType":"police"}},{"type":"Feature","geometry":{"type":"Point","coordinates":[-87.70184,41.86252]},"properties":{"probability":0.675,"inBuffer":false,"facType":"government"}},{"type":"Feature","geometry":{"type":"Point","coordinates":[-87.69582,41.86255]},"properties":{"probability":0.687,"inBuffer":true,"facType":"fire"}},{"type":"Feature","geometry":{"type":"Point","coordinates":[-87.6898,41.86259]},"properties":{"probability":0.751,"inBuffer":false,"facType":"fire"}},{"type":"Feature","geometry":{"type":"Point","coordinates":[-87.68377,41.86263]},"properties":{"probability":0.771,"inBuffer":false,"facType":"government"}},{"type":"Feature","geometry":{"type":"Point","coordinates":[-87.67775,41.86266]},"properties":{"probability":0.789,"inBuffer":false,"facType":"government"}},{"type":"Feature","geometry":{"type":"Point","coordinates":[-87.67172,41.8627]},"properties":{"probability":0.769,"inBuffer":false,"facType":"substation"}},{"type":"Feature","geometry":{"type":"Point","coordinates":[-87.6657,41.86273]},"properties":{"probability":0.8,"inBuffer":true,"facType":"substation"}},{"type":"Feature","geometry":{"type":"Point","coordinates":[-87.65968,41.86277]},"properties":{"probability":0.803,"inBuffer":true,"facType":"police"}},{"type":"Feature","geometry":{"type":"Point","coordinates":[-87.65365,41.8628]},"properties":{"probability":0.819,"inBuffer":true,"facType":"fire"}},{"type":"Feature","geometry":{"type":"Point","coordinates":[-87.64763,41.86283]},"properties":{"probability":0.818,"inBuffer":true,"facType":"police"}},{"type":"Feature","geometry":{"type":"Point","coordinates":[-87.6416,41.86287]},"properties":{"probability":0.837,"inBuffer":true,"facType":"fire"}},{"type":"Feature","geometry":{"type":"Point","coordinates":[-87.63557,41.8629]},"properties":{"probability":0.82,"inBuffer":true,"facType":"fire"}},{"type":"Feature","geometry":{"type":"Point","coordinates":[-87.62955,41.86294]},"properties":{"probability":0.806,"inBuffer":true,"facType":"substation"}},{"type":"Feature","geometry":{"type":"Point","coordinates":[-87.62353,41.86297]},"properties":{"probability":0.825,"inBuffer":true,"facType":"substation"}},{"type":"Feature","geometry":{"type":"Point","coordinates":[-87.61751,41.863]},"properties":{"probability":0.817,"inBuffer":false,"facType":"substation"}},{"type":"Feature","geometry":{"type":"Point","coordinates":[-87.61148,41.86303]},"properties":{"probability":0.676,"inBuffer":false,"facType":"substation"}},{"type":"Feature","geometry":{"type":"Point","coordinates":[-87.60546,41.86307]},"properties":{"probability":0.551,"inBuffer":false,"facType":"substation"}},{"type":"Feature","geometry":{"type":"Point","coordinates":[-87.59943,41.8631]},"properties":{"probability":0.17,"inBuffer":false,"facType":"power"}},{"type":"Feature","geometry":{"type":"Point","coordinates":[-87.59341,41.86313]},"properties":{"probability":0.151,"inBuffer":false,"facType":"power"}},{"type":"Feature","geometry":{"type":"Point","coordinates":[-87.58739,41.86316]},"properties":{"probability":0.149,"inBuffer":false,"facType":"power"}},{"type":"Feature","geometry":{"type":"Point","coordinates":[-87.58136,41.86319]},"properties":{"probability":0.142,"inBuffer":false,"facType":"water_works"}},{"type":"Feature","geometry":{"type":"Point","coordinates":[-87.80419,41.85734]},"properties":{"probability":0.662,"inBuffer":false,"facType":"fire"}},{"type":"Feature","geometry":{"type":"Point","coordinates":[-87.79816,41.85738]},"properties":{"probability":0.615,"inBuffer":true,"facType":"fire"}},{"type":"Feature","geometry":{"type":"Point","coordinates":[-87.79214,41.85743]},"properties":{"probability":0.62,"inBuffer":true,"facType":"fire"}},{"type":"Feature","geometry":{"type":"Point","coordinates":[-87.78612,41.85747]},"properties":{"probability":0.612,"inBuffer":true,"facType":"fire"}},{"type":"Feature","geometry":{"type":"Point","coordinates":[-87.7801,41.85751]},"properties":{"probability":0.613,"inBuffer":false,"facType":"water_works"}},{"type":"Feature","geometry":{"type":"Point","coordinates":[-87.77407,41.85755]},"properties":{"probability":0.627,"inBuffer":false,"facType":"water_works"}},{"type":"Feature","geometry":{"type":"Point","coordinates":[-87.76805,41.85759]},"properties":{"probability":0.664,"inBuffer":true,"facType":"fire"}},{"type":"Feature","geometry":{"type":"Point","coordinates":[-87.76202,41.85763]},"properties":{"probability":0.666,"inBuffer":true,"facType":"fire"}},{"type":"Feature","geometry":{"type":"Point","coordinates":[-87.756,41.85767]},"properties":{"probability":0.694,"inBuffer":true,"facType":"substation"}},{"type":"Feature","geometry":{"type":"Point","coordinates":[-87.74998,41.85771]},"properties":{"probability":0.674,"inBuffer":false,"facType":"government"}},{"type":"Feature","geometry":{"type":"Point","coordinates":[-87.74396,41.85775]},"properties":{"probability":0.675,"inBuffer":false,"facType":"police"}},{"type":"Feature","geometry":{"type":"Point","coordinates":[-87.73793,41.85779]},"properties":{"probability":0.67,"inBuffer":false,"facType":"substation"}},{"type":"Feature","geometry":{"type":"Point","coordinates":[-87.73191,41.85783]},"properties":{"probability":0.669,"inBuffer":true,"facType":"fire"}},{"type":"Feature","geometry":{"type":"Point","coordinates":[-87.72588,41.85786]},"properties":{"probability":0.664,"inBuffer":true,"facType":"fire"}},{"type":"Feature","geometry":{"type":"Point","coordinates":[-87.71986,41.8579]},"properties":{"probability":0.688,"inBuffer":true,"facType":"fire"}},{"type":"Feature","geometry":{"type":"Point","coordinates":[-87.71384,41.85794]},"properties":{"probability":0.688,"inBuffer":true,"facType":"police"}},{"type":"Feature","geometry":{"type":"Point","coordinates":[-87.70782,41.85798]},"properties":{"probability":0.696,"inBuffer":true,"facType":"police"}},{"type":"Feature","geometry":{"type":"Point","coordinates":[-87.70179,41.85801]},"properties":{"probability":0.692,"inBuffer":true,"facType":"government"}},{"type":"Feature","geometry":{"type":"Point","coordinates":[-87.69577,41.85805]},"properties":{"probability":0.703,"inBuffer":false,"facType":"government"}},{"type":"Feature","geometry":{"type":"Point","coordinates":[-87.68974,41.85809]},"properties":{"probability":0.713,"inBuffer":false,"facType":"substation"}},{"type":"Feature","geometry":{"type":"Point","coordinates":[-87.68372,41.85812]},"properties":{"probability":0.727,"inBuffer":true,"facType":"substation"}},{"type":"Feature","geometry":{"type":"Point","coordinates":[-87.6777,41.85816]},"properties":{"probability":0.711,"inBuffer":true,"facType":"fire"}},{"type":"Feature","geometry":{"type":"Point","coordinates":[-87.67168,41.8582]},"properties":{"probability":0.737,"inBuffer":true,"facType":"substation"}},{"type":"Feature","geometry":{"type":"Point","coordinates":[-87.66565,41.85823]},"properties":{"probability":0.792,"inBuffer":false,"facType":"substation"}},{"type":"Feature","geometry":{"type":"Point","coordinates":[-87.65963,41.85826]},"properties":{"probability":0.799,"inBuffer":true,"facType":"police"}},{"type":"Feature","geometry":{"type":"Point","coordinates":[-87.6536,41.8583]},"properties":{"probability":0.802,"inBuffer":true,"facType":"police"}},{"type":"Feature","geometry":{"type":"Point","coordinates":[-87.64758,41.85833]},"properties":{"probability":0.824,"inBuffer":true,"facType":"police"}},{"type":"Feature","geometry":{"type":"Point","coordinates":[-87.64156,41.85837]},"properties":{"probability":0.819,"inBuffer":true,"facType":"fire"}},{"type":"Feature","geometry":{"type":"Point","coordinates":[-87.63554,41.8584]},"properties":{"probability":0.806,"inBuffer":true,"facType":"government"}},{"type":"Feature","geometry":{"type":"Point","coordinates":[-87.62951,41.85843]},"properties":{"probability":0.802,"inBuffer":true,"facType":"government"}},{"type":"Feature","geometry":{"type":"Point","coordinates":[-87.62349,41.85847]},"properties":{"probability":0.816,"inBuffer":true,"facType":"substation"}},{"type":"Feature","geometry":{"type":"Point","coordinates":[-87.61746,41.8585]},"properties":{"probability":0.801,"inBuffer":true,"facType":"substation"}},{"type":"Feature","geometry":{"type":"Point","coordinates":[-87.61143,41.85853]},"properties":{"probability":0.661,"inBuffer":true,"facType":"power"}},{"type":"Feature","geometry":{"type":"Point","coordinates":[-87.60542,41.85856]},"properties":{"probability":0.492,"inBuffer":false,"facType":"power"}},{"type":"Feature","geometry":{"type":"Point","coordinates":[-87.59939,41.85859]},"properties":{"probability":0.167,"inBuffer":false,"facType":"power"}},{"type":"Feature","geometry":{"type":"Point","coordinates":[-87.59337,41.85863]},"properties":{"probability":0.146,"inBuffer":false,"facType":"power"}},{"type":"Feature","geometry":{"type":"Point","coordinates":[-87.58734,41.85866]},"properties":{"probability":0.149,"inBuffer":false,"facType":"power"}},{"type":"Feature","geometry":{"type":"Point","coordinates":[-87.58132,41.85869]},"properties":{"probability":0.137,"inBuffer":false,"facType":"power"}},{"type":"Feature","geometry":{"type":"Point","coordinates":[-87.80414,41.85284]},"properties":{"probability":0.778,"inBuffer":false,"facType":"fire"}},{"type":"Feature","geometry":{"type":"Point","coordinates":[-87.79811,41.85288]},"properties":{"probability":0.659,"inBuffer":false,"facType":"fire"}},{"type":"Feature","geometry":{"type":"Point","coordinates":[-87.79209,41.85292]},"properties":{"probability":0.644,"inBuffer":true,"facType":"fire"}},{"type":"Feature","geometry":{"type":"Point","coordinates":[-87.78606,41.85297]},"properties":{"probability":0.641,"inBuffer":true,"facType":"fire"}},{"type":"Feature","geometry":{"type":"Point","coordinates":[-87.78004,41.85301]},"properties":{"probability":0.627,"inBuffer":false,"facType":"water_works"}},{"type":"Feature","geometry":{"type":"Point","coordinates":[-87.77402,41.85305]},"properties":{"probability":0.676,"inBuffer":false,"facType":"water_works"}},{"type":"Feature","geometry":{"type":"Point","coordinates":[-87.768,41.85309]},"properties":{"probability":0.684,"inBuffer":true,"facType":"substation"}},{"type":"Feature","geometry":{"type":"Point","coordinates":[-87.76197,41.85313]},"properties":{"probability":0.73,"inBuffer":true,"facType":"substation"}},{"type":"Feature","geometry":{"type":"Point","coordinates":[-87.75595,41.85317]},"properties":{"probability":0.751,"inBuffer":false,"facType":"substation"}},{"type":"Feature","geometry":{"type":"Point","coordinates":[-87.74993,41.85321]},"properties":{"probability":0.788,"inBuffer":true,"facType":"government"}},{"type":"Feature","geometry":{"type":"Point","coordinates":[-87.7439,41.85324]},"properties":{"probability":0.781,"inBuffer":true,"facType":"police"}},{"type":"Feature","geometry":{"type":"Point","coordinates":[-87.73788,41.85329]},"properties":{"probability":0.71,"inBuffer":false,"facType":"police"}},{"type":"Feature","geometry":{"type":"Point","coordinates":[-87.73186,41.85332]},"properties":{"probability":0.668,"inBuffer":false,"facType":"substation"}},{"type":"Feature","geometry":{"type":"Point","coordinates":[-87.72584,41.85336]},"properties":{"probability":0.683,"inBuffer":true,"facType":"substation"}},{"type":"Feature","geometry":{"type":"Point","coordinates":[-87.71981,41.8534]},"properties":{"probability":0.703,"inBuffer":true,"facType":"substation"}},{"type":"Feature","geometry":{"type":"Point","coordinates":[-87.71379,41.85344]},"properties":{"probability":0.667,"inBuffer":true,"facType":"police"}},{"type":"Feature","geometry":{"type":"Point","coordinates":[-87.70776,41.85347]},"properties":{"probability":0.69,"inBuffer":true,"facType":"police"}},{"type":"Feature","geometry":{"type":"Point","coordinates":[-87.70174,41.85351]},"properties":{"probability":0.694,"inBuffer":true,"facType":"government"}},{"type":"Feature","geometry":{"type":"Point","coordinates":[-87.69572,41.85355]},"properties":{"probability":0.713,"inBuffer":false,"facType":"government"}},{"type":"Feature","geometry":{"type":"Point","coordinates":[-87.6897,41.85358]},"properties":{"probability":0.77,"inBuffer":false,"facType":"substation"}},{"type":"Feature","geometry":{"type":"Point","coordinates":[-87.68368,41.85362]},"properties":{"probability":0.792,"inBuffer":true,"facType":"substation"}},{"type":"Feature","geometry":{"type":"Point","coordinates":[-87.67765,41.85366]},"properties":{"probability":0.801,"inBuffer":true,"facType":"fire"}},{"type":"Feature","geometry":{"type":"Point","coordinates":[-87.67163,41.85369]},"properties":{"probability":0.801,"inBuffer":true,"facType":"fire"}},{"type":"Feature","geometry":{"type":"Point","coordinates":[-87.6656,41.85373]},"properties":{"probability":0.793,"inBuffer":true,"facType":"government"}},{"type":"Feature","geometry":{"type":"Point","coordinates":[-87.65958,41.85376]},"properties":{"probability":0.78,"inBuffer":true,"facType":"substation"}},{"type":"Feature","geometry":{"type":"Point","coordinates":[-87.65356,41.85379]},"properties":{"probability":0.802,"inBuffer":true,"facType":"substation"}},{"type":"Feature","geometry":{"type":"Point","coordinates":[-87.64754,41.85383]},"properties":{"probability":0.82,"inBuffer":true,"facType":"substation"}},{"type":"Feature","geometry":{"type":"Point","coordinates":[-87.64151,41.85386]},"properties":{"probability":0.819,"inBuffer":false,"facType":"substation"}},{"type":"Feature","geometry":{"type":"Point","coordinates":[-87.63549,41.8539]},"properties":{"probability":0.822,"inBuffer":true,"facType":"fire"}},{"type":"Feature","geometry":{"type":"Point","coordinates":[-87.62946,41.85393]},"properties":{"probability":0.825,"inBuffer":true,"facType":"fire"}},{"type":"Feature","geometry":{"type":"Point","coordinates":[-87.62344,41.85396]},"properties":{"probability":0.824,"inBuffer":true,"facType":"government"}},{"type":"Feature","geometry":{"type":"Point","coordinates":[-87.61742,41.854]},"properties":{"probability":0.765,"inBuffer":true,"facType":"power"}},{"type":"Feature","geometry":{"type":"Point","coordinates":[-87.6114,41.85403]},"properties":{"probability":0.565,"inBuffer":true,"facType":"power"}},{"type":"Feature","geometry":{"type":"Point","coordinates":[-87.60537,41.85406]},"properties":{"probability":0.341,"inBuffer":false,"facType":"water_works"}},{"type":"Feature","geometry":{"type":"Point","coordinates":[-87.59935,41.85409]},"properties":{"probability":0.17,"inBuffer":false,"facType":"water_works"}},{"type":"Feature","geometry":{"type":"Point","coordinates":[-87.59332,41.85412]},"properties":{"probability":0.146,"inBuffer":false,"facType":"water_works"}},{"type":"Feature","geometry":{"type":"Point","coordinates":[-87.5873,41.85415]},"properties":{"probability":0.152,"inBuffer":false,"facType":"water_works"}},{"type":"Feature","geometry":{"type":"Point","coordinates":[-87.58128,41.85418]},"properties":{"probability":0.138,"inBuffer":false,"facType":"substation"}},{"type":"Feature","geometry":{"type":"Point","coordinates":[-87.80408,41.84834]},"properties":{"probability":0.773,"inBuffer":false,"facType":"fire"}},{"type":"Feature","geometry":{"type":"Point","coordinates":[-87.79806,41.84838]},"properties":{"probability":0.669,"inBuffer":false,"facType":"fire"}},{"type":"Feature","geometry":{"type":"Point","coordinates":[-87.79203,41.84842]},"properties":{"probability":0.638,"inBuffer":true,"facType":"government"}},{"type":"Feature","geometry":{"type":"Point","coordinates":[-87.78601,41.84846]},"properties":{"probability":0.624,"inBuffer":false,"facType":"government"}},{"type":"Feature","geometry":{"type":"Point","coordinates":[-87.77999,41.8485]},"properties":{"probability":0.662,"inBuffer":false,"facType":"water_works"}},{"type":"Feature","geometry":{"type":"Point","coordinates":[-87.77396,41.84855]},"properties":{"probability":0.68,"inBuffer":false,"facType":"water_works"}},{"type":"Feature","geometry":{"type":"Point","coordinates":[-87.76794,41.84858]},"properties":{"probability":0.707,"inBuffer":false,"facType":"government"}},{"type":"Feature","geometry":{"type":"Point","coordinates":[-87.76192,41.84863]},"properties":{"probability":0.769,"inBuffer":true,"facType":"government"}},{"type":"Feature","geometry":{"type":"Point","coordinates":[-87.7559,41.84866]},"properties":{"probability":0.79,"inBuffer":true,"facType":"substation"}},{"type":"Feature","geometry":{"type":"Point","coordinates":[-87.74988,41.84871]},"properties":{"probability":0.801,"inBuffer":true,"facType":"government"}},{"type":"Feature","geometry":{"type":"Point","coordinates":[-87.74385,41.84874]},"properties":{"probability":0.803,"inBuffer":true,"facType":"police"}},{"type":"Feature","geometry":{"type":"Point","coordinates":[-87.73783,41.84878]},"properties":{"probability":0.716,"inBuffer":false,"facType":"police"}},{"type":"Feature","geometry":{"type":"Point","coordinates":[-87.7318,41.84882]},"properties":{"probability":0.671,"inBuffer":false,"facType":"government"}},{"type":"Feature","geometry":{"type":"Point","coordinates":[-87.72578,41.84886]},"properties":{"probability":0.679,"inBuffer":false,"facType":"government"}},{"type":"Feature","geometry":{"type":"Point","coordinates":[-87.71976,41.8489]},"properties":{"probability":0.692,"inBuffer":false,"facType":"government"}},{"type":"Feature","geometry":{"type":"Point","coordinates":[-87.71374,41.84893]},"properties":{"probability":0.664,"inBuffer":true,"facType":"government"}},{"type":"Feature","geometry":{"type":"Point","coordinates":[-87.70772,41.84897]},"properties":{"probability":0.696,"inBuffer":true,"facType":"fire"}},{"type":"Feature","geometry":{"type":"Point","coordinates":[-87.70169,41.84901]},"properties":{"probability":0.738,"inBuffer":true,"facType":"fire"}},{"type":"Feature","geometry":{"type":"Point","coordinates":[-87.69567,41.84904]},"properties":{"probability":0.743,"inBuffer":false,"facType":"government"}},{"type":"Feature","geometry":{"type":"Point","coordinates":[-87.68965,41.84908]},"properties":{"probability":0.752,"inBuffer":false,"facType":"substation"}},{"type":"Feature","geometry":{"type":"Point","coordinates":[-87.68362,41.84912]},"properties":{"probability":0.79,"inBuffer":false,"facType":"substation"}},{"type":"Feature","geometry":{"type":"Point","coordinates":[-87.6776,41.84915]},"properties":{"probability":0.8,"inBuffer":true,"facType":"power"}},{"type":"Feature","geometry":{"type":"Point","coordinates":[-87.67158,41.84919]},"properties":{"probability":0.804,"inBuffer":true,"facType":"power"}},{"type":"Feature","geometry":{"type":"Point","coordinates":[-87.66556,41.84922]},"properties":{"probability":0.767,"inBuffer":true,"facType":"government"}},{"type":"Feature","geometry":{"type":"Point","coordinates":[-87.65954,41.84926]},"properties":{"probability":0.701,"inBuffer":true,"facType":"substation"}},{"type":"Feature","geometry":{"type":"Point","coordinates":[-87.65351,41.84929]},"properties":{"probability":0.771,"inBuffer":true,"facType":"substation"}},{"type":"Feature","geometry":{"type":"Point","coordinates":[-87.64749,41.84933]},"properties":{"probability":0.818,"inBuffer":true,"facType":"substation"}},{"type":"Feature","geometry":{"type":"Point","coordinates":[-87.64146,41.84936]},"properties":{"probability":0.816,"inBuffer":false,"facType":"government"}},{"type":"Feature","geometry":{"type":"Point","coordinates":[-87.63544,41.8494]},"properties":{"probability":0.817,"inBuffer":true,"facType":"government"}},{"type":"Feature","geometry":{"type":"Point","coordinates":[-87.62943,41.84943]},"properties":{"probability":0.824,"inBuffer":true,"facType":"fire"}},{"type":"Feature","geometry":{"type":"Point","coordinates":[-87.6234,41.84946]},"properties":{"probability":0.816,"inBuffer":true,"facType":"water_works"}},{"type":"Feature","geometry":{"type":"Point","coordinates":[-87.61738,41.84949]},"properties":{"probability":0.796,"inBuffer":true,"facType":"water_works"}},{"type":"Feature","geometry":{"type":"Point","coordinates":[-87.61135,41.84953]},"properties":{"probability":0.64,"inBuffer":false,"facType":"water_works"}},{"type":"Feature","geometry":{"type":"Point","coordinates":[-87.60533,41.84956]},"properties":{"probability":0.526,"inBuffer":false,"facType":"water_works"}},{"type":"Feature","geometry":{"type":"Point","coordinates":[-87.5993,41.84959]},"properties":{"probability":0.174,"inBuffer":false,"facType":"water_works"}},{"type":"Feature","geometry":{"type":"Point","coordinates":[-87.59328,41.84962]},"properties":{"probability":0.152,"inBuffer":false,"facType":"substation"}},{"type":"Feature","geometry":{"type":"Point","coordinates":[-87.58727,41.84965]},"properties":{"probability":0.147,"inBuffer":false,"facType":"substation"}},{"type":"Feature","geometry":{"type":"Point","coordinates":[-87.58124,41.84968]},"properties":{"probability":0.149,"inBuffer":false,"facType":"substation"}},{"type":"Feature","geometry":{"type":"Point","coordinates":[-87.57522,41.84971]},"properties":{"probability":0.139,"inBuffer":false,"facType":"substation"}},{"type":"Feature","geometry":{"type":"Point","coordinates":[-87.80402,41.84383]},"properties":{"probability":0.66,"inBuffer":false,"facType":"fire"}},{"type":"Feature","geometry":{"type":"Point","coordinates":[-87.798,41.84388]},"properties":{"probability":0.564,"inBuffer":true,"facType":"fire"}},{"type":"Feature","geometry":{"type":"Point","coordinates":[-87.79198,41.84392]},"properties":{"probability":0.592,"inBuffer":true,"facType":"government"}},{"type":"Feature","geometry":{"type":"Point","coordinates":[-87.78596,41.84396]},"properties":{"probability":0.605,"inBuffer":true,"facType":"government"}},{"type":"Feature","geometry":{"type":"Point","coordinates":[-87.77993,41.844]},"properties":{"probability":0.625,"inBuffer":false,"facType":"government"}},{"type":"Feature","geometry":{"type":"Point","coordinates":[-87.77391,41.84404]},"properties":{"probability":0.671,"inBuffer":false,"facType":"water_works"}},{"type":"Feature","geometry":{"type":"Point","coordinates":[-87.76789,41.84408]},"properties":{"probability":0.672,"inBuffer":false,"facType":"fire"}},{"type":"Feature","geometry":{"type":"Point","coordinates":[-87.76186,41.84412]},"properties":{"probability":0.764,"inBuffer":true,"facType":"fire"}},{"type":"Feature","geometry":{"type":"Point","coordinates":[-87.75584,41.84416]},"properties":{"probability":0.793,"inBuffer":true,"facType":"fire"}},{"type":"Feature","geometry":{"type":"Point","coordinates":[-87.74982,41.8442]},"properties":{"probability":0.801,"inBuffer":true,"facType":"substation"}},{"type":"Feature","geometry":{"type":"Point","coordinates":[-87.7438,41.84424]},"properties":{"probability":0.77,"inBuffer":false,"facType":"substation"}},{"type":"Feature","geometry":{"type":"Point","coordinates":[-87.73778,41.84428]},"properties":{"probability":0.711,"inBuffer":false,"facType":"substation"}},{"type":"Feature","geometry":{"type":"Point","coordinates":[-87.73176,41.84432]},"properties":{"probability":0.681,"inBuffer":false,"facType":"government"}},{"type":"Feature","geometry":{"type":"Point","coordinates":[-87.72573,41.84436]},"properties":{"probability":0.681,"inBuffer":false,"facType":"government"}},{"type":"Feature","geometry":{"type":"Point","coordinates":[-87.71971,41.84439]},"properties":{"probability":0.658,"inBuffer":false,"facType":"government"}},{"type":"Feature","geometry":{"type":"Point","coordinates":[-87.71369,41.84443]},"properties":{"probability":0.66,"inBuffer":false,"facType":"government"}},{"type":"Feature","geometry":{"type":"Point","coordinates":[-87.70766,41.84447]},"properties":{"probability":0.754,"inBuffer":true,"facType":"government"}},{"type":"Feature","geometry":{"type":"Point","coordinates":[-87.70164,41.84451]},"properties":{"probability":0.813,"inBuffer":true,"facType":"government"}},{"type":"Feature","geometry":{"type":"Point","coordinates":[-87.69563,41.84454]},"properties":{"probability":0.812,"inBuffer":true,"facType":"government"}},{"type":"Feature","geometry":{"type":"Point","coordinates":[-87.6896,41.84458]},"properties":{"probability":0.791,"inBuffer":false,"facType":"government"}},{"type":"Feature","geometry":{"type":"Point","coordinates":[-87.68358,41.84462]},"properties":{"probability":0.744,"inBuffer":false,"facType":"government"}},{"type":"Feature","geometry":{"type":"Point","coordinates":[-87.67756,41.84465]},"properties":{"probability":0.759,"inBuffer":false,"facType":"power"}},{"type":"Feature","geometry":{"type":"Point","coordinates":[-87.67153,41.84468]},"properties":{"probability":0.774,"inBuffer":true,"facType":"substation"}},{"type":"Feature","geometry":{"type":"Point","coordinates":[-87.66551,41.84472]},"properties":{"probability":0.761,"inBuffer":true,"facType":"substation"}},{"type":"Feature","geometry":{"type":"Point","coordinates":[-87.65949,41.84475]},"properties":{"probability":0.696,"inBuffer":true,"facType":"fire"}},{"type":"Feature","geometry":{"type":"Point","coordinates":[-87.65347,41.84479]},"properties":{"probability":0.717,"inBuffer":true,"facType":"fire"}},{"type":"Feature","geometry":{"type":"Point","coordinates":[-87.64745,41.84482]},"properties":{"probability":0.785,"inBuffer":true,"facType":"substation"}},{"type":"Feature","geometry":{"type":"Point","coordinates":[-87.64142,41.84486]},"properties":{"probability":0.793,"inBuffer":false,"facType":"government"}},{"type":"Feature","geometry":{"type":"Point","coordinates":[-87.6354,41.84489]},"properties":{"probability":0.803,"inBuffer":true,"facType":"substation"}},{"type":"Feature","geometry":{"type":"Point","coordinates":[-87.62938,41.84492]},"properties":{"probability":0.818,"inBuffer":true,"facType":"substation"}},{"type":"Feature","geometry":{"type":"Point","coordinates":[-87.62335,41.84496]},"properties":{"probability":0.817,"inBuffer":true,"facType":"substation"}},{"type":"Feature","geometry":{"type":"Point","coordinates":[-87.61733,41.84499]},"properties":{"probability":0.796,"inBuffer":false,"facType":"water_works"}},{"type":"Feature","geometry":{"type":"Point","coordinates":[-87.61131,41.84502]},"properties":{"probability":0.686,"inBuffer":false,"facType":"substation"}},{"type":"Feature","geometry":{"type":"Point","coordinates":[-87.60529,41.84505]},"properties":{"probability":0.57,"inBuffer":false,"facType":"substation"}},{"type":"Feature","geometry":{"type":"Point","coordinates":[-87.59927,41.84509]},"properties":{"probability":0.184,"inBuffer":false,"facType":"substation"}},{"type":"Feature","geometry":{"type":"Point","coordinates":[-87.59324,41.84512]},"properties":{"probability":0.162,"inBuffer":false,"facType":"substation"}},{"type":"Feature","geometry":{"type":"Point","coordinates":[-87.58722,41.84515]},"properties":{"probability":0.146,"inBuffer":false,"facType":"substation"}},{"type":"Feature","geometry":{"type":"Point","coordinates":[-87.5812,41.84518]},"properties":{"probability":0.149,"inBuffer":false,"facType":"substation"}},{"type":"Feature","geometry":{"type":"Point","coordinates":[-87.57517,41.84521]},"properties":{"probability":0.139,"inBuffer":false,"facType":"substation"}},{"type":"Feature","geometry":{"type":"Point","coordinates":[-87.80396,41.83933]},"properties":{"probability":0.573,"inBuffer":false,"facType":"government"}},{"type":"Feature","geometry":{"type":"Point","coordinates":[-87.79794,41.83937]},"properties":{"probability":0.571,"inBuffer":true,"facType":"fire"}},{"type":"Feature","geometry":{"type":"Point","coordinates":[-87.79192,41.83942]},"properties":{"probability":0.602,"inBuffer":true,"facType":"fire"}},{"type":"Feature","geometry":{"type":"Point","coordinates":[-87.7859,41.83945]},"properties":{"probability":0.625,"inBuffer":true,"facType":"police"}},{"type":"Feature","geometry":{"type":"Point","coordinates":[-87.77988,41.8395]},"properties":{"probability":0.671,"inBuffer":true,"facType":"police"}},{"type":"Feature","geometry":{"type":"Point","coordinates":[-87.77386,41.83954]},"properties":{"probability":0.701,"inBuffer":false,"facType":"substation"}},{"type":"Feature","geometry":{"type":"Point","coordinates":[-87.76784,41.83958]},"properties":{"probability":0.692,"inBuffer":false,"facType":"fire"}},{"type":"Feature","geometry":{"type":"Point","coordinates":[-87.76181,41.83962]},"properties":{"probability":0.774,"inBuffer":false,"facType":"fire"}},{"type":"Feature","geometry":{"type":"Point","coordinates":[-87.75579,41.83966]},"properties":{"probability":0.778,"inBuffer":true,"facType":"fire"}},{"type":"Feature","geometry":{"type":"Point","coordinates":[-87.74977,41.8397]},"properties":{"probability":0.763,"inBuffer":false,"facType":"substation"}},{"type":"Feature","geometry":{"type":"Point","coordinates":[-87.74375,41.83974]},"properties":{"probability":0.8,"inBuffer":false,"facType":"substation"}},{"type":"Feature","geometry":{"type":"Point","coordinates":[-87.73772,41.83978]},"properties":{"probability":0.787,"inBuffer":false,"facType":"fire"}},{"type":"Feature","geometry":{"type":"Point","coordinates":[-87.7317,41.83981]},"properties":{"probability":0.692,"inBuffer":true,"facType":"fire"}},{"type":"Feature","geometry":{"type":"Point","coordinates":[-87.72569,41.83985]},"properties":{"probability":0.665,"inBuffer":true,"facType":"fire"}},{"type":"Feature","geometry":{"type":"Point","coordinates":[-87.71966,41.83989]},"properties":{"probability":0.657,"inBuffer":false,"facType":"fire"}},{"type":"Feature","geometry":{"type":"Point","coordinates":[-87.71364,41.83993]},"properties":{"probability":0.659,"inBuffer":false,"facType":"government"}},{"type":"Feature","geometry":{"type":"Point","coordinates":[-87.70762,41.83997]},"properties":{"probability":0.702,"inBuffer":true,"facType":"power"}},{"type":"Feature","geometry":{"type":"Point","coordinates":[-87.7016,41.84]},"properties":{"probability":0.819,"inBuffer":true,"facType":"power"}},{"type":"Feature","geometry":{"type":"Point","coordinates":[-87.69557,41.84004]},"properties":{"probability":0.808,"inBuffer":true,"facType":"police"}},{"type":"Feature","geometry":{"type":"Point","coordinates":[-87.68955,41.84008]},"properties":{"probability":0.79,"inBuffer":true,"facType":"police"}},{"type":"Feature","geometry":{"type":"Point","coordinates":[-87.68353,41.84011]},"properties":{"probability":0.732,"inBuffer":false,"facType":"police"}},{"type":"Feature","geometry":{"type":"Point","coordinates":[-87.67751,41.84015]},"properties":{"probability":0.74,"inBuffer":false,"facType":"substation"}},{"type":"Feature","geometry":{"type":"Point","coordinates":[-87.67149,41.84018]},"properties":{"probability":0.785,"inBuffer":false,"facType":"substation"}},{"type":"Feature","geometry":{"type":"Point","coordinates":[-87.66547,41.84022]},"properties":{"probability":0.766,"inBuffer":false,"facType":"substation"}},{"type":"Feature","geometry":{"type":"Point","coordinates":[-87.65944,41.84025]},"properties":{"probability":0.702,"inBuffer":true,"facType":"substation"}},{"type":"Feature","geometry":{"type":"Point","coordinates":[-87.65342,41.84029]},"properties":{"probability":0.717,"inBuffer":true,"facType":"fire"}},{"type":"Feature","geometry":{"type":"Point","coordinates":[-87.6474,41.84032]},"properties":{"probability":0.77,"inBuffer":true,"facType":"police"}},{"type":"Feature","geometry":{"type":"Point","coordinates":[-87.64138,41.84035]},"properties":{"probability":0.716,"inBuffer":true,"facType":"police"}},{"type":"Feature","geometry":{"type":"Point","coordinates":[-87.63535,41.84039]},"properties":{"probability":0.798,"inBuffer":true,"facType":"power"}},{"type":"Feature","geometry":{"type":"Point","coordinates":[-87.62933,41.84042]},"properties":{"probability":0.819,"inBuffer":true,"facType":"power"}},{"type":"Feature","geometry":{"type":"Point","coordinates":[-87.62331,41.84045]},"properties":{"probability":0.793,"inBuffer":true,"facType":"power"}},{"type":"Feature","geometry":{"type":"Point","coordinates":[-87.61729,41.84048]},"properties":{"probability":0.732,"inBuffer":false,"facType":"substation"}},{"type":"Feature","geometry":{"type":"Point","coordinates":[-87.61127,41.84052]},"properties":{"probability":0.695,"inBuffer":false,"facType":"substation"}},{"type":"Feature","geometry":{"type":"Point","coordinates":[-87.60525,41.84055]},"properties":{"probability":0.614,"inBuffer":false,"facType":"substation"}},{"type":"Feature","geometry":{"type":"Point","coordinates":[-87.59922,41.84058]},"properties":{"probability":0.173,"inBuffer":false,"facType":"substation"}},{"type":"Feature","geometry":{"type":"Point","coordinates":[-87.5932,41.84061]},"properties":{"probability":0.148,"inBuffer":false,"facType":"substation"}},{"type":"Feature","geometry":{"type":"Point","coordinates":[-87.58718,41.84064]},"properties":{"probability":0.149,"inBuffer":false,"facType":"substation"}},{"type":"Feature","geometry":{"type":"Point","coordinates":[-87.58115,41.84068]},"properties":{"probability":0.141,"inBuffer":false,"facType":"substation"}},{"type":"Feature","geometry":{"type":"Point","coordinates":[-87.57513,41.84071]},"properties":{"probability":0.14,"inBuffer":false,"facType":"substation"}},{"type":"Feature","geometry":{"type":"Point","coordinates":[-87.80391,41.83483]},"properties":{"probability":0.557,"inBuffer":false,"facType":"government"}},{"type":"Feature","geometry":{"type":"Point","coordinates":[-87.79789,41.83487]},"properties":{"probability":0.581,"inBuffer":false,"facType":"government"}},{"type":"Feature","geometry":{"type":"Point","coordinates":[-87.79187,41.83491]},"properties":{"probability":0.622,"inBuffer":true,"facType":"fire"}},{"type":"Feature","geometry":{"type":"Point","coordinates":[-87.78584,41.83495]},"properties":{"probability":0.667,"inBuffer":true,"facType":"fire"}},{"type":"Feature","geometry":{"type":"Point","coordinates":[-87.77982,41.835]},"properties":{"probability":0.662,"inBuffer":true,"facType":"substation"}},{"type":"Feature","geometry":{"type":"Point","coordinates":[-87.7738,41.83503]},"properties":{"probability":0.72,"inBuffer":false,"facType":"substation"}},{"type":"Feature","geometry":{"type":"Point","coordinates":[-87.76778,41.83508]},"properties":{"probability":0.717,"inBuffer":false,"facType":"fire"}},{"type":"Feature","geometry":{"type":"Point","coordinates":[-87.76176,41.83512]},"properties":{"probability":0.672,"inBuffer":true,"facType":"fire"}},{"type":"Feature","geometry":{"type":"Point","coordinates":[-87.75574,41.83516]},"properties":{"probability":0.676,"inBuffer":true,"facType":"fire"}},{"type":"Feature","geometry":{"type":"Point","coordinates":[-87.74972,41.83519]},"properties":{"probability":0.703,"inBuffer":false,"facType":"substation"}},{"type":"Feature","geometry":{"type":"Point","coordinates":[-87.7437,41.83524]},"properties":{"probability":0.739,"inBuffer":false,"facType":"substation"}},{"type":"Feature","geometry":{"type":"Point","coordinates":[-87.73768,41.83527]},"properties":{"probability":0.704,"inBuffer":false,"facType":"fire"}},{"type":"Feature","geometry":{"type":"Point","coordinates":[-87.73165,41.83531]},"properties":{"probability":0.692,"inBuffer":true,"facType":"fire"}},{"type":"Feature","geometry":{"type":"Point","coordinates":[-87.72563,41.83535]},"properties":{"probability":0.681,"inBuffer":true,"facType":"fire"}},{"type":"Feature","geometry":{"type":"Point","coordinates":[-87.71961,41.83539]},"properties":{"probability":0.662,"inBuffer":false,"facType":"government"}},{"type":"Feature","geometry":{"type":"Point","coordinates":[-87.71359,41.83543]},"properties":{"probability":0.664,"inBuffer":false,"facType":"government"}},{"type":"Feature","geometry":{"type":"Point","coordinates":[-87.70757,41.83546]},"properties":{"probability":0.657,"inBuffer":true,"facType":"power"}},{"type":"Feature","geometry":{"type":"Point","coordinates":[-87.70155,41.8355]},"properties":{"probability":0.743,"inBuffer":true,"facType":"power"}},{"type":"Feature","geometry":{"type":"Point","coordinates":[-87.69553,41.83554]},"properties":{"probability":0.798,"inBuffer":true,"facType":"police"}},{"type":"Feature","geometry":{"type":"Point","coordinates":[-87.68951,41.83557]},"properties":{"probability":0.755,"inBuffer":true,"facType":"police"}},{"type":"Feature","geometry":{"type":"Point","coordinates":[-87.68348,41.83561]},"properties":{"probability":0.726,"inBuffer":false,"facType":"substation"}},{"type":"Feature","geometry":{"type":"Point","coordinates":[-87.67746,41.83564]},"properties":{"probability":0.776,"inBuffer":false,"facType":"fire"}},{"type":"Feature","geometry":{"type":"Point","coordinates":[-87.67144,41.83568]},"properties":{"probability":0.8,"inBuffer":true,"facType":"fire"}},{"type":"Feature","geometry":{"type":"Point","coordinates":[-87.66542,41.83571]},"properties":{"probability":0.759,"inBuffer":true,"facType":"fire"}},{"type":"Feature","geometry":{"type":"Point","coordinates":[-87.65939,41.83575]},"properties":{"probability":0.669,"inBuffer":true,"facType":"substation"}},{"type":"Feature","geometry":{"type":"Point","coordinates":[-87.65337,41.83578]},"properties":{"probability":0.706,"inBuffer":true,"facType":"police"}},{"type":"Feature","geometry":{"type":"Point","coordinates":[-87.64735,41.83582]},"properties":{"probability":0.745,"inBuffer":true,"facType":"police"}},{"type":"Feature","geometry":{"type":"Point","coordinates":[-87.64133,41.83585]},"properties":{"probability":0.701,"inBuffer":true,"facType":"police"}},{"type":"Feature","geometry":{"type":"Point","coordinates":[-87.63531,41.83588]},"properties":{"probability":0.799,"inBuffer":true,"facType":"power"}},{"type":"Feature","geometry":{"type":"Point","coordinates":[-87.62929,41.83592]},"properties":{"probability":0.816,"inBuffer":true,"facType":"power"}},{"type":"Feature","geometry":{"type":"Point","coordinates":[-87.62327,41.83595]},"properties":{"probability":0.762,"inBuffer":true,"facType":"police"}},{"type":"Feature","geometry":{"type":"Point","coordinates":[-87.61725,41.83598]},"properties":{"probability":0.713,"inBuffer":true,"facType":"fire"}},{"type":"Feature","geometry":{"type":"Point","coordinates":[-87.61122,41.83601]},"properties":{"probability":0.667,"inBuffer":true,"facType":"substation"}},{"type":"Feature","geometry":{"type":"Point","coordinates":[-87.6052,41.83605]},"properties":{"probability":0.603,"inBuffer":false,"facType":"substation"}},{"type":"Feature","geometry":{"type":"Point","coordinates":[-87.59918,41.83608]},"properties":{"probability":0.261,"inBuffer":false,"facType":"substation"}},{"type":"Feature","geometry":{"type":"Point","coordinates":[-87.59316,41.83611]},"properties":{"probability":0.163,"inBuffer":false,"facType":"substation"}},{"type":"Feature","geometry":{"type":"Point","coordinates":[-87.58714,41.83614]},"properties":{"probability":0.141,"inBuffer":false,"facType":"substation"}},{"type":"Feature","geometry":{"type":"Point","coordinates":[-87.58112,41.83617]},"properties":{"probability":0.142,"inBuffer":false,"facType":"substation"}},{"type":"Feature","geometry":{"type":"Point","coordinates":[-87.5751,41.8362]},"properties":{"probability":0.144,"inBuffer":false,"facType":"substation"}},{"type":"Feature","geometry":{"type":"Point","coordinates":[-87.80386,41.83033]},"properties":{"probability":0.592,"inBuffer":false,"facType":"government"}},{"type":"Feature","geometry":{"type":"Point","coordinates":[-87.79783,41.83037]},"properties":{"probability":0.609,"inBuffer":false,"facType":"government"}},{"type":"Feature","geometry":{"type":"Point","coordinates":[-87.79181,41.83041]},"properties":{"probability":0.661,"inBuffer":true,"facType":"fire"}},{"type":"Feature","geometry":{"type":"Point","coordinates":[-87.78579,41.83045]},"properties":{"probability":0.651,"inBuffer":true,"facType":"fire"}},{"type":"Feature","geometry":{"type":"Point","coordinates":[-87.77977,41.83049]},"properties":{"probability":0.667,"inBuffer":true,"facType":"fire"}},{"type":"Feature","geometry":{"type":"Point","coordinates":[-87.77375,41.83053]},"properties":{"probability":0.716,"inBuffer":false,"facType":"fire"}},{"type":"Feature","geometry":{"type":"Point","coordinates":[-87.76773,41.83057]},"properties":{"probability":0.702,"inBuffer":true,"facType":"fire"}},{"type":"Feature","geometry":{"type":"Point","coordinates":[-87.7617,41.83061]},"properties":{"probability":0.689,"inBuffer":true,"facType":"fire"}},{"type":"Feature","geometry":{"type":"Point","coordinates":[-87.75568,41.83065]},"properties":{"probability":0.659,"inBuffer":true,"facType":"fire"}},{"type":"Feature","geometry":{"type":"Point","coordinates":[-87.74966,41.83069]},"properties":{"probability":0.669,"inBuffer":false,"facType":"fire"}},{"type":"Feature","geometry":{"type":"Point","coordinates":[-87.74364,41.83073]},"properties":{"probability":0.686,"inBuffer":false,"facType":"fire"}},{"type":"Feature","geometry":{"type":"Point","coordinates":[-87.73763,41.83077]},"properties":{"probability":0.673,"inBuffer":false,"facType":"substation"}},{"type":"Feature","geometry":{"type":"Point","coordinates":[-87.73161,41.83081]},"properties":{"probability":0.653,"inBuffer":false,"facType":"substation"}},{"type":"Feature","geometry":{"type":"Point","coordinates":[-87.72558,41.83084]},"properties":{"probability":0.673,"inBuffer":false,"facType":"substation"}},{"type":"Feature","geometry":{"type":"Point","coordinates":[-87.71956,41.83088]},"properties":{"probability":0.607,"inBuffer":false,"facType":"government"}},{"type":"Feature","geometry":{"type":"Point","coordinates":[-87.71354,41.83092]},"properties":{"probability":0.639,"inBuffer":false,"facType":"government"}},{"type":"Feature","geometry":{"type":"Point","coordinates":[-87.70752,41.83096]},"properties":{"probability":0.688,"inBuffer":false,"facType":"government"}},{"type":"Feature","geometry":{"type":"Point","coordinates":[-87.7015,41.831]},"properties":{"probability":0.768,"inBuffer":false,"facType":"power"}},{"type":"Feature","geometry":{"type":"Point","coordinates":[-87.69548,41.83103]},"properties":{"probability":0.763,"inBuffer":false,"facType":"police"}},{"type":"Feature","geometry":{"type":"Point","coordinates":[-87.68945,41.83107]},"properties":{"probability":0.704,"inBuffer":false,"facType":"substation"}},{"type":"Feature","geometry":{"type":"Point","coordinates":[-87.68343,41.8311]},"properties":{"probability":0.715,"inBuffer":false,"facType":"substation"}},{"type":"Feature","geometry":{"type":"Point","coordinates":[-87.67741,41.83114]},"properties":{"probability":0.758,"inBuffer":false,"facType":"substation"}},{"type":"Feature","geometry":{"type":"Point","coordinates":[-87.67139,41.83118]},"properties":{"probability":0.749,"inBuffer":true,"facType":"fire"}},{"type":"Feature","geometry":{"type":"Point","coordinates":[-87.66537,41.83121]},"properties":{"probability":0.68,"inBuffer":true,"facType":"fire"}},{"type":"Feature","geometry":{"type":"Point","coordinates":[-87.65935,41.83125]},"properties":{"probability":0.692,"inBuffer":true,"facType":"fire"}},{"type":"Feature","geometry":{"type":"Point","coordinates":[-87.65333,41.83128]},"properties":{"probability":0.69,"inBuffer":false,"facType":"government"}},{"type":"Feature","geometry":{"type":"Point","coordinates":[-87.64731,41.83131]},"properties":{"probability":0.722,"inBuffer":true,"facType":"fire"}},{"type":"Feature","geometry":{"type":"Point","coordinates":[-87.64129,41.83135]},"properties":{"probability":0.705,"inBuffer":true,"facType":"fire"}},{"type":"Feature","geometry":{"type":"Point","coordinates":[-87.63527,41.83138]},"properties":{"probability":0.8,"inBuffer":true,"facType":"government"}},{"type":"Feature","geometry":{"type":"Point","coordinates":[-87.62924,41.83141]},"properties":{"probability":0.807,"inBuffer":true,"facType":"substation"}},{"type":"Feature","geometry":{"type":"Point","coordinates":[-87.62322,41.83145]},"properties":{"probability":0.799,"inBuffer":true,"facType":"police"}},{"type":"Feature","geometry":{"type":"Point","coordinates":[-87.6172,41.83148]},"properties":{"probability":0.757,"inBuffer":true,"facType":"fire"}},{"type":"Feature","geometry":{"type":"Point","coordinates":[-87.61118,41.83151]},"properties":{"probability":0.687,"inBuffer":true,"facType":"fire"}},{"type":"Feature","geometry":{"type":"Point","coordinates":[-87.60516,41.83154]},"properties":{"probability":0.593,"inBuffer":false,"facType":"substation"}},{"type":"Feature","geometry":{"type":"Point","coordinates":[-87.59914,41.83158]},"properties":{"probability":0.303,"inBuffer":false,"facType":"substation"}},{"type":"Feature","geometry":{"type":"Point","coordinates":[-87.59312,41.83161]},"properties":{"probability":0.236,"inBuffer":false,"facType":"substation"}},{"type":"Feature","geometry":{"type":"Point","coordinates":[-87.5871,41.83164]},"properties":{"probability":0.147,"inBuffer":false,"facType":"substation"}},{"type":"Feature","geometry":{"type":"Point","coordinates":[-87.58108,41.83167]},"properties":{"probability":0.141,"inBuffer":false,"facType":"substation"}},{"type":"Feature","geometry":{"type":"Point","coordinates":[-87.57506,41.8317]},"properties":{"probability":0.14,"inBuffer":false,"facType":"substation"}},{"type":"Feature","geometry":{"type":"Point","coordinates":[-87.80379,41.82582]},"properties":{"probability":0.599,"inBuffer":false,"facType":"government"}},{"type":"Feature","geometry":{"type":"Point","coordinates":[-87.79778,41.82586]},"properties":{"probability":0.621,"inBuffer":false,"facType":"government"}},{"type":"Feature","geometry":{"type":"Point","coordinates":[-87.79176,41.8259]},"properties":{"probability":0.674,"inBuffer":true,"facType":"police"}},{"type":"Feature","geometry":{"type":"Point","coordinates":[-87.78574,41.82595]},"properties":{"probability":0.597,"inBuffer":true,"facType":"government"}},{"type":"Feature","geometry":{"type":"Point","coordinates":[-87.77972,41.82599]},"properties":{"probability":0.632,"inBuffer":false,"facType":"government"}},{"type":"Feature","geometry":{"type":"Point","coordinates":[-87.7737,41.82603]},"properties":{"probability":0.68,"inBuffer":false,"facType":"government"}},{"type":"Feature","geometry":{"type":"Point","coordinates":[-87.76768,41.82607]},"properties":{"probability":0.682,"inBuffer":false,"facType":"fire"}},{"type":"Feature","geometry":{"type":"Point","coordinates":[-87.76165,41.82611]},"properties":{"probability":0.684,"inBuffer":true,"facType":"fire"}},{"type":"Feature","geometry":{"type":"Point","coordinates":[-87.75563,41.82615]},"properties":{"probability":0.663,"inBuffer":true,"facType":"fire"}},{"type":"Feature","geometry":{"type":"Point","coordinates":[-87.74961,41.82619]},"properties":{"probability":0.681,"inBuffer":false,"facType":"fire"}},{"type":"Feature","geometry":{"type":"Point","coordinates":[-87.74359,41.82623]},"properties":{"probability":0.715,"inBuffer":false,"facType":"power"}},{"type":"Feature","geometry":{"type":"Point","coordinates":[-87.73757,41.82627]},"properties":{"probability":0.731,"inBuffer":false,"facType":"substation"}},{"type":"Feature","geometry":{"type":"Point","coordinates":[-87.73155,41.82631]},"properties":{"probability":0.684,"inBuffer":false,"facType":"substation"}},{"type":"Feature","geometry":{"type":"Point","coordinates":[-87.72553,41.82634]},"properties":{"probability":0.652,"inBuffer":false,"facType":"substation"}},{"type":"Feature","geometry":{"type":"Point","coordinates":[-87.71951,41.82638]},"properties":{"probability":0.723,"inBuffer":false,"facType":"substation"}},{"type":"Feature","geometry":{"type":"Point","coordinates":[-87.71349,41.82642]},"properties":{"probability":0.712,"inBuffer":false,"facType":"substation"}},{"type":"Feature","geometry":{"type":"Point","coordinates":[-87.70747,41.82645]},"properties":{"probability":0.702,"inBuffer":false,"facType":"substation"}},{"type":"Feature","geometry":{"type":"Point","coordinates":[-87.70145,41.82649]},"properties":{"probability":0.725,"inBuffer":false,"facType":"fire"}},{"type":"Feature","geometry":{"type":"Point","coordinates":[-87.69543,41.82653]},"properties":{"probability":0.698,"inBuffer":false,"facType":"substation"}},{"type":"Feature","geometry":{"type":"Point","coordinates":[-87.68941,41.82656]},"properties":{"probability":0.678,"inBuffer":false,"facType":"substation"}},{"type":"Feature","geometry":{"type":"Point","coordinates":[-87.68339,41.8266]},"properties":{"probability":0.685,"inBuffer":false,"facType":"substation"}},{"type":"Feature","geometry":{"type":"Point","coordinates":[-87.67737,41.82664]},"properties":{"probability":0.681,"inBuffer":true,"facType":"fire"}},{"type":"Feature","geometry":{"type":"Point","coordinates":[-87.67135,41.82667]},"properties":{"probability":0.677,"inBuffer":true,"facType":"fire"}},{"type":"Feature","geometry":{"type":"Point","coordinates":[-87.66532,41.82671]},"properties":{"probability":0.665,"inBuffer":false,"facType":"government"}},{"type":"Feature","geometry":{"type":"Point","coordinates":[-87.6593,41.82674]},"properties":{"probability":0.674,"inBuffer":false,"facType":"government"}},{"type":"Feature","geometry":{"type":"Point","coordinates":[-87.65328,41.82678]},"properties":{"probability":0.701,"inBuffer":false,"facType":"government"}},{"type":"Feature","geometry":{"type":"Point","coordinates":[-87.64726,41.82681]},"properties":{"probability":0.733,"inBuffer":true,"facType":"government"}},{"type":"Feature","geometry":{"type":"Point","coordinates":[-87.64124,41.82684]},"properties":{"probability":0.716,"inBuffer":true,"facType":"government"}},{"type":"Feature","geometry":{"type":"Point","coordinates":[-87.63522,41.82688]},"properties":{"probability":0.798,"inBuffer":true,"facType":"government"}},{"type":"Feature","geometry":{"type":"Point","coordinates":[-87.6292,41.82691]},"properties":{"probability":0.803,"inBuffer":true,"facType":"substation"}},{"type":"Feature","geometry":{"type":"Point","coordinates":[-87.62318,41.82694]},"properties":{"probability":0.789,"inBuffer":true,"facType":"substation"}},{"type":"Feature","geometry":{"type":"Point","coordinates":[-87.61716,41.82698]},"properties":{"probability":0.793,"inBuffer":true,"facType":"substation"}},{"type":"Feature","geometry":{"type":"Point","coordinates":[-87.61114,41.82701]},"properties":{"probability":0.695,"inBuffer":false,"facType":"substation"}},{"type":"Feature","geometry":{"type":"Point","coordinates":[-87.60512,41.82704]},"properties":{"probability":0.681,"inBuffer":false,"facType":"substation"}},{"type":"Feature","geometry":{"type":"Point","coordinates":[-87.5991,41.82707]},"properties":{"probability":0.553,"inBuffer":false,"facType":"substation"}},{"type":"Feature","geometry":{"type":"Point","coordinates":[-87.59308,41.8271]},"properties":{"probability":0.299,"inBuffer":false,"facType":"substation"}},{"type":"Feature","geometry":{"type":"Point","coordinates":[-87.58706,41.82713]},"properties":{"probability":0.151,"inBuffer":false,"facType":"substation"}},{"type":"Feature","geometry":{"type":"Point","coordinates":[-87.58103,41.82716]},"properties":{"probability":0.149,"inBuffer":false,"facType":"substation"}},{"type":"Feature","geometry":{"type":"Point","coordinates":[-87.57501,41.82719]},"properties":{"probability":0.14,"inBuffer":false,"facType":"substation"}},{"type":"Feature","geometry":{"type":"Point","coordinates":[-87.80374,41.82132]},"properties":{"probability":0.615,"inBuffer":false,"facType":"government"}},{"type":"Feature","geometry":{"type":"Point","coordinates":[-87.79772,41.82136]},"properties":{"probability":0.607,"inBuffer":false,"facType":"police"}},{"type":"Feature","geometry":{"type":"Point","coordinates":[-87.7917,41.8214]},"properties":{"probability":0.596,"inBuffer":true,"facType":"police"}},{"type":"Feature","geometry":{"type":"Point","coordinates":[-87.78568,41.82145]},"properties":{"probability":0.569,"inBuffer":true,"facType":"government"}},{"type":"Feature","geometry":{"type":"Point","coordinates":[-87.77966,41.82148]},"properties":{"probability":0.61,"inBuffer":true,"facType":"government"}},{"type":"Feature","geometry":{"type":"Point","coordinates":[-87.77364,41.82153]},"properties":{"probability":0.661,"inBuffer":false,"facType":"water_works"}},{"type":"Feature","geometry":{"type":"Point","coordinates":[-87.76762,41.82157]},"properties":{"probability":0.678,"inBuffer":false,"facType":"water_works"}},{"type":"Feature","geometry":{"type":"Point","coordinates":[-87.7616,41.82161]},"properties":{"probability":0.669,"inBuffer":false,"facType":"water_works"}},{"type":"Feature","geometry":{"type":"Point","coordinates":[-87.75558,41.82165]},"properties":{"probability":0.725,"inBuffer":false,"facType":"water_works"}},{"type":"Feature","geometry":{"type":"Point","coordinates":[-87.74956,41.82169]},"properties":{"probability":0.775,"inBuffer":false,"facType":"power"}},{"type":"Feature","geometry":{"type":"Point","coordinates":[-87.74354,41.82172]},"properties":{"probability":0.784,"inBuffer":false,"facType":"power"}},{"type":"Feature","geometry":{"type":"Point","coordinates":[-87.73752,41.82176]},"properties":{"probability":0.751,"inBuffer":true,"facType":"power"}},{"type":"Feature","geometry":{"type":"Point","coordinates":[-87.7315,41.8218]},"properties":{"probability":0.681,"inBuffer":true,"facType":"power"}},{"type":"Feature","geometry":{"type":"Point","coordinates":[-87.72548,41.82184]},"properties":{"probability":0.714,"inBuffer":false,"facType":"substation"}},{"type":"Feature","geometry":{"type":"Point","coordinates":[-87.71946,41.82188]},"properties":{"probability":0.821,"inBuffer":false,"facType":"substation"}},{"type":"Feature","geometry":{"type":"Point","coordinates":[-87.71344,41.82191]},"properties":{"probability":0.811,"inBuffer":false,"facType":"substation"}},{"type":"Feature","geometry":{"type":"Point","coordinates":[-87.70742,41.82195]},"properties":{"probability":0.808,"inBuffer":false,"facType":"fire"}},{"type":"Feature","geometry":{"type":"Point","coordinates":[-87.7014,41.82199]},"properties":{"probability":0.732,"inBuffer":true,"facType":"fire"}},{"type":"Feature","geometry":{"type":"Point","coordinates":[-87.69538,41.82203]},"properties":{"probability":0.71,"inBuffer":true,"facType":"fire"}},{"type":"Feature","geometry":{"type":"Point","coordinates":[-87.68936,41.82206]},"properties":{"probability":0.716,"inBuffer":false,"facType":"substation"}},{"type":"Feature","geometry":{"type":"Point","coordinates":[-87.68334,41.8221]},"properties":{"probability":0.686,"inBuffer":false,"facType":"substation"}},{"type":"Feature","geometry":{"type":"Point","coordinates":[-87.67732,41.82214]},"properties":{"probability":0.641,"inBuffer":true,"facType":"fire"}},{"type":"Feature","geometry":{"type":"Point","coordinates":[-87.6713,41.82217]},"properties":{"probability":0.656,"inBuffer":true,"facType":"fire"}},{"type":"Feature","geometry":{"type":"Point","coordinates":[-87.66528,41.8222]},"properties":{"probability":0.705,"inBuffer":true,"facType":"government"}},{"type":"Feature","geometry":{"type":"Point","coordinates":[-87.65926,41.82224]},"properties":{"probability":0.698,"inBuffer":false,"facType":"government"}},{"type":"Feature","geometry":{"type":"Point","coordinates":[-87.65324,41.82227]},"properties":{"probability":0.719,"inBuffer":false,"facType":"government"}},{"type":"Feature","geometry":{"type":"Point","coordinates":[-87.64722,41.82231]},"properties":{"probability":0.715,"inBuffer":false,"facType":"government"}},{"type":"Feature","geometry":{"type":"Point","coordinates":[-87.6412,41.82234]},"properties":{"probability":0.717,"inBuffer":false,"facType":"government"}},{"type":"Feature","geometry":{"type":"Point","coordinates":[-87.63518,41.82238]},"properties":{"probability":0.782,"inBuffer":false,"facType":"government"}},{"type":"Feature","geometry":{"type":"Point","coordinates":[-87.62916,41.82241]},"properties":{"probability":0.792,"inBuffer":true,"facType":"fire"}},{"type":"Feature","geometry":{"type":"Point","coordinates":[-87.62314,41.82244]},"properties":{"probability":0.779,"inBuffer":true,"facType":"fire"}},{"type":"Feature","geometry":{"type":"Point","coordinates":[-87.61712,41.82247]},"properties":{"probability":0.797,"inBuffer":true,"facType":"substation"}},{"type":"Feature","geometry":{"type":"Point","coordinates":[-87.6111,41.82251]},"properties":{"probability":0.702,"inBuffer":false,"facType":"substation"}},{"type":"Feature","geometry":{"type":"Point","coordinates":[-87.60507,41.82254]},"properties":{"probability":0.696,"inBuffer":false,"facType":"substation"}},{"type":"Feature","geometry":{"type":"Point","coordinates":[-87.59905,41.82257]},"properties":{"probability":0.588,"inBuffer":false,"facType":"substation"}},{"type":"Feature","geometry":{"type":"Point","coordinates":[-87.59303,41.8226]},"properties":{"probability":0.404,"inBuffer":false,"facType":"substation"}},{"type":"Feature","geometry":{"type":"Point","coordinates":[-87.58701,41.82263]},"properties":{"probability":0.147,"inBuffer":false,"facType":"substation"}},{"type":"Feature","geometry":{"type":"Point","coordinates":[-87.58099,41.82266]},"properties":{"probability":0.141,"inBuffer":false,"facType":"substation"}},{"type":"Feature","geometry":{"type":"Point","coordinates":[-87.57497,41.82269]},"properties":{"probability":0.144,"inBuffer":false,"facType":"substation"}},{"type":"Feature","geometry":{"type":"Point","coordinates":[-87.80368,41.81681]},"properties":{"probability":0.63,"inBuffer":false,"facType":"fire"}},{"type":"Feature","geometry":{"type":"Point","coordinates":[-87.79766,41.81686]},"properties":{"probability":0.578,"inBuffer":false,"facType":"police"}},{"type":"Feature","geometry":{"type":"Point","coordinates":[-87.79164,41.8169]},"properties":{"probability":0.568,"inBuffer":true,"facType":"police"}},{"type":"Feature","geometry":{"type":"Point","coordinates":[-87.78562,41.81694]},"properties":{"probability":0.566,"inBuffer":true,"facType":"fire"}},{"type":"Feature","geometry":{"type":"Point","coordinates":[-87.7796,41.81698]},"properties":{"probability":0.568,"inBuffer":true,"facType":"fire"}},{"type":"Feature","geometry":{"type":"Point","coordinates":[-87.77358,41.81702]},"properties":{"probability":0.622,"inBuffer":false,"facType":"substation"}},{"type":"Feature","geometry":{"type":"Point","coordinates":[-87.76756,41.81706]},"properties":{"probability":0.623,"inBuffer":false,"facType":"water_works"}},{"type":"Feature","geometry":{"type":"Point","coordinates":[-87.76154,41.8171]},"properties":{"probability":0.657,"inBuffer":false,"facType":"water_works"}},{"type":"Feature","geometry":{"type":"Point","coordinates":[-87.75552,41.81714]},"properties":{"probability":0.8,"inBuffer":false,"facType":"water_works"}},{"type":"Feature","geometry":{"type":"Point","coordinates":[-87.7495,41.81718]},"properties":{"probability":0.8,"inBuffer":false,"facType":"power"}},{"type":"Feature","geometry":{"type":"Point","coordinates":[-87.74348,41.81722]},"properties":{"probability":0.806,"inBuffer":true,"facType":"power"}},{"type":"Feature","geometry":{"type":"Point","coordinates":[-87.73746,41.81726]},"properties":{"probability":0.682,"inBuffer":true,"facType":"power"}},{"type":"Feature","geometry":{"type":"Point","coordinates":[-87.73145,41.8173]},"properties":{"probability":0.706,"inBuffer":true,"facType":"power"}},{"type":"Feature","geometry":{"type":"Point","coordinates":[-87.72543,41.81734]},"properties":{"probability":0.814,"inBuffer":false,"facType":"substation"}},{"type":"Feature","geometry":{"type":"Point","coordinates":[-87.71941,41.81738]},"properties":{"probability":0.821,"inBuffer":false,"facType":"substation"}},{"type":"Feature","geometry":{"type":"Point","coordinates":[-87.71339,41.81741]},"properties":{"probability":0.834,"inBuffer":false,"facType":"substation"}},{"type":"Feature","geometry":{"type":"Point","coordinates":[-87.70737,41.81745]},"properties":{"probability":0.822,"inBuffer":true,"facType":"fire"}},{"type":"Feature","geometry":{"type":"Point","coordinates":[-87.70135,41.81749]},"properties":{"probability":0.801,"inBuffer":true,"facType":"fire"}},{"type":"Feature","geometry":{"type":"Point","coordinates":[-87.69533,41.81752]},"properties":{"probability":0.712,"inBuffer":true,"facType":"fire"}},{"type":"Feature","geometry":{"type":"Point","coordinates":[-87.68931,41.81756]},"properties":{"probability":0.702,"inBuffer":false,"facType":"fire"}},{"type":"Feature","geometry":{"type":"Point","coordinates":[-87.68329,41.8176]},"properties":{"probability":0.625,"inBuffer":false,"facType":"substation"}},{"type":"Feature","geometry":{"type":"Point","coordinates":[-87.67727,41.81763]},"properties":{"probability":0.62,"inBuffer":true,"facType":"fire"}},{"type":"Feature","geometry":{"type":"Point","coordinates":[-87.67125,41.81767]},"properties":{"probability":0.637,"inBuffer":true,"facType":"fire"}},{"type":"Feature","geometry":{"type":"Point","coordinates":[-87.66523,41.8177]},"properties":{"probability":0.702,"inBuffer":true,"facType":"fire"}},{"type":"Feature","geometry":{"type":"Point","coordinates":[-87.65921,41.81774]},"properties":{"probability":0.681,"inBuffer":true,"facType":"fire"}},{"type":"Feature","geometry":{"type":"Point","coordinates":[-87.65319,41.81777]},"properties":{"probability":0.673,"inBuffer":false,"facType":"government"}},{"type":"Feature","geometry":{"type":"Point","coordinates":[-87.64717,41.81781]},"properties":{"probability":0.703,"inBuffer":false,"facType":"government"}},{"type":"Feature","geometry":{"type":"Point","coordinates":[-87.64115,41.81784]},"properties":{"probability":0.668,"inBuffer":false,"facType":"government"}},{"type":"Feature","geometry":{"type":"Point","coordinates":[-87.63513,41.81787]},"properties":{"probability":0.716,"inBuffer":false,"facType":"substation"}},{"type":"Feature","geometry":{"type":"Point","coordinates":[-87.62911,41.81791]},"properties":{"probability":0.798,"inBuffer":true,"facType":"substation"}},{"type":"Feature","geometry":{"type":"Point","coordinates":[-87.62309,41.81794]},"properties":{"probability":0.744,"inBuffer":true,"facType":"substation"}},{"type":"Feature","geometry":{"type":"Point","coordinates":[-87.61707,41.81797]},"properties":{"probability":0.735,"inBuffer":false,"facType":"substation"}},{"type":"Feature","geometry":{"type":"Point","coordinates":[-87.61105,41.818]},"properties":{"probability":0.69,"inBuffer":false,"facType":"substation"}},{"type":"Feature","geometry":{"type":"Point","coordinates":[-87.60503,41.81804]},"properties":{"probability":0.665,"inBuffer":false,"facType":"substation"}},{"type":"Feature","geometry":{"type":"Point","coordinates":[-87.59901,41.81807]},"properties":{"probability":0.643,"inBuffer":false,"facType":"fire"}},{"type":"Feature","geometry":{"type":"Point","coordinates":[-87.59299,41.8181]},"properties":{"probability":0.567,"inBuffer":false,"facType":"fire"}},{"type":"Feature","geometry":{"type":"Point","coordinates":[-87.58698,41.81813]},"properties":{"probability":0.205,"inBuffer":false,"facType":"substation"}},{"type":"Feature","geometry":{"type":"Point","coordinates":[-87.58096,41.81816]},"properties":{"probability":0.166,"inBuffer":false,"facType":"substation"}},{"type":"Feature","geometry":{"type":"Point","coordinates":[-87.56892,41.81822]},"properties":{"probability":0.144,"inBuffer":false,"facType":"substation"}},{"type":"Feature","geometry":{"type":"Point","coordinates":[-87.80363,41.81231]},"properties":{"probability":0.549,"inBuffer":true,"facType":"fire"}},{"type":"Feature","geometry":{"type":"Point","coordinates":[-87.79761,41.81236]},"properties":{"probability":0.496,"inBuffer":true,"facType":"police"}},{"type":"Feature","geometry":{"type":"Point","coordinates":[-87.79159,41.8124]},"properties":{"probability":0.478,"inBuffer":true,"facType":"substation"}},{"type":"Feature","geometry":{"type":"Point","coordinates":[-87.78557,41.81244]},"properties":{"probability":0.525,"inBuffer":true,"facType":"substation"}},{"type":"Feature","geometry":{"type":"Point","coordinates":[-87.77955,41.81248]},"properties":{"probability":0.579,"inBuffer":true,"facType":"substation"}},{"type":"Feature","geometry":{"type":"Point","coordinates":[-87.77353,41.81252]},"properties":{"probability":0.6,"inBuffer":false,"facType":"substation"}},{"type":"Feature","geometry":{"type":"Point","coordinates":[-87.76751,41.81256]},"properties":{"probability":0.621,"inBuffer":false,"facType":"water_works"}},{"type":"Feature","geometry":{"type":"Point","coordinates":[-87.76149,41.8126]},"properties":{"probability":0.608,"inBuffer":false,"facType":"water_works"}},{"type":"Feature","geometry":{"type":"Point","coordinates":[-87.75548,41.81264]},"properties":{"probability":0.677,"inBuffer":false,"facType":"water_works"}},{"type":"Feature","geometry":{"type":"Point","coordinates":[-87.74946,41.81268]},"properties":{"probability":0.713,"inBuffer":false,"facType":"government"}},{"type":"Feature","geometry":{"type":"Point","coordinates":[-87.74344,41.81272]},"properties":{"probability":0.758,"inBuffer":false,"facType":"power"}},{"type":"Feature","geometry":{"type":"Point","coordinates":[-87.73742,41.81276]},"properties":{"probability":0.718,"inBuffer":true,"facType":"power"}},{"type":"Feature","geometry":{"type":"Point","coordinates":[-87.7314,41.8128]},"properties":{"probability":0.772,"inBuffer":true,"facType":"power"}},{"type":"Feature","geometry":{"type":"Point","coordinates":[-87.72538,41.81284]},"properties":{"probability":0.803,"inBuffer":true,"facType":"fire"}},{"type":"Feature","geometry":{"type":"Point","coordinates":[-87.71936,41.81287]},"properties":{"probability":0.825,"inBuffer":true,"facType":"fire"}},{"type":"Feature","geometry":{"type":"Point","coordinates":[-87.71334,41.81291]},"properties":{"probability":0.823,"inBuffer":false,"facType":"substation"}},{"type":"Feature","geometry":{"type":"Point","coordinates":[-87.70732,41.81295]},"properties":{"probability":0.815,"inBuffer":false,"facType":"government"}},{"type":"Feature","geometry":{"type":"Point","coordinates":[-87.7013,41.81298]},"properties":{"probability":0.799,"inBuffer":true,"facType":"fire"}},{"type":"Feature","geometry":{"type":"Point","coordinates":[-87.69528,41.81302]},"properties":{"probability":0.653,"inBuffer":true,"facType":"fire"}},{"type":"Feature","geometry":{"type":"Point","coordinates":[-87.68926,41.81306]},"properties":{"probability":0.643,"inBuffer":false,"facType":"government"}},{"type":"Feature","geometry":{"type":"Point","coordinates":[-87.68324,41.81309]},"properties":{"probability":0.678,"inBuffer":false,"facType":"government"}},{"type":"Feature","geometry":{"type":"Point","coordinates":[-87.67722,41.81313]},"properties":{"probability":0.661,"inBuffer":false,"facType":"substation"}},{"type":"Feature","geometry":{"type":"Point","coordinates":[-87.6712,41.81316]},"properties":{"probability":0.671,"inBuffer":true,"facType":"fire"}},{"type":"Feature","geometry":{"type":"Point","coordinates":[-87.66518,41.8132]},"properties":{"probability":0.714,"inBuffer":true,"facType":"fire"}},{"type":"Feature","geometry":{"type":"Point","coordinates":[-87.65916,41.81323]},"properties":{"probability":0.738,"inBuffer":true,"facType":"fire"}},{"type":"Feature","geometry":{"type":"Point","coordinates":[-87.65314,41.81327]},"properties":{"probability":0.669,"inBuffer":false,"facType":"fire"}},{"type":"Feature","geometry":{"type":"Point","coordinates":[-87.64713,41.8133]},"properties":{"probability":0.668,"inBuffer":false,"facType":"fire"}},{"type":"Feature","geometry":{"type":"Point","coordinates":[-87.64111,41.81334]},"properties":{"probability":0.683,"inBuffer":false,"facType":"fire"}},{"type":"Feature","geometry":{"type":"Point","coordinates":[-87.63509,41.81337]},"properties":{"probability":0.688,"inBuffer":false,"facType":"substation"}},{"type":"Feature","geometry":{"type":"Point","coordinates":[-87.62907,41.8134]},"properties":{"probability":0.796,"inBuffer":false,"facType":"substation"}},{"type":"Feature","geometry":{"type":"Point","coordinates":[-87.62305,41.81343]},"properties":{"probability":0.724,"inBuffer":false,"facType":"substation"}},{"type":"Feature","geometry":{"type":"Point","coordinates":[-87.61703,41.81347]},"properties":{"probability":0.713,"inBuffer":false,"facType":"substation"}},{"type":"Feature","geometry":{"type":"Point","coordinates":[-87.61101,41.8135]},"properties":{"probability":0.687,"inBuffer":true,"facType":"fire"}},{"type":"Feature","geometry":{"type":"Point","coordinates":[-87.60499,41.81353]},"properties":{"probability":0.692,"inBuffer":true,"facType":"fire"}},{"type":"Feature","geometry":{"type":"Point","coordinates":[-87.59897,41.81356]},"properties":{"probability":0.657,"inBuffer":true,"facType":"fire"}},{"type":"Feature","geometry":{"type":"Point","coordinates":[-87.59295,41.81359]},"properties":{"probability":0.585,"inBuffer":false,"facType":"substation"}},{"type":"Feature","geometry":{"type":"Point","coordinates":[-87.58693,41.81363]},"properties":{"probability":0.28,"inBuffer":false,"facType":"substation"}},{"type":"Feature","geometry":{"type":"Point","coordinates":[-87.58091,41.81366]},"properties":{"probability":0.169,"inBuffer":false,"facType":"substation"}},{"type":"Feature","geometry":{"type":"Point","coordinates":[-87.57489,41.81369]},"properties":{"probability":0.172,"inBuffer":false,"facType":"substation"}},{"type":"Feature","geometry":{"type":"Point","coordinates":[-87.56887,41.81372]},"properties":{"probability":0.15,"inBuffer":false,"facType":"substation"}},{"type":"Feature","geometry":{"type":"Point","coordinates":[-87.80357,41.80781]},"properties":{"probability":0.548,"inBuffer":true,"facType":"fire"}},{"type":"Feature","geometry":{"type":"Point","coordinates":[-87.79755,41.80785]},"properties":{"probability":0.56,"inBuffer":true,"facType":"government"}},{"type":"Feature","geometry":{"type":"Point","coordinates":[-87.79153,41.80789]},"properties":{"probability":0.526,"inBuffer":true,"facType":"substation"}},{"type":"Feature","geometry":{"type":"Point","coordinates":[-87.78551,41.80793]},"properties":{"probability":0.589,"inBuffer":true,"facType":"substation"}},{"type":"Feature","geometry":{"type":"Point","coordinates":[-87.7795,41.80798]},"properties":{"probability":0.62,"inBuffer":false,"facType":"substation"}},{"type":"Feature","geometry":{"type":"Point","coordinates":[-87.77348,41.80802]},"properties":{"probability":0.636,"inBuffer":false,"facType":"substation"}},{"type":"Feature","geometry":{"type":"Point","coordinates":[-87.76746,41.80806]},"properties":{"probability":0.765,"inBuffer":false,"facType":"substation"}},{"type":"Feature","geometry":{"type":"Point","coordinates":[-87.76144,41.8081]},"properties":{"probability":0.803,"inBuffer":true,"facType":"substation"}},{"type":"Feature","geometry":{"type":"Point","coordinates":[-87.75542,41.80814]},"properties":{"probability":0.738,"inBuffer":true,"facType":"government"}},{"type":"Feature","geometry":{"type":"Point","coordinates":[-87.7494,41.80818]},"properties":{"probability":0.756,"inBuffer":false,"facType":"government"}},{"type":"Feature","geometry":{"type":"Point","coordinates":[-87.74339,41.80822]},"properties":{"probability":0.779,"inBuffer":false,"facType":"government"}},{"type":"Feature","geometry":{"type":"Point","coordinates":[-87.73737,41.80825]},"properties":{"probability":0.671,"inBuffer":false,"facType":"power"}},{"type":"Feature","geometry":{"type":"Point","coordinates":[-87.73135,41.80829]},"properties":{"probability":0.702,"inBuffer":true,"facType":"fire"}},{"type":"Feature","geometry":{"type":"Point","coordinates":[-87.72533,41.80833]},"properties":{"probability":0.77,"inBuffer":true,"facType":"fire"}},{"type":"Feature","geometry":{"type":"Point","coordinates":[-87.71931,41.80837]},"properties":{"probability":0.807,"inBuffer":true,"facType":"fire"}},{"type":"Feature","geometry":{"type":"Point","coordinates":[-87.71329,41.80841]},"properties":{"probability":0.805,"inBuffer":false,"facType":"substation"}},{"type":"Feature","geometry":{"type":"Point","coordinates":[-87.70727,41.80844]},"properties":{"probability":0.792,"inBuffer":false,"facType":"government"}},{"type":"Feature","geometry":{"type":"Point","coordinates":[-87.70125,41.80848]},"properties":{"probability":0.719,"inBuffer":false,"facType":"government"}},{"type":"Feature","geometry":{"type":"Point","coordinates":[-87.69524,41.80852]},"properties":{"probability":0.668,"inBuffer":false,"facType":"government"}},{"type":"Feature","geometry":{"type":"Point","coordinates":[-87.68922,41.80855]},"properties":{"probability":0.665,"inBuffer":false,"facType":"government"}},{"type":"Feature","geometry":{"type":"Point","coordinates":[-87.6832,41.80859]},"properties":{"probability":0.714,"inBuffer":false,"facType":"government"}},{"type":"Feature","geometry":{"type":"Point","coordinates":[-87.67718,41.80862]},"properties":{"probability":0.675,"inBuffer":false,"facType":"substation"}},{"type":"Feature","geometry":{"type":"Point","coordinates":[-87.67116,41.80866]},"properties":{"probability":0.662,"inBuffer":false,"facType":"government"}},{"type":"Feature","geometry":{"type":"Point","coordinates":[-87.66514,41.8087]},"properties":{"probability":0.719,"inBuffer":true,"facType":"government"}},{"type":"Feature","geometry":{"type":"Point","coordinates":[-87.65912,41.80873]},"properties":{"probability":0.769,"inBuffer":true,"facType":"government"}},{"type":"Feature","geometry":{"type":"Point","coordinates":[-87.6531,41.80877]},"properties":{"probability":0.683,"inBuffer":false,"facType":"government"}},{"type":"Feature","geometry":{"type":"Point","coordinates":[-87.64708,41.8088]},"properties":{"probability":0.668,"inBuffer":true,"facType":"fire"}},{"type":"Feature","geometry":{"type":"Point","coordinates":[-87.64106,41.80883]},"properties":{"probability":0.669,"inBuffer":true,"facType":"fire"}},{"type":"Feature","geometry":{"type":"Point","coordinates":[-87.63504,41.80886]},"properties":{"probability":0.686,"inBuffer":false,"facType":"substation"}},{"type":"Feature","geometry":{"type":"Point","coordinates":[-87.62902,41.8089]},"properties":{"probability":0.79,"inBuffer":false,"facType":"substation"}},{"type":"Feature","geometry":{"type":"Point","coordinates":[-87.62301,41.80893]},"properties":{"probability":0.721,"inBuffer":false,"facType":"substation"}},{"type":"Feature","geometry":{"type":"Point","coordinates":[-87.61699,41.80896]},"properties":{"probability":0.714,"inBuffer":false,"facType":"substation"}},{"type":"Feature","geometry":{"type":"Point","coordinates":[-87.61097,41.80899]},"properties":{"probability":0.677,"inBuffer":true,"facType":"fire"}},{"type":"Feature","geometry":{"type":"Point","coordinates":[-87.60495,41.80903]},"properties":{"probability":0.689,"inBuffer":true,"facType":"fire"}},{"type":"Feature","geometry":{"type":"Point","coordinates":[-87.59893,41.80906]},"properties":{"probability":0.676,"inBuffer":true,"facType":"fire"}},{"type":"Feature","geometry":{"type":"Point","coordinates":[-87.59291,41.80909]},"properties":{"probability":0.662,"inBuffer":false,"facType":"substation"}},{"type":"Feature","geometry":{"type":"Point","coordinates":[-87.58689,41.80912]},"properties":{"probability":0.416,"inBuffer":false,"facType":"substation"}},{"type":"Feature","geometry":{"type":"Point","coordinates":[-87.58087,41.80915]},"properties":{"probability":0.277,"inBuffer":false,"facType":"substation"}},{"type":"Feature","geometry":{"type":"Point","coordinates":[-87.57485,41.80918]},"properties":{"probability":0.159,"inBuffer":false,"facType":"substation"}},{"type":"Feature","geometry":{"type":"Point","coordinates":[-87.56883,41.80921]},"properties":{"probability":0.161,"inBuffer":false,"facType":"substation"}},{"type":"Feature","geometry":{"type":"Point","coordinates":[-87.80351,41.80331]},"properties":{"probability":0.574,"inBuffer":false,"facType":"fire"}},{"type":"Feature","geometry":{"type":"Point","coordinates":[-87.7975,41.80335]},"properties":{"probability":0.607,"inBuffer":true,"facType":"government"}},{"type":"Feature","geometry":{"type":"Point","coordinates":[-87.79148,41.80339]},"properties":{"probability":0.61,"inBuffer":false,"facType":"substation"}},{"type":"Feature","geometry":{"type":"Point","coordinates":[-87.78546,41.80343]},"properties":{"probability":0.617,"inBuffer":false,"facType":"substation"}},{"type":"Feature","geometry":{"type":"Point","coordinates":[-87.77944,41.80347]},"properties":{"probability":0.616,"inBuffer":false,"facType":"substation"}},{"type":"Feature","geometry":{"type":"Point","coordinates":[-87.77342,41.80351]},"properties":{"probability":0.645,"inBuffer":false,"facType":"substation"}},{"type":"Feature","geometry":{"type":"Point","coordinates":[-87.7674,41.80355]},"properties":{"probability":0.687,"inBuffer":false,"facType":"substation"}},{"type":"Feature","geometry":{"type":"Point","coordinates":[-87.76139,41.80359]},"properties":{"probability":0.702,"inBuffer":true,"facType":"substation"}},{"type":"Feature","geometry":{"type":"Point","coordinates":[-87.75537,41.80363]},"properties":{"probability":0.67,"inBuffer":true,"facType":"government"}},{"type":"Feature","geometry":{"type":"Point","coordinates":[-87.74935,41.80367]},"properties":{"probability":0.74,"inBuffer":false,"facType":"government"}},{"type":"Feature","geometry":{"type":"Point","coordinates":[-87.74333,41.80371]},"properties":{"probability":0.783,"inBuffer":false,"facType":"government"}},{"type":"Feature","geometry":{"type":"Point","coordinates":[-87.73731,41.80375]},"properties":{"probability":0.692,"inBuffer":false,"facType":"substation"}},{"type":"Feature","geometry":{"type":"Point","coordinates":[-87.73129,41.80379]},"properties":{"probability":0.703,"inBuffer":true,"facType":"substation"}},{"type":"Feature","geometry":{"type":"Point","coordinates":[-87.72527,41.80383]},"properties":{"probability":0.748,"inBuffer":true,"facType":"fire"}},{"type":"Feature","geometry":{"type":"Point","coordinates":[-87.71926,41.80387]},"properties":{"probability":0.739,"inBuffer":true,"facType":"substation"}},{"type":"Feature","geometry":{"type":"Point","coordinates":[-87.71324,41.8039]},"properties":{"probability":0.693,"inBuffer":false,"facType":"substation"}},{"type":"Feature","geometry":{"type":"Point","coordinates":[-87.70722,41.80394]},"properties":{"probability":0.681,"inBuffer":false,"facType":"substation"}},{"type":"Feature","geometry":{"type":"Point","coordinates":[-87.7012,41.80398]},"properties":{"probability":0.639,"inBuffer":false,"facType":"substation"}},{"type":"Feature","geometry":{"type":"Point","coordinates":[-87.69518,41.80401]},"properties":{"probability":0.642,"inBuffer":false,"facType":"government"}},{"type":"Feature","geometry":{"type":"Point","coordinates":[-87.68916,41.80405]},"properties":{"probability":0.657,"inBuffer":false,"facType":"government"}},{"type":"Feature","geometry":{"type":"Point","coordinates":[-87.68314,41.80408]},"properties":{"probability":0.674,"inBuffer":true,"facType":"water_works"}},{"type":"Feature","geometry":{"type":"Point","coordinates":[-87.67713,41.80412]},"properties":{"probability":0.661,"inBuffer":true,"facType":"substation"}},{"type":"Feature","geometry":{"type":"Point","coordinates":[-87.67111,41.80416]},"properties":{"probability":0.612,"inBuffer":false,"facType":"fire"}},{"type":"Feature","geometry":{"type":"Point","coordinates":[-87.66509,41.80419]},"properties":{"probability":0.691,"inBuffer":false,"facType":"government"}},{"type":"Feature","geometry":{"type":"Point","coordinates":[-87.65907,41.80423]},"properties":{"probability":0.689,"inBuffer":false,"facType":"government"}},{"type":"Feature","geometry":{"type":"Point","coordinates":[-87.65305,41.80426]},"properties":{"probability":0.604,"inBuffer":false,"facType":"fire"}},{"type":"Feature","geometry":{"type":"Point","coordinates":[-87.64703,41.80429]},"properties":{"probability":0.624,"inBuffer":true,"facType":"fire"}},{"type":"Feature","geometry":{"type":"Point","coordinates":[-87.64101,41.80433]},"properties":{"probability":0.657,"inBuffer":true,"facType":"fire"}},{"type":"Feature","geometry":{"type":"Point","coordinates":[-87.635,41.80436]},"properties":{"probability":0.674,"inBuffer":true,"facType":"substation"}},{"type":"Feature","geometry":{"type":"Point","coordinates":[-87.62898,41.80439]},"properties":{"probability":0.754,"inBuffer":true,"facType":"substation"}},{"type":"Feature","geometry":{"type":"Point","coordinates":[-87.62296,41.80443]},"properties":{"probability":0.712,"inBuffer":true,"facType":"substation"}},{"type":"Feature","geometry":{"type":"Point","coordinates":[-87.61694,41.80446]},"properties":{"probability":0.712,"inBuffer":false,"facType":"substation"}},{"type":"Feature","geometry":{"type":"Point","coordinates":[-87.61092,41.80449]},"properties":{"probability":0.677,"inBuffer":false,"facType":"substation"}},{"type":"Feature","geometry":{"type":"Point","coordinates":[-87.6049,41.80452]},"properties":{"probability":0.695,"inBuffer":false,"facType":"substation"}},{"type":"Feature","geometry":{"type":"Point","coordinates":[-87.59888,41.80456]},"properties":{"probability":0.607,"inBuffer":false,"facType":"substation"}},{"type":"Feature","geometry":{"type":"Point","coordinates":[-87.59286,41.80459]},"properties":{"probability":0.607,"inBuffer":false,"facType":"substation"}},{"type":"Feature","geometry":{"type":"Point","coordinates":[-87.58685,41.80462]},"properties":{"probability":0.611,"inBuffer":false,"facType":"substation"}},{"type":"Feature","geometry":{"type":"Point","coordinates":[-87.58083,41.80465]},"properties":{"probability":0.488,"inBuffer":false,"facType":"substation"}},{"type":"Feature","geometry":{"type":"Point","coordinates":[-87.57481,41.80468]},"properties":{"probability":0.164,"inBuffer":false,"facType":"substation"}},{"type":"Feature","geometry":{"type":"Point","coordinates":[-87.56879,41.80471]},"properties":{"probability":0.155,"inBuffer":false,"facType":"substation"}},{"type":"Feature","geometry":{"type":"Point","coordinates":[-87.56277,41.80474]},"properties":{"probability":0.145,"inBuffer":false,"facType":"substation"}},{"type":"Feature","geometry":{"type":"Point","coordinates":[-87.80346,41.79881]},"properties":{"probability":0.664,"inBuffer":false,"facType":"fire"}},{"type":"Feature","geometry":{"type":"Point","coordinates":[-87.79744,41.79885]},"properties":{"probability":0.669,"inBuffer":false,"facType":"substation"}},{"type":"Feature","geometry":{"type":"Point","coordinates":[-87.79142,41.79889]},"properties":{"probability":0.661,"inBuffer":false,"facType":"substation"}},{"type":"Feature","geometry":{"type":"Point","coordinates":[-87.78541,41.79893]},"properties":{"probability":0.661,"inBuffer":false,"facType":"fire"}},{"type":"Feature","geometry":{"type":"Point","coordinates":[-87.77939,41.79897]},"properties":{"probability":0.666,"inBuffer":false,"facType":"fire"}},{"type":"Feature","geometry":{"type":"Point","coordinates":[-87.77337,41.79901]},"properties":{"probability":0.694,"inBuffer":false,"facType":"substation"}},{"type":"Feature","geometry":{"type":"Point","coordinates":[-87.76735,41.79905]},"properties":{"probability":0.707,"inBuffer":false,"facType":"substation"}},{"type":"Feature","geometry":{"type":"Point","coordinates":[-87.76134,41.79909]},"properties":{"probability":0.727,"inBuffer":true,"facType":"fire"}},{"type":"Feature","geometry":{"type":"Point","coordinates":[-87.75532,41.79913]},"properties":{"probability":0.729,"inBuffer":true,"facType":"government"}},{"type":"Feature","geometry":{"type":"Point","coordinates":[-87.7493,41.79917]},"properties":{"probability":0.802,"inBuffer":false,"facType":"government"}},{"type":"Feature","geometry":{"type":"Point","coordinates":[-87.74328,41.79921]},"properties":{"probability":0.799,"inBuffer":false,"facType":"government"}},{"type":"Feature","geometry":{"type":"Point","coordinates":[-87.73726,41.79925]},"properties":{"probability":0.689,"inBuffer":false,"facType":"substation"}},{"type":"Feature","geometry":{"type":"Point","coordinates":[-87.73125,41.79929]},"properties":{"probability":0.701,"inBuffer":false,"facType":"substation"}},{"type":"Feature","geometry":{"type":"Point","coordinates":[-87.72523,41.79932]},"properties":{"probability":0.732,"inBuffer":false,"facType":"substation"}},{"type":"Feature","geometry":{"type":"Point","coordinates":[-87.71921,41.79936]},"properties":{"probability":0.695,"inBuffer":false,"facType":"substation"}},{"type":"Feature","geometry":{"type":"Point","coordinates":[-87.71319,41.7994]},"properties":{"probability":0.675,"inBuffer":false,"facType":"substation"}},{"type":"Feature","geometry":{"type":"Point","coordinates":[-87.70717,41.79944]},"properties":{"probability":0.653,"inBuffer":false,"facType":"substation"}},{"type":"Feature","geometry":{"type":"Point","coordinates":[-87.70116,41.79947]},"properties":{"probability":0.656,"inBuffer":false,"facType":"substation"}},{"type":"Feature","geometry":{"type":"Point","coordinates":[-87.69514,41.79951]},"properties":{"probability":0.639,"inBuffer":false,"facType":"government"}},{"type":"Feature","geometry":{"type":"Point","coordinates":[-87.68912,41.79955]},"properties":{"probability":0.656,"inBuffer":false,"facType":"government"}},{"type":"Feature","geometry":{"type":"Point","coordinates":[-87.6831,41.79958]},"properties":{"probability":0.679,"inBuffer":true,"facType":"fire"}},{"type":"Feature","geometry":{"type":"Point","coordinates":[-87.67708,41.79962]},"properties":{"probability":0.656,"inBuffer":true,"facType":"fire"}},{"type":"Feature","geometry":{"type":"Point","coordinates":[-87.67107,41.79965]},"properties":{"probability":0.64,"inBuffer":false,"facType":"fire"}},{"type":"Feature","geometry":{"type":"Point","coordinates":[-87.66505,41.79969]},"properties":{"probability":0.635,"inBuffer":false,"facType":"government"}},{"type":"Feature","geometry":{"type":"Point","coordinates":[-87.65903,41.79972]},"properties":{"probability":0.593,"inBuffer":false,"facType":"government"}},{"type":"Feature","geometry":{"type":"Point","coordinates":[-87.65301,41.79976]},"properties":{"probability":0.603,"inBuffer":false,"facType":"fire"}},{"type":"Feature","geometry":{"type":"Point","coordinates":[-87.64699,41.79979]},"properties":{"probability":0.646,"inBuffer":true,"facType":"fire"}},{"type":"Feature","geometry":{"type":"Point","coordinates":[-87.64098,41.79982]},"properties":{"probability":0.688,"inBuffer":true,"facType":"fire"}},{"type":"Feature","geometry":{"type":"Point","coordinates":[-87.63496,41.79986]},"properties":{"probability":0.756,"inBuffer":true,"facType":"substation"}},{"type":"Feature","geometry":{"type":"Point","coordinates":[-87.62894,41.79989]},"properties":{"probability":0.751,"inBuffer":true,"facType":"police"}},{"type":"Feature","geometry":{"type":"Point","coordinates":[-87.62292,41.79992]},"properties":{"probability":0.692,"inBuffer":true,"facType":"police"}},{"type":"Feature","geometry":{"type":"Point","coordinates":[-87.6169,41.79996]},"properties":{"probability":0.693,"inBuffer":false,"facType":"substation"}},{"type":"Feature","geometry":{"type":"Point","coordinates":[-87.61088,41.79999]},"properties":{"probability":0.588,"inBuffer":false,"facType":"substation"}},{"type":"Feature","geometry":{"type":"Point","coordinates":[-87.60487,41.80002]},"properties":{"probability":0.673,"inBuffer":false,"facType":"substation"}},{"type":"Feature","geometry":{"type":"Point","coordinates":[-87.59885,41.80005]},"properties":{"probability":0.6,"inBuffer":true,"facType":"fire"}},{"type":"Feature","geometry":{"type":"Point","coordinates":[-87.59283,41.80008]},"properties":{"probability":0.641,"inBuffer":true,"facType":"substation"}},{"type":"Feature","geometry":{"type":"Point","coordinates":[-87.58681,41.80011]},"properties":{"probability":0.665,"inBuffer":false,"facType":"substation"}},{"type":"Feature","geometry":{"type":"Point","coordinates":[-87.58079,41.80014]},"properties":{"probability":0.59,"inBuffer":false,"facType":"substation"}},{"type":"Feature","geometry":{"type":"Point","coordinates":[-87.57478,41.80017]},"properties":{"probability":0.18,"inBuffer":false,"facType":"substation"}},{"type":"Feature","geometry":{"type":"Point","coordinates":[-87.56876,41.80021]},"properties":{"probability":0.16,"inBuffer":false,"facType":"substation"}},{"type":"Feature","geometry":{"type":"Point","coordinates":[-87.56274,41.80024]},"properties":{"probability":0.151,"inBuffer":false,"facType":"substation"}},{"type":"Feature","geometry":{"type":"Point","coordinates":[-87.80341,41.7943]},"properties":{"probability":0.68,"inBuffer":false,"facType":"government"}},{"type":"Feature","geometry":{"type":"Point","coordinates":[-87.79739,41.79434]},"properties":{"probability":0.695,"inBuffer":false,"facType":"government"}},{"type":"Feature","geometry":{"type":"Point","coordinates":[-87.79137,41.79438]},"properties":{"probability":0.701,"inBuffer":false,"facType":"fire"}},{"type":"Feature","geometry":{"type":"Point","coordinates":[-87.78535,41.79443]},"properties":{"probability":0.724,"inBuffer":true,"facType":"fire"}},{"type":"Feature","geometry":{"type":"Point","coordinates":[-87.77934,41.79447]},"properties":{"probability":0.728,"inBuffer":true,"facType":"fire"}},{"type":"Feature","geometry":{"type":"Point","coordinates":[-87.77332,41.79451]},"properties":{"probability":0.772,"inBuffer":false,"facType":"fire"}},{"type":"Feature","geometry":{"type":"Point","coordinates":[-87.7673,41.79455]},"properties":{"probability":0.802,"inBuffer":false,"facType":"government"}},{"type":"Feature","geometry":{"type":"Point","coordinates":[-87.76128,41.79459]},"properties":{"probability":0.755,"inBuffer":true,"facType":"government"}},{"type":"Feature","geometry":{"type":"Point","coordinates":[-87.75526,41.79463]},"properties":{"probability":0.753,"inBuffer":true,"facType":"government"}},{"type":"Feature","geometry":{"type":"Point","coordinates":[-87.74924,41.79467]},"properties":{"probability":0.824,"inBuffer":true,"facType":"government"}},{"type":"Feature","geometry":{"type":"Point","coordinates":[-87.74323,41.7947]},"properties":{"probability":0.817,"inBuffer":true,"facType":"police"}},{"type":"Feature","geometry":{"type":"Point","coordinates":[-87.73721,41.79475]},"properties":{"probability":0.716,"inBuffer":false,"facType":"police"}},{"type":"Feature","geometry":{"type":"Point","coordinates":[-87.73119,41.79478]},"properties":{"probability":0.685,"inBuffer":false,"facType":"substation"}},{"type":"Feature","geometry":{"type":"Point","coordinates":[-87.72517,41.79482]},"properties":{"probability":0.702,"inBuffer":false,"facType":"substation"}},{"type":"Feature","geometry":{"type":"Point","coordinates":[-87.71915,41.79486]},"properties":{"probability":0.685,"inBuffer":false,"facType":"substation"}},{"type":"Feature","geometry":{"type":"Point","coordinates":[-87.71314,41.7949]},"properties":{"probability":0.661,"inBuffer":false,"facType":"fire"}},{"type":"Feature","geometry":{"type":"Point","coordinates":[-87.70712,41.79493]},"properties":{"probability":0.66,"inBuffer":false,"facType":"substation"}},{"type":"Feature","geometry":{"type":"Point","coordinates":[-87.7011,41.79497]},"properties":{"probability":0.66,"inBuffer":false,"facType":"government"}},{"type":"Feature","geometry":{"type":"Point","coordinates":[-87.69508,41.79501]},"properties":{"probability":0.662,"inBuffer":false,"facType":"government"}},{"type":"Feature","geometry":{"type":"Point","coordinates":[-87.68907,41.79504]},"properties":{"probability":0.656,"inBuffer":false,"facType":"government"}},{"type":"Feature","geometry":{"type":"Point","coordinates":[-87.68305,41.79508]},"properties":{"probability":0.702,"inBuffer":true,"facType":"fire"}},{"type":"Feature","geometry":{"type":"Point","coordinates":[-87.67703,41.79512]},"properties":{"probability":0.675,"inBuffer":true,"facType":"fire"}},{"type":"Feature","geometry":{"type":"Point","coordinates":[-87.67101,41.79515]},"properties":{"probability":0.693,"inBuffer":false,"facType":"government"}},{"type":"Feature","geometry":{"type":"Point","coordinates":[-87.665,41.79519]},"properties":{"probability":0.658,"inBuffer":false,"facType":"government"}},{"type":"Feature","geometry":{"type":"Point","coordinates":[-87.65898,41.79522]},"properties":{"probability":0.593,"inBuffer":false,"facType":"government"}},{"type":"Feature","geometry":{"type":"Point","coordinates":[-87.65296,41.79525]},"properties":{"probability":0.611,"inBuffer":false,"facType":"fire"}},{"type":"Feature","geometry":{"type":"Point","coordinates":[-87.64694,41.79529]},"properties":{"probability":0.658,"inBuffer":false,"facType":"fire"}},{"type":"Feature","geometry":{"type":"Point","coordinates":[-87.64093,41.79532]},"properties":{"probability":0.67,"inBuffer":false,"facType":"fire"}},{"type":"Feature","geometry":{"type":"Point","coordinates":[-87.63491,41.79536]},"properties":{"probability":0.732,"inBuffer":false,"facType":"substation"}},{"type":"Feature","geometry":{"type":"Point","coordinates":[-87.62889,41.79539]},"properties":{"probability":0.79,"inBuffer":true,"facType":"substation"}},{"type":"Feature","geometry":{"type":"Point","coordinates":[-87.62287,41.79542]},"properties":{"probability":0.699,"inBuffer":false,"facType":"substation"}},{"type":"Feature","geometry":{"type":"Point","coordinates":[-87.61686,41.79546]},"properties":{"probability":0.685,"inBuffer":false,"facType":"substation"}},{"type":"Feature","geometry":{"type":"Point","coordinates":[-87.61084,41.79549]},"properties":{"probability":0.651,"inBuffer":false,"facType":"substation"}},{"type":"Feature","geometry":{"type":"Point","coordinates":[-87.60482,41.79552]},"properties":{"probability":0.723,"inBuffer":true,"facType":"fire"}},{"type":"Feature","geometry":{"type":"Point","coordinates":[-87.5988,41.79555]},"properties":{"probability":0.693,"inBuffer":true,"facType":"fire"}},{"type":"Feature","geometry":{"type":"Point","coordinates":[-87.59279,41.79558]},"properties":{"probability":0.659,"inBuffer":true,"facType":"fire"}},{"type":"Feature","geometry":{"type":"Point","coordinates":[-87.58677,41.79561]},"properties":{"probability":0.658,"inBuffer":false,"facType":"substation"}},{"type":"Feature","geometry":{"type":"Point","coordinates":[-87.58075,41.79564]},"properties":{"probability":0.634,"inBuffer":false,"facType":"substation"}},{"type":"Feature","geometry":{"type":"Point","coordinates":[-87.57473,41.79567]},"properties":{"probability":0.264,"inBuffer":false,"facType":"substation"}},{"type":"Feature","geometry":{"type":"Point","coordinates":[-87.56872,41.7957]},"properties":{"probability":0.164,"inBuffer":false,"facType":"substation"}},{"type":"Feature","geometry":{"type":"Point","coordinates":[-87.5627,41.79573]},"properties":{"probability":0.151,"inBuffer":false,"facType":"substation"}},{"type":"Feature","geometry":{"type":"Point","coordinates":[-87.80334,41.7898]},"properties":{"probability":0.672,"inBuffer":false,"facType":"government"}},{"type":"Feature","geometry":{"type":"Point","coordinates":[-87.79733,41.78984]},"properties":{"probability":0.686,"inBuffer":false,"facType":"government"}},{"type":"Feature","geometry":{"type":"Point","coordinates":[-87.79131,41.78988]},"properties":{"probability":0.667,"inBuffer":false,"facType":"fire"}},{"type":"Feature","geometry":{"type":"Point","coordinates":[-87.78529,41.78992]},"properties":{"probability":0.681,"inBuffer":true,"facType":"fire"}},{"type":"Feature","geometry":{"type":"Point","coordinates":[-87.77928,41.78996]},"properties":{"probability":0.704,"inBuffer":true,"facType":"fire"}},{"type":"Feature","geometry":{"type":"Point","coordinates":[-87.77326,41.79]},"properties":{"probability":0.704,"inBuffer":true,"facType":"fire"}},{"type":"Feature","geometry":{"type":"Point","coordinates":[-87.76724,41.79004]},"properties":{"probability":0.717,"inBuffer":false,"facType":"government"}},{"type":"Feature","geometry":{"type":"Point","coordinates":[-87.76123,41.79008]},"properties":{"probability":0.668,"inBuffer":true,"facType":"government"}},{"type":"Feature","geometry":{"type":"Point","coordinates":[-87.75521,41.79012]},"properties":{"probability":0.645,"inBuffer":true,"facType":"government"}},{"type":"Feature","geometry":{"type":"Point","coordinates":[-87.74919,41.79016]},"properties":{"probability":0.826,"inBuffer":true,"facType":"airport"}},{"type":"Feature","geometry":{"type":"Point","coordinates":[-87.74318,41.7902]},"properties":{"probability":0.834,"inBuffer":true,"facType":"police"}},{"type":"Feature","geometry":{"type":"Point","coordinates":[-87.73716,41.79024]},"properties":{"probability":0.802,"inBuffer":true,"facType":"substation"}},{"type":"Feature","geometry":{"type":"Point","coordinates":[-87.73114,41.79028]},"properties":{"probability":0.675,"inBuffer":false,"facType":"substation"}},{"type":"Feature","geometry":{"type":"Point","coordinates":[-87.72512,41.79032]},"properties":{"probability":0.692,"inBuffer":false,"facType":"substation"}},{"type":"Feature","geometry":{"type":"Point","coordinates":[-87.71911,41.79036]},"properties":{"probability":0.692,"inBuffer":true,"facType":"fire"}},{"type":"Feature","geometry":{"type":"Point","coordinates":[-87.71309,41.79039]},"properties":{"probability":0.658,"inBuffer":true,"facType":"fire"}},{"type":"Feature","geometry":{"type":"Point","coordinates":[-87.70707,41.79043]},"properties":{"probability":0.671,"inBuffer":false,"facType":"fire"}},{"type":"Feature","geometry":{"type":"Point","coordinates":[-87.70106,41.79047]},"properties":{"probability":0.679,"inBuffer":false,"facType":"fire"}},{"type":"Feature","geometry":{"type":"Point","coordinates":[-87.69504,41.7905]},"properties":{"probability":0.654,"inBuffer":false,"facType":"government"}},{"type":"Feature","geometry":{"type":"Point","coordinates":[-87.68902,41.79054]},"properties":{"probability":0.661,"inBuffer":false,"facType":"government"}},{"type":"Feature","geometry":{"type":"Point","coordinates":[-87.68301,41.79058]},"properties":{"probability":0.78,"inBuffer":false,"facType":"fire"}},{"type":"Feature","geometry":{"type":"Point","coordinates":[-87.67699,41.79061]},"properties":{"probability":0.734,"inBuffer":false,"facType":"government"}},{"type":"Feature","geometry":{"type":"Point","coordinates":[-87.67097,41.79065]},"properties":{"probability":0.682,"inBuffer":false,"facType":"government"}},{"type":"Feature","geometry":{"type":"Point","coordinates":[-87.66496,41.79068]},"properties":{"probability":0.64,"inBuffer":true,"facType":"government"}},{"type":"Feature","geometry":{"type":"Point","coordinates":[-87.65894,41.79072]},"properties":{"probability":0.611,"inBuffer":true,"facType":"government"}},{"type":"Feature","geometry":{"type":"Point","coordinates":[-87.65292,41.79075]},"properties":{"probability":0.608,"inBuffer":false,"facType":"fire"}},{"type":"Feature","geometry":{"type":"Point","coordinates":[-87.6469,41.79079]},"properties":{"probability":0.664,"inBuffer":false,"facType":"government"}},{"type":"Feature","geometry":{"type":"Point","coordinates":[-87.64088,41.79082]},"properties":{"probability":0.657,"inBuffer":false,"facType":"government"}},{"type":"Feature","geometry":{"type":"Point","coordinates":[-87.63486,41.79085]},"properties":{"probability":0.705,"inBuffer":false,"facType":"substation"}},{"type":"Feature","geometry":{"type":"Point","coordinates":[-87.62885,41.79089]},"properties":{"probability":0.735,"inBuffer":true,"facType":"fire"}},{"type":"Feature","geometry":{"type":"Point","coordinates":[-87.62283,41.79092]},"properties":{"probability":0.666,"inBuffer":true,"facType":"fire"}},{"type":"Feature","geometry":{"type":"Point","coordinates":[-87.61681,41.79095]},"properties":{"probability":0.667,"inBuffer":false,"facType":"substation"}},{"type":"Feature","geometry":{"type":"Point","coordinates":[-87.61079,41.79098]},"properties":{"probability":0.66,"inBuffer":false,"facType":"substation"}},{"type":"Feature","geometry":{"type":"Point","coordinates":[-87.60478,41.79102]},"properties":{"probability":0.806,"inBuffer":true,"facType":"police"}},{"type":"Feature","geometry":{"type":"Point","coordinates":[-87.59876,41.79105]},"properties":{"probability":0.759,"inBuffer":true,"facType":"fire"}},{"type":"Feature","geometry":{"type":"Point","coordinates":[-87.59274,41.79108]},"properties":{"probability":0.697,"inBuffer":true,"facType":"substation"}},{"type":"Feature","geometry":{"type":"Point","coordinates":[-87.58672,41.79111]},"properties":{"probability":0.608,"inBuffer":false,"facType":"substation"}},{"type":"Feature","geometry":{"type":"Point","coordinates":[-87.58071,41.79114]},"properties":{"probability":0.615,"inBuffer":false,"facType":"substation"}},{"type":"Feature","geometry":{"type":"Point","coordinates":[-87.57469,41.79117]},"properties":{"probability":0.261,"inBuffer":false,"facType":"substation"}},{"type":"Feature","geometry":{"type":"Point","coordinates":[-87.56867,41.7912]},"properties":{"probability":0.17,"inBuffer":false,"facType":"substation"}},{"type":"Feature","geometry":{"type":"Point","coordinates":[-87.56266,41.79123]},"properties":{"probability":0.154,"inBuffer":false,"facType":"substation"}},{"type":"Feature","geometry":{"type":"Point","coordinates":[-87.55664,41.79126]},"properties":{"probability":0.159,"inBuffer":false,"facType":"water_works"}},{"type":"Feature","geometry":{"type":"Point","coordinates":[-87.80329,41.78529]},"properties":{"probability":0.668,"inBuffer":false,"facType":"government"}},{"type":"Feature","geometry":{"type":"Point","coordinates":[-87.79727,41.78534]},"properties":{"probability":0.681,"inBuffer":false,"facType":"government"}},{"type":"Feature","geometry":{"type":"Point","coordinates":[-87.79126,41.78538]},"properties":{"probability":0.661,"inBuffer":false,"facType":"fire"}},{"type":"Feature","geometry":{"type":"Point","coordinates":[-87.78524,41.78542]},"properties":{"probability":0.692,"inBuffer":true,"facType":"fire"}},{"type":"Feature","geometry":{"type":"Point","coordinates":[-87.77922,41.78546]},"properties":{"probability":0.688,"inBuffer":true,"facType":"fire"}},{"type":"Feature","geometry":{"type":"Point","coordinates":[-87.77321,41.7855]},"properties":{"probability":0.692,"inBuffer":false,"facType":"fire"}},{"type":"Feature","geometry":{"type":"Point","coordinates":[-87.76719,41.78554]},"properties":{"probability":0.705,"inBuffer":true,"facType":"government"}},{"type":"Feature","geometry":{"type":"Point","coordinates":[-87.76118,41.78558]},"properties":{"probability":0.635,"inBuffer":true,"facType":"government"}},{"type":"Feature","geometry":{"type":"Point","coordinates":[-87.75516,41.78562]},"properties":{"probability":0.612,"inBuffer":true,"facType":"airport"}},{"type":"Feature","geometry":{"type":"Point","coordinates":[-87.74914,41.78566]},"properties":{"probability":0.834,"inBuffer":true,"facType":"airport"}},{"type":"Feature","geometry":{"type":"Point","coordinates":[-87.74313,41.7857]},"properties":{"probability":0.83,"inBuffer":true,"facType":"police"}},{"type":"Feature","geometry":{"type":"Point","coordinates":[-87.73711,41.78574]},"properties":{"probability":0.795,"inBuffer":true,"facType":"substation"}},{"type":"Feature","geometry":{"type":"Point","coordinates":[-87.73109,41.78578]},"properties":{"probability":0.676,"inBuffer":false,"facType":"substation"}},{"type":"Feature","geometry":{"type":"Point","coordinates":[-87.72507,41.78582]},"properties":{"probability":0.692,"inBuffer":false,"facType":"fire"}},{"type":"Feature","geometry":{"type":"Point","coordinates":[-87.71906,41.78585]},"properties":{"probability":0.694,"inBuffer":true,"facType":"fire"}},{"type":"Feature","geometry":{"type":"Point","coordinates":[-87.71304,41.78589]},"properties":{"probability":0.661,"inBuffer":true,"facType":"fire"}},{"type":"Feature","geometry":{"type":"Point","coordinates":[-87.70702,41.78593]},"properties":{"probability":0.665,"inBuffer":true,"facType":"fire"}},{"type":"Feature","geometry":{"type":"Point","coordinates":[-87.701,41.78596]},"properties":{"probability":0.657,"inBuffer":false,"facType":"police"}},{"type":"Feature","geometry":{"type":"Point","coordinates":[-87.69499,41.786]},"properties":{"probability":0.657,"inBuffer":false,"facType":"police"}},{"type":"Feature","geometry":{"type":"Point","coordinates":[-87.68897,41.78604]},"properties":{"probability":0.666,"inBuffer":false,"facType":"government"}},{"type":"Feature","geometry":{"type":"Point","coordinates":[-87.68295,41.78607]},"properties":{"probability":0.762,"inBuffer":false,"facType":"government"}},{"type":"Feature","geometry":{"type":"Point","coordinates":[-87.67694,41.78611]},"properties":{"probability":0.727,"inBuffer":false,"facType":"government"}},{"type":"Feature","geometry":{"type":"Point","coordinates":[-87.67092,41.78614]},"properties":{"probability":0.693,"inBuffer":true,"facType":"government"}},{"type":"Feature","geometry":{"type":"Point","coordinates":[-87.66491,41.78618]},"properties":{"probability":0.66,"inBuffer":true,"facType":"fire"}},{"type":"Feature","geometry":{"type":"Point","coordinates":[-87.65889,41.78621]},"properties":{"probability":0.668,"inBuffer":true,"facType":"fire"}},{"type":"Feature","geometry":{"type":"Point","coordinates":[-87.65287,41.78625]},"properties":{"probability":0.659,"inBuffer":false,"facType":"fire"}},{"type":"Feature","geometry":{"type":"Point","coordinates":[-87.64686,41.78628]},"properties":{"probability":0.657,"inBuffer":false,"facType":"government"}},{"type":"Feature","geometry":{"type":"Point","coordinates":[-87.64084,41.78632]},"properties":{"probability":0.599,"inBuffer":false,"facType":"government"}},{"type":"Feature","geometry":{"type":"Point","coordinates":[-87.63482,41.78635]},"properties":{"probability":0.696,"inBuffer":true,"facType":"fire"}},{"type":"Feature","geometry":{"type":"Point","coordinates":[-87.62881,41.78638]},"properties":{"probability":0.703,"inBuffer":true,"facType":"fire"}},{"type":"Feature","geometry":{"type":"Point","coordinates":[-87.62279,41.78642]},"properties":{"probability":0.664,"inBuffer":true,"facType":"fire"}},{"type":"Feature","geometry":{"type":"Point","coordinates":[-87.61677,41.78645]},"properties":{"probability":0.647,"inBuffer":false,"facType":"substation"}},{"type":"Feature","geometry":{"type":"Point","coordinates":[-87.61076,41.78648]},"properties":{"probability":0.669,"inBuffer":true,"facType":"police"}},{"type":"Feature","geometry":{"type":"Point","coordinates":[-87.60474,41.78651]},"properties":{"probability":0.781,"inBuffer":true,"facType":"police"}},{"type":"Feature","geometry":{"type":"Point","coordinates":[-87.59872,41.78654]},"properties":{"probability":0.771,"inBuffer":true,"facType":"police"}},{"type":"Feature","geometry":{"type":"Point","coordinates":[-87.5927,41.78658]},"properties":{"probability":0.728,"inBuffer":false,"facType":"substation"}},{"type":"Feature","geometry":{"type":"Point","coordinates":[-87.58669,41.78661]},"properties":{"probability":0.579,"inBuffer":false,"facType":"substation"}},{"type":"Feature","geometry":{"type":"Point","coordinates":[-87.58067,41.78664]},"properties":{"probability":0.566,"inBuffer":false,"facType":"substation"}},{"type":"Feature","geometry":{"type":"Point","coordinates":[-87.57465,41.78667]},"properties":{"probability":0.306,"inBuffer":false,"facType":"substation"}},{"type":"Feature","geometry":{"type":"Point","coordinates":[-87.56863,41.7867]},"properties":{"probability":0.189,"inBuffer":false,"facType":"substation"}},{"type":"Feature","geometry":{"type":"Point","coordinates":[-87.56261,41.78672]},"properties":{"probability":0.158,"inBuffer":false,"facType":"police"}},{"type":"Feature","geometry":{"type":"Point","coordinates":[-87.5566,41.78675]},"properties":{"probability":0.147,"inBuffer":false,"facType":"water_works"}},{"type":"Feature","geometry":{"type":"Point","coordinates":[-87.80323,41.78079]},"properties":{"probability":0.678,"inBuffer":false,"facType":"government"}},{"type":"Feature","geometry":{"type":"Point","coordinates":[-87.79722,41.78083]},"properties":{"probability":0.673,"inBuffer":false,"facType":"government"}},{"type":"Feature","geometry":{"type":"Point","coordinates":[-87.7912,41.78088]},"properties":{"probability":0.668,"inBuffer":false,"facType":"government"}},{"type":"Feature","geometry":{"type":"Point","coordinates":[-87.78519,41.78092]},"properties":{"probability":0.691,"inBuffer":false,"facType":"fire"}},{"type":"Feature","geometry":{"type":"Point","coordinates":[-87.77917,41.78096]},"properties":{"probability":0.691,"inBuffer":false,"facType":"fire"}},{"type":"Feature","geometry":{"type":"Point","coordinates":[-87.77316,41.781]},"properties":{"probability":0.767,"inBuffer":false,"facType":"substation"}},{"type":"Feature","geometry":{"type":"Point","coordinates":[-87.76714,41.78104]},"properties":{"probability":0.771,"inBuffer":false,"facType":"government"}},{"type":"Feature","geometry":{"type":"Point","coordinates":[-87.76112,41.78108]},"properties":{"probability":0.638,"inBuffer":true,"facType":"fire"}},{"type":"Feature","geometry":{"type":"Point","coordinates":[-87.7551,41.78112]},"properties":{"probability":0.632,"inBuffer":true,"facType":"fire"}},{"type":"Feature","geometry":{"type":"Point","coordinates":[-87.74908,41.78116]},"properties":{"probability":0.725,"inBuffer":true,"facType":"fire"}},{"type":"Feature","geometry":{"type":"Point","coordinates":[-87.74307,41.7812]},"properties":{"probability":0.801,"inBuffer":true,"facType":"substation"}},{"type":"Feature","geometry":{"type":"Point","coordinates":[-87.73705,41.78123]},"properties":{"probability":0.713,"inBuffer":false,"facType":"substation"}},{"type":"Feature","geometry":{"type":"Point","coordinates":[-87.73104,41.78127]},"properties":{"probability":0.685,"inBuffer":false,"facType":"substation"}},{"type":"Feature","geometry":{"type":"Point","coordinates":[-87.72502,41.78131]},"properties":{"probability":0.703,"inBuffer":false,"facType":"government"}},{"type":"Feature","geometry":{"type":"Point","coordinates":[-87.71901,41.78135]},"properties":{"probability":0.687,"inBuffer":true,"facType":"fire"}},{"type":"Feature","geometry":{"type":"Point","coordinates":[-87.71299,41.78139]},"properties":{"probability":0.658,"inBuffer":true,"facType":"police"}},{"type":"Feature","geometry":{"type":"Point","coordinates":[-87.70697,41.78143]},"properties":{"probability":0.681,"inBuffer":true,"facType":"police"}},{"type":"Feature","geometry":{"type":"Point","coordinates":[-87.70096,41.78146]},"properties":{"probability":0.691,"inBuffer":true,"facType":"police"}},{"type":"Feature","geometry":{"type":"Point","coordinates":[-87.69494,41.7815]},"properties":{"probability":0.684,"inBuffer":false,"facType":"police"}},{"type":"Feature","geometry":{"type":"Point","coordinates":[-87.68893,41.78153]},"properties":{"probability":0.669,"inBuffer":false,"facType":"fire"}},{"type":"Feature","geometry":{"type":"Point","coordinates":[-87.68291,41.78157]},"properties":{"probability":0.764,"inBuffer":false,"facType":"fire"}},{"type":"Feature","geometry":{"type":"Point","coordinates":[-87.6769,41.7816]},"properties":{"probability":0.758,"inBuffer":false,"facType":"government"}},{"type":"Feature","geometry":{"type":"Point","coordinates":[-87.67088,41.78164]},"properties":{"probability":0.694,"inBuffer":true,"facType":"fire"}},{"type":"Feature","geometry":{"type":"Point","coordinates":[-87.66486,41.78168]},"properties":{"probability":0.692,"inBuffer":true,"facType":"fire"}},{"type":"Feature","geometry":{"type":"Point","coordinates":[-87.65884,41.78171]},"properties":{"probability":0.69,"inBuffer":true,"facType":"police"}},{"type":"Feature","geometry":{"type":"Point","coordinates":[-87.65282,41.78175]},"properties":{"probability":0.68,"inBuffer":true,"facType":"police"}},{"type":"Feature","geometry":{"type":"Point","coordinates":[-87.64681,41.78178]},"properties":{"probability":0.679,"inBuffer":false,"facType":"government"}},{"type":"Feature","geometry":{"type":"Point","coordinates":[-87.64079,41.78181]},"properties":{"probability":0.659,"inBuffer":false,"facType":"government"}},{"type":"Feature","geometry":{"type":"Point","coordinates":[-87.63477,41.78185]},"properties":{"probability":0.688,"inBuffer":false,"facType":"substation"}},{"type":"Feature","geometry":{"type":"Point","coordinates":[-87.62876,41.78188]},"properties":{"probability":0.764,"inBuffer":true,"facType":"substation"}},{"type":"Feature","geometry":{"type":"Point","coordinates":[-87.62274,41.78191]},"properties":{"probability":0.773,"inBuffer":true,"facType":"substation"}},{"type":"Feature","geometry":{"type":"Point","coordinates":[-87.61673,41.78194]},"properties":{"probability":0.714,"inBuffer":false,"facType":"substation"}},{"type":"Feature","geometry":{"type":"Point","coordinates":[-87.61071,41.78197]},"properties":{"probability":0.681,"inBuffer":true,"facType":"substation"}},{"type":"Feature","geometry":{"type":"Point","coordinates":[-87.60469,41.78201]},"properties":{"probability":0.715,"inBuffer":true,"facType":"substation"}},{"type":"Feature","geometry":{"type":"Point","coordinates":[-87.59868,41.78204]},"properties":{"probability":0.739,"inBuffer":true,"facType":"government"}},{"type":"Feature","geometry":{"type":"Point","coordinates":[-87.59266,41.78207]},"properties":{"probability":0.79,"inBuffer":false,"facType":"government"}},{"type":"Feature","geometry":{"type":"Point","coordinates":[-87.58665,41.7821]},"properties":{"probability":0.599,"inBuffer":false,"facType":"fire"}},{"type":"Feature","geometry":{"type":"Point","coordinates":[-87.58063,41.78213]},"properties":{"probability":0.564,"inBuffer":false,"facType":"fire"}},{"type":"Feature","geometry":{"type":"Point","coordinates":[-87.57461,41.78216]},"properties":{"probability":0.535,"inBuffer":false,"facType":"fire"}},{"type":"Feature","geometry":{"type":"Point","coordinates":[-87.5686,41.78219]},"properties":{"probability":0.266,"inBuffer":false,"facType":"government"}},{"type":"Feature","geometry":{"type":"Point","coordinates":[-87.56258,41.78222]},"properties":{"probability":0.169,"inBuffer":false,"facType":"police"}},{"type":"Feature","geometry":{"type":"Point","coordinates":[-87.55656,41.78225]},"properties":{"probability":0.149,"inBuffer":false,"facType":"police"}},{"type":"Feature","geometry":{"type":"Point","coordinates":[-87.55054,41.78228]},"properties":{"probability":0.144,"inBuffer":false,"facType":"water_works"}},{"type":"Feature","geometry":{"type":"Point","coordinates":[-87.80318,41.77629]},"properties":{"probability":0.683,"inBuffer":false,"facType":"government"}},{"type":"Feature","geometry":{"type":"Point","coordinates":[-87.79716,41.77633]},"properties":{"probability":0.687,"inBuffer":false,"facType":"government"}},{"type":"Feature","geometry":{"type":"Point","coordinates":[-87.79115,41.77637]},"properties":{"probability":0.693,"inBuffer":false,"facType":"substation"}},{"type":"Feature","geometry":{"type":"Point","coordinates":[-87.78513,41.77641]},"properties":{"probability":0.715,"inBuffer":false,"facType":"substation"}},{"type":"Feature","geometry":{"type":"Point","coordinates":[-87.77911,41.77645]},"properties":{"probability":0.742,"inBuffer":false,"facType":"substation"}},{"type":"Feature","geometry":{"type":"Point","coordinates":[-87.7731,41.7765]},"properties":{"probability":0.779,"inBuffer":false,"facType":"substation"}},{"type":"Feature","geometry":{"type":"Point","coordinates":[-87.76708,41.77654]},"properties":{"probability":0.76,"inBuffer":false,"facType":"substation"}},{"type":"Feature","geometry":{"type":"Point","coordinates":[-87.76107,41.77658]},"properties":{"probability":0.696,"inBuffer":true,"facType":"fire"}},{"type":"Feature","geometry":{"type":"Point","coordinates":[-87.75505,41.77662]},"properties":{"probability":0.683,"inBuffer":true,"facType":"fire"}},{"type":"Feature","geometry":{"type":"Point","coordinates":[-87.74904,41.77665]},"properties":{"probability":0.786,"inBuffer":true,"facType":"fire"}},{"type":"Feature","geometry":{"type":"Point","coordinates":[-87.74302,41.7767]},"properties":{"probability":0.8,"inBuffer":false,"facType":"fire"}},{"type":"Feature","geometry":{"type":"Point","coordinates":[-87.73701,41.77673]},"properties":{"probability":0.702,"inBuffer":false,"facType":"government"}},{"type":"Feature","geometry":{"type":"Point","coordinates":[-87.73099,41.77677]},"properties":{"probability":0.714,"inBuffer":false,"facType":"government"}},{"type":"Feature","geometry":{"type":"Point","coordinates":[-87.72498,41.77681]},"properties":{"probability":0.729,"inBuffer":false,"facType":"government"}},{"type":"Feature","geometry":{"type":"Point","coordinates":[-87.71896,41.77685]},"properties":{"probability":0.685,"inBuffer":false,"facType":"government"}},{"type":"Feature","geometry":{"type":"Point","coordinates":[-87.71294,41.77688]},"properties":{"probability":0.675,"inBuffer":true,"facType":"police"}},{"type":"Feature","geometry":{"type":"Point","coordinates":[-87.70692,41.77692]},"properties":{"probability":0.695,"inBuffer":true,"facType":"police"}},{"type":"Feature","geometry":{"type":"Point","coordinates":[-87.7009,41.77696]},"properties":{"probability":0.694,"inBuffer":true,"facType":"police"}},{"type":"Feature","geometry":{"type":"Point","coordinates":[-87.69489,41.77699]},"properties":{"probability":0.658,"inBuffer":false,"facType":"police"}},{"type":"Feature","geometry":{"type":"Point","coordinates":[-87.68887,41.77703]},"properties":{"probability":0.676,"inBuffer":false,"facType":"fire"}},{"type":"Feature","geometry":{"type":"Point","coordinates":[-87.68286,41.77707]},"properties":{"probability":0.758,"inBuffer":false,"facType":"fire"}},{"type":"Feature","geometry":{"type":"Point","coordinates":[-87.67684,41.7771]},"properties":{"probability":0.728,"inBuffer":false,"facType":"fire"}},{"type":"Feature","geometry":{"type":"Point","coordinates":[-87.67083,41.77714]},"properties":{"probability":0.689,"inBuffer":false,"facType":"police"}},{"type":"Feature","geometry":{"type":"Point","coordinates":[-87.66481,41.77717]},"properties":{"probability":0.689,"inBuffer":true,"facType":"substation"}},{"type":"Feature","geometry":{"type":"Point","coordinates":[-87.6588,41.77721]},"properties":{"probability":0.685,"inBuffer":true,"facType":"substation"}},{"type":"Feature","geometry":{"type":"Point","coordinates":[-87.65278,41.77724]},"properties":{"probability":0.695,"inBuffer":true,"facType":"substation"}},{"type":"Feature","geometry":{"type":"Point","coordinates":[-87.64677,41.77728]},"properties":{"probability":0.671,"inBuffer":false,"facType":"government"}},{"type":"Feature","geometry":{"type":"Point","coordinates":[-87.64075,41.77731]},"properties":{"probability":0.682,"inBuffer":false,"facType":"government"}},{"type":"Feature","geometry":{"type":"Point","coordinates":[-87.63474,41.77734]},"properties":{"probability":0.668,"inBuffer":false,"facType":"substation"}},{"type":"Feature","geometry":{"type":"Point","coordinates":[-87.62872,41.77737]},"properties":{"probability":0.793,"inBuffer":false,"facType":"substation"}},{"type":"Feature","geometry":{"type":"Point","coordinates":[-87.6227,41.77741]},"properties":{"probability":0.795,"inBuffer":false,"facType":"substation"}},{"type":"Feature","geometry":{"type":"Point","coordinates":[-87.61668,41.77744]},"properties":{"probability":0.757,"inBuffer":true,"facType":"substation"}},{"type":"Feature","geometry":{"type":"Point","coordinates":[-87.61066,41.77747]},"properties":{"probability":0.692,"inBuffer":true,"facType":"government"}},{"type":"Feature","geometry":{"type":"Point","coordinates":[-87.60465,41.7775]},"properties":{"probability":0.673,"inBuffer":false,"facType":"government"}},{"type":"Feature","geometry":{"type":"Point","coordinates":[-87.59863,41.77754]},"properties":{"probability":0.695,"inBuffer":false,"facType":"government"}},{"type":"Feature","geometry":{"type":"Point","coordinates":[-87.59262,41.77757]},"properties":{"probability":0.732,"inBuffer":true,"facType":"fire"}},{"type":"Feature","geometry":{"type":"Point","coordinates":[-87.5866,41.7776]},"properties":{"probability":0.641,"inBuffer":true,"facType":"fire"}},{"type":"Feature","geometry":{"type":"Point","coordinates":[-87.58059,41.77763]},"properties":{"probability":0.579,"inBuffer":false,"facType":"fire"}},{"type":"Feature","geometry":{"type":"Point","coordinates":[-87.57457,41.77766]},"properties":{"probability":0.578,"inBuffer":false,"facType":"government"}},{"type":"Feature","geometry":{"type":"Point","coordinates":[-87.56856,41.77769]},"properties":{"probability":0.331,"inBuffer":false,"facType":"government"}},{"type":"Feature","geometry":{"type":"Point","coordinates":[-87.56254,41.77772]},"properties":{"probability":0.265,"inBuffer":false,"facType":"police"}},{"type":"Feature","geometry":{"type":"Point","coordinates":[-87.55653,41.77775]},"properties":{"probability":0.16,"inBuffer":false,"facType":"police"}},{"type":"Feature","geometry":{"type":"Point","coordinates":[-87.55051,41.77778]},"properties":{"probability":0.149,"inBuffer":false,"facType":"police"}},{"type":"Feature","geometry":{"type":"Point","coordinates":[-87.80312,41.77179]},"properties":{"probability":0.667,"inBuffer":false,"facType":"government"}},{"type":"Feature","geometry":{"type":"Point","coordinates":[-87.7971,41.77183]},"properties":{"probability":0.683,"inBuffer":false,"facType":"government"}},{"type":"Feature","geometry":{"type":"Point","coordinates":[-87.79109,41.77187]},"properties":{"probability":0.686,"inBuffer":false,"facType":"substation"}},{"type":"Feature","geometry":{"type":"Point","coordinates":[-87.78507,41.77191]},"properties":{"probability":0.691,"inBuffer":false,"facType":"substation"}},{"type":"Feature","geometry":{"type":"Point","coordinates":[-87.77906,41.77195]},"properties":{"probability":0.675,"inBuffer":false,"facType":"substation"}},{"type":"Feature","geometry":{"type":"Point","coordinates":[-87.77305,41.77199]},"properties":{"probability":0.667,"inBuffer":false,"facType":"substation"}},{"type":"Feature","geometry":{"type":"Point","coordinates":[-87.76703,41.77203]},"properties":{"probability":0.673,"inBuffer":false,"facType":"substation"}},{"type":"Feature","geometry":{"type":"Point","coordinates":[-87.76102,41.77207]},"properties":{"probability":0.669,"inBuffer":false,"facType":"fire"}},{"type":"Feature","geometry":{"type":"Point","coordinates":[-87.755,41.77211]},"properties":{"probability":0.692,"inBuffer":true,"facType":"fire"}},{"type":"Feature","geometry":{"type":"Point","coordinates":[-87.74899,41.77215]},"properties":{"probability":0.789,"inBuffer":true,"facType":"fire"}},{"type":"Feature","geometry":{"type":"Point","coordinates":[-87.74297,41.77219]},"properties":{"probability":0.802,"inBuffer":true,"facType":"fire"}},{"type":"Feature","geometry":{"type":"Point","coordinates":[-87.73695,41.77223]},"properties":{"probability":0.691,"inBuffer":false,"facType":"fire"}},{"type":"Feature","geometry":{"type":"Point","coordinates":[-87.73093,41.77227]},"properties":{"probability":0.712,"inBuffer":false,"facType":"government"}},{"type":"Feature","geometry":{"type":"Point","coordinates":[-87.72492,41.7723]},"properties":{"probability":0.734,"inBuffer":false,"facType":"government"}},{"type":"Feature","geometry":{"type":"Point","coordinates":[-87.7189,41.77234]},"properties":{"probability":0.691,"inBuffer":false,"facType":"government"}},{"type":"Feature","geometry":{"type":"Point","coordinates":[-87.71289,41.77238]},"properties":{"probability":0.637,"inBuffer":false,"facType":"police"}},{"type":"Feature","geometry":{"type":"Point","coordinates":[-87.70688,41.77242]},"properties":{"probability":0.623,"inBuffer":false,"facType":"police"}},{"type":"Feature","geometry":{"type":"Point","coordinates":[-87.70086,41.77245]},"properties":{"probability":0.656,"inBuffer":false,"facType":"police"}},{"type":"Feature","geometry":{"type":"Point","coordinates":[-87.69485,41.77249]},"properties":{"probability":0.657,"inBuffer":false,"facType":"fire"}},{"type":"Feature","geometry":{"type":"Point","coordinates":[-87.68883,41.77253]},"properties":{"probability":0.672,"inBuffer":false,"facType":"fire"}},{"type":"Feature","geometry":{"type":"Point","coordinates":[-87.68282,41.77256]},"properties":{"probability":0.741,"inBuffer":true,"facType":"fire"}},{"type":"Feature","geometry":{"type":"Point","coordinates":[-87.6768,41.7726]},"properties":{"probability":0.668,"inBuffer":true,"facType":"fire"}},{"type":"Feature","geometry":{"type":"Point","coordinates":[-87.67078,41.77263]},"properties":{"probability":0.681,"inBuffer":false,"facType":"fire"}},{"type":"Feature","geometry":{"type":"Point","coordinates":[-87.66476,41.77267]},"properties":{"probability":0.69,"inBuffer":false,"facType":"substation"}},{"type":"Feature","geometry":{"type":"Point","coordinates":[-87.65875,41.77271]},"properties":{"probability":0.671,"inBuffer":false,"facType":"substation"}},{"type":"Feature","geometry":{"type":"Point","coordinates":[-87.65273,41.77274]},"properties":{"probability":0.634,"inBuffer":false,"facType":"substation"}},{"type":"Feature","geometry":{"type":"Point","coordinates":[-87.64672,41.77277]},"properties":{"probability":0.649,"inBuffer":false,"facType":"government"}},{"type":"Feature","geometry":{"type":"Point","coordinates":[-87.6407,41.7728]},"properties":{"probability":0.669,"inBuffer":false,"facType":"fire"}},{"type":"Feature","geometry":{"type":"Point","coordinates":[-87.63469,41.77284]},"properties":{"probability":0.685,"inBuffer":false,"facType":"substation"}},{"type":"Feature","geometry":{"type":"Point","coordinates":[-87.62867,41.77287]},"properties":{"probability":0.786,"inBuffer":false,"facType":"substation"}},{"type":"Feature","geometry":{"type":"Point","coordinates":[-87.62266,41.77291]},"properties":{"probability":0.71,"inBuffer":true,"facType":"fire"}},{"type":"Feature","geometry":{"type":"Point","coordinates":[-87.61664,41.77294]},"properties":{"probability":0.668,"inBuffer":true,"facType":"fire"}},{"type":"Feature","geometry":{"type":"Point","coordinates":[-87.61063,41.77297]},"properties":{"probability":0.667,"inBuffer":true,"facType":"fire"}},{"type":"Feature","geometry":{"type":"Point","coordinates":[-87.60461,41.773]},"properties":{"probability":0.648,"inBuffer":true,"facType":"government"}},{"type":"Feature","geometry":{"type":"Point","coordinates":[-87.59859,41.77303]},"properties":{"probability":0.612,"inBuffer":true,"facType":"substation"}},{"type":"Feature","geometry":{"type":"Point","coordinates":[-87.59258,41.77306]},"properties":{"probability":0.637,"inBuffer":true,"facType":"fire"}},{"type":"Feature","geometry":{"type":"Point","coordinates":[-87.58656,41.77309]},"properties":{"probability":0.644,"inBuffer":true,"facType":"fire"}},{"type":"Feature","geometry":{"type":"Point","coordinates":[-87.58054,41.77312]},"properties":{"probability":0.6,"inBuffer":false,"facType":"fire"}},{"type":"Feature","geometry":{"type":"Point","coordinates":[-87.57453,41.77316]},"properties":{"probability":0.606,"inBuffer":false,"facType":"government"}},{"type":"Feature","geometry":{"type":"Point","coordinates":[-87.56851,41.77319]},"properties":{"probability":0.594,"inBuffer":false,"facType":"government"}},{"type":"Feature","geometry":{"type":"Point","coordinates":[-87.5625,41.77322]},"properties":{"probability":0.274,"inBuffer":false,"facType":"police"}},{"type":"Feature","geometry":{"type":"Point","coordinates":[-87.55648,41.77325]},"properties":{"probability":0.152,"inBuffer":false,"facType":"police"}},{"type":"Feature","geometry":{"type":"Point","coordinates":[-87.55047,41.77327]},"properties":{"probability":0.147,"inBuffer":false,"facType":"police"}},{"type":"Feature","geometry":{"type":"Point","coordinates":[-87.80306,41.76728]},"properties":{"probability":0.666,"inBuffer":false,"facType":"fire"}},{"type":"Feature","geometry":{"type":"Point","coordinates":[-87.79705,41.76732]},"properties":{"probability":0.65,"inBuffer":false,"facType":"fire"}},{"type":"Feature","geometry":{"type":"Point","coordinates":[-87.79104,41.76736]},"properties":{"probability":0.612,"inBuffer":false,"facType":"fire"}},{"type":"Feature","geometry":{"type":"Point","coordinates":[-87.78502,41.76741]},"properties":{"probability":0.624,"inBuffer":false,"facType":"substation"}},{"type":"Feature","geometry":{"type":"Point","coordinates":[-87.77901,41.76745]},"properties":{"probability":0.68,"inBuffer":false,"facType":"substation"}},{"type":"Feature","geometry":{"type":"Point","coordinates":[-87.77299,41.76749]},"properties":{"probability":0.682,"inBuffer":false,"facType":"substation"}},{"type":"Feature","geometry":{"type":"Point","coordinates":[-87.76698,41.76753]},"properties":{"probability":0.668,"inBuffer":false,"facType":"substation"}},{"type":"Feature","geometry":{"type":"Point","coordinates":[-87.76096,41.76757]},"properties":{"probability":0.68,"inBuffer":false,"facType":"substation"}},{"type":"Feature","geometry":{"type":"Point","coordinates":[-87.75494,41.76761]},"properties":{"probability":0.667,"inBuffer":true,"facType":"fire"}},{"type":"Feature","geometry":{"type":"Point","coordinates":[-87.74893,41.76765]},"properties":{"probability":0.695,"inBuffer":true,"facType":"fire"}},{"type":"Feature","geometry":{"type":"Point","coordinates":[-87.74291,41.76769]},"properties":{"probability":0.716,"inBuffer":true,"facType":"fire"}},{"type":"Feature","geometry":{"type":"Point","coordinates":[-87.7369,41.76773]},"properties":{"probability":0.636,"inBuffer":false,"facType":"substation"}},{"type":"Feature","geometry":{"type":"Point","coordinates":[-87.73089,41.76777]},"properties":{"probability":0.679,"inBuffer":false,"facType":"substation"}},{"type":"Feature","geometry":{"type":"Point","coordinates":[-87.72487,41.7678]},"properties":{"probability":0.742,"inBuffer":false,"facType":"government"}},{"type":"Feature","geometry":{"type":"Point","coordinates":[-87.71886,41.76784]},"properties":{"probability":0.708,"inBuffer":false,"facType":"government"}},{"type":"Feature","geometry":{"type":"Point","coordinates":[-87.71284,41.76788]},"properties":{"probability":0.597,"inBuffer":false,"facType":"government"}},{"type":"Feature","geometry":{"type":"Point","coordinates":[-87.70683,41.76791]},"properties":{"probability":0.574,"inBuffer":false,"facType":"police"}},{"type":"Feature","geometry":{"type":"Point","coordinates":[-87.70081,41.76795]},"properties":{"probability":0.586,"inBuffer":false,"facType":"police"}},{"type":"Feature","geometry":{"type":"Point","coordinates":[-87.69479,41.76799]},"properties":{"probability":0.657,"inBuffer":false,"facType":"fire"}},{"type":"Feature","geometry":{"type":"Point","coordinates":[-87.68878,41.76802]},"properties":{"probability":0.685,"inBuffer":true,"facType":"fire"}},{"type":"Feature","geometry":{"type":"Point","coordinates":[-87.68276,41.76806]},"properties":{"probability":0.756,"inBuffer":true,"facType":"fire"}},{"type":"Feature","geometry":{"type":"Point","coordinates":[-87.67675,41.7681]},"properties":{"probability":0.677,"inBuffer":true,"facType":"fire"}},{"type":"Feature","geometry":{"type":"Point","coordinates":[-87.67074,41.76813]},"properties":{"probability":0.699,"inBuffer":false,"facType":"fire"}},{"type":"Feature","geometry":{"type":"Point","coordinates":[-87.66472,41.76817]},"properties":{"probability":0.687,"inBuffer":false,"facType":"substation"}},{"type":"Feature","geometry":{"type":"Point","coordinates":[-87.65871,41.7682]},"properties":{"probability":0.669,"inBuffer":false,"facType":"substation"}},{"type":"Feature","geometry":{"type":"Point","coordinates":[-87.65269,41.76823]},"properties":{"probability":0.605,"inBuffer":false,"facType":"fire"}},{"type":"Feature","geometry":{"type":"Point","coordinates":[-87.64668,41.76827]},"properties":{"probability":0.656,"inBuffer":false,"facType":"fire"}},{"type":"Feature","geometry":{"type":"Point","coordinates":[-87.64066,41.7683]},"properties":{"probability":0.658,"inBuffer":true,"facType":"fire"}},{"type":"Feature","geometry":{"type":"Point","coordinates":[-87.63464,41.76834]},"properties":{"probability":0.694,"inBuffer":true,"facType":"fire"}},{"type":"Feature","geometry":{"type":"Point","coordinates":[-87.62863,41.76837]},"properties":{"probability":0.771,"inBuffer":false,"facType":"fire"}},{"type":"Feature","geometry":{"type":"Point","coordinates":[-87.62261,41.7684]},"properties":{"probability":0.699,"inBuffer":false,"facType":"fire"}},{"type":"Feature","geometry":{"type":"Point","coordinates":[-87.6166,41.76844]},"properties":{"probability":0.659,"inBuffer":true,"facType":"fire"}},{"type":"Feature","geometry":{"type":"Point","coordinates":[-87.61058,41.76847]},"properties":{"probability":0.66,"inBuffer":true,"facType":"police"}},{"type":"Feature","geometry":{"type":"Point","coordinates":[-87.60457,41.7685]},"properties":{"probability":0.635,"inBuffer":true,"facType":"police"}},{"type":"Feature","geometry":{"type":"Point","coordinates":[-87.59855,41.76853]},"properties":{"probability":0.537,"inBuffer":true,"facType":"substation"}},{"type":"Feature","geometry":{"type":"Point","coordinates":[-87.59254,41.76856]},"properties":{"probability":0.601,"inBuffer":true,"facType":"substation"}},{"type":"Feature","geometry":{"type":"Point","coordinates":[-87.58652,41.76859]},"properties":{"probability":0.662,"inBuffer":true,"facType":"government"}},{"type":"Feature","geometry":{"type":"Point","coordinates":[-87.58051,41.76862]},"properties":{"probability":0.647,"inBuffer":false,"facType":"government"}},{"type":"Feature","geometry":{"type":"Point","coordinates":[-87.57449,41.76865]},"properties":{"probability":0.657,"inBuffer":false,"facType":"government"}},{"type":"Feature","geometry":{"type":"Point","coordinates":[-87.56847,41.76868]},"properties":{"probability":0.657,"inBuffer":true,"facType":"government"}},{"type":"Feature","geometry":{"type":"Point","coordinates":[-87.56246,41.76871]},"properties":{"probability":0.497,"inBuffer":true,"facType":"police"}},{"type":"Feature","geometry":{"type":"Point","coordinates":[-87.55644,41.76874]},"properties":{"probability":0.248,"inBuffer":true,"facType":"police"}},{"type":"Feature","geometry":{"type":"Point","coordinates":[-87.55043,41.76877]},"properties":{"probability":0.152,"inBuffer":false,"facType":"police"}},{"type":"Feature","geometry":{"type":"Point","coordinates":[-87.80301,41.76278]},"properties":{"probability":0.692,"inBuffer":false,"facType":"fire"}},{"type":"Feature","geometry":{"type":"Point","coordinates":[-87.797,41.76282]},"properties":{"probability":0.712,"inBuffer":true,"facType":"fire"}},{"type":"Feature","geometry":{"type":"Point","coordinates":[-87.79098,41.76286]},"properties":{"probability":0.705,"inBuffer":true,"facType":"fire"}},{"type":"Feature","geometry":{"type":"Point","coordinates":[-87.78497,41.76291]},"properties":{"probability":0.691,"inBuffer":true,"facType":"fire"}},{"type":"Feature","geometry":{"type":"Point","coordinates":[-87.77895,41.76294]},"properties":{"probability":0.677,"inBuffer":false,"facType":"substation"}},{"type":"Feature","geometry":{"type":"Point","coordinates":[-87.77293,41.76299]},"properties":{"probability":0.709,"inBuffer":false,"facType":"substation"}},{"type":"Feature","geometry":{"type":"Point","coordinates":[-87.76692,41.76303]},"properties":{"probability":0.742,"inBuffer":false,"facType":"substation"}},{"type":"Feature","geometry":{"type":"Point","coordinates":[-87.76091,41.76307]},"properties":{"probability":0.671,"inBuffer":false,"facType":"substation"}},{"type":"Feature","geometry":{"type":"Point","coordinates":[-87.75489,41.76311]},"properties":{"probability":0.659,"inBuffer":false,"facType":"substation"}},{"type":"Feature","geometry":{"type":"Point","coordinates":[-87.74888,41.76315]},"properties":{"probability":0.675,"inBuffer":false,"facType":"fire"}},{"type":"Feature","geometry":{"type":"Point","coordinates":[-87.74287,41.76318]},"properties":{"probability":0.681,"inBuffer":false,"facType":"substation"}},{"type":"Feature","geometry":{"type":"Point","coordinates":[-87.73685,41.76322]},"properties":{"probability":0.612,"inBuffer":false,"facType":"substation"}},{"type":"Feature","geometry":{"type":"Point","coordinates":[-87.73083,41.76326]},"properties":{"probability":0.62,"inBuffer":false,"facType":"substation"}},{"type":"Feature","geometry":{"type":"Point","coordinates":[-87.72482,41.7633]},"properties":{"probability":0.714,"inBuffer":false,"facType":"government"}},{"type":"Feature","geometry":{"type":"Point","coordinates":[-87.7188,41.76334]},"properties":{"probability":0.701,"inBuffer":false,"facType":"government"}},{"type":"Feature","geometry":{"type":"Point","coordinates":[-87.71279,41.76337]},"properties":{"probability":0.628,"inBuffer":false,"facType":"substation"}},{"type":"Feature","geometry":{"type":"Point","coordinates":[-87.70678,41.76341]},"properties":{"probability":0.599,"inBuffer":false,"facType":"substation"}},{"type":"Feature","geometry":{"type":"Point","coordinates":[-87.70076,41.76345]},"properties":{"probability":0.611,"inBuffer":false,"facType":"substation"}},{"type":"Feature","geometry":{"type":"Point","coordinates":[-87.69475,41.76348]},"properties":{"probability":0.608,"inBuffer":false,"facType":"fire"}},{"type":"Feature","geometry":{"type":"Point","coordinates":[-87.68873,41.76352]},"properties":{"probability":0.682,"inBuffer":false,"facType":"fire"}},{"type":"Feature","geometry":{"type":"Point","coordinates":[-87.68272,41.76356]},"properties":{"probability":0.695,"inBuffer":true,"facType":"fire"}},{"type":"Feature","geometry":{"type":"Point","coordinates":[-87.6767,41.76359]},"properties":{"probability":0.666,"inBuffer":true,"facType":"fire"}},{"type":"Feature","geometry":{"type":"Point","coordinates":[-87.67068,41.76363]},"properties":{"probability":0.693,"inBuffer":false,"facType":"fire"}},{"type":"Feature","geometry":{"type":"Point","coordinates":[-87.66467,41.76366]},"properties":{"probability":0.69,"inBuffer":false,"facType":"fire"}},{"type":"Feature","geometry":{"type":"Point","coordinates":[-87.65866,41.7637]},"properties":{"probability":0.668,"inBuffer":false,"facType":"substation"}},{"type":"Feature","geometry":{"type":"Point","coordinates":[-87.65264,41.76373]},"properties":{"probability":0.594,"inBuffer":false,"facType":"fire"}},{"type":"Feature","geometry":{"type":"Point","coordinates":[-87.64663,41.76377]},"properties":{"probability":0.654,"inBuffer":true,"facType":"fire"}},{"type":"Feature","geometry":{"type":"Point","coordinates":[-87.64062,41.7638]},"properties":{"probability":0.601,"inBuffer":true,"facType":"fire"}},{"type":"Feature","geometry":{"type":"Point","coordinates":[-87.6346,41.76383]},"properties":{"probability":0.644,"inBuffer":true,"facType":"fire"}},{"type":"Feature","geometry":{"type":"Point","coordinates":[-87.62859,41.76387]},"properties":{"probability":0.742,"inBuffer":false,"facType":"fire"}},{"type":"Feature","geometry":{"type":"Point","coordinates":[-87.62257,41.7639]},"properties":{"probability":0.705,"inBuffer":false,"facType":"fire"}},{"type":"Feature","geometry":{"type":"Point","coordinates":[-87.61655,41.76393]},"properties":{"probability":0.662,"inBuffer":false,"facType":"police"}},{"type":"Feature","geometry":{"type":"Point","coordinates":[-87.61054,41.76396]},"properties":{"probability":0.661,"inBuffer":true,"facType":"police"}},{"type":"Feature","geometry":{"type":"Point","coordinates":[-87.60452,41.764]},"properties":{"probability":0.655,"inBuffer":true,"facType":"police"}},{"type":"Feature","geometry":{"type":"Point","coordinates":[-87.59851,41.76403]},"properties":{"probability":0.587,"inBuffer":true,"facType":"police"}},{"type":"Feature","geometry":{"type":"Point","coordinates":[-87.5925,41.76406]},"properties":{"probability":0.622,"inBuffer":false,"facType":"government"}},{"type":"Feature","geometry":{"type":"Point","coordinates":[-87.58648,41.76409]},"properties":{"probability":0.677,"inBuffer":false,"facType":"government"}},{"type":"Feature","geometry":{"type":"Point","coordinates":[-87.58047,41.76412]},"properties":{"probability":0.691,"inBuffer":false,"facType":"government"}},{"type":"Feature","geometry":{"type":"Point","coordinates":[-87.57445,41.76415]},"properties":{"probability":0.662,"inBuffer":false,"facType":"government"}},{"type":"Feature","geometry":{"type":"Point","coordinates":[-87.56844,41.76418]},"properties":{"probability":0.667,"inBuffer":true,"facType":"government"}},{"type":"Feature","geometry":{"type":"Point","coordinates":[-87.56242,41.76421]},"properties":{"probability":0.615,"inBuffer":true,"facType":"fire"}},{"type":"Feature","geometry":{"type":"Point","coordinates":[-87.5564,41.76424]},"properties":{"probability":0.459,"inBuffer":true,"facType":"fire"}},{"type":"Feature","geometry":{"type":"Point","coordinates":[-87.55039,41.76427]},"properties":{"probability":0.243,"inBuffer":false,"facType":"water_works"}},{"type":"Feature","geometry":{"type":"Point","coordinates":[-87.54437,41.7643]},"properties":{"probability":0.161,"inBuffer":false,"facType":"water_works"}},{"type":"Feature","geometry":{"type":"Point","coordinates":[-87.53836,41.76432]},"properties":{"probability":0.153,"inBuffer":false,"facType":"water_works"}},{"type":"Feature","geometry":{"type":"Point","coordinates":[-87.80296,41.75828]},"properties":{"probability":0.636,"inBuffer":false,"facType":"substation"}},{"type":"Feature","geometry":{"type":"Point","coordinates":[-87.79694,41.75832]},"properties":{"probability":0.789,"inBuffer":true,"facType":"fire"}},{"type":"Feature","geometry":{"type":"Point","coordinates":[-87.79092,41.75836]},"properties":{"probability":0.802,"inBuffer":true,"facType":"fire"}},{"type":"Feature","geometry":{"type":"Point","coordinates":[-87.78491,41.7584]},"properties":{"probability":0.724,"inBuffer":true,"facType":"fire"}},{"type":"Feature","geometry":{"type":"Point","coordinates":[-87.7789,41.75844]},"properties":{"probability":0.664,"inBuffer":false,"facType":"fire"}},{"type":"Feature","geometry":{"type":"Point","coordinates":[-87.77288,41.75848]},"properties":{"probability":0.657,"inBuffer":false,"facType":"substation"}},{"type":"Feature","geometry":{"type":"Point","coordinates":[-87.76687,41.75852]},"properties":{"probability":0.68,"inBuffer":true,"facType":"substation"}},{"type":"Feature","geometry":{"type":"Point","coordinates":[-87.76086,41.75856]},"properties":{"probability":0.66,"inBuffer":true,"facType":"police"}},{"type":"Feature","geometry":{"type":"Point","coordinates":[-87.75484,41.7586]},"properties":{"probability":0.666,"inBuffer":true,"facType":"police"}},{"type":"Feature","geometry":{"type":"Point","coordinates":[-87.74883,41.75864]},"properties":{"probability":0.682,"inBuffer":false,"facType":"substation"}},{"type":"Feature","geometry":{"type":"Point","coordinates":[-87.74281,41.75868]},"properties":{"probability":0.728,"inBuffer":false,"facType":"substation"}},{"type":"Feature","geometry":{"type":"Point","coordinates":[-87.7368,41.75872]},"properties":{"probability":0.664,"inBuffer":false,"facType":"substation"}},{"type":"Feature","geometry":{"type":"Point","coordinates":[-87.73078,41.75876]},"properties":{"probability":0.641,"inBuffer":false,"facType":"substation"}},{"type":"Feature","geometry":{"type":"Point","coordinates":[-87.72477,41.7588]},"properties":{"probability":0.664,"inBuffer":true,"facType":"government"}},{"type":"Feature","geometry":{"type":"Point","coordinates":[-87.71876,41.75883]},"properties":{"probability":0.67,"inBuffer":true,"facType":"government"}},{"type":"Feature","geometry":{"type":"Point","coordinates":[-87.71274,41.75887]},"properties":{"probability":0.622,"inBuffer":false,"facType":"substation"}},{"type":"Feature","geometry":{"type":"Point","coordinates":[-87.70673,41.75891]},"properties":{"probability":0.604,"inBuffer":false,"facType":"substation"}},{"type":"Feature","geometry":{"type":"Point","coordinates":[-87.70071,41.75895]},"properties":{"probability":0.596,"inBuffer":false,"facType":"substation"}},{"type":"Feature","geometry":{"type":"Point","coordinates":[-87.69469,41.75898]},"properties":{"probability":0.625,"inBuffer":false,"facType":"fire"}},{"type":"Feature","geometry":{"type":"Point","coordinates":[-87.68868,41.75902]},"properties":{"probability":0.692,"inBuffer":false,"facType":"fire"}},{"type":"Feature","geometry":{"type":"Point","coordinates":[-87.68267,41.75905]},"properties":{"probability":0.682,"inBuffer":false,"facType":"fire"}},{"type":"Feature","geometry":{"type":"Point","coordinates":[-87.67666,41.75909]},"properties":{"probability":0.625,"inBuffer":false,"facType":"fire"}},{"type":"Feature","geometry":{"type":"Point","coordinates":[-87.67064,41.75912]},"properties":{"probability":0.668,"inBuffer":false,"facType":"fire"}},{"type":"Feature","geometry":{"type":"Point","coordinates":[-87.66463,41.75916]},"properties":{"probability":0.67,"inBuffer":false,"facType":"fire"}},{"type":"Feature","geometry":{"type":"Point","coordinates":[-87.65862,41.75919]},"properties":{"probability":0.636,"inBuffer":false,"facType":"police"}},{"type":"Feature","geometry":{"type":"Point","coordinates":[-87.6526,41.75923]},"properties":{"probability":0.597,"inBuffer":false,"facType":"police"}},{"type":"Feature","geometry":{"type":"Point","coordinates":[-87.64658,41.75926]},"properties":{"probability":0.604,"inBuffer":false,"facType":"police"}},{"type":"Feature","geometry":{"type":"Point","coordinates":[-87.64057,41.7593]},"properties":{"probability":0.597,"inBuffer":true,"facType":"fire"}},{"type":"Feature","geometry":{"type":"Point","coordinates":[-87.63455,41.75933]},"properties":{"probability":0.645,"inBuffer":true,"facType":"fire"}},{"type":"Feature","geometry":{"type":"Point","coordinates":[-87.62854,41.75936]},"properties":{"probability":0.713,"inBuffer":false,"facType":"substation"}},{"type":"Feature","geometry":{"type":"Point","coordinates":[-87.62253,41.7594]},"properties":{"probability":0.694,"inBuffer":false,"facType":"fire"}},{"type":"Feature","geometry":{"type":"Point","coordinates":[-87.61651,41.75943]},"properties":{"probability":0.652,"inBuffer":false,"facType":"fire"}},{"type":"Feature","geometry":{"type":"Point","coordinates":[-87.6105,41.75946]},"properties":{"probability":0.66,"inBuffer":false,"facType":"police"}},{"type":"Feature","geometry":{"type":"Point","coordinates":[-87.60448,41.75949]},"properties":{"probability":0.67,"inBuffer":false,"facType":"police"}},{"type":"Feature","geometry":{"type":"Point","coordinates":[-87.59846,41.75953]},"properties":{"probability":0.607,"inBuffer":false,"facType":"police"}},{"type":"Feature","geometry":{"type":"Point","coordinates":[-87.59245,41.75956]},"properties":{"probability":0.624,"inBuffer":false,"facType":"government"}},{"type":"Feature","geometry":{"type":"Point","coordinates":[-87.58644,41.75959]},"properties":{"probability":0.69,"inBuffer":false,"facType":"government"}},{"type":"Feature","geometry":{"type":"Point","coordinates":[-87.58042,41.75962]},"properties":{"probability":0.694,"inBuffer":false,"facType":"government"}},{"type":"Feature","geometry":{"type":"Point","coordinates":[-87.57441,41.75965]},"properties":{"probability":0.661,"inBuffer":false,"facType":"government"}},{"type":"Feature","geometry":{"type":"Point","coordinates":[-87.5684,41.75968]},"properties":{"probability":0.658,"inBuffer":true,"facType":"fire"}},{"type":"Feature","geometry":{"type":"Point","coordinates":[-87.56238,41.7597]},"properties":{"probability":0.656,"inBuffer":true,"facType":"fire"}},{"type":"Feature","geometry":{"type":"Point","coordinates":[-87.55637,41.75974]},"properties":{"probability":0.607,"inBuffer":true,"facType":"substation"}},{"type":"Feature","geometry":{"type":"Point","coordinates":[-87.55035,41.75977]},"properties":{"probability":0.579,"inBuffer":false,"facType":"water_works"}},{"type":"Feature","geometry":{"type":"Point","coordinates":[-87.54433,41.75979]},"properties":{"probability":0.483,"inBuffer":false,"facType":"water_works"}},{"type":"Feature","geometry":{"type":"Point","coordinates":[-87.53832,41.75982]},"properties":{"probability":0.344,"inBuffer":false,"facType":"water_works"}},{"type":"Feature","geometry":{"type":"Point","coordinates":[-87.80289,41.75377]},"properties":{"probability":0.659,"inBuffer":false,"facType":"substation"}},{"type":"Feature","geometry":{"type":"Point","coordinates":[-87.79688,41.75381]},"properties":{"probability":0.699,"inBuffer":true,"facType":"substation"}},{"type":"Feature","geometry":{"type":"Point","coordinates":[-87.79087,41.75386]},"properties":{"probability":0.772,"inBuffer":true,"facType":"power"}},{"type":"Feature","geometry":{"type":"Point","coordinates":[-87.78486,41.7539]},"properties":{"probability":0.669,"inBuffer":true,"facType":"power"}},{"type":"Feature","geometry":{"type":"Point","coordinates":[-87.77884,41.75394]},"properties":{"probability":0.612,"inBuffer":true,"facType":"government"}},{"type":"Feature","geometry":{"type":"Point","coordinates":[-87.77283,41.75398]},"properties":{"probability":0.601,"inBuffer":false,"facType":"police"}},{"type":"Feature","geometry":{"type":"Point","coordinates":[-87.76682,41.75402]},"properties":{"probability":0.608,"inBuffer":true,"facType":"police"}},{"type":"Feature","geometry":{"type":"Point","coordinates":[-87.7608,41.75406]},"properties":{"probability":0.63,"inBuffer":true,"facType":"police"}},{"type":"Feature","geometry":{"type":"Point","coordinates":[-87.75479,41.7541]},"properties":{"probability":0.633,"inBuffer":true,"facType":"substation"}},{"type":"Feature","geometry":{"type":"Point","coordinates":[-87.74877,41.75414]},"properties":{"probability":0.669,"inBuffer":false,"facType":"substation"}},{"type":"Feature","geometry":{"type":"Point","coordinates":[-87.74276,41.75418]},"properties":{"probability":0.798,"inBuffer":false,"facType":"substation"}},{"type":"Feature","geometry":{"type":"Point","coordinates":[-87.73675,41.75422]},"properties":{"probability":0.785,"inBuffer":false,"facType":"substation"}},{"type":"Feature","geometry":{"type":"Point","coordinates":[-87.73074,41.75425]},"properties":{"probability":0.717,"inBuffer":false,"facType":"government"}},{"type":"Feature","geometry":{"type":"Point","coordinates":[-87.72472,41.75429]},"properties":{"probability":0.691,"inBuffer":true,"facType":"fire"}},{"type":"Feature","geometry":{"type":"Point","coordinates":[-87.7187,41.75433]},"properties":{"probability":0.692,"inBuffer":true,"facType":"fire"}},{"type":"Feature","geometry":{"type":"Point","coordinates":[-87.71269,41.75437]},"properties":{"probability":0.691,"inBuffer":false,"facType":"substation"}},{"type":"Feature","geometry":{"type":"Point","coordinates":[-87.70668,41.75441]},"properties":{"probability":0.659,"inBuffer":false,"facType":"substation"}},{"type":"Feature","geometry":{"type":"Point","coordinates":[-87.70066,41.75444]},"properties":{"probability":0.631,"inBuffer":false,"facType":"fire"}},{"type":"Feature","geometry":{"type":"Point","coordinates":[-87.69465,41.75448]},"properties":{"probability":0.621,"inBuffer":false,"facType":"fire"}},{"type":"Feature","geometry":{"type":"Point","coordinates":[-87.68864,41.75452]},"properties":{"probability":0.685,"inBuffer":false,"facType":"fire"}},{"type":"Feature","geometry":{"type":"Point","coordinates":[-87.68262,41.75455]},"properties":{"probability":0.665,"inBuffer":false,"facType":"fire"}},{"type":"Feature","geometry":{"type":"Point","coordinates":[-87.67661,41.75459]},"properties":{"probability":0.608,"inBuffer":false,"facType":"fire"}},{"type":"Feature","geometry":{"type":"Point","coordinates":[-87.67059,41.75462]},"properties":{"probability":0.658,"inBuffer":false,"facType":"fire"}},{"type":"Feature","geometry":{"type":"Point","coordinates":[-87.66458,41.75466]},"properties":{"probability":0.654,"inBuffer":false,"facType":"fire"}},{"type":"Feature","geometry":{"type":"Point","coordinates":[-87.65857,41.75469]},"properties":{"probability":0.671,"inBuffer":false,"facType":"fire"}},{"type":"Feature","geometry":{"type":"Point","coordinates":[-87.65255,41.75473]},"properties":{"probability":0.663,"inBuffer":true,"facType":"police"}},{"type":"Feature","geometry":{"type":"Point","coordinates":[-87.64654,41.75476]},"properties":{"probability":0.651,"inBuffer":true,"facType":"police"}},{"type":"Feature","geometry":{"type":"Point","coordinates":[-87.64053,41.7548]},"properties":{"probability":0.639,"inBuffer":true,"facType":"police"}},{"type":"Feature","geometry":{"type":"Point","coordinates":[-87.63451,41.75483]},"properties":{"probability":0.687,"inBuffer":false,"facType":"substation"}},{"type":"Feature","geometry":{"type":"Point","coordinates":[-87.62849,41.75486]},"properties":{"probability":0.734,"inBuffer":false,"facType":"substation"}},{"type":"Feature","geometry":{"type":"Point","coordinates":[-87.62248,41.75489]},"properties":{"probability":0.706,"inBuffer":true,"facType":"fire"}},{"type":"Feature","geometry":{"type":"Point","coordinates":[-87.61647,41.75492]},"properties":{"probability":0.648,"inBuffer":true,"facType":"fire"}},{"type":"Feature","geometry":{"type":"Point","coordinates":[-87.61045,41.75496]},"properties":{"probability":0.656,"inBuffer":false,"facType":"government"}},{"type":"Feature","geometry":{"type":"Point","coordinates":[-87.60444,41.75499]},"properties":{"probability":0.658,"inBuffer":false,"facType":"government"}},{"type":"Feature","geometry":{"type":"Point","coordinates":[-87.59843,41.75502]},"properties":{"probability":0.606,"inBuffer":false,"facType":"government"}},{"type":"Feature","geometry":{"type":"Point","coordinates":[-87.59241,41.75505]},"properties":{"probability":0.658,"inBuffer":false,"facType":"fire"}},{"type":"Feature","geometry":{"type":"Point","coordinates":[-87.5864,41.75508]},"properties":{"probability":0.691,"inBuffer":true,"facType":"fire"}},{"type":"Feature","geometry":{"type":"Point","coordinates":[-87.58038,41.75511]},"properties":{"probability":0.684,"inBuffer":true,"facType":"fire"}},{"type":"Feature","geometry":{"type":"Point","coordinates":[-87.57437,41.75514]},"properties":{"probability":0.608,"inBuffer":false,"facType":"fire"}},{"type":"Feature","geometry":{"type":"Point","coordinates":[-87.56836,41.75517]},"properties":{"probability":0.603,"inBuffer":false,"facType":"substation"}},{"type":"Feature","geometry":{"type":"Point","coordinates":[-87.56234,41.7552]},"properties":{"probability":0.659,"inBuffer":false,"facType":"substation"}},{"type":"Feature","geometry":{"type":"Point","coordinates":[-87.55633,41.75523]},"properties":{"probability":0.651,"inBuffer":false,"facType":"substation"}},{"type":"Feature","geometry":{"type":"Point","coordinates":[-87.55032,41.75526]},"properties":{"probability":0.661,"inBuffer":false,"facType":"water_works"}},{"type":"Feature","geometry":{"type":"Point","coordinates":[-87.5443,41.75529]},"properties":{"probability":0.63,"inBuffer":false,"facType":"water_works"}},{"type":"Feature","geometry":{"type":"Point","coordinates":[-87.53828,41.75532]},"properties":{"probability":0.534,"inBuffer":false,"facType":"water_works"}},{"type":"Feature","geometry":{"type":"Point","coordinates":[-87.80284,41.74927]},"properties":{"probability":0.661,"inBuffer":false,"facType":"substation"}},{"type":"Feature","geometry":{"type":"Point","coordinates":[-87.79683,41.74931]},"properties":{"probability":0.655,"inBuffer":false,"facType":"substation"}},{"type":"Feature","geometry":{"type":"Point","coordinates":[-87.79082,41.74936]},"properties":{"probability":0.654,"inBuffer":true,"facType":"substation"}},{"type":"Feature","geometry":{"type":"Point","coordinates":[-87.7848,41.74939]},"properties":{"probability":0.593,"inBuffer":true,"facType":"fire"}},{"type":"Feature","geometry":{"type":"Point","coordinates":[-87.77879,41.74944]},"properties":{"probability":0.589,"inBuffer":true,"facType":"government"}},{"type":"Feature","geometry":{"type":"Point","coordinates":[-87.77277,41.74948]},"properties":{"probability":0.587,"inBuffer":false,"facType":"government"}},{"type":"Feature","geometry":{"type":"Point","coordinates":[-87.76676,41.74952]},"properties":{"probability":0.605,"inBuffer":false,"facType":"substation"}},{"type":"Feature","geometry":{"type":"Point","coordinates":[-87.76075,41.74956]},"properties":{"probability":0.624,"inBuffer":true,"facType":"substation"}},{"type":"Feature","geometry":{"type":"Point","coordinates":[-87.75474,41.7496]},"properties":{"probability":0.622,"inBuffer":false,"facType":"substation"}},{"type":"Feature","geometry":{"type":"Point","coordinates":[-87.74872,41.74963]},"properties":{"probability":0.641,"inBuffer":false,"facType":"substation"}},{"type":"Feature","geometry":{"type":"Point","coordinates":[-87.74271,41.74968]},"properties":{"probability":0.714,"inBuffer":false,"facType":"substation"}},{"type":"Feature","geometry":{"type":"Point","coordinates":[-87.73669,41.74971]},"properties":{"probability":0.664,"inBuffer":false,"facType":"substation"}},{"type":"Feature","geometry":{"type":"Point","coordinates":[-87.73068,41.74975]},"properties":{"probability":0.66,"inBuffer":false,"facType":"fire"}},{"type":"Feature","geometry":{"type":"Point","coordinates":[-87.72467,41.74979]},"properties":{"probability":0.685,"inBuffer":true,"facType":"fire"}},{"type":"Feature","geometry":{"type":"Point","coordinates":[-87.71866,41.74983]},"properties":{"probability":0.691,"inBuffer":true,"facType":"fire"}},{"type":"Feature","geometry":{"type":"Point","coordinates":[-87.71264,41.74987]},"properties":{"probability":0.668,"inBuffer":false,"facType":"substation"}},{"type":"Feature","geometry":{"type":"Point","coordinates":[-87.70663,41.7499]},"properties":{"probability":0.666,"inBuffer":true,"facType":"fire"}},{"type":"Feature","geometry":{"type":"Point","coordinates":[-87.70061,41.74994]},"properties":{"probability":0.681,"inBuffer":true,"facType":"fire"}},{"type":"Feature","geometry":{"type":"Point","coordinates":[-87.6946,41.74998]},"properties":{"probability":0.678,"inBuffer":true,"facType":"fire"}},{"type":"Feature","geometry":{"type":"Point","coordinates":[-87.68859,41.75001]},"properties":{"probability":0.668,"inBuffer":false,"facType":"fire"}},{"type":"Feature","geometry":{"type":"Point","coordinates":[-87.68257,41.75005]},"properties":{"probability":0.667,"inBuffer":false,"facType":"fire"}},{"type":"Feature","geometry":{"type":"Point","coordinates":[-87.67656,41.75008]},"properties":{"probability":0.665,"inBuffer":false,"facType":"fire"}},{"type":"Feature","geometry":{"type":"Point","coordinates":[-87.67055,41.75012]},"properties":{"probability":0.665,"inBuffer":true,"facType":"fire"}},{"type":"Feature","geometry":{"type":"Point","coordinates":[-87.66454,41.75015]},"properties":{"probability":0.664,"inBuffer":true,"facType":"fire"}},{"type":"Feature","geometry":{"type":"Point","coordinates":[-87.65852,41.75019]},"properties":{"probability":0.685,"inBuffer":true,"facType":"fire"}},{"type":"Feature","geometry":{"type":"Point","coordinates":[-87.6525,41.75022]},"properties":{"probability":0.688,"inBuffer":true,"facType":"police"}},{"type":"Feature","geometry":{"type":"Point","coordinates":[-87.64649,41.75026]},"properties":{"probability":0.666,"inBuffer":true,"facType":"police"}},{"type":"Feature","geometry":{"type":"Point","coordinates":[-87.64048,41.75029]},"properties":{"probability":0.674,"inBuffer":true,"facType":"police"}},{"type":"Feature","geometry":{"type":"Point","coordinates":[-87.63447,41.75032]},"properties":{"probability":0.691,"inBuffer":false,"facType":"substation"}},{"type":"Feature","geometry":{"type":"Point","coordinates":[-87.62846,41.75035]},"properties":{"probability":0.778,"inBuffer":true,"facType":"substation"}},{"type":"Feature","geometry":{"type":"Point","coordinates":[-87.62244,41.75039]},"properties":{"probability":0.702,"inBuffer":true,"facType":"fire"}},{"type":"Feature","geometry":{"type":"Point","coordinates":[-87.61642,41.75042]},"properties":{"probability":0.662,"inBuffer":true,"facType":"fire"}},{"type":"Feature","geometry":{"type":"Point","coordinates":[-87.61041,41.75045]},"properties":{"probability":0.66,"inBuffer":false,"facType":"government"}},{"type":"Feature","geometry":{"type":"Point","coordinates":[-87.6044,41.75048]},"properties":{"probability":0.665,"inBuffer":false,"facType":"government"}},{"type":"Feature","geometry":{"type":"Point","coordinates":[-87.59838,41.75052]},"properties":{"probability":0.613,"inBuffer":false,"facType":"government"}},{"type":"Feature","geometry":{"type":"Point","coordinates":[-87.59237,41.75055]},"properties":{"probability":0.661,"inBuffer":true,"facType":"fire"}},{"type":"Feature","geometry":{"type":"Point","coordinates":[-87.58636,41.75058]},"properties":{"probability":0.668,"inBuffer":true,"facType":"fire"}},{"type":"Feature","geometry":{"type":"Point","coordinates":[-87.58035,41.75061]},"properties":{"probability":0.667,"inBuffer":true,"facType":"fire"}},{"type":"Feature","geometry":{"type":"Point","coordinates":[-87.57433,41.75064]},"properties":{"probability":0.604,"inBuffer":false,"facType":"fire"}},{"type":"Feature","geometry":{"type":"Point","coordinates":[-87.56831,41.75067]},"properties":{"probability":0.592,"inBuffer":false,"facType":"substation"}},{"type":"Feature","geometry":{"type":"Point","coordinates":[-87.5623,41.7507]},"properties":{"probability":0.606,"inBuffer":false,"facType":"substation"}},{"type":"Feature","geometry":{"type":"Point","coordinates":[-87.55629,41.75073]},"properties":{"probability":0.595,"inBuffer":false,"facType":"substation"}},{"type":"Feature","geometry":{"type":"Point","coordinates":[-87.55028,41.75076]},"properties":{"probability":0.623,"inBuffer":false,"facType":"substation"}},{"type":"Feature","geometry":{"type":"Point","coordinates":[-87.54426,41.75079]},"properties":{"probability":0.568,"inBuffer":false,"facType":"substation"}},{"type":"Feature","geometry":{"type":"Point","coordinates":[-87.53825,41.75081]},"properties":{"probability":0.312,"inBuffer":false,"facType":"water_works"}},{"type":"Feature","geometry":{"type":"Point","coordinates":[-87.53223,41.75084]},"properties":{"probability":0.156,"inBuffer":false,"facType":"water_works"}},{"type":"Feature","geometry":{"type":"Point","coordinates":[-87.52622,41.75087]},"properties":{"probability":0.145,"inBuffer":false,"facType":"water_works"}},{"type":"Feature","geometry":{"type":"Point","coordinates":[-87.80279,41.74477]},"properties":{"probability":0.675,"inBuffer":false,"facType":"government"}},{"type":"Feature","geometry":{"type":"Point","coordinates":[-87.79678,41.74481]},"properties":{"probability":0.636,"inBuffer":false,"facType":"substation"}},{"type":"Feature","geometry":{"type":"Point","coordinates":[-87.79076,41.74485]},"properties":{"probability":0.574,"inBuffer":true,"facType":"fire"}},{"type":"Feature","geometry":{"type":"Point","coordinates":[-87.78474,41.74489]},"properties":{"probability":0.59,"inBuffer":true,"facType":"fire"}},{"type":"Feature","geometry":{"type":"Point","coordinates":[-87.77873,41.74493]},"properties":{"probability":0.582,"inBuffer":true,"facType":"government"}},{"type":"Feature","geometry":{"type":"Point","coordinates":[-87.77272,41.74497]},"properties":{"probability":0.572,"inBuffer":false,"facType":"fire"}},{"type":"Feature","geometry":{"type":"Point","coordinates":[-87.76671,41.74501]},"properties":{"probability":0.579,"inBuffer":false,"facType":"substation"}},{"type":"Feature","geometry":{"type":"Point","coordinates":[-87.7607,41.74505]},"properties":{"probability":0.601,"inBuffer":false,"facType":"substation"}},{"type":"Feature","geometry":{"type":"Point","coordinates":[-87.75468,41.74509]},"properties":{"probability":0.592,"inBuffer":false,"facType":"substation"}},{"type":"Feature","geometry":{"type":"Point","coordinates":[-87.74867,41.74513]},"properties":{"probability":0.601,"inBuffer":false,"facType":"government"}},{"type":"Feature","geometry":{"type":"Point","coordinates":[-87.74265,41.74517]},"properties":{"probability":0.607,"inBuffer":false,"facType":"government"}},{"type":"Feature","geometry":{"type":"Point","coordinates":[-87.73664,41.74521]},"properties":{"probability":0.66,"inBuffer":false,"facType":"government"}},{"type":"Feature","geometry":{"type":"Point","coordinates":[-87.73063,41.74525]},"properties":{"probability":0.649,"inBuffer":false,"facType":"government"}},{"type":"Feature","geometry":{"type":"Point","coordinates":[-87.72462,41.74529]},"properties":{"probability":0.685,"inBuffer":false,"facType":"fire"}},{"type":"Feature","geometry":{"type":"Point","coordinates":[-87.71861,41.74532]},"properties":{"probability":0.661,"inBuffer":false,"facType":"fire"}},{"type":"Feature","geometry":{"type":"Point","coordinates":[-87.71259,41.74536]},"properties":{"probability":0.651,"inBuffer":false,"facType":"fire"}},{"type":"Feature","geometry":{"type":"Point","coordinates":[-87.70658,41.7454]},"properties":{"probability":0.623,"inBuffer":true,"facType":"fire"}},{"type":"Feature","geometry":{"type":"Point","coordinates":[-87.70057,41.74544]},"properties":{"probability":0.653,"inBuffer":true,"facType":"fire"}},{"type":"Feature","geometry":{"type":"Point","coordinates":[-87.69455,41.74547]},"properties":{"probability":0.661,"inBuffer":true,"facType":"fire"}},{"type":"Feature","geometry":{"type":"Point","coordinates":[-87.68854,41.74551]},"properties":{"probability":0.663,"inBuffer":false,"facType":"fire"}},{"type":"Feature","geometry":{"type":"Point","coordinates":[-87.68253,41.74554]},"properties":{"probability":0.615,"inBuffer":false,"facType":"fire"}},{"type":"Feature","geometry":{"type":"Point","coordinates":[-87.67651,41.74558]},"properties":{"probability":0.631,"inBuffer":false,"facType":"fire"}},{"type":"Feature","geometry":{"type":"Point","coordinates":[-87.6705,41.74562]},"properties":{"probability":0.663,"inBuffer":true,"facType":"fire"}},{"type":"Feature","geometry":{"type":"Point","coordinates":[-87.66449,41.74565]},"properties":{"probability":0.665,"inBuffer":true,"facType":"fire"}},{"type":"Feature","geometry":{"type":"Point","coordinates":[-87.65848,41.74569]},"properties":{"probability":0.668,"inBuffer":true,"facType":"fire"}},{"type":"Feature","geometry":{"type":"Point","coordinates":[-87.65246,41.74572]},"properties":{"probability":0.613,"inBuffer":false,"facType":"fire"}},{"type":"Feature","geometry":{"type":"Point","coordinates":[-87.64645,41.74575]},"properties":{"probability":0.607,"inBuffer":true,"facType":"substation"}},{"type":"Feature","geometry":{"type":"Point","coordinates":[-87.64043,41.74579]},"properties":{"probability":0.66,"inBuffer":false,"facType":"substation"}},{"type":"Feature","geometry":{"type":"Point","coordinates":[-87.63442,41.74582]},"properties":{"probability":0.694,"inBuffer":false,"facType":"substation"}},{"type":"Feature","geometry":{"type":"Point","coordinates":[-87.62841,41.74585]},"properties":{"probability":0.714,"inBuffer":false,"facType":"substation"}},{"type":"Feature","geometry":{"type":"Point","coordinates":[-87.6224,41.74588]},"properties":{"probability":0.691,"inBuffer":true,"facType":"fire"}},{"type":"Feature","geometry":{"type":"Point","coordinates":[-87.61638,41.74592]},"properties":{"probability":0.663,"inBuffer":true,"facType":"fire"}},{"type":"Feature","geometry":{"type":"Point","coordinates":[-87.61037,41.74595]},"properties":{"probability":0.659,"inBuffer":false,"facType":"government"}},{"type":"Feature","geometry":{"type":"Point","coordinates":[-87.60435,41.74598]},"properties":{"probability":0.658,"inBuffer":false,"facType":"government"}},{"type":"Feature","geometry":{"type":"Point","coordinates":[-87.59834,41.74601]},"properties":{"probability":0.599,"inBuffer":false,"facType":"government"}},{"type":"Feature","geometry":{"type":"Point","coordinates":[-87.59233,41.74604]},"properties":{"probability":0.6,"inBuffer":false,"facType":"fire"}},{"type":"Feature","geometry":{"type":"Point","coordinates":[-87.58632,41.74607]},"properties":{"probability":0.693,"inBuffer":true,"facType":"fire"}},{"type":"Feature","geometry":{"type":"Point","coordinates":[-87.58031,41.74611]},"properties":{"probability":0.669,"inBuffer":true,"facType":"fire"}},{"type":"Feature","geometry":{"type":"Point","coordinates":[-87.57429,41.74614]},"properties":{"probability":0.648,"inBuffer":false,"facType":"fire"}},{"type":"Feature","geometry":{"type":"Point","coordinates":[-87.56828,41.74617]},"properties":{"probability":0.605,"inBuffer":false,"facType":"fire"}},{"type":"Feature","geometry":{"type":"Point","coordinates":[-87.56226,41.7462]},"properties":{"probability":0.598,"inBuffer":false,"facType":"substation"}},{"type":"Feature","geometry":{"type":"Point","coordinates":[-87.55625,41.74622]},"properties":{"probability":0.605,"inBuffer":false,"facType":"substation"}},{"type":"Feature","geometry":{"type":"Point","coordinates":[-87.55024,41.74625]},"properties":{"probability":0.6,"inBuffer":false,"facType":"substation"}},{"type":"Feature","geometry":{"type":"Point","coordinates":[-87.54423,41.74628]},"properties":{"probability":0.54,"inBuffer":false,"facType":"substation"}},{"type":"Feature","geometry":{"type":"Point","coordinates":[-87.53821,41.74631]},"properties":{"probability":0.334,"inBuffer":false,"facType":"substation"}},{"type":"Feature","geometry":{"type":"Point","coordinates":[-87.5322,41.74634]},"properties":{"probability":0.178,"inBuffer":false,"facType":"substation"}},{"type":"Feature","geometry":{"type":"Point","coordinates":[-87.52618,41.74637]},"properties":{"probability":0.156,"inBuffer":false,"facType":"substation"}},{"type":"Feature","geometry":{"type":"Point","coordinates":[-87.80273,41.74026]},"properties":{"probability":0.626,"inBuffer":false,"facType":"government"}},{"type":"Feature","geometry":{"type":"Point","coordinates":[-87.79671,41.74031]},"properties":{"probability":0.632,"inBuffer":false,"facType":"government"}},{"type":"Feature","geometry":{"type":"Point","coordinates":[-87.7907,41.74035]},"properties":{"probability":0.54,"inBuffer":false,"facType":"fire"}},{"type":"Feature","geometry":{"type":"Point","coordinates":[-87.78469,41.74039]},"properties":{"probability":0.574,"inBuffer":false,"facType":"fire"}},{"type":"Feature","geometry":{"type":"Point","coordinates":[-87.77868,41.74043]},"properties":{"probability":0.586,"inBuffer":false,"facType":"fire"}},{"type":"Feature","geometry":{"type":"Point","coordinates":[-87.77267,41.74047]},"properties":{"probability":0.592,"inBuffer":true,"facType":"fire"}},{"type":"Feature","geometry":{"type":"Point","coordinates":[-87.76665,41.74051]},"properties":{"probability":0.583,"inBuffer":true,"facType":"fire"}},{"type":"Feature","geometry":{"type":"Point","coordinates":[-87.76064,41.74055]},"properties":{"probability":0.586,"inBuffer":true,"facType":"fire"}},{"type":"Feature","geometry":{"type":"Point","coordinates":[-87.75463,41.74059]},"properties":{"probability":0.573,"inBuffer":false,"facType":"substation"}},{"type":"Feature","geometry":{"type":"Point","coordinates":[-87.74862,41.74063]},"properties":{"probability":0.571,"inBuffer":false,"facType":"government"}},{"type":"Feature","geometry":{"type":"Point","coordinates":[-87.74261,41.74067]},"properties":{"probability":0.677,"inBuffer":false,"facType":"government"}},{"type":"Feature","geometry":{"type":"Point","coordinates":[-87.7366,41.74071]},"properties":{"probability":0.658,"inBuffer":false,"facType":"government"}},{"type":"Feature","geometry":{"type":"Point","coordinates":[-87.73058,41.74075]},"properties":{"probability":0.655,"inBuffer":false,"facType":"government"}},{"type":"Feature","geometry":{"type":"Point","coordinates":[-87.72456,41.74078]},"properties":{"probability":0.693,"inBuffer":false,"facType":"fire"}},{"type":"Feature","geometry":{"type":"Point","coordinates":[-87.71855,41.74082]},"properties":{"probability":0.66,"inBuffer":false,"facType":"fire"}},{"type":"Feature","geometry":{"type":"Point","coordinates":[-87.71254,41.74086]},"properties":{"probability":0.642,"inBuffer":false,"facType":"fire"}},{"type":"Feature","geometry":{"type":"Point","coordinates":[-87.70653,41.74089]},"properties":{"probability":0.641,"inBuffer":false,"facType":"fire"}},{"type":"Feature","geometry":{"type":"Point","coordinates":[-87.70052,41.74093]},"properties":{"probability":0.656,"inBuffer":true,"facType":"fire"}},{"type":"Feature","geometry":{"type":"Point","coordinates":[-87.6945,41.74097]},"properties":{"probability":0.632,"inBuffer":false,"facType":"fire"}},{"type":"Feature","geometry":{"type":"Point","coordinates":[-87.68849,41.741]},"properties":{"probability":0.604,"inBuffer":false,"facType":"fire"}},{"type":"Feature","geometry":{"type":"Point","coordinates":[-87.68248,41.74104]},"properties":{"probability":0.542,"inBuffer":false,"facType":"fire"}},{"type":"Feature","geometry":{"type":"Point","coordinates":[-87.67647,41.74108]},"properties":{"probability":0.569,"inBuffer":false,"facType":"fire"}},{"type":"Feature","geometry":{"type":"Point","coordinates":[-87.67046,41.74111]},"properties":{"probability":0.661,"inBuffer":false,"facType":"fire"}},{"type":"Feature","geometry":{"type":"Point","coordinates":[-87.66444,41.74115]},"properties":{"probability":0.662,"inBuffer":true,"facType":"fire"}},{"type":"Feature","geometry":{"type":"Point","coordinates":[-87.65842,41.74118]},"properties":{"probability":0.667,"inBuffer":true,"facType":"fire"}},{"type":"Feature","geometry":{"type":"Point","coordinates":[-87.65241,41.74121]},"properties":{"probability":0.607,"inBuffer":false,"facType":"fire"}},{"type":"Feature","geometry":{"type":"Point","coordinates":[-87.6464,41.74125]},"properties":{"probability":0.657,"inBuffer":true,"facType":"fire"}},{"type":"Feature","geometry":{"type":"Point","coordinates":[-87.64039,41.74128]},"properties":{"probability":0.686,"inBuffer":true,"facType":"fire"}},{"type":"Feature","geometry":{"type":"Point","coordinates":[-87.63438,41.74132]},"properties":{"probability":0.693,"inBuffer":false,"facType":"substation"}},{"type":"Feature","geometry":{"type":"Point","coordinates":[-87.62836,41.74135]},"properties":{"probability":0.797,"inBuffer":false,"facType":"substation"}},{"type":"Feature","geometry":{"type":"Point","coordinates":[-87.62235,41.74138]},"properties":{"probability":0.724,"inBuffer":false,"facType":"fire"}},{"type":"Feature","geometry":{"type":"Point","coordinates":[-87.61634,41.74141]},"properties":{"probability":0.648,"inBuffer":false,"facType":"fire"}},{"type":"Feature","geometry":{"type":"Point","coordinates":[-87.61033,41.74145]},"properties":{"probability":0.684,"inBuffer":false,"facType":"substation"}},{"type":"Feature","geometry":{"type":"Point","coordinates":[-87.60432,41.74148]},"properties":{"probability":0.682,"inBuffer":false,"facType":"substation"}},{"type":"Feature","geometry":{"type":"Point","coordinates":[-87.5983,41.74151]},"properties":{"probability":0.611,"inBuffer":false,"facType":"substation"}},{"type":"Feature","geometry":{"type":"Point","coordinates":[-87.59229,41.74154]},"properties":{"probability":0.638,"inBuffer":false,"facType":"substation"}},{"type":"Feature","geometry":{"type":"Point","coordinates":[-87.58627,41.74157]},"properties":{"probability":0.692,"inBuffer":false,"facType":"fire"}},{"type":"Feature","geometry":{"type":"Point","coordinates":[-87.58026,41.7416]},"properties":{"probability":0.659,"inBuffer":false,"facType":"fire"}},{"type":"Feature","geometry":{"type":"Point","coordinates":[-87.57425,41.74163]},"properties":{"probability":0.681,"inBuffer":false,"facType":"fire"}},{"type":"Feature","geometry":{"type":"Point","coordinates":[-87.56824,41.74166]},"properties":{"probability":0.668,"inBuffer":false,"facType":"fire"}},{"type":"Feature","geometry":{"type":"Point","coordinates":[-87.56223,41.74169]},"properties":{"probability":0.6,"inBuffer":false,"facType":"substation"}},{"type":"Feature","geometry":{"type":"Point","coordinates":[-87.55621,41.74172]},"properties":{"probability":0.602,"inBuffer":false,"facType":"substation"}},{"type":"Feature","geometry":{"type":"Point","coordinates":[-87.5502,41.74175]},"properties":{"probability":0.598,"inBuffer":false,"facType":"substation"}},{"type":"Feature","geometry":{"type":"Point","coordinates":[-87.54419,41.74178]},"properties":{"probability":0.572,"inBuffer":false,"facType":"substation"}},{"type":"Feature","geometry":{"type":"Point","coordinates":[-87.53817,41.74181]},"properties":{"probability":0.444,"inBuffer":false,"facType":"substation"}},{"type":"Feature","geometry":{"type":"Point","coordinates":[-87.53216,41.74184]},"properties":{"probability":0.174,"inBuffer":false,"facType":"substation"}},{"type":"Feature","geometry":{"type":"Point","coordinates":[-87.52615,41.74186]},"properties":{"probability":0.164,"inBuffer":false,"facType":"substation"}},{"type":"Feature","geometry":{"type":"Point","coordinates":[-87.80267,41.73576]},"properties":{"probability":0.62,"inBuffer":false,"facType":"government"}},{"type":"Feature","geometry":{"type":"Point","coordinates":[-87.79666,41.7358]},"properties":{"probability":0.625,"inBuffer":false,"facType":"government"}},{"type":"Feature","geometry":{"type":"Point","coordinates":[-87.79065,41.73584]},"properties":{"probability":0.555,"inBuffer":false,"facType":"government"}},{"type":"Feature","geometry":{"type":"Point","coordinates":[-87.78464,41.73589]},"properties":{"probability":0.588,"inBuffer":false,"facType":"fire"}},{"type":"Feature","geometry":{"type":"Point","coordinates":[-87.77863,41.73593]},"properties":{"probability":0.581,"inBuffer":false,"facType":"fire"}},{"type":"Feature","geometry":{"type":"Point","coordinates":[-87.77261,41.73597]},"properties":{"probability":0.574,"inBuffer":true,"facType":"fire"}},{"type":"Feature","geometry":{"type":"Point","coordinates":[-87.7666,41.73601]},"properties":{"probability":0.587,"inBuffer":true,"facType":"fire"}},{"type":"Feature","geometry":{"type":"Point","coordinates":[-87.76059,41.73605]},"properties":{"probability":0.578,"inBuffer":true,"facType":"substation"}},{"type":"Feature","geometry":{"type":"Point","coordinates":[-87.75458,41.73609]},"properties":{"probability":0.586,"inBuffer":false,"facType":"substation"}},{"type":"Feature","geometry":{"type":"Point","coordinates":[-87.74857,41.73613]},"properties":{"probability":0.645,"inBuffer":false,"facType":"substation"}},{"type":"Feature","geometry":{"type":"Point","coordinates":[-87.74255,41.73616]},"properties":{"probability":0.687,"inBuffer":false,"facType":"government"}},{"type":"Feature","geometry":{"type":"Point","coordinates":[-87.73654,41.7362]},"properties":{"probability":0.669,"inBuffer":false,"facType":"government"}},{"type":"Feature","geometry":{"type":"Point","coordinates":[-87.73053,41.73624]},"properties":{"probability":0.621,"inBuffer":false,"facType":"government"}},{"type":"Feature","geometry":{"type":"Point","coordinates":[-87.72452,41.73628]},"properties":{"probability":0.693,"inBuffer":false,"facType":"government"}},{"type":"Feature","geometry":{"type":"Point","coordinates":[-87.71851,41.73632]},"properties":{"probability":0.655,"inBuffer":false,"facType":"fire"}},{"type":"Feature","geometry":{"type":"Point","coordinates":[-87.71249,41.73635]},"properties":{"probability":0.579,"inBuffer":false,"facType":"fire"}},{"type":"Feature","geometry":{"type":"Point","coordinates":[-87.70648,41.73639]},"properties":{"probability":0.625,"inBuffer":false,"facType":"water_works"}},{"type":"Feature","geometry":{"type":"Point","coordinates":[-87.70047,41.73643]},"properties":{"probability":0.662,"inBuffer":true,"facType":"water_works"}},{"type":"Feature","geometry":{"type":"Point","coordinates":[-87.69446,41.73647]},"properties":{"probability":0.632,"inBuffer":false,"facType":"water_works"}},{"type":"Feature","geometry":{"type":"Point","coordinates":[-87.68845,41.7365]},"properties":{"probability":0.578,"inBuffer":false,"facType":"water_works"}},{"type":"Feature","geometry":{"type":"Point","coordinates":[-87.68243,41.73654]},"properties":{"probability":0.519,"inBuffer":false,"facType":"water_works"}},{"type":"Feature","geometry":{"type":"Point","coordinates":[-87.67642,41.73657]},"properties":{"probability":0.548,"inBuffer":false,"facType":"fire"}},{"type":"Feature","geometry":{"type":"Point","coordinates":[-87.67041,41.73661]},"properties":{"probability":0.66,"inBuffer":false,"facType":"fire"}},{"type":"Feature","geometry":{"type":"Point","coordinates":[-87.6644,41.73664]},"properties":{"probability":0.689,"inBuffer":false,"facType":"fire"}},{"type":"Feature","geometry":{"type":"Point","coordinates":[-87.65838,41.73668]},"properties":{"probability":0.682,"inBuffer":false,"facType":"fire"}},{"type":"Feature","geometry":{"type":"Point","coordinates":[-87.65237,41.73671]},"properties":{"probability":0.665,"inBuffer":false,"facType":"fire"}},{"type":"Feature","geometry":{"type":"Point","coordinates":[-87.64635,41.73675]},"properties":{"probability":0.667,"inBuffer":true,"facType":"fire"}},{"type":"Feature","geometry":{"type":"Point","coordinates":[-87.64034,41.73678]},"properties":{"probability":0.662,"inBuffer":true,"facType":"fire"}},{"type":"Feature","geometry":{"type":"Point","coordinates":[-87.63433,41.73681]},"properties":{"probability":0.683,"inBuffer":true,"facType":"fire"}},{"type":"Feature","geometry":{"type":"Point","coordinates":[-87.62832,41.73685]},"properties":{"probability":0.796,"inBuffer":false,"facType":"fire"}},{"type":"Feature","geometry":{"type":"Point","coordinates":[-87.62231,41.73688]},"properties":{"probability":0.725,"inBuffer":false,"facType":"fire"}},{"type":"Feature","geometry":{"type":"Point","coordinates":[-87.61629,41.73691]},"properties":{"probability":0.657,"inBuffer":false,"facType":"substation"}},{"type":"Feature","geometry":{"type":"Point","coordinates":[-87.61028,41.73694]},"properties":{"probability":0.692,"inBuffer":false,"facType":"substation"}},{"type":"Feature","geometry":{"type":"Point","coordinates":[-87.60427,41.73698]},"properties":{"probability":0.696,"inBuffer":false,"facType":"substation"}},{"type":"Feature","geometry":{"type":"Point","coordinates":[-87.59826,41.73701]},"properties":{"probability":0.604,"inBuffer":false,"facType":"substation"}},{"type":"Feature","geometry":{"type":"Point","coordinates":[-87.59225,41.73704]},"properties":{"probability":0.658,"inBuffer":false,"facType":"substation"}},{"type":"Feature","geometry":{"type":"Point","coordinates":[-87.58624,41.73707]},"properties":{"probability":0.677,"inBuffer":false,"facType":"substation"}},{"type":"Feature","geometry":{"type":"Point","coordinates":[-87.58022,41.7371]},"properties":{"probability":0.674,"inBuffer":false,"facType":"fire"}},{"type":"Feature","geometry":{"type":"Point","coordinates":[-87.57421,41.73713]},"properties":{"probability":0.669,"inBuffer":false,"facType":"fire"}},{"type":"Feature","geometry":{"type":"Point","coordinates":[-87.5682,41.73716]},"properties":{"probability":0.681,"inBuffer":false,"facType":"fire"}},{"type":"Feature","geometry":{"type":"Point","coordinates":[-87.56219,41.73719]},"properties":{"probability":0.637,"inBuffer":false,"facType":"substation"}},{"type":"Feature","geometry":{"type":"Point","coordinates":[-87.55618,41.73722]},"properties":{"probability":0.624,"inBuffer":false,"facType":"substation"}},{"type":"Feature","geometry":{"type":"Point","coordinates":[-87.55016,41.73725]},"properties":{"probability":0.636,"inBuffer":false,"facType":"substation"}},{"type":"Feature","geometry":{"type":"Point","coordinates":[-87.54415,41.73727]},"properties":{"probability":0.572,"inBuffer":false,"facType":"substation"}},{"type":"Feature","geometry":{"type":"Point","coordinates":[-87.53813,41.7373]},"properties":{"probability":0.53,"inBuffer":false,"facType":"substation"}},{"type":"Feature","geometry":{"type":"Point","coordinates":[-87.53212,41.73733]},"properties":{"probability":0.23,"inBuffer":false,"facType":"substation"}},{"type":"Feature","geometry":{"type":"Point","coordinates":[-87.52611,41.73736]},"properties":{"probability":0.163,"inBuffer":false,"facType":"substation"}},{"type":"Feature","geometry":{"type":"Point","coordinates":[-87.51408,41.73742]},"properties":{"probability":0.154,"inBuffer":false,"facType":"substation"}},{"type":"Feature","geometry":{"type":"Point","coordinates":[-87.80262,41.73126]},"properties":{"probability":0.66,"inBuffer":false,"facType":"government"}},{"type":"Feature","geometry":{"type":"Point","coordinates":[-87.79661,41.7313]},"properties":{"probability":0.621,"inBuffer":false,"facType":"government"}},{"type":"Feature","geometry":{"type":"Point","coordinates":[-87.7906,41.73134]},"properties":{"probability":0.453,"inBuffer":false,"facType":"government"}},{"type":"Feature","geometry":{"type":"Point","coordinates":[-87.78458,41.73138]},"properties":{"probability":0.564,"inBuffer":false,"facType":"fire"}},{"type":"Feature","geometry":{"type":"Point","coordinates":[-87.77857,41.73142]},"properties":{"probability":0.587,"inBuffer":false,"facType":"fire"}},{"type":"Feature","geometry":{"type":"Point","coordinates":[-87.77256,41.73146]},"properties":{"probability":0.561,"inBuffer":false,"facType":"fire"}},{"type":"Feature","geometry":{"type":"Point","coordinates":[-87.76655,41.7315]},"properties":{"probability":0.592,"inBuffer":true,"facType":"substation"}},{"type":"Feature","geometry":{"type":"Point","coordinates":[-87.76054,41.73154]},"properties":{"probability":0.566,"inBuffer":false,"facType":"substation"}},{"type":"Feature","geometry":{"type":"Point","coordinates":[-87.75452,41.73158]},"properties":{"probability":0.542,"inBuffer":false,"facType":"substation"}},{"type":"Feature","geometry":{"type":"Point","coordinates":[-87.74851,41.73162]},"properties":{"probability":0.621,"inBuffer":false,"facType":"substation"}},{"type":"Feature","geometry":{"type":"Point","coordinates":[-87.7425,41.73166]},"properties":{"probability":0.7,"inBuffer":false,"facType":"government"}},{"type":"Feature","geometry":{"type":"Point","coordinates":[-87.73649,41.7317]},"properties":{"probability":0.64,"inBuffer":false,"facType":"government"}},{"type":"Feature","geometry":{"type":"Point","coordinates":[-87.73048,41.73174]},"properties":{"probability":0.588,"inBuffer":false,"facType":"government"}},{"type":"Feature","geometry":{"type":"Point","coordinates":[-87.72446,41.73178]},"properties":{"probability":0.621,"inBuffer":false,"facType":"fire"}},{"type":"Feature","geometry":{"type":"Point","coordinates":[-87.71845,41.73182]},"properties":{"probability":0.571,"inBuffer":false,"facType":"fire"}},{"type":"Feature","geometry":{"type":"Point","coordinates":[-87.71244,41.73185]},"properties":{"probability":0.464,"inBuffer":false,"facType":"fire"}},{"type":"Feature","geometry":{"type":"Point","coordinates":[-87.70643,41.73189]},"properties":{"probability":0.599,"inBuffer":true,"facType":"fire"}},{"type":"Feature","geometry":{"type":"Point","coordinates":[-87.70042,41.73193]},"properties":{"probability":0.606,"inBuffer":true,"facType":"water_works"}},{"type":"Feature","geometry":{"type":"Point","coordinates":[-87.6944,41.73196]},"properties":{"probability":0.57,"inBuffer":true,"facType":"water_works"}},{"type":"Feature","geometry":{"type":"Point","coordinates":[-87.68839,41.732]},"properties":{"probability":0.559,"inBuffer":false,"facType":"water_works"}},{"type":"Feature","geometry":{"type":"Point","coordinates":[-87.68238,41.73204]},"properties":{"probability":0.549,"inBuffer":false,"facType":"water_works"}},{"type":"Feature","geometry":{"type":"Point","coordinates":[-87.67637,41.73207]},"properties":{"probability":0.533,"inBuffer":false,"facType":"fire"}},{"type":"Feature","geometry":{"type":"Point","coordinates":[-87.67036,41.73211]},"properties":{"probability":0.613,"inBuffer":false,"facType":"fire"}},{"type":"Feature","geometry":{"type":"Point","coordinates":[-87.66434,41.73214]},"properties":{"probability":0.697,"inBuffer":false,"facType":"fire"}},{"type":"Feature","geometry":{"type":"Point","coordinates":[-87.65833,41.73217]},"properties":{"probability":0.691,"inBuffer":false,"facType":"fire"}},{"type":"Feature","geometry":{"type":"Point","coordinates":[-87.65232,41.73221]},"properties":{"probability":0.638,"inBuffer":false,"facType":"fire"}},{"type":"Feature","geometry":{"type":"Point","coordinates":[-87.64631,41.73224]},"properties":{"probability":0.649,"inBuffer":true,"facType":"fire"}},{"type":"Feature","geometry":{"type":"Point","coordinates":[-87.6403,41.73228]},"properties":{"probability":0.62,"inBuffer":true,"facType":"fire"}},{"type":"Feature","geometry":{"type":"Point","coordinates":[-87.63429,41.73231]},"properties":{"probability":0.594,"inBuffer":false,"facType":"fire"}},{"type":"Feature","geometry":{"type":"Point","coordinates":[-87.62828,41.73234]},"properties":{"probability":0.675,"inBuffer":false,"facType":"fire"}},{"type":"Feature","geometry":{"type":"Point","coordinates":[-87.62227,41.73238]},"properties":{"probability":0.664,"inBuffer":false,"facType":"fire"}},{"type":"Feature","geometry":{"type":"Point","coordinates":[-87.61626,41.73241]},"properties":{"probability":0.602,"inBuffer":false,"facType":"substation"}},{"type":"Feature","geometry":{"type":"Point","coordinates":[-87.61024,41.73244]},"properties":{"probability":0.608,"inBuffer":false,"facType":"substation"}},{"type":"Feature","geometry":{"type":"Point","coordinates":[-87.60423,41.73247]},"properties":{"probability":0.638,"inBuffer":false,"facType":"substation"}},{"type":"Feature","geometry":{"type":"Point","coordinates":[-87.59822,41.7325]},"properties":{"probability":0.589,"inBuffer":false,"facType":"substation"}},{"type":"Feature","geometry":{"type":"Point","coordinates":[-87.59221,41.73254]},"properties":{"probability":0.599,"inBuffer":false,"facType":"substation"}},{"type":"Feature","geometry":{"type":"Point","coordinates":[-87.5862,41.73257]},"properties":{"probability":0.692,"inBuffer":false,"facType":"substation"}},{"type":"Feature","geometry":{"type":"Point","coordinates":[-87.58018,41.7326]},"properties":{"probability":0.674,"inBuffer":false,"facType":"substation"}},{"type":"Feature","geometry":{"type":"Point","coordinates":[-87.57417,41.73263]},"properties":{"probability":0.647,"inBuffer":false,"facType":"fire"}},{"type":"Feature","geometry":{"type":"Point","coordinates":[-87.56816,41.73265]},"properties":{"probability":0.657,"inBuffer":false,"facType":"substation"}},{"type":"Feature","geometry":{"type":"Point","coordinates":[-87.56215,41.73269]},"properties":{"probability":0.649,"inBuffer":false,"facType":"substation"}},{"type":"Feature","geometry":{"type":"Point","coordinates":[-87.55614,41.73272]},"properties":{"probability":0.69,"inBuffer":false,"facType":"substation"}},{"type":"Feature","geometry":{"type":"Point","coordinates":[-87.55013,41.73274]},"properties":{"probability":0.693,"inBuffer":false,"facType":"substation"}},{"type":"Feature","geometry":{"type":"Point","coordinates":[-87.54411,41.73277]},"properties":{"probability":0.647,"inBuffer":false,"facType":"substation"}},{"type":"Feature","geometry":{"type":"Point","coordinates":[-87.5381,41.7328]},"properties":{"probability":0.576,"inBuffer":false,"facType":"substation"}},{"type":"Feature","geometry":{"type":"Point","coordinates":[-87.53209,41.73283]},"properties":{"probability":0.197,"inBuffer":false,"facType":"substation"}},{"type":"Feature","geometry":{"type":"Point","coordinates":[-87.52608,41.73286]},"properties":{"probability":0.163,"inBuffer":false,"facType":"substation"}},{"type":"Feature","geometry":{"type":"Point","coordinates":[-87.56812,41.72815]},"properties":{"probability":0.657,"inBuffer":false,"facType":"substation"}},{"type":"Feature","geometry":{"type":"Point","coordinates":[-87.5621,41.72818]},"properties":{"probability":0.639,"inBuffer":false,"facType":"substation"}},{"type":"Feature","geometry":{"type":"Point","coordinates":[-87.55609,41.72821]},"properties":{"probability":0.677,"inBuffer":false,"facType":"substation"}},{"type":"Feature","geometry":{"type":"Point","coordinates":[-87.55009,41.72824]},"properties":{"probability":0.715,"inBuffer":false,"facType":"substation"}},{"type":"Feature","geometry":{"type":"Point","coordinates":[-87.54408,41.72827]},"properties":{"probability":0.693,"inBuffer":false,"facType":"substation"}},{"type":"Feature","geometry":{"type":"Point","coordinates":[-87.53806,41.7283]},"properties":{"probability":0.587,"inBuffer":false,"facType":"substation"}},{"type":"Feature","geometry":{"type":"Point","coordinates":[-87.53205,41.72832]},"properties":{"probability":0.278,"inBuffer":false,"facType":"substation"}},{"type":"Feature","geometry":{"type":"Point","coordinates":[-87.52604,41.72835]},"properties":{"probability":0.234,"inBuffer":false,"facType":"substation"}},{"type":"Feature","geometry":{"type":"Point","coordinates":[-87.52003,41.72838]},"properties":{"probability":0.16,"inBuffer":false,"facType":"substation"}}]}