{"type":"FeatureCollection","features":[{"type":"Feature","geometry":{"type":"Point","coordinates":[-71.2366,42.5093]},"properties":{"probability":0.699,"inBuffer":false,"facType":"fire"}},{"type":"Feature","geometry":{"type":"Point","coordinates":[-71.23052,42.50942]},"properties":{"probability":0.689,"inBuffer":false,"facType":"fire"}},{"type":"Feature","geometry":{"type":"Point","coordinates":[-71.22444,42.50954]},"properties":{"probability":0.312,"inBuffer":false,"facType":"fire"}},{"type":"Feature","geometry":{"type":"Point","coordinates":[-71.21836,42.50965]},"properties":{"probability":0.307,"inBuffer":false,"facType":"fire"}},{"type":"Feature","geometry":{"type":"Point","coordinates":[-71.21228,42.50977]},"properties":{"probability":0.38,"inBuffer":false,"facType":"fire"}},{"type":"Feature","geometry":{"type":"Point","coordinates":[-71.2062,42.50989]},"properties":{"probability":0.506,"inBuffer":false,"facType":"fire"}},{"type":"Feature","geometry":{"type":"Point","coordinates":[-71.20011,42.51001]},"properties":{"probability":0.62,"inBuffer":true,"facType":"fire"}},{"type":"Feature","geometry":{"type":"Point","coordinates":[-71.19403,42.51012]},"properties":{"probability":0.499,"inBuffer":true,"facType":"fire"}},{"type":"Feature","geometry":{"type":"Point","coordinates":[-71.18795,42.51024]},"properties":{"probability":0.419,"inBuffer":true,"facType":"police"}},{"type":"Feature","geometry":{"type":"Point","coordinates":[-71.16971,42.51059]},"properties":{"probability":0.284,"inBuffer":false,"facType":"government"}},{"type":"Feature","geometry":{"type":"Point","coordinates":[-71.16362,42.5107]},"properties":{"probability":0.518,"inBuffer":false,"facType":"government"}},{"type":"Feature","geometry":{"type":"Point","coordinates":[-71.15754,42.51082]},"properties":{"probability":0.49,"inBuffer":false,"facType":"government"}},{"type":"Feature","geometry":{"type":"Point","coordinates":[-71.15146,42.51093]},"properties":{"probability":0.552,"inBuffer":false,"facType":"government"}},{"type":"Feature","geometry":{"type":"Point","coordinates":[-71.14538,42.51105]},"properties":{"probability":0.694,"inBuffer":false,"facType":"government"}},{"type":"Feature","geometry":{"type":"Point","coordinates":[-71.1393,42.51116]},"properties":{"probability":0.727,"inBuffer":false,"facType":"government"}},{"type":"Feature","geometry":{"type":"Point","coordinates":[-71.13322,42.51127]},"properties":{"probability":0.73,"inBuffer":false,"facType":"government"}},{"type":"Feature","geometry":{"type":"Point","coordinates":[-71.12713,42.51139]},"properties":{"probability":0.658,"inBuffer":false,"facType":"substation"}},{"type":"Feature","geometry":{"type":"Point","coordinates":[-71.12105,42.5115]},"properties":{"probability":0.506,"inBuffer":false,"facType":"substation"}},{"type":"Feature","geometry":{"type":"Point","coordinates":[-71.11497,42.51161]},"properties":{"probability":0.401,"inBuffer":false,"facType":"substation"}},{"type":"Feature","geometry":{"type":"Point","coordinates":[-71.10889,42.51173]},"properties":{"probability":0.389,"inBuffer":false,"facType":"substation"}},{"type":"Feature","geometry":{"type":"Point","coordinates":[-71.10281,42.51184]},"properties":{"probability":0.436,"inBuffer":false,"facType":"substation"}},{"type":"Feature","geometry":{"type":"Point","coordinates":[-71.09672,42.51195]},"properties":{"probability":0.506,"inBuffer":false,"facType":"government"}},{"type":"Feature","geometry":{"type":"Point","coordinates":[-71.09064,42.51206]},"properties":{"probability":0.586,"inBuffer":false,"facType":"government"}},{"type":"Feature","geometry":{"type":"Point","coordinates":[-71.23644,42.5048]},"properties":{"probability":0.7,"inBuffer":false,"facType":"fire"}},{"type":"Feature","geometry":{"type":"Point","coordinates":[-71.23036,42.50492]},"properties":{"probability":0.638,"inBuffer":false,"facType":"fire"}},{"type":"Feature","geometry":{"type":"Point","coordinates":[-71.22428,42.50504]},"properties":{"probability":0.38,"inBuffer":false,"facType":"fire"}},{"type":"Feature","geometry":{"type":"Point","coordinates":[-71.2182,42.50516]},"properties":{"probability":0.395,"inBuffer":false,"facType":"fire"}},{"type":"Feature","geometry":{"type":"Point","coordinates":[-71.21212,42.50528]},"properties":{"probability":0.311,"inBuffer":false,"facType":"fire"}},{"type":"Feature","geometry":{"type":"Point","coordinates":[-71.20604,42.50539]},"properties":{"probability":0.381,"inBuffer":false,"facType":"fire"}},{"type":"Feature","geometry":{"type":"Point","coordinates":[-71.19996,42.50551]},"properties":{"probability":0.62,"inBuffer":true,"facType":"fire"}},{"type":"Feature","geometry":{"type":"Point","coordinates":[-71.19388,42.50563]},"properties":{"probability":0.623,"inBuffer":true,"facType":"government"}},{"type":"Feature","geometry":{"type":"Point","coordinates":[-71.1878,42.50574]},"properties":{"probability":0.52,"inBuffer":true,"facType":"police"}},{"type":"Feature","geometry":{"type":"Point","coordinates":[-71.18171,42.50586]},"properties":{"probability":0.338,"inBuffer":false,"facType":"police"}},{"type":"Feature","geometry":{"type":"Point","coordinates":[-71.17563,42.50597]},"properties":{"probability":0.329,"inBuffer":false,"facType":"government"}},{"type":"Feature","geometry":{"type":"Point","coordinates":[-71.16955,42.50609]},"properties":{"probability":0.394,"inBuffer":false,"facType":"government"}},{"type":"Feature","geometry":{"type":"Point","coordinates":[-71.16347,42.5062]},"properties":{"probability":0.594,"inBuffer":false,"facType":"government"}},{"type":"Feature","geometry":{"type":"Point","coordinates":[-71.15739,42.50632]},"properties":{"probability":0.598,"inBuffer":false,"facType":"government"}},{"type":"Feature","geometry":{"type":"Point","coordinates":[-71.15131,42.50643]},"properties":{"probability":0.551,"inBuffer":false,"facType":"fire"}},{"type":"Feature","geometry":{"type":"Point","coordinates":[-71.14523,42.50655]},"properties":{"probability":0.708,"inBuffer":false,"facType":"government"}},{"type":"Feature","geometry":{"type":"Point","coordinates":[-71.13914,42.50666]},"properties":{"probability":0.761,"inBuffer":false,"facType":"government"}},{"type":"Feature","geometry":{"type":"Point","coordinates":[-71.13306,42.50677]},"properties":{"probability":0.809,"inBuffer":false,"facType":"government"}},{"type":"Feature","geometry":{"type":"Point","coordinates":[-71.12698,42.50689]},"properties":{"probability":0.805,"inBuffer":false,"facType":"substation"}},{"type":"Feature","geometry":{"type":"Point","coordinates":[-71.1209,42.507]},"properties":{"probability":0.674,"inBuffer":false,"facType":"substation"}},{"type":"Feature","geometry":{"type":"Point","coordinates":[-71.11481,42.50711]},"properties":{"probability":0.539,"inBuffer":false,"facType":"substation"}},{"type":"Feature","geometry":{"type":"Point","coordinates":[-71.10873,42.50723]},"properties":{"probability":0.485,"inBuffer":false,"facType":"substation"}},{"type":"Feature","geometry":{"type":"Point","coordinates":[-71.10265,42.50734]},"properties":{"probability":0.624,"inBuffer":false,"facType":"substation"}},{"type":"Feature","geometry":{"type":"Point","coordinates":[-71.09657,42.50745]},"properties":{"probability":0.623,"inBuffer":false,"facType":"substation"}},{"type":"Feature","geometry":{"type":"Point","coordinates":[-71.09048,42.50756]},"properties":{"probability":0.395,"inBuffer":false,"facType":"government"}},{"type":"Feature","geometry":{"type":"Point","coordinates":[-71.0844,42.50767]},"properties":{"probability":0.548,"inBuffer":false,"facType":"government"}},{"type":"Feature","geometry":{"type":"Point","coordinates":[-71.07832,42.50778]},"properties":{"probability":0.647,"inBuffer":false,"facType":"government"}},{"type":"Feature","geometry":{"type":"Point","coordinates":[-71.07224,42.50789]},"properties":{"probability":0.677,"inBuffer":true,"facType":"government"}},{"type":"Feature","geometry":{"type":"Point","coordinates":[-71.06616,42.508]},"properties":{"probability":0.721,"inBuffer":true,"facType":"police"}},{"type":"Feature","geometry":{"type":"Point","coordinates":[-71.06008,42.50811]},"properties":{"probability":0.638,"inBuffer":false,"facType":"fire"}},{"type":"Feature","geometry":{"type":"Point","coordinates":[-71.05399,42.50822]},"properties":{"probability":0.386,"inBuffer":false,"facType":"substation"}},{"type":"Feature","geometry":{"type":"Point","coordinates":[-71.04791,42.50833]},"properties":{"probability":0.39,"inBuffer":false,"facType":"substation"}},{"type":"Feature","geometry":{"type":"Point","coordinates":[-71.04183,42.50844]},"properties":{"probability":0.62,"inBuffer":false,"facType":"substation"}},{"type":"Feature","geometry":{"type":"Point","coordinates":[-71.03575,42.50854]},"properties":{"probability":0.679,"inBuffer":false,"facType":"substation"}},{"type":"Feature","geometry":{"type":"Point","coordinates":[-71.02967,42.50865]},"properties":{"probability":0.648,"inBuffer":false,"facType":"substation"}},{"type":"Feature","geometry":{"type":"Point","coordinates":[-71.02358,42.50876]},"properties":{"probability":0.331,"inBuffer":false,"facType":"substation"}},{"type":"Feature","geometry":{"type":"Point","coordinates":[-71.0175,42.50887]},"properties":{"probability":0.548,"inBuffer":false,"facType":"substation"}},{"type":"Feature","geometry":{"type":"Point","coordinates":[-71.01142,42.50898]},"properties":{"probability":0.702,"inBuffer":false,"facType":"substation"}},{"type":"Feature","geometry":{"type":"Point","coordinates":[-71.00534,42.50908]},"properties":{"probability":0.683,"inBuffer":false,"facType":"substation"}},{"type":"Feature","geometry":{"type":"Point","coordinates":[-70.99925,42.50919]},"properties":{"probability":0.356,"inBuffer":false,"facType":"substation"}},{"type":"Feature","geometry":{"type":"Point","coordinates":[-70.99317,42.50929]},"properties":{"probability":0.38,"inBuffer":false,"facType":"fire"}},{"type":"Feature","geometry":{"type":"Point","coordinates":[-70.98709,42.5094]},"properties":{"probability":0.44,"inBuffer":true,"facType":"fire"}},{"type":"Feature","geometry":{"type":"Point","coordinates":[-70.98101,42.50951]},"properties":{"probability":0.37,"inBuffer":true,"facType":"fire"}},{"type":"Feature","geometry":{"type":"Point","coordinates":[-70.97492,42.50961]},"properties":{"probability":0.376,"inBuffer":true,"facType":"substation"}},{"type":"Feature","geometry":{"type":"Point","coordinates":[-70.96884,42.50972]},"properties":{"probability":0.388,"inBuffer":false,"facType":"substation"}},{"type":"Feature","geometry":{"type":"Point","coordinates":[-70.96276,42.50982]},"properties":{"probability":0.379,"inBuffer":false,"facType":"substation"}},{"type":"Feature","geometry":{"type":"Point","coordinates":[-70.95668,42.50992]},"properties":{"probability":0.429,"inBuffer":false,"facType":"water_works"}},{"type":"Feature","geometry":{"type":"Point","coordinates":[-70.95059,42.51003]},"properties":{"probability":0.545,"inBuffer":false,"facType":"water_works"}},{"type":"Feature","geometry":{"type":"Point","coordinates":[-70.94451,42.51013]},"properties":{"probability":0.437,"inBuffer":false,"facType":"water_works"}},{"type":"Feature","geometry":{"type":"Point","coordinates":[-70.93843,42.51023]},"properties":{"probability":0.393,"inBuffer":false,"facType":"water_works"}},{"type":"Feature","geometry":{"type":"Point","coordinates":[-70.93235,42.51033]},"properties":{"probability":0.275,"inBuffer":false,"facType":"substation"}},{"type":"Feature","geometry":{"type":"Point","coordinates":[-70.92626,42.51044]},"properties":{"probability":0.372,"inBuffer":false,"facType":"substation"}},{"type":"Feature","geometry":{"type":"Point","coordinates":[-70.92018,42.51054]},"properties":{"probability":0.345,"inBuffer":false,"facType":"substation"}},{"type":"Feature","geometry":{"type":"Point","coordinates":[-70.9141,42.51064]},"properties":{"probability":0.53,"inBuffer":true,"facType":"hospital"}},{"type":"Feature","geometry":{"type":"Point","coordinates":[-70.90801,42.51074]},"properties":{"probability":0.691,"inBuffer":true,"facType":"hospital"}},{"type":"Feature","geometry":{"type":"Point","coordinates":[-70.90193,42.51085]},"properties":{"probability":0.681,"inBuffer":true,"facType":"hospital"}},{"type":"Feature","geometry":{"type":"Point","coordinates":[-70.89585,42.51094]},"properties":{"probability":0.658,"inBuffer":false,"facType":"hospital"}},{"type":"Feature","geometry":{"type":"Point","coordinates":[-70.88977,42.51105]},"properties":{"probability":0.533,"inBuffer":false,"facType":"fire"}},{"type":"Feature","geometry":{"type":"Point","coordinates":[-70.88368,42.51115]},"properties":{"probability":0.496,"inBuffer":false,"facType":"fire"}},{"type":"Feature","geometry":{"type":"Point","coordinates":[-71.23628,42.5003]},"properties":{"probability":0.677,"inBuffer":false,"facType":"fire"}},{"type":"Feature","geometry":{"type":"Point","coordinates":[-71.2302,42.50042]},"properties":{"probability":0.635,"inBuffer":true,"facType":"fire"}},{"type":"Feature","geometry":{"type":"Point","coordinates":[-71.22412,42.50054]},"properties":{"probability":0.408,"inBuffer":true,"facType":"fire"}},{"type":"Feature","geometry":{"type":"Point","coordinates":[-71.21804,42.50066]},"properties":{"probability":0.386,"inBuffer":false,"facType":"fire"}},{"type":"Feature","geometry":{"type":"Point","coordinates":[-71.21196,42.50077]},"properties":{"probability":0.373,"inBuffer":false,"facType":"fire"}},{"type":"Feature","geometry":{"type":"Point","coordinates":[-71.20588,42.50089]},"properties":{"probability":0.358,"inBuffer":false,"facType":"fire"}},{"type":"Feature","geometry":{"type":"Point","coordinates":[-71.1998,42.50101]},"properties":{"probability":0.571,"inBuffer":false,"facType":"government"}},{"type":"Feature","geometry":{"type":"Point","coordinates":[-71.19372,42.50113]},"properties":{"probability":0.647,"inBuffer":true,"facType":"police"}},{"type":"Feature","geometry":{"type":"Point","coordinates":[-71.18764,42.50124]},"properties":{"probability":0.582,"inBuffer":true,"facType":"police"}},{"type":"Feature","geometry":{"type":"Point","coordinates":[-71.18156,42.50136]},"properties":{"probability":0.54,"inBuffer":false,"facType":"police"}},{"type":"Feature","geometry":{"type":"Point","coordinates":[-71.17548,42.50147]},"properties":{"probability":0.455,"inBuffer":false,"facType":"government"}},{"type":"Feature","geometry":{"type":"Point","coordinates":[-71.1694,42.50159]},"properties":{"probability":0.591,"inBuffer":false,"facType":"government"}},{"type":"Feature","geometry":{"type":"Point","coordinates":[-71.16331,42.50171]},"properties":{"probability":0.68,"inBuffer":false,"facType":"government"}},{"type":"Feature","geometry":{"type":"Point","coordinates":[-71.15723,42.50182]},"properties":{"probability":0.646,"inBuffer":true,"facType":"government"}},{"type":"Feature","geometry":{"type":"Point","coordinates":[-71.15115,42.50193]},"properties":{"probability":0.578,"inBuffer":true,"facType":"fire"}},{"type":"Feature","geometry":{"type":"Point","coordinates":[-71.14507,42.50205]},"properties":{"probability":0.658,"inBuffer":false,"facType":"government"}},{"type":"Feature","geometry":{"type":"Point","coordinates":[-71.13899,42.50216]},"properties":{"probability":0.765,"inBuffer":false,"facType":"government"}},{"type":"Feature","geometry":{"type":"Point","coordinates":[-71.1329,42.50227]},"properties":{"probability":0.81,"inBuffer":false,"facType":"government"}},{"type":"Feature","geometry":{"type":"Point","coordinates":[-71.12682,42.50239]},"properties":{"probability":0.81,"inBuffer":false,"facType":"substation"}},{"type":"Feature","geometry":{"type":"Point","coordinates":[-71.12074,42.5025]},"properties":{"probability":0.748,"inBuffer":false,"facType":"substation"}},{"type":"Feature","geometry":{"type":"Point","coordinates":[-71.11466,42.50261]},"properties":{"probability":0.61,"inBuffer":false,"facType":"substation"}},{"type":"Feature","geometry":{"type":"Point","coordinates":[-71.10858,42.50272]},"properties":{"probability":0.552,"inBuffer":false,"facType":"substation"}},{"type":"Feature","geometry":{"type":"Point","coordinates":[-71.1025,42.50284]},"properties":{"probability":0.654,"inBuffer":false,"facType":"substation"}},{"type":"Feature","geometry":{"type":"Point","coordinates":[-71.09642,42.50295]},"properties":{"probability":0.645,"inBuffer":false,"facType":"substation"}},{"type":"Feature","geometry":{"type":"Point","coordinates":[-71.09034,42.50306]},"properties":{"probability":0.442,"inBuffer":false,"facType":"substation"}},{"type":"Feature","geometry":{"type":"Point","coordinates":[-71.08426,42.50317]},"properties":{"probability":0.576,"inBuffer":false,"facType":"substation"}},{"type":"Feature","geometry":{"type":"Point","coordinates":[-71.07818,42.50328]},"properties":{"probability":0.724,"inBuffer":true,"facType":"substation"}},{"type":"Feature","geometry":{"type":"Point","coordinates":[-71.07209,42.50339]},"properties":{"probability":0.75,"inBuffer":true,"facType":"police"}},{"type":"Feature","geometry":{"type":"Point","coordinates":[-71.06601,42.5035]},"properties":{"probability":0.741,"inBuffer":true,"facType":"fire"}},{"type":"Feature","geometry":{"type":"Point","coordinates":[-71.05993,42.50361]},"properties":{"probability":0.645,"inBuffer":false,"facType":"fire"}},{"type":"Feature","geometry":{"type":"Point","coordinates":[-71.05385,42.50372]},"properties":{"probability":0.408,"inBuffer":false,"facType":"substation"}},{"type":"Feature","geometry":{"type":"Point","coordinates":[-71.04777,42.50383]},"properties":{"probability":0.4,"inBuffer":false,"facType":"substation"}},{"type":"Feature","geometry":{"type":"Point","coordinates":[-71.04169,42.50394]},"properties":{"probability":0.339,"inBuffer":false,"facType":"substation"}},{"type":"Feature","geometry":{"type":"Point","coordinates":[-71.03561,42.50404]},"properties":{"probability":0.384,"inBuffer":false,"facType":"substation"}},{"type":"Feature","geometry":{"type":"Point","coordinates":[-71.02952,42.50415]},"properties":{"probability":0.368,"inBuffer":false,"facType":"substation"}},{"type":"Feature","geometry":{"type":"Point","coordinates":[-71.02344,42.50426]},"properties":{"probability":0.33,"inBuffer":false,"facType":"substation"}},{"type":"Feature","geometry":{"type":"Point","coordinates":[-71.01736,42.50437]},"properties":{"probability":0.5,"inBuffer":false,"facType":"substation"}},{"type":"Feature","geometry":{"type":"Point","coordinates":[-71.01128,42.50447]},"properties":{"probability":0.634,"inBuffer":false,"facType":"substation"}},{"type":"Feature","geometry":{"type":"Point","coordinates":[-71.0052,42.50458]},"properties":{"probability":0.619,"inBuffer":false,"facType":"substation"}},{"type":"Feature","geometry":{"type":"Point","coordinates":[-70.99303,42.5048]},"properties":{"probability":0.374,"inBuffer":false,"facType":"substation"}},{"type":"Feature","geometry":{"type":"Point","coordinates":[-70.98695,42.5049]},"properties":{"probability":0.542,"inBuffer":true,"facType":"substation"}},{"type":"Feature","geometry":{"type":"Point","coordinates":[-70.98087,42.505]},"properties":{"probability":0.505,"inBuffer":true,"facType":"fire"}},{"type":"Feature","geometry":{"type":"Point","coordinates":[-70.97478,42.50511]},"properties":{"probability":0.39,"inBuffer":true,"facType":"substation"}},{"type":"Feature","geometry":{"type":"Point","coordinates":[-70.9687,42.50521]},"properties":{"probability":0.302,"inBuffer":false,"facType":"substation"}},{"type":"Feature","geometry":{"type":"Point","coordinates":[-70.96262,42.50532]},"properties":{"probability":0.345,"inBuffer":false,"facType":"substation"}},{"type":"Feature","geometry":{"type":"Point","coordinates":[-70.95654,42.50542]},"properties":{"probability":0.384,"inBuffer":false,"facType":"water_works"}},{"type":"Feature","geometry":{"type":"Point","coordinates":[-70.95045,42.50553]},"properties":{"probability":0.466,"inBuffer":false,"facType":"water_works"}},{"type":"Feature","geometry":{"type":"Point","coordinates":[-70.94437,42.50563]},"properties":{"probability":0.327,"inBuffer":false,"facType":"water_works"}},{"type":"Feature","geometry":{"type":"Point","coordinates":[-70.93221,42.50584]},"properties":{"probability":0.313,"inBuffer":false,"facType":"substation"}},{"type":"Feature","geometry":{"type":"Point","coordinates":[-70.92612,42.50594]},"properties":{"probability":0.568,"inBuffer":false,"facType":"substation"}},{"type":"Feature","geometry":{"type":"Point","coordinates":[-70.92004,42.50604]},"properties":{"probability":0.618,"inBuffer":false,"facType":"substation"}},{"type":"Feature","geometry":{"type":"Point","coordinates":[-70.91396,42.50614]},"properties":{"probability":0.41,"inBuffer":false,"facType":"hospital"}},{"type":"Feature","geometry":{"type":"Point","coordinates":[-70.90788,42.50624]},"properties":{"probability":0.559,"inBuffer":true,"facType":"hospital"}},{"type":"Feature","geometry":{"type":"Point","coordinates":[-70.90179,42.50634]},"properties":{"probability":0.575,"inBuffer":true,"facType":"hospital"}},{"type":"Feature","geometry":{"type":"Point","coordinates":[-70.89571,42.50645]},"properties":{"probability":0.653,"inBuffer":true,"facType":"fire"}},{"type":"Feature","geometry":{"type":"Point","coordinates":[-70.88963,42.50655]},"properties":{"probability":0.643,"inBuffer":true,"facType":"fire"}},{"type":"Feature","geometry":{"type":"Point","coordinates":[-70.88355,42.50665]},"properties":{"probability":0.376,"inBuffer":false,"facType":"fire"}},{"type":"Feature","geometry":{"type":"Point","coordinates":[-71.23612,42.4958]},"properties":{"probability":0.535,"inBuffer":false,"facType":"fire"}},{"type":"Feature","geometry":{"type":"Point","coordinates":[-71.23004,42.49592]},"properties":{"probability":0.662,"inBuffer":true,"facType":"fire"}},{"type":"Feature","geometry":{"type":"Point","coordinates":[-71.22396,42.49604]},"properties":{"probability":0.544,"inBuffer":true,"facType":"fire"}},{"type":"Feature","geometry":{"type":"Point","coordinates":[-71.21788,42.49616]},"properties":{"probability":0.395,"inBuffer":true,"facType":"fire"}},{"type":"Feature","geometry":{"type":"Point","coordinates":[-71.2118,42.49628]},"properties":{"probability":0.374,"inBuffer":false,"facType":"water_works"}},{"type":"Feature","geometry":{"type":"Point","coordinates":[-71.20572,42.49639]},"properties":{"probability":0.353,"inBuffer":false,"facType":"hospital"}},{"type":"Feature","geometry":{"type":"Point","coordinates":[-71.19964,42.49651]},"properties":{"probability":0.6,"inBuffer":false,"facType":"police"}},{"type":"Feature","geometry":{"type":"Point","coordinates":[-71.19356,42.49663]},"properties":{"probability":0.655,"inBuffer":false,"facType":"police"}},{"type":"Feature","geometry":{"type":"Point","coordinates":[-71.18748,42.49674]},"properties":{"probability":0.623,"inBuffer":false,"facType":"police"}},{"type":"Feature","geometry":{"type":"Point","coordinates":[-71.1814,42.49686]},"properties":{"probability":0.572,"inBuffer":false,"facType":"police"}},{"type":"Feature","geometry":{"type":"Point","coordinates":[-71.17532,42.49697]},"properties":{"probability":0.588,"inBuffer":false,"facType":"government"}},{"type":"Feature","geometry":{"type":"Point","coordinates":[-71.16924,42.49709]},"properties":{"probability":0.637,"inBuffer":false,"facType":"government"}},{"type":"Feature","geometry":{"type":"Point","coordinates":[-71.16315,42.4972]},"properties":{"probability":0.741,"inBuffer":true,"facType":"government"}},{"type":"Feature","geometry":{"type":"Point","coordinates":[-71.15707,42.49732]},"properties":{"probability":0.712,"inBuffer":true,"facType":"fire"}},{"type":"Feature","geometry":{"type":"Point","coordinates":[-71.15099,42.49743]},"properties":{"probability":0.547,"inBuffer":true,"facType":"fire"}},{"type":"Feature","geometry":{"type":"Point","coordinates":[-71.14491,42.49755]},"properties":{"probability":0.649,"inBuffer":false,"facType":"fire"}},{"type":"Feature","geometry":{"type":"Point","coordinates":[-71.13883,42.49766]},"properties":{"probability":0.707,"inBuffer":false,"facType":"government"}},{"type":"Feature","geometry":{"type":"Point","coordinates":[-71.13275,42.49778]},"properties":{"probability":0.752,"inBuffer":false,"facType":"government"}},{"type":"Feature","geometry":{"type":"Point","coordinates":[-71.12667,42.49789]},"properties":{"probability":0.764,"inBuffer":false,"facType":"government"}},{"type":"Feature","geometry":{"type":"Point","coordinates":[-71.12059,42.498]},"properties":{"probability":0.788,"inBuffer":false,"facType":"substation"}},{"type":"Feature","geometry":{"type":"Point","coordinates":[-71.11451,42.49811]},"properties":{"probability":0.64,"inBuffer":false,"facType":"substation"}},{"type":"Feature","geometry":{"type":"Point","coordinates":[-71.10843,42.49823]},"properties":{"probability":0.556,"inBuffer":false,"facType":"substation"}},{"type":"Feature","geometry":{"type":"Point","coordinates":[-71.10235,42.49834]},"properties":{"probability":0.627,"inBuffer":false,"facType":"substation"}},{"type":"Feature","geometry":{"type":"Point","coordinates":[-71.09627,42.49845]},"properties":{"probability":0.637,"inBuffer":false,"facType":"substation"}},{"type":"Feature","geometry":{"type":"Point","coordinates":[-71.09019,42.49856]},"properties":{"probability":0.414,"inBuffer":false,"facType":"substation"}},{"type":"Feature","geometry":{"type":"Point","coordinates":[-71.08411,42.49867]},"properties":{"probability":0.574,"inBuffer":false,"facType":"substation"}},{"type":"Feature","geometry":{"type":"Point","coordinates":[-71.07803,42.49878]},"properties":{"probability":0.66,"inBuffer":false,"facType":"substation"}},{"type":"Feature","geometry":{"type":"Point","coordinates":[-71.07195,42.49889]},"properties":{"probability":0.715,"inBuffer":true,"facType":"water_works"}},{"type":"Feature","geometry":{"type":"Point","coordinates":[-71.06586,42.499]},"properties":{"probability":0.61,"inBuffer":true,"facType":"water_works"}},{"type":"Feature","geometry":{"type":"Point","coordinates":[-71.05978,42.49911]},"properties":{"probability":0.499,"inBuffer":false,"facType":"fire"}},{"type":"Feature","geometry":{"type":"Point","coordinates":[-71.0537,42.49922]},"properties":{"probability":0.52,"inBuffer":false,"facType":"substation"}},{"type":"Feature","geometry":{"type":"Point","coordinates":[-71.04762,42.49933]},"properties":{"probability":0.454,"inBuffer":false,"facType":"substation"}},{"type":"Feature","geometry":{"type":"Point","coordinates":[-71.04154,42.49944]},"properties":{"probability":0.282,"inBuffer":false,"facType":"substation"}},{"type":"Feature","geometry":{"type":"Point","coordinates":[-71.02329,42.49976]},"properties":{"probability":0.448,"inBuffer":false,"facType":"substation"}},{"type":"Feature","geometry":{"type":"Point","coordinates":[-71.01721,42.49987]},"properties":{"probability":0.523,"inBuffer":false,"facType":"substation"}},{"type":"Feature","geometry":{"type":"Point","coordinates":[-71.01113,42.49997]},"properties":{"probability":0.433,"inBuffer":false,"facType":"substation"}},{"type":"Feature","geometry":{"type":"Point","coordinates":[-71.00505,42.50008]},"properties":{"probability":0.307,"inBuffer":false,"facType":"substation"}},{"type":"Feature","geometry":{"type":"Point","coordinates":[-70.99289,42.50029]},"properties":{"probability":0.311,"inBuffer":false,"facType":"substation"}},{"type":"Feature","geometry":{"type":"Point","coordinates":[-70.98681,42.5004]},"properties":{"probability":0.477,"inBuffer":true,"facType":"substation"}},{"type":"Feature","geometry":{"type":"Point","coordinates":[-70.98072,42.5005]},"properties":{"probability":0.569,"inBuffer":true,"facType":"hospital"}},{"type":"Feature","geometry":{"type":"Point","coordinates":[-70.97464,42.50061]},"properties":{"probability":0.376,"inBuffer":true,"facType":"hospital"}},{"type":"Feature","geometry":{"type":"Point","coordinates":[-70.96856,42.50071]},"properties":{"probability":0.371,"inBuffer":false,"facType":"hospital"}},{"type":"Feature","geometry":{"type":"Point","coordinates":[-70.96248,42.50082]},"properties":{"probability":0.378,"inBuffer":false,"facType":"substation"}},{"type":"Feature","geometry":{"type":"Point","coordinates":[-70.9564,42.50092]},"properties":{"probability":0.382,"inBuffer":false,"facType":"water_works"}},{"type":"Feature","geometry":{"type":"Point","coordinates":[-70.95032,42.50103]},"properties":{"probability":0.428,"inBuffer":false,"facType":"water_works"}},{"type":"Feature","geometry":{"type":"Point","coordinates":[-70.94424,42.50113]},"properties":{"probability":0.269,"inBuffer":false,"facType":"water_works"}},{"type":"Feature","geometry":{"type":"Point","coordinates":[-70.93815,42.50123]},"properties":{"probability":0.298,"inBuffer":false,"facType":"substation"}},{"type":"Feature","geometry":{"type":"Point","coordinates":[-70.93207,42.50134]},"properties":{"probability":0.362,"inBuffer":false,"facType":"substation"}},{"type":"Feature","geometry":{"type":"Point","coordinates":[-70.92599,42.50144]},"properties":{"probability":0.602,"inBuffer":false,"facType":"substation"}},{"type":"Feature","geometry":{"type":"Point","coordinates":[-70.91991,42.50154]},"properties":{"probability":0.679,"inBuffer":false,"facType":"substation"}},{"type":"Feature","geometry":{"type":"Point","coordinates":[-70.91383,42.50164]},"properties":{"probability":0.349,"inBuffer":false,"facType":"substation"}},{"type":"Feature","geometry":{"type":"Point","coordinates":[-70.90775,42.50174]},"properties":{"probability":0.273,"inBuffer":false,"facType":"hospital"}},{"type":"Feature","geometry":{"type":"Point","coordinates":[-70.90166,42.50184]},"properties":{"probability":0.455,"inBuffer":true,"facType":"fire"}},{"type":"Feature","geometry":{"type":"Point","coordinates":[-70.89558,42.50195]},"properties":{"probability":0.646,"inBuffer":true,"facType":"fire"}},{"type":"Feature","geometry":{"type":"Point","coordinates":[-70.8895,42.50204]},"properties":{"probability":0.618,"inBuffer":true,"facType":"fire"}},{"type":"Feature","geometry":{"type":"Point","coordinates":[-70.88342,42.50214]},"properties":{"probability":0.393,"inBuffer":false,"facType":"police"}},{"type":"Feature","geometry":{"type":"Point","coordinates":[-71.23596,42.4913]},"properties":{"probability":0.297,"inBuffer":false,"facType":"fire"}},{"type":"Feature","geometry":{"type":"Point","coordinates":[-71.22988,42.49142]},"properties":{"probability":0.716,"inBuffer":true,"facType":"water_works"}},{"type":"Feature","geometry":{"type":"Point","coordinates":[-71.2238,42.49154]},"properties":{"probability":0.797,"inBuffer":true,"facType":"water_works"}},{"type":"Feature","geometry":{"type":"Point","coordinates":[-71.21772,42.49166]},"properties":{"probability":0.7,"inBuffer":true,"facType":"water_works"}},{"type":"Feature","geometry":{"type":"Point","coordinates":[-71.21164,42.49178]},"properties":{"probability":0.305,"inBuffer":false,"facType":"hospital"}},{"type":"Feature","geometry":{"type":"Point","coordinates":[-71.20557,42.49189]},"properties":{"probability":0.43,"inBuffer":false,"facType":"hospital"}},{"type":"Feature","geometry":{"type":"Point","coordinates":[-71.19949,42.49201]},"properties":{"probability":0.654,"inBuffer":false,"facType":"hospital"}},{"type":"Feature","geometry":{"type":"Point","coordinates":[-71.19341,42.49213]},"properties":{"probability":0.741,"inBuffer":false,"facType":"hospital"}},{"type":"Feature","geometry":{"type":"Point","coordinates":[-71.18732,42.49224]},"properties":{"probability":0.64,"inBuffer":false,"facType":"police"}},{"type":"Feature","geometry":{"type":"Point","coordinates":[-71.18124,42.49236]},"properties":{"probability":0.555,"inBuffer":false,"facType":"government"}},{"type":"Feature","geometry":{"type":"Point","coordinates":[-71.17516,42.49247]},"properties":{"probability":0.556,"inBuffer":false,"facType":"government"}},{"type":"Feature","geometry":{"type":"Point","coordinates":[-71.16908,42.49259]},"properties":{"probability":0.521,"inBuffer":false,"facType":"government"}},{"type":"Feature","geometry":{"type":"Point","coordinates":[-71.163,42.49271]},"properties":{"probability":0.541,"inBuffer":false,"facType":"fire"}},{"type":"Feature","geometry":{"type":"Point","coordinates":[-71.15692,42.49282]},"properties":{"probability":0.628,"inBuffer":true,"facType":"fire"}},{"type":"Feature","geometry":{"type":"Point","coordinates":[-71.15084,42.49294]},"properties":{"probability":0.499,"inBuffer":true,"facType":"fire"}},{"type":"Feature","geometry":{"type":"Point","coordinates":[-71.14476,42.49305]},"properties":{"probability":0.559,"inBuffer":false,"facType":"fire"}},{"type":"Feature","geometry":{"type":"Point","coordinates":[-71.13868,42.49316]},"properties":{"probability":0.608,"inBuffer":false,"facType":"fire"}},{"type":"Feature","geometry":{"type":"Point","coordinates":[-71.1326,42.49327]},"properties":{"probability":0.658,"inBuffer":false,"facType":"government"}},{"type":"Feature","geometry":{"type":"Point","coordinates":[-71.12652,42.49339]},"properties":{"probability":0.696,"inBuffer":false,"facType":"government"}},{"type":"Feature","geometry":{"type":"Point","coordinates":[-71.12044,42.4935]},"properties":{"probability":0.635,"inBuffer":false,"facType":"substation"}},{"type":"Feature","geometry":{"type":"Point","coordinates":[-71.11436,42.49361]},"properties":{"probability":0.598,"inBuffer":false,"facType":"substation"}},{"type":"Feature","geometry":{"type":"Point","coordinates":[-71.10828,42.49372]},"properties":{"probability":0.57,"inBuffer":false,"facType":"substation"}},{"type":"Feature","geometry":{"type":"Point","coordinates":[-71.1022,42.49384]},"properties":{"probability":0.622,"inBuffer":false,"facType":"substation"}},{"type":"Feature","geometry":{"type":"Point","coordinates":[-71.09612,42.49395]},"properties":{"probability":0.521,"inBuffer":false,"facType":"substation"}},{"type":"Feature","geometry":{"type":"Point","coordinates":[-71.09003,42.49406]},"properties":{"probability":0.356,"inBuffer":false,"facType":"substation"}},{"type":"Feature","geometry":{"type":"Point","coordinates":[-71.08395,42.49417]},"properties":{"probability":0.403,"inBuffer":false,"facType":"substation"}},{"type":"Feature","geometry":{"type":"Point","coordinates":[-71.07787,42.49428]},"properties":{"probability":0.501,"inBuffer":false,"facType":"substation"}},{"type":"Feature","geometry":{"type":"Point","coordinates":[-71.07179,42.49439]},"properties":{"probability":0.571,"inBuffer":false,"facType":"water_works"}},{"type":"Feature","geometry":{"type":"Point","coordinates":[-71.06571,42.4945]},"properties":{"probability":0.408,"inBuffer":false,"facType":"water_works"}},{"type":"Feature","geometry":{"type":"Point","coordinates":[-71.05963,42.49461]},"properties":{"probability":0.388,"inBuffer":false,"facType":"water_works"}},{"type":"Feature","geometry":{"type":"Point","coordinates":[-71.05355,42.49472]},"properties":{"probability":0.418,"inBuffer":false,"facType":"substation"}},{"type":"Feature","geometry":{"type":"Point","coordinates":[-71.04747,42.49483]},"properties":{"probability":0.414,"inBuffer":false,"facType":"substation"}},{"type":"Feature","geometry":{"type":"Point","coordinates":[-71.04139,42.49494]},"properties":{"probability":0.287,"inBuffer":false,"facType":"substation"}},{"type":"Feature","geometry":{"type":"Point","coordinates":[-71.02315,42.49526]},"properties":{"probability":0.5,"inBuffer":false,"facType":"substation"}},{"type":"Feature","geometry":{"type":"Point","coordinates":[-71.01707,42.49537]},"properties":{"probability":0.595,"inBuffer":false,"facType":"substation"}},{"type":"Feature","geometry":{"type":"Point","coordinates":[-71.01099,42.49548]},"properties":{"probability":0.474,"inBuffer":false,"facType":"substation"}},{"type":"Feature","geometry":{"type":"Point","coordinates":[-70.98666,42.4959]},"properties":{"probability":0.366,"inBuffer":false,"facType":"substation"}},{"type":"Feature","geometry":{"type":"Point","coordinates":[-70.98058,42.496]},"properties":{"probability":0.425,"inBuffer":true,"facType":"hospital"}},{"type":"Feature","geometry":{"type":"Point","coordinates":[-70.9745,42.49611]},"properties":{"probability":0.438,"inBuffer":true,"facType":"hospital"}},{"type":"Feature","geometry":{"type":"Point","coordinates":[-70.96842,42.49621]},"properties":{"probability":0.436,"inBuffer":false,"facType":"hospital"}},{"type":"Feature","geometry":{"type":"Point","coordinates":[-70.96234,42.49632]},"properties":{"probability":0.387,"inBuffer":false,"facType":"hospital"}},{"type":"Feature","geometry":{"type":"Point","coordinates":[-70.95625,42.49642]},"properties":{"probability":0.407,"inBuffer":false,"facType":"fire"}},{"type":"Feature","geometry":{"type":"Point","coordinates":[-70.95017,42.49652]},"properties":{"probability":0.362,"inBuffer":false,"facType":"water_works"}},{"type":"Feature","geometry":{"type":"Point","coordinates":[-70.93801,42.49673]},"properties":{"probability":0.331,"inBuffer":false,"facType":"substation"}},{"type":"Feature","geometry":{"type":"Point","coordinates":[-70.93193,42.49683]},"properties":{"probability":0.553,"inBuffer":false,"facType":"substation"}},{"type":"Feature","geometry":{"type":"Point","coordinates":[-70.92585,42.49694]},"properties":{"probability":0.628,"inBuffer":false,"facType":"substation"}},{"type":"Feature","geometry":{"type":"Point","coordinates":[-70.91977,42.49704]},"properties":{"probability":0.54,"inBuffer":false,"facType":"substation"}},{"type":"Feature","geometry":{"type":"Point","coordinates":[-70.91369,42.49714]},"properties":{"probability":0.38,"inBuffer":false,"facType":"substation"}},{"type":"Feature","geometry":{"type":"Point","coordinates":[-70.90152,42.49734]},"properties":{"probability":0.395,"inBuffer":true,"facType":"police"}},{"type":"Feature","geometry":{"type":"Point","coordinates":[-70.89544,42.49744]},"properties":{"probability":0.545,"inBuffer":true,"facType":"police"}},{"type":"Feature","geometry":{"type":"Point","coordinates":[-70.88936,42.49754]},"properties":{"probability":0.442,"inBuffer":true,"facType":"police"}},{"type":"Feature","geometry":{"type":"Point","coordinates":[-70.88328,42.49765]},"properties":{"probability":0.357,"inBuffer":false,"facType":"police"}},{"type":"Feature","geometry":{"type":"Point","coordinates":[-71.22972,42.48692]},"properties":{"probability":0.68,"inBuffer":false,"facType":"water_works"}},{"type":"Feature","geometry":{"type":"Point","coordinates":[-71.22364,42.48704]},"properties":{"probability":0.812,"inBuffer":false,"facType":"water_works"}},{"type":"Feature","geometry":{"type":"Point","coordinates":[-71.21757,42.48716]},"properties":{"probability":0.803,"inBuffer":false,"facType":"water_works"}},{"type":"Feature","geometry":{"type":"Point","coordinates":[-71.21149,42.48728]},"properties":{"probability":0.789,"inBuffer":true,"facType":"hospital"}},{"type":"Feature","geometry":{"type":"Point","coordinates":[-71.20541,42.48739]},"properties":{"probability":0.793,"inBuffer":true,"facType":"hospital"}},{"type":"Feature","geometry":{"type":"Point","coordinates":[-71.19933,42.48751]},"properties":{"probability":0.763,"inBuffer":true,"facType":"hospital"}},{"type":"Feature","geometry":{"type":"Point","coordinates":[-71.19324,42.48763]},"properties":{"probability":0.789,"inBuffer":false,"facType":"hospital"}},{"type":"Feature","geometry":{"type":"Point","coordinates":[-71.18716,42.48774]},"properties":{"probability":0.56,"inBuffer":false,"facType":"hospital"}},{"type":"Feature","geometry":{"type":"Point","coordinates":[-71.18108,42.48786]},"properties":{"probability":0.46,"inBuffer":false,"facType":"fire"}},{"type":"Feature","geometry":{"type":"Point","coordinates":[-71.17501,42.48798]},"properties":{"probability":0.376,"inBuffer":false,"facType":"fire"}},{"type":"Feature","geometry":{"type":"Point","coordinates":[-71.16893,42.48809]},"properties":{"probability":0.36,"inBuffer":false,"facType":"police"}},{"type":"Feature","geometry":{"type":"Point","coordinates":[-71.16285,42.4882]},"properties":{"probability":0.388,"inBuffer":false,"facType":"police"}},{"type":"Feature","geometry":{"type":"Point","coordinates":[-71.15677,42.48832]},"properties":{"probability":0.551,"inBuffer":true,"facType":"police"}},{"type":"Feature","geometry":{"type":"Point","coordinates":[-71.15069,42.48843]},"properties":{"probability":0.555,"inBuffer":false,"facType":"police"}},{"type":"Feature","geometry":{"type":"Point","coordinates":[-71.14461,42.48855]},"properties":{"probability":0.426,"inBuffer":false,"facType":"government"}},{"type":"Feature","geometry":{"type":"Point","coordinates":[-71.13853,42.48866]},"properties":{"probability":0.588,"inBuffer":false,"facType":"government"}},{"type":"Feature","geometry":{"type":"Point","coordinates":[-71.13245,42.48877]},"properties":{"probability":0.61,"inBuffer":false,"facType":"government"}},{"type":"Feature","geometry":{"type":"Point","coordinates":[-71.12637,42.48889]},"properties":{"probability":0.571,"inBuffer":false,"facType":"hospital"}},{"type":"Feature","geometry":{"type":"Point","coordinates":[-71.12029,42.489]},"properties":{"probability":0.627,"inBuffer":false,"facType":"substation"}},{"type":"Feature","geometry":{"type":"Point","coordinates":[-71.11421,42.48911]},"properties":{"probability":0.58,"inBuffer":false,"facType":"substation"}},{"type":"Feature","geometry":{"type":"Point","coordinates":[-71.10813,42.48922]},"properties":{"probability":0.551,"inBuffer":false,"facType":"substation"}},{"type":"Feature","geometry":{"type":"Point","coordinates":[-71.10205,42.48934]},"properties":{"probability":0.584,"inBuffer":false,"facType":"substation"}},{"type":"Feature","geometry":{"type":"Point","coordinates":[-71.09597,42.48945]},"properties":{"probability":0.581,"inBuffer":false,"facType":"substation"}},{"type":"Feature","geometry":{"type":"Point","coordinates":[-71.08989,42.48956]},"properties":{"probability":0.375,"inBuffer":false,"facType":"substation"}},{"type":"Feature","geometry":{"type":"Point","coordinates":[-71.08381,42.48967]},"properties":{"probability":0.384,"inBuffer":false,"facType":"substation"}},{"type":"Feature","geometry":{"type":"Point","coordinates":[-71.07773,42.48978]},"properties":{"probability":0.301,"inBuffer":false,"facType":"water_works"}},{"type":"Feature","geometry":{"type":"Point","coordinates":[-71.07165,42.48989]},"properties":{"probability":0.321,"inBuffer":false,"facType":"water_works"}},{"type":"Feature","geometry":{"type":"Point","coordinates":[-71.06557,42.49]},"properties":{"probability":0.398,"inBuffer":false,"facType":"fire"}},{"type":"Feature","geometry":{"type":"Point","coordinates":[-71.05949,42.49011]},"properties":{"probability":0.328,"inBuffer":false,"facType":"fire"}},{"type":"Feature","geometry":{"type":"Point","coordinates":[-71.05341,42.49022]},"properties":{"probability":0.342,"inBuffer":false,"facType":"substation"}},{"type":"Feature","geometry":{"type":"Point","coordinates":[-71.04733,42.49033]},"properties":{"probability":0.317,"inBuffer":false,"facType":"substation"}},{"type":"Feature","geometry":{"type":"Point","coordinates":[-71.02908,42.49065]},"properties":{"probability":0.336,"inBuffer":false,"facType":"power"}},{"type":"Feature","geometry":{"type":"Point","coordinates":[-71.023,42.49076]},"properties":{"probability":0.461,"inBuffer":false,"facType":"power"}},{"type":"Feature","geometry":{"type":"Point","coordinates":[-71.01692,42.49087]},"properties":{"probability":0.646,"inBuffer":false,"facType":"substation"}},{"type":"Feature","geometry":{"type":"Point","coordinates":[-71.01084,42.49097]},"properties":{"probability":0.463,"inBuffer":false,"facType":"substation"}},{"type":"Feature","geometry":{"type":"Point","coordinates":[-70.97436,42.49161]},"properties":{"probability":0.335,"inBuffer":false,"facType":"hospital"}},{"type":"Feature","geometry":{"type":"Point","coordinates":[-70.96828,42.49171]},"properties":{"probability":0.442,"inBuffer":false,"facType":"fire"}},{"type":"Feature","geometry":{"type":"Point","coordinates":[-70.9622,42.49182]},"properties":{"probability":0.381,"inBuffer":false,"facType":"fire"}},{"type":"Feature","geometry":{"type":"Point","coordinates":[-70.95612,42.49192]},"properties":{"probability":0.369,"inBuffer":false,"facType":"fire"}},{"type":"Feature","geometry":{"type":"Point","coordinates":[-70.95004,42.49202]},"properties":{"probability":0.388,"inBuffer":false,"facType":"fire"}},{"type":"Feature","geometry":{"type":"Point","coordinates":[-70.94395,42.49213]},"properties":{"probability":0.285,"inBuffer":false,"facType":"fire"}},{"type":"Feature","geometry":{"type":"Point","coordinates":[-70.93787,42.49223]},"properties":{"probability":0.563,"inBuffer":false,"facType":"fire"}},{"type":"Feature","geometry":{"type":"Point","coordinates":[-70.93179,42.49233]},"properties":{"probability":0.524,"inBuffer":false,"facType":"fire"}},{"type":"Feature","geometry":{"type":"Point","coordinates":[-70.92571,42.49244]},"properties":{"probability":0.495,"inBuffer":false,"facType":"substation"}},{"type":"Feature","geometry":{"type":"Point","coordinates":[-70.91963,42.49254]},"properties":{"probability":0.416,"inBuffer":false,"facType":"substation"}},{"type":"Feature","geometry":{"type":"Point","coordinates":[-70.91355,42.49264]},"properties":{"probability":0.306,"inBuffer":false,"facType":"substation"}},{"type":"Feature","geometry":{"type":"Point","coordinates":[-70.90139,42.49284]},"properties":{"probability":0.303,"inBuffer":false,"facType":"police"}},{"type":"Feature","geometry":{"type":"Point","coordinates":[-70.89531,42.49294]},"properties":{"probability":0.386,"inBuffer":false,"facType":"police"}},{"type":"Feature","geometry":{"type":"Point","coordinates":[-70.88922,42.49305]},"properties":{"probability":0.336,"inBuffer":false,"facType":"police"}},{"type":"Feature","geometry":{"type":"Point","coordinates":[-70.88314,42.49314]},"properties":{"probability":0.331,"inBuffer":false,"facType":"police"}},{"type":"Feature","geometry":{"type":"Point","coordinates":[-71.22348,42.48254]},"properties":{"probability":0.742,"inBuffer":false,"facType":"substation"}},{"type":"Feature","geometry":{"type":"Point","coordinates":[-71.21741,42.48266]},"properties":{"probability":0.764,"inBuffer":false,"facType":"substation"}},{"type":"Feature","geometry":{"type":"Point","coordinates":[-71.21133,42.48278]},"properties":{"probability":0.781,"inBuffer":true,"facType":"hospital"}},{"type":"Feature","geometry":{"type":"Point","coordinates":[-71.20525,42.48289]},"properties":{"probability":0.768,"inBuffer":true,"facType":"hospital"}},{"type":"Feature","geometry":{"type":"Point","coordinates":[-71.19917,42.48301]},"properties":{"probability":0.739,"inBuffer":true,"facType":"hospital"}},{"type":"Feature","geometry":{"type":"Point","coordinates":[-71.19309,42.48313]},"properties":{"probability":0.769,"inBuffer":false,"facType":"hospital"}},{"type":"Feature","geometry":{"type":"Point","coordinates":[-71.18701,42.48324]},"properties":{"probability":0.703,"inBuffer":false,"facType":"hospital"}},{"type":"Feature","geometry":{"type":"Point","coordinates":[-71.18093,42.48336]},"properties":{"probability":0.569,"inBuffer":false,"facType":"fire"}},{"type":"Feature","geometry":{"type":"Point","coordinates":[-71.17485,42.48347]},"properties":{"probability":0.389,"inBuffer":false,"facType":"fire"}},{"type":"Feature","geometry":{"type":"Point","coordinates":[-71.16877,42.48359]},"properties":{"probability":0.382,"inBuffer":false,"facType":"police"}},{"type":"Feature","geometry":{"type":"Point","coordinates":[-71.16269,42.4837]},"properties":{"probability":0.388,"inBuffer":true,"facType":"police"}},{"type":"Feature","geometry":{"type":"Point","coordinates":[-71.15662,42.48382]},"properties":{"probability":0.646,"inBuffer":true,"facType":"police"}},{"type":"Feature","geometry":{"type":"Point","coordinates":[-71.15054,42.48393]},"properties":{"probability":0.633,"inBuffer":true,"facType":"police"}},{"type":"Feature","geometry":{"type":"Point","coordinates":[-71.14445,42.48405]},"properties":{"probability":0.441,"inBuffer":false,"facType":"government"}},{"type":"Feature","geometry":{"type":"Point","coordinates":[-71.13837,42.48416]},"properties":{"probability":0.399,"inBuffer":false,"facType":"government"}},{"type":"Feature","geometry":{"type":"Point","coordinates":[-71.13229,42.48428]},"properties":{"probability":0.469,"inBuffer":false,"facType":"hospital"}},{"type":"Feature","geometry":{"type":"Point","coordinates":[-71.12621,42.48439]},"properties":{"probability":0.48,"inBuffer":false,"facType":"hospital"}},{"type":"Feature","geometry":{"type":"Point","coordinates":[-71.12014,42.4845]},"properties":{"probability":0.657,"inBuffer":false,"facType":"hospital"}},{"type":"Feature","geometry":{"type":"Point","coordinates":[-71.11406,42.48461]},"properties":{"probability":0.655,"inBuffer":false,"facType":"substation"}},{"type":"Feature","geometry":{"type":"Point","coordinates":[-71.10798,42.48473]},"properties":{"probability":0.574,"inBuffer":false,"facType":"substation"}},{"type":"Feature","geometry":{"type":"Point","coordinates":[-71.1019,42.48484]},"properties":{"probability":0.628,"inBuffer":true,"facType":"substation"}},{"type":"Feature","geometry":{"type":"Point","coordinates":[-71.09582,42.48495]},"properties":{"probability":0.527,"inBuffer":true,"facType":"substation"}},{"type":"Feature","geometry":{"type":"Point","coordinates":[-71.08974,42.48506]},"properties":{"probability":0.383,"inBuffer":false,"facType":"substation"}},{"type":"Feature","geometry":{"type":"Point","coordinates":[-71.08366,42.48517]},"properties":{"probability":0.378,"inBuffer":false,"facType":"substation"}},{"type":"Feature","geometry":{"type":"Point","coordinates":[-71.07758,42.48528]},"properties":{"probability":0.322,"inBuffer":false,"facType":"fire"}},{"type":"Feature","geometry":{"type":"Point","coordinates":[-71.0715,42.48539]},"properties":{"probability":0.354,"inBuffer":true,"facType":"fire"}},{"type":"Feature","geometry":{"type":"Point","coordinates":[-71.06542,42.4855]},"properties":{"probability":0.519,"inBuffer":true,"facType":"fire"}},{"type":"Feature","geometry":{"type":"Point","coordinates":[-71.05934,42.48561]},"properties":{"probability":0.41,"inBuffer":true,"facType":"fire"}},{"type":"Feature","geometry":{"type":"Point","coordinates":[-71.02894,42.48615]},"properties":{"probability":0.304,"inBuffer":false,"facType":"power"}},{"type":"Feature","geometry":{"type":"Point","coordinates":[-71.02286,42.48626]},"properties":{"probability":0.565,"inBuffer":false,"facType":"power"}},{"type":"Feature","geometry":{"type":"Point","coordinates":[-71.01678,42.48637]},"properties":{"probability":0.638,"inBuffer":false,"facType":"power"}},{"type":"Feature","geometry":{"type":"Point","coordinates":[-71.0107,42.48647]},"properties":{"probability":0.356,"inBuffer":false,"facType":"government"}},{"type":"Feature","geometry":{"type":"Point","coordinates":[-70.96814,42.48721]},"properties":{"probability":0.371,"inBuffer":false,"facType":"fire"}},{"type":"Feature","geometry":{"type":"Point","coordinates":[-70.96206,42.48732]},"properties":{"probability":0.646,"inBuffer":true,"facType":"fire"}},{"type":"Feature","geometry":{"type":"Point","coordinates":[-70.95598,42.48742]},"properties":{"probability":0.631,"inBuffer":true,"facType":"fire"}},{"type":"Feature","geometry":{"type":"Point","coordinates":[-70.9499,42.48753]},"properties":{"probability":0.395,"inBuffer":false,"facType":"fire"}},{"type":"Feature","geometry":{"type":"Point","coordinates":[-70.94382,42.48763]},"properties":{"probability":0.393,"inBuffer":false,"facType":"fire"}},{"type":"Feature","geometry":{"type":"Point","coordinates":[-70.93774,42.48773]},"properties":{"probability":0.534,"inBuffer":false,"facType":"fire"}},{"type":"Feature","geometry":{"type":"Point","coordinates":[-70.93166,42.48783]},"properties":{"probability":0.419,"inBuffer":false,"facType":"fire"}},{"type":"Feature","geometry":{"type":"Point","coordinates":[-70.92558,42.48794]},"properties":{"probability":0.367,"inBuffer":false,"facType":"fire"}},{"type":"Feature","geometry":{"type":"Point","coordinates":[-70.91949,42.48804]},"properties":{"probability":0.33,"inBuffer":false,"facType":"substation"}},{"type":"Feature","geometry":{"type":"Point","coordinates":[-70.91341,42.48814]},"properties":{"probability":0.289,"inBuffer":false,"facType":"substation"}},{"type":"Feature","geometry":{"type":"Point","coordinates":[-70.90733,42.48824]},"properties":{"probability":0.395,"inBuffer":false,"facType":"substation"}},{"type":"Feature","geometry":{"type":"Point","coordinates":[-70.90125,42.48834]},"properties":{"probability":0.544,"inBuffer":false,"facType":"police"}},{"type":"Feature","geometry":{"type":"Point","coordinates":[-70.89517,42.48844]},"properties":{"probability":0.373,"inBuffer":false,"facType":"police"}},{"type":"Feature","geometry":{"type":"Point","coordinates":[-70.88909,42.48854]},"properties":{"probability":0.327,"inBuffer":false,"facType":"police"}},{"type":"Feature","geometry":{"type":"Point","coordinates":[-70.88301,42.48864]},"properties":{"probability":0.405,"inBuffer":false,"facType":"police"}},{"type":"Feature","geometry":{"type":"Point","coordinates":[-71.2294,42.47792]},"properties":{"probability":0.295,"inBuffer":false,"facType":"substation"}},{"type":"Feature","geometry":{"type":"Point","coordinates":[-71.22333,42.47804]},"properties":{"probability":0.593,"inBuffer":false,"facType":"substation"}},{"type":"Feature","geometry":{"type":"Point","coordinates":[-71.21725,42.47816]},"properties":{"probability":0.716,"inBuffer":false,"facType":"substation"}},{"type":"Feature","geometry":{"type":"Point","coordinates":[-71.21117,42.47828]},"properties":{"probability":0.683,"inBuffer":false,"facType":"substation"}},{"type":"Feature","geometry":{"type":"Point","coordinates":[-71.20509,42.47839]},"properties":{"probability":0.631,"inBuffer":true,"facType":"hospital"}},{"type":"Feature","geometry":{"type":"Point","coordinates":[-71.19901,42.47851]},"properties":{"probability":0.536,"inBuffer":false,"facType":"hospital"}},{"type":"Feature","geometry":{"type":"Point","coordinates":[-71.19293,42.47863]},"properties":{"probability":0.589,"inBuffer":false,"facType":"hospital"}},{"type":"Feature","geometry":{"type":"Point","coordinates":[-71.18685,42.47874]},"properties":{"probability":0.588,"inBuffer":false,"facType":"fire"}},{"type":"Feature","geometry":{"type":"Point","coordinates":[-71.18077,42.47886]},"properties":{"probability":0.553,"inBuffer":false,"facType":"fire"}},{"type":"Feature","geometry":{"type":"Point","coordinates":[-71.1747,42.47898]},"properties":{"probability":0.379,"inBuffer":true,"facType":"fire"}},{"type":"Feature","geometry":{"type":"Point","coordinates":[-71.16862,42.47909]},"properties":{"probability":0.375,"inBuffer":true,"facType":"fire"}},{"type":"Feature","geometry":{"type":"Point","coordinates":[-71.16254,42.47921]},"properties":{"probability":0.381,"inBuffer":true,"facType":"police"}},{"type":"Feature","geometry":{"type":"Point","coordinates":[-71.15646,42.47932]},"properties":{"probability":0.669,"inBuffer":true,"facType":"police"}},{"type":"Feature","geometry":{"type":"Point","coordinates":[-71.15038,42.47943]},"properties":{"probability":0.732,"inBuffer":true,"facType":"government"}},{"type":"Feature","geometry":{"type":"Point","coordinates":[-71.1443,42.47955]},"properties":{"probability":0.577,"inBuffer":false,"facType":"government"}},{"type":"Feature","geometry":{"type":"Point","coordinates":[-71.13822,42.47966]},"properties":{"probability":0.403,"inBuffer":false,"facType":"government"}},{"type":"Feature","geometry":{"type":"Point","coordinates":[-71.13214,42.47977]},"properties":{"probability":0.413,"inBuffer":false,"facType":"hospital"}},{"type":"Feature","geometry":{"type":"Point","coordinates":[-71.12606,42.47989]},"properties":{"probability":0.505,"inBuffer":false,"facType":"hospital"}},{"type":"Feature","geometry":{"type":"Point","coordinates":[-71.11999,42.48]},"properties":{"probability":0.719,"inBuffer":false,"facType":"hospital"}},{"type":"Feature","geometry":{"type":"Point","coordinates":[-71.11391,42.48011]},"properties":{"probability":0.716,"inBuffer":false,"facType":"fire"}},{"type":"Feature","geometry":{"type":"Point","coordinates":[-71.10783,42.48022]},"properties":{"probability":0.647,"inBuffer":true,"facType":"fire"}},{"type":"Feature","geometry":{"type":"Point","coordinates":[-71.10175,42.48034]},"properties":{"probability":0.652,"inBuffer":true,"facType":"fire"}},{"type":"Feature","geometry":{"type":"Point","coordinates":[-71.09566,42.48045]},"properties":{"probability":0.545,"inBuffer":true,"facType":"police"}},{"type":"Feature","geometry":{"type":"Point","coordinates":[-71.08959,42.48056]},"properties":{"probability":0.447,"inBuffer":true,"facType":"police"}},{"type":"Feature","geometry":{"type":"Point","coordinates":[-71.08351,42.48067]},"properties":{"probability":0.364,"inBuffer":false,"facType":"police"}},{"type":"Feature","geometry":{"type":"Point","coordinates":[-71.07743,42.48078]},"properties":{"probability":0.308,"inBuffer":false,"facType":"fire"}},{"type":"Feature","geometry":{"type":"Point","coordinates":[-71.07135,42.48089]},"properties":{"probability":0.467,"inBuffer":true,"facType":"fire"}},{"type":"Feature","geometry":{"type":"Point","coordinates":[-71.06527,42.481]},"properties":{"probability":0.626,"inBuffer":true,"facType":"fire"}},{"type":"Feature","geometry":{"type":"Point","coordinates":[-71.05919,42.48111]},"properties":{"probability":0.567,"inBuffer":true,"facType":"fire"}},{"type":"Feature","geometry":{"type":"Point","coordinates":[-71.04704,42.48133]},"properties":{"probability":0.378,"inBuffer":true,"facType":"power"}},{"type":"Feature","geometry":{"type":"Point","coordinates":[-71.04095,42.48144]},"properties":{"probability":0.414,"inBuffer":true,"facType":"power"}},{"type":"Feature","geometry":{"type":"Point","coordinates":[-71.03487,42.48154]},"properties":{"probability":0.379,"inBuffer":true,"facType":"power"}},{"type":"Feature","geometry":{"type":"Point","coordinates":[-71.02879,42.48165]},"properties":{"probability":0.593,"inBuffer":false,"facType":"power"}},{"type":"Feature","geometry":{"type":"Point","coordinates":[-71.02271,42.48176]},"properties":{"probability":0.62,"inBuffer":false,"facType":"power"}},{"type":"Feature","geometry":{"type":"Point","coordinates":[-71.01663,42.48186]},"properties":{"probability":0.539,"inBuffer":false,"facType":"power"}},{"type":"Feature","geometry":{"type":"Point","coordinates":[-71.01055,42.48197]},"properties":{"probability":0.328,"inBuffer":false,"facType":"government"}},{"type":"Feature","geometry":{"type":"Point","coordinates":[-70.97408,42.48261]},"properties":{"probability":0.296,"inBuffer":false,"facType":"water_works"}},{"type":"Feature","geometry":{"type":"Point","coordinates":[-70.96799,42.48271]},"properties":{"probability":0.432,"inBuffer":false,"facType":"water_works"}},{"type":"Feature","geometry":{"type":"Point","coordinates":[-70.96191,42.48282]},"properties":{"probability":0.613,"inBuffer":true,"facType":"fire"}},{"type":"Feature","geometry":{"type":"Point","coordinates":[-70.95583,42.48292]},"properties":{"probability":0.644,"inBuffer":true,"facType":"fire"}},{"type":"Feature","geometry":{"type":"Point","coordinates":[-70.94975,42.48302]},"properties":{"probability":0.637,"inBuffer":true,"facType":"fire"}},{"type":"Feature","geometry":{"type":"Point","coordinates":[-70.94367,42.48313]},"properties":{"probability":0.655,"inBuffer":false,"facType":"fire"}},{"type":"Feature","geometry":{"type":"Point","coordinates":[-70.9376,42.48323]},"properties":{"probability":0.643,"inBuffer":true,"facType":"fire"}},{"type":"Feature","geometry":{"type":"Point","coordinates":[-70.93152,42.48333]},"properties":{"probability":0.56,"inBuffer":true,"facType":"fire"}},{"type":"Feature","geometry":{"type":"Point","coordinates":[-70.92544,42.48344]},"properties":{"probability":0.305,"inBuffer":false,"facType":"fire"}},{"type":"Feature","geometry":{"type":"Point","coordinates":[-70.91936,42.48354]},"properties":{"probability":0.426,"inBuffer":false,"facType":"substation"}},{"type":"Feature","geometry":{"type":"Point","coordinates":[-70.91328,42.48364]},"properties":{"probability":0.453,"inBuffer":false,"facType":"substation"}},{"type":"Feature","geometry":{"type":"Point","coordinates":[-70.9072,42.48374]},"properties":{"probability":0.662,"inBuffer":false,"facType":"substation"}},{"type":"Feature","geometry":{"type":"Point","coordinates":[-70.90112,42.48384]},"properties":{"probability":0.678,"inBuffer":false,"facType":"substation"}},{"type":"Feature","geometry":{"type":"Point","coordinates":[-70.89503,42.48394]},"properties":{"probability":0.522,"inBuffer":false,"facType":"substation"}},{"type":"Feature","geometry":{"type":"Point","coordinates":[-70.88895,42.48404]},"properties":{"probability":0.39,"inBuffer":false,"facType":"substation"}},{"type":"Feature","geometry":{"type":"Point","coordinates":[-70.88287,42.48414]},"properties":{"probability":0.378,"inBuffer":false,"facType":"substation"}},{"type":"Feature","geometry":{"type":"Point","coordinates":[-71.22317,42.47354]},"properties":{"probability":0.462,"inBuffer":false,"facType":"substation"}},{"type":"Feature","geometry":{"type":"Point","coordinates":[-71.21709,42.47366]},"properties":{"probability":0.647,"inBuffer":false,"facType":"substation"}},{"type":"Feature","geometry":{"type":"Point","coordinates":[-71.21101,42.47378]},"properties":{"probability":0.727,"inBuffer":false,"facType":"substation"}},{"type":"Feature","geometry":{"type":"Point","coordinates":[-71.20493,42.4739]},"properties":{"probability":0.667,"inBuffer":false,"facType":"substation"}},{"type":"Feature","geometry":{"type":"Point","coordinates":[-71.19885,42.47401]},"properties":{"probability":0.378,"inBuffer":false,"facType":"hospital"}},{"type":"Feature","geometry":{"type":"Point","coordinates":[-71.19277,42.47413]},"properties":{"probability":0.339,"inBuffer":false,"facType":"hospital"}},{"type":"Feature","geometry":{"type":"Point","coordinates":[-71.1867,42.47424]},"properties":{"probability":0.336,"inBuffer":false,"facType":"fire"}},{"type":"Feature","geometry":{"type":"Point","coordinates":[-71.18062,42.47436]},"properties":{"probability":0.513,"inBuffer":true,"facType":"fire"}},{"type":"Feature","geometry":{"type":"Point","coordinates":[-71.17454,42.47448]},"properties":{"probability":0.398,"inBuffer":true,"facType":"fire"}},{"type":"Feature","geometry":{"type":"Point","coordinates":[-71.16846,42.47459]},"properties":{"probability":0.385,"inBuffer":true,"facType":"fire"}},{"type":"Feature","geometry":{"type":"Point","coordinates":[-71.16238,42.4747]},"properties":{"probability":0.31,"inBuffer":false,"facType":"government"}},{"type":"Feature","geometry":{"type":"Point","coordinates":[-71.1563,42.47482]},"properties":{"probability":0.501,"inBuffer":true,"facType":"government"}},{"type":"Feature","geometry":{"type":"Point","coordinates":[-71.15022,42.47493]},"properties":{"probability":0.637,"inBuffer":true,"facType":"fire"}},{"type":"Feature","geometry":{"type":"Point","coordinates":[-71.14415,42.47505]},"properties":{"probability":0.494,"inBuffer":true,"facType":"fire"}},{"type":"Feature","geometry":{"type":"Point","coordinates":[-71.13807,42.47516]},"properties":{"probability":0.407,"inBuffer":false,"facType":"hospital"}},{"type":"Feature","geometry":{"type":"Point","coordinates":[-71.13199,42.47528]},"properties":{"probability":0.62,"inBuffer":true,"facType":"hospital"}},{"type":"Feature","geometry":{"type":"Point","coordinates":[-71.12591,42.47539]},"properties":{"probability":0.646,"inBuffer":true,"facType":"hospital"}},{"type":"Feature","geometry":{"type":"Point","coordinates":[-71.11983,42.4755]},"properties":{"probability":0.682,"inBuffer":false,"facType":"hospital"}},{"type":"Feature","geometry":{"type":"Point","coordinates":[-71.11375,42.47561]},"properties":{"probability":0.736,"inBuffer":false,"facType":"hospital"}},{"type":"Feature","geometry":{"type":"Point","coordinates":[-71.10767,42.47573]},"properties":{"probability":0.636,"inBuffer":false,"facType":"fire"}},{"type":"Feature","geometry":{"type":"Point","coordinates":[-71.10159,42.47584]},"properties":{"probability":0.615,"inBuffer":true,"facType":"fire"}},{"type":"Feature","geometry":{"type":"Point","coordinates":[-71.09552,42.47595]},"properties":{"probability":0.541,"inBuffer":true,"facType":"fire"}},{"type":"Feature","geometry":{"type":"Point","coordinates":[-71.08944,42.47606]},"properties":{"probability":0.42,"inBuffer":false,"facType":"government"}},{"type":"Feature","geometry":{"type":"Point","coordinates":[-71.08336,42.47617]},"properties":{"probability":0.383,"inBuffer":false,"facType":"police"}},{"type":"Feature","geometry":{"type":"Point","coordinates":[-71.07728,42.47628]},"properties":{"probability":0.315,"inBuffer":false,"facType":"fire"}},{"type":"Feature","geometry":{"type":"Point","coordinates":[-71.07121,42.47639]},"properties":{"probability":0.38,"inBuffer":false,"facType":"fire"}},{"type":"Feature","geometry":{"type":"Point","coordinates":[-71.06512,42.4765]},"properties":{"probability":0.587,"inBuffer":true,"facType":"fire"}},{"type":"Feature","geometry":{"type":"Point","coordinates":[-71.05904,42.47661]},"properties":{"probability":0.529,"inBuffer":false,"facType":"fire"}},{"type":"Feature","geometry":{"type":"Point","coordinates":[-71.05296,42.47672]},"properties":{"probability":0.363,"inBuffer":false,"facType":"substation"}},{"type":"Feature","geometry":{"type":"Point","coordinates":[-71.04688,42.47683]},"properties":{"probability":0.359,"inBuffer":false,"facType":"substation"}},{"type":"Feature","geometry":{"type":"Point","coordinates":[-71.04081,42.47694]},"properties":{"probability":0.439,"inBuffer":true,"facType":"power"}},{"type":"Feature","geometry":{"type":"Point","coordinates":[-71.03473,42.47704]},"properties":{"probability":0.445,"inBuffer":true,"facType":"power"}},{"type":"Feature","geometry":{"type":"Point","coordinates":[-71.02865,42.47715]},"properties":{"probability":0.643,"inBuffer":false,"facType":"power"}},{"type":"Feature","geometry":{"type":"Point","coordinates":[-71.02257,42.47726]},"properties":{"probability":0.696,"inBuffer":false,"facType":"power"}},{"type":"Feature","geometry":{"type":"Point","coordinates":[-71.01649,42.47737]},"properties":{"probability":0.478,"inBuffer":false,"facType":"government"}},{"type":"Feature","geometry":{"type":"Point","coordinates":[-71.01041,42.47747]},"properties":{"probability":0.322,"inBuffer":false,"facType":"government"}},{"type":"Feature","geometry":{"type":"Point","coordinates":[-71.00433,42.47758]},"properties":{"probability":0.31,"inBuffer":false,"facType":"fire"}},{"type":"Feature","geometry":{"type":"Point","coordinates":[-70.99825,42.47769]},"properties":{"probability":0.315,"inBuffer":false,"facType":"fire"}},{"type":"Feature","geometry":{"type":"Point","coordinates":[-70.99217,42.47779]},"properties":{"probability":0.341,"inBuffer":false,"facType":"water_works"}},{"type":"Feature","geometry":{"type":"Point","coordinates":[-70.98609,42.4779]},"properties":{"probability":0.332,"inBuffer":false,"facType":"water_works"}},{"type":"Feature","geometry":{"type":"Point","coordinates":[-70.98001,42.478]},"properties":{"probability":0.356,"inBuffer":false,"facType":"water_works"}},{"type":"Feature","geometry":{"type":"Point","coordinates":[-70.97394,42.47811]},"properties":{"probability":0.397,"inBuffer":false,"facType":"water_works"}},{"type":"Feature","geometry":{"type":"Point","coordinates":[-70.96786,42.47821]},"properties":{"probability":0.38,"inBuffer":true,"facType":"water_works"}},{"type":"Feature","geometry":{"type":"Point","coordinates":[-70.96178,42.47832]},"properties":{"probability":0.603,"inBuffer":true,"facType":"fire"}},{"type":"Feature","geometry":{"type":"Point","coordinates":[-70.9557,42.47842]},"properties":{"probability":0.695,"inBuffer":true,"facType":"fire"}},{"type":"Feature","geometry":{"type":"Point","coordinates":[-70.94962,42.47852]},"properties":{"probability":0.695,"inBuffer":true,"facType":"fire"}},{"type":"Feature","geometry":{"type":"Point","coordinates":[-70.94353,42.47863]},"properties":{"probability":0.694,"inBuffer":true,"facType":"fire"}},{"type":"Feature","geometry":{"type":"Point","coordinates":[-70.93745,42.47873]},"properties":{"probability":0.661,"inBuffer":true,"facType":"fire"}},{"type":"Feature","geometry":{"type":"Point","coordinates":[-70.93137,42.47883]},"properties":{"probability":0.651,"inBuffer":true,"facType":"fire"}},{"type":"Feature","geometry":{"type":"Point","coordinates":[-70.9253,42.47894]},"properties":{"probability":0.619,"inBuffer":false,"facType":"fire"}},{"type":"Feature","geometry":{"type":"Point","coordinates":[-70.91922,42.47904]},"properties":{"probability":0.552,"inBuffer":false,"facType":"substation"}},{"type":"Feature","geometry":{"type":"Point","coordinates":[-70.91314,42.47914]},"properties":{"probability":0.521,"inBuffer":false,"facType":"substation"}},{"type":"Feature","geometry":{"type":"Point","coordinates":[-70.90706,42.47924]},"properties":{"probability":0.669,"inBuffer":false,"facType":"substation"}},{"type":"Feature","geometry":{"type":"Point","coordinates":[-70.90098,42.47934]},"properties":{"probability":0.699,"inBuffer":false,"facType":"substation"}},{"type":"Feature","geometry":{"type":"Point","coordinates":[-70.8949,42.47944]},"properties":{"probability":0.426,"inBuffer":false,"facType":"substation"}},{"type":"Feature","geometry":{"type":"Point","coordinates":[-70.88882,42.47954]},"properties":{"probability":0.374,"inBuffer":false,"facType":"substation"}},{"type":"Feature","geometry":{"type":"Point","coordinates":[-70.88274,42.47964]},"properties":{"probability":0.384,"inBuffer":false,"facType":"substation"}},{"type":"Feature","geometry":{"type":"Point","coordinates":[-71.22301,42.46904]},"properties":{"probability":0.309,"inBuffer":false,"facType":"substation"}},{"type":"Feature","geometry":{"type":"Point","coordinates":[-71.21693,42.46916]},"properties":{"probability":0.392,"inBuffer":false,"facType":"substation"}},{"type":"Feature","geometry":{"type":"Point","coordinates":[-71.21085,42.46928]},"properties":{"probability":0.704,"inBuffer":false,"facType":"substation"}},{"type":"Feature","geometry":{"type":"Point","coordinates":[-71.20477,42.46939]},"properties":{"probability":0.669,"inBuffer":false,"facType":"substation"}},{"type":"Feature","geometry":{"type":"Point","coordinates":[-71.19869,42.46951]},"properties":{"probability":0.324,"inBuffer":false,"facType":"substation"}},{"type":"Feature","geometry":{"type":"Point","coordinates":[-71.19262,42.46963]},"properties":{"probability":0.358,"inBuffer":false,"facType":"fire"}},{"type":"Feature","geometry":{"type":"Point","coordinates":[-71.18654,42.46975]},"properties":{"probability":0.463,"inBuffer":false,"facType":"fire"}},{"type":"Feature","geometry":{"type":"Point","coordinates":[-71.18046,42.46986]},"properties":{"probability":0.523,"inBuffer":true,"facType":"fire"}},{"type":"Feature","geometry":{"type":"Point","coordinates":[-71.17439,42.46997]},"properties":{"probability":0.461,"inBuffer":true,"facType":"fire"}},{"type":"Feature","geometry":{"type":"Point","coordinates":[-71.1683,42.47009]},"properties":{"probability":0.438,"inBuffer":true,"facType":"fire"}},{"type":"Feature","geometry":{"type":"Point","coordinates":[-71.15615,42.47032]},"properties":{"probability":0.399,"inBuffer":true,"facType":"fire"}},{"type":"Feature","geometry":{"type":"Point","coordinates":[-71.15007,42.47044]},"properties":{"probability":0.441,"inBuffer":true,"facType":"fire"}},{"type":"Feature","geometry":{"type":"Point","coordinates":[-71.144,42.47055]},"properties":{"probability":0.55,"inBuffer":true,"facType":"fire"}},{"type":"Feature","geometry":{"type":"Point","coordinates":[-71.13792,42.47066]},"properties":{"probability":0.55,"inBuffer":false,"facType":"hospital"}},{"type":"Feature","geometry":{"type":"Point","coordinates":[-71.13184,42.47078]},"properties":{"probability":0.675,"inBuffer":true,"facType":"hospital"}},{"type":"Feature","geometry":{"type":"Point","coordinates":[-71.12576,42.47089]},"properties":{"probability":0.581,"inBuffer":true,"facType":"hospital"}},{"type":"Feature","geometry":{"type":"Point","coordinates":[-71.11968,42.471]},"properties":{"probability":0.474,"inBuffer":true,"facType":"hospital"}},{"type":"Feature","geometry":{"type":"Point","coordinates":[-71.1136,42.47112]},"properties":{"probability":0.598,"inBuffer":false,"facType":"hospital"}},{"type":"Feature","geometry":{"type":"Point","coordinates":[-71.10752,42.47123]},"properties":{"probability":0.612,"inBuffer":false,"facType":"fire"}},{"type":"Feature","geometry":{"type":"Point","coordinates":[-71.10145,42.47134]},"properties":{"probability":0.555,"inBuffer":false,"facType":"fire"}},{"type":"Feature","geometry":{"type":"Point","coordinates":[-71.09537,42.47145]},"properties":{"probability":0.396,"inBuffer":false,"facType":"fire"}},{"type":"Feature","geometry":{"type":"Point","coordinates":[-71.08929,42.47156]},"properties":{"probability":0.407,"inBuffer":false,"facType":"fire"}},{"type":"Feature","geometry":{"type":"Point","coordinates":[-71.08321,42.47167]},"properties":{"probability":0.374,"inBuffer":false,"facType":"fire"}},{"type":"Feature","geometry":{"type":"Point","coordinates":[-71.07713,42.47178]},"properties":{"probability":0.355,"inBuffer":false,"facType":"fire"}},{"type":"Feature","geometry":{"type":"Point","coordinates":[-71.07105,42.47189]},"properties":{"probability":0.376,"inBuffer":true,"facType":"fire"}},{"type":"Feature","geometry":{"type":"Point","coordinates":[-71.06497,42.472]},"properties":{"probability":0.496,"inBuffer":true,"facType":"fire"}},{"type":"Feature","geometry":{"type":"Point","coordinates":[-71.0589,42.47211]},"properties":{"probability":0.506,"inBuffer":false,"facType":"substation"}},{"type":"Feature","geometry":{"type":"Point","coordinates":[-71.05282,42.47222]},"properties":{"probability":0.323,"inBuffer":false,"facType":"substation"}},{"type":"Feature","geometry":{"type":"Point","coordinates":[-71.04674,42.47233]},"properties":{"probability":0.326,"inBuffer":false,"facType":"substation"}},{"type":"Feature","geometry":{"type":"Point","coordinates":[-71.04066,42.47243]},"properties":{"probability":0.452,"inBuffer":false,"facType":"substation"}},{"type":"Feature","geometry":{"type":"Point","coordinates":[-71.03458,42.47255]},"properties":{"probability":0.548,"inBuffer":false,"facType":"substation"}},{"type":"Feature","geometry":{"type":"Point","coordinates":[-71.0285,42.47265]},"properties":{"probability":0.657,"inBuffer":false,"facType":"substation"}},{"type":"Feature","geometry":{"type":"Point","coordinates":[-71.02242,42.47276]},"properties":{"probability":0.664,"inBuffer":false,"facType":"government"}},{"type":"Feature","geometry":{"type":"Point","coordinates":[-71.01634,42.47287]},"properties":{"probability":0.381,"inBuffer":false,"facType":"government"}},{"type":"Feature","geometry":{"type":"Point","coordinates":[-71.01027,42.47297]},"properties":{"probability":0.375,"inBuffer":false,"facType":"government"}},{"type":"Feature","geometry":{"type":"Point","coordinates":[-71.00419,42.47308]},"properties":{"probability":0.381,"inBuffer":false,"facType":"fire"}},{"type":"Feature","geometry":{"type":"Point","coordinates":[-70.99811,42.47319]},"properties":{"probability":0.372,"inBuffer":false,"facType":"fire"}},{"type":"Feature","geometry":{"type":"Point","coordinates":[-70.99203,42.47329]},"properties":{"probability":0.407,"inBuffer":false,"facType":"fire"}},{"type":"Feature","geometry":{"type":"Point","coordinates":[-70.98595,42.4734]},"properties":{"probability":0.592,"inBuffer":false,"facType":"water_works"}},{"type":"Feature","geometry":{"type":"Point","coordinates":[-70.97987,42.4735]},"properties":{"probability":0.509,"inBuffer":false,"facType":"water_works"}},{"type":"Feature","geometry":{"type":"Point","coordinates":[-70.97379,42.47361]},"properties":{"probability":0.557,"inBuffer":true,"facType":"water_works"}},{"type":"Feature","geometry":{"type":"Point","coordinates":[-70.96771,42.47371]},"properties":{"probability":0.611,"inBuffer":true,"facType":"fire"}},{"type":"Feature","geometry":{"type":"Point","coordinates":[-70.96163,42.47382]},"properties":{"probability":0.673,"inBuffer":true,"facType":"substation"}},{"type":"Feature","geometry":{"type":"Point","coordinates":[-70.95556,42.47392]},"properties":{"probability":0.735,"inBuffer":true,"facType":"substation"}},{"type":"Feature","geometry":{"type":"Point","coordinates":[-70.94948,42.47402]},"properties":{"probability":0.699,"inBuffer":true,"facType":"fire"}},{"type":"Feature","geometry":{"type":"Point","coordinates":[-70.9434,42.47413]},"properties":{"probability":0.697,"inBuffer":true,"facType":"fire"}},{"type":"Feature","geometry":{"type":"Point","coordinates":[-70.93732,42.47423]},"properties":{"probability":0.717,"inBuffer":true,"facType":"fire"}},{"type":"Feature","geometry":{"type":"Point","coordinates":[-70.93124,42.47433]},"properties":{"probability":0.708,"inBuffer":true,"facType":"fire"}},{"type":"Feature","geometry":{"type":"Point","coordinates":[-70.92516,42.47443]},"properties":{"probability":0.656,"inBuffer":true,"facType":"fire"}},{"type":"Feature","geometry":{"type":"Point","coordinates":[-70.91908,42.47454]},"properties":{"probability":0.628,"inBuffer":true,"facType":"substation"}},{"type":"Feature","geometry":{"type":"Point","coordinates":[-70.913,42.47464]},"properties":{"probability":0.533,"inBuffer":false,"facType":"substation"}},{"type":"Feature","geometry":{"type":"Point","coordinates":[-70.90692,42.47474]},"properties":{"probability":0.357,"inBuffer":false,"facType":"substation"}},{"type":"Feature","geometry":{"type":"Point","coordinates":[-70.90084,42.47484]},"properties":{"probability":0.377,"inBuffer":false,"facType":"substation"}},{"type":"Feature","geometry":{"type":"Point","coordinates":[-70.89476,42.47494]},"properties":{"probability":0.363,"inBuffer":false,"facType":"substation"}},{"type":"Feature","geometry":{"type":"Point","coordinates":[-70.88868,42.47504]},"properties":{"probability":0.372,"inBuffer":false,"facType":"substation"}},{"type":"Feature","geometry":{"type":"Point","coordinates":[-70.88261,42.47514]},"properties":{"probability":0.344,"inBuffer":false,"facType":"substation"}},{"type":"Feature","geometry":{"type":"Point","coordinates":[-71.235,42.46431]},"properties":{"probability":0.374,"inBuffer":false,"facType":"fire"}},{"type":"Feature","geometry":{"type":"Point","coordinates":[-71.21069,42.46478]},"properties":{"probability":0.398,"inBuffer":false,"facType":"substation"}},{"type":"Feature","geometry":{"type":"Point","coordinates":[-71.20461,42.4649]},"properties":{"probability":0.388,"inBuffer":false,"facType":"substation"}},{"type":"Feature","geometry":{"type":"Point","coordinates":[-71.19854,42.46501]},"properties":{"probability":0.33,"inBuffer":false,"facType":"substation"}},{"type":"Feature","geometry":{"type":"Point","coordinates":[-71.19246,42.46513]},"properties":{"probability":0.301,"inBuffer":false,"facType":"fire"}},{"type":"Feature","geometry":{"type":"Point","coordinates":[-71.18639,42.46524]},"properties":{"probability":0.504,"inBuffer":false,"facType":"fire"}},{"type":"Feature","geometry":{"type":"Point","coordinates":[-71.18031,42.46536]},"properties":{"probability":0.554,"inBuffer":false,"facType":"fire"}},{"type":"Feature","geometry":{"type":"Point","coordinates":[-71.17422,42.46548]},"properties":{"probability":0.487,"inBuffer":false,"facType":"fire"}},{"type":"Feature","geometry":{"type":"Point","coordinates":[-71.16815,42.46559]},"properties":{"probability":0.485,"inBuffer":true,"facType":"hospital"}},{"type":"Feature","geometry":{"type":"Point","coordinates":[-71.16207,42.46571]},"properties":{"probability":0.473,"inBuffer":true,"facType":"hospital"}},{"type":"Feature","geometry":{"type":"Point","coordinates":[-71.156,42.46582]},"properties":{"probability":0.524,"inBuffer":true,"facType":"water_works"}},{"type":"Feature","geometry":{"type":"Point","coordinates":[-71.14992,42.46593]},"properties":{"probability":0.54,"inBuffer":true,"facType":"water_works"}},{"type":"Feature","geometry":{"type":"Point","coordinates":[-71.14384,42.46605]},"properties":{"probability":0.554,"inBuffer":false,"facType":"fire"}},{"type":"Feature","geometry":{"type":"Point","coordinates":[-71.13776,42.46616]},"properties":{"probability":0.586,"inBuffer":false,"facType":"hospital"}},{"type":"Feature","geometry":{"type":"Point","coordinates":[-71.13168,42.46627]},"properties":{"probability":0.565,"inBuffer":true,"facType":"hospital"}},{"type":"Feature","geometry":{"type":"Point","coordinates":[-71.12561,42.46639]},"properties":{"probability":0.569,"inBuffer":true,"facType":"hospital"}},{"type":"Feature","geometry":{"type":"Point","coordinates":[-71.11953,42.4665]},"properties":{"probability":0.376,"inBuffer":true,"facType":"hospital"}},{"type":"Feature","geometry":{"type":"Point","coordinates":[-71.11345,42.46661]},"properties":{"probability":0.338,"inBuffer":false,"facType":"hospital"}},{"type":"Feature","geometry":{"type":"Point","coordinates":[-71.10738,42.46672]},"properties":{"probability":0.619,"inBuffer":false,"facType":"hospital"}},{"type":"Feature","geometry":{"type":"Point","coordinates":[-71.1013,42.46684]},"properties":{"probability":0.502,"inBuffer":false,"facType":"fire"}},{"type":"Feature","geometry":{"type":"Point","coordinates":[-71.09521,42.46695]},"properties":{"probability":0.38,"inBuffer":false,"facType":"fire"}},{"type":"Feature","geometry":{"type":"Point","coordinates":[-71.08914,42.46706]},"properties":{"probability":0.374,"inBuffer":false,"facType":"fire"}},{"type":"Feature","geometry":{"type":"Point","coordinates":[-71.08306,42.46717]},"properties":{"probability":0.367,"inBuffer":false,"facType":"fire"}},{"type":"Feature","geometry":{"type":"Point","coordinates":[-71.07698,42.46728]},"properties":{"probability":0.36,"inBuffer":true,"facType":"fire"}},{"type":"Feature","geometry":{"type":"Point","coordinates":[-71.07091,42.46739]},"properties":{"probability":0.521,"inBuffer":true,"facType":"fire"}},{"type":"Feature","geometry":{"type":"Point","coordinates":[-71.06483,42.4675]},"properties":{"probability":0.579,"inBuffer":true,"facType":"fire"}},{"type":"Feature","geometry":{"type":"Point","coordinates":[-71.05875,42.46761]},"properties":{"probability":0.557,"inBuffer":false,"facType":"substation"}},{"type":"Feature","geometry":{"type":"Point","coordinates":[-71.05267,42.46772]},"properties":{"probability":0.381,"inBuffer":false,"facType":"substation"}},{"type":"Feature","geometry":{"type":"Point","coordinates":[-71.04659,42.46783]},"properties":{"probability":0.392,"inBuffer":false,"facType":"substation"}},{"type":"Feature","geometry":{"type":"Point","coordinates":[-71.04051,42.46794]},"properties":{"probability":0.394,"inBuffer":false,"facType":"substation"}},{"type":"Feature","geometry":{"type":"Point","coordinates":[-71.03444,42.46804]},"properties":{"probability":0.51,"inBuffer":false,"facType":"substation"}},{"type":"Feature","geometry":{"type":"Point","coordinates":[-71.02836,42.46815]},"properties":{"probability":0.689,"inBuffer":false,"facType":"substation"}},{"type":"Feature","geometry":{"type":"Point","coordinates":[-71.02228,42.46826]},"properties":{"probability":0.649,"inBuffer":false,"facType":"substation"}},{"type":"Feature","geometry":{"type":"Point","coordinates":[-71.0162,42.46836]},"properties":{"probability":0.446,"inBuffer":true,"facType":"government"}},{"type":"Feature","geometry":{"type":"Point","coordinates":[-71.01012,42.46847]},"properties":{"probability":0.542,"inBuffer":true,"facType":"government"}},{"type":"Feature","geometry":{"type":"Point","coordinates":[-71.00404,42.46858]},"properties":{"probability":0.43,"inBuffer":true,"facType":"fire"}},{"type":"Feature","geometry":{"type":"Point","coordinates":[-70.99796,42.46869]},"properties":{"probability":0.399,"inBuffer":false,"facType":"fire"}},{"type":"Feature","geometry":{"type":"Point","coordinates":[-70.99189,42.46879]},"properties":{"probability":0.478,"inBuffer":false,"facType":"substation"}},{"type":"Feature","geometry":{"type":"Point","coordinates":[-70.98581,42.4689]},"properties":{"probability":0.645,"inBuffer":false,"facType":"fire"}},{"type":"Feature","geometry":{"type":"Point","coordinates":[-70.97973,42.469]},"properties":{"probability":0.645,"inBuffer":true,"facType":"fire"}},{"type":"Feature","geometry":{"type":"Point","coordinates":[-70.97365,42.46911]},"properties":{"probability":0.638,"inBuffer":true,"facType":"substation"}},{"type":"Feature","geometry":{"type":"Point","coordinates":[-70.96758,42.46921]},"properties":{"probability":0.7,"inBuffer":true,"facType":"fire"}},{"type":"Feature","geometry":{"type":"Point","coordinates":[-70.96149,42.46931]},"properties":{"probability":0.749,"inBuffer":true,"facType":"substation"}},{"type":"Feature","geometry":{"type":"Point","coordinates":[-70.95541,42.46942]},"properties":{"probability":0.769,"inBuffer":true,"facType":"hospital"}},{"type":"Feature","geometry":{"type":"Point","coordinates":[-70.94933,42.46952]},"properties":{"probability":0.759,"inBuffer":true,"facType":"fire"}},{"type":"Feature","geometry":{"type":"Point","coordinates":[-70.94326,42.46963]},"properties":{"probability":0.779,"inBuffer":true,"facType":"fire"}},{"type":"Feature","geometry":{"type":"Point","coordinates":[-70.93718,42.46973]},"properties":{"probability":0.745,"inBuffer":true,"facType":"fire"}},{"type":"Feature","geometry":{"type":"Point","coordinates":[-70.9311,42.46983]},"properties":{"probability":0.701,"inBuffer":true,"facType":"fire"}},{"type":"Feature","geometry":{"type":"Point","coordinates":[-70.92502,42.46994]},"properties":{"probability":0.695,"inBuffer":true,"facType":"fire"}},{"type":"Feature","geometry":{"type":"Point","coordinates":[-70.91895,42.47004]},"properties":{"probability":0.634,"inBuffer":true,"facType":"government"}},{"type":"Feature","geometry":{"type":"Point","coordinates":[-70.91286,42.47014]},"properties":{"probability":0.539,"inBuffer":true,"facType":"government"}},{"type":"Feature","geometry":{"type":"Point","coordinates":[-70.90678,42.47024]},"properties":{"probability":0.457,"inBuffer":true,"facType":"substation"}},{"type":"Feature","geometry":{"type":"Point","coordinates":[-70.9007,42.47034]},"properties":{"probability":0.412,"inBuffer":true,"facType":"police"}},{"type":"Feature","geometry":{"type":"Point","coordinates":[-70.89463,42.47044]},"properties":{"probability":0.367,"inBuffer":false,"facType":"substation"}},{"type":"Feature","geometry":{"type":"Point","coordinates":[-70.88855,42.47054]},"properties":{"probability":0.368,"inBuffer":false,"facType":"substation"}},{"type":"Feature","geometry":{"type":"Point","coordinates":[-71.23484,42.45981]},"properties":{"probability":0.368,"inBuffer":false,"facType":"fire"}},{"type":"Feature","geometry":{"type":"Point","coordinates":[-71.21661,42.46016]},"properties":{"probability":0.307,"inBuffer":false,"facType":"fire"}},{"type":"Feature","geometry":{"type":"Point","coordinates":[-71.21053,42.46028]},"properties":{"probability":0.331,"inBuffer":false,"facType":"substation"}},{"type":"Feature","geometry":{"type":"Point","coordinates":[-71.20446,42.4604]},"properties":{"probability":0.337,"inBuffer":false,"facType":"government"}},{"type":"Feature","geometry":{"type":"Point","coordinates":[-71.18623,42.46075]},"properties":{"probability":0.34,"inBuffer":false,"facType":"fire"}},{"type":"Feature","geometry":{"type":"Point","coordinates":[-71.18015,42.46086]},"properties":{"probability":0.405,"inBuffer":false,"facType":"fire"}},{"type":"Feature","geometry":{"type":"Point","coordinates":[-71.17407,42.46098]},"properties":{"probability":0.375,"inBuffer":false,"facType":"hospital"}},{"type":"Feature","geometry":{"type":"Point","coordinates":[-71.16799,42.46109]},"properties":{"probability":0.605,"inBuffer":true,"facType":"hospital"}},{"type":"Feature","geometry":{"type":"Point","coordinates":[-71.16192,42.46121]},"properties":{"probability":0.594,"inBuffer":true,"facType":"hospital"}},{"type":"Feature","geometry":{"type":"Point","coordinates":[-71.15584,42.46132]},"properties":{"probability":0.503,"inBuffer":true,"facType":"substation"}},{"type":"Feature","geometry":{"type":"Point","coordinates":[-71.14977,42.46143]},"properties":{"probability":0.476,"inBuffer":false,"facType":"substation"}},{"type":"Feature","geometry":{"type":"Point","coordinates":[-71.14368,42.46155]},"properties":{"probability":0.559,"inBuffer":false,"facType":"substation"}},{"type":"Feature","geometry":{"type":"Point","coordinates":[-71.13761,42.46166]},"properties":{"probability":0.648,"inBuffer":false,"facType":"fire"}},{"type":"Feature","geometry":{"type":"Point","coordinates":[-71.13153,42.46178]},"properties":{"probability":0.539,"inBuffer":false,"facType":"hospital"}},{"type":"Feature","geometry":{"type":"Point","coordinates":[-71.12546,42.46189]},"properties":{"probability":0.374,"inBuffer":true,"facType":"hospital"}},{"type":"Feature","geometry":{"type":"Point","coordinates":[-71.10722,42.46223]},"properties":{"probability":0.368,"inBuffer":false,"facType":"hospital"}},{"type":"Feature","geometry":{"type":"Point","coordinates":[-71.10114,42.46234]},"properties":{"probability":0.389,"inBuffer":false,"facType":"hospital"}},{"type":"Feature","geometry":{"type":"Point","coordinates":[-71.09507,42.46245]},"properties":{"probability":0.379,"inBuffer":false,"facType":"fire"}},{"type":"Feature","geometry":{"type":"Point","coordinates":[-71.08899,42.46256]},"properties":{"probability":0.366,"inBuffer":false,"facType":"fire"}},{"type":"Feature","geometry":{"type":"Point","coordinates":[-71.08291,42.46267]},"properties":{"probability":0.312,"inBuffer":false,"facType":"fire"}},{"type":"Feature","geometry":{"type":"Point","coordinates":[-71.07684,42.46278]},"properties":{"probability":0.376,"inBuffer":false,"facType":"fire"}},{"type":"Feature","geometry":{"type":"Point","coordinates":[-71.07076,42.46289]},"properties":{"probability":0.616,"inBuffer":true,"facType":"fire"}},{"type":"Feature","geometry":{"type":"Point","coordinates":[-71.06468,42.463]},"properties":{"probability":0.649,"inBuffer":true,"facType":"hospital"}},{"type":"Feature","geometry":{"type":"Point","coordinates":[-71.0586,42.46311]},"properties":{"probability":0.643,"inBuffer":true,"facType":"hospital"}},{"type":"Feature","geometry":{"type":"Point","coordinates":[-71.05252,42.46322]},"properties":{"probability":0.438,"inBuffer":false,"facType":"substation"}},{"type":"Feature","geometry":{"type":"Point","coordinates":[-71.04645,42.46333]},"properties":{"probability":0.393,"inBuffer":false,"facType":"substation"}},{"type":"Feature","geometry":{"type":"Point","coordinates":[-71.04037,42.46344]},"properties":{"probability":0.353,"inBuffer":false,"facType":"substation"}},{"type":"Feature","geometry":{"type":"Point","coordinates":[-71.03429,42.46354]},"properties":{"probability":0.563,"inBuffer":false,"facType":"substation"}},{"type":"Feature","geometry":{"type":"Point","coordinates":[-71.02821,42.46365]},"properties":{"probability":0.762,"inBuffer":false,"facType":"substation"}},{"type":"Feature","geometry":{"type":"Point","coordinates":[-71.02213,42.46376]},"properties":{"probability":0.714,"inBuffer":false,"facType":"substation"}},{"type":"Feature","geometry":{"type":"Point","coordinates":[-71.01606,42.46387]},"properties":{"probability":0.582,"inBuffer":true,"facType":"substation"}},{"type":"Feature","geometry":{"type":"Point","coordinates":[-71.00998,42.46397]},"properties":{"probability":0.635,"inBuffer":true,"facType":"government"}},{"type":"Feature","geometry":{"type":"Point","coordinates":[-71.0039,42.46408]},"properties":{"probability":0.441,"inBuffer":true,"facType":"fire"}},{"type":"Feature","geometry":{"type":"Point","coordinates":[-70.99783,42.46418]},"properties":{"probability":0.372,"inBuffer":true,"facType":"fire"}},{"type":"Feature","geometry":{"type":"Point","coordinates":[-70.99174,42.46429]},"properties":{"probability":0.501,"inBuffer":false,"facType":"substation"}},{"type":"Feature","geometry":{"type":"Point","coordinates":[-70.98566,42.4644]},"properties":{"probability":0.639,"inBuffer":true,"facType":"substation"}},{"type":"Feature","geometry":{"type":"Point","coordinates":[-70.97959,42.4645]},"properties":{"probability":0.651,"inBuffer":true,"facType":"fire"}},{"type":"Feature","geometry":{"type":"Point","coordinates":[-70.97351,42.46461]},"properties":{"probability":0.694,"inBuffer":true,"facType":"substation"}},{"type":"Feature","geometry":{"type":"Point","coordinates":[-70.96743,42.46471]},"properties":{"probability":0.755,"inBuffer":true,"facType":"fire"}},{"type":"Feature","geometry":{"type":"Point","coordinates":[-70.96136,42.46482]},"properties":{"probability":0.785,"inBuffer":true,"facType":"fire"}},{"type":"Feature","geometry":{"type":"Point","coordinates":[-70.95528,42.46492]},"properties":{"probability":0.798,"inBuffer":true,"facType":"government"}},{"type":"Feature","geometry":{"type":"Point","coordinates":[-70.9492,42.46502]},"properties":{"probability":0.814,"inBuffer":true,"facType":"government"}},{"type":"Feature","geometry":{"type":"Point","coordinates":[-70.94312,42.46513]},"properties":{"probability":0.809,"inBuffer":true,"facType":"police"}},{"type":"Feature","geometry":{"type":"Point","coordinates":[-70.93704,42.46523]},"properties":{"probability":0.768,"inBuffer":true,"facType":"fire"}},{"type":"Feature","geometry":{"type":"Point","coordinates":[-70.93096,42.46533]},"properties":{"probability":0.699,"inBuffer":true,"facType":"fire"}},{"type":"Feature","geometry":{"type":"Point","coordinates":[-70.92488,42.46544]},"properties":{"probability":0.502,"inBuffer":true,"facType":"fire"}},{"type":"Feature","geometry":{"type":"Point","coordinates":[-70.91881,42.46553]},"properties":{"probability":0.464,"inBuffer":true,"facType":"government"}},{"type":"Feature","geometry":{"type":"Point","coordinates":[-70.91273,42.46564]},"properties":{"probability":0.381,"inBuffer":true,"facType":"substation"}},{"type":"Feature","geometry":{"type":"Point","coordinates":[-70.90665,42.46574]},"properties":{"probability":0.381,"inBuffer":true,"facType":"police"}},{"type":"Feature","geometry":{"type":"Point","coordinates":[-70.90057,42.46584]},"properties":{"probability":0.391,"inBuffer":true,"facType":"police"}},{"type":"Feature","geometry":{"type":"Point","coordinates":[-70.89449,42.46594]},"properties":{"probability":0.414,"inBuffer":false,"facType":"police"}},{"type":"Feature","geometry":{"type":"Point","coordinates":[-71.23468,42.45531]},"properties":{"probability":0.427,"inBuffer":true,"facType":"fire"}},{"type":"Feature","geometry":{"type":"Point","coordinates":[-71.22861,42.45543]},"properties":{"probability":0.342,"inBuffer":true,"facType":"fire"}},{"type":"Feature","geometry":{"type":"Point","coordinates":[-71.19215,42.45613]},"properties":{"probability":0.329,"inBuffer":false,"facType":"government"}},{"type":"Feature","geometry":{"type":"Point","coordinates":[-71.18607,42.45625]},"properties":{"probability":0.347,"inBuffer":false,"facType":"government"}},{"type":"Feature","geometry":{"type":"Point","coordinates":[-71.17392,42.45648]},"properties":{"probability":0.314,"inBuffer":false,"facType":"hospital"}},{"type":"Feature","geometry":{"type":"Point","coordinates":[-71.16784,42.45659]},"properties":{"probability":0.595,"inBuffer":false,"facType":"hospital"}},{"type":"Feature","geometry":{"type":"Point","coordinates":[-71.16177,42.45671]},"properties":{"probability":0.426,"inBuffer":false,"facType":"hospital"}},{"type":"Feature","geometry":{"type":"Point","coordinates":[-71.15569,42.45682]},"properties":{"probability":0.408,"inBuffer":false,"facType":"substation"}},{"type":"Feature","geometry":{"type":"Point","coordinates":[-71.14961,42.45694]},"properties":{"probability":0.324,"inBuffer":false,"facType":"substation"}},{"type":"Feature","geometry":{"type":"Point","coordinates":[-71.14353,42.45705]},"properties":{"probability":0.491,"inBuffer":false,"facType":"fire"}},{"type":"Feature","geometry":{"type":"Point","coordinates":[-71.13746,42.45716]},"properties":{"probability":0.685,"inBuffer":true,"facType":"fire"}},{"type":"Feature","geometry":{"type":"Point","coordinates":[-71.13138,42.45728]},"properties":{"probability":0.617,"inBuffer":true,"facType":"government"}},{"type":"Feature","geometry":{"type":"Point","coordinates":[-71.12531,42.45739]},"properties":{"probability":0.383,"inBuffer":false,"facType":"government"}},{"type":"Feature","geometry":{"type":"Point","coordinates":[-71.10707,42.45773]},"properties":{"probability":0.342,"inBuffer":false,"facType":"hospital"}},{"type":"Feature","geometry":{"type":"Point","coordinates":[-71.101,42.45784]},"properties":{"probability":0.377,"inBuffer":false,"facType":"hospital"}},{"type":"Feature","geometry":{"type":"Point","coordinates":[-71.09492,42.45795]},"properties":{"probability":0.36,"inBuffer":false,"facType":"fire"}},{"type":"Feature","geometry":{"type":"Point","coordinates":[-71.08884,42.45806]},"properties":{"probability":0.442,"inBuffer":false,"facType":"fire"}},{"type":"Feature","geometry":{"type":"Point","coordinates":[-71.08276,42.45817]},"properties":{"probability":0.488,"inBuffer":false,"facType":"police"}},{"type":"Feature","geometry":{"type":"Point","coordinates":[-71.07668,42.45828]},"properties":{"probability":0.556,"inBuffer":false,"facType":"police"}},{"type":"Feature","geometry":{"type":"Point","coordinates":[-71.07061,42.45839]},"properties":{"probability":0.641,"inBuffer":true,"facType":"government"}},{"type":"Feature","geometry":{"type":"Point","coordinates":[-71.06453,42.4585]},"properties":{"probability":0.68,"inBuffer":true,"facType":"fire"}},{"type":"Feature","geometry":{"type":"Point","coordinates":[-71.05846,42.45861]},"properties":{"probability":0.651,"inBuffer":true,"facType":"hospital"}},{"type":"Feature","geometry":{"type":"Point","coordinates":[-71.05238,42.45872]},"properties":{"probability":0.459,"inBuffer":true,"facType":"fire"}},{"type":"Feature","geometry":{"type":"Point","coordinates":[-71.0463,42.45883]},"properties":{"probability":0.449,"inBuffer":true,"facType":"fire"}},{"type":"Feature","geometry":{"type":"Point","coordinates":[-71.04022,42.45893]},"properties":{"probability":0.361,"inBuffer":false,"facType":"fire"}},{"type":"Feature","geometry":{"type":"Point","coordinates":[-71.03414,42.45905]},"properties":{"probability":0.516,"inBuffer":false,"facType":"fire"}},{"type":"Feature","geometry":{"type":"Point","coordinates":[-71.02807,42.45915]},"properties":{"probability":0.758,"inBuffer":false,"facType":"substation"}},{"type":"Feature","geometry":{"type":"Point","coordinates":[-71.02199,42.45926]},"properties":{"probability":0.736,"inBuffer":false,"facType":"substation"}},{"type":"Feature","geometry":{"type":"Point","coordinates":[-71.01591,42.45937]},"properties":{"probability":0.631,"inBuffer":false,"facType":"substation"}},{"type":"Feature","geometry":{"type":"Point","coordinates":[-71.00983,42.45947]},"properties":{"probability":0.572,"inBuffer":true,"facType":"substation"}},{"type":"Feature","geometry":{"type":"Point","coordinates":[-71.00375,42.45958]},"properties":{"probability":0.427,"inBuffer":true,"facType":"fire"}},{"type":"Feature","geometry":{"type":"Point","coordinates":[-70.99768,42.45969]},"properties":{"probability":0.368,"inBuffer":false,"facType":"fire"}},{"type":"Feature","geometry":{"type":"Point","coordinates":[-70.9916,42.45979]},"properties":{"probability":0.51,"inBuffer":false,"facType":"substation"}},{"type":"Feature","geometry":{"type":"Point","coordinates":[-70.98553,42.4599]},"properties":{"probability":0.529,"inBuffer":true,"facType":"substation"}},{"type":"Feature","geometry":{"type":"Point","coordinates":[-70.97945,42.46]},"properties":{"probability":0.607,"inBuffer":true,"facType":"substation"}},{"type":"Feature","geometry":{"type":"Point","coordinates":[-70.97337,42.46011]},"properties":{"probability":0.723,"inBuffer":true,"facType":"substation"}},{"type":"Feature","geometry":{"type":"Point","coordinates":[-70.96729,42.46021]},"properties":{"probability":0.746,"inBuffer":true,"facType":"fire"}},{"type":"Feature","geometry":{"type":"Point","coordinates":[-70.96121,42.46032]},"properties":{"probability":0.793,"inBuffer":true,"facType":"fire"}},{"type":"Feature","geometry":{"type":"Point","coordinates":[-70.95513,42.46042]},"properties":{"probability":0.807,"inBuffer":false,"facType":"government"}},{"type":"Feature","geometry":{"type":"Point","coordinates":[-70.94906,42.46052]},"properties":{"probability":0.81,"inBuffer":true,"facType":"government"}},{"type":"Feature","geometry":{"type":"Point","coordinates":[-70.94298,42.46062]},"properties":{"probability":0.81,"inBuffer":true,"facType":"police"}},{"type":"Feature","geometry":{"type":"Point","coordinates":[-70.9369,42.46073]},"properties":{"probability":0.7,"inBuffer":false,"facType":"fire"}},{"type":"Feature","geometry":{"type":"Point","coordinates":[-70.93082,42.46083]},"properties":{"probability":0.621,"inBuffer":false,"facType":"fire"}},{"type":"Feature","geometry":{"type":"Point","coordinates":[-70.92474,42.46093]},"properties":{"probability":0.368,"inBuffer":false,"facType":"fire"}},{"type":"Feature","geometry":{"type":"Point","coordinates":[-71.23452,42.45081]},"properties":{"probability":0.612,"inBuffer":true,"facType":"fire"}},{"type":"Feature","geometry":{"type":"Point","coordinates":[-71.22845,42.45093]},"properties":{"probability":0.541,"inBuffer":true,"facType":"fire"}},{"type":"Feature","geometry":{"type":"Point","coordinates":[-71.22237,42.45105]},"properties":{"probability":0.437,"inBuffer":true,"facType":"government"}},{"type":"Feature","geometry":{"type":"Point","coordinates":[-71.19807,42.45152]},"properties":{"probability":0.275,"inBuffer":false,"facType":"government"}},{"type":"Feature","geometry":{"type":"Point","coordinates":[-71.19199,42.45163]},"properties":{"probability":0.291,"inBuffer":false,"facType":"government"}},{"type":"Feature","geometry":{"type":"Point","coordinates":[-71.17376,42.45198]},"properties":{"probability":0.34,"inBuffer":false,"facType":"fire"}},{"type":"Feature","geometry":{"type":"Point","coordinates":[-71.16769,42.45209]},"properties":{"probability":0.312,"inBuffer":false,"facType":"fire"}},{"type":"Feature","geometry":{"type":"Point","coordinates":[-71.16161,42.45221]},"properties":{"probability":0.344,"inBuffer":false,"facType":"hospital"}},{"type":"Feature","geometry":{"type":"Point","coordinates":[-71.15553,42.45232]},"properties":{"probability":0.368,"inBuffer":false,"facType":"substation"}},{"type":"Feature","geometry":{"type":"Point","coordinates":[-71.14945,42.45243]},"properties":{"probability":0.351,"inBuffer":false,"facType":"fire"}},{"type":"Feature","geometry":{"type":"Point","coordinates":[-71.14338,42.45255]},"properties":{"probability":0.515,"inBuffer":true,"facType":"fire"}},{"type":"Feature","geometry":{"type":"Point","coordinates":[-71.13731,42.45266]},"properties":{"probability":0.686,"inBuffer":true,"facType":"fire"}},{"type":"Feature","geometry":{"type":"Point","coordinates":[-71.13123,42.45278]},"properties":{"probability":0.59,"inBuffer":true,"facType":"government"}},{"type":"Feature","geometry":{"type":"Point","coordinates":[-71.12515,42.45289]},"properties":{"probability":0.451,"inBuffer":false,"facType":"government"}},{"type":"Feature","geometry":{"type":"Point","coordinates":[-71.10692,42.45322]},"properties":{"probability":0.352,"inBuffer":false,"facType":"water_works"}},{"type":"Feature","geometry":{"type":"Point","coordinates":[-71.10085,42.45334]},"properties":{"probability":0.319,"inBuffer":false,"facType":"fire"}},{"type":"Feature","geometry":{"type":"Point","coordinates":[-71.09476,42.45345]},"properties":{"probability":0.379,"inBuffer":false,"facType":"fire"}},{"type":"Feature","geometry":{"type":"Point","coordinates":[-71.08869,42.45356]},"properties":{"probability":0.514,"inBuffer":false,"facType":"police"}},{"type":"Feature","geometry":{"type":"Point","coordinates":[-71.08261,42.45367]},"properties":{"probability":0.463,"inBuffer":false,"facType":"police"}},{"type":"Feature","geometry":{"type":"Point","coordinates":[-71.07654,42.45378]},"properties":{"probability":0.508,"inBuffer":false,"facType":"police"}},{"type":"Feature","geometry":{"type":"Point","coordinates":[-71.07046,42.45389]},"properties":{"probability":0.647,"inBuffer":true,"facType":"police"}},{"type":"Feature","geometry":{"type":"Point","coordinates":[-71.06438,42.454]},"properties":{"probability":0.637,"inBuffer":true,"facType":"police"}},{"type":"Feature","geometry":{"type":"Point","coordinates":[-71.0583,42.45411]},"properties":{"probability":0.443,"inBuffer":true,"facType":"fire"}},{"type":"Feature","geometry":{"type":"Point","coordinates":[-71.05223,42.45422]},"properties":{"probability":0.445,"inBuffer":true,"facType":"fire"}},{"type":"Feature","geometry":{"type":"Point","coordinates":[-71.04615,42.45433]},"properties":{"probability":0.433,"inBuffer":true,"facType":"fire"}},{"type":"Feature","geometry":{"type":"Point","coordinates":[-71.04008,42.45444]},"properties":{"probability":0.388,"inBuffer":false,"facType":"fire"}},{"type":"Feature","geometry":{"type":"Point","coordinates":[-71.034,42.45454]},"properties":{"probability":0.386,"inBuffer":false,"facType":"fire"}},{"type":"Feature","geometry":{"type":"Point","coordinates":[-71.02792,42.45465]},"properties":{"probability":0.696,"inBuffer":false,"facType":"fire"}},{"type":"Feature","geometry":{"type":"Point","coordinates":[-71.02184,42.45476]},"properties":{"probability":0.708,"inBuffer":true,"facType":"fire"}},{"type":"Feature","geometry":{"type":"Point","coordinates":[-71.01577,42.45486]},"properties":{"probability":0.543,"inBuffer":true,"facType":"fire"}},{"type":"Feature","geometry":{"type":"Point","coordinates":[-71.00969,42.45497]},"properties":{"probability":0.54,"inBuffer":true,"facType":"fire"}},{"type":"Feature","geometry":{"type":"Point","coordinates":[-71.00362,42.45508]},"properties":{"probability":0.408,"inBuffer":false,"facType":"fire"}},{"type":"Feature","geometry":{"type":"Point","coordinates":[-70.99754,42.45518]},"properties":{"probability":0.366,"inBuffer":false,"facType":"fire"}},{"type":"Feature","geometry":{"type":"Point","coordinates":[-70.99146,42.45529]},"properties":{"probability":0.445,"inBuffer":false,"facType":"substation"}},{"type":"Feature","geometry":{"type":"Point","coordinates":[-70.98538,42.45539]},"properties":{"probability":0.527,"inBuffer":false,"facType":"substation"}},{"type":"Feature","geometry":{"type":"Point","coordinates":[-70.9793,42.4555]},"properties":{"probability":0.66,"inBuffer":false,"facType":"substation"}},{"type":"Feature","geometry":{"type":"Point","coordinates":[-70.97323,42.4556]},"properties":{"probability":0.788,"inBuffer":true,"facType":"power"}},{"type":"Feature","geometry":{"type":"Point","coordinates":[-70.96715,42.45571]},"properties":{"probability":0.785,"inBuffer":true,"facType":"power"}},{"type":"Feature","geometry":{"type":"Point","coordinates":[-70.96107,42.45581]},"properties":{"probability":0.808,"inBuffer":true,"facType":"water_works"}},{"type":"Feature","geometry":{"type":"Point","coordinates":[-70.95499,42.45592]},"properties":{"probability":0.807,"inBuffer":false,"facType":"substation"}},{"type":"Feature","geometry":{"type":"Point","coordinates":[-70.94892,42.45602]},"properties":{"probability":0.789,"inBuffer":false,"facType":"substation"}},{"type":"Feature","geometry":{"type":"Point","coordinates":[-70.94284,42.45613]},"properties":{"probability":0.69,"inBuffer":false,"facType":"substation"}},{"type":"Feature","geometry":{"type":"Point","coordinates":[-70.93676,42.45623]},"properties":{"probability":0.602,"inBuffer":false,"facType":"substation"}},{"type":"Feature","geometry":{"type":"Point","coordinates":[-70.93069,42.45633]},"properties":{"probability":0.455,"inBuffer":false,"facType":"fire"}},{"type":"Feature","geometry":{"type":"Point","coordinates":[-71.23436,42.44631]},"properties":{"probability":0.524,"inBuffer":false,"facType":"substation"}},{"type":"Feature","geometry":{"type":"Point","coordinates":[-71.22829,42.44643]},"properties":{"probability":0.632,"inBuffer":true,"facType":"substation"}},{"type":"Feature","geometry":{"type":"Point","coordinates":[-71.22221,42.44654]},"properties":{"probability":0.517,"inBuffer":true,"facType":"police"}},{"type":"Feature","geometry":{"type":"Point","coordinates":[-71.20398,42.4469]},"properties":{"probability":0.328,"inBuffer":false,"facType":"government"}},{"type":"Feature","geometry":{"type":"Point","coordinates":[-71.19791,42.44701]},"properties":{"probability":0.302,"inBuffer":false,"facType":"government"}},{"type":"Feature","geometry":{"type":"Point","coordinates":[-71.19183,42.44713]},"properties":{"probability":0.357,"inBuffer":false,"facType":"government"}},{"type":"Feature","geometry":{"type":"Point","coordinates":[-71.17361,42.44748]},"properties":{"probability":0.369,"inBuffer":true,"facType":"fire"}},{"type":"Feature","geometry":{"type":"Point","coordinates":[-71.16753,42.44759]},"properties":{"probability":0.374,"inBuffer":false,"facType":"fire"}},{"type":"Feature","geometry":{"type":"Point","coordinates":[-71.16145,42.44771]},"properties":{"probability":0.321,"inBuffer":false,"facType":"fire"}},{"type":"Feature","geometry":{"type":"Point","coordinates":[-71.15538,42.44782]},"properties":{"probability":0.365,"inBuffer":false,"facType":"substation"}},{"type":"Feature","geometry":{"type":"Point","coordinates":[-71.1493,42.44794]},"properties":{"probability":0.397,"inBuffer":false,"facType":"fire"}},{"type":"Feature","geometry":{"type":"Point","coordinates":[-71.14323,42.44805]},"properties":{"probability":0.422,"inBuffer":false,"facType":"fire"}},{"type":"Feature","geometry":{"type":"Point","coordinates":[-71.13715,42.44816]},"properties":{"probability":0.568,"inBuffer":true,"facType":"government"}},{"type":"Feature","geometry":{"type":"Point","coordinates":[-71.13107,42.44828]},"properties":{"probability":0.411,"inBuffer":true,"facType":"government"}},{"type":"Feature","geometry":{"type":"Point","coordinates":[-71.10677,42.44873]},"properties":{"probability":0.356,"inBuffer":false,"facType":"water_works"}},{"type":"Feature","geometry":{"type":"Point","coordinates":[-71.10069,42.44884]},"properties":{"probability":0.311,"inBuffer":false,"facType":"fire"}},{"type":"Feature","geometry":{"type":"Point","coordinates":[-71.09462,42.44895]},"properties":{"probability":0.412,"inBuffer":false,"facType":"fire"}},{"type":"Feature","geometry":{"type":"Point","coordinates":[-71.08854,42.44906]},"properties":{"probability":0.4,"inBuffer":false,"facType":"fire"}},{"type":"Feature","geometry":{"type":"Point","coordinates":[-71.08247,42.44917]},"properties":{"probability":0.376,"inBuffer":false,"facType":"police"}},{"type":"Feature","geometry":{"type":"Point","coordinates":[-71.07639,42.44928]},"properties":{"probability":0.415,"inBuffer":false,"facType":"police"}},{"type":"Feature","geometry":{"type":"Point","coordinates":[-71.07031,42.44939]},"properties":{"probability":0.552,"inBuffer":true,"facType":"police"}},{"type":"Feature","geometry":{"type":"Point","coordinates":[-71.06423,42.4495]},"properties":{"probability":0.443,"inBuffer":true,"facType":"police"}},{"type":"Feature","geometry":{"type":"Point","coordinates":[-71.05816,42.44961]},"properties":{"probability":0.353,"inBuffer":false,"facType":"substation"}},{"type":"Feature","geometry":{"type":"Point","coordinates":[-71.05209,42.44972]},"properties":{"probability":0.388,"inBuffer":false,"facType":"fire"}},{"type":"Feature","geometry":{"type":"Point","coordinates":[-71.04601,42.44983]},"properties":{"probability":0.372,"inBuffer":false,"facType":"fire"}},{"type":"Feature","geometry":{"type":"Point","coordinates":[-71.03385,42.45004]},"properties":{"probability":0.359,"inBuffer":false,"facType":"fire"}},{"type":"Feature","geometry":{"type":"Point","coordinates":[-71.02778,42.45015]},"properties":{"probability":0.673,"inBuffer":false,"facType":"fire"}},{"type":"Feature","geometry":{"type":"Point","coordinates":[-71.0217,42.45026]},"properties":{"probability":0.655,"inBuffer":true,"facType":"fire"}},{"type":"Feature","geometry":{"type":"Point","coordinates":[-71.01562,42.45037]},"properties":{"probability":0.504,"inBuffer":true,"facType":"fire"}},{"type":"Feature","geometry":{"type":"Point","coordinates":[-71.00954,42.45047]},"properties":{"probability":0.533,"inBuffer":true,"facType":"fire"}},{"type":"Feature","geometry":{"type":"Point","coordinates":[-71.00347,42.45058]},"properties":{"probability":0.455,"inBuffer":false,"facType":"fire"}},{"type":"Feature","geometry":{"type":"Point","coordinates":[-70.99739,42.45068]},"properties":{"probability":0.43,"inBuffer":false,"facType":"power"}},{"type":"Feature","geometry":{"type":"Point","coordinates":[-70.99132,42.45079]},"properties":{"probability":0.441,"inBuffer":false,"facType":"power"}},{"type":"Feature","geometry":{"type":"Point","coordinates":[-70.98524,42.4509]},"properties":{"probability":0.615,"inBuffer":true,"facType":"power"}},{"type":"Feature","geometry":{"type":"Point","coordinates":[-70.97916,42.451]},"properties":{"probability":0.796,"inBuffer":true,"facType":"substation"}},{"type":"Feature","geometry":{"type":"Point","coordinates":[-70.97308,42.45111]},"properties":{"probability":0.804,"inBuffer":true,"facType":"power"}},{"type":"Feature","geometry":{"type":"Point","coordinates":[-70.96701,42.45121]},"properties":{"probability":0.795,"inBuffer":true,"facType":"power"}},{"type":"Feature","geometry":{"type":"Point","coordinates":[-70.96093,42.45131]},"properties":{"probability":0.806,"inBuffer":true,"facType":"water_works"}},{"type":"Feature","geometry":{"type":"Point","coordinates":[-70.95486,42.45142]},"properties":{"probability":0.76,"inBuffer":false,"facType":"water_works"}},{"type":"Feature","geometry":{"type":"Point","coordinates":[-70.94878,42.45152]},"properties":{"probability":0.552,"inBuffer":false,"facType":"substation"}},{"type":"Feature","geometry":{"type":"Point","coordinates":[-70.9427,42.45163]},"properties":{"probability":0.493,"inBuffer":false,"facType":"substation"}},{"type":"Feature","geometry":{"type":"Point","coordinates":[-70.93662,42.45173]},"properties":{"probability":0.436,"inBuffer":false,"facType":"substation"}},{"type":"Feature","geometry":{"type":"Point","coordinates":[-70.93055,42.45183]},"properties":{"probability":0.304,"inBuffer":false,"facType":"substation"}},{"type":"Feature","geometry":{"type":"Point","coordinates":[-71.2342,42.44181]},"properties":{"probability":0.404,"inBuffer":false,"facType":"substation"}},{"type":"Feature","geometry":{"type":"Point","coordinates":[-71.22813,42.44193]},"properties":{"probability":0.521,"inBuffer":true,"facType":"substation"}},{"type":"Feature","geometry":{"type":"Point","coordinates":[-71.22205,42.44205]},"properties":{"probability":0.54,"inBuffer":true,"facType":"police"}},{"type":"Feature","geometry":{"type":"Point","coordinates":[-71.21597,42.44216]},"properties":{"probability":0.307,"inBuffer":false,"facType":"police"}},{"type":"Feature","geometry":{"type":"Point","coordinates":[-71.20383,42.4424]},"properties":{"probability":0.362,"inBuffer":false,"facType":"government"}},{"type":"Feature","geometry":{"type":"Point","coordinates":[-71.19775,42.44251]},"properties":{"probability":0.341,"inBuffer":false,"facType":"government"}},{"type":"Feature","geometry":{"type":"Point","coordinates":[-71.19167,42.44263]},"properties":{"probability":0.31,"inBuffer":false,"facType":"government"}},{"type":"Feature","geometry":{"type":"Point","coordinates":[-71.17345,42.44298]},"properties":{"probability":0.367,"inBuffer":true,"facType":"fire"}},{"type":"Feature","geometry":{"type":"Point","coordinates":[-71.16737,42.44309]},"properties":{"probability":0.384,"inBuffer":true,"facType":"fire"}},{"type":"Feature","geometry":{"type":"Point","coordinates":[-71.1613,42.44321]},"properties":{"probability":0.319,"inBuffer":false,"facType":"fire"}},{"type":"Feature","geometry":{"type":"Point","coordinates":[-71.15522,42.44332]},"properties":{"probability":0.336,"inBuffer":false,"facType":"fire"}},{"type":"Feature","geometry":{"type":"Point","coordinates":[-71.14915,42.44344]},"properties":{"probability":0.306,"inBuffer":false,"facType":"fire"}},{"type":"Feature","geometry":{"type":"Point","coordinates":[-71.14307,42.44355]},"properties":{"probability":0.372,"inBuffer":false,"facType":"fire"}},{"type":"Feature","geometry":{"type":"Point","coordinates":[-71.13699,42.44366]},"properties":{"probability":0.392,"inBuffer":false,"facType":"government"}},{"type":"Feature","geometry":{"type":"Point","coordinates":[-71.13092,42.44378]},"properties":{"probability":0.379,"inBuffer":false,"facType":"water_works"}},{"type":"Feature","geometry":{"type":"Point","coordinates":[-71.10662,42.44423]},"properties":{"probability":0.351,"inBuffer":false,"facType":"water_works"}},{"type":"Feature","geometry":{"type":"Point","coordinates":[-71.10054,42.44434]},"properties":{"probability":0.331,"inBuffer":false,"facType":"fire"}},{"type":"Feature","geometry":{"type":"Point","coordinates":[-71.09447,42.44445]},"properties":{"probability":0.395,"inBuffer":false,"facType":"fire"}},{"type":"Feature","geometry":{"type":"Point","coordinates":[-71.08839,42.44456]},"properties":{"probability":0.313,"inBuffer":false,"facType":"fire"}},{"type":"Feature","geometry":{"type":"Point","coordinates":[-71.07624,42.44478]},"properties":{"probability":0.379,"inBuffer":false,"facType":"police"}},{"type":"Feature","geometry":{"type":"Point","coordinates":[-71.07016,42.44489]},"properties":{"probability":0.537,"inBuffer":false,"facType":"police"}},{"type":"Feature","geometry":{"type":"Point","coordinates":[-71.06409,42.445]},"properties":{"probability":0.428,"inBuffer":false,"facType":"police"}},{"type":"Feature","geometry":{"type":"Point","coordinates":[-71.05801,42.44511]},"properties":{"probability":0.366,"inBuffer":false,"facType":"police"}},{"type":"Feature","geometry":{"type":"Point","coordinates":[-71.05193,42.44522]},"properties":{"probability":0.398,"inBuffer":false,"facType":"fire"}},{"type":"Feature","geometry":{"type":"Point","coordinates":[-71.04586,42.44533]},"properties":{"probability":0.371,"inBuffer":false,"facType":"fire"}},{"type":"Feature","geometry":{"type":"Point","coordinates":[-71.03979,42.44543]},"properties":{"probability":0.399,"inBuffer":false,"facType":"fire"}},{"type":"Feature","geometry":{"type":"Point","coordinates":[-71.03371,42.44554]},"properties":{"probability":0.506,"inBuffer":false,"facType":"fire"}},{"type":"Feature","geometry":{"type":"Point","coordinates":[-71.02763,42.44565]},"properties":{"probability":0.735,"inBuffer":false,"facType":"fire"}},{"type":"Feature","geometry":{"type":"Point","coordinates":[-71.02155,42.44576]},"properties":{"probability":0.696,"inBuffer":true,"facType":"fire"}},{"type":"Feature","geometry":{"type":"Point","coordinates":[-71.01548,42.44587]},"properties":{"probability":0.459,"inBuffer":true,"facType":"fire"}},{"type":"Feature","geometry":{"type":"Point","coordinates":[-71.0094,42.44597]},"properties":{"probability":0.534,"inBuffer":true,"facType":"fire"}},{"type":"Feature","geometry":{"type":"Point","coordinates":[-71.00333,42.44608]},"properties":{"probability":0.404,"inBuffer":false,"facType":"fire"}},{"type":"Feature","geometry":{"type":"Point","coordinates":[-70.99725,42.44619]},"properties":{"probability":0.367,"inBuffer":false,"facType":"power"}},{"type":"Feature","geometry":{"type":"Point","coordinates":[-70.99117,42.44629]},"properties":{"probability":0.495,"inBuffer":false,"facType":"power"}},{"type":"Feature","geometry":{"type":"Point","coordinates":[-70.9851,42.4464]},"properties":{"probability":0.595,"inBuffer":true,"facType":"power"}},{"type":"Feature","geometry":{"type":"Point","coordinates":[-70.97902,42.4465]},"properties":{"probability":0.726,"inBuffer":true,"facType":"substation"}},{"type":"Feature","geometry":{"type":"Point","coordinates":[-70.97295,42.44661]},"properties":{"probability":0.66,"inBuffer":true,"facType":"substation"}},{"type":"Feature","geometry":{"type":"Point","coordinates":[-70.96687,42.44671]},"properties":{"probability":0.654,"inBuffer":true,"facType":"substation"}},{"type":"Feature","geometry":{"type":"Point","coordinates":[-70.96079,42.44682]},"properties":{"probability":0.733,"inBuffer":false,"facType":"substation"}},{"type":"Feature","geometry":{"type":"Point","coordinates":[-70.95471,42.44692]},"properties":{"probability":0.548,"inBuffer":false,"facType":"water_works"}},{"type":"Feature","geometry":{"type":"Point","coordinates":[-70.94864,42.44702]},"properties":{"probability":0.398,"inBuffer":false,"facType":"substation"}},{"type":"Feature","geometry":{"type":"Point","coordinates":[-70.94256,42.44712]},"properties":{"probability":0.357,"inBuffer":false,"facType":"substation"}},{"type":"Feature","geometry":{"type":"Point","coordinates":[-70.93649,42.44723]},"properties":{"probability":0.33,"inBuffer":false,"facType":"substation"}},{"type":"Feature","geometry":{"type":"Point","coordinates":[-71.23404,42.43731]},"properties":{"probability":0.356,"inBuffer":false,"facType":"substation"}},{"type":"Feature","geometry":{"type":"Point","coordinates":[-71.22189,42.43755]},"properties":{"probability":0.334,"inBuffer":false,"facType":"police"}},{"type":"Feature","geometry":{"type":"Point","coordinates":[-71.21582,42.43766]},"properties":{"probability":0.379,"inBuffer":true,"facType":"fire"}},{"type":"Feature","geometry":{"type":"Point","coordinates":[-71.20974,42.43778]},"properties":{"probability":0.303,"inBuffer":true,"facType":"fire"}},{"type":"Feature","geometry":{"type":"Point","coordinates":[-71.19759,42.43801]},"properties":{"probability":0.31,"inBuffer":false,"facType":"government"}},{"type":"Feature","geometry":{"type":"Point","coordinates":[-71.17329,42.43848]},"properties":{"probability":0.364,"inBuffer":true,"facType":"fire"}},{"type":"Feature","geometry":{"type":"Point","coordinates":[-71.16722,42.43859]},"properties":{"probability":0.364,"inBuffer":true,"facType":"fire"}},{"type":"Feature","geometry":{"type":"Point","coordinates":[-71.16114,42.43871]},"properties":{"probability":0.354,"inBuffer":false,"facType":"fire"}},{"type":"Feature","geometry":{"type":"Point","coordinates":[-71.15507,42.43882]},"properties":{"probability":0.335,"inBuffer":false,"facType":"fire"}},{"type":"Feature","geometry":{"type":"Point","coordinates":[-71.14899,42.43894]},"properties":{"probability":0.302,"inBuffer":false,"facType":"fire"}},{"type":"Feature","geometry":{"type":"Point","coordinates":[-71.14292,42.43905]},"properties":{"probability":0.366,"inBuffer":false,"facType":"fire"}},{"type":"Feature","geometry":{"type":"Point","coordinates":[-71.13684,42.43916]},"properties":{"probability":0.342,"inBuffer":false,"facType":"water_works"}},{"type":"Feature","geometry":{"type":"Point","coordinates":[-71.13077,42.43928]},"properties":{"probability":0.361,"inBuffer":false,"facType":"water_works"}},{"type":"Feature","geometry":{"type":"Point","coordinates":[-71.10647,42.43973]},"properties":{"probability":0.313,"inBuffer":false,"facType":"fire"}},{"type":"Feature","geometry":{"type":"Point","coordinates":[-71.1004,42.43984]},"properties":{"probability":0.378,"inBuffer":true,"facType":"fire"}},{"type":"Feature","geometry":{"type":"Point","coordinates":[-71.09431,42.43995]},"properties":{"probability":0.379,"inBuffer":true,"facType":"fire"}},{"type":"Feature","geometry":{"type":"Point","coordinates":[-71.08824,42.44006]},"properties":{"probability":0.386,"inBuffer":false,"facType":"fire"}},{"type":"Feature","geometry":{"type":"Point","coordinates":[-71.08217,42.44017]},"properties":{"probability":0.374,"inBuffer":false,"facType":"fire"}},{"type":"Feature","geometry":{"type":"Point","coordinates":[-71.07609,42.44028]},"properties":{"probability":0.484,"inBuffer":false,"facType":"government"}},{"type":"Feature","geometry":{"type":"Point","coordinates":[-71.07001,42.44039]},"properties":{"probability":0.628,"inBuffer":false,"facType":"fire"}},{"type":"Feature","geometry":{"type":"Point","coordinates":[-71.06394,42.4405]},"properties":{"probability":0.531,"inBuffer":false,"facType":"fire"}},{"type":"Feature","geometry":{"type":"Point","coordinates":[-71.05786,42.44061]},"properties":{"probability":0.514,"inBuffer":false,"facType":"fire"}},{"type":"Feature","geometry":{"type":"Point","coordinates":[-71.05179,42.44072]},"properties":{"probability":0.481,"inBuffer":false,"facType":"fire"}},{"type":"Feature","geometry":{"type":"Point","coordinates":[-71.04572,42.44083]},"properties":{"probability":0.54,"inBuffer":true,"facType":"fire"}},{"type":"Feature","geometry":{"type":"Point","coordinates":[-71.03963,42.44093]},"properties":{"probability":0.504,"inBuffer":false,"facType":"fire"}},{"type":"Feature","geometry":{"type":"Point","coordinates":[-71.03356,42.44104]},"properties":{"probability":0.641,"inBuffer":false,"facType":"fire"}},{"type":"Feature","geometry":{"type":"Point","coordinates":[-71.02749,42.44115]},"properties":{"probability":0.703,"inBuffer":false,"facType":"substation"}},{"type":"Feature","geometry":{"type":"Point","coordinates":[-71.02141,42.44126]},"properties":{"probability":0.662,"inBuffer":false,"facType":"fire"}},{"type":"Feature","geometry":{"type":"Point","coordinates":[-71.01534,42.44136]},"properties":{"probability":0.562,"inBuffer":false,"facType":"fire"}},{"type":"Feature","geometry":{"type":"Point","coordinates":[-71.00926,42.44147]},"properties":{"probability":0.335,"inBuffer":false,"facType":"fire"}},{"type":"Feature","geometry":{"type":"Point","coordinates":[-71.00318,42.44158]},"properties":{"probability":0.286,"inBuffer":false,"facType":"fire"}},{"type":"Feature","geometry":{"type":"Point","coordinates":[-70.99711,42.44168]},"properties":{"probability":0.399,"inBuffer":false,"facType":"power"}},{"type":"Feature","geometry":{"type":"Point","coordinates":[-70.99103,42.44179]},"properties":{"probability":0.404,"inBuffer":false,"facType":"power"}},{"type":"Feature","geometry":{"type":"Point","coordinates":[-70.98495,42.44189]},"properties":{"probability":0.397,"inBuffer":true,"facType":"power"}},{"type":"Feature","geometry":{"type":"Point","coordinates":[-70.97888,42.442]},"properties":{"probability":0.468,"inBuffer":true,"facType":"power"}},{"type":"Feature","geometry":{"type":"Point","coordinates":[-70.9728,42.4421]},"properties":{"probability":0.466,"inBuffer":true,"facType":"fire"}},{"type":"Feature","geometry":{"type":"Point","coordinates":[-70.96673,42.44221]},"properties":{"probability":0.578,"inBuffer":true,"facType":"fire"}},{"type":"Feature","geometry":{"type":"Point","coordinates":[-70.96065,42.44231]},"properties":{"probability":0.416,"inBuffer":true,"facType":"fire"}},{"type":"Feature","geometry":{"type":"Point","coordinates":[-70.95457,42.44242]},"properties":{"probability":0.328,"inBuffer":false,"facType":"substation"}},{"type":"Feature","geometry":{"type":"Point","coordinates":[-70.94242,42.44262]},"properties":{"probability":0.361,"inBuffer":false,"facType":"substation"}},{"type":"Feature","geometry":{"type":"Point","coordinates":[-70.93635,42.44273]},"properties":{"probability":0.368,"inBuffer":false,"facType":"substation"}},{"type":"Feature","geometry":{"type":"Point","coordinates":[-71.21566,42.43316]},"properties":{"probability":0.332,"inBuffer":true,"facType":"fire"}},{"type":"Feature","geometry":{"type":"Point","coordinates":[-71.20959,42.43328]},"properties":{"probability":0.36,"inBuffer":true,"facType":"fire"}},{"type":"Feature","geometry":{"type":"Point","coordinates":[-71.17314,42.43398]},"properties":{"probability":0.373,"inBuffer":false,"facType":"fire"}},{"type":"Feature","geometry":{"type":"Point","coordinates":[-71.16706,42.43409]},"properties":{"probability":0.351,"inBuffer":false,"facType":"fire"}},{"type":"Feature","geometry":{"type":"Point","coordinates":[-71.16099,42.43421]},"properties":{"probability":0.327,"inBuffer":false,"facType":"fire"}},{"type":"Feature","geometry":{"type":"Point","coordinates":[-71.15491,42.43432]},"properties":{"probability":0.347,"inBuffer":false,"facType":"police"}},{"type":"Feature","geometry":{"type":"Point","coordinates":[-71.14884,42.43444]},"properties":{"probability":0.352,"inBuffer":false,"facType":"police"}},{"type":"Feature","geometry":{"type":"Point","coordinates":[-71.14277,42.43455]},"properties":{"probability":0.345,"inBuffer":false,"facType":"substation"}},{"type":"Feature","geometry":{"type":"Point","coordinates":[-71.13669,42.43466]},"properties":{"probability":0.368,"inBuffer":false,"facType":"substation"}},{"type":"Feature","geometry":{"type":"Point","coordinates":[-71.13062,42.43478]},"properties":{"probability":0.38,"inBuffer":false,"facType":"water_works"}},{"type":"Feature","geometry":{"type":"Point","coordinates":[-71.10632,42.43523]},"properties":{"probability":0.37,"inBuffer":false,"facType":"fire"}},{"type":"Feature","geometry":{"type":"Point","coordinates":[-71.10024,42.43534]},"properties":{"probability":0.445,"inBuffer":true,"facType":"fire"}},{"type":"Feature","geometry":{"type":"Point","coordinates":[-71.09417,42.43545]},"properties":{"probability":0.433,"inBuffer":true,"facType":"fire"}},{"type":"Feature","geometry":{"type":"Point","coordinates":[-71.08809,42.43556]},"properties":{"probability":0.45,"inBuffer":true,"facType":"fire"}},{"type":"Feature","geometry":{"type":"Point","coordinates":[-71.08202,42.43567]},"properties":{"probability":0.531,"inBuffer":false,"facType":"fire"}},{"type":"Feature","geometry":{"type":"Point","coordinates":[-71.07594,42.43578]},"properties":{"probability":0.615,"inBuffer":false,"facType":"government"}},{"type":"Feature","geometry":{"type":"Point","coordinates":[-71.06987,42.43589]},"properties":{"probability":0.669,"inBuffer":false,"facType":"fire"}},{"type":"Feature","geometry":{"type":"Point","coordinates":[-71.06379,42.436]},"properties":{"probability":0.613,"inBuffer":false,"facType":"fire"}},{"type":"Feature","geometry":{"type":"Point","coordinates":[-71.05772,42.43611]},"properties":{"probability":0.524,"inBuffer":false,"facType":"fire"}},{"type":"Feature","geometry":{"type":"Point","coordinates":[-71.05164,42.43622]},"properties":{"probability":0.641,"inBuffer":true,"facType":"fire"}},{"type":"Feature","geometry":{"type":"Point","coordinates":[-71.04557,42.43633]},"properties":{"probability":0.675,"inBuffer":true,"facType":"fire"}},{"type":"Feature","geometry":{"type":"Point","coordinates":[-71.03949,42.43644]},"properties":{"probability":0.651,"inBuffer":true,"facType":"fire"}},{"type":"Feature","geometry":{"type":"Point","coordinates":[-71.03342,42.43654]},"properties":{"probability":0.636,"inBuffer":false,"facType":"substation"}},{"type":"Feature","geometry":{"type":"Point","coordinates":[-71.02734,42.43665]},"properties":{"probability":0.647,"inBuffer":false,"facType":"substation"}},{"type":"Feature","geometry":{"type":"Point","coordinates":[-71.02126,42.43676]},"properties":{"probability":0.647,"inBuffer":false,"facType":"substation"}},{"type":"Feature","geometry":{"type":"Point","coordinates":[-71.01519,42.43687]},"properties":{"probability":0.415,"inBuffer":false,"facType":"government"}},{"type":"Feature","geometry":{"type":"Point","coordinates":[-71.00912,42.43697]},"properties":{"probability":0.313,"inBuffer":false,"facType":"government"}},{"type":"Feature","geometry":{"type":"Point","coordinates":[-71.00304,42.43708]},"properties":{"probability":0.285,"inBuffer":false,"facType":"government"}},{"type":"Feature","geometry":{"type":"Point","coordinates":[-70.99696,42.43718]},"properties":{"probability":0.316,"inBuffer":false,"facType":"government"}},{"type":"Feature","geometry":{"type":"Point","coordinates":[-70.99089,42.43729]},"properties":{"probability":0.311,"inBuffer":false,"facType":"power"}},{"type":"Feature","geometry":{"type":"Point","coordinates":[-70.98481,42.4374]},"properties":{"probability":0.312,"inBuffer":false,"facType":"power"}},{"type":"Feature","geometry":{"type":"Point","coordinates":[-70.97874,42.4375]},"properties":{"probability":0.296,"inBuffer":false,"facType":"fire"}},{"type":"Feature","geometry":{"type":"Point","coordinates":[-70.97266,42.43761]},"properties":{"probability":0.432,"inBuffer":true,"facType":"fire"}},{"type":"Feature","geometry":{"type":"Point","coordinates":[-70.96658,42.43771]},"properties":{"probability":0.522,"inBuffer":true,"facType":"fire"}},{"type":"Feature","geometry":{"type":"Point","coordinates":[-70.96051,42.43781]},"properties":{"probability":0.392,"inBuffer":true,"facType":"fire"}},{"type":"Feature","geometry":{"type":"Point","coordinates":[-70.94228,42.43813]},"properties":{"probability":0.289,"inBuffer":false,"facType":"substation"}},{"type":"Feature","geometry":{"type":"Point","coordinates":[-70.93621,42.43823]},"properties":{"probability":0.321,"inBuffer":false,"facType":"substation"}},{"type":"Feature","geometry":{"type":"Point","coordinates":[-71.23372,42.42831]},"properties":{"probability":0.356,"inBuffer":false,"facType":"fire"}},{"type":"Feature","geometry":{"type":"Point","coordinates":[-71.20943,42.42878]},"properties":{"probability":0.393,"inBuffer":true,"facType":"fire"}},{"type":"Feature","geometry":{"type":"Point","coordinates":[-71.20335,42.4289]},"properties":{"probability":0.383,"inBuffer":true,"facType":"fire"}},{"type":"Feature","geometry":{"type":"Point","coordinates":[-71.19728,42.42902]},"properties":{"probability":0.399,"inBuffer":false,"facType":"substation"}},{"type":"Feature","geometry":{"type":"Point","coordinates":[-71.19121,42.42913]},"properties":{"probability":0.44,"inBuffer":false,"facType":"substation"}},{"type":"Feature","geometry":{"type":"Point","coordinates":[-71.18513,42.42925]},"properties":{"probability":0.392,"inBuffer":false,"facType":"substation"}},{"type":"Feature","geometry":{"type":"Point","coordinates":[-71.17905,42.42936]},"properties":{"probability":0.343,"inBuffer":false,"facType":"substation"}},{"type":"Feature","geometry":{"type":"Point","coordinates":[-71.17298,42.42948]},"properties":{"probability":0.363,"inBuffer":false,"facType":"fire"}},{"type":"Feature","geometry":{"type":"Point","coordinates":[-71.16691,42.42959]},"properties":{"probability":0.375,"inBuffer":false,"facType":"fire"}},{"type":"Feature","geometry":{"type":"Point","coordinates":[-71.16084,42.42971]},"properties":{"probability":0.321,"inBuffer":false,"facType":"government"}},{"type":"Feature","geometry":{"type":"Point","coordinates":[-71.15476,42.42982]},"properties":{"probability":0.367,"inBuffer":false,"facType":"police"}},{"type":"Feature","geometry":{"type":"Point","coordinates":[-71.14869,42.42994]},"properties":{"probability":0.339,"inBuffer":false,"facType":"police"}},{"type":"Feature","geometry":{"type":"Point","coordinates":[-71.14261,42.43005]},"properties":{"probability":0.318,"inBuffer":false,"facType":"substation"}},{"type":"Feature","geometry":{"type":"Point","coordinates":[-71.13654,42.43016]},"properties":{"probability":0.329,"inBuffer":false,"facType":"substation"}},{"type":"Feature","geometry":{"type":"Point","coordinates":[-71.13046,42.43028]},"properties":{"probability":0.349,"inBuffer":false,"facType":"substation"}},{"type":"Feature","geometry":{"type":"Point","coordinates":[-71.12439,42.43039]},"properties":{"probability":0.343,"inBuffer":false,"facType":"hospital"}},{"type":"Feature","geometry":{"type":"Point","coordinates":[-71.11224,42.43061]},"properties":{"probability":0.395,"inBuffer":true,"facType":"hospital"}},{"type":"Feature","geometry":{"type":"Point","coordinates":[-71.10616,42.43073]},"properties":{"probability":0.508,"inBuffer":true,"facType":"hospital"}},{"type":"Feature","geometry":{"type":"Point","coordinates":[-71.10009,42.43084]},"properties":{"probability":0.569,"inBuffer":true,"facType":"fire"}},{"type":"Feature","geometry":{"type":"Point","coordinates":[-71.09402,42.43095]},"properties":{"probability":0.424,"inBuffer":true,"facType":"fire"}},{"type":"Feature","geometry":{"type":"Point","coordinates":[-71.08794,42.43106]},"properties":{"probability":0.481,"inBuffer":false,"facType":"fire"}},{"type":"Feature","geometry":{"type":"Point","coordinates":[-71.08187,42.43117]},"properties":{"probability":0.591,"inBuffer":true,"facType":"fire"}},{"type":"Feature","geometry":{"type":"Point","coordinates":[-71.07579,42.43128]},"properties":{"probability":0.71,"inBuffer":true,"facType":"fire"}},{"type":"Feature","geometry":{"type":"Point","coordinates":[-71.06972,42.43139]},"properties":{"probability":0.781,"inBuffer":true,"facType":"government"}},{"type":"Feature","geometry":{"type":"Point","coordinates":[-71.06364,42.4315]},"properties":{"probability":0.68,"inBuffer":true,"facType":"fire"}},{"type":"Feature","geometry":{"type":"Point","coordinates":[-71.05757,42.43161]},"properties":{"probability":0.699,"inBuffer":true,"facType":"fire"}},{"type":"Feature","geometry":{"type":"Point","coordinates":[-71.0515,42.43172]},"properties":{"probability":0.732,"inBuffer":true,"facType":"police"}},{"type":"Feature","geometry":{"type":"Point","coordinates":[-71.04542,42.43183]},"properties":{"probability":0.73,"inBuffer":true,"facType":"police"}},{"type":"Feature","geometry":{"type":"Point","coordinates":[-71.03934,42.43193]},"properties":{"probability":0.66,"inBuffer":true,"facType":"substation"}},{"type":"Feature","geometry":{"type":"Point","coordinates":[-71.03327,42.43204]},"properties":{"probability":0.612,"inBuffer":false,"facType":"substation"}},{"type":"Feature","geometry":{"type":"Point","coordinates":[-71.0272,42.43215]},"properties":{"probability":0.683,"inBuffer":false,"facType":"substation"}},{"type":"Feature","geometry":{"type":"Point","coordinates":[-71.02112,42.43226]},"properties":{"probability":0.696,"inBuffer":false,"facType":"government"}},{"type":"Feature","geometry":{"type":"Point","coordinates":[-71.01505,42.43237]},"properties":{"probability":0.648,"inBuffer":false,"facType":"government"}},{"type":"Feature","geometry":{"type":"Point","coordinates":[-71.00897,42.43247]},"properties":{"probability":0.561,"inBuffer":false,"facType":"government"}},{"type":"Feature","geometry":{"type":"Point","coordinates":[-71.0029,42.43258]},"properties":{"probability":0.31,"inBuffer":false,"facType":"government"}},{"type":"Feature","geometry":{"type":"Point","coordinates":[-70.99682,42.43268]},"properties":{"probability":0.3,"inBuffer":false,"facType":"government"}},{"type":"Feature","geometry":{"type":"Point","coordinates":[-70.99075,42.43279]},"properties":{"probability":0.332,"inBuffer":false,"facType":"government"}},{"type":"Feature","geometry":{"type":"Point","coordinates":[-70.98467,42.4329]},"properties":{"probability":0.375,"inBuffer":false,"facType":"power"}},{"type":"Feature","geometry":{"type":"Point","coordinates":[-70.9786,42.433]},"properties":{"probability":0.462,"inBuffer":false,"facType":"fire"}},{"type":"Feature","geometry":{"type":"Point","coordinates":[-70.97252,42.43311]},"properties":{"probability":0.354,"inBuffer":false,"facType":"fire"}},{"type":"Feature","geometry":{"type":"Point","coordinates":[-70.93607,42.43373]},"properties":{"probability":0.346,"inBuffer":false,"facType":"substation"}},{"type":"Feature","geometry":{"type":"Point","coordinates":[-71.23356,42.42381]},"properties":{"probability":0.541,"inBuffer":false,"facType":"fire"}},{"type":"Feature","geometry":{"type":"Point","coordinates":[-71.22749,42.42393]},"properties":{"probability":0.338,"inBuffer":false,"facType":"fire"}},{"type":"Feature","geometry":{"type":"Point","coordinates":[-71.20319,42.4244]},"properties":{"probability":0.341,"inBuffer":false,"facType":"government"}},{"type":"Feature","geometry":{"type":"Point","coordinates":[-71.19712,42.42451]},"properties":{"probability":0.352,"inBuffer":false,"facType":"government"}},{"type":"Feature","geometry":{"type":"Point","coordinates":[-71.19105,42.42463]},"properties":{"probability":0.451,"inBuffer":false,"facType":"substation"}},{"type":"Feature","geometry":{"type":"Point","coordinates":[-71.18497,42.42475]},"properties":{"probability":0.508,"inBuffer":false,"facType":"fire"}},{"type":"Feature","geometry":{"type":"Point","coordinates":[-71.1789,42.42486]},"properties":{"probability":0.562,"inBuffer":false,"facType":"fire"}},{"type":"Feature","geometry":{"type":"Point","coordinates":[-71.17283,42.42498]},"properties":{"probability":0.563,"inBuffer":true,"facType":"fire"}},{"type":"Feature","geometry":{"type":"Point","coordinates":[-71.16676,42.42509]},"properties":{"probability":0.427,"inBuffer":true,"facType":"fire"}},{"type":"Feature","geometry":{"type":"Point","coordinates":[-71.16068,42.42521]},"properties":{"probability":0.338,"inBuffer":false,"facType":"government"}},{"type":"Feature","geometry":{"type":"Point","coordinates":[-71.15461,42.42532]},"properties":{"probability":0.341,"inBuffer":true,"facType":"police"}},{"type":"Feature","geometry":{"type":"Point","coordinates":[-71.14853,42.42544]},"properties":{"probability":0.373,"inBuffer":false,"facType":"police"}},{"type":"Feature","geometry":{"type":"Point","coordinates":[-71.14246,42.42555]},"properties":{"probability":0.319,"inBuffer":false,"facType":"fire"}},{"type":"Feature","geometry":{"type":"Point","coordinates":[-71.13638,42.42566]},"properties":{"probability":0.393,"inBuffer":true,"facType":"substation"}},{"type":"Feature","geometry":{"type":"Point","coordinates":[-71.13031,42.42578]},"properties":{"probability":0.45,"inBuffer":true,"facType":"substation"}},{"type":"Feature","geometry":{"type":"Point","coordinates":[-71.12424,42.42589]},"properties":{"probability":0.47,"inBuffer":false,"facType":"substation"}},{"type":"Feature","geometry":{"type":"Point","coordinates":[-71.11816,42.426]},"properties":{"probability":0.438,"inBuffer":true,"facType":"hospital"}},{"type":"Feature","geometry":{"type":"Point","coordinates":[-71.11209,42.42611]},"properties":{"probability":0.541,"inBuffer":true,"facType":"hospital"}},{"type":"Feature","geometry":{"type":"Point","coordinates":[-71.10602,42.42623]},"properties":{"probability":0.627,"inBuffer":true,"facType":"hospital"}},{"type":"Feature","geometry":{"type":"Point","coordinates":[-71.09995,42.42634]},"properties":{"probability":0.569,"inBuffer":true,"facType":"fire"}},{"type":"Feature","geometry":{"type":"Point","coordinates":[-71.09386,42.42645]},"properties":{"probability":0.637,"inBuffer":true,"facType":"fire"}},{"type":"Feature","geometry":{"type":"Point","coordinates":[-71.08779,42.42656]},"properties":{"probability":0.665,"inBuffer":false,"facType":"fire"}},{"type":"Feature","geometry":{"type":"Point","coordinates":[-71.08172,42.42667]},"properties":{"probability":0.661,"inBuffer":true,"facType":"fire"}},{"type":"Feature","geometry":{"type":"Point","coordinates":[-71.07565,42.42678]},"properties":{"probability":0.794,"inBuffer":true,"facType":"fire"}},{"type":"Feature","geometry":{"type":"Point","coordinates":[-71.06957,42.42689]},"properties":{"probability":0.811,"inBuffer":true,"facType":"government"}},{"type":"Feature","geometry":{"type":"Point","coordinates":[-71.0635,42.427]},"properties":{"probability":0.792,"inBuffer":true,"facType":"fire"}},{"type":"Feature","geometry":{"type":"Point","coordinates":[-71.05742,42.42711]},"properties":{"probability":0.741,"inBuffer":true,"facType":"fire"}},{"type":"Feature","geometry":{"type":"Point","coordinates":[-71.05135,42.42722]},"properties":{"probability":0.762,"inBuffer":true,"facType":"police"}},{"type":"Feature","geometry":{"type":"Point","coordinates":[-71.04527,42.42733]},"properties":{"probability":0.74,"inBuffer":true,"facType":"police"}},{"type":"Feature","geometry":{"type":"Point","coordinates":[-71.0392,42.42743]},"properties":{"probability":0.648,"inBuffer":true,"facType":"substation"}},{"type":"Feature","geometry":{"type":"Point","coordinates":[-71.03313,42.42754]},"properties":{"probability":0.572,"inBuffer":false,"facType":"substation"}},{"type":"Feature","geometry":{"type":"Point","coordinates":[-71.02705,42.42765]},"properties":{"probability":0.629,"inBuffer":false,"facType":"substation"}},{"type":"Feature","geometry":{"type":"Point","coordinates":[-71.02097,42.42776]},"properties":{"probability":0.702,"inBuffer":false,"facType":"government"}},{"type":"Feature","geometry":{"type":"Point","coordinates":[-71.0149,42.42786]},"properties":{"probability":0.747,"inBuffer":false,"facType":"government"}},{"type":"Feature","geometry":{"type":"Point","coordinates":[-71.00883,42.42797]},"properties":{"probability":0.757,"inBuffer":false,"facType":"government"}},{"type":"Feature","geometry":{"type":"Point","coordinates":[-71.00275,42.42808]},"properties":{"probability":0.483,"inBuffer":false,"facType":"government"}},{"type":"Feature","geometry":{"type":"Point","coordinates":[-70.99668,42.42818]},"properties":{"probability":0.398,"inBuffer":false,"facType":"government"}},{"type":"Feature","geometry":{"type":"Point","coordinates":[-70.9906,42.42829]},"properties":{"probability":0.518,"inBuffer":false,"facType":"fire"}},{"type":"Feature","geometry":{"type":"Point","coordinates":[-70.98453,42.42839]},"properties":{"probability":0.629,"inBuffer":false,"facType":"fire"}},{"type":"Feature","geometry":{"type":"Point","coordinates":[-70.97845,42.4285]},"properties":{"probability":0.487,"inBuffer":false,"facType":"fire"}},{"type":"Feature","geometry":{"type":"Point","coordinates":[-70.97238,42.4286]},"properties":{"probability":0.306,"inBuffer":false,"facType":"fire"}},{"type":"Feature","geometry":{"type":"Point","coordinates":[-71.2334,42.41931]},"properties":{"probability":0.444,"inBuffer":false,"facType":"fire"}},{"type":"Feature","geometry":{"type":"Point","coordinates":[-71.22733,42.41943]},"properties":{"probability":0.391,"inBuffer":false,"facType":"fire"}},{"type":"Feature","geometry":{"type":"Point","coordinates":[-71.22125,42.41955]},"properties":{"probability":0.35,"inBuffer":false,"facType":"fire"}},{"type":"Feature","geometry":{"type":"Point","coordinates":[-71.21518,42.41967]},"properties":{"probability":0.363,"inBuffer":false,"facType":"government"}},{"type":"Feature","geometry":{"type":"Point","coordinates":[-71.20911,42.41978]},"properties":{"probability":0.353,"inBuffer":false,"facType":"government"}},{"type":"Feature","geometry":{"type":"Point","coordinates":[-71.20303,42.4199]},"properties":{"probability":0.37,"inBuffer":false,"facType":"government"}},{"type":"Feature","geometry":{"type":"Point","coordinates":[-71.19696,42.42002]},"properties":{"probability":0.383,"inBuffer":false,"facType":"government"}},{"type":"Feature","geometry":{"type":"Point","coordinates":[-71.19089,42.42013]},"properties":{"probability":0.349,"inBuffer":false,"facType":"government"}},{"type":"Feature","geometry":{"type":"Point","coordinates":[-71.18481,42.42025]},"properties":{"probability":0.363,"inBuffer":true,"facType":"fire"}},{"type":"Feature","geometry":{"type":"Point","coordinates":[-71.17874,42.42036]},"properties":{"probability":0.42,"inBuffer":true,"facType":"fire"}},{"type":"Feature","geometry":{"type":"Point","coordinates":[-71.17267,42.42048]},"properties":{"probability":0.476,"inBuffer":true,"facType":"fire"}},{"type":"Feature","geometry":{"type":"Point","coordinates":[-71.1666,42.42059]},"properties":{"probability":0.639,"inBuffer":true,"facType":"fire"}},{"type":"Feature","geometry":{"type":"Point","coordinates":[-71.16052,42.42071]},"properties":{"probability":0.622,"inBuffer":true,"facType":"government"}},{"type":"Feature","geometry":{"type":"Point","coordinates":[-71.15445,42.42082]},"properties":{"probability":0.619,"inBuffer":true,"facType":"police"}},{"type":"Feature","geometry":{"type":"Point","coordinates":[-71.14838,42.42094]},"properties":{"probability":0.359,"inBuffer":true,"facType":"police"}},{"type":"Feature","geometry":{"type":"Point","coordinates":[-71.1423,42.42105]},"properties":{"probability":0.388,"inBuffer":true,"facType":"fire"}},{"type":"Feature","geometry":{"type":"Point","coordinates":[-71.13623,42.42117]},"properties":{"probability":0.605,"inBuffer":true,"facType":"fire"}},{"type":"Feature","geometry":{"type":"Point","coordinates":[-71.13016,42.42128]},"properties":{"probability":0.605,"inBuffer":true,"facType":"substation"}},{"type":"Feature","geometry":{"type":"Point","coordinates":[-71.12408,42.42139]},"properties":{"probability":0.52,"inBuffer":false,"facType":"substation"}},{"type":"Feature","geometry":{"type":"Point","coordinates":[-71.11801,42.4215]},"properties":{"probability":0.548,"inBuffer":true,"facType":"hospital"}},{"type":"Feature","geometry":{"type":"Point","coordinates":[-71.11194,42.42162]},"properties":{"probability":0.694,"inBuffer":true,"facType":"substation"}},{"type":"Feature","geometry":{"type":"Point","coordinates":[-71.10587,42.42173]},"properties":{"probability":0.652,"inBuffer":true,"facType":"substation"}},{"type":"Feature","geometry":{"type":"Point","coordinates":[-71.09979,42.42184]},"properties":{"probability":0.642,"inBuffer":true,"facType":"fire"}},{"type":"Feature","geometry":{"type":"Point","coordinates":[-71.09372,42.42195]},"properties":{"probability":0.661,"inBuffer":true,"facType":"fire"}},{"type":"Feature","geometry":{"type":"Point","coordinates":[-71.08765,42.42206]},"properties":{"probability":0.709,"inBuffer":false,"facType":"fire"}},{"type":"Feature","geometry":{"type":"Point","coordinates":[-71.08157,42.42217]},"properties":{"probability":0.703,"inBuffer":true,"facType":"government"}},{"type":"Feature","geometry":{"type":"Point","coordinates":[-71.0755,42.42228]},"properties":{"probability":0.786,"inBuffer":true,"facType":"government"}},{"type":"Feature","geometry":{"type":"Point","coordinates":[-71.06942,42.42239]},"properties":{"probability":0.807,"inBuffer":true,"facType":"substation"}},{"type":"Feature","geometry":{"type":"Point","coordinates":[-71.06335,42.4225]},"properties":{"probability":0.78,"inBuffer":true,"facType":"fire"}},{"type":"Feature","geometry":{"type":"Point","coordinates":[-71.05727,42.42261]},"properties":{"probability":0.677,"inBuffer":false,"facType":"fire"}},{"type":"Feature","geometry":{"type":"Point","coordinates":[-71.0512,42.42272]},"properties":{"probability":0.722,"inBuffer":false,"facType":"police"}},{"type":"Feature","geometry":{"type":"Point","coordinates":[-71.04513,42.42282]},"properties":{"probability":0.721,"inBuffer":false,"facType":"police"}},{"type":"Feature","geometry":{"type":"Point","coordinates":[-71.03905,42.42294]},"properties":{"probability":0.649,"inBuffer":false,"facType":"substation"}},{"type":"Feature","geometry":{"type":"Point","coordinates":[-71.03298,42.42304]},"properties":{"probability":0.581,"inBuffer":false,"facType":"substation"}},{"type":"Feature","geometry":{"type":"Point","coordinates":[-71.02691,42.42315]},"properties":{"probability":0.602,"inBuffer":false,"facType":"substation"}},{"type":"Feature","geometry":{"type":"Point","coordinates":[-71.02083,42.42326]},"properties":{"probability":0.665,"inBuffer":false,"facType":"government"}},{"type":"Feature","geometry":{"type":"Point","coordinates":[-71.01476,42.42336]},"properties":{"probability":0.756,"inBuffer":false,"facType":"government"}},{"type":"Feature","geometry":{"type":"Point","coordinates":[-71.00868,42.42347]},"properties":{"probability":0.772,"inBuffer":false,"facType":"government"}},{"type":"Feature","geometry":{"type":"Point","coordinates":[-71.00261,42.42358]},"properties":{"probability":0.672,"inBuffer":false,"facType":"government"}},{"type":"Feature","geometry":{"type":"Point","coordinates":[-70.99654,42.42368]},"properties":{"probability":0.544,"inBuffer":true,"facType":"fire"}},{"type":"Feature","geometry":{"type":"Point","coordinates":[-70.99046,42.42379]},"properties":{"probability":0.592,"inBuffer":true,"facType":"fire"}},{"type":"Feature","geometry":{"type":"Point","coordinates":[-70.98439,42.42389]},"properties":{"probability":0.621,"inBuffer":false,"facType":"fire"}},{"type":"Feature","geometry":{"type":"Point","coordinates":[-70.97831,42.424]},"properties":{"probability":0.347,"inBuffer":false,"facType":"fire"}},{"type":"Feature","geometry":{"type":"Point","coordinates":[-70.93579,42.42472]},"properties":{"probability":0.304,"inBuffer":true,"facType":"fire"}},{"type":"Feature","geometry":{"type":"Point","coordinates":[-71.23324,42.41481]},"properties":{"probability":0.531,"inBuffer":false,"facType":"fire"}},{"type":"Feature","geometry":{"type":"Point","coordinates":[-71.22717,42.41493]},"properties":{"probability":0.402,"inBuffer":false,"facType":"fire"}},{"type":"Feature","geometry":{"type":"Point","coordinates":[-71.2211,42.41505]},"properties":{"probability":0.362,"inBuffer":false,"facType":"fire"}},{"type":"Feature","geometry":{"type":"Point","coordinates":[-71.21503,42.41516]},"properties":{"probability":0.365,"inBuffer":false,"facType":"fire"}},{"type":"Feature","geometry":{"type":"Point","coordinates":[-71.20895,42.41528]},"properties":{"probability":0.403,"inBuffer":false,"facType":"government"}},{"type":"Feature","geometry":{"type":"Point","coordinates":[-71.20288,42.4154]},"properties":{"probability":0.414,"inBuffer":false,"facType":"government"}},{"type":"Feature","geometry":{"type":"Point","coordinates":[-71.19681,42.41552]},"properties":{"probability":0.374,"inBuffer":false,"facType":"government"}},{"type":"Feature","geometry":{"type":"Point","coordinates":[-71.19073,42.41563]},"properties":{"probability":0.356,"inBuffer":false,"facType":"fire"}},{"type":"Feature","geometry":{"type":"Point","coordinates":[-71.18466,42.41575]},"properties":{"probability":0.393,"inBuffer":true,"facType":"fire"}},{"type":"Feature","geometry":{"type":"Point","coordinates":[-71.17859,42.41586]},"properties":{"probability":0.366,"inBuffer":true,"facType":"fire"}},{"type":"Feature","geometry":{"type":"Point","coordinates":[-71.17252,42.41598]},"properties":{"probability":0.389,"inBuffer":true,"facType":"fire"}},{"type":"Feature","geometry":{"type":"Point","coordinates":[-71.16644,42.4161]},"properties":{"probability":0.509,"inBuffer":true,"facType":"government"}},{"type":"Feature","geometry":{"type":"Point","coordinates":[-71.16037,42.41621]},"properties":{"probability":0.618,"inBuffer":true,"facType":"government"}},{"type":"Feature","geometry":{"type":"Point","coordinates":[-71.1543,42.41632]},"properties":{"probability":0.64,"inBuffer":true,"facType":"government"}},{"type":"Feature","geometry":{"type":"Point","coordinates":[-71.14822,42.41644]},"properties":{"probability":0.61,"inBuffer":true,"facType":"government"}},{"type":"Feature","geometry":{"type":"Point","coordinates":[-71.14215,42.41655]},"properties":{"probability":0.567,"inBuffer":true,"facType":"fire"}},{"type":"Feature","geometry":{"type":"Point","coordinates":[-71.13608,42.41666]},"properties":{"probability":0.621,"inBuffer":true,"facType":"fire"}},{"type":"Feature","geometry":{"type":"Point","coordinates":[-71.13,42.41678]},"properties":{"probability":0.636,"inBuffer":true,"facType":"fire"}},{"type":"Feature","geometry":{"type":"Point","coordinates":[-71.12393,42.41689]},"properties":{"probability":0.532,"inBuffer":false,"facType":"substation"}},{"type":"Feature","geometry":{"type":"Point","coordinates":[-71.11786,42.417]},"properties":{"probability":0.582,"inBuffer":true,"facType":"hospital"}},{"type":"Feature","geometry":{"type":"Point","coordinates":[-71.11179,42.41711]},"properties":{"probability":0.798,"inBuffer":true,"facType":"police"}},{"type":"Feature","geometry":{"type":"Point","coordinates":[-71.10571,42.41722]},"properties":{"probability":0.803,"inBuffer":true,"facType":"government"}},{"type":"Feature","geometry":{"type":"Point","coordinates":[-71.09964,42.41734]},"properties":{"probability":0.637,"inBuffer":true,"facType":"fire"}},{"type":"Feature","geometry":{"type":"Point","coordinates":[-71.09357,42.41745]},"properties":{"probability":0.627,"inBuffer":true,"facType":"fire"}},{"type":"Feature","geometry":{"type":"Point","coordinates":[-71.08749,42.41756]},"properties":{"probability":0.67,"inBuffer":false,"facType":"fire"}},{"type":"Feature","geometry":{"type":"Point","coordinates":[-71.08142,42.41767]},"properties":{"probability":0.729,"inBuffer":false,"facType":"government"}},{"type":"Feature","geometry":{"type":"Point","coordinates":[-71.07535,42.41778]},"properties":{"probability":0.782,"inBuffer":false,"facType":"government"}},{"type":"Feature","geometry":{"type":"Point","coordinates":[-71.06927,42.41789]},"properties":{"probability":0.744,"inBuffer":false,"facType":"substation"}},{"type":"Feature","geometry":{"type":"Point","coordinates":[-71.0632,42.418]},"properties":{"probability":0.672,"inBuffer":false,"facType":"substation"}},{"type":"Feature","geometry":{"type":"Point","coordinates":[-71.05713,42.41811]},"properties":{"probability":0.673,"inBuffer":true,"facType":"fire"}},{"type":"Feature","geometry":{"type":"Point","coordinates":[-71.05106,42.41822]},"properties":{"probability":0.724,"inBuffer":true,"facType":"fire"}},{"type":"Feature","geometry":{"type":"Point","coordinates":[-71.04498,42.41833]},"properties":{"probability":0.713,"inBuffer":true,"facType":"police"}},{"type":"Feature","geometry":{"type":"Point","coordinates":[-71.03891,42.41843]},"properties":{"probability":0.642,"inBuffer":false,"facType":"police"}},{"type":"Feature","geometry":{"type":"Point","coordinates":[-71.03284,42.41854]},"properties":{"probability":0.641,"inBuffer":false,"facType":"hospital"}},{"type":"Feature","geometry":{"type":"Point","coordinates":[-71.02676,42.41865]},"properties":{"probability":0.629,"inBuffer":false,"facType":"hospital"}},{"type":"Feature","geometry":{"type":"Point","coordinates":[-71.02069,42.41876]},"properties":{"probability":0.659,"inBuffer":false,"facType":"fire"}},{"type":"Feature","geometry":{"type":"Point","coordinates":[-71.01461,42.41887]},"properties":{"probability":0.696,"inBuffer":false,"facType":"fire"}},{"type":"Feature","geometry":{"type":"Point","coordinates":[-71.00854,42.41897]},"properties":{"probability":0.736,"inBuffer":false,"facType":"government"}},{"type":"Feature","geometry":{"type":"Point","coordinates":[-71.00246,42.41908]},"properties":{"probability":0.746,"inBuffer":false,"facType":"government"}},{"type":"Feature","geometry":{"type":"Point","coordinates":[-70.99639,42.41918]},"properties":{"probability":0.706,"inBuffer":true,"facType":"fire"}},{"type":"Feature","geometry":{"type":"Point","coordinates":[-70.99032,42.41929]},"properties":{"probability":0.719,"inBuffer":true,"facType":"fire"}},{"type":"Feature","geometry":{"type":"Point","coordinates":[-70.98425,42.4194]},"properties":{"probability":0.64,"inBuffer":true,"facType":"substation"}},{"type":"Feature","geometry":{"type":"Point","coordinates":[-70.97817,42.4195]},"properties":{"probability":0.355,"inBuffer":false,"facType":"substation"}},{"type":"Feature","geometry":{"type":"Point","coordinates":[-71.23309,42.41031]},"properties":{"probability":0.614,"inBuffer":false,"facType":"fire"}},{"type":"Feature","geometry":{"type":"Point","coordinates":[-71.22701,42.41043]},"properties":{"probability":0.454,"inBuffer":true,"facType":"fire"}},{"type":"Feature","geometry":{"type":"Point","coordinates":[-71.22094,42.41055]},"properties":{"probability":0.387,"inBuffer":true,"facType":"fire"}},{"type":"Feature","geometry":{"type":"Point","coordinates":[-71.21487,42.41067]},"properties":{"probability":0.391,"inBuffer":true,"facType":"fire"}},{"type":"Feature","geometry":{"type":"Point","coordinates":[-71.20879,42.41078]},"properties":{"probability":0.385,"inBuffer":false,"facType":"fire"}},{"type":"Feature","geometry":{"type":"Point","coordinates":[-71.20272,42.4109]},"properties":{"probability":0.363,"inBuffer":false,"facType":"government"}},{"type":"Feature","geometry":{"type":"Point","coordinates":[-71.19665,42.41101]},"properties":{"probability":0.368,"inBuffer":false,"facType":"government"}},{"type":"Feature","geometry":{"type":"Point","coordinates":[-71.19057,42.41113]},"properties":{"probability":0.382,"inBuffer":false,"facType":"fire"}},{"type":"Feature","geometry":{"type":"Point","coordinates":[-71.18451,42.41125]},"properties":{"probability":0.374,"inBuffer":true,"facType":"fire"}},{"type":"Feature","geometry":{"type":"Point","coordinates":[-71.17844,42.41137]},"properties":{"probability":0.379,"inBuffer":true,"facType":"fire"}},{"type":"Feature","geometry":{"type":"Point","coordinates":[-71.17236,42.41148]},"properties":{"probability":0.375,"inBuffer":false,"facType":"fire"}},{"type":"Feature","geometry":{"type":"Point","coordinates":[-71.16629,42.41159]},"properties":{"probability":0.392,"inBuffer":false,"facType":"government"}},{"type":"Feature","geometry":{"type":"Point","coordinates":[-71.16022,42.41171]},"properties":{"probability":0.43,"inBuffer":false,"facType":"government"}},{"type":"Feature","geometry":{"type":"Point","coordinates":[-71.15414,42.41182]},"properties":{"probability":0.571,"inBuffer":true,"facType":"fire"}},{"type":"Feature","geometry":{"type":"Point","coordinates":[-71.14807,42.41194]},"properties":{"probability":0.587,"inBuffer":true,"facType":"fire"}},{"type":"Feature","geometry":{"type":"Point","coordinates":[-71.142,42.41205]},"properties":{"probability":0.576,"inBuffer":true,"facType":"fire"}},{"type":"Feature","geometry":{"type":"Point","coordinates":[-71.13593,42.41216]},"properties":{"probability":0.624,"inBuffer":false,"facType":"fire"}},{"type":"Feature","geometry":{"type":"Point","coordinates":[-71.12985,42.41228]},"properties":{"probability":0.638,"inBuffer":false,"facType":"fire"}},{"type":"Feature","geometry":{"type":"Point","coordinates":[-71.12378,42.41239]},"properties":{"probability":0.689,"inBuffer":true,"facType":"police"}},{"type":"Feature","geometry":{"type":"Point","coordinates":[-71.11771,42.4125]},"properties":{"probability":0.66,"inBuffer":true,"facType":"police"}},{"type":"Feature","geometry":{"type":"Point","coordinates":[-71.11163,42.41261]},"properties":{"probability":0.805,"inBuffer":true,"facType":"hospital"}},{"type":"Feature","geometry":{"type":"Point","coordinates":[-71.10556,42.41273]},"properties":{"probability":0.802,"inBuffer":true,"facType":"fire"}},{"type":"Feature","geometry":{"type":"Point","coordinates":[-71.09949,42.41284]},"properties":{"probability":0.696,"inBuffer":false,"facType":"government"}},{"type":"Feature","geometry":{"type":"Point","coordinates":[-71.09342,42.41295]},"properties":{"probability":0.698,"inBuffer":true,"facType":"fire"}},{"type":"Feature","geometry":{"type":"Point","coordinates":[-71.08735,42.41306]},"properties":{"probability":0.722,"inBuffer":true,"facType":"fire"}},{"type":"Feature","geometry":{"type":"Point","coordinates":[-71.08128,42.41317]},"properties":{"probability":0.747,"inBuffer":true,"facType":"substation"}},{"type":"Feature","geometry":{"type":"Point","coordinates":[-71.0752,42.41328]},"properties":{"probability":0.766,"inBuffer":false,"facType":"substation"}},{"type":"Feature","geometry":{"type":"Point","coordinates":[-71.06913,42.41339]},"properties":{"probability":0.746,"inBuffer":false,"facType":"substation"}},{"type":"Feature","geometry":{"type":"Point","coordinates":[-71.06306,42.4135]},"properties":{"probability":0.705,"inBuffer":true,"facType":"substation"}},{"type":"Feature","geometry":{"type":"Point","coordinates":[-71.05698,42.41361]},"properties":{"probability":0.757,"inBuffer":true,"facType":"fire"}},{"type":"Feature","geometry":{"type":"Point","coordinates":[-71.05091,42.41372]},"properties":{"probability":0.806,"inBuffer":true,"facType":"fire"}},{"type":"Feature","geometry":{"type":"Point","coordinates":[-71.04484,42.41383]},"properties":{"probability":0.754,"inBuffer":true,"facType":"police"}},{"type":"Feature","geometry":{"type":"Point","coordinates":[-71.03876,42.41393]},"properties":{"probability":0.681,"inBuffer":true,"facType":"hospital"}},{"type":"Feature","geometry":{"type":"Point","coordinates":[-71.03269,42.41404]},"properties":{"probability":0.686,"inBuffer":false,"facType":"hospital"}},{"type":"Feature","geometry":{"type":"Point","coordinates":[-71.02662,42.41415]},"properties":{"probability":0.657,"inBuffer":false,"facType":"hospital"}},{"type":"Feature","geometry":{"type":"Point","coordinates":[-71.02055,42.41426]},"properties":{"probability":0.697,"inBuffer":false,"facType":"fire"}},{"type":"Feature","geometry":{"type":"Point","coordinates":[-71.01447,42.41436]},"properties":{"probability":0.734,"inBuffer":true,"facType":"fire"}},{"type":"Feature","geometry":{"type":"Point","coordinates":[-71.0084,42.41447]},"properties":{"probability":0.756,"inBuffer":true,"facType":"fire"}},{"type":"Feature","geometry":{"type":"Point","coordinates":[-71.00233,42.41458]},"properties":{"probability":0.783,"inBuffer":false,"facType":"government"}},{"type":"Feature","geometry":{"type":"Point","coordinates":[-70.99625,42.41468]},"properties":{"probability":0.792,"inBuffer":true,"facType":"government"}},{"type":"Feature","geometry":{"type":"Point","coordinates":[-70.99017,42.41479]},"properties":{"probability":0.757,"inBuffer":true,"facType":"police"}},{"type":"Feature","geometry":{"type":"Point","coordinates":[-70.9841,42.41489]},"properties":{"probability":0.649,"inBuffer":true,"facType":"police"}},{"type":"Feature","geometry":{"type":"Point","coordinates":[-71.23293,42.40581]},"properties":{"probability":0.573,"inBuffer":false,"facType":"fire"}},{"type":"Feature","geometry":{"type":"Point","coordinates":[-71.22685,42.40593]},"properties":{"probability":0.447,"inBuffer":true,"facType":"fire"}},{"type":"Feature","geometry":{"type":"Point","coordinates":[-71.22078,42.40605]},"properties":{"probability":0.441,"inBuffer":true,"facType":"fire"}},{"type":"Feature","geometry":{"type":"Point","coordinates":[-71.21471,42.40617]},"properties":{"probability":0.463,"inBuffer":true,"facType":"fire"}},{"type":"Feature","geometry":{"type":"Point","coordinates":[-71.20863,42.40628]},"properties":{"probability":0.37,"inBuffer":false,"facType":"fire"}},{"type":"Feature","geometry":{"type":"Point","coordinates":[-71.20257,42.4064]},"properties":{"probability":0.301,"inBuffer":false,"facType":"government"}},{"type":"Feature","geometry":{"type":"Point","coordinates":[-71.1965,42.40652]},"properties":{"probability":0.318,"inBuffer":false,"facType":"government"}},{"type":"Feature","geometry":{"type":"Point","coordinates":[-71.19042,42.40663]},"properties":{"probability":0.328,"inBuffer":false,"facType":"fire"}},{"type":"Feature","geometry":{"type":"Point","coordinates":[-71.18435,42.40675]},"properties":{"probability":0.377,"inBuffer":false,"facType":"fire"}},{"type":"Feature","geometry":{"type":"Point","coordinates":[-71.17828,42.40686]},"properties":{"probability":0.39,"inBuffer":false,"facType":"fire"}},{"type":"Feature","geometry":{"type":"Point","coordinates":[-71.1722,42.40698]},"properties":{"probability":0.369,"inBuffer":false,"facType":"fire"}},{"type":"Feature","geometry":{"type":"Point","coordinates":[-71.16613,42.40709]},"properties":{"probability":0.357,"inBuffer":false,"facType":"fire"}},{"type":"Feature","geometry":{"type":"Point","coordinates":[-71.16006,42.40721]},"properties":{"probability":0.389,"inBuffer":false,"facType":"government"}},{"type":"Feature","geometry":{"type":"Point","coordinates":[-71.15399,42.40732]},"properties":{"probability":0.405,"inBuffer":false,"facType":"fire"}},{"type":"Feature","geometry":{"type":"Point","coordinates":[-71.14792,42.40744]},"properties":{"probability":0.471,"inBuffer":true,"facType":"fire"}},{"type":"Feature","geometry":{"type":"Point","coordinates":[-71.14185,42.40755]},"properties":{"probability":0.575,"inBuffer":false,"facType":"fire"}},{"type":"Feature","geometry":{"type":"Point","coordinates":[-71.13577,42.40767]},"properties":{"probability":0.651,"inBuffer":false,"facType":"fire"}},{"type":"Feature","geometry":{"type":"Point","coordinates":[-71.1297,42.40778]},"properties":{"probability":0.66,"inBuffer":true,"facType":"fire"}},{"type":"Feature","geometry":{"type":"Point","coordinates":[-71.12363,42.40789]},"properties":{"probability":0.717,"inBuffer":true,"facType":"police"}},{"type":"Feature","geometry":{"type":"Point","coordinates":[-71.11755,42.408]},"properties":{"probability":0.728,"inBuffer":true,"facType":"police"}},{"type":"Feature","geometry":{"type":"Point","coordinates":[-71.11149,42.40812]},"properties":{"probability":0.686,"inBuffer":true,"facType":"police"}},{"type":"Feature","geometry":{"type":"Point","coordinates":[-71.10542,42.40823]},"properties":{"probability":0.679,"inBuffer":false,"facType":"substation"}},{"type":"Feature","geometry":{"type":"Point","coordinates":[-71.09934,42.40834]},"properties":{"probability":0.782,"inBuffer":false,"facType":"substation"}},{"type":"Feature","geometry":{"type":"Point","coordinates":[-71.09327,42.40845]},"properties":{"probability":0.786,"inBuffer":true,"facType":"fire"}},{"type":"Feature","geometry":{"type":"Point","coordinates":[-71.0872,42.40856]},"properties":{"probability":0.791,"inBuffer":true,"facType":"fire"}},{"type":"Feature","geometry":{"type":"Point","coordinates":[-71.08112,42.40867]},"properties":{"probability":0.777,"inBuffer":true,"facType":"substation"}},{"type":"Feature","geometry":{"type":"Point","coordinates":[-71.07505,42.40878]},"properties":{"probability":0.792,"inBuffer":false,"facType":"substation"}},{"type":"Feature","geometry":{"type":"Point","coordinates":[-71.06898,42.40889]},"properties":{"probability":0.799,"inBuffer":false,"facType":"substation"}},{"type":"Feature","geometry":{"type":"Point","coordinates":[-71.0629,42.409]},"properties":{"probability":0.819,"inBuffer":true,"facType":"fire"}},{"type":"Feature","geometry":{"type":"Point","coordinates":[-71.05683,42.40911]},"properties":{"probability":0.805,"inBuffer":true,"facType":"government"}},{"type":"Feature","geometry":{"type":"Point","coordinates":[-71.05076,42.40922]},"properties":{"probability":0.808,"inBuffer":true,"facType":"government"}},{"type":"Feature","geometry":{"type":"Point","coordinates":[-71.04469,42.40932]},"properties":{"probability":0.763,"inBuffer":true,"facType":"fire"}},{"type":"Feature","geometry":{"type":"Point","coordinates":[-71.03862,42.40944]},"properties":{"probability":0.705,"inBuffer":true,"facType":"hospital"}},{"type":"Feature","geometry":{"type":"Point","coordinates":[-71.03255,42.40954]},"properties":{"probability":0.722,"inBuffer":true,"facType":"fire"}},{"type":"Feature","geometry":{"type":"Point","coordinates":[-71.02647,42.40965]},"properties":{"probability":0.716,"inBuffer":false,"facType":"fire"}},{"type":"Feature","geometry":{"type":"Point","coordinates":[-71.0204,42.40976]},"properties":{"probability":0.715,"inBuffer":true,"facType":"government"}},{"type":"Feature","geometry":{"type":"Point","coordinates":[-71.01433,42.40986]},"properties":{"probability":0.757,"inBuffer":true,"facType":"fire"}},{"type":"Feature","geometry":{"type":"Point","coordinates":[-71.00826,42.40997]},"properties":{"probability":0.78,"inBuffer":true,"facType":"fire"}},{"type":"Feature","geometry":{"type":"Point","coordinates":[-71.00218,42.41008]},"properties":{"probability":0.803,"inBuffer":false,"facType":"government"}},{"type":"Feature","geometry":{"type":"Point","coordinates":[-70.99611,42.41018]},"properties":{"probability":0.81,"inBuffer":true,"facType":"government"}},{"type":"Feature","geometry":{"type":"Point","coordinates":[-70.99004,42.41029]},"properties":{"probability":0.747,"inBuffer":true,"facType":"police"}},{"type":"Feature","geometry":{"type":"Point","coordinates":[-70.98396,42.41039]},"properties":{"probability":0.571,"inBuffer":true,"facType":"police"}},{"type":"Feature","geometry":{"type":"Point","coordinates":[-71.23277,42.40131]},"properties":{"probability":0.534,"inBuffer":false,"facType":"fire"}},{"type":"Feature","geometry":{"type":"Point","coordinates":[-71.22669,42.40143]},"properties":{"probability":0.443,"inBuffer":false,"facType":"fire"}},{"type":"Feature","geometry":{"type":"Point","coordinates":[-71.22062,42.40155]},"properties":{"probability":0.442,"inBuffer":true,"facType":"fire"}},{"type":"Feature","geometry":{"type":"Point","coordinates":[-71.21455,42.40166]},"properties":{"probability":0.407,"inBuffer":true,"facType":"government"}},{"type":"Feature","geometry":{"type":"Point","coordinates":[-71.20848,42.40178]},"properties":{"probability":0.332,"inBuffer":false,"facType":"government"}},{"type":"Feature","geometry":{"type":"Point","coordinates":[-71.19633,42.40202]},"properties":{"probability":0.334,"inBuffer":false,"facType":"hospital"}},{"type":"Feature","geometry":{"type":"Point","coordinates":[-71.19026,42.40213]},"properties":{"probability":0.322,"inBuffer":false,"facType":"hospital"}},{"type":"Feature","geometry":{"type":"Point","coordinates":[-71.1842,42.40225]},"properties":{"probability":0.349,"inBuffer":false,"facType":"government"}},{"type":"Feature","geometry":{"type":"Point","coordinates":[-71.17812,42.40236]},"properties":{"probability":0.412,"inBuffer":true,"facType":"fire"}},{"type":"Feature","geometry":{"type":"Point","coordinates":[-71.17205,42.40248]},"properties":{"probability":0.431,"inBuffer":true,"facType":"fire"}},{"type":"Feature","geometry":{"type":"Point","coordinates":[-71.16598,42.4026]},"properties":{"probability":0.449,"inBuffer":false,"facType":"fire"}},{"type":"Feature","geometry":{"type":"Point","coordinates":[-71.1599,42.40271]},"properties":{"probability":0.441,"inBuffer":false,"facType":"substation"}},{"type":"Feature","geometry":{"type":"Point","coordinates":[-71.15384,42.40282]},"properties":{"probability":0.552,"inBuffer":false,"facType":"substation"}},{"type":"Feature","geometry":{"type":"Point","coordinates":[-71.14777,42.40294]},"properties":{"probability":0.628,"inBuffer":false,"facType":"substation"}},{"type":"Feature","geometry":{"type":"Point","coordinates":[-71.14169,42.40305]},"properties":{"probability":0.63,"inBuffer":false,"facType":"substation"}},{"type":"Feature","geometry":{"type":"Point","coordinates":[-71.13562,42.40316]},"properties":{"probability":0.657,"inBuffer":true,"facType":"substation"}},{"type":"Feature","geometry":{"type":"Point","coordinates":[-71.12955,42.40328]},"properties":{"probability":0.685,"inBuffer":true,"facType":"fire"}},{"type":"Feature","geometry":{"type":"Point","coordinates":[-71.12347,42.40339]},"properties":{"probability":0.693,"inBuffer":true,"facType":"police"}},{"type":"Feature","geometry":{"type":"Point","coordinates":[-71.11741,42.4035]},"properties":{"probability":0.699,"inBuffer":true,"facType":"police"}},{"type":"Feature","geometry":{"type":"Point","coordinates":[-71.11134,42.40361]},"properties":{"probability":0.69,"inBuffer":true,"facType":"substation"}},{"type":"Feature","geometry":{"type":"Point","coordinates":[-71.10526,42.40372]},"properties":{"probability":0.7,"inBuffer":true,"facType":"substation"}},{"type":"Feature","geometry":{"type":"Point","coordinates":[-71.09919,42.40384]},"properties":{"probability":0.76,"inBuffer":true,"facType":"substation"}},{"type":"Feature","geometry":{"type":"Point","coordinates":[-71.09312,42.40395]},"properties":{"probability":0.741,"inBuffer":false,"facType":"government"}},{"type":"Feature","geometry":{"type":"Point","coordinates":[-71.08704,42.40406]},"properties":{"probability":0.748,"inBuffer":true,"facType":"government"}},{"type":"Feature","geometry":{"type":"Point","coordinates":[-71.08098,42.40417]},"properties":{"probability":0.811,"inBuffer":true,"facType":"police"}},{"type":"Feature","geometry":{"type":"Point","coordinates":[-71.07491,42.40428]},"properties":{"probability":0.811,"inBuffer":true,"facType":"police"}},{"type":"Feature","geometry":{"type":"Point","coordinates":[-71.06883,42.40439]},"properties":{"probability":0.805,"inBuffer":false,"facType":"substation"}},{"type":"Feature","geometry":{"type":"Point","coordinates":[-71.06276,42.4045]},"properties":{"probability":0.801,"inBuffer":true,"facType":"fire"}},{"type":"Feature","geometry":{"type":"Point","coordinates":[-71.05669,42.40461]},"properties":{"probability":0.804,"inBuffer":true,"facType":"fire"}},{"type":"Feature","geometry":{"type":"Point","coordinates":[-71.05061,42.40472]},"properties":{"probability":0.802,"inBuffer":true,"facType":"government"}},{"type":"Feature","geometry":{"type":"Point","coordinates":[-71.04454,42.40483]},"properties":{"probability":0.767,"inBuffer":true,"facType":"hospital"}},{"type":"Feature","geometry":{"type":"Point","coordinates":[-71.03847,42.40493]},"properties":{"probability":0.766,"inBuffer":true,"facType":"fire"}},{"type":"Feature","geometry":{"type":"Point","coordinates":[-71.0324,42.40504]},"properties":{"probability":0.788,"inBuffer":true,"facType":"fire"}},{"type":"Feature","geometry":{"type":"Point","coordinates":[-71.02633,42.40515]},"properties":{"probability":0.78,"inBuffer":true,"facType":"government"}},{"type":"Feature","geometry":{"type":"Point","coordinates":[-71.02026,42.40526]},"properties":{"probability":0.757,"inBuffer":true,"facType":"government"}},{"type":"Feature","geometry":{"type":"Point","coordinates":[-71.01418,42.40536]},"properties":{"probability":0.761,"inBuffer":true,"facType":"government"}},{"type":"Feature","geometry":{"type":"Point","coordinates":[-71.00811,42.40547]},"properties":{"probability":0.764,"inBuffer":true,"facType":"substation"}},{"type":"Feature","geometry":{"type":"Point","coordinates":[-71.00204,42.40557]},"properties":{"probability":0.778,"inBuffer":true,"facType":"police"}},{"type":"Feature","geometry":{"type":"Point","coordinates":[-70.99596,42.40568]},"properties":{"probability":0.777,"inBuffer":true,"facType":"police"}},{"type":"Feature","geometry":{"type":"Point","coordinates":[-70.98989,42.40579]},"properties":{"probability":0.64,"inBuffer":false,"facType":"police"}},{"type":"Feature","geometry":{"type":"Point","coordinates":[-70.98382,42.40589]},"properties":{"probability":0.406,"inBuffer":false,"facType":"police"}},{"type":"Feature","geometry":{"type":"Point","coordinates":[-71.2326,42.39681]},"properties":{"probability":0.474,"inBuffer":false,"facType":"fire"}},{"type":"Feature","geometry":{"type":"Point","coordinates":[-71.22653,42.39693]},"properties":{"probability":0.432,"inBuffer":false,"facType":"government"}},{"type":"Feature","geometry":{"type":"Point","coordinates":[-71.22046,42.39705]},"properties":{"probability":0.389,"inBuffer":false,"facType":"government"}},{"type":"Feature","geometry":{"type":"Point","coordinates":[-71.21439,42.39717]},"properties":{"probability":0.372,"inBuffer":false,"facType":"government"}},{"type":"Feature","geometry":{"type":"Point","coordinates":[-71.20832,42.39729]},"properties":{"probability":0.319,"inBuffer":false,"facType":"government"}},{"type":"Feature","geometry":{"type":"Point","coordinates":[-71.20225,42.3974]},"properties":{"probability":0.326,"inBuffer":false,"facType":"government"}},{"type":"Feature","geometry":{"type":"Point","coordinates":[-71.19618,42.39752]},"properties":{"probability":0.389,"inBuffer":true,"facType":"hospital"}},{"type":"Feature","geometry":{"type":"Point","coordinates":[-71.19011,42.39763]},"properties":{"probability":0.416,"inBuffer":true,"facType":"hospital"}},{"type":"Feature","geometry":{"type":"Point","coordinates":[-71.18404,42.39775]},"properties":{"probability":0.351,"inBuffer":true,"facType":"police"}},{"type":"Feature","geometry":{"type":"Point","coordinates":[-71.17796,42.39787]},"properties":{"probability":0.546,"inBuffer":true,"facType":"government"}},{"type":"Feature","geometry":{"type":"Point","coordinates":[-71.1719,42.39798]},"properties":{"probability":0.575,"inBuffer":true,"facType":"fire"}},{"type":"Feature","geometry":{"type":"Point","coordinates":[-71.16582,42.39809]},"properties":{"probability":0.526,"inBuffer":true,"facType":"fire"}},{"type":"Feature","geometry":{"type":"Point","coordinates":[-71.15975,42.39821]},"properties":{"probability":0.542,"inBuffer":false,"facType":"substation"}},{"type":"Feature","geometry":{"type":"Point","coordinates":[-71.15368,42.39832]},"properties":{"probability":0.651,"inBuffer":false,"facType":"substation"}},{"type":"Feature","geometry":{"type":"Point","coordinates":[-71.14761,42.39844]},"properties":{"probability":0.765,"inBuffer":false,"facType":"substation"}},{"type":"Feature","geometry":{"type":"Point","coordinates":[-71.14154,42.39855]},"properties":{"probability":0.723,"inBuffer":false,"facType":"substation"}},{"type":"Feature","geometry":{"type":"Point","coordinates":[-71.13547,42.39867]},"properties":{"probability":0.683,"inBuffer":false,"facType":"substation"}},{"type":"Feature","geometry":{"type":"Point","coordinates":[-71.12939,42.39878]},"properties":{"probability":0.692,"inBuffer":true,"facType":"substation"}},{"type":"Feature","geometry":{"type":"Point","coordinates":[-71.12333,42.39889]},"properties":{"probability":0.712,"inBuffer":true,"facType":"government"}},{"type":"Feature","geometry":{"type":"Point","coordinates":[-71.11726,42.399]},"properties":{"probability":0.681,"inBuffer":false,"facType":"government"}},{"type":"Feature","geometry":{"type":"Point","coordinates":[-71.11118,42.39912]},"properties":{"probability":0.696,"inBuffer":true,"facType":"fire"}},{"type":"Feature","geometry":{"type":"Point","coordinates":[-71.10511,42.39923]},"properties":{"probability":0.723,"inBuffer":true,"facType":"fire"}},{"type":"Feature","geometry":{"type":"Point","coordinates":[-71.09904,42.39934]},"properties":{"probability":0.721,"inBuffer":true,"facType":"fire"}},{"type":"Feature","geometry":{"type":"Point","coordinates":[-71.09297,42.39945]},"properties":{"probability":0.713,"inBuffer":false,"facType":"government"}},{"type":"Feature","geometry":{"type":"Point","coordinates":[-71.0869,42.39956]},"properties":{"probability":0.785,"inBuffer":true,"facType":"government"}},{"type":"Feature","geometry":{"type":"Point","coordinates":[-71.08083,42.39967]},"properties":{"probability":0.809,"inBuffer":true,"facType":"government"}},{"type":"Feature","geometry":{"type":"Point","coordinates":[-71.07475,42.39978]},"properties":{"probability":0.873,"inBuffer":true,"facType":"police"}},{"type":"Feature","geometry":{"type":"Point","coordinates":[-71.06868,42.39989]},"properties":{"probability":0.862,"inBuffer":false,"facType":"substation"}},{"type":"Feature","geometry":{"type":"Point","coordinates":[-71.06261,42.4]},"properties":{"probability":0.857,"inBuffer":false,"facType":"substation"}},{"type":"Feature","geometry":{"type":"Point","coordinates":[-71.05654,42.40011]},"properties":{"probability":0.812,"inBuffer":true,"facType":"fire"}},{"type":"Feature","geometry":{"type":"Point","coordinates":[-71.05047,42.40022]},"properties":{"probability":0.814,"inBuffer":false,"facType":"fire"}},{"type":"Feature","geometry":{"type":"Point","coordinates":[-71.0444,42.40033]},"properties":{"probability":0.811,"inBuffer":false,"facType":"government"}},{"type":"Feature","geometry":{"type":"Point","coordinates":[-71.03832,42.40043]},"properties":{"probability":0.81,"inBuffer":true,"facType":"government"}},{"type":"Feature","geometry":{"type":"Point","coordinates":[-71.03225,42.40054]},"properties":{"probability":0.813,"inBuffer":true,"facType":"hospital"}},{"type":"Feature","geometry":{"type":"Point","coordinates":[-71.02618,42.40065]},"properties":{"probability":0.809,"inBuffer":true,"facType":"hospital"}},{"type":"Feature","geometry":{"type":"Point","coordinates":[-71.02011,42.40076]},"properties":{"probability":0.804,"inBuffer":true,"facType":"fire"}},{"type":"Feature","geometry":{"type":"Point","coordinates":[-71.01404,42.40086]},"properties":{"probability":0.775,"inBuffer":true,"facType":"substation"}},{"type":"Feature","geometry":{"type":"Point","coordinates":[-71.00797,42.40097]},"properties":{"probability":0.786,"inBuffer":true,"facType":"power"}},{"type":"Feature","geometry":{"type":"Point","coordinates":[-71.00189,42.40108]},"properties":{"probability":0.782,"inBuffer":true,"facType":"police"}},{"type":"Feature","geometry":{"type":"Point","coordinates":[-70.99582,42.40118]},"properties":{"probability":0.749,"inBuffer":true,"facType":"police"}},{"type":"Feature","geometry":{"type":"Point","coordinates":[-70.98975,42.40129]},"properties":{"probability":0.709,"inBuffer":false,"facType":"police"}},{"type":"Feature","geometry":{"type":"Point","coordinates":[-70.98368,42.40139]},"properties":{"probability":0.556,"inBuffer":false,"facType":"police"}},{"type":"Feature","geometry":{"type":"Point","coordinates":[-71.23244,42.39231]},"properties":{"probability":0.409,"inBuffer":false,"facType":"government"}},{"type":"Feature","geometry":{"type":"Point","coordinates":[-71.22637,42.39243]},"properties":{"probability":0.436,"inBuffer":false,"facType":"government"}},{"type":"Feature","geometry":{"type":"Point","coordinates":[-71.22031,42.39255]},"properties":{"probability":0.428,"inBuffer":false,"facType":"government"}},{"type":"Feature","geometry":{"type":"Point","coordinates":[-71.21423,42.39267]},"properties":{"probability":0.345,"inBuffer":false,"facType":"government"}},{"type":"Feature","geometry":{"type":"Point","coordinates":[-71.20816,42.39278]},"properties":{"probability":0.43,"inBuffer":false,"facType":"government"}},{"type":"Feature","geometry":{"type":"Point","coordinates":[-71.2021,42.3929]},"properties":{"probability":0.358,"inBuffer":false,"facType":"government"}},{"type":"Feature","geometry":{"type":"Point","coordinates":[-71.19602,42.39302]},"properties":{"probability":0.487,"inBuffer":true,"facType":"hospital"}},{"type":"Feature","geometry":{"type":"Point","coordinates":[-71.18995,42.39314]},"properties":{"probability":0.56,"inBuffer":true,"facType":"hospital"}},{"type":"Feature","geometry":{"type":"Point","coordinates":[-71.18388,42.39325]},"properties":{"probability":0.556,"inBuffer":true,"facType":"police"}},{"type":"Feature","geometry":{"type":"Point","coordinates":[-71.17781,42.39336]},"properties":{"probability":0.635,"inBuffer":true,"facType":"police"}},{"type":"Feature","geometry":{"type":"Point","coordinates":[-71.17174,42.39348]},"properties":{"probability":0.581,"inBuffer":true,"facType":"police"}},{"type":"Feature","geometry":{"type":"Point","coordinates":[-71.16567,42.3936]},"properties":{"probability":0.611,"inBuffer":false,"facType":"substation"}},{"type":"Feature","geometry":{"type":"Point","coordinates":[-71.1596,42.39371]},"properties":{"probability":0.61,"inBuffer":false,"facType":"substation"}},{"type":"Feature","geometry":{"type":"Point","coordinates":[-71.15353,42.39383]},"properties":{"probability":0.699,"inBuffer":false,"facType":"substation"}},{"type":"Feature","geometry":{"type":"Point","coordinates":[-71.14746,42.39394]},"properties":{"probability":0.806,"inBuffer":false,"facType":"substation"}},{"type":"Feature","geometry":{"type":"Point","coordinates":[-71.14139,42.39405]},"properties":{"probability":0.804,"inBuffer":false,"facType":"substation"}},{"type":"Feature","geometry":{"type":"Point","coordinates":[-71.13531,42.39417]},"properties":{"probability":0.765,"inBuffer":false,"facType":"substation"}},{"type":"Feature","geometry":{"type":"Point","coordinates":[-71.12924,42.39428]},"properties":{"probability":0.697,"inBuffer":true,"facType":"substation"}},{"type":"Feature","geometry":{"type":"Point","coordinates":[-71.12318,42.39439]},"properties":{"probability":0.739,"inBuffer":true,"facType":"fire"}},{"type":"Feature","geometry":{"type":"Point","coordinates":[-71.1171,42.3945]},"properties":{"probability":0.715,"inBuffer":true,"facType":"fire"}},{"type":"Feature","geometry":{"type":"Point","coordinates":[-71.11103,42.39462]},"properties":{"probability":0.675,"inBuffer":true,"facType":"fire"}},{"type":"Feature","geometry":{"type":"Point","coordinates":[-71.10497,42.39473]},"properties":{"probability":0.694,"inBuffer":true,"facType":"fire"}},{"type":"Feature","geometry":{"type":"Point","coordinates":[-71.09889,42.39484]},"properties":{"probability":0.693,"inBuffer":false,"facType":"government"}},{"type":"Feature","geometry":{"type":"Point","coordinates":[-71.09282,42.39495]},"properties":{"probability":0.749,"inBuffer":true,"facType":"fire"}},{"type":"Feature","geometry":{"type":"Point","coordinates":[-71.08675,42.39506]},"properties":{"probability":0.819,"inBuffer":true,"facType":"government"}},{"type":"Feature","geometry":{"type":"Point","coordinates":[-71.08068,42.39517]},"properties":{"probability":0.844,"inBuffer":true,"facType":"police"}},{"type":"Feature","geometry":{"type":"Point","coordinates":[-71.07461,42.39528]},"properties":{"probability":0.872,"inBuffer":true,"facType":"police"}},{"type":"Feature","geometry":{"type":"Point","coordinates":[-71.06853,42.39539]},"properties":{"probability":0.873,"inBuffer":true,"facType":"substation"}},{"type":"Feature","geometry":{"type":"Point","coordinates":[-71.06246,42.3955]},"properties":{"probability":0.821,"inBuffer":false,"facType":"substation"}},{"type":"Feature","geometry":{"type":"Point","coordinates":[-71.0564,42.39561]},"properties":{"probability":0.819,"inBuffer":false,"facType":"substation"}},{"type":"Feature","geometry":{"type":"Point","coordinates":[-71.05032,42.39572]},"properties":{"probability":0.812,"inBuffer":false,"facType":"government"}},{"type":"Feature","geometry":{"type":"Point","coordinates":[-71.04425,42.39582]},"properties":{"probability":0.821,"inBuffer":false,"facType":"government"}},{"type":"Feature","geometry":{"type":"Point","coordinates":[-71.03818,42.39594]},"properties":{"probability":0.837,"inBuffer":true,"facType":"government"}},{"type":"Feature","geometry":{"type":"Point","coordinates":[-71.0321,42.39604]},"properties":{"probability":0.848,"inBuffer":true,"facType":"fire"}},{"type":"Feature","geometry":{"type":"Point","coordinates":[-71.02604,42.39615]},"properties":{"probability":0.821,"inBuffer":true,"facType":"substation"}},{"type":"Feature","geometry":{"type":"Point","coordinates":[-71.01997,42.39626]},"properties":{"probability":0.81,"inBuffer":true,"facType":"fire"}},{"type":"Feature","geometry":{"type":"Point","coordinates":[-71.01389,42.39636]},"properties":{"probability":0.788,"inBuffer":false,"facType":"fire"}},{"type":"Feature","geometry":{"type":"Point","coordinates":[-71.00782,42.39647]},"properties":{"probability":0.806,"inBuffer":true,"facType":"power"}},{"type":"Feature","geometry":{"type":"Point","coordinates":[-71.00175,42.39658]},"properties":{"probability":0.789,"inBuffer":true,"facType":"police"}},{"type":"Feature","geometry":{"type":"Point","coordinates":[-70.99568,42.39668]},"properties":{"probability":0.734,"inBuffer":true,"facType":"police"}},{"type":"Feature","geometry":{"type":"Point","coordinates":[-70.98961,42.39679]},"properties":{"probability":0.698,"inBuffer":false,"facType":"police"}},{"type":"Feature","geometry":{"type":"Point","coordinates":[-70.98354,42.39689]},"properties":{"probability":0.645,"inBuffer":false,"facType":"substation"}},{"type":"Feature","geometry":{"type":"Point","coordinates":[-70.97746,42.397]},"properties":{"probability":0.338,"inBuffer":false,"facType":"substation"}},{"type":"Feature","geometry":{"type":"Point","coordinates":[-71.23228,42.38781]},"properties":{"probability":0.411,"inBuffer":false,"facType":"government"}},{"type":"Feature","geometry":{"type":"Point","coordinates":[-71.22621,42.38793]},"properties":{"probability":0.508,"inBuffer":false,"facType":"government"}},{"type":"Feature","geometry":{"type":"Point","coordinates":[-71.22015,42.38805]},"properties":{"probability":0.614,"inBuffer":false,"facType":"government"}},{"type":"Feature","geometry":{"type":"Point","coordinates":[-71.21407,42.38817]},"properties":{"probability":0.49,"inBuffer":false,"facType":"government"}},{"type":"Feature","geometry":{"type":"Point","coordinates":[-71.20801,42.38828]},"properties":{"probability":0.555,"inBuffer":false,"facType":"government"}},{"type":"Feature","geometry":{"type":"Point","coordinates":[-71.20193,42.3884]},"properties":{"probability":0.65,"inBuffer":false,"facType":"hospital"}},{"type":"Feature","geometry":{"type":"Point","coordinates":[-71.19586,42.38852]},"properties":{"probability":0.637,"inBuffer":true,"facType":"hospital"}},{"type":"Feature","geometry":{"type":"Point","coordinates":[-71.1898,42.38863]},"properties":{"probability":0.648,"inBuffer":true,"facType":"hospital"}},{"type":"Feature","geometry":{"type":"Point","coordinates":[-71.18372,42.38875]},"properties":{"probability":0.624,"inBuffer":true,"facType":"police"}},{"type":"Feature","geometry":{"type":"Point","coordinates":[-71.17766,42.38887]},"properties":{"probability":0.536,"inBuffer":true,"facType":"police"}},{"type":"Feature","geometry":{"type":"Point","coordinates":[-71.17159,42.38898]},"properties":{"probability":0.511,"inBuffer":false,"facType":"police"}},{"type":"Feature","geometry":{"type":"Point","coordinates":[-71.16551,42.3891]},"properties":{"probability":0.555,"inBuffer":false,"facType":"substation"}},{"type":"Feature","geometry":{"type":"Point","coordinates":[-71.15945,42.38921]},"properties":{"probability":0.6,"inBuffer":false,"facType":"substation"}},{"type":"Feature","geometry":{"type":"Point","coordinates":[-71.15337,42.38932]},"properties":{"probability":0.685,"inBuffer":false,"facType":"government"}},{"type":"Feature","geometry":{"type":"Point","coordinates":[-71.1473,42.38944]},"properties":{"probability":0.743,"inBuffer":false,"facType":"government"}},{"type":"Feature","geometry":{"type":"Point","coordinates":[-71.14124,42.38955]},"properties":{"probability":0.801,"inBuffer":false,"facType":"substation"}},{"type":"Feature","geometry":{"type":"Point","coordinates":[-71.13516,42.38966]},"properties":{"probability":0.748,"inBuffer":true,"facType":"substation"}},{"type":"Feature","geometry":{"type":"Point","coordinates":[-71.12909,42.38978]},"properties":{"probability":0.667,"inBuffer":true,"facType":"substation"}},{"type":"Feature","geometry":{"type":"Point","coordinates":[-71.12302,42.38989]},"properties":{"probability":0.745,"inBuffer":true,"facType":"fire"}},{"type":"Feature","geometry":{"type":"Point","coordinates":[-71.11695,42.39]},"properties":{"probability":0.759,"inBuffer":true,"facType":"fire"}},{"type":"Feature","geometry":{"type":"Point","coordinates":[-71.11088,42.39011]},"properties":{"probability":0.695,"inBuffer":true,"facType":"hospital"}},{"type":"Feature","geometry":{"type":"Point","coordinates":[-71.10481,42.39023]},"properties":{"probability":0.685,"inBuffer":true,"facType":"hospital"}},{"type":"Feature","geometry":{"type":"Point","coordinates":[-71.09874,42.39034]},"properties":{"probability":0.678,"inBuffer":true,"facType":"government"}},{"type":"Feature","geometry":{"type":"Point","coordinates":[-71.09267,42.39045]},"properties":{"probability":0.753,"inBuffer":true,"facType":"fire"}},{"type":"Feature","geometry":{"type":"Point","coordinates":[-71.0866,42.39056]},"properties":{"probability":0.814,"inBuffer":true,"facType":"fire"}},{"type":"Feature","geometry":{"type":"Point","coordinates":[-71.08053,42.39067]},"properties":{"probability":0.817,"inBuffer":true,"facType":"hospital"}},{"type":"Feature","geometry":{"type":"Point","coordinates":[-71.07446,42.39078]},"properties":{"probability":0.856,"inBuffer":true,"facType":"power"}},{"type":"Feature","geometry":{"type":"Point","coordinates":[-71.06839,42.39089]},"properties":{"probability":0.873,"inBuffer":true,"facType":"substation"}},{"type":"Feature","geometry":{"type":"Point","coordinates":[-71.06232,42.391]},"properties":{"probability":0.812,"inBuffer":true,"facType":"substation"}},{"type":"Feature","geometry":{"type":"Point","coordinates":[-71.05624,42.39111]},"properties":{"probability":0.8,"inBuffer":false,"facType":"substation"}},{"type":"Feature","geometry":{"type":"Point","coordinates":[-71.05018,42.39122]},"properties":{"probability":0.756,"inBuffer":false,"facType":"government"}},{"type":"Feature","geometry":{"type":"Point","coordinates":[-71.04411,42.39133]},"properties":{"probability":0.82,"inBuffer":true,"facType":"government"}},{"type":"Feature","geometry":{"type":"Point","coordinates":[-71.03803,42.39143]},"properties":{"probability":0.841,"inBuffer":true,"facType":"police"}},{"type":"Feature","geometry":{"type":"Point","coordinates":[-71.03196,42.39154]},"properties":{"probability":0.846,"inBuffer":true,"facType":"government"}},{"type":"Feature","geometry":{"type":"Point","coordinates":[-71.02589,42.39165]},"properties":{"probability":0.842,"inBuffer":true,"facType":"substation"}},{"type":"Feature","geometry":{"type":"Point","coordinates":[-71.01982,42.39175]},"properties":{"probability":0.803,"inBuffer":false,"facType":"substation"}},{"type":"Feature","geometry":{"type":"Point","coordinates":[-71.01375,42.39186]},"properties":{"probability":0.791,"inBuffer":false,"facType":"fire"}},{"type":"Feature","geometry":{"type":"Point","coordinates":[-71.00768,42.39197]},"properties":{"probability":0.783,"inBuffer":true,"facType":"fire"}},{"type":"Feature","geometry":{"type":"Point","coordinates":[-71.00161,42.39207]},"properties":{"probability":0.779,"inBuffer":true,"facType":"fire"}},{"type":"Feature","geometry":{"type":"Point","coordinates":[-70.99554,42.39218]},"properties":{"probability":0.656,"inBuffer":false,"facType":"fire"}},{"type":"Feature","geometry":{"type":"Point","coordinates":[-70.98946,42.39229]},"properties":{"probability":0.618,"inBuffer":false,"facType":"substation"}},{"type":"Feature","geometry":{"type":"Point","coordinates":[-70.98339,42.39239]},"properties":{"probability":0.625,"inBuffer":false,"facType":"substation"}},{"type":"Feature","geometry":{"type":"Point","coordinates":[-70.97733,42.3925]},"properties":{"probability":0.378,"inBuffer":false,"facType":"substation"}},{"type":"Feature","geometry":{"type":"Point","coordinates":[-71.23212,42.38332]},"properties":{"probability":0.656,"inBuffer":false,"facType":"government"}},{"type":"Feature","geometry":{"type":"Point","coordinates":[-71.22606,42.38343]},"properties":{"probability":0.614,"inBuffer":false,"facType":"government"}},{"type":"Feature","geometry":{"type":"Point","coordinates":[-71.21999,42.38355]},"properties":{"probability":0.637,"inBuffer":false,"facType":"government"}},{"type":"Feature","geometry":{"type":"Point","coordinates":[-71.21391,42.38367]},"properties":{"probability":0.582,"inBuffer":false,"facType":"government"}},{"type":"Feature","geometry":{"type":"Point","coordinates":[-71.20785,42.38379]},"properties":{"probability":0.658,"inBuffer":false,"facType":"fire"}},{"type":"Feature","geometry":{"type":"Point","coordinates":[-71.20177,42.3839]},"properties":{"probability":0.689,"inBuffer":false,"facType":"fire"}},{"type":"Feature","geometry":{"type":"Point","coordinates":[-71.19571,42.38402]},"properties":{"probability":0.645,"inBuffer":false,"facType":"fire"}},{"type":"Feature","geometry":{"type":"Point","coordinates":[-71.18964,42.38413]},"properties":{"probability":0.634,"inBuffer":true,"facType":"fire"}},{"type":"Feature","geometry":{"type":"Point","coordinates":[-71.18357,42.38425]},"properties":{"probability":0.645,"inBuffer":true,"facType":"fire"}},{"type":"Feature","geometry":{"type":"Point","coordinates":[-71.1775,42.38437]},"properties":{"probability":0.608,"inBuffer":true,"facType":"fire"}},{"type":"Feature","geometry":{"type":"Point","coordinates":[-71.17143,42.38448]},"properties":{"probability":0.551,"inBuffer":false,"facType":"fire"}},{"type":"Feature","geometry":{"type":"Point","coordinates":[-71.16536,42.38459]},"properties":{"probability":0.479,"inBuffer":false,"facType":"fire"}},{"type":"Feature","geometry":{"type":"Point","coordinates":[-71.15929,42.38471]},"properties":{"probability":0.466,"inBuffer":false,"facType":"substation"}},{"type":"Feature","geometry":{"type":"Point","coordinates":[-71.15322,42.38482]},"properties":{"probability":0.463,"inBuffer":false,"facType":"substation"}},{"type":"Feature","geometry":{"type":"Point","coordinates":[-71.14715,42.38494]},"properties":{"probability":0.593,"inBuffer":false,"facType":"substation"}},{"type":"Feature","geometry":{"type":"Point","coordinates":[-71.14108,42.38505]},"properties":{"probability":0.775,"inBuffer":true,"facType":"substation"}},{"type":"Feature","geometry":{"type":"Point","coordinates":[-71.13501,42.38517]},"properties":{"probability":0.686,"inBuffer":true,"facType":"fire"}},{"type":"Feature","geometry":{"type":"Point","coordinates":[-71.12894,42.38528]},"properties":{"probability":0.655,"inBuffer":true,"facType":"fire"}},{"type":"Feature","geometry":{"type":"Point","coordinates":[-71.12287,42.38539]},"properties":{"probability":0.7,"inBuffer":true,"facType":"fire"}},{"type":"Feature","geometry":{"type":"Point","coordinates":[-71.1168,42.3855]},"properties":{"probability":0.739,"inBuffer":true,"facType":"fire"}},{"type":"Feature","geometry":{"type":"Point","coordinates":[-71.11073,42.38562]},"properties":{"probability":0.714,"inBuffer":true,"facType":"fire"}},{"type":"Feature","geometry":{"type":"Point","coordinates":[-71.10466,42.38573]},"properties":{"probability":0.702,"inBuffer":true,"facType":"government"}},{"type":"Feature","geometry":{"type":"Point","coordinates":[-71.09859,42.38584]},"properties":{"probability":0.75,"inBuffer":false,"facType":"government"}},{"type":"Feature","geometry":{"type":"Point","coordinates":[-71.09252,42.38595]},"properties":{"probability":0.78,"inBuffer":true,"facType":"government"}},{"type":"Feature","geometry":{"type":"Point","coordinates":[-71.08645,42.38606]},"properties":{"probability":0.777,"inBuffer":true,"facType":"police"}},{"type":"Feature","geometry":{"type":"Point","coordinates":[-71.08038,42.38617]},"properties":{"probability":0.811,"inBuffer":true,"facType":"police"}},{"type":"Feature","geometry":{"type":"Point","coordinates":[-71.07431,42.38628]},"properties":{"probability":0.841,"inBuffer":true,"facType":"substation"}},{"type":"Feature","geometry":{"type":"Point","coordinates":[-71.06824,42.38639]},"properties":{"probability":0.813,"inBuffer":true,"facType":"fire"}},{"type":"Feature","geometry":{"type":"Point","coordinates":[-71.06217,42.3865]},"properties":{"probability":0.749,"inBuffer":false,"facType":"substation"}},{"type":"Feature","geometry":{"type":"Point","coordinates":[-71.0561,42.38661]},"properties":{"probability":0.705,"inBuffer":false,"facType":"government"}},{"type":"Feature","geometry":{"type":"Point","coordinates":[-71.05003,42.38671]},"properties":{"probability":0.672,"inBuffer":false,"facType":"government"}},{"type":"Feature","geometry":{"type":"Point","coordinates":[-71.04396,42.38683]},"properties":{"probability":0.765,"inBuffer":true,"facType":"government"}},{"type":"Feature","geometry":{"type":"Point","coordinates":[-71.03789,42.38693]},"properties":{"probability":0.783,"inBuffer":true,"facType":"police"}},{"type":"Feature","geometry":{"type":"Point","coordinates":[-71.03181,42.38704]},"properties":{"probability":0.811,"inBuffer":true,"facType":"substation"}},{"type":"Feature","geometry":{"type":"Point","coordinates":[-71.02575,42.38715]},"properties":{"probability":0.819,"inBuffer":true,"facType":"substation"}},{"type":"Feature","geometry":{"type":"Point","coordinates":[-71.01968,42.38726]},"properties":{"probability":0.814,"inBuffer":false,"facType":"substation"}},{"type":"Feature","geometry":{"type":"Point","coordinates":[-71.0136,42.38736]},"properties":{"probability":0.807,"inBuffer":false,"facType":"fire"}},{"type":"Feature","geometry":{"type":"Point","coordinates":[-71.00754,42.38747]},"properties":{"probability":0.767,"inBuffer":true,"facType":"fire"}},{"type":"Feature","geometry":{"type":"Point","coordinates":[-71.00146,42.38758]},"properties":{"probability":0.723,"inBuffer":true,"facType":"fire"}},{"type":"Feature","geometry":{"type":"Point","coordinates":[-70.99539,42.38768]},"properties":{"probability":0.602,"inBuffer":true,"facType":"fire"}},{"type":"Feature","geometry":{"type":"Point","coordinates":[-70.98933,42.38779]},"properties":{"probability":0.457,"inBuffer":false,"facType":"substation"}},{"type":"Feature","geometry":{"type":"Point","coordinates":[-70.98325,42.38789]},"properties":{"probability":0.519,"inBuffer":false,"facType":"substation"}},{"type":"Feature","geometry":{"type":"Point","coordinates":[-70.97718,42.388]},"properties":{"probability":0.488,"inBuffer":false,"facType":"substation"}},{"type":"Feature","geometry":{"type":"Point","coordinates":[-70.97111,42.3881]},"properties":{"probability":0.439,"inBuffer":false,"facType":"substation"}},{"type":"Feature","geometry":{"type":"Point","coordinates":[-70.96504,42.38821]},"properties":{"probability":0.25,"inBuffer":false,"facType":"substation"}},{"type":"Feature","geometry":{"type":"Point","coordinates":[-71.23196,42.37881]},"properties":{"probability":0.748,"inBuffer":true,"facType":"police"}},{"type":"Feature","geometry":{"type":"Point","coordinates":[-71.2259,42.37893]},"properties":{"probability":0.68,"inBuffer":false,"facType":"government"}},{"type":"Feature","geometry":{"type":"Point","coordinates":[-71.21983,42.37905]},"properties":{"probability":0.646,"inBuffer":true,"facType":"government"}},{"type":"Feature","geometry":{"type":"Point","coordinates":[-71.21376,42.37917]},"properties":{"probability":0.564,"inBuffer":true,"facType":"fire"}},{"type":"Feature","geometry":{"type":"Point","coordinates":[-71.20769,42.37928]},"properties":{"probability":0.647,"inBuffer":false,"facType":"fire"}},{"type":"Feature","geometry":{"type":"Point","coordinates":[-71.20162,42.3794]},"properties":{"probability":0.619,"inBuffer":false,"facType":"police"}},{"type":"Feature","geometry":{"type":"Point","coordinates":[-71.19555,42.37952]},"properties":{"probability":0.574,"inBuffer":true,"facType":"fire"}},{"type":"Feature","geometry":{"type":"Point","coordinates":[-71.18948,42.37963]},"properties":{"probability":0.614,"inBuffer":true,"facType":"fire"}},{"type":"Feature","geometry":{"type":"Point","coordinates":[-71.18341,42.37975]},"properties":{"probability":0.609,"inBuffer":true,"facType":"fire"}},{"type":"Feature","geometry":{"type":"Point","coordinates":[-71.17735,42.37987]},"properties":{"probability":0.651,"inBuffer":true,"facType":"fire"}},{"type":"Feature","geometry":{"type":"Point","coordinates":[-71.17127,42.37998]},"properties":{"probability":0.629,"inBuffer":false,"facType":"fire"}},{"type":"Feature","geometry":{"type":"Point","coordinates":[-71.16521,42.3801]},"properties":{"probability":0.548,"inBuffer":false,"facType":"fire"}},{"type":"Feature","geometry":{"type":"Point","coordinates":[-71.15913,42.38021]},"properties":{"probability":0.505,"inBuffer":false,"facType":"fire"}},{"type":"Feature","geometry":{"type":"Point","coordinates":[-71.15307,42.38033]},"properties":{"probability":0.413,"inBuffer":false,"facType":"water_works"}},{"type":"Feature","geometry":{"type":"Point","coordinates":[-71.147,42.38044]},"properties":{"probability":0.538,"inBuffer":true,"facType":"water_works"}},{"type":"Feature","geometry":{"type":"Point","coordinates":[-71.14093,42.38055]},"properties":{"probability":0.647,"inBuffer":true,"facType":"fire"}},{"type":"Feature","geometry":{"type":"Point","coordinates":[-71.13486,42.38066]},"properties":{"probability":0.642,"inBuffer":true,"facType":"substation"}},{"type":"Feature","geometry":{"type":"Point","coordinates":[-71.12879,42.38078]},"properties":{"probability":0.657,"inBuffer":true,"facType":"substation"}},{"type":"Feature","geometry":{"type":"Point","coordinates":[-71.12272,42.38089]},"properties":{"probability":0.682,"inBuffer":true,"facType":"police"}},{"type":"Feature","geometry":{"type":"Point","coordinates":[-71.11665,42.381]},"properties":{"probability":0.722,"inBuffer":true,"facType":"fire"}},{"type":"Feature","geometry":{"type":"Point","coordinates":[-71.11058,42.38111]},"properties":{"probability":0.705,"inBuffer":true,"facType":"fire"}},{"type":"Feature","geometry":{"type":"Point","coordinates":[-71.10451,42.38123]},"properties":{"probability":0.716,"inBuffer":true,"facType":"substation"}},{"type":"Feature","geometry":{"type":"Point","coordinates":[-71.09844,42.38134]},"properties":{"probability":0.761,"inBuffer":true,"facType":"substation"}},{"type":"Feature","geometry":{"type":"Point","coordinates":[-71.09237,42.38145]},"properties":{"probability":0.784,"inBuffer":true,"facType":"police"}},{"type":"Feature","geometry":{"type":"Point","coordinates":[-71.0863,42.38156]},"properties":{"probability":0.799,"inBuffer":true,"facType":"police"}},{"type":"Feature","geometry":{"type":"Point","coordinates":[-71.08023,42.38167]},"properties":{"probability":0.818,"inBuffer":true,"facType":"substation"}},{"type":"Feature","geometry":{"type":"Point","coordinates":[-71.07417,42.38178]},"properties":{"probability":0.843,"inBuffer":true,"facType":"fire"}},{"type":"Feature","geometry":{"type":"Point","coordinates":[-71.06809,42.38189]},"properties":{"probability":0.815,"inBuffer":true,"facType":"fire"}},{"type":"Feature","geometry":{"type":"Point","coordinates":[-71.06202,42.382]},"properties":{"probability":0.797,"inBuffer":false,"facType":"government"}},{"type":"Feature","geometry":{"type":"Point","coordinates":[-71.05595,42.38211]},"properties":{"probability":0.767,"inBuffer":true,"facType":"government"}},{"type":"Feature","geometry":{"type":"Point","coordinates":[-71.04988,42.38222]},"properties":{"probability":0.712,"inBuffer":true,"facType":"hospital"}},{"type":"Feature","geometry":{"type":"Point","coordinates":[-71.04382,42.38232]},"properties":{"probability":0.702,"inBuffer":true,"facType":"hospital"}},{"type":"Feature","geometry":{"type":"Point","coordinates":[-71.03774,42.38243]},"properties":{"probability":0.746,"inBuffer":true,"facType":"fire"}},{"type":"Feature","geometry":{"type":"Point","coordinates":[-71.03167,42.38254]},"properties":{"probability":0.808,"inBuffer":true,"facType":"substation"}},{"type":"Feature","geometry":{"type":"Point","coordinates":[-71.0256,42.38265]},"properties":{"probability":0.818,"inBuffer":true,"facType":"substation"}},{"type":"Feature","geometry":{"type":"Point","coordinates":[-71.01953,42.38276]},"properties":{"probability":0.807,"inBuffer":true,"facType":"police"}},{"type":"Feature","geometry":{"type":"Point","coordinates":[-71.01346,42.38286]},"properties":{"probability":0.741,"inBuffer":false,"facType":"fire"}},{"type":"Feature","geometry":{"type":"Point","coordinates":[-71.00739,42.38297]},"properties":{"probability":0.657,"inBuffer":true,"facType":"fire"}},{"type":"Feature","geometry":{"type":"Point","coordinates":[-71.00132,42.38308]},"properties":{"probability":0.629,"inBuffer":true,"facType":"fire"}},{"type":"Feature","geometry":{"type":"Point","coordinates":[-70.99525,42.38318]},"properties":{"probability":0.587,"inBuffer":false,"facType":"fire"}},{"type":"Feature","geometry":{"type":"Point","coordinates":[-70.98918,42.38329]},"properties":{"probability":0.641,"inBuffer":false,"facType":"substation"}},{"type":"Feature","geometry":{"type":"Point","coordinates":[-70.98311,42.38339]},"properties":{"probability":0.625,"inBuffer":true,"facType":"substation"}},{"type":"Feature","geometry":{"type":"Point","coordinates":[-70.97704,42.3835]},"properties":{"probability":0.607,"inBuffer":false,"facType":"substation"}},{"type":"Feature","geometry":{"type":"Point","coordinates":[-70.97097,42.3836]},"properties":{"probability":0.479,"inBuffer":false,"facType":"substation"}},{"type":"Feature","geometry":{"type":"Point","coordinates":[-71.23788,42.3742]},"properties":{"probability":0.803,"inBuffer":true,"facType":"police"}},{"type":"Feature","geometry":{"type":"Point","coordinates":[-71.2318,42.37432]},"properties":{"probability":0.778,"inBuffer":true,"facType":"police"}},{"type":"Feature","geometry":{"type":"Point","coordinates":[-71.22574,42.37443]},"properties":{"probability":0.726,"inBuffer":true,"facType":"government"}},{"type":"Feature","geometry":{"type":"Point","coordinates":[-71.21967,42.37455]},"properties":{"probability":0.698,"inBuffer":true,"facType":"fire"}},{"type":"Feature","geometry":{"type":"Point","coordinates":[-71.2136,42.37467]},"properties":{"probability":0.679,"inBuffer":true,"facType":"fire"}},{"type":"Feature","geometry":{"type":"Point","coordinates":[-71.20753,42.37479]},"properties":{"probability":0.592,"inBuffer":true,"facType":"police"}},{"type":"Feature","geometry":{"type":"Point","coordinates":[-71.20146,42.3749]},"properties":{"probability":0.565,"inBuffer":true,"facType":"police"}},{"type":"Feature","geometry":{"type":"Point","coordinates":[-71.1954,42.37502]},"properties":{"probability":0.548,"inBuffer":true,"facType":"police"}},{"type":"Feature","geometry":{"type":"Point","coordinates":[-71.18932,42.37513]},"properties":{"probability":0.54,"inBuffer":true,"facType":"fire"}},{"type":"Feature","geometry":{"type":"Point","coordinates":[-71.18326,42.37525]},"properties":{"probability":0.577,"inBuffer":true,"facType":"fire"}},{"type":"Feature","geometry":{"type":"Point","coordinates":[-71.17719,42.37537]},"properties":{"probability":0.578,"inBuffer":false,"facType":"fire"}},{"type":"Feature","geometry":{"type":"Point","coordinates":[-71.17112,42.37548]},"properties":{"probability":0.58,"inBuffer":false,"facType":"fire"}},{"type":"Feature","geometry":{"type":"Point","coordinates":[-71.16505,42.3756]},"properties":{"probability":0.619,"inBuffer":true,"facType":"fire"}},{"type":"Feature","geometry":{"type":"Point","coordinates":[-71.15898,42.37571]},"properties":{"probability":0.622,"inBuffer":true,"facType":"fire"}},{"type":"Feature","geometry":{"type":"Point","coordinates":[-71.15292,42.37582]},"properties":{"probability":0.602,"inBuffer":false,"facType":"fire"}},{"type":"Feature","geometry":{"type":"Point","coordinates":[-71.14684,42.37594]},"properties":{"probability":0.622,"inBuffer":true,"facType":"fire"}},{"type":"Feature","geometry":{"type":"Point","coordinates":[-71.14078,42.37605]},"properties":{"probability":0.662,"inBuffer":true,"facType":"fire"}},{"type":"Feature","geometry":{"type":"Point","coordinates":[-71.1347,42.37616]},"properties":{"probability":0.632,"inBuffer":true,"facType":"hospital"}},{"type":"Feature","geometry":{"type":"Point","coordinates":[-71.12864,42.37628]},"properties":{"probability":0.696,"inBuffer":true,"facType":"substation"}},{"type":"Feature","geometry":{"type":"Point","coordinates":[-71.12257,42.37639]},"properties":{"probability":0.78,"inBuffer":true,"facType":"police"}},{"type":"Feature","geometry":{"type":"Point","coordinates":[-71.1165,42.3765]},"properties":{"probability":0.764,"inBuffer":true,"facType":"police"}},{"type":"Feature","geometry":{"type":"Point","coordinates":[-71.11043,42.37661]},"properties":{"probability":0.721,"inBuffer":true,"facType":"fire"}},{"type":"Feature","geometry":{"type":"Point","coordinates":[-71.10436,42.37673]},"properties":{"probability":0.707,"inBuffer":true,"facType":"hospital"}},{"type":"Feature","geometry":{"type":"Point","coordinates":[-71.09829,42.37684]},"properties":{"probability":0.779,"inBuffer":true,"facType":"substation"}},{"type":"Feature","geometry":{"type":"Point","coordinates":[-71.09222,42.37695]},"properties":{"probability":0.805,"inBuffer":true,"facType":"fire"}},{"type":"Feature","geometry":{"type":"Point","coordinates":[-71.08615,42.37706]},"properties":{"probability":0.812,"inBuffer":true,"facType":"government"}},{"type":"Feature","geometry":{"type":"Point","coordinates":[-71.08009,42.37717]},"properties":{"probability":0.824,"inBuffer":true,"facType":"fire"}},{"type":"Feature","geometry":{"type":"Point","coordinates":[-71.07401,42.37728]},"properties":{"probability":0.834,"inBuffer":false,"facType":"fire"}},{"type":"Feature","geometry":{"type":"Point","coordinates":[-71.06795,42.37739]},"properties":{"probability":0.812,"inBuffer":true,"facType":"fire"}},{"type":"Feature","geometry":{"type":"Point","coordinates":[-71.06187,42.3775]},"properties":{"probability":0.831,"inBuffer":true,"facType":"fire"}},{"type":"Feature","geometry":{"type":"Point","coordinates":[-71.05581,42.37761]},"properties":{"probability":0.803,"inBuffer":true,"facType":"government"}},{"type":"Feature","geometry":{"type":"Point","coordinates":[-71.04974,42.37772]},"properties":{"probability":0.719,"inBuffer":true,"facType":"hospital"}},{"type":"Feature","geometry":{"type":"Point","coordinates":[-71.04366,42.37783]},"properties":{"probability":0.748,"inBuffer":true,"facType":"hospital"}},{"type":"Feature","geometry":{"type":"Point","coordinates":[-71.0376,42.37793]},"properties":{"probability":0.805,"inBuffer":true,"facType":"government"}},{"type":"Feature","geometry":{"type":"Point","coordinates":[-71.03152,42.37804]},"properties":{"probability":0.83,"inBuffer":true,"facType":"fire"}},{"type":"Feature","geometry":{"type":"Point","coordinates":[-71.02546,42.37815]},"properties":{"probability":0.854,"inBuffer":true,"facType":"police"}},{"type":"Feature","geometry":{"type":"Point","coordinates":[-71.01939,42.37825]},"properties":{"probability":0.792,"inBuffer":false,"facType":"police"}},{"type":"Feature","geometry":{"type":"Point","coordinates":[-71.01332,42.37836]},"properties":{"probability":0.576,"inBuffer":false,"facType":"police"}},{"type":"Feature","geometry":{"type":"Point","coordinates":[-71.00725,42.37847]},"properties":{"probability":0.366,"inBuffer":false,"facType":"fire"}},{"type":"Feature","geometry":{"type":"Point","coordinates":[-71.00117,42.37857]},"properties":{"probability":0.381,"inBuffer":false,"facType":"fire"}},{"type":"Feature","geometry":{"type":"Point","coordinates":[-70.99511,42.37868]},"properties":{"probability":0.539,"inBuffer":false,"facType":"government"}},{"type":"Feature","geometry":{"type":"Point","coordinates":[-70.98904,42.37878]},"properties":{"probability":0.628,"inBuffer":true,"facType":"government"}},{"type":"Feature","geometry":{"type":"Point","coordinates":[-70.98297,42.37889]},"properties":{"probability":0.646,"inBuffer":true,"facType":"substation"}},{"type":"Feature","geometry":{"type":"Point","coordinates":[-70.9769,42.379]},"properties":{"probability":0.63,"inBuffer":true,"facType":"substation"}},{"type":"Feature","geometry":{"type":"Point","coordinates":[-70.97083,42.3791]},"properties":{"probability":0.479,"inBuffer":true,"facType":"fire"}},{"type":"Feature","geometry":{"type":"Point","coordinates":[-70.96476,42.3792]},"properties":{"probability":0.3,"inBuffer":false,"facType":"fire"}},{"type":"Feature","geometry":{"type":"Point","coordinates":[-71.23772,42.3697]},"properties":{"probability":0.769,"inBuffer":true,"facType":"police"}},{"type":"Feature","geometry":{"type":"Point","coordinates":[-71.23164,42.36982]},"properties":{"probability":0.728,"inBuffer":true,"facType":"police"}},{"type":"Feature","geometry":{"type":"Point","coordinates":[-71.22558,42.36993]},"properties":{"probability":0.741,"inBuffer":false,"facType":"fire"}},{"type":"Feature","geometry":{"type":"Point","coordinates":[-71.21951,42.37005]},"properties":{"probability":0.748,"inBuffer":true,"facType":"fire"}},{"type":"Feature","geometry":{"type":"Point","coordinates":[-71.21344,42.37017]},"properties":{"probability":0.743,"inBuffer":true,"facType":"fire"}},{"type":"Feature","geometry":{"type":"Point","coordinates":[-71.20737,42.37029]},"properties":{"probability":0.662,"inBuffer":true,"facType":"police"}},{"type":"Feature","geometry":{"type":"Point","coordinates":[-71.20131,42.3704]},"properties":{"probability":0.65,"inBuffer":true,"facType":"police"}},{"type":"Feature","geometry":{"type":"Point","coordinates":[-71.19524,42.37052]},"properties":{"probability":0.657,"inBuffer":true,"facType":"police"}},{"type":"Feature","geometry":{"type":"Point","coordinates":[-71.18917,42.37064]},"properties":{"probability":0.67,"inBuffer":true,"facType":"government"}},{"type":"Feature","geometry":{"type":"Point","coordinates":[-71.1831,42.37075]},"properties":{"probability":0.638,"inBuffer":true,"facType":"police"}},{"type":"Feature","geometry":{"type":"Point","coordinates":[-71.17703,42.37086]},"properties":{"probability":0.496,"inBuffer":false,"facType":"substation"}},{"type":"Feature","geometry":{"type":"Point","coordinates":[-71.17097,42.37098]},"properties":{"probability":0.44,"inBuffer":false,"facType":"fire"}},{"type":"Feature","geometry":{"type":"Point","coordinates":[-71.16489,42.3711]},"properties":{"probability":0.592,"inBuffer":true,"facType":"fire"}},{"type":"Feature","geometry":{"type":"Point","coordinates":[-71.15883,42.37121]},"properties":{"probability":0.665,"inBuffer":true,"facType":"fire"}},{"type":"Feature","geometry":{"type":"Point","coordinates":[-71.15276,42.37133]},"properties":{"probability":0.632,"inBuffer":true,"facType":"fire"}},{"type":"Feature","geometry":{"type":"Point","coordinates":[-71.14669,42.37144]},"properties":{"probability":0.562,"inBuffer":false,"facType":"hospital"}},{"type":"Feature","geometry":{"type":"Point","coordinates":[-71.14062,42.37155]},"properties":{"probability":0.654,"inBuffer":true,"facType":"hospital"}},{"type":"Feature","geometry":{"type":"Point","coordinates":[-71.13455,42.37167]},"properties":{"probability":0.736,"inBuffer":true,"facType":"hospital"}},{"type":"Feature","geometry":{"type":"Point","coordinates":[-71.12849,42.37178]},"properties":{"probability":0.793,"inBuffer":true,"facType":"hospital"}},{"type":"Feature","geometry":{"type":"Point","coordinates":[-71.12241,42.37189]},"properties":{"probability":0.801,"inBuffer":true,"facType":"police"}},{"type":"Feature","geometry":{"type":"Point","coordinates":[-71.11635,42.372]},"properties":{"probability":0.79,"inBuffer":true,"facType":"police"}},{"type":"Feature","geometry":{"type":"Point","coordinates":[-71.11028,42.37212]},"properties":{"probability":0.744,"inBuffer":true,"facType":"fire"}},{"type":"Feature","geometry":{"type":"Point","coordinates":[-71.10421,42.37223]},"properties":{"probability":0.702,"inBuffer":true,"facType":"government"}},{"type":"Feature","geometry":{"type":"Point","coordinates":[-71.09814,42.37234]},"properties":{"probability":0.754,"inBuffer":true,"facType":"government"}},{"type":"Feature","geometry":{"type":"Point","coordinates":[-71.09207,42.37245]},"properties":{"probability":0.791,"inBuffer":true,"facType":"government"}},{"type":"Feature","geometry":{"type":"Point","coordinates":[-71.08601,42.37256]},"properties":{"probability":0.811,"inBuffer":true,"facType":"government"}},{"type":"Feature","geometry":{"type":"Point","coordinates":[-71.07993,42.37267]},"properties":{"probability":0.82,"inBuffer":true,"facType":"fire"}},{"type":"Feature","geometry":{"type":"Point","coordinates":[-71.07387,42.37278]},"properties":{"probability":0.82,"inBuffer":true,"facType":"fire"}},{"type":"Feature","geometry":{"type":"Point","coordinates":[-71.06779,42.37289]},"properties":{"probability":0.836,"inBuffer":true,"facType":"government"}},{"type":"Feature","geometry":{"type":"Point","coordinates":[-71.06173,42.373]},"properties":{"probability":0.829,"inBuffer":true,"facType":"government"}},{"type":"Feature","geometry":{"type":"Point","coordinates":[-71.05566,42.37311]},"properties":{"probability":0.809,"inBuffer":true,"facType":"police"}},{"type":"Feature","geometry":{"type":"Point","coordinates":[-71.04959,42.37321]},"properties":{"probability":0.731,"inBuffer":true,"facType":"hospital"}},{"type":"Feature","geometry":{"type":"Point","coordinates":[-71.04352,42.37333]},"properties":{"probability":0.8,"inBuffer":true,"facType":"hospital"}},{"type":"Feature","geometry":{"type":"Point","coordinates":[-71.03745,42.37343]},"properties":{"probability":0.82,"inBuffer":true,"facType":"government"}},{"type":"Feature","geometry":{"type":"Point","coordinates":[-71.03138,42.37354]},"properties":{"probability":0.852,"inBuffer":true,"facType":"government"}},{"type":"Feature","geometry":{"type":"Point","coordinates":[-71.02531,42.37365]},"properties":{"probability":0.861,"inBuffer":true,"facType":"police"}},{"type":"Feature","geometry":{"type":"Point","coordinates":[-71.01924,42.37376]},"properties":{"probability":0.835,"inBuffer":false,"facType":"police"}},{"type":"Feature","geometry":{"type":"Point","coordinates":[-71.01318,42.37386]},"properties":{"probability":0.782,"inBuffer":true,"facType":"airport"}},{"type":"Feature","geometry":{"type":"Point","coordinates":[-71.0071,42.37397]},"properties":{"probability":0.417,"inBuffer":true,"facType":"fire"}},{"type":"Feature","geometry":{"type":"Point","coordinates":[-71.00104,42.37407]},"properties":{"probability":0.341,"inBuffer":false,"facType":"fire"}},{"type":"Feature","geometry":{"type":"Point","coordinates":[-70.99496,42.37418]},"properties":{"probability":0.516,"inBuffer":false,"facType":"government"}},{"type":"Feature","geometry":{"type":"Point","coordinates":[-70.9889,42.37429]},"properties":{"probability":0.636,"inBuffer":true,"facType":"government"}},{"type":"Feature","geometry":{"type":"Point","coordinates":[-70.98283,42.37439]},"properties":{"probability":0.638,"inBuffer":true,"facType":"police"}},{"type":"Feature","geometry":{"type":"Point","coordinates":[-70.97676,42.3745]},"properties":{"probability":0.556,"inBuffer":true,"facType":"fire"}},{"type":"Feature","geometry":{"type":"Point","coordinates":[-70.97069,42.3746]},"properties":{"probability":0.575,"inBuffer":true,"facType":"fire"}},{"type":"Feature","geometry":{"type":"Point","coordinates":[-70.96462,42.37471]},"properties":{"probability":0.417,"inBuffer":true,"facType":"fire"}},{"type":"Feature","geometry":{"type":"Point","coordinates":[-71.23756,42.3652]},"properties":{"probability":0.696,"inBuffer":false,"facType":"police"}},{"type":"Feature","geometry":{"type":"Point","coordinates":[-71.23148,42.36531]},"properties":{"probability":0.598,"inBuffer":false,"facType":"police"}},{"type":"Feature","geometry":{"type":"Point","coordinates":[-71.22542,42.36543]},"properties":{"probability":0.646,"inBuffer":false,"facType":"fire"}},{"type":"Feature","geometry":{"type":"Point","coordinates":[-71.21935,42.36555]},"properties":{"probability":0.696,"inBuffer":false,"facType":"fire"}},{"type":"Feature","geometry":{"type":"Point","coordinates":[-71.21329,42.36567]},"properties":{"probability":0.717,"inBuffer":false,"facType":"fire"}},{"type":"Feature","geometry":{"type":"Point","coordinates":[-71.20721,42.36579]},"properties":{"probability":0.659,"inBuffer":false,"facType":"police"}},{"type":"Feature","geometry":{"type":"Point","coordinates":[-71.20115,42.3659]},"properties":{"probability":0.67,"inBuffer":true,"facType":"police"}},{"type":"Feature","geometry":{"type":"Point","coordinates":[-71.19508,42.36602]},"properties":{"probability":0.699,"inBuffer":true,"facType":"government"}},{"type":"Feature","geometry":{"type":"Point","coordinates":[-71.18901,42.36613]},"properties":{"probability":0.71,"inBuffer":true,"facType":"fire"}},{"type":"Feature","geometry":{"type":"Point","coordinates":[-71.18295,42.36625]},"properties":{"probability":0.735,"inBuffer":true,"facType":"police"}},{"type":"Feature","geometry":{"type":"Point","coordinates":[-71.17688,42.36637]},"properties":{"probability":0.719,"inBuffer":false,"facType":"substation"}},{"type":"Feature","geometry":{"type":"Point","coordinates":[-71.17081,42.36648]},"properties":{"probability":0.721,"inBuffer":false,"facType":"substation"}},{"type":"Feature","geometry":{"type":"Point","coordinates":[-71.16474,42.3666]},"properties":{"probability":0.779,"inBuffer":true,"facType":"government"}},{"type":"Feature","geometry":{"type":"Point","coordinates":[-71.15868,42.36671]},"properties":{"probability":0.728,"inBuffer":true,"facType":"government"}},{"type":"Feature","geometry":{"type":"Point","coordinates":[-71.1526,42.36683]},"properties":{"probability":0.688,"inBuffer":true,"facType":"government"}},{"type":"Feature","geometry":{"type":"Point","coordinates":[-71.14654,42.36694]},"properties":{"probability":0.622,"inBuffer":true,"facType":"police"}},{"type":"Feature","geometry":{"type":"Point","coordinates":[-71.14047,42.36705]},"properties":{"probability":0.589,"inBuffer":false,"facType":"government"}},{"type":"Feature","geometry":{"type":"Point","coordinates":[-71.1344,42.36716]},"properties":{"probability":0.724,"inBuffer":false,"facType":"hospital"}},{"type":"Feature","geometry":{"type":"Point","coordinates":[-71.12833,42.36728]},"properties":{"probability":0.785,"inBuffer":false,"facType":"hospital"}},{"type":"Feature","geometry":{"type":"Point","coordinates":[-71.12226,42.36739]},"properties":{"probability":0.804,"inBuffer":true,"facType":"police"}},{"type":"Feature","geometry":{"type":"Point","coordinates":[-71.1162,42.3675]},"properties":{"probability":0.782,"inBuffer":true,"facType":"police"}},{"type":"Feature","geometry":{"type":"Point","coordinates":[-71.11013,42.36761]},"properties":{"probability":0.74,"inBuffer":true,"facType":"government"}},{"type":"Feature","geometry":{"type":"Point","coordinates":[-71.10406,42.36773]},"properties":{"probability":0.755,"inBuffer":true,"facType":"government"}},{"type":"Feature","geometry":{"type":"Point","coordinates":[-71.09799,42.36784]},"properties":{"probability":0.782,"inBuffer":true,"facType":"government"}},{"type":"Feature","geometry":{"type":"Point","coordinates":[-71.09192,42.36795]},"properties":{"probability":0.792,"inBuffer":true,"facType":"substation"}},{"type":"Feature","geometry":{"type":"Point","coordinates":[-71.08585,42.36806]},"properties":{"probability":0.805,"inBuffer":true,"facType":"police"}},{"type":"Feature","geometry":{"type":"Point","coordinates":[-71.07979,42.36817]},"properties":{"probability":0.812,"inBuffer":true,"facType":"government"}},{"type":"Feature","geometry":{"type":"Point","coordinates":[-71.07372,42.36828]},"properties":{"probability":0.821,"inBuffer":true,"facType":"police"}},{"type":"Feature","geometry":{"type":"Point","coordinates":[-71.06765,42.36839]},"properties":{"probability":0.856,"inBuffer":true,"facType":"police"}},{"type":"Feature","geometry":{"type":"Point","coordinates":[-71.06158,42.3685]},"properties":{"probability":0.873,"inBuffer":true,"facType":"police"}},{"type":"Feature","geometry":{"type":"Point","coordinates":[-71.05551,42.36861]},"properties":{"probability":0.852,"inBuffer":true,"facType":"fire"}},{"type":"Feature","geometry":{"type":"Point","coordinates":[-71.04945,42.36872]},"properties":{"probability":0.735,"inBuffer":true,"facType":"fire"}},{"type":"Feature","geometry":{"type":"Point","coordinates":[-71.04337,42.36882]},"properties":{"probability":0.798,"inBuffer":true,"facType":"fire"}},{"type":"Feature","geometry":{"type":"Point","coordinates":[-71.03731,42.36893]},"properties":{"probability":0.82,"inBuffer":true,"facType":"fire"}},{"type":"Feature","geometry":{"type":"Point","coordinates":[-71.03123,42.36904]},"properties":{"probability":0.858,"inBuffer":true,"facType":"fire"}},{"type":"Feature","geometry":{"type":"Point","coordinates":[-71.02517,42.36915]},"properties":{"probability":0.867,"inBuffer":true,"facType":"police"}},{"type":"Feature","geometry":{"type":"Point","coordinates":[-71.0191,42.36926]},"properties":{"probability":0.868,"inBuffer":true,"facType":"police"}},{"type":"Feature","geometry":{"type":"Point","coordinates":[-71.01303,42.36936]},"properties":{"probability":0.819,"inBuffer":true,"facType":"airport"}},{"type":"Feature","geometry":{"type":"Point","coordinates":[-71.00696,42.36947]},"properties":{"probability":0.516,"inBuffer":true,"facType":"fire"}},{"type":"Feature","geometry":{"type":"Point","coordinates":[-71.00089,42.36958]},"properties":{"probability":0.374,"inBuffer":true,"facType":"fire"}},{"type":"Feature","geometry":{"type":"Point","coordinates":[-70.99483,42.36968]},"properties":{"probability":0.364,"inBuffer":false,"facType":"fire"}},{"type":"Feature","geometry":{"type":"Point","coordinates":[-70.98875,42.36979]},"properties":{"probability":0.416,"inBuffer":false,"facType":"government"}},{"type":"Feature","geometry":{"type":"Point","coordinates":[-70.98269,42.36989]},"properties":{"probability":0.39,"inBuffer":false,"facType":"fire"}},{"type":"Feature","geometry":{"type":"Point","coordinates":[-70.97662,42.37]},"properties":{"probability":0.482,"inBuffer":true,"facType":"fire"}},{"type":"Feature","geometry":{"type":"Point","coordinates":[-70.97055,42.3701]},"properties":{"probability":0.504,"inBuffer":true,"facType":"fire"}},{"type":"Feature","geometry":{"type":"Point","coordinates":[-70.96448,42.3702]},"properties":{"probability":0.431,"inBuffer":true,"facType":"fire"}},{"type":"Feature","geometry":{"type":"Point","coordinates":[-71.2374,42.3607]},"properties":{"probability":0.568,"inBuffer":false,"facType":"police"}},{"type":"Feature","geometry":{"type":"Point","coordinates":[-71.23133,42.36082]},"properties":{"probability":0.516,"inBuffer":false,"facType":"government"}},{"type":"Feature","geometry":{"type":"Point","coordinates":[-71.22526,42.36094]},"properties":{"probability":0.456,"inBuffer":false,"facType":"government"}},{"type":"Feature","geometry":{"type":"Point","coordinates":[-71.21919,42.36105]},"properties":{"probability":0.574,"inBuffer":false,"facType":"fire"}},{"type":"Feature","geometry":{"type":"Point","coordinates":[-71.21313,42.36117]},"properties":{"probability":0.577,"inBuffer":true,"facType":"fire"}},{"type":"Feature","geometry":{"type":"Point","coordinates":[-71.20706,42.36129]},"properties":{"probability":0.627,"inBuffer":true,"facType":"fire"}},{"type":"Feature","geometry":{"type":"Point","coordinates":[-71.20099,42.3614]},"properties":{"probability":0.642,"inBuffer":true,"facType":"fire"}},{"type":"Feature","geometry":{"type":"Point","coordinates":[-71.19492,42.36152]},"properties":{"probability":0.652,"inBuffer":false,"facType":"fire"}},{"type":"Feature","geometry":{"type":"Point","coordinates":[-71.18886,42.36164]},"properties":{"probability":0.687,"inBuffer":true,"facType":"fire"}},{"type":"Feature","geometry":{"type":"Point","coordinates":[-71.18279,42.36175]},"properties":{"probability":0.695,"inBuffer":true,"facType":"substation"}},{"type":"Feature","geometry":{"type":"Point","coordinates":[-71.17672,42.36187]},"properties":{"probability":0.687,"inBuffer":false,"facType":"substation"}},{"type":"Feature","geometry":{"type":"Point","coordinates":[-71.17065,42.36198]},"properties":{"probability":0.697,"inBuffer":false,"facType":"substation"}},{"type":"Feature","geometry":{"type":"Point","coordinates":[-71.16459,42.36209]},"properties":{"probability":0.761,"inBuffer":false,"facType":"government"}},{"type":"Feature","geometry":{"type":"Point","coordinates":[-71.15852,42.36221]},"properties":{"probability":0.805,"inBuffer":false,"facType":"government"}},{"type":"Feature","geometry":{"type":"Point","coordinates":[-71.15245,42.36232]},"properties":{"probability":0.812,"inBuffer":true,"facType":"police"}},{"type":"Feature","geometry":{"type":"Point","coordinates":[-71.14639,42.36244]},"properties":{"probability":0.831,"inBuffer":true,"facType":"police"}},{"type":"Feature","geometry":{"type":"Point","coordinates":[-71.14032,42.36255]},"properties":{"probability":0.778,"inBuffer":true,"facType":"government"}},{"type":"Feature","geometry":{"type":"Point","coordinates":[-71.13425,42.36267]},"properties":{"probability":0.799,"inBuffer":false,"facType":"government"}},{"type":"Feature","geometry":{"type":"Point","coordinates":[-71.12818,42.36278]},"properties":{"probability":0.812,"inBuffer":false,"facType":"substation"}},{"type":"Feature","geometry":{"type":"Point","coordinates":[-71.12212,42.36289]},"properties":{"probability":0.815,"inBuffer":false,"facType":"substation"}},{"type":"Feature","geometry":{"type":"Point","coordinates":[-71.11604,42.363]},"properties":{"probability":0.785,"inBuffer":true,"facType":"substation"}},{"type":"Feature","geometry":{"type":"Point","coordinates":[-71.10998,42.36311]},"properties":{"probability":0.74,"inBuffer":true,"facType":"fire"}},{"type":"Feature","geometry":{"type":"Point","coordinates":[-71.10391,42.36323]},"properties":{"probability":0.813,"inBuffer":true,"facType":"police"}},{"type":"Feature","geometry":{"type":"Point","coordinates":[-71.09784,42.36334]},"properties":{"probability":0.819,"inBuffer":true,"facType":"substation"}},{"type":"Feature","geometry":{"type":"Point","coordinates":[-71.09177,42.36345]},"properties":{"probability":0.836,"inBuffer":true,"facType":"substation"}},{"type":"Feature","geometry":{"type":"Point","coordinates":[-71.08571,42.36356]},"properties":{"probability":0.818,"inBuffer":true,"facType":"government"}},{"type":"Feature","geometry":{"type":"Point","coordinates":[-71.07964,42.36367]},"properties":{"probability":0.813,"inBuffer":true,"facType":"power"}},{"type":"Feature","geometry":{"type":"Point","coordinates":[-71.07357,42.36378]},"properties":{"probability":0.806,"inBuffer":true,"facType":"hospital"}},{"type":"Feature","geometry":{"type":"Point","coordinates":[-71.0675,42.36389]},"properties":{"probability":0.831,"inBuffer":true,"facType":"hospital"}},{"type":"Feature","geometry":{"type":"Point","coordinates":[-71.06143,42.364]},"properties":{"probability":0.873,"inBuffer":true,"facType":"government"}},{"type":"Feature","geometry":{"type":"Point","coordinates":[-71.05537,42.36411]},"properties":{"probability":0.865,"inBuffer":true,"facType":"fire"}},{"type":"Feature","geometry":{"type":"Point","coordinates":[-71.04929,42.36422]},"properties":{"probability":0.788,"inBuffer":true,"facType":"fire"}},{"type":"Feature","geometry":{"type":"Point","coordinates":[-71.04323,42.36432]},"properties":{"probability":0.724,"inBuffer":true,"facType":"police"}},{"type":"Feature","geometry":{"type":"Point","coordinates":[-71.03716,42.36443]},"properties":{"probability":0.813,"inBuffer":true,"facType":"police"}},{"type":"Feature","geometry":{"type":"Point","coordinates":[-71.03109,42.36454]},"properties":{"probability":0.846,"inBuffer":true,"facType":"airport"}},{"type":"Feature","geometry":{"type":"Point","coordinates":[-71.02502,42.36465]},"properties":{"probability":0.868,"inBuffer":true,"facType":"airport"}},{"type":"Feature","geometry":{"type":"Point","coordinates":[-71.01895,42.36475]},"properties":{"probability":0.873,"inBuffer":true,"facType":"airport"}},{"type":"Feature","geometry":{"type":"Point","coordinates":[-71.01289,42.36486]},"properties":{"probability":0.864,"inBuffer":true,"facType":"airport"}},{"type":"Feature","geometry":{"type":"Point","coordinates":[-71.00682,42.36497]},"properties":{"probability":0.526,"inBuffer":true,"facType":"airport"}},{"type":"Feature","geometry":{"type":"Point","coordinates":[-71.00075,42.36507]},"properties":{"probability":0.405,"inBuffer":true,"facType":"fire"}},{"type":"Feature","geometry":{"type":"Point","coordinates":[-70.99468,42.36518]},"properties":{"probability":0.339,"inBuffer":true,"facType":"fire"}},{"type":"Feature","geometry":{"type":"Point","coordinates":[-70.98861,42.36528]},"properties":{"probability":0.365,"inBuffer":false,"facType":"fire"}},{"type":"Feature","geometry":{"type":"Point","coordinates":[-70.98254,42.36539]},"properties":{"probability":0.321,"inBuffer":false,"facType":"fire"}},{"type":"Feature","geometry":{"type":"Point","coordinates":[-70.97648,42.36549]},"properties":{"probability":0.331,"inBuffer":false,"facType":"fire"}},{"type":"Feature","geometry":{"type":"Point","coordinates":[-70.97041,42.3656]},"properties":{"probability":0.355,"inBuffer":false,"facType":"fire"}},{"type":"Feature","geometry":{"type":"Point","coordinates":[-70.96434,42.3657]},"properties":{"probability":0.382,"inBuffer":false,"facType":"fire"}},{"type":"Feature","geometry":{"type":"Point","coordinates":[-71.23724,42.3562]},"properties":{"probability":0.418,"inBuffer":false,"facType":"police"}},{"type":"Feature","geometry":{"type":"Point","coordinates":[-71.23117,42.35632]},"properties":{"probability":0.383,"inBuffer":false,"facType":"police"}},{"type":"Feature","geometry":{"type":"Point","coordinates":[-71.22511,42.35643]},"properties":{"probability":0.431,"inBuffer":false,"facType":"government"}},{"type":"Feature","geometry":{"type":"Point","coordinates":[-71.21903,42.35655]},"properties":{"probability":0.454,"inBuffer":false,"facType":"fire"}},{"type":"Feature","geometry":{"type":"Point","coordinates":[-71.21297,42.35667]},"properties":{"probability":0.55,"inBuffer":true,"facType":"fire"}},{"type":"Feature","geometry":{"type":"Point","coordinates":[-71.2069,42.35678]},"properties":{"probability":0.622,"inBuffer":true,"facType":"fire"}},{"type":"Feature","geometry":{"type":"Point","coordinates":[-71.20084,42.3569]},"properties":{"probability":0.64,"inBuffer":true,"facType":"fire"}},{"type":"Feature","geometry":{"type":"Point","coordinates":[-71.19477,42.35702]},"properties":{"probability":0.648,"inBuffer":true,"facType":"fire"}},{"type":"Feature","geometry":{"type":"Point","coordinates":[-71.1887,42.35714]},"properties":{"probability":0.677,"inBuffer":true,"facType":"fire"}},{"type":"Feature","geometry":{"type":"Point","coordinates":[-71.18263,42.35725]},"properties":{"probability":0.699,"inBuffer":true,"facType":"fire"}},{"type":"Feature","geometry":{"type":"Point","coordinates":[-71.17657,42.35737]},"properties":{"probability":0.645,"inBuffer":false,"facType":"substation"}},{"type":"Feature","geometry":{"type":"Point","coordinates":[-71.1705,42.35748]},"properties":{"probability":0.649,"inBuffer":true,"facType":"fire"}},{"type":"Feature","geometry":{"type":"Point","coordinates":[-71.16443,42.3576]},"properties":{"probability":0.681,"inBuffer":false,"facType":"fire"}},{"type":"Feature","geometry":{"type":"Point","coordinates":[-71.15836,42.35771]},"properties":{"probability":0.741,"inBuffer":false,"facType":"substation"}},{"type":"Feature","geometry":{"type":"Point","coordinates":[-71.1523,42.35783]},"properties":{"probability":0.808,"inBuffer":true,"facType":"substation"}},{"type":"Feature","geometry":{"type":"Point","coordinates":[-71.14623,42.35794]},"properties":{"probability":0.854,"inBuffer":true,"facType":"police"}},{"type":"Feature","geometry":{"type":"Point","coordinates":[-71.14016,42.35805]},"properties":{"probability":0.825,"inBuffer":true,"facType":"government"}},{"type":"Feature","geometry":{"type":"Point","coordinates":[-71.13409,42.35817]},"properties":{"probability":0.815,"inBuffer":true,"facType":"substation"}},{"type":"Feature","geometry":{"type":"Point","coordinates":[-71.12803,42.35828]},"properties":{"probability":0.789,"inBuffer":false,"facType":"substation"}},{"type":"Feature","geometry":{"type":"Point","coordinates":[-71.12196,42.35839]},"properties":{"probability":0.802,"inBuffer":true,"facType":"substation"}},{"type":"Feature","geometry":{"type":"Point","coordinates":[-71.11589,42.3585]},"properties":{"probability":0.777,"inBuffer":true,"facType":"substation"}},{"type":"Feature","geometry":{"type":"Point","coordinates":[-71.10983,42.35862]},"properties":{"probability":0.736,"inBuffer":true,"facType":"substation"}},{"type":"Feature","geometry":{"type":"Point","coordinates":[-71.10376,42.35873]},"properties":{"probability":0.813,"inBuffer":true,"facType":"substation"}},{"type":"Feature","geometry":{"type":"Point","coordinates":[-71.09769,42.35884]},"properties":{"probability":0.843,"inBuffer":true,"facType":"substation"}},{"type":"Feature","geometry":{"type":"Point","coordinates":[-71.09162,42.35895]},"properties":{"probability":0.822,"inBuffer":true,"facType":"power"}},{"type":"Feature","geometry":{"type":"Point","coordinates":[-71.08556,42.35906]},"properties":{"probability":0.813,"inBuffer":true,"facType":"substation"}},{"type":"Feature","geometry":{"type":"Point","coordinates":[-71.07949,42.35917]},"properties":{"probability":0.811,"inBuffer":true,"facType":"substation"}},{"type":"Feature","geometry":{"type":"Point","coordinates":[-71.07342,42.35928]},"properties":{"probability":0.799,"inBuffer":true,"facType":"hospital"}},{"type":"Feature","geometry":{"type":"Point","coordinates":[-71.06735,42.35939]},"properties":{"probability":0.823,"inBuffer":true,"facType":"fire"}},{"type":"Feature","geometry":{"type":"Point","coordinates":[-71.06129,42.3595]},"properties":{"probability":0.874,"inBuffer":true,"facType":"government"}},{"type":"Feature","geometry":{"type":"Point","coordinates":[-71.05522,42.35961]},"properties":{"probability":0.873,"inBuffer":true,"facType":"substation"}},{"type":"Feature","geometry":{"type":"Point","coordinates":[-71.04915,42.35971]},"properties":{"probability":0.797,"inBuffer":true,"facType":"substation"}},{"type":"Feature","geometry":{"type":"Point","coordinates":[-71.04308,42.35983]},"properties":{"probability":0.643,"inBuffer":true,"facType":"government"}},{"type":"Feature","geometry":{"type":"Point","coordinates":[-71.03702,42.35993]},"properties":{"probability":0.656,"inBuffer":true,"facType":"police"}},{"type":"Feature","geometry":{"type":"Point","coordinates":[-71.03094,42.36004]},"properties":{"probability":0.814,"inBuffer":true,"facType":"airport"}},{"type":"Feature","geometry":{"type":"Point","coordinates":[-71.02488,42.36015]},"properties":{"probability":0.868,"inBuffer":true,"facType":"airport"}},{"type":"Feature","geometry":{"type":"Point","coordinates":[-71.01881,42.36026]},"properties":{"probability":0.867,"inBuffer":true,"facType":"fire"}},{"type":"Feature","geometry":{"type":"Point","coordinates":[-71.01274,42.36036]},"properties":{"probability":0.812,"inBuffer":true,"facType":"airport"}},{"type":"Feature","geometry":{"type":"Point","coordinates":[-71.00668,42.36047]},"properties":{"probability":0.428,"inBuffer":true,"facType":"airport"}},{"type":"Feature","geometry":{"type":"Point","coordinates":[-71.00061,42.36057]},"properties":{"probability":0.379,"inBuffer":true,"facType":"fire"}},{"type":"Feature","geometry":{"type":"Point","coordinates":[-70.99454,42.36068]},"properties":{"probability":0.299,"inBuffer":false,"facType":"fire"}},{"type":"Feature","geometry":{"type":"Point","coordinates":[-70.98847,42.36079]},"properties":{"probability":0.316,"inBuffer":false,"facType":"fire"}},{"type":"Feature","geometry":{"type":"Point","coordinates":[-70.97633,42.361]},"properties":{"probability":0.326,"inBuffer":false,"facType":"fire"}},{"type":"Feature","geometry":{"type":"Point","coordinates":[-70.97027,42.3611]},"properties":{"probability":0.293,"inBuffer":false,"facType":"substation"}},{"type":"Feature","geometry":{"type":"Point","coordinates":[-70.9642,42.3612]},"properties":{"probability":0.32,"inBuffer":false,"facType":"substation"}},{"type":"Feature","geometry":{"type":"Point","coordinates":[-71.23708,42.3517]},"properties":{"probability":0.455,"inBuffer":false,"facType":"police"}},{"type":"Feature","geometry":{"type":"Point","coordinates":[-71.23101,42.35182]},"properties":{"probability":0.548,"inBuffer":true,"facType":"police"}},{"type":"Feature","geometry":{"type":"Point","coordinates":[-71.22495,42.35194]},"properties":{"probability":0.539,"inBuffer":true,"facType":"government"}},{"type":"Feature","geometry":{"type":"Point","coordinates":[-71.21888,42.35205]},"properties":{"probability":0.561,"inBuffer":true,"facType":"police"}},{"type":"Feature","geometry":{"type":"Point","coordinates":[-71.21281,42.35217]},"properties":{"probability":0.616,"inBuffer":true,"facType":"fire"}},{"type":"Feature","geometry":{"type":"Point","coordinates":[-71.20674,42.35229]},"properties":{"probability":0.67,"inBuffer":true,"facType":"fire"}},{"type":"Feature","geometry":{"type":"Point","coordinates":[-71.20068,42.3524]},"properties":{"probability":0.649,"inBuffer":true,"facType":"fire"}},{"type":"Feature","geometry":{"type":"Point","coordinates":[-71.19461,42.35252]},"properties":{"probability":0.607,"inBuffer":true,"facType":"fire"}},{"type":"Feature","geometry":{"type":"Point","coordinates":[-71.18855,42.35263]},"properties":{"probability":0.593,"inBuffer":true,"facType":"fire"}},{"type":"Feature","geometry":{"type":"Point","coordinates":[-71.18248,42.35275]},"properties":{"probability":0.604,"inBuffer":true,"facType":"fire"}},{"type":"Feature","geometry":{"type":"Point","coordinates":[-71.17641,42.35287]},"properties":{"probability":0.558,"inBuffer":true,"facType":"fire"}},{"type":"Feature","geometry":{"type":"Point","coordinates":[-71.17034,42.35298]},"properties":{"probability":0.647,"inBuffer":true,"facType":"fire"}},{"type":"Feature","geometry":{"type":"Point","coordinates":[-71.16428,42.3531]},"properties":{"probability":0.657,"inBuffer":true,"facType":"fire"}},{"type":"Feature","geometry":{"type":"Point","coordinates":[-71.15821,42.35321]},"properties":{"probability":0.71,"inBuffer":false,"facType":"substation"}},{"type":"Feature","geometry":{"type":"Point","coordinates":[-71.15215,42.35332]},"properties":{"probability":0.778,"inBuffer":true,"facType":"police"}},{"type":"Feature","geometry":{"type":"Point","coordinates":[-71.14608,42.35344]},"properties":{"probability":0.812,"inBuffer":true,"facType":"hospital"}},{"type":"Feature","geometry":{"type":"Point","coordinates":[-71.14001,42.35355]},"properties":{"probability":0.81,"inBuffer":true,"facType":"fire"}},{"type":"Feature","geometry":{"type":"Point","coordinates":[-71.13394,42.35366]},"properties":{"probability":0.814,"inBuffer":true,"facType":"fire"}},{"type":"Feature","geometry":{"type":"Point","coordinates":[-71.12788,42.35378]},"properties":{"probability":0.805,"inBuffer":true,"facType":"substation"}},{"type":"Feature","geometry":{"type":"Point","coordinates":[-71.12181,42.35389]},"properties":{"probability":0.803,"inBuffer":true,"facType":"police"}},{"type":"Feature","geometry":{"type":"Point","coordinates":[-71.11575,42.354]},"properties":{"probability":0.802,"inBuffer":true,"facType":"police"}},{"type":"Feature","geometry":{"type":"Point","coordinates":[-71.10967,42.35411]},"properties":{"probability":0.806,"inBuffer":true,"facType":"water_works"}},{"type":"Feature","geometry":{"type":"Point","coordinates":[-71.10361,42.35423]},"properties":{"probability":0.802,"inBuffer":true,"facType":"police"}},{"type":"Feature","geometry":{"type":"Point","coordinates":[-71.09754,42.35434]},"properties":{"probability":0.811,"inBuffer":true,"facType":"police"}},{"type":"Feature","geometry":{"type":"Point","coordinates":[-71.09148,42.35445]},"properties":{"probability":0.796,"inBuffer":false,"facType":"power"}},{"type":"Feature","geometry":{"type":"Point","coordinates":[-71.08541,42.35456]},"properties":{"probability":0.748,"inBuffer":true,"facType":"fire"}},{"type":"Feature","geometry":{"type":"Point","coordinates":[-71.07934,42.35467]},"properties":{"probability":0.762,"inBuffer":false,"facType":"police"}},{"type":"Feature","geometry":{"type":"Point","coordinates":[-71.07327,42.35478]},"properties":{"probability":0.813,"inBuffer":true,"facType":"fire"}},{"type":"Feature","geometry":{"type":"Point","coordinates":[-71.06721,42.35489]},"properties":{"probability":0.82,"inBuffer":true,"facType":"government"}},{"type":"Feature","geometry":{"type":"Point","coordinates":[-71.06114,42.355]},"properties":{"probability":0.868,"inBuffer":true,"facType":"government"}},{"type":"Feature","geometry":{"type":"Point","coordinates":[-71.05507,42.35511]},"properties":{"probability":0.874,"inBuffer":true,"facType":"substation"}},{"type":"Feature","geometry":{"type":"Point","coordinates":[-71.049,42.35522]},"properties":{"probability":0.82,"inBuffer":true,"facType":"government"}},{"type":"Feature","geometry":{"type":"Point","coordinates":[-71.04294,42.35532]},"properties":{"probability":0.813,"inBuffer":false,"facType":"government"}},{"type":"Feature","geometry":{"type":"Point","coordinates":[-71.03687,42.35543]},"properties":{"probability":0.589,"inBuffer":true,"facType":"airport"}},{"type":"Feature","geometry":{"type":"Point","coordinates":[-71.0308,42.35554]},"properties":{"probability":0.604,"inBuffer":true,"facType":"airport"}},{"type":"Feature","geometry":{"type":"Point","coordinates":[-71.02473,42.35565]},"properties":{"probability":0.818,"inBuffer":true,"facType":"fire"}},{"type":"Feature","geometry":{"type":"Point","coordinates":[-71.01867,42.35575]},"properties":{"probability":0.835,"inBuffer":true,"facType":"fire"}},{"type":"Feature","geometry":{"type":"Point","coordinates":[-71.0126,42.35586]},"properties":{"probability":0.778,"inBuffer":true,"facType":"fire"}},{"type":"Feature","geometry":{"type":"Point","coordinates":[-71.00653,42.35597]},"properties":{"probability":0.389,"inBuffer":true,"facType":"airport"}},{"type":"Feature","geometry":{"type":"Point","coordinates":[-71.00047,42.35607]},"properties":{"probability":0.338,"inBuffer":true,"facType":"fire"}},{"type":"Feature","geometry":{"type":"Point","coordinates":[-70.9944,42.35618]},"properties":{"probability":0.37,"inBuffer":false,"facType":"fire"}},{"type":"Feature","geometry":{"type":"Point","coordinates":[-70.98833,42.35629]},"properties":{"probability":0.295,"inBuffer":false,"facType":"fire"}},{"type":"Feature","geometry":{"type":"Point","coordinates":[-70.9762,42.35649]},"properties":{"probability":0.308,"inBuffer":false,"facType":"substation"}},{"type":"Feature","geometry":{"type":"Point","coordinates":[-70.97012,42.3566]},"properties":{"probability":0.364,"inBuffer":false,"facType":"substation"}},{"type":"Feature","geometry":{"type":"Point","coordinates":[-70.96406,42.3567]},"properties":{"probability":0.314,"inBuffer":false,"facType":"substation"}},{"type":"Feature","geometry":{"type":"Point","coordinates":[-70.95799,42.35681]},"properties":{"probability":0.323,"inBuffer":false,"facType":"water_works"}},{"type":"Feature","geometry":{"type":"Point","coordinates":[-70.95192,42.35691]},"properties":{"probability":0.387,"inBuffer":false,"facType":"water_works"}},{"type":"Feature","geometry":{"type":"Point","coordinates":[-71.23692,42.3472]},"properties":{"probability":0.642,"inBuffer":false,"facType":"police"}},{"type":"Feature","geometry":{"type":"Point","coordinates":[-71.23085,42.34732]},"properties":{"probability":0.64,"inBuffer":true,"facType":"police"}},{"type":"Feature","geometry":{"type":"Point","coordinates":[-71.22478,42.34743]},"properties":{"probability":0.617,"inBuffer":true,"facType":"police"}},{"type":"Feature","geometry":{"type":"Point","coordinates":[-71.21872,42.34755]},"properties":{"probability":0.566,"inBuffer":true,"facType":"police"}},{"type":"Feature","geometry":{"type":"Point","coordinates":[-71.21265,42.34767]},"properties":{"probability":0.617,"inBuffer":false,"facType":"police"}},{"type":"Feature","geometry":{"type":"Point","coordinates":[-71.20659,42.34779]},"properties":{"probability":0.647,"inBuffer":false,"facType":"fire"}},{"type":"Feature","geometry":{"type":"Point","coordinates":[-71.20052,42.3479]},"properties":{"probability":0.533,"inBuffer":false,"facType":"fire"}},{"type":"Feature","geometry":{"type":"Point","coordinates":[-71.19445,42.34802]},"properties":{"probability":0.565,"inBuffer":false,"facType":"fire"}},{"type":"Feature","geometry":{"type":"Point","coordinates":[-71.18839,42.34814]},"properties":{"probability":0.559,"inBuffer":false,"facType":"fire"}},{"type":"Feature","geometry":{"type":"Point","coordinates":[-71.18232,42.34825]},"properties":{"probability":0.423,"inBuffer":false,"facType":"fire"}},{"type":"Feature","geometry":{"type":"Point","coordinates":[-71.17625,42.34837]},"properties":{"probability":0.448,"inBuffer":true,"facType":"fire"}},{"type":"Feature","geometry":{"type":"Point","coordinates":[-71.17019,42.34848]},"properties":{"probability":0.638,"inBuffer":true,"facType":"fire"}},{"type":"Feature","geometry":{"type":"Point","coordinates":[-71.16412,42.3486]},"properties":{"probability":0.65,"inBuffer":true,"facType":"fire"}},{"type":"Feature","geometry":{"type":"Point","coordinates":[-71.15806,42.34871]},"properties":{"probability":0.71,"inBuffer":true,"facType":"government"}},{"type":"Feature","geometry":{"type":"Point","coordinates":[-71.15199,42.34882]},"properties":{"probability":0.767,"inBuffer":true,"facType":"police"}},{"type":"Feature","geometry":{"type":"Point","coordinates":[-71.14593,42.34894]},"properties":{"probability":0.79,"inBuffer":true,"facType":"hospital"}},{"type":"Feature","geometry":{"type":"Point","coordinates":[-71.13985,42.34905]},"properties":{"probability":0.785,"inBuffer":true,"facType":"hospital"}},{"type":"Feature","geometry":{"type":"Point","coordinates":[-71.13379,42.34917]},"properties":{"probability":0.78,"inBuffer":true,"facType":"substation"}},{"type":"Feature","geometry":{"type":"Point","coordinates":[-71.12772,42.34928]},"properties":{"probability":0.774,"inBuffer":true,"facType":"substation"}},{"type":"Feature","geometry":{"type":"Point","coordinates":[-71.12166,42.34939]},"properties":{"probability":0.768,"inBuffer":true,"facType":"hospital"}},{"type":"Feature","geometry":{"type":"Point","coordinates":[-71.11559,42.3495]},"properties":{"probability":0.791,"inBuffer":true,"facType":"police"}},{"type":"Feature","geometry":{"type":"Point","coordinates":[-71.10953,42.34961]},"properties":{"probability":0.808,"inBuffer":true,"facType":"water_works"}},{"type":"Feature","geometry":{"type":"Point","coordinates":[-71.10346,42.34973]},"properties":{"probability":0.862,"inBuffer":true,"facType":"police"}},{"type":"Feature","geometry":{"type":"Point","coordinates":[-71.09739,42.34984]},"properties":{"probability":0.857,"inBuffer":false,"facType":"police"}},{"type":"Feature","geometry":{"type":"Point","coordinates":[-71.09132,42.34995]},"properties":{"probability":0.829,"inBuffer":true,"facType":"substation"}},{"type":"Feature","geometry":{"type":"Point","coordinates":[-71.08526,42.35006]},"properties":{"probability":0.807,"inBuffer":true,"facType":"fire"}},{"type":"Feature","geometry":{"type":"Point","coordinates":[-71.07919,42.35017]},"properties":{"probability":0.823,"inBuffer":true,"facType":"police"}},{"type":"Feature","geometry":{"type":"Point","coordinates":[-71.07313,42.35028]},"properties":{"probability":0.852,"inBuffer":true,"facType":"fire"}},{"type":"Feature","geometry":{"type":"Point","coordinates":[-71.06705,42.35039]},"properties":{"probability":0.856,"inBuffer":true,"facType":"substation"}},{"type":"Feature","geometry":{"type":"Point","coordinates":[-71.06099,42.3505]},"properties":{"probability":0.864,"inBuffer":true,"facType":"hospital"}},{"type":"Feature","geometry":{"type":"Point","coordinates":[-71.05492,42.35061]},"properties":{"probability":0.865,"inBuffer":true,"facType":"government"}},{"type":"Feature","geometry":{"type":"Point","coordinates":[-71.04886,42.35072]},"properties":{"probability":0.868,"inBuffer":true,"facType":"government"}},{"type":"Feature","geometry":{"type":"Point","coordinates":[-71.04279,42.35082]},"properties":{"probability":0.868,"inBuffer":false,"facType":"government"}},{"type":"Feature","geometry":{"type":"Point","coordinates":[-71.03672,42.35093]},"properties":{"probability":0.762,"inBuffer":true,"facType":"substation"}},{"type":"Feature","geometry":{"type":"Point","coordinates":[-71.03065,42.35104]},"properties":{"probability":0.674,"inBuffer":true,"facType":"substation"}},{"type":"Feature","geometry":{"type":"Point","coordinates":[-71.02459,42.35115]},"properties":{"probability":0.613,"inBuffer":true,"facType":"substation"}},{"type":"Feature","geometry":{"type":"Point","coordinates":[-71.01852,42.35125]},"properties":{"probability":0.551,"inBuffer":true,"facType":"fire"}},{"type":"Feature","geometry":{"type":"Point","coordinates":[-71.01246,42.35136]},"properties":{"probability":0.347,"inBuffer":false,"facType":"fire"}},{"type":"Feature","geometry":{"type":"Point","coordinates":[-71.00639,42.35147]},"properties":{"probability":0.342,"inBuffer":false,"facType":"fire"}},{"type":"Feature","geometry":{"type":"Point","coordinates":[-71.00032,42.35157]},"properties":{"probability":0.335,"inBuffer":false,"facType":"airport"}},{"type":"Feature","geometry":{"type":"Point","coordinates":[-70.99426,42.35168]},"properties":{"probability":0.317,"inBuffer":false,"facType":"fire"}},{"type":"Feature","geometry":{"type":"Point","coordinates":[-70.98819,42.35178]},"properties":{"probability":0.298,"inBuffer":false,"facType":"fire"}},{"type":"Feature","geometry":{"type":"Point","coordinates":[-70.96999,42.3521]},"properties":{"probability":0.301,"inBuffer":false,"facType":"substation"}},{"type":"Feature","geometry":{"type":"Point","coordinates":[-70.96392,42.3522]},"properties":{"probability":0.57,"inBuffer":false,"facType":"substation"}},{"type":"Feature","geometry":{"type":"Point","coordinates":[-70.95785,42.35231]},"properties":{"probability":0.641,"inBuffer":true,"facType":"water_works"}},{"type":"Feature","geometry":{"type":"Point","coordinates":[-70.95178,42.35241]},"properties":{"probability":0.367,"inBuffer":true,"facType":"water_works"}},{"type":"Feature","geometry":{"type":"Point","coordinates":[-71.23676,42.3427]},"properties":{"probability":0.585,"inBuffer":false,"facType":"police"}},{"type":"Feature","geometry":{"type":"Point","coordinates":[-71.23069,42.34282]},"properties":{"probability":0.572,"inBuffer":false,"facType":"police"}},{"type":"Feature","geometry":{"type":"Point","coordinates":[-71.22462,42.34294]},"properties":{"probability":0.501,"inBuffer":true,"facType":"police"}},{"type":"Feature","geometry":{"type":"Point","coordinates":[-71.21856,42.34305]},"properties":{"probability":0.484,"inBuffer":false,"facType":"police"}},{"type":"Feature","geometry":{"type":"Point","coordinates":[-71.21249,42.34317]},"properties":{"probability":0.534,"inBuffer":false,"facType":"government"}},{"type":"Feature","geometry":{"type":"Point","coordinates":[-71.20643,42.34329]},"properties":{"probability":0.548,"inBuffer":false,"facType":"government"}},{"type":"Feature","geometry":{"type":"Point","coordinates":[-71.20036,42.3434]},"properties":{"probability":0.441,"inBuffer":false,"facType":"government"}},{"type":"Feature","geometry":{"type":"Point","coordinates":[-71.1943,42.34352]},"properties":{"probability":0.58,"inBuffer":false,"facType":"fire"}},{"type":"Feature","geometry":{"type":"Point","coordinates":[-71.18823,42.34364]},"properties":{"probability":0.572,"inBuffer":false,"facType":"fire"}},{"type":"Feature","geometry":{"type":"Point","coordinates":[-71.18217,42.34375]},"properties":{"probability":0.399,"inBuffer":false,"facType":"fire"}},{"type":"Feature","geometry":{"type":"Point","coordinates":[-71.1761,42.34387]},"properties":{"probability":0.369,"inBuffer":false,"facType":"fire"}},{"type":"Feature","geometry":{"type":"Point","coordinates":[-71.17004,42.34398]},"properties":{"probability":0.603,"inBuffer":false,"facType":"fire"}},{"type":"Feature","geometry":{"type":"Point","coordinates":[-71.16397,42.3441]},"properties":{"probability":0.654,"inBuffer":false,"facType":"fire"}},{"type":"Feature","geometry":{"type":"Point","coordinates":[-71.15791,42.34421]},"properties":{"probability":0.722,"inBuffer":true,"facType":"fire"}},{"type":"Feature","geometry":{"type":"Point","coordinates":[-71.15184,42.34433]},"properties":{"probability":0.741,"inBuffer":true,"facType":"fire"}},{"type":"Feature","geometry":{"type":"Point","coordinates":[-71.14577,42.34444]},"properties":{"probability":0.785,"inBuffer":true,"facType":"hospital"}},{"type":"Feature","geometry":{"type":"Point","coordinates":[-71.1397,42.34455]},"properties":{"probability":0.773,"inBuffer":true,"facType":"hospital"}},{"type":"Feature","geometry":{"type":"Point","coordinates":[-71.13364,42.34467]},"properties":{"probability":0.721,"inBuffer":true,"facType":"fire"}},{"type":"Feature","geometry":{"type":"Point","coordinates":[-71.12757,42.34478]},"properties":{"probability":0.747,"inBuffer":true,"facType":"fire"}},{"type":"Feature","geometry":{"type":"Point","coordinates":[-71.12151,42.34489]},"properties":{"probability":0.772,"inBuffer":true,"facType":"fire"}},{"type":"Feature","geometry":{"type":"Point","coordinates":[-71.11544,42.345]},"properties":{"probability":0.729,"inBuffer":true,"facType":"fire"}},{"type":"Feature","geometry":{"type":"Point","coordinates":[-71.10938,42.34512]},"properties":{"probability":0.794,"inBuffer":true,"facType":"hospital"}},{"type":"Feature","geometry":{"type":"Point","coordinates":[-71.10331,42.34523]},"properties":{"probability":0.865,"inBuffer":true,"facType":"hospital"}},{"type":"Feature","geometry":{"type":"Point","coordinates":[-71.09724,42.34534]},"properties":{"probability":0.862,"inBuffer":false,"facType":"police"}},{"type":"Feature","geometry":{"type":"Point","coordinates":[-71.09118,42.34545]},"properties":{"probability":0.844,"inBuffer":true,"facType":"police"}},{"type":"Feature","geometry":{"type":"Point","coordinates":[-71.08511,42.34556]},"properties":{"probability":0.857,"inBuffer":true,"facType":"substation"}},{"type":"Feature","geometry":{"type":"Point","coordinates":[-71.07904,42.34567]},"properties":{"probability":0.82,"inBuffer":true,"facType":"police"}},{"type":"Feature","geometry":{"type":"Point","coordinates":[-71.07298,42.34578]},"properties":{"probability":0.82,"inBuffer":true,"facType":"police"}},{"type":"Feature","geometry":{"type":"Point","coordinates":[-71.06691,42.34589]},"properties":{"probability":0.854,"inBuffer":true,"facType":"fire"}},{"type":"Feature","geometry":{"type":"Point","coordinates":[-71.06084,42.346]},"properties":{"probability":0.856,"inBuffer":true,"facType":"government"}},{"type":"Feature","geometry":{"type":"Point","coordinates":[-71.05478,42.34611]},"properties":{"probability":0.849,"inBuffer":true,"facType":"government"}},{"type":"Feature","geometry":{"type":"Point","coordinates":[-71.04871,42.34621]},"properties":{"probability":0.865,"inBuffer":true,"facType":"fire"}},{"type":"Feature","geometry":{"type":"Point","coordinates":[-71.04265,42.34632]},"properties":{"probability":0.874,"inBuffer":true,"facType":"government"}},{"type":"Feature","geometry":{"type":"Point","coordinates":[-71.03658,42.34643]},"properties":{"probability":0.836,"inBuffer":true,"facType":"government"}},{"type":"Feature","geometry":{"type":"Point","coordinates":[-71.03051,42.34654]},"properties":{"probability":0.809,"inBuffer":true,"facType":"substation"}},{"type":"Feature","geometry":{"type":"Point","coordinates":[-71.02444,42.34665]},"properties":{"probability":0.748,"inBuffer":false,"facType":"substation"}},{"type":"Feature","geometry":{"type":"Point","coordinates":[-71.01838,42.34675]},"properties":{"probability":0.559,"inBuffer":false,"facType":"fire"}},{"type":"Feature","geometry":{"type":"Point","coordinates":[-71.01231,42.34686]},"properties":{"probability":0.315,"inBuffer":false,"facType":"fire"}},{"type":"Feature","geometry":{"type":"Point","coordinates":[-71.00625,42.34697]},"properties":{"probability":0.364,"inBuffer":false,"facType":"fire"}},{"type":"Feature","geometry":{"type":"Point","coordinates":[-71.00018,42.34707]},"properties":{"probability":0.373,"inBuffer":false,"facType":"fire"}},{"type":"Feature","geometry":{"type":"Point","coordinates":[-70.96984,42.3476]},"properties":{"probability":0.256,"inBuffer":false,"facType":"substation"}},{"type":"Feature","geometry":{"type":"Point","coordinates":[-70.96378,42.3477]},"properties":{"probability":0.342,"inBuffer":true,"facType":"substation"}},{"type":"Feature","geometry":{"type":"Point","coordinates":[-70.95771,42.34781]},"properties":{"probability":0.639,"inBuffer":true,"facType":"power"}},{"type":"Feature","geometry":{"type":"Point","coordinates":[-70.95164,42.34791]},"properties":{"probability":0.44,"inBuffer":true,"facType":"power"}},{"type":"Feature","geometry":{"type":"Point","coordinates":[-71.2366,42.3382]},"properties":{"probability":0.462,"inBuffer":false,"facType":"police"}},{"type":"Feature","geometry":{"type":"Point","coordinates":[-71.23053,42.33832]},"properties":{"probability":0.427,"inBuffer":false,"facType":"police"}},{"type":"Feature","geometry":{"type":"Point","coordinates":[-71.22446,42.33844]},"properties":{"probability":0.406,"inBuffer":false,"facType":"police"}},{"type":"Feature","geometry":{"type":"Point","coordinates":[-71.2184,42.33855]},"properties":{"probability":0.378,"inBuffer":false,"facType":"substation"}},{"type":"Feature","geometry":{"type":"Point","coordinates":[-71.21233,42.33867]},"properties":{"probability":0.387,"inBuffer":false,"facType":"substation"}},{"type":"Feature","geometry":{"type":"Point","coordinates":[-71.20627,42.33879]},"properties":{"probability":0.397,"inBuffer":false,"facType":"government"}},{"type":"Feature","geometry":{"type":"Point","coordinates":[-71.2002,42.33891]},"properties":{"probability":0.383,"inBuffer":false,"facType":"government"}},{"type":"Feature","geometry":{"type":"Point","coordinates":[-71.19414,42.33902]},"properties":{"probability":0.548,"inBuffer":true,"facType":"fire"}},{"type":"Feature","geometry":{"type":"Point","coordinates":[-71.18807,42.33914]},"properties":{"probability":0.516,"inBuffer":false,"facType":"fire"}},{"type":"Feature","geometry":{"type":"Point","coordinates":[-71.18201,42.33925]},"properties":{"probability":0.434,"inBuffer":false,"facType":"fire"}},{"type":"Feature","geometry":{"type":"Point","coordinates":[-71.17594,42.33937]},"properties":{"probability":0.527,"inBuffer":false,"facType":"fire"}},{"type":"Feature","geometry":{"type":"Point","coordinates":[-71.16988,42.33948]},"properties":{"probability":0.723,"inBuffer":false,"facType":"fire"}},{"type":"Feature","geometry":{"type":"Point","coordinates":[-71.16381,42.3396]},"properties":{"probability":0.753,"inBuffer":false,"facType":"fire"}},{"type":"Feature","geometry":{"type":"Point","coordinates":[-71.15775,42.33971]},"properties":{"probability":0.722,"inBuffer":true,"facType":"fire"}},{"type":"Feature","geometry":{"type":"Point","coordinates":[-71.15168,42.33982]},"properties":{"probability":0.743,"inBuffer":true,"facType":"fire"}},{"type":"Feature","geometry":{"type":"Point","coordinates":[-71.14561,42.33994]},"properties":{"probability":0.744,"inBuffer":true,"facType":"fire"}},{"type":"Feature","geometry":{"type":"Point","coordinates":[-71.13955,42.34005]},"properties":{"probability":0.727,"inBuffer":true,"facType":"fire"}},{"type":"Feature","geometry":{"type":"Point","coordinates":[-71.13348,42.34016]},"properties":{"probability":0.709,"inBuffer":true,"facType":"fire"}},{"type":"Feature","geometry":{"type":"Point","coordinates":[-71.12742,42.34028]},"properties":{"probability":0.715,"inBuffer":true,"facType":"fire"}},{"type":"Feature","geometry":{"type":"Point","coordinates":[-71.12135,42.34039]},"properties":{"probability":0.782,"inBuffer":true,"facType":"fire"}},{"type":"Feature","geometry":{"type":"Point","coordinates":[-71.11529,42.3405]},"properties":{"probability":0.754,"inBuffer":true,"facType":"hospital"}},{"type":"Feature","geometry":{"type":"Point","coordinates":[-71.10922,42.34061]},"properties":{"probability":0.807,"inBuffer":true,"facType":"hospital"}},{"type":"Feature","geometry":{"type":"Point","coordinates":[-71.10316,42.34072]},"properties":{"probability":0.846,"inBuffer":true,"facType":"hospital"}},{"type":"Feature","geometry":{"type":"Point","coordinates":[-71.09709,42.34084]},"properties":{"probability":0.823,"inBuffer":true,"facType":"fire"}},{"type":"Feature","geometry":{"type":"Point","coordinates":[-71.09103,42.34095]},"properties":{"probability":0.849,"inBuffer":true,"facType":"power"}},{"type":"Feature","geometry":{"type":"Point","coordinates":[-71.08496,42.34106]},"properties":{"probability":0.849,"inBuffer":true,"facType":"power"}},{"type":"Feature","geometry":{"type":"Point","coordinates":[-71.0789,42.34117]},"properties":{"probability":0.822,"inBuffer":true,"facType":"fire"}},{"type":"Feature","geometry":{"type":"Point","coordinates":[-71.07283,42.34128]},"properties":{"probability":0.82,"inBuffer":true,"facType":"police"}},{"type":"Feature","geometry":{"type":"Point","coordinates":[-71.06676,42.34139]},"properties":{"probability":0.842,"inBuffer":true,"facType":"fire"}},{"type":"Feature","geometry":{"type":"Point","coordinates":[-71.0607,42.3415]},"properties":{"probability":0.821,"inBuffer":true,"facType":"police"}},{"type":"Feature","geometry":{"type":"Point","coordinates":[-71.05463,42.34161]},"properties":{"probability":0.809,"inBuffer":true,"facType":"police"}},{"type":"Feature","geometry":{"type":"Point","coordinates":[-71.04857,42.34172]},"properties":{"probability":0.82,"inBuffer":true,"facType":"fire"}},{"type":"Feature","geometry":{"type":"Point","coordinates":[-71.0425,42.34182]},"properties":{"probability":0.846,"inBuffer":true,"facType":"substation"}},{"type":"Feature","geometry":{"type":"Point","coordinates":[-71.03643,42.34193]},"properties":{"probability":0.839,"inBuffer":true,"facType":"police"}},{"type":"Feature","geometry":{"type":"Point","coordinates":[-71.03036,42.34204]},"properties":{"probability":0.826,"inBuffer":true,"facType":"power"}},{"type":"Feature","geometry":{"type":"Point","coordinates":[-71.0243,42.34215]},"properties":{"probability":0.804,"inBuffer":true,"facType":"power"}},{"type":"Feature","geometry":{"type":"Point","coordinates":[-71.01823,42.34225]},"properties":{"probability":0.763,"inBuffer":false,"facType":"power"}},{"type":"Feature","geometry":{"type":"Point","coordinates":[-71.01217,42.34236]},"properties":{"probability":0.516,"inBuffer":false,"facType":"power"}},{"type":"Feature","geometry":{"type":"Point","coordinates":[-71.0061,42.34246]},"properties":{"probability":0.346,"inBuffer":false,"facType":"fire"}},{"type":"Feature","geometry":{"type":"Point","coordinates":[-70.96364,42.3432]},"properties":{"probability":0.358,"inBuffer":true,"facType":"power"}},{"type":"Feature","geometry":{"type":"Point","coordinates":[-70.95757,42.3433]},"properties":{"probability":0.45,"inBuffer":true,"facType":"power"}},{"type":"Feature","geometry":{"type":"Point","coordinates":[-70.95151,42.34341]},"properties":{"probability":0.393,"inBuffer":true,"facType":"power"}},{"type":"Feature","geometry":{"type":"Point","coordinates":[-71.23643,42.3337]},"properties":{"probability":0.367,"inBuffer":false,"facType":"police"}},{"type":"Feature","geometry":{"type":"Point","coordinates":[-71.23037,42.33382]},"properties":{"probability":0.403,"inBuffer":false,"facType":"police"}},{"type":"Feature","geometry":{"type":"Point","coordinates":[-71.22431,42.33393]},"properties":{"probability":0.393,"inBuffer":false,"facType":"substation"}},{"type":"Feature","geometry":{"type":"Point","coordinates":[-71.21825,42.33405]},"properties":{"probability":0.379,"inBuffer":false,"facType":"substation"}},{"type":"Feature","geometry":{"type":"Point","coordinates":[-71.21218,42.33417]},"properties":{"probability":0.378,"inBuffer":false,"facType":"substation"}},{"type":"Feature","geometry":{"type":"Point","coordinates":[-71.20612,42.33429]},"properties":{"probability":0.382,"inBuffer":false,"facType":"substation"}},{"type":"Feature","geometry":{"type":"Point","coordinates":[-71.20005,42.3344]},"properties":{"probability":0.373,"inBuffer":true,"facType":"fire"}},{"type":"Feature","geometry":{"type":"Point","coordinates":[-71.19398,42.33452]},"properties":{"probability":0.573,"inBuffer":true,"facType":"fire"}},{"type":"Feature","geometry":{"type":"Point","coordinates":[-71.18792,42.33464]},"properties":{"probability":0.527,"inBuffer":true,"facType":"fire"}},{"type":"Feature","geometry":{"type":"Point","coordinates":[-71.18185,42.33475]},"properties":{"probability":0.431,"inBuffer":false,"facType":"fire"}},{"type":"Feature","geometry":{"type":"Point","coordinates":[-71.17579,42.33487]},"properties":{"probability":0.641,"inBuffer":false,"facType":"fire"}},{"type":"Feature","geometry":{"type":"Point","coordinates":[-71.16972,42.33498]},"properties":{"probability":0.782,"inBuffer":false,"facType":"fire"}},{"type":"Feature","geometry":{"type":"Point","coordinates":[-71.16366,42.3351]},"properties":{"probability":0.716,"inBuffer":false,"facType":"fire"}},{"type":"Feature","geometry":{"type":"Point","coordinates":[-71.15759,42.33521]},"properties":{"probability":0.661,"inBuffer":false,"facType":"fire"}},{"type":"Feature","geometry":{"type":"Point","coordinates":[-71.15153,42.33533]},"properties":{"probability":0.707,"inBuffer":false,"facType":"fire"}},{"type":"Feature","geometry":{"type":"Point","coordinates":[-71.14546,42.33544]},"properties":{"probability":0.685,"inBuffer":false,"facType":"fire"}},{"type":"Feature","geometry":{"type":"Point","coordinates":[-71.1394,42.33555]},"properties":{"probability":0.647,"inBuffer":true,"facType":"fire"}},{"type":"Feature","geometry":{"type":"Point","coordinates":[-71.13333,42.33567]},"properties":{"probability":0.649,"inBuffer":true,"facType":"fire"}},{"type":"Feature","geometry":{"type":"Point","coordinates":[-71.12727,42.33578]},"properties":{"probability":0.685,"inBuffer":true,"facType":"government"}},{"type":"Feature","geometry":{"type":"Point","coordinates":[-71.12121,42.33589]},"properties":{"probability":0.749,"inBuffer":true,"facType":"government"}},{"type":"Feature","geometry":{"type":"Point","coordinates":[-71.11514,42.336]},"properties":{"probability":0.808,"inBuffer":true,"facType":"government"}},{"type":"Feature","geometry":{"type":"Point","coordinates":[-71.10908,42.33612]},"properties":{"probability":0.817,"inBuffer":true,"facType":"power"}},{"type":"Feature","geometry":{"type":"Point","coordinates":[-71.10301,42.33623]},"properties":{"probability":0.841,"inBuffer":true,"facType":"hospital"}},{"type":"Feature","geometry":{"type":"Point","coordinates":[-71.09695,42.33634]},"properties":{"probability":0.847,"inBuffer":true,"facType":"fire"}},{"type":"Feature","geometry":{"type":"Point","coordinates":[-71.09088,42.33645]},"properties":{"probability":0.85,"inBuffer":true,"facType":"power"}},{"type":"Feature","geometry":{"type":"Point","coordinates":[-71.08482,42.33656]},"properties":{"probability":0.841,"inBuffer":true,"facType":"power"}},{"type":"Feature","geometry":{"type":"Point","coordinates":[-71.07875,42.33667]},"properties":{"probability":0.852,"inBuffer":true,"facType":"fire"}},{"type":"Feature","geometry":{"type":"Point","coordinates":[-71.07269,42.33678]},"properties":{"probability":0.856,"inBuffer":true,"facType":"hospital"}},{"type":"Feature","geometry":{"type":"Point","coordinates":[-71.06662,42.33689]},"properties":{"probability":0.858,"inBuffer":true,"facType":"hospital"}},{"type":"Feature","geometry":{"type":"Point","coordinates":[-71.06055,42.337]},"properties":{"probability":0.823,"inBuffer":true,"facType":"police"}},{"type":"Feature","geometry":{"type":"Point","coordinates":[-71.05448,42.3371]},"properties":{"probability":0.811,"inBuffer":true,"facType":"fire"}},{"type":"Feature","geometry":{"type":"Point","coordinates":[-71.04842,42.33722]},"properties":{"probability":0.812,"inBuffer":true,"facType":"fire"}},{"type":"Feature","geometry":{"type":"Point","coordinates":[-71.04235,42.33732]},"properties":{"probability":0.8,"inBuffer":true,"facType":"government"}},{"type":"Feature","geometry":{"type":"Point","coordinates":[-71.03629,42.33743]},"properties":{"probability":0.781,"inBuffer":true,"facType":"fire"}},{"type":"Feature","geometry":{"type":"Point","coordinates":[-71.03022,42.33754]},"properties":{"probability":0.811,"inBuffer":true,"facType":"power"}},{"type":"Feature","geometry":{"type":"Point","coordinates":[-71.02415,42.33765]},"properties":{"probability":0.796,"inBuffer":true,"facType":"power"}},{"type":"Feature","geometry":{"type":"Point","coordinates":[-71.01809,42.33775]},"properties":{"probability":0.779,"inBuffer":false,"facType":"power"}},{"type":"Feature","geometry":{"type":"Point","coordinates":[-71.01202,42.33786]},"properties":{"probability":0.519,"inBuffer":false,"facType":"power"}},{"type":"Feature","geometry":{"type":"Point","coordinates":[-71.00596,42.33797]},"properties":{"probability":0.432,"inBuffer":false,"facType":"power"}},{"type":"Feature","geometry":{"type":"Point","coordinates":[-70.99989,42.33807]},"properties":{"probability":0.287,"inBuffer":false,"facType":"power"}},{"type":"Feature","geometry":{"type":"Point","coordinates":[-70.96957,42.3386]},"properties":{"probability":0.296,"inBuffer":false,"facType":"power"}},{"type":"Feature","geometry":{"type":"Point","coordinates":[-71.23627,42.3292]},"properties":{"probability":0.378,"inBuffer":false,"facType":"substation"}},{"type":"Feature","geometry":{"type":"Point","coordinates":[-71.23022,42.32932]},"properties":{"probability":0.321,"inBuffer":false,"facType":"substation"}},{"type":"Feature","geometry":{"type":"Point","coordinates":[-71.22415,42.32944]},"properties":{"probability":0.374,"inBuffer":false,"facType":"substation"}},{"type":"Feature","geometry":{"type":"Point","coordinates":[-71.21809,42.32956]},"properties":{"probability":0.307,"inBuffer":false,"facType":"substation"}},{"type":"Feature","geometry":{"type":"Point","coordinates":[-71.21202,42.32967]},"properties":{"probability":0.377,"inBuffer":false,"facType":"substation"}},{"type":"Feature","geometry":{"type":"Point","coordinates":[-71.20596,42.32979]},"properties":{"probability":0.376,"inBuffer":false,"facType":"substation"}},{"type":"Feature","geometry":{"type":"Point","coordinates":[-71.19989,42.32991]},"properties":{"probability":0.527,"inBuffer":true,"facType":"fire"}},{"type":"Feature","geometry":{"type":"Point","coordinates":[-71.19382,42.33002]},"properties":{"probability":0.603,"inBuffer":true,"facType":"fire"}},{"type":"Feature","geometry":{"type":"Point","coordinates":[-71.18777,42.33014]},"properties":{"probability":0.605,"inBuffer":true,"facType":"fire"}},{"type":"Feature","geometry":{"type":"Point","coordinates":[-71.1817,42.33025]},"properties":{"probability":0.406,"inBuffer":false,"facType":"fire"}},{"type":"Feature","geometry":{"type":"Point","coordinates":[-71.17564,42.33037]},"properties":{"probability":0.599,"inBuffer":false,"facType":"fire"}},{"type":"Feature","geometry":{"type":"Point","coordinates":[-71.16957,42.33048]},"properties":{"probability":0.631,"inBuffer":false,"facType":"fire"}},{"type":"Feature","geometry":{"type":"Point","coordinates":[-71.16351,42.3306]},"properties":{"probability":0.596,"inBuffer":false,"facType":"fire"}},{"type":"Feature","geometry":{"type":"Point","coordinates":[-71.15744,42.33071]},"properties":{"probability":0.607,"inBuffer":false,"facType":"fire"}},{"type":"Feature","geometry":{"type":"Point","coordinates":[-71.15137,42.33083]},"properties":{"probability":0.63,"inBuffer":true,"facType":"fire"}},{"type":"Feature","geometry":{"type":"Point","coordinates":[-71.14531,42.33094]},"properties":{"probability":0.624,"inBuffer":true,"facType":"fire"}},{"type":"Feature","geometry":{"type":"Point","coordinates":[-71.13924,42.33105]},"properties":{"probability":0.572,"inBuffer":false,"facType":"fire"}},{"type":"Feature","geometry":{"type":"Point","coordinates":[-71.13319,42.33117]},"properties":{"probability":0.634,"inBuffer":false,"facType":"fire"}},{"type":"Feature","geometry":{"type":"Point","coordinates":[-71.12712,42.33128]},"properties":{"probability":0.685,"inBuffer":true,"facType":"government"}},{"type":"Feature","geometry":{"type":"Point","coordinates":[-71.12106,42.33139]},"properties":{"probability":0.758,"inBuffer":true,"facType":"fire"}},{"type":"Feature","geometry":{"type":"Point","coordinates":[-71.11499,42.3315]},"properties":{"probability":0.807,"inBuffer":true,"facType":"fire"}},{"type":"Feature","geometry":{"type":"Point","coordinates":[-71.10892,42.33162]},"properties":{"probability":0.813,"inBuffer":true,"facType":"substation"}},{"type":"Feature","geometry":{"type":"Point","coordinates":[-71.10286,42.33173]},"properties":{"probability":0.814,"inBuffer":true,"facType":"hospital"}},{"type":"Feature","geometry":{"type":"Point","coordinates":[-71.09679,42.33184]},"properties":{"probability":0.818,"inBuffer":true,"facType":"police"}},{"type":"Feature","geometry":{"type":"Point","coordinates":[-71.09073,42.33195]},"properties":{"probability":0.82,"inBuffer":true,"facType":"police"}},{"type":"Feature","geometry":{"type":"Point","coordinates":[-71.08466,42.33206]},"properties":{"probability":0.819,"inBuffer":true,"facType":"fire"}},{"type":"Feature","geometry":{"type":"Point","coordinates":[-71.0786,42.33217]},"properties":{"probability":0.85,"inBuffer":true,"facType":"hospital"}},{"type":"Feature","geometry":{"type":"Point","coordinates":[-71.07253,42.33228]},"properties":{"probability":0.856,"inBuffer":true,"facType":"hospital"}},{"type":"Feature","geometry":{"type":"Point","coordinates":[-71.06647,42.33239]},"properties":{"probability":0.858,"inBuffer":true,"facType":"police"}},{"type":"Feature","geometry":{"type":"Point","coordinates":[-71.0604,42.3325]},"properties":{"probability":0.841,"inBuffer":true,"facType":"police"}},{"type":"Feature","geometry":{"type":"Point","coordinates":[-71.05434,42.33261]},"properties":{"probability":0.819,"inBuffer":false,"facType":"substation"}},{"type":"Feature","geometry":{"type":"Point","coordinates":[-71.04827,42.33271]},"properties":{"probability":0.782,"inBuffer":false,"facType":"government"}},{"type":"Feature","geometry":{"type":"Point","coordinates":[-71.04221,42.33282]},"properties":{"probability":0.724,"inBuffer":true,"facType":"government"}},{"type":"Feature","geometry":{"type":"Point","coordinates":[-71.03614,42.33293]},"properties":{"probability":0.699,"inBuffer":true,"facType":"fire"}},{"type":"Feature","geometry":{"type":"Point","coordinates":[-71.03008,42.33304]},"properties":{"probability":0.672,"inBuffer":true,"facType":"fire"}},{"type":"Feature","geometry":{"type":"Point","coordinates":[-71.02401,42.33315]},"properties":{"probability":0.548,"inBuffer":false,"facType":"power"}},{"type":"Feature","geometry":{"type":"Point","coordinates":[-71.01794,42.33325]},"properties":{"probability":0.403,"inBuffer":false,"facType":"power"}},{"type":"Feature","geometry":{"type":"Point","coordinates":[-71.01188,42.33336]},"properties":{"probability":0.558,"inBuffer":false,"facType":"power"}},{"type":"Feature","geometry":{"type":"Point","coordinates":[-71.00581,42.33347]},"properties":{"probability":0.376,"inBuffer":false,"facType":"power"}},{"type":"Feature","geometry":{"type":"Point","coordinates":[-71.23612,42.3247]},"properties":{"probability":0.601,"inBuffer":false,"facType":"fire"}},{"type":"Feature","geometry":{"type":"Point","coordinates":[-71.23006,42.32482]},"properties":{"probability":0.62,"inBuffer":false,"facType":"fire"}},{"type":"Feature","geometry":{"type":"Point","coordinates":[-71.22399,42.32494]},"properties":{"probability":0.39,"inBuffer":false,"facType":"substation"}},{"type":"Feature","geometry":{"type":"Point","coordinates":[-71.21793,42.32505]},"properties":{"probability":0.339,"inBuffer":false,"facType":"substation"}},{"type":"Feature","geometry":{"type":"Point","coordinates":[-71.21186,42.32517]},"properties":{"probability":0.368,"inBuffer":false,"facType":"substation"}},{"type":"Feature","geometry":{"type":"Point","coordinates":[-71.2058,42.32529]},"properties":{"probability":0.39,"inBuffer":false,"facType":"substation"}},{"type":"Feature","geometry":{"type":"Point","coordinates":[-71.19974,42.32541]},"properties":{"probability":0.517,"inBuffer":false,"facType":"fire"}},{"type":"Feature","geometry":{"type":"Point","coordinates":[-71.19367,42.32552]},"properties":{"probability":0.566,"inBuffer":false,"facType":"fire"}},{"type":"Feature","geometry":{"type":"Point","coordinates":[-71.18761,42.32564]},"properties":{"probability":0.581,"inBuffer":false,"facType":"fire"}},{"type":"Feature","geometry":{"type":"Point","coordinates":[-71.18154,42.32575]},"properties":{"probability":0.518,"inBuffer":false,"facType":"fire"}},{"type":"Feature","geometry":{"type":"Point","coordinates":[-71.17548,42.32587]},"properties":{"probability":0.486,"inBuffer":false,"facType":"fire"}},{"type":"Feature","geometry":{"type":"Point","coordinates":[-71.16942,42.32598]},"properties":{"probability":0.57,"inBuffer":false,"facType":"fire"}},{"type":"Feature","geometry":{"type":"Point","coordinates":[-71.16335,42.3261]},"properties":{"probability":0.564,"inBuffer":false,"facType":"fire"}},{"type":"Feature","geometry":{"type":"Point","coordinates":[-71.15729,42.32621]},"properties":{"probability":0.524,"inBuffer":false,"facType":"fire"}},{"type":"Feature","geometry":{"type":"Point","coordinates":[-71.15122,42.32632]},"properties":{"probability":0.594,"inBuffer":true,"facType":"fire"}},{"type":"Feature","geometry":{"type":"Point","coordinates":[-71.14516,42.32644]},"properties":{"probability":0.627,"inBuffer":true,"facType":"fire"}},{"type":"Feature","geometry":{"type":"Point","coordinates":[-71.13909,42.32655]},"properties":{"probability":0.566,"inBuffer":true,"facType":"fire"}},{"type":"Feature","geometry":{"type":"Point","coordinates":[-71.13303,42.32667]},"properties":{"probability":0.566,"inBuffer":false,"facType":"fire"}},{"type":"Feature","geometry":{"type":"Point","coordinates":[-71.12697,42.32678]},"properties":{"probability":0.631,"inBuffer":false,"facType":"government"}},{"type":"Feature","geometry":{"type":"Point","coordinates":[-71.1209,42.32689]},"properties":{"probability":0.673,"inBuffer":true,"facType":"fire"}},{"type":"Feature","geometry":{"type":"Point","coordinates":[-71.11484,42.327]},"properties":{"probability":0.763,"inBuffer":true,"facType":"hospital"}},{"type":"Feature","geometry":{"type":"Point","coordinates":[-71.10877,42.32711]},"properties":{"probability":0.787,"inBuffer":true,"facType":"hospital"}},{"type":"Feature","geometry":{"type":"Point","coordinates":[-71.10271,42.32722]},"properties":{"probability":0.802,"inBuffer":true,"facType":"hospital"}},{"type":"Feature","geometry":{"type":"Point","coordinates":[-71.09664,42.32734]},"properties":{"probability":0.8,"inBuffer":false,"facType":"hospital"}},{"type":"Feature","geometry":{"type":"Point","coordinates":[-71.09058,42.32745]},"properties":{"probability":0.805,"inBuffer":true,"facType":"police"}},{"type":"Feature","geometry":{"type":"Point","coordinates":[-71.08452,42.32756]},"properties":{"probability":0.813,"inBuffer":true,"facType":"government"}},{"type":"Feature","geometry":{"type":"Point","coordinates":[-71.07845,42.32767]},"properties":{"probability":0.807,"inBuffer":true,"facType":"fire"}},{"type":"Feature","geometry":{"type":"Point","coordinates":[-71.07239,42.32778]},"properties":{"probability":0.813,"inBuffer":true,"facType":"fire"}},{"type":"Feature","geometry":{"type":"Point","coordinates":[-71.06632,42.32789]},"properties":{"probability":0.858,"inBuffer":true,"facType":"fire"}},{"type":"Feature","geometry":{"type":"Point","coordinates":[-71.06026,42.328]},"properties":{"probability":0.855,"inBuffer":true,"facType":"substation"}},{"type":"Feature","geometry":{"type":"Point","coordinates":[-71.05419,42.32811]},"properties":{"probability":0.822,"inBuffer":false,"facType":"substation"}},{"type":"Feature","geometry":{"type":"Point","coordinates":[-71.04813,42.32821]},"properties":{"probability":0.7,"inBuffer":true,"facType":"police"}},{"type":"Feature","geometry":{"type":"Point","coordinates":[-71.04206,42.32832]},"properties":{"probability":0.624,"inBuffer":false,"facType":"government"}},{"type":"Feature","geometry":{"type":"Point","coordinates":[-71.036,42.32843]},"properties":{"probability":0.6,"inBuffer":true,"facType":"fire"}},{"type":"Feature","geometry":{"type":"Point","coordinates":[-71.02993,42.32854]},"properties":{"probability":0.485,"inBuffer":false,"facType":"fire"}},{"type":"Feature","geometry":{"type":"Point","coordinates":[-71.02386,42.32864]},"properties":{"probability":0.351,"inBuffer":false,"facType":"fire"}},{"type":"Feature","geometry":{"type":"Point","coordinates":[-71.0178,42.32875]},"properties":{"probability":0.338,"inBuffer":false,"facType":"power"}},{"type":"Feature","geometry":{"type":"Point","coordinates":[-71.23596,42.3202]},"properties":{"probability":0.66,"inBuffer":false,"facType":"fire"}},{"type":"Feature","geometry":{"type":"Point","coordinates":[-71.2299,42.32032]},"properties":{"probability":0.647,"inBuffer":false,"facType":"fire"}},{"type":"Feature","geometry":{"type":"Point","coordinates":[-71.22383,42.32044]},"properties":{"probability":0.403,"inBuffer":false,"facType":"fire"}},{"type":"Feature","geometry":{"type":"Point","coordinates":[-71.21777,42.32056]},"properties":{"probability":0.487,"inBuffer":true,"facType":"substation"}},{"type":"Feature","geometry":{"type":"Point","coordinates":[-71.21171,42.32067]},"properties":{"probability":0.649,"inBuffer":false,"facType":"substation"}},{"type":"Feature","geometry":{"type":"Point","coordinates":[-71.20564,42.32079]},"properties":{"probability":0.573,"inBuffer":false,"facType":"substation"}},{"type":"Feature","geometry":{"type":"Point","coordinates":[-71.19958,42.3209]},"properties":{"probability":0.396,"inBuffer":false,"facType":"substation"}},{"type":"Feature","geometry":{"type":"Point","coordinates":[-71.19351,42.32102]},"properties":{"probability":0.498,"inBuffer":false,"facType":"fire"}},{"type":"Feature","geometry":{"type":"Point","coordinates":[-71.18745,42.32114]},"properties":{"probability":0.635,"inBuffer":false,"facType":"fire"}},{"type":"Feature","geometry":{"type":"Point","coordinates":[-71.18139,42.32125]},"properties":{"probability":0.703,"inBuffer":false,"facType":"fire"}},{"type":"Feature","geometry":{"type":"Point","coordinates":[-71.17532,42.32137]},"properties":{"probability":0.736,"inBuffer":false,"facType":"fire"}},{"type":"Feature","geometry":{"type":"Point","coordinates":[-71.16926,42.32148]},"properties":{"probability":0.655,"inBuffer":false,"facType":"fire"}},{"type":"Feature","geometry":{"type":"Point","coordinates":[-71.1632,42.3216]},"properties":{"probability":0.638,"inBuffer":false,"facType":"fire"}},{"type":"Feature","geometry":{"type":"Point","coordinates":[-71.15714,42.32171]},"properties":{"probability":0.566,"inBuffer":false,"facType":"fire"}},{"type":"Feature","geometry":{"type":"Point","coordinates":[-71.15107,42.32183]},"properties":{"probability":0.592,"inBuffer":true,"facType":"fire"}},{"type":"Feature","geometry":{"type":"Point","coordinates":[-71.145,42.32194]},"properties":{"probability":0.558,"inBuffer":true,"facType":"fire"}},{"type":"Feature","geometry":{"type":"Point","coordinates":[-71.13894,42.32205]},"properties":{"probability":0.518,"inBuffer":false,"facType":"fire"}},{"type":"Feature","geometry":{"type":"Point","coordinates":[-71.13288,42.32217]},"properties":{"probability":0.369,"inBuffer":false,"facType":"fire"}},{"type":"Feature","geometry":{"type":"Point","coordinates":[-71.12682,42.32228]},"properties":{"probability":0.482,"inBuffer":false,"facType":"fire"}},{"type":"Feature","geometry":{"type":"Point","coordinates":[-71.12075,42.32239]},"properties":{"probability":0.592,"inBuffer":false,"facType":"hospital"}},{"type":"Feature","geometry":{"type":"Point","coordinates":[-71.11469,42.3225]},"properties":{"probability":0.697,"inBuffer":true,"facType":"hospital"}},{"type":"Feature","geometry":{"type":"Point","coordinates":[-71.10862,42.32262]},"properties":{"probability":0.755,"inBuffer":true,"facType":"hospital"}},{"type":"Feature","geometry":{"type":"Point","coordinates":[-71.10256,42.32273]},"properties":{"probability":0.806,"inBuffer":true,"facType":"government"}},{"type":"Feature","geometry":{"type":"Point","coordinates":[-71.0965,42.32284]},"properties":{"probability":0.802,"inBuffer":true,"facType":"government"}},{"type":"Feature","geometry":{"type":"Point","coordinates":[-71.09043,42.32295]},"properties":{"probability":0.78,"inBuffer":true,"facType":"government"}},{"type":"Feature","geometry":{"type":"Point","coordinates":[-71.08437,42.32306]},"properties":{"probability":0.806,"inBuffer":true,"facType":"government"}},{"type":"Feature","geometry":{"type":"Point","coordinates":[-71.0783,42.32317]},"properties":{"probability":0.794,"inBuffer":true,"facType":"police"}},{"type":"Feature","geometry":{"type":"Point","coordinates":[-71.07224,42.32328]},"properties":{"probability":0.804,"inBuffer":false,"facType":"police"}},{"type":"Feature","geometry":{"type":"Point","coordinates":[-71.06618,42.32339]},"properties":{"probability":0.842,"inBuffer":true,"facType":"fire"}},{"type":"Feature","geometry":{"type":"Point","coordinates":[-71.06011,42.3235]},"properties":{"probability":0.831,"inBuffer":true,"facType":"fire"}},{"type":"Feature","geometry":{"type":"Point","coordinates":[-71.05405,42.3236]},"properties":{"probability":0.815,"inBuffer":true,"facType":"police"}},{"type":"Feature","geometry":{"type":"Point","coordinates":[-71.04798,42.32372]},"properties":{"probability":0.743,"inBuffer":true,"facType":"police"}},{"type":"Feature","geometry":{"type":"Point","coordinates":[-71.04192,42.32382]},"properties":{"probability":0.662,"inBuffer":true,"facType":"police"}},{"type":"Feature","geometry":{"type":"Point","coordinates":[-71.03585,42.32393]},"properties":{"probability":0.553,"inBuffer":false,"facType":"government"}},{"type":"Feature","geometry":{"type":"Point","coordinates":[-71.02979,42.32404]},"properties":{"probability":0.347,"inBuffer":false,"facType":"government"}},{"type":"Feature","geometry":{"type":"Point","coordinates":[-71.02372,42.32415]},"properties":{"probability":0.375,"inBuffer":false,"facType":"government"}},{"type":"Feature","geometry":{"type":"Point","coordinates":[-71.01766,42.32425]},"properties":{"probability":0.364,"inBuffer":false,"facType":"government"}},{"type":"Feature","geometry":{"type":"Point","coordinates":[-71.2358,42.3157]},"properties":{"probability":0.624,"inBuffer":false,"facType":"fire"}},{"type":"Feature","geometry":{"type":"Point","coordinates":[-71.22974,42.31582]},"properties":{"probability":0.603,"inBuffer":false,"facType":"fire"}},{"type":"Feature","geometry":{"type":"Point","coordinates":[-71.22367,42.31594]},"properties":{"probability":0.558,"inBuffer":true,"facType":"fire"}},{"type":"Feature","geometry":{"type":"Point","coordinates":[-71.21761,42.31606]},"properties":{"probability":0.634,"inBuffer":true,"facType":"fire"}},{"type":"Feature","geometry":{"type":"Point","coordinates":[-71.21155,42.31617]},"properties":{"probability":0.669,"inBuffer":true,"facType":"substation"}},{"type":"Feature","geometry":{"type":"Point","coordinates":[-71.20548,42.31629]},"properties":{"probability":0.519,"inBuffer":false,"facType":"substation"}},{"type":"Feature","geometry":{"type":"Point","coordinates":[-71.19942,42.31641]},"properties":{"probability":0.387,"inBuffer":false,"facType":"substation"}},{"type":"Feature","geometry":{"type":"Point","coordinates":[-71.19336,42.31652]},"properties":{"probability":0.377,"inBuffer":false,"facType":"substation"}},{"type":"Feature","geometry":{"type":"Point","coordinates":[-71.18729,42.31664]},"properties":{"probability":0.456,"inBuffer":false,"facType":"fire"}},{"type":"Feature","geometry":{"type":"Point","coordinates":[-71.18124,42.31675]},"properties":{"probability":0.744,"inBuffer":false,"facType":"fire"}},{"type":"Feature","geometry":{"type":"Point","coordinates":[-71.17517,42.31687]},"properties":{"probability":0.764,"inBuffer":false,"facType":"fire"}},{"type":"Feature","geometry":{"type":"Point","coordinates":[-71.16911,42.31698]},"properties":{"probability":0.639,"inBuffer":false,"facType":"fire"}},{"type":"Feature","geometry":{"type":"Point","coordinates":[-71.16304,42.3171]},"properties":{"probability":0.569,"inBuffer":true,"facType":"fire"}},{"type":"Feature","geometry":{"type":"Point","coordinates":[-71.15698,42.31721]},"properties":{"probability":0.498,"inBuffer":false,"facType":"fire"}},{"type":"Feature","geometry":{"type":"Point","coordinates":[-71.15092,42.31733]},"properties":{"probability":0.498,"inBuffer":false,"facType":"fire"}},{"type":"Feature","geometry":{"type":"Point","coordinates":[-71.14485,42.31744]},"properties":{"probability":0.394,"inBuffer":false,"facType":"fire"}},{"type":"Feature","geometry":{"type":"Point","coordinates":[-71.13879,42.31755]},"properties":{"probability":0.391,"inBuffer":false,"facType":"fire"}},{"type":"Feature","geometry":{"type":"Point","coordinates":[-71.13273,42.31767]},"properties":{"probability":0.384,"inBuffer":false,"facType":"fire"}},{"type":"Feature","geometry":{"type":"Point","coordinates":[-71.12666,42.31778]},"properties":{"probability":0.456,"inBuffer":false,"facType":"hospital"}},{"type":"Feature","geometry":{"type":"Point","coordinates":[-71.1206,42.31789]},"properties":{"probability":0.614,"inBuffer":true,"facType":"hospital"}},{"type":"Feature","geometry":{"type":"Point","coordinates":[-71.11453,42.318]},"properties":{"probability":0.673,"inBuffer":true,"facType":"hospital"}},{"type":"Feature","geometry":{"type":"Point","coordinates":[-71.10847,42.31812]},"properties":{"probability":0.721,"inBuffer":true,"facType":"hospital"}},{"type":"Feature","geometry":{"type":"Point","coordinates":[-71.10241,42.31823]},"properties":{"probability":0.804,"inBuffer":true,"facType":"fire"}},{"type":"Feature","geometry":{"type":"Point","coordinates":[-71.09634,42.31834]},"properties":{"probability":0.811,"inBuffer":true,"facType":"fire"}},{"type":"Feature","geometry":{"type":"Point","coordinates":[-71.09028,42.31845]},"properties":{"probability":0.785,"inBuffer":true,"facType":"government"}},{"type":"Feature","geometry":{"type":"Point","coordinates":[-71.08422,42.31856]},"properties":{"probability":0.806,"inBuffer":true,"facType":"police"}},{"type":"Feature","geometry":{"type":"Point","coordinates":[-71.07816,42.31867]},"properties":{"probability":0.786,"inBuffer":true,"facType":"police"}},{"type":"Feature","geometry":{"type":"Point","coordinates":[-71.07209,42.31878]},"properties":{"probability":0.786,"inBuffer":true,"facType":"fire"}},{"type":"Feature","geometry":{"type":"Point","coordinates":[-71.06602,42.31889]},"properties":{"probability":0.806,"inBuffer":true,"facType":"fire"}},{"type":"Feature","geometry":{"type":"Point","coordinates":[-71.05996,42.319]},"properties":{"probability":0.814,"inBuffer":true,"facType":"fire"}},{"type":"Feature","geometry":{"type":"Point","coordinates":[-71.0539,42.31911]},"properties":{"probability":0.822,"inBuffer":true,"facType":"police"}},{"type":"Feature","geometry":{"type":"Point","coordinates":[-71.04784,42.31921]},"properties":{"probability":0.822,"inBuffer":true,"facType":"police"}},{"type":"Feature","geometry":{"type":"Point","coordinates":[-71.04177,42.31932]},"properties":{"probability":0.801,"inBuffer":true,"facType":"power"}},{"type":"Feature","geometry":{"type":"Point","coordinates":[-71.03571,42.31943]},"properties":{"probability":0.711,"inBuffer":true,"facType":"government"}},{"type":"Feature","geometry":{"type":"Point","coordinates":[-71.02964,42.31954]},"properties":{"probability":0.457,"inBuffer":false,"facType":"government"}},{"type":"Feature","geometry":{"type":"Point","coordinates":[-71.02358,42.31964]},"properties":{"probability":0.369,"inBuffer":false,"facType":"government"}},{"type":"Feature","geometry":{"type":"Point","coordinates":[-71.23564,42.3112]},"properties":{"probability":0.402,"inBuffer":false,"facType":"fire"}},{"type":"Feature","geometry":{"type":"Point","coordinates":[-71.22958,42.31132]},"properties":{"probability":0.52,"inBuffer":false,"facType":"fire"}},{"type":"Feature","geometry":{"type":"Point","coordinates":[-71.22352,42.31144]},"properties":{"probability":0.622,"inBuffer":true,"facType":"fire"}},{"type":"Feature","geometry":{"type":"Point","coordinates":[-71.21745,42.31155]},"properties":{"probability":0.666,"inBuffer":true,"facType":"fire"}},{"type":"Feature","geometry":{"type":"Point","coordinates":[-71.21139,42.31167]},"properties":{"probability":0.637,"inBuffer":true,"facType":"fire"}},{"type":"Feature","geometry":{"type":"Point","coordinates":[-71.20533,42.31179]},"properties":{"probability":0.454,"inBuffer":false,"facType":"substation"}},{"type":"Feature","geometry":{"type":"Point","coordinates":[-71.19926,42.3119]},"properties":{"probability":0.383,"inBuffer":false,"facType":"substation"}},{"type":"Feature","geometry":{"type":"Point","coordinates":[-71.1932,42.31202]},"properties":{"probability":0.381,"inBuffer":false,"facType":"fire"}},{"type":"Feature","geometry":{"type":"Point","coordinates":[-71.18714,42.31214]},"properties":{"probability":0.354,"inBuffer":false,"facType":"fire"}},{"type":"Feature","geometry":{"type":"Point","coordinates":[-71.18108,42.31225]},"properties":{"probability":0.361,"inBuffer":false,"facType":"fire"}},{"type":"Feature","geometry":{"type":"Point","coordinates":[-71.17502,42.31237]},"properties":{"probability":0.376,"inBuffer":false,"facType":"fire"}},{"type":"Feature","geometry":{"type":"Point","coordinates":[-71.16895,42.31248]},"properties":{"probability":0.429,"inBuffer":true,"facType":"fire"}},{"type":"Feature","geometry":{"type":"Point","coordinates":[-71.16289,42.3126]},"properties":{"probability":0.461,"inBuffer":true,"facType":"fire"}},{"type":"Feature","geometry":{"type":"Point","coordinates":[-71.15683,42.31271]},"properties":{"probability":0.359,"inBuffer":true,"facType":"fire"}},{"type":"Feature","geometry":{"type":"Point","coordinates":[-71.15076,42.31283]},"properties":{"probability":0.317,"inBuffer":false,"facType":"fire"}},{"type":"Feature","geometry":{"type":"Point","coordinates":[-71.1447,42.31294]},"properties":{"probability":0.356,"inBuffer":false,"facType":"fire"}},{"type":"Feature","geometry":{"type":"Point","coordinates":[-71.13863,42.31305]},"properties":{"probability":0.518,"inBuffer":false,"facType":"hospital"}},{"type":"Feature","geometry":{"type":"Point","coordinates":[-71.13258,42.31317]},"properties":{"probability":0.454,"inBuffer":false,"facType":"hospital"}},{"type":"Feature","geometry":{"type":"Point","coordinates":[-71.12651,42.31328]},"properties":{"probability":0.541,"inBuffer":false,"facType":"fire"}},{"type":"Feature","geometry":{"type":"Point","coordinates":[-71.12045,42.31339]},"properties":{"probability":0.638,"inBuffer":true,"facType":"fire"}},{"type":"Feature","geometry":{"type":"Point","coordinates":[-71.11439,42.3135]},"properties":{"probability":0.671,"inBuffer":true,"facType":"hospital"}},{"type":"Feature","geometry":{"type":"Point","coordinates":[-71.10832,42.31361]},"properties":{"probability":0.766,"inBuffer":true,"facType":"hospital"}},{"type":"Feature","geometry":{"type":"Point","coordinates":[-71.10226,42.31372]},"properties":{"probability":0.79,"inBuffer":true,"facType":"police"}},{"type":"Feature","geometry":{"type":"Point","coordinates":[-71.0962,42.31384]},"properties":{"probability":0.792,"inBuffer":true,"facType":"fire"}},{"type":"Feature","geometry":{"type":"Point","coordinates":[-71.09013,42.31395]},"properties":{"probability":0.779,"inBuffer":false,"facType":"fire"}},{"type":"Feature","geometry":{"type":"Point","coordinates":[-71.08407,42.31406]},"properties":{"probability":0.782,"inBuffer":true,"facType":"police"}},{"type":"Feature","geometry":{"type":"Point","coordinates":[-71.078,42.31417]},"properties":{"probability":0.78,"inBuffer":true,"facType":"police"}},{"type":"Feature","geometry":{"type":"Point","coordinates":[-71.07195,42.31428]},"properties":{"probability":0.778,"inBuffer":false,"facType":"fire"}},{"type":"Feature","geometry":{"type":"Point","coordinates":[-71.06588,42.31439]},"properties":{"probability":0.785,"inBuffer":true,"facType":"fire"}},{"type":"Feature","geometry":{"type":"Point","coordinates":[-71.05981,42.3145]},"properties":{"probability":0.784,"inBuffer":true,"facType":"fire"}},{"type":"Feature","geometry":{"type":"Point","coordinates":[-71.05375,42.31461]},"properties":{"probability":0.81,"inBuffer":false,"facType":"substation"}},{"type":"Feature","geometry":{"type":"Point","coordinates":[-71.04769,42.31471]},"properties":{"probability":0.812,"inBuffer":true,"facType":"power"}},{"type":"Feature","geometry":{"type":"Point","coordinates":[-71.04163,42.31482]},"properties":{"probability":0.803,"inBuffer":true,"facType":"power"}},{"type":"Feature","geometry":{"type":"Point","coordinates":[-71.03556,42.31493]},"properties":{"probability":0.796,"inBuffer":true,"facType":"government"}},{"type":"Feature","geometry":{"type":"Point","coordinates":[-71.0295,42.31504]},"properties":{"probability":0.636,"inBuffer":false,"facType":"government"}},{"type":"Feature","geometry":{"type":"Point","coordinates":[-71.02344,42.31514]},"properties":{"probability":0.298,"inBuffer":false,"facType":"government"}},{"type":"Feature","geometry":{"type":"Point","coordinates":[-71.23548,42.3067]},"properties":{"probability":0.396,"inBuffer":false,"facType":"fire"}},{"type":"Feature","geometry":{"type":"Point","coordinates":[-71.22942,42.30682]},"properties":{"probability":0.569,"inBuffer":false,"facType":"fire"}},{"type":"Feature","geometry":{"type":"Point","coordinates":[-71.22336,42.30694]},"properties":{"probability":0.679,"inBuffer":false,"facType":"fire"}},{"type":"Feature","geometry":{"type":"Point","coordinates":[-71.21729,42.30706]},"properties":{"probability":0.71,"inBuffer":false,"facType":"fire"}},{"type":"Feature","geometry":{"type":"Point","coordinates":[-71.21124,42.30717]},"properties":{"probability":0.579,"inBuffer":false,"facType":"fire"}},{"type":"Feature","geometry":{"type":"Point","coordinates":[-71.20517,42.30729]},"properties":{"probability":0.38,"inBuffer":false,"facType":"fire"}},{"type":"Feature","geometry":{"type":"Point","coordinates":[-71.19911,42.30741]},"properties":{"probability":0.36,"inBuffer":false,"facType":"fire"}},{"type":"Feature","geometry":{"type":"Point","coordinates":[-71.19305,42.30752]},"properties":{"probability":0.359,"inBuffer":false,"facType":"fire"}},{"type":"Feature","geometry":{"type":"Point","coordinates":[-71.18698,42.30764]},"properties":{"probability":0.35,"inBuffer":false,"facType":"fire"}},{"type":"Feature","geometry":{"type":"Point","coordinates":[-71.18092,42.30775]},"properties":{"probability":0.374,"inBuffer":false,"facType":"fire"}},{"type":"Feature","geometry":{"type":"Point","coordinates":[-71.17486,42.30787]},"properties":{"probability":0.366,"inBuffer":false,"facType":"fire"}},{"type":"Feature","geometry":{"type":"Point","coordinates":[-71.1688,42.30798]},"properties":{"probability":0.442,"inBuffer":true,"facType":"fire"}},{"type":"Feature","geometry":{"type":"Point","coordinates":[-71.16273,42.3081]},"properties":{"probability":0.505,"inBuffer":true,"facType":"fire"}},{"type":"Feature","geometry":{"type":"Point","coordinates":[-71.15667,42.30821]},"properties":{"probability":0.487,"inBuffer":true,"facType":"fire"}},{"type":"Feature","geometry":{"type":"Point","coordinates":[-71.15061,42.30833]},"properties":{"probability":0.519,"inBuffer":false,"facType":"hospital"}},{"type":"Feature","geometry":{"type":"Point","coordinates":[-71.14455,42.30844]},"properties":{"probability":0.35,"inBuffer":false,"facType":"hospital"}},{"type":"Feature","geometry":{"type":"Point","coordinates":[-71.13849,42.30855]},"properties":{"probability":0.397,"inBuffer":false,"facType":"hospital"}},{"type":"Feature","geometry":{"type":"Point","coordinates":[-71.13242,42.30867]},"properties":{"probability":0.554,"inBuffer":false,"facType":"hospital"}},{"type":"Feature","geometry":{"type":"Point","coordinates":[-71.12636,42.30878]},"properties":{"probability":0.6,"inBuffer":false,"facType":"hospital"}},{"type":"Feature","geometry":{"type":"Point","coordinates":[-71.1203,42.30889]},"properties":{"probability":0.672,"inBuffer":true,"facType":"fire"}},{"type":"Feature","geometry":{"type":"Point","coordinates":[-71.11423,42.309]},"properties":{"probability":0.697,"inBuffer":true,"facType":"fire"}},{"type":"Feature","geometry":{"type":"Point","coordinates":[-71.10817,42.30912]},"properties":{"probability":0.749,"inBuffer":true,"facType":"police"}},{"type":"Feature","geometry":{"type":"Point","coordinates":[-71.10211,42.30923]},"properties":{"probability":0.724,"inBuffer":true,"facType":"police"}},{"type":"Feature","geometry":{"type":"Point","coordinates":[-71.09605,42.30934]},"properties":{"probability":0.714,"inBuffer":true,"facType":"police"}},{"type":"Feature","geometry":{"type":"Point","coordinates":[-71.08998,42.30945]},"properties":{"probability":0.746,"inBuffer":true,"facType":"fire"}},{"type":"Feature","geometry":{"type":"Point","coordinates":[-71.08392,42.30956]},"properties":{"probability":0.782,"inBuffer":true,"facType":"fire"}},{"type":"Feature","geometry":{"type":"Point","coordinates":[-71.07786,42.30967]},"properties":{"probability":0.789,"inBuffer":true,"facType":"fire"}},{"type":"Feature","geometry":{"type":"Point","coordinates":[-71.07179,42.30978]},"properties":{"probability":0.785,"inBuffer":false,"facType":"fire"}},{"type":"Feature","geometry":{"type":"Point","coordinates":[-71.06573,42.30989]},"properties":{"probability":0.773,"inBuffer":true,"facType":"fire"}},{"type":"Feature","geometry":{"type":"Point","coordinates":[-71.05967,42.31]},"properties":{"probability":0.787,"inBuffer":true,"facType":"fire"}},{"type":"Feature","geometry":{"type":"Point","coordinates":[-71.0536,42.3101]},"properties":{"probability":0.788,"inBuffer":true,"facType":"substation"}},{"type":"Feature","geometry":{"type":"Point","coordinates":[-71.04755,42.31021]},"properties":{"probability":0.759,"inBuffer":true,"facType":"substation"}},{"type":"Feature","geometry":{"type":"Point","coordinates":[-71.04148,42.31032]},"properties":{"probability":0.669,"inBuffer":true,"facType":"power"}},{"type":"Feature","geometry":{"type":"Point","coordinates":[-71.03542,42.31043]},"properties":{"probability":0.658,"inBuffer":true,"facType":"government"}},{"type":"Feature","geometry":{"type":"Point","coordinates":[-71.02935,42.31054]},"properties":{"probability":0.424,"inBuffer":false,"facType":"government"}},{"type":"Feature","geometry":{"type":"Point","coordinates":[-71.23532,42.3022]},"properties":{"probability":0.441,"inBuffer":true,"facType":"fire"}},{"type":"Feature","geometry":{"type":"Point","coordinates":[-71.22926,42.30232]},"properties":{"probability":0.542,"inBuffer":true,"facType":"fire"}},{"type":"Feature","geometry":{"type":"Point","coordinates":[-71.2232,42.30244]},"properties":{"probability":0.697,"inBuffer":false,"facType":"fire"}},{"type":"Feature","geometry":{"type":"Point","coordinates":[-71.21714,42.30256]},"properties":{"probability":0.745,"inBuffer":false,"facType":"fire"}},{"type":"Feature","geometry":{"type":"Point","coordinates":[-71.21107,42.30267]},"properties":{"probability":0.617,"inBuffer":false,"facType":"fire"}},{"type":"Feature","geometry":{"type":"Point","coordinates":[-71.20502,42.30279]},"properties":{"probability":0.347,"inBuffer":false,"facType":"fire"}},{"type":"Feature","geometry":{"type":"Point","coordinates":[-71.19895,42.30291]},"properties":{"probability":0.378,"inBuffer":false,"facType":"fire"}},{"type":"Feature","geometry":{"type":"Point","coordinates":[-71.19289,42.30302]},"properties":{"probability":0.366,"inBuffer":true,"facType":"fire"}},{"type":"Feature","geometry":{"type":"Point","coordinates":[-71.18683,42.30314]},"properties":{"probability":0.36,"inBuffer":true,"facType":"fire"}},{"type":"Feature","geometry":{"type":"Point","coordinates":[-71.18076,42.30325]},"properties":{"probability":0.384,"inBuffer":true,"facType":"fire"}},{"type":"Feature","geometry":{"type":"Point","coordinates":[-71.17471,42.30337]},"properties":{"probability":0.399,"inBuffer":false,"facType":"fire"}},{"type":"Feature","geometry":{"type":"Point","coordinates":[-71.16864,42.30348]},"properties":{"probability":0.537,"inBuffer":false,"facType":"fire"}},{"type":"Feature","geometry":{"type":"Point","coordinates":[-71.16258,42.3036]},"properties":{"probability":0.542,"inBuffer":false,"facType":"fire"}},{"type":"Feature","geometry":{"type":"Point","coordinates":[-71.15652,42.30371]},"properties":{"probability":0.585,"inBuffer":false,"facType":"hospital"}},{"type":"Feature","geometry":{"type":"Point","coordinates":[-71.15046,42.30383]},"properties":{"probability":0.624,"inBuffer":true,"facType":"hospital"}},{"type":"Feature","geometry":{"type":"Point","coordinates":[-71.14439,42.30394]},"properties":{"probability":0.392,"inBuffer":true,"facType":"hospital"}},{"type":"Feature","geometry":{"type":"Point","coordinates":[-71.13834,42.30405]},"properties":{"probability":0.353,"inBuffer":false,"facType":"hospital"}},{"type":"Feature","geometry":{"type":"Point","coordinates":[-71.13227,42.30416]},"properties":{"probability":0.597,"inBuffer":true,"facType":"hospital"}},{"type":"Feature","geometry":{"type":"Point","coordinates":[-71.12621,42.30428]},"properties":{"probability":0.617,"inBuffer":true,"facType":"hospital"}},{"type":"Feature","geometry":{"type":"Point","coordinates":[-71.12015,42.30439]},"properties":{"probability":0.666,"inBuffer":false,"facType":"government"}},{"type":"Feature","geometry":{"type":"Point","coordinates":[-71.11408,42.3045]},"properties":{"probability":0.757,"inBuffer":true,"facType":"hospital"}},{"type":"Feature","geometry":{"type":"Point","coordinates":[-71.10802,42.30462]},"properties":{"probability":0.738,"inBuffer":true,"facType":"hospital"}},{"type":"Feature","geometry":{"type":"Point","coordinates":[-71.10196,42.30473]},"properties":{"probability":0.63,"inBuffer":true,"facType":"police"}},{"type":"Feature","geometry":{"type":"Point","coordinates":[-71.09589,42.30484]},"properties":{"probability":0.631,"inBuffer":false,"facType":"hospital"}},{"type":"Feature","geometry":{"type":"Point","coordinates":[-71.08984,42.30495]},"properties":{"probability":0.731,"inBuffer":true,"facType":"fire"}},{"type":"Feature","geometry":{"type":"Point","coordinates":[-71.08377,42.30506]},"properties":{"probability":0.785,"inBuffer":true,"facType":"fire"}},{"type":"Feature","geometry":{"type":"Point","coordinates":[-71.07771,42.30517]},"properties":{"probability":0.794,"inBuffer":true,"facType":"fire"}},{"type":"Feature","geometry":{"type":"Point","coordinates":[-71.07165,42.30528]},"properties":{"probability":0.779,"inBuffer":false,"facType":"fire"}},{"type":"Feature","geometry":{"type":"Point","coordinates":[-71.06558,42.30539]},"properties":{"probability":0.772,"inBuffer":true,"facType":"fire"}},{"type":"Feature","geometry":{"type":"Point","coordinates":[-71.05952,42.3055]},"properties":{"probability":0.8,"inBuffer":true,"facType":"fire"}},{"type":"Feature","geometry":{"type":"Point","coordinates":[-71.05346,42.30561]},"properties":{"probability":0.773,"inBuffer":true,"facType":"power"}},{"type":"Feature","geometry":{"type":"Point","coordinates":[-71.04739,42.30571]},"properties":{"probability":0.685,"inBuffer":true,"facType":"power"}},{"type":"Feature","geometry":{"type":"Point","coordinates":[-71.04134,42.30582]},"properties":{"probability":0.455,"inBuffer":true,"facType":"power"}},{"type":"Feature","geometry":{"type":"Point","coordinates":[-71.03527,42.30593]},"properties":{"probability":0.503,"inBuffer":false,"facType":"government"}},{"type":"Feature","geometry":{"type":"Point","coordinates":[-71.02921,42.30604]},"properties":{"probability":0.361,"inBuffer":false,"facType":"government"}},{"type":"Feature","geometry":{"type":"Point","coordinates":[-71.01102,42.30636]},"properties":{"probability":0.281,"inBuffer":false,"facType":"fire"}},{"type":"Feature","geometry":{"type":"Point","coordinates":[-70.90795,42.30812]},"properties":{"probability":0.37,"inBuffer":true,"facType":"fire"}},{"type":"Feature","geometry":{"type":"Point","coordinates":[-71.23516,42.2977]},"properties":{"probability":0.44,"inBuffer":true,"facType":"fire"}},{"type":"Feature","geometry":{"type":"Point","coordinates":[-71.2291,42.29782]},"properties":{"probability":0.467,"inBuffer":true,"facType":"fire"}},{"type":"Feature","geometry":{"type":"Point","coordinates":[-71.22304,42.29794]},"properties":{"probability":0.53,"inBuffer":false,"facType":"fire"}},{"type":"Feature","geometry":{"type":"Point","coordinates":[-71.21698,42.29806]},"properties":{"probability":0.724,"inBuffer":false,"facType":"fire"}},{"type":"Feature","geometry":{"type":"Point","coordinates":[-71.21091,42.29817]},"properties":{"probability":0.609,"inBuffer":false,"facType":"fire"}},{"type":"Feature","geometry":{"type":"Point","coordinates":[-71.20486,42.29829]},"properties":{"probability":0.427,"inBuffer":false,"facType":"fire"}},{"type":"Feature","geometry":{"type":"Point","coordinates":[-71.19879,42.29841]},"properties":{"probability":0.575,"inBuffer":false,"facType":"fire"}},{"type":"Feature","geometry":{"type":"Point","coordinates":[-71.19273,42.29852]},"properties":{"probability":0.563,"inBuffer":true,"facType":"fire"}},{"type":"Feature","geometry":{"type":"Point","coordinates":[-71.18668,42.29864]},"properties":{"probability":0.363,"inBuffer":true,"facType":"fire"}},{"type":"Feature","geometry":{"type":"Point","coordinates":[-71.18061,42.29876]},"properties":{"probability":0.372,"inBuffer":true,"facType":"fire"}},{"type":"Feature","geometry":{"type":"Point","coordinates":[-71.17455,42.29887]},"properties":{"probability":0.343,"inBuffer":false,"facType":"fire"}},{"type":"Feature","geometry":{"type":"Point","coordinates":[-71.16849,42.29898]},"properties":{"probability":0.416,"inBuffer":false,"facType":"fire"}},{"type":"Feature","geometry":{"type":"Point","coordinates":[-71.16243,42.2991]},"properties":{"probability":0.551,"inBuffer":false,"facType":"hospital"}},{"type":"Feature","geometry":{"type":"Point","coordinates":[-71.15636,42.29921]},"properties":{"probability":0.629,"inBuffer":true,"facType":"hospital"}},{"type":"Feature","geometry":{"type":"Point","coordinates":[-71.15031,42.29933]},"properties":{"probability":0.623,"inBuffer":true,"facType":"hospital"}},{"type":"Feature","geometry":{"type":"Point","coordinates":[-71.14424,42.29944]},"properties":{"probability":0.546,"inBuffer":true,"facType":"hospital"}},{"type":"Feature","geometry":{"type":"Point","coordinates":[-71.13818,42.29955]},"properties":{"probability":0.522,"inBuffer":true,"facType":"hospital"}},{"type":"Feature","geometry":{"type":"Point","coordinates":[-71.13212,42.29967]},"properties":{"probability":0.618,"inBuffer":true,"facType":"hospital"}},{"type":"Feature","geometry":{"type":"Point","coordinates":[-71.12606,42.29978]},"properties":{"probability":0.62,"inBuffer":true,"facType":"hospital"}},{"type":"Feature","geometry":{"type":"Point","coordinates":[-71.12,42.29989]},"properties":{"probability":0.736,"inBuffer":false,"facType":"government"}},{"type":"Feature","geometry":{"type":"Point","coordinates":[-71.11393,42.3]},"properties":{"probability":0.79,"inBuffer":true,"facType":"government"}},{"type":"Feature","geometry":{"type":"Point","coordinates":[-71.10787,42.30011]},"properties":{"probability":0.758,"inBuffer":true,"facType":"government"}},{"type":"Feature","geometry":{"type":"Point","coordinates":[-71.10181,42.30022]},"properties":{"probability":0.658,"inBuffer":true,"facType":"hospital"}},{"type":"Feature","geometry":{"type":"Point","coordinates":[-71.09575,42.30034]},"properties":{"probability":0.569,"inBuffer":true,"facType":"hospital"}},{"type":"Feature","geometry":{"type":"Point","coordinates":[-71.08968,42.30045]},"properties":{"probability":0.685,"inBuffer":false,"facType":"government"}},{"type":"Feature","geometry":{"type":"Point","coordinates":[-71.08363,42.30056]},"properties":{"probability":0.758,"inBuffer":false,"facType":"fire"}},{"type":"Feature","geometry":{"type":"Point","coordinates":[-71.07756,42.30067]},"properties":{"probability":0.766,"inBuffer":false,"facType":"fire"}},{"type":"Feature","geometry":{"type":"Point","coordinates":[-71.0715,42.30078]},"properties":{"probability":0.75,"inBuffer":false,"facType":"government"}},{"type":"Feature","geometry":{"type":"Point","coordinates":[-71.06544,42.30089]},"properties":{"probability":0.781,"inBuffer":true,"facType":"police"}},{"type":"Feature","geometry":{"type":"Point","coordinates":[-71.05938,42.30099]},"properties":{"probability":0.803,"inBuffer":true,"facType":"police"}},{"type":"Feature","geometry":{"type":"Point","coordinates":[-71.05331,42.30111]},"properties":{"probability":0.79,"inBuffer":true,"facType":"power"}},{"type":"Feature","geometry":{"type":"Point","coordinates":[-71.04725,42.30121]},"properties":{"probability":0.751,"inBuffer":true,"facType":"power"}},{"type":"Feature","geometry":{"type":"Point","coordinates":[-71.04119,42.30132]},"properties":{"probability":0.599,"inBuffer":true,"facType":"power"}},{"type":"Feature","geometry":{"type":"Point","coordinates":[-71.03513,42.30143]},"properties":{"probability":0.566,"inBuffer":false,"facType":"power"}},{"type":"Feature","geometry":{"type":"Point","coordinates":[-71.02907,42.30154]},"properties":{"probability":0.448,"inBuffer":false,"facType":"power"}},{"type":"Feature","geometry":{"type":"Point","coordinates":[-71.023,42.30164]},"properties":{"probability":0.346,"inBuffer":false,"facType":"fire"}},{"type":"Feature","geometry":{"type":"Point","coordinates":[-71.01694,42.30175]},"properties":{"probability":0.42,"inBuffer":true,"facType":"fire"}},{"type":"Feature","geometry":{"type":"Point","coordinates":[-71.01088,42.30186]},"properties":{"probability":0.339,"inBuffer":true,"facType":"fire"}},{"type":"Feature","geometry":{"type":"Point","coordinates":[-71.00481,42.30196]},"properties":{"probability":0.371,"inBuffer":true,"facType":"fire"}},{"type":"Feature","geometry":{"type":"Point","coordinates":[-70.90781,42.30362]},"properties":{"probability":0.401,"inBuffer":true,"facType":"fire"}},{"type":"Feature","geometry":{"type":"Point","coordinates":[-70.88963,42.30392]},"properties":{"probability":0.318,"inBuffer":false,"facType":"water_works"}},{"type":"Feature","geometry":{"type":"Point","coordinates":[-70.88356,42.30402]},"properties":{"probability":0.327,"inBuffer":false,"facType":"water_works"}},{"type":"Feature","geometry":{"type":"Point","coordinates":[-71.235,42.29321]},"properties":{"probability":0.568,"inBuffer":true,"facType":"fire"}},{"type":"Feature","geometry":{"type":"Point","coordinates":[-71.22894,42.29332]},"properties":{"probability":0.405,"inBuffer":true,"facType":"fire"}},{"type":"Feature","geometry":{"type":"Point","coordinates":[-71.22289,42.29344]},"properties":{"probability":0.45,"inBuffer":false,"facType":"fire"}},{"type":"Feature","geometry":{"type":"Point","coordinates":[-71.21682,42.29356]},"properties":{"probability":0.617,"inBuffer":false,"facType":"fire"}},{"type":"Feature","geometry":{"type":"Point","coordinates":[-71.21076,42.29367]},"properties":{"probability":0.45,"inBuffer":false,"facType":"fire"}},{"type":"Feature","geometry":{"type":"Point","coordinates":[-71.2047,42.29379]},"properties":{"probability":0.435,"inBuffer":false,"facType":"fire"}},{"type":"Feature","geometry":{"type":"Point","coordinates":[-71.19864,42.29391]},"properties":{"probability":0.622,"inBuffer":false,"facType":"fire"}},{"type":"Feature","geometry":{"type":"Point","coordinates":[-71.19258,42.29402]},"properties":{"probability":0.586,"inBuffer":true,"facType":"fire"}},{"type":"Feature","geometry":{"type":"Point","coordinates":[-71.18652,42.29414]},"properties":{"probability":0.384,"inBuffer":true,"facType":"fire"}},{"type":"Feature","geometry":{"type":"Point","coordinates":[-71.18046,42.29425]},"properties":{"probability":0.32,"inBuffer":false,"facType":"fire"}},{"type":"Feature","geometry":{"type":"Point","coordinates":[-71.17439,42.29437]},"properties":{"probability":0.326,"inBuffer":false,"facType":"fire"}},{"type":"Feature","geometry":{"type":"Point","coordinates":[-71.16833,42.29448]},"properties":{"probability":0.348,"inBuffer":false,"facType":"fire"}},{"type":"Feature","geometry":{"type":"Point","coordinates":[-71.16227,42.2946]},"properties":{"probability":0.521,"inBuffer":false,"facType":"hospital"}},{"type":"Feature","geometry":{"type":"Point","coordinates":[-71.15621,42.29471]},"properties":{"probability":0.551,"inBuffer":true,"facType":"hospital"}},{"type":"Feature","geometry":{"type":"Point","coordinates":[-71.15015,42.29483]},"properties":{"probability":0.571,"inBuffer":true,"facType":"hospital"}},{"type":"Feature","geometry":{"type":"Point","coordinates":[-71.14409,42.29494]},"properties":{"probability":0.58,"inBuffer":true,"facType":"hospital"}},{"type":"Feature","geometry":{"type":"Point","coordinates":[-71.13803,42.29505]},"properties":{"probability":0.606,"inBuffer":true,"facType":"power"}},{"type":"Feature","geometry":{"type":"Point","coordinates":[-71.13197,42.29517]},"properties":{"probability":0.568,"inBuffer":true,"facType":"power"}},{"type":"Feature","geometry":{"type":"Point","coordinates":[-71.12591,42.29528]},"properties":{"probability":0.536,"inBuffer":true,"facType":"hospital"}},{"type":"Feature","geometry":{"type":"Point","coordinates":[-71.11984,42.29539]},"properties":{"probability":0.678,"inBuffer":false,"facType":"government"}},{"type":"Feature","geometry":{"type":"Point","coordinates":[-71.11378,42.2955]},"properties":{"probability":0.652,"inBuffer":false,"facType":"government"}},{"type":"Feature","geometry":{"type":"Point","coordinates":[-71.10772,42.29562]},"properties":{"probability":0.592,"inBuffer":true,"facType":"government"}},{"type":"Feature","geometry":{"type":"Point","coordinates":[-71.10166,42.29573]},"properties":{"probability":0.656,"inBuffer":true,"facType":"hospital"}},{"type":"Feature","geometry":{"type":"Point","coordinates":[-71.0956,42.29584]},"properties":{"probability":0.634,"inBuffer":true,"facType":"government"}},{"type":"Feature","geometry":{"type":"Point","coordinates":[-71.08954,42.29595]},"properties":{"probability":0.695,"inBuffer":true,"facType":"government"}},{"type":"Feature","geometry":{"type":"Point","coordinates":[-71.08347,42.29606]},"properties":{"probability":0.723,"inBuffer":false,"facType":"government"}},{"type":"Feature","geometry":{"type":"Point","coordinates":[-71.07742,42.29617]},"properties":{"probability":0.738,"inBuffer":false,"facType":"government"}},{"type":"Feature","geometry":{"type":"Point","coordinates":[-71.07135,42.29628]},"properties":{"probability":0.743,"inBuffer":false,"facType":"government"}},{"type":"Feature","geometry":{"type":"Point","coordinates":[-71.06529,42.29639]},"properties":{"probability":0.779,"inBuffer":true,"facType":"police"}},{"type":"Feature","geometry":{"type":"Point","coordinates":[-71.05923,42.2965]},"properties":{"probability":0.803,"inBuffer":true,"facType":"police"}},{"type":"Feature","geometry":{"type":"Point","coordinates":[-71.05317,42.2966]},"properties":{"probability":0.805,"inBuffer":true,"facType":"police"}},{"type":"Feature","geometry":{"type":"Point","coordinates":[-71.0471,42.29671]},"properties":{"probability":0.8,"inBuffer":true,"facType":"power"}},{"type":"Feature","geometry":{"type":"Point","coordinates":[-71.04105,42.29682]},"properties":{"probability":0.658,"inBuffer":true,"facType":"power"}},{"type":"Feature","geometry":{"type":"Point","coordinates":[-71.03498,42.29693]},"properties":{"probability":0.682,"inBuffer":true,"facType":"power"}},{"type":"Feature","geometry":{"type":"Point","coordinates":[-71.02892,42.29704]},"properties":{"probability":0.655,"inBuffer":true,"facType":"power"}},{"type":"Feature","geometry":{"type":"Point","coordinates":[-71.02286,42.29714]},"properties":{"probability":0.598,"inBuffer":false,"facType":"government"}},{"type":"Feature","geometry":{"type":"Point","coordinates":[-71.0168,42.29725]},"properties":{"probability":0.408,"inBuffer":true,"facType":"fire"}},{"type":"Feature","geometry":{"type":"Point","coordinates":[-71.01073,42.29736]},"properties":{"probability":0.418,"inBuffer":true,"facType":"fire"}},{"type":"Feature","geometry":{"type":"Point","coordinates":[-71.00467,42.29746]},"properties":{"probability":0.386,"inBuffer":true,"facType":"fire"}},{"type":"Feature","geometry":{"type":"Point","coordinates":[-70.88343,42.29952]},"properties":{"probability":0.3,"inBuffer":false,"facType":"water_works"}},{"type":"Feature","geometry":{"type":"Point","coordinates":[-71.23484,42.2887]},"properties":{"probability":0.6,"inBuffer":false,"facType":"fire"}},{"type":"Feature","geometry":{"type":"Point","coordinates":[-71.22878,42.28882]},"properties":{"probability":0.404,"inBuffer":false,"facType":"fire"}},{"type":"Feature","geometry":{"type":"Point","coordinates":[-71.22272,42.28894]},"properties":{"probability":0.346,"inBuffer":false,"facType":"fire"}},{"type":"Feature","geometry":{"type":"Point","coordinates":[-71.21666,42.28906]},"properties":{"probability":0.331,"inBuffer":false,"facType":"fire"}},{"type":"Feature","geometry":{"type":"Point","coordinates":[-71.2106,42.28917]},"properties":{"probability":0.338,"inBuffer":false,"facType":"fire"}},{"type":"Feature","geometry":{"type":"Point","coordinates":[-71.20454,42.28929]},"properties":{"probability":0.316,"inBuffer":false,"facType":"fire"}},{"type":"Feature","geometry":{"type":"Point","coordinates":[-71.19848,42.28941]},"properties":{"probability":0.545,"inBuffer":false,"facType":"fire"}},{"type":"Feature","geometry":{"type":"Point","coordinates":[-71.19242,42.28952]},"properties":{"probability":0.37,"inBuffer":false,"facType":"fire"}},{"type":"Feature","geometry":{"type":"Point","coordinates":[-71.18636,42.28964]},"properties":{"probability":0.378,"inBuffer":false,"facType":"fire"}},{"type":"Feature","geometry":{"type":"Point","coordinates":[-71.1803,42.28975]},"properties":{"probability":0.363,"inBuffer":false,"facType":"fire"}},{"type":"Feature","geometry":{"type":"Point","coordinates":[-71.17424,42.28987]},"properties":{"probability":0.385,"inBuffer":false,"facType":"substation"}},{"type":"Feature","geometry":{"type":"Point","coordinates":[-71.16818,42.28999]},"properties":{"probability":0.438,"inBuffer":false,"facType":"substation"}},{"type":"Feature","geometry":{"type":"Point","coordinates":[-71.16212,42.2901]},"properties":{"probability":0.552,"inBuffer":false,"facType":"fire"}},{"type":"Feature","geometry":{"type":"Point","coordinates":[-71.15606,42.29021]},"properties":{"probability":0.598,"inBuffer":true,"facType":"fire"}},{"type":"Feature","geometry":{"type":"Point","coordinates":[-71.14999,42.29033]},"properties":{"probability":0.652,"inBuffer":true,"facType":"police"}},{"type":"Feature","geometry":{"type":"Point","coordinates":[-71.14394,42.29044]},"properties":{"probability":0.645,"inBuffer":true,"facType":"police"}},{"type":"Feature","geometry":{"type":"Point","coordinates":[-71.13788,42.29055]},"properties":{"probability":0.607,"inBuffer":true,"facType":"power"}},{"type":"Feature","geometry":{"type":"Point","coordinates":[-71.13181,42.29066]},"properties":{"probability":0.65,"inBuffer":true,"facType":"power"}},{"type":"Feature","geometry":{"type":"Point","coordinates":[-71.12576,42.29078]},"properties":{"probability":0.621,"inBuffer":false,"facType":"power"}},{"type":"Feature","geometry":{"type":"Point","coordinates":[-71.11969,42.29089]},"properties":{"probability":0.684,"inBuffer":false,"facType":"government"}},{"type":"Feature","geometry":{"type":"Point","coordinates":[-71.11363,42.291]},"properties":{"probability":0.646,"inBuffer":false,"facType":"government"}},{"type":"Feature","geometry":{"type":"Point","coordinates":[-71.10757,42.29111]},"properties":{"probability":0.609,"inBuffer":false,"facType":"hospital"}},{"type":"Feature","geometry":{"type":"Point","coordinates":[-71.10151,42.29123]},"properties":{"probability":0.648,"inBuffer":false,"facType":"government"}},{"type":"Feature","geometry":{"type":"Point","coordinates":[-71.09545,42.29134]},"properties":{"probability":0.761,"inBuffer":true,"facType":"government"}},{"type":"Feature","geometry":{"type":"Point","coordinates":[-71.08939,42.29145]},"properties":{"probability":0.802,"inBuffer":true,"facType":"fire"}},{"type":"Feature","geometry":{"type":"Point","coordinates":[-71.08333,42.29156]},"properties":{"probability":0.778,"inBuffer":true,"facType":"fire"}},{"type":"Feature","geometry":{"type":"Point","coordinates":[-71.07726,42.29167]},"properties":{"probability":0.754,"inBuffer":false,"facType":"government"}},{"type":"Feature","geometry":{"type":"Point","coordinates":[-71.07121,42.29178]},"properties":{"probability":0.745,"inBuffer":false,"facType":"government"}},{"type":"Feature","geometry":{"type":"Point","coordinates":[-71.06515,42.29189]},"properties":{"probability":0.738,"inBuffer":true,"facType":"government"}},{"type":"Feature","geometry":{"type":"Point","coordinates":[-71.05908,42.292]},"properties":{"probability":0.744,"inBuffer":true,"facType":"police"}},{"type":"Feature","geometry":{"type":"Point","coordinates":[-71.05302,42.2921]},"properties":{"probability":0.802,"inBuffer":true,"facType":"fire"}},{"type":"Feature","geometry":{"type":"Point","coordinates":[-71.04696,42.29221]},"properties":{"probability":0.815,"inBuffer":true,"facType":"fire"}},{"type":"Feature","geometry":{"type":"Point","coordinates":[-71.0409,42.29232]},"properties":{"probability":0.744,"inBuffer":true,"facType":"power"}},{"type":"Feature","geometry":{"type":"Point","coordinates":[-71.03484,42.29243]},"properties":{"probability":0.74,"inBuffer":true,"facType":"power"}},{"type":"Feature","geometry":{"type":"Point","coordinates":[-71.02878,42.29254]},"properties":{"probability":0.674,"inBuffer":true,"facType":"power"}},{"type":"Feature","geometry":{"type":"Point","coordinates":[-71.02271,42.29264]},"properties":{"probability":0.556,"inBuffer":false,"facType":"government"}},{"type":"Feature","geometry":{"type":"Point","coordinates":[-71.01665,42.29275]},"properties":{"probability":0.4,"inBuffer":true,"facType":"government"}},{"type":"Feature","geometry":{"type":"Point","coordinates":[-71.01059,42.29286]},"properties":{"probability":0.384,"inBuffer":true,"facType":"fire"}},{"type":"Feature","geometry":{"type":"Point","coordinates":[-71.00453,42.29296]},"properties":{"probability":0.318,"inBuffer":true,"facType":"fire"}},{"type":"Feature","geometry":{"type":"Point","coordinates":[-70.88329,42.29502]},"properties":{"probability":0.379,"inBuffer":false,"facType":"water_works"}},{"type":"Feature","geometry":{"type":"Point","coordinates":[-71.23469,42.2842]},"properties":{"probability":0.521,"inBuffer":false,"facType":"fire"}},{"type":"Feature","geometry":{"type":"Point","coordinates":[-71.22862,42.28432]},"properties":{"probability":0.349,"inBuffer":false,"facType":"fire"}},{"type":"Feature","geometry":{"type":"Point","coordinates":[-71.21651,42.28456]},"properties":{"probability":0.313,"inBuffer":false,"facType":"fire"}},{"type":"Feature","geometry":{"type":"Point","coordinates":[-71.21045,42.28468]},"properties":{"probability":0.299,"inBuffer":false,"facType":"fire"}},{"type":"Feature","geometry":{"type":"Point","coordinates":[-71.20438,42.28479]},"properties":{"probability":0.302,"inBuffer":false,"facType":"fire"}},{"type":"Feature","geometry":{"type":"Point","coordinates":[-71.1862,42.28514]},"properties":{"probability":0.363,"inBuffer":false,"facType":"government"}},{"type":"Feature","geometry":{"type":"Point","coordinates":[-71.18015,42.28526]},"properties":{"probability":0.356,"inBuffer":false,"facType":"government"}},{"type":"Feature","geometry":{"type":"Point","coordinates":[-71.17409,42.28537]},"properties":{"probability":0.387,"inBuffer":false,"facType":"substation"}},{"type":"Feature","geometry":{"type":"Point","coordinates":[-71.16802,42.28548]},"properties":{"probability":0.465,"inBuffer":false,"facType":"substation"}},{"type":"Feature","geometry":{"type":"Point","coordinates":[-71.16196,42.2856]},"properties":{"probability":0.609,"inBuffer":true,"facType":"fire"}},{"type":"Feature","geometry":{"type":"Point","coordinates":[-71.15591,42.28571]},"properties":{"probability":0.682,"inBuffer":true,"facType":"fire"}},{"type":"Feature","geometry":{"type":"Point","coordinates":[-71.14984,42.28583]},"properties":{"probability":0.702,"inBuffer":true,"facType":"police"}},{"type":"Feature","geometry":{"type":"Point","coordinates":[-71.14378,42.28594]},"properties":{"probability":0.648,"inBuffer":true,"facType":"police"}},{"type":"Feature","geometry":{"type":"Point","coordinates":[-71.13773,42.28605]},"properties":{"probability":0.625,"inBuffer":false,"facType":"police"}},{"type":"Feature","geometry":{"type":"Point","coordinates":[-71.13166,42.28617]},"properties":{"probability":0.713,"inBuffer":false,"facType":"power"}},{"type":"Feature","geometry":{"type":"Point","coordinates":[-71.1256,42.28628]},"properties":{"probability":0.713,"inBuffer":false,"facType":"fire"}},{"type":"Feature","geometry":{"type":"Point","coordinates":[-71.11954,42.28639]},"properties":{"probability":0.695,"inBuffer":false,"facType":"fire"}},{"type":"Feature","geometry":{"type":"Point","coordinates":[-71.11348,42.2865]},"properties":{"probability":0.689,"inBuffer":false,"facType":"fire"}},{"type":"Feature","geometry":{"type":"Point","coordinates":[-71.10742,42.28661]},"properties":{"probability":0.643,"inBuffer":false,"facType":"fire"}},{"type":"Feature","geometry":{"type":"Point","coordinates":[-71.10136,42.28672]},"properties":{"probability":0.596,"inBuffer":false,"facType":"police"}},{"type":"Feature","geometry":{"type":"Point","coordinates":[-71.0953,42.28684]},"properties":{"probability":0.787,"inBuffer":true,"facType":"police"}},{"type":"Feature","geometry":{"type":"Point","coordinates":[-71.08924,42.28695]},"properties":{"probability":0.804,"inBuffer":true,"facType":"police"}},{"type":"Feature","geometry":{"type":"Point","coordinates":[-71.08318,42.28706]},"properties":{"probability":0.752,"inBuffer":true,"facType":"fire"}},{"type":"Feature","geometry":{"type":"Point","coordinates":[-71.07712,42.28717]},"properties":{"probability":0.726,"inBuffer":false,"facType":"government"}},{"type":"Feature","geometry":{"type":"Point","coordinates":[-71.07106,42.28728]},"properties":{"probability":0.727,"inBuffer":true,"facType":"fire"}},{"type":"Feature","geometry":{"type":"Point","coordinates":[-71.06499,42.28739]},"properties":{"probability":0.753,"inBuffer":true,"facType":"fire"}},{"type":"Feature","geometry":{"type":"Point","coordinates":[-71.05894,42.28749]},"properties":{"probability":0.752,"inBuffer":true,"facType":"fire"}},{"type":"Feature","geometry":{"type":"Point","coordinates":[-71.05287,42.28761]},"properties":{"probability":0.766,"inBuffer":true,"facType":"fire"}},{"type":"Feature","geometry":{"type":"Point","coordinates":[-71.04681,42.28771]},"properties":{"probability":0.806,"inBuffer":true,"facType":"fire"}},{"type":"Feature","geometry":{"type":"Point","coordinates":[-71.04076,42.28782]},"properties":{"probability":0.774,"inBuffer":true,"facType":"fire"}},{"type":"Feature","geometry":{"type":"Point","coordinates":[-71.03469,42.28793]},"properties":{"probability":0.684,"inBuffer":true,"facType":"power"}},{"type":"Feature","geometry":{"type":"Point","coordinates":[-71.02863,42.28804]},"properties":{"probability":0.65,"inBuffer":true,"facType":"government"}},{"type":"Feature","geometry":{"type":"Point","coordinates":[-71.02257,42.28814]},"properties":{"probability":0.573,"inBuffer":false,"facType":"government"}},{"type":"Feature","geometry":{"type":"Point","coordinates":[-71.01651,42.28825]},"properties":{"probability":0.324,"inBuffer":false,"facType":"government"}},{"type":"Feature","geometry":{"type":"Point","coordinates":[-71.01044,42.28836]},"properties":{"probability":0.288,"inBuffer":false,"facType":"fire"}},{"type":"Feature","geometry":{"type":"Point","coordinates":[-71.00439,42.28846]},"properties":{"probability":0.282,"inBuffer":false,"facType":"fire"}},{"type":"Feature","geometry":{"type":"Point","coordinates":[-70.88316,42.29052]},"properties":{"probability":0.379,"inBuffer":false,"facType":"water_works"}},{"type":"Feature","geometry":{"type":"Point","coordinates":[-71.23453,42.27971]},"properties":{"probability":0.616,"inBuffer":false,"facType":"fire"}},{"type":"Feature","geometry":{"type":"Point","coordinates":[-71.22847,42.27982]},"properties":{"probability":0.321,"inBuffer":false,"facType":"fire"}},{"type":"Feature","geometry":{"type":"Point","coordinates":[-71.21029,42.28017]},"properties":{"probability":0.344,"inBuffer":false,"facType":"police"}},{"type":"Feature","geometry":{"type":"Point","coordinates":[-71.20423,42.28029]},"properties":{"probability":0.36,"inBuffer":false,"facType":"government"}},{"type":"Feature","geometry":{"type":"Point","coordinates":[-71.18605,42.28064]},"properties":{"probability":0.343,"inBuffer":false,"facType":"government"}},{"type":"Feature","geometry":{"type":"Point","coordinates":[-71.17999,42.28075]},"properties":{"probability":0.521,"inBuffer":false,"facType":"government"}},{"type":"Feature","geometry":{"type":"Point","coordinates":[-71.17393,42.28087]},"properties":{"probability":0.625,"inBuffer":true,"facType":"substation"}},{"type":"Feature","geometry":{"type":"Point","coordinates":[-71.16787,42.28098]},"properties":{"probability":0.615,"inBuffer":false,"facType":"substation"}},{"type":"Feature","geometry":{"type":"Point","coordinates":[-71.16181,42.2811]},"properties":{"probability":0.644,"inBuffer":true,"facType":"fire"}},{"type":"Feature","geometry":{"type":"Point","coordinates":[-71.15575,42.28121]},"properties":{"probability":0.643,"inBuffer":true,"facType":"fire"}},{"type":"Feature","geometry":{"type":"Point","coordinates":[-71.14969,42.28133]},"properties":{"probability":0.642,"inBuffer":true,"facType":"police"}},{"type":"Feature","geometry":{"type":"Point","coordinates":[-71.14363,42.28144]},"properties":{"probability":0.647,"inBuffer":true,"facType":"police"}},{"type":"Feature","geometry":{"type":"Point","coordinates":[-71.13757,42.28156]},"properties":{"probability":0.637,"inBuffer":false,"facType":"police"}},{"type":"Feature","geometry":{"type":"Point","coordinates":[-71.13151,42.28167]},"properties":{"probability":0.642,"inBuffer":false,"facType":"fire"}},{"type":"Feature","geometry":{"type":"Point","coordinates":[-71.12545,42.28178]},"properties":{"probability":0.651,"inBuffer":true,"facType":"fire"}},{"type":"Feature","geometry":{"type":"Point","coordinates":[-71.11939,42.28189]},"properties":{"probability":0.712,"inBuffer":true,"facType":"fire"}},{"type":"Feature","geometry":{"type":"Point","coordinates":[-71.11333,42.282]},"properties":{"probability":0.697,"inBuffer":true,"facType":"fire"}},{"type":"Feature","geometry":{"type":"Point","coordinates":[-71.10727,42.28212]},"properties":{"probability":0.576,"inBuffer":false,"facType":"fire"}},{"type":"Feature","geometry":{"type":"Point","coordinates":[-71.10121,42.28223]},"properties":{"probability":0.601,"inBuffer":false,"facType":"police"}},{"type":"Feature","geometry":{"type":"Point","coordinates":[-71.09515,42.28234]},"properties":{"probability":0.764,"inBuffer":true,"facType":"police"}},{"type":"Feature","geometry":{"type":"Point","coordinates":[-71.08909,42.28245]},"properties":{"probability":0.785,"inBuffer":true,"facType":"police"}},{"type":"Feature","geometry":{"type":"Point","coordinates":[-71.08303,42.28256]},"properties":{"probability":0.771,"inBuffer":true,"facType":"fire"}},{"type":"Feature","geometry":{"type":"Point","coordinates":[-71.07697,42.28267]},"properties":{"probability":0.722,"inBuffer":true,"facType":"fire"}},{"type":"Feature","geometry":{"type":"Point","coordinates":[-71.07091,42.28278]},"properties":{"probability":0.708,"inBuffer":true,"facType":"fire"}},{"type":"Feature","geometry":{"type":"Point","coordinates":[-71.06485,42.28289]},"properties":{"probability":0.738,"inBuffer":true,"facType":"fire"}},{"type":"Feature","geometry":{"type":"Point","coordinates":[-71.05879,42.283]},"properties":{"probability":0.715,"inBuffer":true,"facType":"fire"}},{"type":"Feature","geometry":{"type":"Point","coordinates":[-71.05273,42.2831]},"properties":{"probability":0.747,"inBuffer":true,"facType":"fire"}},{"type":"Feature","geometry":{"type":"Point","coordinates":[-71.04667,42.28321]},"properties":{"probability":0.763,"inBuffer":true,"facType":"fire"}},{"type":"Feature","geometry":{"type":"Point","coordinates":[-71.04061,42.28332]},"properties":{"probability":0.768,"inBuffer":false,"facType":"substation"}},{"type":"Feature","geometry":{"type":"Point","coordinates":[-71.03455,42.28343]},"properties":{"probability":0.701,"inBuffer":false,"facType":"substation"}},{"type":"Feature","geometry":{"type":"Point","coordinates":[-71.02849,42.28354]},"properties":{"probability":0.648,"inBuffer":false,"facType":"substation"}},{"type":"Feature","geometry":{"type":"Point","coordinates":[-71.02242,42.28364]},"properties":{"probability":0.627,"inBuffer":false,"facType":"government"}},{"type":"Feature","geometry":{"type":"Point","coordinates":[-71.01637,42.28375]},"properties":{"probability":0.326,"inBuffer":false,"facType":"government"}},{"type":"Feature","geometry":{"type":"Point","coordinates":[-70.88303,42.28602]},"properties":{"probability":0.332,"inBuffer":false,"facType":"water_works"}},{"type":"Feature","geometry":{"type":"Point","coordinates":[-71.23437,42.2752]},"properties":{"probability":0.553,"inBuffer":false,"facType":"substation"}},{"type":"Feature","geometry":{"type":"Point","coordinates":[-71.22831,42.27532]},"properties":{"probability":0.337,"inBuffer":false,"facType":"substation"}},{"type":"Feature","geometry":{"type":"Point","coordinates":[-71.22225,42.27544]},"properties":{"probability":0.346,"inBuffer":false,"facType":"police"}},{"type":"Feature","geometry":{"type":"Point","coordinates":[-71.21619,42.27556]},"properties":{"probability":0.335,"inBuffer":false,"facType":"police"}},{"type":"Feature","geometry":{"type":"Point","coordinates":[-71.21013,42.27567]},"properties":{"probability":0.343,"inBuffer":false,"facType":"police"}},{"type":"Feature","geometry":{"type":"Point","coordinates":[-71.1859,42.27614]},"properties":{"probability":0.384,"inBuffer":false,"facType":"government"}},{"type":"Feature","geometry":{"type":"Point","coordinates":[-71.17983,42.27626]},"properties":{"probability":0.506,"inBuffer":true,"facType":"government"}},{"type":"Feature","geometry":{"type":"Point","coordinates":[-71.17377,42.27637]},"properties":{"probability":0.672,"inBuffer":true,"facType":"hospital"}},{"type":"Feature","geometry":{"type":"Point","coordinates":[-71.16772,42.27649]},"properties":{"probability":0.676,"inBuffer":true,"facType":"hospital"}},{"type":"Feature","geometry":{"type":"Point","coordinates":[-71.16166,42.2766]},"properties":{"probability":0.614,"inBuffer":false,"facType":"substation"}},{"type":"Feature","geometry":{"type":"Point","coordinates":[-71.15559,42.27671]},"properties":{"probability":0.572,"inBuffer":false,"facType":"fire"}},{"type":"Feature","geometry":{"type":"Point","coordinates":[-71.14954,42.27683]},"properties":{"probability":0.559,"inBuffer":false,"facType":"fire"}},{"type":"Feature","geometry":{"type":"Point","coordinates":[-71.14348,42.27694]},"properties":{"probability":0.595,"inBuffer":false,"facType":"police"}},{"type":"Feature","geometry":{"type":"Point","coordinates":[-71.13742,42.27705]},"properties":{"probability":0.648,"inBuffer":false,"facType":"police"}},{"type":"Feature","geometry":{"type":"Point","coordinates":[-71.13136,42.27716]},"properties":{"probability":0.618,"inBuffer":false,"facType":"substation"}},{"type":"Feature","geometry":{"type":"Point","coordinates":[-71.1253,42.27728]},"properties":{"probability":0.639,"inBuffer":true,"facType":"substation"}},{"type":"Feature","geometry":{"type":"Point","coordinates":[-71.11924,42.27739]},"properties":{"probability":0.724,"inBuffer":true,"facType":"fire"}},{"type":"Feature","geometry":{"type":"Point","coordinates":[-71.11318,42.2775]},"properties":{"probability":0.681,"inBuffer":true,"facType":"fire"}},{"type":"Feature","geometry":{"type":"Point","coordinates":[-71.10712,42.27761]},"properties":{"probability":0.57,"inBuffer":false,"facType":"fire"}},{"type":"Feature","geometry":{"type":"Point","coordinates":[-71.10106,42.27773]},"properties":{"probability":0.589,"inBuffer":false,"facType":"police"}},{"type":"Feature","geometry":{"type":"Point","coordinates":[-71.095,42.27784]},"properties":{"probability":0.725,"inBuffer":false,"facType":"police"}},{"type":"Feature","geometry":{"type":"Point","coordinates":[-71.08894,42.27795]},"properties":{"probability":0.741,"inBuffer":false,"facType":"police"}},{"type":"Feature","geometry":{"type":"Point","coordinates":[-71.08289,42.27806]},"properties":{"probability":0.766,"inBuffer":true,"facType":"fire"}},{"type":"Feature","geometry":{"type":"Point","coordinates":[-71.07682,42.27817]},"properties":{"probability":0.739,"inBuffer":true,"facType":"fire"}},{"type":"Feature","geometry":{"type":"Point","coordinates":[-71.07076,42.27828]},"properties":{"probability":0.739,"inBuffer":true,"facType":"fire"}},{"type":"Feature","geometry":{"type":"Point","coordinates":[-71.0647,42.27839]},"properties":{"probability":0.711,"inBuffer":false,"facType":"fire"}},{"type":"Feature","geometry":{"type":"Point","coordinates":[-71.05864,42.2785]},"properties":{"probability":0.645,"inBuffer":false,"facType":"fire"}},{"type":"Feature","geometry":{"type":"Point","coordinates":[-71.05258,42.2786]},"properties":{"probability":0.678,"inBuffer":false,"facType":"fire"}},{"type":"Feature","geometry":{"type":"Point","coordinates":[-71.04652,42.27871]},"properties":{"probability":0.656,"inBuffer":false,"facType":"fire"}},{"type":"Feature","geometry":{"type":"Point","coordinates":[-71.04047,42.27882]},"properties":{"probability":0.74,"inBuffer":false,"facType":"substation"}},{"type":"Feature","geometry":{"type":"Point","coordinates":[-71.0344,42.27893]},"properties":{"probability":0.811,"inBuffer":true,"facType":"substation"}},{"type":"Feature","geometry":{"type":"Point","coordinates":[-71.02834,42.27903]},"properties":{"probability":0.783,"inBuffer":true,"facType":"substation"}},{"type":"Feature","geometry":{"type":"Point","coordinates":[-71.02229,42.27914]},"properties":{"probability":0.698,"inBuffer":true,"facType":"fire"}},{"type":"Feature","geometry":{"type":"Point","coordinates":[-71.01622,42.27925]},"properties":{"probability":0.409,"inBuffer":false,"facType":"fire"}},{"type":"Feature","geometry":{"type":"Point","coordinates":[-71.01016,42.27935]},"properties":{"probability":0.368,"inBuffer":false,"facType":"government"}},{"type":"Feature","geometry":{"type":"Point","coordinates":[-70.96168,42.2802]},"properties":{"probability":0.359,"inBuffer":false,"facType":"fire"}},{"type":"Feature","geometry":{"type":"Point","coordinates":[-70.88289,42.28152]},"properties":{"probability":0.317,"inBuffer":false,"facType":"water_works"}},{"type":"Feature","geometry":{"type":"Point","coordinates":[-71.23421,42.27071]},"properties":{"probability":0.32,"inBuffer":false,"facType":"substation"}},{"type":"Feature","geometry":{"type":"Point","coordinates":[-71.22209,42.27094]},"properties":{"probability":0.337,"inBuffer":false,"facType":"police"}},{"type":"Feature","geometry":{"type":"Point","coordinates":[-71.21603,42.27106]},"properties":{"probability":0.309,"inBuffer":false,"facType":"police"}},{"type":"Feature","geometry":{"type":"Point","coordinates":[-71.20998,42.27118]},"properties":{"probability":0.404,"inBuffer":false,"facType":"police"}},{"type":"Feature","geometry":{"type":"Point","coordinates":[-71.20392,42.27129]},"properties":{"probability":0.283,"inBuffer":false,"facType":"police"}},{"type":"Feature","geometry":{"type":"Point","coordinates":[-71.19785,42.27141]},"properties":{"probability":0.327,"inBuffer":false,"facType":"police"}},{"type":"Feature","geometry":{"type":"Point","coordinates":[-71.17968,42.27176]},"properties":{"probability":0.386,"inBuffer":true,"facType":"government"}},{"type":"Feature","geometry":{"type":"Point","coordinates":[-71.17362,42.27187]},"properties":{"probability":0.678,"inBuffer":true,"facType":"hospital"}},{"type":"Feature","geometry":{"type":"Point","coordinates":[-71.16756,42.27198]},"properties":{"probability":0.679,"inBuffer":true,"facType":"hospital"}},{"type":"Feature","geometry":{"type":"Point","coordinates":[-71.16151,42.2721]},"properties":{"probability":0.535,"inBuffer":false,"facType":"hospital"}},{"type":"Feature","geometry":{"type":"Point","coordinates":[-71.15544,42.27221]},"properties":{"probability":0.446,"inBuffer":false,"facType":"fire"}},{"type":"Feature","geometry":{"type":"Point","coordinates":[-71.14938,42.27233]},"properties":{"probability":0.578,"inBuffer":false,"facType":"fire"}},{"type":"Feature","geometry":{"type":"Point","coordinates":[-71.14333,42.27244]},"properties":{"probability":0.592,"inBuffer":false,"facType":"fire"}},{"type":"Feature","geometry":{"type":"Point","coordinates":[-71.13727,42.27255]},"properties":{"probability":0.57,"inBuffer":false,"facType":"substation"}},{"type":"Feature","geometry":{"type":"Point","coordinates":[-71.13121,42.27267]},"properties":{"probability":0.568,"inBuffer":false,"facType":"substation"}},{"type":"Feature","geometry":{"type":"Point","coordinates":[-71.12515,42.27278]},"properties":{"probability":0.625,"inBuffer":false,"facType":"substation"}},{"type":"Feature","geometry":{"type":"Point","coordinates":[-71.11909,42.27289]},"properties":{"probability":0.696,"inBuffer":true,"facType":"substation"}},{"type":"Feature","geometry":{"type":"Point","coordinates":[-71.11303,42.273]},"properties":{"probability":0.66,"inBuffer":false,"facType":"substation"}},{"type":"Feature","geometry":{"type":"Point","coordinates":[-71.10697,42.27311]},"properties":{"probability":0.643,"inBuffer":false,"facType":"fire"}},{"type":"Feature","geometry":{"type":"Point","coordinates":[-71.10091,42.27322]},"properties":{"probability":0.686,"inBuffer":false,"facType":"police"}},{"type":"Feature","geometry":{"type":"Point","coordinates":[-71.09486,42.27334]},"properties":{"probability":0.766,"inBuffer":false,"facType":"police"}},{"type":"Feature","geometry":{"type":"Point","coordinates":[-71.08879,42.27345]},"properties":{"probability":0.717,"inBuffer":false,"facType":"fire"}},{"type":"Feature","geometry":{"type":"Point","coordinates":[-71.08273,42.27356]},"properties":{"probability":0.72,"inBuffer":true,"facType":"fire"}},{"type":"Feature","geometry":{"type":"Point","coordinates":[-71.07668,42.27367]},"properties":{"probability":0.723,"inBuffer":true,"facType":"fire"}},{"type":"Feature","geometry":{"type":"Point","coordinates":[-71.07062,42.27378]},"properties":{"probability":0.737,"inBuffer":false,"facType":"fire"}},{"type":"Feature","geometry":{"type":"Point","coordinates":[-71.06455,42.27389]},"properties":{"probability":0.656,"inBuffer":false,"facType":"fire"}},{"type":"Feature","geometry":{"type":"Point","coordinates":[-71.05849,42.27399]},"properties":{"probability":0.551,"inBuffer":false,"facType":"fire"}},{"type":"Feature","geometry":{"type":"Point","coordinates":[-71.05244,42.27411]},"properties":{"probability":0.605,"inBuffer":false,"facType":"fire"}},{"type":"Feature","geometry":{"type":"Point","coordinates":[-71.04638,42.27421]},"properties":{"probability":0.616,"inBuffer":false,"facType":"substation"}},{"type":"Feature","geometry":{"type":"Point","coordinates":[-71.04031,42.27432]},"properties":{"probability":0.723,"inBuffer":false,"facType":"substation"}},{"type":"Feature","geometry":{"type":"Point","coordinates":[-71.03426,42.27443]},"properties":{"probability":0.807,"inBuffer":true,"facType":"government"}},{"type":"Feature","geometry":{"type":"Point","coordinates":[-71.0282,42.27454]},"properties":{"probability":0.798,"inBuffer":true,"facType":"fire"}},{"type":"Feature","geometry":{"type":"Point","coordinates":[-71.02214,42.27464]},"properties":{"probability":0.786,"inBuffer":true,"facType":"fire"}},{"type":"Feature","geometry":{"type":"Point","coordinates":[-71.01608,42.27475]},"properties":{"probability":0.639,"inBuffer":false,"facType":"fire"}},{"type":"Feature","geometry":{"type":"Point","coordinates":[-71.01002,42.27486]},"properties":{"probability":0.64,"inBuffer":false,"facType":"fire"}},{"type":"Feature","geometry":{"type":"Point","coordinates":[-71.00396,42.27496]},"properties":{"probability":0.421,"inBuffer":false,"facType":"fire"}},{"type":"Feature","geometry":{"type":"Point","coordinates":[-70.9979,42.27507]},"properties":{"probability":0.321,"inBuffer":false,"facType":"police"}},{"type":"Feature","geometry":{"type":"Point","coordinates":[-70.95548,42.2758]},"properties":{"probability":0.313,"inBuffer":false,"facType":"fire"}},{"type":"Feature","geometry":{"type":"Point","coordinates":[-71.21587,42.26656]},"properties":{"probability":0.342,"inBuffer":false,"facType":"police"}},{"type":"Feature","geometry":{"type":"Point","coordinates":[-71.20982,42.26667]},"properties":{"probability":0.457,"inBuffer":false,"facType":"police"}},{"type":"Feature","geometry":{"type":"Point","coordinates":[-71.20376,42.26679]},"properties":{"probability":0.386,"inBuffer":false,"facType":"police"}},{"type":"Feature","geometry":{"type":"Point","coordinates":[-71.1977,42.26691]},"properties":{"probability":0.376,"inBuffer":false,"facType":"police"}},{"type":"Feature","geometry":{"type":"Point","coordinates":[-71.19164,42.26702]},"properties":{"probability":0.329,"inBuffer":false,"facType":"government"}},{"type":"Feature","geometry":{"type":"Point","coordinates":[-71.18559,42.26714]},"properties":{"probability":0.364,"inBuffer":false,"facType":"government"}},{"type":"Feature","geometry":{"type":"Point","coordinates":[-71.17953,42.26725]},"properties":{"probability":0.377,"inBuffer":false,"facType":"hospital"}},{"type":"Feature","geometry":{"type":"Point","coordinates":[-71.17347,42.26737]},"properties":{"probability":0.752,"inBuffer":false,"facType":"hospital"}},{"type":"Feature","geometry":{"type":"Point","coordinates":[-71.1674,42.26749]},"properties":{"probability":0.729,"inBuffer":false,"facType":"hospital"}},{"type":"Feature","geometry":{"type":"Point","coordinates":[-71.16135,42.2676]},"properties":{"probability":0.564,"inBuffer":true,"facType":"fire"}},{"type":"Feature","geometry":{"type":"Point","coordinates":[-71.15529,42.26771]},"properties":{"probability":0.481,"inBuffer":true,"facType":"fire"}},{"type":"Feature","geometry":{"type":"Point","coordinates":[-71.14923,42.26783]},"properties":{"probability":0.574,"inBuffer":true,"facType":"fire"}},{"type":"Feature","geometry":{"type":"Point","coordinates":[-71.14317,42.26794]},"properties":{"probability":0.539,"inBuffer":false,"facType":"fire"}},{"type":"Feature","geometry":{"type":"Point","coordinates":[-71.13712,42.26805]},"properties":{"probability":0.379,"inBuffer":false,"facType":"substation"}},{"type":"Feature","geometry":{"type":"Point","coordinates":[-71.13106,42.26817]},"properties":{"probability":0.401,"inBuffer":false,"facType":"substation"}},{"type":"Feature","geometry":{"type":"Point","coordinates":[-71.125,42.26828]},"properties":{"probability":0.636,"inBuffer":false,"facType":"substation"}},{"type":"Feature","geometry":{"type":"Point","coordinates":[-71.11894,42.26839]},"properties":{"probability":0.675,"inBuffer":false,"facType":"substation"}},{"type":"Feature","geometry":{"type":"Point","coordinates":[-71.11288,42.2685]},"properties":{"probability":0.642,"inBuffer":false,"facType":"substation"}},{"type":"Feature","geometry":{"type":"Point","coordinates":[-71.10682,42.26862]},"properties":{"probability":0.641,"inBuffer":false,"facType":"substation"}},{"type":"Feature","geometry":{"type":"Point","coordinates":[-71.10076,42.26873]},"properties":{"probability":0.682,"inBuffer":false,"facType":"substation"}},{"type":"Feature","geometry":{"type":"Point","coordinates":[-71.0947,42.26884]},"properties":{"probability":0.779,"inBuffer":false,"facType":"fire"}},{"type":"Feature","geometry":{"type":"Point","coordinates":[-71.08865,42.26895]},"properties":{"probability":0.713,"inBuffer":false,"facType":"fire"}},{"type":"Feature","geometry":{"type":"Point","coordinates":[-71.08259,42.26906]},"properties":{"probability":0.624,"inBuffer":false,"facType":"fire"}},{"type":"Feature","geometry":{"type":"Point","coordinates":[-71.07653,42.26917]},"properties":{"probability":0.646,"inBuffer":false,"facType":"fire"}},{"type":"Feature","geometry":{"type":"Point","coordinates":[-71.07047,42.26928]},"properties":{"probability":0.563,"inBuffer":false,"facType":"fire"}},{"type":"Feature","geometry":{"type":"Point","coordinates":[-71.06441,42.26939]},"properties":{"probability":0.587,"inBuffer":false,"facType":"fire"}},{"type":"Feature","geometry":{"type":"Point","coordinates":[-71.05835,42.26949]},"properties":{"probability":0.481,"inBuffer":false,"facType":"fire"}},{"type":"Feature","geometry":{"type":"Point","coordinates":[-71.05229,42.2696]},"properties":{"probability":0.441,"inBuffer":false,"facType":"fire"}},{"type":"Feature","geometry":{"type":"Point","coordinates":[-71.04623,42.26971]},"properties":{"probability":0.537,"inBuffer":false,"facType":"fire"}},{"type":"Feature","geometry":{"type":"Point","coordinates":[-71.04017,42.26982]},"properties":{"probability":0.454,"inBuffer":false,"facType":"government"}},{"type":"Feature","geometry":{"type":"Point","coordinates":[-71.03411,42.26993]},"properties":{"probability":0.591,"inBuffer":false,"facType":"government"}},{"type":"Feature","geometry":{"type":"Point","coordinates":[-71.02805,42.27003]},"properties":{"probability":0.698,"inBuffer":true,"facType":"fire"}},{"type":"Feature","geometry":{"type":"Point","coordinates":[-71.022,42.27014]},"properties":{"probability":0.777,"inBuffer":true,"facType":"fire"}},{"type":"Feature","geometry":{"type":"Point","coordinates":[-71.01594,42.27025]},"properties":{"probability":0.767,"inBuffer":true,"facType":"fire"}},{"type":"Feature","geometry":{"type":"Point","coordinates":[-71.00987,42.27036]},"properties":{"probability":0.595,"inBuffer":false,"facType":"fire"}},{"type":"Feature","geometry":{"type":"Point","coordinates":[-71.00381,42.27046]},"properties":{"probability":0.406,"inBuffer":false,"facType":"fire"}},{"type":"Feature","geometry":{"type":"Point","coordinates":[-70.99776,42.27057]},"properties":{"probability":0.382,"inBuffer":false,"facType":"police"}},{"type":"Feature","geometry":{"type":"Point","coordinates":[-70.9917,42.27067]},"properties":{"probability":0.349,"inBuffer":false,"facType":"police"}},{"type":"Feature","geometry":{"type":"Point","coordinates":[-70.9614,42.27119]},"properties":{"probability":0.282,"inBuffer":true,"facType":"fire"}},{"type":"Feature","geometry":{"type":"Point","coordinates":[-70.95534,42.2713]},"properties":{"probability":0.38,"inBuffer":true,"facType":"fire"}},{"type":"Feature","geometry":{"type":"Point","coordinates":[-71.21571,42.26206]},"properties":{"probability":0.365,"inBuffer":true,"facType":"police"}},{"type":"Feature","geometry":{"type":"Point","coordinates":[-71.20966,42.26218]},"properties":{"probability":0.394,"inBuffer":true,"facType":"police"}},{"type":"Feature","geometry":{"type":"Point","coordinates":[-71.2036,42.26229]},"properties":{"probability":0.394,"inBuffer":true,"facType":"police"}},{"type":"Feature","geometry":{"type":"Point","coordinates":[-71.19754,42.26241]},"properties":{"probability":0.367,"inBuffer":false,"facType":"police"}},{"type":"Feature","geometry":{"type":"Point","coordinates":[-71.19148,42.26252]},"properties":{"probability":0.333,"inBuffer":false,"facType":"water_works"}},{"type":"Feature","geometry":{"type":"Point","coordinates":[-71.18542,42.26264]},"properties":{"probability":0.378,"inBuffer":false,"facType":"water_works"}},{"type":"Feature","geometry":{"type":"Point","coordinates":[-71.17937,42.26276]},"properties":{"probability":0.434,"inBuffer":false,"facType":"water_works"}},{"type":"Feature","geometry":{"type":"Point","coordinates":[-71.17331,42.26287]},"properties":{"probability":0.7,"inBuffer":false,"facType":"fire"}},{"type":"Feature","geometry":{"type":"Point","coordinates":[-71.16725,42.26299]},"properties":{"probability":0.707,"inBuffer":false,"facType":"fire"}},{"type":"Feature","geometry":{"type":"Point","coordinates":[-71.16119,42.2631]},"properties":{"probability":0.584,"inBuffer":true,"facType":"fire"}},{"type":"Feature","geometry":{"type":"Point","coordinates":[-71.15514,42.26321]},"properties":{"probability":0.616,"inBuffer":true,"facType":"fire"}},{"type":"Feature","geometry":{"type":"Point","coordinates":[-71.14908,42.26333]},"properties":{"probability":0.492,"inBuffer":true,"facType":"fire"}},{"type":"Feature","geometry":{"type":"Point","coordinates":[-71.14302,42.26344]},"properties":{"probability":0.388,"inBuffer":false,"facType":"fire"}},{"type":"Feature","geometry":{"type":"Point","coordinates":[-71.13696,42.26355]},"properties":{"probability":0.337,"inBuffer":false,"facType":"police"}},{"type":"Feature","geometry":{"type":"Point","coordinates":[-71.13091,42.26367]},"properties":{"probability":0.412,"inBuffer":false,"facType":"police"}},{"type":"Feature","geometry":{"type":"Point","coordinates":[-71.12485,42.26378]},"properties":{"probability":0.64,"inBuffer":false,"facType":"police"}},{"type":"Feature","geometry":{"type":"Point","coordinates":[-71.11879,42.26389]},"properties":{"probability":0.659,"inBuffer":false,"facType":"police"}},{"type":"Feature","geometry":{"type":"Point","coordinates":[-71.11273,42.264]},"properties":{"probability":0.643,"inBuffer":false,"facType":"fire"}},{"type":"Feature","geometry":{"type":"Point","coordinates":[-71.10667,42.26411]},"properties":{"probability":0.668,"inBuffer":false,"facType":"fire"}},{"type":"Feature","geometry":{"type":"Point","coordinates":[-71.10062,42.26423]},"properties":{"probability":0.658,"inBuffer":false,"facType":"fire"}},{"type":"Feature","geometry":{"type":"Point","coordinates":[-71.09455,42.26434]},"properties":{"probability":0.639,"inBuffer":false,"facType":"fire"}},{"type":"Feature","geometry":{"type":"Point","coordinates":[-71.08849,42.26445]},"properties":{"probability":0.624,"inBuffer":false,"facType":"fire"}},{"type":"Feature","geometry":{"type":"Point","coordinates":[-71.08244,42.26456]},"properties":{"probability":0.437,"inBuffer":false,"facType":"fire"}},{"type":"Feature","geometry":{"type":"Point","coordinates":[-71.07638,42.26467]},"properties":{"probability":0.414,"inBuffer":false,"facType":"fire"}},{"type":"Feature","geometry":{"type":"Point","coordinates":[-71.07032,42.26478]},"properties":{"probability":0.441,"inBuffer":false,"facType":"fire"}},{"type":"Feature","geometry":{"type":"Point","coordinates":[-71.06426,42.26488]},"properties":{"probability":0.348,"inBuffer":false,"facType":"government"}},{"type":"Feature","geometry":{"type":"Point","coordinates":[-71.0582,42.265]},"properties":{"probability":0.323,"inBuffer":false,"facType":"fire"}},{"type":"Feature","geometry":{"type":"Point","coordinates":[-71.05215,42.2651]},"properties":{"probability":0.378,"inBuffer":false,"facType":"fire"}},{"type":"Feature","geometry":{"type":"Point","coordinates":[-71.04609,42.26521]},"properties":{"probability":0.517,"inBuffer":false,"facType":"fire"}},{"type":"Feature","geometry":{"type":"Point","coordinates":[-71.04002,42.26532]},"properties":{"probability":0.527,"inBuffer":false,"facType":"fire"}},{"type":"Feature","geometry":{"type":"Point","coordinates":[-71.03397,42.26543]},"properties":{"probability":0.432,"inBuffer":false,"facType":"fire"}},{"type":"Feature","geometry":{"type":"Point","coordinates":[-71.02791,42.26553]},"properties":{"probability":0.587,"inBuffer":true,"facType":"fire"}},{"type":"Feature","geometry":{"type":"Point","coordinates":[-71.02185,42.26564]},"properties":{"probability":0.728,"inBuffer":true,"facType":"fire"}},{"type":"Feature","geometry":{"type":"Point","coordinates":[-71.01579,42.26575]},"properties":{"probability":0.828,"inBuffer":true,"facType":"fire"}},{"type":"Feature","geometry":{"type":"Point","coordinates":[-71.00974,42.26585]},"properties":{"probability":0.705,"inBuffer":false,"facType":"fire"}},{"type":"Feature","geometry":{"type":"Point","coordinates":[-71.00368,42.26596]},"properties":{"probability":0.455,"inBuffer":false,"facType":"police"}},{"type":"Feature","geometry":{"type":"Point","coordinates":[-70.99761,42.26607]},"properties":{"probability":0.557,"inBuffer":false,"facType":"police"}},{"type":"Feature","geometry":{"type":"Point","coordinates":[-70.99155,42.26617]},"properties":{"probability":0.433,"inBuffer":false,"facType":"police"}},{"type":"Feature","geometry":{"type":"Point","coordinates":[-70.9855,42.26628]},"properties":{"probability":0.371,"inBuffer":false,"facType":"police"}},{"type":"Feature","geometry":{"type":"Point","coordinates":[-70.97944,42.26638]},"properties":{"probability":0.37,"inBuffer":false,"facType":"substation"}},{"type":"Feature","geometry":{"type":"Point","coordinates":[-70.97338,42.26649]},"properties":{"probability":0.293,"inBuffer":false,"facType":"fire"}},{"type":"Feature","geometry":{"type":"Point","coordinates":[-70.96732,42.26659]},"properties":{"probability":0.303,"inBuffer":false,"facType":"fire"}},{"type":"Feature","geometry":{"type":"Point","coordinates":[-70.96126,42.26669]},"properties":{"probability":0.376,"inBuffer":true,"facType":"fire"}},{"type":"Feature","geometry":{"type":"Point","coordinates":[-70.9552,42.2668]},"properties":{"probability":0.521,"inBuffer":true,"facType":"fire"}},{"type":"Feature","geometry":{"type":"Point","coordinates":[-70.94914,42.2669]},"properties":{"probability":0.353,"inBuffer":true,"facType":"fire"}},{"type":"Feature","geometry":{"type":"Point","coordinates":[-71.21556,42.25756]},"properties":{"probability":0.318,"inBuffer":true,"facType":"police"}},{"type":"Feature","geometry":{"type":"Point","coordinates":[-71.2095,42.25768]},"properties":{"probability":0.325,"inBuffer":true,"facType":"police"}},{"type":"Feature","geometry":{"type":"Point","coordinates":[-71.19133,42.25803]},"properties":{"probability":0.356,"inBuffer":false,"facType":"water_works"}},{"type":"Feature","geometry":{"type":"Point","coordinates":[-71.17921,42.25826]},"properties":{"probability":0.356,"inBuffer":false,"facType":"water_works"}},{"type":"Feature","geometry":{"type":"Point","coordinates":[-71.17316,42.25837]},"properties":{"probability":0.5,"inBuffer":false,"facType":"fire"}},{"type":"Feature","geometry":{"type":"Point","coordinates":[-71.1671,42.25848]},"properties":{"probability":0.644,"inBuffer":true,"facType":"fire"}},{"type":"Feature","geometry":{"type":"Point","coordinates":[-71.16104,42.2586]},"properties":{"probability":0.623,"inBuffer":true,"facType":"fire"}},{"type":"Feature","geometry":{"type":"Point","coordinates":[-71.15498,42.25871]},"properties":{"probability":0.6,"inBuffer":true,"facType":"fire"}},{"type":"Feature","geometry":{"type":"Point","coordinates":[-71.14893,42.25883]},"properties":{"probability":0.545,"inBuffer":false,"facType":"fire"}},{"type":"Feature","geometry":{"type":"Point","coordinates":[-71.14287,42.25894]},"properties":{"probability":0.427,"inBuffer":false,"facType":"fire"}},{"type":"Feature","geometry":{"type":"Point","coordinates":[-71.13681,42.25905]},"properties":{"probability":0.32,"inBuffer":false,"facType":"police"}},{"type":"Feature","geometry":{"type":"Point","coordinates":[-71.13075,42.25917]},"properties":{"probability":0.59,"inBuffer":true,"facType":"police"}},{"type":"Feature","geometry":{"type":"Point","coordinates":[-71.12469,42.25928]},"properties":{"probability":0.687,"inBuffer":true,"facType":"police"}},{"type":"Feature","geometry":{"type":"Point","coordinates":[-71.11864,42.25939]},"properties":{"probability":0.684,"inBuffer":true,"facType":"fire"}},{"type":"Feature","geometry":{"type":"Point","coordinates":[-71.11258,42.2595]},"properties":{"probability":0.652,"inBuffer":false,"facType":"fire"}},{"type":"Feature","geometry":{"type":"Point","coordinates":[-71.10652,42.25961]},"properties":{"probability":0.649,"inBuffer":false,"facType":"fire"}},{"type":"Feature","geometry":{"type":"Point","coordinates":[-71.10046,42.25972]},"properties":{"probability":0.618,"inBuffer":false,"facType":"fire"}},{"type":"Feature","geometry":{"type":"Point","coordinates":[-71.09441,42.25983]},"properties":{"probability":0.579,"inBuffer":false,"facType":"fire"}},{"type":"Feature","geometry":{"type":"Point","coordinates":[-71.08835,42.25994]},"properties":{"probability":0.563,"inBuffer":false,"facType":"fire"}},{"type":"Feature","geometry":{"type":"Point","coordinates":[-71.08229,42.26006]},"properties":{"probability":0.421,"inBuffer":true,"facType":"fire"}},{"type":"Feature","geometry":{"type":"Point","coordinates":[-71.07623,42.26017]},"properties":{"probability":0.505,"inBuffer":true,"facType":"fire"}},{"type":"Feature","geometry":{"type":"Point","coordinates":[-71.07018,42.26028]},"properties":{"probability":0.481,"inBuffer":false,"facType":"government"}},{"type":"Feature","geometry":{"type":"Point","coordinates":[-71.06412,42.26038]},"properties":{"probability":0.431,"inBuffer":false,"facType":"hospital"}},{"type":"Feature","geometry":{"type":"Point","coordinates":[-71.05806,42.26049]},"properties":{"probability":0.396,"inBuffer":false,"facType":"fire"}},{"type":"Feature","geometry":{"type":"Point","coordinates":[-71.052,42.2606]},"properties":{"probability":0.419,"inBuffer":false,"facType":"fire"}},{"type":"Feature","geometry":{"type":"Point","coordinates":[-71.04594,42.26071]},"properties":{"probability":0.583,"inBuffer":true,"facType":"fire"}},{"type":"Feature","geometry":{"type":"Point","coordinates":[-71.03988,42.26082]},"properties":{"probability":0.621,"inBuffer":true,"facType":"fire"}},{"type":"Feature","geometry":{"type":"Point","coordinates":[-71.03382,42.26093]},"properties":{"probability":0.572,"inBuffer":true,"facType":"fire"}},{"type":"Feature","geometry":{"type":"Point","coordinates":[-71.02776,42.26104]},"properties":{"probability":0.518,"inBuffer":false,"facType":"fire"}},{"type":"Feature","geometry":{"type":"Point","coordinates":[-71.02171,42.26114]},"properties":{"probability":0.577,"inBuffer":true,"facType":"fire"}},{"type":"Feature","geometry":{"type":"Point","coordinates":[-71.01565,42.26125]},"properties":{"probability":0.718,"inBuffer":true,"facType":"fire"}},{"type":"Feature","geometry":{"type":"Point","coordinates":[-71.00959,42.26135]},"properties":{"probability":0.806,"inBuffer":false,"facType":"fire"}},{"type":"Feature","geometry":{"type":"Point","coordinates":[-71.00353,42.26146]},"properties":{"probability":0.58,"inBuffer":false,"facType":"police"}},{"type":"Feature","geometry":{"type":"Point","coordinates":[-70.99747,42.26157]},"properties":{"probability":0.669,"inBuffer":true,"facType":"police"}},{"type":"Feature","geometry":{"type":"Point","coordinates":[-70.99142,42.26167]},"properties":{"probability":0.605,"inBuffer":true,"facType":"police"}},{"type":"Feature","geometry":{"type":"Point","coordinates":[-70.98536,42.26178]},"properties":{"probability":0.441,"inBuffer":false,"facType":"substation"}},{"type":"Feature","geometry":{"type":"Point","coordinates":[-70.97929,42.26188]},"properties":{"probability":0.456,"inBuffer":false,"facType":"substation"}},{"type":"Feature","geometry":{"type":"Point","coordinates":[-70.97324,42.26199]},"properties":{"probability":0.379,"inBuffer":false,"facType":"fire"}},{"type":"Feature","geometry":{"type":"Point","coordinates":[-70.96718,42.26209]},"properties":{"probability":0.314,"inBuffer":false,"facType":"fire"}},{"type":"Feature","geometry":{"type":"Point","coordinates":[-70.96112,42.26219]},"properties":{"probability":0.377,"inBuffer":true,"facType":"fire"}},{"type":"Feature","geometry":{"type":"Point","coordinates":[-70.95506,42.2623]},"properties":{"probability":0.333,"inBuffer":true,"facType":"fire"}},{"type":"Feature","geometry":{"type":"Point","coordinates":[-71.17906,42.25375]},"properties":{"probability":0.603,"inBuffer":true,"facType":"water_works"}},{"type":"Feature","geometry":{"type":"Point","coordinates":[-71.173,42.25387]},"properties":{"probability":0.654,"inBuffer":true,"facType":"hospital"}},{"type":"Feature","geometry":{"type":"Point","coordinates":[-71.16695,42.25399]},"properties":{"probability":0.659,"inBuffer":true,"facType":"fire"}},{"type":"Feature","geometry":{"type":"Point","coordinates":[-71.16089,42.2541]},"properties":{"probability":0.47,"inBuffer":true,"facType":"fire"}},{"type":"Feature","geometry":{"type":"Point","coordinates":[-71.15483,42.25422]},"properties":{"probability":0.544,"inBuffer":true,"facType":"fire"}},{"type":"Feature","geometry":{"type":"Point","coordinates":[-71.14877,42.25433]},"properties":{"probability":0.542,"inBuffer":false,"facType":"fire"}},{"type":"Feature","geometry":{"type":"Point","coordinates":[-71.14272,42.25444]},"properties":{"probability":0.537,"inBuffer":false,"facType":"fire"}},{"type":"Feature","geometry":{"type":"Point","coordinates":[-71.13666,42.25455]},"properties":{"probability":0.54,"inBuffer":false,"facType":"police"}},{"type":"Feature","geometry":{"type":"Point","coordinates":[-71.1306,42.25467]},"properties":{"probability":0.632,"inBuffer":true,"facType":"police"}},{"type":"Feature","geometry":{"type":"Point","coordinates":[-71.12454,42.25478]},"properties":{"probability":0.734,"inBuffer":true,"facType":"police"}},{"type":"Feature","geometry":{"type":"Point","coordinates":[-71.11848,42.25489]},"properties":{"probability":0.702,"inBuffer":true,"facType":"fire"}},{"type":"Feature","geometry":{"type":"Point","coordinates":[-71.11243,42.255]},"properties":{"probability":0.561,"inBuffer":true,"facType":"fire"}},{"type":"Feature","geometry":{"type":"Point","coordinates":[-71.10637,42.25512]},"properties":{"probability":0.55,"inBuffer":false,"facType":"fire"}},{"type":"Feature","geometry":{"type":"Point","coordinates":[-71.10031,42.25523]},"properties":{"probability":0.403,"inBuffer":false,"facType":"fire"}},{"type":"Feature","geometry":{"type":"Point","coordinates":[-71.09425,42.25534]},"properties":{"probability":0.548,"inBuffer":false,"facType":"fire"}},{"type":"Feature","geometry":{"type":"Point","coordinates":[-71.0882,42.25545]},"properties":{"probability":0.542,"inBuffer":true,"facType":"fire"}},{"type":"Feature","geometry":{"type":"Point","coordinates":[-71.08214,42.25556]},"properties":{"probability":0.538,"inBuffer":true,"facType":"fire"}},{"type":"Feature","geometry":{"type":"Point","coordinates":[-71.07608,42.25566]},"properties":{"probability":0.57,"inBuffer":true,"facType":"government"}},{"type":"Feature","geometry":{"type":"Point","coordinates":[-71.07002,42.25578]},"properties":{"probability":0.544,"inBuffer":false,"facType":"hospital"}},{"type":"Feature","geometry":{"type":"Point","coordinates":[-71.06396,42.25589]},"properties":{"probability":0.365,"inBuffer":false,"facType":"hospital"}},{"type":"Feature","geometry":{"type":"Point","coordinates":[-71.05791,42.25599]},"properties":{"probability":0.415,"inBuffer":false,"facType":"fire"}},{"type":"Feature","geometry":{"type":"Point","coordinates":[-71.05185,42.2561]},"properties":{"probability":0.434,"inBuffer":false,"facType":"fire"}},{"type":"Feature","geometry":{"type":"Point","coordinates":[-71.04579,42.25621]},"properties":{"probability":0.614,"inBuffer":true,"facType":"fire"}},{"type":"Feature","geometry":{"type":"Point","coordinates":[-71.03973,42.25632]},"properties":{"probability":0.647,"inBuffer":true,"facType":"fire"}},{"type":"Feature","geometry":{"type":"Point","coordinates":[-71.03368,42.25643]},"properties":{"probability":0.647,"inBuffer":true,"facType":"fire"}},{"type":"Feature","geometry":{"type":"Point","coordinates":[-71.02762,42.25653]},"properties":{"probability":0.633,"inBuffer":false,"facType":"fire"}},{"type":"Feature","geometry":{"type":"Point","coordinates":[-71.02156,42.25664]},"properties":{"probability":0.556,"inBuffer":false,"facType":"fire"}},{"type":"Feature","geometry":{"type":"Point","coordinates":[-71.0155,42.25675]},"properties":{"probability":0.645,"inBuffer":false,"facType":"fire"}},{"type":"Feature","geometry":{"type":"Point","coordinates":[-71.00945,42.25686]},"properties":{"probability":0.69,"inBuffer":false,"facType":"government"}},{"type":"Feature","geometry":{"type":"Point","coordinates":[-71.00339,42.25696]},"properties":{"probability":0.74,"inBuffer":true,"facType":"government"}},{"type":"Feature","geometry":{"type":"Point","coordinates":[-70.99733,42.25706]},"properties":{"probability":0.798,"inBuffer":true,"facType":"police"}},{"type":"Feature","geometry":{"type":"Point","coordinates":[-70.99127,42.25717]},"properties":{"probability":0.751,"inBuffer":true,"facType":"substation"}},{"type":"Feature","geometry":{"type":"Point","coordinates":[-70.98521,42.25727]},"properties":{"probability":0.737,"inBuffer":false,"facType":"substation"}},{"type":"Feature","geometry":{"type":"Point","coordinates":[-70.97916,42.25738]},"properties":{"probability":0.42,"inBuffer":false,"facType":"substation"}},{"type":"Feature","geometry":{"type":"Point","coordinates":[-70.9731,42.25748]},"properties":{"probability":0.38,"inBuffer":false,"facType":"fire"}},{"type":"Feature","geometry":{"type":"Point","coordinates":[-70.96704,42.25759]},"properties":{"probability":0.38,"inBuffer":true,"facType":"fire"}},{"type":"Feature","geometry":{"type":"Point","coordinates":[-70.96098,42.25769]},"properties":{"probability":0.348,"inBuffer":true,"facType":"fire"}},{"type":"Feature","geometry":{"type":"Point","coordinates":[-70.95493,42.2578]},"properties":{"probability":0.379,"inBuffer":true,"facType":"fire"}},{"type":"Feature","geometry":{"type":"Point","coordinates":[-70.93069,42.25821]},"properties":{"probability":0.324,"inBuffer":false,"facType":"government"}},{"type":"Feature","geometry":{"type":"Point","coordinates":[-70.92463,42.25831]},"properties":{"probability":0.597,"inBuffer":true,"facType":"police"}},{"type":"Feature","geometry":{"type":"Point","coordinates":[-71.18496,42.24914]},"properties":{"probability":0.319,"inBuffer":false,"facType":"water_works"}},{"type":"Feature","geometry":{"type":"Point","coordinates":[-71.1789,42.24926]},"properties":{"probability":0.638,"inBuffer":true,"facType":"government"}},{"type":"Feature","geometry":{"type":"Point","coordinates":[-71.17285,42.24937]},"properties":{"probability":0.679,"inBuffer":true,"facType":"government"}},{"type":"Feature","geometry":{"type":"Point","coordinates":[-71.16679,42.24949]},"properties":{"probability":0.644,"inBuffer":true,"facType":"hospital"}},{"type":"Feature","geometry":{"type":"Point","coordinates":[-71.16074,42.2496]},"properties":{"probability":0.532,"inBuffer":true,"facType":"fire"}},{"type":"Feature","geometry":{"type":"Point","coordinates":[-71.15468,42.24971]},"properties":{"probability":0.619,"inBuffer":true,"facType":"fire"}},{"type":"Feature","geometry":{"type":"Point","coordinates":[-71.14862,42.24983]},"properties":{"probability":0.494,"inBuffer":true,"facType":"fire"}},{"type":"Feature","geometry":{"type":"Point","coordinates":[-71.14256,42.24994]},"properties":{"probability":0.541,"inBuffer":false,"facType":"fire"}},{"type":"Feature","geometry":{"type":"Point","coordinates":[-71.13651,42.25005]},"properties":{"probability":0.623,"inBuffer":false,"facType":"police"}},{"type":"Feature","geometry":{"type":"Point","coordinates":[-71.13045,42.25017]},"properties":{"probability":0.679,"inBuffer":false,"facType":"police"}},{"type":"Feature","geometry":{"type":"Point","coordinates":[-71.12439,42.25028]},"properties":{"probability":0.723,"inBuffer":true,"facType":"fire"}},{"type":"Feature","geometry":{"type":"Point","coordinates":[-71.11834,42.25039]},"properties":{"probability":0.69,"inBuffer":true,"facType":"fire"}},{"type":"Feature","geometry":{"type":"Point","coordinates":[-71.11228,42.2505]},"properties":{"probability":0.42,"inBuffer":false,"facType":"fire"}},{"type":"Feature","geometry":{"type":"Point","coordinates":[-71.10622,42.25061]},"properties":{"probability":0.374,"inBuffer":false,"facType":"fire"}},{"type":"Feature","geometry":{"type":"Point","coordinates":[-71.10017,42.25072]},"properties":{"probability":0.373,"inBuffer":false,"facType":"fire"}},{"type":"Feature","geometry":{"type":"Point","coordinates":[-71.09411,42.25084]},"properties":{"probability":0.49,"inBuffer":false,"facType":"fire"}},{"type":"Feature","geometry":{"type":"Point","coordinates":[-71.08805,42.25095]},"properties":{"probability":0.524,"inBuffer":true,"facType":"police"}},{"type":"Feature","geometry":{"type":"Point","coordinates":[-71.08199,42.25106]},"properties":{"probability":0.56,"inBuffer":true,"facType":"police"}},{"type":"Feature","geometry":{"type":"Point","coordinates":[-71.07594,42.25117]},"properties":{"probability":0.563,"inBuffer":true,"facType":"hospital"}},{"type":"Feature","geometry":{"type":"Point","coordinates":[-71.06988,42.25127]},"properties":{"probability":0.459,"inBuffer":true,"facType":"hospital"}},{"type":"Feature","geometry":{"type":"Point","coordinates":[-71.06382,42.25138]},"properties":{"probability":0.388,"inBuffer":false,"facType":"hospital"}},{"type":"Feature","geometry":{"type":"Point","coordinates":[-71.05776,42.2515]},"properties":{"probability":0.406,"inBuffer":false,"facType":"fire"}},{"type":"Feature","geometry":{"type":"Point","coordinates":[-71.0517,42.2516]},"properties":{"probability":0.431,"inBuffer":false,"facType":"fire"}},{"type":"Feature","geometry":{"type":"Point","coordinates":[-71.04565,42.25171]},"properties":{"probability":0.457,"inBuffer":false,"facType":"fire"}},{"type":"Feature","geometry":{"type":"Point","coordinates":[-71.03959,42.25182]},"properties":{"probability":0.609,"inBuffer":true,"facType":"fire"}},{"type":"Feature","geometry":{"type":"Point","coordinates":[-71.03353,42.25193]},"properties":{"probability":0.683,"inBuffer":false,"facType":"fire"}},{"type":"Feature","geometry":{"type":"Point","coordinates":[-71.02747,42.25203]},"properties":{"probability":0.649,"inBuffer":false,"facType":"fire"}},{"type":"Feature","geometry":{"type":"Point","coordinates":[-71.02142,42.25214]},"properties":{"probability":0.616,"inBuffer":false,"facType":"fire"}},{"type":"Feature","geometry":{"type":"Point","coordinates":[-71.01536,42.25225]},"properties":{"probability":0.624,"inBuffer":false,"facType":"government"}},{"type":"Feature","geometry":{"type":"Point","coordinates":[-71.0093,42.25235]},"properties":{"probability":0.726,"inBuffer":false,"facType":"government"}},{"type":"Feature","geometry":{"type":"Point","coordinates":[-71.00325,42.25246]},"properties":{"probability":0.82,"inBuffer":false,"facType":"government"}},{"type":"Feature","geometry":{"type":"Point","coordinates":[-70.99719,42.25256]},"properties":{"probability":0.823,"inBuffer":true,"facType":"government"}},{"type":"Feature","geometry":{"type":"Point","coordinates":[-70.99113,42.25267]},"properties":{"probability":0.809,"inBuffer":true,"facType":"substation"}},{"type":"Feature","geometry":{"type":"Point","coordinates":[-70.98508,42.25278]},"properties":{"probability":0.733,"inBuffer":false,"facType":"substation"}},{"type":"Feature","geometry":{"type":"Point","coordinates":[-70.97902,42.25288]},"properties":{"probability":0.513,"inBuffer":false,"facType":"fire"}},{"type":"Feature","geometry":{"type":"Point","coordinates":[-70.97296,42.25298]},"properties":{"probability":0.519,"inBuffer":false,"facType":"fire"}},{"type":"Feature","geometry":{"type":"Point","coordinates":[-70.9669,42.25309]},"properties":{"probability":0.512,"inBuffer":true,"facType":"fire"}},{"type":"Feature","geometry":{"type":"Point","coordinates":[-70.96084,42.25319]},"properties":{"probability":0.525,"inBuffer":true,"facType":"fire"}},{"type":"Feature","geometry":{"type":"Point","coordinates":[-70.95478,42.2533]},"properties":{"probability":0.407,"inBuffer":true,"facType":"fire"}},{"type":"Feature","geometry":{"type":"Point","coordinates":[-70.94872,42.2534]},"properties":{"probability":0.303,"inBuffer":false,"facType":"fire"}},{"type":"Feature","geometry":{"type":"Point","coordinates":[-70.94267,42.2535]},"properties":{"probability":0.369,"inBuffer":false,"facType":"fire"}},{"type":"Feature","geometry":{"type":"Point","coordinates":[-70.93661,42.2536]},"properties":{"probability":0.32,"inBuffer":false,"facType":"fire"}},{"type":"Feature","geometry":{"type":"Point","coordinates":[-70.93055,42.25371]},"properties":{"probability":0.429,"inBuffer":false,"facType":"government"}},{"type":"Feature","geometry":{"type":"Point","coordinates":[-70.92449,42.25381]},"properties":{"probability":0.779,"inBuffer":true,"facType":"government"}},{"type":"Feature","geometry":{"type":"Point","coordinates":[-70.91843,42.25391]},"properties":{"probability":0.74,"inBuffer":true,"facType":"police"}},{"type":"Feature","geometry":{"type":"Point","coordinates":[-70.91238,42.25401]},"properties":{"probability":0.586,"inBuffer":true,"facType":"police"}},{"type":"Feature","geometry":{"type":"Point","coordinates":[-70.90632,42.25411]},"properties":{"probability":0.398,"inBuffer":false,"facType":"police"}},{"type":"Feature","geometry":{"type":"Point","coordinates":[-71.20903,42.24417]},"properties":{"probability":0.362,"inBuffer":false,"facType":"police"}},{"type":"Feature","geometry":{"type":"Point","coordinates":[-71.18481,42.24464]},"properties":{"probability":0.348,"inBuffer":false,"facType":"government"}},{"type":"Feature","geometry":{"type":"Point","coordinates":[-71.17875,42.24475]},"properties":{"probability":0.609,"inBuffer":true,"facType":"government"}},{"type":"Feature","geometry":{"type":"Point","coordinates":[-71.17269,42.24487]},"properties":{"probability":0.64,"inBuffer":true,"facType":"government"}},{"type":"Feature","geometry":{"type":"Point","coordinates":[-71.16663,42.24498]},"properties":{"probability":0.542,"inBuffer":true,"facType":"fire"}},{"type":"Feature","geometry":{"type":"Point","coordinates":[-71.16058,42.2451]},"properties":{"probability":0.54,"inBuffer":true,"facType":"fire"}},{"type":"Feature","geometry":{"type":"Point","coordinates":[-71.15453,42.24521]},"properties":{"probability":0.567,"inBuffer":true,"facType":"fire"}},{"type":"Feature","geometry":{"type":"Point","coordinates":[-71.14847,42.24533]},"properties":{"probability":0.653,"inBuffer":true,"facType":"fire"}},{"type":"Feature","geometry":{"type":"Point","coordinates":[-71.14241,42.24544]},"properties":{"probability":0.647,"inBuffer":false,"facType":"fire"}},{"type":"Feature","geometry":{"type":"Point","coordinates":[-71.13635,42.24555]},"properties":{"probability":0.695,"inBuffer":false,"facType":"substation"}},{"type":"Feature","geometry":{"type":"Point","coordinates":[-71.13029,42.24567]},"properties":{"probability":0.781,"inBuffer":false,"facType":"fire"}},{"type":"Feature","geometry":{"type":"Point","coordinates":[-71.12424,42.24578]},"properties":{"probability":0.63,"inBuffer":false,"facType":"fire"}},{"type":"Feature","geometry":{"type":"Point","coordinates":[-71.11819,42.24589]},"properties":{"probability":0.625,"inBuffer":false,"facType":"fire"}},{"type":"Feature","geometry":{"type":"Point","coordinates":[-71.11213,42.246]},"properties":{"probability":0.384,"inBuffer":false,"facType":"fire"}},{"type":"Feature","geometry":{"type":"Point","coordinates":[-71.10607,42.24611]},"properties":{"probability":0.36,"inBuffer":false,"facType":"fire"}},{"type":"Feature","geometry":{"type":"Point","coordinates":[-71.10001,42.24622]},"properties":{"probability":0.351,"inBuffer":false,"facType":"fire"}},{"type":"Feature","geometry":{"type":"Point","coordinates":[-71.09396,42.24633]},"properties":{"probability":0.465,"inBuffer":false,"facType":"police"}},{"type":"Feature","geometry":{"type":"Point","coordinates":[-71.0879,42.24644]},"properties":{"probability":0.455,"inBuffer":false,"facType":"police"}},{"type":"Feature","geometry":{"type":"Point","coordinates":[-71.08185,42.24656]},"properties":{"probability":0.418,"inBuffer":true,"facType":"hospital"}},{"type":"Feature","geometry":{"type":"Point","coordinates":[-71.07579,42.24667]},"properties":{"probability":0.444,"inBuffer":true,"facType":"hospital"}},{"type":"Feature","geometry":{"type":"Point","coordinates":[-71.06973,42.24678]},"properties":{"probability":0.437,"inBuffer":false,"facType":"hospital"}},{"type":"Feature","geometry":{"type":"Point","coordinates":[-71.06367,42.24688]},"properties":{"probability":0.373,"inBuffer":false,"facType":"hospital"}},{"type":"Feature","geometry":{"type":"Point","coordinates":[-71.05762,42.24699]},"properties":{"probability":0.36,"inBuffer":false,"facType":"hospital"}},{"type":"Feature","geometry":{"type":"Point","coordinates":[-71.05156,42.2471]},"properties":{"probability":0.417,"inBuffer":false,"facType":"fire"}},{"type":"Feature","geometry":{"type":"Point","coordinates":[-71.0455,42.24721]},"properties":{"probability":0.546,"inBuffer":false,"facType":"fire"}},{"type":"Feature","geometry":{"type":"Point","coordinates":[-71.03944,42.24732]},"properties":{"probability":0.616,"inBuffer":false,"facType":"fire"}},{"type":"Feature","geometry":{"type":"Point","coordinates":[-71.03339,42.24743]},"properties":{"probability":0.68,"inBuffer":false,"facType":"fire"}},{"type":"Feature","geometry":{"type":"Point","coordinates":[-71.02734,42.24753]},"properties":{"probability":0.663,"inBuffer":true,"facType":"fire"}},{"type":"Feature","geometry":{"type":"Point","coordinates":[-71.02128,42.24764]},"properties":{"probability":0.65,"inBuffer":true,"facType":"fire"}},{"type":"Feature","geometry":{"type":"Point","coordinates":[-71.01522,42.24775]},"properties":{"probability":0.631,"inBuffer":false,"facType":"fire"}},{"type":"Feature","geometry":{"type":"Point","coordinates":[-71.00916,42.24785]},"properties":{"probability":0.765,"inBuffer":false,"facType":"government"}},{"type":"Feature","geometry":{"type":"Point","coordinates":[-71.00311,42.24796]},"properties":{"probability":0.85,"inBuffer":true,"facType":"government"}},{"type":"Feature","geometry":{"type":"Point","coordinates":[-70.99705,42.24807]},"properties":{"probability":0.826,"inBuffer":true,"facType":"government"}},{"type":"Feature","geometry":{"type":"Point","coordinates":[-70.99099,42.24817]},"properties":{"probability":0.759,"inBuffer":true,"facType":"substation"}},{"type":"Feature","geometry":{"type":"Point","coordinates":[-70.98493,42.24828]},"properties":{"probability":0.709,"inBuffer":true,"facType":"fire"}},{"type":"Feature","geometry":{"type":"Point","coordinates":[-70.97887,42.24838]},"properties":{"probability":0.666,"inBuffer":true,"facType":"fire"}},{"type":"Feature","geometry":{"type":"Point","coordinates":[-70.97282,42.24849]},"properties":{"probability":0.626,"inBuffer":true,"facType":"fire"}},{"type":"Feature","geometry":{"type":"Point","coordinates":[-70.96676,42.24859]},"properties":{"probability":0.696,"inBuffer":true,"facType":"fire"}},{"type":"Feature","geometry":{"type":"Point","coordinates":[-70.9607,42.24869]},"properties":{"probability":0.577,"inBuffer":true,"facType":"fire"}},{"type":"Feature","geometry":{"type":"Point","coordinates":[-70.95464,42.24879]},"properties":{"probability":0.454,"inBuffer":true,"facType":"fire"}},{"type":"Feature","geometry":{"type":"Point","coordinates":[-70.94859,42.2489]},"properties":{"probability":0.44,"inBuffer":true,"facType":"fire"}},{"type":"Feature","geometry":{"type":"Point","coordinates":[-70.94253,42.249]},"properties":{"probability":0.59,"inBuffer":true,"facType":"fire"}},{"type":"Feature","geometry":{"type":"Point","coordinates":[-70.93647,42.2491]},"properties":{"probability":0.566,"inBuffer":false,"facType":"fire"}},{"type":"Feature","geometry":{"type":"Point","coordinates":[-70.93041,42.24921]},"properties":{"probability":0.622,"inBuffer":false,"facType":"government"}},{"type":"Feature","geometry":{"type":"Point","coordinates":[-70.92435,42.24931]},"properties":{"probability":0.793,"inBuffer":true,"facType":"government"}},{"type":"Feature","geometry":{"type":"Point","coordinates":[-70.9183,42.24941]},"properties":{"probability":0.76,"inBuffer":true,"facType":"government"}},{"type":"Feature","geometry":{"type":"Point","coordinates":[-70.91224,42.24951]},"properties":{"probability":0.547,"inBuffer":true,"facType":"police"}},{"type":"Feature","geometry":{"type":"Point","coordinates":[-70.90618,42.24961]},"properties":{"probability":0.437,"inBuffer":false,"facType":"police"}},{"type":"Feature","geometry":{"type":"Point","coordinates":[-70.90012,42.24971]},"properties":{"probability":0.399,"inBuffer":false,"facType":"fire"}},{"type":"Feature","geometry":{"type":"Point","coordinates":[-70.89407,42.24981]},"properties":{"probability":0.378,"inBuffer":false,"facType":"fire"}},{"type":"Feature","geometry":{"type":"Point","coordinates":[-70.88801,42.24991]},"properties":{"probability":0.39,"inBuffer":false,"facType":"fire"}},{"type":"Feature","geometry":{"type":"Point","coordinates":[-71.21493,42.23956]},"properties":{"probability":0.303,"inBuffer":false,"facType":"government"}},{"type":"Feature","geometry":{"type":"Point","coordinates":[-71.20887,42.23968]},"properties":{"probability":0.395,"inBuffer":false,"facType":"government"}},{"type":"Feature","geometry":{"type":"Point","coordinates":[-71.1907,42.24002]},"properties":{"probability":0.317,"inBuffer":false,"facType":"government"}},{"type":"Feature","geometry":{"type":"Point","coordinates":[-71.18465,42.24014]},"properties":{"probability":0.369,"inBuffer":false,"facType":"government"}},{"type":"Feature","geometry":{"type":"Point","coordinates":[-71.1786,42.24026]},"properties":{"probability":0.611,"inBuffer":false,"facType":"government"}},{"type":"Feature","geometry":{"type":"Point","coordinates":[-71.17254,42.24037]},"properties":{"probability":0.54,"inBuffer":true,"facType":"government"}},{"type":"Feature","geometry":{"type":"Point","coordinates":[-71.16648,42.24049]},"properties":{"probability":0.371,"inBuffer":false,"facType":"government"}},{"type":"Feature","geometry":{"type":"Point","coordinates":[-71.16043,42.2406]},"properties":{"probability":0.359,"inBuffer":false,"facType":"fire"}},{"type":"Feature","geometry":{"type":"Point","coordinates":[-71.15437,42.24072]},"properties":{"probability":0.421,"inBuffer":false,"facType":"fire"}},{"type":"Feature","geometry":{"type":"Point","coordinates":[-71.14832,42.24083]},"properties":{"probability":0.612,"inBuffer":false,"facType":"fire"}},{"type":"Feature","geometry":{"type":"Point","coordinates":[-71.14226,42.24094]},"properties":{"probability":0.681,"inBuffer":false,"facType":"substation"}},{"type":"Feature","geometry":{"type":"Point","coordinates":[-71.1362,42.24105]},"properties":{"probability":0.741,"inBuffer":true,"facType":"substation"}},{"type":"Feature","geometry":{"type":"Point","coordinates":[-71.13015,42.24117]},"properties":{"probability":0.77,"inBuffer":true,"facType":"fire"}},{"type":"Feature","geometry":{"type":"Point","coordinates":[-71.12409,42.24128]},"properties":{"probability":0.618,"inBuffer":false,"facType":"fire"}},{"type":"Feature","geometry":{"type":"Point","coordinates":[-71.11803,42.24139]},"properties":{"probability":0.582,"inBuffer":false,"facType":"fire"}},{"type":"Feature","geometry":{"type":"Point","coordinates":[-71.11198,42.2415]},"properties":{"probability":0.495,"inBuffer":true,"facType":"fire"}},{"type":"Feature","geometry":{"type":"Point","coordinates":[-71.10592,42.24162]},"properties":{"probability":0.402,"inBuffer":true,"facType":"fire"}},{"type":"Feature","geometry":{"type":"Point","coordinates":[-71.09987,42.24173]},"properties":{"probability":0.408,"inBuffer":false,"facType":"fire"}},{"type":"Feature","geometry":{"type":"Point","coordinates":[-71.09381,42.24184]},"properties":{"probability":0.398,"inBuffer":false,"facType":"fire"}},{"type":"Feature","geometry":{"type":"Point","coordinates":[-71.08775,42.24195]},"properties":{"probability":0.384,"inBuffer":false,"facType":"police"}},{"type":"Feature","geometry":{"type":"Point","coordinates":[-71.0817,42.24206]},"properties":{"probability":0.366,"inBuffer":false,"facType":"hospital"}},{"type":"Feature","geometry":{"type":"Point","coordinates":[-71.07564,42.24216]},"properties":{"probability":0.364,"inBuffer":false,"facType":"hospital"}},{"type":"Feature","geometry":{"type":"Point","coordinates":[-71.06959,42.24228]},"properties":{"probability":0.394,"inBuffer":false,"facType":"hospital"}},{"type":"Feature","geometry":{"type":"Point","coordinates":[-71.06353,42.24239]},"properties":{"probability":0.379,"inBuffer":false,"facType":"hospital"}},{"type":"Feature","geometry":{"type":"Point","coordinates":[-71.05747,42.24249]},"properties":{"probability":0.337,"inBuffer":false,"facType":"hospital"}},{"type":"Feature","geometry":{"type":"Point","coordinates":[-71.05141,42.2426]},"properties":{"probability":0.55,"inBuffer":false,"facType":"fire"}},{"type":"Feature","geometry":{"type":"Point","coordinates":[-71.04536,42.24271]},"properties":{"probability":0.641,"inBuffer":false,"facType":"fire"}},{"type":"Feature","geometry":{"type":"Point","coordinates":[-71.0393,42.24282]},"properties":{"probability":0.645,"inBuffer":false,"facType":"fire"}},{"type":"Feature","geometry":{"type":"Point","coordinates":[-71.03325,42.24293]},"properties":{"probability":0.681,"inBuffer":false,"facType":"fire"}},{"type":"Feature","geometry":{"type":"Point","coordinates":[-71.02719,42.24303]},"properties":{"probability":0.681,"inBuffer":true,"facType":"fire"}},{"type":"Feature","geometry":{"type":"Point","coordinates":[-71.02113,42.24314]},"properties":{"probability":0.682,"inBuffer":true,"facType":"fire"}},{"type":"Feature","geometry":{"type":"Point","coordinates":[-71.01508,42.24325]},"properties":{"probability":0.654,"inBuffer":true,"facType":"fire"}},{"type":"Feature","geometry":{"type":"Point","coordinates":[-71.00902,42.24335]},"properties":{"probability":0.755,"inBuffer":false,"facType":"fire"}},{"type":"Feature","geometry":{"type":"Point","coordinates":[-71.00296,42.24346]},"properties":{"probability":0.808,"inBuffer":true,"facType":"fire"}},{"type":"Feature","geometry":{"type":"Point","coordinates":[-70.9969,42.24356]},"properties":{"probability":0.765,"inBuffer":true,"facType":"fire"}},{"type":"Feature","geometry":{"type":"Point","coordinates":[-70.99084,42.24367]},"properties":{"probability":0.678,"inBuffer":true,"facType":"fire"}},{"type":"Feature","geometry":{"type":"Point","coordinates":[-70.98479,42.24377]},"properties":{"probability":0.778,"inBuffer":true,"facType":"hospital"}},{"type":"Feature","geometry":{"type":"Point","coordinates":[-70.97874,42.24388]},"properties":{"probability":0.814,"inBuffer":true,"facType":"fire"}},{"type":"Feature","geometry":{"type":"Point","coordinates":[-70.97268,42.24398]},"properties":{"probability":0.805,"inBuffer":true,"facType":"fire"}},{"type":"Feature","geometry":{"type":"Point","coordinates":[-70.96662,42.24409]},"properties":{"probability":0.754,"inBuffer":true,"facType":"power"}},{"type":"Feature","geometry":{"type":"Point","coordinates":[-70.96056,42.24419]},"properties":{"probability":0.737,"inBuffer":true,"facType":"power"}},{"type":"Feature","geometry":{"type":"Point","coordinates":[-70.95451,42.24429]},"properties":{"probability":0.581,"inBuffer":false,"facType":"fire"}},{"type":"Feature","geometry":{"type":"Point","coordinates":[-70.94845,42.2444]},"properties":{"probability":0.645,"inBuffer":true,"facType":"fire"}},{"type":"Feature","geometry":{"type":"Point","coordinates":[-70.94239,42.2445]},"properties":{"probability":0.621,"inBuffer":true,"facType":"fire"}},{"type":"Feature","geometry":{"type":"Point","coordinates":[-70.93633,42.2446]},"properties":{"probability":0.66,"inBuffer":true,"facType":"fire"}},{"type":"Feature","geometry":{"type":"Point","coordinates":[-70.93027,42.24471]},"properties":{"probability":0.612,"inBuffer":false,"facType":"fire"}},{"type":"Feature","geometry":{"type":"Point","coordinates":[-70.92422,42.24481]},"properties":{"probability":0.621,"inBuffer":false,"facType":"government"}},{"type":"Feature","geometry":{"type":"Point","coordinates":[-70.91816,42.24491]},"properties":{"probability":0.617,"inBuffer":false,"facType":"government"}},{"type":"Feature","geometry":{"type":"Point","coordinates":[-70.91211,42.24501]},"properties":{"probability":0.411,"inBuffer":false,"facType":"government"}},{"type":"Feature","geometry":{"type":"Point","coordinates":[-70.90605,42.24511]},"properties":{"probability":0.362,"inBuffer":false,"facType":"fire"}},{"type":"Feature","geometry":{"type":"Point","coordinates":[-70.89999,42.24521]},"properties":{"probability":0.42,"inBuffer":true,"facType":"fire"}},{"type":"Feature","geometry":{"type":"Point","coordinates":[-70.89394,42.24531]},"properties":{"probability":0.43,"inBuffer":true,"facType":"fire"}},{"type":"Feature","geometry":{"type":"Point","coordinates":[-70.88788,42.24541]},"properties":{"probability":0.548,"inBuffer":false,"facType":"fire"}},{"type":"Feature","geometry":{"type":"Point","coordinates":[-71.21478,42.23506]},"properties":{"probability":0.299,"inBuffer":false,"facType":"government"}},{"type":"Feature","geometry":{"type":"Point","coordinates":[-71.20872,42.23518]},"properties":{"probability":0.367,"inBuffer":false,"facType":"government"}},{"type":"Feature","geometry":{"type":"Point","coordinates":[-71.19055,42.23553]},"properties":{"probability":0.349,"inBuffer":false,"facType":"government"}},{"type":"Feature","geometry":{"type":"Point","coordinates":[-71.18449,42.23564]},"properties":{"probability":0.637,"inBuffer":false,"facType":"government"}},{"type":"Feature","geometry":{"type":"Point","coordinates":[-71.17844,42.23576]},"properties":{"probability":0.753,"inBuffer":false,"facType":"government"}},{"type":"Feature","geometry":{"type":"Point","coordinates":[-71.17239,42.23587]},"properties":{"probability":0.619,"inBuffer":false,"facType":"government"}},{"type":"Feature","geometry":{"type":"Point","coordinates":[-71.16633,42.23598]},"properties":{"probability":0.35,"inBuffer":false,"facType":"government"}},{"type":"Feature","geometry":{"type":"Point","coordinates":[-71.16027,42.2361]},"properties":{"probability":0.392,"inBuffer":false,"facType":"fire"}},{"type":"Feature","geometry":{"type":"Point","coordinates":[-71.15422,42.23621]},"properties":{"probability":0.387,"inBuffer":false,"facType":"fire"}},{"type":"Feature","geometry":{"type":"Point","coordinates":[-71.14816,42.23633]},"properties":{"probability":0.53,"inBuffer":false,"facType":"substation"}},{"type":"Feature","geometry":{"type":"Point","coordinates":[-71.14211,42.23644]},"properties":{"probability":0.615,"inBuffer":false,"facType":"substation"}},{"type":"Feature","geometry":{"type":"Point","coordinates":[-71.13605,42.23655]},"properties":{"probability":0.743,"inBuffer":true,"facType":"substation"}},{"type":"Feature","geometry":{"type":"Point","coordinates":[-71.13,42.23667]},"properties":{"probability":0.731,"inBuffer":true,"facType":"fire"}},{"type":"Feature","geometry":{"type":"Point","coordinates":[-71.12394,42.23678]},"properties":{"probability":0.626,"inBuffer":true,"facType":"fire"}},{"type":"Feature","geometry":{"type":"Point","coordinates":[-71.11788,42.23689]},"properties":{"probability":0.525,"inBuffer":false,"facType":"fire"}},{"type":"Feature","geometry":{"type":"Point","coordinates":[-71.11183,42.237]},"properties":{"probability":0.556,"inBuffer":true,"facType":"fire"}},{"type":"Feature","geometry":{"type":"Point","coordinates":[-71.10577,42.23711]},"properties":{"probability":0.328,"inBuffer":true,"facType":"fire"}},{"type":"Feature","geometry":{"type":"Point","coordinates":[-71.08155,42.23756]},"properties":{"probability":0.372,"inBuffer":false,"facType":"hospital"}},{"type":"Feature","geometry":{"type":"Point","coordinates":[-71.07549,42.23767]},"properties":{"probability":0.319,"inBuffer":false,"facType":"hospital"}},{"type":"Feature","geometry":{"type":"Point","coordinates":[-71.05127,42.2381]},"properties":{"probability":0.405,"inBuffer":false,"facType":"fire"}},{"type":"Feature","geometry":{"type":"Point","coordinates":[-71.04521,42.23821]},"properties":{"probability":0.641,"inBuffer":false,"facType":"fire"}},{"type":"Feature","geometry":{"type":"Point","coordinates":[-71.03915,42.23832]},"properties":{"probability":0.623,"inBuffer":false,"facType":"fire"}},{"type":"Feature","geometry":{"type":"Point","coordinates":[-71.0331,42.23843]},"properties":{"probability":0.602,"inBuffer":false,"facType":"fire"}},{"type":"Feature","geometry":{"type":"Point","coordinates":[-71.02705,42.23853]},"properties":{"probability":0.65,"inBuffer":true,"facType":"fire"}},{"type":"Feature","geometry":{"type":"Point","coordinates":[-71.02099,42.23864]},"properties":{"probability":0.67,"inBuffer":true,"facType":"fire"}},{"type":"Feature","geometry":{"type":"Point","coordinates":[-71.01493,42.23875]},"properties":{"probability":0.691,"inBuffer":false,"facType":"fire"}},{"type":"Feature","geometry":{"type":"Point","coordinates":[-71.00887,42.23885]},"properties":{"probability":0.701,"inBuffer":false,"facType":"fire"}},{"type":"Feature","geometry":{"type":"Point","coordinates":[-71.00282,42.23896]},"properties":{"probability":0.696,"inBuffer":true,"facType":"fire"}},{"type":"Feature","geometry":{"type":"Point","coordinates":[-70.99677,42.23906]},"properties":{"probability":0.639,"inBuffer":true,"facType":"fire"}},{"type":"Feature","geometry":{"type":"Point","coordinates":[-70.99071,42.23917]},"properties":{"probability":0.721,"inBuffer":false,"facType":"hospital"}},{"type":"Feature","geometry":{"type":"Point","coordinates":[-70.98465,42.23927]},"properties":{"probability":0.82,"inBuffer":true,"facType":"hospital"}},{"type":"Feature","geometry":{"type":"Point","coordinates":[-70.97859,42.23938]},"properties":{"probability":0.861,"inBuffer":true,"facType":"hospital"}},{"type":"Feature","geometry":{"type":"Point","coordinates":[-70.97253,42.23948]},"properties":{"probability":0.862,"inBuffer":true,"facType":"substation"}},{"type":"Feature","geometry":{"type":"Point","coordinates":[-70.96648,42.23959]},"properties":{"probability":0.666,"inBuffer":true,"facType":"substation"}},{"type":"Feature","geometry":{"type":"Point","coordinates":[-70.96043,42.23969]},"properties":{"probability":0.575,"inBuffer":true,"facType":"substation"}},{"type":"Feature","geometry":{"type":"Point","coordinates":[-70.95437,42.2398]},"properties":{"probability":0.473,"inBuffer":false,"facType":"substation"}},{"type":"Feature","geometry":{"type":"Point","coordinates":[-70.94831,42.2399]},"properties":{"probability":0.541,"inBuffer":true,"facType":"substation"}},{"type":"Feature","geometry":{"type":"Point","coordinates":[-70.94225,42.24]},"properties":{"probability":0.512,"inBuffer":true,"facType":"fire"}},{"type":"Feature","geometry":{"type":"Point","coordinates":[-70.9362,42.2401]},"properties":{"probability":0.538,"inBuffer":false,"facType":"fire"}},{"type":"Feature","geometry":{"type":"Point","coordinates":[-70.93014,42.2402]},"properties":{"probability":0.346,"inBuffer":false,"facType":"fire"}},{"type":"Feature","geometry":{"type":"Point","coordinates":[-70.92408,42.24031]},"properties":{"probability":0.378,"inBuffer":false,"facType":"government"}},{"type":"Feature","geometry":{"type":"Point","coordinates":[-70.91803,42.24041]},"properties":{"probability":0.38,"inBuffer":false,"facType":"government"}},{"type":"Feature","geometry":{"type":"Point","coordinates":[-70.91197,42.24051]},"properties":{"probability":0.387,"inBuffer":false,"facType":"fire"}},{"type":"Feature","geometry":{"type":"Point","coordinates":[-70.90591,42.24061]},"properties":{"probability":0.436,"inBuffer":false,"facType":"fire"}},{"type":"Feature","geometry":{"type":"Point","coordinates":[-70.89986,42.24071]},"properties":{"probability":0.447,"inBuffer":true,"facType":"fire"}},{"type":"Feature","geometry":{"type":"Point","coordinates":[-70.8938,42.24081]},"properties":{"probability":0.491,"inBuffer":true,"facType":"fire"}},{"type":"Feature","geometry":{"type":"Point","coordinates":[-70.88774,42.24091]},"properties":{"probability":0.54,"inBuffer":true,"facType":"fire"}},{"type":"Feature","geometry":{"type":"Point","coordinates":[-71.22672,42.23032]},"properties":{"probability":0.369,"inBuffer":true,"facType":"government"}},{"type":"Feature","geometry":{"type":"Point","coordinates":[-71.19039,42.23103]},"properties":{"probability":0.429,"inBuffer":false,"facType":"fire"}},{"type":"Feature","geometry":{"type":"Point","coordinates":[-71.18434,42.23114]},"properties":{"probability":0.664,"inBuffer":false,"facType":"fire"}},{"type":"Feature","geometry":{"type":"Point","coordinates":[-71.17828,42.23125]},"properties":{"probability":0.793,"inBuffer":false,"facType":"fire"}},{"type":"Feature","geometry":{"type":"Point","coordinates":[-71.17223,42.23137]},"properties":{"probability":0.74,"inBuffer":false,"facType":"government"}},{"type":"Feature","geometry":{"type":"Point","coordinates":[-71.16618,42.23149]},"properties":{"probability":0.46,"inBuffer":false,"facType":"government"}},{"type":"Feature","geometry":{"type":"Point","coordinates":[-71.16012,42.2316]},"properties":{"probability":0.367,"inBuffer":false,"facType":"government"}},{"type":"Feature","geometry":{"type":"Point","coordinates":[-71.15407,42.23171]},"properties":{"probability":0.376,"inBuffer":false,"facType":"power"}},{"type":"Feature","geometry":{"type":"Point","coordinates":[-71.14801,42.23183]},"properties":{"probability":0.377,"inBuffer":false,"facType":"power"}},{"type":"Feature","geometry":{"type":"Point","coordinates":[-71.14195,42.23194]},"properties":{"probability":0.584,"inBuffer":true,"facType":"power"}},{"type":"Feature","geometry":{"type":"Point","coordinates":[-71.1359,42.23205]},"properties":{"probability":0.725,"inBuffer":true,"facType":"power"}},{"type":"Feature","geometry":{"type":"Point","coordinates":[-71.12984,42.23217]},"properties":{"probability":0.697,"inBuffer":true,"facType":"power"}},{"type":"Feature","geometry":{"type":"Point","coordinates":[-71.12379,42.23228]},"properties":{"probability":0.586,"inBuffer":false,"facType":"fire"}},{"type":"Feature","geometry":{"type":"Point","coordinates":[-71.11774,42.23239]},"properties":{"probability":0.555,"inBuffer":false,"facType":"fire"}},{"type":"Feature","geometry":{"type":"Point","coordinates":[-71.11168,42.2325]},"properties":{"probability":0.336,"inBuffer":false,"facType":"fire"}},{"type":"Feature","geometry":{"type":"Point","coordinates":[-71.07535,42.23317]},"properties":{"probability":0.273,"inBuffer":false,"facType":"hospital"}},{"type":"Feature","geometry":{"type":"Point","coordinates":[-71.06929,42.23328]},"properties":{"probability":0.321,"inBuffer":false,"facType":"hospital"}},{"type":"Feature","geometry":{"type":"Point","coordinates":[-71.04507,42.23371]},"properties":{"probability":0.449,"inBuffer":false,"facType":"fire"}},{"type":"Feature","geometry":{"type":"Point","coordinates":[-71.03901,42.23382]},"properties":{"probability":0.381,"inBuffer":false,"facType":"fire"}},{"type":"Feature","geometry":{"type":"Point","coordinates":[-71.03296,42.23392]},"properties":{"probability":0.478,"inBuffer":false,"facType":"fire"}},{"type":"Feature","geometry":{"type":"Point","coordinates":[-71.0269,42.23403]},"properties":{"probability":0.627,"inBuffer":false,"facType":"fire"}},{"type":"Feature","geometry":{"type":"Point","coordinates":[-71.02084,42.23414]},"properties":{"probability":0.659,"inBuffer":false,"facType":"fire"}},{"type":"Feature","geometry":{"type":"Point","coordinates":[-71.01479,42.23425]},"properties":{"probability":0.721,"inBuffer":false,"facType":"fire"}},{"type":"Feature","geometry":{"type":"Point","coordinates":[-71.00874,42.23435]},"properties":{"probability":0.735,"inBuffer":false,"facType":"fire"}},{"type":"Feature","geometry":{"type":"Point","coordinates":[-71.00268,42.23446]},"properties":{"probability":0.626,"inBuffer":false,"facType":"fire"}},{"type":"Feature","geometry":{"type":"Point","coordinates":[-70.99662,42.23456]},"properties":{"probability":0.562,"inBuffer":false,"facType":"fire"}},{"type":"Feature","geometry":{"type":"Point","coordinates":[-70.99056,42.23467]},"properties":{"probability":0.694,"inBuffer":false,"facType":"fire"}},{"type":"Feature","geometry":{"type":"Point","coordinates":[-70.98451,42.23478]},"properties":{"probability":0.806,"inBuffer":true,"facType":"hospital"}},{"type":"Feature","geometry":{"type":"Point","coordinates":[-70.97845,42.23488]},"properties":{"probability":0.863,"inBuffer":true,"facType":"hospital"}},{"type":"Feature","geometry":{"type":"Point","coordinates":[-70.9724,42.23498]},"properties":{"probability":0.857,"inBuffer":true,"facType":"substation"}},{"type":"Feature","geometry":{"type":"Point","coordinates":[-70.96634,42.23509]},"properties":{"probability":0.541,"inBuffer":true,"facType":"power"}},{"type":"Feature","geometry":{"type":"Point","coordinates":[-70.96028,42.23519]},"properties":{"probability":0.466,"inBuffer":true,"facType":"power"}},{"type":"Feature","geometry":{"type":"Point","coordinates":[-70.95423,42.23529]},"properties":{"probability":0.344,"inBuffer":false,"facType":"substation"}},{"type":"Feature","geometry":{"type":"Point","coordinates":[-70.94817,42.2354]},"properties":{"probability":0.376,"inBuffer":false,"facType":"substation"}},{"type":"Feature","geometry":{"type":"Point","coordinates":[-70.94212,42.2355]},"properties":{"probability":0.373,"inBuffer":false,"facType":"substation"}},{"type":"Feature","geometry":{"type":"Point","coordinates":[-70.93606,42.2356]},"properties":{"probability":0.374,"inBuffer":false,"facType":"substation"}},{"type":"Feature","geometry":{"type":"Point","coordinates":[-70.93,42.2357]},"properties":{"probability":0.306,"inBuffer":false,"facType":"fire"}},{"type":"Feature","geometry":{"type":"Point","coordinates":[-70.91183,42.23601]},"properties":{"probability":0.437,"inBuffer":false,"facType":"fire"}},{"type":"Feature","geometry":{"type":"Point","coordinates":[-70.90578,42.23611]},"properties":{"probability":0.485,"inBuffer":false,"facType":"fire"}},{"type":"Feature","geometry":{"type":"Point","coordinates":[-70.89972,42.23621]},"properties":{"probability":0.372,"inBuffer":true,"facType":"fire"}},{"type":"Feature","geometry":{"type":"Point","coordinates":[-70.89366,42.23631]},"properties":{"probability":0.395,"inBuffer":true,"facType":"fire"}},{"type":"Feature","geometry":{"type":"Point","coordinates":[-70.88761,42.23641]},"properties":{"probability":0.348,"inBuffer":true,"facType":"government"}},{"type":"Feature","geometry":{"type":"Point","coordinates":[-71.22656,42.22583]},"properties":{"probability":0.359,"inBuffer":true,"facType":"fire"}},{"type":"Feature","geometry":{"type":"Point","coordinates":[-71.22051,42.22594]},"properties":{"probability":0.376,"inBuffer":true,"facType":"fire"}},{"type":"Feature","geometry":{"type":"Point","coordinates":[-71.21445,42.22606]},"properties":{"probability":0.434,"inBuffer":true,"facType":"police"}},{"type":"Feature","geometry":{"type":"Point","coordinates":[-71.19024,42.22652]},"properties":{"probability":0.342,"inBuffer":false,"facType":"fire"}},{"type":"Feature","geometry":{"type":"Point","coordinates":[-71.18418,42.22664]},"properties":{"probability":0.628,"inBuffer":false,"facType":"fire"}},{"type":"Feature","geometry":{"type":"Point","coordinates":[-71.17813,42.22676]},"properties":{"probability":0.736,"inBuffer":false,"facType":"fire"}},{"type":"Feature","geometry":{"type":"Point","coordinates":[-71.17207,42.22687]},"properties":{"probability":0.73,"inBuffer":false,"facType":"fire"}},{"type":"Feature","geometry":{"type":"Point","coordinates":[-71.16602,42.22699]},"properties":{"probability":0.528,"inBuffer":false,"facType":"fire"}},{"type":"Feature","geometry":{"type":"Point","coordinates":[-71.15997,42.2271]},"properties":{"probability":0.378,"inBuffer":false,"facType":"power"}},{"type":"Feature","geometry":{"type":"Point","coordinates":[-71.15392,42.22721]},"properties":{"probability":0.325,"inBuffer":false,"facType":"power"}},{"type":"Feature","geometry":{"type":"Point","coordinates":[-71.14786,42.22733]},"properties":{"probability":0.351,"inBuffer":false,"facType":"power"}},{"type":"Feature","geometry":{"type":"Point","coordinates":[-71.1418,42.22744]},"properties":{"probability":0.398,"inBuffer":false,"facType":"power"}},{"type":"Feature","geometry":{"type":"Point","coordinates":[-71.13575,42.22755]},"properties":{"probability":0.607,"inBuffer":true,"facType":"power"}},{"type":"Feature","geometry":{"type":"Point","coordinates":[-71.12969,42.22766]},"properties":{"probability":0.62,"inBuffer":true,"facType":"power"}},{"type":"Feature","geometry":{"type":"Point","coordinates":[-71.12364,42.22778]},"properties":{"probability":0.507,"inBuffer":false,"facType":"power"}},{"type":"Feature","geometry":{"type":"Point","coordinates":[-71.11758,42.22789]},"properties":{"probability":0.44,"inBuffer":false,"facType":"power"}},{"type":"Feature","geometry":{"type":"Point","coordinates":[-71.03886,42.22932]},"properties":{"probability":0.326,"inBuffer":false,"facType":"substation"}},{"type":"Feature","geometry":{"type":"Point","coordinates":[-71.03281,42.22942]},"properties":{"probability":0.66,"inBuffer":false,"facType":"substation"}},{"type":"Feature","geometry":{"type":"Point","coordinates":[-71.02676,42.22953]},"properties":{"probability":0.708,"inBuffer":false,"facType":"substation"}},{"type":"Feature","geometry":{"type":"Point","coordinates":[-71.0207,42.22964]},"properties":{"probability":0.713,"inBuffer":false,"facType":"substation"}},{"type":"Feature","geometry":{"type":"Point","coordinates":[-71.01465,42.22974]},"properties":{"probability":0.735,"inBuffer":false,"facType":"substation"}},{"type":"Feature","geometry":{"type":"Point","coordinates":[-71.00859,42.22985]},"properties":{"probability":0.742,"inBuffer":false,"facType":"substation"}},{"type":"Feature","geometry":{"type":"Point","coordinates":[-71.00253,42.22996]},"properties":{"probability":0.642,"inBuffer":false,"facType":"substation"}},{"type":"Feature","geometry":{"type":"Point","coordinates":[-70.99648,42.23006]},"properties":{"probability":0.524,"inBuffer":false,"facType":"substation"}},{"type":"Feature","geometry":{"type":"Point","coordinates":[-70.99043,42.23017]},"properties":{"probability":0.533,"inBuffer":true,"facType":"fire"}},{"type":"Feature","geometry":{"type":"Point","coordinates":[-70.98437,42.23027]},"properties":{"probability":0.709,"inBuffer":true,"facType":"fire"}},{"type":"Feature","geometry":{"type":"Point","coordinates":[-70.97831,42.23038]},"properties":{"probability":0.838,"inBuffer":false,"facType":"fire"}},{"type":"Feature","geometry":{"type":"Point","coordinates":[-70.97226,42.23048]},"properties":{"probability":0.821,"inBuffer":true,"facType":"substation"}},{"type":"Feature","geometry":{"type":"Point","coordinates":[-70.9662,42.23059]},"properties":{"probability":0.559,"inBuffer":true,"facType":"substation"}},{"type":"Feature","geometry":{"type":"Point","coordinates":[-70.96014,42.23069]},"properties":{"probability":0.482,"inBuffer":true,"facType":"substation"}},{"type":"Feature","geometry":{"type":"Point","coordinates":[-70.95409,42.23079]},"properties":{"probability":0.364,"inBuffer":false,"facType":"substation"}},{"type":"Feature","geometry":{"type":"Point","coordinates":[-70.94804,42.2309]},"properties":{"probability":0.382,"inBuffer":false,"facType":"substation"}},{"type":"Feature","geometry":{"type":"Point","coordinates":[-70.94198,42.231]},"properties":{"probability":0.379,"inBuffer":false,"facType":"substation"}},{"type":"Feature","geometry":{"type":"Point","coordinates":[-70.93592,42.2311]},"properties":{"probability":0.374,"inBuffer":false,"facType":"government"}},{"type":"Feature","geometry":{"type":"Point","coordinates":[-70.92986,42.2312]},"properties":{"probability":0.335,"inBuffer":false,"facType":"government"}},{"type":"Feature","geometry":{"type":"Point","coordinates":[-70.88747,42.23191]},"properties":{"probability":0.386,"inBuffer":true,"facType":"government"}},{"type":"Feature","geometry":{"type":"Point","coordinates":[-71.22641,42.22132]},"properties":{"probability":0.355,"inBuffer":true,"facType":"fire"}},{"type":"Feature","geometry":{"type":"Point","coordinates":[-71.22035,42.22144]},"properties":{"probability":0.387,"inBuffer":true,"facType":"fire"}},{"type":"Feature","geometry":{"type":"Point","coordinates":[-71.2143,42.22156]},"properties":{"probability":0.319,"inBuffer":false,"facType":"fire"}},{"type":"Feature","geometry":{"type":"Point","coordinates":[-71.19009,42.22203]},"properties":{"probability":0.365,"inBuffer":true,"facType":"fire"}},{"type":"Feature","geometry":{"type":"Point","coordinates":[-71.18403,42.22214]},"properties":{"probability":0.464,"inBuffer":true,"facType":"fire"}},{"type":"Feature","geometry":{"type":"Point","coordinates":[-71.17798,42.22226]},"properties":{"probability":0.584,"inBuffer":false,"facType":"fire"}},{"type":"Feature","geometry":{"type":"Point","coordinates":[-71.17192,42.22237]},"properties":{"probability":0.599,"inBuffer":false,"facType":"fire"}},{"type":"Feature","geometry":{"type":"Point","coordinates":[-71.16587,42.22248]},"properties":{"probability":0.358,"inBuffer":false,"facType":"fire"}},{"type":"Feature","geometry":{"type":"Point","coordinates":[-71.15981,42.2226]},"properties":{"probability":0.371,"inBuffer":false,"facType":"power"}},{"type":"Feature","geometry":{"type":"Point","coordinates":[-71.15376,42.22271]},"properties":{"probability":0.351,"inBuffer":false,"facType":"power"}},{"type":"Feature","geometry":{"type":"Point","coordinates":[-71.1356,42.22305]},"properties":{"probability":0.32,"inBuffer":false,"facType":"power"}},{"type":"Feature","geometry":{"type":"Point","coordinates":[-71.12349,42.22328]},"properties":{"probability":0.349,"inBuffer":false,"facType":"power"}},{"type":"Feature","geometry":{"type":"Point","coordinates":[-71.11743,42.22339]},"properties":{"probability":0.284,"inBuffer":false,"facType":"power"}},{"type":"Feature","geometry":{"type":"Point","coordinates":[-71.04478,42.22471]},"properties":{"probability":0.428,"inBuffer":false,"facType":"substation"}},{"type":"Feature","geometry":{"type":"Point","coordinates":[-71.03872,42.22482]},"properties":{"probability":0.636,"inBuffer":false,"facType":"substation"}},{"type":"Feature","geometry":{"type":"Point","coordinates":[-71.03267,42.22493]},"properties":{"probability":0.787,"inBuffer":false,"facType":"substation"}},{"type":"Feature","geometry":{"type":"Point","coordinates":[-71.02661,42.22503]},"properties":{"probability":0.783,"inBuffer":false,"facType":"substation"}},{"type":"Feature","geometry":{"type":"Point","coordinates":[-71.02055,42.22514]},"properties":{"probability":0.625,"inBuffer":false,"facType":"substation"}},{"type":"Feature","geometry":{"type":"Point","coordinates":[-71.0145,42.22525]},"properties":{"probability":0.654,"inBuffer":false,"facType":"substation"}},{"type":"Feature","geometry":{"type":"Point","coordinates":[-71.00845,42.22535]},"properties":{"probability":0.646,"inBuffer":false,"facType":"substation"}},{"type":"Feature","geometry":{"type":"Point","coordinates":[-71.0024,42.22546]},"properties":{"probability":0.639,"inBuffer":false,"facType":"substation"}},{"type":"Feature","geometry":{"type":"Point","coordinates":[-70.99634,42.22556]},"properties":{"probability":0.574,"inBuffer":false,"facType":"substation"}},{"type":"Feature","geometry":{"type":"Point","coordinates":[-70.99028,42.22567]},"properties":{"probability":0.503,"inBuffer":true,"facType":"fire"}},{"type":"Feature","geometry":{"type":"Point","coordinates":[-70.98423,42.22577]},"properties":{"probability":0.509,"inBuffer":true,"facType":"fire"}},{"type":"Feature","geometry":{"type":"Point","coordinates":[-70.97817,42.22588]},"properties":{"probability":0.658,"inBuffer":false,"facType":"fire"}},{"type":"Feature","geometry":{"type":"Point","coordinates":[-70.97211,42.22598]},"properties":{"probability":0.616,"inBuffer":false,"facType":"substation"}},{"type":"Feature","geometry":{"type":"Point","coordinates":[-70.96606,42.22609]},"properties":{"probability":0.562,"inBuffer":false,"facType":"substation"}},{"type":"Feature","geometry":{"type":"Point","coordinates":[-70.96001,42.22619]},"properties":{"probability":0.43,"inBuffer":false,"facType":"substation"}},{"type":"Feature","geometry":{"type":"Point","coordinates":[-70.95395,42.22629]},"properties":{"probability":0.371,"inBuffer":false,"facType":"substation"}},{"type":"Feature","geometry":{"type":"Point","coordinates":[-70.94789,42.22639]},"properties":{"probability":0.373,"inBuffer":false,"facType":"government"}},{"type":"Feature","geometry":{"type":"Point","coordinates":[-70.94184,42.2265]},"properties":{"probability":0.367,"inBuffer":false,"facType":"government"}},{"type":"Feature","geometry":{"type":"Point","coordinates":[-70.93578,42.2266]},"properties":{"probability":0.371,"inBuffer":false,"facType":"government"}},{"type":"Feature","geometry":{"type":"Point","coordinates":[-70.92973,42.2267]},"properties":{"probability":0.359,"inBuffer":false,"facType":"government"}},{"type":"Feature","geometry":{"type":"Point","coordinates":[-70.88734,42.22741]},"properties":{"probability":0.394,"inBuffer":true,"facType":"police"}},{"type":"Feature","geometry":{"type":"Point","coordinates":[-71.22625,42.21683]},"properties":{"probability":0.315,"inBuffer":false,"facType":"fire"}},{"type":"Feature","geometry":{"type":"Point","coordinates":[-71.2202,42.21694]},"properties":{"probability":0.403,"inBuffer":false,"facType":"fire"}},{"type":"Feature","geometry":{"type":"Point","coordinates":[-71.21414,42.21706]},"properties":{"probability":0.376,"inBuffer":false,"facType":"fire"}},{"type":"Feature","geometry":{"type":"Point","coordinates":[-71.18993,42.21753]},"properties":{"probability":0.633,"inBuffer":true,"facType":"fire"}},{"type":"Feature","geometry":{"type":"Point","coordinates":[-71.18388,42.21764]},"properties":{"probability":0.694,"inBuffer":true,"facType":"fire"}},{"type":"Feature","geometry":{"type":"Point","coordinates":[-71.17782,42.21776]},"properties":{"probability":0.499,"inBuffer":false,"facType":"fire"}},{"type":"Feature","geometry":{"type":"Point","coordinates":[-71.17177,42.21787]},"properties":{"probability":0.361,"inBuffer":false,"facType":"fire"}},{"type":"Feature","geometry":{"type":"Point","coordinates":[-71.16571,42.21799]},"properties":{"probability":0.336,"inBuffer":false,"facType":"fire"}},{"type":"Feature","geometry":{"type":"Point","coordinates":[-71.15966,42.2181]},"properties":{"probability":0.327,"inBuffer":false,"facType":"fire"}},{"type":"Feature","geometry":{"type":"Point","coordinates":[-71.1536,42.21821]},"properties":{"probability":0.328,"inBuffer":false,"facType":"power"}},{"type":"Feature","geometry":{"type":"Point","coordinates":[-71.04463,42.22021]},"properties":{"probability":0.615,"inBuffer":false,"facType":"substation"}},{"type":"Feature","geometry":{"type":"Point","coordinates":[-71.03857,42.22032]},"properties":{"probability":0.701,"inBuffer":false,"facType":"substation"}},{"type":"Feature","geometry":{"type":"Point","coordinates":[-71.03252,42.22042]},"properties":{"probability":0.748,"inBuffer":false,"facType":"substation"}},{"type":"Feature","geometry":{"type":"Point","coordinates":[-71.02647,42.22053]},"properties":{"probability":0.688,"inBuffer":false,"facType":"substation"}},{"type":"Feature","geometry":{"type":"Point","coordinates":[-71.02042,42.22064]},"properties":{"probability":0.637,"inBuffer":false,"facType":"substation"}},{"type":"Feature","geometry":{"type":"Point","coordinates":[-71.01436,42.22075]},"properties":{"probability":0.445,"inBuffer":false,"facType":"substation"}},{"type":"Feature","geometry":{"type":"Point","coordinates":[-71.0083,42.22085]},"properties":{"probability":0.645,"inBuffer":false,"facType":"substation"}},{"type":"Feature","geometry":{"type":"Point","coordinates":[-71.00225,42.22095]},"properties":{"probability":0.653,"inBuffer":false,"facType":"substation"}},{"type":"Feature","geometry":{"type":"Point","coordinates":[-70.99619,42.22106]},"properties":{"probability":0.609,"inBuffer":false,"facType":"substation"}},{"type":"Feature","geometry":{"type":"Point","coordinates":[-70.99014,42.22117]},"properties":{"probability":0.567,"inBuffer":false,"facType":"substation"}},{"type":"Feature","geometry":{"type":"Point","coordinates":[-70.98409,42.22127]},"properties":{"probability":0.566,"inBuffer":false,"facType":"fire"}},{"type":"Feature","geometry":{"type":"Point","coordinates":[-70.97803,42.22138]},"properties":{"probability":0.555,"inBuffer":false,"facType":"fire"}},{"type":"Feature","geometry":{"type":"Point","coordinates":[-70.97198,42.22148]},"properties":{"probability":0.611,"inBuffer":false,"facType":"substation"}},{"type":"Feature","geometry":{"type":"Point","coordinates":[-70.96592,42.22158]},"properties":{"probability":0.54,"inBuffer":false,"facType":"substation"}},{"type":"Feature","geometry":{"type":"Point","coordinates":[-70.95987,42.22169]},"properties":{"probability":0.361,"inBuffer":false,"facType":"substation"}},{"type":"Feature","geometry":{"type":"Point","coordinates":[-70.95381,42.22179]},"properties":{"probability":0.372,"inBuffer":false,"facType":"substation"}},{"type":"Feature","geometry":{"type":"Point","coordinates":[-70.94775,42.2219]},"properties":{"probability":0.369,"inBuffer":false,"facType":"government"}},{"type":"Feature","geometry":{"type":"Point","coordinates":[-70.9417,42.222]},"properties":{"probability":0.4,"inBuffer":false,"facType":"government"}},{"type":"Feature","geometry":{"type":"Point","coordinates":[-70.93565,42.2221]},"properties":{"probability":0.362,"inBuffer":true,"facType":"government"}},{"type":"Feature","geometry":{"type":"Point","coordinates":[-70.92959,42.2222]},"properties":{"probability":0.404,"inBuffer":true,"facType":"fire"}},{"type":"Feature","geometry":{"type":"Point","coordinates":[-70.92354,42.22231]},"properties":{"probability":0.34,"inBuffer":false,"facType":"substation"}},{"type":"Feature","geometry":{"type":"Point","coordinates":[-70.91748,42.2224]},"properties":{"probability":0.33,"inBuffer":false,"facType":"substation"}},{"type":"Feature","geometry":{"type":"Point","coordinates":[-71.21398,42.21256]},"properties":{"probability":0.326,"inBuffer":false,"facType":"fire"}},{"type":"Feature","geometry":{"type":"Point","coordinates":[-71.20188,42.2128]},"properties":{"probability":0.398,"inBuffer":false,"facType":"fire"}},{"type":"Feature","geometry":{"type":"Point","coordinates":[-71.19582,42.21291]},"properties":{"probability":0.535,"inBuffer":false,"facType":"fire"}},{"type":"Feature","geometry":{"type":"Point","coordinates":[-71.18977,42.21302]},"properties":{"probability":0.652,"inBuffer":true,"facType":"fire"}},{"type":"Feature","geometry":{"type":"Point","coordinates":[-71.18372,42.21314]},"properties":{"probability":0.778,"inBuffer":true,"facType":"fire"}},{"type":"Feature","geometry":{"type":"Point","coordinates":[-71.17767,42.21326]},"properties":{"probability":0.624,"inBuffer":false,"facType":"fire"}},{"type":"Feature","geometry":{"type":"Point","coordinates":[-71.17162,42.21337]},"properties":{"probability":0.394,"inBuffer":false,"facType":"fire"}},{"type":"Feature","geometry":{"type":"Point","coordinates":[-71.16556,42.21349]},"properties":{"probability":0.335,"inBuffer":false,"facType":"fire"}},{"type":"Feature","geometry":{"type":"Point","coordinates":[-71.15951,42.2136]},"properties":{"probability":0.425,"inBuffer":false,"facType":"fire"}},{"type":"Feature","geometry":{"type":"Point","coordinates":[-71.15345,42.21371]},"properties":{"probability":0.59,"inBuffer":false,"facType":"power"}},{"type":"Feature","geometry":{"type":"Point","coordinates":[-71.1474,42.21383]},"properties":{"probability":0.485,"inBuffer":false,"facType":"power"}},{"type":"Feature","geometry":{"type":"Point","coordinates":[-71.04449,42.21571]},"properties":{"probability":0.645,"inBuffer":false,"facType":"substation"}},{"type":"Feature","geometry":{"type":"Point","coordinates":[-71.03843,42.21582]},"properties":{"probability":0.649,"inBuffer":false,"facType":"substation"}},{"type":"Feature","geometry":{"type":"Point","coordinates":[-71.03238,42.21592]},"properties":{"probability":0.553,"inBuffer":false,"facType":"substation"}},{"type":"Feature","geometry":{"type":"Point","coordinates":[-71.02632,42.21603]},"properties":{"probability":0.556,"inBuffer":false,"facType":"substation"}},{"type":"Feature","geometry":{"type":"Point","coordinates":[-71.02027,42.21614]},"properties":{"probability":0.585,"inBuffer":false,"facType":"substation"}},{"type":"Feature","geometry":{"type":"Point","coordinates":[-71.01421,42.21624]},"properties":{"probability":0.443,"inBuffer":false,"facType":"substation"}},{"type":"Feature","geometry":{"type":"Point","coordinates":[-71.00816,42.21635]},"properties":{"probability":0.692,"inBuffer":false,"facType":"substation"}},{"type":"Feature","geometry":{"type":"Point","coordinates":[-71.00211,42.21646]},"properties":{"probability":0.714,"inBuffer":false,"facType":"police"}},{"type":"Feature","geometry":{"type":"Point","coordinates":[-70.99606,42.21656]},"properties":{"probability":0.721,"inBuffer":true,"facType":"police"}},{"type":"Feature","geometry":{"type":"Point","coordinates":[-70.99,42.21667]},"properties":{"probability":0.591,"inBuffer":true,"facType":"police"}},{"type":"Feature","geometry":{"type":"Point","coordinates":[-70.98395,42.21677]},"properties":{"probability":0.586,"inBuffer":false,"facType":"police"}},{"type":"Feature","geometry":{"type":"Point","coordinates":[-70.97789,42.21688]},"properties":{"probability":0.541,"inBuffer":false,"facType":"police"}},{"type":"Feature","geometry":{"type":"Point","coordinates":[-70.97183,42.21698]},"properties":{"probability":0.577,"inBuffer":false,"facType":"substation"}},{"type":"Feature","geometry":{"type":"Point","coordinates":[-70.96578,42.21708]},"properties":{"probability":0.615,"inBuffer":false,"facType":"substation"}},{"type":"Feature","geometry":{"type":"Point","coordinates":[-70.95972,42.21719]},"properties":{"probability":0.533,"inBuffer":false,"facType":"substation"}},{"type":"Feature","geometry":{"type":"Point","coordinates":[-70.95367,42.21729]},"properties":{"probability":0.438,"inBuffer":false,"facType":"government"}},{"type":"Feature","geometry":{"type":"Point","coordinates":[-70.94762,42.2174]},"properties":{"probability":0.368,"inBuffer":false,"facType":"government"}},{"type":"Feature","geometry":{"type":"Point","coordinates":[-70.94157,42.2175]},"properties":{"probability":0.473,"inBuffer":true,"facType":"government"}},{"type":"Feature","geometry":{"type":"Point","coordinates":[-70.93551,42.2176]},"properties":{"probability":0.533,"inBuffer":true,"facType":"fire"}},{"type":"Feature","geometry":{"type":"Point","coordinates":[-70.92945,42.2177]},"properties":{"probability":0.487,"inBuffer":true,"facType":"fire"}},{"type":"Feature","geometry":{"type":"Point","coordinates":[-70.9234,42.2178]},"properties":{"probability":0.464,"inBuffer":false,"facType":"substation"}},{"type":"Feature","geometry":{"type":"Point","coordinates":[-70.91734,42.2179]},"properties":{"probability":0.352,"inBuffer":false,"facType":"substation"}},{"type":"Feature","geometry":{"type":"Point","coordinates":[-71.21383,42.20806]},"properties":{"probability":0.347,"inBuffer":false,"facType":"fire"}},{"type":"Feature","geometry":{"type":"Point","coordinates":[-71.20778,42.20818]},"properties":{"probability":0.587,"inBuffer":false,"facType":"fire"}},{"type":"Feature","geometry":{"type":"Point","coordinates":[-71.20172,42.20829]},"properties":{"probability":0.619,"inBuffer":false,"facType":"fire"}},{"type":"Feature","geometry":{"type":"Point","coordinates":[-71.19567,42.20841]},"properties":{"probability":0.54,"inBuffer":false,"facType":"fire"}},{"type":"Feature","geometry":{"type":"Point","coordinates":[-71.18962,42.20853]},"properties":{"probability":0.717,"inBuffer":false,"facType":"fire"}},{"type":"Feature","geometry":{"type":"Point","coordinates":[-71.18356,42.20864]},"properties":{"probability":0.791,"inBuffer":false,"facType":"fire"}},{"type":"Feature","geometry":{"type":"Point","coordinates":[-71.17751,42.20876]},"properties":{"probability":0.757,"inBuffer":false,"facType":"fire"}},{"type":"Feature","geometry":{"type":"Point","coordinates":[-71.17146,42.20887]},"properties":{"probability":0.641,"inBuffer":false,"facType":"fire"}},{"type":"Feature","geometry":{"type":"Point","coordinates":[-71.16541,42.20898]},"properties":{"probability":0.313,"inBuffer":false,"facType":"fire"}},{"type":"Feature","geometry":{"type":"Point","coordinates":[-71.15936,42.2091]},"properties":{"probability":0.541,"inBuffer":false,"facType":"fire"}},{"type":"Feature","geometry":{"type":"Point","coordinates":[-71.1533,42.20921]},"properties":{"probability":0.792,"inBuffer":false,"facType":"power"}},{"type":"Feature","geometry":{"type":"Point","coordinates":[-71.14725,42.20933]},"properties":{"probability":0.781,"inBuffer":false,"facType":"power"}},{"type":"Feature","geometry":{"type":"Point","coordinates":[-71.1412,42.20944]},"properties":{"probability":0.555,"inBuffer":false,"facType":"power"}},{"type":"Feature","geometry":{"type":"Point","coordinates":[-71.13514,42.20955]},"properties":{"probability":0.478,"inBuffer":false,"facType":"power"}},{"type":"Feature","geometry":{"type":"Point","coordinates":[-71.12909,42.20967]},"properties":{"probability":0.481,"inBuffer":false,"facType":"power"}},{"type":"Feature","geometry":{"type":"Point","coordinates":[-71.12303,42.20978]},"properties":{"probability":0.343,"inBuffer":false,"facType":"power"}},{"type":"Feature","geometry":{"type":"Point","coordinates":[-71.11698,42.20989]},"properties":{"probability":0.324,"inBuffer":false,"facType":"police"}},{"type":"Feature","geometry":{"type":"Point","coordinates":[-71.04434,42.21121]},"properties":{"probability":0.378,"inBuffer":false,"facType":"substation"}},{"type":"Feature","geometry":{"type":"Point","coordinates":[-71.03828,42.21132]},"properties":{"probability":0.468,"inBuffer":false,"facType":"substation"}},{"type":"Feature","geometry":{"type":"Point","coordinates":[-71.03223,42.21142]},"properties":{"probability":0.576,"inBuffer":false,"facType":"substation"}},{"type":"Feature","geometry":{"type":"Point","coordinates":[-71.02618,42.21153]},"properties":{"probability":0.593,"inBuffer":false,"facType":"substation"}},{"type":"Feature","geometry":{"type":"Point","coordinates":[-71.02013,42.21164]},"properties":{"probability":0.625,"inBuffer":false,"facType":"substation"}},{"type":"Feature","geometry":{"type":"Point","coordinates":[-71.01408,42.21174]},"properties":{"probability":0.524,"inBuffer":false,"facType":"substation"}},{"type":"Feature","geometry":{"type":"Point","coordinates":[-71.00802,42.21185]},"properties":{"probability":0.705,"inBuffer":false,"facType":"police"}},{"type":"Feature","geometry":{"type":"Point","coordinates":[-71.00197,42.21196]},"properties":{"probability":0.763,"inBuffer":true,"facType":"police"}},{"type":"Feature","geometry":{"type":"Point","coordinates":[-70.99591,42.21206]},"properties":{"probability":0.749,"inBuffer":true,"facType":"police"}},{"type":"Feature","geometry":{"type":"Point","coordinates":[-70.98986,42.21217]},"properties":{"probability":0.515,"inBuffer":true,"facType":"police"}},{"type":"Feature","geometry":{"type":"Point","coordinates":[-70.9838,42.21227]},"properties":{"probability":0.393,"inBuffer":false,"facType":"police"}},{"type":"Feature","geometry":{"type":"Point","coordinates":[-70.97775,42.21238]},"properties":{"probability":0.364,"inBuffer":false,"facType":"police"}},{"type":"Feature","geometry":{"type":"Point","coordinates":[-70.97169,42.21248]},"properties":{"probability":0.316,"inBuffer":false,"facType":"police"}},{"type":"Feature","geometry":{"type":"Point","coordinates":[-70.96564,42.21259]},"properties":{"probability":0.624,"inBuffer":false,"facType":"substation"}},{"type":"Feature","geometry":{"type":"Point","coordinates":[-70.95959,42.21269]},"properties":{"probability":0.644,"inBuffer":false,"facType":"substation"}},{"type":"Feature","geometry":{"type":"Point","coordinates":[-70.95354,42.21279]},"properties":{"probability":0.463,"inBuffer":false,"facType":"government"}},{"type":"Feature","geometry":{"type":"Point","coordinates":[-70.94748,42.21289]},"properties":{"probability":0.395,"inBuffer":false,"facType":"government"}},{"type":"Feature","geometry":{"type":"Point","coordinates":[-70.94143,42.213]},"properties":{"probability":0.44,"inBuffer":false,"facType":"fire"}},{"type":"Feature","geometry":{"type":"Point","coordinates":[-70.93537,42.2131]},"properties":{"probability":0.492,"inBuffer":true,"facType":"fire"}},{"type":"Feature","geometry":{"type":"Point","coordinates":[-70.92932,42.2132]},"properties":{"probability":0.546,"inBuffer":true,"facType":"fire"}},{"type":"Feature","geometry":{"type":"Point","coordinates":[-70.92326,42.2133]},"properties":{"probability":0.553,"inBuffer":false,"facType":"substation"}},{"type":"Feature","geometry":{"type":"Point","coordinates":[-70.91721,42.21341]},"properties":{"probability":0.411,"inBuffer":false,"facType":"substation"}},{"type":"Feature","geometry":{"type":"Point","coordinates":[-70.9655,42.20808]},"properties":{"probability":0.457,"inBuffer":false,"facType":"substation"}},{"type":"Feature","geometry":{"type":"Point","coordinates":[-70.95945,42.20819]},"properties":{"probability":0.589,"inBuffer":false,"facType":"government"}},{"type":"Feature","geometry":{"type":"Point","coordinates":[-70.95339,42.20829]},"properties":{"probability":0.65,"inBuffer":false,"facType":"government"}},{"type":"Feature","geometry":{"type":"Point","coordinates":[-70.94734,42.20839]},"properties":{"probability":0.416,"inBuffer":false,"facType":"fire"}},{"type":"Feature","geometry":{"type":"Point","coordinates":[-70.94128,42.2085]},"properties":{"probability":0.394,"inBuffer":false,"facType":"fire"}},{"type":"Feature","geometry":{"type":"Point","coordinates":[-70.93523,42.2086]},"properties":{"probability":0.376,"inBuffer":false,"facType":"fire"}},{"type":"Feature","geometry":{"type":"Point","coordinates":[-70.92918,42.2087]},"properties":{"probability":0.436,"inBuffer":false,"facType":"fire"}},{"type":"Feature","geometry":{"type":"Point","coordinates":[-70.92313,42.2088]},"properties":{"probability":0.379,"inBuffer":false,"facType":"fire"}},{"type":"Feature","geometry":{"type":"Point","coordinates":[-70.91708,42.2089]},"properties":{"probability":0.386,"inBuffer":false,"facType":"substation"}},{"type":"Feature","geometry":{"type":"Point","coordinates":[-70.91102,42.209]},"properties":{"probability":0.358,"inBuffer":false,"facType":"substation"}},{"type":"Feature","geometry":{"type":"Point","coordinates":[-70.90497,42.20911]},"properties":{"probability":0.375,"inBuffer":false,"facType":"substation"}}]}