ZCTA5CE20,total_pop,median_income,NAME
00601,16834,17526,ZCTA5 00601
00602,37642,20260,ZCTA5 00602
00603,49075,17703,ZCTA5 00603
00606,5590,19603,ZCTA5 00606
00610,25542,22796,ZCTA5 00610
00611,1315,22525,ZCTA5 00611
00612,63312,22305,ZCTA5 00612
00616,9625,23652,ZCTA5 00616
00617,22573,20328,ZCTA5 00617
00622,7577,22818,ZCTA5 00622
00623,39406,23132,ZCTA5 00623
00624,21648,20101,ZCTA5 00624
00627,32733,23263,ZCTA5 00627
00631,1431,15658,ZCTA5 00631
00636,1057,,ZCTA5 00636
00637,22882,20568,ZCTA5 00637
00638,17605,19796,ZCTA5 00638
00641,24299,17673,ZCTA5 00641
00646,35926,31330,ZCTA5 00646
00647,4702,17143,ZCTA5 00647
00650,13767,20363,ZCTA5 00650
00652,3924,26148,ZCTA5 00652
00653,8980,13777,ZCTA5 00653
00656,18121,21456,ZCTA5 00656
00659,37066,23899,ZCTA5 00659
00660,15483,22556,ZCTA5 00660
00662,40480,20283,ZCTA5 00662
00664,14967,17966,ZCTA5 00664
00667,23370,16889,ZCTA5 00667
00669,27529,18838,ZCTA5 00669
00670,8746,16644,ZCTA5 00670
00674,39385,20088,ZCTA5 00674
00676,36683,20160,ZCTA5 00676
00677,15304,26404,ZCTA5 00677
00678,25039,19558,ZCTA5 00678
00680,43173,16535,ZCTA5 00680
00682,30414,17385,ZCTA5 00682
00683,29547,18132,ZCTA5 00683
00685,40346,17481,ZCTA5 00685
00687,28659,22282,ZCTA5 00687
00688,11478,17273,ZCTA5 00688
00690,5781,23343,ZCTA5 00690
00692,33302,25289,ZCTA5 00692
00693,55570,23791,ZCTA5 00693
00694,98,,ZCTA5 00694
00698,33506,19818,ZCTA5 00698
00703,24475,23045,ZCTA5 00703
00704,6831,19845,ZCTA5 00704
00705,24401,22679,ZCTA5 00705
00707,10487,21765,ZCTA5 00707
00714,15797,18496,ZCTA5 00714
00715,2040,16250,ZCTA5 00715
00716,27166,20184,ZCTA5 00716
00717,15029,14164,ZCTA5 00717
00718,23289,20414,ZCTA5 00718
00719,29523,20533,ZCTA5 00719
00720,20816,16751,ZCTA5 00720
00723,15978,20967,ZCTA5 00723
00725,77244,25786,ZCTA5 00725
00727,53258,33678,ZCTA5 00727
00728,38590,21239,ZCTA5 00728
00729,47826,26978,ZCTA5 00729
00730,32267,17517,ZCTA5 00730
00731,10473,16944,ZCTA5 00731
00735,11164,23125,ZCTA5 00735
00736,45867,27158,ZCTA5 00736
00738,30093,24643,ZCTA5 00738
00739,34678,24887,ZCTA5 00739
00740,2034,18784,ZCTA5 00740
00741,3627,23821,ZCTA5 00741
00745,47494,26189,ZCTA5 00745
00751,19570,20241,ZCTA5 00751
00754,36576,19528,ZCTA5 00754
00757,20048,22764,ZCTA5 00757
00765,8199,17062,ZCTA5 00765
00766,22053,22511,ZCTA5 00766
00767,30779,20126,ZCTA5 00767
00769,34374,20236,ZCTA5 00769
00771,34964,23343,ZCTA5 00771
00772,17316,17209,ZCTA5 00772
00773,17716,22585,ZCTA5 00773
00775,1186,25483,ZCTA5 00775
00777,37726,26052,ZCTA5 00777
00778,40476,39484,ZCTA5 00778
00780,13908,26075,ZCTA5 00780
00782,18639,16221,ZCTA5 00782
00783,34205,21701,ZCTA5 00783
00784,35917,19199,ZCTA5 00784
00786,154,,ZCTA5 00786
00791,46537,26002,ZCTA5 00791
00794,28335,21278,ZCTA5 00794
00795,42900,22579,ZCTA5 00795
00901,8220,27926,ZCTA5 00901
00906,148,,ZCTA5 00906
00907,16607,40293,ZCTA5 00907
00909,5260,25778,ZCTA5 00909
00911,7087,38125,ZCTA5 00911
00912,5955,27026,ZCTA5 00912
00913,7068,6449,ZCTA5 00913
00915,24713,12963,ZCTA5 00915
00917,18544,17086,ZCTA5 00917
00918,15976,35000,ZCTA5 00918
00920,17293,28562,ZCTA5 00920
00921,33555,21419,ZCTA5 00921
00923,24760,18389,ZCTA5 00923
00924,47080,21046,ZCTA5 00924
00925,5556,13016,ZCTA5 00925
00926,93751,38432,ZCTA5 00926
00927,13766,40213,ZCTA5 00927
00934,128,,ZCTA5 00934
00949,68031,31500,ZCTA5 00949
00950,0,,ZCTA5 00950
00951,298,21354,ZCTA5 00951
00952,8168,19392,ZCTA5 00952
00953,66079,32957,ZCTA5 00953
00956,65841,27243,ZCTA5 00956
00957,41009,28240,ZCTA5 00957
00959,47721,31603,ZCTA5 00959
00960,3405,,ZCTA5 00960
00961,29271,34141,ZCTA5 00961
00962,19614,18478,ZCTA5 00962
00965,5148,15872,ZCTA5 00965
00966,16451,51732,ZCTA5 00966
00968,3554,55132,ZCTA5 00968
00969,41784,55929,ZCTA5 00969
00971,26430,31484,ZCTA5 00971
00976,61638,35661,ZCTA5 00976
00979,16890,34705,ZCTA5 00979
00982,13876,24244,ZCTA5 00982
00983,31816,30595,ZCTA5 00983
00985,32265,33270,ZCTA5 00985
00987,54109,36396,ZCTA5 00987
01001,16045,73398,ZCTA5 01001
01002,22992,74265,ZCTA5 01002
01003,11989,,ZCTA5 01003
01005,4837,97409,ZCTA5 01005
01007,15368,99500,ZCTA5 01007
01008,1231,93405,ZCTA5 01008
01009,699,68510,ZCTA5 01009
01010,3699,88438,ZCTA5 01010
01011,1318,80640,ZCTA5 01011
01012,440,73906,ZCTA5 01012
01013,22895,62000,ZCTA5 01013
01020,30417,67617,ZCTA5 01020
01022,2144,52207,ZCTA5 01022
01026,1073,83875,ZCTA5 01026
01027,17711,69337,ZCTA5 01027
01028,16273,100610,ZCTA5 01028
01029,527,93125,ZCTA5 01029
01030,12561,87324,ZCTA5 01030
01031,1697,51250,ZCTA5 01031
01032,484,88077,ZCTA5 01032
01033,6096,102248,ZCTA5 01033
01034,2065,104583,ZCTA5 01034
01035,5295,112450,ZCTA5 01035
01036,4966,110320,ZCTA5 01036
01037,582,78047,ZCTA5 01037
01038,2469,103125,ZCTA5 01038
01039,1728,109167,ZCTA5 01039
01040,38210,49007,ZCTA5 01040
01050,2714,84333,ZCTA5 01050
01053,1885,60875,ZCTA5 01053
01054,1793,105833,ZCTA5 01054
01056,20883,76395,ZCTA5 01056
01057,8215,85614,ZCTA5 01057
01060,14724,79604,ZCTA5 01060
01062,9491,87409,ZCTA5 01062
01063,2089,,ZCTA5 01063
01066,134,20202,ZCTA5 01066
01068,1585,93906,ZCTA5 01068
01069,8516,71439,ZCTA5 01069
01070,571,60313,ZCTA5 01070
01071,1259,105417,ZCTA5 01071
01072,1413,99000,ZCTA5 01072
01073,6185,114531,ZCTA5 01073
01074,694,88190,ZCTA5 01074
01075,17115,92740,ZCTA5 01075
01077,9244,106779,ZCTA5 01077
01079,640,,ZCTA5 01079
01080,2674,89335,ZCTA5 01080
01081,1716,88636,ZCTA5 01081
01082,10533,66607,ZCTA5 01082
01083,2539,87511,ZCTA5 01083
01084,99,86538,ZCTA5 01084
01085,41592,78901,ZCTA5 01085
01088,725,51591,ZCTA5 01088
01089,28755,67297,ZCTA5 01089
01092,1428,69048,ZCTA5 01092
01093,145,130781,ZCTA5 01093
01094,44,87188,ZCTA5 01094
01095,14673,126689,ZCTA5 01095
01096,2516,106250,ZCTA5 01096
01097,36,,ZCTA5 01097
01098,951,91181,ZCTA5 01098
01103,2245,21288,ZCTA5 01103
01104,22606,47413,ZCTA5 01104
01105,12045,23948,ZCTA5 01105
01106,16019,137597,ZCTA5 01106
01107,12443,30825,ZCTA5 01107
01108,26198,48465,ZCTA5 01108
01109,31301,42928,ZCTA5 01109
01118,15112,78354,ZCTA5 01118
01119,14182,54326,ZCTA5 01119
01128,3063,77050,ZCTA5 01128
01129,6486,80352,ZCTA5 01129
01144,0,,ZCTA5 01144
01151,9467,51410,ZCTA5 01151
01201,45188,67262,ZCTA5 01201
01220,8149,54677,ZCTA5 01220
01222,623,78077,ZCTA5 01222
01223,2565,79226,ZCTA5 01223
01224,124,,ZCTA5 01224
01225,3239,72485,ZCTA5 01225
01226,6332,76198,ZCTA5 01226
01229,125,,ZCTA5 01229
01230,9095,73884,ZCTA5 01230
01235,2461,71641,ZCTA5 01235
01236,1625,113958,ZCTA5 01236
01237,2451,86300,ZCTA5 01237
01238,5928,77679,ZCTA5 01238
01240,4922,82578,ZCTA5 01240
01242,255,,ZCTA5 01242
01243,135,79167,ZCTA5 01243
01244,158,56842,ZCTA5 01244
01245,828,111354,ZCTA5 01245
01247,15279,53692,ZCTA5 01247
01253,818,102596,ZCTA5 01253
01254,961,91667,ZCTA5 01254
01255,931,73958,ZCTA5 01255
01256,620,54219,ZCTA5 01256
01257,2230,78940,ZCTA5 01257
01258,188,117917,ZCTA5 01258
01259,733,120568,ZCTA5 01259
01260,20,,ZCTA5 01260
01262,1785,75804,ZCTA5 01262
01264,207,78750,ZCTA5 01264
01266,952,85714,ZCTA5 01266
01267,8142,101823,ZCTA5 01267
01270,999,100833,ZCTA5 01270
01301,17880,53536,ZCTA5 01301
01330,1607,80560,ZCTA5 01330
01331,13845,66985,ZCTA5 01331
01337,2470,79000,ZCTA5 01337
01338,65,56250,ZCTA5 01338
01339,1396,69500,ZCTA5 01339
01340,1890,74632,ZCTA5 01340
01341,1620,92500,ZCTA5 01341
01342,1321,99583,ZCTA5 01342
01343,167,76250,ZCTA5 01343
01344,1631,70560,ZCTA5 01344
01346,409,105944,ZCTA5 01346
01347,197,74712,ZCTA5 01347
01349,764,70240,ZCTA5 01349
01350,103,,ZCTA5 01350
01351,2741,96389,ZCTA5 01351
01354,1747,79135,ZCTA5 01354
01355,1009,76739,ZCTA5 01355
01360,2871,94775,ZCTA5 01360
01364,7643,55773,ZCTA5 01364
01366,1177,104205,ZCTA5 01366
01367,504,78125,ZCTA5 01367
01368,1455,98542,ZCTA5 01368
01370,3713,74680,ZCTA5 01370
01373,4921,96546,ZCTA5 01373
01375,3658,59185,ZCTA5 01375
01376,4868,53671,ZCTA5 01376
01378,814,89643,ZCTA5 01378
01379,779,66290,ZCTA5 01379
01380,25,,ZCTA5 01380
01420,41661,65599,ZCTA5 01420
01430,6457,111801,ZCTA5 01430
01431,3187,105750,ZCTA5 01431
01432,8118,99375,ZCTA5 01432
01434,1763,106875,ZCTA5 01434
01436,3694,90225,ZCTA5 01436
01438,385,83953,ZCTA5 01438
01440,21231,57289,ZCTA5 01440
01450,11212,186750,ZCTA5 01450
01451,5362,199191,ZCTA5 01451
01452,4338,114922,ZCTA5 01452
01453,43550,75954,ZCTA5 01453
01460,10084,151488,ZCTA5 01460
01462,11765,106473,ZCTA5 01462
01463,11667,124052,ZCTA5 01463
01464,7092,114118,ZCTA5 01464
01468,4009,106581,ZCTA5 01468
01469,7168,100402,ZCTA5 01469
01473,8220,95674,ZCTA5 01473
01474,1902,117109,ZCTA5 01474
01475,10180,85379,ZCTA5 01475
01501,16763,101992,ZCTA5 01501
01503,3514,123077,ZCTA5 01503
01504,9195,95132,ZCTA5 01504
01505,4855,133292,ZCTA5 01505
01506,3443,71122,ZCTA5 01506
01507,13338,113896,ZCTA5 01507
01510,15347,89888,ZCTA5 01510
01515,2120,77122,ZCTA5 01515
01516,9213,138276,ZCTA5 01516
01518,3047,102500,ZCTA5 01518
01519,7634,144452,ZCTA5 01519
01520,16893,141508,ZCTA5 01520
01521,2585,81250,ZCTA5 01521
01522,2890,116894,ZCTA5 01522
01523,8395,111506,ZCTA5 01523
01524,6077,88933,ZCTA5 01524
01525,31,,ZCTA5 01525
01527,13852,109119,ZCTA5 01527
01529,3176,95144,ZCTA5 01529
01531,984,99318,ZCTA5 01531
01532,15647,160801,ZCTA5 01532
01534,5893,123370,ZCTA5 01534
01535,4750,80380,ZCTA5 01535
01536,7282,103793,ZCTA5 01536
01537,1935,67750,ZCTA5 01537
01540,11420,100757,ZCTA5 01540
01541,3497,163750,ZCTA5 01541
01542,2815,106719,ZCTA5 01542
01543,9102,150685,ZCTA5 01543
01545,38734,127088,ZCTA5 01545
01550,17669,55182,ZCTA5 01550
01560,4734,94464,ZCTA5 01560
01561,0,,ZCTA5 01561
01562,11955,76225,ZCTA5 01562
01564,8053,131058,ZCTA5 01564
01566,6795,122844,ZCTA5 01566
01568,7828,147198,ZCTA5 01568
01569,14039,124057,ZCTA5 01569
01570,17671,70644,ZCTA5 01570
01571,11885,87306,ZCTA5 01571
01581,21360,133145,ZCTA5 01581
01583,7476,97736,ZCTA5 01583
01585,4841,69767,ZCTA5 01585
01588,10468,88487,ZCTA5 01588
01590,9268,138750,ZCTA5 01590
01602,25869,86128,ZCTA5 01602
01603,20678,58797,ZCTA5 01603
01604,40724,68823,ZCTA5 01604
01605,30590,51360,ZCTA5 01605
01606,22636,82640,ZCTA5 01606
01607,8630,63718,ZCTA5 01607
01608,5080,41319,ZCTA5 01608
01609,23256,58246,ZCTA5 01609
01610,27033,39570,ZCTA5 01610
01611,2188,113276,ZCTA5 01611
01612,5013,130787,ZCTA5 01612
01701,32973,124532,ZCTA5 01701
01702,38898,76636,ZCTA5 01702
01718,737,,ZCTA5 01718
01719,5462,151207,ZCTA5 01719
01720,23081,151339,ZCTA5 01720
01721,18634,124311,ZCTA5 01721
01730,14408,143424,ZCTA5 01730
01731,1784,71250,ZCTA5 01731
01740,5653,191208,ZCTA5 01740
01741,5209,247656,ZCTA5 01741
01742,18311,183657,ZCTA5 01742
01745,554,162350,ZCTA5 01745
01746,14902,149614,ZCTA5 01746
01747,6021,120750,ZCTA5 01747
01748,18748,191439,ZCTA5 01748
01749,19947,103086,ZCTA5 01749
01752,41391,94199,ZCTA5 01752
01754,10671,112524,ZCTA5 01754
01756,6238,135909,ZCTA5 01756
01757,30411,93100,ZCTA5 01757
01760,36274,133623,ZCTA5 01760
01770,4404,242688,ZCTA5 01770
01772,9867,188000,ZCTA5 01772
01773,5216,185288,ZCTA5 01773
01775,7111,166833,ZCTA5 01775
01776,18926,234427,ZCTA5 01776
01778,14070,207721,ZCTA5 01778
01801,40992,104780,ZCTA5 01801
01803,26004,134189,ZCTA5 01803
01810,35612,162694,ZCTA5 01810
01821,30854,138397,ZCTA5 01821
01824,26612,137778,ZCTA5 01824
01826,32309,102335,ZCTA5 01826
01827,3359,193583,ZCTA5 01827
01830,26885,72195,ZCTA5 01830
01832,25707,78151,ZCTA5 01832
01833,8389,148810,ZCTA5 01833
01834,6742,131952,ZCTA5 01834
01835,14681,102162,ZCTA5 01835
01840,6977,30696,ZCTA5 01840
01841,52738,51574,ZCTA5 01841
01843,28352,72630,ZCTA5 01843
01844,52780,93739,ZCTA5 01844
01845,31624,131852,ZCTA5 01845
01850,16806,66069,ZCTA5 01850
01851,32323,79330,ZCTA5 01851
01852,36546,76272,ZCTA5 01852
01854,29062,66645,ZCTA5 01854
01860,6717,100321,ZCTA5 01860
01862,11126,125159,ZCTA5 01862
01863,9570,128682,ZCTA5 01863
01864,15529,141442,ZCTA5 01864
01867,25443,154505,ZCTA5 01867
01876,30817,120891,ZCTA5 01876
01879,12385,140901,ZCTA5 01879
01880,27026,125707,ZCTA5 01880
01886,24524,174424,ZCTA5 01886
01887,23191,151034,ZCTA5 01887
01890,22809,208531,ZCTA5 01890
01901,1658,20699,ZCTA5 01901
01902,51931,59445,ZCTA5 01902
01904,20078,94809,ZCTA5 01904
01905,26986,74792,ZCTA5 01905
01906,28566,96064,ZCTA5 01906
01907,15208,116161,ZCTA5 01907
01908,3336,105867,ZCTA5 01908
01913,17279,91010,ZCTA5 01913
01915,41611,98474,ZCTA5 01915
01921,8234,203750,ZCTA5 01921
01922,3827,197583,ZCTA5 01922
01923,27734,116636,ZCTA5 01923
01929,3648,133026,ZCTA5 01929
01930,29830,84465,ZCTA5 01930
01937,176,,ZCTA5 01937
01938,13791,123266,ZCTA5 01938
01940,13072,157955,ZCTA5 01940
01944,5386,209052,ZCTA5 01944
01945,20373,163561,ZCTA5 01945
01949,9668,168245,ZCTA5 01949
01950,18356,127306,ZCTA5 01950
01951,2896,163077,ZCTA5 01951
01952,9182,97237,ZCTA5 01952
01960,54057,91032,ZCTA5 01960
01965,803,241003,ZCTA5 01965
01966,6973,95091,ZCTA5 01966
01969,6175,135396,ZCTA5 01969
01970,44435,79267,ZCTA5 01970
01982,7612,139250,ZCTA5 01982
01983,6532,162734,ZCTA5 01983
01984,4933,181982,ZCTA5 01984
01985,4521,181125,ZCTA5 01985
02019,17025,116152,ZCTA5 02019
02021,24293,130134,ZCTA5 02021
02025,8330,178013,ZCTA5 02025
02026,25150,118877,ZCTA5 02026
02030,5886,250001,ZCTA5 02030
02032,4847,170174,ZCTA5 02032
02035,18476,104350,ZCTA5 02035
02038,32777,138062,ZCTA5 02038
02043,24143,170326,ZCTA5 02043
02045,10116,128022,ZCTA5 02045
02047,218,,ZCTA5 02047
02048,23831,125506,ZCTA5 02048
02050,25915,118633,ZCTA5 02050
02052,12844,215099,ZCTA5 02052
02053,13164,165614,ZCTA5 02053
02054,8565,140816,ZCTA5 02054
02056,11527,182716,ZCTA5 02056
02061,11281,179777,ZCTA5 02061
02062,31343,98653,ZCTA5 02062
02066,18718,127255,ZCTA5 02066
02067,18473,181545,ZCTA5 02067
02071,1480,200496,ZCTA5 02071
02072,29051,98145,ZCTA5 02072
02081,19990,141599,ZCTA5 02081
02090,16149,192887,ZCTA5 02090
02093,12173,151833,ZCTA5 02093
02108,4218,170379,ZCTA5 02108
02109,3559,162179,ZCTA5 02109
02110,2337,126157,ZCTA5 02110
02111,8417,72321,ZCTA5 02111
02113,6688,106625,ZCTA5 02113
02114,13356,121418,ZCTA5 02114
02115,27838,51454,ZCTA5 02115
02116,22286,131648,ZCTA5 02116
02118,28392,74155,ZCTA5 02118
02119,26821,37158,ZCTA5 02119
02120,14364,51698,ZCTA5 02120
02121,29820,42411,ZCTA5 02121
02122,24705,81025,ZCTA5 02122
02124,55336,72189,ZCTA5 02124
02125,31903,64983,ZCTA5 02125
02126,24994,66689,ZCTA5 02126
02127,36175,145357,ZCTA5 02127
02128,45357,84023,ZCTA5 02128
02129,19832,146815,ZCTA5 02129
02130,41479,114933,ZCTA5 02130
02131,31637,101566,ZCTA5 02131
02132,26488,132457,ZCTA5 02132
02133,0,,ZCTA5 02133
02134,17969,80027,ZCTA5 02134
02135,44480,87603,ZCTA5 02135
02136,39498,91579,ZCTA5 02136
02138,38006,118320,ZCTA5 02138
02139,39856,117124,ZCTA5 02139
02140,21553,137792,ZCTA5 02140
02141,14402,103451,ZCTA5 02141
02142,4474,150294,ZCTA5 02142
02143,25329,118440,ZCTA5 02143
02144,25022,133627,ZCTA5 02144
02145,27692,113469,ZCTA5 02145
02148,65463,90295,ZCTA5 02148
02149,48685,77796,ZCTA5 02149
02150,39875,70968,ZCTA5 02150
02151,60592,78882,ZCTA5 02151
02152,19031,98901,ZCTA5 02152
02155,63873,115048,ZCTA5 02155
02163,1994,67969,ZCTA5 02163
02169,60938,86335,ZCTA5 02169
02170,19928,97362,ZCTA5 02170
02171,19882,101013,ZCTA5 02171
02176,29477,126305,ZCTA5 02176
02180,22992,112935,ZCTA5 02180
02184,38748,120593,ZCTA5 02184
02186,28683,170144,ZCTA5 02186
02188,15313,100650,ZCTA5 02188
02189,15567,87314,ZCTA5 02189
02190,18516,95891,ZCTA5 02190
02191,7904,106596,ZCTA5 02191
02199,1221,111786,ZCTA5 02199
02203,0,,ZCTA5 02203
02205,0,,ZCTA5 02205
02210,5706,179643,ZCTA5 02210
02215,24522,64138,ZCTA5 02215
02301,69225,70837,ZCTA5 02301
02302,35488,80702,ZCTA5 02302
02322,4730,125000,ZCTA5 02322
02324,25819,110625,ZCTA5 02324
02325,2712,22500,ZCTA5 02325
02330,11641,69629,ZCTA5 02330
02332,16041,148505,ZCTA5 02332
02333,14382,122693,ZCTA5 02333
02338,7728,110763,ZCTA5 02338
02339,14773,163613,ZCTA5 02339
02341,10513,117708,ZCTA5 02341
02343,11282,96741,ZCTA5 02343
02346,24268,89290,ZCTA5 02346
02347,11625,119712,ZCTA5 02347
02350,106,82344,ZCTA5 02350
02351,17003,120535,ZCTA5 02351
02356,12201,116875,ZCTA5 02356
02357,1319,,ZCTA5 02357
02359,18330,140052,ZCTA5 02359
02360,61412,107067,ZCTA5 02360
02364,13702,111490,ZCTA5 02364
02366,216,,ZCTA5 02366
02367,2923,108958,ZCTA5 02367
02368,34747,95207,ZCTA5 02368
02370,17721,98295,ZCTA5 02370
02375,11501,117695,ZCTA5 02375
02379,7648,120414,ZCTA5 02379
02382,15146,101088,ZCTA5 02382
02420,16356,221458,ZCTA5 02420
02421,17865,200294,ZCTA5 02421
02445,22124,132970,ZCTA5 02445
02446,31517,116644,ZCTA5 02446
02451,18379,117932,ZCTA5 02451
02452,15830,106674,ZCTA5 02452
02453,30365,111294,ZCTA5 02453
02457,1758,,ZCTA5 02457
02458,12706,133936,ZCTA5 02458
02459,19182,210785,ZCTA5 02459
02460,9888,149000,ZCTA5 02460
02461,7049,191711,ZCTA5 02461
02462,1438,136375,ZCTA5 02462
02464,3440,126346,ZCTA5 02464
02465,11823,178333,ZCTA5 02465
02466,8859,144934,ZCTA5 02466
02467,21709,171250,ZCTA5 02467
02468,5589,250001,ZCTA5 02468
02472,35300,117584,ZCTA5 02472
02474,28167,134169,ZCTA5 02474
02476,17739,138959,ZCTA5 02476
02478,26964,164720,ZCTA5 02478
02481,17100,250001,ZCTA5 02481
02482,11004,230625,ZCTA5 02482
02492,21192,207844,ZCTA5 02492
02493,11759,250001,ZCTA5 02493
02494,10765,203690,ZCTA5 02494
02532,13092,82782,ZCTA5 02532
02534,1460,163053,ZCTA5 02534
02535,2269,135750,ZCTA5 02535
02536,20909,89132,ZCTA5 02536
02537,6408,126763,ZCTA5 02537
02538,4494,103198,ZCTA5 02538
02539,5159,79127,ZCTA5 02539
02540,8615,85117,ZCTA5 02540
02542,766,49250,ZCTA5 02542
02543,801,83629,ZCTA5 02543
02553,76,,ZCTA5 02553
02554,13861,136887,ZCTA5 02554
02556,2375,129787,ZCTA5 02556
02557,1924,92022,ZCTA5 02557
02558,1820,72586,ZCTA5 02558
02559,3205,93116,ZCTA5 02559
02561,481,88060,ZCTA5 02561
02562,3485,114770,ZCTA5 02562
02563,10168,118550,ZCTA5 02563
02564,180,,ZCTA5 02564
02568,8547,77078,ZCTA5 02568
02571,10530,82591,ZCTA5 02571
02575,2606,124622,ZCTA5 02575
02576,4406,59978,ZCTA5 02576
02584,24,,ZCTA5 02584
02601,17178,63432,ZCTA5 02601
02630,1922,135735,ZCTA5 02630
02631,10176,96133,ZCTA5 02631
02632,11929,114936,ZCTA5 02632
02633,4667,91974,ZCTA5 02633
02635,3007,94844,ZCTA5 02635
02637,323,207878,ZCTA5 02637
02638,3146,105639,ZCTA5 02638
02639,3308,57679,ZCTA5 02639
02641,319,,ZCTA5 02641
02642,5724,80167,ZCTA5 02642
02643,0,,ZCTA5 02643
02644,3838,119779,ZCTA5 02644
02645,10930,84693,ZCTA5 02645
02646,1950,70980,ZCTA5 02646
02647,159,,ZCTA5 02647
02648,7774,130177,ZCTA5 02648
02649,15144,90465,ZCTA5 02649
02650,1024,61276,ZCTA5 02650
02652,996,,ZCTA5 02652
02653,6322,89375,ZCTA5 02653
02655,3441,95563,ZCTA5 02655
02657,3630,91447,ZCTA5 02657
02659,916,72969,ZCTA5 02659
02660,6604,85963,ZCTA5 02660
02663,462,,ZCTA5 02663
02664,9282,76448,ZCTA5 02664
02666,631,89333,ZCTA5 02666
02667,3890,97438,ZCTA5 02667
02668,2465,108651,ZCTA5 02668
02670,1340,81250,ZCTA5 02670
02671,750,97865,ZCTA5 02671
02672,28,,ZCTA5 02672
02673,9246,69167,ZCTA5 02673
02675,7185,104741,ZCTA5 02675
02702,4416,121060,ZCTA5 02702
02703,46356,91458,ZCTA5 02703
02713,32,73125,ZCTA5 02713
02715,3620,114899,ZCTA5 02715
02717,4783,134948,ZCTA5 02717
02718,7213,98848,ZCTA5 02718
02719,15899,86676,ZCTA5 02719
02720,30558,60076,ZCTA5 02720
02721,26807,51958,ZCTA5 02721
02723,17164,43579,ZCTA5 02723
02724,18445,46120,ZCTA5 02724
02725,2359,129235,ZCTA5 02725
02726,15907,103508,ZCTA5 02726
02738,5305,111351,ZCTA5 02738
02739,6511,110179,ZCTA5 02739
02740,46623,51599,ZCTA5 02740
02743,10466,88273,ZCTA5 02743
02744,12465,52290,ZCTA5 02744
02745,25084,70338,ZCTA5 02745
02746,16286,39545,ZCTA5 02746
02747,21383,94831,ZCTA5 02747
02748,11431,105108,ZCTA5 02748
02760,29149,104360,ZCTA5 02760
02762,9814,99720,ZCTA5 02762
02763,1601,106667,ZCTA5 02763
02764,4463,119545,ZCTA5 02764
02766,19177,112284,ZCTA5 02766
02767,15432,110573,ZCTA5 02767
02769,12614,124306,ZCTA5 02769
02770,5564,114313,ZCTA5 02770
02771,15475,108479,ZCTA5 02771
02777,17158,110975,ZCTA5 02777
02779,6768,140000,ZCTA5 02779
02780,51915,68948,ZCTA5 02780
02790,16431,90691,ZCTA5 02790
02791,371,99490,ZCTA5 02791
02802,702,113056,ZCTA5 02802
02804,2560,101211,ZCTA5 02804
02806,17121,145028,ZCTA5 02806
02807,962,66652,ZCTA5 02807
02808,2328,78214,ZCTA5 02808
02809,22420,91382,ZCTA5 02809
02812,1038,107188,ZCTA5 02812
02813,7998,103182,ZCTA5 02813
02814,7444,103605,ZCTA5 02814
02815,134,201500,ZCTA5 02815
02816,33148,94026,ZCTA5 02816
02817,6535,119137,ZCTA5 02817
02818,19876,120219,ZCTA5 02818
02822,6241,103289,ZCTA5 02822
02823,17,,ZCTA5 02823
02824,291,,ZCTA5 02824
02825,5872,107653,ZCTA5 02825
02826,396,73491,ZCTA5 02826
02827,2286,96401,ZCTA5 02827
02828,7263,92340,ZCTA5 02828
02829,82,,ZCTA5 02829
02830,6766,118790,ZCTA5 02830
02831,3840,129122,ZCTA5 02831
02832,4887,102643,ZCTA5 02832
02833,670,,ZCTA5 02833
02835,5554,131875,ZCTA5 02835
02836,87,25658,ZCTA5 02836
02837,3622,136389,ZCTA5 02837
02838,3468,72278,ZCTA5 02838
02839,1598,95154,ZCTA5 02839
02840,23847,81307,ZCTA5 02840
02841,1240,,ZCTA5 02841
02842,17009,97555,ZCTA5 02842
02852,23382,103764,ZCTA5 02852
02857,8031,106250,ZCTA5 02857
02858,286,89960,ZCTA5 02858
02859,7295,114726,ZCTA5 02859
02860,47677,54462,ZCTA5 02860
02861,27527,78977,ZCTA5 02861
02863,22359,43092,ZCTA5 02863
02864,36142,109746,ZCTA5 02864
02865,18306,110639,ZCTA5 02865
02871,17748,107360,ZCTA5 02871
02872,98,,ZCTA5 02872
02873,97,42266,ZCTA5 02873
02874,6376,136473,ZCTA5 02874
02875,176,87076,ZCTA5 02875
02876,659,,ZCTA5 02876
02878,16324,92444,ZCTA5 02878
02879,22369,112409,ZCTA5 02879
02881,7177,62829,ZCTA5 02881
02882,13238,90507,ZCTA5 02882
02885,11117,81575,ZCTA5 02885
02886,30540,81788,ZCTA5 02886
02888,18443,81505,ZCTA5 02888
02889,28209,81226,ZCTA5 02889
02891,22026,89243,ZCTA5 02891
02892,5920,130875,ZCTA5 02892
02893,30909,71851,ZCTA5 02893
02894,609,79130,ZCTA5 02894
02895,43163,54483,ZCTA5 02895
02896,11449,100669,ZCTA5 02896
02898,1857,111167,ZCTA5 02898
02903,12039,57850,ZCTA5 02903
02904,31214,61853,ZCTA5 02904
02905,25674,53668,ZCTA5 02905
02906,26437,98563,ZCTA5 02906
02907,32697,46010,ZCTA5 02907
02908,39099,68268,ZCTA5 02908
02909,42629,58085,ZCTA5 02909
02910,23598,86709,ZCTA5 02910
02911,15866,78115,ZCTA5 02911
02912,4809,,ZCTA5 02912
02914,21742,60343,ZCTA5 02914
02915,16415,82546,ZCTA5 02915
02916,8855,92602,ZCTA5 02916
02917,14868,94531,ZCTA5 02917
02918,2960,,ZCTA5 02918
02919,29453,83408,ZCTA5 02919
02920,36907,70076,ZCTA5 02920
02921,12205,123066,ZCTA5 02921
03031,11814,152796,ZCTA5 03031
03032,5949,138750,ZCTA5 03032
03033,5659,163628,ZCTA5 03033
03034,4202,117500,ZCTA5 03034
03036,5237,135326,ZCTA5 03036
03037,4700,118606,ZCTA5 03037
03038,34506,94655,ZCTA5 03038
03042,7180,96558,ZCTA5 03042
03043,1444,104500,ZCTA5 03043
03044,4738,121583,ZCTA5 03044
03045,14165,109452,ZCTA5 03045
03046,3000,138036,ZCTA5 03046
03047,1784,99583,ZCTA5 03047
03048,3489,86914,ZCTA5 03048
03049,8429,155339,ZCTA5 03049
03051,25385,125216,ZCTA5 03051
03052,8484,134000,ZCTA5 03052
03053,25780,129571,ZCTA5 03053
03054,27139,120730,ZCTA5 03054
03055,16151,84912,ZCTA5 03055
03057,2607,156389,ZCTA5 03057
03060,31469,69452,ZCTA5 03060
03062,28866,101433,ZCTA5 03062
03063,15941,103466,ZCTA5 03063
03064,14667,83780,ZCTA5 03064
03070,6099,137813,ZCTA5 03070
03071,5244,91824,ZCTA5 03071
03076,14221,121875,ZCTA5 03076
03077,10773,91520,ZCTA5 03077
03079,30350,101856,ZCTA5 03079
03082,1606,114107,ZCTA5 03082
03084,1372,93194,ZCTA5 03084
03086,4116,89113,ZCTA5 03086
03087,15764,171563,ZCTA5 03087
03101,3228,74146,ZCTA5 03101
03102,33759,66064,ZCTA5 03102
03103,37093,68344,ZCTA5 03103
03104,34962,80018,ZCTA5 03104
03106,14654,100711,ZCTA5 03106
03109,10374,94818,ZCTA5 03109
03110,23385,151850,ZCTA5 03110
03215,248,89276,ZCTA5 03215
03216,2041,85909,ZCTA5 03216
03217,2239,53367,ZCTA5 03217
03218,1535,88188,ZCTA5 03218
03220,7454,72642,ZCTA5 03220
03221,2263,95104,ZCTA5 03221
03222,5894,76497,ZCTA5 03222
03223,3380,107500,ZCTA5 03223
03224,2343,114167,ZCTA5 03224
03225,3406,91111,ZCTA5 03225
03226,820,100192,ZCTA5 03226
03227,1461,136371,ZCTA5 03227
03229,5925,115682,ZCTA5 03229
03230,1491,62500,ZCTA5 03230
03231,110,135625,ZCTA5 03231
03233,209,125968,ZCTA5 03233
03234,4846,90805,ZCTA5 03234
03235,8827,66997,ZCTA5 03235
03237,2338,98542,ZCTA5 03237
03238,81,44398,ZCTA5 03238
03240,1200,72500,ZCTA5 03240
03241,1144,103750,ZCTA5 03241
03242,6094,76681,ZCTA5 03242
03243,902,81136,ZCTA5 03243
03244,7666,82647,ZCTA5 03244
03245,2125,78500,ZCTA5 03245
03246,16943,68024,ZCTA5 03246
03249,7725,112522,ZCTA5 03249
03251,1474,63813,ZCTA5 03251
03253,6701,65490,ZCTA5 03253
03254,4996,89728,ZCTA5 03254
03255,1899,117500,ZCTA5 03255
03256,2591,73456,ZCTA5 03256
03257,4381,84891,ZCTA5 03257
03258,2659,119028,ZCTA5 03258
03259,246,79375,ZCTA5 03259
03260,995,118304,ZCTA5 03260
03261,4632,122294,ZCTA5 03261
03262,1194,64928,ZCTA5 03262
03263,4093,64564,ZCTA5 03263
03264,6917,72025,ZCTA5 03264
03266,1929,55833,ZCTA5 03266
03268,1507,97731,ZCTA5 03268
03269,2957,87530,ZCTA5 03269
03273,309,176103,ZCTA5 03273
03275,12028,88475,ZCTA5 03275
03276,8811,68898,ZCTA5 03276
03278,3003,86806,ZCTA5 03278
03279,763,51793,ZCTA5 03279
03280,1097,85000,ZCTA5 03280
03281,9108,109779,ZCTA5 03281
03282,1083,87143,ZCTA5 03282
03284,798,107614,ZCTA5 03284
03285,2715,82593,ZCTA5 03285
03287,1502,110917,ZCTA5 03287
03290,5119,97035,ZCTA5 03290
03291,134,,ZCTA5 03291
03293,57,,ZCTA5 03293
03301,33986,78394,ZCTA5 03301
03303,16118,81992,ZCTA5 03303
03304,8235,147951,ZCTA5 03304
03307,5638,77473,ZCTA5 03307
03431,24891,69848,ZCTA5 03431
03440,2900,100833,ZCTA5 03440
03441,357,31750,ZCTA5 03441
03442,1515,73519,ZCTA5 03442
03443,303,,ZCTA5 03443
03444,1686,96516,ZCTA5 03444
03445,687,96750,ZCTA5 03445
03446,6535,78451,ZCTA5 03446
03447,2287,85733,ZCTA5 03447
03448,871,70000,ZCTA5 03448
03449,1785,85000,ZCTA5 03449
03450,977,89737,ZCTA5 03450
03451,3965,67054,ZCTA5 03451
03452,5363,82167,ZCTA5 03452
03455,2292,70850,ZCTA5 03455
03456,803,103333,ZCTA5 03456
03457,773,92143,ZCTA5 03457
03458,6864,98067,ZCTA5 03458
03461,6446,97794,ZCTA5 03461
03462,1532,109864,ZCTA5 03462
03464,927,87917,ZCTA5 03464
03465,1889,57500,ZCTA5 03465
03466,1742,106994,ZCTA5 03466
03467,2042,94609,ZCTA5 03467
03470,4925,67130,ZCTA5 03470
03561,6021,50881,ZCTA5 03561
03570,9485,41638,ZCTA5 03570
03574,2528,81781,ZCTA5 03574
03575,0,,ZCTA5 03575
03576,2660,49205,ZCTA5 03576
03579,417,60000,ZCTA5 03579
03580,1425,73011,ZCTA5 03580
03581,3285,58484,ZCTA5 03581
03582,2062,51352,ZCTA5 03582
03583,972,63765,ZCTA5 03583
03584,3440,75987,ZCTA5 03584
03585,2557,68068,ZCTA5 03585
03586,633,124500,ZCTA5 03586
03588,1609,71538,ZCTA5 03588
03590,1193,48611,ZCTA5 03590
03592,1023,59167,ZCTA5 03592
03593,408,95556,ZCTA5 03593
03595,795,77500,ZCTA5 03595
03597,670,59792,ZCTA5 03597
03598,3463,60504,ZCTA5 03598
03601,478,74167,ZCTA5 03601
03602,2364,56696,ZCTA5 03602
03603,5218,47259,ZCTA5 03603
03604,0,,ZCTA5 03604
03605,934,92500,ZCTA5 03605
03607,320,88333,ZCTA5 03607
03608,3093,86042,ZCTA5 03608
03609,558,79318,ZCTA5 03609
03740,1077,64904,ZCTA5 03740
03741,4164,80000,ZCTA5 03741
03743,13647,53957,ZCTA5 03743
03745,1914,86779,ZCTA5 03745
03748,4547,91995,ZCTA5 03748
03750,1035,207625,ZCTA5 03750
03751,374,38497,ZCTA5 03751
03752,1077,59896,ZCTA5 03752
03753,3407,114201,ZCTA5 03753
03755,10170,152865,ZCTA5 03755
03765,469,74000,ZCTA5 03765
03766,10334,95938,ZCTA5 03766
03768,1684,135982,ZCTA5 03768
03770,638,155526,ZCTA5 03770
03771,856,78958,ZCTA5 03771
03773,7758,74523,ZCTA5 03773
03774,1770,47188,ZCTA5 03774
03777,1313,82625,ZCTA5 03777
03779,849,88438,ZCTA5 03779
03780,637,,ZCTA5 03780
03781,1840,107969,ZCTA5 03781
03782,3074,116048,ZCTA5 03782
03784,4181,72114,ZCTA5 03784
03785,2154,57216,ZCTA5 03785
03801,23102,100839,ZCTA5 03801
03809,3617,86116,ZCTA5 03809
03810,2286,139848,ZCTA5 03810
03811,7154,137674,ZCTA5 03811
03812,979,39241,ZCTA5 03812
03813,3655,57340,ZCTA5 03813
03814,2507,71318,ZCTA5 03814
03816,1469,75323,ZCTA5 03816
03817,882,55904,ZCTA5 03817
03818,3751,69071,ZCTA5 03818
03819,4234,117396,ZCTA5 03819
03820,32925,90868,ZCTA5 03820
03823,2213,165583,ZCTA5 03823
03824,15073,98190,ZCTA5 03824
03825,9339,103258,ZCTA5 03825
03826,3022,108750,ZCTA5 03826
03827,3164,124464,ZCTA5 03827
03830,1350,64375,ZCTA5 03830
03832,355,67813,ZCTA5 03832
03833,22543,103734,ZCTA5 03833
03835,6777,60962,ZCTA5 03835
03836,1336,74167,ZCTA5 03836
03837,1622,110562,ZCTA5 03837
03838,1097,100701,ZCTA5 03838
03839,3856,81297,ZCTA5 03839
03840,4052,143625,ZCTA5 03840
03841,6227,106679,ZCTA5 03841
03842,16123,92745,ZCTA5 03842
03844,2375,152045,ZCTA5 03844
03845,1078,57554,ZCTA5 03845
03846,1144,93984,ZCTA5 03846
03847,192,,ZCTA5 03847
03848,6226,90074,ZCTA5 03848
03849,1360,95446,ZCTA5 03849
03850,130,,ZCTA5 03850
03851,4195,86392,ZCTA5 03851
03852,314,,ZCTA5 03852
03853,824,96439,ZCTA5 03853
03854,904,164167,ZCTA5 03854
03855,2711,97000,ZCTA5 03855
03856,1985,184688,ZCTA5 03856
03857,9400,98002,ZCTA5 03857
03858,4808,141328,ZCTA5 03858
03860,4040,67105,ZCTA5 03860
03861,4547,116350,ZCTA5 03861
03862,4552,116034,ZCTA5 03862
03864,1934,66563,ZCTA5 03864
03865,7843,103788,ZCTA5 03865
03867,22349,74194,ZCTA5 03867
03868,6368,70905,ZCTA5 03868
03869,2427,80921,ZCTA5 03869
03870,5170,137250,ZCTA5 03870
03871,356,,ZCTA5 03871
03872,4020,99044,ZCTA5 03872
03873,6536,125888,ZCTA5 03873
03874,8614,85767,ZCTA5 03874
03875,1236,94911,ZCTA5 03875
03878,12088,75833,ZCTA5 03878
03882,1760,76667,ZCTA5 03882
03883,583,75893,ZCTA5 03883
03884,4261,133889,ZCTA5 03884
03885,7715,126830,ZCTA5 03885
03886,1278,75978,ZCTA5 03886
03887,1954,92750,ZCTA5 03887
03890,51,,ZCTA5 03890
03894,6528,75976,ZCTA5 03894
03897,5,,ZCTA5 03897
03901,7991,80147,ZCTA5 03901
03902,2607,104018,ZCTA5 03902
03903,6848,92474,ZCTA5 03903
03904,8113,73407,ZCTA5 03904
03905,1990,130100,ZCTA5 03905
03906,5003,90785,ZCTA5 03906
03907,1257,100455,ZCTA5 03907
03908,7521,96701,ZCTA5 03908
03909,10811,106616,ZCTA5 03909
03910,0,,ZCTA5 03910
03911,315,108623,ZCTA5 03911
04001,2671,68482,ZCTA5 04001
04002,7618,65993,ZCTA5 04002
04003,123,,ZCTA5 04003
04005,24590,65485,ZCTA5 04005
04006,75,250001,ZCTA5 04006
04008,3083,101223,ZCTA5 04008
04009,5366,78546,ZCTA5 04009
04010,1741,55532,ZCTA5 04010
04011,21691,71236,ZCTA5 04011
04015,3657,60708,ZCTA5 04015
04017,597,58571,ZCTA5 04017
04019,55,,ZCTA5 04019
04020,1881,66528,ZCTA5 04020
04021,6633,140887,ZCTA5 04021
04022,1131,66016,ZCTA5 04022
04024,432,63700,ZCTA5 04024
04027,6499,96173,ZCTA5 04027
04029,2011,69375,ZCTA5 04029
04030,2473,82917,ZCTA5 04030
04032,8700,95398,ZCTA5 04032
04037,3820,50388,ZCTA5 04037
04038,17999,103152,ZCTA5 04038
04039,7893,91092,ZCTA5 04039
04040,3044,55476,ZCTA5 04040
04041,1644,57778,ZCTA5 04041
04042,4766,84219,ZCTA5 04042
04043,11566,96814,ZCTA5 04043
04046,7965,93810,ZCTA5 04046
04047,1720,72368,ZCTA5 04047
04048,3244,84464,ZCTA5 04048
04049,3920,76991,ZCTA5 04049
04050,282,101250,ZCTA5 04050
04051,1436,72361,ZCTA5 04051
04055,3928,66635,ZCTA5 04055
04056,106,49000,ZCTA5 04056
04057,105,,ZCTA5 04057
04061,2909,81487,ZCTA5 04061
04062,18648,92813,ZCTA5 04062
04063,617,42708,ZCTA5 04063
04064,8423,63160,ZCTA5 04064
04066,644,,ZCTA5 04066
04068,1497,53578,ZCTA5 04068
04069,1600,100750,ZCTA5 04069
04071,4958,83237,ZCTA5 04071
04072,20446,81326,ZCTA5 04072
04073,17389,70605,ZCTA5 04073
04074,22098,114395,ZCTA5 04074
04076,2926,81969,ZCTA5 04076
04079,4250,83077,ZCTA5 04079
04083,4597,80962,ZCTA5 04083
04084,7345,89375,ZCTA5 04084
04085,3107,94318,ZCTA5 04085
04086,9566,75978,ZCTA5 04086
04087,2597,90922,ZCTA5 04087
04088,1127,57813,ZCTA5 04088
04090,11365,75705,ZCTA5 04090
04091,740,78750,ZCTA5 04091
04092,20339,81198,ZCTA5 04092
04093,8408,76364,ZCTA5 04093
04095,1464,56136,ZCTA5 04095
04096,8984,108063,ZCTA5 04096
04097,4106,118304,ZCTA5 04097
04101,17832,54513,ZCTA5 04101
04102,17501,77350,ZCTA5 04102
04103,31892,81523,ZCTA5 04103
04105,12436,143235,ZCTA5 04105
04106,26873,81551,ZCTA5 04106
04107,9519,144250,ZCTA5 04107
04108,859,90893,ZCTA5 04108
04109,141,,ZCTA5 04109
04110,1810,152179,ZCTA5 04110
04210,24038,59659,ZCTA5 04210
04216,622,41750,ZCTA5 04216
04217,3364,42930,ZCTA5 04217
04219,1269,54671,ZCTA5 04219
04220,3445,85819,ZCTA5 04220
04221,1075,50417,ZCTA5 04221
04222,4176,89273,ZCTA5 04222
04224,2872,58954,ZCTA5 04224
04226,81,43000,ZCTA5 04226
04227,45,21161,ZCTA5 04227
04231,282,41875,ZCTA5 04231
04234,0,,ZCTA5 04234
04236,4377,92337,ZCTA5 04236
04237,234,32222,ZCTA5 04237
04238,1260,79861,ZCTA5 04238
04239,4637,76587,ZCTA5 04239
04240,37577,54317,ZCTA5 04240
04250,4698,70096,ZCTA5 04250
04252,4971,69989,ZCTA5 04252
04253,1873,72935,ZCTA5 04253
04254,3061,45724,ZCTA5 04254
04255,687,54167,ZCTA5 04255
04256,3094,67426,ZCTA5 04256
04257,2758,44943,ZCTA5 04257
04258,2760,90792,ZCTA5 04258
04259,3410,78864,ZCTA5 04259
04260,5705,97939,ZCTA5 04260
04261,311,36250,ZCTA5 04261
04263,2267,76799,ZCTA5 04263
04265,697,41619,ZCTA5 04265
04267,36,66500,ZCTA5 04267
04268,5113,54135,ZCTA5 04268
04270,6127,72284,ZCTA5 04270
04271,0,,ZCTA5 04271
04274,5883,100344,ZCTA5 04274
04275,746,52396,ZCTA5 04275
04276,5871,42845,ZCTA5 04276
04280,6935,70536,ZCTA5 04280
04281,5226,53801,ZCTA5 04281
04282,5822,83305,ZCTA5 04282
04284,1069,70806,ZCTA5 04284
04285,398,61797,ZCTA5 04285
04286,0,,ZCTA5 04286
04287,3158,85353,ZCTA5 04287
04289,1980,54338,ZCTA5 04289
04290,1620,71058,ZCTA5 04290
04292,1000,48750,ZCTA5 04292
04294,3949,53493,ZCTA5 04294
04330,26394,52500,ZCTA5 04330
04341,38,,ZCTA5 04341
04342,1814,72596,ZCTA5 04342
04344,2988,62734,ZCTA5 04344
04345,12282,70194,ZCTA5 04345
04346,1522,48654,ZCTA5 04346
04347,2558,62990,ZCTA5 04347
04348,3508,71211,ZCTA5 04348
04349,1302,55000,ZCTA5 04349
04350,3605,72596,ZCTA5 04350
04351,2387,83681,ZCTA5 04351
04352,1618,67656,ZCTA5 04352
04353,2269,76411,ZCTA5 04353
04354,1447,95125,ZCTA5 04354
04355,2616,96563,ZCTA5 04355
04357,3536,61357,ZCTA5 04357
04358,4434,94645,ZCTA5 04358
04359,326,,ZCTA5 04359
04360,642,71103,ZCTA5 04360
04363,2643,64118,ZCTA5 04363
04364,6138,79273,ZCTA5 04364
04401,44285,62287,ZCTA5 04401
04406,671,54063,ZCTA5 04406
04408,196,61667,ZCTA5 04408
04410,1090,69917,ZCTA5 04410
04411,1693,85469,ZCTA5 04411
04412,9633,55870,ZCTA5 04412
04413,170,60278,ZCTA5 04413
04414,1759,56875,ZCTA5 04414
04415,271,38281,ZCTA5 04415
04416,5586,56598,ZCTA5 04416
04417,407,34201,ZCTA5 04417
04418,1785,56406,ZCTA5 04418
04419,2902,94042,ZCTA5 04419
04421,1289,78088,ZCTA5 04421
04422,1094,72708,ZCTA5 04422
04424,953,42167,ZCTA5 04424
04426,4903,49918,ZCTA5 04426
04427,2916,55250,ZCTA5 04427
04428,3500,67354,ZCTA5 04428
04429,4924,86685,ZCTA5 04429
04430,1541,44531,ZCTA5 04430
04431,61,,ZCTA5 04431
04434,1200,71250,ZCTA5 04434
04435,1170,66357,ZCTA5 04435
04438,1323,70909,ZCTA5 04438
04441,1761,59332,ZCTA5 04441
04442,135,37039,ZCTA5 04442
04443,2162,46417,ZCTA5 04443
04444,9303,94018,ZCTA5 04444
04448,1397,48750,ZCTA5 04448
04449,1127,52143,ZCTA5 04449
04450,1370,72614,ZCTA5 04450
04451,265,29946,ZCTA5 04451
04453,870,36250,ZCTA5 04453
04454,5,,ZCTA5 04454
04455,814,46250,ZCTA5 04455
04456,2965,67983,ZCTA5 04456
04457,5794,45019,ZCTA5 04457
04459,688,46875,ZCTA5 04459
04460,1200,37200,ZCTA5 04460
04461,3073,59091,ZCTA5 04461
04462,4506,46060,ZCTA5 04462
04463,2678,55444,ZCTA5 04463
04464,493,49861,ZCTA5 04464
04468,9234,47164,ZCTA5 04468
04469,2958,,ZCTA5 04469
04471,585,35682,ZCTA5 04471
04472,1891,64797,ZCTA5 04472
04473,8171,56682,ZCTA5 04473
04474,3820,82656,ZCTA5 04474
04475,505,48125,ZCTA5 04475
04476,1091,53224,ZCTA5 04476
04478,507,58304,ZCTA5 04478
04479,1141,34464,ZCTA5 04479
04481,548,68452,ZCTA5 04481
04485,183,71250,ZCTA5 04485
04487,812,39417,ZCTA5 04487
04488,1293,60568,ZCTA5 04488
04489,327,,ZCTA5 04489
04490,238,47031,ZCTA5 04490
04491,154,47292,ZCTA5 04491
04492,97,30000,ZCTA5 04492
04493,1823,56389,ZCTA5 04493
04495,349,40114,ZCTA5 04495
04496,3837,85809,ZCTA5 04496
04497,345,46528,ZCTA5 04497
04530,11584,69587,ZCTA5 04530
04535,747,85096,ZCTA5 04535
04537,1438,66719,ZCTA5 04537
04538,1737,63375,ZCTA5 04538
04539,1424,75188,ZCTA5 04539
04541,55,54464,ZCTA5 04541
04543,2257,54677,ZCTA5 04543
04544,1057,59417,ZCTA5 04544
04547,1145,70625,ZCTA5 04547
04548,868,78261,ZCTA5 04548
04551,815,91842,ZCTA5 04551
04553,1766,81979,ZCTA5 04553
04554,676,85000,ZCTA5 04554
04555,1554,93274,ZCTA5 04555
04556,1314,82237,ZCTA5 04556
04558,276,78409,ZCTA5 04558
04562,1961,96715,ZCTA5 04562
04563,1464,71875,ZCTA5 04563
04564,436,112250,ZCTA5 04564
04568,516,54375,ZCTA5 04568
04570,0,,ZCTA5 04570
04571,552,53996,ZCTA5 04571
04572,5178,58278,ZCTA5 04572
04573,460,90446,ZCTA5 04573
04574,1711,57692,ZCTA5 04574
04575,336,,ZCTA5 04575
04576,467,68542,ZCTA5 04576
04578,4657,86300,ZCTA5 04578
04579,3112,92596,ZCTA5 04579
04605,14686,65131,ZCTA5 04605
04606,1192,48696,ZCTA5 04606
04607,1308,68102,ZCTA5 04607
04609,5161,67045,ZCTA5 04609
04611,513,58438,ZCTA5 04611
04612,490,81875,ZCTA5 04612
04613,93,77734,ZCTA5 04613
04614,2797,55841,ZCTA5 04614
04616,745,60250,ZCTA5 04616
04617,725,49897,ZCTA5 04617
04619,3078,45250,ZCTA5 04619
04622,868,35938,ZCTA5 04622
04623,1124,58438,ZCTA5 04623
04624,136,51705,ZCTA5 04624
04625,52,66250,ZCTA5 04625
04626,517,53929,ZCTA5 04626
04627,2044,58750,ZCTA5 04627
04628,501,42500,ZCTA5 04628
04630,1377,55179,ZCTA5 04630
04631,1211,44919,ZCTA5 04631
04634,1964,58952,ZCTA5 04634
04635,10,,ZCTA5 04635
04640,2432,67298,ZCTA5 04640
04642,159,55000,ZCTA5 04642
04643,845,67361,ZCTA5 04643
04645,43,,ZCTA5 04645
04646,100,69375,ZCTA5 04646
04648,593,56094,ZCTA5 04648
04649,1206,47875,ZCTA5 04649
04650,280,108661,ZCTA5 04650
04652,1461,57798,ZCTA5 04652
04653,700,62500,ZCTA5 04653
04654,3385,46215,ZCTA5 04654
04655,924,58500,ZCTA5 04655
04657,322,52500,ZCTA5 04657
04658,1369,58594,ZCTA5 04658
04660,1102,70069,ZCTA5 04660
04662,487,144875,ZCTA5 04662
04664,1515,64375,ZCTA5 04664
04666,1324,55347,ZCTA5 04666
04667,1324,64293,ZCTA5 04667
04668,1741,44792,ZCTA5 04668
04669,144,89318,ZCTA5 04669
04671,626,56250,ZCTA5 04671
04673,186,,ZCTA5 04673
04674,313,76250,ZCTA5 04674
04675,83,,ZCTA5 04675
04676,1169,72955,ZCTA5 04676
04677,286,77969,ZCTA5 04677
04679,1496,58603,ZCTA5 04679
04680,1248,67717,ZCTA5 04680
04681,826,65417,ZCTA5 04681
04683,0,,ZCTA5 04683
04684,1756,67578,ZCTA5 04684
04685,417,78000,ZCTA5 04685
04686,191,54375,ZCTA5 04686
04691,515,50700,ZCTA5 04691
04693,434,60547,ZCTA5 04693
04694,2352,58221,ZCTA5 04694
04730,10092,51017,ZCTA5 04730
04732,1584,47292,ZCTA5 04732
04733,483,53438,ZCTA5 04733
04734,832,66250,ZCTA5 04734
04735,483,51250,ZCTA5 04735
04736,9022,50286,ZCTA5 04736
04737,0,,ZCTA5 04737
04739,791,39792,ZCTA5 04739
04740,1341,45179,ZCTA5 04740
04742,3323,63221,ZCTA5 04742
04743,4701,59635,ZCTA5 04743
04745,872,52841,ZCTA5 04745
04746,392,32583,ZCTA5 04746
04747,1295,55104,ZCTA5 04747
04750,1926,43042,ZCTA5 04750
04756,3190,36932,ZCTA5 04756
04757,2635,78482,ZCTA5 04757
04758,1438,57083,ZCTA5 04758
04760,713,56667,ZCTA5 04760
04761,465,49559,ZCTA5 04761
04762,505,55625,ZCTA5 04762
04763,656,43900,ZCTA5 04763
04764,14,29000,ZCTA5 04764
04765,1030,42542,ZCTA5 04765
04766,327,53375,ZCTA5 04766
04768,397,53393,ZCTA5 04768
04769,8772,52109,ZCTA5 04769
04772,885,68083,ZCTA5 04772
04773,691,58229,ZCTA5 04773
04774,609,35625,ZCTA5 04774
04776,955,47292,ZCTA5 04776
04777,427,39583,ZCTA5 04777
04779,333,69485,ZCTA5 04779
04780,899,49063,ZCTA5 04780
04781,513,56458,ZCTA5 04781
04783,458,47500,ZCTA5 04783
04785,2169,39732,ZCTA5 04785
04786,1623,46300,ZCTA5 04786
04787,484,45357,ZCTA5 04787
04841,6986,52212,ZCTA5 04841
04843,5221,90739,ZCTA5 04843
04847,1795,81343,ZCTA5 04847
04848,617,73611,ZCTA5 04848
04849,3808,76633,ZCTA5 04849
04851,95,48125,ZCTA5 04851
04852,119,,ZCTA5 04852
04853,448,89688,ZCTA5 04853
04854,1440,80244,ZCTA5 04854
04855,266,250001,ZCTA5 04855
04856,3636,86188,ZCTA5 04856
04858,1371,80658,ZCTA5 04858
04859,781,87500,ZCTA5 04859
04860,1590,65104,ZCTA5 04860
04861,2753,58426,ZCTA5 04861
04862,4130,62500,ZCTA5 04862
04863,981,73269,ZCTA5 04863
04864,4873,79540,ZCTA5 04864
04901,26463,50835,ZCTA5 04901
04910,2311,54375,ZCTA5 04910
04911,1849,50662,ZCTA5 04911
04912,783,45625,ZCTA5 04912
04915,9078,54164,ZCTA5 04915
04917,3258,81691,ZCTA5 04917
04918,0,,ZCTA5 04918
04920,1688,40250,ZCTA5 04920
04921,1586,58313,ZCTA5 04921
04922,829,40893,ZCTA5 04922
04923,522,56667,ZCTA5 04923
04924,2191,54406,ZCTA5 04924
04925,16,,ZCTA5 04925
04926,0,,ZCTA5 04926
04927,3381,69861,ZCTA5 04927
04928,1925,54238,ZCTA5 04928
04929,788,41964,ZCTA5 04929
04930,4226,50354,ZCTA5 04930
04932,1186,64286,ZCTA5 04932
04936,179,33393,ZCTA5 04936
04937,6397,55293,ZCTA5 04937
04938,10261,52471,ZCTA5 04938
04939,817,41563,ZCTA5 04939
04940,0,,ZCTA5 04940
04941,1736,61583,ZCTA5 04941
04942,1101,40625,ZCTA5 04942
04943,1656,41500,ZCTA5 04943
04944,78,,ZCTA5 04944
04945,1242,55203,ZCTA5 04945
04947,1588,69167,ZCTA5 04947
04949,884,56406,ZCTA5 04949
04950,4738,55839,ZCTA5 04950
04951,1079,73333,ZCTA5 04951
04952,1730,64750,ZCTA5 04952
04953,3143,61711,ZCTA5 04953
04955,1449,61146,ZCTA5 04955
04956,691,56786,ZCTA5 04956
04957,4025,58806,ZCTA5 04957
04958,2198,55652,ZCTA5 04958
04961,732,41099,ZCTA5 04961
04963,7376,70346,ZCTA5 04963
04964,114,72596,ZCTA5 04964
04965,2147,59643,ZCTA5 04965
04966,1651,44342,ZCTA5 04966
04967,3924,52026,ZCTA5 04967
04969,1319,55875,ZCTA5 04969
04970,1507,57379,ZCTA5 04970
04971,1822,59479,ZCTA5 04971
04973,1415,81536,ZCTA5 04973
04974,2649,58112,ZCTA5 04974
04975,36,,ZCTA5 04975
04976,10036,53453,ZCTA5 04976
04978,943,101932,ZCTA5 04978
04979,830,48281,ZCTA5 04979
04981,2479,72500,ZCTA5 04981
04982,328,35388,ZCTA5 04982
04983,1594,41648,ZCTA5 04983
04984,735,50776,ZCTA5 04984
04985,153,,ZCTA5 04985
04986,2382,57463,ZCTA5 04986
04987,962,45800,ZCTA5 04987
04988,1988,51944,ZCTA5 04988
04989,4526,70958,ZCTA5 04989
04992,0,,ZCTA5 04992
05001,9644,70462,ZCTA5 05001
05009,0,,ZCTA5 05009
05030,101,,ZCTA5 05030
05031,42,,ZCTA5 05031
05032,2894,72417,ZCTA5 05032
05033,3021,72256,ZCTA5 05033
05034,133,38750,ZCTA5 05034
05035,757,61806,ZCTA5 05035
05036,1164,89500,ZCTA5 05036
05037,853,95625,ZCTA5 05037
05038,1435,61875,ZCTA5 05038
05039,1053,71912,ZCTA5 05039
05040,652,92386,ZCTA5 05040
05041,224,68750,ZCTA5 05041
05042,669,60000,ZCTA5 05042
05043,1131,79779,ZCTA5 05043
05045,1768,68611,ZCTA5 05045
05046,1323,73162,ZCTA5 05046
05048,2649,87005,ZCTA5 05048
05050,118,,ZCTA5 05050
05051,1232,67083,ZCTA5 05051
05052,358,79375,ZCTA5 05052
05053,294,139886,ZCTA5 05053
05055,3404,132153,ZCTA5 05055
05056,454,57250,ZCTA5 05056
05058,138,67262,ZCTA5 05058
05059,419,,ZCTA5 05059
05060,4201,69311,ZCTA5 05060
05061,1821,77542,ZCTA5 05061
05062,498,70500,ZCTA5 05062
05065,1116,69688,ZCTA5 05065
05067,142,110833,ZCTA5 05067
05068,2910,74135,ZCTA5 05068
05069,606,93750,ZCTA5 05069
05070,457,119427,ZCTA5 05070
05071,139,107708,ZCTA5 05071
05072,622,105333,ZCTA5 05072
05073,22,,ZCTA5 05073
05075,1200,104464,ZCTA5 05075
05076,516,67083,ZCTA5 05076
05077,1112,83750,ZCTA5 05077
05079,863,66759,ZCTA5 05079
05081,553,40750,ZCTA5 05081
05083,259,52813,ZCTA5 05083
05084,176,,ZCTA5 05084
05086,563,76000,ZCTA5 05086
05088,827,70598,ZCTA5 05088
05089,4403,49287,ZCTA5 05089
05091,3426,97396,ZCTA5 05091
05101,4095,66219,ZCTA5 05101
05141,121,,ZCTA5 05141
05142,746,73125,ZCTA5 05142
05143,4967,70911,ZCTA5 05143
05146,652,83611,ZCTA5 05146
05148,1458,78990,ZCTA5 05148
05149,2241,56607,ZCTA5 05149
05150,424,63500,ZCTA5 05150
05151,1491,83077,ZCTA5 05151
05152,444,111591,ZCTA5 05152
05153,801,75500,ZCTA5 05153
05154,585,140833,ZCTA5 05154
05155,709,74306,ZCTA5 05155
05156,9307,62828,ZCTA5 05156
05158,1148,89063,ZCTA5 05158
05161,800,113375,ZCTA5 05161
05201,14901,58257,ZCTA5 05201
05250,3865,79044,ZCTA5 05250
05251,1330,98750,ZCTA5 05251
05252,627,72885,ZCTA5 05252
05253,588,38333,ZCTA5 05253
05254,439,89018,ZCTA5 05254
05255,4100,87091,ZCTA5 05255
05257,3022,89083,ZCTA5 05257
05260,263,58640,ZCTA5 05260
05261,2354,71711,ZCTA5 05261
05262,1949,101741,ZCTA5 05262
05301,16673,52616,ZCTA5 05301
05340,748,66691,ZCTA5 05340
05341,593,,ZCTA5 05341
05342,612,53646,ZCTA5 05342
05343,1056,66932,ZCTA5 05343
05344,511,,ZCTA5 05344
05345,1757,66875,ZCTA5 05345
05346,5262,76445,ZCTA5 05346
05350,765,56250,ZCTA5 05350
05351,184,,ZCTA5 05351
05352,987,75833,ZCTA5 05352
05353,1434,86250,ZCTA5 05353
05354,2548,77254,ZCTA5 05354
05355,717,82778,ZCTA5 05355
05356,634,49622,ZCTA5 05356
05358,425,59044,ZCTA5 05358
05359,669,75357,ZCTA5 05359
05360,428,75000,ZCTA5 05360
05361,978,67153,ZCTA5 05361
05362,186,57875,ZCTA5 05362
05363,1919,78529,ZCTA5 05363
05401,32019,59052,ZCTA5 05401
05403,20177,90383,ZCTA5 05403
05404,8082,69583,ZCTA5 05404
05405,2575,,ZCTA5 05405
05408,10067,90522,ZCTA5 05408
05439,1340,,ZCTA5 05439
05440,1857,71116,ZCTA5 05440
05441,611,78958,ZCTA5 05441
05442,402,85917,ZCTA5 05442
05443,6360,85134,ZCTA5 05443
05444,1646,83500,ZCTA5 05444
05445,3910,124611,ZCTA5 05445
05446,16292,90550,ZCTA5 05446
05447,106,46458,ZCTA5 05447
05448,845,69609,ZCTA5 05448
05450,5306,68443,ZCTA5 05450
05452,22338,97383,ZCTA5 05452
05454,5255,103269,ZCTA5 05454
05455,1312,108068,ZCTA5 05455
05456,949,132250,ZCTA5 05456
05457,1622,99063,ZCTA5 05457
05458,2254,94398,ZCTA5 05458
05459,1835,76364,ZCTA5 05459
05461,4866,115808,ZCTA5 05461
05462,1782,89848,ZCTA5 05462
05463,551,73750,ZCTA5 05463
05464,3014,89392,ZCTA5 05464
05465,5589,111831,ZCTA5 05465
05468,13254,107744,ZCTA5 05468
05471,693,40104,ZCTA5 05471
05472,1937,99276,ZCTA5 05472
05473,1516,89211,ZCTA5 05473
05474,1157,80893,ZCTA5 05474
05476,3254,60426,ZCTA5 05476
05477,4389,118185,ZCTA5 05477
05478,16034,67705,ZCTA5 05478
05481,0,,ZCTA5 05481
05482,7800,106863,ZCTA5 05482
05483,1746,67052,ZCTA5 05483
05485,0,,ZCTA5 05485
05486,1516,130313,ZCTA5 05486
05487,1736,71359,ZCTA5 05487
05488,7984,70472,ZCTA5 05488
05489,3652,87941,ZCTA5 05489
05491,5880,87216,ZCTA5 05491
05492,774,84375,ZCTA5 05492
05494,1614,104313,ZCTA5 05494
05495,10888,99560,ZCTA5 05495
05602,12572,78376,ZCTA5 05602
05640,251,125149,ZCTA5 05640
05641,16860,68592,ZCTA5 05641
05647,1214,68832,ZCTA5 05647
05648,569,99250,ZCTA5 05648
05649,377,95313,ZCTA5 05649
05650,902,90139,ZCTA5 05650
05651,1546,87417,ZCTA5 05651
05652,727,62167,ZCTA5 05652
05653,608,63333,ZCTA5 05653
05654,1229,56289,ZCTA5 05654
05655,3022,73333,ZCTA5 05655
05656,3491,59286,ZCTA5 05656
05658,1521,63859,ZCTA5 05658
05660,1909,94952,ZCTA5 05660
05661,6081,62799,ZCTA5 05661
05663,6727,80402,ZCTA5 05663
05664,0,,ZCTA5 05664
05666,36,41250,ZCTA5 05666
05667,2257,55268,ZCTA5 05667
05669,918,69844,ZCTA5 05669
05670,31,,ZCTA5 05670
05672,5214,83167,ZCTA5 05672
05673,2284,91014,ZCTA5 05673
05674,1736,82750,ZCTA5 05674
05675,928,67143,ZCTA5 05675
05676,4776,84641,ZCTA5 05676
05677,2357,131855,ZCTA5 05677
05678,84,73977,ZCTA5 05678
05679,3072,88450,ZCTA5 05679
05680,2016,67898,ZCTA5 05680
05681,150,80833,ZCTA5 05681
05682,1238,74464,ZCTA5 05682
05701,20469,56667,ZCTA5 05701
05730,412,86944,ZCTA5 05730
05731,0,,ZCTA5 05731
05732,1267,43750,ZCTA5 05732
05733,6038,67780,ZCTA5 05733
05734,1289,72583,ZCTA5 05734
05735,3646,49643,ZCTA5 05735
05736,512,56250,ZCTA5 05736
05737,566,87039,ZCTA5 05737
05738,1331,93214,ZCTA5 05738
05739,1299,57750,ZCTA5 05739
05742,699,61833,ZCTA5 05742
05743,4129,67083,ZCTA5 05743
05744,436,70815,ZCTA5 05744
05746,0,,ZCTA5 05746
05747,313,56250,ZCTA5 05747
05748,480,69623,ZCTA5 05748
05751,766,74000,ZCTA5 05751
05753,10927,88041,ZCTA5 05753
05757,748,68889,ZCTA5 05757
05758,661,58884,ZCTA5 05758
05759,2038,61360,ZCTA5 05759
05760,829,61103,ZCTA5 05760
05761,1056,66538,ZCTA5 05761
05762,436,64688,ZCTA5 05762
05763,3009,63738,ZCTA5 05763
05764,3079,65234,ZCTA5 05764
05765,1852,65938,ZCTA5 05765
05766,494,113889,ZCTA5 05766
05767,1301,68134,ZCTA5 05767
05768,41,38636,ZCTA5 05768
05769,1186,90761,ZCTA5 05769
05770,1170,85625,ZCTA5 05770
05772,760,67917,ZCTA5 05772
05773,2531,76635,ZCTA5 05773
05774,921,70658,ZCTA5 05774
05775,620,55000,ZCTA5 05775
05776,346,50603,ZCTA5 05776
05777,3372,54470,ZCTA5 05777
05778,1027,72917,ZCTA5 05778
05819,9383,57747,ZCTA5 05819
05820,395,65000,ZCTA5 05820
05821,949,67386,ZCTA5 05821
05822,1924,61111,ZCTA5 05822
05824,1202,57083,ZCTA5 05824
05825,49,,ZCTA5 05825
05826,770,60938,ZCTA5 05826
05827,546,85263,ZCTA5 05827
05828,2102,67847,ZCTA5 05828
05829,1683,65417,ZCTA5 05829
05830,1372,64375,ZCTA5 05830
05832,1157,69615,ZCTA5 05832
05833,38,63542,ZCTA5 05833
05836,1371,93818,ZCTA5 05836
05837,352,33611,ZCTA5 05837
05839,639,68295,ZCTA5 05839
05840,53,,ZCTA5 05840
05841,343,69375,ZCTA5 05841
05842,509,68438,ZCTA5 05842
05843,2414,59286,ZCTA5 05843
05845,1318,75000,ZCTA5 05845
05846,1225,44375,ZCTA5 05846
05847,1003,48438,ZCTA5 05847
05850,308,,ZCTA5 05850
05851,5933,61935,ZCTA5 05851
05853,803,93125,ZCTA5 05853
05855,7638,57332,ZCTA5 05855
05857,1490,72865,ZCTA5 05857
05858,290,46250,ZCTA5 05858
05859,2164,74219,ZCTA5 05859
05860,2848,59851,ZCTA5 05860
05862,349,75938,ZCTA5 05862
05866,780,75000,ZCTA5 05866
05867,598,52396,ZCTA5 05867
05868,72,132813,ZCTA5 05868
05871,1306,62500,ZCTA5 05871
05872,893,45134,ZCTA5 05872
05873,672,84479,ZCTA5 05873
05874,656,86979,ZCTA5 05874
05875,440,61250,ZCTA5 05875
05901,0,,ZCTA5 05901
05902,131,31250,ZCTA5 05902
05903,596,57125,ZCTA5 05903
05904,239,36806,ZCTA5 05904
05905,943,73654,ZCTA5 05905
05906,1328,56875,ZCTA5 05906
05907,122,49643,ZCTA5 05907
06001,19119,145537,ZCTA5 06001
06002,21460,90061,ZCTA5 06002
06010,61077,82159,ZCTA5 06010
06013,9557,148696,ZCTA5 06013
06016,6677,109954,ZCTA5 06016
06018,2678,49794,ZCTA5 06018
06019,9782,109176,ZCTA5 06019
06020,38,,ZCTA5 06020
06021,1594,120625,ZCTA5 06021
06022,76,,ZCTA5 06022
06023,1576,91667,ZCTA5 06023
06024,534,89271,ZCTA5 06024
06026,5154,107215,ZCTA5 06026
06027,1230,107813,ZCTA5 06027
06029,16519,124450,ZCTA5 06029
06031,1426,97083,ZCTA5 06031
06032,18540,116231,ZCTA5 06032
06033,29251,138838,ZCTA5 06033
06035,7810,106341,ZCTA5 06035
06037,18573,110546,ZCTA5 06037
06039,1878,102798,ZCTA5 06039
06040,36847,80426,ZCTA5 06040
06042,22663,87808,ZCTA5 06042
06043,4851,114948,ZCTA5 06043
06051,31711,44017,ZCTA5 06051
06052,8207,72917,ZCTA5 06052
06053,34405,59633,ZCTA5 06053
06057,6078,106250,ZCTA5 06057
06058,1975,90000,ZCTA5 06058
06059,229,,ZCTA5 06059
06060,2331,151004,ZCTA5 06060
06061,602,71485,ZCTA5 06061
06062,17537,78867,ZCTA5 06062
06063,3320,124107,ZCTA5 06063
06065,723,114564,ZCTA5 06065
06066,30289,79875,ZCTA5 06066
06067,20705,96773,ZCTA5 06067
06068,2074,74722,ZCTA5 06068
06069,2534,102297,ZCTA5 06069
06070,15023,144375,ZCTA5 06070
06071,10495,106600,ZCTA5 06071
06072,0,,ZCTA5 06072
06073,5854,185387,ZCTA5 06073
06074,26805,134080,ZCTA5 06074
06076,11949,92083,ZCTA5 06076
06078,10633,120208,ZCTA5 06078
06079,0,,ZCTA5 06079
06080,1332,,ZCTA5 06080
06081,1803,83607,ZCTA5 06081
06082,41346,90741,ZCTA5 06082
06084,14640,133005,ZCTA5 06084
06085,7537,127442,ZCTA5 06085
06088,4503,78803,ZCTA5 06088
06089,3391,118750,ZCTA5 06089
06090,875,171528,ZCTA5 06090
06091,185,85104,ZCTA5 06091
06092,4400,193750,ZCTA5 06092
06093,3711,124079,ZCTA5 06093
06095,29445,103521,ZCTA5 06095
06096,12563,85570,ZCTA5 06096
06098,10197,72625,ZCTA5 06098
06103,2419,76395,ZCTA5 06103
06105,19002,37725,ZCTA5 06105
06106,38511,42820,ZCTA5 06106
06107,20717,163902,ZCTA5 06107
06108,24158,52712,ZCTA5 06108
06109,27192,108656,ZCTA5 06109
06110,12813,81600,ZCTA5 06110
06111,30458,100239,ZCTA5 06111
06112,21977,40465,ZCTA5 06112
06114,26077,46632,ZCTA5 06114
06117,15726,164826,ZCTA5 06117
06118,26784,74495,ZCTA5 06118
06119,14592,101978,ZCTA5 06119
06120,13479,31580,ZCTA5 06120
06226,19103,45752,ZCTA5 06226
06231,3739,149028,ZCTA5 06231
06232,3160,124167,ZCTA5 06232
06234,8430,85072,ZCTA5 06234
06235,2193,92083,ZCTA5 06235
06237,5280,124311,ZCTA5 06237
06238,12254,101916,ZCTA5 06238
06239,11417,69979,ZCTA5 06239
06241,6776,79790,ZCTA5 06241
06242,1256,88558,ZCTA5 06242
06243,130,250001,ZCTA5 06243
06247,2304,106842,ZCTA5 06247
06248,5388,125047,ZCTA5 06248
06249,7145,107050,ZCTA5 06249
06250,6304,91080,ZCTA5 06250
06254,1892,95543,ZCTA5 06254
06255,4221,87000,ZCTA5 06255
06256,2273,65000,ZCTA5 06256
06258,95,,ZCTA5 06258
06259,4391,101150,ZCTA5 06259
06260,9248,63648,ZCTA5 06260
06262,670,68333,ZCTA5 06262
06263,217,80991,ZCTA5 06263
06264,235,84578,ZCTA5 06264
06266,227,79375,ZCTA5 06266
06268,12961,48733,ZCTA5 06268
06269,8863,,ZCTA5 06269
06277,4328,108472,ZCTA5 06277
06278,4421,96813,ZCTA5 06278
06279,5586,85893,ZCTA5 06279
06280,3337,73736,ZCTA5 06280
06281,7369,98346,ZCTA5 06281
06282,931,103419,ZCTA5 06282
06320,27600,56237,ZCTA5 06320
06330,3305,97857,ZCTA5 06330
06331,5082,96126,ZCTA5 06331
06332,938,55934,ZCTA5 06332
06333,7070,131250,ZCTA5 06333
06334,2343,101845,ZCTA5 06334
06335,6199,94212,ZCTA5 06335
06336,67,162500,ZCTA5 06336
06338,41,128750,ZCTA5 06338
06339,9239,93561,ZCTA5 06339
06340,29672,76138,ZCTA5 06340
06350,82,,ZCTA5 06350
06351,15695,75737,ZCTA5 06351
06353,75,,ZCTA5 06353
06354,5331,78116,ZCTA5 06354
06355,12481,121484,ZCTA5 06355
06357,11530,94010,ZCTA5 06357
06359,5160,91932,ZCTA5 06359
06360,37219,63364,ZCTA5 06360
06365,4719,104868,ZCTA5 06365
06370,7839,102914,ZCTA5 06370
06371,9972,122003,ZCTA5 06371
06373,115,,ZCTA5 06373
06374,8119,67561,ZCTA5 06374
06375,3696,103134,ZCTA5 06375
06376,43,,ZCTA5 06376
06377,3032,84593,ZCTA5 06377
06378,5488,113482,ZCTA5 06378
06379,8973,81991,ZCTA5 06379
06380,2725,53381,ZCTA5 06380
06382,10240,79160,ZCTA5 06382
06384,2683,79789,ZCTA5 06384
06385,15886,101994,ZCTA5 06385
06387,236,115144,ZCTA5 06387
06389,110,,ZCTA5 06389
06390,53,47708,ZCTA5 06390
06401,19361,69663,ZCTA5 06401
06403,6061,98042,ZCTA5 06403
06405,28041,94558,ZCTA5 06405
06409,863,77153,ZCTA5 06409
06410,28775,147909,ZCTA5 06410
06412,3740,90929,ZCTA5 06412
06413,13271,110675,ZCTA5 06413
06414,334,,ZCTA5 06414
06415,16130,115339,ZCTA5 06415
06416,14250,101424,ZCTA5 06416
06417,4445,85859,ZCTA5 06417
06418,11966,68944,ZCTA5 06418
06419,6216,124620,ZCTA5 06419
06420,4307,114855,ZCTA5 06420
06422,7197,148095,ZCTA5 06422
06423,4887,108250,ZCTA5 06423
06424,12372,115136,ZCTA5 06424
06426,3377,97778,ZCTA5 06426
06437,22046,124793,ZCTA5 06437
06438,3079,140000,ZCTA5 06438
06439,23,,ZCTA5 06439
06441,5234,117562,ZCTA5 06441
06442,2514,97115,ZCTA5 06442
06443,17658,156171,ZCTA5 06443
06444,245,109297,ZCTA5 06444
06447,6134,134643,ZCTA5 06447
06450,36074,64887,ZCTA5 06450
06451,24482,59540,ZCTA5 06451
06455,2834,102292,ZCTA5 06455
06456,271,110556,ZCTA5 06456
06457,47030,75137,ZCTA5 06457
06459,1122,,ZCTA5 06459
06460,37208,100614,ZCTA5 06460
06461,15075,121185,ZCTA5 06461
06467,396,,ZCTA5 06467
06468,18851,145714,ZCTA5 06468
06469,3377,98661,ZCTA5 06469
06470,15511,141197,ZCTA5 06470
06471,7195,115855,ZCTA5 06471
06472,6501,114410,ZCTA5 06472
06473,24588,121980,ZCTA5 06473
06475,10492,99825,ZCTA5 06475
06477,14231,138514,ZCTA5 06477
06478,12801,123000,ZCTA5 06478
06479,9947,107493,ZCTA5 06479
06480,9409,116098,ZCTA5 06480
06481,1406,97045,ZCTA5 06481
06482,11830,146184,ZCTA5 06482
06483,16766,96747,ZCTA5 06483
06484,41206,112366,ZCTA5 06484
06488,19936,107266,ZCTA5 06488
06489,32924,121585,ZCTA5 06489
06492,44267,98513,ZCTA5 06492
06498,6829,76691,ZCTA5 06498
06510,3966,69694,ZCTA5 06510
06511,55940,55248,ZCTA5 06511
06512,29522,81510,ZCTA5 06512
06513,38217,46214,ZCTA5 06513
06514,25687,84381,ZCTA5 06514
06515,19749,73161,ZCTA5 06515
06516,55336,72827,ZCTA5 06516
06517,14287,93877,ZCTA5 06517
06518,20849,101493,ZCTA5 06518
06519,16050,40069,ZCTA5 06519
06524,5295,141000,ZCTA5 06524
06525,9050,190536,ZCTA5 06525
06604,28264,42282,ZCTA5 06604
06605,25860,57751,ZCTA5 06605
06606,54125,64142,ZCTA5 06606
06607,7133,48038,ZCTA5 06607
06608,10923,39450,ZCTA5 06608
06610,22165,49396,ZCTA5 06610
06611,36922,153846,ZCTA5 06611
06612,7630,181934,ZCTA5 06612
06614,36184,99934,ZCTA5 06614
06615,16252,78636,ZCTA5 06615
06702,3260,14852,ZCTA5 06702
06704,30124,47736,ZCTA5 06704
06705,25744,54129,ZCTA5 06705
06706,15459,54075,ZCTA5 06706
06708,29215,61111,ZCTA5 06708
06710,10684,47792,ZCTA5 06710
06712,9411,124382,ZCTA5 06712
06716,16094,113214,ZCTA5 06716
06750,1333,120417,ZCTA5 06750
06751,3399,113650,ZCTA5 06751
06752,1709,149722,ZCTA5 06752
06753,28,,ZCTA5 06753
06754,1912,104821,ZCTA5 06754
06755,826,107316,ZCTA5 06755
06756,3001,139283,ZCTA5 06756
06757,2029,93438,ZCTA5 06757
06758,24,68750,ZCTA5 06758
06759,5550,118527,ZCTA5 06759
06762,7665,135114,ZCTA5 06762
06763,2035,102284,ZCTA5 06763
06770,31741,91114,ZCTA5 06770
06776,27318,97348,ZCTA5 06776
06777,1570,106118,ZCTA5 06777
06778,1409,76953,ZCTA5 06778
06779,7987,81686,ZCTA5 06779
06782,2314,99712,ZCTA5 06782
06783,2061,131667,ZCTA5 06783
06784,3515,112656,ZCTA5 06784
06785,904,110774,ZCTA5 06785
06786,9398,93110,ZCTA5 06786
06787,7502,91913,ZCTA5 06787
06790,35563,66762,ZCTA5 06790
06791,5539,102282,ZCTA5 06791
06793,1381,112500,ZCTA5 06793
06794,971,53214,ZCTA5 06794
06795,14190,86104,ZCTA5 06795
06796,799,104444,ZCTA5 06796
06798,9775,120577,ZCTA5 06798
06801,20406,108382,ZCTA5 06801
06804,17797,132349,ZCTA5 06804
06807,7641,190515,ZCTA5 06807
06810,54957,71618,ZCTA5 06810
06811,31170,100348,ZCTA5 06811
06812,13596,140844,ZCTA5 06812
06820,21571,250001,ZCTA5 06820
06824,36969,182768,ZCTA5 06824
06825,20565,131397,ZCTA5 06825
06830,24881,140024,ZCTA5 06830
06831,14681,215797,ZCTA5 06831
06840,20709,250001,ZCTA5 06840
06850,19286,115958,ZCTA5 06850
06851,28217,103156,ZCTA5 06851
06853,3160,250001,ZCTA5 06853
06854,32228,80398,ZCTA5 06854
06855,8085,97880,ZCTA5 06855
06870,8096,215000,ZCTA5 06870
06877,25059,169623,ZCTA5 06877
06878,8303,250001,ZCTA5 06878
06880,27331,242574,ZCTA5 06880
06883,10336,220754,ZCTA5 06883
06890,4443,197143,ZCTA5 06890
06896,8747,165176,ZCTA5 06896
06897,18473,230545,ZCTA5 06897
06901,9599,75815,ZCTA5 06901
06902,73238,85517,ZCTA5 06902
06903,13266,206397,ZCTA5 06903
06905,20201,125804,ZCTA5 06905
06906,10057,95778,ZCTA5 06906
06907,8948,112827,ZCTA5 06907
07001,17211,84549,ZCTA5 07001
07002,70497,80044,ZCTA5 07002
07003,52594,92223,ZCTA5 07003
07004,7723,110703,ZCTA5 07004
07005,15106,120783,ZCTA5 07005
07006,26449,144142,ZCTA5 07006
07008,25170,79081,ZCTA5 07008
07009,13225,152813,ZCTA5 07009
07010,25546,96734,ZCTA5 07010
07011,40042,71489,ZCTA5 07011
07012,14870,94615,ZCTA5 07012
07013,29725,113991,ZCTA5 07013
07014,4098,110625,ZCTA5 07014
07016,23838,152941,ZCTA5 07016
07017,39557,60137,ZCTA5 07017
07018,29216,57482,ZCTA5 07018
07020,14394,136806,ZCTA5 07020
07021,2290,247000,ZCTA5 07021
07022,14935,59359,ZCTA5 07022
07023,7723,177727,ZCTA5 07023
07024,39781,101603,ZCTA5 07024
07026,32472,72026,ZCTA5 07026
07027,4542,107823,ZCTA5 07027
07028,7970,239192,ZCTA5 07028
07029,21935,71750,ZCTA5 07029
07030,58754,168137,ZCTA5 07030
07031,16352,96869,ZCTA5 07031
07032,41157,81307,ZCTA5 07032
07033,8345,97600,ZCTA5 07033
07034,10064,95673,ZCTA5 07034
07035,10922,112579,ZCTA5 07035
07036,44996,85748,ZCTA5 07036
07039,31091,202619,ZCTA5 07039
07040,25384,165681,ZCTA5 07040
07041,7412,199602,ZCTA5 07041
07042,26945,130329,ZCTA5 07042
07043,13425,231214,ZCTA5 07043
07044,14438,153236,ZCTA5 07044
07045,10240,163047,ZCTA5 07045
07046,4499,250001,ZCTA5 07046
07047,62066,76053,ZCTA5 07047
07050,33523,50498,ZCTA5 07050
07052,48399,127931,ZCTA5 07052
07054,30392,105434,ZCTA5 07054
07055,70048,57832,ZCTA5 07055
07057,11838,79270,ZCTA5 07057
07058,6052,152422,ZCTA5 07058
07059,16208,196122,ZCTA5 07059
07060,47883,66761,ZCTA5 07060
07062,14253,90477,ZCTA5 07062
07063,14849,82188,ZCTA5 07063
07064,4031,140104,ZCTA5 07064
07065,29664,86557,ZCTA5 07065
07066,15415,120882,ZCTA5 07066
07067,18581,129122,ZCTA5 07067
07068,6221,135451,ZCTA5 07068
07069,6651,152168,ZCTA5 07069
07070,18754,128576,ZCTA5 07070
07071,22332,104338,ZCTA5 07071
07072,6341,89669,ZCTA5 07072
07073,10020,92536,ZCTA5 07073
07074,3093,90263,ZCTA5 07074
07075,9978,132901,ZCTA5 07075
07076,24727,179531,ZCTA5 07076
07077,2695,107887,ZCTA5 07077
07078,14287,250001,ZCTA5 07078
07079,18648,173012,ZCTA5 07079
07080,24256,123516,ZCTA5 07080
07081,17011,141759,ZCTA5 07081
07082,5612,153977,ZCTA5 07082
07083,56900,114938,ZCTA5 07083
07086,16790,120395,ZCTA5 07086
07087,67258,59967,ZCTA5 07087
07088,3056,86556,ZCTA5 07088
07090,30852,202450,ZCTA5 07090
07092,6991,162531,ZCTA5 07092
07093,64203,70683,ZCTA5 07093
07094,21470,129348,ZCTA5 07094
07095,20927,103481,ZCTA5 07095
07102,13506,35515,ZCTA5 07102
07103,35318,40653,ZCTA5 07103
07104,55412,51511,ZCTA5 07104
07105,56696,51927,ZCTA5 07105
07106,36538,48983,ZCTA5 07106
07107,41907,46916,ZCTA5 07107
07108,27830,32739,ZCTA5 07108
07109,37893,85374,ZCTA5 07109
07110,29695,112318,ZCTA5 07110
07111,60268,57293,ZCTA5 07111
07112,27122,49966,ZCTA5 07112
07114,13154,32591,ZCTA5 07114
07201,27996,60377,ZCTA5 07201
07202,44673,63032,ZCTA5 07202
07203,22500,75264,ZCTA5 07203
07204,13964,97769,ZCTA5 07204
07205,22262,89804,ZCTA5 07205
07206,30364,54206,ZCTA5 07206
07208,32632,59085,ZCTA5 07208
07302,53237,165235,ZCTA5 07302
07304,50805,65504,ZCTA5 07304
07305,70738,73735,ZCTA5 07305
07306,54779,74610,ZCTA5 07306
07307,42184,76664,ZCTA5 07307
07310,14371,191912,ZCTA5 07310
07311,1785,175795,ZCTA5 07311
07401,6817,163875,ZCTA5 07401
07403,7726,125865,ZCTA5 07403
07405,17993,125896,ZCTA5 07405
07407,21261,84578,ZCTA5 07407
07410,34948,141540,ZCTA5 07410
07416,5736,88557,ZCTA5 07416
07417,11010,204833,ZCTA5 07417
07418,2473,178750,ZCTA5 07418
07419,9927,112555,ZCTA5 07419
07420,5185,99375,ZCTA5 07420
07421,7312,134179,ZCTA5 07421
07422,5401,106741,ZCTA5 07422
07423,4234,250001,ZCTA5 07423
07424,27474,106107,ZCTA5 07424
07430,25471,120618,ZCTA5 07430
07432,7011,135909,ZCTA5 07432
07435,2453,136600,ZCTA5 07435
07436,12731,162910,ZCTA5 07436
07438,11209,120242,ZCTA5 07438
07439,2215,107569,ZCTA5 07439
07440,4620,154038,ZCTA5 07440
07442,11052,113781,ZCTA5 07442
07444,10941,111503,ZCTA5 07444
07446,14739,160589,ZCTA5 07446
07450,26054,211154,ZCTA5 07450
07452,12086,202586,ZCTA5 07452
07456,11692,141800,ZCTA5 07456
07457,4081,103214,ZCTA5 07457
07458,11676,233669,ZCTA5 07458
07460,3131,105787,ZCTA5 07460
07461,18275,103389,ZCTA5 07461
07462,6712,92596,ZCTA5 07462
07463,10068,150861,ZCTA5 07463
07465,6032,112366,ZCTA5 07465
07470,54557,147740,ZCTA5 07470
07480,14884,111786,ZCTA5 07480
07481,16802,184458,ZCTA5 07481
07501,35492,38776,ZCTA5 07501
07502,17328,72036,ZCTA5 07502
07503,19625,60431,ZCTA5 07503
07504,13781,64810,ZCTA5 07504
07505,4592,23780,ZCTA5 07505
07506,19456,105168,ZCTA5 07506
07508,23631,95711,ZCTA5 07508
07512,10975,112097,ZCTA5 07512
07513,11069,71023,ZCTA5 07513
07514,18461,56686,ZCTA5 07514
07522,22377,46711,ZCTA5 07522
07524,15139,47889,ZCTA5 07524
07601,45758,79133,ZCTA5 07601
07603,8940,113260,ZCTA5 07603
07604,12080,114219,ZCTA5 07604
07605,9291,110583,ZCTA5 07605
07606,2820,87813,ZCTA5 07606
07607,10040,119057,ZCTA5 07607
07608,91,,ZCTA5 07608
07620,1449,228194,ZCTA5 07620
07621,28223,121738,ZCTA5 07621
07624,8555,181652,ZCTA5 07624
07626,9105,162430,ZCTA5 07626
07627,4930,165119,ZCTA5 07627
07628,18014,116708,ZCTA5 07628
07630,7281,141908,ZCTA5 07630
07631,29109,93134,ZCTA5 07631
07632,5347,213261,ZCTA5 07632
07640,4826,183138,ZCTA5 07640
07641,3342,215972,ZCTA5 07641
07642,10125,175802,ZCTA5 07642
07643,10954,72722,ZCTA5 07643
07644,25969,80044,ZCTA5 07644
07645,8413,175179,ZCTA5 07645
07646,16888,107976,ZCTA5 07646
07647,5336,122222,ZCTA5 07647
07648,5657,156630,ZCTA5 07648
07649,8208,196023,ZCTA5 07649
07650,20231,93250,ZCTA5 07650
07652,26582,136824,ZCTA5 07652
07656,9098,164241,ZCTA5 07656
07657,11465,105609,ZCTA5 07657
07660,13161,94047,ZCTA5 07660
07661,12022,150073,ZCTA5 07661
07662,5790,110944,ZCTA5 07662
07663,14320,123238,ZCTA5 07663
07666,41427,130080,ZCTA5 07666
07670,15299,207652,ZCTA5 07670
07675,26989,168662,ZCTA5 07675
07676,9268,155930,ZCTA5 07676
07677,6096,227500,ZCTA5 07677
07701,25253,109911,ZCTA5 07701
07702,4138,158065,ZCTA5 07702
07703,0,,ZCTA5 07703
07704,6221,229643,ZCTA5 07704
07711,1811,125750,ZCTA5 07711
07712,39271,91275,ZCTA5 07712
07716,8279,111611,ZCTA5 07716
07717,1792,106563,ZCTA5 07717
07718,6667,160154,ZCTA5 07718
07719,21994,116116,ZCTA5 07719
07720,4151,89967,ZCTA5 07720
07721,3958,105302,ZCTA5 07721
07722,10014,185417,ZCTA5 07722
07723,728,73796,ZCTA5 07723
07724,23739,96794,ZCTA5 07724
07726,44707,144470,ZCTA5 07726
07727,6982,129857,ZCTA5 07727
07728,56896,104417,ZCTA5 07728
07730,16720,118034,ZCTA5 07730
07731,39684,129501,ZCTA5 07731
07732,4740,87039,ZCTA5 07732
07733,17130,171071,ZCTA5 07733
07734,13540,84508,ZCTA5 07734
07735,19369,93839,ZCTA5 07735
07737,4181,126136,ZCTA5 07737
07738,6793,186875,ZCTA5 07738
07739,6104,216974,ZCTA5 07739
07740,32091,72520,ZCTA5 07740
07746,18230,179102,ZCTA5 07746
07747,32749,123183,ZCTA5 07747
07748,28112,141241,ZCTA5 07748
07750,3199,144792,ZCTA5 07750
07751,21311,168351,ZCTA5 07751
07753,37243,85352,ZCTA5 07753
07755,6495,126397,ZCTA5 07755
07756,3246,72500,ZCTA5 07756
07757,6119,132723,ZCTA5 07757
07758,4462,116927,ZCTA5 07758
07760,9613,201534,ZCTA5 07760
07762,8196,111366,ZCTA5 07762
07764,8547,114036,ZCTA5 07764
07801,26548,70942,ZCTA5 07801
07803,3990,110208,ZCTA5 07803
07820,1,,ZCTA5 07820
07821,9571,143477,ZCTA5 07821
07822,947,105882,ZCTA5 07822
07823,7644,75104,ZCTA5 07823
07825,9723,120436,ZCTA5 07825
07826,5529,112277,ZCTA5 07826
07827,4117,103594,ZCTA5 07827
07828,14083,90120,ZCTA5 07828
07830,7748,168900,ZCTA5 07830
07831,30,,ZCTA5 07831
07832,3175,110250,ZCTA5 07832
07833,112,56875,ZCTA5 07833
07834,18048,155356,ZCTA5 07834
07836,12034,141646,ZCTA5 07836
07838,3190,108810,ZCTA5 07838
07840,32952,104664,ZCTA5 07840
07842,0,,ZCTA5 07842
07843,11102,105262,ZCTA5 07843
07844,104,75833,ZCTA5 07844
07846,22,,ZCTA5 07846
07847,1685,77519,ZCTA5 07847
07848,4425,107500,ZCTA5 07848
07849,8573,115670,ZCTA5 07849
07850,7266,95739,ZCTA5 07850
07851,363,100556,ZCTA5 07851
07852,4095,92115,ZCTA5 07852
07853,12548,196011,ZCTA5 07853
07856,4429,95398,ZCTA5 07856
07857,3564,84375,ZCTA5 07857
07860,26507,103876,ZCTA5 07860
07863,3582,87841,ZCTA5 07863
07865,2533,128558,ZCTA5 07865
07866,22383,123710,ZCTA5 07866
07869,26058,166618,ZCTA5 07869
07870,29,,ZCTA5 07870
07871,21020,159924,ZCTA5 07871
07874,8534,125732,ZCTA5 07874
07876,9527,162895,ZCTA5 07876
07878,740,99684,ZCTA5 07878
07880,357,107235,ZCTA5 07880
07881,8,,ZCTA5 07881
07882,14670,89130,ZCTA5 07882
07885,11673,102578,ZCTA5 07885
07901,24281,170275,ZCTA5 07901
07920,28460,174754,ZCTA5 07920
07921,7573,125893,ZCTA5 07921
07922,12078,195162,ZCTA5 07922
07924,7746,218971,ZCTA5 07924
07926,69,,ZCTA5 07926
07927,4181,138304,ZCTA5 07927
07928,19559,223547,ZCTA5 07928
07930,8138,208750,ZCTA5 07930
07931,3399,155703,ZCTA5 07931
07932,10941,140602,ZCTA5 07932
07933,2661,129141,ZCTA5 07933
07934,1575,211250,ZCTA5 07934
07935,472,143250,ZCTA5 07935
07936,11102,143365,ZCTA5 07936
07939,330,,ZCTA5 07939
07940,17798,163643,ZCTA5 07940
07945,9698,234150,ZCTA5 07945
07946,2991,203393,ZCTA5 07946
07950,21738,146903,ZCTA5 07950
07960,46560,146024,ZCTA5 07960
07961,343,,ZCTA5 07961
07970,257,,ZCTA5 07970
07974,12911,170386,ZCTA5 07974
07976,355,,ZCTA5 07976
07977,689,,ZCTA5 07977
07979,246,,ZCTA5 07979
07980,2978,140313,ZCTA5 07980
07981,8938,144573,ZCTA5 07981
08001,835,129375,ZCTA5 08001
08002,23630,103031,ZCTA5 08002
08003,31434,145590,ZCTA5 08003
08004,10966,97821,ZCTA5 08004
08005,25578,84425,ZCTA5 08005
08006,435,93958,ZCTA5 08006
08007,5560,87761,ZCTA5 08007
08008,6995,110568,ZCTA5 08008
08009,14483,94351,ZCTA5 08009
08010,11458,80663,ZCTA5 08010
08011,53,,ZCTA5 08011
08012,40320,86872,ZCTA5 08012
08014,294,,ZCTA5 08014
08015,19164,75040,ZCTA5 08015
08016,34710,88691,ZCTA5 08016
08019,946,150938,ZCTA5 08019
08020,2834,120357,ZCTA5 08020
08021,47946,63881,ZCTA5 08021
08022,9124,113224,ZCTA5 08022
08023,282,50833,ZCTA5 08023
08026,2278,93103,ZCTA5 08026
08027,4921,90345,ZCTA5 08027
08028,24360,79810,ZCTA5 08028
08029,5850,83857,ZCTA5 08029
08030,13251,68325,ZCTA5 08030
08031,11677,71935,ZCTA5 08031
08032,226,185288,ZCTA5 08032
08033,17110,148542,ZCTA5 08033
08034,19870,108458,ZCTA5 08034
08035,7570,115804,ZCTA5 08035
08036,6024,123018,ZCTA5 08036
08037,23392,79671,ZCTA5 08037
08038,380,87083,ZCTA5 08038
08039,17,,ZCTA5 08039
08041,832,139000,ZCTA5 08041
08042,33,,ZCTA5 08042
08043,30876,108518,ZCTA5 08043
08045,3059,74250,ZCTA5 08045
08046,31812,88552,ZCTA5 08046
08048,12786,112540,ZCTA5 08048
08049,5216,83528,ZCTA5 08049
08050,27097,103030,ZCTA5 08050
08051,12107,95577,ZCTA5 08051
08052,19885,71748,ZCTA5 08052
08053,47200,111893,ZCTA5 08053
08054,44929,111272,ZCTA5 08054
08055,28651,152849,ZCTA5 08055
08056,5427,141855,ZCTA5 08056
08057,20942,159596,ZCTA5 08057
08059,5521,85313,ZCTA5 08059
08060,25516,104377,ZCTA5 08060
08061,3517,132102,ZCTA5 08061
08062,17907,153047,ZCTA5 08062
08063,3070,82639,ZCTA5 08063
08064,60,,ZCTA5 08064
08065,7437,84866,ZCTA5 08065
08066,7859,55147,ZCTA5 08066
08067,1646,105694,ZCTA5 08067
08068,7033,79741,ZCTA5 08068
08069,13402,62911,ZCTA5 08069
08070,12468,74518,ZCTA5 08070
08071,9356,92067,ZCTA5 08071
08072,249,62738,ZCTA5 08072
08073,0,,ZCTA5 08073
08074,0,,ZCTA5 08074
08075,30359,85504,ZCTA5 08075
08077,20456,129163,ZCTA5 08077
08078,8005,82750,ZCTA5 08078
08079,10426,50975,ZCTA5 08079
08080,38215,114725,ZCTA5 08080
08081,50604,97931,ZCTA5 08081
08083,9464,89964,ZCTA5 08083
08084,6962,89200,ZCTA5 08084
08085,21364,134806,ZCTA5 08085
08086,8121,85305,ZCTA5 08086
08087,25057,83224,ZCTA5 08087
08088,23988,102377,ZCTA5 08088
08089,4152,104100,ZCTA5 08089
08090,9843,111058,ZCTA5 08090
08091,5881,87593,ZCTA5 08091
08092,3098,94574,ZCTA5 08092
08093,9690,65283,ZCTA5 08093
08094,41089,96741,ZCTA5 08094
08095,0,,ZCTA5 08095
08096,35573,91275,ZCTA5 08096
08097,3244,110694,ZCTA5 08097
08098,9475,111950,ZCTA5 08098
08102,8418,30679,ZCTA5 08102
08103,12682,34434,ZCTA5 08103
08104,21656,32637,ZCTA5 08104
08105,26615,41742,ZCTA5 08105
08106,9726,93670,ZCTA5 08106
08107,13568,68627,ZCTA5 08107
08108,18970,102491,ZCTA5 08108
08109,23747,80527,ZCTA5 08109
08110,19465,77585,ZCTA5 08110
08201,10078,67100,ZCTA5 08201
08202,1625,152670,ZCTA5 08202
08203,7784,91307,ZCTA5 08203
08204,17392,76624,ZCTA5 08204
08205,28491,83247,ZCTA5 08205
08210,17377,86366,ZCTA5 08210
08212,155,82679,ZCTA5 08212
08215,13789,74838,ZCTA5 08215
08217,0,,ZCTA5 08217
08221,6952,133487,ZCTA5 08221
08223,4230,98125,ZCTA5 08223
08224,189,134464,ZCTA5 08224
08225,8432,103977,ZCTA5 08225
08226,11260,98576,ZCTA5 08226
08230,6139,109046,ZCTA5 08230
08232,20241,49701,ZCTA5 08232
08234,46462,92681,ZCTA5 08234
08240,2842,,ZCTA5 08240
08241,980,128611,ZCTA5 08241
08242,3726,88853,ZCTA5 08242
08243,2047,90703,ZCTA5 08243
08244,10631,67300,ZCTA5 08244
08245,0,,ZCTA5 08245
08246,60,,ZCTA5 08246
08247,977,136250,ZCTA5 08247
08248,121,102162,ZCTA5 08248
08251,10308,76018,ZCTA5 08251
08260,12680,63460,ZCTA5 08260
08270,8231,90000,ZCTA5 08270
08302,47487,58185,ZCTA5 08302
08310,979,43143,ZCTA5 08310
08311,1601,72083,ZCTA5 08311
08312,8460,88963,ZCTA5 08312
08314,587,,ZCTA5 08314
08316,163,35217,ZCTA5 08316
08317,1184,78992,ZCTA5 08317
08318,12069,83227,ZCTA5 08318
08319,1343,115781,ZCTA5 08319
08320,1053,,ZCTA5 08320
08321,95,39583,ZCTA5 08321
08322,10355,102243,ZCTA5 08322
08323,683,95875,ZCTA5 08323
08324,327,71196,ZCTA5 08324
08326,1063,92778,ZCTA5 08326
08327,3836,76190,ZCTA5 08327
08328,1528,93313,ZCTA5 08328
08329,321,61221,ZCTA5 08329
08330,29895,83663,ZCTA5 08330
08332,35292,64973,ZCTA5 08332
08340,939,70536,ZCTA5 08340
08341,2286,73750,ZCTA5 08341
08343,4882,134327,ZCTA5 08343
08344,4752,69449,ZCTA5 08344
08345,709,60268,ZCTA5 08345
08346,430,76938,ZCTA5 08346
08348,196,215329,ZCTA5 08348
08349,2450,57050,ZCTA5 08349
08350,518,,ZCTA5 08350
08352,388,79226,ZCTA5 08352
08353,305,87917,ZCTA5 08353
08360,43784,61484,ZCTA5 08360
08361,18886,90815,ZCTA5 08361
08401,38726,35279,ZCTA5 08401
08402,5331,112661,ZCTA5 08402
08403,946,108750,ZCTA5 08403
08406,9046,71639,ZCTA5 08406
08501,6417,135370,ZCTA5 08501
08502,11603,229272,ZCTA5 08502
08505,18067,106986,ZCTA5 08505
08510,5520,190379,ZCTA5 08510
08511,880,76094,ZCTA5 08511
08512,12519,115000,ZCTA5 08512
08514,5597,120811,ZCTA5 08514
08515,7857,189353,ZCTA5 08515
08518,5660,102548,ZCTA5 08518
08520,29296,115931,ZCTA5 08520
08525,4554,150278,ZCTA5 08525
08527,57943,108039,ZCTA5 08527
08528,163,,ZCTA5 08528
08530,8114,120112,ZCTA5 08530
08533,6140,104154,ZCTA5 08533
08534,12990,179516,ZCTA5 08534
08535,4851,191184,ZCTA5 08535
08536,20693,122254,ZCTA5 08536
08540,48513,161018,ZCTA5 08540
08542,2595,157336,ZCTA5 08542
08544,4504,,ZCTA5 08544
08550,20954,196053,ZCTA5 08550
08551,5746,148513,ZCTA5 08551
08553,794,126250,ZCTA5 08553
08554,4184,95078,ZCTA5 08554
08555,1037,101339,ZCTA5 08555
08558,7515,233865,ZCTA5 08558
08559,4902,165354,ZCTA5 08559
08560,3689,123534,ZCTA5 08560
08561,328,54318,ZCTA5 08561
08562,3976,86797,ZCTA5 08562
08608,786,,ZCTA5 08608
08609,12799,46849,ZCTA5 08609
08610,32324,82945,ZCTA5 08610
08611,31660,48542,ZCTA5 08611
08618,39047,45334,ZCTA5 08618
08619,23446,97161,ZCTA5 08619
08620,12913,111141,ZCTA5 08620
08628,9107,102600,ZCTA5 08628
08629,13075,79724,ZCTA5 08629
08638,23804,66194,ZCTA5 08638
08640,7781,91250,ZCTA5 08640
08641,4886,82480,ZCTA5 08641
08648,31626,119151,ZCTA5 08648
08690,19959,114181,ZCTA5 08690
08691,16935,126628,ZCTA5 08691
08701,134008,58949,ZCTA5 08701
08720,644,138636,ZCTA5 08720
08721,22217,103534,ZCTA5 08721
08722,10933,99099,ZCTA5 08722
08723,32430,100596,ZCTA5 08723
08724,40560,87644,ZCTA5 08724
08730,4957,160845,ZCTA5 08730
08731,21164,91815,ZCTA5 08731
08732,1449,106339,ZCTA5 08732
08733,2855,79025,ZCTA5 08733
08734,7715,115040,ZCTA5 08734
08735,3732,71709,ZCTA5 08735
08736,13234,159533,ZCTA5 08736
08738,1411,190625,ZCTA5 08738
08740,1682,67788,ZCTA5 08740
08741,2798,127250,ZCTA5 08741
08742,25193,107113,ZCTA5 08742
08750,3612,154130,ZCTA5 08750
08751,3609,77641,ZCTA5 08751
08752,2333,78295,ZCTA5 08752
08753,64313,97153,ZCTA5 08753
08755,28586,76355,ZCTA5 08755
08757,35419,53877,ZCTA5 08757
08758,7954,98584,ZCTA5 08758
08759,33979,49455,ZCTA5 08759
08801,7665,151375,ZCTA5 08801
08802,4380,120769,ZCTA5 08802
08804,3116,97167,ZCTA5 08804
08805,14173,82200,ZCTA5 08805
08807,38585,153743,ZCTA5 08807
08809,6838,122024,ZCTA5 08809
08810,8361,136130,ZCTA5 08810
08812,14054,115481,ZCTA5 08812
08816,49027,138166,ZCTA5 08816
08817,48140,105419,ZCTA5 08817
08820,39565,157114,ZCTA5 08820
08821,514,118333,ZCTA5 08821
08822,31330,136851,ZCTA5 08822
08823,9024,104314,ZCTA5 08823
08824,13297,178567,ZCTA5 08824
08825,4556,102336,ZCTA5 08825
08826,5186,121513,ZCTA5 08826
08827,3710,117128,ZCTA5 08827
08828,2302,104500,ZCTA5 08828
08829,3564,106111,ZCTA5 08829
08830,18511,109646,ZCTA5 08830
08831,54229,108626,ZCTA5 08831
08832,2745,61200,ZCTA5 08832
08833,9057,155714,ZCTA5 08833
08835,10892,85925,ZCTA5 08835
08836,4023,214375,ZCTA5 08836
08837,19544,98728,ZCTA5 08837
08840,18075,148735,ZCTA5 08840
08844,43077,153091,ZCTA5 08844
08846,14525,101868,ZCTA5 08846
08848,8295,126705,ZCTA5 08848
08850,8410,127089,ZCTA5 08850
08852,18068,117411,ZCTA5 08852
08853,5349,206020,ZCTA5 08853
08854,60233,123236,ZCTA5 08854
08857,40430,102039,ZCTA5 08857
08858,0,,ZCTA5 08858
08859,24487,93601,ZCTA5 08859
08861,58136,58221,ZCTA5 08861
08863,12663,110643,ZCTA5 08863
08865,30561,73519,ZCTA5 08865
08867,5819,188429,ZCTA5 08867
08869,8301,99928,ZCTA5 08869
08872,19613,91596,ZCTA5 08872
08873,55342,110396,ZCTA5 08873
08876,22531,117153,ZCTA5 08876
08879,22514,93243,ZCTA5 08879
08880,4838,92625,ZCTA5 08880
08882,16081,95981,ZCTA5 08882
08884,8152,100365,ZCTA5 08884
08886,6963,151500,ZCTA5 08886
08887,1411,106477,ZCTA5 08887
08889,10383,134352,ZCTA5 08889
08890,74,,ZCTA5 08890
08901,56870,57138,ZCTA5 08901
08902,43037,110195,ZCTA5 08902
08904,14996,93927,ZCTA5 08904
10001,27004,106509,ZCTA5 10001
10002,76518,43362,ZCTA5 10002
10003,53877,152863,ZCTA5 10003
10004,4579,232543,ZCTA5 10004
10005,8801,189886,ZCTA5 10005
10006,3736,204574,ZCTA5 10006
10007,7506,250001,ZCTA5 10007
10009,58418,83344,ZCTA5 10009
10010,32410,150288,ZCTA5 10010
10011,50772,145934,ZCTA5 10011
10012,21216,126890,ZCTA5 10012
10013,29453,150675,ZCTA5 10013
10014,29461,147267,ZCTA5 10014
10016,54369,145864,ZCTA5 10016
10017,14486,139964,ZCTA5 10017
10018,8659,149118,ZCTA5 10018
10019,42766,113335,ZCTA5 10019
10020,0,,ZCTA5 10020
10021,40642,149432,ZCTA5 10021
10022,33586,161236,ZCTA5 10022
10023,65706,151468,ZCTA5 10023
10024,62774,166994,ZCTA5 10024
10025,96988,106916,ZCTA5 10025
10026,38265,68831,ZCTA5 10026
10027,65806,63125,ZCTA5 10027
10028,45717,160244,ZCTA5 10028
10029,75614,35640,ZCTA5 10029
10030,31268,47765,ZCTA5 10030
10031,61044,64807,ZCTA5 10031
10032,60480,56752,ZCTA5 10032
10033,58711,77209,ZCTA5 10033
10034,41570,65109,ZCTA5 10034
10035,38595,36989,ZCTA5 10035
10036,30930,102287,ZCTA5 10036
10037,19138,50177,ZCTA5 10037
10038,23343,99641,ZCTA5 10038
10039,29887,51904,ZCTA5 10039
10040,43653,59115,ZCTA5 10040
10044,11846,120759,ZCTA5 10044
10065,30859,158276,ZCTA5 10065
10069,6259,197680,ZCTA5 10069
10075,23920,140736,ZCTA5 10075
10103,0,,ZCTA5 10103
10110,0,,ZCTA5 10110
10111,0,,ZCTA5 10111
10112,0,,ZCTA5 10112
10115,0,,ZCTA5 10115
10119,0,,ZCTA5 10119
10128,56695,137253,ZCTA5 10128
10152,0,,ZCTA5 10152
10153,0,,ZCTA5 10153
10154,0,,ZCTA5 10154
10162,1523,105391,ZCTA5 10162
10165,0,,ZCTA5 10165
10167,0,,ZCTA5 10167
10168,0,,ZCTA5 10168
10169,0,,ZCTA5 10169
10170,0,,ZCTA5 10170
10171,0,,ZCTA5 10171
10172,0,,ZCTA5 10172
10173,0,,ZCTA5 10173
10174,0,,ZCTA5 10174
10177,0,,ZCTA5 10177
10199,0,,ZCTA5 10199
10271,0,,ZCTA5 10271
10278,0,,ZCTA5 10278
10279,161,250001,ZCTA5 10279
10280,8843,206150,ZCTA5 10280
10282,6450,250001,ZCTA5 10282
10301,40331,84855,ZCTA5 10301
10302,18567,75588,ZCTA5 10302
10303,27083,78578,ZCTA5 10303
10304,44864,69479,ZCTA5 10304
10305,42211,84764,ZCTA5 10305
10306,56232,94758,ZCTA5 10306
10307,14755,124738,ZCTA5 10307
10308,30075,122647,ZCTA5 10308
10309,34740,110123,ZCTA5 10309
10310,26239,105523,ZCTA5 10310
10311,0,,ZCTA5 10311
10312,63473,107414,ZCTA5 10312
10314,94355,103436,ZCTA5 10314
10451,51311,34316,ZCTA5 10451
10452,78624,36536,ZCTA5 10452
10453,80385,34800,ZCTA5 10453
10454,41073,26400,ZCTA5 10454
10455,44380,35813,ZCTA5 10455
10456,88575,33317,ZCTA5 10456
10457,79817,41145,ZCTA5 10457
10458,82678,41550,ZCTA5 10458
10459,51964,41270,ZCTA5 10459
10460,59852,33080,ZCTA5 10460
10461,50868,64444,ZCTA5 10461
10462,77230,63431,ZCTA5 10462
10463,70296,66780,ZCTA5 10463
10464,4292,129109,ZCTA5 10464
10465,46311,85946,ZCTA5 10465
10466,72273,60892,ZCTA5 10466
10467,98713,46228,ZCTA5 10467
10468,81397,43985,ZCTA5 10468
10469,71862,76731,ZCTA5 10469
10470,15390,75750,ZCTA5 10470
10471,22888,111418,ZCTA5 10471
10472,65283,40025,ZCTA5 10472
10473,60087,51379,ZCTA5 10473
10474,11280,40795,ZCTA5 10474
10475,43517,57003,ZCTA5 10475
10501,1416,250001,ZCTA5 10501
10502,5745,244792,ZCTA5 10502
10503,94,,ZCTA5 10503
10504,8047,243523,ZCTA5 10504
10505,1132,126548,ZCTA5 10505
10506,6340,236071,ZCTA5 10506
10507,6403,92297,ZCTA5 10507
10509,19832,117586,ZCTA5 10509
10510,10435,198713,ZCTA5 10510
10511,2281,132708,ZCTA5 10511
10512,24256,115656,ZCTA5 10512
10514,12867,250001,ZCTA5 10514
10516,5585,130893,ZCTA5 10516
10517,417,64000,ZCTA5 10517
10518,830,155464,ZCTA5 10518
10519,122,,ZCTA5 10519
10520,12662,135990,ZCTA5 10520
10522,11508,144000,ZCTA5 10522
10523,9389,117066,ZCTA5 10523
10524,4344,122841,ZCTA5 10524
10526,1939,219167,ZCTA5 10526
10527,608,208462,ZCTA5 10527
10528,13352,143559,ZCTA5 10528
10530,14090,112727,ZCTA5 10530
10532,5040,131531,ZCTA5 10532
10533,7388,196111,ZCTA5 10533
10535,214,,ZCTA5 10535
10536,10797,228185,ZCTA5 10536
10537,2961,120605,ZCTA5 10537
10538,17605,222589,ZCTA5 10538
10540,114,,ZCTA5 10540
10541,26116,130517,ZCTA5 10541
10542,0,,ZCTA5 10542
10543,21281,128047,ZCTA5 10543
10545,203,,ZCTA5 10545
10546,1022,199464,ZCTA5 10546
10547,7665,132330,ZCTA5 10547
10548,4446,119803,ZCTA5 10548
10549,15800,119333,ZCTA5 10549
10550,40073,54138,ZCTA5 10550
10552,22099,93288,ZCTA5 10552
10553,10526,88962,ZCTA5 10553
10560,4975,171111,ZCTA5 10560
10562,33538,111510,ZCTA5 10562
10566,25401,86695,ZCTA5 10566
10567,20069,152278,ZCTA5 10567
10570,13168,179056,ZCTA5 10570
10573,41139,105601,ZCTA5 10573
10576,4927,218348,ZCTA5 10576
10577,6145,250001,ZCTA5 10577
10578,1788,250001,ZCTA5 10578
10579,8171,122633,ZCTA5 10579
10580,18077,230434,ZCTA5 10580
10583,41107,243514,ZCTA5 10583
10588,3296,129823,ZCTA5 10588
10589,7159,111250,ZCTA5 10589
10590,7407,188732,ZCTA5 10590
10591,23912,107574,ZCTA5 10591
10594,5565,161154,ZCTA5 10594
10595,7213,87272,ZCTA5 10595
10596,796,70833,ZCTA5 10596
10597,642,250001,ZCTA5 10597
10598,29066,153164,ZCTA5 10598
10601,11193,84695,ZCTA5 10601
10603,19239,125385,ZCTA5 10603
10604,11799,111583,ZCTA5 10604
10605,19800,140262,ZCTA5 10605
10606,16429,106984,ZCTA5 10606
10607,6764,142685,ZCTA5 10607
10701,68032,60022,ZCTA5 10701
10703,23565,84689,ZCTA5 10703
10704,32438,98936,ZCTA5 10704
10705,38861,64387,ZCTA5 10705
10706,9068,161908,ZCTA5 10706
10707,10209,128197,ZCTA5 10707
10708,22595,121556,ZCTA5 10708
10709,10085,154935,ZCTA5 10709
10710,26099,97941,ZCTA5 10710
10801,41724,80945,ZCTA5 10801
10803,13283,213674,ZCTA5 10803
10804,15036,225517,ZCTA5 10804
10805,20736,82601,ZCTA5 10805
10901,25498,110758,ZCTA5 10901
10910,0,,ZCTA5 10910
10911,12,,ZCTA5 10911
10913,5286,172750,ZCTA5 10913
10914,384,87682,ZCTA5 10914
10915,0,,ZCTA5 10915
10916,4445,109156,ZCTA5 10916
10917,1969,129276,ZCTA5 10917
10918,12152,130148,ZCTA5 10918
10919,1256,100571,ZCTA5 10919
10920,8605,138603,ZCTA5 10920
10921,4268,108787,ZCTA5 10921
10922,1289,117610,ZCTA5 10922
10923,8419,101771,ZCTA5 10923
10924,13965,112040,ZCTA5 10924
10925,4466,98902,ZCTA5 10925
10926,3909,89135,ZCTA5 10926
10927,12286,77254,ZCTA5 10927
10928,5208,83884,ZCTA5 10928
10930,10326,142778,ZCTA5 10930
10931,1131,79688,ZCTA5 10931
10932,43,,ZCTA5 10932
10933,401,133065,ZCTA5 10933
10940,51853,81158,ZCTA5 10940
10941,14502,94055,ZCTA5 10941
10950,63011,76375,ZCTA5 10950
10952,47509,68224,ZCTA5 10952
10953,0,,ZCTA5 10953
10954,27587,115042,ZCTA5 10954
10956,30738,173900,ZCTA5 10956
10958,2925,131250,ZCTA5 10958
10960,14222,114698,ZCTA5 10960
10962,5125,151635,ZCTA5 10962
10963,4347,78786,ZCTA5 10963
10964,1525,180273,ZCTA5 10964
10965,15666,130610,ZCTA5 10965
10968,2474,138456,ZCTA5 10968
10969,999,153409,ZCTA5 10969
10970,11571,101974,ZCTA5 10970
10973,2388,129798,ZCTA5 10973
10974,3335,107414,ZCTA5 10974
10975,246,100425,ZCTA5 10975
10976,2056,79583,ZCTA5 10976
10977,70555,67252,ZCTA5 10977
10979,0,,ZCTA5 10979
10980,13702,128839,ZCTA5 10980
10983,5670,172500,ZCTA5 10983
10984,3079,119673,ZCTA5 10984
10985,42,,ZCTA5 10985
10986,1529,155417,ZCTA5 10986
10987,3809,162292,ZCTA5 10987
10988,683,83750,ZCTA5 10988
10989,8651,127825,ZCTA5 10989
10990,20527,121217,ZCTA5 10990
10992,10284,113786,ZCTA5 10992
10993,4738,59288,ZCTA5 10993
10994,6357,160697,ZCTA5 10994
10996,6386,133844,ZCTA5 10996
10998,3548,122833,ZCTA5 10998
11001,26138,145325,ZCTA5 11001
11003,47515,119448,ZCTA5 11003
11004,15702,112311,ZCTA5 11004
11005,2175,81328,ZCTA5 11005
11010,25751,136378,ZCTA5 11010
11020,6145,173345,ZCTA5 11020
11021,19623,111777,ZCTA5 11021
11023,9699,146563,ZCTA5 11023
11024,9105,160273,ZCTA5 11024
11030,17168,232821,ZCTA5 11030
11040,42140,144174,ZCTA5 11040
11042,317,,ZCTA5 11042
11050,31920,152020,ZCTA5 11050
11096,9567,72348,ZCTA5 11096
11101,34279,109625,ZCTA5 11101
11102,27069,103409,ZCTA5 11102
11103,34752,88116,ZCTA5 11103
11104,26939,83493,ZCTA5 11104
11105,38756,97233,ZCTA5 11105
11106,40198,81729,ZCTA5 11106
11109,7280,173939,ZCTA5 11109
11201,69755,163310,ZCTA5 11201
11203,78506,68006,ZCTA5 11203
11204,80575,64172,ZCTA5 11204
11205,50319,74839,ZCTA5 11205
11206,89949,51507,ZCTA5 11206
11207,96801,52569,ZCTA5 11207
11208,108180,56298,ZCTA5 11208
11209,71812,88546,ZCTA5 11209
11210,63426,82904,ZCTA5 11210
11211,65511,94824,ZCTA5 11211
11212,84006,35840,ZCTA5 11212
11213,69131,54211,ZCTA5 11213
11214,90796,60152,ZCTA5 11214
11215,72014,173899,ZCTA5 11215
11216,62373,92684,ZCTA5 11216
11217,43045,152735,ZCTA5 11217
11218,73318,87759,ZCTA5 11218
11219,92283,51194,ZCTA5 11219
11220,93008,62804,ZCTA5 11220
11221,91236,77600,ZCTA5 11221
11222,40137,126250,ZCTA5 11222
11223,80113,61356,ZCTA5 11223
11224,47893,40467,ZCTA5 11224
11225,58476,82716,ZCTA5 11225
11226,101053,75947,ZCTA5 11226
11228,44196,83980,ZCTA5 11228
11229,81109,72799,ZCTA5 11229
11230,90245,65051,ZCTA5 11230
11231,38829,130396,ZCTA5 11231
11232,28137,79599,ZCTA5 11232
11233,83125,57812,ZCTA5 11233
11234,89976,91379,ZCTA5 11234
11235,83069,61320,ZCTA5 11235
11236,100082,79885,ZCTA5 11236
11237,47183,79136,ZCTA5 11237
11238,58047,125747,ZCTA5 11238
11239,16808,38670,ZCTA5 11239
11249,45087,113946,ZCTA5 11249
11354,53371,56854,ZCTA5 11354
11355,79495,52658,ZCTA5 11355
11356,27632,86717,ZCTA5 11356
11357,42792,95987,ZCTA5 11357
11358,37647,84020,ZCTA5 11358
11359,0,,ZCTA5 11359
11360,19719,100016,ZCTA5 11360
11361,29544,102343,ZCTA5 11361
11362,18426,113688,ZCTA5 11362
11363,7365,112625,ZCTA5 11363
11364,38124,100577,ZCTA5 11364
11365,46424,82655,ZCTA5 11365
11366,13659,114881,ZCTA5 11366
11367,43286,76888,ZCTA5 11367
11368,112750,69391,ZCTA5 11368
11369,32177,72342,ZCTA5 11369
11370,28164,71618,ZCTA5 11370
11371,0,,ZCTA5 11371
11372,67001,73089,ZCTA5 11372
11373,102618,67489,ZCTA5 11373
11374,47230,86006,ZCTA5 11374
11375,75212,103995,ZCTA5 11375
11377,86977,72273,ZCTA5 11377
11378,39250,90572,ZCTA5 11378
11379,38261,89500,ZCTA5 11379
11385,105521,85127,ZCTA5 11385
11411,21329,117018,ZCTA5 11411
11412,40593,96094,ZCTA5 11412
11413,44832,111065,ZCTA5 11413
11414,30374,95370,ZCTA5 11414
11415,20315,88306,ZCTA5 11415
11416,27794,84085,ZCTA5 11416
11417,31200,84419,ZCTA5 11417
11418,38317,79101,ZCTA5 11418
11419,48096,90818,ZCTA5 11419
11420,51153,97919,ZCTA5 11420
11421,41552,81324,ZCTA5 11421
11422,32296,101416,ZCTA5 11422
11423,29921,79500,ZCTA5 11423
11424,0,,ZCTA5 11424
11426,19733,112325,ZCTA5 11426
11427,25187,84691,ZCTA5 11427
11428,19554,89593,ZCTA5 11428
11429,27845,95721,ZCTA5 11429
11430,332,,ZCTA5 11430
11432,64268,72001,ZCTA5 11432
11433,38865,73118,ZCTA5 11433
11434,68182,71728,ZCTA5 11434
11435,59961,76915,ZCTA5 11435
11436,21349,87685,ZCTA5 11436
11439,2140,,ZCTA5 11439
11451,0,,ZCTA5 11451
11501,21434,130208,ZCTA5 11501
11507,7111,145833,ZCTA5 11507
11509,1682,155925,ZCTA5 11509
11510,35070,135693,ZCTA5 11510
11514,5040,110865,ZCTA5 11514
11516,8450,98333,ZCTA5 11516
11518,10294,110280,ZCTA5 11518
11520,44876,110152,ZCTA5 11520
11530,28207,186300,ZCTA5 11530
11542,29095,91774,ZCTA5 11542
11545,12068,164306,ZCTA5 11545
11547,585,,ZCTA5 11547
11548,2230,102188,ZCTA5 11548
11549,2508,,ZCTA5 11549
11550,60668,83333,ZCTA5 11550
11552,26043,147468,ZCTA5 11552
11553,27886,102066,ZCTA5 11553
11554,36856,129268,ZCTA5 11554
11556,0,,ZCTA5 11556
11557,8290,162266,ZCTA5 11557
11558,8660,104253,ZCTA5 11558
11559,8732,129732,ZCTA5 11559
11560,7043,162143,ZCTA5 11560
11561,38755,130046,ZCTA5 11561
11563,22055,137828,ZCTA5 11563
11565,9013,153582,ZCTA5 11565
11566,33976,172868,ZCTA5 11566
11568,4272,250001,ZCTA5 11568
11569,1110,104386,ZCTA5 11569
11570,28262,149420,ZCTA5 11570
11572,29961,134615,ZCTA5 11572
11575,19102,123056,ZCTA5 11575
11576,12506,224698,ZCTA5 11576
11577,12399,191607,ZCTA5 11577
11579,5062,181375,ZCTA5 11579
11580,43396,132632,ZCTA5 11580
11581,22770,135060,ZCTA5 11581
11590,47951,133349,ZCTA5 11590
11596,10520,157273,ZCTA5 11596
11598,14531,179846,ZCTA5 11598
11691,70365,59153,ZCTA5 11691
11692,24584,57687,ZCTA5 11692
11693,13558,72714,ZCTA5 11693
11694,21788,100190,ZCTA5 11694
11697,3946,134563,ZCTA5 11697
11701,27874,97299,ZCTA5 11701
11702,14044,134602,ZCTA5 11702
11703,17414,126027,ZCTA5 11703
11704,39753,120147,ZCTA5 11704
11705,8409,139769,ZCTA5 11705
11706,65437,110965,ZCTA5 11706
11709,6763,136346,ZCTA5 11709
11710,34950,167039,ZCTA5 11710
11713,8905,95974,ZCTA5 11713
11714,22444,123473,ZCTA5 11714
11715,3786,141774,ZCTA5 11715
11716,10074,119612,ZCTA5 11716
11717,64969,111425,ZCTA5 11717
11718,3181,187581,ZCTA5 11718
11719,3519,110179,ZCTA5 11719
11720,29193,123603,ZCTA5 11720
11721,6569,204048,ZCTA5 11721
11722,37032,100387,ZCTA5 11722
11724,2874,250001,ZCTA5 11724
11725,28735,168786,ZCTA5 11725
11726,22059,117113,ZCTA5 11726
11727,30058,93042,ZCTA5 11727
11729,26608,124704,ZCTA5 11729
11730,14168,137649,ZCTA5 11730
11731,30714,151291,ZCTA5 11731
11732,3546,116705,ZCTA5 11732
11733,17304,170074,ZCTA5 11733
11735,32716,143242,ZCTA5 11735
11738,20077,128728,ZCTA5 11738
11739,1400,164464,ZCTA5 11739
11740,11010,144911,ZCTA5 11740
11741,27632,140334,ZCTA5 11741
11742,13448,126755,ZCTA5 11742
11743,41423,164182,ZCTA5 11743
11746,67663,146150,ZCTA5 11746
11747,19605,147013,ZCTA5 11747
11749,3568,109964,ZCTA5 11749
11751,13501,114185,ZCTA5 11751
11752,9164,147672,ZCTA5 11752
11753,13087,172983,ZCTA5 11753
11754,18431,119929,ZCTA5 11754
11755,12227,121196,ZCTA5 11755
11756,42459,141442,ZCTA5 11756
11757,45082,117182,ZCTA5 11757
11758,54201,146410,ZCTA5 11758
11762,22440,160139,ZCTA5 11762
11763,29765,111296,ZCTA5 11763
11764,12711,136360,ZCTA5 11764
11765,708,250001,ZCTA5 11765
11766,11476,146042,ZCTA5 11766
11767,14493,136375,ZCTA5 11767
11768,21333,162475,ZCTA5 11768
11769,9081,122909,ZCTA5 11769
11770,112,113750,ZCTA5 11770
11771,10068,149577,ZCTA5 11771
11772,45345,103207,ZCTA5 11772
11776,24119,120135,ZCTA5 11776
11777,9257,136484,ZCTA5 11777
11778,12496,114848,ZCTA5 11778
11779,38654,113355,ZCTA5 11779
11780,15617,151971,ZCTA5 11780
11782,15113,143822,ZCTA5 11782
11783,21916,157983,ZCTA5 11783
11784,25425,108913,ZCTA5 11784
11786,6559,162143,ZCTA5 11786
11787,34408,139239,ZCTA5 11787
11788,17017,139903,ZCTA5 11788
11789,7434,123794,ZCTA5 11789
11790,19282,145545,ZCTA5 11790
11791,25631,190347,ZCTA5 11791
11792,8595,147563,ZCTA5 11792
11793,30865,164773,ZCTA5 11793
11794,1425,,ZCTA5 11794
11795,25650,161533,ZCTA5 11795
11796,3843,156136,ZCTA5 11796
11797,9203,193866,ZCTA5 11797
11798,18355,94409,ZCTA5 11798
11801,41967,138289,ZCTA5 11801
11803,30298,179197,ZCTA5 11803
11804,4443,173750,ZCTA5 11804
11901,32330,78857,ZCTA5 11901
11930,741,139917,ZCTA5 11930
11931,0,,ZCTA5 11931
11932,1032,179844,ZCTA5 11932
11933,6975,84176,ZCTA5 11933
11934,7778,145275,ZCTA5 11934
11935,2847,126071,ZCTA5 11935
11937,21040,114290,ZCTA5 11937
11939,1564,100682,ZCTA5 11939
11940,5462,128598,ZCTA5 11940
11941,2493,119846,ZCTA5 11941
11942,5620,104680,ZCTA5 11942
11944,4799,78615,ZCTA5 11944
11946,17517,117342,ZCTA5 11946
11947,153,,ZCTA5 11947
11948,535,121250,ZCTA5 11948
11949,13194,125926,ZCTA5 11949
11950,16379,96165,ZCTA5 11950
11951,14969,99040,ZCTA5 11951
11952,5231,107077,ZCTA5 11952
11953,13701,89802,ZCTA5 11953
11954,4322,138900,ZCTA5 11954
11955,2857,77391,ZCTA5 11955
11956,305,106042,ZCTA5 11956
11957,1220,86938,ZCTA5 11957
11958,893,65438,ZCTA5 11958
11959,632,,ZCTA5 11959
11960,962,173750,ZCTA5 11960
11961,13126,85916,ZCTA5 11961
11962,344,86375,ZCTA5 11962
11963,8445,111129,ZCTA5 11963
11964,3129,98409,ZCTA5 11964
11965,491,82154,ZCTA5 11965
11967,26860,109019,ZCTA5 11967
11968,13623,142500,ZCTA5 11968
11970,563,,ZCTA5 11970
11971,6286,104720,ZCTA5 11971
11972,413,,ZCTA5 11972
11973,39,,ZCTA5 11973
11975,426,,ZCTA5 11975
11976,2437,185000,ZCTA5 11976
11977,3069,139375,ZCTA5 11977
11978,3969,120909,ZCTA5 11978
11980,5144,113004,ZCTA5 11980
12007,325,86125,ZCTA5 12007
12008,427,135636,ZCTA5 12008
12009,8322,106563,ZCTA5 12009
12010,27213,55083,ZCTA5 12010
12015,4135,83197,ZCTA5 12015
12017,419,,ZCTA5 12017
12018,7300,123025,ZCTA5 12018
12019,15280,104405,ZCTA5 12019
12020,34571,100653,ZCTA5 12020
12022,1038,93125,ZCTA5 12022
12023,2374,101250,ZCTA5 12023
12024,83,,ZCTA5 12024
12025,5260,64760,ZCTA5 12025
12027,4244,106439,ZCTA5 12027
12028,1082,78333,ZCTA5 12028
12029,991,95625,ZCTA5 12029
12031,191,80417,ZCTA5 12031
12032,737,55000,ZCTA5 12032
12033,7640,91061,ZCTA5 12033
12035,484,74107,ZCTA5 12035
12036,220,39500,ZCTA5 12036
12037,4083,86650,ZCTA5 12037
12040,28,53906,ZCTA5 12040
12041,319,112619,ZCTA5 12041
12042,297,90147,ZCTA5 12042
12043,7719,75276,ZCTA5 12043
12045,467,86190,ZCTA5 12045
12046,519,,ZCTA5 12046
12047,23293,71793,ZCTA5 12047
12051,6050,84107,ZCTA5 12051
12052,1974,113977,ZCTA5 12052
12053,4253,92024,ZCTA5 12053
12054,16995,129901,ZCTA5 12054
12056,2029,103750,ZCTA5 12056
12057,1997,70750,ZCTA5 12057
12058,1163,80608,ZCTA5 12058
12059,1417,97692,ZCTA5 12059
12060,1813,100000,ZCTA5 12060
12061,10179,112488,ZCTA5 12061
12062,1662,76198,ZCTA5 12062
12063,609,82208,ZCTA5 12063
12064,254,47375,ZCTA5 12064
12065,44563,112512,ZCTA5 12065
12066,1834,79423,ZCTA5 12066
12067,1457,101786,ZCTA5 12067
12068,2509,66274,ZCTA5 12068
12069,483,64762,ZCTA5 12069
12070,2499,73864,ZCTA5 12070
12071,217,66250,ZCTA5 12071
12072,2992,75380,ZCTA5 12072
12074,2956,82841,ZCTA5 12074
12075,3159,82014,ZCTA5 12075
12076,1271,70625,ZCTA5 12076
12077,6752,131000,ZCTA5 12077
12078,23144,51756,ZCTA5 12078
12082,2,,ZCTA5 12082
12083,3900,84839,ZCTA5 12083
12084,5069,90052,ZCTA5 12084
12085,255,34375,ZCTA5 12085
12086,1648,74821,ZCTA5 12086
12087,1279,81964,ZCTA5 12087
12090,5782,74375,ZCTA5 12090
12092,1604,76538,ZCTA5 12092
12093,1385,62852,ZCTA5 12093
12094,2676,109674,ZCTA5 12094
12095,12586,69087,ZCTA5 12095
12106,2171,84028,ZCTA5 12106
12108,408,74688,ZCTA5 12108
12110,19744,96724,ZCTA5 12110
12115,95,126125,ZCTA5 12115
12116,1351,77292,ZCTA5 12116
12117,2716,63929,ZCTA5 12117
12118,16557,85651,ZCTA5 12118
12120,635,88000,ZCTA5 12120
12121,2358,116250,ZCTA5 12121
12122,3585,52500,ZCTA5 12122
12123,4938,103611,ZCTA5 12123
12124,246,,ZCTA5 12124
12125,1092,72768,ZCTA5 12125
12130,431,82417,ZCTA5 12130
12131,188,55357,ZCTA5 12131
12132,133,205208,ZCTA5 12132
12134,4304,65689,ZCTA5 12134
12136,790,150114,ZCTA5 12136
12137,2035,112841,ZCTA5 12137
12138,2922,69271,ZCTA5 12138
12139,286,83750,ZCTA5 12139
12140,1412,93750,ZCTA5 12140
12143,5443,74524,ZCTA5 12143
12144,21808,92875,ZCTA5 12144
12147,412,67250,ZCTA5 12147
12148,4371,146786,ZCTA5 12148
12149,2208,68654,ZCTA5 12149
12150,589,72000,ZCTA5 12150
12151,871,90833,ZCTA5 12151
12153,703,82829,ZCTA5 12153
12154,2820,110833,ZCTA5 12154
12155,1748,61429,ZCTA5 12155
12156,831,102167,ZCTA5 12156
12157,4574,72467,ZCTA5 12157
12158,6045,89363,ZCTA5 12158
12159,8663,112031,ZCTA5 12159
12160,834,70595,ZCTA5 12160
12161,35,,ZCTA5 12161
12164,485,57292,ZCTA5 12164
12165,198,61719,ZCTA5 12165
12166,1505,72297,ZCTA5 12166
12167,2414,57386,ZCTA5 12167
12168,1749,92644,ZCTA5 12168
12169,379,38979,ZCTA5 12169
12170,5225,97975,ZCTA5 12170
12172,211,58403,ZCTA5 12172
12173,2038,77725,ZCTA5 12173
12174,588,,ZCTA5 12174
12175,700,83734,ZCTA5 12175
12176,366,50000,ZCTA5 12176
12177,455,87224,ZCTA5 12177
12180,53807,68766,ZCTA5 12180
12182,14790,54190,ZCTA5 12182
12183,2968,64018,ZCTA5 12183
12184,7288,92344,ZCTA5 12184
12185,1785,105735,ZCTA5 12185
12186,6325,113684,ZCTA5 12186
12187,701,72083,ZCTA5 12187
12188,11615,83496,ZCTA5 12188
12189,18461,57536,ZCTA5 12189
12190,641,53977,ZCTA5 12190
12192,1496,83375,ZCTA5 12192
12193,1674,76442,ZCTA5 12193
12194,177,58214,ZCTA5 12194
12195,184,138571,ZCTA5 12195
12196,3954,110000,ZCTA5 12196
12197,1951,78750,ZCTA5 12197
12198,7150,99402,ZCTA5 12198
12202,9700,45172,ZCTA5 12202
12203,30545,75239,ZCTA5 12203
12204,8728,70260,ZCTA5 12204
12205,26436,87681,ZCTA5 12205
12206,14793,33136,ZCTA5 12206
12207,2337,45682,ZCTA5 12207
12208,23128,65701,ZCTA5 12208
12209,10427,78858,ZCTA5 12209
12210,9873,46244,ZCTA5 12210
12211,13254,133587,ZCTA5 12211
12222,6358,108750,ZCTA5 12222
12226,0,,ZCTA5 12226
12302,27915,89468,ZCTA5 12302
12303,29680,77917,ZCTA5 12303
12304,21901,63349,ZCTA5 12304
12305,6922,50945,ZCTA5 12305
12306,27735,80207,ZCTA5 12306
12307,7863,31571,ZCTA5 12307
12308,14367,56156,ZCTA5 12308
12309,33332,119268,ZCTA5 12309
12401,35138,65289,ZCTA5 12401
12404,3864,71851,ZCTA5 12404
12405,550,64583,ZCTA5 12405
12406,590,62813,ZCTA5 12406
12407,132,61875,ZCTA5 12407
12409,958,107723,ZCTA5 12409
12410,329,27548,ZCTA5 12410
12411,377,75592,ZCTA5 12411
12412,537,64286,ZCTA5 12412
12413,3144,56758,ZCTA5 12413
12414,10065,62665,ZCTA5 12414
12416,205,,ZCTA5 12416
12417,873,120865,ZCTA5 12417
12418,294,73000,ZCTA5 12418
12419,881,95469,ZCTA5 12419
12420,351,113229,ZCTA5 12420
12421,224,85625,ZCTA5 12421
12422,398,53906,ZCTA5 12422
12423,1255,66500,ZCTA5 12423
12424,261,59550,ZCTA5 12424
12427,1025,72279,ZCTA5 12427
12428,7032,70645,ZCTA5 12428
12429,153,,ZCTA5 12429
12430,1341,62071,ZCTA5 12430
12431,1845,83688,ZCTA5 12431
12432,581,43104,ZCTA5 12432
12433,628,60707,ZCTA5 12433
12434,984,46612,ZCTA5 12434
12435,231,81786,ZCTA5 12435
12436,430,,ZCTA5 12436
12438,48,,ZCTA5 12438
12439,297,,ZCTA5 12439
12440,1493,92258,ZCTA5 12440
12441,105,46250,ZCTA5 12441
12442,648,32853,ZCTA5 12442
12443,3582,104620,ZCTA5 12443
12444,538,65357,ZCTA5 12444
12446,4894,73600,ZCTA5 12446
12448,142,,ZCTA5 12448
12449,3193,82112,ZCTA5 12449
12450,221,,ZCTA5 12450
12451,1044,51193,ZCTA5 12451
12452,27,,ZCTA5 12452
12453,240,,ZCTA5 12453
12454,456,79500,ZCTA5 12454
12455,1810,74274,ZCTA5 12455
12456,728,89732,ZCTA5 12456
12457,1283,70911,ZCTA5 12457
12458,3501,58576,ZCTA5 12458
12459,68,103125,ZCTA5 12459
12460,215,,ZCTA5 12460
12461,1371,93081,ZCTA5 12461
12463,1341,,ZCTA5 12463
12464,1093,57250,ZCTA5 12464
12465,384,80069,ZCTA5 12465
12466,2070,66667,ZCTA5 12466
12468,1325,59722,ZCTA5 12468
12469,803,96250,ZCTA5 12469
12470,778,79063,ZCTA5 12470
12471,268,2499,ZCTA5 12471
12472,1177,63795,ZCTA5 12472
12473,663,94353,ZCTA5 12473
12474,856,51310,ZCTA5 12474
12475,460,73882,ZCTA5 12475
12477,18557,71094,ZCTA5 12477
12480,324,,ZCTA5 12480
12481,1493,76616,ZCTA5 12481
12482,550,107941,ZCTA5 12482
12483,71,2499,ZCTA5 12483
12484,3373,87321,ZCTA5 12484
12485,904,60885,ZCTA5 12485
12486,1760,86556,ZCTA5 12486
12487,3935,82500,ZCTA5 12487
12489,154,26852,ZCTA5 12489
12490,0,,ZCTA5 12490
12491,2059,79861,ZCTA5 12491
12492,181,123333,ZCTA5 12492
12493,324,,ZCTA5 12493
12494,865,135693,ZCTA5 12494
12495,87,58571,ZCTA5 12495
12496,1311,82917,ZCTA5 12496
12498,4580,68438,ZCTA5 12498
12501,2170,75221,ZCTA5 12501
12502,1147,80278,ZCTA5 12502
12503,787,97000,ZCTA5 12503
12504,1152,,ZCTA5 12504
12507,238,107880,ZCTA5 12507
12508,19152,87618,ZCTA5 12508
12512,184,93958,ZCTA5 12512
12513,154,,ZCTA5 12513
12514,2980,120800,ZCTA5 12514
12515,1567,,ZCTA5 12515
12516,1859,126164,ZCTA5 12516
12517,384,95250,ZCTA5 12517
12518,5861,101117,ZCTA5 12518
12520,3088,118333,ZCTA5 12520
12521,1607,86500,ZCTA5 12521
12522,4775,72215,ZCTA5 12522
12523,1986,58188,ZCTA5 12523
12524,15609,90654,ZCTA5 12524
12525,1739,98281,ZCTA5 12525
12526,3519,88938,ZCTA5 12526
12527,16,,ZCTA5 12527
12528,13358,84754,ZCTA5 12528
12529,2296,81172,ZCTA5 12529
12530,283,,ZCTA5 12530
12531,2590,134676,ZCTA5 12531
12533,26249,131167,ZCTA5 12533
12534,17792,72331,ZCTA5 12534
12538,14066,83288,ZCTA5 12538
12540,9297,112637,ZCTA5 12540
12542,5490,110047,ZCTA5 12542
12543,3135,90111,ZCTA5 12543
12544,33,,ZCTA5 12544
12545,4521,87083,ZCTA5 12545
12546,2700,79157,ZCTA5 12546
12547,3277,98375,ZCTA5 12547
12548,1074,80521,ZCTA5 12548
12549,10635,112850,ZCTA5 12549
12550,55404,73148,ZCTA5 12550
12553,27409,96088,ZCTA5 12553
12561,18136,85539,ZCTA5 12561
12563,7691,95088,ZCTA5 12563
12564,7700,113026,ZCTA5 12564
12565,1559,60848,ZCTA5 12565
12566,12407,99679,ZCTA5 12566
12567,2347,93571,ZCTA5 12567
12569,9603,105037,ZCTA5 12569
12570,6923,118552,ZCTA5 12570
12571,9235,112414,ZCTA5 12571
12572,9287,96163,ZCTA5 12572
12574,293,,ZCTA5 12574
12575,1584,142104,ZCTA5 12575
12577,1552,146731,ZCTA5 12577
12578,2125,97386,ZCTA5 12578
12580,4556,110500,ZCTA5 12580
12581,2041,86184,ZCTA5 12581
12582,6168,128720,ZCTA5 12582
12583,1832,79583,ZCTA5 12583
12585,842,91058,ZCTA5 12585
12586,12802,83125,ZCTA5 12586
12589,19584,112862,ZCTA5 12589
12590,36816,102212,ZCTA5 12590
12592,1429,67857,ZCTA5 12592
12594,4117,92798,ZCTA5 12594
12601,43623,59652,ZCTA5 12601
12603,42215,100761,ZCTA5 12603
12604,1978,,ZCTA5 12604
12701,12448,52244,ZCTA5 12701
12719,1132,73232,ZCTA5 12719
12720,274,250001,ZCTA5 12720
12721,7872,86026,ZCTA5 12721
12722,0,,ZCTA5 12722
12723,1776,77417,ZCTA5 12723
12724,78,,ZCTA5 12724
12725,323,86607,ZCTA5 12725
12726,1357,70798,ZCTA5 12726
12729,1382,65385,ZCTA5 12729
12732,830,45909,ZCTA5 12732
12733,1996,32679,ZCTA5 12733
12734,1016,51766,ZCTA5 12734
12736,122,41048,ZCTA5 12736
12737,1625,99219,ZCTA5 12737
12738,359,68854,ZCTA5 12738
12740,1695,83571,ZCTA5 12740
12741,168,43281,ZCTA5 12741
12742,194,103611,ZCTA5 12742
12743,310,,ZCTA5 12743
12745,5,,ZCTA5 12745
12746,600,69500,ZCTA5 12746
12747,2026,55588,ZCTA5 12747
12748,1751,78351,ZCTA5 12748
12749,539,,ZCTA5 12749
12750,36,38529,ZCTA5 12750
12751,1151,50972,ZCTA5 12751
12752,302,,ZCTA5 12752
12754,7800,50081,ZCTA5 12754
12758,3857,58750,ZCTA5 12758
12759,2145,44598,ZCTA5 12759
12760,425,85300,ZCTA5 12760
12762,350,,ZCTA5 12762
12763,470,,ZCTA5 12763
12764,1713,56828,ZCTA5 12764
12765,891,89500,ZCTA5 12765
12766,658,72625,ZCTA5 12766
12767,225,53611,ZCTA5 12767
12768,866,47552,ZCTA5 12768
12769,363,,ZCTA5 12769
12770,180,94286,ZCTA5 12770
12771,14454,59141,ZCTA5 12771
12775,2474,109010,ZCTA5 12775
12776,2072,71905,ZCTA5 12776
12777,846,151667,ZCTA5 12777
12778,402,63472,ZCTA5 12778
12779,2304,,ZCTA5 12779
12780,2268,57466,ZCTA5 12780
12781,202,61250,ZCTA5 12781
12783,1409,78125,ZCTA5 12783
12784,0,,ZCTA5 12784
12785,1041,130127,ZCTA5 12785
12786,568,78750,ZCTA5 12786
12787,97,55093,ZCTA5 12787
12788,2841,72875,ZCTA5 12788
12789,2336,71813,ZCTA5 12789
12790,4226,77216,ZCTA5 12790
12791,690,80336,ZCTA5 12791
12792,167,95250,ZCTA5 12792
12801,14754,64665,ZCTA5 12801
12803,8828,84074,ZCTA5 12803
12804,27805,87589,ZCTA5 12804
12808,201,127885,ZCTA5 12808
12809,3612,63750,ZCTA5 12809
12810,537,68393,ZCTA5 12810
12811,225,49531,ZCTA5 12811
12812,349,183047,ZCTA5 12812
12814,1135,97321,ZCTA5 12814
12815,1099,65962,ZCTA5 12815
12816,4626,70260,ZCTA5 12816
12817,1951,72813,ZCTA5 12817
12819,286,59766,ZCTA5 12819
12820,102,,ZCTA5 12820
12821,2378,29732,ZCTA5 12821
12822,6200,75000,ZCTA5 12822
12823,502,112317,ZCTA5 12823
12824,1088,103929,ZCTA5 12824
12827,3673,80705,ZCTA5 12827
12828,9590,71339,ZCTA5 12828
12831,18318,97990,ZCTA5 12831
12832,6486,64256,ZCTA5 12832
12833,5233,99006,ZCTA5 12833
12834,6261,85050,ZCTA5 12834
12835,2545,68690,ZCTA5 12835
12836,461,84722,ZCTA5 12836
12837,879,74327,ZCTA5 12837
12838,721,65688,ZCTA5 12838
12839,13764,62035,ZCTA5 12839
12841,95,58850,ZCTA5 12841
12842,705,,ZCTA5 12842
12843,678,64655,ZCTA5 12843
12844,293,173077,ZCTA5 12844
12845,4573,90625,ZCTA5 12845
12846,3004,61875,ZCTA5 12846
12847,687,70000,ZCTA5 12847
12849,425,,ZCTA5 12849
12850,2729,95434,ZCTA5 12850
12851,319,90208,ZCTA5 12851
12852,365,65833,ZCTA5 12852
12853,1379,51824,ZCTA5 12853
12854,98,,ZCTA5 12854
12855,207,59659,ZCTA5 12855
12856,313,56141,ZCTA5 12856
12857,738,64519,ZCTA5 12857
12858,146,95625,ZCTA5 12858
12859,1855,101369,ZCTA5 12859
12860,364,59375,ZCTA5 12860
12861,556,89000,ZCTA5 12861
12862,266,,ZCTA5 12862
12863,883,87778,ZCTA5 12863
12864,9,,ZCTA5 12864
12865,3448,65500,ZCTA5 12865
12866,38813,96678,ZCTA5 12866
12870,1690,62639,ZCTA5 12870
12871,4197,77813,ZCTA5 12871
12872,103,,ZCTA5 12872
12873,875,95197,ZCTA5 12873
12874,155,,ZCTA5 12874
12878,767,67344,ZCTA5 12878
12883,4797,65200,ZCTA5 12883
12884,591,45750,ZCTA5 12884
12885,4411,56027,ZCTA5 12885
12886,231,117739,ZCTA5 12886
12887,4720,61094,ZCTA5 12887
12901,32431,57811,ZCTA5 12901
12903,1705,76027,ZCTA5 12903
12910,1886,58304,ZCTA5 12910
12911,0,,ZCTA5 12911
12912,1809,70938,ZCTA5 12912
12913,1077,68182,ZCTA5 12913
12914,876,47083,ZCTA5 12914
12915,58,,ZCTA5 12915
12916,2375,52339,ZCTA5 12916
12917,1232,68185,ZCTA5 12917
12918,2607,87045,ZCTA5 12918
12919,2716,73929,ZCTA5 12919
12920,2429,67885,ZCTA5 12920
12921,2870,92634,ZCTA5 12921
12922,37,84375,ZCTA5 12922
12923,506,52250,ZCTA5 12923
12924,325,55918,ZCTA5 12924
12926,2325,59375,ZCTA5 12926
12927,295,60000,ZCTA5 12927
12928,1869,71571,ZCTA5 12928
12929,3433,65125,ZCTA5 12929
12930,843,64615,ZCTA5 12930
12932,1090,57813,ZCTA5 12932
12933,27,,ZCTA5 12933
12934,1197,70278,ZCTA5 12934
12935,1406,61538,ZCTA5 12935
12936,671,71154,ZCTA5 12936
12937,1464,50288,ZCTA5 12937
12939,141,,ZCTA5 12939
12941,1692,78125,ZCTA5 12941
12942,516,113750,ZCTA5 12942
12943,300,51579,ZCTA5 12943
12944,3887,63977,ZCTA5 12944
12945,528,71250,ZCTA5 12945
12946,4774,76023,ZCTA5 12946
12950,668,75438,ZCTA5 12950
12952,265,40750,ZCTA5 12952
12953,13323,59191,ZCTA5 12953
12955,345,60417,ZCTA5 12955
12956,1248,56824,ZCTA5 12956
12957,1647,48469,ZCTA5 12957
12958,1829,64271,ZCTA5 12958
12959,1618,54500,ZCTA5 12959
12960,900,58162,ZCTA5 12960
12961,97,,ZCTA5 12961
12962,5051,63634,ZCTA5 12962
12964,96,91250,ZCTA5 12964
12965,272,44688,ZCTA5 12965
12966,3152,70583,ZCTA5 12966
12967,1226,64688,ZCTA5 12967
12969,219,57188,ZCTA5 12969
12970,937,81875,ZCTA5 12970
12972,7049,116563,ZCTA5 12972
12973,169,55313,ZCTA5 12973
12974,2054,53827,ZCTA5 12974
12975,210,67386,ZCTA5 12975
12976,175,68672,ZCTA5 12976
12977,1324,,ZCTA5 12977
12978,256,92355,ZCTA5 12978
12979,2534,45375,ZCTA5 12979
12980,1118,59438,ZCTA5 12980
12981,2397,74830,ZCTA5 12981
12983,7336,61237,ZCTA5 12983
12985,915,75588,ZCTA5 12985
12986,5356,60333,ZCTA5 12986
12987,152,109688,ZCTA5 12987
12989,970,84226,ZCTA5 12989
12992,3774,82175,ZCTA5 12992
12993,1634,63636,ZCTA5 12993
12996,1983,64712,ZCTA5 12996
12997,1217,69758,ZCTA5 12997
12998,294,38125,ZCTA5 12998
13020,107,65938,ZCTA5 13020
13021,37640,56649,ZCTA5 13021
13024,1380,,ZCTA5 13024
13026,1737,91652,ZCTA5 13026
13027,35432,88706,ZCTA5 13027
13028,809,87356,ZCTA5 13028
13029,7878,91650,ZCTA5 13029
13030,4008,75972,ZCTA5 13030
13031,15741,87663,ZCTA5 13031
13032,12902,71417,ZCTA5 13032
13033,3661,75300,ZCTA5 13033
13034,2022,92500,ZCTA5 13034
13035,8476,102386,ZCTA5 13035
13036,9020,79681,ZCTA5 13036
13037,9669,75777,ZCTA5 13037
13039,17033,104541,ZCTA5 13039
13040,2620,61458,ZCTA5 13040
13041,11902,109119,ZCTA5 13041
13042,2012,97500,ZCTA5 13042
13044,3026,66379,ZCTA5 13044
13045,28157,63762,ZCTA5 13045
13051,37,,ZCTA5 13051
13052,1763,74219,ZCTA5 13052
13053,4717,81429,ZCTA5 13053
13054,1218,95500,ZCTA5 13054
13057,14329,72302,ZCTA5 13057
13060,2731,56284,ZCTA5 13060
13061,627,78583,ZCTA5 13061
13062,212,,ZCTA5 13062
13063,1696,75238,ZCTA5 13063
13065,222,,ZCTA5 13065
13066,12752,115625,ZCTA5 13066
13068,4778,78125,ZCTA5 13068
13069,23378,59318,ZCTA5 13069
13071,864,69125,ZCTA5 13071
13072,838,59583,ZCTA5 13072
13073,6514,67074,ZCTA5 13073
13074,4453,73804,ZCTA5 13074
13076,2416,76250,ZCTA5 13076
13077,6646,70016,ZCTA5 13077
13078,10867,115699,ZCTA5 13078
13080,3519,74479,ZCTA5 13080
13081,1114,98125,ZCTA5 13081
13082,3750,76754,ZCTA5 13082
13083,1989,75167,ZCTA5 13083
13084,3801,84900,ZCTA5 13084
13087,161,113750,ZCTA5 13087
13088,21914,70180,ZCTA5 13088
13090,29344,85313,ZCTA5 13090
13092,2726,62014,ZCTA5 13092
13101,2410,60197,ZCTA5 13101
13102,52,,ZCTA5 13102
13103,226,50729,ZCTA5 13103
13104,16753,118295,ZCTA5 13104
13108,6284,87632,ZCTA5 13108
13110,2389,92188,ZCTA5 13110
13111,1790,49250,ZCTA5 13111
13112,1728,77857,ZCTA5 13112
13113,52,36875,ZCTA5 13113
13114,7397,71161,ZCTA5 13114
13115,225,67679,ZCTA5 13115
13116,3652,82232,ZCTA5 13116
13117,279,41389,ZCTA5 13117
13118,5811,66202,ZCTA5 13118
13119,0,,ZCTA5 13119
13120,2218,58287,ZCTA5 13120
13121,0,,ZCTA5 13121
13122,982,59483,ZCTA5 13122
13123,32,,ZCTA5 13123
13124,102,102500,ZCTA5 13124
13126,36278,60475,ZCTA5 13126
13131,3115,63398,ZCTA5 13131
13132,3495,71146,ZCTA5 13132
13134,132,,ZCTA5 13134
13135,6296,77817,ZCTA5 13135
13136,329,39779,ZCTA5 13136
13138,139,,ZCTA5 13138
13140,4335,58750,ZCTA5 13140
13141,655,76875,ZCTA5 13141
13142,6044,86554,ZCTA5 13142
13143,2354,70368,ZCTA5 13143
13144,1323,47857,ZCTA5 13144
13145,1595,44554,ZCTA5 13145
13146,2176,59545,ZCTA5 13146
13147,929,71083,ZCTA5 13147
13148,10854,56365,ZCTA5 13148
13152,7700,100938,ZCTA5 13152
13153,337,137586,ZCTA5 13153
13154,34,,ZCTA5 13154
13155,567,63229,ZCTA5 13155
13156,2169,59521,ZCTA5 13156
13157,535,43029,ZCTA5 13157
13158,1352,81648,ZCTA5 13158
13159,5243,91458,ZCTA5 13159
13160,2262,91058,ZCTA5 13160
13162,409,82717,ZCTA5 13162
13163,332,73750,ZCTA5 13163
13164,2720,83571,ZCTA5 13164
13165,9511,64668,ZCTA5 13165
13166,5758,74014,ZCTA5 13166
13167,2982,71176,ZCTA5 13167
13202,7331,26271,ZCTA5 13202
13203,16884,42451,ZCTA5 13203
13204,19550,40330,ZCTA5 13204
13205,18069,37510,ZCTA5 13205
13206,16713,55806,ZCTA5 13206
13207,12784,56730,ZCTA5 13207
13208,23094,41751,ZCTA5 13208
13209,13171,62134,ZCTA5 13209
13210,19144,38472,ZCTA5 13210
13211,5968,69419,ZCTA5 13211
13212,20638,70748,ZCTA5 13212
13214,8899,87095,ZCTA5 13214
13215,14317,101754,ZCTA5 13215
13219,15557,82083,ZCTA5 13219
13224,8881,78030,ZCTA5 13224
13244,8384,,ZCTA5 13244
13290,0,,ZCTA5 13290
13301,156,111250,ZCTA5 13301
13302,1377,52056,ZCTA5 13302
13303,1295,82500,ZCTA5 13303
13304,1919,94464,ZCTA5 13304
13305,201,73304,ZCTA5 13305
13308,4429,82174,ZCTA5 13308
13309,5805,69387,ZCTA5 13309
13310,837,98646,ZCTA5 13310
13312,308,68984,ZCTA5 13312
13313,597,34476,ZCTA5 13313
13314,153,39167,ZCTA5 13314
13315,1404,71250,ZCTA5 13315
13316,5912,53843,ZCTA5 13316
13317,4002,64056,ZCTA5 13317
13318,1056,83438,ZCTA5 13318
13319,550,53466,ZCTA5 13319
13320,2085,76136,ZCTA5 13320
13321,803,55234,ZCTA5 13321
13322,1073,86731,ZCTA5 13322
13323,11151,80438,ZCTA5 13323
13324,1653,74250,ZCTA5 13324
13325,929,69609,ZCTA5 13325
13326,4698,77198,ZCTA5 13326
13327,2230,73333,ZCTA5 13327
13328,1451,105882,ZCTA5 13328
13329,3555,55388,ZCTA5 13329
13331,69,62222,ZCTA5 13331
13332,2878,70202,ZCTA5 13332
13333,57,55909,ZCTA5 13333
13334,943,54107,ZCTA5 13334
13335,1355,51977,ZCTA5 13335
13337,653,105950,ZCTA5 13337
13338,1242,51000,ZCTA5 13338
13339,6084,56269,ZCTA5 13339
13340,7479,66775,ZCTA5 13340
13342,275,63750,ZCTA5 13342
13343,1625,68056,ZCTA5 13343
13345,175,52750,ZCTA5 13345
13346,6244,57114,ZCTA5 13346
13348,1669,76203,ZCTA5 13348
13350,9695,61489,ZCTA5 13350
13352,29,,ZCTA5 13352
13353,41,58125,ZCTA5 13353
13354,3285,84781,ZCTA5 13354
13355,1139,66645,ZCTA5 13355
13357,10301,70342,ZCTA5 13357
13360,128,,ZCTA5 13360
13361,661,61667,ZCTA5 13361
13363,2409,87838,ZCTA5 13363
13364,232,75833,ZCTA5 13364
13365,8449,59353,ZCTA5 13365
13367,8682,63361,ZCTA5 13367
13368,1121,56688,ZCTA5 13368
13402,1087,58990,ZCTA5 13402
13403,7087,98954,ZCTA5 13403
13404,127,,ZCTA5 13404
13406,492,93875,ZCTA5 13406
13407,5140,70185,ZCTA5 13407
13408,3383,62308,ZCTA5 13408
13409,1976,67313,ZCTA5 13409
13410,536,,ZCTA5 13410
13411,2743,60163,ZCTA5 13411
13413,16282,93729,ZCTA5 13413
13415,82,62813,ZCTA5 13415
13416,2235,79375,ZCTA5 13416
13417,3103,55167,ZCTA5 13417
13418,212,101250,ZCTA5 13418
13420,1092,104659,ZCTA5 13420
13421,12857,60459,ZCTA5 13421
13424,2274,78438,ZCTA5 13424
13425,1762,62171,ZCTA5 13425
13428,1533,63839,ZCTA5 13428
13431,1939,87250,ZCTA5 13431
13433,1647,47969,ZCTA5 13433
13435,275,60795,ZCTA5 13435
13436,107,68250,ZCTA5 13436
13437,307,54125,ZCTA5 13437
13438,2994,70096,ZCTA5 13438
13439,3715,56364,ZCTA5 13439
13440,41198,62141,ZCTA5 13440
13441,222,88654,ZCTA5 13441
13450,252,58542,ZCTA5 13450
13452,4874,59167,ZCTA5 13452
13454,732,84167,ZCTA5 13454
13455,46,,ZCTA5 13455
13456,3977,87977,ZCTA5 13456
13457,32,,ZCTA5 13457
13459,2048,63421,ZCTA5 13459
13460,4293,62106,ZCTA5 13460
13461,3158,88083,ZCTA5 13461
13464,1245,53788,ZCTA5 13464
13468,291,52500,ZCTA5 13468
13469,1317,123045,ZCTA5 13469
13470,710,60972,ZCTA5 13470
13471,2656,63707,ZCTA5 13471
13472,340,100208,ZCTA5 13472
13473,1128,96563,ZCTA5 13473
13475,39,77083,ZCTA5 13475
13476,2975,68093,ZCTA5 13476
13477,1485,62870,ZCTA5 13477
13478,3040,71849,ZCTA5 13478
13480,3426,70703,ZCTA5 13480
13482,63,56250,ZCTA5 13482
13483,454,108009,ZCTA5 13483
13484,29,,ZCTA5 13484
13485,1635,67305,ZCTA5 13485
13486,738,69125,ZCTA5 13486
13488,141,58500,ZCTA5 13488
13489,533,68750,ZCTA5 13489
13490,1181,92083,ZCTA5 13490
13491,3853,72000,ZCTA5 13491
13492,11395,86537,ZCTA5 13492
13493,2205,60227,ZCTA5 13493
13494,222,52292,ZCTA5 13494
13495,2081,58653,ZCTA5 13495
13501,40152,50626,ZCTA5 13501
13502,33962,53548,ZCTA5 13502
13601,38332,57936,ZCTA5 13601
13602,2798,,ZCTA5 13602
13603,14050,56853,ZCTA5 13603
13605,5261,71250,ZCTA5 13605
13606,2423,90625,ZCTA5 13606
13607,1750,60667,ZCTA5 13607
13608,1818,71932,ZCTA5 13608
13611,312,82708,ZCTA5 13611
13612,2703,70223,ZCTA5 13612
13613,2604,45893,ZCTA5 13613
13614,345,67500,ZCTA5 13614
13615,586,97794,ZCTA5 13615
13616,1936,45921,ZCTA5 13616
13617,12124,66804,ZCTA5 13617
13618,1814,57439,ZCTA5 13618
13619,10625,61844,ZCTA5 13619
13620,2066,56462,ZCTA5 13620
13621,578,52083,ZCTA5 13621
13622,1985,71875,ZCTA5 13622
13623,51,42656,ZCTA5 13623
13624,4933,79313,ZCTA5 13624
13625,1551,70109,ZCTA5 13625
13626,2282,77371,ZCTA5 13626
13628,268,45357,ZCTA5 13628
13630,1443,52063,ZCTA5 13630
13632,107,,ZCTA5 13632
13633,318,64583,ZCTA5 13633
13634,3947,85000,ZCTA5 13634
13635,1244,72833,ZCTA5 13635
13636,177,59167,ZCTA5 13636
13637,4493,61261,ZCTA5 13637
13638,372,,ZCTA5 13638
13639,24,21635,ZCTA5 13639
13640,302,76250,ZCTA5 13640
13641,54,74038,ZCTA5 13641
13642,9237,49906,ZCTA5 13642
13643,60,,ZCTA5 13643
13645,0,,ZCTA5 13645
13646,2257,57250,ZCTA5 13646
13647,150,,ZCTA5 13647
13648,2007,55966,ZCTA5 13648
13649,37,,ZCTA5 13649
13650,1355,83594,ZCTA5 13650
13651,126,95000,ZCTA5 13651
13652,1796,59643,ZCTA5 13652
13654,2380,61484,ZCTA5 13654
13655,3669,58344,ZCTA5 13655
13656,3230,52885,ZCTA5 13656
13658,2326,67955,ZCTA5 13658
13659,379,57019,ZCTA5 13659
13660,1849,69250,ZCTA5 13660
13661,1825,77712,ZCTA5 13661
13662,16117,54359,ZCTA5 13662
13664,404,75156,ZCTA5 13664
13665,812,74423,ZCTA5 13665
13666,216,34167,ZCTA5 13666
13667,3171,53209,ZCTA5 13667
13668,3200,76888,ZCTA5 13668
13669,16044,62099,ZCTA5 13669
13670,383,31971,ZCTA5 13670
13672,376,62500,ZCTA5 13672
13673,2163,65500,ZCTA5 13673
13674,137,,ZCTA5 13674
13675,61,,ZCTA5 13675
13676,14179,54113,ZCTA5 13676
13678,105,26197,ZCTA5 13678
13679,1108,93250,ZCTA5 13679
13680,1398,75231,ZCTA5 13680
13681,971,46890,ZCTA5 13681
13682,845,83125,ZCTA5 13682
13683,66,,ZCTA5 13683
13684,1172,58077,ZCTA5 13684
13685,2187,83125,ZCTA5 13685
13687,505,44375,ZCTA5 13687
13690,773,47614,ZCTA5 13690
13691,3123,75972,ZCTA5 13691
13692,216,153750,ZCTA5 13692
13693,294,49844,ZCTA5 13693
13694,1253,74091,ZCTA5 13694
13695,200,120417,ZCTA5 13695
13696,174,52865,ZCTA5 13696
13697,1879,70732,ZCTA5 13697
13699,2021,,ZCTA5 13699
13730,2871,66096,ZCTA5 13730
13731,1002,74808,ZCTA5 13731
13732,7607,85877,ZCTA5 13732
13733,5049,56841,ZCTA5 13733
13734,2372,70795,ZCTA5 13734
13736,1807,65333,ZCTA5 13736
13738,44,,ZCTA5 13738
13739,801,60893,ZCTA5 13739
13740,560,68333,ZCTA5 13740
13743,3394,54693,ZCTA5 13743
13744,1359,61250,ZCTA5 13744
13746,2142,57426,ZCTA5 13746
13747,29,,ZCTA5 13747
13748,3760,72531,ZCTA5 13748
13750,711,58352,ZCTA5 13750
13751,209,148241,ZCTA5 13751
13752,868,64773,ZCTA5 13752
13753,5593,66201,ZCTA5 13753
13754,2656,51958,ZCTA5 13754
13755,888,59643,ZCTA5 13755
13756,694,61818,ZCTA5 13756
13757,1274,69803,ZCTA5 13757
13760,43240,60690,ZCTA5 13760
13774,148,65625,ZCTA5 13774
13775,1806,76420,ZCTA5 13775
13776,404,87500,ZCTA5 13776
13777,396,74500,ZCTA5 13777
13778,5349,66544,ZCTA5 13778
13780,862,70179,ZCTA5 13780
13782,730,53315,ZCTA5 13782
13783,2331,51023,ZCTA5 13783
13784,294,71224,ZCTA5 13784
13786,366,49833,ZCTA5 13786
13787,3067,70655,ZCTA5 13787
13788,959,90909,ZCTA5 13788
13790,18584,54014,ZCTA5 13790
13795,2954,53285,ZCTA5 13795
13796,996,53466,ZCTA5 13796
13797,2061,61722,ZCTA5 13797
13801,1496,63828,ZCTA5 13801
13802,1079,,ZCTA5 13802
13803,4278,59154,ZCTA5 13803
13804,190,55313,ZCTA5 13804
13806,222,91250,ZCTA5 13806
13807,1296,71500,ZCTA5 13807
13808,1379,56810,ZCTA5 13808
13809,1964,50909,ZCTA5 13809
13810,1260,86786,ZCTA5 13810
13811,4120,80030,ZCTA5 13811
13812,2293,71029,ZCTA5 13812
13813,1131,95833,ZCTA5 13813
13814,18,,ZCTA5 13814
13815,12925,61750,ZCTA5 13815
13820,22500,65483,ZCTA5 13820
13825,3058,66250,ZCTA5 13825
13826,91,,ZCTA5 13826
13827,11770,68566,ZCTA5 13827
13830,4933,60469,ZCTA5 13830
13832,449,56250,ZCTA5 13832
13833,4297,51198,ZCTA5 13833
13834,118,52277,ZCTA5 13834
13835,1301,63250,ZCTA5 13835
13838,3984,56563,ZCTA5 13838
13839,1319,56295,ZCTA5 13839
13841,483,51250,ZCTA5 13841
13842,610,75357,ZCTA5 13842
13843,2094,71975,ZCTA5 13843
13844,638,62679,ZCTA5 13844
13846,369,30086,ZCTA5 13846
13847,17,,ZCTA5 13847
13849,4424,55795,ZCTA5 13849
13850,23544,74621,ZCTA5 13850
13856,6063,46840,ZCTA5 13856
13859,101,65682,ZCTA5 13859
13860,228,134583,ZCTA5 13860
13861,454,54695,ZCTA5 13861
13862,3702,57545,ZCTA5 13862
13863,473,64167,ZCTA5 13863
13864,1148,54934,ZCTA5 13864
13865,6000,66906,ZCTA5 13865
13901,19979,50479,ZCTA5 13901
13902,6405,,ZCTA5 13902
13903,18483,58100,ZCTA5 13903
13904,9499,53352,ZCTA5 13904
13905,27673,51411,ZCTA5 13905
14001,9199,77816,ZCTA5 14001
14004,11658,81631,ZCTA5 14004
14005,2085,93875,ZCTA5 14005
14006,9402,61341,ZCTA5 14006
14008,1594,65368,ZCTA5 14008
14009,5477,61290,ZCTA5 14009
14011,7711,71116,ZCTA5 14011
14012,3020,75870,ZCTA5 14012
14013,1744,67500,ZCTA5 14013
14020,22442,57294,ZCTA5 14020
14024,1637,77619,ZCTA5 14024
14025,3754,105303,ZCTA5 14025
14026,506,84318,ZCTA5 14026
14027,34,,ZCTA5 14027
14028,1556,68725,ZCTA5 14028
14029,31,,ZCTA5 14029
14030,2045,82500,ZCTA5 14030
14031,9685,91927,ZCTA5 14031
14032,10572,146667,ZCTA5 14032
14033,1460,71758,ZCTA5 14033
14034,2513,75389,ZCTA5 14034
14035,61,91458,ZCTA5 14035
14036,5406,80493,ZCTA5 14036
14037,963,85938,ZCTA5 14037
14039,70,36667,ZCTA5 14039
14040,1799,79219,ZCTA5 14040
14041,132,,ZCTA5 14041
14042,4403,53690,ZCTA5 14042
14043,24936,69673,ZCTA5 14043
14047,6147,72734,ZCTA5 14047
14048,14859,49708,ZCTA5 14048
14051,19747,116964,ZCTA5 14051
14052,17694,99178,ZCTA5 14052
14054,1356,73929,ZCTA5 14054
14055,1455,45000,ZCTA5 14055
14056,194,,ZCTA5 14056
14057,7688,86176,ZCTA5 14057
14058,2408,77202,ZCTA5 14058
14059,9629,87686,ZCTA5 14059
14060,356,64583,ZCTA5 14060
14061,93,,ZCTA5 14061
14062,3251,66000,ZCTA5 14062
14063,13123,60741,ZCTA5 14063
14065,1747,65486,ZCTA5 14065
14066,1093,71607,ZCTA5 14066
14067,4028,88500,ZCTA5 14067
14068,7990,113971,ZCTA5 14068
14069,630,57083,ZCTA5 14069
14070,6186,54500,ZCTA5 14070
14072,21416,103186,ZCTA5 14072
14075,44610,76691,ZCTA5 14075
14080,4215,67250,ZCTA5 14080
14081,2910,55662,ZCTA5 14081
14082,671,71250,ZCTA5 14082
14083,10,,ZCTA5 14083
14085,8298,120950,ZCTA5 14085
14086,35121,95283,ZCTA5 14086
14091,1600,95000,ZCTA5 14091
14092,10522,67250,ZCTA5 14092
14094,50302,69489,ZCTA5 14094
14098,3146,64009,ZCTA5 14098
14101,1843,62500,ZCTA5 14101
14102,1488,118258,ZCTA5 14102
14103,10783,64137,ZCTA5 14103
14105,5128,82622,ZCTA5 14105
14108,5263,66477,ZCTA5 14108
14109,1218,,ZCTA5 14109
14111,3150,73056,ZCTA5 14111
14112,54,,ZCTA5 14112
14113,686,84375,ZCTA5 14113
14120,44414,77888,ZCTA5 14120
14125,3580,62335,ZCTA5 14125
14126,456,,ZCTA5 14126
14127,30652,100953,ZCTA5 14127
14129,1300,69306,ZCTA5 14129
14130,112,66083,ZCTA5 14130
14131,5182,82348,ZCTA5 14131
14132,6689,88444,ZCTA5 14132
14134,72,,ZCTA5 14134
14135,141,120446,ZCTA5 14135
14136,5122,66411,ZCTA5 14136
14138,1864,55750,ZCTA5 14138
14139,2074,80243,ZCTA5 14139
14141,7492,59948,ZCTA5 14141
14143,1058,94643,ZCTA5 14143
14145,1206,85313,ZCTA5 14145
14150,41456,68026,ZCTA5 14150
14166,231,93535,ZCTA5 14166
14167,1866,77833,ZCTA5 14167
14168,77,,ZCTA5 14168
14169,80,56569,ZCTA5 14169
14170,2223,93403,ZCTA5 14170
14171,1605,66898,ZCTA5 14171
14172,3091,75288,ZCTA5 14172
14173,188,93306,ZCTA5 14173
14174,5698,79844,ZCTA5 14174
14201,12623,34092,ZCTA5 14201
14202,3664,58669,ZCTA5 14202
14203,2390,45950,ZCTA5 14203
14204,7666,26762,ZCTA5 14204
14206,21726,46026,ZCTA5 14206
14207,25699,36966,ZCTA5 14207
14208,11820,44590,ZCTA5 14208
14209,8677,48991,ZCTA5 14209
14210,15382,50660,ZCTA5 14210
14211,24143,31841,ZCTA5 14211
14212,13295,34378,ZCTA5 14212
14213,23980,47558,ZCTA5 14213
14214,22113,56524,ZCTA5 14214
14215,42368,41196,ZCTA5 14215
14216,24009,67033,ZCTA5 14216
14217,22921,67568,ZCTA5 14217
14218,20936,49347,ZCTA5 14218
14219,10854,69892,ZCTA5 14219
14220,23926,68813,ZCTA5 14220
14221,55228,96266,ZCTA5 14221
14222,15744,79343,ZCTA5 14222
14223,22482,81884,ZCTA5 14223
14224,40745,76475,ZCTA5 14224
14225,34063,61630,ZCTA5 14225
14226,29273,79330,ZCTA5 14226
14227,21329,66614,ZCTA5 14227
14228,25038,70960,ZCTA5 14228
14260,812,,ZCTA5 14260
14261,4818,,ZCTA5 14261
14301,12151,32111,ZCTA5 14301
14302,206,,ZCTA5 14302
14303,6159,39256,ZCTA5 14303
14304,28582,64161,ZCTA5 14304
14305,16605,45412,ZCTA5 14305
14411,12608,49320,ZCTA5 14411
14413,174,,ZCTA5 14413
14414,6783,71760,ZCTA5 14414
14415,127,78333,ZCTA5 14415
14416,3800,83063,ZCTA5 14416
14418,1103,45988,ZCTA5 14418
14420,19945,66821,ZCTA5 14420
14422,1763,78750,ZCTA5 14422
14423,4906,76046,ZCTA5 14423
14424,28582,75481,ZCTA5 14424
14425,13201,86422,ZCTA5 14425
14427,1721,63786,ZCTA5 14427
14428,7297,79542,ZCTA5 14428
14432,5520,77004,ZCTA5 14432
14433,4265,62443,ZCTA5 14433
14435,2296,69097,ZCTA5 14435
14437,9168,64432,ZCTA5 14437
14441,431,66576,ZCTA5 14441
14445,7689,66779,ZCTA5 14445
14450,43082,104187,ZCTA5 14450
14453,0,,ZCTA5 14453
14454,11058,62500,ZCTA5 14454
14456,19796,71052,ZCTA5 14456
14462,803,81667,ZCTA5 14462
14463,302,47396,ZCTA5 14463
14464,6656,69145,ZCTA5 14464
14466,1697,91776,ZCTA5 14466
14467,10381,83750,ZCTA5 14467
14468,18866,91485,ZCTA5 14468
14469,5937,68472,ZCTA5 14469
14470,7654,68434,ZCTA5 14470
14471,2735,70528,ZCTA5 14471
14472,9139,123372,ZCTA5 14472
14475,298,115769,ZCTA5 14475
14476,2461,89911,ZCTA5 14476
14477,1672,93021,ZCTA5 14477
14478,1369,104219,ZCTA5 14478
14479,98,,ZCTA5 14479
14480,588,57292,ZCTA5 14480
14481,1775,76993,ZCTA5 14481
14482,8393,75311,ZCTA5 14482
14485,4102,71324,ZCTA5 14485
14486,255,88958,ZCTA5 14486
14487,5661,89877,ZCTA5 14487
14489,7054,62693,ZCTA5 14489
14502,10135,89333,ZCTA5 14502
14504,1534,59231,ZCTA5 14504
14505,4896,72115,ZCTA5 14505
14506,700,67969,ZCTA5 14506
14507,1054,76023,ZCTA5 14507
14510,4778,59804,ZCTA5 14510
14511,385,71591,ZCTA5 14511
14512,4855,65670,ZCTA5 14512
14513,13835,58595,ZCTA5 14513
14514,5899,73093,ZCTA5 14514
14515,138,,ZCTA5 14515
14516,2505,65536,ZCTA5 14516
14517,2776,56809,ZCTA5 14517
14519,12480,86497,ZCTA5 14519
14521,3366,60711,ZCTA5 14521
14522,9575,78716,ZCTA5 14522
14525,2536,80429,ZCTA5 14525
14526,19738,107557,ZCTA5 14526
14527,12870,62159,ZCTA5 14527
14529,48,,ZCTA5 14529
14530,6498,59534,ZCTA5 14530
14532,3849,66964,ZCTA5 14532
14533,1822,66767,ZCTA5 14533
14534,33914,139667,ZCTA5 14534
14536,643,61458,ZCTA5 14536
14537,117,53224,ZCTA5 14537
14539,187,187614,ZCTA5 14539
14541,3660,76528,ZCTA5 14541
14542,0,,ZCTA5 14542
14543,3217,112568,ZCTA5 14543
14544,2157,65882,ZCTA5 14544
14545,108,98375,ZCTA5 14545
14546,4920,80850,ZCTA5 14546
14548,4042,74428,ZCTA5 14548
14549,390,,ZCTA5 14549
14550,1233,55700,ZCTA5 14550
14551,4956,54050,ZCTA5 14551
14555,1203,72885,ZCTA5 14555
14556,1184,,ZCTA5 14556
14557,121,78750,ZCTA5 14557
14559,18375,89939,ZCTA5 14559
14560,2202,70679,ZCTA5 14560
14561,2382,86875,ZCTA5 14561
14564,16006,109861,ZCTA5 14564
14568,6349,100491,ZCTA5 14568
14569,6387,57309,ZCTA5 14569
14571,1306,70598,ZCTA5 14571
14572,4979,62000,ZCTA5 14572
14580,54520,90799,ZCTA5 14580
14585,156,39219,ZCTA5 14585
14586,12720,115625,ZCTA5 14586
14588,0,,ZCTA5 14588
14589,7838,85609,ZCTA5 14589
14590,5123,59531,ZCTA5 14590
14591,1573,73194,ZCTA5 14591
14592,113,78750,ZCTA5 14592
14604,2682,60365,ZCTA5 14604
14605,11348,23220,ZCTA5 14605
14606,27736,55346,ZCTA5 14606
14607,17319,53281,ZCTA5 14607
14608,12470,34720,ZCTA5 14608
14609,41134,59079,ZCTA5 14609
14610,14033,78378,ZCTA5 14610
14611,17753,30670,ZCTA5 14611
14612,35265,75648,ZCTA5 14612
14613,15132,32360,ZCTA5 14613
14614,1126,61641,ZCTA5 14614
14615,18393,50492,ZCTA5 14615
14616,27250,63643,ZCTA5 14616
14617,21990,82015,ZCTA5 14617
14618,23783,118152,ZCTA5 14618
14619,14073,63993,ZCTA5 14619
14620,24292,58745,ZCTA5 14620
14621,32976,32713,ZCTA5 14621
14622,12770,71139,ZCTA5 14622
14623,25958,58217,ZCTA5 14623
14624,39028,85773,ZCTA5 14624
14625,10445,100146,ZCTA5 14625
14626,29138,76513,ZCTA5 14626
14627,2892,,ZCTA5 14627
14642,0,,ZCTA5 14642
14701,39481,47435,ZCTA5 14701
14706,6051,72148,ZCTA5 14706
14707,93,37083,ZCTA5 14707
14708,155,71250,ZCTA5 14708
14709,1240,51528,ZCTA5 14709
14710,3125,62245,ZCTA5 14710
14711,1943,59342,ZCTA5 14711
14712,3089,74464,ZCTA5 14712
14714,544,105417,ZCTA5 14714
14715,2579,47177,ZCTA5 14715
14716,2602,49333,ZCTA5 14716
14717,564,56750,ZCTA5 14717
14718,2024,56842,ZCTA5 14718
14719,3398,60078,ZCTA5 14719
14720,870,39943,ZCTA5 14720
14721,175,53816,ZCTA5 14721
14722,189,,ZCTA5 14722
14723,1012,62438,ZCTA5 14723
14724,2955,67212,ZCTA5 14724
14726,2743,53542,ZCTA5 14726
14727,4939,64028,ZCTA5 14727
14728,1049,62750,ZCTA5 14728
14729,813,68750,ZCTA5 14729
14731,1220,64688,ZCTA5 14731
14732,18,,ZCTA5 14732
14733,3104,55893,ZCTA5 14733
14735,2725,66071,ZCTA5 14735
14736,154,69583,ZCTA5 14736
14737,4105,55461,ZCTA5 14737
14738,3542,69194,ZCTA5 14738
14739,2627,48922,ZCTA5 14739
14740,1112,64773,ZCTA5 14740
14741,1887,75227,ZCTA5 14741
14742,90,72768,ZCTA5 14742
14743,2171,55688,ZCTA5 14743
14744,2250,84318,ZCTA5 14744
14747,2073,56875,ZCTA5 14747
14748,505,40729,ZCTA5 14748
14750,4521,66250,ZCTA5 14750
14752,230,79722,ZCTA5 14752
14753,950,42857,ZCTA5 14753
14754,534,39688,ZCTA5 14754
14755,2858,59135,ZCTA5 14755
14756,0,,ZCTA5 14756
14757,3183,61936,ZCTA5 14757
14760,17675,49705,ZCTA5 14760
14767,2265,62609,ZCTA5 14767
14769,651,61667,ZCTA5 14769
14770,2888,55938,ZCTA5 14770
14772,3993,70647,ZCTA5 14772
14774,290,,ZCTA5 14774
14775,2565,48333,ZCTA5 14775
14777,613,52500,ZCTA5 14777
14778,1380,,ZCTA5 14778
14779,6899,40072,ZCTA5 14779
14781,1827,59643,ZCTA5 14781
14782,2169,58730,ZCTA5 14782
14783,128,39423,ZCTA5 14783
14784,750,68500,ZCTA5 14784
14785,130,,ZCTA5 14785
14787,4756,47599,ZCTA5 14787
14788,104,,ZCTA5 14788
14801,5263,59803,ZCTA5 14801
14802,4563,43333,ZCTA5 14802
14803,1546,56094,ZCTA5 14803
14804,1507,73393,ZCTA5 14804
14805,765,51650,ZCTA5 14805
14806,2149,65804,ZCTA5 14806
14807,3034,61932,ZCTA5 14807
14808,550,61111,ZCTA5 14808
14809,2905,58458,ZCTA5 14809
14810,11484,45590,ZCTA5 14810
14812,3286,63854,ZCTA5 14812
14813,2213,55729,ZCTA5 14813
14814,1784,95598,ZCTA5 14814
14815,727,57045,ZCTA5 14815
14816,595,50000,ZCTA5 14816
14817,2911,88963,ZCTA5 14817
14818,1765,88990,ZCTA5 14818
14819,625,56528,ZCTA5 14819
14820,531,62500,ZCTA5 14820
14821,3333,72875,ZCTA5 14821
14822,850,62050,ZCTA5 14822
14823,3851,62000,ZCTA5 14823
14824,768,74861,ZCTA5 14824
14825,755,72159,ZCTA5 14825
14826,1923,65721,ZCTA5 14826
14827,16,,ZCTA5 14827
14830,19127,74314,ZCTA5 14830
14836,835,69026,ZCTA5 14836
14837,5596,64269,ZCTA5 14837
14838,2133,65492,ZCTA5 14838
14839,594,81250,ZCTA5 14839
14840,2577,77216,ZCTA5 14840
14841,743,67895,ZCTA5 14841
14842,847,66542,ZCTA5 14842
14843,12418,53542,ZCTA5 14843
14845,20756,74931,ZCTA5 14845
14846,952,63750,ZCTA5 14846
14847,2409,73030,ZCTA5 14847
14850,65740,64911,ZCTA5 14850
14853,2202,,ZCTA5 14853
14854,95,,ZCTA5 14854
14855,871,66339,ZCTA5 14855
14856,0,,ZCTA5 14856
14858,1395,70179,ZCTA5 14858
14859,1141,81667,ZCTA5 14859
14860,1121,72660,ZCTA5 14860
14861,1138,54306,ZCTA5 14861
14864,1033,65761,ZCTA5 14864
14865,2647,47500,ZCTA5 14865
14867,5242,61837,ZCTA5 14867
14869,1471,65966,ZCTA5 14869
14870,9970,82134,ZCTA5 14870
14871,4551,71250,ZCTA5 14871
14872,542,56339,ZCTA5 14872
14873,1995,54762,ZCTA5 14873
14874,155,95417,ZCTA5 14874
14877,684,57857,ZCTA5 14877
14878,858,55750,ZCTA5 14878
14879,2254,59214,ZCTA5 14879
14880,1520,54028,ZCTA5 14880
14881,250,78438,ZCTA5 14881
14882,3678,98255,ZCTA5 14882
14883,4540,68556,ZCTA5 14883
14884,303,57750,ZCTA5 14884
14885,590,63214,ZCTA5 14885
14886,6544,74459,ZCTA5 14886
14889,1270,63750,ZCTA5 14889
14891,4416,55259,ZCTA5 14891
14892,7552,54313,ZCTA5 14892
14893,34,,ZCTA5 14893
14894,1440,55556,ZCTA5 14894
14895,9168,56250,ZCTA5 14895
14897,716,58594,ZCTA5 14897
14898,1549,56078,ZCTA5 14898
14901,14906,38604,ZCTA5 14901
14903,7090,64528,ZCTA5 14903
14904,14285,49428,ZCTA5 14904
14905,8852,78163,ZCTA5 14905
15001,32237,68186,ZCTA5 15001
15003,11406,54675,ZCTA5 15003
15004,316,56149,ZCTA5 15004
15005,9480,74273,ZCTA5 15005
15006,273,130396,ZCTA5 15006
15007,482,,ZCTA5 15007
15009,15722,79980,ZCTA5 15009
15010,28523,66338,ZCTA5 15010
15012,15301,62760,ZCTA5 15012
15014,3130,51622,ZCTA5 15014
15015,1372,166136,ZCTA5 15015
15017,17408,82020,ZCTA5 15017
15018,893,29962,ZCTA5 15018
15019,1552,52500,ZCTA5 15019
15020,567,71250,ZCTA5 15020
15021,6699,70383,ZCTA5 15021
15022,10248,54313,ZCTA5 15022
15024,9107,82877,ZCTA5 15024
15025,16806,79434,ZCTA5 15025
15026,3910,96414,ZCTA5 15026
15027,2219,61633,ZCTA5 15027
15028,174,57500,ZCTA5 15028
15030,1053,53702,ZCTA5 15030
15031,428,,ZCTA5 15031
15033,4622,42923,ZCTA5 15033
15034,1614,43208,ZCTA5 15034
15035,2074,60988,ZCTA5 15035
15037,10380,71452,ZCTA5 15037
15038,248,60714,ZCTA5 15038
15042,7759,69202,ZCTA5 15042
15043,2209,82024,ZCTA5 15043
15044,28246,128111,ZCTA5 15044
15045,4439,49345,ZCTA5 15045
15046,2455,76116,ZCTA5 15046
15047,182,40500,ZCTA5 15047
15049,885,52961,ZCTA5 15049
15050,2476,86813,ZCTA5 15050
15051,437,72763,ZCTA5 15051
15052,3024,67669,ZCTA5 15052
15053,70,101250,ZCTA5 15053
15054,447,,ZCTA5 15054
15055,1146,66983,ZCTA5 15055
15056,1057,66875,ZCTA5 15056
15057,17440,112630,ZCTA5 15057
15059,4248,66964,ZCTA5 15059
15060,906,57692,ZCTA5 15060
15061,12393,74043,ZCTA5 15061
15062,6876,51364,ZCTA5 15062
15063,10543,60816,ZCTA5 15063
15064,238,75708,ZCTA5 15064
15065,11099,62355,ZCTA5 15065
15066,12362,55507,ZCTA5 15066
15067,2285,50876,ZCTA5 15067
15068,36199,60890,ZCTA5 15068
15071,11778,92383,ZCTA5 15071
15072,44,,ZCTA5 15072
15074,8501,52777,ZCTA5 15074
15075,30,,ZCTA5 15075
15076,916,70461,ZCTA5 15076
15077,219,81563,ZCTA5 15077
15078,516,72930,ZCTA5 15078
15081,325,65833,ZCTA5 15081
15082,247,91346,ZCTA5 15082
15083,987,66979,ZCTA5 15083
15084,9767,56272,ZCTA5 15084
15085,7966,75826,ZCTA5 15085
15086,656,112750,ZCTA5 15086
15087,82,96250,ZCTA5 15087
15088,456,57273,ZCTA5 15088
15089,6294,55472,ZCTA5 15089
15090,24964,140313,ZCTA5 15090
15101,26238,108314,ZCTA5 15101
15102,30885,105413,ZCTA5 15102
15104,7955,35847,ZCTA5 15104
15106,19550,68510,ZCTA5 15106
15108,42914,89619,ZCTA5 15108
15110,5241,40969,ZCTA5 15110
15112,3185,42250,ZCTA5 15112
15116,14167,86994,ZCTA5 15116
15120,18136,49803,ZCTA5 15120
15122,19220,63097,ZCTA5 15122
15123,3,,ZCTA5 15123
15126,6901,89500,ZCTA5 15126
15129,10103,85398,ZCTA5 15129
15131,8404,62301,ZCTA5 15131
15132,19387,32859,ZCTA5 15132
15133,6033,66436,ZCTA5 15133
15135,5003,80078,ZCTA5 15135
15136,23055,59910,ZCTA5 15136
15137,10193,46509,ZCTA5 15137
15139,6734,82012,ZCTA5 15139
15140,3084,35829,ZCTA5 15140
15142,1635,114167,ZCTA5 15142
15143,22124,119732,ZCTA5 15143
15144,3954,67540,ZCTA5 15144
15145,6528,47500,ZCTA5 15145
15146,28551,80727,ZCTA5 15146
15147,16694,60860,ZCTA5 15147
15148,2414,39295,ZCTA5 15148
15201,13017,79875,ZCTA5 15201
15202,19790,62879,ZCTA5 15202
15203,10302,69306,ZCTA5 15203
15204,8276,52142,ZCTA5 15204
15205,23946,70723,ZCTA5 15205
15206,29316,64978,ZCTA5 15206
15207,10407,51866,ZCTA5 15207
15208,9037,55775,ZCTA5 15208
15209,11996,72554,ZCTA5 15209
15210,26224,46949,ZCTA5 15210
15211,10567,74477,ZCTA5 15211
15212,27256,57837,ZCTA5 15212
15213,29410,28790,ZCTA5 15213
15214,14719,58225,ZCTA5 15214
15215,12647,85225,ZCTA5 15215
15216,22134,76185,ZCTA5 15216
15217,26788,83405,ZCTA5 15217
15218,13697,64818,ZCTA5 15218
15219,10680,31558,ZCTA5 15219
15220,18535,78486,ZCTA5 15220
15221,29583,53354,ZCTA5 15221
15222,5418,115298,ZCTA5 15222
15223,6708,56586,ZCTA5 15223
15224,10873,63047,ZCTA5 15224
15225,946,54286,ZCTA5 15225
15226,13673,75709,ZCTA5 15226
15227,29383,70216,ZCTA5 15227
15228,18401,125786,ZCTA5 15228
15229,15408,79984,ZCTA5 15229
15232,11942,66540,ZCTA5 15232
15233,2783,59044,ZCTA5 15233
15234,14249,72721,ZCTA5 15234
15235,34383,59612,ZCTA5 15235
15236,31419,79521,ZCTA5 15236
15237,44149,104918,ZCTA5 15237
15238,12805,124394,ZCTA5 15238
15239,21329,94100,ZCTA5 15239
15241,21823,144448,ZCTA5 15241
15243,13329,106414,ZCTA5 15243
15260,0,,ZCTA5 15260
15275,3,,ZCTA5 15275
15282,5814,,ZCTA5 15282
15290,0,,ZCTA5 15290
15301,50183,68854,ZCTA5 15301
15310,240,79375,ZCTA5 15310
15311,1033,72326,ZCTA5 15311
15312,3972,74750,ZCTA5 15312
15313,422,70938,ZCTA5 15313
15314,3528,65213,ZCTA5 15314
15315,792,46789,ZCTA5 15315
15316,222,52813,ZCTA5 15316
15317,43435,102204,ZCTA5 15317
15320,5263,63200,ZCTA5 15320
15321,1949,116159,ZCTA5 15321
15322,1640,74148,ZCTA5 15322
15323,3829,70264,ZCTA5 15323
15324,767,38000,ZCTA5 15324
15325,222,,ZCTA5 15325
15327,1402,67900,ZCTA5 15327
15329,1490,86591,ZCTA5 15329
15330,5539,107226,ZCTA5 15330
15331,721,47298,ZCTA5 15331
15332,8604,71439,ZCTA5 15332
15333,1543,62386,ZCTA5 15333
15334,336,89211,ZCTA5 15334
15337,524,68750,ZCTA5 15337
15338,1565,64250,ZCTA5 15338
15340,1293,76932,ZCTA5 15340
15341,615,75694,ZCTA5 15341
15342,5138,91510,ZCTA5 15342
15344,1657,75313,ZCTA5 15344
15345,1343,58750,ZCTA5 15345
15346,487,43000,ZCTA5 15346
15347,102,,ZCTA5 15347
15348,69,30313,ZCTA5 15348
15349,1509,64939,ZCTA5 15349
15350,521,46667,ZCTA5 15350
15351,943,19375,ZCTA5 15351
15352,712,57292,ZCTA5 15352
15353,62,,ZCTA5 15353
15357,1460,83081,ZCTA5 15357
15358,1111,79458,ZCTA5 15358
15359,173,78426,ZCTA5 15359
15360,1710,79338,ZCTA5 15360
15361,123,141136,ZCTA5 15361
15362,685,68750,ZCTA5 15362
15363,566,53903,ZCTA5 15363
15364,716,56375,ZCTA5 15364
15365,200,67361,ZCTA5 15365
15366,504,38988,ZCTA5 15366
15367,9500,166797,ZCTA5 15367
15368,419,52763,ZCTA5 15368
15370,13886,67730,ZCTA5 15370
15376,1508,82625,ZCTA5 15376
15377,669,75521,ZCTA5 15377
15378,0,,ZCTA5 15378
15379,71,72813,ZCTA5 15379
15380,655,61250,ZCTA5 15380
15401,29848,51611,ZCTA5 15401
15410,969,,ZCTA5 15410
15411,701,62976,ZCTA5 15411
15412,210,37222,ZCTA5 15412
15413,302,,ZCTA5 15413
15416,569,96125,ZCTA5 15416
15417,7886,58890,ZCTA5 15417
15419,3796,42243,ZCTA5 15419
15420,182,27455,ZCTA5 15420
15421,96,,ZCTA5 15421
15422,425,85458,ZCTA5 15422
15423,1889,62125,ZCTA5 15423
15424,1919,46111,ZCTA5 15424
15425,18353,53852,ZCTA5 15425
15427,918,59464,ZCTA5 15427
15428,1840,62222,ZCTA5 15428
15429,444,37264,ZCTA5 15429
15430,291,69167,ZCTA5 15430
15431,4266,60227,ZCTA5 15431
15432,366,59732,ZCTA5 15432
15433,698,42404,ZCTA5 15433
15434,272,60625,ZCTA5 15434
15435,112,,ZCTA5 15435
15436,2376,49135,ZCTA5 15436
15437,2694,75387,ZCTA5 15437
15438,2272,67400,ZCTA5 15438
15440,165,,ZCTA5 15440
15442,2111,51800,ZCTA5 15442
15443,293,26196,ZCTA5 15443
15444,848,,ZCTA5 15444
15445,2836,61932,ZCTA5 15445
15446,65,,ZCTA5 15446
15447,237,39931,ZCTA5 15447
15448,204,55938,ZCTA5 15448
15449,719,,ZCTA5 15449
15450,2190,,ZCTA5 15450
15451,811,34125,ZCTA5 15451
15454,202,,ZCTA5 15454
15455,553,,ZCTA5 15455
15456,2294,44500,ZCTA5 15456
15458,2393,73526,ZCTA5 15458
15459,1793,74792,ZCTA5 15459
15460,173,,ZCTA5 15460
15461,3708,54647,ZCTA5 15461
15462,226,,ZCTA5 15462
15463,336,,ZCTA5 15463
15464,1585,49615,ZCTA5 15464
15465,399,26822,ZCTA5 15465
15466,494,54091,ZCTA5 15466
15467,120,68611,ZCTA5 15467
15468,2608,63979,ZCTA5 15468
15469,2250,41125,ZCTA5 15469
15470,603,92750,ZCTA5 15470
15472,154,51250,ZCTA5 15472
15473,3422,71293,ZCTA5 15473
15474,2398,49167,ZCTA5 15474
15475,1020,40982,ZCTA5 15475
15476,39,,ZCTA5 15476
15477,831,65625,ZCTA5 15477
15478,6125,71721,ZCTA5 15478
15479,2071,77750,ZCTA5 15479
15480,1448,37063,ZCTA5 15480
15482,311,38478,ZCTA5 15482
15483,253,46354,ZCTA5 15483
15484,819,91308,ZCTA5 15484
15486,2016,64726,ZCTA5 15486
15488,92,,ZCTA5 15488
15489,322,33462,ZCTA5 15489
15490,265,50500,ZCTA5 15490
15492,153,,ZCTA5 15492
15501,16508,55788,ZCTA5 15501
15502,82,58500,ZCTA5 15502
15510,2194,,ZCTA5 15510
15520,322,,ZCTA5 15520
15521,1917,54792,ZCTA5 15521
15522,11020,63538,ZCTA5 15522
15530,5037,54699,ZCTA5 15530
15531,3577,51172,ZCTA5 15531
15532,149,50000,ZCTA5 15532
15533,1286,47917,ZCTA5 15533
15534,899,52222,ZCTA5 15534
15535,1996,63636,ZCTA5 15535
15536,329,50833,ZCTA5 15536
15537,8169,53860,ZCTA5 15537
15538,720,67143,ZCTA5 15538
15539,202,,ZCTA5 15539
15540,361,66466,ZCTA5 15540
15541,3262,60580,ZCTA5 15541
15542,1066,51667,ZCTA5 15542
15544,223,80272,ZCTA5 15544
15545,2756,53384,ZCTA5 15545
15546,702,,ZCTA5 15546
15547,871,59046,ZCTA5 15547
15550,1704,45917,ZCTA5 15550
15551,550,65000,ZCTA5 15551
15552,5688,61071,ZCTA5 15552
15554,2264,61679,ZCTA5 15554
15555,81,71250,ZCTA5 15555
15557,3389,56776,ZCTA5 15557
15558,2089,70313,ZCTA5 15558
15559,2221,66071,ZCTA5 15559
15560,144,35625,ZCTA5 15560
15561,111,53500,ZCTA5 15561
15562,316,92813,ZCTA5 15562
15563,2736,58989,ZCTA5 15563
15564,101,44688,ZCTA5 15564
15565,11,,ZCTA5 15565
15601,55917,71134,ZCTA5 15601
15610,3827,65987,ZCTA5 15610
15611,161,41176,ZCTA5 15611
15612,375,40125,ZCTA5 15612
15613,12541,67156,ZCTA5 15613
15615,223,100875,ZCTA5 15615
15616,427,108294,ZCTA5 15616
15617,255,87500,ZCTA5 15617
15618,2489,61875,ZCTA5 15618
15619,291,41510,ZCTA5 15619
15620,632,50729,ZCTA5 15620
15622,1244,105802,ZCTA5 15622
15623,737,50821,ZCTA5 15623
15624,402,,ZCTA5 15624
15625,97,,ZCTA5 15625
15626,4967,67770,ZCTA5 15626
15627,6032,57042,ZCTA5 15627
15628,389,57031,ZCTA5 15628
15629,701,53650,ZCTA5 15629
15631,736,56167,ZCTA5 15631
15632,9322,93208,ZCTA5 15632
15633,613,86083,ZCTA5 15633
15634,343,42222,ZCTA5 15634
15635,79,,ZCTA5 15635
15636,3904,139055,ZCTA5 15636
15637,1678,65197,ZCTA5 15637
15638,62,,ZCTA5 15638
15639,1924,73363,ZCTA5 15639
15640,505,76771,ZCTA5 15640
15641,501,55938,ZCTA5 15641
15642,46855,85210,ZCTA5 15642
15644,18665,61438,ZCTA5 15644
15646,160,63854,ZCTA5 15646
15647,37,,ZCTA5 15647
15650,27106,62516,ZCTA5 15650
15655,269,40368,ZCTA5 15655
15656,9908,71381,ZCTA5 15656
15658,8364,75237,ZCTA5 15658
15660,196,51563,ZCTA5 15660
15661,1006,76422,ZCTA5 15661
15662,951,78488,ZCTA5 15662
15663,451,69750,ZCTA5 15663
15665,1342,71250,ZCTA5 15665
15666,15592,62295,ZCTA5 15666
15668,14179,123443,ZCTA5 15668
15670,3028,76667,ZCTA5 15670
15671,674,51012,ZCTA5 15671
15672,3410,72384,ZCTA5 15672
15673,1239,60469,ZCTA5 15673
15674,271,67788,ZCTA5 15674
15675,1472,67750,ZCTA5 15675
15676,717,100089,ZCTA5 15676
15677,376,38917,ZCTA5 15677
15678,528,41971,ZCTA5 15678
15679,2501,61417,ZCTA5 15679
15680,222,43825,ZCTA5 15680
15681,4581,67516,ZCTA5 15681
15682,209,90000,ZCTA5 15682
15683,8074,51486,ZCTA5 15683
15684,460,77917,ZCTA5 15684
15686,1051,52639,ZCTA5 15686
15687,1181,52179,ZCTA5 15687
15688,814,64821,ZCTA5 15688
15689,74,71875,ZCTA5 15689
15690,9450,53502,ZCTA5 15690
15691,427,156250,ZCTA5 15691
15692,671,63221,ZCTA5 15692
15693,292,75208,ZCTA5 15693
15695,313,,ZCTA5 15695
15696,251,68125,ZCTA5 15696
15697,2933,66577,ZCTA5 15697
15698,672,48707,ZCTA5 15698
15701,30941,55127,ZCTA5 15701
15705,3218,,ZCTA5 15705
15710,206,52500,ZCTA5 15710
15711,293,44926,ZCTA5 15711
15712,97,20769,ZCTA5 15712
15713,180,96190,ZCTA5 15713
15714,4919,46911,ZCTA5 15714
15715,536,49375,ZCTA5 15715
15716,434,30781,ZCTA5 15716
15717,9438,65513,ZCTA5 15717
15720,299,65823,ZCTA5 15720
15721,163,47500,ZCTA5 15721
15722,2391,65766,ZCTA5 15722
15723,15,,ZCTA5 15723
15724,2262,64391,ZCTA5 15724
15725,1252,81667,ZCTA5 15725
15727,231,60417,ZCTA5 15727
15728,3475,55676,ZCTA5 15728
15729,950,38804,ZCTA5 15729
15730,116,61518,ZCTA5 15730
15731,220,52917,ZCTA5 15731
15732,1427,51667,ZCTA5 15732
15733,119,,ZCTA5 15733
15734,213,49167,ZCTA5 15734
15736,358,54688,ZCTA5 15736
15737,114,54167,ZCTA5 15737
15738,178,45000,ZCTA5 15738
15739,381,63333,ZCTA5 15739
15741,64,84688,ZCTA5 15741
15742,1040,54375,ZCTA5 15742
15744,53,104583,ZCTA5 15744
15745,234,,ZCTA5 15745
15746,144,38393,ZCTA5 15746
15747,1737,61923,ZCTA5 15747
15748,7071,59100,ZCTA5 15748
15750,315,,ZCTA5 15750
15752,61,38000,ZCTA5 15752
15753,455,47500,ZCTA5 15753
15754,532,75781,ZCTA5 15754
15756,140,41346,ZCTA5 15756
15757,1310,46544,ZCTA5 15757
15759,2906,59934,ZCTA5 15759
15760,83,55833,ZCTA5 15760
15761,141,54250,ZCTA5 15761
15762,996,62500,ZCTA5 15762
15763,17,115156,ZCTA5 15763
15764,156,46875,ZCTA5 15764
15765,1634,76563,ZCTA5 15765
15767,14156,49885,ZCTA5 15767
15770,180,45000,ZCTA5 15770
15771,908,56587,ZCTA5 15771
15772,1656,45000,ZCTA5 15772
15773,436,59531,ZCTA5 15773
15774,2609,73899,ZCTA5 15774
15775,599,67188,ZCTA5 15775
15776,34,,ZCTA5 15776
15777,23,,ZCTA5 15777
15778,342,101250,ZCTA5 15778
15779,527,50083,ZCTA5 15779
15780,62,65417,ZCTA5 15780
15781,76,41563,ZCTA5 15781
15783,49,,ZCTA5 15783
15784,59,73125,ZCTA5 15784
15801,20312,61757,ZCTA5 15801
15821,73,46250,ZCTA5 15821
15823,1230,60491,ZCTA5 15823
15824,5146,59459,ZCTA5 15824
15825,9565,60924,ZCTA5 15825
15827,305,76797,ZCTA5 15827
15828,233,45000,ZCTA5 15828
15829,1209,67917,ZCTA5 15829
15831,43,,ZCTA5 15831
15832,238,37857,ZCTA5 15832
15834,4166,46209,ZCTA5 15834
15840,1744,54474,ZCTA5 15840
15841,243,24901,ZCTA5 15841
15845,2920,56613,ZCTA5 15845
15846,3323,78458,ZCTA5 15846
15847,94,75833,ZCTA5 15847
15848,885,57841,ZCTA5 15848
15849,1370,55703,ZCTA5 15849
15851,7112,58613,ZCTA5 15851
15853,6411,58580,ZCTA5 15853
15856,853,56417,ZCTA5 15856
15857,12958,62036,ZCTA5 15857
15860,1212,62661,ZCTA5 15860
15861,119,74286,ZCTA5 15861
15863,143,33438,ZCTA5 15863
15864,1882,60577,ZCTA5 15864
15865,988,40938,ZCTA5 15865
15866,218,75417,ZCTA5 15866
15868,1788,61563,ZCTA5 15868
15870,1228,52813,ZCTA5 15870
15901,3616,25357,ZCTA5 15901
15902,11415,41959,ZCTA5 15902
15904,16388,64899,ZCTA5 15904
15905,19882,66843,ZCTA5 15905
15906,9965,37531,ZCTA5 15906
15909,4912,56406,ZCTA5 15909
15920,573,61250,ZCTA5 15920
15921,314,47500,ZCTA5 15921
15922,82,,ZCTA5 15922
15923,1554,52411,ZCTA5 15923
15924,880,59375,ZCTA5 15924
15925,120,54792,ZCTA5 15925
15926,2470,63259,ZCTA5 15926
15927,760,,ZCTA5 15927
15928,2075,54688,ZCTA5 15928
15929,128,53000,ZCTA5 15929
15930,419,135882,ZCTA5 15930
15931,9018,62492,ZCTA5 15931
15934,0,,ZCTA5 15934
15935,2647,70625,ZCTA5 15935
15936,1470,60851,ZCTA5 15936
15937,676,55917,ZCTA5 15937
15938,2252,61434,ZCTA5 15938
15940,3831,86250,ZCTA5 15940
15942,2011,76856,ZCTA5 15942
15943,3657,48678,ZCTA5 15943
15944,3149,70682,ZCTA5 15944
15945,181,,ZCTA5 15945
15946,6716,58015,ZCTA5 15946
15948,663,,ZCTA5 15948
15949,683,56739,ZCTA5 15949
15951,492,55343,ZCTA5 15951
15952,1235,60917,ZCTA5 15952
15953,161,,ZCTA5 15953
15954,2409,42115,ZCTA5 15954
15955,2246,65250,ZCTA5 15955
15956,2604,50208,ZCTA5 15956
15957,396,76250,ZCTA5 15957
15958,2277,66875,ZCTA5 15958
15960,165,61938,ZCTA5 15960
15961,849,52727,ZCTA5 15961
15962,390,,ZCTA5 15962
15963,10338,55567,ZCTA5 15963
16001,39808,60866,ZCTA5 16001
16002,15944,76034,ZCTA5 16002
16020,1190,82813,ZCTA5 16020
16022,279,65833,ZCTA5 16022
16023,4387,64267,ZCTA5 16023
16024,291,110250,ZCTA5 16024
16025,4858,73693,ZCTA5 16025
16027,392,54821,ZCTA5 16027
16028,2061,59261,ZCTA5 16028
16029,906,53563,ZCTA5 16029
16030,327,59375,ZCTA5 16030
16033,7376,90674,ZCTA5 16033
16034,1831,87396,ZCTA5 16034
16035,141,59792,ZCTA5 16035
16036,314,56607,ZCTA5 16036
16037,4709,86875,ZCTA5 16037
16038,3214,70625,ZCTA5 16038
16040,1066,85313,ZCTA5 16040
16041,2105,68636,ZCTA5 16041
16045,999,76471,ZCTA5 16045
16046,18772,135805,ZCTA5 16046
16048,221,70375,ZCTA5 16048
16049,3011,59476,ZCTA5 16049
16050,931,56583,ZCTA5 16050
16051,3035,75203,ZCTA5 16051
16052,2321,81667,ZCTA5 16052
16053,3478,71465,ZCTA5 16053
16054,381,58750,ZCTA5 16054
16055,8548,83876,ZCTA5 16055
16056,4620,77552,ZCTA5 16056
16057,15067,55141,ZCTA5 16057
16059,9394,93958,ZCTA5 16059
16061,2705,72585,ZCTA5 16061
16063,8128,81028,ZCTA5 16063
16066,33071,120458,ZCTA5 16066
16101,30954,46896,ZCTA5 16101
16102,5166,50929,ZCTA5 16102
16105,15565,68535,ZCTA5 16105
16110,397,75179,ZCTA5 16110
16111,1147,57039,ZCTA5 16111
16112,1466,76583,ZCTA5 16112
16113,349,75000,ZCTA5 16113
16114,561,63500,ZCTA5 16114
16115,3501,67917,ZCTA5 16115
16116,2857,65682,ZCTA5 16116
16117,15805,63943,ZCTA5 16117
16120,2315,64081,ZCTA5 16120
16121,4309,28534,ZCTA5 16121
16123,2681,100508,ZCTA5 16123
16124,1704,53894,ZCTA5 16124
16125,17610,54596,ZCTA5 16125
16127,15350,70475,ZCTA5 16127
16130,1982,54737,ZCTA5 16130
16131,861,55536,ZCTA5 16131
16132,350,27688,ZCTA5 16132
16133,1570,75469,ZCTA5 16133
16134,3890,55964,ZCTA5 16134
16136,775,59079,ZCTA5 16136
16137,12710,67890,ZCTA5 16137
16140,391,94792,ZCTA5 16140
16141,1741,62411,ZCTA5 16141
16142,5391,78973,ZCTA5 16142
16143,1979,66786,ZCTA5 16143
16145,2693,59866,ZCTA5 16145
16146,13169,40185,ZCTA5 16146
16148,16710,67366,ZCTA5 16148
16150,7045,60750,ZCTA5 16150
16151,58,63958,ZCTA5 16151
16153,2266,64103,ZCTA5 16153
16154,1987,54635,ZCTA5 16154
16155,98,,ZCTA5 16155
16156,3366,66524,ZCTA5 16156
16157,2955,60542,ZCTA5 16157
16159,4616,64294,ZCTA5 16159
16160,956,41406,ZCTA5 16160
16161,506,48750,ZCTA5 16161
16172,845,,ZCTA5 16172
16201,16824,67169,ZCTA5 16201
16210,623,48021,ZCTA5 16210
16211,85,31042,ZCTA5 16211
16212,234,48482,ZCTA5 16212
16213,149,51563,ZCTA5 16213
16214,8960,55859,ZCTA5 16214
16217,92,52188,ZCTA5 16217
16218,1189,63056,ZCTA5 16218
16220,95,53672,ZCTA5 16220
16222,3076,57774,ZCTA5 16222
16223,69,58125,ZCTA5 16223
16224,836,73750,ZCTA5 16224
16226,8160,58286,ZCTA5 16226
16228,355,57000,ZCTA5 16228
16229,5143,73910,ZCTA5 16229
16230,480,43929,ZCTA5 16230
16232,4287,54760,ZCTA5 16232
16233,1094,85938,ZCTA5 16233
16235,1365,77500,ZCTA5 16235
16236,221,,ZCTA5 16236
16238,426,73843,ZCTA5 16238
16239,4059,44865,ZCTA5 16239
16240,1604,59219,ZCTA5 16240
16242,4258,53523,ZCTA5 16242
16244,309,53203,ZCTA5 16244
16245,253,46406,ZCTA5 16245
16246,184,43125,ZCTA5 16246
16248,3126,56477,ZCTA5 16248
16249,1931,80417,ZCTA5 16249
16250,268,55568,ZCTA5 16250
16253,113,84583,ZCTA5 16253
16254,3551,58456,ZCTA5 16254
16255,1852,57679,ZCTA5 16255
16256,2030,56346,ZCTA5 16256
16258,1600,48295,ZCTA5 16258
16259,2068,53500,ZCTA5 16259
16260,228,44750,ZCTA5 16260
16262,2802,70962,ZCTA5 16262
16263,331,55294,ZCTA5 16263
16301,15178,54558,ZCTA5 16301
16311,438,72625,ZCTA5 16311
16312,0,,ZCTA5 16312
16313,1805,52596,ZCTA5 16313
16314,5301,64654,ZCTA5 16314
16316,4607,64911,ZCTA5 16316
16317,1404,55417,ZCTA5 16317
16319,1137,62026,ZCTA5 16319
16321,13,,ZCTA5 16321
16322,117,27813,ZCTA5 16322
16323,14934,59274,ZCTA5 16323
16326,322,82292,ZCTA5 16326
16327,2590,63654,ZCTA5 16327
16328,249,46500,ZCTA5 16328
16329,428,67019,ZCTA5 16329
16331,143,,ZCTA5 16331
16332,51,,ZCTA5 16332
16333,212,42500,ZCTA5 16333
16334,419,67361,ZCTA5 16334
16335,27497,59007,ZCTA5 16335
16340,1940,59563,ZCTA5 16340
16341,1862,56667,ZCTA5 16341
16342,2359,67946,ZCTA5 16342
16343,550,69375,ZCTA5 16343
16344,521,52917,ZCTA5 16344
16345,3670,89141,ZCTA5 16345
16346,3138,61161,ZCTA5 16346
16347,1535,53243,ZCTA5 16347
16350,2332,61196,ZCTA5 16350
16351,1760,46563,ZCTA5 16351
16352,226,49375,ZCTA5 16352
16353,2321,50172,ZCTA5 16353
16354,10225,43026,ZCTA5 16354
16360,1385,70179,ZCTA5 16360
16361,30,74219,ZCTA5 16361
16362,951,64063,ZCTA5 16362
16364,1343,74911,ZCTA5 16364
16365,17377,55831,ZCTA5 16365
16370,330,53125,ZCTA5 16370
16371,3129,53022,ZCTA5 16371
16372,504,42250,ZCTA5 16372
16373,3050,66458,ZCTA5 16373
16374,1725,53696,ZCTA5 16374
16401,4103,68056,ZCTA5 16401
16402,703,70500,ZCTA5 16402
16403,6980,67847,ZCTA5 16403
16404,3285,58942,ZCTA5 16404
16405,555,79375,ZCTA5 16405
16406,3479,63880,ZCTA5 16406
16407,10656,51098,ZCTA5 16407
16410,1995,94917,ZCTA5 16410
16411,1260,63664,ZCTA5 16411
16412,9504,65605,ZCTA5 16412
16415,10051,100867,ZCTA5 16415
16416,136,,ZCTA5 16416
16417,8378,78021,ZCTA5 16417
16420,447,52188,ZCTA5 16420
16421,2431,72926,ZCTA5 16421
16422,183,77917,ZCTA5 16422
16423,3783,70529,ZCTA5 16423
16424,4367,51800,ZCTA5 16424
16426,3401,77076,ZCTA5 16426
16427,201,53500,ZCTA5 16427
16428,12574,68591,ZCTA5 16428
16430,174,103000,ZCTA5 16430
16433,4993,66111,ZCTA5 16433
16434,3161,53897,ZCTA5 16434
16435,1640,53859,ZCTA5 16435
16436,801,44948,ZCTA5 16436
16438,7260,58679,ZCTA5 16438
16440,780,69219,ZCTA5 16440
16441,9255,75453,ZCTA5 16441
16442,3253,71250,ZCTA5 16442
16443,1226,65536,ZCTA5 16443
16444,1002,,ZCTA5 16444
16475,2154,,ZCTA5 16475
16501,1670,14319,ZCTA5 16501
16502,15567,35508,ZCTA5 16502
16503,16065,29240,ZCTA5 16503
16504,16003,47146,ZCTA5 16504
16505,16136,69884,ZCTA5 16505
16506,24201,83782,ZCTA5 16506
16507,8996,34016,ZCTA5 16507
16508,14801,53197,ZCTA5 16508
16509,28151,69496,ZCTA5 16509
16510,25271,59949,ZCTA5 16510
16511,11555,62420,ZCTA5 16511
16546,1120,,ZCTA5 16546
16550,0,,ZCTA5 16550
16563,1543,,ZCTA5 16563
16601,33169,54831,ZCTA5 16601
16602,27813,51808,ZCTA5 16602
16611,2656,68571,ZCTA5 16611
16613,1527,71181,ZCTA5 16613
16616,134,33281,ZCTA5 16616
16617,2615,53487,ZCTA5 16617
16619,315,75893,ZCTA5 16619
16620,387,55833,ZCTA5 16620
16621,665,66736,ZCTA5 16621
16622,85,44167,ZCTA5 16622
16623,498,54375,ZCTA5 16623
16624,204,73750,ZCTA5 16624
16625,3688,57646,ZCTA5 16625
16627,2053,49071,ZCTA5 16627
16630,4845,63696,ZCTA5 16630
16631,38,,ZCTA5 16631
16633,392,85278,ZCTA5 16633
16634,251,56500,ZCTA5 16634
16635,12231,70140,ZCTA5 16635
16636,1081,86786,ZCTA5 16636
16637,2418,54453,ZCTA5 16637
16638,87,111875,ZCTA5 16638
16639,1430,70467,ZCTA5 16639
16640,889,52361,ZCTA5 16640
16641,2388,56809,ZCTA5 16641
16645,190,60833,ZCTA5 16645
16646,2174,57356,ZCTA5 16646
16647,806,77159,ZCTA5 16647
16648,14547,76882,ZCTA5 16648
16650,1789,56106,ZCTA5 16650
16651,5865,62391,ZCTA5 16651
16652,15734,62049,ZCTA5 16652
16654,1975,,ZCTA5 16654
16655,1311,63523,ZCTA5 16655
16656,1191,45938,ZCTA5 16656
16657,1388,58781,ZCTA5 16657
16659,173,,ZCTA5 16659
16661,923,50568,ZCTA5 16661
16662,5654,66293,ZCTA5 16662
16664,2193,72760,ZCTA5 16664
16665,378,80714,ZCTA5 16665
16666,2800,48158,ZCTA5 16666
16667,1350,47188,ZCTA5 16667
16668,3564,61750,ZCTA5 16668
16669,2185,71458,ZCTA5 16669
16670,78,,ZCTA5 16670
16671,404,66071,ZCTA5 16671
16672,194,56458,ZCTA5 16672
16673,5176,71622,ZCTA5 16673
16674,581,44712,ZCTA5 16674
16675,100,37813,ZCTA5 16675
16677,301,,ZCTA5 16677
16678,2429,58214,ZCTA5 16678
16679,625,43073,ZCTA5 16679
16680,356,76250,ZCTA5 16680
16682,216,66685,ZCTA5 16682
16683,350,81667,ZCTA5 16683
16684,71,31310,ZCTA5 16684
16685,317,130541,ZCTA5 16685
16686,13054,64433,ZCTA5 16686
16689,350,55139,ZCTA5 16689
16691,310,56250,ZCTA5 16691
16692,912,67604,ZCTA5 16692
16693,4112,61140,ZCTA5 16693
16694,348,60313,ZCTA5 16694
16695,969,70694,ZCTA5 16695
16699,0,,ZCTA5 16699
16701,16800,56748,ZCTA5 16701
16720,1237,49009,ZCTA5 16720
16724,85,69375,ZCTA5 16724
16725,75,,ZCTA5 16725
16726,518,60250,ZCTA5 16726
16727,219,84228,ZCTA5 16727
16729,689,60625,ZCTA5 16729
16730,42,,ZCTA5 16730
16731,2364,57594,ZCTA5 16731
16732,182,61612,ZCTA5 16732
16733,173,47679,ZCTA5 16733
16734,194,59643,ZCTA5 16734
16735,6411,53445,ZCTA5 16735
16738,2111,67841,ZCTA5 16738
16740,896,49750,ZCTA5 16740
16743,3894,56307,ZCTA5 16743
16744,225,88000,ZCTA5 16744
16745,631,52031,ZCTA5 16745
16746,1131,60313,ZCTA5 16746
16748,2739,53565,ZCTA5 16748
16749,4020,62917,ZCTA5 16749
16750,542,113500,ZCTA5 16750
16801,43307,59296,ZCTA5 16801
16802,12700,,ZCTA5 16802
16803,23964,65224,ZCTA5 16803
16820,1514,74000,ZCTA5 16820
16821,219,97292,ZCTA5 16821
16822,1935,71205,ZCTA5 16822
16823,29145,77087,ZCTA5 16823
16825,241,57426,ZCTA5 16825
16826,425,60114,ZCTA5 16826
16827,4724,118125,ZCTA5 16827
16828,4849,68368,ZCTA5 16828
16829,690,69375,ZCTA5 16829
16830,13644,52853,ZCTA5 16830
16832,300,51364,ZCTA5 16832
16833,5208,56356,ZCTA5 16833
16834,677,106990,ZCTA5 16834
16835,221,56667,ZCTA5 16835
16836,1097,55156,ZCTA5 16836
16837,136,36042,ZCTA5 16837
16838,1831,55909,ZCTA5 16838
16839,406,61750,ZCTA5 16839
16840,303,52344,ZCTA5 16840
16841,6833,68452,ZCTA5 16841
16843,354,48698,ZCTA5 16843
16844,2541,82159,ZCTA5 16844
16845,1056,69135,ZCTA5 16845
16847,368,55000,ZCTA5 16847
16848,289,52404,ZCTA5 16848
16849,70,30938,ZCTA5 16849
16851,1211,59712,ZCTA5 16851
16852,165,28125,ZCTA5 16852
16853,358,,ZCTA5 16853
16854,737,61250,ZCTA5 16854
16855,87,,ZCTA5 16855
16856,31,,ZCTA5 16856
16858,3826,54734,ZCTA5 16858
16859,494,66250,ZCTA5 16859
16860,362,70923,ZCTA5 16860
16861,286,22197,ZCTA5 16861
16863,594,66429,ZCTA5 16863
16864,97,25000,ZCTA5 16864
16865,1405,75000,ZCTA5 16865
16866,9365,50864,ZCTA5 16866
16868,1030,152790,ZCTA5 16868
16870,7418,111667,ZCTA5 16870
16871,52,70893,ZCTA5 16871
16872,1522,69453,ZCTA5 16872
16874,1195,68462,ZCTA5 16874
16875,3578,59092,ZCTA5 16875
16876,242,44821,ZCTA5 16876
16877,1846,85000,ZCTA5 16877
16878,1798,66136,ZCTA5 16878
16879,408,47841,ZCTA5 16879
16881,2439,61429,ZCTA5 16881
16882,455,51979,ZCTA5 16882
16901,10651,63035,ZCTA5 16901
16910,61,58125,ZCTA5 16910
16911,264,93906,ZCTA5 16911
16912,2607,67125,ZCTA5 16912
16914,2415,62377,ZCTA5 16914
16915,5858,60000,ZCTA5 16915
16917,1223,65870,ZCTA5 16917
16920,1844,57375,ZCTA5 16920
16921,651,45417,ZCTA5 16921
16922,1697,55357,ZCTA5 16922
16923,1278,67625,ZCTA5 16923
16925,3330,69303,ZCTA5 16925
16926,922,69271,ZCTA5 16926
16927,623,58750,ZCTA5 16927
16928,1573,64722,ZCTA5 16928
16929,2387,63125,ZCTA5 16929
16930,1150,71776,ZCTA5 16930
16932,726,60000,ZCTA5 16932
16933,6246,54332,ZCTA5 16933
16935,1122,68636,ZCTA5 16935
16936,2225,54688,ZCTA5 16936
16937,118,46667,ZCTA5 16937
16938,808,68750,ZCTA5 16938
16939,193,,ZCTA5 16939
16940,48,,ZCTA5 16940
16941,69,,ZCTA5 16941
16942,900,49545,ZCTA5 16942
16943,374,45417,ZCTA5 16943
16946,2629,49464,ZCTA5 16946
16947,4617,57696,ZCTA5 16947
16948,1709,44844,ZCTA5 16948
16950,3220,50243,ZCTA5 16950
17002,500,66534,ZCTA5 17002
17003,12260,83406,ZCTA5 17003
17004,5376,56864,ZCTA5 17004
17005,280,61000,ZCTA5 17005
17006,1020,58571,ZCTA5 17006
17007,6259,102744,ZCTA5 17007
17009,1652,65469,ZCTA5 17009
17010,450,65734,ZCTA5 17010
17011,38861,85573,ZCTA5 17011
17013,36942,65906,ZCTA5 17013
17014,152,146563,ZCTA5 17014
17015,24864,90630,ZCTA5 17015
17016,1053,,ZCTA5 17016
17017,1516,67813,ZCTA5 17017
17018,4158,82425,ZCTA5 17018
17019,19153,86015,ZCTA5 17019
17020,8642,76767,ZCTA5 17020
17021,969,53625,ZCTA5 17021
17022,31969,78688,ZCTA5 17022
17023,3496,75060,ZCTA5 17023
17024,1846,85365,ZCTA5 17024
17025,17163,85878,ZCTA5 17025
17026,3556,94375,ZCTA5 17026
17027,2649,72308,ZCTA5 17027
17028,3275,68203,ZCTA5 17028
17029,266,70402,ZCTA5 17029
17030,587,,ZCTA5 17030
17032,7645,76114,ZCTA5 17032
17033,17023,73611,ZCTA5 17033
17034,2709,50150,ZCTA5 17034
17035,833,48583,ZCTA5 17035
17036,22317,98955,ZCTA5 17036
17037,1034,59792,ZCTA5 17037
17038,8184,68720,ZCTA5 17038
17039,14,,ZCTA5 17039
17040,2466,83750,ZCTA5 17040
17041,259,,ZCTA5 17041
17042,39175,72366,ZCTA5 17042
17043,5858,66563,ZCTA5 17043
17044,20207,53770,ZCTA5 17044
17045,3842,70536,ZCTA5 17045
17046,31818,54589,ZCTA5 17046
17047,2962,74643,ZCTA5 17047
17048,3611,72311,ZCTA5 17048
17049,3145,77000,ZCTA5 17049
17050,42003,110267,ZCTA5 17050
17051,4772,61006,ZCTA5 17051
17052,1490,68977,ZCTA5 17052
17053,5130,75531,ZCTA5 17053
17054,286,74821,ZCTA5 17054
17055,40007,89367,ZCTA5 17055
17056,32,,ZCTA5 17056
17057,23423,68072,ZCTA5 17057
17058,1599,55375,ZCTA5 17058
17059,7645,59033,ZCTA5 17059
17060,1098,65000,ZCTA5 17060
17061,6924,57951,ZCTA5 17061
17062,4060,83713,ZCTA5 17062
17063,3273,63571,ZCTA5 17063
17064,916,110852,ZCTA5 17064
17065,3968,83314,ZCTA5 17065
17066,4970,46828,ZCTA5 17066
17067,16272,78556,ZCTA5 17067
17068,4428,79833,ZCTA5 17068
17069,294,75714,ZCTA5 17069
17070,16626,83801,ZCTA5 17070
17071,123,66250,ZCTA5 17071
17073,5680,90609,ZCTA5 17073
17074,7161,74970,ZCTA5 17074
17075,151,71875,ZCTA5 17075
17076,123,,ZCTA5 17076
17077,23,,ZCTA5 17077
17078,23269,80391,ZCTA5 17078
17080,306,68750,ZCTA5 17080
17081,242,55329,ZCTA5 17081
17082,3004,68717,ZCTA5 17082
17084,4699,67167,ZCTA5 17084
17086,2144,68239,ZCTA5 17086
17087,2685,91042,ZCTA5 17087
17088,424,93917,ZCTA5 17088
17090,5410,71832,ZCTA5 17090
17093,786,71282,ZCTA5 17093
17094,2559,61100,ZCTA5 17094
17097,772,53750,ZCTA5 17097
17098,2441,61410,ZCTA5 17098
17099,1220,62602,ZCTA5 17099
17101,2513,58222,ZCTA5 17101
17102,8173,52093,ZCTA5 17102
17103,12923,40786,ZCTA5 17103
17104,20211,43193,ZCTA5 17104
17109,26531,68496,ZCTA5 17109
17110,25456,75276,ZCTA5 17110
17111,36269,81855,ZCTA5 17111
17112,38369,97301,ZCTA5 17112
17113,11559,60921,ZCTA5 17113
17120,0,,ZCTA5 17120
17201,27148,56478,ZCTA5 17201
17202,32665,92925,ZCTA5 17202
17210,119,,ZCTA5 17210
17211,381,48125,ZCTA5 17211
17212,667,76927,ZCTA5 17212
17213,619,71719,ZCTA5 17213
17214,1189,55080,ZCTA5 17214
17215,158,63750,ZCTA5 17215
17217,136,71250,ZCTA5 17217
17219,506,,ZCTA5 17219
17220,393,62784,ZCTA5 17220
17221,511,59750,ZCTA5 17221
17222,10676,76081,ZCTA5 17222
17223,314,41250,ZCTA5 17223
17224,1735,113093,ZCTA5 17224
17225,20935,83606,ZCTA5 17225
17228,1106,76923,ZCTA5 17228
17229,1317,62045,ZCTA5 17229
17232,36,,ZCTA5 17232
17233,5163,59018,ZCTA5 17233
17235,855,61325,ZCTA5 17235
17236,8316,75119,ZCTA5 17236
17237,1726,70286,ZCTA5 17237
17238,1810,66042,ZCTA5 17238
17239,207,58333,ZCTA5 17239
17240,3405,80221,ZCTA5 17240
17241,11135,72467,ZCTA5 17241
17243,1398,59444,ZCTA5 17243
17244,2170,69063,ZCTA5 17244
17246,601,69763,ZCTA5 17246
17247,471,49926,ZCTA5 17247
17249,351,71875,ZCTA5 17249
17250,78,,ZCTA5 17250
17251,35,64688,ZCTA5 17251
17252,3661,56543,ZCTA5 17252
17253,460,70057,ZCTA5 17253
17254,531,74107,ZCTA5 17254
17255,1107,57708,ZCTA5 17255
17257,28635,67055,ZCTA5 17257
17260,1080,44226,ZCTA5 17260
17261,47,,ZCTA5 17261
17262,834,73500,ZCTA5 17262
17263,932,83688,ZCTA5 17263
17264,2187,53500,ZCTA5 17264
17265,353,51875,ZCTA5 17265
17266,397,60625,ZCTA5 17266
17267,2856,78359,ZCTA5 17267
17268,28887,65698,ZCTA5 17268
17271,461,85313,ZCTA5 17271
17301,4201,78094,ZCTA5 17301
17302,2386,70391,ZCTA5 17302
17303,380,,ZCTA5 17303
17304,2845,81318,ZCTA5 17304
17306,576,76339,ZCTA5 17306
17307,5594,71155,ZCTA5 17307
17309,1968,83125,ZCTA5 17309
17311,161,71250,ZCTA5 17311
17313,11223,62384,ZCTA5 17313
17314,6386,88181,ZCTA5 17314
17315,26613,77185,ZCTA5 17315
17316,8544,100853,ZCTA5 17316
17317,458,81429,ZCTA5 17317
17318,325,74167,ZCTA5 17318
17319,10928,95986,ZCTA5 17319
17320,8206,86420,ZCTA5 17320
17321,2368,110000,ZCTA5 17321
17322,6161,102417,ZCTA5 17322
17323,81,55417,ZCTA5 17323
17324,3970,72000,ZCTA5 17324
17325,29110,80655,ZCTA5 17325
17327,7792,91313,ZCTA5 17327
17329,3322,113813,ZCTA5 17329
17331,54942,73781,ZCTA5 17331
17339,6842,96593,ZCTA5 17339
17340,11622,80475,ZCTA5 17340
17342,644,84712,ZCTA5 17342
17343,23,,ZCTA5 17343
17344,3633,70955,ZCTA5 17344
17345,8303,79365,ZCTA5 17345
17347,6432,92500,ZCTA5 17347
17349,7995,108160,ZCTA5 17349
17350,13343,72976,ZCTA5 17350
17352,1460,114028,ZCTA5 17352
17353,2870,85543,ZCTA5 17353
17355,321,41458,ZCTA5 17355
17356,22623,84272,ZCTA5 17356
17360,6170,81794,ZCTA5 17360
17361,6158,93886,ZCTA5 17361
17362,14165,92074,ZCTA5 17362
17363,8807,101250,ZCTA5 17363
17364,3693,67036,ZCTA5 17364
17365,2472,79632,ZCTA5 17365
17366,6169,73958,ZCTA5 17366
17368,6453,82674,ZCTA5 17368
17370,6079,88125,ZCTA5 17370
17371,369,97757,ZCTA5 17371
17372,3851,69425,ZCTA5 17372
17401,18044,40209,ZCTA5 17401
17402,37867,78625,ZCTA5 17402
17403,40014,65915,ZCTA5 17403
17404,38849,74138,ZCTA5 17404
17406,23643,80930,ZCTA5 17406
17407,2654,114190,ZCTA5 17407
17408,23846,78468,ZCTA5 17408
17501,4639,68066,ZCTA5 17501
17502,2483,74476,ZCTA5 17502
17504,142,,ZCTA5 17504
17505,2156,87350,ZCTA5 17505
17506,391,128100,ZCTA5 17506
17507,158,73102,ZCTA5 17507
17508,1052,114680,ZCTA5 17508
17509,5068,75880,ZCTA5 17509
17512,18044,59496,ZCTA5 17512
17516,4952,100000,ZCTA5 17516
17517,15051,88100,ZCTA5 17517
17518,1455,64792,ZCTA5 17518
17519,6651,95938,ZCTA5 17519
17520,5202,85480,ZCTA5 17520
17522,34061,69084,ZCTA5 17522
17527,6525,90362,ZCTA5 17527
17529,4795,73981,ZCTA5 17529
17532,3445,84453,ZCTA5 17532
17534,39,,ZCTA5 17534
17535,2545,105231,ZCTA5 17535
17536,3610,64333,ZCTA5 17536
17538,7496,94825,ZCTA5 17538
17540,10730,81667,ZCTA5 17540
17543,45393,88607,ZCTA5 17543
17545,22568,80399,ZCTA5 17545
17547,8851,84766,ZCTA5 17547
17550,168,,ZCTA5 17550
17551,11526,70196,ZCTA5 17551
17552,19902,85788,ZCTA5 17552
17554,7871,89733,ZCTA5 17554
17555,6924,90577,ZCTA5 17555
17557,15303,78322,ZCTA5 17557
17560,5154,81570,ZCTA5 17560
17562,4277,100377,ZCTA5 17562
17563,4073,75625,ZCTA5 17563
17565,2229,97782,ZCTA5 17565
17566,12150,71422,ZCTA5 17566
17568,0,,ZCTA5 17568
17569,7460,88138,ZCTA5 17569
17570,212,84271,ZCTA5 17570
17572,3824,75875,ZCTA5 17572
17576,122,,ZCTA5 17576
17578,7642,80479,ZCTA5 17578
17579,6409,85013,ZCTA5 17579
17581,126,,ZCTA5 17581
17582,1615,99427,ZCTA5 17582
17584,11521,101273,ZCTA5 17584
17601,56164,93194,ZCTA5 17601
17602,50184,69416,ZCTA5 17602
17603,67891,78902,ZCTA5 17603
17606,317,,ZCTA5 17606
17701,43309,52860,ZCTA5 17701
17702,10653,64096,ZCTA5 17702
17720,245,65542,ZCTA5 17720
17721,1572,53981,ZCTA5 17721
17723,65,68750,ZCTA5 17723
17724,4719,53946,ZCTA5 17724
17727,28,44375,ZCTA5 17727
17728,4618,73110,ZCTA5 17728
17729,137,48750,ZCTA5 17729
17730,47,,ZCTA5 17730
17731,159,90313,ZCTA5 17731
17737,6566,67105,ZCTA5 17737
17739,25,50000,ZCTA5 17739
17740,11925,69141,ZCTA5 17740
17742,56,34375,ZCTA5 17742
17744,2860,67782,ZCTA5 17744
17745,17494,54659,ZCTA5 17745
17747,3412,70762,ZCTA5 17747
17748,153,61250,ZCTA5 17748
17749,274,57000,ZCTA5 17749
17750,137,138317,ZCTA5 17750
17751,7180,68636,ZCTA5 17751
17752,4929,59863,ZCTA5 17752
17754,12236,75169,ZCTA5 17754
17756,12415,80244,ZCTA5 17756
17758,982,49167,ZCTA5 17758
17760,548,65000,ZCTA5 17760
17762,455,98056,ZCTA5 17762
17763,260,50938,ZCTA5 17763
17764,2405,40990,ZCTA5 17764
17765,1266,76607,ZCTA5 17765
17768,442,64167,ZCTA5 17768
17769,42,118000,ZCTA5 17769
17771,2978,65288,ZCTA5 17771
17772,2453,76167,ZCTA5 17772
17774,1051,77917,ZCTA5 17774
17776,185,66250,ZCTA5 17776
17777,6709,59032,ZCTA5 17777
17778,130,76875,ZCTA5 17778
17779,132,,ZCTA5 17779
17801,16236,52937,ZCTA5 17801
17810,5763,68681,ZCTA5 17810
17812,1474,70417,ZCTA5 17812
17813,2048,63611,ZCTA5 17813
17814,4804,61094,ZCTA5 17814
17815,29125,61336,ZCTA5 17815
17820,5317,65270,ZCTA5 17820
17821,18936,73365,ZCTA5 17821
17822,8,,ZCTA5 17822
17823,1304,75500,ZCTA5 17823
17824,3718,113213,ZCTA5 17824
17827,837,57969,ZCTA5 17827
17829,244,76875,ZCTA5 17829
17830,1971,69500,ZCTA5 17830
17832,654,37417,ZCTA5 17832
17834,3498,61528,ZCTA5 17834
17835,162,,ZCTA5 17835
17836,224,65833,ZCTA5 17836
17837,18670,62090,ZCTA5 17837
17840,363,87695,ZCTA5 17840
17841,4852,54871,ZCTA5 17841
17842,8174,60338,ZCTA5 17842
17844,10227,64063,ZCTA5 17844
17845,2051,58750,ZCTA5 17845
17846,3683,62143,ZCTA5 17846
17847,11479,54425,ZCTA5 17847
17850,617,48142,ZCTA5 17850
17851,7232,48287,ZCTA5 17851
17853,3165,61547,ZCTA5 17853
17855,793,76071,ZCTA5 17855
17856,3107,76083,ZCTA5 17856
17857,7708,66672,ZCTA5 17857
17858,65,,ZCTA5 17858
17859,2809,67448,ZCTA5 17859
17860,2485,81806,ZCTA5 17860
17861,125,63365,ZCTA5 17861
17862,539,42679,ZCTA5 17862
17864,2402,69650,ZCTA5 17864
17865,33,110625,ZCTA5 17865
17866,9905,47943,ZCTA5 17866
17867,191,54167,ZCTA5 17867
17868,1057,69757,ZCTA5 17868
17870,14347,69476,ZCTA5 17870
17872,9157,36842,ZCTA5 17872
17876,2036,77868,ZCTA5 17876
17878,1534,74464,ZCTA5 17878
17880,46,100729,ZCTA5 17880
17881,1439,61588,ZCTA5 17881
17884,221,46250,ZCTA5 17884
17885,221,71500,ZCTA5 17885
17886,657,33514,ZCTA5 17886
17887,810,,ZCTA5 17887
17888,514,,ZCTA5 17888
17889,2997,73226,ZCTA5 17889
17901,22875,55429,ZCTA5 17901
17920,242,47375,ZCTA5 17920
17921,6724,67842,ZCTA5 17921
17922,5012,90568,ZCTA5 17922
17923,316,31458,ZCTA5 17923
17925,356,61250,ZCTA5 17925
17929,1372,69450,ZCTA5 17929
17930,272,43958,ZCTA5 17930
17931,8859,63286,ZCTA5 17931
17933,178,46302,ZCTA5 17933
17934,279,51250,ZCTA5 17934
17935,1572,53625,ZCTA5 17935
17936,989,64508,ZCTA5 17936
17938,2490,87789,ZCTA5 17938
17941,744,69375,ZCTA5 17941
17943,27,,ZCTA5 17943
17944,156,88393,ZCTA5 17944
17945,275,,ZCTA5 17945
17946,250,92763,ZCTA5 17946
17948,4105,39583,ZCTA5 17948
17949,141,51250,ZCTA5 17949
17951,345,129875,ZCTA5 17951
17952,229,56528,ZCTA5 17952
17953,333,78542,ZCTA5 17953
17954,4583,49829,ZCTA5 17954
17957,410,133269,ZCTA5 17957
17959,1454,56520,ZCTA5 17959
17960,4235,62991,ZCTA5 17960
17961,6783,89066,ZCTA5 17961
17963,9329,71174,ZCTA5 17963
17964,928,59750,ZCTA5 17964
17965,1927,55130,ZCTA5 17965
17967,2298,73438,ZCTA5 17967
17968,302,97679,ZCTA5 17968
17970,3169,59241,ZCTA5 17970
17972,11348,63226,ZCTA5 17972
17974,388,84167,ZCTA5 17974
17976,5973,47158,ZCTA5 17976
17978,739,56528,ZCTA5 17978
17979,64,,ZCTA5 17979
17980,3039,66014,ZCTA5 17980
17981,2549,59755,ZCTA5 17981
17982,404,55357,ZCTA5 17982
17983,1461,67130,ZCTA5 17983
17985,1295,70703,ZCTA5 17985
18011,5639,102161,ZCTA5 18011
18012,14,,ZCTA5 18012
18013,17962,72034,ZCTA5 18013
18014,12389,71278,ZCTA5 18014
18015,33472,51636,ZCTA5 18015
18017,40587,82694,ZCTA5 18017
18018,31479,69247,ZCTA5 18018
18020,21153,118048,ZCTA5 18020
18030,586,52083,ZCTA5 18030
18031,12337,94896,ZCTA5 18031
18032,9468,71683,ZCTA5 18032
18034,9228,126149,ZCTA5 18034
18035,25,,ZCTA5 18035
18036,14532,109973,ZCTA5 18036
18037,7360,77975,ZCTA5 18037
18038,3466,108015,ZCTA5 18038
18040,17090,110108,ZCTA5 18040
18041,5619,92500,ZCTA5 18041
18042,44818,71638,ZCTA5 18042
18045,29563,104285,ZCTA5 18045
18046,142,,ZCTA5 18046
18049,18727,91232,ZCTA5 18049
18051,3390,140333,ZCTA5 18051
18052,29286,69685,ZCTA5 18052
18053,2565,82859,ZCTA5 18053
18054,4960,110905,ZCTA5 18054
18055,11796,82341,ZCTA5 18055
18056,1541,59191,ZCTA5 18056
18058,9988,59312,ZCTA5 18058
18059,728,136250,ZCTA5 18059
18062,26722,102380,ZCTA5 18062
18063,280,75991,ZCTA5 18063
18064,27112,98173,ZCTA5 18064
18065,271,,ZCTA5 18065
18066,5612,100509,ZCTA5 18066
18067,19166,84938,ZCTA5 18067
18069,8593,113650,ZCTA5 18069
18070,340,68750,ZCTA5 18070
18071,11107,68163,ZCTA5 18071
18072,6937,79798,ZCTA5 18072
18073,11271,101176,ZCTA5 18073
18074,5423,111142,ZCTA5 18074
18076,3152,93542,ZCTA5 18076
18077,2303,86821,ZCTA5 18077
18078,7543,115758,ZCTA5 18078
18079,550,116088,ZCTA5 18079
18080,11251,73388,ZCTA5 18080
18081,120,,ZCTA5 18081
18083,594,115000,ZCTA5 18083
18085,887,85000,ZCTA5 18085
18086,521,63884,ZCTA5 18086
18087,762,75446,ZCTA5 18087
18088,8118,74545,ZCTA5 18088
18091,5888,71858,ZCTA5 18091
18092,3078,95000,ZCTA5 18092
18101,5673,39044,ZCTA5 18101
18102,51640,41390,ZCTA5 18102
18103,48344,70069,ZCTA5 18103
18104,46259,83861,ZCTA5 18104
18106,6759,84918,ZCTA5 18106
18109,17745,53540,ZCTA5 18109
18195,0,,ZCTA5 18195
18201,31519,40346,ZCTA5 18201
18202,13309,53589,ZCTA5 18202
18210,7244,70313,ZCTA5 18210
18211,1078,70108,ZCTA5 18211
18212,19,,ZCTA5 18212
18214,2164,70034,ZCTA5 18214
18216,1345,57188,ZCTA5 18216
18218,2314,54139,ZCTA5 18218
18219,1052,71375,ZCTA5 18219
18220,303,50625,ZCTA5 18220
18221,441,67043,ZCTA5 18221
18222,9958,98182,ZCTA5 18222
18223,75,,ZCTA5 18223
18224,6003,60966,ZCTA5 18224
18225,0,,ZCTA5 18225
18229,9049,66367,ZCTA5 18229
18230,163,56875,ZCTA5 18230
18231,465,62212,ZCTA5 18231
18232,4129,43045,ZCTA5 18232
18234,409,,ZCTA5 18234
18235,19064,68989,ZCTA5 18235
18237,3721,44025,ZCTA5 18237
18239,101,,ZCTA5 18239
18240,3901,54662,ZCTA5 18240
18241,335,63690,ZCTA5 18241
18242,373,153099,ZCTA5 18242
18244,310,58750,ZCTA5 18244
18245,222,43269,ZCTA5 18245
18246,211,74167,ZCTA5 18246
18248,492,63864,ZCTA5 18248
18249,4022,95149,ZCTA5 18249
18250,3117,69327,ZCTA5 18250
18252,11335,65856,ZCTA5 18252
18254,865,56389,ZCTA5 18254
18255,4412,69554,ZCTA5 18255
18256,179,,ZCTA5 18256
18301,29207,88374,ZCTA5 18301
18302,17781,79857,ZCTA5 18302
18321,1845,81917,ZCTA5 18321
18322,2950,99167,ZCTA5 18322
18323,79,,ZCTA5 18323
18324,9795,67435,ZCTA5 18324
18325,2829,109310,ZCTA5 18325
18326,3391,78424,ZCTA5 18326
18327,638,60234,ZCTA5 18327
18328,7787,74862,ZCTA5 18328
18330,8815,84087,ZCTA5 18330
18331,636,,ZCTA5 18331
18332,2824,96172,ZCTA5 18332
18333,0,,ZCTA5 18333
18334,5476,95913,ZCTA5 18334
18335,1405,109361,ZCTA5 18335
18336,3892,68986,ZCTA5 18336
18337,15609,88674,ZCTA5 18337
18340,64,,ZCTA5 18340
18342,775,,ZCTA5 18342
18343,3964,80129,ZCTA5 18343
18344,3478,81373,ZCTA5 18344
18346,2436,55278,ZCTA5 18346
18347,3156,78865,ZCTA5 18347
18349,189,,ZCTA5 18349
18350,597,96190,ZCTA5 18350
18351,606,61250,ZCTA5 18351
18353,11453,87053,ZCTA5 18353
18354,1087,73950,ZCTA5 18354
18355,1468,89698,ZCTA5 18355
18356,0,,ZCTA5 18356
18357,86,,ZCTA5 18357
18360,29345,69827,ZCTA5 18360
18370,1016,90938,ZCTA5 18370
18371,633,,ZCTA5 18371
18372,2916,120980,ZCTA5 18372
18403,6734,73405,ZCTA5 18403
18405,2599,66795,ZCTA5 18405
18407,14696,59084,ZCTA5 18407
18411,22829,93847,ZCTA5 18411
18413,52,,ZCTA5 18413
18414,5549,82009,ZCTA5 18414
18415,1257,70469,ZCTA5 18415
18417,898,57344,ZCTA5 18417
18419,4474,55114,ZCTA5 18419
18420,123,54750,ZCTA5 18420
18421,4424,66429,ZCTA5 18421
18424,5114,58606,ZCTA5 18424
18425,1063,67857,ZCTA5 18425
18426,3553,61020,ZCTA5 18426
18428,12405,72985,ZCTA5 18428
18430,81,62083,ZCTA5 18430
18431,12807,53613,ZCTA5 18431
18433,7018,77500,ZCTA5 18433
18434,4033,57813,ZCTA5 18434
18435,895,95330,ZCTA5 18435
18436,12839,71830,ZCTA5 18436
18437,122,54375,ZCTA5 18437
18438,1379,47101,ZCTA5 18438
18439,385,63750,ZCTA5 18439
18440,58,,ZCTA5 18440
18441,444,68750,ZCTA5 18441
18443,445,90688,ZCTA5 18443
18444,14155,83750,ZCTA5 18444
18445,2475,49706,ZCTA5 18445
18446,3268,62321,ZCTA5 18446
18447,10275,61476,ZCTA5 18447
18451,546,48945,ZCTA5 18451
18452,5082,60310,ZCTA5 18452
18453,1252,77679,ZCTA5 18453
18454,92,60938,ZCTA5 18454
18455,141,,ZCTA5 18455
18456,298,72917,ZCTA5 18456
18457,34,,ZCTA5 18457
18458,3603,81250,ZCTA5 18458
18460,179,31250,ZCTA5 18460
18461,236,42000,ZCTA5 18461
18462,586,63594,ZCTA5 18462
18463,257,93636,ZCTA5 18463
18464,1374,107583,ZCTA5 18464
18465,1246,64750,ZCTA5 18465
18466,17822,71197,ZCTA5 18466
18469,484,62304,ZCTA5 18469
18470,2180,69000,ZCTA5 18470
18471,528,118125,ZCTA5 18471
18472,6905,66167,ZCTA5 18472
18473,415,29844,ZCTA5 18473
18503,1303,35333,ZCTA5 18503
18504,20516,55614,ZCTA5 18504
18505,21588,51535,ZCTA5 18505
18507,5229,70129,ZCTA5 18507
18508,11265,42800,ZCTA5 18508
18509,13697,52163,ZCTA5 18509
18510,14530,49054,ZCTA5 18510
18512,12337,62886,ZCTA5 18512
18517,5320,66607,ZCTA5 18517
18518,8506,71615,ZCTA5 18518
18519,5117,56049,ZCTA5 18519
18602,365,122083,ZCTA5 18602
18603,19147,58309,ZCTA5 18603
18610,4565,76114,ZCTA5 18610
18612,18033,95932,ZCTA5 18612
18614,1916,55000,ZCTA5 18614
18615,1649,74375,ZCTA5 18615
18616,779,58125,ZCTA5 18616
18617,1376,32955,ZCTA5 18617
18618,3515,70944,ZCTA5 18618
18619,139,61875,ZCTA5 18619
18621,5405,67443,ZCTA5 18621
18622,221,89643,ZCTA5 18622
18623,2224,65909,ZCTA5 18623
18624,404,,ZCTA5 18624
18625,107,53897,ZCTA5 18625
18626,513,91250,ZCTA5 18626
18627,0,,ZCTA5 18627
18628,176,59583,ZCTA5 18628
18629,1922,60250,ZCTA5 18629
18630,2933,80820,ZCTA5 18630
18631,1134,51875,ZCTA5 18631
18632,464,65278,ZCTA5 18632
18634,13623,54938,ZCTA5 18634
18635,3567,73259,ZCTA5 18635
18636,1448,59464,ZCTA5 18636
18640,16014,49753,ZCTA5 18640
18641,7460,66014,ZCTA5 18641
18642,3545,73450,ZCTA5 18642
18643,12737,65500,ZCTA5 18643
18644,7506,73750,ZCTA5 18644
18651,8704,46554,ZCTA5 18651
18655,5522,61740,ZCTA5 18655
18656,2224,70556,ZCTA5 18656
18657,11080,72946,ZCTA5 18657
18660,3335,78750,ZCTA5 18660
18661,5301,68958,ZCTA5 18661
18701,3710,30821,ZCTA5 18701
18702,42768,53294,ZCTA5 18702
18704,30973,59867,ZCTA5 18704
18705,15387,57152,ZCTA5 18705
18706,16224,60544,ZCTA5 18706
18707,16366,101689,ZCTA5 18707
18708,8863,78807,ZCTA5 18708
18709,2885,39183,ZCTA5 18709
18801,7782,65197,ZCTA5 18801
18810,5618,52469,ZCTA5 18810
18812,1564,82237,ZCTA5 18812
18814,166,40673,ZCTA5 18814
18816,75,,ZCTA5 18816
18817,154,76250,ZCTA5 18817
18818,1253,63125,ZCTA5 18818
18820,59,160875,ZCTA5 18820
18821,1029,61023,ZCTA5 18821
18822,3122,57417,ZCTA5 18822
18823,101,27500,ZCTA5 18823
18824,1165,75074,ZCTA5 18824
18825,165,60833,ZCTA5 18825
18826,1580,82679,ZCTA5 18826
18828,215,52969,ZCTA5 18828
18829,698,76815,ZCTA5 18829
18830,549,67500,ZCTA5 18830
18831,976,74375,ZCTA5 18831
18832,1857,50769,ZCTA5 18832
18833,2011,64063,ZCTA5 18833
18834,3297,69112,ZCTA5 18834
18837,2740,65455,ZCTA5 18837
18840,11281,63395,ZCTA5 18840
18842,164,53750,ZCTA5 18842
18843,347,,ZCTA5 18843
18844,1619,90727,ZCTA5 18844
18845,526,53021,ZCTA5 18845
18846,700,75417,ZCTA5 18846
18847,5257,53576,ZCTA5 18847
18848,8810,53843,ZCTA5 18848
18850,1914,59583,ZCTA5 18850
18851,534,77500,ZCTA5 18851
18853,4211,68750,ZCTA5 18853
18854,1517,80625,ZCTA5 18854
18901,28311,115851,ZCTA5 18901
18902,22621,161439,ZCTA5 18902
18912,181,250001,ZCTA5 18912
18913,180,223875,ZCTA5 18913
18914,21067,142687,ZCTA5 18914
18915,1458,122917,ZCTA5 18915
18917,2252,88269,ZCTA5 18917
18920,464,136583,ZCTA5 18920
18921,132,228466,ZCTA5 18921
18923,1384,77969,ZCTA5 18923
18925,6510,206098,ZCTA5 18925
18927,281,250001,ZCTA5 18927
18929,9700,167066,ZCTA5 18929
18930,2126,107083,ZCTA5 18930
18932,314,71229,ZCTA5 18932
18933,126,211328,ZCTA5 18933
18935,316,250001,ZCTA5 18935
18936,265,250001,ZCTA5 18936
18938,13380,149797,ZCTA5 18938
18940,29834,153872,ZCTA5 18940
18942,2607,101122,ZCTA5 18942
18944,27635,125504,ZCTA5 18944
18946,568,175179,ZCTA5 18946
18947,6423,131860,ZCTA5 18947
18950,117,211389,ZCTA5 18950
18951,37140,92648,ZCTA5 18951
18954,10635,149288,ZCTA5 18954
18955,1406,80952,ZCTA5 18955
18960,11850,102849,ZCTA5 18960
18962,369,90833,ZCTA5 18962
18964,14129,92593,ZCTA5 18964
18966,36167,113594,ZCTA5 18966
18969,15533,91821,ZCTA5 18969
18970,645,105833,ZCTA5 18970
18972,3114,83385,ZCTA5 18972
18974,42811,95904,ZCTA5 18974
18976,22352,116128,ZCTA5 18976
18977,4565,216085,ZCTA5 18977
18980,104,,ZCTA5 18980
19001,17830,103273,ZCTA5 19001
19002,31608,133519,ZCTA5 19002
19003,13953,119764,ZCTA5 19003
19004,9971,135662,ZCTA5 19004
19006,23244,119343,ZCTA5 19006
19007,22337,64942,ZCTA5 19007
19008,20492,123285,ZCTA5 19008
19009,1091,124722,ZCTA5 19009
19010,21406,136955,ZCTA5 19010
19012,6664,116324,ZCTA5 19012
19013,34456,38237,ZCTA5 19013
19014,20925,98590,ZCTA5 19014
19015,16484,80696,ZCTA5 19015
19017,289,,ZCTA5 19017
19018,23302,70046,ZCTA5 19018
19020,56746,78512,ZCTA5 19020
19021,9744,70633,ZCTA5 19021
19022,3671,41155,ZCTA5 19022
19023,22493,47242,ZCTA5 19023
19025,7044,183419,ZCTA5 19025
19026,31917,85121,ZCTA5 19026
19027,19863,95200,ZCTA5 19027
19029,3988,51611,ZCTA5 19029
19030,12490,89657,ZCTA5 19030
19031,5159,138837,ZCTA5 19031
19032,6758,56650,ZCTA5 19032
19033,7804,96689,ZCTA5 19033
19034,7138,160258,ZCTA5 19034
19035,4149,250001,ZCTA5 19035
19036,13181,77014,ZCTA5 19036
19038,32672,113628,ZCTA5 19038
19040,22137,105729,ZCTA5 19040
19041,6404,149375,ZCTA5 19041
19043,3051,97679,ZCTA5 19043
19044,17027,94230,ZCTA5 19044
19046,18994,112320,ZCTA5 19046
19047,33874,107123,ZCTA5 19047
19050,28905,59282,ZCTA5 19050
19052,625,98021,ZCTA5 19052
19053,28245,97377,ZCTA5 19053
19054,17440,107136,ZCTA5 19054
19055,13667,78620,ZCTA5 19055
19056,15765,99366,ZCTA5 19056
19057,18439,92468,ZCTA5 19057
19060,11239,164425,ZCTA5 19060
19061,20282,74623,ZCTA5 19061
19063,37716,119388,ZCTA5 19063
19064,25218,128992,ZCTA5 19064
19066,5594,233194,ZCTA5 19066
19067,53320,122022,ZCTA5 19067
19070,6409,89659,ZCTA5 19070
19072,10557,158892,ZCTA5 19072
19073,21297,118443,ZCTA5 19073
19074,5926,83104,ZCTA5 19074
19075,7868,108679,ZCTA5 19075
19076,6449,63088,ZCTA5 19076
19078,11671,90890,ZCTA5 19078
19079,9183,61818,ZCTA5 19079
19081,10577,121167,ZCTA5 19081
19082,42847,55979,ZCTA5 19082
19083,37143,117331,ZCTA5 19083
19085,10779,250001,ZCTA5 19085
19086,12649,139666,ZCTA5 19086
19087,33683,161554,ZCTA5 19087
19090,19814,94541,ZCTA5 19090
19094,4589,66514,ZCTA5 19094
19095,7437,86250,ZCTA5 19095
19096,15384,158719,ZCTA5 19096
19102,5635,108350,ZCTA5 19102
19103,25705,93740,ZCTA5 19103
19104,53679,33766,ZCTA5 19104
19106,14012,128173,ZCTA5 19106
19107,15232,67690,ZCTA5 19107
19108,117,250001,ZCTA5 19108
19109,0,,ZCTA5 19109
19111,67149,57853,ZCTA5 19111
19112,0,,ZCTA5 19112
19113,0,,ZCTA5 19113
19114,31551,77737,ZCTA5 19114
19115,35103,67050,ZCTA5 19115
19116,33648,64788,ZCTA5 19116
19118,10599,100386,ZCTA5 19118
19119,29079,80519,ZCTA5 19119
19120,71360,46505,ZCTA5 19120
19121,37740,35671,ZCTA5 19121
19122,22898,54083,ZCTA5 19122
19123,18474,91092,ZCTA5 19123
19124,72919,44683,ZCTA5 19124
19125,24601,101250,ZCTA5 19125
19126,17627,58995,ZCTA5 19126
19127,5623,109250,ZCTA5 19127
19128,38381,88261,ZCTA5 19128
19129,11370,79591,ZCTA5 19129
19130,30280,102279,ZCTA5 19130
19131,44116,45434,ZCTA5 19131
19132,32371,28287,ZCTA5 19132
19133,25642,30981,ZCTA5 19133
19134,60229,39412,ZCTA5 19134
19135,34214,50000,ZCTA5 19135
19136,36435,64950,ZCTA5 19136
19137,8100,57259,ZCTA5 19137
19138,32471,48091,ZCTA5 19138
19139,46041,36730,ZCTA5 19139
19140,53996,30946,ZCTA5 19140
19141,34239,37053,ZCTA5 19141
19142,31018,40723,ZCTA5 19142
19143,63186,41764,ZCTA5 19143
19144,47454,41078,ZCTA5 19144
19145,44107,68185,ZCTA5 19145
19146,40303,93588,ZCTA5 19146
19147,39100,105233,ZCTA5 19147
19148,50324,71533,ZCTA5 19148
19149,58741,53562,ZCTA5 19149
19150,22932,59544,ZCTA5 19150
19151,33553,53328,ZCTA5 19151
19152,35211,61075,ZCTA5 19152
19153,12223,53029,ZCTA5 19153
19154,34823,89078,ZCTA5 19154
19301,7960,140476,ZCTA5 19301
19310,3013,77596,ZCTA5 19310
19311,11342,149906,ZCTA5 19311
19312,12021,181471,ZCTA5 19312
19316,81,88200,ZCTA5 19316
19317,10594,139932,ZCTA5 19317
19319,735,186477,ZCTA5 19319
19320,55321,90902,ZCTA5 19320
19330,5761,109734,ZCTA5 19330
19333,7886,133750,ZCTA5 19333
19335,51126,130634,ZCTA5 19335
19341,20545,120694,ZCTA5 19341
19342,20948,137155,ZCTA5 19342
19343,8316,151146,ZCTA5 19343
19344,12784,78011,ZCTA5 19344
19345,718,,ZCTA5 19345
19348,23707,113446,ZCTA5 19348
19350,10636,159038,ZCTA5 19350
19352,11279,153689,ZCTA5 19352
19355,28178,156291,ZCTA5 19355
19358,384,42208,ZCTA5 19358
19362,5981,80208,ZCTA5 19362
19363,17670,102390,ZCTA5 19363
19365,7402,101526,ZCTA5 19365
19367,142,,ZCTA5 19367
19369,159,,ZCTA5 19369
19372,2021,105508,ZCTA5 19372
19373,1919,213482,ZCTA5 19373
19374,812,83777,ZCTA5 19374
19375,176,250001,ZCTA5 19375
19380,50494,118207,ZCTA5 19380
19382,53117,119530,ZCTA5 19382
19383,5271,,ZCTA5 19383
19390,12677,105164,ZCTA5 19390
19401,42908,64527,ZCTA5 19401
19403,44111,95711,ZCTA5 19403
19405,5110,97564,ZCTA5 19405
19406,28826,106952,ZCTA5 19406
19422,20050,153042,ZCTA5 19422
19425,17385,202165,ZCTA5 19425
19426,42656,145347,ZCTA5 19426
19428,20321,110910,ZCTA5 19428
19435,120,82143,ZCTA5 19435
19436,486,71778,ZCTA5 19436
19437,968,200795,ZCTA5 19437
19438,24962,136453,ZCTA5 19438
19440,19897,96831,ZCTA5 19440
19442,0,,ZCTA5 19442
19444,11194,137832,ZCTA5 19444
19446,60659,101092,ZCTA5 19446
19453,1543,72963,ZCTA5 19453
19454,28036,109579,ZCTA5 19454
19456,270,,ZCTA5 19456
19457,148,78869,ZCTA5 19457
19460,43246,114190,ZCTA5 19460
19462,15868,129776,ZCTA5 19462
19464,47913,73577,ZCTA5 19464
19465,18710,101199,ZCTA5 19465
19468,28083,101460,ZCTA5 19468
19472,60,,ZCTA5 19472
19473,17522,127806,ZCTA5 19473
19474,386,,ZCTA5 19474
19475,11840,87635,ZCTA5 19475
19477,44,,ZCTA5 19477
19490,274,250001,ZCTA5 19490
19492,674,54107,ZCTA5 19492
19501,1084,69500,ZCTA5 19501
19503,1108,72500,ZCTA5 19503
19504,5213,94297,ZCTA5 19504
19505,3081,94239,ZCTA5 19505
19506,6983,97780,ZCTA5 19506
19507,3671,97969,ZCTA5 19507
19508,15415,81321,ZCTA5 19508
19510,8009,116083,ZCTA5 19510
19511,174,113011,ZCTA5 19511
19512,16270,78238,ZCTA5 19512
19516,160,,ZCTA5 19516
19518,16467,110386,ZCTA5 19518
19520,6261,98138,ZCTA5 19520
19522,14079,92207,ZCTA5 19522
19523,0,,ZCTA5 19523
19525,17090,132966,ZCTA5 19525
19526,11233,69645,ZCTA5 19526
19529,3356,90750,ZCTA5 19529
19530,14616,63194,ZCTA5 19530
19533,8218,98207,ZCTA5 19533
19534,2005,74485,ZCTA5 19534
19535,62,,ZCTA5 19535
19536,517,57500,ZCTA5 19536
19538,75,135357,ZCTA5 19538
19539,3998,100278,ZCTA5 19539
19540,11863,96300,ZCTA5 19540
19541,4550,96206,ZCTA5 19541
19543,5791,103264,ZCTA5 19543
19544,152,115804,ZCTA5 19544
19545,753,83201,ZCTA5 19545
19547,4615,82337,ZCTA5 19547
19549,354,68750,ZCTA5 19549
19550,625,56250,ZCTA5 19550
19551,4874,85328,ZCTA5 19551
19554,291,54107,ZCTA5 19554
19555,3436,69918,ZCTA5 19555
19559,302,77857,ZCTA5 19559
19560,9159,73143,ZCTA5 19560
19562,2984,68640,ZCTA5 19562
19564,146,103889,ZCTA5 19564
19565,8146,67917,ZCTA5 19565
19567,5751,84255,ZCTA5 19567
19601,36003,38624,ZCTA5 19601
19602,17953,37615,ZCTA5 19602
19604,30602,52371,ZCTA5 19604
19605,20564,81222,ZCTA5 19605
19606,35895,79636,ZCTA5 19606
19607,23975,78519,ZCTA5 19607
19608,24092,109263,ZCTA5 19608
19609,10225,81667,ZCTA5 19609
19610,16401,88026,ZCTA5 19610
19611,11118,55213,ZCTA5 19611
19701,44553,103104,ZCTA5 19701
19702,56571,90281,ZCTA5 19702
19703,16376,72979,ZCTA5 19703
19706,1984,69875,ZCTA5 19706
19707,17011,164225,ZCTA5 19707
19709,48954,119790,ZCTA5 19709
19710,26,,ZCTA5 19710
19711,49746,89286,ZCTA5 19711
19713,29952,67088,ZCTA5 19713
19716,0,,ZCTA5 19716
19717,6129,,ZCTA5 19717
19720,60514,72424,ZCTA5 19720
19730,558,81944,ZCTA5 19730
19731,328,65921,ZCTA5 19731
19732,364,171528,ZCTA5 19732
19733,173,,ZCTA5 19733
19734,14026,124745,ZCTA5 19734
19735,0,,ZCTA5 19735
19736,17,,ZCTA5 19736
19801,16545,42453,ZCTA5 19801
19802,26065,53907,ZCTA5 19802
19803,21437,122853,ZCTA5 19803
19804,17986,71610,ZCTA5 19804
19805,39610,55912,ZCTA5 19805
19806,10273,80196,ZCTA5 19806
19807,7846,143443,ZCTA5 19807
19808,38107,91847,ZCTA5 19808
19809,15529,83923,ZCTA5 19809
19810,25569,102884,ZCTA5 19810
19901,39097,61809,ZCTA5 19901
19902,64,,ZCTA5 19902
19904,37387,63815,ZCTA5 19904
19930,2878,116736,ZCTA5 19930
19931,376,90250,ZCTA5 19931
19933,10610,52740,ZCTA5 19933
19934,14566,77936,ZCTA5 19934
19936,222,31406,ZCTA5 19936
19938,9240,89345,ZCTA5 19938
19939,7668,84673,ZCTA5 19939
19940,6818,61750,ZCTA5 19940
19941,3109,64261,ZCTA5 19941
19943,12600,74785,ZCTA5 19943
19944,582,100357,ZCTA5 19944
19945,8519,83732,ZCTA5 19945
19946,5497,67022,ZCTA5 19946
19947,19513,65635,ZCTA5 19947
19950,7524,71000,ZCTA5 19950
19951,2173,90162,ZCTA5 19951
19952,10602,69688,ZCTA5 19952
19953,4972,69327,ZCTA5 19953
19954,1688,59219,ZCTA5 19954
19955,384,50446,ZCTA5 19955
19956,15822,53633,ZCTA5 19956
19958,28761,90772,ZCTA5 19958
19960,6863,62596,ZCTA5 19960
19962,12277,97798,ZCTA5 19962
19963,21394,62572,ZCTA5 19963
19964,1599,76221,ZCTA5 19964
19966,32513,71577,ZCTA5 19966
19967,2050,91763,ZCTA5 19967
19968,15125,77454,ZCTA5 19968
19970,7639,88739,ZCTA5 19970
19971,15043,101181,ZCTA5 19971
19973,26070,61849,ZCTA5 19973
19975,9693,80538,ZCTA5 19975
19977,26204,72279,ZCTA5 19977
19979,541,94471,ZCTA5 19979
19980,152,81198,ZCTA5 19980
20001,44056,133211,ZCTA5 20001
20002,70043,107130,ZCTA5 20002
20003,34585,155054,ZCTA5 20003
20004,1782,152955,ZCTA5 20004
20005,13014,109147,ZCTA5 20005
20006,1257,34352,ZCTA5 20006
20007,23797,145048,ZCTA5 20007
20008,29545,123134,ZCTA5 20008
20009,50247,132374,ZCTA5 20009
20010,32254,106560,ZCTA5 20010
20011,67127,97327,ZCTA5 20011
20012,17637,110375,ZCTA5 20012
20015,15394,235511,ZCTA5 20015
20016,32570,169489,ZCTA5 20016
20017,20643,97507,ZCTA5 20017
20018,20475,87552,ZCTA5 20018
20019,64631,53394,ZCTA5 20019
20020,52349,48106,ZCTA5 20020
20024,15444,97694,ZCTA5 20024
20032,40266,47871,ZCTA5 20032
20036,4734,106930,ZCTA5 20036
20037,11833,94820,ZCTA5 20037
20045,0,,ZCTA5 20045
20052,1915,,ZCTA5 20052
20057,2354,,ZCTA5 20057
20059,785,,ZCTA5 20059
20064,1101,,ZCTA5 20064
20105,33967,198473,ZCTA5 20105
20106,4138,91458,ZCTA5 20106
20109,44781,83248,ZCTA5 20109
20110,49620,113837,ZCTA5 20110
20111,37461,105391,ZCTA5 20111
20112,28856,179028,ZCTA5 20112
20115,7943,133722,ZCTA5 20115
20117,2997,128750,ZCTA5 20117
20119,3803,152593,ZCTA5 20119
20120,43315,147266,ZCTA5 20120
20121,27428,128682,ZCTA5 20121
20124,15117,208125,ZCTA5 20124
20129,533,250001,ZCTA5 20129
20130,256,88155,ZCTA5 20130
20132,19114,175127,ZCTA5 20132
20135,3359,91484,ZCTA5 20135
20136,31733,171674,ZCTA5 20136
20137,1925,142395,ZCTA5 20137
20141,8425,187593,ZCTA5 20141
20143,534,144896,ZCTA5 20143
20144,1337,160987,ZCTA5 20144
20147,66917,154714,ZCTA5 20147
20148,62554,219491,ZCTA5 20148
20151,21893,137483,ZCTA5 20151
20152,35538,183929,ZCTA5 20152
20155,37106,147295,ZCTA5 20155
20158,4886,198027,ZCTA5 20158
20164,42310,125302,ZCTA5 20164
20165,34222,173015,ZCTA5 20165
20166,13479,133085,ZCTA5 20166
20169,28346,187446,ZCTA5 20169
20170,43557,151136,ZCTA5 20170
20171,51081,155357,ZCTA5 20171
20175,33189,161389,ZCTA5 20175
20176,50640,156077,ZCTA5 20176
20180,7571,152768,ZCTA5 20180
20181,10258,155408,ZCTA5 20181
20184,442,60469,ZCTA5 20184
20186,15495,101083,ZCTA5 20186
20187,18832,157763,ZCTA5 20187
20190,21121,120337,ZCTA5 20190
20191,29758,139932,ZCTA5 20191
20194,12576,161639,ZCTA5 20194
20197,2359,224620,ZCTA5 20197
20198,2172,99929,ZCTA5 20198
20204,0,,ZCTA5 20204
20220,0,,ZCTA5 20220
20230,0,,ZCTA5 20230
20240,0,,ZCTA5 20240
20245,0,,ZCTA5 20245
20250,0,,ZCTA5 20250
20260,0,,ZCTA5 20260
20317,0,,ZCTA5 20317
20319,43,,ZCTA5 20319
20373,321,,ZCTA5 20373
20388,0,,ZCTA5 20388
20390,331,,ZCTA5 20390
20408,0,,ZCTA5 20408
20415,0,,ZCTA5 20415
20418,0,,ZCTA5 20418
20422,54,,ZCTA5 20422
20427,0,,ZCTA5 20427
20431,0,,ZCTA5 20431
20510,0,,ZCTA5 20510
20515,0,,ZCTA5 20515
20520,0,,ZCTA5 20520
20530,0,,ZCTA5 20530
20535,0,,ZCTA5 20535
20540,0,,ZCTA5 20540
20542,0,,ZCTA5 20542
20551,0,,ZCTA5 20551
20560,0,,ZCTA5 20560
20565,0,,ZCTA5 20565
20566,0,,ZCTA5 20566
20591,0,,ZCTA5 20591
20601,27328,115742,ZCTA5 20601
20602,28988,102536,ZCTA5 20602
20603,32495,132753,ZCTA5 20603
20606,247,174750,ZCTA5 20606
20607,12080,151475,ZCTA5 20607
20608,603,102647,ZCTA5 20608
20609,1240,112625,ZCTA5 20609
20611,1127,129598,ZCTA5 20611
20612,147,,ZCTA5 20612
20613,14800,145445,ZCTA5 20613
20615,524,183393,ZCTA5 20615
20616,6792,118864,ZCTA5 20616
20617,630,123438,ZCTA5 20617
20618,1087,78654,ZCTA5 20618
20619,13925,110960,ZCTA5 20619
20620,1325,154128,ZCTA5 20620
20621,775,,ZCTA5 20621
20622,5471,121908,ZCTA5 20622
20623,2457,116475,ZCTA5 20623
20624,990,128977,ZCTA5 20624
20625,1248,126657,ZCTA5 20625
20626,239,56806,ZCTA5 20626
20628,631,111550,ZCTA5 20628
20629,1072,86861,ZCTA5 20629
20630,307,193274,ZCTA5 20630
20632,802,196250,ZCTA5 20632
20634,7853,131042,ZCTA5 20634
20636,11089,151193,ZCTA5 20636
20637,6221,141382,ZCTA5 20637
20639,15058,144035,ZCTA5 20639
20640,10629,88750,ZCTA5 20640
20645,763,119167,ZCTA5 20645
20646,21248,130168,ZCTA5 20646
20650,15522,137854,ZCTA5 20650
20653,27053,96650,ZCTA5 20653
20656,203,,ZCTA5 20656
20657,21054,110669,ZCTA5 20657
20658,978,93864,ZCTA5 20658
20659,23346,115729,ZCTA5 20659
20660,0,,ZCTA5 20660
20661,0,,ZCTA5 20661
20662,2590,76250,ZCTA5 20662
20664,2780,93313,ZCTA5 20664
20667,159,,ZCTA5 20667
20670,1403,53125,ZCTA5 20670
20674,807,165650,ZCTA5 20674
20675,2060,128325,ZCTA5 20675
20676,2897,161071,ZCTA5 20676
20677,2055,156161,ZCTA5 20677
20678,12874,115710,ZCTA5 20678
20680,588,,ZCTA5 20680
20684,627,137188,ZCTA5 20684
20685,6750,119792,ZCTA5 20685
20686,963,,ZCTA5 20686
20687,360,143468,ZCTA5 20687
20688,1170,89295,ZCTA5 20688
20689,1884,174750,ZCTA5 20689
20690,843,139500,ZCTA5 20690
20692,721,154833,ZCTA5 20692
20693,1210,141875,ZCTA5 20693
20695,11455,121528,ZCTA5 20695
20701,794,79236,ZCTA5 20701
20705,28660,102816,ZCTA5 20705
20706,43797,99555,ZCTA5 20706
20707,36352,97720,ZCTA5 20707
20708,27909,80569,ZCTA5 20708
20710,9781,58884,ZCTA5 20710
20711,7435,86633,ZCTA5 20711
20712,9630,64674,ZCTA5 20712
20714,4767,86534,ZCTA5 20714
20715,26244,139056,ZCTA5 20715
20716,22340,119507,ZCTA5 20716
20720,26253,158598,ZCTA5 20720
20721,30785,162538,ZCTA5 20721
20722,6218,82241,ZCTA5 20722
20723,35845,128226,ZCTA5 20723
20724,18345,105757,ZCTA5 20724
20732,10676,130008,ZCTA5 20732
20733,2669,128864,ZCTA5 20733
20735,39399,124371,ZCTA5 20735
20736,9274,158924,ZCTA5 20736
20737,24438,85752,ZCTA5 20737
20740,36583,79446,ZCTA5 20740
20742,4263,,ZCTA5 20742
20743,38692,73023,ZCTA5 20743
20744,55820,121068,ZCTA5 20744
20745,29355,77869,ZCTA5 20745
20746,28078,78754,ZCTA5 20746
20747,39279,71259,ZCTA5 20747
20748,40763,79381,ZCTA5 20748
20751,2081,115451,ZCTA5 20751
20754,7344,166976,ZCTA5 20754
20755,10011,94110,ZCTA5 20755
20758,542,112065,ZCTA5 20758
20759,6125,246618,ZCTA5 20759
20762,3099,83966,ZCTA5 20762
20763,2219,98621,ZCTA5 20763
20764,3280,112500,ZCTA5 20764
20765,604,139167,ZCTA5 20765
20769,6812,155794,ZCTA5 20769
20770,28458,80876,ZCTA5 20770
20771,0,,ZCTA5 20771
20772,52596,131973,ZCTA5 20772
20774,51010,118595,ZCTA5 20774
20776,2966,118092,ZCTA5 20776
20777,3220,215833,ZCTA5 20777
20778,2564,178854,ZCTA5 20778
20779,992,109931,ZCTA5 20779
20781,13299,89281,ZCTA5 20781
20782,34625,82037,ZCTA5 20782
20783,50387,79040,ZCTA5 20783
20784,32191,80170,ZCTA5 20784
20785,41281,83146,ZCTA5 20785
20794,16035,111200,ZCTA5 20794
20812,282,194375,ZCTA5 20812
20814,30234,149657,ZCTA5 20814
20815,31080,185873,ZCTA5 20815
20816,17390,228311,ZCTA5 20816
20817,37795,231292,ZCTA5 20817
20818,1787,211196,ZCTA5 20818
20832,25488,160287,ZCTA5 20832
20833,7949,195564,ZCTA5 20833
20837,6651,193264,ZCTA5 20837
20838,368,195938,ZCTA5 20838
20839,161,,ZCTA5 20839
20841,9312,177588,ZCTA5 20841
20842,1927,152917,ZCTA5 20842
20850,51072,125268,ZCTA5 20850
20851,14659,107578,ZCTA5 20851
20852,48379,121550,ZCTA5 20852
20853,31794,146075,ZCTA5 20853
20854,49320,241697,ZCTA5 20854
20855,16558,146036,ZCTA5 20855
20860,2279,152768,ZCTA5 20860
20861,3031,175250,ZCTA5 20861
20862,268,192083,ZCTA5 20862
20866,16680,137990,ZCTA5 20866
20868,630,106050,ZCTA5 20868
20871,27420,162472,ZCTA5 20871
20872,12932,129775,ZCTA5 20872
20874,61922,108211,ZCTA5 20874
20876,26572,107542,ZCTA5 20876
20877,38524,86134,ZCTA5 20877
20878,65954,141902,ZCTA5 20878
20879,27489,100324,ZCTA5 20879
20880,604,131528,ZCTA5 20880
20882,13962,171903,ZCTA5 20882
20886,34692,94586,ZCTA5 20886
20889,158,,ZCTA5 20889
20892,0,,ZCTA5 20892
20894,0,,ZCTA5 20894
20895,19273,165423,ZCTA5 20895
20896,840,250001,ZCTA5 20896
20899,143,19722,ZCTA5 20899
20901,37207,123031,ZCTA5 20901
20902,53308,105677,ZCTA5 20902
20903,25324,78649,ZCTA5 20903
20904,56532,90926,ZCTA5 20904
20905,17451,142929,ZCTA5 20905
20906,71560,91563,ZCTA5 20906
20910,45072,103813,ZCTA5 20910
20912,25823,80593,ZCTA5 20912
21001,25908,76250,ZCTA5 21001
21005,2703,118750,ZCTA5 21005
21009,32565,108703,ZCTA5 21009
21010,216,91667,ZCTA5 21010
21012,23144,136705,ZCTA5 21012
21013,5382,161141,ZCTA5 21013
21014,37097,109366,ZCTA5 21014
21015,30485,135454,ZCTA5 21015
21017,6177,96424,ZCTA5 21017
21023,68,76131,ZCTA5 21023
21028,2974,128220,ZCTA5 21028
21029,13817,238095,ZCTA5 21029
21030,25133,92333,ZCTA5 21030
21031,26,,ZCTA5 21031
21032,8040,142202,ZCTA5 21032
21034,2958,85833,ZCTA5 21034
21035,8360,171185,ZCTA5 21035
21036,2145,185195,ZCTA5 21036
21037,21060,127554,ZCTA5 21037
21040,25110,86195,ZCTA5 21040
21042,42528,178207,ZCTA5 21042
21043,47309,145000,ZCTA5 21043
21044,45100,123658,ZCTA5 21044
21045,40980,115134,ZCTA5 21045
21046,15894,125280,ZCTA5 21046
21047,13419,150593,ZCTA5 21047
21048,9759,125098,ZCTA5 21048
21050,18076,117551,ZCTA5 21050
21051,113,,ZCTA5 21051
21052,438,73542,ZCTA5 21052
21053,3051,99513,ZCTA5 21053
21054,15687,152232,ZCTA5 21054
21056,318,250001,ZCTA5 21056
21057,4530,163462,ZCTA5 21057
21060,38418,95596,ZCTA5 21060
21061,55172,79778,ZCTA5 21061
21071,526,,ZCTA5 21071
21074,15146,96367,ZCTA5 21074
21075,36176,126378,ZCTA5 21075
21076,22041,137237,ZCTA5 21076
21077,105,180167,ZCTA5 21077
21078,19820,100853,ZCTA5 21078
21082,694,137399,ZCTA5 21082
21084,7366,114200,ZCTA5 21084
21085,16590,100573,ZCTA5 21085
21087,5597,113472,ZCTA5 21087
21090,10346,118048,ZCTA5 21090
21093,38961,120947,ZCTA5 21093
21102,12024,110503,ZCTA5 21102
21104,6077,195000,ZCTA5 21104
21105,40,,ZCTA5 21105
21108,18046,142001,ZCTA5 21108
21111,4838,140966,ZCTA5 21111
21113,36495,116584,ZCTA5 21113
21114,25126,132829,ZCTA5 21114
21117,58516,96672,ZCTA5 21117
21120,7319,148090,ZCTA5 21120
21122,61444,118302,ZCTA5 21122
21128,15934,122021,ZCTA5 21128
21130,21,,ZCTA5 21130
21131,7722,187500,ZCTA5 21131
21132,3110,158550,ZCTA5 21132
21133,32070,83305,ZCTA5 21133
21136,35038,105300,ZCTA5 21136
21140,4255,141411,ZCTA5 21140
21144,37041,127055,ZCTA5 21144
21146,29710,171848,ZCTA5 21146
21152,6517,113711,ZCTA5 21152
21153,676,,ZCTA5 21153
21154,7059,115000,ZCTA5 21154
21155,3063,129231,ZCTA5 21155
21156,362,129583,ZCTA5 21156
21157,39816,96406,ZCTA5 21157
21158,23011,109076,ZCTA5 21158
21160,2716,108424,ZCTA5 21160
21161,5625,109848,ZCTA5 21161
21162,4322,138654,ZCTA5 21162
21163,7222,123858,ZCTA5 21163
21201,18305,42324,ZCTA5 21201
21202,20115,59098,ZCTA5 21202
21204,20188,92734,ZCTA5 21204
21205,14684,38211,ZCTA5 21205
21206,51020,61572,ZCTA5 21206
21207,51765,59822,ZCTA5 21207
21208,37319,89702,ZCTA5 21208
21209,29960,89398,ZCTA5 21209
21210,15005,114409,ZCTA5 21210
21211,15935,79909,ZCTA5 21211
21212,33861,94014,ZCTA5 21212
21213,28862,47870,ZCTA5 21213
21214,21510,77398,ZCTA5 21214
21215,53674,49523,ZCTA5 21215
21216,28385,46761,ZCTA5 21216
21217,31634,36665,ZCTA5 21217
21218,46548,58847,ZCTA5 21218
21219,9605,116000,ZCTA5 21219
21220,42652,77571,ZCTA5 21220
21221,43822,68140,ZCTA5 21221
21222,60013,60483,ZCTA5 21222
21223,20728,35541,ZCTA5 21223
21224,44915,86443,ZCTA5 21224
21225,34872,49171,ZCTA5 21225
21226,5902,71500,ZCTA5 21226
21227,35052,78626,ZCTA5 21227
21228,50268,102592,ZCTA5 21228
21229,44332,52692,ZCTA5 21229
21230,32883,95470,ZCTA5 21230
21231,14780,88091,ZCTA5 21231
21233,0,,ZCTA5 21233
21234,66095,80692,ZCTA5 21234
21236,38632,91855,ZCTA5 21236
21237,30983,84118,ZCTA5 21237
21239,28417,62547,ZCTA5 21239
21240,0,,ZCTA5 21240
21244,39501,80335,ZCTA5 21244
21250,2959,,ZCTA5 21250
21251,319,,ZCTA5 21251
21252,4456,,ZCTA5 21252
21285,10,,ZCTA5 21285
21286,21142,92722,ZCTA5 21286
21287,0,,ZCTA5 21287
21401,40442,114699,ZCTA5 21401
21402,2727,81125,ZCTA5 21402
21403,32207,108759,ZCTA5 21403
21405,383,150208,ZCTA5 21405
21409,20619,140236,ZCTA5 21409
21502,41291,56958,ZCTA5 21502
21520,2056,67708,ZCTA5 21520
21521,1426,59792,ZCTA5 21521
21523,133,,ZCTA5 21523
21524,740,70885,ZCTA5 21524
21529,575,43929,ZCTA5 21529
21530,1783,57115,ZCTA5 21530
21531,2014,56250,ZCTA5 21531
21532,13229,55761,ZCTA5 21532
21536,3945,60455,ZCTA5 21536
21538,571,82250,ZCTA5 21538
21539,2095,57143,ZCTA5 21539
21540,94,63125,ZCTA5 21540
21541,1682,58519,ZCTA5 21541
21542,167,,ZCTA5 21542
21543,277,,ZCTA5 21543
21545,1693,58250,ZCTA5 21545
21550,13640,61824,ZCTA5 21550
21555,1515,47917,ZCTA5 21555
21557,1782,40625,ZCTA5 21557
21560,0,,ZCTA5 21560
21561,2517,72159,ZCTA5 21561
21562,3248,57693,ZCTA5 21562
21601,23589,80434,ZCTA5 21601
21607,522,83472,ZCTA5 21607
21610,363,62750,ZCTA5 21610
21612,557,110778,ZCTA5 21612
21613,17945,51094,ZCTA5 21613
21617,10401,116827,ZCTA5 21617
21619,5776,94815,ZCTA5 21619
21620,13636,69842,ZCTA5 21620
21622,348,56375,ZCTA5 21622
21623,2187,69068,ZCTA5 21623
21624,201,87813,ZCTA5 21624
21625,2329,98750,ZCTA5 21625
21626,68,60313,ZCTA5 21626
21627,27,76250,ZCTA5 21627
21628,360,91417,ZCTA5 21628
21629,9988,65541,ZCTA5 21629
21631,2787,67181,ZCTA5 21631
21632,6504,59135,ZCTA5 21632
21634,367,49250,ZCTA5 21634
21635,1836,120169,ZCTA5 21635
21636,824,56447,ZCTA5 21636
21638,5064,116953,ZCTA5 21638
21639,4734,56173,ZCTA5 21639
21640,1374,77721,ZCTA5 21640
21641,149,69375,ZCTA5 21641
21643,5021,52143,ZCTA5 21643
21644,40,,ZCTA5 21644
21645,1231,,ZCTA5 21645
21647,450,107361,ZCTA5 21647
21648,181,137500,ZCTA5 21648
21649,2205,56806,ZCTA5 21649
21650,308,92000,ZCTA5 21650
21651,2346,76042,ZCTA5 21651
21652,143,120644,ZCTA5 21652
21653,105,,ZCTA5 21653
21654,1260,77288,ZCTA5 21654
21655,4753,78000,ZCTA5 21655
21657,1437,105648,ZCTA5 21657
21658,3883,124375,ZCTA5 21658
21659,1225,68393,ZCTA5 21659
21660,4100,78922,ZCTA5 21660
21661,2571,77875,ZCTA5 21661
21662,657,167647,ZCTA5 21662
21663,3646,76667,ZCTA5 21663
21664,642,66458,ZCTA5 21664
21665,164,150809,ZCTA5 21665
21666,14193,119154,ZCTA5 21666
21667,218,,ZCTA5 21667
21668,1842,76250,ZCTA5 21668
21669,186,87708,ZCTA5 21669
21671,805,55208,ZCTA5 21671
21672,113,59375,ZCTA5 21672
21673,2793,66163,ZCTA5 21673
21675,46,,ZCTA5 21675
21676,333,108244,ZCTA5 21676
21677,598,100481,ZCTA5 21677
21678,1685,75865,ZCTA5 21678
21679,255,,ZCTA5 21679
21701,40787,97769,ZCTA5 21701
21702,46596,100449,ZCTA5 21702
21703,39606,103028,ZCTA5 21703
21704,18473,162437,ZCTA5 21704
21705,5,,ZCTA5 21705
21710,4988,158918,ZCTA5 21710
21711,864,92868,ZCTA5 21711
21713,9999,96555,ZCTA5 21713
21714,272,176736,ZCTA5 21714
21715,12,,ZCTA5 21715
21716,6630,100043,ZCTA5 21716
21717,209,77375,ZCTA5 21717
21718,143,90000,ZCTA5 21718
21719,1145,74479,ZCTA5 21719
21722,6709,84906,ZCTA5 21722
21723,689,250001,ZCTA5 21723
21727,6588,82636,ZCTA5 21727
21733,1202,83313,ZCTA5 21733
21734,861,52794,ZCTA5 21734
21737,2406,250001,ZCTA5 21737
21738,3786,239821,ZCTA5 21738
21740,62760,57150,ZCTA5 21740
21742,34549,80306,ZCTA5 21742
21746,2613,,ZCTA5 21746
21750,3613,50833,ZCTA5 21750
21754,7260,179068,ZCTA5 21754
21755,5706,129085,ZCTA5 21755
21756,3303,92222,ZCTA5 21756
21757,2722,96250,ZCTA5 21757
21758,4610,103081,ZCTA5 21758
21762,176,,ZCTA5 21762
21766,544,55592,ZCTA5 21766
21767,873,44531,ZCTA5 21767
21769,12562,142887,ZCTA5 21769
21770,7786,175809,ZCTA5 21770
21771,31653,148909,ZCTA5 21771
21773,5553,142470,ZCTA5 21773
21774,15096,159542,ZCTA5 21774
21776,6434,106823,ZCTA5 21776
21777,2360,126944,ZCTA5 21777
21778,880,76063,ZCTA5 21778
21779,1731,111648,ZCTA5 21779
21780,1975,62043,ZCTA5 21780
21781,41,,ZCTA5 21781
21782,4389,82256,ZCTA5 21782
21783,9866,94432,ZCTA5 21783
21784,37219,138923,ZCTA5 21784
21787,10879,83669,ZCTA5 21787
21788,11412,90091,ZCTA5 21788
21790,0,,ZCTA5 21790
21791,4855,88984,ZCTA5 21791
21793,10882,125203,ZCTA5 21793
21794,2309,191458,ZCTA5 21794
21795,9772,84833,ZCTA5 21795
21797,9034,179271,ZCTA5 21797
21798,2699,120732,ZCTA5 21798
21801,30766,65750,ZCTA5 21801
21804,38722,64513,ZCTA5 21804
21810,160,127891,ZCTA5 21810
21811,24456,87611,ZCTA5 21811
21813,2927,103387,ZCTA5 21813
21814,81,,ZCTA5 21814
21817,4138,46875,ZCTA5 21817
21821,765,42250,ZCTA5 21821
21822,2686,42346,ZCTA5 21822
21824,253,83401,ZCTA5 21824
21826,5569,60513,ZCTA5 21826
21829,394,,ZCTA5 21829
21830,4837,105836,ZCTA5 21830
21835,382,34659,ZCTA5 21835
21837,3165,81173,ZCTA5 21837
21838,2219,85929,ZCTA5 21838
21840,541,,ZCTA5 21840
21841,988,83839,ZCTA5 21841
21842,10951,68626,ZCTA5 21842
21849,3366,70266,ZCTA5 21849
21850,3628,72368,ZCTA5 21850
21851,7072,47901,ZCTA5 21851
21853,10659,55000,ZCTA5 21853
21856,924,74167,ZCTA5 21856
21861,776,83125,ZCTA5 21861
21862,0,,ZCTA5 21862
21863,4913,67107,ZCTA5 21863
21864,778,95313,ZCTA5 21864
21865,393,94118,ZCTA5 21865
21866,104,78977,ZCTA5 21866
21867,24,,ZCTA5 21867
21869,943,66375,ZCTA5 21869
21871,1747,51500,ZCTA5 21871
21872,573,110709,ZCTA5 21872
21874,2222,75655,ZCTA5 21874
21875,7446,69362,ZCTA5 21875
21890,3071,,ZCTA5 21890
21901,19938,105876,ZCTA5 21901
21902,251,,ZCTA5 21902
21903,5332,73608,ZCTA5 21903
21904,5975,89797,ZCTA5 21904
21911,10804,88583,ZCTA5 21911
21912,1495,69732,ZCTA5 21912
21913,878,,ZCTA5 21913
21914,740,70347,ZCTA5 21914
21915,2469,87841,ZCTA5 21915
21917,1884,102601,ZCTA5 21917
21918,4462,78691,ZCTA5 21918
21919,3451,101806,ZCTA5 21919
21920,1089,113687,ZCTA5 21920
21921,45081,80999,ZCTA5 21921
21930,27,,ZCTA5 21930
22003,58872,125222,ZCTA5 22003
22015,44959,161698,ZCTA5 22015
22025,19280,134456,ZCTA5 22025
22026,19938,112077,ZCTA5 22026
22027,1974,250001,ZCTA5 22027
22030,61665,137664,ZCTA5 22030
22031,35872,126049,ZCTA5 22031
22032,29510,173728,ZCTA5 22032
22033,38610,129513,ZCTA5 22033
22035,0,,ZCTA5 22035
22039,17624,250001,ZCTA5 22039
22041,29132,86731,ZCTA5 22041
22042,34860,131756,ZCTA5 22042
22043,25843,136648,ZCTA5 22043
22044,14042,92889,ZCTA5 22044
22046,18007,176112,ZCTA5 22046
22060,9846,97473,ZCTA5 22060
22066,16925,250001,ZCTA5 22066
22079,36857,133274,ZCTA5 22079
22101,30729,250001,ZCTA5 22101
22102,28356,149420,ZCTA5 22102
22124,18449,201541,ZCTA5 22124
22125,874,147188,ZCTA5 22125
22134,7562,62688,ZCTA5 22134
22150,27734,112331,ZCTA5 22150
22151,16827,148438,ZCTA5 22151
22152,30155,155563,ZCTA5 22152
22153,32546,164084,ZCTA5 22153
22172,11823,103261,ZCTA5 22172
22180,26179,179320,ZCTA5 22180
22181,15698,199197,ZCTA5 22181
22182,26892,202411,ZCTA5 22182
22191,72215,101659,ZCTA5 22191
22192,59238,118518,ZCTA5 22192
22193,83796,116428,ZCTA5 22193
22201,38010,140453,ZCTA5 22201
22202,28084,137736,ZCTA5 22202
22203,25753,123315,ZCTA5 22203
22204,52359,105674,ZCTA5 22204
22205,18523,206369,ZCTA5 22205
22206,20553,130772,ZCTA5 22206
22207,34647,227941,ZCTA5 22207
22209,13173,112550,ZCTA5 22209
22211,1205,224000,ZCTA5 22211
22213,4150,200833,ZCTA5 22213
22214,0,,ZCTA5 22214
22301,13807,188538,ZCTA5 22301
22302,18081,120081,ZCTA5 22302
22303,16321,102386,ZCTA5 22303
22304,49711,98238,ZCTA5 22304
22305,17051,104615,ZCTA5 22305
22306,32842,88759,ZCTA5 22306
22307,10202,132198,ZCTA5 22307
22308,12980,201484,ZCTA5 22308
22309,36265,105683,ZCTA5 22309
22310,29788,154936,ZCTA5 22310
22311,19531,84948,ZCTA5 22311
22312,26573,101374,ZCTA5 22312
22314,35577,143031,ZCTA5 22314
22315,29358,148530,ZCTA5 22315
22401,28218,83288,ZCTA5 22401
22405,35795,123923,ZCTA5 22405
22406,26702,116784,ZCTA5 22406
22407,62301,102999,ZCTA5 22407
22408,31130,109884,ZCTA5 22408
22427,4364,62545,ZCTA5 22427
22432,158,61711,ZCTA5 22432
22433,241,72898,ZCTA5 22433
22435,2638,60706,ZCTA5 22435
22436,832,58837,ZCTA5 22436
22437,781,98482,ZCTA5 22437
22438,261,98359,ZCTA5 22438
22443,10297,55414,ZCTA5 22443
22448,723,82188,ZCTA5 22448
22454,1938,55598,ZCTA5 22454
22460,1818,61541,ZCTA5 22460
22469,2052,50606,ZCTA5 22469
22472,958,,ZCTA5 22472
22473,5490,67660,ZCTA5 22473
22476,188,48942,ZCTA5 22476
22480,901,63036,ZCTA5 22480
22482,3169,47317,ZCTA5 22482
22485,26262,103931,ZCTA5 22485
22488,609,65091,ZCTA5 22488
22503,3920,61552,ZCTA5 22503
22504,138,95962,ZCTA5 22504
22508,15384,109107,ZCTA5 22508
22509,75,28656,ZCTA5 22509
22511,967,92631,ZCTA5 22511
22514,2402,66413,ZCTA5 22514
22520,4673,64464,ZCTA5 22520
22529,206,138750,ZCTA5 22529
22534,3452,122724,ZCTA5 22534
22535,440,73711,ZCTA5 22535
22538,125,4016,ZCTA5 22538
22539,1857,81556,ZCTA5 22539
22542,1928,84525,ZCTA5 22542
22546,17371,92904,ZCTA5 22546
22548,59,,ZCTA5 22548
22551,22035,99854,ZCTA5 22551
22553,16746,117195,ZCTA5 22553
22554,62257,137633,ZCTA5 22554
22556,31200,126219,ZCTA5 22556
22560,6677,49631,ZCTA5 22560
22567,3122,96136,ZCTA5 22567
22572,6449,63854,ZCTA5 22572
22576,1554,77262,ZCTA5 22576
22578,2546,86357,ZCTA5 22578
22580,5382,90524,ZCTA5 22580
22601,29306,63671,ZCTA5 22601
22602,32032,100029,ZCTA5 22602
22603,16848,79454,ZCTA5 22603
22610,1625,94957,ZCTA5 22610
22611,9219,113406,ZCTA5 22611
22620,2607,109180,ZCTA5 22620
22623,955,111071,ZCTA5 22623
22624,3371,89722,ZCTA5 22624
22625,3251,98000,ZCTA5 22625
22627,775,104122,ZCTA5 22627
22630,34942,77870,ZCTA5 22630
22637,2279,76393,ZCTA5 22637
22639,681,133988,ZCTA5 22639
22640,446,97125,ZCTA5 22640
22641,222,64438,ZCTA5 22641
22642,4218,96389,ZCTA5 22642
22643,111,,ZCTA5 22643
22644,2555,79811,ZCTA5 22644
22645,4430,69554,ZCTA5 22645
22646,39,,ZCTA5 22646
22650,860,66773,ZCTA5 22650
22652,1553,93802,ZCTA5 22652
22654,1283,70920,ZCTA5 22654
22655,22161,99208,ZCTA5 22655
22656,4754,103654,ZCTA5 22656
22657,11420,59414,ZCTA5 22657
22660,1685,73958,ZCTA5 22660
22663,1076,109375,ZCTA5 22663
22664,9650,59417,ZCTA5 22664
22701,35749,90197,ZCTA5 22701
22709,1221,83214,ZCTA5 22709
22711,65,,ZCTA5 22711
22712,9636,105020,ZCTA5 22712
22713,1902,99861,ZCTA5 22713
22714,1034,91360,ZCTA5 22714
22715,1976,93450,ZCTA5 22715
22716,1102,131510,ZCTA5 22716
22718,788,81750,ZCTA5 22718
22719,137,100357,ZCTA5 22719
22720,1276,144571,ZCTA5 22720
22722,434,,ZCTA5 22722
22723,48,,ZCTA5 22723
22724,2424,171957,ZCTA5 22724
22725,28,,ZCTA5 22725
22726,821,79205,ZCTA5 22726
22727,5834,59180,ZCTA5 22727
22728,3120,100776,ZCTA5 22728
22729,1184,,ZCTA5 22729
22730,215,,ZCTA5 22730
22731,372,81462,ZCTA5 22731
22732,251,,ZCTA5 22732
22733,1506,68320,ZCTA5 22733
22734,3743,88342,ZCTA5 22734
22735,2100,73333,ZCTA5 22735
22736,800,,ZCTA5 22736
22737,3307,94548,ZCTA5 22737
22738,1106,96875,ZCTA5 22738
22740,861,91225,ZCTA5 22740
22741,271,178646,ZCTA5 22741
22742,1443,111083,ZCTA5 22742
22743,333,41513,ZCTA5 22743
22746,660,130372,ZCTA5 22746
22747,1236,113750,ZCTA5 22747
22749,238,,ZCTA5 22749
22801,39154,64277,ZCTA5 22801
22802,29066,58032,ZCTA5 22802
22807,5601,,ZCTA5 22807
22810,569,61818,ZCTA5 22810
22811,436,51667,ZCTA5 22811
22812,10078,75000,ZCTA5 22812
22815,8954,68151,ZCTA5 22815
22820,257,,ZCTA5 22820
22821,5666,72328,ZCTA5 22821
22824,6352,71629,ZCTA5 22824
22827,10801,60691,ZCTA5 22827
22830,2135,58915,ZCTA5 22830
22831,650,49831,ZCTA5 22831
22832,1097,61875,ZCTA5 22832
22834,1349,84643,ZCTA5 22834
22835,11596,53184,ZCTA5 22835
22840,4882,90694,ZCTA5 22840
22841,3130,68250,ZCTA5 22841
22842,5647,51897,ZCTA5 22842
22843,2636,79773,ZCTA5 22843
22844,4711,57708,ZCTA5 22844
22845,57,,ZCTA5 22845
22846,1853,85833,ZCTA5 22846
22847,555,63594,ZCTA5 22847
22849,5222,64436,ZCTA5 22849
22850,1299,82708,ZCTA5 22850
22851,5836,56010,ZCTA5 22851
22853,5022,64043,ZCTA5 22853
22901,35610,88911,ZCTA5 22901
22902,24256,83865,ZCTA5 22902
22903,41040,66344,ZCTA5 22903
22904,6270,,ZCTA5 22904
22908,0,,ZCTA5 22908
22911,19005,108776,ZCTA5 22911
22920,3548,97500,ZCTA5 22920
22922,2340,55075,ZCTA5 22922
22923,6410,102979,ZCTA5 22923
22931,230,100625,ZCTA5 22931
22932,8495,99684,ZCTA5 22932
22935,869,97905,ZCTA5 22935
22936,6277,133944,ZCTA5 22936
22937,1537,71366,ZCTA5 22937
22938,675,57222,ZCTA5 22938
22939,6455,78337,ZCTA5 22939
22940,1057,89476,ZCTA5 22940
22942,10485,87500,ZCTA5 22942
22943,724,,ZCTA5 22943
22946,167,,ZCTA5 22946
22947,4829,129833,ZCTA5 22947
22948,41,,ZCTA5 22948
22949,1141,51250,ZCTA5 22949
22952,1590,75217,ZCTA5 22952
22957,0,,ZCTA5 22957
22958,2021,92232,ZCTA5 22958
22959,1822,108606,ZCTA5 22959
22960,10397,73509,ZCTA5 22960
22963,16935,98229,ZCTA5 22963
22964,387,115281,ZCTA5 22964
22967,2696,79290,ZCTA5 22967
22968,10919,81828,ZCTA5 22968
22969,1938,61383,ZCTA5 22969
22971,2474,74441,ZCTA5 22971
22972,199,195341,ZCTA5 22972
22973,6196,70716,ZCTA5 22973
22974,4740,104570,ZCTA5 22974
22976,89,,ZCTA5 22976
22980,32133,60428,ZCTA5 22980
22989,90,,ZCTA5 22989
23002,10664,61302,ZCTA5 23002
23004,1043,56094,ZCTA5 23004
23005,19244,86136,ZCTA5 23005
23009,7814,85960,ZCTA5 23009
23011,1473,120083,ZCTA5 23011
23015,4175,118224,ZCTA5 23015
23021,0,,ZCTA5 23021
23022,1217,46250,ZCTA5 23022
23023,508,76250,ZCTA5 23023
23024,9793,88977,ZCTA5 23024
23025,792,46007,ZCTA5 23025
23027,1567,78875,ZCTA5 23027
23030,4342,67404,ZCTA5 23030
23032,165,86250,ZCTA5 23032
23035,1560,100027,ZCTA5 23035
23038,1524,79828,ZCTA5 23038
23039,1351,160333,ZCTA5 23039
23040,4216,55286,ZCTA5 23040
23043,1620,67813,ZCTA5 23043
23045,59,,ZCTA5 23045
23047,1732,78263,ZCTA5 23047
23050,449,,ZCTA5 23050
23055,867,51769,ZCTA5 23055
23056,148,98818,ZCTA5 23056
23059,41009,147578,ZCTA5 23059
23060,36699,105249,ZCTA5 23060
23061,23150,92014,ZCTA5 23061
23062,2239,50217,ZCTA5 23062
23063,5361,70053,ZCTA5 23063
23065,1698,87600,ZCTA5 23065
23066,639,89009,ZCTA5 23066
23068,199,,ZCTA5 23068
23069,3183,77188,ZCTA5 23069
23070,606,127702,ZCTA5 23070
23071,1945,78209,ZCTA5 23071
23072,12433,74344,ZCTA5 23072
23075,8447,45806,ZCTA5 23075
23076,569,99477,ZCTA5 23076
23079,476,58250,ZCTA5 23079
23081,0,,ZCTA5 23081
23083,2450,89712,ZCTA5 23083
23084,1251,56016,ZCTA5 23084
23085,501,93500,ZCTA5 23085
23086,3654,79397,ZCTA5 23086
23089,5354,91463,ZCTA5 23089
23091,548,,ZCTA5 23091
23092,819,,ZCTA5 23092
23093,14143,65799,ZCTA5 23093
23102,3111,106161,ZCTA5 23102
23103,6351,118244,ZCTA5 23103
23106,1094,54042,ZCTA5 23106
23108,56,120556,ZCTA5 23108
23109,2783,72582,ZCTA5 23109
23110,699,67656,ZCTA5 23110
23111,37528,89849,ZCTA5 23111
23112,56428,113166,ZCTA5 23112
23113,26392,147734,ZCTA5 23113
23114,21561,105730,ZCTA5 23114
23116,33550,131665,ZCTA5 23116
23117,10895,82271,ZCTA5 23117
23119,137,,ZCTA5 23119
23120,15851,163989,ZCTA5 23120
23123,1846,63664,ZCTA5 23123
23124,4948,123393,ZCTA5 23124
23126,494,80038,ZCTA5 23126
23128,331,117228,ZCTA5 23128
23129,390,132695,ZCTA5 23129
23130,64,,ZCTA5 23130
23138,853,93663,ZCTA5 23138
23139,26719,107265,ZCTA5 23139
23140,6606,98900,ZCTA5 23140
23141,7672,108100,ZCTA5 23141
23146,3347,129327,ZCTA5 23146
23147,0,,ZCTA5 23147
23148,1285,75954,ZCTA5 23148
23149,2573,91981,ZCTA5 23149
23150,12270,74280,ZCTA5 23150
23153,1508,104773,ZCTA5 23153
23156,1384,40192,ZCTA5 23156
23160,1517,,ZCTA5 23160
23161,80,,ZCTA5 23161
23163,28,,ZCTA5 23163
23168,8861,106771,ZCTA5 23168
23169,995,49444,ZCTA5 23169
23173,2201,,ZCTA5 23173
23175,1637,50231,ZCTA5 23175
23176,399,70217,ZCTA5 23176
23177,749,80375,ZCTA5 23177
23180,656,67813,ZCTA5 23180
23181,5293,88294,ZCTA5 23181
23185,53373,98713,ZCTA5 23185
23188,44465,96821,ZCTA5 23188
23192,6592,93822,ZCTA5 23192
23219,4294,57679,ZCTA5 23219
23220,33667,51830,ZCTA5 23220
23221,14831,96169,ZCTA5 23221
23222,28314,54756,ZCTA5 23222
23223,55072,52246,ZCTA5 23223
23224,38546,46112,ZCTA5 23224
23225,42249,61021,ZCTA5 23225
23226,15997,124364,ZCTA5 23226
23227,25758,63114,ZCTA5 23227
23228,35592,63533,ZCTA5 23228
23229,35457,97993,ZCTA5 23229
23230,7696,73024,ZCTA5 23230
23231,37370,69972,ZCTA5 23231
23233,31164,116469,ZCTA5 23233
23234,45139,60669,ZCTA5 23234
23235,32673,88767,ZCTA5 23235
23236,25768,97195,ZCTA5 23236
23237,28249,75219,ZCTA5 23237
23238,26521,91174,ZCTA5 23238
23250,0,,ZCTA5 23250
23284,1924,,ZCTA5 23284
23294,19669,66394,ZCTA5 23294
23298,271,,ZCTA5 23298
23301,2078,48894,ZCTA5 23301
23302,0,,ZCTA5 23302
23303,463,,ZCTA5 23303
23304,0,,ZCTA5 23304
23306,858,42396,ZCTA5 23306
23307,594,41786,ZCTA5 23307
23308,1866,70050,ZCTA5 23308
23310,4984,55417,ZCTA5 23310
23314,9729,101081,ZCTA5 23314
23315,1750,87708,ZCTA5 23315
23316,75,78750,ZCTA5 23316
23320,62000,81963,ZCTA5 23320
23321,38586,96235,ZCTA5 23321
23322,66091,129628,ZCTA5 23322
23323,41909,99407,ZCTA5 23323
23324,22843,57636,ZCTA5 23324
23325,18230,72708,ZCTA5 23325
23336,3327,46736,ZCTA5 23336
23337,758,,ZCTA5 23337
23347,640,93750,ZCTA5 23347
23350,3144,46972,ZCTA5 23350
23354,379,,ZCTA5 23354
23356,1232,66667,ZCTA5 23356
23357,816,,ZCTA5 23357
23358,144,74688,ZCTA5 23358
23359,1138,65732,ZCTA5 23359
23389,0,,ZCTA5 23389
23395,453,,ZCTA5 23395
23398,21,,ZCTA5 23398
23401,286,34844,ZCTA5 23401
23405,1226,83344,ZCTA5 23405
23407,788,65949,ZCTA5 23407
23408,8,,ZCTA5 23408
23409,183,,ZCTA5 23409
23410,2393,42259,ZCTA5 23410
23413,971,44231,ZCTA5 23413
23414,82,,ZCTA5 23414
23415,2323,43010,ZCTA5 23415
23416,45,,ZCTA5 23416
23417,3935,68248,ZCTA5 23417
23418,786,47219,ZCTA5 23418
23420,2908,50293,ZCTA5 23420
23421,3811,63125,ZCTA5 23421
23422,217,,ZCTA5 23422
23423,320,,ZCTA5 23423
23426,36,,ZCTA5 23426
23427,256,38000,ZCTA5 23427
23430,18371,95316,ZCTA5 23430
23432,1225,150461,ZCTA5 23432
23433,1274,144167,ZCTA5 23433
23434,51108,73843,ZCTA5 23434
23435,33614,107800,ZCTA5 23435
23436,1021,185063,ZCTA5 23436
23437,4647,70823,ZCTA5 23437
23438,1685,84231,ZCTA5 23438
23440,345,,ZCTA5 23440
23441,0,,ZCTA5 23441
23442,1015,66042,ZCTA5 23442
23451,43641,93172,ZCTA5 23451
23452,57180,75185,ZCTA5 23452
23453,35117,79317,ZCTA5 23453
23454,58022,95547,ZCTA5 23454
23455,50665,82977,ZCTA5 23455
23456,60182,125116,ZCTA5 23456
23457,4746,100927,ZCTA5 23457
23459,1403,,ZCTA5 23459
23460,1474,,ZCTA5 23460
23461,840,,ZCTA5 23461
23462,68499,69375,ZCTA5 23462
23464,76131,90535,ZCTA5 23464
23480,362,39798,ZCTA5 23480
23486,90,50611,ZCTA5 23486
23487,5978,75634,ZCTA5 23487
23488,143,63449,ZCTA5 23488
23502,19994,65421,ZCTA5 23502
23503,30991,58063,ZCTA5 23503
23504,24202,39611,ZCTA5 23504
23505,28619,56919,ZCTA5 23505
23507,6588,93512,ZCTA5 23507
23508,20647,73075,ZCTA5 23508
23509,12903,68540,ZCTA5 23509
23510,9294,71720,ZCTA5 23510
23511,11067,63456,ZCTA5 23511
23513,30168,61737,ZCTA5 23513
23517,4212,55536,ZCTA5 23517
23518,29337,71313,ZCTA5 23518
23523,7352,34201,ZCTA5 23523
23551,1599,,ZCTA5 23551
23601,26488,65299,ZCTA5 23601
23602,43127,70717,ZCTA5 23602
23603,3555,95029,ZCTA5 23603
23604,5029,70815,ZCTA5 23604
23605,13359,44644,ZCTA5 23605
23606,29807,67943,ZCTA5 23606
23607,23892,39139,ZCTA5 23607
23608,42684,67260,ZCTA5 23608
23651,377,98281,ZCTA5 23651
23661,13936,63172,ZCTA5 23661
23662,12479,114503,ZCTA5 23662
23663,13484,53760,ZCTA5 23663
23664,10672,73560,ZCTA5 23664
23665,6168,75929,ZCTA5 23665
23666,53655,67033,ZCTA5 23666
23667,62,,ZCTA5 23667
23668,760,,ZCTA5 23668
23669,39847,60959,ZCTA5 23669
23681,0,,ZCTA5 23681
23690,4770,83173,ZCTA5 23690
23691,405,,ZCTA5 23691
23692,18986,101987,ZCTA5 23692
23693,23563,109213,ZCTA5 23693
23696,4199,128438,ZCTA5 23696
23701,24850,61961,ZCTA5 23701
23702,12107,45772,ZCTA5 23702
23703,27121,72822,ZCTA5 23703
23704,18125,43680,ZCTA5 23704
23707,14254,49363,ZCTA5 23707
23708,359,,ZCTA5 23708
23709,568,,ZCTA5 23709
23801,7577,73906,ZCTA5 23801
23803,41913,53876,ZCTA5 23803
23805,21427,63501,ZCTA5 23805
23821,1931,58787,ZCTA5 23821
23824,6714,58917,ZCTA5 23824
23827,1166,44050,ZCTA5 23827
23828,658,65208,ZCTA5 23828
23829,2555,85648,ZCTA5 23829
23830,1874,109207,ZCTA5 23830
23831,36606,90964,ZCTA5 23831
23832,40992,100744,ZCTA5 23832
23833,2287,81141,ZCTA5 23833
23834,27639,76332,ZCTA5 23834
23836,13905,102984,ZCTA5 23836
23837,4281,51818,ZCTA5 23837
23838,16947,124512,ZCTA5 23838
23839,892,95208,ZCTA5 23839
23840,1421,84632,ZCTA5 23840
23841,2817,59706,ZCTA5 23841
23842,6956,85375,ZCTA5 23842
23843,462,65714,ZCTA5 23843
23844,549,31863,ZCTA5 23844
23845,327,67500,ZCTA5 23845
23846,522,84205,ZCTA5 23846
23847,13466,43840,ZCTA5 23847
23850,1139,79630,ZCTA5 23850
23851,12983,61416,ZCTA5 23851
23856,881,40711,ZCTA5 23856
23857,399,,ZCTA5 23857
23860,31556,54724,ZCTA5 23860
23866,1825,67891,ZCTA5 23866
23867,4961,72639,ZCTA5 23867
23868,6420,48620,ZCTA5 23868
23870,0,,ZCTA5 23870
23872,2600,71654,ZCTA5 23872
23874,720,54356,ZCTA5 23874
23875,13375,72714,ZCTA5 23875
23876,195,29722,ZCTA5 23876
23878,1569,88697,ZCTA5 23878
23879,580,56667,ZCTA5 23879
23881,2315,60469,ZCTA5 23881
23882,1593,55417,ZCTA5 23882
23883,1902,76250,ZCTA5 23883
23884,15,,ZCTA5 23884
23885,2573,95668,ZCTA5 23885
23887,524,,ZCTA5 23887
23888,2485,61797,ZCTA5 23888
23889,574,51759,ZCTA5 23889
23890,4823,77464,ZCTA5 23890
23891,1311,,ZCTA5 23891
23893,496,80893,ZCTA5 23893
23894,413,85313,ZCTA5 23894
23897,804,70486,ZCTA5 23897
23898,2638,82500,ZCTA5 23898
23899,421,54583,ZCTA5 23899
23901,15541,53105,ZCTA5 23901
23909,1239,,ZCTA5 23909
23915,1695,48750,ZCTA5 23915
23917,2762,61597,ZCTA5 23917
23919,2337,62243,ZCTA5 23919
23920,2756,56319,ZCTA5 23920
23921,2250,80455,ZCTA5 23921
23922,4267,92407,ZCTA5 23922
23923,2188,46464,ZCTA5 23923
23924,5799,45458,ZCTA5 23924
23927,4489,58793,ZCTA5 23927
23930,5505,56379,ZCTA5 23930
23934,625,115711,ZCTA5 23934
23936,7254,59053,ZCTA5 23936
23937,2007,37430,ZCTA5 23937
23938,198,48750,ZCTA5 23938
23942,1137,61761,ZCTA5 23942
23943,1052,,ZCTA5 23943
23944,3781,57500,ZCTA5 23944
23947,3391,60946,ZCTA5 23947
23950,3633,39219,ZCTA5 23950
23952,284,,ZCTA5 23952
23954,2462,72870,ZCTA5 23954
23955,12,,ZCTA5 23955
23958,2851,46917,ZCTA5 23958
23959,1478,72361,ZCTA5 23959
23960,1788,68125,ZCTA5 23960
23962,600,65476,ZCTA5 23962
23963,292,,ZCTA5 23963
23964,956,52708,ZCTA5 23964
23966,1955,61625,ZCTA5 23966
23967,1539,54948,ZCTA5 23967
23968,681,35000,ZCTA5 23968
23970,7869,50673,ZCTA5 23970
23974,4859,48433,ZCTA5 23974
23976,46,19500,ZCTA5 23976
24011,723,59700,ZCTA5 24011
24012,29545,50857,ZCTA5 24012
24013,7925,51858,ZCTA5 24013
24014,15630,58738,ZCTA5 24014
24015,16074,67295,ZCTA5 24015
24016,9605,40664,ZCTA5 24016
24017,23756,43097,ZCTA5 24017
24018,38924,91769,ZCTA5 24018
24019,28194,73637,ZCTA5 24019
24020,588,,ZCTA5 24020
24022,0,,ZCTA5 24022
24053,2092,42302,ZCTA5 24053
24054,6391,52278,ZCTA5 24054
24055,11647,36210,ZCTA5 24055
24058,300,49850,ZCTA5 24058
24059,835,79412,ZCTA5 24059
24060,48423,57270,ZCTA5 24060
24061,9269,,ZCTA5 24061
24064,5245,82602,ZCTA5 24064
24065,6596,73659,ZCTA5 24065
24066,5127,60924,ZCTA5 24066
24067,2212,49861,ZCTA5 24067
24069,1511,41382,ZCTA5 24069
24070,1545,81544,ZCTA5 24070
24072,1161,91932,ZCTA5 24072
24073,29595,69581,ZCTA5 24073
24076,1310,42356,ZCTA5 24076
24077,1346,79286,ZCTA5 24077
24078,7304,47130,ZCTA5 24078
24079,1911,77898,ZCTA5 24079
24082,652,76115,ZCTA5 24082
24083,4225,106083,ZCTA5 24083
24084,11113,62909,ZCTA5 24084
24085,2308,43969,ZCTA5 24085
24086,154,113750,ZCTA5 24086
24087,4041,45347,ZCTA5 24087
24088,4983,34188,ZCTA5 24088
24089,2433,36659,ZCTA5 24089
24090,4932,84948,ZCTA5 24090
24091,7491,57886,ZCTA5 24091
24092,3471,64948,ZCTA5 24092
24093,114,,ZCTA5 24093
24095,3520,77936,ZCTA5 24095
24101,6373,77468,ZCTA5 24101
24102,1491,56625,ZCTA5 24102
24104,2641,80650,ZCTA5 24104
24105,285,70380,ZCTA5 24105
24112,30370,42349,ZCTA5 24112
24120,1866,45678,ZCTA5 24120
24121,11043,84421,ZCTA5 24121
24122,1450,59500,ZCTA5 24122
24124,4801,57853,ZCTA5 24124
24127,4228,62273,ZCTA5 24127
24128,1539,68162,ZCTA5 24128
24129,92,,ZCTA5 24129
24131,44,,ZCTA5 24131
24132,416,,ZCTA5 24132
24133,2407,39375,ZCTA5 24133
24134,5544,62500,ZCTA5 24134
24136,3024,66389,ZCTA5 24136
24137,2773,64295,ZCTA5 24137
24138,1514,76964,ZCTA5 24138
24139,642,32713,ZCTA5 24139
24141,21804,58544,ZCTA5 24141
24142,2292,,ZCTA5 24142
24147,1350,37974,ZCTA5 24147
24148,8554,54294,ZCTA5 24148
24149,3641,61063,ZCTA5 24149
24150,640,73491,ZCTA5 24150
24151,18506,61740,ZCTA5 24151
24153,38386,73136,ZCTA5 24153
24161,365,49044,ZCTA5 24161
24162,2136,67986,ZCTA5 24162
24165,1380,58819,ZCTA5 24165
24167,132,33015,ZCTA5 24167
24168,58,55417,ZCTA5 24168
24171,8195,55042,ZCTA5 24171
24174,2581,53726,ZCTA5 24174
24175,7881,81295,ZCTA5 24175
24176,1135,105417,ZCTA5 24176
24179,18721,67996,ZCTA5 24179
24184,4129,63397,ZCTA5 24184
24185,678,71012,ZCTA5 24185
24201,15910,43599,ZCTA5 24201
24202,12325,56476,ZCTA5 24202
24210,17243,60337,ZCTA5 24210
24211,10016,80952,ZCTA5 24211
24216,2472,35053,ZCTA5 24216
24217,206,73056,ZCTA5 24217
24219,10460,58380,ZCTA5 24219
24220,873,49583,ZCTA5 24220
24221,545,50313,ZCTA5 24221
24224,5810,44026,ZCTA5 24224
24225,1818,26741,ZCTA5 24225
24226,1687,46513,ZCTA5 24226
24228,6052,39367,ZCTA5 24228
24230,6935,52529,ZCTA5 24230
24236,3157,33185,ZCTA5 24236
24237,1001,26818,ZCTA5 24237
24239,174,,ZCTA5 24239
24243,1440,51071,ZCTA5 24243
24244,5765,41406,ZCTA5 24244
24245,836,34926,ZCTA5 24245
24246,274,,ZCTA5 24246
24248,2568,58295,ZCTA5 24248
24250,1049,40750,ZCTA5 24250
24251,7821,46105,ZCTA5 24251
24256,3239,43373,ZCTA5 24256
24258,1351,40540,ZCTA5 24258
24260,5073,38136,ZCTA5 24260
24263,5516,32227,ZCTA5 24263
24265,1065,83089,ZCTA5 24265
24266,8805,48199,ZCTA5 24266
24269,418,44107,ZCTA5 24269
24270,369,46821,ZCTA5 24270
24271,2484,39115,ZCTA5 24271
24272,404,30254,ZCTA5 24272
24273,6004,38396,ZCTA5 24273
24277,6342,33155,ZCTA5 24277
24279,4747,41371,ZCTA5 24279
24280,850,68839,ZCTA5 24280
24281,2474,57665,ZCTA5 24281
24282,734,,ZCTA5 24282
24283,1909,28833,ZCTA5 24283
24290,2357,51563,ZCTA5 24290
24292,299,41250,ZCTA5 24292
24293,9749,48591,ZCTA5 24293
24301,13631,56965,ZCTA5 24301
24311,1467,39375,ZCTA5 24311
24312,1655,31196,ZCTA5 24312
24313,524,31250,ZCTA5 24313
24314,1346,60714,ZCTA5 24314
24315,3710,61524,ZCTA5 24315
24316,45,,ZCTA5 24316
24317,3900,45150,ZCTA5 24317
24318,596,63913,ZCTA5 24318
24319,6582,50177,ZCTA5 24319
24322,10,,ZCTA5 24322
24323,1078,72198,ZCTA5 24323
24324,2274,79475,ZCTA5 24324
24325,1116,77612,ZCTA5 24325
24326,796,39563,ZCTA5 24326
24327,594,,ZCTA5 24327
24328,1659,52857,ZCTA5 24328
24330,2905,39060,ZCTA5 24330
24333,18448,50374,ZCTA5 24333
24340,6173,55766,ZCTA5 24340
24343,8191,49701,ZCTA5 24343
24347,1249,60417,ZCTA5 24347
24348,4923,41984,ZCTA5 24348
24350,1428,48889,ZCTA5 24350
24351,264,18438,ZCTA5 24351
24352,1482,45422,ZCTA5 24352
24354,13918,41091,ZCTA5 24354
24360,5951,67407,ZCTA5 24360
24361,4746,67063,ZCTA5 24361
24363,1068,48350,ZCTA5 24363
24366,329,38173,ZCTA5 24366
24368,5079,64000,ZCTA5 24368
24370,5730,46648,ZCTA5 24370
24374,556,40924,ZCTA5 24374
24375,1666,52813,ZCTA5 24375
24377,514,,ZCTA5 24377
24378,983,34375,ZCTA5 24378
24380,2741,48065,ZCTA5 24380
24381,3176,64100,ZCTA5 24381
24382,14657,48521,ZCTA5 24382
24401,37375,60655,ZCTA5 24401
24411,3,,ZCTA5 24411
24412,159,,ZCTA5 24412
24413,313,49375,ZCTA5 24413
24415,35,,ZCTA5 24415
24416,9397,49614,ZCTA5 24416
24421,3336,92250,ZCTA5 24421
24422,5550,44452,ZCTA5 24422
24426,13598,51686,ZCTA5 24426
24430,3629,44821,ZCTA5 24430
24431,2470,69655,ZCTA5 24431
24432,450,83542,ZCTA5 24432
24433,79,66136,ZCTA5 24433
24435,1615,60000,ZCTA5 24435
24437,1585,87083,ZCTA5 24437
24439,906,38250,ZCTA5 24439
24440,3020,56774,ZCTA5 24440
24441,6358,78487,ZCTA5 24441
24442,81,64766,ZCTA5 24442
24445,2582,54787,ZCTA5 24445
24448,395,41875,ZCTA5 24448
24450,17214,75704,ZCTA5 24450
24457,389,92885,ZCTA5 24457
24458,278,49063,ZCTA5 24458
24459,436,86979,ZCTA5 24459
24460,1195,39250,ZCTA5 24460
24464,262,34383,ZCTA5 24464
24465,1274,59500,ZCTA5 24465
24467,2862,103317,ZCTA5 24467
24469,0,,ZCTA5 24469
24471,1490,73903,ZCTA5 24471
24472,2068,49898,ZCTA5 24472
24473,806,89813,ZCTA5 24473
24474,455,58750,ZCTA5 24474
24476,238,,ZCTA5 24476
24477,11589,77303,ZCTA5 24477
24479,2119,74034,ZCTA5 24479
24482,5603,66582,ZCTA5 24482
24483,865,81136,ZCTA5 24483
24484,500,43000,ZCTA5 24484
24485,331,67361,ZCTA5 24485
24486,3391,76023,ZCTA5 24486
24487,389,76659,ZCTA5 24487
24501,26778,44000,ZCTA5 24501
24502,41134,62537,ZCTA5 24502
24503,20017,90363,ZCTA5 24503
24504,9498,45873,ZCTA5 24504
24515,5811,,ZCTA5 24515
24517,4802,47845,ZCTA5 24517
24520,2384,40756,ZCTA5 24520
24521,9955,64700,ZCTA5 24521
24522,9833,61207,ZCTA5 24522
24523,21132,62095,ZCTA5 24523
24526,1498,68585,ZCTA5 24526
24527,2948,61815,ZCTA5 24527
24528,3568,53410,ZCTA5 24528
24529,1334,31806,ZCTA5 24529
24530,774,33064,ZCTA5 24530
24531,9182,49087,ZCTA5 24531
24534,1565,39557,ZCTA5 24534
24536,273,156250,ZCTA5 24536
24538,4744,57135,ZCTA5 24538
24539,349,55797,ZCTA5 24539
24540,31405,44458,ZCTA5 24540
24541,28428,47587,ZCTA5 24541
24549,4337,53309,ZCTA5 24549
24550,8040,64916,ZCTA5 24550
24551,26873,88251,ZCTA5 24551
24553,1663,59490,ZCTA5 24553
24554,3699,52537,ZCTA5 24554
24555,2306,57500,ZCTA5 24555
24556,2441,86354,ZCTA5 24556
24557,7667,41688,ZCTA5 24557
24558,6133,47661,ZCTA5 24558
24562,507,,ZCTA5 24562
24563,4987,45000,ZCTA5 24563
24565,1005,43929,ZCTA5 24565
24566,1475,68875,ZCTA5 24566
24569,862,47200,ZCTA5 24569
24570,0,,ZCTA5 24570
24571,2224,40069,ZCTA5 24571
24572,15557,63125,ZCTA5 24572
24574,4228,59732,ZCTA5 24574
24577,4489,43041,ZCTA5 24577
24578,673,52857,ZCTA5 24578
24579,1111,41542,ZCTA5 24579
24580,560,53598,ZCTA5 24580
24581,0,,ZCTA5 24581
24586,4519,53592,ZCTA5 24586
24588,9265,62459,ZCTA5 24588
24589,2417,63945,ZCTA5 24589
24590,7490,83817,ZCTA5 24590
24592,13846,53036,ZCTA5 24592
24593,2460,65286,ZCTA5 24593
24594,1945,42462,ZCTA5 24594
24595,586,,ZCTA5 24595
24597,876,45262,ZCTA5 24597
24598,1232,53750,ZCTA5 24598
24599,650,39713,ZCTA5 24599
24601,0,,ZCTA5 24601
24602,935,37288,ZCTA5 24602
24603,505,32656,ZCTA5 24603
24604,247,24286,ZCTA5 24604
24605,8533,51300,ZCTA5 24605
24606,186,,ZCTA5 24606
24607,279,54250,ZCTA5 24607
24609,6613,49394,ZCTA5 24609
24612,224,25625,ZCTA5 24612
24613,564,42396,ZCTA5 24613
24614,7501,36875,ZCTA5 24614
24620,2492,34471,ZCTA5 24620
24622,513,33750,ZCTA5 24622
24630,6142,56250,ZCTA5 24630
24631,1917,47770,ZCTA5 24631
24634,273,26875,ZCTA5 24634
24635,765,39028,ZCTA5 24635
24637,3616,52378,ZCTA5 24637
24639,3788,41518,ZCTA5 24639
24641,5456,36919,ZCTA5 24641
24646,846,44356,ZCTA5 24646
24649,1706,46328,ZCTA5 24649
24651,5872,44866,ZCTA5 24651
24656,2657,55417,ZCTA5 24656
24657,297,18529,ZCTA5 24657
24701,18086,44918,ZCTA5 24701
24712,2721,59181,ZCTA5 24712
24714,275,69083,ZCTA5 24714
24715,263,57708,ZCTA5 24715
24716,96,12326,ZCTA5 24716
24719,140,,ZCTA5 24719
24724,92,20536,ZCTA5 24724
24726,546,27159,ZCTA5 24726
24729,45,40294,ZCTA5 24729
24731,21,,ZCTA5 24731
24733,251,,ZCTA5 24733
24736,670,33750,ZCTA5 24736
24737,1312,31595,ZCTA5 24737
24738,0,,ZCTA5 24738
24739,13080,54226,ZCTA5 24739
24740,16510,41911,ZCTA5 24740
24747,3240,41364,ZCTA5 24747
24801,5333,27788,ZCTA5 24801
24808,612,,ZCTA5 24808
24811,477,,ZCTA5 24811
24813,0,,ZCTA5 24813
24815,333,,ZCTA5 24815
24816,16,,ZCTA5 24816
24817,1283,,ZCTA5 24817
24818,926,31731,ZCTA5 24818
24822,1103,122576,ZCTA5 24822
24823,618,49485,ZCTA5 24823
24826,50,,ZCTA5 24826
24827,1178,51981,ZCTA5 24827
24828,783,,ZCTA5 24828
24830,49,,ZCTA5 24830
24831,579,39148,ZCTA5 24831
24834,1099,61752,ZCTA5 24834
24836,882,38875,ZCTA5 24836
24839,562,26912,ZCTA5 24839
24843,13,,ZCTA5 24843
24844,1193,24522,ZCTA5 24844
24845,626,50833,ZCTA5 24845
24846,342,,ZCTA5 24846
24847,111,,ZCTA5 24847
24848,102,25000,ZCTA5 24848
24849,293,36898,ZCTA5 24849
24850,0,,ZCTA5 24850
24851,319,40817,ZCTA5 24851
24853,498,,ZCTA5 24853
24854,980,25250,ZCTA5 24854
24855,60,,ZCTA5 24855
24857,710,,ZCTA5 24857
24860,211,,ZCTA5 24860
24861,190,32039,ZCTA5 24861
24862,464,23333,ZCTA5 24862
24866,534,45461,ZCTA5 24866
24867,80,,ZCTA5 24867
24868,1345,22167,ZCTA5 24868
24869,299,34492,ZCTA5 24869
24870,1398,43276,ZCTA5 24870
24871,518,58229,ZCTA5 24871
24872,597,31875,ZCTA5 24872
24873,401,,ZCTA5 24873
24874,2530,37209,ZCTA5 24874
24878,95,40078,ZCTA5 24878
24879,644,31154,ZCTA5 24879
24880,583,,ZCTA5 24880
24881,154,,ZCTA5 24881
24882,1133,78938,ZCTA5 24882
24884,128,58466,ZCTA5 24884
24887,0,,ZCTA5 24887
24888,27,,ZCTA5 24888
24892,1447,27455,ZCTA5 24892
24894,254,,ZCTA5 24894
24895,17,,ZCTA5 24895
24898,164,,ZCTA5 24898
24901,8982,50008,ZCTA5 24901
24910,4570,37348,ZCTA5 24910
24915,578,41513,ZCTA5 24915
24916,586,71021,ZCTA5 24916
24918,1421,55625,ZCTA5 24918
24920,377,48523,ZCTA5 24920
24924,556,36579,ZCTA5 24924
24925,528,29556,ZCTA5 24925
24927,454,20288,ZCTA5 24927
24931,1124,37500,ZCTA5 24931
24934,337,39135,ZCTA5 24934
24935,452,39208,ZCTA5 24935
24938,1653,75938,ZCTA5 24938
24941,1170,54788,ZCTA5 24941
24943,77,78942,ZCTA5 24943
24944,366,61875,ZCTA5 24944
24945,260,38938,ZCTA5 24945
24946,1021,61250,ZCTA5 24946
24951,1470,63462,ZCTA5 24951
24954,3149,38456,ZCTA5 24954
24957,536,250001,ZCTA5 24957
24962,55,,ZCTA5 24962
24963,3675,55435,ZCTA5 24963
24966,1031,56193,ZCTA5 24966
24970,3900,42609,ZCTA5 24970
24974,335,,ZCTA5 24974
24976,834,41563,ZCTA5 24976
24977,450,50265,ZCTA5 24977
24981,572,130585,ZCTA5 24981
24983,1901,41237,ZCTA5 24983
24984,129,,ZCTA5 24984
24985,314,,ZCTA5 24985
24986,4987,42312,ZCTA5 24986
24991,441,53982,ZCTA5 24991
24993,63,,ZCTA5 24993
25002,0,,ZCTA5 25002
25003,1416,56394,ZCTA5 25003
25005,332,,ZCTA5 25005
25007,555,26597,ZCTA5 25007
25008,226,,ZCTA5 25008
25009,1002,34476,ZCTA5 25009
25011,515,71250,ZCTA5 25011
25015,3472,49071,ZCTA5 25015
25019,484,32063,ZCTA5 25019
25021,290,,ZCTA5 25021
25022,170,40441,ZCTA5 25022
25024,452,,ZCTA5 25024
25025,137,,ZCTA5 25025
25028,288,45119,ZCTA5 25028
25030,338,57143,ZCTA5 25030
25031,622,35446,ZCTA5 25031
25033,1764,44688,ZCTA5 25033
25035,629,70809,ZCTA5 25035
25036,177,,ZCTA5 25036
25039,740,55000,ZCTA5 25039
25040,746,89978,ZCTA5 25040
25043,1249,,ZCTA5 25043
25044,294,63304,ZCTA5 25044
25045,4434,38750,ZCTA5 25045
25047,132,30694,ZCTA5 25047
25048,187,,ZCTA5 25048
25049,535,59300,ZCTA5 25049
25051,208,60741,ZCTA5 25051
25053,3834,62292,ZCTA5 25053
25054,283,74797,ZCTA5 25054
25057,233,2499,ZCTA5 25057
25059,537,86429,ZCTA5 25059
25060,229,,ZCTA5 25060
25061,542,53711,ZCTA5 25061
25062,107,,ZCTA5 25062
25063,1521,34261,ZCTA5 25063
25064,9316,48107,ZCTA5 25064
25067,810,52750,ZCTA5 25067
25070,1818,71974,ZCTA5 25070
25071,11491,62865,ZCTA5 25071
25075,763,25086,ZCTA5 25075
25076,88,,ZCTA5 25076
25081,1158,87747,ZCTA5 25081
25082,1565,99417,ZCTA5 25082
25083,431,29650,ZCTA5 25083
25085,602,31630,ZCTA5 25085
25086,840,48810,ZCTA5 25086
25088,165,,ZCTA5 25088
25090,190,35257,ZCTA5 25090
25093,238,,ZCTA5 25093
25102,492,80250,ZCTA5 25102
25103,258,,ZCTA5 25103
25106,429,,ZCTA5 25106
25107,369,61176,ZCTA5 25107
25108,591,80625,ZCTA5 25108
25109,807,41010,ZCTA5 25109
25110,433,53409,ZCTA5 25110
25111,320,,ZCTA5 25111
25112,123,,ZCTA5 25112
25113,404,31486,ZCTA5 25113
25114,274,14325,ZCTA5 25114
25115,68,38319,ZCTA5 25115
25118,555,,ZCTA5 25118
25119,400,,ZCTA5 25119
25121,1055,53029,ZCTA5 25121
25123,2988,50147,ZCTA5 25123
25124,1312,41348,ZCTA5 25124
25125,1181,65833,ZCTA5 25125
25126,345,38488,ZCTA5 25126
25130,3242,54648,ZCTA5 25130
25132,342,41621,ZCTA5 25132
25133,807,38750,ZCTA5 25133
25134,522,,ZCTA5 25134
25136,1787,30114,ZCTA5 25136
25139,492,122992,ZCTA5 25139
25140,1246,22790,ZCTA5 25140
25141,216,80179,ZCTA5 25141
25142,399,76602,ZCTA5 25142
25143,8870,55114,ZCTA5 25143
25148,518,82614,ZCTA5 25148
25149,136,,ZCTA5 25149
25152,498,53264,ZCTA5 25152
25154,1023,78906,ZCTA5 25154
25156,14,,ZCTA5 25156
25159,4683,54949,ZCTA5 25159
25160,511,46417,ZCTA5 25160
25161,383,26360,ZCTA5 25161
25162,423,67679,ZCTA5 25162
25164,929,53681,ZCTA5 25164
25165,865,70686,ZCTA5 25165
25168,2831,92898,ZCTA5 25168
25169,463,,ZCTA5 25169
25173,165,29516,ZCTA5 25173
25174,330,34327,ZCTA5 25174
25177,23208,57279,ZCTA5 25177
25180,261,,ZCTA5 25180
25181,1349,,ZCTA5 25181
25183,123,,ZCTA5 25183
25185,883,,ZCTA5 25185
25186,882,31953,ZCTA5 25186
25187,685,43657,ZCTA5 25187
25193,336,75893,ZCTA5 25193
25201,89,,ZCTA5 25201
25202,1295,93125,ZCTA5 25202
25203,220,,ZCTA5 25203
25204,93,46000,ZCTA5 25204
25205,190,73413,ZCTA5 25205
25206,181,23125,ZCTA5 25206
25208,780,33939,ZCTA5 25208
25209,395,45417,ZCTA5 25209
25211,141,21741,ZCTA5 25211
25213,6367,81691,ZCTA5 25213
25214,981,,ZCTA5 25214
25231,0,,ZCTA5 25231
25234,549,36146,ZCTA5 25234
25235,1430,47582,ZCTA5 25235
25239,1832,72063,ZCTA5 25239
25241,1908,73333,ZCTA5 25241
25243,578,34698,ZCTA5 25243
25244,557,60179,ZCTA5 25244
25245,575,,ZCTA5 25245
25247,551,51250,ZCTA5 25247
25248,3723,47841,ZCTA5 25248
25251,619,49436,ZCTA5 25251
25252,1085,41445,ZCTA5 25252
25253,2451,58545,ZCTA5 25253
25259,726,,ZCTA5 25259
25260,1580,50288,ZCTA5 25260
25261,128,43813,ZCTA5 25261
25262,1243,64659,ZCTA5 25262
25264,545,60039,ZCTA5 25264
25265,1676,65058,ZCTA5 25265
25266,833,53607,ZCTA5 25266
25267,702,42614,ZCTA5 25267
25268,490,32206,ZCTA5 25268
25270,959,39046,ZCTA5 25270
25271,7969,49961,ZCTA5 25271
25275,1865,62774,ZCTA5 25275
25276,7623,34637,ZCTA5 25276
25285,891,52264,ZCTA5 25285
25286,1336,56500,ZCTA5 25286
25287,1049,52458,ZCTA5 25287
25301,2456,23852,ZCTA5 25301
25302,13221,46498,ZCTA5 25302
25303,7087,69808,ZCTA5 25303
25304,8785,73229,ZCTA5 25304
25305,0,,ZCTA5 25305
25306,6183,54125,ZCTA5 25306
25309,12741,51497,ZCTA5 25309
25311,9792,46626,ZCTA5 25311
25312,10293,54858,ZCTA5 25312
25313,11758,59829,ZCTA5 25313
25314,15212,84231,ZCTA5 25314
25315,3437,48333,ZCTA5 25315
25320,4404,47128,ZCTA5 25320
25387,5172,40546,ZCTA5 25387
25401,15074,49735,ZCTA5 25401
25403,14739,74334,ZCTA5 25403
25404,22950,64737,ZCTA5 25404
25405,15322,84963,ZCTA5 25405
25411,11887,62799,ZCTA5 25411
25413,8399,75665,ZCTA5 25413
25414,20132,99187,ZCTA5 25414
25419,12235,82156,ZCTA5 25419
25420,4801,90326,ZCTA5 25420
25421,20,,ZCTA5 25421
25422,1623,35938,ZCTA5 25422
25425,13436,92513,ZCTA5 25425
25427,15946,79694,ZCTA5 25427
25428,14518,80086,ZCTA5 25428
25430,7823,82974,ZCTA5 25430
25431,430,63274,ZCTA5 25431
25432,124,51250,ZCTA5 25432
25434,3275,70536,ZCTA5 25434
25437,157,,ZCTA5 25437
25438,7227,78393,ZCTA5 25438
25442,2640,113720,ZCTA5 25442
25443,7516,103095,ZCTA5 25443
25444,324,51192,ZCTA5 25444
25446,1094,139688,ZCTA5 25446
25501,1342,54141,ZCTA5 25501
25502,848,43641,ZCTA5 25502
25503,854,40542,ZCTA5 25503
25504,13219,61650,ZCTA5 25504
25505,293,,ZCTA5 25505
25506,4482,42027,ZCTA5 25506
25507,964,32574,ZCTA5 25507
25508,8913,48372,ZCTA5 25508
25510,5418,77813,ZCTA5 25510
25511,694,29536,ZCTA5 25511
25512,1208,37810,ZCTA5 25512
25514,4101,51944,ZCTA5 25514
25515,1972,47500,ZCTA5 25515
25517,1373,38359,ZCTA5 25517
25520,1460,,ZCTA5 25520
25521,1088,60523,ZCTA5 25521
25523,2858,45691,ZCTA5 25523
25524,2344,42083,ZCTA5 25524
25526,22903,80000,ZCTA5 25526
25529,1155,59962,ZCTA5 25529
25530,6417,64763,ZCTA5 25530
25534,98,,ZCTA5 25534
25535,2687,81985,ZCTA5 25535
25537,1493,54861,ZCTA5 25537
25540,368,,ZCTA5 25540
25541,10565,52078,ZCTA5 25541
25544,108,,ZCTA5 25544
25545,4561,81964,ZCTA5 25545
25547,465,,ZCTA5 25547
25550,8647,57056,ZCTA5 25550
25555,2313,71458,ZCTA5 25555
25557,1523,41250,ZCTA5 25557
25559,1689,32375,ZCTA5 25559
25560,7949,100410,ZCTA5 25560
25564,1643,114504,ZCTA5 25564
25565,837,31429,ZCTA5 25565
25567,816,,ZCTA5 25567
25570,5485,43832,ZCTA5 25570
25571,2265,68750,ZCTA5 25571
25573,572,,ZCTA5 25573
25601,5582,44263,ZCTA5 25601
25606,712,37875,ZCTA5 25606
25607,688,28438,ZCTA5 25607
25608,637,58214,ZCTA5 25608
25611,803,,ZCTA5 25611
25612,378,,ZCTA5 25612
25617,294,,ZCTA5 25617
25621,1950,47813,ZCTA5 25621
25624,368,13643,ZCTA5 25624
25625,1296,54278,ZCTA5 25625
25628,364,28750,ZCTA5 25628
25630,446,62353,ZCTA5 25630
25632,857,28426,ZCTA5 25632
25634,1286,32470,ZCTA5 25634
25635,1531,80000,ZCTA5 25635
25637,1196,47059,ZCTA5 25637
25638,519,,ZCTA5 25638
25639,473,36875,ZCTA5 25639
25644,594,,ZCTA5 25644
25646,1235,29773,ZCTA5 25646
25647,211,40366,ZCTA5 25647
25649,1295,51037,ZCTA5 25649
25650,99,,ZCTA5 25650
25651,653,19798,ZCTA5 25651
25652,1257,36591,ZCTA5 25652
25653,181,36343,ZCTA5 25653
25654,263,,ZCTA5 25654
25661,4776,33634,ZCTA5 25661
25666,198,75110,ZCTA5 25666
25667,641,,ZCTA5 25667
25669,925,,ZCTA5 25669
25670,3325,42230,ZCTA5 25670
25671,1940,36250,ZCTA5 25671
25672,376,24659,ZCTA5 25672
25674,1996,26627,ZCTA5 25674
25676,972,35960,ZCTA5 25676
25678,1339,40395,ZCTA5 25678
25685,729,58571,ZCTA5 25685
25688,235,,ZCTA5 25688
25690,995,61602,ZCTA5 25690
25692,1379,23682,ZCTA5 25692
25696,1382,42196,ZCTA5 25696
25699,41,,ZCTA5 25699
25701,21862,47557,ZCTA5 25701
25702,7110,31635,ZCTA5 25702
25703,5065,20352,ZCTA5 25703
25704,14756,47254,ZCTA5 25704
25705,20621,56928,ZCTA5 25705
25755,1440,,ZCTA5 25755
25801,31056,46612,ZCTA5 25801
25810,0,,ZCTA5 25810
25811,0,,ZCTA5 25811
25812,1444,51250,ZCTA5 25812
25813,7712,56169,ZCTA5 25813
25817,301,65408,ZCTA5 25817
25818,318,,ZCTA5 25818
25820,527,46994,ZCTA5 25820
25823,445,,ZCTA5 25823
25825,2538,56924,ZCTA5 25825
25826,301,,ZCTA5 25826
25827,1851,58243,ZCTA5 25827
25831,1283,42596,ZCTA5 25831
25832,4322,81544,ZCTA5 25832
25836,1262,,ZCTA5 25836
25837,340,,ZCTA5 25837
25839,511,,ZCTA5 25839
25840,7590,62872,ZCTA5 25840
25841,716,76750,ZCTA5 25841
25843,844,84348,ZCTA5 25843
25844,756,90250,ZCTA5 25844
25845,503,13365,ZCTA5 25845
25846,73,,ZCTA5 25846
25848,257,36602,ZCTA5 25848
25849,194,,ZCTA5 25849
25851,0,,ZCTA5 25851
25853,75,,ZCTA5 25853
25854,959,57863,ZCTA5 25854
25855,361,28348,ZCTA5 25855
25857,27,,ZCTA5 25857
25862,225,73698,ZCTA5 25862
25864,126,,ZCTA5 25864
25865,1372,37422,ZCTA5 25865
25866,356,54130,ZCTA5 25866
25868,422,50556,ZCTA5 25868
25870,63,,ZCTA5 25870
25871,999,43304,ZCTA5 25871
25873,602,33517,ZCTA5 25873
25875,966,88047,ZCTA5 25875
25876,69,,ZCTA5 25876
25878,945,,ZCTA5 25878
25879,242,58486,ZCTA5 25879
25880,5538,39010,ZCTA5 25880
25882,2370,68636,ZCTA5 25882
25901,10272,47582,ZCTA5 25901
25902,211,,ZCTA5 25902
25904,486,45156,ZCTA5 25904
25907,208,65625,ZCTA5 25907
25908,0,,ZCTA5 25908
25909,871,52381,ZCTA5 25909
25911,216,39276,ZCTA5 25911
25913,188,,ZCTA5 25913
25915,214,45444,ZCTA5 25915
25916,211,,ZCTA5 25916
25917,1336,58243,ZCTA5 25917
25918,4864,63147,ZCTA5 25918
25920,502,110969,ZCTA5 25920
25921,3205,33488,ZCTA5 25921
25922,131,,ZCTA5 25922
25928,330,21364,ZCTA5 25928
25932,384,82875,ZCTA5 25932
25936,4,,ZCTA5 25936
25938,1515,70893,ZCTA5 25938
25942,72,,ZCTA5 25942
25943,0,,ZCTA5 25943
25951,5223,35961,ZCTA5 25951
25958,836,,ZCTA5 25958
25962,3682,42745,ZCTA5 25962
25966,51,79286,ZCTA5 25966
25969,1517,58906,ZCTA5 25969
25971,1586,69089,ZCTA5 25971
25972,120,36515,ZCTA5 25972
25976,2339,43198,ZCTA5 25976
25977,0,,ZCTA5 25977
25978,517,70875,ZCTA5 25978
25979,669,35333,ZCTA5 25979
25981,729,35690,ZCTA5 25981
25984,1868,26481,ZCTA5 25984
25985,486,35938,ZCTA5 25985
25986,321,69286,ZCTA5 25986
25989,342,,ZCTA5 25989
26003,40714,56662,ZCTA5 26003
26030,627,28958,ZCTA5 26030
26031,1662,42132,ZCTA5 26031
26032,1193,46250,ZCTA5 26032
26033,1582,55214,ZCTA5 26033
26034,4316,53760,ZCTA5 26034
26035,1685,59293,ZCTA5 26035
26036,586,157813,ZCTA5 26036
26037,5917,51452,ZCTA5 26037
26038,3328,80083,ZCTA5 26038
26039,363,,ZCTA5 26039
26040,1889,53000,ZCTA5 26040
26041,15659,54578,ZCTA5 26041
26047,5706,55680,ZCTA5 26047
26050,1254,26133,ZCTA5 26050
26055,1096,,ZCTA5 26055
26056,333,74135,ZCTA5 26056
26058,175,,ZCTA5 26058
26059,2580,63191,ZCTA5 26059
26060,1991,73603,ZCTA5 26060
26062,21142,58233,ZCTA5 26062
26070,8218,49908,ZCTA5 26070
26074,1602,42500,ZCTA5 26074
26075,652,48750,ZCTA5 26075
26101,28751,43134,ZCTA5 26101
26104,16011,47604,ZCTA5 26104
26105,12332,63011,ZCTA5 26105
26133,1263,72798,ZCTA5 26133
26134,668,47381,ZCTA5 26134
26136,338,47604,ZCTA5 26136
26137,924,24615,ZCTA5 26137
26138,109,,ZCTA5 26138
26141,468,41905,ZCTA5 26141
26142,2335,67417,ZCTA5 26142
26143,3782,56429,ZCTA5 26143
26146,752,67313,ZCTA5 26146
26147,1696,43047,ZCTA5 26147
26148,242,,ZCTA5 26148
26149,2138,70524,ZCTA5 26149
26150,5945,65550,ZCTA5 26150
26151,475,32632,ZCTA5 26151
26152,12,,ZCTA5 26152
26155,7833,53598,ZCTA5 26155
26159,2723,55179,ZCTA5 26159
26160,943,51875,ZCTA5 26160
26161,526,54375,ZCTA5 26161
26162,0,,ZCTA5 26162
26164,7481,51776,ZCTA5 26164
26167,572,40625,ZCTA5 26167
26169,837,53250,ZCTA5 26169
26170,6610,59131,ZCTA5 26170
26175,3216,56514,ZCTA5 26175
26178,198,37132,ZCTA5 26178
26180,1993,63553,ZCTA5 26180
26181,6658,80959,ZCTA5 26181
26184,2471,64167,ZCTA5 26184
26187,5894,75266,ZCTA5 26187
26201,19662,49962,ZCTA5 26201
26202,389,38403,ZCTA5 26202
26203,541,23621,ZCTA5 26203
26205,2970,36667,ZCTA5 26205
26206,2845,48625,ZCTA5 26206
26208,797,48295,ZCTA5 26208
26209,122,,ZCTA5 26209
26210,0,,ZCTA5 26210
26215,117,,ZCTA5 26215
26217,331,,ZCTA5 26217
26218,2815,55795,ZCTA5 26218
26222,157,41964,ZCTA5 26222
26224,171,31792,ZCTA5 26224
26228,0,,ZCTA5 26228
26230,86,,ZCTA5 26230
26234,982,32024,ZCTA5 26234
26236,13,,ZCTA5 26236
26237,438,78043,ZCTA5 26237
26238,1054,42720,ZCTA5 26238
26241,14012,48450,ZCTA5 26241
26250,5752,45191,ZCTA5 26250
26253,3302,57429,ZCTA5 26253
26254,87,68750,ZCTA5 26254
26257,668,52198,ZCTA5 26257
26259,73,60729,ZCTA5 26259
26260,1471,59973,ZCTA5 26260
26261,3088,31788,ZCTA5 26261
26263,229,48750,ZCTA5 26263
26264,739,44208,ZCTA5 26264
26266,376,,ZCTA5 26266
26267,716,55603,ZCTA5 26267
26268,0,,ZCTA5 26268
26269,945,61563,ZCTA5 26269
26270,592,58661,ZCTA5 26270
26271,332,31875,ZCTA5 26271
26273,2293,36406,ZCTA5 26273
26275,571,37500,ZCTA5 26275
26276,858,57561,ZCTA5 26276
26278,699,62951,ZCTA5 26278
26280,1384,51250,ZCTA5 26280
26282,211,,ZCTA5 26282
26283,1432,44891,ZCTA5 26283
26285,215,,ZCTA5 26285
26287,2948,53021,ZCTA5 26287
26288,3024,37500,ZCTA5 26288
26289,18,,ZCTA5 26289
26291,47,,ZCTA5 26291
26292,710,53500,ZCTA5 26292
26293,614,128355,ZCTA5 26293
26294,415,42125,ZCTA5 26294
26296,93,,ZCTA5 26296
26298,93,60104,ZCTA5 26298
26301,28736,48496,ZCTA5 26301
26320,774,62216,ZCTA5 26320
26321,211,31500,ZCTA5 26321
26323,452,27679,ZCTA5 26323
26325,206,37222,ZCTA5 26325
26327,55,,ZCTA5 26327
26330,15252,87705,ZCTA5 26330
26335,1249,61923,ZCTA5 26335
26337,1017,49063,ZCTA5 26337
26338,776,95179,ZCTA5 26338
26339,116,,ZCTA5 26339
26342,533,68148,ZCTA5 26342
26343,366,40588,ZCTA5 26343
26346,662,61058,ZCTA5 26346
26347,2309,42159,ZCTA5 26347
26348,339,,ZCTA5 26348
26349,211,51786,ZCTA5 26349
26351,2963,50444,ZCTA5 26351
26354,10130,48750,ZCTA5 26354
26361,23,,ZCTA5 26361
26362,2856,43017,ZCTA5 26362
26366,82,,ZCTA5 26366
26369,582,,ZCTA5 26369
26372,687,104375,ZCTA5 26372
26374,1884,51932,ZCTA5 26374
26376,424,40909,ZCTA5 26376
26377,627,48235,ZCTA5 26377
26378,4595,70326,ZCTA5 26378
26384,485,66917,ZCTA5 26384
26385,2883,67969,ZCTA5 26385
26386,2738,57360,ZCTA5 26386
26404,109,13915,ZCTA5 26404
26405,1220,54821,ZCTA5 26405
26408,2636,73802,ZCTA5 26408
26410,636,61000,ZCTA5 26410
26411,817,45900,ZCTA5 26411
26412,501,83320,ZCTA5 26412
26415,3602,62905,ZCTA5 26415
26416,6912,44042,ZCTA5 26416
26419,527,58750,ZCTA5 26419
26421,184,48092,ZCTA5 26421
26422,324,69803,ZCTA5 26422
26424,141,29200,ZCTA5 26424
26425,854,46029,ZCTA5 26425
26426,7698,51052,ZCTA5 26426
26430,1714,,ZCTA5 26430
26431,5501,48450,ZCTA5 26431
26435,89,,ZCTA5 26435
26436,101,32670,ZCTA5 26436
26437,654,,ZCTA5 26437
26438,79,,ZCTA5 26438
26440,1119,57500,ZCTA5 26440
26443,364,86250,ZCTA5 26443
26444,3501,51940,ZCTA5 26444
26447,1174,46042,ZCTA5 26447
26448,1296,43929,ZCTA5 26448
26451,501,59297,ZCTA5 26451
26452,9447,42592,ZCTA5 26452
26456,3156,58875,ZCTA5 26456
26463,230,36953,ZCTA5 26463
26501,19219,61837,ZCTA5 26501
26505,38056,41817,ZCTA5 26505
26506,1452,,ZCTA5 26506
26508,38427,79650,ZCTA5 26508
26519,1933,52083,ZCTA5 26519
26520,492,,ZCTA5 26520
26521,124,,ZCTA5 26521
26524,175,,ZCTA5 26524
26525,8079,90394,ZCTA5 26525
26534,937,28389,ZCTA5 26534
26537,5509,58043,ZCTA5 26537
26541,3761,82877,ZCTA5 26541
26542,2039,54924,ZCTA5 26542
26543,44,,ZCTA5 26543
26544,21,,ZCTA5 26544
26546,212,,ZCTA5 26546
26547,2849,62795,ZCTA5 26547
26554,41983,59875,ZCTA5 26554
26559,1541,67391,ZCTA5 26559
26560,150,,ZCTA5 26560
26562,599,,ZCTA5 26562
26563,237,,ZCTA5 26563
26568,681,56667,ZCTA5 26568
26570,3233,60531,ZCTA5 26570
26571,1483,60595,ZCTA5 26571
26572,545,44107,ZCTA5 26572
26574,439,50982,ZCTA5 26574
26575,667,37455,ZCTA5 26575
26576,737,94084,ZCTA5 26576
26581,979,56007,ZCTA5 26581
26582,3770,55747,ZCTA5 26582
26585,755,64917,ZCTA5 26585
26586,53,,ZCTA5 26586
26587,268,73875,ZCTA5 26587
26588,3032,59458,ZCTA5 26588
26590,508,93191,ZCTA5 26590
26591,1924,75179,ZCTA5 26591
26601,3592,46875,ZCTA5 26601
26610,576,44706,ZCTA5 26610
26611,155,,ZCTA5 26611
26615,106,13607,ZCTA5 26615
26617,168,31367,ZCTA5 26617
26619,476,33036,ZCTA5 26619
26621,964,40481,ZCTA5 26621
26623,1428,53007,ZCTA5 26623
26624,2423,43167,ZCTA5 26624
26627,445,,ZCTA5 26627
26629,430,45200,ZCTA5 26629
26631,190,,ZCTA5 26631
26636,283,34464,ZCTA5 26636
26638,300,88043,ZCTA5 26638
26651,9870,60435,ZCTA5 26651
26656,311,60952,ZCTA5 26656
26660,421,84650,ZCTA5 26660
26662,464,,ZCTA5 26662
26667,28,100714,ZCTA5 26667
26671,337,28607,ZCTA5 26671
26676,305,73918,ZCTA5 26676
26678,1494,75659,ZCTA5 26678
26679,1237,45559,ZCTA5 26679
26680,527,43607,ZCTA5 26680
26681,1137,35391,ZCTA5 26681
26684,411,92974,ZCTA5 26684
26690,929,,ZCTA5 26690
26691,816,78065,ZCTA5 26691
26704,5031,70455,ZCTA5 26704
26705,620,52721,ZCTA5 26705
26707,263,26250,ZCTA5 26707
26710,2518,72500,ZCTA5 26710
26711,2728,90070,ZCTA5 26711
26714,397,,ZCTA5 26714
26716,957,69167,ZCTA5 26716
26717,1430,58846,ZCTA5 26717
26719,2030,49698,ZCTA5 26719
26720,170,,ZCTA5 26720
26722,305,28667,ZCTA5 26722
26726,12541,67139,ZCTA5 26726
26731,312,,ZCTA5 26731
26739,767,58300,ZCTA5 26739
26743,1833,62917,ZCTA5 26743
26750,1007,46250,ZCTA5 26750
26753,5751,72375,ZCTA5 26753
26755,592,56964,ZCTA5 26755
26757,7133,38894,ZCTA5 26757
26761,652,25112,ZCTA5 26761
26763,1445,61875,ZCTA5 26763
26764,4594,55821,ZCTA5 26764
26767,534,97768,ZCTA5 26767
26801,1101,46875,ZCTA5 26801
26802,869,38333,ZCTA5 26802
26804,536,38598,ZCTA5 26804
26807,2235,48875,ZCTA5 26807
26808,630,,ZCTA5 26808
26810,580,,ZCTA5 26810
26812,1801,46594,ZCTA5 26812
26814,415,70880,ZCTA5 26814
26815,622,50938,ZCTA5 26815
26817,1041,115363,ZCTA5 26817
26818,1342,43523,ZCTA5 26818
26823,28,,ZCTA5 26823
26833,2181,51125,ZCTA5 26833
26836,6220,50068,ZCTA5 26836
26838,95,,ZCTA5 26838
26845,821,,ZCTA5 26845
26847,5757,51898,ZCTA5 26847
26851,1472,58281,ZCTA5 26851
26852,803,54767,ZCTA5 26852
26855,615,61346,ZCTA5 26855
26865,376,,ZCTA5 26865
26866,896,77969,ZCTA5 26866
26884,287,57411,ZCTA5 26884
26886,175,54875,ZCTA5 26886
27006,15825,90711,ZCTA5 27006
27007,2187,85739,ZCTA5 27007
27009,3486,95855,ZCTA5 27009
27011,4853,58198,ZCTA5 27011
27012,28173,91003,ZCTA5 27012
27013,6740,60769,ZCTA5 27013
27014,803,52250,ZCTA5 27014
27016,1759,50524,ZCTA5 27016
27017,9271,60602,ZCTA5 27017
27018,7701,64543,ZCTA5 27018
27019,3391,51596,ZCTA5 27019
27020,5747,48356,ZCTA5 27020
27021,16678,59316,ZCTA5 27021
27022,1081,34881,ZCTA5 27022
27023,13651,90066,ZCTA5 27023
27024,2243,59083,ZCTA5 27024
27025,12000,51712,ZCTA5 27025
27027,4209,43768,ZCTA5 27027
27028,26025,58298,ZCTA5 27028
27030,37035,44653,ZCTA5 27030
27040,12778,92441,ZCTA5 27040
27041,7475,60166,ZCTA5 27041
27042,177,98000,ZCTA5 27042
27043,7224,71042,ZCTA5 27043
27045,9906,65670,ZCTA5 27045
27046,2295,54259,ZCTA5 27046
27047,1307,71250,ZCTA5 27047
27048,8324,57395,ZCTA5 27048
27050,3803,84016,ZCTA5 27050
27051,8031,58902,ZCTA5 27051
27052,10726,55324,ZCTA5 27052
27053,3025,63141,ZCTA5 27053
27054,2017,92823,ZCTA5 27054
27055,14997,61921,ZCTA5 27055
27101,20831,44798,ZCTA5 27101
27103,34970,59073,ZCTA5 27103
27104,30256,75592,ZCTA5 27104
27105,41043,34873,ZCTA5 27105
27106,48823,63308,ZCTA5 27106
27107,50384,54176,ZCTA5 27107
27109,2547,,ZCTA5 27109
27110,2421,,ZCTA5 27110
27127,41958,60235,ZCTA5 27127
27201,121,52708,ZCTA5 27201
27202,110,,ZCTA5 27202
27203,21982,43879,ZCTA5 27203
27205,35933,61286,ZCTA5 27205
27207,3726,65526,ZCTA5 27207
27208,1615,55729,ZCTA5 27208
27209,4521,49271,ZCTA5 27209
27212,2084,88125,ZCTA5 27212
27213,60,,ZCTA5 27213
27214,13510,71250,ZCTA5 27214
27215,45982,63844,ZCTA5 27215
27217,40036,50450,ZCTA5 27217
27229,3174,46150,ZCTA5 27229
27231,2221,70625,ZCTA5 27231
27233,3068,74934,ZCTA5 27233
27235,5068,105424,ZCTA5 27235
27239,7681,58063,ZCTA5 27239
27242,1271,29327,ZCTA5 27242
27243,5121,84358,ZCTA5 27243
27244,16092,65747,ZCTA5 27244
27247,228,,ZCTA5 27247
27248,4211,55114,ZCTA5 27248
27249,12643,77153,ZCTA5 27249
27252,1485,37356,ZCTA5 27252
27253,31282,56842,ZCTA5 27253
27256,58,,ZCTA5 27256
27258,7319,70893,ZCTA5 27258
27259,114,63846,ZCTA5 27259
27260,24878,38482,ZCTA5 27260
27262,25652,58104,ZCTA5 27262
27263,21597,51423,ZCTA5 27263
27265,50977,68621,ZCTA5 27265
27268,995,,ZCTA5 27268
27278,28048,94525,ZCTA5 27278
27281,3271,73974,ZCTA5 27281
27282,15365,85388,ZCTA5 27282
27283,3285,74383,ZCTA5 27283
27284,56773,75707,ZCTA5 27284
27288,23604,49219,ZCTA5 27288
27291,1115,83958,ZCTA5 27291
27292,40338,49809,ZCTA5 27292
27295,38895,59526,ZCTA5 27295
27298,11154,58936,ZCTA5 27298
27299,5260,73333,ZCTA5 27299
27301,10148,77316,ZCTA5 27301
27302,34394,77308,ZCTA5 27302
27305,1774,47917,ZCTA5 27305
27306,5501,57841,ZCTA5 27306
27310,8571,154750,ZCTA5 27310
27311,3766,35216,ZCTA5 27311
27312,22972,95064,ZCTA5 27312
27313,6784,77500,ZCTA5 27313
27314,642,54609,ZCTA5 27314
27315,1590,59904,ZCTA5 27315
27316,7270,49369,ZCTA5 27316
27317,18092,58285,ZCTA5 27317
27320,37213,50070,ZCTA5 27320
27325,7281,48834,ZCTA5 27325
27326,3433,63182,ZCTA5 27326
27330,40657,58279,ZCTA5 27330
27332,33892,71554,ZCTA5 27332
27340,40,,ZCTA5 27340
27341,4128,53632,ZCTA5 27341
27342,111,108533,ZCTA5 27342
27343,1510,91597,ZCTA5 27343
27344,18894,60133,ZCTA5 27344
27349,6347,67545,ZCTA5 27349
27350,5603,56113,ZCTA5 27350
27351,222,,ZCTA5 27351
27355,2709,60826,ZCTA5 27355
27356,3020,56117,ZCTA5 27356
27357,9384,72488,ZCTA5 27357
27358,15472,118893,ZCTA5 27358
27360,47432,56383,ZCTA5 27360
27370,14951,69065,ZCTA5 27370
27371,7628,61075,ZCTA5 27371
27374,260,,ZCTA5 27374
27376,8915,74354,ZCTA5 27376
27377,9854,84977,ZCTA5 27377
27379,4570,43438,ZCTA5 27379
27401,21253,43092,ZCTA5 27401
27403,19553,53023,ZCTA5 27403
27405,51962,42497,ZCTA5 27405
27406,64386,53222,ZCTA5 27406
27407,54257,56198,ZCTA5 27407
27408,16399,81460,ZCTA5 27408
27409,17070,56432,ZCTA5 27409
27410,54951,80271,ZCTA5 27410
27411,1697,,ZCTA5 27411
27412,3101,,ZCTA5 27412
27455,29259,90778,ZCTA5 27455
27501,22339,71476,ZCTA5 27501
27502,47943,130683,ZCTA5 27502
27503,6030,81660,ZCTA5 27503
27504,15057,63430,ZCTA5 27504
27505,7541,70570,ZCTA5 27505
27506,990,,ZCTA5 27506
27507,1935,85327,ZCTA5 27507
27508,2409,49798,ZCTA5 27508
27509,7196,67859,ZCTA5 27509
27510,14131,61089,ZCTA5 27510
27511,32880,98474,ZCTA5 27511
27513,47195,116669,ZCTA5 27513
27514,32149,97511,ZCTA5 27514
27516,44697,94354,ZCTA5 27516
27517,27761,117757,ZCTA5 27517
27518,19102,117647,ZCTA5 27518
27519,66046,154632,ZCTA5 27519
27520,46059,82694,ZCTA5 27520
27521,6909,49644,ZCTA5 27521
27522,12308,71477,ZCTA5 27522
27523,16802,122158,ZCTA5 27523
27524,13976,68549,ZCTA5 27524
27525,15124,66142,ZCTA5 27525
27526,56866,90325,ZCTA5 27526
27527,34321,107666,ZCTA5 27527
27529,53223,80021,ZCTA5 27529
27530,37447,52466,ZCTA5 27530
27531,642,,ZCTA5 27531
27533,216,,ZCTA5 27533
27534,30742,56745,ZCTA5 27534
27536,15383,39028,ZCTA5 27536
27537,23698,52709,ZCTA5 27537
27539,27212,132122,ZCTA5 27539
27540,44843,121108,ZCTA5 27540
27541,3522,72345,ZCTA5 27541
27542,9610,58966,ZCTA5 27542
27544,4319,70666,ZCTA5 27544
27545,32684,81507,ZCTA5 27545
27546,20534,57043,ZCTA5 27546
27549,25193,61581,ZCTA5 27549
27551,1962,74833,ZCTA5 27551
27553,1613,29857,ZCTA5 27553
27555,477,45000,ZCTA5 27555
27556,225,,ZCTA5 27556
27557,8498,60577,ZCTA5 27557
27559,2199,56709,ZCTA5 27559
27560,38567,110458,ZCTA5 27560
27562,4345,155406,ZCTA5 27562
27563,5689,40000,ZCTA5 27563
27565,25938,57169,ZCTA5 27565
27568,1509,65625,ZCTA5 27568
27569,8963,63843,ZCTA5 27569
27570,0,,ZCTA5 27570
27571,8492,122464,ZCTA5 27571
27572,6857,94129,ZCTA5 27572
27573,11664,45057,ZCTA5 27573
27574,14693,60244,ZCTA5 27574
27576,20011,52228,ZCTA5 27576
27577,26778,57281,ZCTA5 27577
27581,3774,67500,ZCTA5 27581
27582,358,48929,ZCTA5 27582
27583,6935,72822,ZCTA5 27583
27584,173,2499,ZCTA5 27584
27587,78666,116593,ZCTA5 27587
27589,6412,37566,ZCTA5 27589
27591,25877,79360,ZCTA5 27591
27592,19011,89219,ZCTA5 27592
27593,0,,ZCTA5 27593
27594,80,,ZCTA5 27594
27596,18806,91735,ZCTA5 27596
27597,27962,77283,ZCTA5 27597
27599,0,,ZCTA5 27599
27601,10801,63218,ZCTA5 27601
27603,53535,84569,ZCTA5 27603
27604,43924,73698,ZCTA5 27604
27605,6085,62126,ZCTA5 27605
27606,45546,71701,ZCTA5 27606
27607,26026,89179,ZCTA5 27607
27608,12069,148261,ZCTA5 27608
27609,35038,78118,ZCTA5 27609
27610,81219,62900,ZCTA5 27610
27612,39546,94710,ZCTA5 27612
27613,44575,119278,ZCTA5 27613
27614,33609,125727,ZCTA5 27614
27615,46182,102643,ZCTA5 27615
27616,57599,77566,ZCTA5 27616
27617,19202,102207,ZCTA5 27617
27695,2164,,ZCTA5 27695
27697,0,,ZCTA5 27697
27701,24380,61475,ZCTA5 27701
27703,60483,82056,ZCTA5 27703
27704,41966,59237,ZCTA5 27704
27705,46880,65935,ZCTA5 27705
27707,50696,69579,ZCTA5 27707
27708,3209,,ZCTA5 27708
27709,0,,ZCTA5 27709
27712,23150,85216,ZCTA5 27712
27713,57157,89941,ZCTA5 27713
27801,19356,42488,ZCTA5 27801
27803,18991,55898,ZCTA5 27803
27804,29646,54604,ZCTA5 27804
27805,3321,47134,ZCTA5 27805
27806,2248,45500,ZCTA5 27806
27807,6137,59872,ZCTA5 27807
27808,2208,95568,ZCTA5 27808
27809,4209,66912,ZCTA5 27809
27810,3736,41184,ZCTA5 27810
27812,2232,50036,ZCTA5 27812
27813,735,52868,ZCTA5 27813
27814,1685,81406,ZCTA5 27814
27815,0,,ZCTA5 27815
27816,3199,31702,ZCTA5 27816
27817,7285,64010,ZCTA5 27817
27818,1189,52539,ZCTA5 27818
27819,671,36835,ZCTA5 27819
27820,2276,52932,ZCTA5 27820
27821,40,88472,ZCTA5 27821
27822,7870,58594,ZCTA5 27822
27823,6786,31857,ZCTA5 27823
27824,1445,29844,ZCTA5 27824
27825,85,40000,ZCTA5 27825
27826,1116,44750,ZCTA5 27826
27827,122,88504,ZCTA5 27827
27828,8978,52625,ZCTA5 27828
27829,1387,55304,ZCTA5 27829
27830,3867,46747,ZCTA5 27830
27831,2522,29940,ZCTA5 27831
27832,2505,47580,ZCTA5 27832
27834,54547,44515,ZCTA5 27834
27837,5931,70735,ZCTA5 27837
27839,3807,44214,ZCTA5 27839
27840,231,24612,ZCTA5 27840
27841,26,18229,ZCTA5 27841
27842,1503,79896,ZCTA5 27842
27843,1011,42344,ZCTA5 27843
27844,3156,37731,ZCTA5 27844
27845,2477,45341,ZCTA5 27845
27846,2726,41870,ZCTA5 27846
27847,1140,28750,ZCTA5 27847
27849,1150,42524,ZCTA5 27849
27850,7015,55750,ZCTA5 27850
27851,5250,51707,ZCTA5 27851
27852,2443,54145,ZCTA5 27852
27853,659,,ZCTA5 27853
27855,5608,44398,ZCTA5 27855
27856,16826,63180,ZCTA5 27856
27857,1096,53125,ZCTA5 27857
27858,57075,56533,ZCTA5 27858
27860,1311,66042,ZCTA5 27860
27861,101,26750,ZCTA5 27861
27862,577,65500,ZCTA5 27862
27863,13545,75142,ZCTA5 27863
27864,4524,58182,ZCTA5 27864
27865,2479,71843,ZCTA5 27865
27866,862,88621,ZCTA5 27866
27869,1774,40929,ZCTA5 27869
27870,25279,44416,ZCTA5 27870
27871,3606,44127,ZCTA5 27871
27872,471,33229,ZCTA5 27872
27873,277,30288,ZCTA5 27873
27874,3168,31629,ZCTA5 27874
27875,164,21250,ZCTA5 27875
27876,1058,46448,ZCTA5 27876
27877,12,,ZCTA5 27877
27878,962,29972,ZCTA5 27878
27879,244,32083,ZCTA5 27879
27880,3969,81329,ZCTA5 27880
27881,16,,ZCTA5 27881
27882,8193,52500,ZCTA5 27882
27883,3751,56141,ZCTA5 27883
27884,1541,58614,ZCTA5 27884
27885,734,49333,ZCTA5 27885
27886,18341,47766,ZCTA5 27886
27888,1814,48194,ZCTA5 27888
27889,24515,49382,ZCTA5 27889
27890,2341,31063,ZCTA5 27890
27891,4812,57979,ZCTA5 27891
27892,13960,46425,ZCTA5 27892
27893,38929,37737,ZCTA5 27893
27896,19467,64320,ZCTA5 27896
27897,1303,53021,ZCTA5 27897
27909,40490,61499,ZCTA5 27909
27910,10971,42849,ZCTA5 27910
27915,370,33750,ZCTA5 27915
27916,884,73670,ZCTA5 27916
27917,720,,ZCTA5 27917
27919,785,56088,ZCTA5 27919
27920,1477,87344,ZCTA5 27920
27921,4696,73864,ZCTA5 27921
27922,838,46583,ZCTA5 27922
27923,572,61186,ZCTA5 27923
27924,2401,38864,ZCTA5 27924
27925,3117,51552,ZCTA5 27925
27926,2027,46653,ZCTA5 27926
27927,1279,85962,ZCTA5 27927
27928,1865,58750,ZCTA5 27928
27929,3403,114775,ZCTA5 27929
27932,12881,49814,ZCTA5 27932
27935,1667,63750,ZCTA5 27935
27936,659,65368,ZCTA5 27936
27937,3050,57500,ZCTA5 27937
27938,1764,58281,ZCTA5 27938
27939,2407,70465,ZCTA5 27939
27941,493,38224,ZCTA5 27941
27942,684,31875,ZCTA5 27942
27943,458,47067,ZCTA5 27943
27944,11204,59594,ZCTA5 27944
27946,1155,63611,ZCTA5 27946
27947,1183,83571,ZCTA5 27947
27948,12579,78517,ZCTA5 27948
27949,7874,103429,ZCTA5 27949
27950,1819,82500,ZCTA5 27950
27953,774,50302,ZCTA5 27953
27954,6937,75877,ZCTA5 27954
27956,174,,ZCTA5 27956
27957,1342,36250,ZCTA5 27957
27958,12612,102229,ZCTA5 27958
27959,3158,87560,ZCTA5 27959
27960,715,65672,ZCTA5 27960
27962,6959,37161,ZCTA5 27962
27964,673,63771,ZCTA5 27964
27965,354,76250,ZCTA5 27965
27966,1165,74671,ZCTA5 27966
27967,404,24885,ZCTA5 27967
27968,184,,ZCTA5 27968
27969,286,61740,ZCTA5 27969
27970,2799,32905,ZCTA5 27970
27972,210,61648,ZCTA5 27972
27973,1266,68214,ZCTA5 27973
27974,1097,82011,ZCTA5 27974
27976,4330,88125,ZCTA5 27976
27978,341,46532,ZCTA5 27978
27979,681,54554,ZCTA5 27979
27980,1572,72528,ZCTA5 27980
27981,2009,71484,ZCTA5 27981
27982,130,,ZCTA5 27982
27983,8227,42352,ZCTA5 27983
27985,325,52250,ZCTA5 27985
27986,1875,46196,ZCTA5 27986
28001,25949,54284,ZCTA5 28001
28006,1206,48171,ZCTA5 28006
28007,913,54375,ZCTA5 28007
28009,1216,42708,ZCTA5 28009
28012,26027,81045,ZCTA5 28012
28016,13234,51341,ZCTA5 28016
28017,483,,ZCTA5 28017
28018,4516,55188,ZCTA5 28018
28019,0,,ZCTA5 28019
28020,2450,36958,ZCTA5 28020
28021,13702,53377,ZCTA5 28021
28023,15703,57670,ZCTA5 28023
28024,24,,ZCTA5 28024
28025,57384,70595,ZCTA5 28025
28027,79079,87934,ZCTA5 28027
28031,30324,111823,ZCTA5 28031
28032,2925,75026,ZCTA5 28032
28033,2738,56525,ZCTA5 28033
28034,19063,57496,ZCTA5 28034
28036,21492,133676,ZCTA5 28036
28037,24834,110932,ZCTA5 28037
28039,21,,ZCTA5 28039
28040,7061,55634,ZCTA5 28040
28041,2,,ZCTA5 28041
28042,337,,ZCTA5 28042
28043,21264,43770,ZCTA5 28043
28052,35894,44448,ZCTA5 28052
28054,40345,55892,ZCTA5 28054
28056,35493,86118,ZCTA5 28056
28071,2996,72900,ZCTA5 28071
28072,662,54033,ZCTA5 28072
28073,6588,48766,ZCTA5 28073
28074,0,,ZCTA5 28074
28075,21914,132829,ZCTA5 28075
28076,152,,ZCTA5 28076
28077,389,27724,ZCTA5 28077
28078,68639,112278,ZCTA5 28078
28079,40539,94991,ZCTA5 28079
28080,7830,76801,ZCTA5 28080
28081,27527,64180,ZCTA5 28081
28083,25746,57054,ZCTA5 28083
28086,28652,59020,ZCTA5 28086
28088,3094,57143,ZCTA5 28088
28089,142,66250,ZCTA5 28089
28090,7998,48275,ZCTA5 28090
28091,1887,45972,ZCTA5 28091
28092,41002,59979,ZCTA5 28092
28097,7162,56000,ZCTA5 28097
28098,3573,58281,ZCTA5 28098
28101,1048,94792,ZCTA5 28101
28102,111,58250,ZCTA5 28102
28103,10499,69167,ZCTA5 28103
28104,35285,127304,ZCTA5 28104
28105,44899,100845,ZCTA5 28105
28107,9353,103943,ZCTA5 28107
28108,27,,ZCTA5 28108
28109,641,28835,ZCTA5 28109
28110,54577,81495,ZCTA5 28110
28112,27845,64981,ZCTA5 28112
28114,7796,56034,ZCTA5 28114
28115,41386,80837,ZCTA5 28115
28117,47574,104449,ZCTA5 28117
28119,2253,47780,ZCTA5 28119
28120,23418,71996,ZCTA5 28120
28124,6362,75288,ZCTA5 28124
28125,2643,76798,ZCTA5 28125
28127,7257,75945,ZCTA5 28127
28128,7602,62093,ZCTA5 28128
28129,5690,72365,ZCTA5 28129
28133,2125,60817,ZCTA5 28133
28134,12746,68622,ZCTA5 28134
28135,5417,49375,ZCTA5 28135
28136,83,77589,ZCTA5 28136
28137,2837,73516,ZCTA5 28137
28138,10013,62807,ZCTA5 28138
28139,18624,55371,ZCTA5 28139
28144,27049,50938,ZCTA5 28144
28146,32181,64547,ZCTA5 28146
28147,24529,58072,ZCTA5 28147
28150,26040,46931,ZCTA5 28150
28152,25873,51549,ZCTA5 28152
28159,2954,60449,ZCTA5 28159
28160,3957,38170,ZCTA5 28160
28163,6123,72440,ZCTA5 28163
28164,15678,74904,ZCTA5 28164
28166,10470,80000,ZCTA5 28166
28167,2142,55387,ZCTA5 28167
28168,10632,62077,ZCTA5 28168
28169,170,55972,ZCTA5 28169
28170,9707,34808,ZCTA5 28170
28173,62501,144544,ZCTA5 28173
28174,8547,64020,ZCTA5 28174
28202,16150,95273,ZCTA5 28202
28203,17989,99507,ZCTA5 28203
28204,9525,77279,ZCTA5 28204
28205,51160,68418,ZCTA5 28205
28206,14000,45555,ZCTA5 28206
28207,9461,217656,ZCTA5 28207
28208,40502,48819,ZCTA5 28208
28209,23719,92452,ZCTA5 28209
28210,46811,90050,ZCTA5 28210
28211,32050,119805,ZCTA5 28211
28212,43301,48918,ZCTA5 28212
28213,44515,50708,ZCTA5 28213
28214,41117,76679,ZCTA5 28214
28215,64713,61855,ZCTA5 28215
28216,53422,58579,ZCTA5 28216
28217,31756,59635,ZCTA5 28217
28223,3801,,ZCTA5 28223
28226,38475,116220,ZCTA5 28226
28227,59904,72119,ZCTA5 28227
28244,0,,ZCTA5 28244
28262,45186,63631,ZCTA5 28262
28269,78540,76560,ZCTA5 28269
28270,34169,120894,ZCTA5 28270
28273,46663,83822,ZCTA5 28273
28274,657,,ZCTA5 28274
28277,71047,117369,ZCTA5 28277
28278,35260,116576,ZCTA5 28278
28280,0,,ZCTA5 28280
28282,0,,ZCTA5 28282
28301,16206,34748,ZCTA5 28301
28303,30468,50620,ZCTA5 28303
28304,36289,54444,ZCTA5 28304
28305,5640,66778,ZCTA5 28305
28306,43736,61053,ZCTA5 28306
28307,14760,46575,ZCTA5 28307
28308,357,,ZCTA5 28308
28310,8830,,ZCTA5 28310
28311,34683,55849,ZCTA5 28311
28312,20111,60650,ZCTA5 28312
28314,57908,57151,ZCTA5 28314
28315,13997,68776,ZCTA5 28315
28318,3925,60672,ZCTA5 28318
28320,8145,53050,ZCTA5 28320
28323,4695,53190,ZCTA5 28323
28325,428,,ZCTA5 28325
28326,25713,78270,ZCTA5 28326
28327,18810,79753,ZCTA5 28327
28328,26101,47087,ZCTA5 28328
28330,535,,ZCTA5 28330
28331,51,,ZCTA5 28331
28332,787,59464,ZCTA5 28332
28333,9985,37477,ZCTA5 28333
28334,22249,49536,ZCTA5 28334
28337,8920,36762,ZCTA5 28337
28338,3721,56854,ZCTA5 28338
28339,6508,48958,ZCTA5 28339
28340,9790,34886,ZCTA5 28340
28341,3271,50708,ZCTA5 28341
28342,143,71786,ZCTA5 28342
28343,1857,40882,ZCTA5 28343
28344,4766,45999,ZCTA5 28344
28345,11484,36507,ZCTA5 28345
28347,2016,37462,ZCTA5 28347
28348,38665,65407,ZCTA5 28348
28349,3765,61705,ZCTA5 28349
28350,222,,ZCTA5 28350
28351,4617,41970,ZCTA5 28351
28352,24403,40794,ZCTA5 28352
28355,0,,ZCTA5 28355
28356,5638,61135,ZCTA5 28356
28357,2429,47336,ZCTA5 28357
28358,34093,45595,ZCTA5 28358
28359,957,,ZCTA5 28359
28360,13687,44685,ZCTA5 28360
28362,44,32500,ZCTA5 28362
28363,965,41523,ZCTA5 28363
28364,13151,35880,ZCTA5 28364
28365,14898,48406,ZCTA5 28365
28366,4997,59881,ZCTA5 28366
28367,173,44375,ZCTA5 28367
28368,116,73869,ZCTA5 28368
28369,2067,40132,ZCTA5 28369
28371,6149,49677,ZCTA5 28371
28372,12346,33788,ZCTA5 28372
28373,2671,74130,ZCTA5 28373
28374,19189,103474,ZCTA5 28374
28375,184,60625,ZCTA5 28375
28376,43457,59427,ZCTA5 28376
28377,11548,34367,ZCTA5 28377
28378,22,,ZCTA5 28378
28379,24537,45298,ZCTA5 28379
28382,6689,71136,ZCTA5 28382
28383,6499,35470,ZCTA5 28383
28384,10146,42016,ZCTA5 28384
28385,2149,69240,ZCTA5 28385
28386,5065,28757,ZCTA5 28386
28387,15277,76060,ZCTA5 28387
28390,24902,53547,ZCTA5 28390
28391,5724,67317,ZCTA5 28391
28392,1727,,ZCTA5 28392
28393,1914,34699,ZCTA5 28393
28394,5171,67500,ZCTA5 28394
28395,2426,80952,ZCTA5 28395
28396,2272,51174,ZCTA5 28396
28398,6308,40440,ZCTA5 28398
28399,1825,43750,ZCTA5 28399
28401,21872,46743,ZCTA5 28401
28403,39628,50757,ZCTA5 28403
28405,34356,64853,ZCTA5 28405
28409,34397,101796,ZCTA5 28409
28411,36536,91121,ZCTA5 28411
28412,42122,62850,ZCTA5 28412
28420,2710,51364,ZCTA5 28420
28421,2047,58203,ZCTA5 28421
28422,8106,67292,ZCTA5 28422
28423,2624,40052,ZCTA5 28423
28424,35,42188,ZCTA5 28424
28425,10903,63750,ZCTA5 28425
28428,6949,87330,ZCTA5 28428
28429,8597,63227,ZCTA5 28429
28430,2165,59028,ZCTA5 28430
28431,6509,31714,ZCTA5 28431
28432,1447,51917,ZCTA5 28432
28433,4403,36835,ZCTA5 28433
28434,385,40625,ZCTA5 28434
28435,1964,42394,ZCTA5 28435
28436,1469,72540,ZCTA5 28436
28438,1490,54095,ZCTA5 28438
28439,879,26750,ZCTA5 28439
28441,2970,41515,ZCTA5 28441
28442,1184,42212,ZCTA5 28442
28443,25655,86162,ZCTA5 28443
28444,2500,58438,ZCTA5 28444
28445,9675,79720,ZCTA5 28445
28447,1378,46139,ZCTA5 28447
28448,871,38611,ZCTA5 28448
28449,2033,101471,ZCTA5 28449
28450,2078,63667,ZCTA5 28450
28451,42073,71534,ZCTA5 28451
28452,541,46641,ZCTA5 28452
28453,3559,39256,ZCTA5 28453
28454,2769,59844,ZCTA5 28454
28455,2245,51279,ZCTA5 28455
28456,4001,42323,ZCTA5 28456
28457,11281,65474,ZCTA5 28457
28458,5481,38750,ZCTA5 28458
28460,11666,79112,ZCTA5 28460
28461,22255,77470,ZCTA5 28461
28462,11862,60427,ZCTA5 28462
28463,6999,32345,ZCTA5 28463
28464,2388,42019,ZCTA5 28464
28465,8228,86442,ZCTA5 28465
28466,8470,59163,ZCTA5 28466
28467,13185,71404,ZCTA5 28467
28468,4645,83143,ZCTA5 28468
28469,8828,83071,ZCTA5 28469
28470,10645,58843,ZCTA5 28470
28472,17854,41755,ZCTA5 28472
28478,4424,61680,ZCTA5 28478
28479,6333,77014,ZCTA5 28479
28480,2899,121417,ZCTA5 28480
28501,18635,34818,ZCTA5 28501
28504,20321,46043,ZCTA5 28504
28508,1736,36404,ZCTA5 28508
28509,0,,ZCTA5 28509
28510,1379,54757,ZCTA5 28510
28511,604,46683,ZCTA5 28511
28512,3414,72500,ZCTA5 28512
28513,9819,54984,ZCTA5 28513
28515,2940,26522,ZCTA5 28515
28516,10610,52556,ZCTA5 28516
28518,7627,55888,ZCTA5 28518
28519,510,49167,ZCTA5 28519
28520,170,66625,ZCTA5 28520
28521,1632,54324,ZCTA5 28521
28523,2495,43994,ZCTA5 28523
28524,275,90813,ZCTA5 28524
28525,2790,53702,ZCTA5 28525
28526,2584,37269,ZCTA5 28526
28527,1055,59375,ZCTA5 28527
28528,606,54732,ZCTA5 28528
28529,1776,61875,ZCTA5 28529
28530,6572,35403,ZCTA5 28530
28531,1104,67888,ZCTA5 28531
28532,20301,61389,ZCTA5 28532
28533,2729,,ZCTA5 28533
28537,16,,ZCTA5 28537
28538,2221,52368,ZCTA5 28538
28539,18258,59399,ZCTA5 28539
28540,50207,58242,ZCTA5 28540
28542,3348,108125,ZCTA5 28542
28543,6841,40343,ZCTA5 28543
28544,5179,51436,ZCTA5 28544
28546,47841,56434,ZCTA5 28546
28547,19509,71625,ZCTA5 28547
28551,12666,49125,ZCTA5 28551
28552,199,58090,ZCTA5 28552
28553,444,83510,ZCTA5 28553
28554,91,51364,ZCTA5 28554
28555,5349,59940,ZCTA5 28555
28556,777,,ZCTA5 28556
28557,15379,62947,ZCTA5 28557
28560,28713,59536,ZCTA5 28560
28562,38048,73010,ZCTA5 28562
28570,21518,73008,ZCTA5 28570
28571,2892,67292,ZCTA5 28571
28572,6069,55522,ZCTA5 28572
28573,1863,59100,ZCTA5 28573
28574,19987,61312,ZCTA5 28574
28575,207,116250,ZCTA5 28575
28577,349,70938,ZCTA5 28577
28578,5627,61515,ZCTA5 28578
28579,734,65880,ZCTA5 28579
28580,12325,45900,ZCTA5 28580
28581,153,,ZCTA5 28581
28582,1750,62171,ZCTA5 28582
28584,14197,74698,ZCTA5 28584
28585,3830,56875,ZCTA5 28585
28586,7470,43173,ZCTA5 28586
28587,214,31250,ZCTA5 28587
28589,26,,ZCTA5 28589
28590,26154,81951,ZCTA5 28590
28594,3870,85982,ZCTA5 28594
28601,53172,65158,ZCTA5 28601
28602,29298,53180,ZCTA5 28602
28604,7671,61161,ZCTA5 28604
28605,3330,68939,ZCTA5 28605
28606,1666,49797,ZCTA5 28606
28607,35423,45476,ZCTA5 28607
28609,5504,73359,ZCTA5 28609
28610,10902,68906,ZCTA5 28610
28611,150,,ZCTA5 28611
28612,11154,50944,ZCTA5 28612
28613,23916,55261,ZCTA5 28613
28615,1717,50383,ZCTA5 28615
28616,139,106000,ZCTA5 28616
28617,1938,38750,ZCTA5 28617
28618,2196,55350,ZCTA5 28618
28619,434,45625,ZCTA5 28619
28621,9751,54493,ZCTA5 28621
28622,2384,44491,ZCTA5 28622
28623,1771,56125,ZCTA5 28623
28624,1350,51698,ZCTA5 28624
28625,38125,60569,ZCTA5 28625
28626,3003,62891,ZCTA5 28626
28627,1371,45250,ZCTA5 28627
28628,34,,ZCTA5 28628
28629,0,,ZCTA5 28629
28630,20715,61924,ZCTA5 28630
28631,946,,ZCTA5 28631
28634,5045,70644,ZCTA5 28634
28635,3346,41123,ZCTA5 28635
28636,4926,65371,ZCTA5 28636
28637,1601,52798,ZCTA5 28637
28638,11630,49489,ZCTA5 28638
28640,5074,48417,ZCTA5 28640
28641,56,,ZCTA5 28641
28642,5380,46012,ZCTA5 28642
28643,3978,46760,ZCTA5 28643
28644,1134,31500,ZCTA5 28644
28645,46424,49136,ZCTA5 28645
28646,574,71538,ZCTA5 28646
28649,1429,43350,ZCTA5 28649
28650,12219,64007,ZCTA5 28650
28651,5103,50798,ZCTA5 28651
28652,50,,ZCTA5 28652
28653,25,,ZCTA5 28653
28654,3142,47656,ZCTA5 28654
28655,56692,51689,ZCTA5 28655
28657,8201,50216,ZCTA5 28657
28658,25561,62265,ZCTA5 28658
28659,21460,50351,ZCTA5 28659
28660,2326,72056,ZCTA5 28660
28662,0,,ZCTA5 28662
28663,461,,ZCTA5 28663
28664,167,63051,ZCTA5 28664
28665,2780,43393,ZCTA5 28665
28666,47,,ZCTA5 28666
28667,235,,ZCTA5 28667
28668,165,,ZCTA5 28668
28669,2662,50521,ZCTA5 28669
28670,2451,48641,ZCTA5 28670
28671,386,50469,ZCTA5 28671
28672,186,,ZCTA5 28672
28673,6731,94080,ZCTA5 28673
28675,6591,40221,ZCTA5 28675
28676,3059,51844,ZCTA5 28676
28677,36369,55940,ZCTA5 28677
28678,5300,68012,ZCTA5 28678
28679,2292,61857,ZCTA5 28679
28681,25825,59309,ZCTA5 28681
28682,1456,92923,ZCTA5 28682
28683,1359,43771,ZCTA5 28683
28684,1571,62575,ZCTA5 28684
28685,2038,40313,ZCTA5 28685
28689,2487,69853,ZCTA5 28689
28690,9212,66250,ZCTA5 28690
28692,4355,44824,ZCTA5 28692
28693,1413,46979,ZCTA5 28693
28694,6809,49154,ZCTA5 28694
28697,13751,47340,ZCTA5 28697
28698,2582,54306,ZCTA5 28698
28701,5591,89643,ZCTA5 28701
28702,488,34563,ZCTA5 28702
28704,22399,75969,ZCTA5 28704
28705,6708,55198,ZCTA5 28705
28707,564,47847,ZCTA5 28707
28708,220,41429,ZCTA5 28708
28709,2305,67566,ZCTA5 28709
28710,0,,ZCTA5 28710
28711,12574,69922,ZCTA5 28711
28712,20199,61084,ZCTA5 28712
28713,8579,58226,ZCTA5 28713
28714,16529,52865,ZCTA5 28714
28715,28859,66025,ZCTA5 28715
28716,17007,55261,ZCTA5 28716
28717,1381,71023,ZCTA5 28717
28718,562,67892,ZCTA5 28718
28719,6854,47929,ZCTA5 28719
28720,144,60417,ZCTA5 28720
28721,10540,60479,ZCTA5 28721
28722,6239,59173,ZCTA5 28722
28723,10880,43649,ZCTA5 28723
28725,93,,ZCTA5 28725
28726,3924,52463,ZCTA5 28726
28729,3616,89773,ZCTA5 28729
28730,7776,85743,ZCTA5 28730
28731,8506,68276,ZCTA5 28731
28732,17705,75881,ZCTA5 28732
28733,56,140132,ZCTA5 28733
28734,29040,48428,ZCTA5 28734
28735,251,,ZCTA5 28735
28736,895,65750,ZCTA5 28736
28739,21244,68873,ZCTA5 28739
28740,1727,51316,ZCTA5 28740
28741,4209,65606,ZCTA5 28741
28742,3000,79904,ZCTA5 28742
28743,2301,52625,ZCTA5 28743
28745,486,88844,ZCTA5 28745
28746,2752,63036,ZCTA5 28746
28747,2269,58400,ZCTA5 28747
28748,13049,60041,ZCTA5 28748
28749,85,,ZCTA5 28749
28751,4071,61398,ZCTA5 28751
28752,30472,53910,ZCTA5 28752
28753,9965,57738,ZCTA5 28753
28754,9590,60547,ZCTA5 28754
28755,0,,ZCTA5 28755
28756,4244,60049,ZCTA5 28756
28757,442,,ZCTA5 28757
28758,0,,ZCTA5 28758
28759,7514,80566,ZCTA5 28759
28761,7595,51750,ZCTA5 28761
28762,6617,53553,ZCTA5 28762
28763,2660,61953,ZCTA5 28763
28766,896,74375,ZCTA5 28766
28768,6720,63542,ZCTA5 28768
28770,0,,ZCTA5 28770
28771,7635,45865,ZCTA5 28771
28772,1057,70000,ZCTA5 28772
28773,2949,66298,ZCTA5 28773
28774,1274,113798,ZCTA5 28774
28775,562,90313,ZCTA5 28775
28777,10723,57154,ZCTA5 28777
28778,11776,67992,ZCTA5 28778
28779,18421,53470,ZCTA5 28779
28781,914,40515,ZCTA5 28781
28782,6420,59594,ZCTA5 28782
28783,1433,65240,ZCTA5 28783
28785,8124,59700,ZCTA5 28785
28786,21927,54008,ZCTA5 28786
28787,23208,67833,ZCTA5 28787
28788,162,85938,ZCTA5 28788
28789,6137,39754,ZCTA5 28789
28790,3358,95352,ZCTA5 28790
28791,15408,78618,ZCTA5 28791
28792,35885,52327,ZCTA5 28792
28801,13498,46496,ZCTA5 28801
28803,34577,65642,ZCTA5 28803
28804,24714,79309,ZCTA5 28804
28805,20017,61404,ZCTA5 28805
28806,44522,59875,ZCTA5 28806
28901,5560,46857,ZCTA5 28901
28902,909,53438,ZCTA5 28902
28904,10255,59863,ZCTA5 28904
28905,3379,51908,ZCTA5 28905
28906,19586,49426,ZCTA5 28906
28909,365,75855,ZCTA5 28909
29001,2246,60329,ZCTA5 29001
29003,5564,50945,ZCTA5 29003
29006,9255,52588,ZCTA5 29006
29009,2267,53958,ZCTA5 29009
29010,11955,37598,ZCTA5 29010
29014,1298,71179,ZCTA5 29014
29015,1340,43875,ZCTA5 29015
29016,29154,97840,ZCTA5 29016
29018,3359,36795,ZCTA5 29018
29020,22021,55972,ZCTA5 29020
29030,2059,62917,ZCTA5 29030
29031,1864,60313,ZCTA5 29031
29032,5172,58259,ZCTA5 29032
29033,12890,57007,ZCTA5 29033
29036,25544,111654,ZCTA5 29036
29037,961,62031,ZCTA5 29037
29038,2691,43236,ZCTA5 29038
29039,3058,55214,ZCTA5 29039
29040,9402,63186,ZCTA5 29040
29042,4762,41104,ZCTA5 29042
29044,4208,45833,ZCTA5 29044
29045,29754,76098,ZCTA5 29045
29046,84,,ZCTA5 29046
29047,3490,31787,ZCTA5 29047
29048,4820,42901,ZCTA5 29048
29051,340,71917,ZCTA5 29051
29052,2479,37332,ZCTA5 29052
29053,20620,50534,ZCTA5 29053
29054,9383,85167,ZCTA5 29054
29055,3899,41157,ZCTA5 29055
29056,2264,42197,ZCTA5 29056
29058,5621,59643,ZCTA5 29058
29059,5258,37946,ZCTA5 29059
29061,12569,62562,ZCTA5 29061
29062,10,,ZCTA5 29062
29063,38754,90243,ZCTA5 29063
29065,558,46601,ZCTA5 29065
29067,10771,43359,ZCTA5 29067
29069,4460,40625,ZCTA5 29069
29070,16357,59192,ZCTA5 29070
29072,67669,100803,ZCTA5 29072
29073,49849,69454,ZCTA5 29073
29074,215,55556,ZCTA5 29074
29075,2999,82941,ZCTA5 29075
29078,15771,60574,ZCTA5 29078
29079,14,,ZCTA5 29079
29080,2921,34958,ZCTA5 29080
29081,1195,36204,ZCTA5 29081
29082,426,51705,ZCTA5 29082
29101,2592,62857,ZCTA5 29101
29102,15831,45084,ZCTA5 29102
29104,1464,52250,ZCTA5 29104
29105,1198,,ZCTA5 29105
29107,2709,39414,ZCTA5 29107
29108,19857,51180,ZCTA5 29108
29111,1636,74500,ZCTA5 29111
29112,3627,41618,ZCTA5 29112
29113,2215,51111,ZCTA5 29113
29114,1459,56806,ZCTA5 29114
29115,27024,31473,ZCTA5 29115
29117,555,,ZCTA5 29117
29118,16051,54599,ZCTA5 29118
29122,75,67955,ZCTA5 29122
29123,7511,56080,ZCTA5 29123
29125,2969,48828,ZCTA5 29125
29126,2415,68819,ZCTA5 29126
29127,9042,59677,ZCTA5 29127
29128,3891,39121,ZCTA5 29128
29129,4311,56875,ZCTA5 29129
29130,6276,65606,ZCTA5 29130
29133,909,40000,ZCTA5 29133
29135,7974,49063,ZCTA5 29135
29137,2335,34938,ZCTA5 29137
29138,9851,39607,ZCTA5 29138
29142,4907,50739,ZCTA5 29142
29145,935,54054,ZCTA5 29145
29146,1267,32279,ZCTA5 29146
29148,6005,50417,ZCTA5 29148
29150,38738,46133,ZCTA5 29150
29152,2186,43491,ZCTA5 29152
29153,15275,63638,ZCTA5 29153
29154,28655,59497,ZCTA5 29154
29160,6966,56218,ZCTA5 29160
29161,10935,48352,ZCTA5 29161
29162,3420,58393,ZCTA5 29162
29163,1385,27117,ZCTA5 29163
29164,4833,46442,ZCTA5 29164
29166,743,63333,ZCTA5 29166
29168,3666,31649,ZCTA5 29168
29169,22039,51496,ZCTA5 29169
29170,21279,69880,ZCTA5 29170
29172,9359,59882,ZCTA5 29172
29175,285,52679,ZCTA5 29175
29177,176,,ZCTA5 29177
29178,3389,55064,ZCTA5 29178
29180,12014,36654,ZCTA5 29180
29201,22938,33561,ZCTA5 29201
29203,41205,39015,ZCTA5 29203
29204,18034,48074,ZCTA5 29204
29205,22861,59549,ZCTA5 29205
29206,18746,83708,ZCTA5 29206
29207,9963,,ZCTA5 29207
29208,2281,,ZCTA5 29208
29209,36979,57969,ZCTA5 29209
29210,40923,49100,ZCTA5 29210
29212,27310,71968,ZCTA5 29212
29223,51354,52603,ZCTA5 29223
29225,401,,ZCTA5 29225
29229,49097,70335,ZCTA5 29229
29301,35380,55011,ZCTA5 29301
29302,17897,70557,ZCTA5 29302
29303,27413,45360,ZCTA5 29303
29306,17932,35439,ZCTA5 29306
29307,18759,62523,ZCTA5 29307
29316,30283,75933,ZCTA5 29316
29320,383,,ZCTA5 29320
29321,3248,31283,ZCTA5 29321
29322,10432,65856,ZCTA5 29322
29323,15024,57878,ZCTA5 29323
29324,74,,ZCTA5 29324
29325,13808,51682,ZCTA5 29325
29329,106,33000,ZCTA5 29329
29330,8181,53762,ZCTA5 29330
29331,25,,ZCTA5 29331
29332,3093,53417,ZCTA5 29332
29333,224,,ZCTA5 29333
29334,16964,74675,ZCTA5 29334
29335,5687,50824,ZCTA5 29335
29338,79,,ZCTA5 29338
29340,20745,40242,ZCTA5 29340
29341,20027,50487,ZCTA5 29341
29346,254,47917,ZCTA5 29346
29349,35204,71138,ZCTA5 29349
29351,1406,52381,ZCTA5 29351
29353,3483,59906,ZCTA5 29353
29355,980,57734,ZCTA5 29355
29356,8841,56671,ZCTA5 29356
29360,21819,51456,ZCTA5 29360
29364,557,23681,ZCTA5 29364
29365,14903,78438,ZCTA5 29365
29368,274,155048,ZCTA5 29368
29369,14980,83619,ZCTA5 29369
29370,590,91078,ZCTA5 29370
29372,3797,54813,ZCTA5 29372
29373,190,58092,ZCTA5 29373
29374,2976,53080,ZCTA5 29374
29375,148,123750,ZCTA5 29375
29376,8858,66091,ZCTA5 29376
29377,525,43793,ZCTA5 29377
29378,109,,ZCTA5 29378
29379,17380,41200,ZCTA5 29379
29384,3810,50364,ZCTA5 29384
29385,8039,53428,ZCTA5 29385
29388,16059,75348,ZCTA5 29388
29401,8895,80886,ZCTA5 29401
29403,22363,62281,ZCTA5 29403
29404,2257,65430,ZCTA5 29404
29405,27449,47532,ZCTA5 29405
29406,32570,45797,ZCTA5 29406
29407,35908,75389,ZCTA5 29407
29409,2612,,ZCTA5 29409
29410,20603,79305,ZCTA5 29410
29412,40307,95627,ZCTA5 29412
29414,44196,85434,ZCTA5 29414
29418,24386,58404,ZCTA5 29418
29420,22808,73339,ZCTA5 29420
29424,1267,,ZCTA5 29424
29425,0,,ZCTA5 29425
29426,1771,46971,ZCTA5 29426
29429,4527,81329,ZCTA5 29429
29431,7060,56621,ZCTA5 29431
29432,2389,37500,ZCTA5 29432
29434,598,,ZCTA5 29434
29435,4462,45404,ZCTA5 29435
29436,3992,51273,ZCTA5 29436
29437,1916,46952,ZCTA5 29437
29438,2751,69044,ZCTA5 29438
29439,855,87554,ZCTA5 29439
29440,26302,50101,ZCTA5 29440
29445,60419,77235,ZCTA5 29445
29446,1317,29758,ZCTA5 29446
29448,2506,58243,ZCTA5 29448
29449,7598,71010,ZCTA5 29449
29450,3010,45272,ZCTA5 29450
29451,4378,164000,ZCTA5 29451
29452,246,55000,ZCTA5 29452
29453,1241,33793,ZCTA5 29453
29455,25449,111300,ZCTA5 29455
29456,35871,74074,ZCTA5 29456
29458,2303,46563,ZCTA5 29458
29461,42217,78329,ZCTA5 29461
29464,51259,104366,ZCTA5 29464
29466,43233,121840,ZCTA5 29466
29468,2306,32313,ZCTA5 29468
29469,600,,ZCTA5 29469
29470,5349,71029,ZCTA5 29470
29471,1044,29038,ZCTA5 29471
29472,10693,69350,ZCTA5 29472
29474,1487,40613,ZCTA5 29474
29475,2324,42318,ZCTA5 29475
29477,7195,53391,ZCTA5 29477
29479,6630,39839,ZCTA5 29479
29481,1527,42763,ZCTA5 29481
29482,2317,171838,ZCTA5 29482
29483,56758,75698,ZCTA5 29483
29485,58946,78363,ZCTA5 29485
29486,43513,83975,ZCTA5 29486
29487,2302,74966,ZCTA5 29487
29488,22354,46170,ZCTA5 29488
29492,19266,104289,ZCTA5 29492
29493,232,58750,ZCTA5 29493
29501,47406,64616,ZCTA5 29501
29505,24562,65404,ZCTA5 29505
29506,20545,36116,ZCTA5 29506
29510,10558,40748,ZCTA5 29510
29511,6075,72699,ZCTA5 29511
29512,17736,37104,ZCTA5 29512
29516,846,38333,ZCTA5 29516
29518,805,41125,ZCTA5 29518
29519,279,,ZCTA5 29519
29520,12575,40724,ZCTA5 29520
29525,2009,29688,ZCTA5 29525
29526,49383,59194,ZCTA5 29526
29527,28167,48629,ZCTA5 29527
29530,2597,56500,ZCTA5 29530
29532,20000,39553,ZCTA5 29532
29536,15690,42835,ZCTA5 29536
29540,4419,33674,ZCTA5 29540
29541,9836,50260,ZCTA5 29541
29543,498,,ZCTA5 29543
29544,6987,65595,ZCTA5 29544
29545,1648,33767,ZCTA5 29545
29546,2615,26673,ZCTA5 29546
29547,2368,44413,ZCTA5 29547
29550,29776,52525,ZCTA5 29550
29554,8930,36042,ZCTA5 29554
29555,6043,57660,ZCTA5 29555
29556,11467,41590,ZCTA5 29556
29560,12073,49141,ZCTA5 29560
29563,1985,37727,ZCTA5 29563
29564,1238,36383,ZCTA5 29564
29565,6790,36076,ZCTA5 29565
29566,19722,59960,ZCTA5 29566
29567,547,,ZCTA5 29567
29568,16331,58290,ZCTA5 29568
29569,16460,49495,ZCTA5 29569
29570,4056,33720,ZCTA5 29570
29571,14147,37088,ZCTA5 29571
29572,11441,67594,ZCTA5 29572
29574,9842,34859,ZCTA5 29574
29575,19511,68031,ZCTA5 29575
29576,32817,65890,ZCTA5 29576
29577,34384,47107,ZCTA5 29577
29579,49113,67788,ZCTA5 29579
29580,1130,46577,ZCTA5 29580
29581,4436,48173,ZCTA5 29581
29582,19701,68741,ZCTA5 29582
29583,5074,41458,ZCTA5 29583
29584,2320,45050,ZCTA5 29584
29585,16268,74418,ZCTA5 29585
29588,52899,60337,ZCTA5 29588
29589,57,,ZCTA5 29589
29590,3679,38939,ZCTA5 29590
29591,4565,57417,ZCTA5 29591
29592,661,40329,ZCTA5 29592
29593,1990,35703,ZCTA5 29593
29594,117,,ZCTA5 29594
29596,1800,26869,ZCTA5 29596
29601,12993,70580,ZCTA5 29601
29605,39355,60470,ZCTA5 29605
29607,43466,65712,ZCTA5 29607
29609,29739,62015,ZCTA5 29609
29611,32925,45291,ZCTA5 29611
29613,2345,,ZCTA5 29613
29614,1965,,ZCTA5 29614
29615,39164,72494,ZCTA5 29615
29617,26649,50976,ZCTA5 29617
29620,12268,53523,ZCTA5 29620
29621,44260,71438,ZCTA5 29621
29624,14746,29953,ZCTA5 29624
29625,27720,56262,ZCTA5 29625
29626,14062,54132,ZCTA5 29626
29627,16623,59672,ZCTA5 29627
29628,2456,29671,ZCTA5 29628
29630,15638,50864,ZCTA5 29630
29631,16313,50348,ZCTA5 29631
29634,5958,,ZCTA5 29634
29635,1312,64861,ZCTA5 29635
29638,3815,62872,ZCTA5 29638
29639,1610,47683,ZCTA5 29639
29640,32397,58980,ZCTA5 29640
29642,33366,75510,ZCTA5 29642
29643,2915,86250,ZCTA5 29643
29644,21762,64046,ZCTA5 29644
29645,10644,52169,ZCTA5 29645
29646,28014,39899,ZCTA5 29646
29649,26696,51155,ZCTA5 29649
29650,38725,91439,ZCTA5 29650
29651,53804,73505,ZCTA5 29651
29653,3844,49235,ZCTA5 29653
29654,9505,54265,ZCTA5 29654
29655,8033,48919,ZCTA5 29655
29657,16344,58491,ZCTA5 29657
29658,385,65101,ZCTA5 29658
29659,146,,ZCTA5 29659
29661,6243,51593,ZCTA5 29661
29662,14583,75419,ZCTA5 29662
29664,1908,49254,ZCTA5 29664
29665,341,42550,ZCTA5 29665
29666,6351,67931,ZCTA5 29666
29667,197,78523,ZCTA5 29667
29669,13789,56773,ZCTA5 29669
29670,10422,67280,ZCTA5 29670
29671,19318,63430,ZCTA5 29671
29672,12217,80833,ZCTA5 29672
29673,30723,66651,ZCTA5 29673
29676,5960,86711,ZCTA5 29676
29678,23359,45665,ZCTA5 29678
29680,33768,85911,ZCTA5 29680
29681,66168,104235,ZCTA5 29681
29682,4010,72917,ZCTA5 29682
29683,382,,ZCTA5 29683
29684,5621,62533,ZCTA5 29684
29685,2038,99861,ZCTA5 29685
29686,863,83125,ZCTA5 29686
29687,43398,71133,ZCTA5 29687
29689,4057,62125,ZCTA5 29689
29690,26362,63506,ZCTA5 29690
29691,12337,50854,ZCTA5 29691
29692,4792,37260,ZCTA5 29692
29693,13420,48783,ZCTA5 29693
29696,5102,73908,ZCTA5 29696
29697,14253,70109,ZCTA5 29697
29702,9535,48777,ZCTA5 29702
29704,3512,67639,ZCTA5 29704
29706,19470,50942,ZCTA5 29706
29707,31826,108322,ZCTA5 29707
29708,42028,125677,ZCTA5 29708
29709,5803,55095,ZCTA5 29709
29710,38528,82554,ZCTA5 29710
29712,1797,46917,ZCTA5 29712
29714,3527,61024,ZCTA5 29714
29715,41581,103892,ZCTA5 29715
29717,1564,60000,ZCTA5 29717
29718,3926,57846,ZCTA5 29718
29720,52308,58549,ZCTA5 29720
29724,18,,ZCTA5 29724
29726,2099,79167,ZCTA5 29726
29727,1846,41032,ZCTA5 29727
29728,9790,40983,ZCTA5 29728
29729,2204,44370,ZCTA5 29729
29730,56727,57488,ZCTA5 29730
29732,57182,77601,ZCTA5 29732
29733,1726,,ZCTA5 29733
29741,1824,44208,ZCTA5 29741
29742,2378,46657,ZCTA5 29742
29743,1913,81463,ZCTA5 29743
29745,34352,73416,ZCTA5 29745
29801,30148,52973,ZCTA5 29801
29803,38849,77868,ZCTA5 29803
29805,5113,76064,ZCTA5 29805
29809,2326,55667,ZCTA5 29809
29810,3651,23915,ZCTA5 29810
29812,10773,42038,ZCTA5 29812
29816,973,43771,ZCTA5 29816
29817,4392,41406,ZCTA5 29817
29819,1328,55554,ZCTA5 29819
29821,1019,93000,ZCTA5 29821
29824,7637,48643,ZCTA5 29824
29826,219,19233,ZCTA5 29826
29827,3812,45520,ZCTA5 29827
29828,672,39375,ZCTA5 29828
29829,11396,62500,ZCTA5 29829
29831,4435,47289,ZCTA5 29831
29832,5514,45437,ZCTA5 29832
29834,827,48627,ZCTA5 29834
29835,6149,55313,ZCTA5 29835
29836,276,,ZCTA5 29836
29838,714,91184,ZCTA5 29838
29840,379,41715,ZCTA5 29840
29841,32505,64079,ZCTA5 29841
29842,7896,56816,ZCTA5 29842
29843,1174,50170,ZCTA5 29843
29844,112,39531,ZCTA5 29844
29845,1155,55214,ZCTA5 29845
29847,5060,56250,ZCTA5 29847
29848,839,50463,ZCTA5 29848
29849,334,49435,ZCTA5 29849
29851,8773,57696,ZCTA5 29851
29853,6205,43934,ZCTA5 29853
29856,3064,47036,ZCTA5 29856
29860,17149,88591,ZCTA5 29860
29899,860,,ZCTA5 29899
29902,16999,73228,ZCTA5 29902
29904,1164,,ZCTA5 29904
29905,1082,,ZCTA5 29905
29906,25772,60041,ZCTA5 29906
29907,14580,85203,ZCTA5 29907
29909,23490,86159,ZCTA5 29909
29910,47927,92421,ZCTA5 29910
29911,1475,39855,ZCTA5 29911
29912,0,,ZCTA5 29912
29915,569,146349,ZCTA5 29915
29916,1799,75065,ZCTA5 29916
29918,4776,33496,ZCTA5 29918
29920,10482,69025,ZCTA5 29920
29921,510,76667,ZCTA5 29921
29922,1092,34130,ZCTA5 29922
29923,201,32833,ZCTA5 29923
29924,4609,46006,ZCTA5 29924
29926,25384,95090,ZCTA5 29926
29927,10297,69635,ZCTA5 29927
29928,14680,95070,ZCTA5 29928
29929,982,56170,ZCTA5 29929
29932,283,48571,ZCTA5 29932
29934,457,49302,ZCTA5 29934
29935,4594,71364,ZCTA5 29935
29936,13123,43627,ZCTA5 29936
29939,106,,ZCTA5 29939
29940,3958,48226,ZCTA5 29940
29941,150,112443,ZCTA5 29941
29943,515,,ZCTA5 29943
29944,4393,40707,ZCTA5 29944
29945,4165,50222,ZCTA5 29945
30002,5856,86836,ZCTA5 30002
30004,66406,136124,ZCTA5 30004
30005,40260,162808,ZCTA5 30005
30008,34331,68218,ZCTA5 30008
30009,21281,135081,ZCTA5 30009
30011,20978,85274,ZCTA5 30011
30012,33445,56825,ZCTA5 30012
30013,25812,70987,ZCTA5 30013
30014,40892,68163,ZCTA5 30014
30016,59179,70933,ZCTA5 30016
30017,24463,109890,ZCTA5 30017
30018,104,,ZCTA5 30018
30019,46553,111033,ZCTA5 30019
30021,26684,50020,ZCTA5 30021
30022,65985,145351,ZCTA5 30022
30024,85442,135679,ZCTA5 30024
30025,11237,88732,ZCTA5 30025
30028,34549,126485,ZCTA5 30028
30030,31984,117774,ZCTA5 30030
30032,44682,54787,ZCTA5 30032
30033,30971,105260,ZCTA5 30033
30034,42607,59067,ZCTA5 30034
30035,23119,53780,ZCTA5 30035
30038,41633,68650,ZCTA5 30038
30039,50725,87792,ZCTA5 30039
30040,77848,128052,ZCTA5 30040
30041,73865,135591,ZCTA5 30041
30043,88050,90738,ZCTA5 30043
30044,100056,74244,ZCTA5 30044
30045,46943,95554,ZCTA5 30045
30046,39968,59225,ZCTA5 30046
30047,67675,85985,ZCTA5 30047
30052,74564,86512,ZCTA5 30052
30054,12234,71370,ZCTA5 30054
30055,3551,84881,ZCTA5 30055
30056,2354,67917,ZCTA5 30056
30058,63647,63316,ZCTA5 30058
30060,39125,58782,ZCTA5 30060
30062,62958,124665,ZCTA5 30062
30064,50997,114496,ZCTA5 30064
30066,60795,108309,ZCTA5 30066
30067,46595,72083,ZCTA5 30067
30068,33866,143077,ZCTA5 30068
30070,37,41964,ZCTA5 30070
30071,25757,62262,ZCTA5 30071
30072,779,63929,ZCTA5 30072
30075,57032,148740,ZCTA5 30075
30076,46089,104658,ZCTA5 30076
30078,41998,87529,ZCTA5 30078
30079,4592,60859,ZCTA5 30079
30080,53116,85061,ZCTA5 30080
30082,26080,101118,ZCTA5 30082
30083,60937,51017,ZCTA5 30083
30084,39256,79693,ZCTA5 30084
30087,38858,92753,ZCTA5 30087
30088,30286,59435,ZCTA5 30088
30090,0,,ZCTA5 30090
30092,36674,72707,ZCTA5 30092
30093,49072,48489,ZCTA5 30093
30094,33743,77833,ZCTA5 30094
30096,69456,69705,ZCTA5 30096
30097,45887,122285,ZCTA5 30097
30101,62284,103205,ZCTA5 30101
30102,43870,85869,ZCTA5 30102
30103,14654,73012,ZCTA5 30103
30104,5310,67069,ZCTA5 30104
30105,2364,77888,ZCTA5 30105
30106,23977,65447,ZCTA5 30106
30107,17294,99726,ZCTA5 30107
30108,7020,51135,ZCTA5 30108
30110,13824,70577,ZCTA5 30110
30111,0,,ZCTA5 30111
30113,5969,71087,ZCTA5 30113
30114,58021,93800,ZCTA5 30114
30115,52512,109443,ZCTA5 30115
30116,23204,67362,ZCTA5 30116
30117,37101,54276,ZCTA5 30117
30118,1093,,ZCTA5 30118
30120,42091,80370,ZCTA5 30120
30121,25593,73200,ZCTA5 30121
30122,26216,56196,ZCTA5 30122
30124,2700,75406,ZCTA5 30124
30125,23615,49507,ZCTA5 30125
30126,42865,94399,ZCTA5 30126
30127,71642,97834,ZCTA5 30127
30132,48887,97411,ZCTA5 30132
30134,45121,68193,ZCTA5 30134
30135,67299,89336,ZCTA5 30135
30137,1958,76250,ZCTA5 30137
30139,4777,63274,ZCTA5 30139
30141,25416,82791,ZCTA5 30141
30143,24960,75567,ZCTA5 30143
30144,58836,82665,ZCTA5 30144
30145,9166,76789,ZCTA5 30145
30147,4730,60113,ZCTA5 30147
30148,1120,89773,ZCTA5 30148
30149,1821,,ZCTA5 30149
30152,43865,119133,ZCTA5 30152
30153,17470,53094,ZCTA5 30153
30157,50946,84973,ZCTA5 30157
30161,34314,55496,ZCTA5 30161
30165,42146,58553,ZCTA5 30165
30168,24599,63956,ZCTA5 30168
30170,3222,72708,ZCTA5 30170
30171,2602,83750,ZCTA5 30171
30173,6590,47158,ZCTA5 30173
30175,5828,63525,ZCTA5 30175
30176,7543,56992,ZCTA5 30176
30177,1187,,ZCTA5 30177
30178,3607,63853,ZCTA5 30178
30179,17351,74773,ZCTA5 30179
30180,42481,87582,ZCTA5 30180
30182,3637,55235,ZCTA5 30182
30183,6512,92083,ZCTA5 30183
30184,6952,102019,ZCTA5 30184
30185,4200,54286,ZCTA5 30185
30187,7767,92671,ZCTA5 30187
30188,64757,100467,ZCTA5 30188
30189,40946,104295,ZCTA5 30189
30204,13329,58867,ZCTA5 30204
30205,3284,114479,ZCTA5 30205
30206,3250,81503,ZCTA5 30206
30213,47395,83756,ZCTA5 30213
30214,31483,84020,ZCTA5 30214
30215,38949,113381,ZCTA5 30215
30216,2082,69643,ZCTA5 30216
30217,9057,60085,ZCTA5 30217
30218,1653,63973,ZCTA5 30218
30220,4839,81250,ZCTA5 30220
30222,4982,58977,ZCTA5 30222
30223,36907,51542,ZCTA5 30223
30224,29279,68835,ZCTA5 30224
30228,51378,78490,ZCTA5 30228
30229,44,23676,ZCTA5 30229
30230,9746,53444,ZCTA5 30230
30233,25810,67823,ZCTA5 30233
30234,1935,44849,ZCTA5 30234
30236,52530,65660,ZCTA5 30236
30238,42396,59701,ZCTA5 30238
30240,30332,57589,ZCTA5 30240
30241,25274,50647,ZCTA5 30241
30248,31940,80151,ZCTA5 30248
30250,515,,ZCTA5 30250
30251,2137,53512,ZCTA5 30251
30252,48271,98582,ZCTA5 30252
30253,60539,80697,ZCTA5 30253
30256,2612,88125,ZCTA5 30256
30257,3904,73721,ZCTA5 30257
30258,2899,57804,ZCTA5 30258
30259,3994,100893,ZCTA5 30259
30260,28576,53809,ZCTA5 30260
30263,59462,74853,ZCTA5 30263
30265,37872,102653,ZCTA5 30265
30268,10616,71184,ZCTA5 30268
30269,39341,110821,ZCTA5 30269
30272,0,,ZCTA5 30272
30273,17089,63380,ZCTA5 30273
30274,34479,50337,ZCTA5 30274
30275,427,77800,ZCTA5 30275
30276,18421,99764,ZCTA5 30276
30277,22111,116257,ZCTA5 30277
30281,70433,67855,ZCTA5 30281
30284,6,,ZCTA5 30284
30285,920,75469,ZCTA5 30285
30286,24156,48346,ZCTA5 30286
30288,7738,48839,ZCTA5 30288
30289,46,250001,ZCTA5 30289
30290,9128,110380,ZCTA5 30290
30291,25024,45290,ZCTA5 30291
30292,6015,78345,ZCTA5 30292
30293,1906,52784,ZCTA5 30293
30294,42594,73608,ZCTA5 30294
30295,4972,77260,ZCTA5 30295
30296,26960,58799,ZCTA5 30296
30297,28836,44267,ZCTA5 30297
30303,5974,,ZCTA5 30303
30305,26565,103982,ZCTA5 30305
30306,24493,120679,ZCTA5 30306
30307,21266,140417,ZCTA5 30307
30308,23377,78429,ZCTA5 30308
30309,29600,110303,ZCTA5 30309
30310,25847,45641,ZCTA5 30310
30311,32935,46988,ZCTA5 30311
30312,26263,70540,ZCTA5 30312
30313,12119,64514,ZCTA5 30313
30314,22835,32374,ZCTA5 30314
30315,34941,36436,ZCTA5 30315
30316,33773,91135,ZCTA5 30316
30317,15110,105785,ZCTA5 30317
30318,59559,69640,ZCTA5 30318
30319,45025,127776,ZCTA5 30319
30322,2387,,ZCTA5 30322
30324,29299,90455,ZCTA5 30324
30326,8379,110208,ZCTA5 30326
30327,22585,173761,ZCTA5 30327
30328,39026,101186,ZCTA5 30328
30329,25986,69912,ZCTA5 30329
30331,64295,60748,ZCTA5 30331
30332,2743,,ZCTA5 30332
30334,0,,ZCTA5 30334
30336,354,51415,ZCTA5 30336
30337,11570,49558,ZCTA5 30337
30338,39098,123125,ZCTA5 30338
30339,34292,97106,ZCTA5 30339
30340,30945,57564,ZCTA5 30340
30341,32582,75104,ZCTA5 30341
30342,33154,115779,ZCTA5 30342
30344,35302,58710,ZCTA5 30344
30345,24437,101875,ZCTA5 30345
30346,4574,68350,ZCTA5 30346
30349,78431,58713,ZCTA5 30349
30350,36651,77116,ZCTA5 30350
30354,15002,51424,ZCTA5 30354
30360,15644,88875,ZCTA5 30360
30363,3277,103879,ZCTA5 30363
30401,14060,49292,ZCTA5 30401
30410,1556,65208,ZCTA5 30410
30411,4845,43218,ZCTA5 30411
30412,123,48125,ZCTA5 30412
30413,1288,44427,ZCTA5 30413
30414,60,,ZCTA5 30414
30415,5593,66350,ZCTA5 30415
30417,11303,56236,ZCTA5 30417
30420,1755,50214,ZCTA5 30420
30421,2827,51290,ZCTA5 30421
30423,23,17000,ZCTA5 30423
30425,1811,59033,ZCTA5 30425
30426,938,78635,ZCTA5 30426
30427,11183,59324,ZCTA5 30427
30428,2727,43008,ZCTA5 30428
30429,149,41375,ZCTA5 30429
30434,5265,43750,ZCTA5 30434
30436,11233,45214,ZCTA5 30436
30439,10486,46388,ZCTA5 30439
30441,1920,37500,ZCTA5 30441
30442,8348,31579,ZCTA5 30442
30445,3582,35906,ZCTA5 30445
30446,1859,70833,ZCTA5 30446
30448,11,,ZCTA5 30448
30449,29,,ZCTA5 30449
30450,2284,53036,ZCTA5 30450
30451,22,,ZCTA5 30451
30452,1607,51083,ZCTA5 30452
30453,9828,44942,ZCTA5 30453
30454,414,47368,ZCTA5 30454
30455,571,43583,ZCTA5 30455
30456,1990,51083,ZCTA5 30456
30457,5224,31269,ZCTA5 30457
30458,47707,46451,ZCTA5 30458
30460,0,,ZCTA5 30460
30461,16803,69790,ZCTA5 30461
30464,241,80714,ZCTA5 30464
30467,11801,44701,ZCTA5 30467
30470,1216,70650,ZCTA5 30470
30471,4228,38179,ZCTA5 30471
30473,2698,68000,ZCTA5 30473
30474,16976,51580,ZCTA5 30474
30477,2836,40642,ZCTA5 30477
30501,31619,58777,ZCTA5 30501
30504,28340,67046,ZCTA5 30504
30506,43683,88691,ZCTA5 30506
30507,31356,72119,ZCTA5 30507
30510,8822,47420,ZCTA5 30510
30511,3230,74115,ZCTA5 30511
30512,23538,61169,ZCTA5 30512
30513,11873,55648,ZCTA5 30513
30516,2017,72593,ZCTA5 30516
30517,17704,104314,ZCTA5 30517
30518,56151,94079,ZCTA5 30518
30519,56661,98228,ZCTA5 30519
30520,4822,58981,ZCTA5 30520
30521,5456,58869,ZCTA5 30521
30522,592,71406,ZCTA5 30522
30523,12936,73131,ZCTA5 30523
30525,7398,57475,ZCTA5 30525
30527,3976,92273,ZCTA5 30527
30528,24108,66401,ZCTA5 30528
30529,12429,62772,ZCTA5 30529
30530,7556,59881,ZCTA5 30530
30531,11199,54688,ZCTA5 30531
30533,26993,65902,ZCTA5 30533
30534,31721,84601,ZCTA5 30534
30535,8707,50545,ZCTA5 30535
30536,9717,70080,ZCTA5 30536
30537,1237,42292,ZCTA5 30537
30538,3568,51789,ZCTA5 30538
30539,141,25096,ZCTA5 30539
30540,19846,71806,ZCTA5 30540
30541,1483,88922,ZCTA5 30541
30542,37885,88531,ZCTA5 30542
30543,5561,74908,ZCTA5 30543
30545,948,72604,ZCTA5 30545
30546,7904,55076,ZCTA5 30546
30547,3187,87386,ZCTA5 30547
30548,22606,107727,ZCTA5 30548
30549,30371,90876,ZCTA5 30549
30552,1597,53125,ZCTA5 30552
30553,8245,53786,ZCTA5 30553
30554,8709,69292,ZCTA5 30554
30555,2353,36875,ZCTA5 30555
30557,5107,63261,ZCTA5 30557
30558,5139,51977,ZCTA5 30558
30559,5407,55441,ZCTA5 30559
30560,4190,51053,ZCTA5 30560
30562,722,45938,ZCTA5 30562
30563,6257,78594,ZCTA5 30563
30564,5117,72985,ZCTA5 30564
30565,4796,56471,ZCTA5 30565
30566,8643,63375,ZCTA5 30566
30567,4644,71000,ZCTA5 30567
30568,2272,70511,ZCTA5 30568
30571,3344,64185,ZCTA5 30571
30572,958,60104,ZCTA5 30572
30573,114,,ZCTA5 30573
30575,1803,78250,ZCTA5 30575
30576,3203,72500,ZCTA5 30576
30577,22058,51988,ZCTA5 30577
30581,114,,ZCTA5 30581
30582,5116,59224,ZCTA5 30582
30597,1164,,ZCTA5 30597
30598,70,,ZCTA5 30598
30601,23524,36319,ZCTA5 30601
30602,1433,,ZCTA5 30602
30605,42360,46701,ZCTA5 30605
30606,47603,58727,ZCTA5 30606
30607,10368,57455,ZCTA5 30607
30609,3529,,ZCTA5 30609
30619,1547,71932,ZCTA5 30619
30620,15375,77833,ZCTA5 30620
30621,5959,109259,ZCTA5 30621
30622,11586,128571,ZCTA5 30622
30623,126,,ZCTA5 30623
30624,3731,68289,ZCTA5 30624
30625,2362,80063,ZCTA5 30625
30627,2794,70571,ZCTA5 30627
30628,6558,62035,ZCTA5 30628
30629,4990,50733,ZCTA5 30629
30630,2247,39948,ZCTA5 30630
30631,1706,46127,ZCTA5 30631
30633,8167,48815,ZCTA5 30633
30634,2034,48314,ZCTA5 30634
30635,15097,44933,ZCTA5 30635
30639,37,,ZCTA5 30639
30641,1608,66103,ZCTA5 30641
30642,14458,83592,ZCTA5 30642
30643,16189,60331,ZCTA5 30643
30646,8173,60545,ZCTA5 30646
30648,3131,68911,ZCTA5 30648
30650,13525,80276,ZCTA5 30650
30655,28081,65622,ZCTA5 30655
30656,17812,86976,ZCTA5 30656
30660,1117,85417,ZCTA5 30660
30662,8325,54070,ZCTA5 30662
30663,3200,63000,ZCTA5 30663
30664,6,,ZCTA5 30664
30665,187,20577,ZCTA5 30665
30666,10133,81150,ZCTA5 30666
30667,780,47941,ZCTA5 30667
30668,2543,53417,ZCTA5 30668
30669,3076,51818,ZCTA5 30669
30673,6089,51186,ZCTA5 30673
30677,20833,101224,ZCTA5 30677
30678,1260,49224,ZCTA5 30678
30680,46599,74081,ZCTA5 30680
30683,8152,71351,ZCTA5 30683
30701,42396,58209,ZCTA5 30701
30705,33581,61990,ZCTA5 30705
30707,17228,63250,ZCTA5 30707
30708,342,55521,ZCTA5 30708
30710,7265,68227,ZCTA5 30710
30711,3571,62237,ZCTA5 30711
30720,26530,64034,ZCTA5 30720
30721,53067,51775,ZCTA5 30721
30724,49,,ZCTA5 30724
30725,4952,68056,ZCTA5 30725
30726,0,,ZCTA5 30726
30728,18735,46702,ZCTA5 30728
30730,1800,46603,ZCTA5 30730
30731,2421,45909,ZCTA5 30731
30733,2375,51893,ZCTA5 30733
30734,2971,52917,ZCTA5 30734
30735,6645,56791,ZCTA5 30735
30736,43636,81445,ZCTA5 30736
30738,3423,53228,ZCTA5 30738
30739,7531,70302,ZCTA5 30739
30740,7951,76088,ZCTA5 30740
30741,28380,47850,ZCTA5 30741
30742,7675,44294,ZCTA5 30742
30746,1320,80769,ZCTA5 30746
30747,14578,42820,ZCTA5 30747
30750,4515,99150,ZCTA5 30750
30751,101,,ZCTA5 30751
30752,9071,55083,ZCTA5 30752
30753,8343,47017,ZCTA5 30753
30755,11199,69993,ZCTA5 30755
30756,22,14306,ZCTA5 30756
30757,1716,64561,ZCTA5 30757
30802,6652,82853,ZCTA5 30802
30803,1030,54630,ZCTA5 30803
30805,2856,49167,ZCTA5 30805
30807,243,62895,ZCTA5 30807
30808,4072,49964,ZCTA5 30808
30809,52186,125020,ZCTA5 30809
30810,2077,66484,ZCTA5 30810
30812,362,,ZCTA5 30812
30813,48866,81133,ZCTA5 30813
30814,10237,72977,ZCTA5 30814
30815,42958,62081,ZCTA5 30815
30816,1978,33992,ZCTA5 30816
30817,7670,48684,ZCTA5 30817
30818,469,,ZCTA5 30818
30820,845,42250,ZCTA5 30820
30821,1014,41284,ZCTA5 30821
30822,0,,ZCTA5 30822
30823,1539,55170,ZCTA5 30823
30824,17446,55540,ZCTA5 30824
30828,3700,46324,ZCTA5 30828
30830,14388,52202,ZCTA5 30830
30833,3783,42361,ZCTA5 30833
30901,16320,22282,ZCTA5 30901
30904,25377,41189,ZCTA5 30904
30905,7853,69511,ZCTA5 30905
30906,62166,44271,ZCTA5 30906
30907,47624,77831,ZCTA5 30907
30909,43729,64647,ZCTA5 30909
30912,0,,ZCTA5 30912
31001,4299,39258,ZCTA5 31001
31002,2872,57781,ZCTA5 31002
31003,113,37083,ZCTA5 31003
31004,0,,ZCTA5 31004
31005,21558,99722,ZCTA5 31005
31006,4434,42886,ZCTA5 31006
31007,869,48603,ZCTA5 31007
31008,21083,79957,ZCTA5 31008
31009,1504,47453,ZCTA5 31009
31011,655,68625,ZCTA5 31011
31012,2210,65313,ZCTA5 31012
31014,13086,55207,ZCTA5 31014
31015,19049,45578,ZCTA5 31015
31016,2026,52500,ZCTA5 31016
31017,1489,60017,ZCTA5 31017
31018,2817,40644,ZCTA5 31018
31019,2935,53571,ZCTA5 31019
31020,1680,37298,ZCTA5 31020
31021,27169,46258,ZCTA5 31021
31022,1897,48889,ZCTA5 31022
31023,14404,45084,ZCTA5 31023
31024,21165,60102,ZCTA5 31024
31025,1281,135000,ZCTA5 31025
31027,11115,46020,ZCTA5 31027
31028,6496,72265,ZCTA5 31028
31029,17227,70177,ZCTA5 31029
31030,17936,54322,ZCTA5 31030
31031,6749,47500,ZCTA5 31031
31032,14626,69741,ZCTA5 31032
31033,2491,73750,ZCTA5 31033
31034,100,,ZCTA5 31034
31035,1070,46875,ZCTA5 31035
31036,10601,43665,ZCTA5 31036
31037,3531,51625,ZCTA5 31037
31038,851,66406,ZCTA5 31038
31039,0,,ZCTA5 31039
31041,841,24539,ZCTA5 31041
31042,1391,33806,ZCTA5 31042
31044,2674,33558,ZCTA5 31044
31045,34,,ZCTA5 31045
31046,3750,84792,ZCTA5 31046
31047,18342,112738,ZCTA5 31047
31049,1640,55952,ZCTA5 31049
31050,1003,46789,ZCTA5 31050
31051,115,24643,ZCTA5 31051
31052,8961,76509,ZCTA5 31052
31054,1307,67692,ZCTA5 31054
31055,6535,38083,ZCTA5 31055
31057,1529,23935,ZCTA5 31057
31058,1834,34773,ZCTA5 31058
31060,1722,45000,ZCTA5 31060
31061,41462,54391,ZCTA5 31061
31062,45,,ZCTA5 31062
31063,4484,48184,ZCTA5 31063
31064,9662,53006,ZCTA5 31064
31065,1357,59830,ZCTA5 31065
31066,1224,78537,ZCTA5 31066
31067,275,72500,ZCTA5 31067
31068,4754,23946,ZCTA5 31068
31069,22168,66485,ZCTA5 31069
31070,868,80625,ZCTA5 31070
31071,1221,39875,ZCTA5 31071
31072,1204,61713,ZCTA5 31072
31075,2723,43455,ZCTA5 31075
31076,2735,40560,ZCTA5 31076
31077,947,35078,ZCTA5 31077
31078,2994,25682,ZCTA5 31078
31079,2719,49000,ZCTA5 31079
31081,39,45625,ZCTA5 31081
31082,10333,47449,ZCTA5 31082
31083,264,46250,ZCTA5 31083
31084,0,,ZCTA5 31084
31085,1267,42639,ZCTA5 31085
31087,8744,29970,ZCTA5 31087
31088,58298,80716,ZCTA5 31088
31089,4020,40217,ZCTA5 31089
31090,1201,65221,ZCTA5 31090
31091,4414,72321,ZCTA5 31091
31092,4977,52665,ZCTA5 31092
31093,25566,45619,ZCTA5 31093
31094,961,38672,ZCTA5 31094
31096,7382,43578,ZCTA5 31096
31097,1272,63808,ZCTA5 31097
31098,3261,84444,ZCTA5 31098
31201,7492,21642,ZCTA5 31201
31204,32285,40228,ZCTA5 31204
31206,25919,28915,ZCTA5 31206
31207,1645,,ZCTA5 31207
31210,33333,76214,ZCTA5 31210
31211,14530,47560,ZCTA5 31211
31213,0,,ZCTA5 31213
31216,17190,67073,ZCTA5 31216
31217,16937,41145,ZCTA5 31217
31220,16335,86141,ZCTA5 31220
31301,4196,46618,ZCTA5 31301
31302,8420,62773,ZCTA5 31302
31303,2009,,ZCTA5 31303
31305,5085,42799,ZCTA5 31305
31307,1566,97857,ZCTA5 31307
31308,8550,62500,ZCTA5 31308
31309,640,49844,ZCTA5 31309
31312,24235,92114,ZCTA5 31312
31313,42281,55579,ZCTA5 31313
31314,1855,,ZCTA5 31314
31315,7835,48538,ZCTA5 31315
31316,12726,59841,ZCTA5 31316
31318,451,58125,ZCTA5 31318
31320,9775,65306,ZCTA5 31320
31321,7669,68689,ZCTA5 31321
31322,27465,90019,ZCTA5 31322
31323,1478,44167,ZCTA5 31323
31324,34004,104411,ZCTA5 31324
31326,23050,76960,ZCTA5 31326
31327,26,,ZCTA5 31327
31328,3369,99729,ZCTA5 31328
31329,9295,62051,ZCTA5 31329
31331,5974,54543,ZCTA5 31331
31333,154,,ZCTA5 31333
31401,20421,49881,ZCTA5 31401
31404,32516,45872,ZCTA5 31404
31405,37751,54197,ZCTA5 31405
31406,34090,62698,ZCTA5 31406
31407,21314,77270,ZCTA5 31407
31408,11465,46635,ZCTA5 31408
31409,630,,ZCTA5 31409
31410,23676,89316,ZCTA5 31410
31411,9387,119670,ZCTA5 31411
31415,12126,35753,ZCTA5 31415
31419,58073,66078,ZCTA5 31419
31421,22,,ZCTA5 31421
31501,13703,38633,ZCTA5 31501
31503,22394,50559,ZCTA5 31503
31510,9113,44438,ZCTA5 31510
31512,2212,72500,ZCTA5 31512
31513,15910,42244,ZCTA5 31513
31516,15495,56825,ZCTA5 31516
31518,810,48807,ZCTA5 31518
31519,3460,45938,ZCTA5 31519
31520,22264,35181,ZCTA5 31520
31522,17453,99738,ZCTA5 31522
31523,14193,86178,ZCTA5 31523
31524,0,,ZCTA5 31524
31525,29500,64856,ZCTA5 31525
31527,946,72689,ZCTA5 31527
31532,595,31053,ZCTA5 31532
31533,17049,45223,ZCTA5 31533
31535,12332,49379,ZCTA5 31535
31537,10155,46159,ZCTA5 31537
31539,14291,41219,ZCTA5 31539
31542,2906,46496,ZCTA5 31542
31543,4483,36648,ZCTA5 31543
31544,423,58158,ZCTA5 31544
31545,15125,41670,ZCTA5 31545
31546,8629,65035,ZCTA5 31546
31547,1524,,ZCTA5 31547
31548,23541,71464,ZCTA5 31548
31549,1643,33906,ZCTA5 31549
31550,816,68472,ZCTA5 31550
31551,982,43676,ZCTA5 31551
31552,991,44224,ZCTA5 31552
31553,4726,43348,ZCTA5 31553
31554,7698,50400,ZCTA5 31554
31555,3292,53438,ZCTA5 31555
31556,70,,ZCTA5 31556
31557,3698,46681,ZCTA5 31557
31558,22179,68360,ZCTA5 31558
31560,2653,44906,ZCTA5 31560
31561,210,87125,ZCTA5 31561
31562,2481,42292,ZCTA5 31562
31563,1423,52083,ZCTA5 31563
31564,0,,ZCTA5 31564
31565,2230,56563,ZCTA5 31565
31566,3957,33785,ZCTA5 31566
31567,1164,,ZCTA5 31567
31568,421,51759,ZCTA5 31568
31569,5110,63810,ZCTA5 31569
31599,0,,ZCTA5 31599
31601,31587,32903,ZCTA5 31601
31602,36019,50502,ZCTA5 31602
31605,23883,69437,ZCTA5 31605
31606,3652,47585,ZCTA5 31606
31620,11334,48177,ZCTA5 31620
31622,1805,47500,ZCTA5 31622
31623,488,28917,ZCTA5 31623
31624,1612,42273,ZCTA5 31624
31625,895,79103,ZCTA5 31625
31626,3179,54464,ZCTA5 31626
31627,263,39000,ZCTA5 31627
31629,1172,59545,ZCTA5 31629
31630,442,35243,ZCTA5 31630
31631,544,68428,ZCTA5 31631
31632,14707,80613,ZCTA5 31632
31634,5329,47778,ZCTA5 31634
31635,7278,40704,ZCTA5 31635
31636,10296,60280,ZCTA5 31636
31637,3003,59097,ZCTA5 31637
31638,1136,28421,ZCTA5 31638
31639,10266,50833,ZCTA5 31639
31641,1727,37875,ZCTA5 31641
31642,4432,39028,ZCTA5 31642
31643,9808,40250,ZCTA5 31643
31645,4765,61806,ZCTA5 31645
31647,3270,42938,ZCTA5 31647
31648,808,39333,ZCTA5 31648
31649,880,,ZCTA5 31649
31650,3369,43804,ZCTA5 31650
31698,821,,ZCTA5 31698
31699,685,,ZCTA5 31699
31701,16667,32611,ZCTA5 31701
31704,159,,ZCTA5 31704
31705,30130,36805,ZCTA5 31705
31707,25119,47286,ZCTA5 31707
31709,16442,37915,ZCTA5 31709
31711,822,37917,ZCTA5 31711
31712,1320,78016,ZCTA5 31712
31714,6267,38815,ZCTA5 31714
31716,2810,54300,ZCTA5 31716
31719,7941,40600,ZCTA5 31719
31720,347,28056,ZCTA5 31720
31721,19453,76243,ZCTA5 31721
31722,724,51518,ZCTA5 31722
31727,0,,ZCTA5 31727
31730,8351,48527,ZCTA5 31730
31733,1339,48750,ZCTA5 31733
31735,544,38889,ZCTA5 31735
31738,2808,62880,ZCTA5 31738
31743,488,38286,ZCTA5 31743
31744,2981,66377,ZCTA5 31744
31747,232,50192,ZCTA5 31747
31749,2513,39274,ZCTA5 31749
31750,17957,37972,ZCTA5 31750
31753,54,,ZCTA5 31753
31756,1460,,ZCTA5 31756
31757,11577,74653,ZCTA5 31757
31763,28118,81838,ZCTA5 31763
31764,1746,81468,ZCTA5 31764
31765,2585,40938,ZCTA5 31765
31768,21299,44113,ZCTA5 31768
31771,6890,59038,ZCTA5 31771
31772,482,51467,ZCTA5 31772
31773,4181,69286,ZCTA5 31773
31774,6150,45625,ZCTA5 31774
31775,3255,54797,ZCTA5 31775
31778,2603,61439,ZCTA5 31778
31779,9576,38571,ZCTA5 31779
31780,1887,36613,ZCTA5 31780
31781,2384,35547,ZCTA5 31781
31783,1564,52885,ZCTA5 31783
31784,874,34673,ZCTA5 31784
31787,1231,72313,ZCTA5 31787
31788,10598,47875,ZCTA5 31788
31789,1281,45539,ZCTA5 31789
31790,2347,52837,ZCTA5 31790
31791,11240,58952,ZCTA5 31791
31792,23013,46414,ZCTA5 31792
31793,9370,73070,ZCTA5 31793
31794,27873,46613,ZCTA5 31794
31795,1770,38021,ZCTA5 31795
31796,1038,50216,ZCTA5 31796
31798,1432,42234,ZCTA5 31798
31801,2907,51810,ZCTA5 31801
31803,4599,44493,ZCTA5 31803
31804,6399,97361,ZCTA5 31804
31805,1961,43646,ZCTA5 31805
31806,4345,54429,ZCTA5 31806
31807,2368,99469,ZCTA5 31807
31808,8573,96970,ZCTA5 31808
31810,177,,ZCTA5 31810
31811,6019,91941,ZCTA5 31811
31812,576,48417,ZCTA5 31812
31814,0,,ZCTA5 31814
31815,3064,45000,ZCTA5 31815
31816,5159,48728,ZCTA5 31816
31820,13004,106131,ZCTA5 31820
31821,60,,ZCTA5 31821
31822,5477,59231,ZCTA5 31822
31823,562,69211,ZCTA5 31823
31824,1233,27192,ZCTA5 31824
31825,2670,42077,ZCTA5 31825
31826,2098,72593,ZCTA5 31826
31827,1958,46632,ZCTA5 31827
31829,1678,130702,ZCTA5 31829
31830,2315,60692,ZCTA5 31830
31831,3553,67391,ZCTA5 31831
31832,130,,ZCTA5 31832
31833,6660,60397,ZCTA5 31833
31836,814,46711,ZCTA5 31836
31901,5793,39865,ZCTA5 31901
31903,20404,27926,ZCTA5 31903
31904,34301,62089,ZCTA5 31904
31905,16419,68635,ZCTA5 31905
31906,20227,38647,ZCTA5 31906
31907,62140,53099,ZCTA5 31907
31909,39578,66488,ZCTA5 31909
32003,29810,117414,ZCTA5 32003
32008,6338,45118,ZCTA5 32008
32009,3582,74098,ZCTA5 32009
32011,15006,70215,ZCTA5 32011
32013,117,,ZCTA5 32013
32024,20155,63013,ZCTA5 32024
32025,23193,51081,ZCTA5 32025
32026,2269,,ZCTA5 32026
32033,4704,81160,ZCTA5 32033
32034,40026,95869,ZCTA5 32034
32038,10208,50098,ZCTA5 32038
32040,8235,66182,ZCTA5 32040
32043,31705,76405,ZCTA5 32043
32044,2026,42693,ZCTA5 32044
32046,11042,69153,ZCTA5 32046
32052,8053,50284,ZCTA5 32052
32053,3706,37965,ZCTA5 32053
32054,12598,65893,ZCTA5 32054
32055,16175,50461,ZCTA5 32055
32058,4607,57716,ZCTA5 32058
32059,2641,48362,ZCTA5 32059
32060,22505,52463,ZCTA5 32060
32061,59,,ZCTA5 32061
32062,1783,41200,ZCTA5 32062
32063,14289,68750,ZCTA5 32063
32064,7641,39931,ZCTA5 32064
32065,40035,91770,ZCTA5 32065
32066,6875,58845,ZCTA5 32066
32068,57372,81030,ZCTA5 32068
32071,3219,43510,ZCTA5 32071
32072,37,,ZCTA5 32072
32073,42135,70975,ZCTA5 32073
32079,439,56250,ZCTA5 32079
32080,21167,87285,ZCTA5 32080
32081,24368,129875,ZCTA5 32081
32082,28697,121484,ZCTA5 32082
32083,2392,58438,ZCTA5 32083
32084,36129,67727,ZCTA5 32084
32086,33817,70571,ZCTA5 32086
32087,5240,66056,ZCTA5 32087
32091,16729,51890,ZCTA5 32091
32092,45098,113589,ZCTA5 32092
32094,3718,64559,ZCTA5 32094
32095,16419,111084,ZCTA5 32095
32096,2875,46875,ZCTA5 32096
32097,21778,83933,ZCTA5 32097
32102,2224,52415,ZCTA5 32102
32110,9424,50528,ZCTA5 32110
32112,8002,42459,ZCTA5 32112
32113,5386,41750,ZCTA5 32113
32114,35583,40726,ZCTA5 32114
32117,29720,49848,ZCTA5 32117
32118,18141,52765,ZCTA5 32118
32119,22935,51484,ZCTA5 32119
32124,7992,83354,ZCTA5 32124
32127,27908,65230,ZCTA5 32127
32128,21829,77589,ZCTA5 32128
32129,23543,60390,ZCTA5 32129
32130,5561,56579,ZCTA5 32130
32131,4381,60850,ZCTA5 32131
32132,8012,48925,ZCTA5 32132
32133,732,134187,ZCTA5 32133
32134,7076,42788,ZCTA5 32134
32136,8349,65772,ZCTA5 32136
32137,46970,73689,ZCTA5 32137
32139,791,58385,ZCTA5 32139
32140,1727,,ZCTA5 32140
32141,18683,61456,ZCTA5 32141
32145,5553,64868,ZCTA5 32145
32147,1427,29671,ZCTA5 32147
32148,10923,43891,ZCTA5 32148
32157,876,36042,ZCTA5 32157
32159,30111,55244,ZCTA5 32159
32162,52752,71894,ZCTA5 32162
32163,27953,89192,ZCTA5 32163
32164,50721,70064,ZCTA5 32164
32168,30074,68964,ZCTA5 32168
32169,10383,86670,ZCTA5 32169
32174,52140,65503,ZCTA5 32174
32176,13882,63975,ZCTA5 32176
32177,26290,45455,ZCTA5 32177
32179,8523,48108,ZCTA5 32179
32180,5000,68236,ZCTA5 32180
32181,3163,38851,ZCTA5 32181
32182,30,,ZCTA5 32182
32187,1221,40111,ZCTA5 32187
32189,5108,42212,ZCTA5 32189
32190,1774,69186,ZCTA5 32190
32192,0,,ZCTA5 32192
32193,1122,47237,ZCTA5 32193
32195,3183,85396,ZCTA5 32195
32202,6393,38042,ZCTA5 32202
32203,0,,ZCTA5 32203
32204,8270,61609,ZCTA5 32204
32205,30913,57758,ZCTA5 32205
32206,16210,35313,ZCTA5 32206
32207,35392,59883,ZCTA5 32207
32208,31368,39511,ZCTA5 32208
32209,36062,28534,ZCTA5 32209
32210,67110,55910,ZCTA5 32210
32211,35863,54058,ZCTA5 32211
32212,1872,45366,ZCTA5 32212
32214,0,,ZCTA5 32214
32216,41010,61536,ZCTA5 32216
32217,20219,58975,ZCTA5 32217
32218,68996,64298,ZCTA5 32218
32219,14145,60100,ZCTA5 32219
32220,12078,77038,ZCTA5 32220
32221,30597,75865,ZCTA5 32221
32222,16869,81045,ZCTA5 32222
32223,25604,90833,ZCTA5 32223
32224,41919,82055,ZCTA5 32224
32225,54073,83324,ZCTA5 32225
32226,18892,97625,ZCTA5 32226
32227,3497,79375,ZCTA5 32227
32228,224,,ZCTA5 32228
32233,24041,79363,ZCTA5 32233
32234,8692,78997,ZCTA5 32234
32244,65499,59848,ZCTA5 32244
32246,58684,74401,ZCTA5 32246
32250,28619,104943,ZCTA5 32250
32254,14338,35295,ZCTA5 32254
32256,51638,69895,ZCTA5 32256
32257,42271,80644,ZCTA5 32257
32258,41595,95926,ZCTA5 32258
32259,66518,142263,ZCTA5 32259
32266,6743,109375,ZCTA5 32266
32277,34880,53931,ZCTA5 32277
32301,33803,47222,ZCTA5 32301
32303,49824,58592,ZCTA5 32303
32304,48568,27876,ZCTA5 32304
32305,20265,49093,ZCTA5 32305
32306,1547,,ZCTA5 32306
32307,1713,,ZCTA5 32307
32308,23125,72383,ZCTA5 32308
32309,33675,96879,ZCTA5 32309
32310,14407,37675,ZCTA5 32310
32311,20442,82392,ZCTA5 32311
32312,32244,113131,ZCTA5 32312
32313,0,,ZCTA5 32313
32317,14515,113973,ZCTA5 32317
32320,3707,60528,ZCTA5 32320
32321,5995,47963,ZCTA5 32321
32322,4253,45625,ZCTA5 32322
32323,104,,ZCTA5 32323
32324,4981,41418,ZCTA5 32324
32327,30090,73829,ZCTA5 32327
32328,3716,57500,ZCTA5 32328
32330,757,43648,ZCTA5 32330
32331,4830,51678,ZCTA5 32331
32332,1097,27256,ZCTA5 32332
32333,11688,58169,ZCTA5 32333
32334,1611,54828,ZCTA5 32334
32336,1370,34840,ZCTA5 32336
32337,81,,ZCTA5 32337
32340,10213,36795,ZCTA5 32340
32343,3517,58393,ZCTA5 32343
32344,12335,49785,ZCTA5 32344
32346,2326,56176,ZCTA5 32346
32347,7052,62411,ZCTA5 32347
32348,12827,46157,ZCTA5 32348
32350,1563,47946,ZCTA5 32350
32351,16563,38955,ZCTA5 32351
32352,5143,47070,ZCTA5 32352
32355,291,47500,ZCTA5 32355
32356,79,,ZCTA5 32356
32358,1521,94583,ZCTA5 32358
32359,1007,45500,ZCTA5 32359
32360,98,38750,ZCTA5 32360
32361,297,112969,ZCTA5 32361
32399,0,,ZCTA5 32399
32401,18120,46603,ZCTA5 32401
32403,746,90104,ZCTA5 32403
32404,40969,66230,ZCTA5 32404
32405,29661,68070,ZCTA5 32405
32407,14710,75093,ZCTA5 32407
32408,18594,64561,ZCTA5 32408
32409,10518,56276,ZCTA5 32409
32410,412,60152,ZCTA5 32410
32413,14820,75970,ZCTA5 32413
32420,2712,46703,ZCTA5 32420
32421,3929,41923,ZCTA5 32421
32423,872,53016,ZCTA5 32423
32424,7516,41400,ZCTA5 32424
32425,13970,41658,ZCTA5 32425
32426,826,37396,ZCTA5 32426
32427,1111,39500,ZCTA5 32427
32428,17801,48984,ZCTA5 32428
32430,732,58860,ZCTA5 32430
32431,4515,54821,ZCTA5 32431
32432,0,,ZCTA5 32432
32433,18387,50424,ZCTA5 32433
32435,6525,68208,ZCTA5 32435
32437,620,47176,ZCTA5 32437
32438,4858,40526,ZCTA5 32438
32439,14572,71685,ZCTA5 32439
32440,8239,52979,ZCTA5 32440
32442,3795,46964,ZCTA5 32442
32443,2850,46274,ZCTA5 32443
32444,21564,84893,ZCTA5 32444
32445,2415,55032,ZCTA5 32445
32446,10676,50185,ZCTA5 32446
32448,7561,31427,ZCTA5 32448
32449,1037,29297,ZCTA5 32449
32455,4239,47547,ZCTA5 32455
32456,7775,67922,ZCTA5 32456
32459,20558,99081,ZCTA5 32459
32460,5488,48000,ZCTA5 32460
32461,2589,154750,ZCTA5 32461
32462,3417,36827,ZCTA5 32462
32463,158,,ZCTA5 32463
32464,3461,54816,ZCTA5 32464
32465,7846,44781,ZCTA5 32465
32466,6167,64424,ZCTA5 32466
32501,10908,35344,ZCTA5 32501
32502,3887,65713,ZCTA5 32502
32503,33875,64857,ZCTA5 32503
32504,21710,69017,ZCTA5 32504
32505,28055,39672,ZCTA5 32505
32506,36066,57302,ZCTA5 32506
32507,32766,64269,ZCTA5 32507
32508,5015,61094,ZCTA5 32508
32509,428,,ZCTA5 32509
32511,1145,,ZCTA5 32511
32512,0,,ZCTA5 32512
32514,43940,64431,ZCTA5 32514
32526,41522,69533,ZCTA5 32526
32530,38,,ZCTA5 32530
32531,7235,79258,ZCTA5 32531
32533,29975,83099,ZCTA5 32533
32534,15448,56517,ZCTA5 32534
32535,5510,39828,ZCTA5 32535
32536,25210,77864,ZCTA5 32536
32539,31392,68183,ZCTA5 32539
32541,18784,89826,ZCTA5 32541
32542,3841,66100,ZCTA5 32542
32544,2315,39068,ZCTA5 32544
32547,34124,61407,ZCTA5 32547
32548,23575,61037,ZCTA5 32548
32550,8722,80000,ZCTA5 32550
32561,9495,118074,ZCTA5 32561
32563,28511,94175,ZCTA5 32563
32564,2350,65750,ZCTA5 32564
32565,5515,77553,ZCTA5 32565
32566,42878,98065,ZCTA5 32566
32567,4837,71205,ZCTA5 32567
32568,3610,65296,ZCTA5 32568
32569,12936,70426,ZCTA5 32569
32570,34755,70335,ZCTA5 32570
32571,39756,84287,ZCTA5 32571
32577,4313,68269,ZCTA5 32577
32578,34022,101422,ZCTA5 32578
32579,10596,92344,ZCTA5 32579
32580,4038,79643,ZCTA5 32580
32583,30534,82416,ZCTA5 32583
32601,22544,29059,ZCTA5 32601
32603,6855,12894,ZCTA5 32603
32605,26313,80939,ZCTA5 32605
32606,23317,77733,ZCTA5 32606
32607,30306,48656,ZCTA5 32607
32608,53301,57249,ZCTA5 32608
32609,18983,45301,ZCTA5 32609
32610,25,,ZCTA5 32610
32612,8795,,ZCTA5 32612
32615,15295,71984,ZCTA5 32615
32616,123,,ZCTA5 32616
32617,4525,45931,ZCTA5 32617
32618,8111,57674,ZCTA5 32618
32619,5004,56019,ZCTA5 32619
32621,5332,49980,ZCTA5 32621
32622,1712,66563,ZCTA5 32622
32625,1628,66938,ZCTA5 32625
32626,8552,45311,ZCTA5 32626
32628,5235,39835,ZCTA5 32628
32631,370,38836,ZCTA5 32631
32634,19,,ZCTA5 32634
32639,261,39727,ZCTA5 32639
32640,10360,54162,ZCTA5 32640
32641,16898,37083,ZCTA5 32641
32643,11590,67923,ZCTA5 32643
32648,316,61346,ZCTA5 32648
32653,15524,86508,ZCTA5 32653
32656,14702,63707,ZCTA5 32656
32658,354,78796,ZCTA5 32658
32664,285,57279,ZCTA5 32664
32666,6313,63395,ZCTA5 32666
32667,4334,72179,ZCTA5 32667
32668,5115,51843,ZCTA5 32668
32669,16100,97639,ZCTA5 32669
32680,10622,45182,ZCTA5 32680
32681,288,51061,ZCTA5 32681
32683,310,60984,ZCTA5 32683
32686,5273,55641,ZCTA5 32686
32692,88,,ZCTA5 32692
32693,11426,58095,ZCTA5 32693
32694,1992,50854,ZCTA5 32694
32696,13915,54688,ZCTA5 32696
32697,185,82083,ZCTA5 32697
32701,24551,61404,ZCTA5 32701
32702,2490,47179,ZCTA5 32702
32703,57046,63693,ZCTA5 32703
32707,38868,64381,ZCTA5 32707
32708,47437,84952,ZCTA5 32708
32709,1545,92550,ZCTA5 32709
32712,49738,97718,ZCTA5 32712
32713,22430,83468,ZCTA5 32713
32714,38306,62581,ZCTA5 32714
32720,33876,67102,ZCTA5 32720
32723,0,,ZCTA5 32723
32724,42326,69060,ZCTA5 32724
32725,50825,67131,ZCTA5 32725
32726,23661,57583,ZCTA5 32726
32730,6410,45169,ZCTA5 32730
32732,5104,109625,ZCTA5 32732
32735,5190,69316,ZCTA5 32735
32736,11925,84043,ZCTA5 32736
32738,47917,72044,ZCTA5 32738
32744,3544,91556,ZCTA5 32744
32746,45331,103941,ZCTA5 32746
32750,25176,81799,ZCTA5 32750
32751,22815,88599,ZCTA5 32751
32754,11399,64855,ZCTA5 32754
32757,31758,70044,ZCTA5 32757
32759,2683,59250,ZCTA5 32759
32763,24852,61447,ZCTA5 32763
32764,2642,80675,ZCTA5 32764
32765,63210,98584,ZCTA5 32765
32766,16425,134831,ZCTA5 32766
32767,3040,64539,ZCTA5 32767
32768,0,,ZCTA5 32768
32771,59134,70388,ZCTA5 32771
32773,32342,61004,ZCTA5 32773
32775,0,,ZCTA5 32775
32776,11681,96136,ZCTA5 32776
32778,24317,57071,ZCTA5 32778
32779,29111,107727,ZCTA5 32779
32780,38552,58940,ZCTA5 32780
32784,10545,67931,ZCTA5 32784
32789,26741,101113,ZCTA5 32789
32792,52120,63365,ZCTA5 32792
32796,20757,59880,ZCTA5 32796
32798,2437,53782,ZCTA5 32798
32801,14778,75646,ZCTA5 32801
32803,22067,92557,ZCTA5 32803
32804,20542,108662,ZCTA5 32804
32805,17791,38885,ZCTA5 32805
32806,26927,89102,ZCTA5 32806
32807,35479,57039,ZCTA5 32807
32808,62827,43726,ZCTA5 32808
32809,29207,50220,ZCTA5 32809
32810,37755,60104,ZCTA5 32810
32811,40191,46772,ZCTA5 32811
32812,35822,66774,ZCTA5 32812
32814,9500,123635,ZCTA5 32814
32816,13835,,ZCTA5 32816
32817,36808,76402,ZCTA5 32817
32818,62566,54178,ZCTA5 32818
32819,27826,86306,ZCTA5 32819
32820,10927,105912,ZCTA5 32820
32821,20034,57098,ZCTA5 32821
32822,68321,51555,ZCTA5 32822
32824,56484,75125,ZCTA5 32824
32825,63056,78321,ZCTA5 32825
32826,28428,59358,ZCTA5 32826
32827,17918,111725,ZCTA5 32827
32828,69778,95943,ZCTA5 32828
32829,19353,90174,ZCTA5 32829
32830,49,118839,ZCTA5 32830
32831,2414,,ZCTA5 32831
32832,31143,110885,ZCTA5 32832
32833,10995,88200,ZCTA5 32833
32835,49890,66970,ZCTA5 32835
32836,23708,112822,ZCTA5 32836
32837,48762,81926,ZCTA5 32837
32839,49304,51516,ZCTA5 32839
32899,0,,ZCTA5 32899
32901,27574,47115,ZCTA5 32901
32903,14604,96438,ZCTA5 32903
32904,36556,85618,ZCTA5 32904
32905,24971,54145,ZCTA5 32905
32907,47823,67002,ZCTA5 32907
32908,14172,63043,ZCTA5 32908
32909,36725,71783,ZCTA5 32909
32920,9961,68642,ZCTA5 32920
32922,15198,44898,ZCTA5 32922
32925,1606,76667,ZCTA5 32925
32926,22379,63391,ZCTA5 32926
32927,27570,76843,ZCTA5 32927
32931,13762,83195,ZCTA5 32931
32934,18030,99758,ZCTA5 32934
32935,41342,61069,ZCTA5 32935
32937,27611,90344,ZCTA5 32937
32940,47030,100792,ZCTA5 32940
32948,6032,48657,ZCTA5 32948
32949,2609,108050,ZCTA5 32949
32950,4666,105938,ZCTA5 32950
32951,11516,80411,ZCTA5 32951
32952,20666,87148,ZCTA5 32952
32953,24924,80537,ZCTA5 32953
32955,39745,82969,ZCTA5 32955
32958,28729,64698,ZCTA5 32958
32959,0,,ZCTA5 32959
32960,23961,49634,ZCTA5 32960
32962,26904,60649,ZCTA5 32962
32963,15117,143438,ZCTA5 32963
32966,19419,65923,ZCTA5 32966
32967,25116,66438,ZCTA5 32967
32968,15456,90058,ZCTA5 32968
32970,252,53929,ZCTA5 32970
32976,9310,46760,ZCTA5 32976
33001,340,59545,ZCTA5 33001
33004,16449,45836,ZCTA5 33004
33009,43893,44949,ZCTA5 33009
33010,42081,41053,ZCTA5 33010
33012,71088,41921,ZCTA5 33012
33013,29830,54842,ZCTA5 33013
33014,40739,69586,ZCTA5 33014
33015,68517,69169,ZCTA5 33015
33016,45620,53180,ZCTA5 33016
33018,55241,83468,ZCTA5 33018
33019,13503,90748,ZCTA5 33019
33020,44914,50339,ZCTA5 33020
33021,50300,66515,ZCTA5 33021
33022,0,,ZCTA5 33022
33023,71749,66834,ZCTA5 33023
33024,73405,72394,ZCTA5 33024
33025,72684,66156,ZCTA5 33025
33026,30868,84007,ZCTA5 33026
33027,63474,67015,ZCTA5 33027
33028,27583,109393,ZCTA5 33028
33029,44876,139461,ZCTA5 33029
33030,36405,37740,ZCTA5 33030
33031,7692,107448,ZCTA5 33031
33032,57327,70706,ZCTA5 33032
33033,68121,61800,ZCTA5 33033
33034,23774,43015,ZCTA5 33034
33035,16788,68881,ZCTA5 33035
33036,3620,91932,ZCTA5 33036
33037,13265,73724,ZCTA5 33037
33039,0,,ZCTA5 33039
33040,36379,80069,ZCTA5 33040
33042,6990,104325,ZCTA5 33042
33043,4547,75455,ZCTA5 33043
33050,10520,74487,ZCTA5 33050
33051,650,103096,ZCTA5 33051
33054,31590,38952,ZCTA5 33054
33055,37977,54869,ZCTA5 33055
33056,37274,58160,ZCTA5 33056
33060,37522,55733,ZCTA5 33060
33062,24805,78267,ZCTA5 33062
33063,55143,58340,ZCTA5 33063
33064,60009,62808,ZCTA5 33064
33065,60600,65145,ZCTA5 33065
33066,16316,53460,ZCTA5 33066
33067,24696,118825,ZCTA5 33067
33068,52792,60649,ZCTA5 33068
33069,29228,57614,ZCTA5 33069
33070,5717,73885,ZCTA5 33070
33071,39677,98722,ZCTA5 33071
33073,33691,94775,ZCTA5 33073
33076,43660,164389,ZCTA5 33076
33101,0,,ZCTA5 33101
33109,792,250001,ZCTA5 33109
33122,1873,84329,ZCTA5 33122
33125,54873,37370,ZCTA5 33125
33126,46798,51733,ZCTA5 33126
33127,28306,39690,ZCTA5 33127
33128,8989,33697,ZCTA5 33128
33129,15184,93343,ZCTA5 33129
33130,32946,55285,ZCTA5 33130
33131,22540,121730,ZCTA5 33131
33132,17136,101518,ZCTA5 33132
33133,34500,87924,ZCTA5 33133
33134,37958,82925,ZCTA5 33134
33135,34742,35185,ZCTA5 33135
33136,16854,35129,ZCTA5 33136
33137,25283,71348,ZCTA5 33137
33138,28609,58990,ZCTA5 33138
33139,35100,60971,ZCTA5 33139
33140,19785,98935,ZCTA5 33140
33141,35967,61205,ZCTA5 33141
33142,59121,35589,ZCTA5 33142
33143,31688,78525,ZCTA5 33143
33144,26596,58382,ZCTA5 33144
33145,29240,68717,ZCTA5 33145
33146,17962,125720,ZCTA5 33146
33147,47065,45092,ZCTA5 33147
33149,14639,169792,ZCTA5 33149
33150,31807,33629,ZCTA5 33150
33154,14557,75540,ZCTA5 33154
33155,43702,82321,ZCTA5 33155
33156,32582,133862,ZCTA5 33156
33157,69152,77994,ZCTA5 33157
33158,6536,177917,ZCTA5 33158
33160,42058,58174,ZCTA5 33160
33161,52824,49159,ZCTA5 33161
33162,48326,54884,ZCTA5 33162
33165,52047,77482,ZCTA5 33165
33166,26364,74819,ZCTA5 33166
33167,22823,56044,ZCTA5 33167
33168,23458,55866,ZCTA5 33168
33169,42156,56415,ZCTA5 33169
33170,14477,62001,ZCTA5 33170
33172,40278,59228,ZCTA5 33172
33173,33026,84644,ZCTA5 33173
33174,34335,55230,ZCTA5 33174
33175,50233,71621,ZCTA5 33175
33176,52719,80612,ZCTA5 33176
33177,56791,74193,ZCTA5 33177
33178,64751,87817,ZCTA5 33178
33179,48196,59920,ZCTA5 33179
33180,32881,84490,ZCTA5 33180
33181,20448,54618,ZCTA5 33181
33182,13163,94129,ZCTA5 33182
33183,34057,64714,ZCTA5 33183
33184,20850,72172,ZCTA5 33184
33185,29530,103401,ZCTA5 33185
33186,68750,81599,ZCTA5 33186
33187,19346,111525,ZCTA5 33187
33189,24575,63250,ZCTA5 33189
33190,16909,71020,ZCTA5 33190
33193,47116,72155,ZCTA5 33193
33194,8617,126910,ZCTA5 33194
33196,54187,89326,ZCTA5 33196
33301,17069,115161,ZCTA5 33301
33304,18923,81266,ZCTA5 33304
33305,12633,85246,ZCTA5 33305
33306,2767,74385,ZCTA5 33306
33308,28406,80445,ZCTA5 33308
33309,37829,68274,ZCTA5 33309
33311,75435,48020,ZCTA5 33311
33312,53409,72955,ZCTA5 33312
33313,62232,43282,ZCTA5 33313
33314,28978,59765,ZCTA5 33314
33315,13253,88034,ZCTA5 33315
33316,11304,93063,ZCTA5 33316
33317,36322,79511,ZCTA5 33317
33319,52000,53705,ZCTA5 33319
33321,50307,60113,ZCTA5 33321
33322,40738,59066,ZCTA5 33322
33323,22506,110395,ZCTA5 33323
33324,49994,80348,ZCTA5 33324
33325,31546,93060,ZCTA5 33325
33326,31514,107899,ZCTA5 33326
33327,23734,158184,ZCTA5 33327
33328,29544,120195,ZCTA5 33328
33330,13619,136839,ZCTA5 33330
33331,25418,136734,ZCTA5 33331
33332,11809,154652,ZCTA5 33332
33334,31047,65379,ZCTA5 33334
33351,35082,66611,ZCTA5 33351
33388,0,,ZCTA5 33388
33401,31625,55238,ZCTA5 33401
33403,13698,63481,ZCTA5 33403
33404,31034,56667,ZCTA5 33404
33405,20377,77583,ZCTA5 33405
33406,26093,66531,ZCTA5 33406
33407,32904,52160,ZCTA5 33407
33408,18839,89299,ZCTA5 33408
33409,33372,60484,ZCTA5 33409
33410,36277,93643,ZCTA5 33410
33411,73919,83770,ZCTA5 33411
33412,15001,123934,ZCTA5 33412
33413,18125,77928,ZCTA5 33413
33414,58842,103525,ZCTA5 33414
33415,51874,53496,ZCTA5 33415
33417,35555,47293,ZCTA5 33417
33418,42997,119156,ZCTA5 33418
33426,23781,74073,ZCTA5 33426
33428,45694,77322,ZCTA5 33428
33430,20503,42968,ZCTA5 33430
33431,22488,101291,ZCTA5 33431
33432,21270,87634,ZCTA5 33432
33433,45580,77733,ZCTA5 33433
33434,21214,68342,ZCTA5 33434
33435,37533,63691,ZCTA5 33435
33436,47606,72164,ZCTA5 33436
33437,38178,73502,ZCTA5 33437
33438,609,70577,ZCTA5 33438
33440,19800,54938,ZCTA5 33440
33441,29576,53080,ZCTA5 33441
33442,32076,51778,ZCTA5 33442
33444,23569,72869,ZCTA5 33444
33445,31283,67500,ZCTA5 33445
33446,27774,67273,ZCTA5 33446
33449,9301,145952,ZCTA5 33449
33455,20936,72735,ZCTA5 33455
33458,56799,104146,ZCTA5 33458
33460,36578,58624,ZCTA5 33460
33461,48575,57762,ZCTA5 33461
33462,32232,67916,ZCTA5 33462
33463,65766,66830,ZCTA5 33463
33467,55101,83238,ZCTA5 33467
33469,14639,96460,ZCTA5 33469
33470,31165,108906,ZCTA5 33470
33471,6759,36043,ZCTA5 33471
33472,18881,85238,ZCTA5 33472
33473,11107,157646,ZCTA5 33473
33476,6999,25521,ZCTA5 33476
33477,11524,104531,ZCTA5 33477
33478,14845,137282,ZCTA5 33478
33480,10853,163929,ZCTA5 33480
33483,12639,112262,ZCTA5 33483
33484,26262,51036,ZCTA5 33484
33486,22991,106343,ZCTA5 33486
33487,21504,87266,ZCTA5 33487
33493,5035,48080,ZCTA5 33493
33496,23549,98843,ZCTA5 33496
33498,16866,124403,ZCTA5 33498
33503,401,,ZCTA5 33503
33510,30103,68487,ZCTA5 33510
33511,58987,70696,ZCTA5 33511
33513,12882,57634,ZCTA5 33513
33514,2582,71000,ZCTA5 33514
33521,788,57031,ZCTA5 33521
33523,18867,56896,ZCTA5 33523
33525,19186,65501,ZCTA5 33525
33527,16342,68713,ZCTA5 33527
33530,18,,ZCTA5 33530
33534,17479,68875,ZCTA5 33534
33538,5599,47306,ZCTA5 33538
33540,10282,46233,ZCTA5 33540
33541,23224,51246,ZCTA5 33541
33542,24573,45099,ZCTA5 33542
33543,35187,101000,ZCTA5 33543
33544,28472,98177,ZCTA5 33544
33545,25721,100031,ZCTA5 33545
33547,30431,116464,ZCTA5 33547
33548,7639,119705,ZCTA5 33548
33549,18016,74094,ZCTA5 33549
33550,0,,ZCTA5 33550
33556,30386,142738,ZCTA5 33556
33558,29098,102821,ZCTA5 33558
33559,19226,81715,ZCTA5 33559
33563,26874,53068,ZCTA5 33563
33565,17767,66210,ZCTA5 33565
33566,22842,69712,ZCTA5 33566
33567,12499,84237,ZCTA5 33567
33569,26189,91154,ZCTA5 33569
33570,32620,67149,ZCTA5 33570
33572,23846,110558,ZCTA5 33572
33573,28491,61635,ZCTA5 33573
33574,1651,,ZCTA5 33574
33576,6076,78114,ZCTA5 33576
33578,55724,75582,ZCTA5 33578
33579,42456,102109,ZCTA5 33579
33584,27863,64993,ZCTA5 33584
33585,1352,59909,ZCTA5 33585
33592,11275,56600,ZCTA5 33592
33594,35824,87241,ZCTA5 33594
33596,28558,108963,ZCTA5 33596
33597,8759,57981,ZCTA5 33597
33598,27978,88231,ZCTA5 33598
33602,17631,88878,ZCTA5 33602
33603,19545,60324,ZCTA5 33603
33604,40328,51918,ZCTA5 33604
33605,16166,32381,ZCTA5 33605
33606,22546,106640,ZCTA5 33606
33607,24257,57581,ZCTA5 33607
33609,18411,105761,ZCTA5 33609
33610,45622,47591,ZCTA5 33610
33611,34877,75718,ZCTA5 33611
33612,50697,41984,ZCTA5 33612
33613,37354,41841,ZCTA5 33613
33614,46844,50168,ZCTA5 33614
33615,48849,61761,ZCTA5 33615
33616,14918,78176,ZCTA5 33616
33617,48987,45719,ZCTA5 33617
33618,28416,74016,ZCTA5 33618
33619,39272,55610,ZCTA5 33619
33620,6451,,ZCTA5 33620
33621,2309,93393,ZCTA5 33621
33624,41661,81241,ZCTA5 33624
33625,28818,80681,ZCTA5 33625
33626,30736,120240,ZCTA5 33626
33629,26625,152044,ZCTA5 33629
33634,22927,64830,ZCTA5 33634
33635,19917,80653,ZCTA5 33635
33637,17507,55748,ZCTA5 33637
33647,72323,103918,ZCTA5 33647
33701,17464,65058,ZCTA5 33701
33702,31119,62271,ZCTA5 33702
33703,25900,98289,ZCTA5 33703
33704,16275,96986,ZCTA5 33704
33705,27426,68821,ZCTA5 33705
33706,15433,103695,ZCTA5 33706
33707,25059,61988,ZCTA5 33707
33708,15222,76684,ZCTA5 33708
33709,24120,48049,ZCTA5 33709
33710,34102,72029,ZCTA5 33710
33711,17984,61488,ZCTA5 33711
33712,25178,58137,ZCTA5 33712
33713,32713,68022,ZCTA5 33713
33714,20370,45820,ZCTA5 33714
33715,7876,103612,ZCTA5 33715
33716,18987,68488,ZCTA5 33716
33744,71,,ZCTA5 33744
33755,27279,50866,ZCTA5 33755
33756,32615,58059,ZCTA5 33756
33759,17607,60781,ZCTA5 33759
33760,20401,56173,ZCTA5 33760
33761,18558,66438,ZCTA5 33761
33762,5103,85472,ZCTA5 33762
33763,21272,50295,ZCTA5 33763
33764,27681,61278,ZCTA5 33764
33765,14578,59965,ZCTA5 33765
33767,7458,97500,ZCTA5 33767
33770,25811,53456,ZCTA5 33770
33771,28412,56275,ZCTA5 33771
33772,23664,71464,ZCTA5 33772
33773,16272,69285,ZCTA5 33773
33774,19629,72022,ZCTA5 33774
33776,13304,98886,ZCTA5 33776
33777,17860,83602,ZCTA5 33777
33778,15651,62369,ZCTA5 33778
33781,26315,51958,ZCTA5 33781
33782,23723,66824,ZCTA5 33782
33785,4871,94638,ZCTA5 33785
33786,1579,133750,ZCTA5 33786
33801,33861,45932,ZCTA5 33801
33803,30230,62701,ZCTA5 33803
33805,26064,51006,ZCTA5 33805
33809,30897,61911,ZCTA5 33809
33810,51427,66045,ZCTA5 33810
33811,25886,83043,ZCTA5 33811
33812,14736,95031,ZCTA5 33812
33813,37582,93306,ZCTA5 33813
33815,13644,33540,ZCTA5 33815
33823,37082,61190,ZCTA5 33823
33825,25393,46017,ZCTA5 33825
33827,2513,62466,ZCTA5 33827
33830,30396,57904,ZCTA5 33830
33834,6371,51154,ZCTA5 33834
33835,57,,ZCTA5 33835
33837,39979,71529,ZCTA5 33837
33838,5226,49118,ZCTA5 33838
33839,3649,75972,ZCTA5 33839
33840,0,,ZCTA5 33840
33841,8440,38466,ZCTA5 33841
33843,10790,49812,ZCTA5 33843
33844,45765,58242,ZCTA5 33844
33847,374,65391,ZCTA5 33847
33848,549,51700,ZCTA5 33848
33849,713,53646,ZCTA5 33849
33850,8876,49801,ZCTA5 33850
33851,988,56938,ZCTA5 33851
33852,21394,54055,ZCTA5 33852
33853,12241,42397,ZCTA5 33853
33854,446,32438,ZCTA5 33854
33855,126,56302,ZCTA5 33855
33856,297,30208,ZCTA5 33856
33857,1160,39659,ZCTA5 33857
33858,573,,ZCTA5 33858
33859,11081,61815,ZCTA5 33859
33860,26658,62429,ZCTA5 33860
33865,866,62689,ZCTA5 33865
33867,76,,ZCTA5 33867
33868,13404,67579,ZCTA5 33868
33870,25314,43915,ZCTA5 33870
33872,12696,67576,ZCTA5 33872
33873,13678,40625,ZCTA5 33873
33875,11129,73243,ZCTA5 33875
33876,6188,53388,ZCTA5 33876
33877,269,,ZCTA5 33877
33880,43732,53569,ZCTA5 33880
33881,38946,51685,ZCTA5 33881
33884,36058,68638,ZCTA5 33884
33890,4821,49219,ZCTA5 33890
33896,20528,67999,ZCTA5 33896
33897,28083,68857,ZCTA5 33897
33898,17066,53717,ZCTA5 33898
33901,24284,46903,ZCTA5 33901
33903,22430,55596,ZCTA5 33903
33904,32345,62177,ZCTA5 33904
33905,39247,68335,ZCTA5 33905
33907,25828,51122,ZCTA5 33907
33908,38844,68445,ZCTA5 33908
33909,36172,73851,ZCTA5 33909
33912,19370,98293,ZCTA5 33912
33913,27056,104877,ZCTA5 33913
33914,43289,72662,ZCTA5 33914
33916,26153,46342,ZCTA5 33916
33917,30512,51070,ZCTA5 33917
33919,28483,67788,ZCTA5 33919
33920,7250,84065,ZCTA5 33920
33921,726,117240,ZCTA5 33921
33922,4235,64461,ZCTA5 33922
33924,161,,ZCTA5 33924
33928,29948,95979,ZCTA5 33928
33930,993,75152,ZCTA5 33930
33931,9150,74838,ZCTA5 33931
33935,22521,47027,ZCTA5 33935
33936,26537,43640,ZCTA5 33936
33944,186,36203,ZCTA5 33944
33946,2704,82358,ZCTA5 33946
33947,9927,60984,ZCTA5 33947
33948,18440,59861,ZCTA5 33948
33950,24702,71357,ZCTA5 33950
33952,34731,52312,ZCTA5 33952
33953,7347,73294,ZCTA5 33953
33954,10393,74221,ZCTA5 33954
33955,10397,73523,ZCTA5 33955
33956,3494,62415,ZCTA5 33956
33957,6420,111683,ZCTA5 33957
33960,581,37500,ZCTA5 33960
33965,3793,25179,ZCTA5 33965
33966,11236,79172,ZCTA5 33966
33967,27887,82732,ZCTA5 33967
33971,28712,69061,ZCTA5 33971
33972,15218,66643,ZCTA5 33972
33973,14585,58989,ZCTA5 33973
33974,19218,60617,ZCTA5 33974
33976,17874,63992,ZCTA5 33976
33980,13071,58919,ZCTA5 33980
33981,14330,66708,ZCTA5 33981
33982,11067,56518,ZCTA5 33982
33983,16637,63213,ZCTA5 33983
33990,34275,67030,ZCTA5 33990
33991,24993,76996,ZCTA5 33991
33993,30572,86117,ZCTA5 33993
34101,0,,ZCTA5 34101
34102,10767,111742,ZCTA5 34102
34103,11214,99615,ZCTA5 34103
34104,24269,67932,ZCTA5 34104
34105,16462,101282,ZCTA5 34105
34108,16401,115182,ZCTA5 34108
34109,25845,88203,ZCTA5 34109
34110,24584,90006,ZCTA5 34110
34112,26597,66692,ZCTA5 34112
34113,24413,72688,ZCTA5 34113
34114,20716,79130,ZCTA5 34114
34116,35710,66302,ZCTA5 34116
34117,19218,101392,ZCTA5 34117
34119,33017,105263,ZCTA5 34119
34120,38191,83636,ZCTA5 34120
34134,15859,121713,ZCTA5 34134
34135,45781,81024,ZCTA5 34135
34137,369,81228,ZCTA5 34137
34138,1061,91080,ZCTA5 34138
34139,143,,ZCTA5 34139
34140,155,,ZCTA5 34140
34141,74,,ZCTA5 34141
34142,34411,55225,ZCTA5 34142
34145,15942,105315,ZCTA5 34145
34201,3912,123105,ZCTA5 34201
34202,26762,114234,ZCTA5 34202
34203,39757,66580,ZCTA5 34203
34205,30966,48859,ZCTA5 34205
34207,34437,47711,ZCTA5 34207
34208,41521,55576,ZCTA5 34208
34209,34089,75739,ZCTA5 34209
34210,16461,56799,ZCTA5 34210
34211,16508,119663,ZCTA5 34211
34212,23754,107699,ZCTA5 34212
34215,683,,ZCTA5 34215
34216,924,95694,ZCTA5 34216
34217,3719,85896,ZCTA5 34217
34219,27838,103000,ZCTA5 34219
34221,52882,71679,ZCTA5 34221
34222,13975,63142,ZCTA5 34222
34223,19116,66268,ZCTA5 34223
34224,15263,52129,ZCTA5 34224
34228,7479,141250,ZCTA5 34228
34229,7575,94496,ZCTA5 34229
34231,32413,67543,ZCTA5 34231
34232,34324,79806,ZCTA5 34232
34233,19179,74365,ZCTA5 34233
34234,21621,54669,ZCTA5 34234
34235,14760,69623,ZCTA5 34235
34236,13347,95231,ZCTA5 34236
34237,17877,61556,ZCTA5 34237
34238,22426,91936,ZCTA5 34238
34239,14812,72079,ZCTA5 34239
34240,14400,120581,ZCTA5 34240
34241,15608,105794,ZCTA5 34241
34242,7602,121006,ZCTA5 34242
34243,31656,77236,ZCTA5 34243
34250,495,145266,ZCTA5 34250
34251,7324,82926,ZCTA5 34251
34266,28420,41328,ZCTA5 34266
34267,56,,ZCTA5 34267
34268,508,,ZCTA5 34268
34269,5274,52473,ZCTA5 34269
34275,20692,78532,ZCTA5 34275
34285,18791,61531,ZCTA5 34285
34286,20571,67867,ZCTA5 34286
34287,26721,63657,ZCTA5 34287
34288,14412,77440,ZCTA5 34288
34289,4692,112576,ZCTA5 34289
34291,8104,87529,ZCTA5 34291
34292,16426,80824,ZCTA5 34292
34293,46782,84110,ZCTA5 34293
34420,18396,50355,ZCTA5 34420
34428,9175,50075,ZCTA5 34428
34429,9448,55797,ZCTA5 34429
34431,8448,47632,ZCTA5 34431
34432,13029,45583,ZCTA5 34432
34433,8128,68072,ZCTA5 34433
34434,9981,54202,ZCTA5 34434
34436,7846,47580,ZCTA5 34436
34442,16674,51216,ZCTA5 34442
34445,0,,ZCTA5 34445
34446,18668,57773,ZCTA5 34446
34448,10607,45685,ZCTA5 34448
34449,3510,49331,ZCTA5 34449
34450,10005,42815,ZCTA5 34450
34452,13592,55122,ZCTA5 34452
34453,10108,50803,ZCTA5 34453
34461,12424,55170,ZCTA5 34461
34465,18121,55256,ZCTA5 34465
34470,20903,47098,ZCTA5 34470
34471,26614,56382,ZCTA5 34471
34472,32528,55798,ZCTA5 34472
34473,22902,68253,ZCTA5 34473
34474,19380,58678,ZCTA5 34474
34475,15084,33817,ZCTA5 34475
34476,25106,62283,ZCTA5 34476
34479,13502,54704,ZCTA5 34479
34480,22956,71410,ZCTA5 34480
34481,24113,50822,ZCTA5 34481
34482,22755,64491,ZCTA5 34482
34484,5090,89563,ZCTA5 34484
34487,0,,ZCTA5 34487
34488,11687,44047,ZCTA5 34488
34491,32062,64546,ZCTA5 34491
34498,629,49833,ZCTA5 34498
34601,23054,49856,ZCTA5 34601
34602,9024,73355,ZCTA5 34602
34604,13689,79316,ZCTA5 34604
34606,27795,52274,ZCTA5 34606
34607,9061,58464,ZCTA5 34607
34608,36398,58194,ZCTA5 34608
34609,44696,71303,ZCTA5 34609
34610,16620,67042,ZCTA5 34610
34613,18071,53544,ZCTA5 34613
34614,8794,84875,ZCTA5 34614
34637,10784,111053,ZCTA5 34637
34638,33183,113625,ZCTA5 34638
34639,29953,98750,ZCTA5 34639
34652,25335,48891,ZCTA5 34652
34653,35319,45795,ZCTA5 34653
34654,23727,61517,ZCTA5 34654
34655,45050,76050,ZCTA5 34655
34661,250,29132,ZCTA5 34661
34667,29836,49334,ZCTA5 34667
34668,49271,43376,ZCTA5 34668
34669,14563,54698,ZCTA5 34669
34677,22634,83034,ZCTA5 34677
34679,144,33962,ZCTA5 34679
34681,994,68000,ZCTA5 34681
34683,34031,85956,ZCTA5 34683
34684,27607,62541,ZCTA5 34684
34685,17869,88867,ZCTA5 34685
34688,9074,110893,ZCTA5 34688
34689,27076,62669,ZCTA5 34689
34690,11876,42088,ZCTA5 34690
34691,19868,45110,ZCTA5 34691
34695,17853,98494,ZCTA5 34695
34698,37838,63824,ZCTA5 34698
34705,3306,65388,ZCTA5 34705
34711,66744,86419,ZCTA5 34711
34714,25047,75029,ZCTA5 34714
34715,24484,83993,ZCTA5 34715
34729,36,,ZCTA5 34729
34731,11911,55379,ZCTA5 34731
34734,4502,76017,ZCTA5 34734
34736,26040,74530,ZCTA5 34736
34737,3862,68348,ZCTA5 34737
34739,782,,ZCTA5 34739
34741,54464,42664,ZCTA5 34741
34743,43330,58871,ZCTA5 34743
34744,60995,63320,ZCTA5 34744
34746,53653,65167,ZCTA5 34746
34747,26021,81019,ZCTA5 34747
34748,43915,50953,ZCTA5 34748
34753,6985,64896,ZCTA5 34753
34756,4065,109327,ZCTA5 34756
34758,44793,62858,ZCTA5 34758
34759,39528,61644,ZCTA5 34759
34760,978,116429,ZCTA5 34760
34761,46233,86016,ZCTA5 34761
34762,319,66250,ZCTA5 34762
34769,29975,57378,ZCTA5 34769
34771,27537,95450,ZCTA5 34771
34772,32268,81169,ZCTA5 34772
34773,4647,71774,ZCTA5 34773
34785,18487,42496,ZCTA5 34785
34786,45914,120117,ZCTA5 34786
34787,86913,108750,ZCTA5 34787
34788,22414,53140,ZCTA5 34788
34797,1304,123003,ZCTA5 34797
34945,5608,66917,ZCTA5 34945
34946,5825,37511,ZCTA5 34946
34947,12992,39375,ZCTA5 34947
34949,7993,83068,ZCTA5 34949
34950,17623,30451,ZCTA5 34950
34951,16853,56870,ZCTA5 34951
34952,41779,57387,ZCTA5 34952
34953,78558,79777,ZCTA5 34953
34956,9531,48138,ZCTA5 34956
34957,22523,68110,ZCTA5 34957
34972,19112,54315,ZCTA5 34972
34974,23601,48462,ZCTA5 34974
34981,6703,77713,ZCTA5 34981
34982,26727,52820,ZCTA5 34982
34983,45943,69031,ZCTA5 34983
34984,18691,74976,ZCTA5 34984
34986,29319,80350,ZCTA5 34986
34987,14507,80065,ZCTA5 34987
34990,30606,114842,ZCTA5 34990
34994,17958,60815,ZCTA5 34994
34996,10755,82655,ZCTA5 34996
34997,45562,72963,ZCTA5 34997
35004,11737,76683,ZCTA5 35004
35005,8194,55017,ZCTA5 35005
35006,3391,63521,ZCTA5 35006
35007,27052,81351,ZCTA5 35007
35010,20406,46730,ZCTA5 35010
35013,97,,ZCTA5 35013
35014,3317,58250,ZCTA5 35014
35016,17532,55440,ZCTA5 35016
35019,2233,58518,ZCTA5 35019
35020,25713,31257,ZCTA5 35020
35022,23237,74951,ZCTA5 35022
35023,25335,67141,ZCTA5 35023
35031,7274,55583,ZCTA5 35031
35032,39,,ZCTA5 35032
35033,3297,47896,ZCTA5 35033
35034,5327,39474,ZCTA5 35034
35035,818,,ZCTA5 35035
35036,110,,ZCTA5 35036
35040,18464,72474,ZCTA5 35040
35042,6127,52209,ZCTA5 35042
35043,14564,106660,ZCTA5 35043
35044,8389,44964,ZCTA5 35044
35045,14496,61822,ZCTA5 35045
35046,5172,66371,ZCTA5 35046
35049,4001,52879,ZCTA5 35049
35051,9879,65563,ZCTA5 35051
35052,257,,ZCTA5 35052
35053,3073,61324,ZCTA5 35053
35054,4649,83315,ZCTA5 35054
35055,22521,56769,ZCTA5 35055
35057,15058,73669,ZCTA5 35057
35058,10555,58631,ZCTA5 35058
35060,296,,ZCTA5 35060
35061,1389,59010,ZCTA5 35061
35062,8623,64669,ZCTA5 35062
35063,3408,53750,ZCTA5 35063
35064,9995,45685,ZCTA5 35064
35068,8016,74066,ZCTA5 35068
35070,122,64196,ZCTA5 35070
35071,17459,78914,ZCTA5 35071
35072,4508,49464,ZCTA5 35072
35073,2898,49960,ZCTA5 35073
35074,112,,ZCTA5 35074
35077,13789,46624,ZCTA5 35077
35078,2089,71348,ZCTA5 35078
35079,9301,73040,ZCTA5 35079
35080,19561,106660,ZCTA5 35080
35082,0,,ZCTA5 35082
35083,3922,46146,ZCTA5 35083
35085,9246,66771,ZCTA5 35085
35087,2923,60197,ZCTA5 35087
35089,1697,56696,ZCTA5 35089
35091,3407,106953,ZCTA5 35091
35094,15406,69548,ZCTA5 35094
35096,8586,70780,ZCTA5 35096
35097,1930,72917,ZCTA5 35097
35098,1161,60670,ZCTA5 35098
35111,19418,81162,ZCTA5 35111
35112,0,,ZCTA5 35112
35114,8548,94778,ZCTA5 35114
35115,16709,54746,ZCTA5 35115
35116,5218,85208,ZCTA5 35116
35117,6002,94907,ZCTA5 35117
35118,3052,67792,ZCTA5 35118
35119,0,,ZCTA5 35119
35120,17943,73186,ZCTA5 35120
35121,16591,51098,ZCTA5 35121
35124,24408,91836,ZCTA5 35124
35125,10759,61865,ZCTA5 35125
35126,21612,79723,ZCTA5 35126
35127,9549,72917,ZCTA5 35127
35128,10264,79226,ZCTA5 35128
35130,3171,46000,ZCTA5 35130
35131,3373,42639,ZCTA5 35131
35133,2922,56853,ZCTA5 35133
35135,1917,56250,ZCTA5 35135
35136,2009,55221,ZCTA5 35136
35143,3122,73788,ZCTA5 35143
35146,12908,79200,ZCTA5 35146
35147,6465,87788,ZCTA5 35147
35148,2418,52991,ZCTA5 35148
35149,77,,ZCTA5 35149
35150,17283,41240,ZCTA5 35150
35151,7289,59489,ZCTA5 35151
35160,26649,44852,ZCTA5 35160
35171,3642,66651,ZCTA5 35171
35172,2842,43125,ZCTA5 35172
35173,31103,114483,ZCTA5 35173
35175,4986,69419,ZCTA5 35175
35176,798,28029,ZCTA5 35176
35178,2632,36065,ZCTA5 35178
35179,8835,62434,ZCTA5 35179
35180,14418,74234,ZCTA5 35180
35181,89,,ZCTA5 35181
35183,1101,71488,ZCTA5 35183
35184,6153,44172,ZCTA5 35184
35185,0,,ZCTA5 35185
35186,5189,89143,ZCTA5 35186
35188,2701,65996,ZCTA5 35188
35203,3157,42596,ZCTA5 35203
35204,9343,30414,ZCTA5 35204
35205,19047,48681,ZCTA5 35205
35206,16477,38671,ZCTA5 35206
35207,6820,27939,ZCTA5 35207
35208,14629,34669,ZCTA5 35208
35209,29884,74742,ZCTA5 35209
35210,13230,70902,ZCTA5 35210
35211,24795,32677,ZCTA5 35211
35212,10136,28216,ZCTA5 35212
35213,15551,137879,ZCTA5 35213
35214,17507,55703,ZCTA5 35214
35215,46738,47975,ZCTA5 35215
35216,38352,68237,ZCTA5 35216
35217,12630,37220,ZCTA5 35217
35218,6962,32095,ZCTA5 35218
35221,3034,33660,ZCTA5 35221
35222,8387,77500,ZCTA5 35222
35223,11226,151550,ZCTA5 35223
35224,5483,43551,ZCTA5 35224
35226,38079,121975,ZCTA5 35226
35228,10016,46114,ZCTA5 35228
35229,2514,,ZCTA5 35229
35233,2787,57740,ZCTA5 35233
35234,4195,23273,ZCTA5 35234
35235,20043,59476,ZCTA5 35235
35242,56466,115541,ZCTA5 35242
35243,18575,102163,ZCTA5 35243
35244,36783,106338,ZCTA5 35244
35249,42,,ZCTA5 35249
35254,1795,,ZCTA5 35254
35401,39168,27497,ZCTA5 35401
35404,23373,44676,ZCTA5 35404
35405,49196,60210,ZCTA5 35405
35406,19062,117945,ZCTA5 35406
35441,907,50714,ZCTA5 35441
35442,5450,30509,ZCTA5 35442
35443,1359,23438,ZCTA5 35443
35444,4012,58750,ZCTA5 35444
35446,2162,50357,ZCTA5 35446
35447,3025,40184,ZCTA5 35447
35452,4018,61422,ZCTA5 35452
35453,12130,69949,ZCTA5 35453
35456,4639,51325,ZCTA5 35456
35457,51,,ZCTA5 35457
35458,912,,ZCTA5 35458
35459,761,31354,ZCTA5 35459
35460,839,27727,ZCTA5 35460
35461,2006,60461,ZCTA5 35461
35462,4234,32973,ZCTA5 35462
35463,2130,75559,ZCTA5 35463
35464,563,14722,ZCTA5 35464
35466,5513,59535,ZCTA5 35466
35469,271,60182,ZCTA5 35469
35470,5045,27441,ZCTA5 35470
35473,19844,70047,ZCTA5 35473
35474,8344,73293,ZCTA5 35474
35475,18908,98313,ZCTA5 35475
35476,8240,60347,ZCTA5 35476
35477,114,,ZCTA5 35477
35480,1828,100000,ZCTA5 35480
35481,3171,43950,ZCTA5 35481
35487,1339,,ZCTA5 35487
35490,4947,73190,ZCTA5 35490
35491,0,,ZCTA5 35491
35501,10126,52927,ZCTA5 35501
35503,10070,58924,ZCTA5 35503
35504,12942,67514,ZCTA5 35504
35540,2228,47230,ZCTA5 35540
35541,4141,42111,ZCTA5 35541
35542,819,32356,ZCTA5 35542
35543,1264,26250,ZCTA5 35543
35544,991,51270,ZCTA5 35544
35545,133,52917,ZCTA5 35545
35546,4065,59604,ZCTA5 35546
35548,1963,45682,ZCTA5 35548
35549,3128,43061,ZCTA5 35549
35550,5288,44516,ZCTA5 35550
35552,1230,63405,ZCTA5 35552
35553,4831,41938,ZCTA5 35553
35554,1246,37388,ZCTA5 35554
35555,9953,45787,ZCTA5 35555
35559,85,25909,ZCTA5 35559
35563,3733,47095,ZCTA5 35563
35564,2090,36929,ZCTA5 35564
35565,10966,48558,ZCTA5 35565
35570,10775,52454,ZCTA5 35570
35571,772,48977,ZCTA5 35571
35572,1448,65674,ZCTA5 35572
35573,13,,ZCTA5 35573
35574,1346,52386,ZCTA5 35574
35575,1090,47759,ZCTA5 35575
35576,3517,64155,ZCTA5 35576
35577,4,,ZCTA5 35577
35578,5029,49500,ZCTA5 35578
35579,3552,43693,ZCTA5 35579
35580,3748,55875,ZCTA5 35580
35581,5904,48025,ZCTA5 35581
35582,4518,37991,ZCTA5 35582
35584,211,23750,ZCTA5 35584
35585,1838,64583,ZCTA5 35585
35586,3703,44100,ZCTA5 35586
35587,734,40288,ZCTA5 35587
35592,4196,41343,ZCTA5 35592
35593,1602,58966,ZCTA5 35593
35594,7094,53651,ZCTA5 35594
35601,34817,46276,ZCTA5 35601
35603,32372,71453,ZCTA5 35603
35610,1739,66150,ZCTA5 35610
35611,28375,54094,ZCTA5 35611
35613,22278,96542,ZCTA5 35613
35614,6753,56415,ZCTA5 35614
35615,0,,ZCTA5 35615
35616,3599,46992,ZCTA5 35616
35618,1891,45820,ZCTA5 35618
35619,4739,62750,ZCTA5 35619
35620,11648,80145,ZCTA5 35620
35621,3242,80938,ZCTA5 35621
35622,6650,54891,ZCTA5 35622
35630,33252,41174,ZCTA5 35630
35632,837,,ZCTA5 35632
35633,20720,65385,ZCTA5 35633
35634,10272,71475,ZCTA5 35634
35640,26909,69233,ZCTA5 35640
35643,4008,50966,ZCTA5 35643
35645,13575,81364,ZCTA5 35645
35646,4038,54837,ZCTA5 35646
35647,989,93793,ZCTA5 35647
35648,3184,66897,ZCTA5 35648
35649,93,,ZCTA5 35649
35650,13101,54230,ZCTA5 35650
35651,1384,72552,ZCTA5 35651
35652,9268,66512,ZCTA5 35652
35653,10956,52648,ZCTA5 35653
35654,8314,43327,ZCTA5 35654
35660,9433,40357,ZCTA5 35660
35661,18982,68659,ZCTA5 35661
35670,7181,52284,ZCTA5 35670
35671,1526,58246,ZCTA5 35671
35672,5387,53204,ZCTA5 35672
35673,7698,71587,ZCTA5 35673
35674,20214,56882,ZCTA5 35674
35677,1891,41923,ZCTA5 35677
35739,5013,60526,ZCTA5 35739
35740,3342,42012,ZCTA5 35740
35741,4206,88979,ZCTA5 35741
35744,2113,44020,ZCTA5 35744
35745,99,22212,ZCTA5 35745
35746,747,43803,ZCTA5 35746
35747,6229,80833,ZCTA5 35747
35748,7170,90500,ZCTA5 35748
35749,28121,107188,ZCTA5 35749
35750,14255,72052,ZCTA5 35750
35751,245,,ZCTA5 35751
35752,2220,41339,ZCTA5 35752
35754,5555,90417,ZCTA5 35754
35755,404,39471,ZCTA5 35755
35756,23425,124874,ZCTA5 35756
35757,17622,106897,ZCTA5 35757
35758,48043,103914,ZCTA5 35758
35759,11627,96433,ZCTA5 35759
35760,4847,67500,ZCTA5 35760
35761,13032,72768,ZCTA5 35761
35763,19203,122929,ZCTA5 35763
35764,523,41061,ZCTA5 35764
35765,4582,61146,ZCTA5 35765
35766,245,77396,ZCTA5 35766
35768,12328,46386,ZCTA5 35768
35769,9832,56136,ZCTA5 35769
35771,3018,51389,ZCTA5 35771
35772,4855,38333,ZCTA5 35772
35773,13784,62188,ZCTA5 35773
35774,118,75750,ZCTA5 35774
35775,555,47905,ZCTA5 35775
35776,3651,46875,ZCTA5 35776
35801,24002,97643,ZCTA5 35801
35802,23508,68352,ZCTA5 35802
35803,28210,89714,ZCTA5 35803
35805,20907,30365,ZCTA5 35805
35806,27549,75637,ZCTA5 35806
35808,1112,124028,ZCTA5 35808
35810,31668,46285,ZCTA5 35810
35811,28841,81754,ZCTA5 35811
35816,15569,36885,ZCTA5 35816
35824,9767,107828,ZCTA5 35824
35896,527,,ZCTA5 35896
35901,18818,43638,ZCTA5 35901
35903,17717,51119,ZCTA5 35903
35904,13482,42738,ZCTA5 35904
35905,6221,67321,ZCTA5 35905
35906,10429,60373,ZCTA5 35906
35907,9235,70919,ZCTA5 35907
35950,21156,57867,ZCTA5 35950
35951,13486,47775,ZCTA5 35951
35952,8948,46002,ZCTA5 35952
35953,6557,63802,ZCTA5 35953
35954,12594,52313,ZCTA5 35954
35956,8207,56397,ZCTA5 35956
35957,16269,46799,ZCTA5 35957
35958,3290,41883,ZCTA5 35958
35959,4234,41275,ZCTA5 35959
35960,9101,45925,ZCTA5 35960
35961,6271,43063,ZCTA5 35961
35962,8391,56838,ZCTA5 35962
35963,1608,66288,ZCTA5 35963
35966,3360,39239,ZCTA5 35966
35967,17257,45639,ZCTA5 35967
35968,4870,54766,ZCTA5 35968
35971,5043,52930,ZCTA5 35971
35972,1293,,ZCTA5 35972
35973,3336,62204,ZCTA5 35973
35974,1695,60127,ZCTA5 35974
35975,1400,43333,ZCTA5 35975
35976,16769,63551,ZCTA5 35976
35978,5877,51276,ZCTA5 35978
35979,744,30547,ZCTA5 35979
35980,6420,55720,ZCTA5 35980
35981,1806,41620,ZCTA5 35981
35983,3426,60639,ZCTA5 35983
35984,1489,41078,ZCTA5 35984
35986,8415,60755,ZCTA5 35986
35987,2599,62039,ZCTA5 35987
35988,2028,41000,ZCTA5 35988
35989,3590,47138,ZCTA5 35989
35990,0,,ZCTA5 35990
36003,2420,31719,ZCTA5 36003
36005,1536,43167,ZCTA5 36005
36006,1909,,ZCTA5 36006
36008,0,,ZCTA5 36008
36009,2142,42434,ZCTA5 36009
36010,5209,39071,ZCTA5 36010
36013,391,176406,ZCTA5 36013
36016,4429,57734,ZCTA5 36016
36017,3211,31167,ZCTA5 36017
36020,1080,54375,ZCTA5 36020
36022,16150,81276,ZCTA5 36022
36024,5305,55170,ZCTA5 36024
36025,7120,51875,ZCTA5 36025
36026,1294,86321,ZCTA5 36026
36027,14887,39419,ZCTA5 36027
36028,1653,38482,ZCTA5 36028
36029,813,58409,ZCTA5 36029
36030,316,32768,ZCTA5 36030
36031,23,,ZCTA5 36031
36032,2408,31080,ZCTA5 36032
36033,3513,38500,ZCTA5 36033
36034,715,39773,ZCTA5 36034
36035,2019,48354,ZCTA5 36035
36036,1904,47500,ZCTA5 36036
36037,13177,47707,ZCTA5 36037
36038,144,9145,ZCTA5 36038
36039,261,49107,ZCTA5 36039
36040,3748,32438,ZCTA5 36040
36041,1506,42882,ZCTA5 36041
36042,1389,81607,ZCTA5 36042
36043,3800,87813,ZCTA5 36043
36046,1358,43289,ZCTA5 36046
36047,859,,ZCTA5 36047
36048,1240,24289,ZCTA5 36048
36049,5403,51839,ZCTA5 36049
36051,3308,76250,ZCTA5 36051
36052,674,125000,ZCTA5 36052
36053,2505,45403,ZCTA5 36053
36054,15233,53371,ZCTA5 36054
36057,108,,ZCTA5 36057
36064,13007,122500,ZCTA5 36064
36066,21626,78271,ZCTA5 36066
36067,27436,63836,ZCTA5 36067
36069,1987,44643,ZCTA5 36069
36071,467,47708,ZCTA5 36071
36075,1642,45032,ZCTA5 36075
36078,13398,61574,ZCTA5 36078
36079,8998,53846,ZCTA5 36079
36080,2551,77866,ZCTA5 36080
36081,16008,39133,ZCTA5 36081
36082,823,,ZCTA5 36082
36083,9385,40295,ZCTA5 36083
36088,3451,32885,ZCTA5 36088
36089,7740,29275,ZCTA5 36089
36091,3887,46236,ZCTA5 36091
36092,21053,74719,ZCTA5 36092
36093,11769,117243,ZCTA5 36093
36101,49,,ZCTA5 36101
36104,10132,31231,ZCTA5 36104
36105,9668,42696,ZCTA5 36105
36106,15081,69512,ZCTA5 36106
36107,7464,29922,ZCTA5 36107
36108,15271,27338,ZCTA5 36108
36109,23935,58053,ZCTA5 36109
36110,11245,38860,ZCTA5 36110
36111,13033,57958,ZCTA5 36111
36112,239,70625,ZCTA5 36112
36113,1444,112321,ZCTA5 36113
36114,0,,ZCTA5 36114
36115,1083,91667,ZCTA5 36115
36116,45445,52015,ZCTA5 36116
36117,53559,73919,ZCTA5 36117
36130,0,,ZCTA5 36130
36201,16794,31807,ZCTA5 36201
36203,18579,61519,ZCTA5 36203
36205,1108,25667,ZCTA5 36205
36206,10730,53895,ZCTA5 36206
36207,19750,66949,ZCTA5 36207
36250,4419,81023,ZCTA5 36250
36251,5291,44970,ZCTA5 36251
36255,901,60417,ZCTA5 36255
36256,1376,55500,ZCTA5 36256
36258,1609,54227,ZCTA5 36258
36260,4602,65440,ZCTA5 36260
36262,1752,55375,ZCTA5 36262
36263,520,,ZCTA5 36263
36264,8341,52482,ZCTA5 36264
36265,21802,49924,ZCTA5 36265
36266,6276,46094,ZCTA5 36266
36267,222,,ZCTA5 36267
36268,6424,62466,ZCTA5 36268
36269,1350,41867,ZCTA5 36269
36271,6106,63088,ZCTA5 36271
36272,13048,49474,ZCTA5 36272
36273,3300,56016,ZCTA5 36273
36274,10162,44100,ZCTA5 36274
36276,2841,43000,ZCTA5 36276
36277,5531,67019,ZCTA5 36277
36278,4056,44864,ZCTA5 36278
36279,2932,67344,ZCTA5 36279
36280,4285,77716,ZCTA5 36280
36301,38101,47414,ZCTA5 36301
36303,30390,51982,ZCTA5 36303
36305,17309,79618,ZCTA5 36305
36310,6071,38514,ZCTA5 36310
36311,2761,44926,ZCTA5 36311
36312,6066,49643,ZCTA5 36312
36313,122,,ZCTA5 36313
36314,560,55058,ZCTA5 36314
36316,2177,87703,ZCTA5 36316
36317,703,63281,ZCTA5 36317
36318,1302,61875,ZCTA5 36318
36319,2404,59375,ZCTA5 36319
36320,3213,39640,ZCTA5 36320
36321,2156,56964,ZCTA5 36321
36322,8186,46590,ZCTA5 36322
36323,7941,41907,ZCTA5 36323
36330,38461,69544,ZCTA5 36330
36340,5235,45922,ZCTA5 36340
36343,1391,47083,ZCTA5 36343
36344,5872,53566,ZCTA5 36344
36345,8977,73750,ZCTA5 36345
36346,1309,57308,ZCTA5 36346
36350,7958,52417,ZCTA5 36350
36351,3670,64107,ZCTA5 36351
36352,5682,69429,ZCTA5 36352
36353,1704,43125,ZCTA5 36353
36360,19053,48654,ZCTA5 36360
36362,5422,72681,ZCTA5 36362
36370,973,52000,ZCTA5 36370
36371,447,39250,ZCTA5 36371
36373,435,31188,ZCTA5 36373
36374,572,65139,ZCTA5 36374
36375,7242,47247,ZCTA5 36375
36376,2253,46985,ZCTA5 36376
36401,7579,38324,ZCTA5 36401
36420,10429,47935,ZCTA5 36420
36421,9717,57018,ZCTA5 36421
36425,719,33281,ZCTA5 36425
36426,15932,48314,ZCTA5 36426
36432,1718,44390,ZCTA5 36432
36435,433,41458,ZCTA5 36435
36436,718,63571,ZCTA5 36436
36439,82,74464,ZCTA5 36439
36441,3505,42500,ZCTA5 36441
36442,3456,43594,ZCTA5 36442
36444,626,58000,ZCTA5 36444
36445,5115,37450,ZCTA5 36445
36446,451,54583,ZCTA5 36446
36451,4348,47083,ZCTA5 36451
36453,2583,44099,ZCTA5 36453
36454,30,105556,ZCTA5 36454
36455,304,33583,ZCTA5 36455
36456,1705,47500,ZCTA5 36456
36460,9483,37409,ZCTA5 36460
36467,10057,43244,ZCTA5 36467
36470,0,,ZCTA5 36470
36471,826,29554,ZCTA5 36471
36473,171,,ZCTA5 36473
36474,2496,39348,ZCTA5 36474
36475,2173,43641,ZCTA5 36475
36476,40,,ZCTA5 36476
36477,4276,46020,ZCTA5 36477
36480,1735,66103,ZCTA5 36480
36481,240,20568,ZCTA5 36481
36482,825,,ZCTA5 36482
36483,588,58869,ZCTA5 36483
36502,16132,35808,ZCTA5 36502
36503,1294,,ZCTA5 36503
36505,1176,89514,ZCTA5 36505
36507,20603,50147,ZCTA5 36507
36509,1575,39375,ZCTA5 36509
36511,620,85588,ZCTA5 36511
36512,20,,ZCTA5 36512
36513,409,,ZCTA5 36513
36518,2256,65125,ZCTA5 36518
36521,5804,67114,ZCTA5 36521
36522,7101,46888,ZCTA5 36522
36523,3139,55815,ZCTA5 36523
36524,1193,36875,ZCTA5 36524
36525,2035,61550,ZCTA5 36525
36526,34611,82573,ZCTA5 36526
36527,19942,111334,ZCTA5 36527
36528,1793,62000,ZCTA5 36528
36529,193,123056,ZCTA5 36529
36530,6272,54766,ZCTA5 36530
36532,35824,84886,ZCTA5 36532
36535,37703,61158,ZCTA5 36535
36538,406,37865,ZCTA5 36538
36539,451,62639,ZCTA5 36539
36540,1050,27254,ZCTA5 36540
36541,15601,77577,ZCTA5 36541
36542,17089,63305,ZCTA5 36542
36543,8,,ZCTA5 36543
36544,11726,52268,ZCTA5 36544
36545,8818,52027,ZCTA5 36545
36547,0,,ZCTA5 36547
36548,1220,97917,ZCTA5 36548
36549,6048,64722,ZCTA5 36549
36550,368,,ZCTA5 36550
36551,12416,70346,ZCTA5 36551
36553,3498,50000,ZCTA5 36553
36555,1298,88333,ZCTA5 36555
36556,44,,ZCTA5 36556
36558,4042,58962,ZCTA5 36558
36559,375,72783,ZCTA5 36559
36560,3211,42125,ZCTA5 36560
36561,8952,90778,ZCTA5 36561
36562,1456,36632,ZCTA5 36562
36564,0,,ZCTA5 36564
36567,14313,61678,ZCTA5 36567
36568,85,,ZCTA5 36568
36569,706,50625,ZCTA5 36569
36571,16497,63513,ZCTA5 36571
36572,6770,88438,ZCTA5 36572
36574,1636,43137,ZCTA5 36574
36575,21680,66830,ZCTA5 36575
36576,4360,85156,ZCTA5 36576
36578,1217,67857,ZCTA5 36578
36579,1649,64732,ZCTA5 36579
36580,6574,49844,ZCTA5 36580
36581,232,,ZCTA5 36581
36582,23964,58333,ZCTA5 36582
36583,505,46638,ZCTA5 36583
36584,654,,ZCTA5 36584
36585,917,63350,ZCTA5 36585
36587,12967,60772,ZCTA5 36587
36602,928,30795,ZCTA5 36602
36603,8562,24612,ZCTA5 36603
36604,9080,58952,ZCTA5 36604
36605,25732,40802,ZCTA5 36605
36606,19672,50748,ZCTA5 36606
36607,5853,42389,ZCTA5 36607
36608,36281,59400,ZCTA5 36608
36609,23552,46173,ZCTA5 36609
36610,10024,27464,ZCTA5 36610
36611,6398,38985,ZCTA5 36611
36612,3877,34575,ZCTA5 36612
36613,12326,49056,ZCTA5 36613
36615,0,,ZCTA5 36615
36617,12162,37379,ZCTA5 36617
36618,17386,52341,ZCTA5 36618
36619,14658,57545,ZCTA5 36619
36652,58,,ZCTA5 36652
36663,112,,ZCTA5 36663
36688,1693,7609,ZCTA5 36688
36693,18804,67048,ZCTA5 36693
36695,51877,72825,ZCTA5 36695
36701,21940,41528,ZCTA5 36701
36703,10883,28337,ZCTA5 36703
36720,753,20536,ZCTA5 36720
36722,98,,ZCTA5 36722
36723,455,35625,ZCTA5 36723
36726,5016,38427,ZCTA5 36726
36727,168,,ZCTA5 36727
36728,604,18491,ZCTA5 36728
36732,7985,52524,ZCTA5 36732
36736,1436,34500,ZCTA5 36736
36738,870,24609,ZCTA5 36738
36740,1220,,ZCTA5 36740
36741,0,,ZCTA5 36741
36742,2801,43232,ZCTA5 36742
36744,5703,29857,ZCTA5 36744
36748,2697,46149,ZCTA5 36748
36749,608,21651,ZCTA5 36749
36750,2659,43846,ZCTA5 36750
36751,416,41705,ZCTA5 36751
36752,1081,42500,ZCTA5 36752
36753,0,,ZCTA5 36753
36754,284,,ZCTA5 36754
36756,5570,37758,ZCTA5 36756
36758,1805,48276,ZCTA5 36758
36759,1683,27390,ZCTA5 36759
36761,754,26528,ZCTA5 36761
36763,186,82917,ZCTA5 36763
36764,0,,ZCTA5 36764
36765,1128,47984,ZCTA5 36765
36766,19,,ZCTA5 36766
36767,1434,30608,ZCTA5 36767
36768,1029,37614,ZCTA5 36768
36769,1927,40505,ZCTA5 36769
36773,283,32989,ZCTA5 36773
36775,1117,55341,ZCTA5 36775
36776,1992,,ZCTA5 36776
36782,2004,58438,ZCTA5 36782
36783,627,41944,ZCTA5 36783
36784,6112,49186,ZCTA5 36784
36785,742,40515,ZCTA5 36785
36786,2055,24492,ZCTA5 36786
36790,534,,ZCTA5 36790
36792,800,33350,ZCTA5 36792
36793,859,92981,ZCTA5 36793
36801,23479,55728,ZCTA5 36801
36804,19917,54504,ZCTA5 36804
36830,47050,63292,ZCTA5 36830
36832,28917,32974,ZCTA5 36832
36849,5397,,ZCTA5 36849
36850,2731,41611,ZCTA5 36850
36851,0,,ZCTA5 36851
36852,2281,73832,ZCTA5 36852
36853,8579,60158,ZCTA5 36853
36854,15643,58324,ZCTA5 36854
36855,1331,56220,ZCTA5 36855
36856,8769,66994,ZCTA5 36856
36858,405,33750,ZCTA5 36858
36860,1710,46725,ZCTA5 36860
36861,2703,61563,ZCTA5 36861
36862,5986,44014,ZCTA5 36862
36863,12370,46120,ZCTA5 36863
36865,46,62656,ZCTA5 36865
36866,4188,59086,ZCTA5 36866
36867,21700,46401,ZCTA5 36867
36869,23052,47823,ZCTA5 36869
36870,18812,69766,ZCTA5 36870
36871,1027,41850,ZCTA5 36871
36874,10373,54478,ZCTA5 36874
36875,3679,53735,ZCTA5 36875
36877,12933,62859,ZCTA5 36877
36879,3000,108015,ZCTA5 36879
36901,49,,ZCTA5 36901
36904,4196,41419,ZCTA5 36904
36907,1572,32426,ZCTA5 36907
36908,1885,64375,ZCTA5 36908
36910,14,,ZCTA5 36910
36912,1558,53000,ZCTA5 36912
36913,54,,ZCTA5 36913
36915,574,32941,ZCTA5 36915
36916,689,28792,ZCTA5 36916
36919,1764,51196,ZCTA5 36919
36921,919,26111,ZCTA5 36921
36922,805,112778,ZCTA5 36922
36925,2961,35481,ZCTA5 36925
37010,5429,110532,ZCTA5 37010
37012,2340,53042,ZCTA5 37012
37013,99800,67270,ZCTA5 37013
37014,3316,106179,ZCTA5 37014
37015,19104,70271,ZCTA5 37015
37016,935,61979,ZCTA5 37016
37018,2608,57734,ZCTA5 37018
37019,844,43636,ZCTA5 37019
37020,4993,73654,ZCTA5 37020
37022,6163,66648,ZCTA5 37022
37023,1569,72768,ZCTA5 37023
37025,6178,77996,ZCTA5 37025
37026,2397,40189,ZCTA5 37026
37027,62116,148564,ZCTA5 37027
37028,421,47143,ZCTA5 37028
37029,7042,90889,ZCTA5 37029
37030,7595,53412,ZCTA5 37030
37031,4089,80417,ZCTA5 37031
37032,5822,84912,ZCTA5 37032
37033,8136,54541,ZCTA5 37033
37034,7546,78705,ZCTA5 37034
37035,3718,77713,ZCTA5 37035
37036,6507,68893,ZCTA5 37036
37037,9284,102339,ZCTA5 37037
37040,60377,62035,ZCTA5 37040
37042,83409,61609,ZCTA5 37042
37043,55127,88299,ZCTA5 37043
37046,6674,155224,ZCTA5 37046
37047,2619,66116,ZCTA5 37047
37048,6613,90652,ZCTA5 37048
37049,3886,87625,ZCTA5 37049
37050,1667,52200,ZCTA5 37050
37051,3948,57717,ZCTA5 37051
37052,2183,66385,ZCTA5 37052
37055,28161,65016,ZCTA5 37055
37057,573,35060,ZCTA5 37057
37058,7800,58114,ZCTA5 37058
37059,1588,57656,ZCTA5 37059
37060,2714,90750,ZCTA5 37060
37061,5205,53719,ZCTA5 37061
37062,13194,84453,ZCTA5 37062
37064,63374,114859,ZCTA5 37064
37066,59554,73381,ZCTA5 37066
37067,31953,105403,ZCTA5 37067
37069,19571,141032,ZCTA5 37069
37072,32364,72370,ZCTA5 37072
37073,14500,81983,ZCTA5 37073
37074,11006,61776,ZCTA5 37074
37075,72102,94234,ZCTA5 37075
37076,38095,68894,ZCTA5 37076
37078,596,48194,ZCTA5 37078
37079,2711,61685,ZCTA5 37079
37080,7106,77391,ZCTA5 37080
37082,5606,91895,ZCTA5 37082
37083,15790,54796,ZCTA5 37083
37085,5304,109245,ZCTA5 37085
37086,36772,73853,ZCTA5 37086
37087,53068,74665,ZCTA5 37087
37090,16982,74028,ZCTA5 37090
37091,23650,57170,ZCTA5 37091
37095,2279,57738,ZCTA5 37095
37096,6055,60417,ZCTA5 37096
37097,1895,53750,ZCTA5 37097
37098,5961,51300,ZCTA5 37098
37101,6669,63125,ZCTA5 37101
37110,33384,52532,ZCTA5 37110
37115,41926,55313,ZCTA5 37115
37118,1274,80556,ZCTA5 37118
37122,65251,109308,ZCTA5 37122
37127,20734,81270,ZCTA5 37127
37128,73657,85544,ZCTA5 37128
37129,60448,84076,ZCTA5 37129
37130,58119,57425,ZCTA5 37130
37132,2757,,ZCTA5 37132
37134,2993,72917,ZCTA5 37134
37135,22693,140024,ZCTA5 37135
37137,2477,37747,ZCTA5 37137
37138,23297,87465,ZCTA5 37138
37140,1501,,ZCTA5 37140
37141,1517,69191,ZCTA5 37141
37142,1516,40357,ZCTA5 37142
37143,4069,85446,ZCTA5 37143
37144,3222,69531,ZCTA5 37144
37145,2556,63185,ZCTA5 37145
37146,7537,98491,ZCTA5 37146
37148,25029,72141,ZCTA5 37148
37149,2130,65881,ZCTA5 37149
37150,4183,33717,ZCTA5 37150
37151,443,92674,ZCTA5 37151
37153,5425,81681,ZCTA5 37153
37160,36057,56400,ZCTA5 37160
37165,38,24028,ZCTA5 37165
37166,14051,45677,ZCTA5 37166
37167,62284,76446,ZCTA5 37167
37171,1555,,ZCTA5 37171
37172,31173,62608,ZCTA5 37172
37174,47859,96200,ZCTA5 37174
37175,850,46632,ZCTA5 37175
37178,2009,49643,ZCTA5 37178
37179,17454,128265,ZCTA5 37179
37180,4189,81444,ZCTA5 37180
37181,1481,90086,ZCTA5 37181
37183,3183,67750,ZCTA5 37183
37184,6992,67005,ZCTA5 37184
37185,9125,50403,ZCTA5 37185
37186,11091,54495,ZCTA5 37186
37187,7888,67092,ZCTA5 37187
37188,16774,85731,ZCTA5 37188
37189,4139,88804,ZCTA5 37189
37190,8766,58042,ZCTA5 37190
37191,4317,91443,ZCTA5 37191
37201,1566,106460,ZCTA5 37201
37203,18903,63834,ZCTA5 37203
37204,17234,104987,ZCTA5 37204
37205,25711,136100,ZCTA5 37205
37206,29389,80915,ZCTA5 37206
37207,40144,59973,ZCTA5 37207
37208,20410,59050,ZCTA5 37208
37209,38126,68898,ZCTA5 37209
37210,16509,41736,ZCTA5 37210
37211,74389,64856,ZCTA5 37211
37212,20759,83458,ZCTA5 37212
37213,32,,ZCTA5 37213
37214,31752,71582,ZCTA5 37214
37215,22363,148074,ZCTA5 37215
37216,19164,74693,ZCTA5 37216
37217,30450,57084,ZCTA5 37217
37218,15115,55813,ZCTA5 37218
37219,1609,96776,ZCTA5 37219
37220,6153,150132,ZCTA5 37220
37221,43400,96623,ZCTA5 37221
37228,2296,65930,ZCTA5 37228
37232,0,,ZCTA5 37232
37238,0,,ZCTA5 37238
37301,1098,39363,ZCTA5 37301
37302,5239,83819,ZCTA5 37302
37303,25101,58466,ZCTA5 37303
37305,782,65089,ZCTA5 37305
37306,2230,58108,ZCTA5 37306
37307,5073,69286,ZCTA5 37307
37308,2663,67140,ZCTA5 37308
37309,2312,59375,ZCTA5 37309
37310,4009,73984,ZCTA5 37310
37311,28995,45589,ZCTA5 37311
37312,37452,70095,ZCTA5 37312
37313,1385,39951,ZCTA5 37313
37315,1765,,ZCTA5 37315
37316,0,,ZCTA5 37316
37317,2779,48581,ZCTA5 37317
37318,2323,34932,ZCTA5 37318
37321,20672,56844,ZCTA5 37321
37322,8658,56136,ZCTA5 37322
37323,31188,65572,ZCTA5 37323
37324,4907,42071,ZCTA5 37324
37325,1685,53750,ZCTA5 37325
37326,467,,ZCTA5 37326
37327,12165,55417,ZCTA5 37327
37328,1719,68864,ZCTA5 37328
37329,6460,58804,ZCTA5 37329
37330,6899,57384,ZCTA5 37330
37331,7495,57604,ZCTA5 37331
37332,1977,53500,ZCTA5 37332
37333,463,30029,ZCTA5 37333
37334,24051,59052,ZCTA5 37334
37335,2692,83648,ZCTA5 37335
37336,4858,61729,ZCTA5 37336
37337,828,47321,ZCTA5 37337
37338,3169,50368,ZCTA5 37338
37339,1670,47791,ZCTA5 37339
37340,207,48036,ZCTA5 37340
37341,14178,88234,ZCTA5 37341
37342,3968,62660,ZCTA5 37342
37343,44039,79088,ZCTA5 37343
37345,2541,49125,ZCTA5 37345
37347,8452,56094,ZCTA5 37347
37348,790,44693,ZCTA5 37348
37350,2128,181458,ZCTA5 37350
37351,408,37056,ZCTA5 37351
37352,3452,68448,ZCTA5 37352
37353,4926,58669,ZCTA5 37353
37354,17273,50838,ZCTA5 37354
37355,29152,60907,ZCTA5 37355
37356,2403,55048,ZCTA5 37356
37357,5552,53962,ZCTA5 37357
37359,1075,64141,ZCTA5 37359
37360,1741,79700,ZCTA5 37360
37361,1966,66297,ZCTA5 37361
37362,3618,42478,ZCTA5 37362
37363,40195,91350,ZCTA5 37363
37365,1902,49737,ZCTA5 37365
37366,1026,59271,ZCTA5 37366
37367,11565,55684,ZCTA5 37367
37369,451,38194,ZCTA5 37369
37370,5204,61195,ZCTA5 37370
37373,3332,53981,ZCTA5 37373
37374,1971,56307,ZCTA5 37374
37375,3898,72708,ZCTA5 37375
37376,294,2499,ZCTA5 37376
37377,16508,111228,ZCTA5 37377
37379,28593,80017,ZCTA5 37379
37380,6270,51341,ZCTA5 37380
37381,10167,52194,ZCTA5 37381
37383,326,,ZCTA5 37383
37385,8495,58827,ZCTA5 37385
37387,4040,55448,ZCTA5 37387
37388,27036,56972,ZCTA5 37388
37391,1792,39656,ZCTA5 37391
37394,79,45250,ZCTA5 37394
37396,192,,ZCTA5 37396
37397,10180,59366,ZCTA5 37397
37398,15207,59187,ZCTA5 37398
37402,4167,30178,ZCTA5 37402
37403,6494,64583,ZCTA5 37403
37404,13848,50308,ZCTA5 37404
37405,18456,72766,ZCTA5 37405
37406,12986,39031,ZCTA5 37406
37407,9827,32255,ZCTA5 37407
37408,2727,70438,ZCTA5 37408
37409,3494,69620,ZCTA5 37409
37410,3440,26333,ZCTA5 37410
37411,18710,49645,ZCTA5 37411
37412,21840,53409,ZCTA5 37412
37415,22928,66776,ZCTA5 37415
37416,13823,58170,ZCTA5 37416
37419,6092,76431,ZCTA5 37419
37421,52507,76562,ZCTA5 37421
37450,0,,ZCTA5 37450
37601,38223,47633,ZCTA5 37601
37604,37090,47171,ZCTA5 37604
37614,2632,,ZCTA5 37614
37615,22268,74161,ZCTA5 37615
37616,5344,49643,ZCTA5 37616
37617,14519,67839,ZCTA5 37617
37618,12792,53158,ZCTA5 37618
37620,38245,50154,ZCTA5 37620
37640,3517,49965,ZCTA5 37640
37641,9139,58764,ZCTA5 37641
37642,15138,59525,ZCTA5 37642
37643,33773,47665,ZCTA5 37643
37645,5486,64971,ZCTA5 37645
37650,12980,51556,ZCTA5 37650
37656,3652,58542,ZCTA5 37656
37657,1057,67951,ZCTA5 37657
37658,3714,44814,ZCTA5 37658
37659,28040,67272,ZCTA5 37659
37660,39481,45453,ZCTA5 37660
37663,13658,75302,ZCTA5 37663
37664,28804,58977,ZCTA5 37664
37665,5540,43744,ZCTA5 37665
37680,454,46203,ZCTA5 37680
37681,6122,49844,ZCTA5 37681
37682,520,,ZCTA5 37682
37683,13686,48302,ZCTA5 37683
37686,8848,82242,ZCTA5 37686
37687,4159,47629,ZCTA5 37687
37688,945,43429,ZCTA5 37688
37690,4966,67296,ZCTA5 37690
37691,555,,ZCTA5 37691
37692,4769,45245,ZCTA5 37692
37694,2069,56375,ZCTA5 37694
37701,9073,65012,ZCTA5 37701
37705,5540,73090,ZCTA5 37705
37708,6365,43260,ZCTA5 37708
37709,3746,56830,ZCTA5 37709
37710,1041,27500,ZCTA5 37710
37711,5115,42163,ZCTA5 37711
37713,1378,38018,ZCTA5 37713
37714,4259,47120,ZCTA5 37714
37715,744,24063,ZCTA5 37715
37716,26391,57777,ZCTA5 37716
37719,10,,ZCTA5 37719
37721,14522,60422,ZCTA5 37721
37722,7417,43464,ZCTA5 37722
37723,1273,56540,ZCTA5 37723
37724,2673,31676,ZCTA5 37724
37725,18023,61897,ZCTA5 37725
37726,2258,65387,ZCTA5 37726
37727,1994,50872,ZCTA5 37727
37729,1547,55568,ZCTA5 37729
37730,29,,ZCTA5 37730
37731,630,42875,ZCTA5 37731
37732,32,,ZCTA5 37732
37733,0,,ZCTA5 37733
37737,6458,75565,ZCTA5 37737
37738,5197,55280,ZCTA5 37738
37742,6600,83799,ZCTA5 37742
37743,23822,50629,ZCTA5 37743
37745,20852,51823,ZCTA5 37745
37748,16700,54229,ZCTA5 37748
37752,6102,50542,ZCTA5 37752
37753,985,51375,ZCTA5 37753
37754,3513,57212,ZCTA5 37754
37755,2920,46141,ZCTA5 37755
37756,3109,33722,ZCTA5 37756
37757,10313,57302,ZCTA5 37757
37760,13887,56593,ZCTA5 37760
37762,2431,41421,ZCTA5 37762
37763,16377,77647,ZCTA5 37763
37764,10901,61732,ZCTA5 37764
37765,734,46250,ZCTA5 37765
37766,17786,45117,ZCTA5 37766
37769,5469,48750,ZCTA5 37769
37770,2855,46332,ZCTA5 37770
37771,17802,53564,ZCTA5 37771
37772,13597,87958,ZCTA5 37772
37774,19713,78568,ZCTA5 37774
37777,13252,70398,ZCTA5 37777
37779,3376,48993,ZCTA5 37779
37801,27006,63983,ZCTA5 37801
37803,33061,76703,ZCTA5 37803
37804,27224,73912,ZCTA5 37804
37806,2884,53500,ZCTA5 37806
37807,11008,56981,ZCTA5 37807
37809,2288,60000,ZCTA5 37809
37810,2051,39025,ZCTA5 37810
37811,4184,48108,ZCTA5 37811
37813,17188,41590,ZCTA5 37813
37814,34894,49686,ZCTA5 37814
37818,5218,44632,ZCTA5 37818
37819,516,38750,ZCTA5 37819
37820,7269,57584,ZCTA5 37820
37821,21751,42622,ZCTA5 37821
37825,8916,50333,ZCTA5 37825
37826,3960,58007,ZCTA5 37826
37828,1447,71917,ZCTA5 37828
37829,1782,76563,ZCTA5 37829
37830,32164,66954,ZCTA5 37830
37840,10451,58559,ZCTA5 37840
37841,9658,41790,ZCTA5 37841
37843,4549,64474,ZCTA5 37843
37845,428,25972,ZCTA5 37845
37846,4374,66950,ZCTA5 37846
37847,2903,42697,ZCTA5 37847
37848,135,,ZCTA5 37848
37849,29022,77864,ZCTA5 37849
37851,0,,ZCTA5 37851
37852,3049,34809,ZCTA5 37852
37853,3401,63427,ZCTA5 37853
37854,12168,52386,ZCTA5 37854
37857,20759,51809,ZCTA5 37857
37860,3966,61536,ZCTA5 37860
37861,8256,47326,ZCTA5 37861
37862,22148,55114,ZCTA5 37862
37863,6525,52434,ZCTA5 37863
37865,24924,83274,ZCTA5 37865
37866,2090,83359,ZCTA5 37866
37869,4877,31056,ZCTA5 37869
37870,3633,38672,ZCTA5 37870
37871,9487,70417,ZCTA5 37871
37872,2122,46618,ZCTA5 37872
37873,4207,37860,ZCTA5 37873
37874,15961,48864,ZCTA5 37874
37876,32489,56957,ZCTA5 37876
37877,8857,73659,ZCTA5 37877
37878,722,49777,ZCTA5 37878
37879,11459,39982,ZCTA5 37879
37880,3717,61902,ZCTA5 37880
37881,1829,42685,ZCTA5 37881
37882,2729,51595,ZCTA5 37882
37885,5855,69712,ZCTA5 37885
37886,4401,65313,ZCTA5 37886
37887,6783,50118,ZCTA5 37887
37888,3623,46250,ZCTA5 37888
37890,7427,63490,ZCTA5 37890
37891,3741,44002,ZCTA5 37891
37892,1980,37875,ZCTA5 37892
37902,2384,62500,ZCTA5 37902
37909,16868,58339,ZCTA5 37909
37912,22051,42080,ZCTA5 37912
37914,20579,50495,ZCTA5 37914
37915,5318,21639,ZCTA5 37915
37916,14864,18586,ZCTA5 37916
37917,25418,47245,ZCTA5 37917
37918,45741,65721,ZCTA5 37918
37919,30956,71923,ZCTA5 37919
37920,42537,58430,ZCTA5 37920
37921,28571,55517,ZCTA5 37921
37922,39373,122773,ZCTA5 37922
37923,31364,67828,ZCTA5 37923
37924,14092,67394,ZCTA5 37924
37929,0,,ZCTA5 37929
37931,30463,90247,ZCTA5 37931
37932,21117,104270,ZCTA5 37932
37934,27675,126402,ZCTA5 37934
37938,17366,81140,ZCTA5 37938
38001,4225,51154,ZCTA5 38001
38002,42797,109364,ZCTA5 38002
38004,11604,89396,ZCTA5 38004
38006,5589,62823,ZCTA5 38006
38007,0,,ZCTA5 38007
38008,8567,40313,ZCTA5 38008
38011,10337,69544,ZCTA5 38011
38012,13095,41702,ZCTA5 38012
38015,2250,53286,ZCTA5 38015
38016,46394,72749,ZCTA5 38016
38017,55570,131354,ZCTA5 38017
38018,38338,82355,ZCTA5 38018
38019,15466,57124,ZCTA5 38019
38021,10,,ZCTA5 38021
38023,5365,71403,ZCTA5 38023
38024,25767,52475,ZCTA5 38024
38028,7576,136779,ZCTA5 38028
38029,37,,ZCTA5 38029
38030,219,94934,ZCTA5 38030
38034,3343,55321,ZCTA5 38034
38036,208,,ZCTA5 38036
38037,1582,39625,ZCTA5 38037
38039,1600,40263,ZCTA5 38039
38040,4848,46554,ZCTA5 38040
38041,4525,50886,ZCTA5 38041
38042,655,45329,ZCTA5 38042
38044,528,43906,ZCTA5 38044
38046,10,58125,ZCTA5 38046
38047,206,56250,ZCTA5 38047
38049,4123,55658,ZCTA5 38049
38050,521,60559,ZCTA5 38050
38052,3838,48377,ZCTA5 38052
38053,25556,57012,ZCTA5 38053
38054,159,,ZCTA5 38054
38057,3488,85487,ZCTA5 38057
38058,10067,76875,ZCTA5 38058
38059,8595,54750,ZCTA5 38059
38060,11713,80478,ZCTA5 38060
38061,995,35083,ZCTA5 38061
38063,15569,46929,ZCTA5 38063
38066,3570,92162,ZCTA5 38066
38067,1660,44208,ZCTA5 38067
38068,10801,67538,ZCTA5 38068
38069,2791,51211,ZCTA5 38069
38070,67,55767,ZCTA5 38070
38075,7103,49375,ZCTA5 38075
38076,779,74000,ZCTA5 38076
38077,0,,ZCTA5 38077
38079,4599,30172,ZCTA5 38079
38080,2591,38427,ZCTA5 38080
38103,13981,89851,ZCTA5 38103
38104,23408,53351,ZCTA5 38104
38105,5215,26250,ZCTA5 38105
38106,23140,29098,ZCTA5 38106
38107,14509,34325,ZCTA5 38107
38108,17629,29757,ZCTA5 38108
38109,45204,35018,ZCTA5 38109
38111,42322,50151,ZCTA5 38111
38112,16334,49560,ZCTA5 38112
38113,0,,ZCTA5 38113
38114,22112,29492,ZCTA5 38114
38115,36574,39176,ZCTA5 38115
38116,40212,42354,ZCTA5 38116
38117,26430,91680,ZCTA5 38117
38118,39373,41830,ZCTA5 38118
38119,22990,92500,ZCTA5 38119
38120,13554,112700,ZCTA5 38120
38122,24014,45065,ZCTA5 38122
38125,43305,80116,ZCTA5 38125
38126,6034,19844,ZCTA5 38126
38127,40565,34781,ZCTA5 38127
38128,44400,40497,ZCTA5 38128
38131,0,,ZCTA5 38131
38132,57,,ZCTA5 38132
38133,21383,74775,ZCTA5 38133
38134,42789,57630,ZCTA5 38134
38135,30917,88987,ZCTA5 38135
38138,25465,122627,ZCTA5 38138
38139,16627,174396,ZCTA5 38139
38141,23123,67584,ZCTA5 38141
38152,719,,ZCTA5 38152
38201,10267,44828,ZCTA5 38201
38220,1969,44009,ZCTA5 38220
38221,3042,50208,ZCTA5 38221
38222,2355,51418,ZCTA5 38222
38224,860,55714,ZCTA5 38224
38225,5711,53393,ZCTA5 38225
38226,199,20042,ZCTA5 38226
38229,2517,55625,ZCTA5 38229
38230,3897,44385,ZCTA5 38230
38231,1827,41932,ZCTA5 38231
38232,2182,44292,ZCTA5 38232
38233,2685,51414,ZCTA5 38233
38235,208,42386,ZCTA5 38235
38236,774,68793,ZCTA5 38236
38237,15517,46123,ZCTA5 38237
38240,1816,53750,ZCTA5 38240
38241,901,57656,ZCTA5 38241
38242,19575,45459,ZCTA5 38242
38251,3432,52188,ZCTA5 38251
38253,991,62700,ZCTA5 38253
38254,0,,ZCTA5 38254
38255,2449,48964,ZCTA5 38255
38256,3055,52535,ZCTA5 38256
38257,4344,54170,ZCTA5 38257
38258,1468,51318,ZCTA5 38258
38259,723,34167,ZCTA5 38259
38260,3684,50560,ZCTA5 38260
38261,16325,50576,ZCTA5 38261
38301,33459,37692,ZCTA5 38301
38305,52527,63477,ZCTA5 38305
38310,6527,44133,ZCTA5 38310
38311,815,66818,ZCTA5 38311
38313,3710,76671,ZCTA5 38313
38315,4091,48162,ZCTA5 38315
38316,2994,46584,ZCTA5 38316
38317,2401,41675,ZCTA5 38317
38318,482,86000,ZCTA5 38318
38320,10773,49774,ZCTA5 38320
38321,2953,48272,ZCTA5 38321
38326,2688,46745,ZCTA5 38326
38327,564,31776,ZCTA5 38327
38328,1054,93750,ZCTA5 38328
38329,3177,50500,ZCTA5 38329
38330,4055,48359,ZCTA5 38330
38332,1047,61528,ZCTA5 38332
38333,176,,ZCTA5 38333
38334,1788,70125,ZCTA5 38334
38337,1315,59637,ZCTA5 38337
38338,79,57969,ZCTA5 38338
38339,437,38036,ZCTA5 38339
38340,12256,56804,ZCTA5 38340
38341,2316,43375,ZCTA5 38341
38342,1328,36037,ZCTA5 38342
38343,15763,51843,ZCTA5 38343
38344,8453,50883,ZCTA5 38344
38345,1497,53438,ZCTA5 38345
38347,544,39107,ZCTA5 38347
38348,673,27214,ZCTA5 38348
38351,18210,52933,ZCTA5 38351
38352,712,,ZCTA5 38352
38355,7946,98832,ZCTA5 38355
38356,2867,62928,ZCTA5 38356
38357,3399,48922,ZCTA5 38357
38358,12466,54514,ZCTA5 38358
38359,316,46125,ZCTA5 38359
38361,1185,57582,ZCTA5 38361
38362,1002,62257,ZCTA5 38362
38363,5509,45750,ZCTA5 38363
38365,0,,ZCTA5 38365
38366,2444,80163,ZCTA5 38366
38367,2702,48250,ZCTA5 38367
38368,2049,55294,ZCTA5 38368
38369,1700,48239,ZCTA5 38369
38370,959,61719,ZCTA5 38370
38371,967,40000,ZCTA5 38371
38372,17468,48537,ZCTA5 38372
38374,1979,36389,ZCTA5 38374
38375,8260,45785,ZCTA5 38375
38376,253,42652,ZCTA5 38376
38379,1596,45563,ZCTA5 38379
38380,370,51042,ZCTA5 38380
38381,1649,48750,ZCTA5 38381
38382,8190,53406,ZCTA5 38382
38387,361,58000,ZCTA5 38387
38388,1307,59031,ZCTA5 38388
38389,58,36250,ZCTA5 38389
38390,1258,46204,ZCTA5 38390
38391,1647,69286,ZCTA5 38391
38392,783,52031,ZCTA5 38392
38401,65393,66047,ZCTA5 38401
38425,3545,44813,ZCTA5 38425
38449,3259,60341,ZCTA5 38449
38450,2817,35694,ZCTA5 38450
38451,4320,72500,ZCTA5 38451
38452,815,,ZCTA5 38452
38453,347,,ZCTA5 38453
38454,953,55644,ZCTA5 38454
38455,157,,ZCTA5 38455
38456,4732,58182,ZCTA5 38456
38457,616,58603,ZCTA5 38457
38459,460,88125,ZCTA5 38459
38460,1715,74063,ZCTA5 38460
38461,1221,55386,ZCTA5 38461
38462,10145,43730,ZCTA5 38462
38463,2802,65036,ZCTA5 38463
38464,23178,44848,ZCTA5 38464
38468,5748,60083,ZCTA5 38468
38469,4347,56940,ZCTA5 38469
38471,244,,ZCTA5 38471
38472,2463,65319,ZCTA5 38472
38473,1061,61667,ZCTA5 38473
38474,8931,55765,ZCTA5 38474
38475,746,52122,ZCTA5 38475
38476,1146,122636,ZCTA5 38476
38477,2962,52589,ZCTA5 38477
38478,18545,55383,ZCTA5 38478
38481,883,39479,ZCTA5 38481
38482,1696,68890,ZCTA5 38482
38483,6733,56685,ZCTA5 38483
38485,6361,53104,ZCTA5 38485
38486,1195,44188,ZCTA5 38486
38487,779,91875,ZCTA5 38487
38488,1887,69457,ZCTA5 38488
38501,41930,49373,ZCTA5 38501
38503,0,,ZCTA5 38503
38504,590,73854,ZCTA5 38504
38505,887,,ZCTA5 38505
38506,29243,60588,ZCTA5 38506
38541,1714,38000,ZCTA5 38541
38542,0,,ZCTA5 38542
38543,412,110750,ZCTA5 38543
38544,7283,62557,ZCTA5 38544
38545,1391,57402,ZCTA5 38545
38547,1718,68254,ZCTA5 38547
38548,1156,58664,ZCTA5 38548
38549,4115,44612,ZCTA5 38549
38550,0,,ZCTA5 38550
38551,4141,35334,ZCTA5 38551
38552,242,65625,ZCTA5 38552
38553,2694,54885,ZCTA5 38553
38554,777,35714,ZCTA5 38554
38555,21627,51697,ZCTA5 38555
38556,11684,41641,ZCTA5 38556
38558,9470,68281,ZCTA5 38558
38559,1410,45625,ZCTA5 38559
38560,1531,58068,ZCTA5 38560
38562,6681,39402,ZCTA5 38562
38563,2520,54708,ZCTA5 38563
38564,413,37326,ZCTA5 38564
38565,1034,39750,ZCTA5 38565
38567,1057,93990,ZCTA5 38567
38568,1867,65446,ZCTA5 38568
38569,309,,ZCTA5 38569
38570,10113,37761,ZCTA5 38570
38571,14217,56523,ZCTA5 38571
38572,11514,52787,ZCTA5 38572
38573,1958,57734,ZCTA5 38573
38574,8602,49404,ZCTA5 38574
38575,916,56776,ZCTA5 38575
38577,1579,43167,ZCTA5 38577
38578,190,34167,ZCTA5 38578
38579,1491,47905,ZCTA5 38579
38580,1543,71023,ZCTA5 38580
38581,3816,44354,ZCTA5 38581
38582,1936,70833,ZCTA5 38582
38583,25269,50582,ZCTA5 38583
38585,4643,43247,ZCTA5 38585
38587,1113,36816,ZCTA5 38587
38588,1098,42317,ZCTA5 38588
38589,248,52750,ZCTA5 38589
38601,2303,38681,ZCTA5 38601
38603,2742,44545,ZCTA5 38603
38606,15509,59444,ZCTA5 38606
38610,2905,36834,ZCTA5 38610
38611,17023,55758,ZCTA5 38611
38614,16530,36225,ZCTA5 38614
38617,803,21579,ZCTA5 38617
38618,11221,47205,ZCTA5 38618
38619,6037,32039,ZCTA5 38619
38620,3671,59803,ZCTA5 38620
38621,1869,33013,ZCTA5 38621
38622,704,31250,ZCTA5 38622
38623,157,,ZCTA5 38623
38625,1781,37107,ZCTA5 38625
38626,966,40324,ZCTA5 38626
38627,1439,47237,ZCTA5 38627
38629,1884,60063,ZCTA5 38629
38631,1275,27083,ZCTA5 38631
38632,29491,80956,ZCTA5 38632
38633,2624,37500,ZCTA5 38633
38635,15608,55723,ZCTA5 38635
38637,26652,57111,ZCTA5 38637
38639,611,29875,ZCTA5 38639
38641,2030,76406,ZCTA5 38641
38642,2047,56768,ZCTA5 38642
38643,1338,26625,ZCTA5 38643
38644,74,65000,ZCTA5 38644
38645,946,56000,ZCTA5 38645
38646,2720,40295,ZCTA5 38646
38647,767,25125,ZCTA5 38647
38650,4757,59453,ZCTA5 38650
38651,8536,109399,ZCTA5 38651
38652,15071,54879,ZCTA5 38652
38654,56449,96145,ZCTA5 38654
38655,45290,59963,ZCTA5 38655
38658,2049,66146,ZCTA5 38658
38659,2012,43302,ZCTA5 38659
38661,1492,47278,ZCTA5 38661
38663,11868,48519,ZCTA5 38663
38664,3292,45133,ZCTA5 38664
38665,3071,65720,ZCTA5 38665
38666,5716,38900,ZCTA5 38666
38668,14076,67077,ZCTA5 38668
38670,994,36196,ZCTA5 38670
38671,37288,58854,ZCTA5 38671
38672,15602,103692,ZCTA5 38672
38673,1142,86677,ZCTA5 38673
38674,1404,50000,ZCTA5 38674
38676,5608,37880,ZCTA5 38676
38677,4589,,ZCTA5 38677
38680,6389,65106,ZCTA5 38680
38683,3564,36799,ZCTA5 38683
38685,1120,49861,ZCTA5 38685
38701,21738,36358,ZCTA5 38701
38703,11835,34186,ZCTA5 38703
38720,656,55903,ZCTA5 38720
38721,851,34265,ZCTA5 38721
38722,257,20809,ZCTA5 38722
38723,41,,ZCTA5 38723
38725,1164,,ZCTA5 38725
38726,364,29766,ZCTA5 38726
38730,1568,58750,ZCTA5 38730
38731,20,,ZCTA5 38731
38732,16741,44095,ZCTA5 38732
38733,35,,ZCTA5 38733
38736,485,40875,ZCTA5 38736
38737,3025,27326,ZCTA5 38737
38738,3057,,ZCTA5 38738
38740,386,46481,ZCTA5 38740
38744,478,19194,ZCTA5 38744
38745,229,,ZCTA5 38745
38746,437,23000,ZCTA5 38746
38748,3037,43777,ZCTA5 38748
38751,10455,37176,ZCTA5 38751
38753,1341,53553,ZCTA5 38753
38754,1143,33125,ZCTA5 38754
38756,6317,48682,ZCTA5 38756
38759,1319,48750,ZCTA5 38759
38760,982,48750,ZCTA5 38760
38761,2001,31940,ZCTA5 38761
38762,2198,32864,ZCTA5 38762
38764,270,39279,ZCTA5 38764
38765,69,2499,ZCTA5 38765
38767,124,,ZCTA5 38767
38768,59,,ZCTA5 38768
38769,2035,18542,ZCTA5 38769
38771,2693,48406,ZCTA5 38771
38772,100,168636,ZCTA5 38772
38773,2918,29488,ZCTA5 38773
38774,1809,28235,ZCTA5 38774
38776,0,,ZCTA5 38776
38778,1435,37833,ZCTA5 38778
38781,135,,ZCTA5 38781
38801,29680,60141,ZCTA5 38801
38804,16824,61070,ZCTA5 38804
38821,12222,57206,ZCTA5 38821
38824,8250,47411,ZCTA5 38824
38826,5332,79696,ZCTA5 38826
38827,3534,44259,ZCTA5 38827
38828,4890,54583,ZCTA5 38828
38829,17749,51013,ZCTA5 38829
38833,2293,51528,ZCTA5 38833
38834,27521,48031,ZCTA5 38834
38838,1225,,ZCTA5 38838
38839,22,,ZCTA5 38839
38841,3864,49241,ZCTA5 38841
38843,11463,52083,ZCTA5 38843
38844,242,61389,ZCTA5 38844
38846,1855,57604,ZCTA5 38846
38847,3997,55207,ZCTA5 38847
38848,939,60417,ZCTA5 38848
38849,5195,69068,ZCTA5 38849
38850,2800,38152,ZCTA5 38850
38851,9475,39544,ZCTA5 38851
38852,8459,43030,ZCTA5 38852
38855,5205,70590,ZCTA5 38855
38856,1577,70625,ZCTA5 38856
38857,4536,96379,ZCTA5 38857
38858,6315,60365,ZCTA5 38858
38859,702,87796,ZCTA5 38859
38860,6056,44759,ZCTA5 38860
38862,2444,56964,ZCTA5 38862
38863,18465,54641,ZCTA5 38863
38864,2147,51750,ZCTA5 38864
38865,5466,44871,ZCTA5 38865
38866,11961,67827,ZCTA5 38866
38868,4958,44429,ZCTA5 38868
38869,295,60000,ZCTA5 38869
38870,2509,54562,ZCTA5 38870
38871,2316,73409,ZCTA5 38871
38873,2691,57632,ZCTA5 38873
38876,1237,50476,ZCTA5 38876
38878,2563,45275,ZCTA5 38878
38879,56,,ZCTA5 38879
38901,18263,44820,ZCTA5 38901
38913,493,,ZCTA5 38913
38914,679,51944,ZCTA5 38914
38915,3410,46949,ZCTA5 38915
38916,4479,40163,ZCTA5 38916
38917,3644,65934,ZCTA5 38917
38920,553,,ZCTA5 38920
38921,4923,39428,ZCTA5 38921
38922,3092,31890,ZCTA5 38922
38923,910,69423,ZCTA5 38923
38924,366,29336,ZCTA5 38924
38925,1812,33906,ZCTA5 38925
38927,1290,52920,ZCTA5 38927
38928,284,11544,ZCTA5 38928
38929,2154,62956,ZCTA5 38929
38930,23682,34072,ZCTA5 38930
38940,1662,50852,ZCTA5 38940
38941,3538,27273,ZCTA5 38941
38943,480,40114,ZCTA5 38943
38944,241,37153,ZCTA5 38944
38946,186,17292,ZCTA5 38946
38947,22,,ZCTA5 38947
38948,2194,31302,ZCTA5 38948
38949,298,61379,ZCTA5 38949
38950,765,,ZCTA5 38950
38951,867,37312,ZCTA5 38951
38952,406,64643,ZCTA5 38952
38953,239,33895,ZCTA5 38953
38954,904,,ZCTA5 38954
38957,552,59118,ZCTA5 38957
38961,560,35962,ZCTA5 38961
38962,0,,ZCTA5 38962
38963,3334,32486,ZCTA5 38963
38964,46,,ZCTA5 38964
38965,8807,52418,ZCTA5 38965
38966,560,24550,ZCTA5 38966
38967,6875,29242,ZCTA5 38967
39038,5474,32723,ZCTA5 39038
39039,2351,56169,ZCTA5 39039
39040,3325,50833,ZCTA5 39040
39041,3535,39553,ZCTA5 39041
39042,38379,87587,ZCTA5 39042
39044,2828,70524,ZCTA5 39044
39045,1387,37017,ZCTA5 39045
39046,28460,46565,ZCTA5 39046
39047,40490,94433,ZCTA5 39047
39051,15238,41647,ZCTA5 39051
39054,414,40000,ZCTA5 39054
39056,27760,71667,ZCTA5 39056
39057,2315,43906,ZCTA5 39057
39058,427,,ZCTA5 39058
39059,12185,52583,ZCTA5 39059
39061,0,,ZCTA5 39061
39062,535,31786,ZCTA5 39062
39063,2935,24851,ZCTA5 39063
39066,4949,43553,ZCTA5 39066
39067,1076,48364,ZCTA5 39067
39069,4875,30318,ZCTA5 39069
39071,6654,66522,ZCTA5 39071
39073,21215,70759,ZCTA5 39073
39074,13684,44555,ZCTA5 39074
39078,935,58097,ZCTA5 39078
39079,1544,22868,ZCTA5 39079
39082,893,53313,ZCTA5 39082
39083,8745,40407,ZCTA5 39083
39086,1728,27083,ZCTA5 39086
39088,19,,ZCTA5 39088
39090,12510,41026,ZCTA5 39090
39092,3748,,ZCTA5 39092
39094,3752,58258,ZCTA5 39094
39095,6423,41071,ZCTA5 39095
39096,2373,35298,ZCTA5 39096
39097,302,13125,ZCTA5 39097
39108,1821,39821,ZCTA5 39108
39110,46642,123606,ZCTA5 39110
39111,8889,43806,ZCTA5 39111
39113,242,11660,ZCTA5 39113
39114,9799,53182,ZCTA5 39114
39115,111,16493,ZCTA5 39115
39116,2660,59888,ZCTA5 39116
39117,9832,52926,ZCTA5 39117
39119,6050,63179,ZCTA5 39119
39120,29526,38255,ZCTA5 39120
39140,2560,44167,ZCTA5 39140
39144,840,22321,ZCTA5 39144
39145,5506,59811,ZCTA5 39145
39146,3126,31222,ZCTA5 39146
39148,15,,ZCTA5 39148
39149,1244,40583,ZCTA5 39149
39150,5240,38438,ZCTA5 39150
39152,1120,37813,ZCTA5 39152
39153,2528,41250,ZCTA5 39153
39154,9418,79333,ZCTA5 39154
39156,669,51266,ZCTA5 39156
39157,24624,66513,ZCTA5 39157
39159,3160,41563,ZCTA5 39159
39160,2684,42625,ZCTA5 39160
39162,191,111667,ZCTA5 39162
39166,716,41290,ZCTA5 39166
39167,0,,ZCTA5 39167
39168,5831,40069,ZCTA5 39168
39169,3109,32546,ZCTA5 39169
39170,9147,76052,ZCTA5 39170
39173,0,,ZCTA5 39173
39174,689,,ZCTA5 39174
39175,3777,42763,ZCTA5 39175
39176,2575,31185,ZCTA5 39176
39177,79,51250,ZCTA5 39177
39179,995,,ZCTA5 39179
39180,29769,53293,ZCTA5 39180
39183,13903,69955,ZCTA5 39183
39189,3953,46736,ZCTA5 39189
39191,7700,53028,ZCTA5 39191
39192,1830,36161,ZCTA5 39192
39193,800,,ZCTA5 39193
39194,20525,35754,ZCTA5 39194
39201,693,75779,ZCTA5 39201
39202,6695,36359,ZCTA5 39202
39203,4972,26250,ZCTA5 39203
39204,14149,28618,ZCTA5 39204
39206,22637,43936,ZCTA5 39206
39208,33371,57893,ZCTA5 39208
39209,26332,35947,ZCTA5 39209
39210,669,,ZCTA5 39210
39211,23160,62908,ZCTA5 39211
39212,29687,55342,ZCTA5 39212
39213,19897,27709,ZCTA5 39213
39216,3236,42628,ZCTA5 39216
39217,2363,,ZCTA5 39217
39218,6882,53457,ZCTA5 39218
39232,9429,88817,ZCTA5 39232
39269,0,,ZCTA5 39269
39272,13731,72209,ZCTA5 39272
39301,22937,40776,ZCTA5 39301
39305,21368,62363,ZCTA5 39305
39307,15763,23917,ZCTA5 39307
39309,297,,ZCTA5 39309
39320,1539,,ZCTA5 39320
39322,1784,33333,ZCTA5 39322
39323,1394,50423,ZCTA5 39323
39324,0,,ZCTA5 39324
39325,5688,72923,ZCTA5 39325
39326,274,,ZCTA5 39326
39327,4548,53214,ZCTA5 39327
39328,4688,32716,ZCTA5 39328
39330,3127,70250,ZCTA5 39330
39332,1972,64375,ZCTA5 39332
39335,2175,85132,ZCTA5 39335
39336,952,33774,ZCTA5 39336
39337,1554,50714,ZCTA5 39337
39338,3224,35941,ZCTA5 39338
39339,14341,40582,ZCTA5 39339
39341,6746,42871,ZCTA5 39341
39342,2135,60469,ZCTA5 39342
39345,5464,41132,ZCTA5 39345
39346,2056,55027,ZCTA5 39346
39347,1112,43882,ZCTA5 39347
39348,333,,ZCTA5 39348
39350,23804,48008,ZCTA5 39350
39352,461,43750,ZCTA5 39352
39354,2168,57669,ZCTA5 39354
39355,5954,46451,ZCTA5 39355
39356,439,,ZCTA5 39356
39358,1204,,ZCTA5 39358
39359,260,36154,ZCTA5 39359
39360,3838,34531,ZCTA5 39360
39361,1428,30995,ZCTA5 39361
39362,3333,53234,ZCTA5 39362
39363,1306,24712,ZCTA5 39363
39364,2795,55074,ZCTA5 39364
39365,8654,46904,ZCTA5 39365
39366,1130,,ZCTA5 39366
39367,14332,34371,ZCTA5 39367
39401,41755,36552,ZCTA5 39401
39402,44020,68157,ZCTA5 39402
39406,2124,,ZCTA5 39406
39421,2682,48750,ZCTA5 39421
39422,4969,42192,ZCTA5 39422
39423,2542,52769,ZCTA5 39423
39425,2539,64038,ZCTA5 39425
39426,17393,73622,ZCTA5 39426
39427,1218,53264,ZCTA5 39427
39428,9101,38267,ZCTA5 39428
39429,15815,38933,ZCTA5 39429
39437,12869,60349,ZCTA5 39437
39439,4530,33362,ZCTA5 39439
39440,20459,38400,ZCTA5 39440
39443,22307,56516,ZCTA5 39443
39451,7728,39142,ZCTA5 39451
39452,28368,52957,ZCTA5 39452
39455,8827,53568,ZCTA5 39455
39456,632,31094,ZCTA5 39456
39459,3897,48036,ZCTA5 39459
39461,560,,ZCTA5 39461
39462,1202,80859,ZCTA5 39462
39464,3336,60387,ZCTA5 39464
39465,23008,67971,ZCTA5 39465
39466,28433,47131,ZCTA5 39466
39470,12422,55047,ZCTA5 39470
39474,5955,29375,ZCTA5 39474
39475,14311,67374,ZCTA5 39475
39476,6452,47721,ZCTA5 39476
39477,556,44141,ZCTA5 39477
39478,2461,45758,ZCTA5 39478
39479,5676,46178,ZCTA5 39479
39480,2124,67837,ZCTA5 39480
39481,1510,63472,ZCTA5 39481
39482,10998,65092,ZCTA5 39482
39483,5717,36296,ZCTA5 39483
39501,24091,30970,ZCTA5 39501
39503,53049,62005,ZCTA5 39503
39507,18151,52158,ZCTA5 39507
39520,15281,56147,ZCTA5 39520
39525,9360,80504,ZCTA5 39525
39529,0,,ZCTA5 39529
39530,8170,35109,ZCTA5 39530
39531,18766,56424,ZCTA5 39531
39532,36004,63291,ZCTA5 39532
39534,1898,,ZCTA5 39534
39540,12922,52625,ZCTA5 39540
39553,17768,55542,ZCTA5 39553
39556,7907,70011,ZCTA5 39556
39560,18289,67343,ZCTA5 39560
39561,1770,58720,ZCTA5 39561
39562,16574,56063,ZCTA5 39562
39563,12099,44822,ZCTA5 39563
39564,41748,71860,ZCTA5 39564
39565,20954,78278,ZCTA5 39565
39567,10191,47685,ZCTA5 39567
39571,14010,60198,ZCTA5 39571
39572,1049,49607,ZCTA5 39572
39573,9196,69444,ZCTA5 39573
39574,13937,69140,ZCTA5 39574
39576,6228,59643,ZCTA5 39576
39577,11133,44329,ZCTA5 39577
39581,11755,36576,ZCTA5 39581
39595,32,,ZCTA5 39595
39601,23520,45318,ZCTA5 39601
39629,6777,46929,ZCTA5 39629
39630,1025,30654,ZCTA5 39630
39631,4437,36597,ZCTA5 39631
39633,744,34188,ZCTA5 39633
39635,101,,ZCTA5 39635
39638,3383,40096,ZCTA5 39638
39641,5914,54275,ZCTA5 39641
39643,1450,36200,ZCTA5 39643
39645,4294,33471,ZCTA5 39645
39647,697,,ZCTA5 39647
39648,20071,38870,ZCTA5 39648
39652,8647,28688,ZCTA5 39652
39653,2594,52130,ZCTA5 39653
39654,5221,38093,ZCTA5 39654
39656,790,42391,ZCTA5 39656
39657,1464,35817,ZCTA5 39657
39661,2814,42535,ZCTA5 39661
39662,1403,39375,ZCTA5 39662
39663,2245,46375,ZCTA5 39663
39664,2021,45847,ZCTA5 39664
39665,1000,26429,ZCTA5 39665
39666,11264,49255,ZCTA5 39666
39667,10435,34049,ZCTA5 39667
39668,1437,36558,ZCTA5 39668
39669,4531,33528,ZCTA5 39669
39701,12593,29368,ZCTA5 39701
39702,23524,49946,ZCTA5 39702
39705,12285,75940,ZCTA5 39705
39730,11081,47201,ZCTA5 39730
39735,3785,48984,ZCTA5 39735
39736,351,19074,ZCTA5 39736
39737,317,29722,ZCTA5 39737
39739,2121,44145,ZCTA5 39739
39740,5829,83419,ZCTA5 39740
39741,1366,33988,ZCTA5 39741
39743,1852,48607,ZCTA5 39743
39744,5692,41954,ZCTA5 39744
39745,819,41375,ZCTA5 39745
39746,2897,58236,ZCTA5 39746
39747,1522,46349,ZCTA5 39747
39750,3481,43009,ZCTA5 39750
39751,1422,58144,ZCTA5 39751
39752,2440,72841,ZCTA5 39752
39753,0,,ZCTA5 39753
39755,621,34653,ZCTA5 39755
39756,1924,48048,ZCTA5 39756
39759,43243,42761,ZCTA5 39759
39762,4421,,ZCTA5 39762
39766,3210,70962,ZCTA5 39766
39767,660,42125,ZCTA5 39767
39769,1450,49563,ZCTA5 39769
39771,134,57083,ZCTA5 39771
39772,1956,34844,ZCTA5 39772
39773,14799,37437,ZCTA5 39773
39776,1176,49688,ZCTA5 39776
39813,2004,44472,ZCTA5 39813
39815,1638,51133,ZCTA5 39815
39817,10831,47914,ZCTA5 39817
39819,12106,43494,ZCTA5 39819
39823,8626,50234,ZCTA5 39823
39824,588,45043,ZCTA5 39824
39825,2026,60669,ZCTA5 39825
39826,624,39375,ZCTA5 39826
39827,4888,54500,ZCTA5 39827
39828,14929,46433,ZCTA5 39828
39832,3,,ZCTA5 39832
39834,2251,50625,ZCTA5 39834
39836,539,43208,ZCTA5 39836
39837,6172,56145,ZCTA5 39837
39840,4543,22224,ZCTA5 39840
39841,831,65078,ZCTA5 39841
39842,7737,39907,ZCTA5 39842
39845,8260,45149,ZCTA5 39845
39846,1714,47534,ZCTA5 39846
39851,1872,32331,ZCTA5 39851
39854,2372,40769,ZCTA5 39854
39859,865,39375,ZCTA5 39859
39861,997,45263,ZCTA5 39861
39862,856,46333,ZCTA5 39862
39866,1959,24000,ZCTA5 39866
39867,327,47292,ZCTA5 39867
39870,1865,49038,ZCTA5 39870
39877,422,58229,ZCTA5 39877
39885,19,,ZCTA5 39885
39886,1300,32708,ZCTA5 39886
39897,3358,49810,ZCTA5 39897
40003,2035,78125,ZCTA5 40003
40004,30528,62732,ZCTA5 40004
40006,5092,50982,ZCTA5 40006
40007,18,,ZCTA5 40007
40008,3636,62500,ZCTA5 40008
40009,1628,65135,ZCTA5 40009
40010,521,137344,ZCTA5 40010
40011,2422,54688,ZCTA5 40011
40012,824,79138,ZCTA5 40012
40013,6161,93214,ZCTA5 40013
40014,23009,116176,ZCTA5 40014
40019,3962,57050,ZCTA5 40019
40020,204,85458,ZCTA5 40020
40022,833,110048,ZCTA5 40022
40023,6293,137569,ZCTA5 40023
40025,560,250001,ZCTA5 40025
40026,6345,132300,ZCTA5 40026
40031,25091,90652,ZCTA5 40031
40033,12107,45932,ZCTA5 40033
40036,225,,ZCTA5 40036
40037,2771,58750,ZCTA5 40037
40040,705,,ZCTA5 40040
40041,495,,ZCTA5 40041
40045,3173,70481,ZCTA5 40045
40046,1398,75441,ZCTA5 40046
40047,22752,91181,ZCTA5 40047
40049,114,,ZCTA5 40049
40050,1877,43571,ZCTA5 40050
40051,4611,69730,ZCTA5 40051
40052,611,52850,ZCTA5 40052
40055,2310,81366,ZCTA5 40055
40056,3406,111316,ZCTA5 40056
40057,3940,61502,ZCTA5 40057
40058,40,31438,ZCTA5 40058
40059,20769,167193,ZCTA5 40059
40060,1374,52798,ZCTA5 40060
40061,258,,ZCTA5 40061
40062,103,21250,ZCTA5 40062
40063,601,,ZCTA5 40063
40065,31439,76617,ZCTA5 40065
40067,6391,92670,ZCTA5 40067
40068,2537,73929,ZCTA5 40068
40069,7525,74142,ZCTA5 40069
40070,373,43611,ZCTA5 40070
40071,16264,100693,ZCTA5 40071
40075,1104,66681,ZCTA5 40075
40076,2973,78571,ZCTA5 40076
40077,547,82500,ZCTA5 40077
40078,3021,53125,ZCTA5 40078
40104,1034,62917,ZCTA5 40104
40107,2046,59942,ZCTA5 40107
40108,12309,73648,ZCTA5 40108
40109,2190,68750,ZCTA5 40109
40110,458,44503,ZCTA5 40110
40111,1982,38438,ZCTA5 40111
40115,797,58274,ZCTA5 40115
40117,2261,52991,ZCTA5 40117
40118,10141,55036,ZCTA5 40118
40119,1887,54583,ZCTA5 40119
40121,8655,76864,ZCTA5 40121
40140,699,,ZCTA5 40140
40142,2375,74894,ZCTA5 40142
40143,6350,59489,ZCTA5 40143
40144,1049,28889,ZCTA5 40144
40145,868,41500,ZCTA5 40145
40146,3672,48279,ZCTA5 40146
40150,4750,59250,ZCTA5 40150
40152,921,78750,ZCTA5 40152
40155,1221,49375,ZCTA5 40155
40157,1015,84306,ZCTA5 40157
40160,23539,54046,ZCTA5 40160
40161,172,61078,ZCTA5 40161
40162,5666,79825,ZCTA5 40162
40165,38074,73712,ZCTA5 40165
40170,951,53681,ZCTA5 40170
40171,190,40250,ZCTA5 40171
40175,15626,73094,ZCTA5 40175
40176,763,46250,ZCTA5 40176
40177,1510,42284,ZCTA5 40177
40178,522,62829,ZCTA5 40178
40202,7340,26643,ZCTA5 40202
40203,17964,30739,ZCTA5 40203
40204,14362,65457,ZCTA5 40204
40205,24890,94253,ZCTA5 40205
40206,20315,69241,ZCTA5 40206
40207,29014,97754,ZCTA5 40207
40208,15126,34206,ZCTA5 40208
40209,515,50787,ZCTA5 40209
40210,14980,34440,ZCTA5 40210
40211,21135,31530,ZCTA5 40211
40212,15412,33605,ZCTA5 40212
40213,15779,59792,ZCTA5 40213
40214,46033,55218,ZCTA5 40214
40215,19494,41397,ZCTA5 40215
40216,43167,51221,ZCTA5 40216
40217,12439,70771,ZCTA5 40217
40218,33479,52584,ZCTA5 40218
40219,38245,53059,ZCTA5 40219
40220,34649,72803,ZCTA5 40220
40221,0,,ZCTA5 40221
40222,21359,81902,ZCTA5 40222
40223,23477,93498,ZCTA5 40223
40228,17808,74025,ZCTA5 40228
40229,39621,75827,ZCTA5 40229
40231,0,,ZCTA5 40231
40241,30986,95309,ZCTA5 40241
40242,11544,78994,ZCTA5 40242
40243,11943,85716,ZCTA5 40243
40245,38861,118333,ZCTA5 40245
40258,27487,62948,ZCTA5 40258
40272,38114,64617,ZCTA5 40272
40280,218,,ZCTA5 40280
40291,40888,81059,ZCTA5 40291
40299,40816,83783,ZCTA5 40299
40310,554,50750,ZCTA5 40310
40311,7684,59123,ZCTA5 40311
40312,6267,35270,ZCTA5 40312
40313,2593,51260,ZCTA5 40313
40316,434,44005,ZCTA5 40316
40322,3304,53750,ZCTA5 40322
40324,51072,79997,ZCTA5 40324
40328,1097,46250,ZCTA5 40328
40330,20437,59211,ZCTA5 40330
40334,50,,ZCTA5 40334
40336,12597,40711,ZCTA5 40336
40337,5518,50658,ZCTA5 40337
40339,247,120688,ZCTA5 40339
40342,23430,70132,ZCTA5 40342
40346,815,,ZCTA5 40346
40347,3828,100787,ZCTA5 40347
40348,571,41875,ZCTA5 40348
40350,79,,ZCTA5 40350
40351,22738,49339,ZCTA5 40351
40353,22425,54757,ZCTA5 40353
40355,209,,ZCTA5 40355
40356,44299,69954,ZCTA5 40356
40357,110,,ZCTA5 40357
40358,891,81765,ZCTA5 40358
40359,7125,57454,ZCTA5 40359
40360,7080,47145,ZCTA5 40360
40361,18286,56701,ZCTA5 40361
40363,19,,ZCTA5 40363
40370,2768,90082,ZCTA5 40370
40371,2919,44091,ZCTA5 40371
40372,2350,79474,ZCTA5 40372
40374,2459,43790,ZCTA5 40374
40376,41,,ZCTA5 40376
40379,3790,63547,ZCTA5 40379
40380,6872,42227,ZCTA5 40380
40383,24258,78548,ZCTA5 40383
40385,2240,55893,ZCTA5 40385
40387,1841,39796,ZCTA5 40387
40390,7896,62574,ZCTA5 40390
40391,36584,62198,ZCTA5 40391
40402,2555,60028,ZCTA5 40402
40403,26104,57500,ZCTA5 40403
40404,919,,ZCTA5 40404
40409,3667,44500,ZCTA5 40409
40419,4604,46672,ZCTA5 40419
40422,25623,55342,ZCTA5 40422
40434,0,,ZCTA5 40434
40437,4814,49936,ZCTA5 40437
40440,2349,46964,ZCTA5 40440
40442,727,,ZCTA5 40442
40444,14183,56894,ZCTA5 40444
40445,926,23621,ZCTA5 40445
40447,7901,31240,ZCTA5 40447
40448,0,,ZCTA5 40448
40456,8574,46510,ZCTA5 40456
40460,1162,29315,ZCTA5 40460
40461,2417,70542,ZCTA5 40461
40464,970,58259,ZCTA5 40464
40468,2026,64226,ZCTA5 40468
40472,1458,39028,ZCTA5 40472
40475,64678,60449,ZCTA5 40475
40481,222,58712,ZCTA5 40481
40484,12220,55746,ZCTA5 40484
40486,2438,63438,ZCTA5 40486
40489,4251,48797,ZCTA5 40489
40502,27118,70687,ZCTA5 40502
40503,28186,71131,ZCTA5 40503
40504,26408,44500,ZCTA5 40504
40505,25969,56957,ZCTA5 40505
40507,2057,45000,ZCTA5 40507
40508,25518,27711,ZCTA5 40508
40509,45181,90503,ZCTA5 40509
40510,2059,149591,ZCTA5 40510
40511,34873,76863,ZCTA5 40511
40513,10697,123662,ZCTA5 40513
40514,17238,97669,ZCTA5 40514
40515,36163,84280,ZCTA5 40515
40516,2758,84836,ZCTA5 40516
40517,36263,50429,ZCTA5 40517
40526,1778,,ZCTA5 40526
40536,0,,ZCTA5 40536
40601,51579,63296,ZCTA5 40601
40701,29988,50346,ZCTA5 40701
40729,6148,43038,ZCTA5 40729
40734,3207,41071,ZCTA5 40734
40737,1730,47938,ZCTA5 40737
40740,4017,58260,ZCTA5 40740
40741,24282,53075,ZCTA5 40741
40744,18626,62481,ZCTA5 40744
40759,2552,35583,ZCTA5 40759
40763,438,23095,ZCTA5 40763
40769,18167,44553,ZCTA5 40769
40771,1765,,ZCTA5 40771
40801,0,,ZCTA5 40801
40803,95,,ZCTA5 40803
40806,1664,54122,ZCTA5 40806
40807,523,51726,ZCTA5 40807
40808,27,,ZCTA5 40808
40810,1286,33472,ZCTA5 40810
40813,297,53214,ZCTA5 40813
40815,699,41722,ZCTA5 40815
40816,0,,ZCTA5 40816
40818,155,36856,ZCTA5 40818
40819,948,31250,ZCTA5 40819
40820,313,,ZCTA5 40820
40823,3846,34491,ZCTA5 40823
40824,825,28500,ZCTA5 40824
40826,482,21607,ZCTA5 40826
40827,777,51918,ZCTA5 40827
40828,4478,32578,ZCTA5 40828
40829,24,,ZCTA5 40829
40830,259,25599,ZCTA5 40830
40831,5100,29746,ZCTA5 40831
40840,458,,ZCTA5 40840
40843,64,22955,ZCTA5 40843
40844,88,,ZCTA5 40844
40845,688,24561,ZCTA5 40845
40847,74,,ZCTA5 40847
40849,17,,ZCTA5 40849
40854,1001,24803,ZCTA5 40854
40855,738,27778,ZCTA5 40855
40856,874,44706,ZCTA5 40856
40858,171,,ZCTA5 40858
40862,606,42813,ZCTA5 40862
40863,476,37801,ZCTA5 40863
40865,314,54306,ZCTA5 40865
40868,1026,35714,ZCTA5 40868
40870,627,45673,ZCTA5 40870
40873,2402,36591,ZCTA5 40873
40874,115,,ZCTA5 40874
40902,548,34000,ZCTA5 40902
40903,781,53269,ZCTA5 40903
40906,11665,22221,ZCTA5 40906
40913,447,46320,ZCTA5 40913
40914,703,,ZCTA5 40914
40915,905,34571,ZCTA5 40915
40921,155,23750,ZCTA5 40921
40923,625,35375,ZCTA5 40923
40927,767,59083,ZCTA5 40927
40935,2132,21001,ZCTA5 40935
40939,137,,ZCTA5 40939
40940,338,20848,ZCTA5 40940
40941,145,,ZCTA5 40941
40943,750,,ZCTA5 40943
40946,55,,ZCTA5 40946
40949,483,71574,ZCTA5 40949
40953,334,38750,ZCTA5 40953
40958,584,53438,ZCTA5 40958
40962,17490,36017,ZCTA5 40962
40964,23,14432,ZCTA5 40964
40965,11635,30000,ZCTA5 40965
40972,1520,43984,ZCTA5 40972
40977,8818,35668,ZCTA5 40977
40979,0,,ZCTA5 40979
40981,0,,ZCTA5 40981
40982,408,30147,ZCTA5 40982
40983,298,28000,ZCTA5 40983
40988,375,34688,ZCTA5 40988
40995,40,,ZCTA5 40995
40997,347,,ZCTA5 40997
41001,19060,97299,ZCTA5 41001
41002,2629,55077,ZCTA5 41002
41003,2756,63654,ZCTA5 41003
41004,3781,59432,ZCTA5 41004
41005,24650,98295,ZCTA5 41005
41006,3525,62930,ZCTA5 41006
41007,4647,97283,ZCTA5 41007
41008,7646,52083,ZCTA5 41008
41010,3202,55461,ZCTA5 41010
41011,27044,59684,ZCTA5 41011
41014,7135,51919,ZCTA5 41014
41015,20925,63183,ZCTA5 41015
41016,5948,61941,ZCTA5 41016
41017,41040,96151,ZCTA5 41017
41018,28472,66630,ZCTA5 41018
41030,6247,78958,ZCTA5 41030
41031,16416,57783,ZCTA5 41031
41033,2161,110182,ZCTA5 41033
41034,1065,44559,ZCTA5 41034
41035,11522,65937,ZCTA5 41035
41039,2969,53567,ZCTA5 41039
41040,7312,48384,ZCTA5 41040
41041,7617,42077,ZCTA5 41041
41042,55347,74074,ZCTA5 41042
41043,1491,81429,ZCTA5 41043
41044,1522,71103,ZCTA5 41044
41045,1363,62805,ZCTA5 41045
41046,1790,75313,ZCTA5 41046
41048,16074,123061,ZCTA5 41048
41049,2077,47574,ZCTA5 41049
41051,31799,94503,ZCTA5 41051
41052,190,,ZCTA5 41052
41055,1758,57788,ZCTA5 41055
41056,13714,46231,ZCTA5 41056
41059,3183,54412,ZCTA5 41059
41063,2668,78250,ZCTA5 41063
41064,2071,49695,ZCTA5 41064
41071,19626,51287,ZCTA5 41071
41073,5596,66741,ZCTA5 41073
41074,5674,61432,ZCTA5 41074
41075,17409,93750,ZCTA5 41075
41076,17104,68819,ZCTA5 41076
41080,1550,112986,ZCTA5 41080
41083,1722,46875,ZCTA5 41083
41085,917,63029,ZCTA5 41085
41086,1982,48073,ZCTA5 41086
41091,24842,131442,ZCTA5 41091
41092,3195,73667,ZCTA5 41092
41093,2741,41833,ZCTA5 41093
41094,14546,91250,ZCTA5 41094
41095,3948,53571,ZCTA5 41095
41097,7072,62491,ZCTA5 41097
41098,1214,39921,ZCTA5 41098
41101,18686,51595,ZCTA5 41101
41102,21026,64994,ZCTA5 41102
41121,1854,46721,ZCTA5 41121
41124,1202,36650,ZCTA5 41124
41129,8879,58386,ZCTA5 41129
41132,510,28750,ZCTA5 41132
41135,284,33235,ZCTA5 41135
41139,8184,57778,ZCTA5 41139
41141,2382,34659,ZCTA5 41141
41142,123,,ZCTA5 41142
41143,13614,45339,ZCTA5 41143
41144,9486,54431,ZCTA5 41144
41146,382,42375,ZCTA5 41146
41149,445,31359,ZCTA5 41149
41159,544,21964,ZCTA5 41159
41164,12301,50940,ZCTA5 41164
41166,1063,39722,ZCTA5 41166
41168,3891,71023,ZCTA5 41168
41169,5353,65417,ZCTA5 41169
41171,4879,35563,ZCTA5 41171
41174,843,67344,ZCTA5 41174
41175,5515,47857,ZCTA5 41175
41179,6927,35017,ZCTA5 41179
41180,755,32847,ZCTA5 41180
41181,93,,ZCTA5 41181
41183,1722,60972,ZCTA5 41183
41189,2168,49375,ZCTA5 41189
41201,254,103272,ZCTA5 41201
41203,680,,ZCTA5 41203
41204,737,45573,ZCTA5 41204
41214,1623,,ZCTA5 41214
41216,1412,38558,ZCTA5 41216
41219,1921,31429,ZCTA5 41219
41222,2845,39675,ZCTA5 41222
41224,3375,41356,ZCTA5 41224
41226,322,,ZCTA5 41226
41230,12346,47004,ZCTA5 41230
41231,1062,46716,ZCTA5 41231
41232,641,35556,ZCTA5 41232
41234,521,,ZCTA5 41234
41238,781,42708,ZCTA5 41238
41240,6520,46090,ZCTA5 41240
41250,901,42446,ZCTA5 41250
41254,701,48299,ZCTA5 41254
41255,622,45000,ZCTA5 41255
41256,2189,68333,ZCTA5 41256
41257,708,44670,ZCTA5 41257
41260,847,60742,ZCTA5 41260
41262,1417,73235,ZCTA5 41262
41263,326,60063,ZCTA5 41263
41264,705,61216,ZCTA5 41264
41265,1024,29519,ZCTA5 41265
41267,1681,,ZCTA5 41267
41268,1058,76339,ZCTA5 41268
41271,219,,ZCTA5 41271
41274,500,,ZCTA5 41274
41301,5721,29316,ZCTA5 41301
41310,0,,ZCTA5 41310
41311,6446,31620,ZCTA5 41311
41314,4495,38201,ZCTA5 41314
41317,467,22708,ZCTA5 41317
41332,1056,60708,ZCTA5 41332
41339,10684,38209,ZCTA5 41339
41348,1171,30809,ZCTA5 41348
41351,10,,ZCTA5 41351
41352,485,30592,ZCTA5 41352
41360,446,33828,ZCTA5 41360
41364,76,12548,ZCTA5 41364
41365,555,13861,ZCTA5 41365
41366,38,,ZCTA5 41366
41367,312,84309,ZCTA5 41367
41385,591,58816,ZCTA5 41385
41386,7,,ZCTA5 41386
41390,85,43333,ZCTA5 41390
41397,146,,ZCTA5 41397
41408,441,24884,ZCTA5 41408
41421,288,,ZCTA5 41421
41425,1243,39650,ZCTA5 41425
41464,363,27969,ZCTA5 41464
41465,10823,32250,ZCTA5 41465
41472,10572,46917,ZCTA5 41472
41501,23114,41636,ZCTA5 41501
41503,367,112037,ZCTA5 41503
41512,550,30179,ZCTA5 41512
41513,379,50703,ZCTA5 41513
41514,2588,42232,ZCTA5 41514
41517,66,,ZCTA5 41517
41519,680,40417,ZCTA5 41519
41522,5081,37667,ZCTA5 41522
41524,354,26250,ZCTA5 41524
41526,50,,ZCTA5 41526
41527,658,55729,ZCTA5 41527
41528,364,65625,ZCTA5 41528
41531,893,36638,ZCTA5 41531
41534,169,,ZCTA5 41534
41535,738,,ZCTA5 41535
41537,3580,30337,ZCTA5 41537
41538,340,80750,ZCTA5 41538
41539,1387,54250,ZCTA5 41539
41540,342,58628,ZCTA5 41540
41543,529,20057,ZCTA5 41543
41544,482,32938,ZCTA5 41544
41547,576,50278,ZCTA5 41547
41548,1068,23884,ZCTA5 41548
41553,2336,45956,ZCTA5 41553
41554,968,34583,ZCTA5 41554
41555,1249,64867,ZCTA5 41555
41557,2146,32723,ZCTA5 41557
41558,871,67344,ZCTA5 41558
41559,245,25985,ZCTA5 41559
41560,240,,ZCTA5 41560
41562,2065,38242,ZCTA5 41562
41563,348,,ZCTA5 41563
41564,623,44556,ZCTA5 41564
41566,464,73438,ZCTA5 41566
41567,67,68636,ZCTA5 41567
41568,727,35625,ZCTA5 41568
41571,557,44491,ZCTA5 41571
41572,3163,47109,ZCTA5 41572
41601,550,33938,ZCTA5 41601
41602,909,77226,ZCTA5 41602
41603,1718,53048,ZCTA5 41603
41604,389,,ZCTA5 41604
41605,714,43566,ZCTA5 41605
41606,472,17974,ZCTA5 41606
41607,348,29288,ZCTA5 41607
41612,187,,ZCTA5 41612
41615,583,,ZCTA5 41615
41616,585,54327,ZCTA5 41616
41619,345,,ZCTA5 41619
41621,165,,ZCTA5 41621
41622,93,66797,ZCTA5 41622
41630,1017,48452,ZCTA5 41630
41631,849,,ZCTA5 41631
41632,423,23688,ZCTA5 41632
41635,3156,38185,ZCTA5 41635
41636,728,,ZCTA5 41636
41640,1069,33935,ZCTA5 41640
41642,960,,ZCTA5 41642
41643,129,22593,ZCTA5 41643
41645,1114,72188,ZCTA5 41645
41647,1093,35750,ZCTA5 41647
41649,2263,34115,ZCTA5 41649
41650,453,21518,ZCTA5 41650
41651,181,,ZCTA5 41651
41653,10972,36841,ZCTA5 41653
41655,1087,,ZCTA5 41655
41659,856,33836,ZCTA5 41659
41660,314,,ZCTA5 41660
41663,292,,ZCTA5 41663
41666,873,57019,ZCTA5 41666
41667,467,64107,ZCTA5 41667
41669,897,37813,ZCTA5 41669
41701,16470,43307,ZCTA5 41701
41712,515,,ZCTA5 41712
41713,0,,ZCTA5 41713
41714,651,,ZCTA5 41714
41719,1367,34292,ZCTA5 41719
41721,555,20331,ZCTA5 41721
41722,1324,40128,ZCTA5 41722
41723,1215,35682,ZCTA5 41723
41725,482,60506,ZCTA5 41725
41727,1584,68143,ZCTA5 41727
41729,34,,ZCTA5 41729
41731,821,47917,ZCTA5 41731
41735,125,,ZCTA5 41735
41739,21,,ZCTA5 41739
41740,943,85972,ZCTA5 41740
41745,554,29097,ZCTA5 41745
41746,647,,ZCTA5 41746
41749,2225,47483,ZCTA5 41749
41751,245,,ZCTA5 41751
41754,476,52107,ZCTA5 41754
41759,522,,ZCTA5 41759
41760,349,,ZCTA5 41760
41762,88,,ZCTA5 41762
41763,592,67292,ZCTA5 41763
41764,409,,ZCTA5 41764
41766,450,21300,ZCTA5 41766
41772,342,47770,ZCTA5 41772
41773,1294,31055,ZCTA5 41773
41774,2291,35959,ZCTA5 41774
41775,232,,ZCTA5 41775
41776,1940,32335,ZCTA5 41776
41777,1205,33523,ZCTA5 41777
41778,95,,ZCTA5 41778
41804,1066,77894,ZCTA5 41804
41810,281,,ZCTA5 41810
41812,201,21103,ZCTA5 41812
41815,776,23715,ZCTA5 41815
41817,455,61131,ZCTA5 41817
41819,244,,ZCTA5 41819
41821,180,,ZCTA5 41821
41822,1928,33042,ZCTA5 41822
41824,912,,ZCTA5 41824
41825,225,,ZCTA5 41825
41826,701,29492,ZCTA5 41826
41828,629,43750,ZCTA5 41828
41831,997,50321,ZCTA5 41831
41832,322,,ZCTA5 41832
41833,140,,ZCTA5 41833
41834,349,39844,ZCTA5 41834
41835,728,,ZCTA5 41835
41836,979,,ZCTA5 41836
41837,1014,53125,ZCTA5 41837
41838,1031,32352,ZCTA5 41838
41839,561,65109,ZCTA5 41839
41840,1187,54500,ZCTA5 41840
41843,306,29479,ZCTA5 41843
41844,1391,28750,ZCTA5 41844
41845,362,,ZCTA5 41845
41847,184,41066,ZCTA5 41847
41848,0,,ZCTA5 41848
41849,119,62574,ZCTA5 41849
41855,794,54105,ZCTA5 41855
41858,7473,40038,ZCTA5 41858
41859,231,,ZCTA5 41859
41861,362,,ZCTA5 41861
41862,947,31754,ZCTA5 41862
42001,30634,62956,ZCTA5 42001
42003,29313,52342,ZCTA5 42003
42020,2171,57665,ZCTA5 42020
42021,1326,38750,ZCTA5 42021
42022,161,,ZCTA5 42022
42023,2398,51250,ZCTA5 42023
42024,1110,57875,ZCTA5 42024
42025,18836,68840,ZCTA5 42025
42027,1931,68750,ZCTA5 42027
42028,707,37500,ZCTA5 42028
42029,6092,62130,ZCTA5 42029
42031,3512,62438,ZCTA5 42031
42032,222,34688,ZCTA5 42032
42035,802,65750,ZCTA5 42035
42036,1031,93186,ZCTA5 42036
42037,14,,ZCTA5 42037
42038,6091,60816,ZCTA5 42038
42039,1358,58333,ZCTA5 42039
42040,845,57794,ZCTA5 42040
42041,4908,33895,ZCTA5 42041
42044,3953,65714,ZCTA5 42044
42045,1866,44934,ZCTA5 42045
42047,205,2499,ZCTA5 42047
42048,2314,42500,ZCTA5 42048
42049,1671,42813,ZCTA5 42049
42050,2934,42959,ZCTA5 42050
42051,2280,75439,ZCTA5 42051
42053,4897,58934,ZCTA5 42053
42054,1064,63295,ZCTA5 42054
42055,2312,70817,ZCTA5 42055
42056,1735,55938,ZCTA5 42056
42058,2164,62417,ZCTA5 42058
42060,8,,ZCTA5 42060
42061,96,,ZCTA5 42061
42064,8111,45903,ZCTA5 42064
42066,23902,49067,ZCTA5 42066
42069,970,59342,ZCTA5 42069
42071,30254,46304,ZCTA5 42071
42076,838,31182,ZCTA5 42076
42078,1764,47232,ZCTA5 42078
42079,1588,74709,ZCTA5 42079
42081,2018,73989,ZCTA5 42081
42082,1897,74444,ZCTA5 42082
42083,561,52167,ZCTA5 42083
42085,658,56182,ZCTA5 42085
42086,4275,79053,ZCTA5 42086
42087,2438,52083,ZCTA5 42087
42088,2398,56117,ZCTA5 42088
42101,62041,47003,ZCTA5 42101
42103,22130,79475,ZCTA5 42103
42104,40285,73458,ZCTA5 42104
42120,2746,61607,ZCTA5 42120
42122,5385,105012,ZCTA5 42122
42123,1279,48250,ZCTA5 42123
42124,89,54265,ZCTA5 42124
42127,6915,41145,ZCTA5 42127
42129,7320,45750,ZCTA5 42129
42130,157,50852,ZCTA5 42130
42131,116,,ZCTA5 42131
42133,1180,56078,ZCTA5 42133
42134,19185,53864,ZCTA5 42134
42140,1197,34583,ZCTA5 42140
42141,31732,51023,ZCTA5 42141
42151,183,110132,ZCTA5 42151
42153,88,,ZCTA5 42153
42154,482,46264,ZCTA5 42154
42156,270,87563,ZCTA5 42156
42157,584,103375,ZCTA5 42157
42159,1384,61827,ZCTA5 42159
42160,2192,45952,ZCTA5 42160
42163,45,,ZCTA5 42163
42164,16843,57027,ZCTA5 42164
42166,2323,52632,ZCTA5 42166
42167,8442,44767,ZCTA5 42167
42170,1378,57585,ZCTA5 42170
42171,7073,63103,ZCTA5 42171
42202,1756,55096,ZCTA5 42202
42204,625,56148,ZCTA5 42204
42206,5531,60341,ZCTA5 42206
42207,1043,41906,ZCTA5 42207
42210,4473,42702,ZCTA5 42210
42211,13081,56727,ZCTA5 42211
42214,542,,ZCTA5 42214
42215,1618,73750,ZCTA5 42215
42217,3389,53802,ZCTA5 42217
42220,6131,56374,ZCTA5 42220
42223,19617,56840,ZCTA5 42223
42232,786,59560,ZCTA5 42232
42234,2514,52639,ZCTA5 42234
42236,752,68333,ZCTA5 42236
42240,41788,46116,ZCTA5 42240
42252,131,,ZCTA5 42252
42254,196,47083,ZCTA5 42254
42256,4611,55227,ZCTA5 42256
42259,1179,47813,ZCTA5 42259
42261,9850,45462,ZCTA5 42261
42262,9441,44044,ZCTA5 42262
42265,982,105000,ZCTA5 42265
42266,3251,69702,ZCTA5 42266
42273,561,53804,ZCTA5 42273
42274,2593,78355,ZCTA5 42274
42275,859,49000,ZCTA5 42275
42276,15942,62148,ZCTA5 42276
42280,439,98125,ZCTA5 42280
42285,535,34239,ZCTA5 42285
42286,1884,64531,ZCTA5 42286
42301,45851,59478,ZCTA5 42301
42303,41608,61777,ZCTA5 42303
42320,8913,50422,ZCTA5 42320
42321,415,66250,ZCTA5 42321
42322,0,,ZCTA5 42322
42323,810,50341,ZCTA5 42323
42324,1080,50859,ZCTA5 42324
42325,1565,44167,ZCTA5 42325
42326,305,39750,ZCTA5 42326
42327,4703,61500,ZCTA5 42327
42328,1173,44792,ZCTA5 42328
42330,10184,49200,ZCTA5 42330
42332,102,,ZCTA5 42332
42333,760,40114,ZCTA5 42333
42337,1743,37667,ZCTA5 42337
42338,27,,ZCTA5 42338
42339,915,49356,ZCTA5 42339
42343,1658,44531,ZCTA5 42343
42344,1064,39286,ZCTA5 42344
42345,11091,67172,ZCTA5 42345
42347,5419,58889,ZCTA5 42347
42348,4986,71438,ZCTA5 42348
42349,1933,54941,ZCTA5 42349
42350,1269,77917,ZCTA5 42350
42351,4639,69521,ZCTA5 42351
42352,1652,52301,ZCTA5 42352
42354,205,71250,ZCTA5 42354
42355,1479,65042,ZCTA5 42355
42356,231,,ZCTA5 42356
42361,696,42875,ZCTA5 42361
42366,5190,80259,ZCTA5 42366
42367,886,45417,ZCTA5 42367
42368,1223,82609,ZCTA5 42368
42369,246,47708,ZCTA5 42369
42370,83,,ZCTA5 42370
42371,331,137813,ZCTA5 42371
42372,1535,55139,ZCTA5 42372
42374,109,38438,ZCTA5 42374
42376,6520,73942,ZCTA5 42376
42378,3490,70185,ZCTA5 42378
42404,2342,53000,ZCTA5 42404
42406,2419,59722,ZCTA5 42406
42408,6307,48112,ZCTA5 42408
42409,2397,58750,ZCTA5 42409
42410,1219,38971,ZCTA5 42410
42411,2082,58977,ZCTA5 42411
42413,2406,82083,ZCTA5 42413
42420,38528,55423,ZCTA5 42420
42431,26666,54437,ZCTA5 42431
42436,1426,76000,ZCTA5 42436
42437,7419,60664,ZCTA5 42437
42440,936,46319,ZCTA5 42440
42441,1853,59038,ZCTA5 42441
42442,3147,56808,ZCTA5 42442
42444,0,,ZCTA5 42444
42445,10242,51049,ZCTA5 42445
42450,3766,52804,ZCTA5 42450
42451,582,,ZCTA5 42451
42452,2276,74457,ZCTA5 42452
42453,527,51392,ZCTA5 42453
42455,3475,65938,ZCTA5 42455
42456,1293,56947,ZCTA5 42456
42458,930,57176,ZCTA5 42458
42459,3935,55096,ZCTA5 42459
42461,1050,47935,ZCTA5 42461
42462,1512,63000,ZCTA5 42462
42463,137,42679,ZCTA5 42463
42464,1714,35962,ZCTA5 42464
42501,17080,47279,ZCTA5 42501
42503,25381,53514,ZCTA5 42503
42516,504,39133,ZCTA5 42516
42518,3068,47687,ZCTA5 42518
42519,3109,35139,ZCTA5 42519
42528,2156,47891,ZCTA5 42528
42533,917,35863,ZCTA5 42533
42539,9896,41861,ZCTA5 42539
42541,279,43109,ZCTA5 42541
42544,5486,52417,ZCTA5 42544
42553,6249,44078,ZCTA5 42553
42565,872,,ZCTA5 42565
42566,360,69688,ZCTA5 42566
42567,5241,57864,ZCTA5 42567
42602,9141,40551,ZCTA5 42602
42603,628,50893,ZCTA5 42603
42629,5683,39346,ZCTA5 42629
42631,0,,ZCTA5 42631
42633,18483,41970,ZCTA5 42633
42634,1920,29000,ZCTA5 42634
42635,4906,37946,ZCTA5 42635
42638,196,,ZCTA5 42638
42642,12382,52068,ZCTA5 42642
42647,3905,38440,ZCTA5 42647
42649,1471,,ZCTA5 42649
42653,4113,42589,ZCTA5 42653
42701,52618,65070,ZCTA5 42701
42712,1681,44605,ZCTA5 42712
42713,1730,32708,ZCTA5 42713
42715,338,67813,ZCTA5 42715
42716,1401,46761,ZCTA5 42716
42717,5916,40315,ZCTA5 42717
42718,25984,61184,ZCTA5 42718
42721,3954,49744,ZCTA5 42721
42722,338,64167,ZCTA5 42722
42724,5406,71402,ZCTA5 42724
42726,4960,51981,ZCTA5 42726
42728,15789,49112,ZCTA5 42728
42729,1518,40256,ZCTA5 42729
42732,2411,56702,ZCTA5 42732
42733,1615,66629,ZCTA5 42733
42740,2157,81458,ZCTA5 42740
42741,513,60000,ZCTA5 42741
42742,99,,ZCTA5 42742
42743,9043,39045,ZCTA5 42743
42746,2512,49868,ZCTA5 42746
42748,9280,59750,ZCTA5 42748
42749,5095,45833,ZCTA5 42749
42753,801,56719,ZCTA5 42753
42754,15918,44958,ZCTA5 42754
42757,2995,50000,ZCTA5 42757
42758,55,,ZCTA5 42758
42759,43,,ZCTA5 42759
42762,257,,ZCTA5 42762
42764,430,68393,ZCTA5 42764
42765,6767,48146,ZCTA5 42765
42776,2025,53692,ZCTA5 42776
42782,933,62829,ZCTA5 42782
42784,3050,66875,ZCTA5 42784
42788,227,50972,ZCTA5 42788
43001,2537,83611,ZCTA5 43001
43002,776,83000,ZCTA5 43002
43003,3139,64963,ZCTA5 43003
43004,31002,100493,ZCTA5 43004
43005,445,69127,ZCTA5 43005
43006,471,58500,ZCTA5 43006
43007,43,,ZCTA5 43007
43008,2365,62250,ZCTA5 43008
43009,2140,89386,ZCTA5 43009
43010,255,46406,ZCTA5 43010
43011,6859,88900,ZCTA5 43011
43013,1404,120208,ZCTA5 43013
43014,3867,66600,ZCTA5 43014
43015,57745,92895,ZCTA5 43015
43016,44092,108502,ZCTA5 43016
43017,41837,128587,ZCTA5 43017
43018,83,60917,ZCTA5 43018
43019,9905,73340,ZCTA5 43019
43021,14295,157857,ZCTA5 43021
43022,3630,93292,ZCTA5 43022
43023,15256,129462,ZCTA5 43023
43025,5230,74432,ZCTA5 43025
43026,64633,104436,ZCTA5 43026
43027,200,,ZCTA5 43027
43028,7482,79018,ZCTA5 43028
43029,532,103074,ZCTA5 43029
43030,195,250001,ZCTA5 43030
43031,14029,100979,ZCTA5 43031
43032,0,,ZCTA5 43032
43033,430,68750,ZCTA5 43033
43035,34661,146408,ZCTA5 43035
43036,306,62250,ZCTA5 43036
43037,132,71250,ZCTA5 43037
43040,36678,89984,ZCTA5 43040
43044,5254,75686,ZCTA5 43044
43045,1775,100625,ZCTA5 43045
43046,3165,73787,ZCTA5 43046
43047,11,,ZCTA5 43047
43050,31064,62235,ZCTA5 43050
43054,28552,140307,ZCTA5 43054
43055,62460,59345,ZCTA5 43055
43056,17504,78473,ZCTA5 43056
43060,2669,58179,ZCTA5 43060
43061,5045,136250,ZCTA5 43061
43062,31566,96034,ZCTA5 43062
43064,17188,125086,ZCTA5 43064
43065,45067,153318,ZCTA5 43065
43066,1173,111597,ZCTA5 43066
43067,1360,91595,ZCTA5 43067
43068,58916,67943,ZCTA5 43068
43070,53,,ZCTA5 43070
43071,2269,101394,ZCTA5 43071
43072,5380,71875,ZCTA5 43072
43074,15597,103875,ZCTA5 43074
43076,8909,82036,ZCTA5 43076
43077,277,78750,ZCTA5 43077
43078,20269,69137,ZCTA5 43078
43080,5123,82109,ZCTA5 43080
43081,64746,90043,ZCTA5 43081
43082,33195,141181,ZCTA5 43082
43084,811,75469,ZCTA5 43084
43085,26653,106703,ZCTA5 43085
43101,365,36058,ZCTA5 43101
43102,4038,81224,ZCTA5 43102
43103,12532,86696,ZCTA5 43103
43105,9129,86250,ZCTA5 43105
43106,1653,58798,ZCTA5 43106
43107,3305,74677,ZCTA5 43107
43109,147,54483,ZCTA5 43109
43110,38235,70549,ZCTA5 43110
43111,117,78667,ZCTA5 43111
43112,4879,106217,ZCTA5 43112
43113,24365,60570,ZCTA5 43113
43115,1943,76125,ZCTA5 43115
43116,2716,112695,ZCTA5 43116
43117,8,,ZCTA5 43117
43119,29409,83261,ZCTA5 43119
43123,66365,83056,ZCTA5 43123
43125,14212,80860,ZCTA5 43125
43126,404,59375,ZCTA5 43126
43127,273,58674,ZCTA5 43127
43128,2053,49792,ZCTA5 43128
43130,62187,64691,ZCTA5 43130
43135,4035,73699,ZCTA5 43135
43136,2316,103750,ZCTA5 43136
43137,2267,66250,ZCTA5 43137
43138,19164,59418,ZCTA5 43138
43140,23812,71642,ZCTA5 43140
43142,82,53750,ZCTA5 43142
43143,5931,81528,ZCTA5 43143
43144,425,39205,ZCTA5 43144
43145,1926,71827,ZCTA5 43145
43146,12832,67428,ZCTA5 43146
43147,46058,119517,ZCTA5 43147
43148,1871,66942,ZCTA5 43148
43149,2321,56139,ZCTA5 43149
43150,2544,63947,ZCTA5 43150
43151,257,57500,ZCTA5 43151
43152,836,61489,ZCTA5 43152
43153,1113,86607,ZCTA5 43153
43154,3482,110833,ZCTA5 43154
43155,2391,83725,ZCTA5 43155
43156,198,80250,ZCTA5 43156
43157,508,53750,ZCTA5 43157
43158,402,,ZCTA5 43158
43160,21847,54780,ZCTA5 43160
43162,6837,72480,ZCTA5 43162
43164,2134,64286,ZCTA5 43164
43201,34651,43204,ZCTA5 43201
43202,20778,65113,ZCTA5 43202
43203,8762,45236,ZCTA5 43203
43204,43990,58247,ZCTA5 43204
43205,12600,50768,ZCTA5 43205
43206,22667,68853,ZCTA5 43206
43207,46010,58748,ZCTA5 43207
43209,28600,84173,ZCTA5 43209
43210,11584,,ZCTA5 43210
43211,21976,34759,ZCTA5 43211
43212,22619,70888,ZCTA5 43212
43213,36724,51202,ZCTA5 43213
43214,26200,90363,ZCTA5 43214
43215,15754,75397,ZCTA5 43215
43217,2031,51071,ZCTA5 43217
43218,0,,ZCTA5 43218
43219,32136,48946,ZCTA5 43219
43220,29355,77199,ZCTA5 43220
43221,35164,110490,ZCTA5 43221
43222,4151,22880,ZCTA5 43222
43223,27211,48097,ZCTA5 43223
43224,43391,47078,ZCTA5 43224
43227,25031,42596,ZCTA5 43227
43228,57406,61008,ZCTA5 43228
43229,55168,52124,ZCTA5 43229
43230,58079,87190,ZCTA5 43230
43231,23110,71574,ZCTA5 43231
43232,46881,47432,ZCTA5 43232
43235,45462,83371,ZCTA5 43235
43240,6968,88289,ZCTA5 43240
43302,55090,51210,ZCTA5 43302
43310,2734,65160,ZCTA5 43310
43311,19969,65391,ZCTA5 43311
43314,2555,69261,ZCTA5 43314
43315,7013,66625,ZCTA5 43315
43316,6209,71652,ZCTA5 43316
43317,179,49063,ZCTA5 43317
43318,4185,78631,ZCTA5 43318
43319,1046,137776,ZCTA5 43319
43320,1370,49773,ZCTA5 43320
43321,374,56250,ZCTA5 43321
43322,447,69375,ZCTA5 43322
43323,626,53750,ZCTA5 43323
43324,2688,83333,ZCTA5 43324
43325,80,,ZCTA5 43325
43326,12990,53662,ZCTA5 43326
43330,48,62500,ZCTA5 43330
43331,4247,58165,ZCTA5 43331
43332,1585,65543,ZCTA5 43332
43333,884,81691,ZCTA5 43333
43334,6229,82917,ZCTA5 43334
43336,0,,ZCTA5 43336
43337,769,64861,ZCTA5 43337
43338,10033,66421,ZCTA5 43338
43340,2001,66339,ZCTA5 43340
43341,835,63239,ZCTA5 43341
43342,3699,76300,ZCTA5 43342
43343,1124,59076,ZCTA5 43343
43344,6119,75644,ZCTA5 43344
43345,851,85291,ZCTA5 43345
43346,201,,ZCTA5 43346
43347,1206,84313,ZCTA5 43347
43348,1840,47386,ZCTA5 43348
43350,184,64083,ZCTA5 43350
43351,10591,66720,ZCTA5 43351
43356,1111,78750,ZCTA5 43356
43357,4469,80300,ZCTA5 43357
43358,2608,82034,ZCTA5 43358
43359,618,54844,ZCTA5 43359
43360,1790,100446,ZCTA5 43360
43402,31472,53095,ZCTA5 43402
43403,4344,,ZCTA5 43403
43406,1620,59643,ZCTA5 43406
43407,521,72500,ZCTA5 43407
43408,355,60313,ZCTA5 43408
43410,9838,59454,ZCTA5 43410
43412,4166,95500,ZCTA5 43412
43413,951,78750,ZCTA5 43413
43414,177,,ZCTA5 43414
43416,2900,81185,ZCTA5 43416
43420,29304,57972,ZCTA5 43420
43430,4953,77043,ZCTA5 43430
43431,4871,79558,ZCTA5 43431
43432,1137,,ZCTA5 43432
43433,43,,ZCTA5 43433
43434,124,67083,ZCTA5 43434
43435,1084,81138,ZCTA5 43435
43436,0,,ZCTA5 43436
43437,535,48676,ZCTA5 43437
43438,221,74375,ZCTA5 43438
43439,39,,ZCTA5 43439
43440,4099,71641,ZCTA5 43440
43442,841,55750,ZCTA5 43442
43443,1609,96875,ZCTA5 43443
43445,983,93466,ZCTA5 43445
43446,59,53000,ZCTA5 43446
43447,3140,76313,ZCTA5 43447
43449,8281,66352,ZCTA5 43449
43450,3681,83554,ZCTA5 43450
43451,1125,73125,ZCTA5 43451
43452,14048,59206,ZCTA5 43452
43456,549,98750,ZCTA5 43456
43457,1281,49986,ZCTA5 43457
43458,323,66563,ZCTA5 43458
43460,6225,77422,ZCTA5 43460
43462,985,88598,ZCTA5 43462
43463,536,65250,ZCTA5 43463
43464,2041,36774,ZCTA5 43464
43465,5600,65313,ZCTA5 43465
43466,2735,82262,ZCTA5 43466
43467,110,,ZCTA5 43467
43468,629,112917,ZCTA5 43468
43469,2857,81620,ZCTA5 43469
43501,941,50000,ZCTA5 43501
43502,6895,75791,ZCTA5 43502
43504,1076,84688,ZCTA5 43504
43505,96,68438,ZCTA5 43505
43506,14584,60298,ZCTA5 43506
43510,89,,ZCTA5 43510
43511,1114,78750,ZCTA5 43511
43512,28435,69889,ZCTA5 43512
43515,7925,75716,ZCTA5 43515
43516,2892,73929,ZCTA5 43516
43517,3561,56563,ZCTA5 43517
43518,2999,85135,ZCTA5 43518
43519,378,73200,ZCTA5 43519
43520,17,,ZCTA5 43520
43521,2683,50545,ZCTA5 43521
43522,3986,80223,ZCTA5 43522
43523,59,,ZCTA5 43523
43524,1059,57679,ZCTA5 43524
43525,1176,100938,ZCTA5 43525
43526,5559,60150,ZCTA5 43526
43527,2155,68347,ZCTA5 43527
43528,16683,85275,ZCTA5 43528
43529,368,70893,ZCTA5 43529
43530,0,,ZCTA5 43530
43531,192,32778,ZCTA5 43531
43532,3452,81694,ZCTA5 43532
43533,1469,65500,ZCTA5 43533
43534,1474,81176,ZCTA5 43534
43535,721,67500,ZCTA5 43535
43536,216,72083,ZCTA5 43536
43537,29859,83710,ZCTA5 43537
43540,1479,88750,ZCTA5 43540
43541,188,61250,ZCTA5 43541
43542,4734,155592,ZCTA5 43542
43543,7579,58782,ZCTA5 43543
43545,14573,67490,ZCTA5 43545
43547,482,,ZCTA5 43547
43548,898,85000,ZCTA5 43548
43549,1353,90875,ZCTA5 43549
43551,42914,91007,ZCTA5 43551
43553,467,94063,ZCTA5 43553
43554,2129,53357,ZCTA5 43554
43555,284,,ZCTA5 43555
43556,1682,62429,ZCTA5 43556
43557,3246,77675,ZCTA5 43557
43558,13319,72300,ZCTA5 43558
43560,32717,100047,ZCTA5 43560
43565,380,59000,ZCTA5 43565
43566,7947,104877,ZCTA5 43566
43567,12987,73347,ZCTA5 43567
43569,2823,61324,ZCTA5 43569
43570,3069,62731,ZCTA5 43570
43571,7169,88887,ZCTA5 43571
43604,9626,16651,ZCTA5 43604
43605,24937,34221,ZCTA5 43605
43606,24536,57082,ZCTA5 43606
43607,21112,35895,ZCTA5 43607
43608,14378,27442,ZCTA5 43608
43609,19889,45236,ZCTA5 43609
43610,3955,45444,ZCTA5 43610
43611,19110,54644,ZCTA5 43611
43612,28565,48641,ZCTA5 43612
43613,32231,61967,ZCTA5 43613
43614,28885,52877,ZCTA5 43614
43615,39405,54503,ZCTA5 43615
43616,20215,73253,ZCTA5 43616
43617,8508,125372,ZCTA5 43617
43619,7316,71927,ZCTA5 43619
43620,5341,22361,ZCTA5 43620
43623,19995,65986,ZCTA5 43623
43701,55531,52283,ZCTA5 43701
43711,62,18542,ZCTA5 43711
43713,6544,62072,ZCTA5 43713
43716,1954,45000,ZCTA5 43716
43717,121,42222,ZCTA5 43717
43718,2704,75921,ZCTA5 43718
43719,2593,53750,ZCTA5 43719
43720,1164,55930,ZCTA5 43720
43721,359,,ZCTA5 43721
43722,782,,ZCTA5 43722
43723,4412,46533,ZCTA5 43723
43724,9183,51308,ZCTA5 43724
43725,19662,51954,ZCTA5 43725
43727,1070,55982,ZCTA5 43727
43728,1323,52163,ZCTA5 43728
43730,2856,71458,ZCTA5 43730
43731,4959,51923,ZCTA5 43731
43732,1701,61205,ZCTA5 43732
43733,68,,ZCTA5 43733
43734,1911,104318,ZCTA5 43734
43735,394,98333,ZCTA5 43735
43736,12,,ZCTA5 43736
43738,95,71250,ZCTA5 43738
43739,2650,98792,ZCTA5 43739
43740,228,67589,ZCTA5 43740
43746,762,52981,ZCTA5 43746
43747,1492,59972,ZCTA5 43747
43748,3023,71011,ZCTA5 43748
43749,2153,55417,ZCTA5 43749
43750,141,,ZCTA5 43750
43754,1634,74750,ZCTA5 43754
43755,1417,46738,ZCTA5 43755
43756,5369,54007,ZCTA5 43756
43758,2901,48929,ZCTA5 43758
43759,269,55156,ZCTA5 43759
43760,1194,60250,ZCTA5 43760
43761,46,,ZCTA5 43761
43762,5208,75343,ZCTA5 43762
43764,8149,49844,ZCTA5 43764
43766,1146,50326,ZCTA5 43766
43767,1195,71167,ZCTA5 43767
43768,469,,ZCTA5 43768
43771,2274,50843,ZCTA5 43771
43772,1748,62377,ZCTA5 43772
43773,2772,41757,ZCTA5 43773
43777,4917,51128,ZCTA5 43777
43778,1511,65500,ZCTA5 43778
43779,531,56483,ZCTA5 43779
43780,2165,60603,ZCTA5 43780
43782,458,55208,ZCTA5 43782
43783,4992,74000,ZCTA5 43783
43786,67,53125,ZCTA5 43786
43787,3024,52128,ZCTA5 43787
43788,624,29375,ZCTA5 43788
43791,50,,ZCTA5 43791
43793,4647,46085,ZCTA5 43793
43802,1240,80150,ZCTA5 43802
43804,3688,68300,ZCTA5 43804
43805,179,123209,ZCTA5 43805
43811,584,36346,ZCTA5 43811
43812,18834,49106,ZCTA5 43812
43821,4350,68542,ZCTA5 43821
43822,5052,58662,ZCTA5 43822
43824,3922,58207,ZCTA5 43824
43830,6676,88523,ZCTA5 43830
43832,7124,55595,ZCTA5 43832
43836,116,63750,ZCTA5 43836
43837,1749,62000,ZCTA5 43837
43840,1259,53696,ZCTA5 43840
43842,220,68227,ZCTA5 43842
43843,877,51125,ZCTA5 43843
43844,3842,56756,ZCTA5 43844
43845,4870,50648,ZCTA5 43845
43901,1907,55114,ZCTA5 43901
43902,118,,ZCTA5 43902
43903,2127,60335,ZCTA5 43903
43905,607,85074,ZCTA5 43905
43906,7987,42643,ZCTA5 43906
43907,4978,47754,ZCTA5 43907
43908,1038,54000,ZCTA5 43908
43909,61,,ZCTA5 43909
43910,3283,64731,ZCTA5 43910
43912,6011,52194,ZCTA5 43912
43913,1068,47727,ZCTA5 43913
43914,17,,ZCTA5 43914
43915,1180,64875,ZCTA5 43915
43917,2850,59545,ZCTA5 43917
43920,21462,47277,ZCTA5 43920
43925,86,48917,ZCTA5 43925
43926,237,53333,ZCTA5 43926
43928,112,115625,ZCTA5 43928
43930,1250,53516,ZCTA5 43930
43931,166,56719,ZCTA5 43931
43932,920,67750,ZCTA5 43932
43933,2052,52022,ZCTA5 43933
43934,78,76029,ZCTA5 43934
43935,7998,44984,ZCTA5 43935
43938,5868,56466,ZCTA5 43938
43939,291,52500,ZCTA5 43939
43940,388,57841,ZCTA5 43940
43942,2281,56964,ZCTA5 43942
43943,3180,48720,ZCTA5 43943
43944,2538,63965,ZCTA5 43944
43945,3095,55000,ZCTA5 43945
43946,1788,64500,ZCTA5 43946
43947,4869,54679,ZCTA5 43947
43948,682,76250,ZCTA5 43948
43950,16472,71067,ZCTA5 43950
43951,55,,ZCTA5 43951
43952,17412,43153,ZCTA5 43952
43953,12047,68674,ZCTA5 43953
43961,239,38333,ZCTA5 43961
43962,82,80833,ZCTA5 43962
43963,1309,54028,ZCTA5 43963
43964,9199,50065,ZCTA5 43964
43967,240,104881,ZCTA5 43967
43968,5903,59473,ZCTA5 43968
43971,970,45789,ZCTA5 43971
43972,119,26597,ZCTA5 43972
43973,2415,66528,ZCTA5 43973
43974,88,64659,ZCTA5 43974
43976,1669,49750,ZCTA5 43976
43977,2155,57137,ZCTA5 43977
43981,208,54375,ZCTA5 43981
43983,534,37500,ZCTA5 43983
43985,223,50250,ZCTA5 43985
43986,1783,52784,ZCTA5 43986
43988,2326,60069,ZCTA5 43988
44001,20982,86106,ZCTA5 44001
44003,4888,55743,ZCTA5 44003
44004,31348,47370,ZCTA5 44004
44010,1588,75446,ZCTA5 44010
44011,24822,128087,ZCTA5 44011
44012,25220,103946,ZCTA5 44012
44017,18582,67595,ZCTA5 44017
44021,5850,75000,ZCTA5 44021
44022,16609,149841,ZCTA5 44022
44023,18735,125607,ZCTA5 44023
44024,24558,103250,ZCTA5 44024
44026,10489,101133,ZCTA5 44026
44028,9249,89000,ZCTA5 44028
44030,16387,58823,ZCTA5 44030
44032,1546,63650,ZCTA5 44032
44035,62050,51258,ZCTA5 44035
44039,35625,89386,ZCTA5 44039
44040,3031,198750,ZCTA5 44040
44041,14073,53563,ZCTA5 44041
44044,14629,82635,ZCTA5 44044
44045,662,83173,ZCTA5 44045
44046,2020,69250,ZCTA5 44046
44047,8736,65779,ZCTA5 44047
44048,2465,58224,ZCTA5 44048
44049,190,55833,ZCTA5 44049
44050,6985,93321,ZCTA5 44050
44052,28264,41242,ZCTA5 44052
44053,20973,64212,ZCTA5 44053
44054,12649,72088,ZCTA5 44054
44055,19775,37706,ZCTA5 44055
44056,12126,97611,ZCTA5 44056
44057,19273,68966,ZCTA5 44057
44060,59932,81656,ZCTA5 44060
44062,16090,73083,ZCTA5 44062
44064,1340,69707,ZCTA5 44064
44065,3999,90711,ZCTA5 44065
44067,19987,87857,ZCTA5 44067
44068,166,,ZCTA5 44068
44070,32244,81768,ZCTA5 44070
44072,5192,101154,ZCTA5 44072
44074,11727,68014,ZCTA5 44074
44076,4749,48145,ZCTA5 44076
44077,58369,80861,ZCTA5 44077
44080,99,51711,ZCTA5 44080
44081,7003,89494,ZCTA5 44081
44082,1587,47582,ZCTA5 44082
44084,3931,69326,ZCTA5 44084
44085,3334,64868,ZCTA5 44085
44086,2290,81583,ZCTA5 44086
44087,22351,91955,ZCTA5 44087
44089,15788,71781,ZCTA5 44089
44090,11095,80188,ZCTA5 44090
44092,17138,69240,ZCTA5 44092
44093,1007,73099,ZCTA5 44093
44094,36958,75794,ZCTA5 44094
44095,32635,66792,ZCTA5 44095
44099,2290,83652,ZCTA5 44099
44101,581,,ZCTA5 44101
44102,42078,38387,ZCTA5 44102
44103,14512,24402,ZCTA5 44103
44104,18901,21333,ZCTA5 44104
44105,33667,34141,ZCTA5 44105
44106,24622,39878,ZCTA5 44106
44107,50676,63330,ZCTA5 44107
44108,20691,31927,ZCTA5 44108
44109,38026,41411,ZCTA5 44109
44110,18006,28166,ZCTA5 44110
44111,40940,52390,ZCTA5 44111
44112,18679,29382,ZCTA5 44112
44113,19757,67557,ZCTA5 44113
44114,6953,49269,ZCTA5 44114
44115,9802,19247,ZCTA5 44115
44116,21575,90214,ZCTA5 44116
44117,9476,35264,ZCTA5 44117
44118,41037,73361,ZCTA5 44118
44119,13650,42417,ZCTA5 44119
44120,34050,43317,ZCTA5 44120
44121,32840,72606,ZCTA5 44121
44122,36522,100335,ZCTA5 44122
44123,18714,49634,ZCTA5 44123
44124,40208,75255,ZCTA5 44124
44125,29605,53701,ZCTA5 44125
44126,17114,76178,ZCTA5 44126
44127,4203,30285,ZCTA5 44127
44128,28535,41923,ZCTA5 44128
44129,28851,65273,ZCTA5 44129
44130,50548,65619,ZCTA5 44130
44131,20704,94822,ZCTA5 44131
44132,14416,42771,ZCTA5 44132
44133,31144,81495,ZCTA5 44133
44134,37914,65163,ZCTA5 44134
44135,27371,46345,ZCTA5 44135
44136,25261,90800,ZCTA5 44136
44137,23610,50236,ZCTA5 44137
44138,23149,90736,ZCTA5 44138
44139,24912,128089,ZCTA5 44139
44140,16047,118816,ZCTA5 44140
44141,13771,122569,ZCTA5 44141
44142,18509,64046,ZCTA5 44142
44143,24233,73428,ZCTA5 44143
44144,21446,55934,ZCTA5 44144
44145,34027,103658,ZCTA5 44145
44146,29632,52938,ZCTA5 44146
44147,19815,97902,ZCTA5 44147
44149,20980,115218,ZCTA5 44149
44201,6956,79046,ZCTA5 44201
44202,22106,118563,ZCTA5 44202
44203,38714,57589,ZCTA5 44203
44212,45874,84864,ZCTA5 44212
44214,2418,94545,ZCTA5 44214
44215,2634,77727,ZCTA5 44215
44216,9145,93566,ZCTA5 44216
44217,3538,64011,ZCTA5 44217
44221,29677,60705,ZCTA5 44221
44223,18388,82157,ZCTA5 44223
44224,38715,89790,ZCTA5 44224
44230,8194,75240,ZCTA5 44230
44231,8831,80056,ZCTA5 44231
44232,0,,ZCTA5 44232
44233,8028,132877,ZCTA5 44233
44234,3838,72232,ZCTA5 44234
44235,1362,71068,ZCTA5 44235
44236,26269,157838,ZCTA5 44236
44240,38208,54700,ZCTA5 44240
44241,18161,76481,ZCTA5 44241
44243,4996,,ZCTA5 44243
44250,1576,53118,ZCTA5 44250
44251,1042,119028,ZCTA5 44251
44253,3613,82917,ZCTA5 44253
44254,4984,62583,ZCTA5 44254
44255,6959,72221,ZCTA5 44255
44256,64186,99679,ZCTA5 44256
44260,13037,72568,ZCTA5 44260
44262,4966,65568,ZCTA5 44262
44264,3281,112568,ZCTA5 44264
44266,32530,59310,ZCTA5 44266
44270,8245,65228,ZCTA5 44270
44272,5468,79830,ZCTA5 44272
44273,6938,79921,ZCTA5 44273
44274,325,132523,ZCTA5 44274
44275,3120,89943,ZCTA5 44275
44276,1687,77083,ZCTA5 44276
44278,18584,85914,ZCTA5 44278
44280,5355,120030,ZCTA5 44280
44281,33768,84130,ZCTA5 44281
44285,92,73438,ZCTA5 44285
44286,6421,116481,ZCTA5 44286
44287,7766,75625,ZCTA5 44287
44288,3263,57383,ZCTA5 44288
44301,14363,52186,ZCTA5 44301
44302,5043,44500,ZCTA5 44302
44303,7755,70583,ZCTA5 44303
44304,3592,31311,ZCTA5 44304
44305,21206,52286,ZCTA5 44305
44306,21301,40480,ZCTA5 44306
44307,5784,27859,ZCTA5 44307
44308,1449,15875,ZCTA5 44308
44310,24892,38949,ZCTA5 44310
44311,7377,22411,ZCTA5 44311
44312,30508,62815,ZCTA5 44312
44313,27797,71682,ZCTA5 44313
44314,17646,45036,ZCTA5 44314
44319,22196,76890,ZCTA5 44319
44320,17786,36472,ZCTA5 44320
44321,15932,114632,ZCTA5 44321
44325,774,,ZCTA5 44325
44333,19315,110474,ZCTA5 44333
44401,2716,69318,ZCTA5 44401
44402,2709,75899,ZCTA5 44402
44403,3798,58760,ZCTA5 44403
44404,1490,44773,ZCTA5 44404
44405,7841,42959,ZCTA5 44405
44406,22101,93520,ZCTA5 44406
44408,10594,70685,ZCTA5 44408
44410,16549,61858,ZCTA5 44410
44411,2119,72279,ZCTA5 44411
44412,2866,97500,ZCTA5 44412
44413,7228,53021,ZCTA5 44413
44415,412,,ZCTA5 44415
44417,1401,51974,ZCTA5 44417
44418,1398,115208,ZCTA5 44418
44420,15100,51879,ZCTA5 44420
44423,2261,58438,ZCTA5 44423
44424,83,86029,ZCTA5 44424
44425,13341,61774,ZCTA5 44425
44427,1612,41184,ZCTA5 44427
44428,3337,56409,ZCTA5 44428
44429,2353,73229,ZCTA5 44429
44430,4372,55116,ZCTA5 44430
44431,4713,66429,ZCTA5 44431
44432,12246,59451,ZCTA5 44432
44436,3348,71250,ZCTA5 44436
44437,3975,71915,ZCTA5 44437
44438,4949,39158,ZCTA5 44438
44439,431,53125,ZCTA5 44439
44440,4819,62644,ZCTA5 44440
44441,1674,,ZCTA5 44441
44442,3864,59375,ZCTA5 44442
44443,2062,70179,ZCTA5 44443
44444,9577,60914,ZCTA5 44444
44445,3237,87994,ZCTA5 44445
44446,20260,48491,ZCTA5 44446
44449,1526,77500,ZCTA5 44449
44450,2223,48716,ZCTA5 44450
44451,2993,65417,ZCTA5 44451
44452,2984,68603,ZCTA5 44452
44454,639,50833,ZCTA5 44454
44455,1838,93086,ZCTA5 44455
44460,25215,56313,ZCTA5 44460
44470,4014,66250,ZCTA5 44470
44471,10383,48896,ZCTA5 44471
44473,4145,71250,ZCTA5 44473
44481,9769,61659,ZCTA5 44481
44483,25899,44977,ZCTA5 44483
44484,21284,64971,ZCTA5 44484
44485,15898,29820,ZCTA5 44485
44490,744,45125,ZCTA5 44490
44491,3419,62446,ZCTA5 44491
44493,95,,ZCTA5 44493
44502,9043,32264,ZCTA5 44502
44503,960,10850,ZCTA5 44503
44504,5165,43425,ZCTA5 44504
44505,16534,36521,ZCTA5 44505
44506,2489,28152,ZCTA5 44506
44507,4761,26383,ZCTA5 44507
44509,11044,34110,ZCTA5 44509
44510,2064,20438,ZCTA5 44510
44511,19354,52243,ZCTA5 44511
44512,32821,59727,ZCTA5 44512
44514,23391,78078,ZCTA5 44514
44515,27543,52705,ZCTA5 44515
44555,177,,ZCTA5 44555
44601,32716,59177,ZCTA5 44601
44606,8180,71269,ZCTA5 44606
44607,97,,ZCTA5 44607
44608,2610,66739,ZCTA5 44608
44609,3267,54796,ZCTA5 44609
44610,310,65521,ZCTA5 44610
44611,2146,58562,ZCTA5 44611
44612,5450,78967,ZCTA5 44612
44613,1958,54398,ZCTA5 44613
44614,13241,82264,ZCTA5 44614
44615,9559,61179,ZCTA5 44615
44618,7641,67540,ZCTA5 44618
44619,121,62039,ZCTA5 44619
44620,1661,57241,ZCTA5 44620
44621,4955,53567,ZCTA5 44621
44622,18549,69250,ZCTA5 44622
44624,6574,103594,ZCTA5 44624
44625,1039,71891,ZCTA5 44625
44626,2771,76786,ZCTA5 44626
44627,6917,80606,ZCTA5 44627
44628,1182,66827,ZCTA5 44628
44629,2911,73438,ZCTA5 44629
44630,194,,ZCTA5 44630
44632,10766,88958,ZCTA5 44632
44633,2377,70145,ZCTA5 44633
44634,1886,65724,ZCTA5 44634
44637,2363,51591,ZCTA5 44637
44638,1042,83672,ZCTA5 44638
44639,271,49286,ZCTA5 44639
44640,162,71442,ZCTA5 44640
44641,19901,76611,ZCTA5 44641
44643,3635,56588,ZCTA5 44643
44644,4639,55410,ZCTA5 44644
44645,2826,79440,ZCTA5 44645
44646,48507,64757,ZCTA5 44646
44647,17810,61244,ZCTA5 44647
44651,1026,53646,ZCTA5 44651
44652,554,,ZCTA5 44652
44653,752,60962,ZCTA5 44653
44654,20163,73390,ZCTA5 44654
44656,2542,66068,ZCTA5 44656
44657,9682,60764,ZCTA5 44657
44659,119,66071,ZCTA5 44659
44660,126,,ZCTA5 44660
44661,399,43750,ZCTA5 44661
44662,10389,68221,ZCTA5 44662
44663,24924,58271,ZCTA5 44663
44665,211,65982,ZCTA5 44665
44666,2638,98750,ZCTA5 44666
44667,13414,69573,ZCTA5 44667
44669,1925,93203,ZCTA5 44669
44670,151,54886,ZCTA5 44670
44671,39,,ZCTA5 44671
44672,4781,47804,ZCTA5 44672
44675,2245,83792,ZCTA5 44675
44676,5750,71966,ZCTA5 44676
44677,2699,63750,ZCTA5 44677
44678,189,,ZCTA5 44678
44680,4041,65862,ZCTA5 44680
44681,9244,80022,ZCTA5 44681
44682,1198,79457,ZCTA5 44682
44683,7461,52482,ZCTA5 44683
44685,28875,95322,ZCTA5 44685
44687,422,,ZCTA5 44687
44688,2979,56120,ZCTA5 44688
44689,498,65000,ZCTA5 44689
44690,100,48565,ZCTA5 44690
44691,44775,69578,ZCTA5 44691
44693,42,96250,ZCTA5 44693
44695,1371,54176,ZCTA5 44695
44697,266,,ZCTA5 44697
44699,704,47386,ZCTA5 44699
44702,1049,13137,ZCTA5 44702
44703,8670,31466,ZCTA5 44703
44704,3484,29109,ZCTA5 44704
44705,18179,38179,ZCTA5 44705
44706,16316,56907,ZCTA5 44706
44707,8798,35833,ZCTA5 44707
44708,24858,58760,ZCTA5 44708
44709,18343,47140,ZCTA5 44709
44710,8707,46444,ZCTA5 44710
44714,9977,53906,ZCTA5 44714
44718,12302,83052,ZCTA5 44718
44720,39942,78578,ZCTA5 44720
44721,13967,91124,ZCTA5 44721
44730,6071,59777,ZCTA5 44730
44802,956,72961,ZCTA5 44802
44804,1626,90139,ZCTA5 44804
44805,31447,60214,ZCTA5 44805
44807,2049,66523,ZCTA5 44807
44809,106,,ZCTA5 44809
44811,12665,65304,ZCTA5 44811
44813,8121,77868,ZCTA5 44813
44814,2242,69438,ZCTA5 44814
44815,811,61094,ZCTA5 44815
44817,1301,74375,ZCTA5 44817
44818,2279,68315,ZCTA5 44818
44820,17088,52657,ZCTA5 44820
44822,3365,64513,ZCTA5 44822
44824,4008,78708,ZCTA5 44824
44825,188,49375,ZCTA5 44825
44826,1250,67822,ZCTA5 44826
44827,6945,52801,ZCTA5 44827
44828,186,25313,ZCTA5 44828
44830,18176,58897,ZCTA5 44830
44833,16537,53602,ZCTA5 44833
44836,2564,67431,ZCTA5 44836
44837,4707,70227,ZCTA5 44837
44838,247,71250,ZCTA5 44838
44839,12766,71808,ZCTA5 44839
44840,3072,79583,ZCTA5 44840
44841,670,64702,ZCTA5 44841
44842,5432,64813,ZCTA5 44842
44843,2686,85595,ZCTA5 44843
44844,712,78892,ZCTA5 44844
44846,3416,82316,ZCTA5 44846
44847,3625,77765,ZCTA5 44847
44849,2231,68464,ZCTA5 44849
44850,256,,ZCTA5 44850
44851,5057,61250,ZCTA5 44851
44853,1460,82727,ZCTA5 44853
44854,1501,53621,ZCTA5 44854
44855,1352,67667,ZCTA5 44855
44856,170,24297,ZCTA5 44856
44857,23215,62528,ZCTA5 44857
44859,2108,74673,ZCTA5 44859
44861,129,51250,ZCTA5 44861
44864,3133,58343,ZCTA5 44864
44865,3302,75549,ZCTA5 44865
44866,2332,65357,ZCTA5 44866
44867,2640,67125,ZCTA5 44867
44870,40067,55588,ZCTA5 44870
44874,281,73281,ZCTA5 44874
44875,13835,62327,ZCTA5 44875
44878,3146,75398,ZCTA5 44878
44880,3176,69702,ZCTA5 44880
44881,172,,ZCTA5 44881
44882,2381,80407,ZCTA5 44882
44883,28667,59583,ZCTA5 44883
44887,1048,80243,ZCTA5 44887
44889,6735,79375,ZCTA5 44889
44890,10364,61318,ZCTA5 44890
44901,0,,ZCTA5 44901
44902,5549,31820,ZCTA5 44902
44903,25860,61688,ZCTA5 44903
44904,13841,63341,ZCTA5 44904
44905,16385,53559,ZCTA5 44905
44906,16890,48924,ZCTA5 44906
44907,15163,43466,ZCTA5 44907
45001,896,46818,ZCTA5 45001
45002,14068,82181,ZCTA5 45002
45003,624,63929,ZCTA5 45003
45005,31739,70385,ZCTA5 45005
45011,73596,84785,ZCTA5 45011
45013,52953,68922,ZCTA5 45013
45014,46023,66664,ZCTA5 45014
45015,11602,47220,ZCTA5 45015
45030,21196,97271,ZCTA5 45030
45032,666,62500,ZCTA5 45032
45033,512,45469,ZCTA5 45033
45034,1007,130114,ZCTA5 45034
45036,42346,94571,ZCTA5 45036
45039,29112,109858,ZCTA5 45039
45040,57214,128034,ZCTA5 45040
45041,136,,ZCTA5 45041
45042,28812,63938,ZCTA5 45042
45044,53909,68744,ZCTA5 45044
45050,11833,100409,ZCTA5 45050
45051,388,61477,ZCTA5 45051
45052,4179,105531,ZCTA5 45052
45053,3865,110087,ZCTA5 45053
45054,2517,95684,ZCTA5 45054
45055,179,64583,ZCTA5 45055
45056,27391,51273,ZCTA5 45056
45062,756,52421,ZCTA5 45062
45064,3257,96719,ZCTA5 45064
45065,6604,101094,ZCTA5 45065
45066,26144,120278,ZCTA5 45066
45067,15085,86009,ZCTA5 45067
45068,11947,89910,ZCTA5 45068
45069,55414,109433,ZCTA5 45069
45070,151,42386,ZCTA5 45070
45101,2059,35694,ZCTA5 45101
45102,24243,77521,ZCTA5 45102
45103,35908,76366,ZCTA5 45103
45105,63,,ZCTA5 45105
45106,10989,63523,ZCTA5 45106
45107,9741,65809,ZCTA5 45107
45111,363,88393,ZCTA5 45111
45112,15,61875,ZCTA5 45112
45113,3826,95164,ZCTA5 45113
45115,223,46304,ZCTA5 45115
45118,3663,86046,ZCTA5 45118
45119,28,,ZCTA5 45119
45120,2739,59101,ZCTA5 45120
45121,9132,58198,ZCTA5 45121
45122,11390,82409,ZCTA5 45122
45123,8958,58623,ZCTA5 45123
45130,4116,83845,ZCTA5 45130
45131,287,47727,ZCTA5 45131
45132,116,,ZCTA5 45132
45133,23399,57914,ZCTA5 45133
45135,5581,80172,ZCTA5 45135
45140,55364,104422,ZCTA5 45140
45142,3994,60529,ZCTA5 45142
45144,4057,38750,ZCTA5 45144
45146,1063,70625,ZCTA5 45146
45147,73,,ZCTA5 45147
45148,1822,66603,ZCTA5 45148
45150,33853,87950,ZCTA5 45150
45152,13617,102245,ZCTA5 45152
45153,2362,87361,ZCTA5 45153
45154,8652,73932,ZCTA5 45154
45155,461,54750,ZCTA5 45155
45156,59,,ZCTA5 45156
45157,9857,91477,ZCTA5 45157
45158,783,51000,ZCTA5 45158
45159,3454,80078,ZCTA5 45159
45160,619,,ZCTA5 45160
45162,2449,77414,ZCTA5 45162
45164,294,46250,ZCTA5 45164
45166,50,,ZCTA5 45166
45167,3266,59306,ZCTA5 45167
45168,1159,73036,ZCTA5 45168
45169,4436,55767,ZCTA5 45169
45171,5762,62292,ZCTA5 45171
45172,264,100662,ZCTA5 45172
45174,2165,194750,ZCTA5 45174
45176,10099,60149,ZCTA5 45176
45177,22683,64282,ZCTA5 45177
45202,16259,86765,ZCTA5 45202
45203,2498,33018,ZCTA5 45203
45204,7271,31458,ZCTA5 45204
45205,19087,36611,ZCTA5 45205
45206,10689,51190,ZCTA5 45206
45207,6801,45056,ZCTA5 45207
45208,17911,131330,ZCTA5 45208
45209,10408,84057,ZCTA5 45209
45211,37303,51235,ZCTA5 45211
45212,21335,58180,ZCTA5 45212
45213,11673,62988,ZCTA5 45213
45214,8965,23451,ZCTA5 45214
45215,31006,68184,ZCTA5 45215
45216,8900,42114,ZCTA5 45216
45217,6096,65507,ZCTA5 45217
45218,3838,72500,ZCTA5 45218
45219,19505,34990,ZCTA5 45219
45220,14651,50141,ZCTA5 45220
45223,12556,51957,ZCTA5 45223
45224,20915,54752,ZCTA5 45224
45225,9414,19662,ZCTA5 45225
45226,5858,101987,ZCTA5 45226
45227,18801,65100,ZCTA5 45227
45229,13453,33329,ZCTA5 45229
45230,27437,84670,ZCTA5 45230
45231,41466,64741,ZCTA5 45231
45232,8805,23705,ZCTA5 45232
45233,14976,109295,ZCTA5 45233
45236,24504,79785,ZCTA5 45236
45237,22067,44262,ZCTA5 45237
45238,47154,62751,ZCTA5 45238
45239,29506,56148,ZCTA5 45239
45240,29219,67558,ZCTA5 45240
45241,23727,94229,ZCTA5 45241
45242,21990,114801,ZCTA5 45242
45243,16034,163415,ZCTA5 45243
45244,28702,104679,ZCTA5 45244
45245,20352,70279,ZCTA5 45245
45246,13323,68078,ZCTA5 45246
45247,24072,90977,ZCTA5 45247
45248,24051,82480,ZCTA5 45248
45249,14075,113674,ZCTA5 45249
45251,20834,69936,ZCTA5 45251
45252,5287,106544,ZCTA5 45252
45255,22012,81719,ZCTA5 45255
45267,4,,ZCTA5 45267
45301,322,108393,ZCTA5 45301
45302,4622,84283,ZCTA5 45302
45303,2247,55938,ZCTA5 45303
45304,7617,63911,ZCTA5 45304
45305,11473,115092,ZCTA5 45305
45306,2184,79861,ZCTA5 45306
45307,312,53750,ZCTA5 45307
45308,4723,70750,ZCTA5 45308
45309,11789,71221,ZCTA5 45309
45310,292,76458,ZCTA5 45310
45311,6056,64705,ZCTA5 45311
45312,947,64545,ZCTA5 45312
45314,6363,85208,ZCTA5 45314
45315,4402,94348,ZCTA5 45315
45316,139,75875,ZCTA5 45316
45317,922,95947,ZCTA5 45317
45318,5210,61595,ZCTA5 45318
45319,372,65250,ZCTA5 45319
45320,15525,64828,ZCTA5 45320
45321,1235,63659,ZCTA5 45321
45322,21540,69407,ZCTA5 45322
45323,5170,80150,ZCTA5 45323
45324,40623,56420,ZCTA5 45324
45325,2473,74152,ZCTA5 45325
45326,1282,83594,ZCTA5 45326
45327,8916,86982,ZCTA5 45327
45328,574,55625,ZCTA5 45328
45330,614,58839,ZCTA5 45330
45331,22027,52349,ZCTA5 45331
45332,490,48462,ZCTA5 45332
45333,1607,60938,ZCTA5 45333
45334,1952,61140,ZCTA5 45334
45335,6951,71828,ZCTA5 45335
45336,89,67500,ZCTA5 45336
45337,1736,97069,ZCTA5 45337
45338,4639,65595,ZCTA5 45338
45339,1101,90833,ZCTA5 45339
45340,384,74821,ZCTA5 45340
45341,3967,54336,ZCTA5 45341
45342,36127,75606,ZCTA5 45342
45344,16747,70630,ZCTA5 45344
45345,6553,75824,ZCTA5 45345
45346,2134,74886,ZCTA5 45346
45347,4081,62773,ZCTA5 45347
45348,888,86806,ZCTA5 45348
45349,253,79583,ZCTA5 45349
45350,55,123594,ZCTA5 45350
45351,325,91875,ZCTA5 45351
45352,207,48542,ZCTA5 45352
45353,151,26354,ZCTA5 45353
45354,632,59375,ZCTA5 45354
45356,24926,58233,ZCTA5 45356
45358,323,51250,ZCTA5 45358
45359,2120,67125,ZCTA5 45359
45360,379,32500,ZCTA5 45360
45361,381,53750,ZCTA5 45361
45362,1054,58333,ZCTA5 45362
45363,1893,87054,ZCTA5 45363
45365,29336,69951,ZCTA5 45365
45368,4125,58125,ZCTA5 45368
45369,4141,81152,ZCTA5 45369
45370,2881,114205,ZCTA5 45370
45371,22429,86100,ZCTA5 45371
45372,314,65250,ZCTA5 45372
45373,37714,77348,ZCTA5 45373
45377,14272,73811,ZCTA5 45377
45378,536,69063,ZCTA5 45378
45380,5746,81815,ZCTA5 45380
45381,5690,71196,ZCTA5 45381
45382,1082,76667,ZCTA5 45382
45383,6453,60951,ZCTA5 45383
45384,2151,79663,ZCTA5 45384
45385,39699,71684,ZCTA5 45385
45387,5256,84464,ZCTA5 45387
45388,820,93125,ZCTA5 45388
45389,594,72375,ZCTA5 45389
45390,3341,53306,ZCTA5 45390
45402,10438,44225,ZCTA5 45402
45403,13002,32428,ZCTA5 45403
45404,10380,34805,ZCTA5 45404
45405,19059,39919,ZCTA5 45405
45406,19954,37630,ZCTA5 45406
45409,15788,74375,ZCTA5 45409
45410,17345,44644,ZCTA5 45410
45414,20423,54284,ZCTA5 45414
45415,12601,73934,ZCTA5 45415
45416,5547,52008,ZCTA5 45416
45417,28029,34866,ZCTA5 45417
45419,16852,82183,ZCTA5 45419
45420,23600,54425,ZCTA5 45420
45423,0,,ZCTA5 45423
45424,50221,77670,ZCTA5 45424
45426,13591,45897,ZCTA5 45426
45428,286,,ZCTA5 45428
45429,26523,75112,ZCTA5 45429
45430,7105,104976,ZCTA5 45430
45431,26446,75293,ZCTA5 45431
45432,15024,80271,ZCTA5 45432
45433,1554,69962,ZCTA5 45433
45434,12810,140366,ZCTA5 45434
45435,177,,ZCTA5 45435
45439,12591,47007,ZCTA5 45439
45440,22256,79388,ZCTA5 45440
45449,19032,58134,ZCTA5 45449
45458,37128,107229,ZCTA5 45458
45459,28509,88282,ZCTA5 45459
45469,206,,ZCTA5 45469
45501,0,,ZCTA5 45501
45502,17715,85023,ZCTA5 45502
45503,32714,52411,ZCTA5 45503
45504,16069,62780,ZCTA5 45504
45505,20485,42692,ZCTA5 45505
45506,13145,42746,ZCTA5 45506
45601,56300,55539,ZCTA5 45601
45612,4622,50750,ZCTA5 45612
45613,2646,34357,ZCTA5 45613
45614,5077,62179,ZCTA5 45614
45616,1729,49625,ZCTA5 45616
45617,0,,ZCTA5 45617
45618,0,,ZCTA5 45618
45619,7509,59732,ZCTA5 45619
45620,754,75114,ZCTA5 45620
45621,343,43946,ZCTA5 45621
45622,495,,ZCTA5 45622
45623,3480,64250,ZCTA5 45623
45624,0,,ZCTA5 45624
45628,5434,75200,ZCTA5 45628
45629,3074,55048,ZCTA5 45629
45630,462,,ZCTA5 45630
45631,13061,52231,ZCTA5 45631
45634,1518,46447,ZCTA5 45634
45636,223,88700,ZCTA5 45636
45638,20594,47762,ZCTA5 45638
45640,16217,61007,ZCTA5 45640
45642,0,,ZCTA5 45642
45644,4525,58913,ZCTA5 45644
45645,2760,42419,ZCTA5 45645
45646,803,41268,ZCTA5 45646
45647,2860,57197,ZCTA5 45647
45648,11212,59834,ZCTA5 45648
45650,415,73750,ZCTA5 45650
45651,5279,58988,ZCTA5 45651
45652,3477,34012,ZCTA5 45652
45653,3745,73102,ZCTA5 45653
45654,778,62273,ZCTA5 45654
45656,6442,48733,ZCTA5 45656
45657,1482,63864,ZCTA5 45657
45658,2541,62639,ZCTA5 45658
45659,3166,44556,ZCTA5 45659
45660,7753,51010,ZCTA5 45660
45661,7345,53900,ZCTA5 45661
45662,27304,37980,ZCTA5 45662
45663,6389,39607,ZCTA5 45663
45669,10237,62592,ZCTA5 45669
45671,444,48542,ZCTA5 45671
45672,1473,73011,ZCTA5 45672
45673,423,,ZCTA5 45673
45674,743,35625,ZCTA5 45674
45677,51,,ZCTA5 45677
45678,1128,54063,ZCTA5 45678
45679,3101,43986,ZCTA5 45679
45680,11968,48969,ZCTA5 45680
45681,1480,51091,ZCTA5 45681
45682,1976,33824,ZCTA5 45682
45684,1570,52222,ZCTA5 45684
45685,1485,,ZCTA5 45685
45686,3704,49459,ZCTA5 45686
45688,166,,ZCTA5 45688
45690,13581,53021,ZCTA5 45690
45692,8164,50911,ZCTA5 45692
45693,8575,46250,ZCTA5 45693
45694,12530,59733,ZCTA5 45694
45695,1023,46038,ZCTA5 45695
45696,538,34706,ZCTA5 45696
45697,5639,74195,ZCTA5 45697
45698,480,58879,ZCTA5 45698
45699,1246,,ZCTA5 45699
45701,33363,47002,ZCTA5 45701
45710,5093,71406,ZCTA5 45710
45711,937,57320,ZCTA5 45711
45714,9167,54744,ZCTA5 45714
45715,2197,45857,ZCTA5 45715
45716,393,55208,ZCTA5 45716
45719,874,33803,ZCTA5 45719
45720,0,,ZCTA5 45720
45721,23,,ZCTA5 45721
45723,3650,58601,ZCTA5 45723
45724,2190,68462,ZCTA5 45724
45727,766,32721,ZCTA5 45727
45729,2111,85038,ZCTA5 45729
45732,4539,48250,ZCTA5 45732
45734,325,31775,ZCTA5 45734
45735,1685,50000,ZCTA5 45735
45739,0,,ZCTA5 45739
45740,333,46364,ZCTA5 45740
45741,552,2499,ZCTA5 45741
45742,3335,77216,ZCTA5 45742
45743,1336,52500,ZCTA5 45743
45744,2234,62500,ZCTA5 45744
45745,1049,46083,ZCTA5 45745
45746,373,34917,ZCTA5 45746
45750,26250,53713,ZCTA5 45750
45760,3734,37833,ZCTA5 45760
45761,1221,40398,ZCTA5 45761
45764,7688,40932,ZCTA5 45764
45766,1174,44028,ZCTA5 45766
45767,2598,44375,ZCTA5 45767
45768,1567,76996,ZCTA5 45768
45769,5877,48214,ZCTA5 45769
45770,854,53203,ZCTA5 45770
45771,3428,45959,ZCTA5 45771
45772,1533,60208,ZCTA5 45772
45773,533,64000,ZCTA5 45773
45775,2123,60057,ZCTA5 45775
45776,669,41346,ZCTA5 45776
45778,912,44063,ZCTA5 45778
45779,644,60395,ZCTA5 45779
45780,2816,53125,ZCTA5 45780
45782,420,43600,ZCTA5 45782
45783,288,,ZCTA5 45783
45784,3250,77276,ZCTA5 45784
45786,2854,63594,ZCTA5 45786
45788,975,76080,ZCTA5 45788
45789,146,73500,ZCTA5 45789
45801,20873,44603,ZCTA5 45801
45804,14567,41536,ZCTA5 45804
45805,24679,62034,ZCTA5 45805
45806,11282,78258,ZCTA5 45806
45807,11910,72104,ZCTA5 45807
45808,279,77813,ZCTA5 45808
45809,95,,ZCTA5 45809
45810,7654,56213,ZCTA5 45810
45812,1881,39917,ZCTA5 45812
45813,3476,63083,ZCTA5 45813
45814,3001,71182,ZCTA5 45814
45815,94,59643,ZCTA5 45815
45816,427,75057,ZCTA5 45816
45817,6214,82732,ZCTA5 45817
45819,258,58500,ZCTA5 45819
45820,645,65962,ZCTA5 45820
45821,754,70855,ZCTA5 45821
45822,19779,65707,ZCTA5 45822
45826,302,89250,ZCTA5 45826
45827,2043,89479,ZCTA5 45827
45828,6555,76853,ZCTA5 45828
45830,5608,78528,ZCTA5 45830
45831,3601,74286,ZCTA5 45831
45832,3217,73264,ZCTA5 45832
45833,10845,66826,ZCTA5 45833
45835,428,88125,ZCTA5 45835
45836,1435,51042,ZCTA5 45836
45838,99,83561,ZCTA5 45838
45840,54557,62163,ZCTA5 45840
45841,947,75750,ZCTA5 45841
45843,3769,66250,ZCTA5 45843
45844,2878,83250,ZCTA5 45844
45845,3276,80446,ZCTA5 45845
45846,4694,93971,ZCTA5 45846
45848,92,73906,ZCTA5 45848
45849,1062,72321,ZCTA5 45849
45850,3580,75581,ZCTA5 45850
45851,587,67917,ZCTA5 45851
45853,1553,96250,ZCTA5 45853
45854,359,49063,ZCTA5 45854
45855,145,78393,ZCTA5 45855
45856,5245,79063,ZCTA5 45856
45858,2604,64821,ZCTA5 45858
45859,380,55938,ZCTA5 45859
45860,2618,102726,ZCTA5 45860
45861,388,72375,ZCTA5 45861
45862,1314,41719,ZCTA5 45862
45863,1246,60179,ZCTA5 45863
45864,156,43750,ZCTA5 45864
45865,5437,99931,ZCTA5 45865
45866,104,73125,ZCTA5 45866
45867,1001,79500,ZCTA5 45867
45868,813,97063,ZCTA5 45868
45869,4451,87115,ZCTA5 45869
45870,449,150278,ZCTA5 45870
45871,2030,78625,ZCTA5 45871
45872,4462,55404,ZCTA5 45872
45873,2002,65250,ZCTA5 45873
45874,2257,76964,ZCTA5 45874
45875,11052,82903,ZCTA5 45875
45876,960,68988,ZCTA5 45876
45877,2348,67429,ZCTA5 45877
45879,6231,59138,ZCTA5 45879
45880,2864,74306,ZCTA5 45880
45881,1352,68561,ZCTA5 45881
45882,2865,67411,ZCTA5 45882
45883,3849,103819,ZCTA5 45883
45884,178,153125,ZCTA5 45884
45885,12926,72714,ZCTA5 45885
45886,486,87679,ZCTA5 45886
45887,4404,59484,ZCTA5 45887
45888,319,80182,ZCTA5 45888
45889,1849,120037,ZCTA5 45889
45890,821,83750,ZCTA5 45890
45891,15234,60000,ZCTA5 45891
45893,159,,ZCTA5 45893
45894,679,77813,ZCTA5 45894
45895,17655,73651,ZCTA5 45895
45896,1684,57362,ZCTA5 45896
45897,99,,ZCTA5 45897
45898,779,51000,ZCTA5 45898
45899,201,58750,ZCTA5 45899
46001,10011,64792,ZCTA5 46001
46011,17638,73554,ZCTA5 46011
46012,19744,54830,ZCTA5 46012
46013,16906,48512,ZCTA5 46013
46016,18924,33720,ZCTA5 46016
46017,5910,69404,ZCTA5 46017
46030,2902,78438,ZCTA5 46030
46031,2192,68682,ZCTA5 46031
46032,51250,121496,ZCTA5 46032
46033,39859,147998,ZCTA5 46033
46034,7335,72280,ZCTA5 46034
46035,1503,81000,ZCTA5 46035
46036,11392,58081,ZCTA5 46036
46037,46858,132272,ZCTA5 46037
46038,43112,105057,ZCTA5 46038
46039,566,58854,ZCTA5 46039
46040,16680,129131,ZCTA5 46040
46041,23188,56975,ZCTA5 46041
46044,2686,66538,ZCTA5 46044
46045,180,150978,ZCTA5 46045
46047,44,,ZCTA5 46047
46048,2159,67260,ZCTA5 46048
46049,1113,64141,ZCTA5 46049
46050,1763,72101,ZCTA5 46050
46051,2810,71000,ZCTA5 46051
46052,23443,70562,ZCTA5 46052
46055,14130,108020,ZCTA5 46055
46056,2165,80179,ZCTA5 46056
46057,1042,74375,ZCTA5 46057
46058,2254,74569,ZCTA5 46058
46060,47340,89655,ZCTA5 46060
46062,37191,109825,ZCTA5 46062
46063,362,57273,ZCTA5 46063
46064,17205,87289,ZCTA5 46064
46065,3453,66086,ZCTA5 46065
46068,2633,96094,ZCTA5 46068
46069,6901,65724,ZCTA5 46069
46070,2335,61354,ZCTA5 46070
46071,3282,79267,ZCTA5 46071
46072,8592,70595,ZCTA5 46072
46074,44075,121250,ZCTA5 46074
46075,8184,110632,ZCTA5 46075
46076,1830,55144,ZCTA5 46076
46077,34056,154324,ZCTA5 46077
46102,412,71042,ZCTA5 46102
46103,375,72045,ZCTA5 46103
46104,1104,72596,ZCTA5 46104
46105,1741,86406,ZCTA5 46105
46106,9616,102052,ZCTA5 46106
46107,12962,59011,ZCTA5 46107
46110,883,67271,ZCTA5 46110
46111,443,64167,ZCTA5 46111
46112,41437,106043,ZCTA5 46112
46113,16217,86407,ZCTA5 46113
46115,1624,52656,ZCTA5 46115
46117,529,72303,ZCTA5 46117
46118,4440,75938,ZCTA5 46118
46120,5881,49942,ZCTA5 46120
46121,4727,76945,ZCTA5 46121
46122,16233,94199,ZCTA5 46122
46123,41870,100020,ZCTA5 46123
46124,7847,62224,ZCTA5 46124
46125,37,,ZCTA5 46125
46126,4005,71029,ZCTA5 46126
46127,353,,ZCTA5 46127
46128,2277,89148,ZCTA5 46128
46130,2085,89643,ZCTA5 46130
46131,34801,79234,ZCTA5 46131
46133,946,49750,ZCTA5 46133
46135,19696,65046,ZCTA5 46135
46140,41879,77236,ZCTA5 46140
46142,34676,78365,ZCTA5 46142
46143,58153,84766,ZCTA5 46143
46144,372,108220,ZCTA5 46144
46146,228,105481,ZCTA5 46146
46147,2578,75804,ZCTA5 46147
46148,5135,66700,ZCTA5 46148
46149,2355,100625,ZCTA5 46149
46150,897,57244,ZCTA5 46150
46151,32564,79808,ZCTA5 46151
46154,188,,ZCTA5 46154
46155,9,,ZCTA5 46155
46156,1115,75174,ZCTA5 46156
46157,3579,80521,ZCTA5 46157
46158,24656,81481,ZCTA5 46158
46160,6102,69025,ZCTA5 46160
46161,2181,76607,ZCTA5 46161
46162,267,81484,ZCTA5 46162
46163,14062,99789,ZCTA5 46163
46164,4045,92670,ZCTA5 46164
46165,2058,86046,ZCTA5 46165
46166,2719,78750,ZCTA5 46166
46167,7285,120302,ZCTA5 46167
46168,38284,81450,ZCTA5 46168
46170,0,,ZCTA5 46170
46171,1949,65855,ZCTA5 46171
46172,2243,84716,ZCTA5 46172
46173,10449,61320,ZCTA5 46173
46175,538,69519,ZCTA5 46175
46176,28727,62222,ZCTA5 46176
46180,831,73021,ZCTA5 46180
46181,5186,86836,ZCTA5 46181
46182,1638,66023,ZCTA5 46182
46183,39,,ZCTA5 46183
46184,12771,84254,ZCTA5 46184
46186,1869,58321,ZCTA5 46186
46201,31680,38848,ZCTA5 46201
46202,20688,59578,ZCTA5 46202
46203,36544,51050,ZCTA5 46203
46204,10544,84735,ZCTA5 46204
46205,28327,63161,ZCTA5 46205
46206,0,,ZCTA5 46206
46208,22729,46693,ZCTA5 46208
46214,23108,53970,ZCTA5 46214
46216,2275,58009,ZCTA5 46216
46217,39082,85440,ZCTA5 46217
46218,28951,32772,ZCTA5 46218
46219,38681,53727,ZCTA5 46219
46220,37102,93595,ZCTA5 46220
46221,27038,57379,ZCTA5 46221
46222,37108,43552,ZCTA5 46222
46224,39704,49950,ZCTA5 46224
46225,5416,44961,ZCTA5 46225
46226,45716,43371,ZCTA5 46226
46227,56794,49032,ZCTA5 46227
46228,16397,85272,ZCTA5 46228
46229,28629,63857,ZCTA5 46229
46231,11209,73087,ZCTA5 46231
46234,27385,85108,ZCTA5 46234
46235,34289,53262,ZCTA5 46235
46236,26993,107469,ZCTA5 46236
46237,42223,75318,ZCTA5 46237
46239,33553,89832,ZCTA5 46239
46240,20123,63317,ZCTA5 46240
46241,34056,47929,ZCTA5 46241
46250,17131,65869,ZCTA5 46250
46254,41259,54562,ZCTA5 46254
46256,22373,83330,ZCTA5 46256
46259,14944,123173,ZCTA5 46259
46260,35019,66330,ZCTA5 46260
46268,25140,57683,ZCTA5 46268
46278,8650,148227,ZCTA5 46278
46280,7344,80267,ZCTA5 46280
46290,87,,ZCTA5 46290
46301,578,116071,ZCTA5 46301
46302,51,58438,ZCTA5 46302
46303,16859,88571,ZCTA5 46303
46304,27204,86263,ZCTA5 46304
46307,71355,98580,ZCTA5 46307
46310,13511,78027,ZCTA5 46310
46311,23074,109631,ZCTA5 46311
46312,26363,39434,ZCTA5 46312
46319,17626,73275,ZCTA5 46319
46320,13822,34806,ZCTA5 46320
46321,23731,101851,ZCTA5 46321
46322,23794,74991,ZCTA5 46322
46323,23447,57683,ZCTA5 46323
46324,21703,58158,ZCTA5 46324
46327,10875,48155,ZCTA5 46327
46340,1330,52908,ZCTA5 46340
46341,9984,93425,ZCTA5 46341
46342,32049,68808,ZCTA5 46342
46345,77,42000,ZCTA5 46345
46346,1391,54387,ZCTA5 46346
46347,4853,87716,ZCTA5 46347
46348,1066,48333,ZCTA5 46348
46349,2866,73519,ZCTA5 46349
46350,44923,70758,ZCTA5 46350
46356,18814,82788,ZCTA5 46356
46360,43891,58215,ZCTA5 46360
46365,838,98095,ZCTA5 46365
46366,5916,61016,ZCTA5 46366
46368,39947,71188,ZCTA5 46368
46371,3525,106284,ZCTA5 46371
46373,17741,117632,ZCTA5 46373
46374,1139,71094,ZCTA5 46374
46375,23740,85217,ZCTA5 46375
46376,204,70000,ZCTA5 46376
46377,66,,ZCTA5 46377
46379,305,,ZCTA5 46379
46381,647,,ZCTA5 46381
46382,1932,97159,ZCTA5 46382
46383,41811,68331,ZCTA5 46383
46385,41304,95350,ZCTA5 46385
46390,3172,84367,ZCTA5 46390
46391,9369,83817,ZCTA5 46391
46392,8272,104066,ZCTA5 46392
46393,148,35441,ZCTA5 46393
46394,12117,65212,ZCTA5 46394
46402,5873,26101,ZCTA5 46402
46403,10875,44315,ZCTA5 46403
46404,16851,39281,ZCTA5 46404
46405,11547,54521,ZCTA5 46405
46406,8730,34550,ZCTA5 46406
46407,9125,26502,ZCTA5 46407
46408,15368,46690,ZCTA5 46408
46409,7050,39554,ZCTA5 46409
46410,39121,60432,ZCTA5 46410
46501,4034,59708,ZCTA5 46501
46502,0,,ZCTA5 46502
46504,3290,77045,ZCTA5 46504
46506,10248,73929,ZCTA5 46506
46507,9755,78119,ZCTA5 46507
46508,200,48676,ZCTA5 46508
46510,2942,92050,ZCTA5 46510
46511,4061,56932,ZCTA5 46511
46513,0,,ZCTA5 46513
46514,41248,60300,ZCTA5 46514
46516,30993,52970,ZCTA5 46516
46517,26711,52519,ZCTA5 46517
46524,2653,59977,ZCTA5 46524
46526,33339,60980,ZCTA5 46526
46528,26891,74084,ZCTA5 46528
46530,31689,112290,ZCTA5 46530
46531,1807,71053,ZCTA5 46531
46532,1345,55357,ZCTA5 46532
46534,11011,58100,ZCTA5 46534
46536,2824,74231,ZCTA5 46536
46537,500,59750,ZCTA5 46537
46538,4498,83375,ZCTA5 46538
46539,2502,72450,ZCTA5 46539
46540,13131,99328,ZCTA5 46540
46542,4744,73176,ZCTA5 46542
46543,4138,105000,ZCTA5 46543
46544,30817,59024,ZCTA5 46544
46545,27000,52621,ZCTA5 46545
46550,12300,79992,ZCTA5 46550
46552,6693,75104,ZCTA5 46552
46553,3688,84181,ZCTA5 46553
46554,4077,72974,ZCTA5 46554
46555,2389,67214,ZCTA5 46555
46556,7858,,ZCTA5 46556
46561,14658,80853,ZCTA5 46561
46562,4894,64391,ZCTA5 46562
46563,23675,66150,ZCTA5 46563
46565,8627,91250,ZCTA5 46565
46567,9395,71193,ZCTA5 46567
46570,1093,47455,ZCTA5 46570
46571,6441,80036,ZCTA5 46571
46572,107,,ZCTA5 46572
46573,3874,80071,ZCTA5 46573
46574,7542,69851,ZCTA5 46574
46580,22538,70388,ZCTA5 46580
46582,14063,68343,ZCTA5 46582
46590,5077,77305,ZCTA5 46590
46595,50,,ZCTA5 46595
46601,5020,27036,ZCTA5 46601
46613,11864,43585,ZCTA5 46613
46614,29545,65395,ZCTA5 46614
46615,14324,52970,ZCTA5 46615
46616,5656,50515,ZCTA5 46616
46617,10624,67967,ZCTA5 46617
46619,21678,44756,ZCTA5 46619
46624,48,,ZCTA5 46624
46628,27344,52882,ZCTA5 46628
46635,6532,72664,ZCTA5 46635
46637,16212,69211,ZCTA5 46637
46701,8091,73835,ZCTA5 46701
46702,2058,69821,ZCTA5 46702
46703,18891,67895,ZCTA5 46703
46704,40,,ZCTA5 46704
46705,1936,54954,ZCTA5 46705
46706,20000,73165,ZCTA5 46706
46710,4443,86250,ZCTA5 46710
46711,8399,57786,ZCTA5 46711
46714,15367,66588,ZCTA5 46714
46721,4856,68684,ZCTA5 46721
46723,7550,77943,ZCTA5 46723
46725,23463,73891,ZCTA5 46725
46730,1007,93750,ZCTA5 46730
46731,921,100536,ZCTA5 46731
46732,2594,62470,ZCTA5 46732
46733,19008,62325,ZCTA5 46733
46737,7043,69107,ZCTA5 46737
46738,8339,59656,ZCTA5 46738
46740,4586,62608,ZCTA5 46740
46741,4109,79884,ZCTA5 46741
46742,3143,71371,ZCTA5 46742
46743,2747,77337,ZCTA5 46743
46745,1849,81731,ZCTA5 46745
46746,4451,82736,ZCTA5 46746
46747,2288,67083,ZCTA5 46747
46748,6890,94444,ZCTA5 46748
46750,27018,57139,ZCTA5 46750
46755,15666,63160,ZCTA5 46755
46759,441,66000,ZCTA5 46759
46760,1200,59563,ZCTA5 46760
46761,11958,67568,ZCTA5 46761
46763,1472,70238,ZCTA5 46763
46764,1485,75938,ZCTA5 46764
46765,5935,99375,ZCTA5 46765
46766,422,80833,ZCTA5 46766
46767,8832,75537,ZCTA5 46767
46770,2820,75208,ZCTA5 46770
46771,154,,ZCTA5 46771
46772,3430,68667,ZCTA5 46772
46773,3180,64917,ZCTA5 46773
46774,17260,67995,ZCTA5 46774
46776,1593,51810,ZCTA5 46776
46777,6106,61685,ZCTA5 46777
46778,103,34032,ZCTA5 46778
46779,2392,88262,ZCTA5 46779
46781,791,81719,ZCTA5 46781
46783,7513,95000,ZCTA5 46783
46784,2021,67778,ZCTA5 46784
46785,1732,69688,ZCTA5 46785
46786,37,,ZCTA5 46786
46787,4077,65592,ZCTA5 46787
46788,4099,94784,ZCTA5 46788
46789,192,,ZCTA5 46789
46791,1015,127869,ZCTA5 46791
46792,3550,72788,ZCTA5 46792
46793,4281,74177,ZCTA5 46793
46794,1139,72188,ZCTA5 46794
46795,6963,77802,ZCTA5 46795
46796,109,,ZCTA5 46796
46797,4214,86419,ZCTA5 46797
46798,1051,74598,ZCTA5 46798
46799,409,55469,ZCTA5 46799
46802,10588,44763,ZCTA5 46802
46803,10629,30638,ZCTA5 46803
46804,29045,83220,ZCTA5 46804
46805,22218,48613,ZCTA5 46805
46806,24684,39615,ZCTA5 46806
46807,16034,57625,ZCTA5 46807
46808,20049,51673,ZCTA5 46808
46809,8747,52858,ZCTA5 46809
46814,16328,131339,ZCTA5 46814
46815,26896,64440,ZCTA5 46815
46816,19501,43960,ZCTA5 46816
46818,21752,80874,ZCTA5 46818
46819,9445,59275,ZCTA5 46819
46825,29183,67401,ZCTA5 46825
46835,36557,71641,ZCTA5 46835
46845,28011,109494,ZCTA5 46845
46901,38719,59629,ZCTA5 46901
46902,36807,58888,ZCTA5 46902
46910,3162,63750,ZCTA5 46910
46911,1700,90292,ZCTA5 46911
46913,1144,77984,ZCTA5 46913
46914,3492,61563,ZCTA5 46914
46915,724,56250,ZCTA5 46915
46917,1926,60764,ZCTA5 46917
46919,1527,57563,ZCTA5 46919
46920,1306,106250,ZCTA5 46920
46922,0,,ZCTA5 46922
46923,7846,55385,ZCTA5 46923
46926,1459,68173,ZCTA5 46926
46928,4710,62434,ZCTA5 46928
46929,3224,60208,ZCTA5 46929
46930,219,41688,ZCTA5 46930
46931,263,43750,ZCTA5 46931
46932,3007,61332,ZCTA5 46932
46933,6417,59564,ZCTA5 46933
46936,5820,77963,ZCTA5 46936
46937,18,,ZCTA5 46937
46938,2385,42917,ZCTA5 46938
46939,1765,55000,ZCTA5 46939
46940,2821,62813,ZCTA5 46940
46941,877,73026,ZCTA5 46941
46943,153,56635,ZCTA5 46943
46945,0,,ZCTA5 46945
46946,105,52917,ZCTA5 46946
46947,28590,54617,ZCTA5 46947
46950,432,39196,ZCTA5 46950
46951,2146,52625,ZCTA5 46951
46952,18101,52056,ZCTA5 46952
46953,23334,45701,ZCTA5 46953
46957,407,44688,ZCTA5 46957
46958,611,81007,ZCTA5 46958
46959,315,,ZCTA5 46959
46960,1204,50938,ZCTA5 46960
46961,48,,ZCTA5 46961
46962,8491,67692,ZCTA5 46962
46965,0,,ZCTA5 46965
46967,147,55893,ZCTA5 46967
46968,147,90625,ZCTA5 46968
46970,23363,55291,ZCTA5 46970
46971,0,,ZCTA5 46971
46974,1820,52417,ZCTA5 46974
46975,13910,64084,ZCTA5 46975
46978,2279,68750,ZCTA5 46978
46979,5159,95093,ZCTA5 46979
46980,207,,ZCTA5 46980
46982,2730,70813,ZCTA5 46982
46984,19,,ZCTA5 46984
46985,1153,54554,ZCTA5 46985
46986,1671,80600,ZCTA5 46986
46987,1053,74417,ZCTA5 46987
46988,918,51107,ZCTA5 46988
46989,5621,74091,ZCTA5 46989
46990,446,90568,ZCTA5 46990
46991,1879,48295,ZCTA5 46991
46992,16668,65734,ZCTA5 46992
46994,2270,60046,ZCTA5 46994
46996,6193,54936,ZCTA5 46996
46998,206,,ZCTA5 46998
47001,10112,72137,ZCTA5 47001
47003,1064,69932,ZCTA5 47003
47006,12419,78995,ZCTA5 47006
47010,289,50679,ZCTA5 47010
47011,1096,71172,ZCTA5 47011
47012,10698,77917,ZCTA5 47012
47016,785,67500,ZCTA5 47016
47017,485,,ZCTA5 47017
47018,4674,74221,ZCTA5 47018
47020,1287,60777,ZCTA5 47020
47021,0,,ZCTA5 47021
47022,2983,120658,ZCTA5 47022
47023,2156,78070,ZCTA5 47023
47024,2958,51250,ZCTA5 47024
47025,23301,82384,ZCTA5 47025
47030,1776,61210,ZCTA5 47030
47031,5422,64500,ZCTA5 47031
47032,3177,71875,ZCTA5 47032
47033,0,,ZCTA5 47033
47034,178,59063,ZCTA5 47034
47035,180,,ZCTA5 47035
47036,1307,92927,ZCTA5 47036
47037,4352,68446,ZCTA5 47037
47038,946,61875,ZCTA5 47038
47040,5367,60533,ZCTA5 47040
47041,6005,81985,ZCTA5 47041
47042,3655,73967,ZCTA5 47042
47043,4769,66897,ZCTA5 47043
47060,6654,88344,ZCTA5 47060
47102,6819,47702,ZCTA5 47102
47104,8,,ZCTA5 47104
47106,4521,79712,ZCTA5 47106
47108,2089,49625,ZCTA5 47108
47110,762,62052,ZCTA5 47110
47111,18144,88183,ZCTA5 47111
47112,16935,66403,ZCTA5 47112
47114,434,95500,ZCTA5 47114
47115,3110,81500,ZCTA5 47115
47116,416,32917,ZCTA5 47116
47117,4558,82903,ZCTA5 47117
47118,3665,37441,ZCTA5 47118
47119,11509,113835,ZCTA5 47119
47120,671,67656,ZCTA5 47120
47122,11524,101619,ZCTA5 47122
47123,140,,ZCTA5 47123
47124,5433,105806,ZCTA5 47124
47125,1587,52000,ZCTA5 47125
47126,4145,88508,ZCTA5 47126
47129,19617,51602,ZCTA5 47129
47130,48599,66259,ZCTA5 47130
47135,736,74917,ZCTA5 47135
47136,4686,91667,ZCTA5 47136
47137,1441,63264,ZCTA5 47137
47138,5038,70913,ZCTA5 47138
47140,2368,58629,ZCTA5 47140
47141,1733,75278,ZCTA5 47141
47142,695,82750,ZCTA5 47142
47143,3612,114006,ZCTA5 47143
47145,1976,47000,ZCTA5 47145
47147,1315,49840,ZCTA5 47147
47150,49722,61558,ZCTA5 47150
47160,77,58750,ZCTA5 47160
47161,3368,80417,ZCTA5 47161
47162,598,68859,ZCTA5 47162
47163,811,49300,ZCTA5 47163
47164,3764,60729,ZCTA5 47164
47165,6808,69476,ZCTA5 47165
47166,1329,68387,ZCTA5 47166
47167,15592,55646,ZCTA5 47167
47170,14239,49181,ZCTA5 47170
47172,19705,79075,ZCTA5 47172
47174,43,,ZCTA5 47174
47175,855,47260,ZCTA5 47175
47177,2134,85294,ZCTA5 47177
47201,48043,79582,ZCTA5 47201
47203,25177,70595,ZCTA5 47203
47220,5940,65353,ZCTA5 47220
47223,774,70714,ZCTA5 47223
47224,522,55568,ZCTA5 47224
47225,19,,ZCTA5 47225
47226,251,62125,ZCTA5 47226
47227,1333,74776,ZCTA5 47227
47229,2932,57619,ZCTA5 47229
47230,1882,74083,ZCTA5 47230
47231,590,83214,ZCTA5 47231
47232,2510,64894,ZCTA5 47232
47234,1612,76936,ZCTA5 47234
47235,1427,75764,ZCTA5 47235
47236,266,122778,ZCTA5 47236
47240,21755,71682,ZCTA5 47240
47243,6024,62823,ZCTA5 47243
47244,434,92031,ZCTA5 47244
47246,4099,76298,ZCTA5 47246
47247,196,48750,ZCTA5 47247
47250,23434,56330,ZCTA5 47250
47260,2037,68201,ZCTA5 47260
47263,206,71000,ZCTA5 47263
47264,1317,66094,ZCTA5 47264
47265,21520,63428,ZCTA5 47265
47270,432,72344,ZCTA5 47270
47272,1720,70288,ZCTA5 47272
47273,2054,88333,ZCTA5 47273
47274,33170,66520,ZCTA5 47274
47280,667,59306,ZCTA5 47280
47281,1432,75685,ZCTA5 47281
47282,248,53750,ZCTA5 47282
47283,3770,79286,ZCTA5 47283
47302,25086,44362,ZCTA5 47302
47303,24393,38355,ZCTA5 47303
47304,31757,64368,ZCTA5 47304
47305,3193,29345,ZCTA5 47305
47306,4059,,ZCTA5 47306
47320,4320,63305,ZCTA5 47320
47324,227,55750,ZCTA5 47324
47325,562,73155,ZCTA5 47325
47326,1828,52292,ZCTA5 47326
47327,4311,52118,ZCTA5 47327
47330,5481,62188,ZCTA5 47330
47331,22714,51868,ZCTA5 47331
47334,3187,71628,ZCTA5 47334
47335,650,50417,ZCTA5 47335
47336,2870,46929,ZCTA5 47336
47337,204,56667,ZCTA5 47337
47338,2465,59236,ZCTA5 47338
47339,499,,ZCTA5 47339
47340,3073,60045,ZCTA5 47340
47341,2342,81701,ZCTA5 47341
47342,2316,58000,ZCTA5 47342
47344,175,,ZCTA5 47344
47345,1437,67656,ZCTA5 47345
47346,3921,63873,ZCTA5 47346
47348,9110,47253,ZCTA5 47348
47351,519,59750,ZCTA5 47351
47352,763,58750,ZCTA5 47352
47353,5262,70378,ZCTA5 47353
47354,1152,60678,ZCTA5 47354
47355,3163,60817,ZCTA5 47355
47356,5451,66934,ZCTA5 47356
47357,950,75750,ZCTA5 47357
47358,966,71641,ZCTA5 47358
47359,3434,68044,ZCTA5 47359
47360,1404,62750,ZCTA5 47360
47361,239,62667,ZCTA5 47361
47362,29377,54252,ZCTA5 47362
47366,34,,ZCTA5 47366
47367,85,38021,ZCTA5 47367
47368,2008,66250,ZCTA5 47368
47369,1358,49049,ZCTA5 47369
47370,130,,ZCTA5 47370
47371,12462,55830,ZCTA5 47371
47373,2240,50045,ZCTA5 47373
47374,45480,50880,ZCTA5 47374
47380,1476,55234,ZCTA5 47380
47381,171,56250,ZCTA5 47381
47382,177,57969,ZCTA5 47382
47383,2864,62321,ZCTA5 47383
47384,2282,76304,ZCTA5 47384
47385,1816,86429,ZCTA5 47385
47386,1190,74031,ZCTA5 47386
47387,522,54167,ZCTA5 47387
47388,407,49250,ZCTA5 47388
47390,5055,44063,ZCTA5 47390
47392,182,71026,ZCTA5 47392
47393,1761,81563,ZCTA5 47393
47394,8396,65801,ZCTA5 47394
47396,7652,70625,ZCTA5 47396
47401,40399,61233,ZCTA5 47401
47403,34165,66572,ZCTA5 47403
47404,23680,51811,ZCTA5 47404
47405,1312,,ZCTA5 47405
47406,8631,,ZCTA5 47406
47408,21733,45056,ZCTA5 47408
47420,51,22961,ZCTA5 47420
47421,27661,65630,ZCTA5 47421
47424,8556,66773,ZCTA5 47424
47427,865,83594,ZCTA5 47427
47429,7271,81975,ZCTA5 47429
47431,1689,64375,ZCTA5 47431
47432,4687,60934,ZCTA5 47432
47433,3781,56439,ZCTA5 47433
47434,12,,ZCTA5 47434
47435,119,,ZCTA5 47435
47436,1541,61417,ZCTA5 47436
47437,87,,ZCTA5 47437
47438,3970,48000,ZCTA5 47438
47441,8850,50528,ZCTA5 47441
47443,1427,59375,ZCTA5 47443
47445,94,73107,ZCTA5 47445
47446,9224,55820,ZCTA5 47446
47448,7747,61356,ZCTA5 47448
47449,414,50179,ZCTA5 47449
47451,1527,58250,ZCTA5 47451
47452,5100,65294,ZCTA5 47452
47453,240,,ZCTA5 47453
47454,7649,48185,ZCTA5 47454
47455,35,,ZCTA5 47455
47456,1203,66662,ZCTA5 47456
47457,0,,ZCTA5 47457
47458,0,,ZCTA5 47458
47459,3618,64951,ZCTA5 47459
47460,11442,59427,ZCTA5 47460
47462,5026,89494,ZCTA5 47462
47464,350,58889,ZCTA5 47464
47465,417,,ZCTA5 47465
47467,0,,ZCTA5 47467
47468,1126,87961,ZCTA5 47468
47469,1842,66636,ZCTA5 47469
47470,1367,68170,ZCTA5 47470
47471,3260,57321,ZCTA5 47471
47501,18168,56901,ZCTA5 47501
47512,4114,62564,ZCTA5 47512
47513,1822,61985,ZCTA5 47513
47514,1469,,ZCTA5 47514
47515,1150,65083,ZCTA5 47515
47516,986,69737,ZCTA5 47516
47519,621,116250,ZCTA5 47519
47520,2909,54038,ZCTA5 47520
47521,857,97115,ZCTA5 47521
47522,335,67500,ZCTA5 47522
47523,3301,67661,ZCTA5 47523
47524,442,54191,ZCTA5 47524
47525,206,49167,ZCTA5 47525
47527,2330,85723,ZCTA5 47527
47528,463,51875,ZCTA5 47528
47529,1194,70000,ZCTA5 47529
47531,897,95980,ZCTA5 47531
47532,4363,83456,ZCTA5 47532
47535,734,56250,ZCTA5 47535
47537,639,47440,ZCTA5 47537
47541,1155,74408,ZCTA5 47541
47542,9761,67361,ZCTA5 47542
47546,22186,64411,ZCTA5 47546
47550,628,105208,ZCTA5 47550
47551,588,82813,ZCTA5 47551
47552,231,124063,ZCTA5 47552
47553,8734,70533,ZCTA5 47553
47557,1308,58125,ZCTA5 47557
47558,4604,79958,ZCTA5 47558
47561,1372,41884,ZCTA5 47561
47562,5395,68287,ZCTA5 47562
47564,1497,55909,ZCTA5 47564
47567,6414,63224,ZCTA5 47567
47568,671,52143,ZCTA5 47568
47573,19,,ZCTA5 47573
47574,142,105104,ZCTA5 47574
47575,1109,98021,ZCTA5 47575
47576,475,,ZCTA5 47576
47577,1290,65234,ZCTA5 47577
47578,490,52055,ZCTA5 47578
47579,2748,94632,ZCTA5 47579
47580,264,52873,ZCTA5 47580
47581,3009,59189,ZCTA5 47581
47584,150,48125,ZCTA5 47584
47585,683,73636,ZCTA5 47585
47586,10947,57027,ZCTA5 47586
47588,947,57232,ZCTA5 47588
47590,456,97250,ZCTA5 47590
47591,25378,57594,ZCTA5 47591
47596,118,96771,ZCTA5 47596
47597,844,62368,ZCTA5 47597
47598,2765,63527,ZCTA5 47598
47601,13566,77254,ZCTA5 47601
47610,5332,70636,ZCTA5 47610
47611,1047,54432,ZCTA5 47611
47612,790,63571,ZCTA5 47612
47613,2880,106136,ZCTA5 47613
47615,1583,62222,ZCTA5 47615
47616,279,112841,ZCTA5 47616
47619,1587,66452,ZCTA5 47619
47620,12738,72646,ZCTA5 47620
47630,38772,97764,ZCTA5 47630
47631,2097,65341,ZCTA5 47631
47633,2274,61534,ZCTA5 47633
47634,2290,62228,ZCTA5 47634
47635,5529,53594,ZCTA5 47635
47637,1485,60000,ZCTA5 47637
47638,3529,80729,ZCTA5 47638
47639,4591,83777,ZCTA5 47639
47640,983,56708,ZCTA5 47640
47648,4396,68047,ZCTA5 47648
47649,1280,51724,ZCTA5 47649
47654,20,80000,ZCTA5 47654
47660,4945,52303,ZCTA5 47660
47665,4057,64185,ZCTA5 47665
47666,1555,62031,ZCTA5 47666
47670,11566,63333,ZCTA5 47670
47683,37,61250,ZCTA5 47683
47708,681,49904,ZCTA5 47708
47710,18815,44767,ZCTA5 47710
47711,31200,62359,ZCTA5 47711
47712,25051,59121,ZCTA5 47712
47713,9591,36147,ZCTA5 47713
47714,33571,53840,ZCTA5 47714
47715,28079,58265,ZCTA5 47715
47720,17198,73732,ZCTA5 47720
47725,19175,103879,ZCTA5 47725
47802,32891,58923,ZCTA5 47802
47803,21008,58477,ZCTA5 47803
47804,10933,39129,ZCTA5 47804
47805,12862,65865,ZCTA5 47805
47807,13531,22677,ZCTA5 47807
47809,1716,,ZCTA5 47809
47831,0,,ZCTA5 47831
47832,1169,89261,ZCTA5 47832
47833,964,94559,ZCTA5 47833
47834,19215,66519,ZCTA5 47834
47836,0,,ZCTA5 47836
47837,958,73063,ZCTA5 47837
47838,3916,73051,ZCTA5 47838
47840,2079,93365,ZCTA5 47840
47841,2368,50485,ZCTA5 47841
47842,9730,55053,ZCTA5 47842
47845,40,,ZCTA5 47845
47846,785,95156,ZCTA5 47846
47847,943,52450,ZCTA5 47847
47848,1290,56469,ZCTA5 47848
47849,530,95556,ZCTA5 47849
47850,2295,63382,ZCTA5 47850
47851,0,,ZCTA5 47851
47853,137,61964,ZCTA5 47853
47854,750,103750,ZCTA5 47854
47855,952,45438,ZCTA5 47855
47857,350,62000,ZCTA5 47857
47858,1176,50792,ZCTA5 47858
47859,986,58750,ZCTA5 47859
47860,625,36694,ZCTA5 47860
47861,573,81071,ZCTA5 47861
47862,1412,60625,ZCTA5 47862
47863,225,70811,ZCTA5 47863
47865,4,,ZCTA5 47865
47866,498,98693,ZCTA5 47866
47868,2691,51856,ZCTA5 47868
47869,34,,ZCTA5 47869
47870,0,,ZCTA5 47870
47871,511,55125,ZCTA5 47871
47872,8230,60711,ZCTA5 47872
47874,2679,70000,ZCTA5 47874
47875,0,,ZCTA5 47875
47876,345,,ZCTA5 47876
47879,3386,50417,ZCTA5 47879
47880,33,,ZCTA5 47880
47881,219,39000,ZCTA5 47881
47882,7984,52232,ZCTA5 47882
47884,269,66875,ZCTA5 47884
47885,9256,59451,ZCTA5 47885
47901,4497,40527,ZCTA5 47901
47904,16112,44243,ZCTA5 47904
47905,41689,63072,ZCTA5 47905
47906,73916,46732,ZCTA5 47906
47907,0,,ZCTA5 47907
47909,43169,64328,ZCTA5 47909
47916,56,,ZCTA5 47916
47917,409,94000,ZCTA5 47917
47918,5102,61542,ZCTA5 47918
47920,2802,103929,ZCTA5 47920
47921,1159,78125,ZCTA5 47921
47922,1392,53939,ZCTA5 47922
47923,3545,77439,ZCTA5 47923
47924,90,85429,ZCTA5 47924
47925,0,,ZCTA5 47925
47926,1141,71250,ZCTA5 47926
47928,1783,56667,ZCTA5 47928
47929,670,71667,ZCTA5 47929
47930,1119,56709,ZCTA5 47930
47932,5342,63558,ZCTA5 47932
47933,28319,59648,ZCTA5 47933
47940,1436,64375,ZCTA5 47940
47941,1096,69650,ZCTA5 47941
47942,771,80114,ZCTA5 47942
47943,1055,63843,ZCTA5 47943
47944,3439,52623,ZCTA5 47944
47946,2169,77969,ZCTA5 47946
47948,1260,58125,ZCTA5 47948
47949,1641,73598,ZCTA5 47949
47950,785,62552,ZCTA5 47950
47951,2325,60520,ZCTA5 47951
47952,2676,46593,ZCTA5 47952
47954,2283,82386,ZCTA5 47954
47955,777,57083,ZCTA5 47955
47957,2198,55313,ZCTA5 47957
47958,147,,ZCTA5 47958
47959,2547,54808,ZCTA5 47959
47960,15434,63498,ZCTA5 47960
47963,2405,69282,ZCTA5 47963
47964,85,46750,ZCTA5 47964
47965,514,68750,ZCTA5 47965
47966,310,52500,ZCTA5 47966
47967,844,75399,ZCTA5 47967
47968,1351,62083,ZCTA5 47968
47969,252,53125,ZCTA5 47969
47970,2195,64762,ZCTA5 47970
47971,2017,47470,ZCTA5 47971
47974,1299,86985,ZCTA5 47974
47975,777,70515,ZCTA5 47975
47977,2600,73654,ZCTA5 47977
47978,9954,68299,ZCTA5 47978
47980,1138,65333,ZCTA5 47980
47981,887,87727,ZCTA5 47981
47982,140,60000,ZCTA5 47982
47983,167,80573,ZCTA5 47983
47986,0,,ZCTA5 47986
47987,3687,64824,ZCTA5 47987
47989,1182,97391,ZCTA5 47989
47990,1428,55000,ZCTA5 47990
47991,1295,104688,ZCTA5 47991
47992,1620,104779,ZCTA5 47992
47993,3563,64548,ZCTA5 47993
47994,450,72813,ZCTA5 47994
47995,1815,75350,ZCTA5 47995
47997,173,61250,ZCTA5 47997
48001,11691,63272,ZCTA5 48001
48002,3121,87000,ZCTA5 48002
48003,5860,85946,ZCTA5 48003
48005,5317,106190,ZCTA5 48005
48006,3945,71208,ZCTA5 48006
48009,21738,151556,ZCTA5 48009
48014,4334,65383,ZCTA5 48014
48015,8493,52067,ZCTA5 48015
48017,11334,83059,ZCTA5 48017
48021,34087,57953,ZCTA5 48021
48022,2527,90489,ZCTA5 48022
48023,4993,77250,ZCTA5 48023
48025,14813,171776,ZCTA5 48025
48026,14668,61039,ZCTA5 48026
48027,3187,80852,ZCTA5 48027
48028,961,98523,ZCTA5 48028
48030,15065,59576,ZCTA5 48030
48032,1864,77222,ZCTA5 48032
48033,17380,54307,ZCTA5 48033
48034,15146,56351,ZCTA5 48034
48035,34385,66106,ZCTA5 48035
48036,21499,61767,ZCTA5 48036
48038,44255,77375,ZCTA5 48038
48039,7486,70969,ZCTA5 48039
48040,9973,67548,ZCTA5 48040
48041,4415,85250,ZCTA5 48041
48042,32193,120109,ZCTA5 48042
48043,15679,55154,ZCTA5 48043
48044,59225,109664,ZCTA5 48044
48045,24259,79260,ZCTA5 48045
48047,39976,91796,ZCTA5 48047
48048,10765,66473,ZCTA5 48048
48049,5509,82500,ZCTA5 48049
48050,1427,87150,ZCTA5 48050
48051,17542,86051,ZCTA5 48051
48054,7204,77000,ZCTA5 48054
48059,15314,77696,ZCTA5 48059
48060,39644,48639,ZCTA5 48060
48062,9351,76600,ZCTA5 48062
48063,4093,93333,ZCTA5 48063
48064,4001,86111,ZCTA5 48064
48065,11313,94048,ZCTA5 48065
48066,47476,57274,ZCTA5 48066
48067,24285,102687,ZCTA5 48067
48069,2609,164861,ZCTA5 48069
48070,6365,184815,ZCTA5 48070
48071,28521,63224,ZCTA5 48071
48072,15150,108125,ZCTA5 48072
48073,33822,86269,ZCTA5 48073
48074,9594,61574,ZCTA5 48074
48075,23416,66330,ZCTA5 48075
48076,24254,82129,ZCTA5 48076
48079,12572,83841,ZCTA5 48079
48080,22072,68424,ZCTA5 48080
48081,20474,74407,ZCTA5 48081
48082,16043,73517,ZCTA5 48082
48083,23540,86105,ZCTA5 48083
48084,15571,106250,ZCTA5 48084
48085,27514,137222,ZCTA5 48085
48088,23727,76475,ZCTA5 48088
48089,32509,50318,ZCTA5 48089
48091,30063,54857,ZCTA5 48091
48092,27848,69547,ZCTA5 48092
48093,24441,65245,ZCTA5 48093
48094,20310,94759,ZCTA5 48094
48095,5704,128790,ZCTA5 48095
48096,3780,115507,ZCTA5 48096
48097,5333,55536,ZCTA5 48097
48098,20545,157997,ZCTA5 48098
48101,28395,73792,ZCTA5 48101
48103,54563,113829,ZCTA5 48103
48104,45161,58224,ZCTA5 48104
48105,37598,93203,ZCTA5 48105
48108,26888,76226,ZCTA5 48108
48109,5773,13708,ZCTA5 48109
48111,44169,71090,ZCTA5 48111
48114,21573,112373,ZCTA5 48114
48116,26999,101881,ZCTA5 48116
48117,10258,75615,ZCTA5 48117
48118,13001,89125,ZCTA5 48118
48120,8919,61373,ZCTA5 48120
48122,12639,38918,ZCTA5 48122
48124,34046,76889,ZCTA5 48124
48125,22082,57299,ZCTA5 48125
48126,53044,46565,ZCTA5 48126
48127,40392,59535,ZCTA5 48127
48128,12405,97787,ZCTA5 48128
48130,16731,130333,ZCTA5 48130
48131,7978,77297,ZCTA5 48131
48133,6711,67802,ZCTA5 48133
48134,24114,83286,ZCTA5 48134
48135,27203,63630,ZCTA5 48135
48137,4361,85084,ZCTA5 48137
48138,10695,125469,ZCTA5 48138
48139,89,62917,ZCTA5 48139
48140,3414,103611,ZCTA5 48140
48141,25839,38381,ZCTA5 48141
48143,189,,ZCTA5 48143
48144,9672,98455,ZCTA5 48144
48145,2817,74531,ZCTA5 48145
48146,39807,55777,ZCTA5 48146
48150,26707,90999,ZCTA5 48150
48152,30954,83074,ZCTA5 48152
48154,37267,99426,ZCTA5 48154
48157,1225,48073,ZCTA5 48157
48158,7883,93985,ZCTA5 48158
48159,2590,71146,ZCTA5 48159
48160,14163,95833,ZCTA5 48160
48161,26775,60330,ZCTA5 48161
48162,28740,67774,ZCTA5 48162
48164,9172,107353,ZCTA5 48164
48165,9128,100734,ZCTA5 48165
48166,13264,68292,ZCTA5 48166
48167,22830,109769,ZCTA5 48167
48168,25444,161496,ZCTA5 48168
48169,21210,102414,ZCTA5 48169
48170,40675,104555,ZCTA5 48170
48173,13146,85517,ZCTA5 48173
48174,32155,61119,ZCTA5 48174
48176,23240,110355,ZCTA5 48176
48177,370,69583,ZCTA5 48177
48178,36842,127052,ZCTA5 48178
48179,3613,85852,ZCTA5 48179
48180,62937,59352,ZCTA5 48180
48182,21391,80611,ZCTA5 48182
48183,42467,74519,ZCTA5 48183
48184,17860,52957,ZCTA5 48184
48185,48622,57353,ZCTA5 48185
48186,36184,64772,ZCTA5 48186
48187,52861,112395,ZCTA5 48187
48188,45390,115025,ZCTA5 48188
48189,13718,78879,ZCTA5 48189
48190,187,,ZCTA5 48190
48191,4059,102784,ZCTA5 48191
48192,24857,62111,ZCTA5 48192
48193,16786,69733,ZCTA5 48193
48195,29948,62792,ZCTA5 48195
48197,66422,67521,ZCTA5 48197
48198,39867,58479,ZCTA5 48198
48201,14287,22243,ZCTA5 48201
48202,14617,34244,ZCTA5 48202
48203,20584,34610,ZCTA5 48203
48204,20365,29224,ZCTA5 48204
48205,31816,42671,ZCTA5 48205
48206,16011,36641,ZCTA5 48206
48207,20577,43960,ZCTA5 48207
48208,7827,24046,ZCTA5 48208
48209,26944,37222,ZCTA5 48209
48210,26547,36073,ZCTA5 48210
48211,5526,35078,ZCTA5 48211
48212,43213,37309,ZCTA5 48212
48213,21232,33659,ZCTA5 48213
48214,19372,31833,ZCTA5 48214
48215,11018,32873,ZCTA5 48215
48216,5171,41066,ZCTA5 48216
48217,6660,45870,ZCTA5 48217
48218,7204,26435,ZCTA5 48218
48219,44595,41312,ZCTA5 48219
48220,21664,80695,ZCTA5 48220
48221,41570,51181,ZCTA5 48221
48223,25747,41587,ZCTA5 48223
48224,38193,41011,ZCTA5 48224
48225,16228,57655,ZCTA5 48225
48226,6926,71875,ZCTA5 48226
48227,39024,33579,ZCTA5 48227
48228,54670,33229,ZCTA5 48228
48229,9288,45518,ZCTA5 48229
48230,17501,135865,ZCTA5 48230
48233,0,,ZCTA5 48233
48234,32402,35667,ZCTA5 48234
48235,45529,38901,ZCTA5 48235
48236,31130,128176,ZCTA5 48236
48237,29495,61991,ZCTA5 48237
48238,24565,29692,ZCTA5 48238
48239,37372,67570,ZCTA5 48239
48240,16914,60185,ZCTA5 48240
48242,0,,ZCTA5 48242
48243,0,,ZCTA5 48243
48301,14806,159833,ZCTA5 48301
48302,17175,167500,ZCTA5 48302
48304,17425,147675,ZCTA5 48304
48306,28083,163419,ZCTA5 48306
48307,43799,102420,ZCTA5 48307
48309,30626,117439,ZCTA5 48309
48310,43232,73422,ZCTA5 48310
48312,34921,70549,ZCTA5 48312
48313,34004,86560,ZCTA5 48313
48314,21587,77463,ZCTA5 48314
48315,28248,101538,ZCTA5 48315
48316,28263,99671,ZCTA5 48316
48317,28091,71426,ZCTA5 48317
48320,4329,74735,ZCTA5 48320
48322,33174,111447,ZCTA5 48322
48323,16742,133019,ZCTA5 48323
48324,17366,140747,ZCTA5 48324
48326,24105,78394,ZCTA5 48326
48327,20878,72336,ZCTA5 48327
48328,25717,65687,ZCTA5 48328
48329,23932,86768,ZCTA5 48329
48331,22152,120929,ZCTA5 48331
48334,18814,95601,ZCTA5 48334
48335,24229,95109,ZCTA5 48335
48336,27558,87165,ZCTA5 48336
48340,25957,46270,ZCTA5 48340
48341,19236,40631,ZCTA5 48341
48342,16858,31432,ZCTA5 48342
48346,23212,92024,ZCTA5 48346
48348,24819,124352,ZCTA5 48348
48350,7795,104153,ZCTA5 48350
48353,7086,91105,ZCTA5 48353
48356,8158,100469,ZCTA5 48356
48357,8342,93814,ZCTA5 48357
48359,10149,91236,ZCTA5 48359
48360,12103,128386,ZCTA5 48360
48362,15053,101250,ZCTA5 48362
48363,7517,161798,ZCTA5 48363
48367,4482,103552,ZCTA5 48367
48370,1725,115132,ZCTA5 48370
48371,26098,107643,ZCTA5 48371
48374,18125,179940,ZCTA5 48374
48375,23933,110666,ZCTA5 48375
48377,19083,78433,ZCTA5 48377
48380,7750,131368,ZCTA5 48380
48381,13573,98586,ZCTA5 48381
48382,23765,129000,ZCTA5 48382
48383,13093,95182,ZCTA5 48383
48386,18043,88119,ZCTA5 48386
48390,23854,84172,ZCTA5 48390
48393,19975,70786,ZCTA5 48393
48401,1289,60039,ZCTA5 48401
48410,114,53750,ZCTA5 48410
48411,30,,ZCTA5 48411
48412,5720,77000,ZCTA5 48412
48413,7445,53267,ZCTA5 48413
48414,2837,77266,ZCTA5 48414
48415,9013,79535,ZCTA5 48415
48416,5291,64153,ZCTA5 48416
48417,2382,67938,ZCTA5 48417
48418,4408,76406,ZCTA5 48418
48419,2196,56898,ZCTA5 48419
48420,21019,62934,ZCTA5 48420
48421,6592,68578,ZCTA5 48421
48422,6005,59347,ZCTA5 48422
48423,33601,63715,ZCTA5 48423
48426,1280,57407,ZCTA5 48426
48427,2899,57411,ZCTA5 48427
48428,5556,96417,ZCTA5 48428
48429,8428,57874,ZCTA5 48429
48430,38929,93613,ZCTA5 48430
48432,536,56607,ZCTA5 48432
48433,25824,78388,ZCTA5 48433
48434,132,42500,ZCTA5 48434
48435,2589,82083,ZCTA5 48435
48436,4139,90294,ZCTA5 48436
48437,348,39205,ZCTA5 48437
48438,7511,100605,ZCTA5 48438
48439,52012,86151,ZCTA5 48439
48440,114,103947,ZCTA5 48440
48441,3979,50353,ZCTA5 48441
48442,22416,75493,ZCTA5 48442
48444,9525,71359,ZCTA5 48444
48445,1169,55089,ZCTA5 48445
48446,30693,66787,ZCTA5 48446
48449,2972,57616,ZCTA5 48449
48450,4503,49899,ZCTA5 48450
48451,15416,94976,ZCTA5 48451
48453,4991,48250,ZCTA5 48453
48454,1162,57772,ZCTA5 48454
48455,7953,95966,ZCTA5 48455
48456,728,56583,ZCTA5 48456
48457,8876,62456,ZCTA5 48457
48458,19109,43830,ZCTA5 48458
48460,2689,79185,ZCTA5 48460
48461,7889,74695,ZCTA5 48461
48462,12803,99950,ZCTA5 48462
48463,4440,69600,ZCTA5 48463
48464,1999,59205,ZCTA5 48464
48465,553,69135,ZCTA5 48465
48466,1501,53304,ZCTA5 48466
48467,2286,51875,ZCTA5 48467
48468,1266,58929,ZCTA5 48468
48469,1295,51510,ZCTA5 48469
48470,579,53472,ZCTA5 48470
48471,5613,55613,ZCTA5 48471
48472,1403,60521,ZCTA5 48472
48473,22586,74425,ZCTA5 48473
48475,2613,61333,ZCTA5 48475
48476,604,75568,ZCTA5 48476
48502,1323,51406,ZCTA5 48502
48503,22891,36477,ZCTA5 48503
48504,23941,38472,ZCTA5 48504
48505,17809,31950,ZCTA5 48505
48506,24837,43630,ZCTA5 48506
48507,29357,44675,ZCTA5 48507
48509,9354,63125,ZCTA5 48509
48519,8577,60722,ZCTA5 48519
48529,8164,34044,ZCTA5 48529
48532,20531,52377,ZCTA5 48532
48601,32172,36845,ZCTA5 48601
48602,27575,44939,ZCTA5 48602
48603,28426,61881,ZCTA5 48603
48604,11793,52285,ZCTA5 48604
48607,1676,43438,ZCTA5 48607
48609,12339,76669,ZCTA5 48609
48610,3270,51331,ZCTA5 48610
48611,6135,78488,ZCTA5 48611
48612,8382,52346,ZCTA5 48612
48613,1039,49833,ZCTA5 48613
48614,978,54286,ZCTA5 48614
48615,2817,62768,ZCTA5 48615
48616,7486,59552,ZCTA5 48616
48617,9526,56585,ZCTA5 48617
48618,4912,56020,ZCTA5 48618
48619,454,44596,ZCTA5 48619
48620,146,64688,ZCTA5 48620
48621,1065,51389,ZCTA5 48621
48622,5996,55976,ZCTA5 48622
48623,15098,91964,ZCTA5 48623
48624,16480,54383,ZCTA5 48624
48625,12962,41045,ZCTA5 48625
48626,5899,81699,ZCTA5 48626
48627,129,67750,ZCTA5 48627
48628,1958,83333,ZCTA5 48628
48629,7691,50948,ZCTA5 48629
48630,70,69083,ZCTA5 48630
48631,3924,75100,ZCTA5 48631
48632,5028,49722,ZCTA5 48632
48633,129,45556,ZCTA5 48633
48634,4613,72284,ZCTA5 48634
48635,1608,54583,ZCTA5 48635
48636,852,58750,ZCTA5 48636
48637,3104,61100,ZCTA5 48637
48638,12157,60262,ZCTA5 48638
48640,32723,76693,ZCTA5 48640
48642,33483,75798,ZCTA5 48642
48647,4256,47500,ZCTA5 48647
48649,1309,63587,ZCTA5 48649
48650,6462,69161,ZCTA5 48650
48651,4369,41990,ZCTA5 48651
48652,1974,73000,ZCTA5 48652
48653,9885,61201,ZCTA5 48653
48654,2446,45119,ZCTA5 48654
48655,5773,63947,ZCTA5 48655
48656,3785,39000,ZCTA5 48656
48657,7506,67414,ZCTA5 48657
48658,4803,49770,ZCTA5 48658
48659,2643,56279,ZCTA5 48659
48661,10538,56349,ZCTA5 48661
48662,1293,65270,ZCTA5 48662
48701,1268,58239,ZCTA5 48701
48703,2964,54356,ZCTA5 48703
48705,423,47917,ZCTA5 48705
48706,39182,58211,ZCTA5 48706
48708,25857,47024,ZCTA5 48708
48710,0,,ZCTA5 48710
48720,1116,47344,ZCTA5 48720
48721,420,56000,ZCTA5 48721
48722,3264,61651,ZCTA5 48722
48723,12389,56116,ZCTA5 48723
48724,796,31391,ZCTA5 48724
48725,1910,58153,ZCTA5 48725
48726,5733,62232,ZCTA5 48726
48727,984,58333,ZCTA5 48727
48728,302,44821,ZCTA5 48728
48729,1478,57813,ZCTA5 48729
48730,4586,47009,ZCTA5 48730
48731,1477,51346,ZCTA5 48731
48732,11204,52104,ZCTA5 48732
48733,1573,50000,ZCTA5 48733
48734,7425,85176,ZCTA5 48734
48735,981,64444,ZCTA5 48735
48737,1214,33835,ZCTA5 48737
48738,1036,59028,ZCTA5 48738
48739,3592,43774,ZCTA5 48739
48740,2457,51695,ZCTA5 48740
48741,2043,59327,ZCTA5 48741
48742,1611,51250,ZCTA5 48742
48743,38,2499,ZCTA5 48743
48744,4326,55116,ZCTA5 48744
48745,1416,41667,ZCTA5 48745
48746,8090,63980,ZCTA5 48746
48747,1720,76350,ZCTA5 48747
48748,1438,52708,ZCTA5 48748
48749,1311,49180,ZCTA5 48749
48750,9024,41437,ZCTA5 48750
48754,973,69083,ZCTA5 48754
48755,2825,58750,ZCTA5 48755
48756,3956,39115,ZCTA5 48756
48757,3713,72539,ZCTA5 48757
48759,3506,54093,ZCTA5 48759
48760,1342,55167,ZCTA5 48760
48761,867,42480,ZCTA5 48761
48762,1069,62563,ZCTA5 48762
48763,4943,57011,ZCTA5 48763
48765,554,45583,ZCTA5 48765
48766,1319,49688,ZCTA5 48766
48767,2075,71023,ZCTA5 48767
48768,9111,58539,ZCTA5 48768
48770,1826,47619,ZCTA5 48770
48801,13621,53601,ZCTA5 48801
48806,1794,57083,ZCTA5 48806
48807,787,58333,ZCTA5 48807
48808,6519,83131,ZCTA5 48808
48809,11112,63424,ZCTA5 48809
48811,7425,61382,ZCTA5 48811
48813,20165,77111,ZCTA5 48813
48815,2254,79360,ZCTA5 48815
48816,347,46397,ZCTA5 48816
48817,5586,59043,ZCTA5 48817
48818,2395,57768,ZCTA5 48818
48819,2426,88849,ZCTA5 48819
48820,18046,99570,ZCTA5 48820
48821,6127,97939,ZCTA5 48821
48822,2469,92917,ZCTA5 48822
48823,49713,49302,ZCTA5 48823
48824,1969,,ZCTA5 48824
48825,10855,,ZCTA5 48825
48827,15999,74866,ZCTA5 48827
48829,3434,52694,ZCTA5 48829
48831,3307,60395,ZCTA5 48831
48832,1276,61974,ZCTA5 48832
48834,2159,62862,ZCTA5 48834
48835,2580,77557,ZCTA5 48835
48836,14779,79765,ZCTA5 48836
48837,19913,90215,ZCTA5 48837
48838,18043,62355,ZCTA5 48838
48840,12611,72132,ZCTA5 48840
48841,713,66125,ZCTA5 48841
48842,21194,82844,ZCTA5 48842
48843,46734,89542,ZCTA5 48843
48845,981,58155,ZCTA5 48845
48846,22038,64111,ZCTA5 48846
48847,5599,61809,ZCTA5 48847
48848,7705,89567,ZCTA5 48848
48849,5789,78878,ZCTA5 48849
48850,4657,63188,ZCTA5 48850
48851,2307,64315,ZCTA5 48851
48852,166,41250,ZCTA5 48852
48853,740,52500,ZCTA5 48853
48854,19502,85599,ZCTA5 48854
48855,16367,94762,ZCTA5 48855
48856,879,85536,ZCTA5 48856
48857,3489,76583,ZCTA5 48857
48858,43036,47228,ZCTA5 48858
48859,2395,,ZCTA5 48859
48860,1601,65375,ZCTA5 48860
48861,1839,87426,ZCTA5 48861
48862,25,,ZCTA5 48862
48864,23359,105883,ZCTA5 48864
48865,1918,61103,ZCTA5 48865
48866,4357,64722,ZCTA5 48866
48867,27154,56695,ZCTA5 48867
48870,214,31799,ZCTA5 48870
48871,2232,73313,ZCTA5 48871
48872,6241,73669,ZCTA5 48872
48873,1402,87143,ZCTA5 48873
48874,185,71310,ZCTA5 48874
48875,10899,89513,ZCTA5 48875
48876,4602,69628,ZCTA5 48876
48877,1967,55324,ZCTA5 48877
48878,1510,53667,ZCTA5 48878
48879,18607,77321,ZCTA5 48879
48880,10026,55597,ZCTA5 48880
48881,5521,77646,ZCTA5 48881
48883,6692,67255,ZCTA5 48883
48884,5009,61830,ZCTA5 48884
48885,1108,66442,ZCTA5 48885
48886,1621,68977,ZCTA5 48886
48888,5792,53151,ZCTA5 48888
48889,1482,57500,ZCTA5 48889
48890,1976,65063,ZCTA5 48890
48891,2864,55118,ZCTA5 48891
48892,4740,76931,ZCTA5 48892
48893,5274,68099,ZCTA5 48893
48894,2386,93750,ZCTA5 48894
48895,11331,98075,ZCTA5 48895
48896,268,,ZCTA5 48896
48897,1434,71250,ZCTA5 48897
48906,25953,57445,ZCTA5 48906
48910,33221,50435,ZCTA5 48910
48911,40755,54792,ZCTA5 48911
48912,16378,50822,ZCTA5 48912
48915,10022,54583,ZCTA5 48915
48917,32379,71370,ZCTA5 48917
48933,3056,35023,ZCTA5 48933
49001,20087,54205,ZCTA5 49001
49002,19975,68498,ZCTA5 49002
49004,17870,68361,ZCTA5 49004
49006,26730,46777,ZCTA5 49006
49007,10565,35932,ZCTA5 49007
49008,16114,64963,ZCTA5 49008
49009,47139,78609,ZCTA5 49009
49010,18457,68649,ZCTA5 49010
49011,2463,53063,ZCTA5 49011
49012,3705,81903,ZCTA5 49012
49013,5030,56810,ZCTA5 49013
49014,21118,64291,ZCTA5 49014
49015,29361,65786,ZCTA5 49015
49017,20179,55884,ZCTA5 49017
49021,6339,74205,ZCTA5 49021
49022,29985,36647,ZCTA5 49022
49024,30539,78666,ZCTA5 49024
49026,1666,63030,ZCTA5 49026
49027,284,86875,ZCTA5 49027
49028,5733,64962,ZCTA5 49028
49029,1341,63542,ZCTA5 49029
49030,2486,66167,ZCTA5 49030
49031,8316,67500,ZCTA5 49031
49032,3232,67648,ZCTA5 49032
49033,1790,86369,ZCTA5 49033
49034,2128,70742,ZCTA5 49034
49036,24990,58498,ZCTA5 49036
49037,20687,39293,ZCTA5 49037
49038,8577,61231,ZCTA5 49038
49040,3436,56048,ZCTA5 49040
49042,4747,70081,ZCTA5 49042
49043,2166,34441,ZCTA5 49043
49045,5434,57986,ZCTA5 49045
49046,7202,83390,ZCTA5 49046
49047,14350,54415,ZCTA5 49047
49048,23626,62081,ZCTA5 49048
49050,1428,72679,ZCTA5 49050
49051,2970,77083,ZCTA5 49051
49052,994,58424,ZCTA5 49052
49053,7559,80382,ZCTA5 49053
49055,6195,66058,ZCTA5 49055
49056,3751,52500,ZCTA5 49056
49057,6393,48363,ZCTA5 49057
49058,19153,67942,ZCTA5 49058
49060,2604,91993,ZCTA5 49060
49061,1818,73402,ZCTA5 49061
49063,120,,ZCTA5 49063
49064,3744,62788,ZCTA5 49064
49065,7268,72917,ZCTA5 49065
49066,645,60500,ZCTA5 49066
49067,3938,69223,ZCTA5 49067
49068,15147,78257,ZCTA5 49068
49070,2175,71071,ZCTA5 49070
49071,11477,101665,ZCTA5 49071
49072,2753,70313,ZCTA5 49072
49073,5035,56719,ZCTA5 49073
49074,223,,ZCTA5 49074
49075,166,,ZCTA5 49075
49076,4112,61146,ZCTA5 49076
49078,10464,72985,ZCTA5 49078
49079,13469,71463,ZCTA5 49079
49080,15516,71451,ZCTA5 49080
49082,6207,68011,ZCTA5 49082
49083,7780,102933,ZCTA5 49083
49084,13,53250,ZCTA5 49084
49085,23778,96034,ZCTA5 49085
49087,6168,95449,ZCTA5 49087
49088,3794,101786,ZCTA5 49088
49089,2100,58393,ZCTA5 49089
49090,13714,63020,ZCTA5 49090
49091,19831,60606,ZCTA5 49091
49092,1945,68603,ZCTA5 49092
49093,18445,61937,ZCTA5 49093
49094,3682,61250,ZCTA5 49094
49095,2357,84132,ZCTA5 49095
49096,2976,68641,ZCTA5 49096
49097,11448,80047,ZCTA5 49097
49098,5929,56278,ZCTA5 49098
49099,5724,63313,ZCTA5 49099
49101,2897,74583,ZCTA5 49101
49102,1530,53750,ZCTA5 49102
49103,11136,59797,ZCTA5 49103
49104,479,,ZCTA5 49104
49106,5135,75517,ZCTA5 49106
49107,10534,62626,ZCTA5 49107
49111,3397,63226,ZCTA5 49111
49112,10299,65286,ZCTA5 49112
49113,1732,54107,ZCTA5 49113
49115,110,47841,ZCTA5 49115
49116,111,,ZCTA5 49116
49117,3390,68646,ZCTA5 49117
49119,134,55500,ZCTA5 49119
49120,36792,59450,ZCTA5 49120
49125,2167,78363,ZCTA5 49125
49126,1430,55938,ZCTA5 49126
49127,11223,91982,ZCTA5 49127
49128,3422,67813,ZCTA5 49128
49129,602,100521,ZCTA5 49129
49130,1282,81648,ZCTA5 49130
49201,49509,68572,ZCTA5 49201
49202,18234,39850,ZCTA5 49202
49203,37004,53719,ZCTA5 49203
49220,2795,64653,ZCTA5 49220
49221,41209,56640,ZCTA5 49221
49224,13280,51283,ZCTA5 49224
49227,1194,52171,ZCTA5 49227
49228,5381,71425,ZCTA5 49228
49229,3378,83883,ZCTA5 49229
49230,10089,77329,ZCTA5 49230
49232,2742,53203,ZCTA5 49232
49233,2889,85370,ZCTA5 49233
49234,2580,103681,ZCTA5 49234
49235,2059,59539,ZCTA5 49235
49236,5036,72232,ZCTA5 49236
49237,3080,61942,ZCTA5 49237
49238,1945,72440,ZCTA5 49238
49240,9379,92097,ZCTA5 49240
49241,1859,85208,ZCTA5 49241
49242,14718,56803,ZCTA5 49242
49245,4445,57870,ZCTA5 49245
49246,3786,71129,ZCTA5 49246
49247,5427,57651,ZCTA5 49247
49248,883,63438,ZCTA5 49248
49249,3350,69973,ZCTA5 49249
49250,5825,60069,ZCTA5 49250
49251,6445,85577,ZCTA5 49251
49252,2475,52981,ZCTA5 49252
49253,2676,77609,ZCTA5 49253
49254,3803,71375,ZCTA5 49254
49255,2124,48750,ZCTA5 49255
49256,3694,55408,ZCTA5 49256
49258,10,,ZCTA5 49258
49259,2684,62917,ZCTA5 49259
49261,278,,ZCTA5 49261
49262,1238,46042,ZCTA5 49262
49263,0,,ZCTA5 49263
49264,1718,79375,ZCTA5 49264
49265,5129,76298,ZCTA5 49265
49266,3338,63801,ZCTA5 49266
49267,4024,89006,ZCTA5 49267
49268,1179,78750,ZCTA5 49268
49269,5643,79057,ZCTA5 49269
49270,5634,81419,ZCTA5 49270
49271,1946,51765,ZCTA5 49271
49272,2502,79808,ZCTA5 49272
49274,3727,55333,ZCTA5 49274
49276,873,61875,ZCTA5 49276
49277,2913,80545,ZCTA5 49277
49279,889,72232,ZCTA5 49279
49282,71,44659,ZCTA5 49282
49283,4398,83472,ZCTA5 49283
49284,2764,61019,ZCTA5 49284
49285,6106,67148,ZCTA5 49285
49286,14624,73270,ZCTA5 49286
49287,2099,83148,ZCTA5 49287
49288,1518,60909,ZCTA5 49288
49289,81,95625,ZCTA5 49289
49301,20092,168135,ZCTA5 49301
49302,9582,115647,ZCTA5 49302
49303,928,64432,ZCTA5 49303
49304,4614,35882,ZCTA5 49304
49305,2397,44929,ZCTA5 49305
49306,10847,104583,ZCTA5 49306
49307,18169,50573,ZCTA5 49307
49309,1552,40046,ZCTA5 49309
49310,2952,60208,ZCTA5 49310
49312,160,37917,ZCTA5 49312
49315,25397,102912,ZCTA5 49315
49316,25291,97530,ZCTA5 49316
49318,1326,70865,ZCTA5 49318
49319,18658,73362,ZCTA5 49319
49320,239,66696,ZCTA5 49320
49321,15740,66326,ZCTA5 49321
49322,1147,56705,ZCTA5 49322
49323,10852,93220,ZCTA5 49323
49325,2481,82961,ZCTA5 49325
49326,3767,70474,ZCTA5 49326
49327,8712,63505,ZCTA5 49327
49328,3962,81029,ZCTA5 49328
49329,9056,69083,ZCTA5 49329
49330,5681,76029,ZCTA5 49330
49331,17522,91102,ZCTA5 49331
49332,3405,58372,ZCTA5 49332
49333,12928,92269,ZCTA5 49333
49335,140,,ZCTA5 49335
49336,4360,51934,ZCTA5 49336
49337,13155,62232,ZCTA5 49337
49338,1586,55125,ZCTA5 49338
49339,2234,73409,ZCTA5 49339
49340,2382,48664,ZCTA5 49340
49341,39094,107117,ZCTA5 49341
49342,1508,48150,ZCTA5 49342
49343,6062,74830,ZCTA5 49343
49344,3896,79779,ZCTA5 49344
49345,13155,80126,ZCTA5 49345
49346,4984,67948,ZCTA5 49346
49347,1546,78103,ZCTA5 49347
49348,13280,76020,ZCTA5 49348
49349,7672,50244,ZCTA5 49349
49401,28358,69468,ZCTA5 49401
49402,1517,52321,ZCTA5 49402
49403,2604,79444,ZCTA5 49403
49404,8917,74040,ZCTA5 49404
49405,1705,59306,ZCTA5 49405
49406,781,96406,ZCTA5 49406
49408,10582,67546,ZCTA5 49408
49409,99,,ZCTA5 49409
49410,1837,50750,ZCTA5 49410
49411,1572,52727,ZCTA5 49411
49412,12180,59205,ZCTA5 49412
49415,6529,74665,ZCTA5 49415
49417,33104,79710,ZCTA5 49417
49418,30419,82661,ZCTA5 49418
49419,8483,89681,ZCTA5 49419
49420,6145,58142,ZCTA5 49420
49421,5823,52888,ZCTA5 49421
49423,46467,75164,ZCTA5 49423
49424,48493,79616,ZCTA5 49424
49425,3510,62723,ZCTA5 49425
49426,40410,103705,ZCTA5 49426
49428,27793,86414,ZCTA5 49428
49430,50,,ZCTA5 49430
49431,17121,62715,ZCTA5 49431
49434,14,,ZCTA5 49434
49435,3983,87176,ZCTA5 49435
49436,1672,63306,ZCTA5 49436
49437,6515,75923,ZCTA5 49437
49440,1297,31218,ZCTA5 49440
49441,36649,62921,ZCTA5 49441
49442,45137,47551,ZCTA5 49442
49443,67,,ZCTA5 49443
49444,26309,50162,ZCTA5 49444
49445,21611,83663,ZCTA5 49445
49446,2349,67273,ZCTA5 49446
49448,4405,79477,ZCTA5 49448
49449,2703,73102,ZCTA5 49449
49450,3062,46544,ZCTA5 49450
49451,6386,67326,ZCTA5 49451
49452,2231,55536,ZCTA5 49452
49453,2746,94931,ZCTA5 49453
49454,4783,56000,ZCTA5 49454
49455,5149,57857,ZCTA5 49455
49456,19568,83477,ZCTA5 49456
49457,11119,71649,ZCTA5 49457
49458,134,55000,ZCTA5 49458
49459,1647,55114,ZCTA5 49459
49460,8987,94310,ZCTA5 49460
49461,9362,74545,ZCTA5 49461
49464,29027,94466,ZCTA5 49464
49503,37471,58165,ZCTA5 49503
49504,40686,64317,ZCTA5 49504
49505,32325,67838,ZCTA5 49505
49506,33877,106971,ZCTA5 49506
49507,39899,52887,ZCTA5 49507
49508,42515,62183,ZCTA5 49508
49509,28549,59941,ZCTA5 49509
49512,19141,65640,ZCTA5 49512
49519,28070,68164,ZCTA5 49519
49525,30509,88200,ZCTA5 49525
49534,23008,77698,ZCTA5 49534
49544,9977,66250,ZCTA5 49544
49546,34308,92095,ZCTA5 49546
49548,34615,58593,ZCTA5 49548
49601,22300,61186,ZCTA5 49601
49611,403,76538,ZCTA5 49611
49612,1400,76786,ZCTA5 49612
49613,570,65938,ZCTA5 49613
49614,3029,69063,ZCTA5 49614
49615,3946,72065,ZCTA5 49615
49616,2225,43167,ZCTA5 49616
49617,3166,75409,ZCTA5 49617
49618,848,49375,ZCTA5 49618
49619,1031,53958,ZCTA5 49619
49620,2813,68393,ZCTA5 49620
49621,3749,79896,ZCTA5 49621
49622,2439,62857,ZCTA5 49622
49623,1193,59118,ZCTA5 49623
49625,1202,45625,ZCTA5 49625
49626,202,51111,ZCTA5 49626
49627,267,52159,ZCTA5 49627
49628,225,84500,ZCTA5 49628
49629,2067,80515,ZCTA5 49629
49630,1472,92500,ZCTA5 49630
49631,5520,44759,ZCTA5 49631
49632,1053,45714,ZCTA5 49632
49633,3208,68750,ZCTA5 49633
49634,172,84250,ZCTA5 49634
49635,3328,64911,ZCTA5 49635
49636,584,115313,ZCTA5 49636
49637,3605,74088,ZCTA5 49637
49638,954,45481,ZCTA5 49638
49639,2442,58555,ZCTA5 49639
49640,1255,76167,ZCTA5 49640
49642,1013,25798,ZCTA5 49642
49643,7483,78065,ZCTA5 49643
49644,1920,51216,ZCTA5 49644
49645,1802,48690,ZCTA5 49645
49646,8561,51760,ZCTA5 49646
49648,2572,85995,ZCTA5 49648
49649,7184,69124,ZCTA5 49649
49650,3459,89384,ZCTA5 49650
49651,7647,57654,ZCTA5 49651
49653,1672,79861,ZCTA5 49653
49654,702,99167,ZCTA5 49654
49655,3333,59096,ZCTA5 49655
49656,1731,52308,ZCTA5 49656
49657,3743,68409,ZCTA5 49657
49659,7131,59578,ZCTA5 49659
49660,14739,62816,ZCTA5 49660
49663,6045,52576,ZCTA5 49663
49664,2071,78056,ZCTA5 49664
49665,4108,49610,ZCTA5 49665
49667,666,45833,ZCTA5 49667
49668,3370,53587,ZCTA5 49668
49670,1732,86574,ZCTA5 49670
49674,191,115536,ZCTA5 49674
49675,743,50357,ZCTA5 49675
49676,3459,64481,ZCTA5 49676
49677,7351,58419,ZCTA5 49677
49679,1351,65089,ZCTA5 49679
49680,2170,57426,ZCTA5 49680
49682,4543,78274,ZCTA5 49682
49683,2002,48906,ZCTA5 49683
49684,21171,73730,ZCTA5 49684
49685,21120,75035,ZCTA5 49685
49686,25282,67279,ZCTA5 49686
49688,2331,61667,ZCTA5 49688
49689,1610,59712,ZCTA5 49689
49690,6558,100507,ZCTA5 49690
49696,10353,94223,ZCTA5 49696
49701,739,46111,ZCTA5 49701
49705,911,73214,ZCTA5 49705
49706,4857,59081,ZCTA5 49706
49707,22009,48094,ZCTA5 49707
49709,3361,47849,ZCTA5 49709
49710,330,72917,ZCTA5 49710
49712,8250,69548,ZCTA5 49712
49713,2178,61087,ZCTA5 49713
49715,3424,62760,ZCTA5 49715
49716,967,90208,ZCTA5 49716
49717,68,,ZCTA5 49717
49718,703,43125,ZCTA5 49718
49719,1389,73529,ZCTA5 49719
49720,9109,68545,ZCTA5 49720
49721,14034,58163,ZCTA5 49721
49722,45,,ZCTA5 49722
49724,1151,65417,ZCTA5 49724
49725,592,50250,ZCTA5 49725
49726,1001,60573,ZCTA5 49726
49727,6731,64801,ZCTA5 49727
49728,368,56250,ZCTA5 49728
49729,1463,75455,ZCTA5 49729
49730,2115,73973,ZCTA5 49730
49733,1657,60924,ZCTA5 49733
49735,20570,63549,ZCTA5 49735
49736,487,46000,ZCTA5 49736
49738,9567,57120,ZCTA5 49738
49740,7451,80250,ZCTA5 49740
49743,890,50648,ZCTA5 49743
49744,900,54191,ZCTA5 49744
49745,950,40833,ZCTA5 49745
49746,3543,44048,ZCTA5 49746
49747,2068,62188,ZCTA5 49747
49748,165,,ZCTA5 49748
49749,4527,64418,ZCTA5 49749
49751,2063,62917,ZCTA5 49751
49752,1018,81042,ZCTA5 49752
49753,1766,53359,ZCTA5 49753
49755,1753,59010,ZCTA5 49755
49756,3805,47208,ZCTA5 49756
49757,836,79500,ZCTA5 49757
49759,1450,57614,ZCTA5 49759
49760,694,50000,ZCTA5 49760
49762,577,53125,ZCTA5 49762
49764,0,,ZCTA5 49764
49765,4505,52308,ZCTA5 49765
49766,2405,57557,ZCTA5 49766
49768,441,52813,ZCTA5 49768
49769,1710,59688,ZCTA5 49769
49770,17555,76971,ZCTA5 49770
49774,1766,76417,ZCTA5 49774
49775,44,74167,ZCTA5 49775
49776,1504,53229,ZCTA5 49776
49777,1899,81875,ZCTA5 49777
49779,4626,54500,ZCTA5 49779
49780,1638,69896,ZCTA5 49780
49781,3628,59907,ZCTA5 49781
49782,657,69063,ZCTA5 49782
49783,18905,57667,ZCTA5 49783
49784,1327,,ZCTA5 49784
49788,4309,44896,ZCTA5 49788
49791,215,60875,ZCTA5 49791
49793,126,43750,ZCTA5 49793
49795,1972,55787,ZCTA5 49795
49796,375,89219,ZCTA5 49796
49799,2126,47563,ZCTA5 49799
49801,11504,57034,ZCTA5 49801
49802,6034,58290,ZCTA5 49802
49805,516,46786,ZCTA5 49805
49806,621,76875,ZCTA5 49806
49807,3072,64539,ZCTA5 49807
49808,414,46257,ZCTA5 49808
49812,808,55833,ZCTA5 49812
49814,1198,73710,ZCTA5 49814
49815,205,74750,ZCTA5 49815
49816,768,67303,ZCTA5 49816
49817,627,59091,ZCTA5 49817
49818,1225,56750,ZCTA5 49818
49820,200,45417,ZCTA5 49820
49821,1292,53309,ZCTA5 49821
49822,225,41964,ZCTA5 49822
49825,278,58875,ZCTA5 49825
49826,256,56133,ZCTA5 49826
49827,1203,43750,ZCTA5 49827
49829,16869,45578,ZCTA5 49829
49831,569,78750,ZCTA5 49831
49833,119,65278,ZCTA5 49833
49834,583,68333,ZCTA5 49834
49835,757,49028,ZCTA5 49835
49836,1051,73958,ZCTA5 49836
49837,9899,64785,ZCTA5 49837
49838,391,36711,ZCTA5 49838
49839,309,44716,ZCTA5 49839
49840,707,58750,ZCTA5 49840
49841,7093,58834,ZCTA5 49841
49847,1070,63828,ZCTA5 49847
49848,94,36528,ZCTA5 49848
49849,12069,65429,ZCTA5 49849
49852,133,78125,ZCTA5 49852
49853,1100,60404,ZCTA5 49853
49854,6172,53836,ZCTA5 49854
49855,33075,62168,ZCTA5 49855
49858,11911,50871,ZCTA5 49858
49861,561,62083,ZCTA5 49861
49862,4524,54940,ZCTA5 49862
49863,186,41591,ZCTA5 49863
49864,32,33958,ZCTA5 49864
49866,8233,75854,ZCTA5 49866
49868,4401,49223,ZCTA5 49868
49870,3510,56429,ZCTA5 49870
49871,499,56250,ZCTA5 49871
49872,226,51026,ZCTA5 49872
49873,99,55625,ZCTA5 49873
49874,997,56250,ZCTA5 49874
49876,1262,66715,ZCTA5 49876
49877,10,51500,ZCTA5 49877
49878,3204,62800,ZCTA5 49878
49879,1093,51875,ZCTA5 49879
49880,1135,61976,ZCTA5 49880
49881,357,68462,ZCTA5 49881
49883,173,47625,ZCTA5 49883
49884,567,37868,ZCTA5 49884
49885,1820,70833,ZCTA5 49885
49886,543,82159,ZCTA5 49886
49887,2758,53929,ZCTA5 49887
49891,619,56250,ZCTA5 49891
49892,2057,71429,ZCTA5 49892
49893,1361,62778,ZCTA5 49893
49894,912,58924,ZCTA5 49894
49895,873,48125,ZCTA5 49895
49896,1702,61406,ZCTA5 49896
49901,273,52273,ZCTA5 49901
49902,210,36417,ZCTA5 49902
49903,194,35893,ZCTA5 49903
49905,2349,77688,ZCTA5 49905
49908,3104,48190,ZCTA5 49908
49910,239,51667,ZCTA5 49910
49911,2769,51036,ZCTA5 49911
49912,859,53173,ZCTA5 49912
49913,7238,46801,ZCTA5 49913
49915,576,50417,ZCTA5 49915
49916,2980,76424,ZCTA5 49916
49917,312,55313,ZCTA5 49917
49918,100,47344,ZCTA5 49918
49919,101,45341,ZCTA5 49919
49920,4207,56652,ZCTA5 49920
49921,362,24485,ZCTA5 49921
49922,888,47417,ZCTA5 49922
49925,647,51250,ZCTA5 49925
49927,390,57000,ZCTA5 49927
49929,219,53750,ZCTA5 49929
49930,7266,60109,ZCTA5 49930
49931,10282,38750,ZCTA5 49931
49934,780,46690,ZCTA5 49934
49935,5943,51913,ZCTA5 49935
49938,7636,43990,ZCTA5 49938
49942,69,48125,ZCTA5 49942
49945,2816,52500,ZCTA5 49945
49946,3868,54083,ZCTA5 49946
49947,823,45667,ZCTA5 49947
49948,599,54688,ZCTA5 49948
49950,981,57500,ZCTA5 49950
49952,133,67083,ZCTA5 49952
49953,2274,51161,ZCTA5 49953
49955,449,70000,ZCTA5 49955
49958,839,47679,ZCTA5 49958
49959,347,53529,ZCTA5 49959
49960,226,41250,ZCTA5 49960
49961,141,50625,ZCTA5 49961
49962,219,51563,ZCTA5 49962
49963,523,45313,ZCTA5 49963
49965,501,65750,ZCTA5 49965
49967,356,47321,ZCTA5 49967
49968,2124,44083,ZCTA5 49968
49969,1039,55694,ZCTA5 49969
49970,277,58194,ZCTA5 49970
49971,415,44602,ZCTA5 49971
50001,575,126500,ZCTA5 50001
50002,1505,69375,ZCTA5 50002
50003,9263,99564,ZCTA5 50003
50005,859,66250,ZCTA5 50005
50006,1586,64545,ZCTA5 50006
50007,489,137917,ZCTA5 50007
50008,771,62188,ZCTA5 50008
50009,21402,91207,ZCTA5 50009
50010,33397,64573,ZCTA5 50010
50012,2061,,ZCTA5 50012
50013,4349,,ZCTA5 50013
50014,31376,54291,ZCTA5 50014
50020,1281,67679,ZCTA5 50020
50021,27375,91397,ZCTA5 50021
50022,8664,59538,ZCTA5 50022
50023,45195,109044,ZCTA5 50023
50025,2937,54828,ZCTA5 50025
50026,438,69375,ZCTA5 50026
50027,288,51477,ZCTA5 50027
50028,1776,73235,ZCTA5 50028
50029,550,45469,ZCTA5 50029
50031,57,83750,ZCTA5 50031
50032,702,,ZCTA5 50032
50033,12,,ZCTA5 50033
50034,437,64514,ZCTA5 50034
50035,9507,122146,ZCTA5 50035
50036,16418,72440,ZCTA5 50036
50038,247,69844,ZCTA5 50038
50039,547,117917,ZCTA5 50039
50040,138,45625,ZCTA5 50040
50041,98,,ZCTA5 50041
50042,200,76250,ZCTA5 50042
50044,887,71094,ZCTA5 50044
50046,1652,87375,ZCTA5 50046
50047,6635,94453,ZCTA5 50047
50048,776,60000,ZCTA5 50048
50049,6449,59284,ZCTA5 50049
50050,743,60333,ZCTA5 50050
50051,277,56250,ZCTA5 50051
50052,82,46250,ZCTA5 50052
50054,3099,86118,ZCTA5 50054
50055,1260,92292,ZCTA5 50055
50056,1190,76875,ZCTA5 50056
50057,244,,ZCTA5 50057
50058,1869,68214,ZCTA5 50058
50060,2444,57679,ZCTA5 50060
50061,2310,146250,ZCTA5 50061
50062,859,65833,ZCTA5 50062
50063,2553,105179,ZCTA5 50063
50064,129,82500,ZCTA5 50064
50065,608,48092,ZCTA5 50065
50066,218,68594,ZCTA5 50066
50067,265,58333,ZCTA5 50067
50068,279,76250,ZCTA5 50068
50069,1009,89375,ZCTA5 50069
50070,1250,81375,ZCTA5 50070
50071,889,66250,ZCTA5 50071
50072,2892,105268,ZCTA5 50072
50073,959,87500,ZCTA5 50073
50074,195,110313,ZCTA5 50074
50075,749,70592,ZCTA5 50075
50076,1463,49500,ZCTA5 50076
50078,102,46250,ZCTA5 50078
50101,68,158750,ZCTA5 50101
50102,127,,ZCTA5 50102
50103,400,55938,ZCTA5 50103
50104,93,54375,ZCTA5 50104
50105,1235,106923,ZCTA5 50105
50106,1182,94783,ZCTA5 50106
50107,756,40000,ZCTA5 50107
50108,438,32000,ZCTA5 50108
50109,3407,127292,ZCTA5 50109
50110,35,65000,ZCTA5 50110
50111,15745,100971,ZCTA5 50111
50112,11827,61467,ZCTA5 50112
50115,2782,68917,ZCTA5 50115
50116,191,70000,ZCTA5 50116
50117,145,57750,ZCTA5 50117
50118,782,75667,ZCTA5 50118
50119,356,59583,ZCTA5 50119
50120,537,133333,ZCTA5 50120
50122,1511,76042,ZCTA5 50122
50123,858,61750,ZCTA5 50123
50124,4539,120882,ZCTA5 50124
50125,20364,84173,ZCTA5 50125
50126,6402,60313,ZCTA5 50126
50127,0,,ZCTA5 50127
50128,429,47462,ZCTA5 50128
50129,5208,55067,ZCTA5 50129
50130,1567,78816,ZCTA5 50130
50131,23967,97926,ZCTA5 50131
50132,389,76116,ZCTA5 50132
50133,459,68462,ZCTA5 50133
50134,915,94023,ZCTA5 50134
50135,1658,74091,ZCTA5 50135
50136,408,62625,ZCTA5 50136
50137,90,,ZCTA5 50137
50138,12086,65341,ZCTA5 50138
50139,1003,65913,ZCTA5 50139
50140,2973,54808,ZCTA5 50140
50141,499,71932,ZCTA5 50141
50142,790,70208,ZCTA5 50142
50143,546,80625,ZCTA5 50143
50144,2579,67518,ZCTA5 50144
50145,116,84063,ZCTA5 50145
50146,467,47083,ZCTA5 50146
50147,338,57639,ZCTA5 50147
50148,376,79336,ZCTA5 50148
50149,843,66786,ZCTA5 50149
50150,885,77500,ZCTA5 50150
50151,636,85250,ZCTA5 50151
50152,153,93438,ZCTA5 50152
50153,852,69716,ZCTA5 50153
50154,612,73125,ZCTA5 50154
50155,132,55833,ZCTA5 50155
50156,4644,88661,ZCTA5 50156
50157,705,57700,ZCTA5 50157
50158,31047,68322,ZCTA5 50158
50160,579,46786,ZCTA5 50160
50161,2016,81836,ZCTA5 50161
50162,1302,75000,ZCTA5 50162
50163,663,61827,ZCTA5 50163
50164,679,75875,ZCTA5 50164
50165,33,83750,ZCTA5 50165
50166,2016,95972,ZCTA5 50166
50167,837,68214,ZCTA5 50167
50168,831,91094,ZCTA5 50168
50169,3037,76736,ZCTA5 50169
50170,2874,79000,ZCTA5 50170
50171,2440,56406,ZCTA5 50171
50173,716,71719,ZCTA5 50173
50174,1431,62434,ZCTA5 50174
50201,8291,76500,ZCTA5 50201
50206,500,101417,ZCTA5 50206
50207,2313,73800,ZCTA5 50207
50208,20339,57274,ZCTA5 50208
50210,1570,80227,ZCTA5 50210
50211,15120,95095,ZCTA5 50211
50212,3053,76680,ZCTA5 50212
50213,7448,63427,ZCTA5 50213
50214,730,150156,ZCTA5 50214
50216,2844,84000,ZCTA5 50216
50217,500,61667,ZCTA5 50217
50218,305,70000,ZCTA5 50218
50219,13940,86588,ZCTA5 50219
50220,9037,62235,ZCTA5 50220
50222,373,85625,ZCTA5 50222
50223,364,38516,ZCTA5 50223
50225,3211,67574,ZCTA5 50225
50226,7144,144615,ZCTA5 50226
50227,103,36083,ZCTA5 50227
50228,2688,83140,ZCTA5 50228
50229,1392,112563,ZCTA5 50229
50230,916,80000,ZCTA5 50230
50231,157,63750,ZCTA5 50231
50232,650,69141,ZCTA5 50232
50233,1480,82500,ZCTA5 50233
50234,482,80000,ZCTA5 50234
50235,391,83750,ZCTA5 50235
50236,1768,84234,ZCTA5 50236
50237,3085,91500,ZCTA5 50237
50238,1168,61534,ZCTA5 50238
50239,139,80469,ZCTA5 50239
50240,2335,98750,ZCTA5 50240
50241,131,61429,ZCTA5 50241
50242,478,81625,ZCTA5 50242
50243,382,64375,ZCTA5 50243
50244,1900,98542,ZCTA5 50244
50246,716,61250,ZCTA5 50246
50247,2411,86250,ZCTA5 50247
50248,4048,77019,ZCTA5 50248
50249,1404,49444,ZCTA5 50249
50250,2480,58889,ZCTA5 50250
50251,1478,91875,ZCTA5 50251
50252,244,126250,ZCTA5 50252
50254,288,89792,ZCTA5 50254
50255,56,50556,ZCTA5 50255
50256,519,74792,ZCTA5 50256
50257,1131,88235,ZCTA5 50257
50258,831,78869,ZCTA5 50258
50261,2866,140257,ZCTA5 50261
50262,174,39167,ZCTA5 50262
50263,25635,107288,ZCTA5 50263
50264,493,59485,ZCTA5 50264
50265,33222,81579,ZCTA5 50265
50266,35508,83166,ZCTA5 50266
50268,1101,50313,ZCTA5 50268
50269,133,71250,ZCTA5 50269
50271,623,81250,ZCTA5 50271
50272,139,43125,ZCTA5 50272
50273,8866,76782,ZCTA5 50273
50274,132,72847,ZCTA5 50274
50275,444,58906,ZCTA5 50275
50276,2248,89178,ZCTA5 50276
50277,484,100441,ZCTA5 50277
50278,851,59286,ZCTA5 50278
50309,9307,58041,ZCTA5 50309
50310,31976,73369,ZCTA5 50310
50311,15869,62166,ZCTA5 50311
50312,15498,77612,ZCTA5 50312
50313,18291,61532,ZCTA5 50313
50314,10086,37636,ZCTA5 50314
50315,36355,58441,ZCTA5 50315
50316,16647,51803,ZCTA5 50316
50317,35466,61170,ZCTA5 50317
50319,0,,ZCTA5 50319
50320,23709,83074,ZCTA5 50320
50321,7941,69458,ZCTA5 50321
50322,31917,84948,ZCTA5 50322
50323,16511,168329,ZCTA5 50323
50324,5200,85055,ZCTA5 50324
50325,18576,124908,ZCTA5 50325
50327,12672,89242,ZCTA5 50327
50401,28909,61703,ZCTA5 50401
50420,403,72596,ZCTA5 50420
50421,2923,57989,ZCTA5 50421
50423,2490,60489,ZCTA5 50423
50424,1532,59100,ZCTA5 50424
50426,79,54844,ZCTA5 50426
50427,137,68032,ZCTA5 50427
50428,9119,69426,ZCTA5 50428
50430,333,54375,ZCTA5 50430
50431,206,46563,ZCTA5 50431
50432,261,71250,ZCTA5 50432
50433,181,54063,ZCTA5 50433
50434,448,39375,ZCTA5 50434
50435,687,62727,ZCTA5 50435
50436,5879,67773,ZCTA5 50436
50438,3989,70000,ZCTA5 50438
50439,340,69500,ZCTA5 50439
50440,340,81250,ZCTA5 50440
50441,5321,53548,ZCTA5 50441
50444,333,63125,ZCTA5 50444
50446,522,78125,ZCTA5 50446
50447,1261,71985,ZCTA5 50447
50448,630,65000,ZCTA5 50448
50449,886,63000,ZCTA5 50449
50450,2839,73142,ZCTA5 50450
50451,414,45000,ZCTA5 50451
50452,971,73350,ZCTA5 50452
50453,535,65417,ZCTA5 50453
50454,82,96513,ZCTA5 50454
50455,359,61875,ZCTA5 50455
50456,1783,72600,ZCTA5 50456
50457,463,50833,ZCTA5 50457
50458,2297,85417,ZCTA5 50458
50459,3046,72708,ZCTA5 50459
50460,713,80990,ZCTA5 50460
50461,5068,61088,ZCTA5 50461
50464,512,74583,ZCTA5 50464
50465,187,54000,ZCTA5 50465
50466,2042,52898,ZCTA5 50466
50467,103,65625,ZCTA5 50467
50468,1553,64464,ZCTA5 50468
50469,1647,72171,ZCTA5 50469
50470,223,67500,ZCTA5 50470
50471,680,71250,ZCTA5 50471
50472,2506,82500,ZCTA5 50472
50473,171,88281,ZCTA5 50473
50475,1563,71458,ZCTA5 50475
50476,702,59375,ZCTA5 50476
50477,215,53214,ZCTA5 50477
50478,788,49079,ZCTA5 50478
50479,736,63750,ZCTA5 50479
50480,905,65772,ZCTA5 50480
50482,692,72500,ZCTA5 50482
50483,765,69792,ZCTA5 50483
50484,313,66250,ZCTA5 50484
50501,28530,64013,ZCTA5 50501
50510,994,76190,ZCTA5 50510
50511,7041,58664,ZCTA5 50511
50514,1089,57396,ZCTA5 50514
50515,271,53214,ZCTA5 50515
50516,708,69844,ZCTA5 50516
50517,909,57917,ZCTA5 50517
50518,350,79554,ZCTA5 50518
50519,678,66563,ZCTA5 50519
50520,177,75192,ZCTA5 50520
50521,17,,ZCTA5 50521
50522,922,73958,ZCTA5 50522
50523,667,76875,ZCTA5 50523
50524,523,84667,ZCTA5 50524
50525,3404,50395,ZCTA5 50525
50527,106,58750,ZCTA5 50527
50528,344,70313,ZCTA5 50528
50529,966,64583,ZCTA5 50529
50530,1230,73385,ZCTA5 50530
50531,232,78036,ZCTA5 50531
50532,877,65739,ZCTA5 50532
50533,3931,59410,ZCTA5 50533
50535,990,85060,ZCTA5 50535
50536,4304,60000,ZCTA5 50536
50538,562,51705,ZCTA5 50538
50539,453,65000,ZCTA5 50539
50540,1217,90114,ZCTA5 50540
50541,979,52885,ZCTA5 50541
50542,949,64375,ZCTA5 50542
50543,1243,69750,ZCTA5 50543
50544,537,53500,ZCTA5 50544
50545,150,38295,ZCTA5 50545
50546,339,57946,ZCTA5 50546
50548,5591,68440,ZCTA5 50548
50551,45,,ZCTA5 50551
50552,75,82750,ZCTA5 50552
50554,1674,61912,ZCTA5 50554
50556,110,41875,ZCTA5 50556
50557,763,71167,ZCTA5 50557
50558,742,86042,ZCTA5 50558
50559,283,37202,ZCTA5 50559
50560,709,65625,ZCTA5 50560
50561,592,66193,ZCTA5 50561
50562,394,67188,ZCTA5 50562
50563,2468,75924,ZCTA5 50563
50565,381,56667,ZCTA5 50565
50566,454,61607,ZCTA5 50566
50567,206,61111,ZCTA5 50567
50568,1583,72097,ZCTA5 50568
50569,650,56979,ZCTA5 50569
50570,152,67426,ZCTA5 50570
50571,254,67625,ZCTA5 50571
50573,68,48125,ZCTA5 50573
50574,2160,57176,ZCTA5 50574
50575,649,57750,ZCTA5 50575
50576,251,58750,ZCTA5 50576
50577,383,60469,ZCTA5 50577
50578,687,67500,ZCTA5 50578
50579,3153,63893,ZCTA5 50579
50581,764,62727,ZCTA5 50581
50582,178,79167,ZCTA5 50582
50583,2387,58529,ZCTA5 50583
50585,1207,68676,ZCTA5 50585
50586,235,50357,ZCTA5 50586
50588,13263,56608,ZCTA5 50588
50590,870,60417,ZCTA5 50590
50591,309,72500,ZCTA5 50591
50592,141,92557,ZCTA5 50592
50593,32,43750,ZCTA5 50593
50594,201,60000,ZCTA5 50594
50595,8823,63782,ZCTA5 50595
50597,1312,82500,ZCTA5 50597
50598,888,74526,ZCTA5 50598
50599,470,62361,ZCTA5 50599
50601,2468,63333,ZCTA5 50601
50602,1382,63421,ZCTA5 50602
50603,342,59688,ZCTA5 50603
50604,1618,62521,ZCTA5 50604
50605,139,47375,ZCTA5 50605
50606,880,60110,ZCTA5 50606
50607,417,60536,ZCTA5 50607
50608,43,63462,ZCTA5 50608
50609,381,85905,ZCTA5 50609
50611,364,69167,ZCTA5 50611
50612,365,94583,ZCTA5 50612
50613,43732,72239,ZCTA5 50613
50616,9544,60512,ZCTA5 50616
50619,2099,64787,ZCTA5 50619
50620,55,53750,ZCTA5 50620
50621,1641,74018,ZCTA5 50621
50622,3179,98787,ZCTA5 50622
50623,150,84063,ZCTA5 50623
50624,1694,87063,ZCTA5 50624
50625,1005,55781,ZCTA5 50625
50626,1560,81679,ZCTA5 50626
50627,3263,64886,ZCTA5 50627
50628,1183,57353,ZCTA5 50628
50629,2374,97096,ZCTA5 50629
50630,1568,71500,ZCTA5 50630
50631,250,45625,ZCTA5 50631
50632,1296,68363,ZCTA5 50632
50633,344,66927,ZCTA5 50633
50634,770,79286,ZCTA5 50634
50635,1344,66563,ZCTA5 50635
50636,2038,59676,ZCTA5 50636
50638,3330,81446,ZCTA5 50638
50641,1446,64514,ZCTA5 50641
50642,498,102578,ZCTA5 50642
50643,3063,109917,ZCTA5 50643
50644,8705,72893,ZCTA5 50644
50645,1391,64531,ZCTA5 50645
50647,2032,94898,ZCTA5 50647
50648,4044,90000,ZCTA5 50648
50649,16,,ZCTA5 50649
50650,693,59250,ZCTA5 50650
50651,3608,76759,ZCTA5 50651
50652,118,57500,ZCTA5 50652
50653,504,69643,ZCTA5 50653
50654,328,51250,ZCTA5 50654
50655,760,55417,ZCTA5 50655
50657,122,87500,ZCTA5 50657
50658,2427,65833,ZCTA5 50658
50659,5986,76000,ZCTA5 50659
50660,1234,85577,ZCTA5 50660
50662,6499,42348,ZCTA5 50662
50664,131,,ZCTA5 50664
50665,2677,67684,ZCTA5 50665
50666,720,72857,ZCTA5 50666
50667,810,60972,ZCTA5 50667
50668,1159,82330,ZCTA5 50668
50669,2358,81250,ZCTA5 50669
50670,2378,77054,ZCTA5 50670
50671,179,53843,ZCTA5 50671
50672,420,70417,ZCTA5 50672
50673,245,85833,ZCTA5 50673
50674,3539,69375,ZCTA5 50674
50675,2316,70859,ZCTA5 50675
50676,2095,85526,ZCTA5 50676
50677,12746,83635,ZCTA5 50677
50680,1124,70507,ZCTA5 50680
50681,447,65577,ZCTA5 50681
50682,1649,84643,ZCTA5 50682
50701,30128,60130,ZCTA5 50701
50702,20818,58418,ZCTA5 50702
50703,18587,44834,ZCTA5 50703
50707,7307,58939,ZCTA5 50707
50801,8957,55413,ZCTA5 50801
50830,1969,69028,ZCTA5 50830
50831,29,58750,ZCTA5 50831
50833,2139,63182,ZCTA5 50833
50835,61,55313,ZCTA5 50835
50836,308,75658,ZCTA5 50836
50837,342,61538,ZCTA5 50837
50839,59,43125,ZCTA5 50839
50840,617,73214,ZCTA5 50840
50841,2379,64583,ZCTA5 50841
50842,73,53125,ZCTA5 50842
50843,487,51250,ZCTA5 50843
50845,814,68523,ZCTA5 50845
50846,1149,66500,ZCTA5 50846
50847,64,32500,ZCTA5 50847
50848,289,48438,ZCTA5 50848
50849,2395,58250,ZCTA5 50849
50851,2238,65660,ZCTA5 50851
50853,693,66406,ZCTA5 50853
50854,2414,67014,ZCTA5 50854
50857,161,56563,ZCTA5 50857
50858,796,67917,ZCTA5 50858
50859,823,75000,ZCTA5 50859
50860,156,43889,ZCTA5 50860
50861,309,82500,ZCTA5 50861
50862,99,67083,ZCTA5 50862
50863,194,93750,ZCTA5 50863
50864,1745,57275,ZCTA5 50864
51001,2370,63357,ZCTA5 51001
51002,2819,71136,ZCTA5 51002
51003,1761,85536,ZCTA5 51003
51004,863,59500,ZCTA5 51004
51005,1486,74750,ZCTA5 51005
51006,1201,71786,ZCTA5 51006
51007,569,105972,ZCTA5 51007
51008,168,70208,ZCTA5 51008
51009,166,52917,ZCTA5 51009
51010,411,71779,ZCTA5 51010
51011,77,50000,ZCTA5 51011
51012,6518,55792,ZCTA5 51012
51014,534,63750,ZCTA5 51014
51015,71,67679,ZCTA5 51015
51016,1118,53177,ZCTA5 51016
51018,613,75000,ZCTA5 51018
51019,566,71447,ZCTA5 51019
51020,574,60000,ZCTA5 51020
51022,993,88077,ZCTA5 51022
51023,3469,71897,ZCTA5 51023
51024,2125,105023,ZCTA5 51024
51025,1958,67026,ZCTA5 51025
51026,1057,85156,ZCTA5 51026
51027,1421,91563,ZCTA5 51027
51028,2027,69734,ZCTA5 51028
51029,280,73333,ZCTA5 51029
51030,1586,83333,ZCTA5 51030
51031,12595,75540,ZCTA5 51031
51033,460,50515,ZCTA5 51033
51034,1653,66786,ZCTA5 51034
51035,1577,74554,ZCTA5 51035
51036,676,109750,ZCTA5 51036
51037,293,76667,ZCTA5 51037
51038,1763,90625,ZCTA5 51038
51039,2648,101506,ZCTA5 51039
51040,3422,55559,ZCTA5 51040
51041,7016,80625,ZCTA5 51041
51044,216,83750,ZCTA5 51044
51045,113,108000,ZCTA5 51045
51046,1432,74327,ZCTA5 51046
51047,690,85417,ZCTA5 51047
51048,525,74063,ZCTA5 51048
51049,502,51618,ZCTA5 51049
51050,3043,94605,ZCTA5 51050
51051,62,47917,ZCTA5 51051
51052,1001,83649,ZCTA5 51052
51053,1129,66125,ZCTA5 51053
51054,5416,116111,ZCTA5 51054
51055,1271,76875,ZCTA5 51055
51056,464,69858,ZCTA5 51056
51058,982,61838,ZCTA5 51058
51060,557,52610,ZCTA5 51060
51061,330,57917,ZCTA5 51061
51062,356,,ZCTA5 51062
51063,1144,65787,ZCTA5 51063
51101,1070,17452,ZCTA5 51101
51103,17005,55284,ZCTA5 51103
51104,22759,74734,ZCTA5 51104
51105,11214,47018,ZCTA5 51105
51106,27652,74750,ZCTA5 51106
51108,5555,71176,ZCTA5 51108
51109,3619,73158,ZCTA5 51109
51111,124,43977,ZCTA5 51111
51201,6278,69041,ZCTA5 51201
51230,578,71316,ZCTA5 51230
51231,621,100547,ZCTA5 51231
51232,774,75313,ZCTA5 51232
51234,1179,87083,ZCTA5 51234
51235,1012,63676,ZCTA5 51235
51237,1700,61563,ZCTA5 51237
51238,1401,69432,ZCTA5 51238
51239,3115,79886,ZCTA5 51239
51240,1629,86875,ZCTA5 51240
51241,2237,97788,ZCTA5 51241
51242,343,81932,ZCTA5 51242
51243,663,76406,ZCTA5 51243
51244,147,79688,ZCTA5 51244
51245,1096,76375,ZCTA5 51245
51246,4007,70625,ZCTA5 51246
51247,4887,65403,ZCTA5 51247
51248,1712,56691,ZCTA5 51248
51249,3388,67083,ZCTA5 51249
51250,9667,87323,ZCTA5 51250
51301,12326,59987,ZCTA5 51301
51331,1017,80577,ZCTA5 51331
51333,394,87614,ZCTA5 51333
51334,6992,65181,ZCTA5 51334
51338,933,55833,ZCTA5 51338
51340,93,80000,ZCTA5 51340
51341,39,,ZCTA5 51341
51342,1315,71250,ZCTA5 51342
51343,284,81875,ZCTA5 51343
51345,418,49734,ZCTA5 51345
51346,2201,56042,ZCTA5 51346
51347,1621,79150,ZCTA5 51347
51350,443,63125,ZCTA5 51350
51351,4812,67250,ZCTA5 51351
51354,1090,68011,ZCTA5 51354
51355,877,55238,ZCTA5 51355
51357,744,60833,ZCTA5 51357
51358,1259,65833,ZCTA5 51358
51360,8533,74375,ZCTA5 51360
51363,143,56125,ZCTA5 51363
51364,708,60461,ZCTA5 51364
51365,423,58750,ZCTA5 51365
51366,303,76667,ZCTA5 51366
51401,12174,66768,ZCTA5 51401
51430,1273,69554,ZCTA5 51430
51431,463,51774,ZCTA5 51431
51432,35,61875,ZCTA5 51432
51433,606,61438,ZCTA5 51433
51436,980,60125,ZCTA5 51436
51439,771,60667,ZCTA5 51439
51440,287,65000,ZCTA5 51440
51441,457,50357,ZCTA5 51441
51442,9648,59325,ZCTA5 51442
51443,1377,77841,ZCTA5 51443
51444,338,80536,ZCTA5 51444
51445,2526,66964,ZCTA5 51445
51446,483,75500,ZCTA5 51446
51447,152,110417,ZCTA5 51447
51448,620,49813,ZCTA5 51448
51449,2020,68750,ZCTA5 51449
51450,1448,76316,ZCTA5 51450
51451,58,21875,ZCTA5 51451
51452,171,68750,ZCTA5 51452
51453,537,75365,ZCTA5 51453
51454,1409,93884,ZCTA5 51454
51455,2241,72847,ZCTA5 51455
51458,1167,68702,ZCTA5 51458
51459,65,66667,ZCTA5 51459
51460,59,,ZCTA5 51460
51461,1187,69500,ZCTA5 51461
51462,949,65139,ZCTA5 51462
51463,484,65703,ZCTA5 51463
51465,723,63971,ZCTA5 51465
51466,1286,86250,ZCTA5 51466
51467,531,75875,ZCTA5 51467
51501,35400,56054,ZCTA5 51501
51503,37081,76075,ZCTA5 51503
51510,3780,64479,ZCTA5 51510
51520,218,55956,ZCTA5 51520
51521,1857,68324,ZCTA5 51521
51523,370,79286,ZCTA5 51523
51525,1003,73173,ZCTA5 51525
51526,1560,85833,ZCTA5 51526
51527,395,71250,ZCTA5 51527
51528,642,70625,ZCTA5 51528
51529,1992,61250,ZCTA5 51529
51530,629,46806,ZCTA5 51530
51531,784,59722,ZCTA5 51531
51532,685,64444,ZCTA5 51532
51533,843,66029,ZCTA5 51533
51534,9435,82992,ZCTA5 51534
51535,1730,81326,ZCTA5 51535
51536,418,75625,ZCTA5 51536
51537,6852,66615,ZCTA5 51537
51540,304,63750,ZCTA5 51540
51541,491,66442,ZCTA5 51541
51542,950,108854,ZCTA5 51542
51543,390,50000,ZCTA5 51543
51544,741,47500,ZCTA5 51544
51545,271,40625,ZCTA5 51545
51546,3067,79475,ZCTA5 51546
51548,509,96827,ZCTA5 51548
51549,394,68594,ZCTA5 51549
51550,137,74167,ZCTA5 51550
51551,1619,78780,ZCTA5 51551
51552,204,,ZCTA5 51552
51553,1100,87750,ZCTA5 51553
51554,88,,ZCTA5 51554
51555,4858,79592,ZCTA5 51555
51556,359,71250,ZCTA5 51556
51557,834,75417,ZCTA5 51557
51558,724,79375,ZCTA5 51558
51559,2000,77095,ZCTA5 51559
51560,2035,68661,ZCTA5 51560
51561,823,86622,ZCTA5 51561
51562,486,78958,ZCTA5 51562
51563,737,63548,ZCTA5 51563
51564,479,66667,ZCTA5 51564
51565,530,95308,ZCTA5 51565
51566,6764,57603,ZCTA5 51566
51570,974,65089,ZCTA5 51570
51571,750,90000,ZCTA5 51571
51572,464,68800,ZCTA5 51572
51573,1099,86328,ZCTA5 51573
51575,1663,96875,ZCTA5 51575
51576,1960,106131,ZCTA5 51576
51577,1326,62500,ZCTA5 51577
51578,142,103182,ZCTA5 51578
51579,2116,72143,ZCTA5 51579
51601,5560,54423,ZCTA5 51601
51630,149,80833,ZCTA5 51630
51631,338,44333,ZCTA5 51631
51632,6753,59316,ZCTA5 51632
51636,456,73750,ZCTA5 51636
51637,215,67734,ZCTA5 51637
51638,1350,61319,ZCTA5 51638
51639,737,79545,ZCTA5 51639
51640,1503,59300,ZCTA5 51640
51645,247,102875,ZCTA5 51645
51646,780,62109,ZCTA5 51646
51647,233,,ZCTA5 51647
51648,271,110089,ZCTA5 51648
51649,417,86635,ZCTA5 51649
51650,284,50000,ZCTA5 51650
51651,138,67917,ZCTA5 51651
51652,1494,71731,ZCTA5 51652
51653,1501,74750,ZCTA5 51653
51654,318,73750,ZCTA5 51654
51656,35,46250,ZCTA5 51656
52001,42895,58759,ZCTA5 52001
52002,17871,87000,ZCTA5 52002
52003,13820,91703,ZCTA5 52003
52030,403,61613,ZCTA5 52030
52031,5442,80173,ZCTA5 52031
52032,1407,81217,ZCTA5 52032
52033,3417,67614,ZCTA5 52033
52035,1255,59219,ZCTA5 52035
52036,139,68438,ZCTA5 52036
52037,943,73333,ZCTA5 52037
52038,529,75278,ZCTA5 52038
52039,908,104375,ZCTA5 52039
52040,5644,71971,ZCTA5 52040
52041,1901,86912,ZCTA5 52041
52042,1663,76518,ZCTA5 52042
52043,1860,62589,ZCTA5 52043
52044,297,71632,ZCTA5 52044
52045,2950,81300,ZCTA5 52045
52046,2663,99286,ZCTA5 52046
52047,801,53333,ZCTA5 52047
52048,307,52917,ZCTA5 52048
52049,1132,74083,ZCTA5 52049
52050,433,65909,ZCTA5 52050
52052,2890,56466,ZCTA5 52052
52053,1317,114265,ZCTA5 52053
52054,749,97361,ZCTA5 52054
52056,222,80625,ZCTA5 52056
52057,8082,73066,ZCTA5 52057
52060,7974,60000,ZCTA5 52060
52064,791,67292,ZCTA5 52064
52065,824,85972,ZCTA5 52065
52066,92,47813,ZCTA5 52066
52068,4483,116250,ZCTA5 52068
52069,1532,80125,ZCTA5 52069
52070,1209,62813,ZCTA5 52070
52071,128,39750,ZCTA5 52071
52072,792,75150,ZCTA5 52072
52073,1496,81838,ZCTA5 52073
52074,322,101250,ZCTA5 52074
52075,128,82813,ZCTA5 52075
52076,2150,65625,ZCTA5 52076
52077,287,59688,ZCTA5 52077
52078,801,88375,ZCTA5 52078
52079,685,93409,ZCTA5 52079
52101,12962,64302,ZCTA5 52101
52132,1845,77344,ZCTA5 52132
52133,627,64872,ZCTA5 52133
52134,305,70461,ZCTA5 52134
52135,651,72750,ZCTA5 52135
52136,5917,62003,ZCTA5 52136
52140,453,,ZCTA5 52140
52141,1190,62333,ZCTA5 52141
52142,1790,45541,ZCTA5 52142
52144,1031,79821,ZCTA5 52144
52146,866,61094,ZCTA5 52146
52147,978,77578,ZCTA5 52147
52151,1869,52100,ZCTA5 52151
52154,664,54911,ZCTA5 52154
52155,1309,67386,ZCTA5 52155
52156,681,82500,ZCTA5 52156
52157,1457,55119,ZCTA5 52157
52158,298,44250,ZCTA5 52158
52159,2412,68625,ZCTA5 52159
52160,994,77653,ZCTA5 52160
52161,1396,75150,ZCTA5 52161
52162,3548,58800,ZCTA5 52162
52163,342,58125,ZCTA5 52163
52164,308,64063,ZCTA5 52164
52165,1094,80625,ZCTA5 52165
52166,138,58750,ZCTA5 52166
52168,350,39167,ZCTA5 52168
52169,418,57500,ZCTA5 52169
52170,504,64875,ZCTA5 52170
52171,1053,73491,ZCTA5 52171
52172,5982,64242,ZCTA5 52172
52175,3528,57877,ZCTA5 52175
52201,1508,96563,ZCTA5 52201
52202,1267,94375,ZCTA5 52202
52203,2300,98750,ZCTA5 52203
52205,8537,66635,ZCTA5 52205
52206,2668,110156,ZCTA5 52206
52207,278,44583,ZCTA5 52207
52208,2992,68000,ZCTA5 52208
52209,1049,70500,ZCTA5 52209
52210,946,66389,ZCTA5 52210
52211,2638,62902,ZCTA5 52211
52212,446,79839,ZCTA5 52212
52213,3869,81117,ZCTA5 52213
52214,2790,78897,ZCTA5 52214
52215,986,57308,ZCTA5 52215
52216,1467,69688,ZCTA5 52216
52217,590,63750,ZCTA5 52217
52218,1709,91645,ZCTA5 52218
52219,180,51250,ZCTA5 52219
52220,119,48250,ZCTA5 52220
52221,359,81008,ZCTA5 52221
52222,731,59625,ZCTA5 52222
52223,1162,86845,ZCTA5 52223
52224,2016,80200,ZCTA5 52224
52225,424,59630,ZCTA5 52225
52227,2825,98859,ZCTA5 52227
52228,3656,125352,ZCTA5 52228
52229,849,85119,ZCTA5 52229
52231,439,85769,ZCTA5 52231
52232,306,85000,ZCTA5 52232
52233,7025,62286,ZCTA5 52233
52235,889,78406,ZCTA5 52235
52236,512,82708,ZCTA5 52236
52237,1623,81796,ZCTA5 52237
52240,36475,52727,ZCTA5 52240
52241,22494,67691,ZCTA5 52241
52242,4140,41776,ZCTA5 52242
52245,22088,75455,ZCTA5 52245
52246,22340,51627,ZCTA5 52246
52247,5222,79476,ZCTA5 52247
52248,1655,77500,ZCTA5 52248
52249,960,75313,ZCTA5 52249
52251,551,71875,ZCTA5 52251
52252,126,110893,ZCTA5 52252
52253,2764,86875,ZCTA5 52253
52254,906,53750,ZCTA5 52254
52255,1166,63512,ZCTA5 52255
52257,241,118750,ZCTA5 52257
52301,4099,66553,ZCTA5 52301
52302,42803,82242,ZCTA5 52302
52305,869,88851,ZCTA5 52305
52306,1300,66458,ZCTA5 52306
52307,48,41290,ZCTA5 52307
52308,155,74531,ZCTA5 52308
52309,556,74514,ZCTA5 52309
52310,6286,70028,ZCTA5 52310
52312,49,35625,ZCTA5 52312
52313,405,86827,ZCTA5 52313
52314,6011,99982,ZCTA5 52314
52315,1297,72548,ZCTA5 52315
52316,1298,55043,ZCTA5 52316
52317,22119,102809,ZCTA5 52317
52318,1045,95682,ZCTA5 52318
52320,1290,64479,ZCTA5 52320
52321,458,58750,ZCTA5 52321
52322,1913,60101,ZCTA5 52322
52323,1087,53239,ZCTA5 52323
52324,2139,113098,ZCTA5 52324
52325,460,70750,ZCTA5 52325
52326,727,66875,ZCTA5 52326
52327,3691,80642,ZCTA5 52327
52328,2962,129615,ZCTA5 52328
52329,757,69861,ZCTA5 52329
52330,943,96442,ZCTA5 52330
52332,1819,86250,ZCTA5 52332
52333,7237,113654,ZCTA5 52333
52334,259,116477,ZCTA5 52334
52335,604,48600,ZCTA5 52335
52336,2442,88571,ZCTA5 52336
52337,803,60833,ZCTA5 52337
52338,3886,117143,ZCTA5 52338
52339,4120,58911,ZCTA5 52339
52340,5192,95048,ZCTA5 52340
52341,1154,103640,ZCTA5 52341
52342,2875,57759,ZCTA5 52342
52344,100,,ZCTA5 52344
52345,1578,107813,ZCTA5 52345
52346,1119,105236,ZCTA5 52346
52347,1367,67159,ZCTA5 52347
52348,79,85781,ZCTA5 52348
52349,7665,68281,ZCTA5 52349
52351,1434,108864,ZCTA5 52351
52352,1775,87708,ZCTA5 52352
52353,8930,60409,ZCTA5 52353
52354,243,92656,ZCTA5 52354
52355,289,46250,ZCTA5 52355
52356,2577,57193,ZCTA5 52356
52358,4096,76398,ZCTA5 52358
52359,422,69141,ZCTA5 52359
52361,4784,68333,ZCTA5 52361
52362,882,67250,ZCTA5 52362
52401,2172,42772,ZCTA5 52401
52402,42648,71048,ZCTA5 52402
52403,24191,75791,ZCTA5 52403
52404,41433,61783,ZCTA5 52404
52405,26259,64279,ZCTA5 52405
52411,8242,163274,ZCTA5 52411
52501,30535,55801,ZCTA5 52501
52530,887,55250,ZCTA5 52530
52531,5856,75000,ZCTA5 52531
52533,1058,54135,ZCTA5 52533
52534,420,54625,ZCTA5 52534
52535,859,65188,ZCTA5 52535
52536,701,52900,ZCTA5 52536
52537,6766,82566,ZCTA5 52537
52540,1230,56908,ZCTA5 52540
52542,436,47188,ZCTA5 52542
52543,420,72813,ZCTA5 52543
52544,7873,43810,ZCTA5 52544
52548,67,61375,ZCTA5 52548
52549,623,58333,ZCTA5 52549
52550,640,52853,ZCTA5 52550
52551,648,90184,ZCTA5 52551
52552,1012,58105,ZCTA5 52552
52553,1856,59357,ZCTA5 52553
52554,1057,52407,ZCTA5 52554
52555,199,56563,ZCTA5 52555
52556,11647,49840,ZCTA5 52556
52557,587,,ZCTA5 52557
52560,275,97625,ZCTA5 52560
52561,1054,54821,ZCTA5 52561
52562,68,38750,ZCTA5 52562
52563,1770,90313,ZCTA5 52563
52565,1920,56848,ZCTA5 52565
52566,262,70000,ZCTA5 52566
52567,449,72353,ZCTA5 52567
52568,84,35833,ZCTA5 52568
52569,630,57422,ZCTA5 52569
52570,1012,72593,ZCTA5 52570
52571,1430,86086,ZCTA5 52571
52572,1051,58684,ZCTA5 52572
52573,201,,ZCTA5 52573
52574,553,59643,ZCTA5 52574
52576,402,74821,ZCTA5 52576
52577,14437,63961,ZCTA5 52577
52580,726,46250,ZCTA5 52580
52581,275,60000,ZCTA5 52581
52583,447,83523,ZCTA5 52583
52584,846,69479,ZCTA5 52584
52585,795,71343,ZCTA5 52585
52586,619,42235,ZCTA5 52586
52588,58,,ZCTA5 52588
52590,1305,47344,ZCTA5 52590
52591,2674,58106,ZCTA5 52591
52593,145,96875,ZCTA5 52593
52594,588,83026,ZCTA5 52594
52595,539,62500,ZCTA5 52595
52601,27592,53827,ZCTA5 52601
52619,573,,ZCTA5 52619
52620,878,64803,ZCTA5 52620
52621,899,98125,ZCTA5 52621
52623,1963,84375,ZCTA5 52623
52624,581,142188,ZCTA5 52624
52625,2204,73352,ZCTA5 52625
52626,1198,57400,ZCTA5 52626
52627,12719,56533,ZCTA5 52627
52630,230,40833,ZCTA5 52630
52631,61,107500,ZCTA5 52631
52632,12087,49639,ZCTA5 52632
52635,946,63088,ZCTA5 52635
52637,2994,73442,ZCTA5 52637
52638,516,63036,ZCTA5 52638
52639,1560,68333,ZCTA5 52639
52640,1366,73264,ZCTA5 52640
52641,12812,62790,ZCTA5 52641
52644,473,72563,ZCTA5 52644
52645,3801,64250,ZCTA5 52645
52646,293,61250,ZCTA5 52646
52647,150,64583,ZCTA5 52647
52649,760,65268,ZCTA5 52649
52650,748,97899,ZCTA5 52650
52651,430,45417,ZCTA5 52651
52652,87,,ZCTA5 52652
52653,3109,71190,ZCTA5 52653
52654,1522,80313,ZCTA5 52654
52655,4174,51927,ZCTA5 52655
52656,2295,78272,ZCTA5 52656
52657,65,83250,ZCTA5 52657
52658,929,68438,ZCTA5 52658
52659,1336,50667,ZCTA5 52659
52660,278,,ZCTA5 52660
52701,121,,ZCTA5 52701
52720,884,81806,ZCTA5 52720
52721,846,79375,ZCTA5 52721
52722,40639,102036,ZCTA5 52722
52726,5113,101875,ZCTA5 52726
52727,375,61806,ZCTA5 52727
52728,888,74333,ZCTA5 52728
52729,914,78750,ZCTA5 52729
52730,5042,61431,ZCTA5 52730
52731,777,84519,ZCTA5 52731
52732,25984,55714,ZCTA5 52732
52737,274,63750,ZCTA5 52737
52738,3389,74043,ZCTA5 52738
52739,843,76875,ZCTA5 52739
52742,7581,86164,ZCTA5 52742
52745,461,89375,ZCTA5 52745
52746,1236,107500,ZCTA5 52746
52747,2055,81641,ZCTA5 52747
52748,9737,95899,ZCTA5 52748
52749,1127,97015,ZCTA5 52749
52750,513,84250,ZCTA5 52750
52751,985,65455,ZCTA5 52751
52752,364,52969,ZCTA5 52752
52753,6108,95271,ZCTA5 52753
52754,1501,94352,ZCTA5 52754
52755,2227,91875,ZCTA5 52755
52756,1505,113438,ZCTA5 52756
52757,239,61563,ZCTA5 52757
52758,266,63438,ZCTA5 52758
52759,101,76146,ZCTA5 52759
52760,679,72837,ZCTA5 52760
52761,30357,63371,ZCTA5 52761
52765,360,86000,ZCTA5 52765
52766,763,68750,ZCTA5 52766
52767,394,78958,ZCTA5 52767
52768,1288,89271,ZCTA5 52768
52769,522,92917,ZCTA5 52769
52771,55,59625,ZCTA5 52771
52772,5289,78986,ZCTA5 52772
52773,2638,81713,ZCTA5 52773
52774,141,71042,ZCTA5 52774
52776,4979,70450,ZCTA5 52776
52777,1261,45417,ZCTA5 52777
52778,3661,69792,ZCTA5 52778
52801,1598,24255,ZCTA5 52801
52802,9557,47170,ZCTA5 52802
52803,21558,60420,ZCTA5 52803
52804,26812,59090,ZCTA5 52804
52806,27733,68863,ZCTA5 52806
52807,16806,66332,ZCTA5 52807
53001,1774,86522,ZCTA5 53001
53002,2389,89567,ZCTA5 53002
53003,96,52250,ZCTA5 53003
53004,3596,81908,ZCTA5 53004
53005,21624,120988,ZCTA5 53005
53006,1901,82045,ZCTA5 53006
53007,1906,53051,ZCTA5 53007
53010,7545,93365,ZCTA5 53010
53011,2106,84792,ZCTA5 53011
53012,18721,94079,ZCTA5 53012
53013,3726,85676,ZCTA5 53013
53014,7977,69703,ZCTA5 53014
53015,2921,82308,ZCTA5 53015
53016,387,68229,ZCTA5 53016
53017,5369,141250,ZCTA5 53017
53018,7813,118750,ZCTA5 53018
53019,1761,92396,ZCTA5 53019
53020,3589,84762,ZCTA5 53020
53021,4428,81859,ZCTA5 53021
53022,19903,102103,ZCTA5 53022
53023,1277,81786,ZCTA5 53023
53024,18752,87067,ZCTA5 53024
53027,23394,78774,ZCTA5 53027
53029,21325,108543,ZCTA5 53029
53031,61,111000,ZCTA5 53031
53032,4995,52028,ZCTA5 53032
53033,5994,115625,ZCTA5 53033
53034,1682,75893,ZCTA5 53034
53035,2440,90625,ZCTA5 53035
53036,3140,82467,ZCTA5 53036
53037,10005,94212,ZCTA5 53037
53038,4323,91229,ZCTA5 53038
53039,4853,78482,ZCTA5 53039
53040,8146,97841,ZCTA5 53040
53042,6654,81196,ZCTA5 53042
53044,2267,128036,ZCTA5 53044
53045,23292,115202,ZCTA5 53045
53046,1351,75675,ZCTA5 53046
53047,134,76445,ZCTA5 53047
53048,3544,65819,ZCTA5 53048
53049,2325,85648,ZCTA5 53049
53050,7070,65283,ZCTA5 53050
53051,38639,97115,ZCTA5 53051
53057,1846,98750,ZCTA5 53057
53058,3177,117250,ZCTA5 53058
53059,1964,85305,ZCTA5 53059
53061,4902,62099,ZCTA5 53061
53063,1749,83500,ZCTA5 53063
53065,2383,110938,ZCTA5 53065
53066,36973,108292,ZCTA5 53066
53069,654,123620,ZCTA5 53069
53070,4815,83972,ZCTA5 53070
53072,26653,94704,ZCTA5 53072
53073,16136,74176,ZCTA5 53073
53074,13343,74348,ZCTA5 53074
53075,3327,81387,ZCTA5 53075
53076,3342,110163,ZCTA5 53076
53078,1811,91929,ZCTA5 53078
53079,1310,76250,ZCTA5 53079
53080,5190,72883,ZCTA5 53080
53081,43042,59010,ZCTA5 53081
53083,22022,75455,ZCTA5 53083
53085,11632,70233,ZCTA5 53085
53086,9100,95110,ZCTA5 53086
53088,230,56364,ZCTA5 53088
53089,19817,106921,ZCTA5 53089
53090,21764,85836,ZCTA5 53090
53091,2177,75833,ZCTA5 53091
53092,21161,121994,ZCTA5 53092
53093,2007,88850,ZCTA5 53093
53094,18507,71883,ZCTA5 53094
53095,27641,77397,ZCTA5 53095
53097,7220,148633,ZCTA5 53097
53098,11586,68618,ZCTA5 53098
53099,3,,ZCTA5 53099
53103,3621,132598,ZCTA5 53103
53104,5626,101380,ZCTA5 53104
53105,29217,86787,ZCTA5 53105
53108,2867,99514,ZCTA5 53108
53110,18087,66592,ZCTA5 53110
53114,2219,70000,ZCTA5 53114
53115,16098,69189,ZCTA5 53115
53118,7154,102054,ZCTA5 53118
53119,5717,117743,ZCTA5 53119
53120,10889,91575,ZCTA5 53120
53121,18868,82308,ZCTA5 53121
53122,6461,127157,ZCTA5 53122
53125,1738,104318,ZCTA5 53125
53126,7012,95568,ZCTA5 53126
53127,124,145402,ZCTA5 53127
53128,9185,88033,ZCTA5 53128
53129,14683,90119,ZCTA5 53129
53130,7699,83929,ZCTA5 53130
53132,36094,103225,ZCTA5 53132
53137,1490,107917,ZCTA5 53137
53139,2163,97614,ZCTA5 53139
53140,30078,55496,ZCTA5 53140
53142,33701,83073,ZCTA5 53142
53143,21815,62608,ZCTA5 53143
53144,26422,63110,ZCTA5 53144
53146,7746,91123,ZCTA5 53146
53147,17842,76225,ZCTA5 53147
53149,19533,112002,ZCTA5 53149
53150,26047,109887,ZCTA5 53150
53151,32507,96250,ZCTA5 53151
53153,2740,140568,ZCTA5 53153
53154,36286,86408,ZCTA5 53154
53156,3433,75795,ZCTA5 53156
53157,0,,ZCTA5 53157
53158,17914,104163,ZCTA5 53158
53167,319,42763,ZCTA5 53167
53168,9337,96422,ZCTA5 53168
53170,2124,79338,ZCTA5 53170
53172,20678,68801,ZCTA5 53172
53176,145,,ZCTA5 53176
53177,8434,77925,ZCTA5 53177
53178,2749,87625,ZCTA5 53178
53179,6812,91489,ZCTA5 53179
53181,7895,93539,ZCTA5 53181
53182,9498,102464,ZCTA5 53182
53183,3081,112857,ZCTA5 53183
53184,4100,71654,ZCTA5 53184
53185,18578,101188,ZCTA5 53185
53186,33672,69602,ZCTA5 53186
53188,34078,84409,ZCTA5 53188
53189,26640,110798,ZCTA5 53189
53190,20500,56923,ZCTA5 53190
53191,3268,62003,ZCTA5 53191
53192,129,,ZCTA5 53192
53195,118,71354,ZCTA5 53195
53202,25850,62505,ZCTA5 53202
53203,2025,86895,ZCTA5 53203
53204,39203,41623,ZCTA5 53204
53205,8683,25847,ZCTA5 53205
53206,20481,27461,ZCTA5 53206
53207,34767,74073,ZCTA5 53207
53208,27660,44348,ZCTA5 53208
53209,46441,42436,ZCTA5 53209
53210,24061,41667,ZCTA5 53210
53211,34775,73783,ZCTA5 53211
53212,29292,43803,ZCTA5 53212
53213,26908,93702,ZCTA5 53213
53214,34892,59050,ZCTA5 53214
53215,59400,49091,ZCTA5 53215
53216,31030,41733,ZCTA5 53216
53217,30132,124338,ZCTA5 53217
53218,41775,41478,ZCTA5 53218
53219,35223,68332,ZCTA5 53219
53220,26931,68421,ZCTA5 53220
53221,39066,57143,ZCTA5 53221
53222,24467,71283,ZCTA5 53222
53223,28899,57120,ZCTA5 53223
53224,21469,63763,ZCTA5 53224
53225,25953,51082,ZCTA5 53225
53226,18595,87018,ZCTA5 53226
53227,23263,68533,ZCTA5 53227
53228,15162,72163,ZCTA5 53228
53233,13818,17746,ZCTA5 53233
53235,9288,51749,ZCTA5 53235
53295,157,,ZCTA5 53295
53402,35296,70886,ZCTA5 53402
53403,26879,55811,ZCTA5 53403
53404,13089,46315,ZCTA5 53404
53405,27199,63782,ZCTA5 53405
53406,25994,73636,ZCTA5 53406
53501,249,61523,ZCTA5 53501
53502,2464,77679,ZCTA5 53502
53503,1954,80781,ZCTA5 53503
53504,2229,74038,ZCTA5 53504
53505,368,123250,ZCTA5 53505
53506,963,55833,ZCTA5 53506
53507,2415,116016,ZCTA5 53507
53508,5858,95743,ZCTA5 53508
53510,1453,82788,ZCTA5 53510
53511,48749,61825,ZCTA5 53511
53515,2666,81324,ZCTA5 53515
53516,2146,80341,ZCTA5 53516
53517,1821,75833,ZCTA5 53517
53518,1508,56528,ZCTA5 53518
53520,6709,71836,ZCTA5 53520
53521,3587,97321,ZCTA5 53521
53522,893,74167,ZCTA5 53522
53523,5091,95822,ZCTA5 53523
53525,4024,72500,ZCTA5 53525
53526,559,75000,ZCTA5 53526
53527,11182,113262,ZCTA5 53527
53528,6256,99224,ZCTA5 53528
53529,2549,92250,ZCTA5 53529
53530,4689,65172,ZCTA5 53530
53531,4010,97292,ZCTA5 53531
53532,16406,103440,ZCTA5 53532
53533,7397,76250,ZCTA5 53533
53534,12306,85828,ZCTA5 53534
53536,9073,83873,ZCTA5 53536
53537,871,60750,ZCTA5 53537
53538,18535,77530,ZCTA5 53538
53540,121,55000,ZCTA5 53540
53541,833,57500,ZCTA5 53541
53543,1746,81136,ZCTA5 53543
53544,825,96250,ZCTA5 53544
53545,24037,68849,ZCTA5 53545
53546,29352,70317,ZCTA5 53546
53548,20119,70082,ZCTA5 53548
53549,9902,70438,ZCTA5 53549
53550,1163,72132,ZCTA5 53550
53551,9417,83795,ZCTA5 53551
53553,612,57500,ZCTA5 53553
53554,983,63636,ZCTA5 53554
53555,8706,109403,ZCTA5 53555
53556,2326,61615,ZCTA5 53556
53557,406,88142,ZCTA5 53557
53558,12830,98160,ZCTA5 53558
53559,6165,90548,ZCTA5 53559
53560,3497,92788,ZCTA5 53560
53561,1891,95000,ZCTA5 53561
53562,29161,96515,ZCTA5 53562
53563,11587,83302,ZCTA5 53563
53565,4549,79180,ZCTA5 53565
53566,15037,67959,ZCTA5 53566
53569,907,70750,ZCTA5 53569
53570,2654,79821,ZCTA5 53570
53571,68,,ZCTA5 53571
53572,10350,100260,ZCTA5 53572
53573,3038,61630,ZCTA5 53573
53574,4151,94227,ZCTA5 53574
53575,17928,104647,ZCTA5 53575
53576,2359,69545,ZCTA5 53576
53577,1300,84375,ZCTA5 53577
53578,6392,95000,ZCTA5 53578
53579,1736,72688,ZCTA5 53579
53580,487,55000,ZCTA5 53580
53581,10169,61186,ZCTA5 53581
53582,1182,80625,ZCTA5 53582
53583,6123,86583,ZCTA5 53583
53584,10,,ZCTA5 53584
53585,2250,68448,ZCTA5 53585
53586,2162,64559,ZCTA5 53586
53587,1226,75774,ZCTA5 53587
53588,3741,81275,ZCTA5 53588
53589,19908,82668,ZCTA5 53589
53590,43423,96762,ZCTA5 53590
53593,28074,130289,ZCTA5 53593
53594,5059,73611,ZCTA5 53594
53597,20517,113129,ZCTA5 53597
53598,3750,98929,ZCTA5 53598
53599,99,,ZCTA5 53599
53703,37944,45623,ZCTA5 53703
53704,47079,71609,ZCTA5 53704
53705,24936,79253,ZCTA5 53705
53706,3684,,ZCTA5 53706
53711,49749,98161,ZCTA5 53711
53713,23366,53452,ZCTA5 53713
53714,15983,61487,ZCTA5 53714
53715,16072,37392,ZCTA5 53715
53716,18846,86538,ZCTA5 53716
53717,12892,95098,ZCTA5 53717
53718,17788,88405,ZCTA5 53718
53719,33006,90962,ZCTA5 53719
53726,5457,44911,ZCTA5 53726
53792,0,,ZCTA5 53792
53801,1034,57273,ZCTA5 53801
53802,134,66875,ZCTA5 53802
53803,1263,60156,ZCTA5 53803
53804,1346,71563,ZCTA5 53804
53805,5613,54154,ZCTA5 53805
53806,1604,58500,ZCTA5 53806
53807,4315,72107,ZCTA5 53807
53808,936,65282,ZCTA5 53808
53809,4721,63571,ZCTA5 53809
53810,316,67727,ZCTA5 53810
53811,3197,74476,ZCTA5 53811
53812,311,102679,ZCTA5 53812
53813,6211,78965,ZCTA5 53813
53816,905,70179,ZCTA5 53816
53817,225,45250,ZCTA5 53817
53818,15712,55938,ZCTA5 53818
53820,2314,69375,ZCTA5 53820
53821,7714,57271,ZCTA5 53821
53825,468,75750,ZCTA5 53825
53826,1419,65104,ZCTA5 53826
53827,361,67917,ZCTA5 53827
53901,14978,67622,ZCTA5 53901
53910,3710,46324,ZCTA5 53910
53911,1433,97788,ZCTA5 53911
53913,21346,68335,ZCTA5 53913
53916,23045,70716,ZCTA5 53916
53919,2224,88826,ZCTA5 53919
53920,477,81875,ZCTA5 53920
53922,1074,84929,ZCTA5 53922
53923,2224,68750,ZCTA5 53923
53924,1306,61563,ZCTA5 53924
53925,8810,80978,ZCTA5 53925
53926,1871,57143,ZCTA5 53926
53928,102,79375,ZCTA5 53928
53929,2856,63284,ZCTA5 53929
53930,1244,72344,ZCTA5 53930
53931,339,67083,ZCTA5 53931
53932,2448,78929,ZCTA5 53932
53933,3851,77684,ZCTA5 53933
53934,4206,43188,ZCTA5 53934
53935,261,73125,ZCTA5 53935
53936,1285,55729,ZCTA5 53936
53937,1069,79306,ZCTA5 53937
53939,302,75500,ZCTA5 53939
53940,0,,ZCTA5 53940
53941,3144,77731,ZCTA5 53941
53942,142,103500,ZCTA5 53942
53943,1284,73092,ZCTA5 53943
53944,2478,67794,ZCTA5 53944
53946,4174,72000,ZCTA5 53946
53947,350,47500,ZCTA5 53947
53948,8378,59725,ZCTA5 53948
53949,6246,58438,ZCTA5 53949
53950,5419,66180,ZCTA5 53950
53951,2466,61957,ZCTA5 53951
53952,3688,60331,ZCTA5 53952
53953,188,41042,ZCTA5 53953
53954,6782,77094,ZCTA5 53954
53955,5806,95655,ZCTA5 53955
53956,3035,75600,ZCTA5 53956
53959,14294,71897,ZCTA5 53959
53960,3219,77031,ZCTA5 53960
53961,922,76544,ZCTA5 53961
53962,25,,ZCTA5 53962
53963,13907,72098,ZCTA5 53963
53964,3539,65128,ZCTA5 53964
53965,11244,65861,ZCTA5 53965
53968,2411,67604,ZCTA5 53968
53969,324,71389,ZCTA5 53969
54001,7839,80556,ZCTA5 54001
54002,6791,81401,ZCTA5 54002
54003,1152,104583,ZCTA5 54003
54004,2186,63224,ZCTA5 54004
54005,3051,79595,ZCTA5 54005
54006,791,71429,ZCTA5 54006
54007,1042,78750,ZCTA5 54007
54009,2677,84583,ZCTA5 54009
54011,6925,85679,ZCTA5 54011
54013,3428,86332,ZCTA5 54013
54014,2043,95592,ZCTA5 54014
54015,3863,104511,ZCTA5 54015
54016,33465,109871,ZCTA5 54016
54017,19652,93829,ZCTA5 54017
54020,7880,80353,ZCTA5 54020
54021,7209,92708,ZCTA5 54021
54022,23964,83610,ZCTA5 54022
54023,4715,102072,ZCTA5 54023
54024,4958,75587,ZCTA5 54024
54025,7200,89596,ZCTA5 54025
54026,2130,88051,ZCTA5 54026
54027,1107,90625,ZCTA5 54027
54028,2675,78828,ZCTA5 54028
54082,1805,127422,ZCTA5 54082
54101,3105,89674,ZCTA5 54101
54102,733,43295,ZCTA5 54102
54103,499,52443,ZCTA5 54103
54104,1096,52243,ZCTA5 54104
54106,5239,85818,ZCTA5 54106
54107,3630,71641,ZCTA5 54107
54110,5699,78482,ZCTA5 54110
54111,2080,65563,ZCTA5 54111
54112,2714,67583,ZCTA5 54112
54113,3620,89375,ZCTA5 54113
54114,5843,57867,ZCTA5 54114
54115,48796,88592,ZCTA5 54115
54119,678,61500,ZCTA5 54119
54120,182,49375,ZCTA5 54120
54121,3165,55274,ZCTA5 54121
54123,208,59063,ZCTA5 54123
54124,3367,62574,ZCTA5 54124
54125,446,53448,ZCTA5 54125
54126,4133,92969,ZCTA5 54126
54127,59,93750,ZCTA5 54127
54128,2101,56893,ZCTA5 54128
54129,3400,75083,ZCTA5 54129
54130,27959,81917,ZCTA5 54130
54135,3053,62407,ZCTA5 54135
54136,6859,64137,ZCTA5 54136
54137,1085,83333,ZCTA5 54137
54138,864,57679,ZCTA5 54138
54139,3267,76250,ZCTA5 54139
54140,8371,67911,ZCTA5 54140
54141,2643,95800,ZCTA5 54141
54143,14993,61495,ZCTA5 54143
54149,1206,49526,ZCTA5 54149
54150,1170,54875,ZCTA5 54150
54151,3484,63088,ZCTA5 54151
54152,230,58750,ZCTA5 54152
54153,7085,69148,ZCTA5 54153
54154,5657,57108,ZCTA5 54154
54155,7997,97458,ZCTA5 54155
54156,1467,46250,ZCTA5 54156
54157,6300,66349,ZCTA5 54157
54159,1385,60714,ZCTA5 54159
54160,229,64688,ZCTA5 54160
54161,2559,61989,ZCTA5 54161
54162,9416,81582,ZCTA5 54162
54165,7827,80702,ZCTA5 54165
54166,16657,62578,ZCTA5 54166
54169,3198,127188,ZCTA5 54169
54170,3654,76000,ZCTA5 54170
54171,3903,104844,ZCTA5 54171
54173,3523,98007,ZCTA5 54173
54174,3069,69250,ZCTA5 54174
54175,1115,81759,ZCTA5 54175
54177,2691,56435,ZCTA5 54177
54180,3221,89643,ZCTA5 54180
54201,5290,71371,ZCTA5 54201
54202,1588,69071,ZCTA5 54202
54204,1939,79115,ZCTA5 54204
54205,2184,85809,ZCTA5 54205
54207,163,67500,ZCTA5 54207
54208,6078,86484,ZCTA5 54208
54209,1556,67266,ZCTA5 54209
54210,783,67222,ZCTA5 54210
54211,299,72083,ZCTA5 54211
54212,854,81563,ZCTA5 54212
54213,1453,82059,ZCTA5 54213
54214,478,80833,ZCTA5 54214
54215,183,38438,ZCTA5 54215
54216,6106,75093,ZCTA5 54216
54217,7636,82206,ZCTA5 54217
54220,40562,62813,ZCTA5 54220
54227,1675,79883,ZCTA5 54227
54228,2830,70893,ZCTA5 54228
54229,4926,87971,ZCTA5 54229
54230,4377,77841,ZCTA5 54230
54232,857,46786,ZCTA5 54232
54234,2105,64671,ZCTA5 54234
54235,18008,65986,ZCTA5 54235
54241,14198,61346,ZCTA5 54241
54245,1945,85197,ZCTA5 54245
54246,864,61875,ZCTA5 54246
54247,2425,73429,ZCTA5 54247
54301,22116,73395,ZCTA5 54301
54302,31428,53651,ZCTA5 54302
54303,27366,51573,ZCTA5 54303
54304,27859,57061,ZCTA5 54304
54307,1130,,ZCTA5 54307
54311,37187,80361,ZCTA5 54311
54313,40653,107218,ZCTA5 54313
54401,31292,64799,ZCTA5 54401
54403,24874,65515,ZCTA5 54403
54405,2843,61625,ZCTA5 54405
54406,3783,73947,ZCTA5 54406
54407,1363,91719,ZCTA5 54407
54408,1235,70167,ZCTA5 54408
54409,12916,53976,ZCTA5 54409
54410,2410,73750,ZCTA5 54410
54411,4943,74323,ZCTA5 54411
54412,2062,78944,ZCTA5 54412
54413,204,58125,ZCTA5 54413
54414,3541,70500,ZCTA5 54414
54416,1605,55982,ZCTA5 54416
54417,6,,ZCTA5 54417
54418,1050,78056,ZCTA5 54418
54420,1434,74848,ZCTA5 54420
54421,3831,59783,ZCTA5 54421
54422,1355,57583,ZCTA5 54422
54423,2140,112083,ZCTA5 54423
54424,1568,75071,ZCTA5 54424
54425,1973,59722,ZCTA5 54425
54426,4285,74545,ZCTA5 54426
54427,1117,70625,ZCTA5 54427
54428,982,47476,ZCTA5 54428
54430,106,53750,ZCTA5 54430
54433,1870,62589,ZCTA5 54433
54435,2020,76667,ZCTA5 54435
54436,2205,62644,ZCTA5 54436
54437,3064,60711,ZCTA5 54437
54440,2699,78816,ZCTA5 54440
54441,849,86417,ZCTA5 54441
54442,1584,62500,ZCTA5 54442
54443,2140,99423,ZCTA5 54443
54446,3461,67847,ZCTA5 54446
54447,479,45227,ZCTA5 54447
54448,4225,91364,ZCTA5 54448
54449,26149,64556,ZCTA5 54449
54450,475,68478,ZCTA5 54450
54451,10988,62885,ZCTA5 54451
54452,18854,63256,ZCTA5 54452
54454,1373,77500,ZCTA5 54454
54455,19168,92109,ZCTA5 54455
54456,5732,62965,ZCTA5 54456
54457,8067,66866,ZCTA5 54457
54458,110,56250,ZCTA5 54458
54459,1296,54524,ZCTA5 54459
54460,2733,63553,ZCTA5 54460
54462,376,72768,ZCTA5 54462
54463,754,51845,ZCTA5 54463
54464,69,,ZCTA5 54464
54465,720,52500,ZCTA5 54465
54466,2663,63553,ZCTA5 54466
54467,14739,76295,ZCTA5 54467
54469,1857,72431,ZCTA5 54469
54470,2122,57111,ZCTA5 54470
54471,1643,84327,ZCTA5 54471
54473,2525,71974,ZCTA5 54473
54474,4209,78036,ZCTA5 54474
54475,1339,81908,ZCTA5 54475
54476,19767,72301,ZCTA5 54476
54479,3607,76250,ZCTA5 54479
54480,1416,54583,ZCTA5 54480
54481,27544,55922,ZCTA5 54481
54482,9673,93958,ZCTA5 54482
54484,5557,66921,ZCTA5 54484
54485,382,63250,ZCTA5 54485
54486,2063,55711,ZCTA5 54486
54487,9681,71886,ZCTA5 54487
54488,1137,61563,ZCTA5 54488
54489,1491,59297,ZCTA5 54489
54490,995,62614,ZCTA5 54490
54491,1502,47422,ZCTA5 54491
54493,561,66250,ZCTA5 54493
54494,27267,66941,ZCTA5 54494
54495,8153,49149,ZCTA5 54495
54498,2343,63690,ZCTA5 54498
54499,2799,63009,ZCTA5 54499
54501,21174,64114,ZCTA5 54501
54511,1428,57255,ZCTA5 54511
54512,1487,70329,ZCTA5 54512
54513,435,58848,ZCTA5 54513
54514,1946,71328,ZCTA5 54514
54515,599,55000,ZCTA5 54515
54517,183,68971,ZCTA5 54517
54519,1270,57424,ZCTA5 54519
54520,3889,54720,ZCTA5 54520
54521,8424,68850,ZCTA5 54521
54524,698,42321,ZCTA5 54524
54525,279,56042,ZCTA5 54525
54526,677,47188,ZCTA5 54526
54527,889,48750,ZCTA5 54527
54529,1157,65313,ZCTA5 54529
54530,715,45179,ZCTA5 54530
54531,1308,75391,ZCTA5 54531
54534,2545,47955,ZCTA5 54534
54536,194,55156,ZCTA5 54536
54537,611,53750,ZCTA5 54537
54538,2969,48305,ZCTA5 54538
54539,1300,74318,ZCTA5 54539
54540,915,57656,ZCTA5 54540
54541,1445,54539,ZCTA5 54541
54542,648,45469,ZCTA5 54542
54545,852,72917,ZCTA5 54545
54546,1131,60714,ZCTA5 54546
54547,1394,62616,ZCTA5 54547
54548,5617,66913,ZCTA5 54548
54550,623,56250,ZCTA5 54550
54552,4386,54239,ZCTA5 54552
54554,1103,54750,ZCTA5 54554
54555,4756,56139,ZCTA5 54555
54556,1091,52727,ZCTA5 54556
54557,1043,93984,ZCTA5 54557
54558,2190,65875,ZCTA5 54558
54559,918,66172,ZCTA5 54559
54560,611,73750,ZCTA5 54560
54561,31,99375,ZCTA5 54561
54562,1880,53625,ZCTA5 54562
54563,830,77411,ZCTA5 54563
54564,417,44167,ZCTA5 54564
54565,42,37500,ZCTA5 54565
54566,1404,51164,ZCTA5 54566
54568,4932,67823,ZCTA5 54568
54601,51116,57500,ZCTA5 54601
54603,13780,52113,ZCTA5 54603
54610,1547,60625,ZCTA5 54610
54611,1337,67344,ZCTA5 54611
54612,5714,64348,ZCTA5 54612
54613,1929,42500,ZCTA5 54613
54614,2491,79559,ZCTA5 54614
54615,10978,59556,ZCTA5 54615
54616,2483,71346,ZCTA5 54616
54618,2264,69667,ZCTA5 54618
54619,3893,67632,ZCTA5 54619
54621,1371,85952,ZCTA5 54621
54622,1971,70556,ZCTA5 54622
54623,2003,80000,ZCTA5 54623
54624,1587,78409,ZCTA5 54624
54625,324,50705,ZCTA5 54625
54626,1372,60500,ZCTA5 54626
54627,2022,76875,ZCTA5 54627
54628,945,61875,ZCTA5 54628
54629,2471,72569,ZCTA5 54629
54630,4265,83313,ZCTA5 54630
54631,1830,61818,ZCTA5 54631
54632,1124,75804,ZCTA5 54632
54634,4288,55714,ZCTA5 54634
54635,1735,73281,ZCTA5 54635
54636,16541,90774,ZCTA5 54636
54637,158,71458,ZCTA5 54637
54638,1435,58333,ZCTA5 54638
54639,2445,52695,ZCTA5 54639
54642,2354,69472,ZCTA5 54642
54643,4,,ZCTA5 54643
54644,1365,71316,ZCTA5 54644
54645,117,45556,ZCTA5 54645
54646,3810,57723,ZCTA5 54646
54648,1730,71167,ZCTA5 54648
54650,24590,81847,ZCTA5 54650
54651,1231,63000,ZCTA5 54651
54652,1123,52679,ZCTA5 54652
54653,1210,65875,ZCTA5 54653
54654,128,,ZCTA5 54654
54655,1678,48750,ZCTA5 54655
54656,18008,66048,ZCTA5 54656
54657,359,56250,ZCTA5 54657
54658,2492,71250,ZCTA5 54658
54659,1259,68173,ZCTA5 54659
54660,16005,63876,ZCTA5 54660
54661,3877,73438,ZCTA5 54661
54664,1659,65893,ZCTA5 54664
54665,8843,64196,ZCTA5 54665
54666,2782,74648,ZCTA5 54666
54667,4980,67393,ZCTA5 54667
54669,8363,88434,ZCTA5 54669
54670,1934,83750,ZCTA5 54670
54701,41559,68841,ZCTA5 54701
54703,43618,67664,ZCTA5 54703
54720,8863,77567,ZCTA5 54720
54721,1364,72159,ZCTA5 54721
54722,3820,65469,ZCTA5 54722
54723,1007,78674,ZCTA5 54723
54724,7566,65679,ZCTA5 54724
54725,3043,67022,ZCTA5 54725
54726,1791,61875,ZCTA5 54726
54727,4881,69025,ZCTA5 54727
54728,5910,65472,ZCTA5 54728
54729,34192,71629,ZCTA5 54729
54730,5391,78662,ZCTA5 54730
54731,656,56458,ZCTA5 54731
54732,2842,61406,ZCTA5 54732
54733,1303,53641,ZCTA5 54733
54734,743,65625,ZCTA5 54734
54736,4258,68281,ZCTA5 54736
54737,555,80455,ZCTA5 54737
54738,3734,85179,ZCTA5 54738
54739,5165,88457,ZCTA5 54739
54740,1927,73697,ZCTA5 54740
54741,1899,68438,ZCTA5 54741
54742,5034,94667,ZCTA5 54742
54745,2271,68456,ZCTA5 54745
54746,659,60795,ZCTA5 54746
54747,2467,61827,ZCTA5 54747
54748,1325,72150,ZCTA5 54748
54749,1511,65625,ZCTA5 54749
54750,1091,85000,ZCTA5 54750
54751,25972,64092,ZCTA5 54751
54754,1569,57679,ZCTA5 54754
54755,7419,62184,ZCTA5 54755
54756,947,69231,ZCTA5 54756
54757,3533,64412,ZCTA5 54757
54758,4651,67107,ZCTA5 54758
54759,1459,78125,ZCTA5 54759
54760,169,51250,ZCTA5 54760
54761,1204,61786,ZCTA5 54761
54762,1253,60083,ZCTA5 54762
54763,1045,71000,ZCTA5 54763
54766,1871,61500,ZCTA5 54766
54767,3274,78250,ZCTA5 54767
54768,6642,59648,ZCTA5 54768
54769,508,68864,ZCTA5 54769
54770,2213,74297,ZCTA5 54770
54771,4317,66711,ZCTA5 54771
54772,1093,75114,ZCTA5 54772
54773,3556,69718,ZCTA5 54773
54801,6088,58277,ZCTA5 54801
54805,1589,57708,ZCTA5 54805
54806,11489,58429,ZCTA5 54806
54810,2810,65417,ZCTA5 54810
54812,5984,58801,ZCTA5 54812
54813,691,66053,ZCTA5 54813
54814,2810,65769,ZCTA5 54814
54817,2247,80455,ZCTA5 54817
54819,2387,54414,ZCTA5 54819
54820,799,63125,ZCTA5 54820
54821,1471,54932,ZCTA5 54821
54822,4817,67143,ZCTA5 54822
54824,2211,63720,ZCTA5 54824
54826,692,68250,ZCTA5 54826
54827,312,79583,ZCTA5 54827
54828,776,50625,ZCTA5 54828
54829,5706,56852,ZCTA5 54829
54830,3206,63039,ZCTA5 54830
54832,434,66875,ZCTA5 54832
54835,903,50625,ZCTA5 54835
54836,1048,83854,ZCTA5 54836
54837,3614,63646,ZCTA5 54837
54838,1223,73750,ZCTA5 54838
54839,327,57500,ZCTA5 54839
54840,4742,63893,ZCTA5 54840
54841,275,61111,ZCTA5 54841
54842,261,94583,ZCTA5 54842
54843,12919,57638,ZCTA5 54843
54844,255,62500,ZCTA5 54844
54845,129,43125,ZCTA5 54845
54846,645,67656,ZCTA5 54846
54847,2310,68646,ZCTA5 54847
54848,6016,56304,ZCTA5 54848
54849,1864,75625,ZCTA5 54849
54850,323,76250,ZCTA5 54850
54853,3704,65855,ZCTA5 54853
54854,902,77500,ZCTA5 54854
54855,942,57292,ZCTA5 54855
54856,1644,66958,ZCTA5 54856
54857,25,,ZCTA5 54857
54858,1539,49458,ZCTA5 54858
54859,2260,48375,ZCTA5 54859
54861,219,71667,ZCTA5 54861
54862,279,50000,ZCTA5 54862
54864,1506,78000,ZCTA5 54864
54865,539,56000,ZCTA5 54865
54867,536,39907,ZCTA5 54867
54868,15865,57049,ZCTA5 54868
54870,1756,64643,ZCTA5 54870
54871,3296,59732,ZCTA5 54871
54872,2823,52366,ZCTA5 54872
54873,3285,80362,ZCTA5 54873
54874,3721,76836,ZCTA5 54874
54875,1293,53750,ZCTA5 54875
54876,1757,70104,ZCTA5 54876
54880,30219,58546,ZCTA5 54880
54888,1296,62721,ZCTA5 54888
54889,2839,68594,ZCTA5 54889
54891,3338,62443,ZCTA5 54891
54893,3983,57165,ZCTA5 54893
54895,813,63482,ZCTA5 54895
54896,1498,56484,ZCTA5 54896
54901,37327,58499,ZCTA5 54901
54902,21706,64235,ZCTA5 54902
54904,22342,89023,ZCTA5 54904
54909,1988,73500,ZCTA5 54909
54911,25780,63643,ZCTA5 54911
54913,23600,98125,ZCTA5 54913
54914,31361,73546,ZCTA5 54914
54915,43815,81170,ZCTA5 54915
54921,1436,61250,ZCTA5 54921
54922,1088,70625,ZCTA5 54922
54923,8947,65369,ZCTA5 54923
54926,133,,ZCTA5 54926
54927,409,113542,ZCTA5 54927
54928,497,69632,ZCTA5 54928
54929,8915,61080,ZCTA5 54929
54930,1859,67788,ZCTA5 54930
54931,398,63462,ZCTA5 54931
54932,1307,105341,ZCTA5 54932
54933,285,28393,ZCTA5 54933
54935,42498,59938,ZCTA5 54935
54937,21029,77639,ZCTA5 54937
54940,4528,84132,ZCTA5 54940
54941,2453,66667,ZCTA5 54941
54942,10934,110350,ZCTA5 54942
54943,2247,57647,ZCTA5 54943
54944,9189,96629,ZCTA5 54944
54945,3401,67155,ZCTA5 54945
54946,480,,ZCTA5 54946
54947,2264,92357,ZCTA5 54947
54948,183,53438,ZCTA5 54948
54949,3341,76975,ZCTA5 54949
54950,2646,57156,ZCTA5 54950
54952,27042,65313,ZCTA5 54952
54956,46539,77375,ZCTA5 54956
54960,2613,53864,ZCTA5 54960
54961,14232,66040,ZCTA5 54961
54962,1100,76957,ZCTA5 54962
54963,7200,73125,ZCTA5 54963
54964,956,63750,ZCTA5 54964
54965,1212,66667,ZCTA5 54965
54966,2008,62188,ZCTA5 54966
54967,457,46953,ZCTA5 54967
54968,2751,60962,ZCTA5 54968
54970,3934,63516,ZCTA5 54970
54971,10758,64861,ZCTA5 54971
54974,1566,85625,ZCTA5 54974
54977,1450,69063,ZCTA5 54977
54978,83,102500,ZCTA5 54978
54979,1786,88068,ZCTA5 54979
54980,255,,ZCTA5 54980
54981,14902,75335,ZCTA5 54981
54982,7116,58350,ZCTA5 54982
54983,4383,65566,ZCTA5 54983
54984,3158,55250,ZCTA5 54984
54985,522,,ZCTA5 54985
54986,5410,86667,ZCTA5 54986
55001,2974,124423,ZCTA5 55001
55003,3902,105114,ZCTA5 55003
55005,4511,105625,ZCTA5 55005
55006,3593,60441,ZCTA5 55006
55007,2364,63393,ZCTA5 55007
55008,15589,80877,ZCTA5 55008
55009,8136,84236,ZCTA5 55009
55011,11003,126198,ZCTA5 55011
55012,2121,88472,ZCTA5 55012
55013,6854,100673,ZCTA5 55013
55014,28740,98305,ZCTA5 55014
55016,38842,117255,ZCTA5 55016
55017,949,74821,ZCTA5 55017
55018,954,94327,ZCTA5 55018
55019,2167,113250,ZCTA5 55019
55020,4319,140417,ZCTA5 55020
55021,30973,66742,ZCTA5 55021
55024,36697,116536,ZCTA5 55024
55025,25732,96006,ZCTA5 55025
55026,442,103125,ZCTA5 55026
55027,2871,87500,ZCTA5 55027
55029,65,58750,ZCTA5 55029
55030,1422,74545,ZCTA5 55030
55031,1880,105833,ZCTA5 55031
55032,3253,105045,ZCTA5 55032
55033,29454,98346,ZCTA5 55033
55036,40,26250,ZCTA5 55036
55037,5015,56544,ZCTA5 55037
55038,23764,122099,ZCTA5 55038
55040,14240,82440,ZCTA5 55040
55041,7559,76422,ZCTA5 55041
55042,12647,157923,ZCTA5 55042
55043,3540,96886,ZCTA5 55043
55044,61134,133085,ZCTA5 55044
55045,7781,108148,ZCTA5 55045
55046,5999,95027,ZCTA5 55046
55047,2296,105795,ZCTA5 55047
55049,2620,87940,ZCTA5 55049
55051,9591,68475,ZCTA5 55051
55052,1849,78958,ZCTA5 55052
55053,1037,94205,ZCTA5 55053
55054,2635,152500,ZCTA5 55054
55055,4163,62039,ZCTA5 55055
55056,14206,94631,ZCTA5 55056
55057,25307,90066,ZCTA5 55057
55060,29657,80313,ZCTA5 55060
55063,9214,70864,ZCTA5 55063
55065,1294,111250,ZCTA5 55065
55066,19002,68925,ZCTA5 55066
55068,31701,122785,ZCTA5 55068
55069,5837,69909,ZCTA5 55069
55070,8391,97808,ZCTA5 55070
55071,5895,93049,ZCTA5 55071
55072,4465,51474,ZCTA5 55072
55073,4061,124500,ZCTA5 55073
55074,2210,105500,ZCTA5 55074
55075,20647,82782,ZCTA5 55075
55076,21771,92946,ZCTA5 55076
55077,13910,104425,ZCTA5 55077
55079,8712,104770,ZCTA5 55079
55080,3231,98438,ZCTA5 55080
55082,36154,111571,ZCTA5 55082
55084,1962,84500,ZCTA5 55084
55085,430,95625,ZCTA5 55085
55087,414,121979,ZCTA5 55087
55088,1668,132917,ZCTA5 55088
55089,1753,94511,ZCTA5 55089
55090,376,66838,ZCTA5 55090
55092,11144,95492,ZCTA5 55092
55101,7575,75795,ZCTA5 55101
55102,19548,72216,ZCTA5 55102
55103,14212,45242,ZCTA5 55103
55104,44498,70280,ZCTA5 55104
55105,27299,112162,ZCTA5 55105
55106,57662,63179,ZCTA5 55106
55107,14841,70848,ZCTA5 55107
55108,15315,85318,ZCTA5 55108
55109,34220,79391,ZCTA5 55109
55110,37986,96300,ZCTA5 55110
55111,100,,ZCTA5 55111
55112,46095,91300,ZCTA5 55112
55113,41369,84854,ZCTA5 55113
55114,3588,68242,ZCTA5 55114
55115,8815,127950,ZCTA5 55115
55116,26595,75683,ZCTA5 55116
55117,45550,70010,ZCTA5 55117
55118,29026,82969,ZCTA5 55118
55119,45105,72411,ZCTA5 55119
55120,5194,105125,ZCTA5 55120
55121,8923,73396,ZCTA5 55121
55122,31494,90306,ZCTA5 55122
55123,27821,131344,ZCTA5 55123
55124,55594,97588,ZCTA5 55124
55125,45835,115704,ZCTA5 55125
55126,27482,105679,ZCTA5 55126
55127,18601,110767,ZCTA5 55127
55128,28811,85185,ZCTA5 55128
55129,29714,152532,ZCTA5 55129
55130,19613,49911,ZCTA5 55130
55150,140,104688,ZCTA5 55150
55155,0,,ZCTA5 55155
55301,13103,118639,ZCTA5 55301
55302,7178,83479,ZCTA5 55302
55303,52051,100722,ZCTA5 55303
55304,49175,120854,ZCTA5 55304
55305,21256,104380,ZCTA5 55305
55306,16378,94205,ZCTA5 55306
55307,3342,70066,ZCTA5 55307
55308,9617,101829,ZCTA5 55308
55309,20894,109588,ZCTA5 55309
55310,1487,69563,ZCTA5 55310
55311,37797,143375,ZCTA5 55311
55312,1458,88056,ZCTA5 55312
55313,25268,88893,ZCTA5 55313
55314,1073,70750,ZCTA5 55314
55315,6811,123563,ZCTA5 55315
55316,23666,113570,ZCTA5 55316
55317,21959,126455,ZCTA5 55317
55318,29647,103285,ZCTA5 55318
55319,5694,111810,ZCTA5 55319
55320,5572,98491,ZCTA5 55320
55321,5473,76287,ZCTA5 55321
55322,3596,107179,ZCTA5 55322
55324,1181,79837,ZCTA5 55324
55325,4653,86618,ZCTA5 55325
55327,5168,145278,ZCTA5 55327
55328,9730,109098,ZCTA5 55328
55329,2172,73100,ZCTA5 55329
55330,44149,108077,ZCTA5 55330
55331,19226,156308,ZCTA5 55331
55332,1752,60673,ZCTA5 55332
55333,750,70536,ZCTA5 55333
55334,2754,73625,ZCTA5 55334
55335,1617,52039,ZCTA5 55335
55336,8253,72201,ZCTA5 55336
55337,47697,83575,ZCTA5 55337
55338,1066,82589,ZCTA5 55338
55339,966,86786,ZCTA5 55339
55340,9414,169762,ZCTA5 55340
55341,3433,145156,ZCTA5 55341
55342,1819,61518,ZCTA5 55342
55343,26813,79726,ZCTA5 55343
55344,14759,90861,ZCTA5 55344
55345,21440,134288,ZCTA5 55345
55346,18048,134315,ZCTA5 55346
55347,30816,158475,ZCTA5 55347
55349,3536,93063,ZCTA5 55349
55350,18636,72133,ZCTA5 55350
55352,10256,111082,ZCTA5 55352
55353,3167,91818,ZCTA5 55353
55354,3184,92241,ZCTA5 55354
55355,9552,70167,ZCTA5 55355
55356,5965,166875,ZCTA5 55356
55357,3474,140967,ZCTA5 55357
55358,5486,90455,ZCTA5 55358
55359,7253,125435,ZCTA5 55359
55360,3204,114563,ZCTA5 55360
55362,19885,90873,ZCTA5 55362
55363,5508,88581,ZCTA5 55363
55364,14214,119063,ZCTA5 55364
55366,460,65278,ZCTA5 55366
55367,1038,89167,ZCTA5 55367
55368,1980,83472,ZCTA5 55368
55369,37983,109543,ZCTA5 55369
55370,658,96250,ZCTA5 55370
55371,17500,89238,ZCTA5 55371
55372,34184,137301,ZCTA5 55372
55373,5501,85538,ZCTA5 55373
55374,15777,147833,ZCTA5 55374
55375,4213,115685,ZCTA5 55375
55376,18591,123660,ZCTA5 55376
55378,32017,122652,ZCTA5 55378
55379,48318,103278,ZCTA5 55379
55381,1837,81103,ZCTA5 55381
55382,3509,90577,ZCTA5 55382
55384,1919,48684,ZCTA5 55384
55385,1259,71111,ZCTA5 55385
55386,9642,173536,ZCTA5 55386
55387,14409,104969,ZCTA5 55387
55388,5997,96198,ZCTA5 55388
55389,2675,86625,ZCTA5 55389
55390,3059,107960,ZCTA5 55390
55391,15773,147386,ZCTA5 55391
55395,2574,70262,ZCTA5 55395
55396,2135,67941,ZCTA5 55396
55397,3168,77250,ZCTA5 55397
55398,17343,104864,ZCTA5 55398
55401,11510,118188,ZCTA5 55401
55402,709,73508,ZCTA5 55402
55403,17161,58895,ZCTA5 55403
55404,28172,40817,ZCTA5 55404
55405,17099,66901,ZCTA5 55405
55406,35726,87751,ZCTA5 55406
55407,36997,74518,ZCTA5 55407
55408,32312,70158,ZCTA5 55408
55409,11235,94162,ZCTA5 55409
55410,20765,146724,ZCTA5 55410
55411,30625,48997,ZCTA5 55411
55412,25762,65856,ZCTA5 55412
55413,14076,78064,ZCTA5 55413
55414,33342,47479,ZCTA5 55414
55415,6120,128378,ZCTA5 55415
55416,34715,99383,ZCTA5 55416
55417,25900,117475,ZCTA5 55417
55418,30797,89955,ZCTA5 55418
55419,29730,135769,ZCTA5 55419
55420,23433,73527,ZCTA5 55420
55421,30787,71001,ZCTA5 55421
55422,28373,88712,ZCTA5 55422
55423,36859,80744,ZCTA5 55423
55424,10203,225119,ZCTA5 55424
55425,10868,65810,ZCTA5 55425
55426,25491,92245,ZCTA5 55426
55427,25908,89608,ZCTA5 55427
55428,32967,62087,ZCTA5 55428
55429,28392,65674,ZCTA5 55429
55430,23363,74368,ZCTA5 55430
55431,19477,105290,ZCTA5 55431
55432,32670,75288,ZCTA5 55432
55433,34126,77721,ZCTA5 55433
55434,32682,88593,ZCTA5 55434
55435,14053,71664,ZCTA5 55435
55436,14337,133630,ZCTA5 55436
55437,19401,93890,ZCTA5 55437
55438,16009,97707,ZCTA5 55438
55439,9211,167194,ZCTA5 55439
55441,18289,99017,ZCTA5 55441
55442,13120,118453,ZCTA5 55442
55443,32912,87306,ZCTA5 55443
55444,17716,107943,ZCTA5 55444
55445,13459,101820,ZCTA5 55445
55446,27422,163433,ZCTA5 55446
55447,21506,128759,ZCTA5 55447
55448,29170,92596,ZCTA5 55448
55449,32569,121346,ZCTA5 55449
55450,0,,ZCTA5 55450
55454,8892,24660,ZCTA5 55454
55455,4985,,ZCTA5 55455
55601,152,71875,ZCTA5 55601
55602,321,61250,ZCTA5 55602
55603,393,59609,ZCTA5 55603
55604,3800,76375,ZCTA5 55604
55605,607,59583,ZCTA5 55605
55606,146,65625,ZCTA5 55606
55607,245,61042,ZCTA5 55607
55609,135,73958,ZCTA5 55609
55612,532,72083,ZCTA5 55612
55613,187,70417,ZCTA5 55613
55614,2390,69924,ZCTA5 55614
55615,339,62778,ZCTA5 55615
55616,7300,75966,ZCTA5 55616
55702,458,67321,ZCTA5 55702
55703,898,67167,ZCTA5 55703
55704,1073,59063,ZCTA5 55704
55705,3235,53359,ZCTA5 55705
55706,1716,56250,ZCTA5 55706
55707,3323,81250,ZCTA5 55707
55708,749,63977,ZCTA5 55708
55709,4414,68860,ZCTA5 55709
55710,1470,82955,ZCTA5 55710
55711,560,52500,ZCTA5 55711
55712,606,49500,ZCTA5 55712
55713,1081,56375,ZCTA5 55713
55716,266,31000,ZCTA5 55716
55717,252,90875,ZCTA5 55717
55718,3125,85677,ZCTA5 55718
55719,5678,51351,ZCTA5 55719
55720,17511,62750,ZCTA5 55720
55721,3860,80455,ZCTA5 55721
55722,947,54327,ZCTA5 55722
55723,1925,64408,ZCTA5 55723
55724,784,69107,ZCTA5 55724
55725,99,66250,ZCTA5 55725
55726,1029,71667,ZCTA5 55726
55731,5297,61394,ZCTA5 55731
55732,1455,58000,ZCTA5 55732
55733,5308,111833,ZCTA5 55733
55734,6437,62692,ZCTA5 55734
55735,1684,61023,ZCTA5 55735
55736,1251,56827,ZCTA5 55736
55738,603,72500,ZCTA5 55738
55741,3112,61029,ZCTA5 55741
55742,191,60833,ZCTA5 55742
55744,20207,64158,ZCTA5 55744
55746,16963,53209,ZCTA5 55746
55748,1374,55167,ZCTA5 55748
55749,507,78304,ZCTA5 55749
55750,2100,70750,ZCTA5 55750
55751,1343,75461,ZCTA5 55751
55752,434,72083,ZCTA5 55752
55753,1160,50230,ZCTA5 55753
55756,242,60417,ZCTA5 55756
55757,680,66875,ZCTA5 55757
55758,148,56250,ZCTA5 55758
55760,2984,55938,ZCTA5 55760
55763,464,73750,ZCTA5 55763
55764,545,52885,ZCTA5 55764
55765,735,71382,ZCTA5 55765
55767,4823,66615,ZCTA5 55767
55768,2649,66023,ZCTA5 55768
55769,2378,64264,ZCTA5 55769
55771,1601,63523,ZCTA5 55771
55772,103,,ZCTA5 55772
55775,1369,67206,ZCTA5 55775
55779,3933,100231,ZCTA5 55779
55780,248,57813,ZCTA5 55780
55781,822,72500,ZCTA5 55781
55782,431,55250,ZCTA5 55782
55783,2416,76115,ZCTA5 55783
55784,119,53333,ZCTA5 55784
55785,363,55781,ZCTA5 55785
55786,183,56250,ZCTA5 55786
55787,618,65000,ZCTA5 55787
55790,1871,77969,ZCTA5 55790
55792,9983,52220,ZCTA5 55792
55793,637,62917,ZCTA5 55793
55795,1899,68958,ZCTA5 55795
55796,112,53000,ZCTA5 55796
55797,1296,83125,ZCTA5 55797
55798,605,80625,ZCTA5 55798
55802,2692,38889,ZCTA5 55802
55803,17734,99619,ZCTA5 55803
55804,16118,103176,ZCTA5 55804
55805,10057,43063,ZCTA5 55805
55806,9269,40955,ZCTA5 55806
55807,9496,62776,ZCTA5 55807
55808,5312,53734,ZCTA5 55808
55810,8026,78573,ZCTA5 55810
55811,27832,74809,ZCTA5 55811
55812,11391,63920,ZCTA5 55812
55814,380,,ZCTA5 55814
55901,58015,85890,ZCTA5 55901
55902,26047,107017,ZCTA5 55902
55903,0,,ZCTA5 55903
55904,28816,73588,ZCTA5 55904
55905,0,,ZCTA5 55905
55906,20023,99731,ZCTA5 55906
55909,1455,88036,ZCTA5 55909
55910,1244,73889,ZCTA5 55910
55912,29316,63467,ZCTA5 55912
55917,3771,70536,ZCTA5 55917
55918,1069,76467,ZCTA5 55918
55919,1013,67738,ZCTA5 55919
55920,8523,127566,ZCTA5 55920
55921,4608,69208,ZCTA5 55921
55922,1016,66250,ZCTA5 55922
55923,4351,90083,ZCTA5 55923
55924,1184,80000,ZCTA5 55924
55925,1197,87778,ZCTA5 55925
55926,732,92917,ZCTA5 55926
55927,4165,91449,ZCTA5 55927
55929,1310,102614,ZCTA5 55929
55931,470,57500,ZCTA5 55931
55932,2035,96382,ZCTA5 55932
55933,247,59375,ZCTA5 55933
55934,3604,86144,ZCTA5 55934
55935,921,81250,ZCTA5 55935
55936,1736,71200,ZCTA5 55936
55939,1841,66118,ZCTA5 55939
55940,2818,79310,ZCTA5 55940
55941,1154,75000,ZCTA5 55941
55943,3007,65982,ZCTA5 55943
55944,7931,92342,ZCTA5 55944
55945,1321,75673,ZCTA5 55945
55946,3314,79267,ZCTA5 55946
55947,7402,80904,ZCTA5 55947
55949,1929,77426,ZCTA5 55949
55950,117,42031,ZCTA5 55950
55951,1332,57763,ZCTA5 55951
55952,2759,89844,ZCTA5 55952
55953,877,66250,ZCTA5 55953
55954,1356,67788,ZCTA5 55954
55955,2679,129375,ZCTA5 55955
55956,2096,87340,ZCTA5 55956
55957,804,67188,ZCTA5 55957
55959,2031,61458,ZCTA5 55959
55960,3256,118750,ZCTA5 55960
55961,532,80625,ZCTA5 55961
55962,819,65250,ZCTA5 55962
55963,5744,100977,ZCTA5 55963
55964,4416,66856,ZCTA5 55964
55965,2262,63472,ZCTA5 55965
55967,1049,99091,ZCTA5 55967
55968,127,54063,ZCTA5 55968
55969,1136,86250,ZCTA5 55969
55970,1090,85682,ZCTA5 55970
55971,2897,76691,ZCTA5 55971
55972,5326,92401,ZCTA5 55972
55973,255,86875,ZCTA5 55973
55974,2104,59727,ZCTA5 55974
55975,4613,79231,ZCTA5 55975
55976,8526,94107,ZCTA5 55976
55977,186,61250,ZCTA5 55977
55979,1027,73125,ZCTA5 55979
55981,3869,67472,ZCTA5 55981
55982,528,,ZCTA5 55982
55983,1679,81656,ZCTA5 55983
55985,1762,82557,ZCTA5 55985
55987,34052,58356,ZCTA5 55987
55990,932,83077,ZCTA5 55990
55991,1472,90833,ZCTA5 55991
55992,5535,90403,ZCTA5 55992
56001,50524,65317,ZCTA5 56001
56003,15360,77290,ZCTA5 56003
56007,21621,62113,ZCTA5 56007
56009,1458,83000,ZCTA5 56009
56010,1058,80556,ZCTA5 56010
56011,9564,98692,ZCTA5 56011
56013,4469,68324,ZCTA5 56013
56014,700,56458,ZCTA5 56014
56016,1035,69375,ZCTA5 56016
56017,1851,94125,ZCTA5 56017
56019,825,63125,ZCTA5 56019
56020,82,53958,ZCTA5 56020
56021,1091,100417,ZCTA5 56021
56022,74,63250,ZCTA5 56022
56023,518,74531,ZCTA5 56023
56024,3559,87227,ZCTA5 56024
56025,487,85833,ZCTA5 56025
56026,1812,90167,ZCTA5 56026
56027,645,46858,ZCTA5 56027
56028,1042,91786,ZCTA5 56028
56029,589,59750,ZCTA5 56029
56030,17,56250,ZCTA5 56030
56031,11861,58647,ZCTA5 56031
56032,353,42750,ZCTA5 56032
56033,426,72500,ZCTA5 56033
56034,384,79750,ZCTA5 56034
56035,351,51250,ZCTA5 56035
56036,1704,68359,ZCTA5 56036
56037,1509,75000,ZCTA5 56037
56039,932,79375,ZCTA5 56039
56041,1028,79219,ZCTA5 56041
56042,817,77188,ZCTA5 56042
56043,396,81750,ZCTA5 56043
56044,2095,99514,ZCTA5 56044
56045,944,70769,ZCTA5 56045
56046,147,67500,ZCTA5 56046
56048,4267,80688,ZCTA5 56048
56050,1435,80250,ZCTA5 56050
56051,737,47717,ZCTA5 56051
56052,575,86500,ZCTA5 56052
56054,1005,90000,ZCTA5 56054
56055,3844,82596,ZCTA5 56055
56056,64,51250,ZCTA5 56056
56057,3916,79054,ZCTA5 56057
56058,6087,80372,ZCTA5 56058
56060,439,63750,ZCTA5 56060
56062,3307,71705,ZCTA5 56062
56063,3062,109139,ZCTA5 56063
56065,2802,85536,ZCTA5 56065
56068,984,73229,ZCTA5 56068
56069,4864,75959,ZCTA5 56069
56071,13252,107926,ZCTA5 56071
56072,2127,70556,ZCTA5 56072
56073,17418,67047,ZCTA5 56073
56074,1716,90750,ZCTA5 56074
56075,137,61250,ZCTA5 56075
56078,490,72917,ZCTA5 56078
56080,762,97717,ZCTA5 56080
56081,6082,62863,ZCTA5 56081
56082,14544,77737,ZCTA5 56082
56083,819,55972,ZCTA5 56083
56085,5171,69960,ZCTA5 56085
56087,3054,65588,ZCTA5 56087
56088,2062,69009,ZCTA5 56088
56089,242,53000,ZCTA5 56089
56090,610,76806,ZCTA5 56090
56091,280,55000,ZCTA5 56091
56093,12658,69965,ZCTA5 56093
56096,2788,81823,ZCTA5 56096
56097,3614,59080,ZCTA5 56097
56098,1964,69091,ZCTA5 56098
56101,6079,61852,ZCTA5 56101
56110,1659,71429,ZCTA5 56110
56111,353,110625,ZCTA5 56111
56113,237,68125,ZCTA5 56113
56114,341,71250,ZCTA5 56114
56115,1290,65455,ZCTA5 56115
56116,590,91563,ZCTA5 56116
56117,374,78977,ZCTA5 56117
56118,519,84886,ZCTA5 56118
56119,1039,77054,ZCTA5 56119
56120,991,70809,ZCTA5 56120
56121,598,44556,ZCTA5 56121
56122,668,74583,ZCTA5 56122
56123,382,56875,ZCTA5 56123
56125,45,61250,ZCTA5 56125
56127,539,46875,ZCTA5 56127
56128,2063,73424,ZCTA5 56128
56129,832,62656,ZCTA5 56129
56131,2321,72143,ZCTA5 56131
56132,464,64750,ZCTA5 56132
56134,369,53571,ZCTA5 56134
56136,1231,57333,ZCTA5 56136
56137,1104,68438,ZCTA5 56137
56138,1052,84107,ZCTA5 56138
56139,476,65000,ZCTA5 56139
56140,61,60938,ZCTA5 56140
56141,332,53250,ZCTA5 56141
56142,998,65833,ZCTA5 56142
56143,4523,67832,ZCTA5 56143
56144,1082,49201,ZCTA5 56144
56145,462,48750,ZCTA5 56145
56146,48,40625,ZCTA5 56146
56147,125,65000,ZCTA5 56147
56149,1135,56923,ZCTA5 56149
56150,2815,62396,ZCTA5 56150
56151,645,79091,ZCTA5 56151
56152,1370,71750,ZCTA5 56152
56153,138,54861,ZCTA5 56153
56155,535,56757,ZCTA5 56155
56156,6352,77813,ZCTA5 56156
56157,814,79241,ZCTA5 56157
56158,352,61250,ZCTA5 56158
56159,2595,61328,ZCTA5 56159
56160,233,49063,ZCTA5 56160
56161,315,92500,ZCTA5 56161
56162,248,77500,ZCTA5 56162
56164,5642,75361,ZCTA5 56164
56165,333,97857,ZCTA5 56165
56166,204,72500,ZCTA5 56166
56167,645,68750,ZCTA5 56167
56168,768,57344,ZCTA5 56168
56169,683,79643,ZCTA5 56169
56170,502,52750,ZCTA5 56170
56171,1612,70238,ZCTA5 56171
56172,2948,69808,ZCTA5 56172
56173,255,54219,ZCTA5 56173
56174,345,73125,ZCTA5 56174
56175,2964,69875,ZCTA5 56175
56176,999,71458,ZCTA5 56176
56178,1733,75982,ZCTA5 56178
56180,1218,64219,ZCTA5 56180
56181,1187,60500,ZCTA5 56181
56183,1285,52368,ZCTA5 56183
56185,483,57292,ZCTA5 56185
56186,419,55357,ZCTA5 56186
56187,15355,61164,ZCTA5 56187
56201,24685,64573,ZCTA5 56201
56207,226,89167,ZCTA5 56207
56208,2089,53750,ZCTA5 56208
56209,2565,80179,ZCTA5 56209
56210,15,66250,ZCTA5 56210
56211,544,78214,ZCTA5 56211
56212,511,71944,ZCTA5 56212
56214,639,69375,ZCTA5 56214
56215,4696,54942,ZCTA5 56215
56216,671,69318,ZCTA5 56216
56218,503,83125,ZCTA5 56218
56219,981,63505,ZCTA5 56219
56220,2621,57432,ZCTA5 56220
56221,802,67969,ZCTA5 56221
56222,2185,66917,ZCTA5 56222
56223,1514,66354,ZCTA5 56223
56224,313,60417,ZCTA5 56224
56225,678,72500,ZCTA5 56225
56226,195,98333,ZCTA5 56226
56227,242,91705,ZCTA5 56227
56228,912,64464,ZCTA5 56228
56229,1743,93194,ZCTA5 56229
56230,708,58426,ZCTA5 56230
56231,355,107500,ZCTA5 56231
56232,2308,76667,ZCTA5 56232
56235,500,80000,ZCTA5 56235
56236,428,91875,ZCTA5 56236
56237,537,66786,ZCTA5 56237
56239,608,87083,ZCTA5 56239
56240,873,59821,ZCTA5 56240
56241,3696,64128,ZCTA5 56241
56243,1864,64583,ZCTA5 56243
56244,1714,78611,ZCTA5 56244
56245,534,82000,ZCTA5 56245
56248,811,76964,ZCTA5 56248
56249,283,68594,ZCTA5 56249
56251,901,75750,ZCTA5 56251
56252,1246,72841,ZCTA5 56252
56253,833,71071,ZCTA5 56253
56255,381,67955,ZCTA5 56255
56256,2358,56728,ZCTA5 56256
56257,453,61000,ZCTA5 56257
56258,15593,65903,ZCTA5 56258
56260,898,73000,ZCTA5 56260
56262,693,80625,ZCTA5 56262
56263,486,69063,ZCTA5 56263
56264,2175,73359,ZCTA5 56264
56265,7666,60885,ZCTA5 56265
56266,1542,65000,ZCTA5 56266
56267,6746,67798,ZCTA5 56267
56270,1155,63977,ZCTA5 56270
56271,1322,67321,ZCTA5 56271
56273,5004,87262,ZCTA5 56273
56274,247,110000,ZCTA5 56274
56276,219,58750,ZCTA5 56276
56277,3089,65363,ZCTA5 56277
56278,2740,61827,ZCTA5 56278
56279,1129,78214,ZCTA5 56279
56280,499,65795,ZCTA5 56280
56281,642,99167,ZCTA5 56281
56282,1497,73077,ZCTA5 56282
56283,6410,67766,ZCTA5 56283
56284,2108,67885,ZCTA5 56284
56285,1145,76250,ZCTA5 56285
56287,100,58750,ZCTA5 56287
56288,4728,101389,ZCTA5 56288
56289,616,68125,ZCTA5 56289
56291,433,55000,ZCTA5 56291
56292,591,70000,ZCTA5 56292
56293,1183,63542,ZCTA5 56293
56294,82,78214,ZCTA5 56294
56295,323,63750,ZCTA5 56295
56296,1858,54329,ZCTA5 56296
56297,836,81875,ZCTA5 56297
56301,35150,66436,ZCTA5 56301
56303,25299,64278,ZCTA5 56303
56304,16884,55586,ZCTA5 56304
56307,5374,89375,ZCTA5 56307
56308,26369,70915,ZCTA5 56308
56309,1421,71250,ZCTA5 56309
56310,5209,100446,ZCTA5 56310
56311,692,68750,ZCTA5 56311
56312,2240,69375,ZCTA5 56312
56313,45,46875,ZCTA5 56313
56314,1371,78750,ZCTA5 56314
56315,1897,85893,ZCTA5 56315
56316,1493,69211,ZCTA5 56316
56318,1076,74063,ZCTA5 56318
56319,1256,83836,ZCTA5 56319
56320,8447,95625,ZCTA5 56320
56321,1588,,ZCTA5 56321
56323,601,76696,ZCTA5 56323
56324,1072,76667,ZCTA5 56324
56325,195,67917,ZCTA5 56325
56326,1820,74063,ZCTA5 56326
56327,806,81375,ZCTA5 56327
56328,169,98750,ZCTA5 56328
56329,7866,88948,ZCTA5 56329
56330,1851,76731,ZCTA5 56330
56331,2245,93424,ZCTA5 56331
56332,1639,87361,ZCTA5 56332
56334,5875,68995,ZCTA5 56334
56335,227,81250,ZCTA5 56335
56336,1590,85172,ZCTA5 56336
56338,1583,70000,ZCTA5 56338
56339,1009,62083,ZCTA5 56339
56340,2294,88176,ZCTA5 56340
56342,2692,58750,ZCTA5 56342
56343,845,64219,ZCTA5 56343
56345,15121,57639,ZCTA5 56345
56347,8109,68919,ZCTA5 56347
56349,769,93750,ZCTA5 56349
56350,391,38250,ZCTA5 56350
56352,5912,64231,ZCTA5 56352
56353,9409,73824,ZCTA5 56353
56354,1365,82788,ZCTA5 56354
56355,626,91563,ZCTA5 56355
56356,267,85104,ZCTA5 56356
56357,1164,104444,ZCTA5 56357
56358,3181,72870,ZCTA5 56358
56359,3549,55575,ZCTA5 56359
56360,3748,62448,ZCTA5 56360
56361,2650,69556,ZCTA5 56361
56362,5659,78033,ZCTA5 56362
56363,247,60208,ZCTA5 56363
56364,5736,76274,ZCTA5 56364
56367,7046,94189,ZCTA5 56367
56368,4087,90568,ZCTA5 56368
56369,459,70694,ZCTA5 56369
56371,101,43750,ZCTA5 56371
56373,3240,81920,ZCTA5 56373
56374,10049,80386,ZCTA5 56374
56375,782,91250,ZCTA5 56375
56376,301,70833,ZCTA5 56376
56377,20852,78698,ZCTA5 56377
56378,8517,73947,ZCTA5 56378
56379,17251,69880,ZCTA5 56379
56381,2315,74650,ZCTA5 56381
56382,1360,72438,ZCTA5 56382
56384,324,60481,ZCTA5 56384
56385,876,59844,ZCTA5 56385
56386,654,49896,ZCTA5 56386
56387,7703,52762,ZCTA5 56387
56389,77,63750,ZCTA5 56389
56401,31347,62275,ZCTA5 56401
56425,8626,67195,ZCTA5 56425
56431,8958,59590,ZCTA5 56431
56433,1584,54909,ZCTA5 56433
56434,231,53438,ZCTA5 56434
56435,2833,62365,ZCTA5 56435
56437,1351,55417,ZCTA5 56437
56438,2796,55057,ZCTA5 56438
56440,1401,52050,ZCTA5 56440
56441,3601,51033,ZCTA5 56441
56442,2688,80481,ZCTA5 56442
56443,1375,76528,ZCTA5 56443
56444,3305,70694,ZCTA5 56444
56446,1604,52434,ZCTA5 56446
56447,846,65000,ZCTA5 56447
56448,396,70417,ZCTA5 56448
56449,1955,78125,ZCTA5 56449
56450,1021,59896,ZCTA5 56450
56452,1832,59974,ZCTA5 56452
56453,818,60179,ZCTA5 56453
56455,1588,63750,ZCTA5 56455
56458,356,67222,ZCTA5 56458
56461,3351,73259,ZCTA5 56461
56464,4858,67879,ZCTA5 56464
56465,2241,69292,ZCTA5 56465
56466,3036,57021,ZCTA5 56466
56467,2719,73496,ZCTA5 56467
56468,4522,96591,ZCTA5 56468
56469,950,59250,ZCTA5 56469
56470,10653,65305,ZCTA5 56470
56472,8521,78574,ZCTA5 56472
56473,3264,75893,ZCTA5 56473
56474,4444,52647,ZCTA5 56474
56475,1722,57734,ZCTA5 56475
56477,2608,55083,ZCTA5 56477
56479,4891,56278,ZCTA5 56479
56481,2375,63977,ZCTA5 56481
56482,7456,54310,ZCTA5 56482
56484,3178,65729,ZCTA5 56484
56501,18085,68413,ZCTA5 56501
56510,2275,64250,ZCTA5 56510
56511,1937,82330,ZCTA5 56511
56514,3943,80625,ZCTA5 56514
56515,2799,72012,ZCTA5 56515
56516,320,64167,ZCTA5 56516
56517,279,103750,ZCTA5 56517
56518,402,53472,ZCTA5 56518
56519,304,60083,ZCTA5 56519
56520,3889,60526,ZCTA5 56520
56521,795,65625,ZCTA5 56521
56522,505,77292,ZCTA5 56522
56523,395,75625,ZCTA5 56523
56524,706,70833,ZCTA5 56524
56525,75,91250,ZCTA5 56525
56527,895,58558,ZCTA5 56527
56528,1721,75000,ZCTA5 56528
56529,4621,84602,ZCTA5 56529
56531,1915,68056,ZCTA5 56531
56533,282,62981,ZCTA5 56533
56534,1284,81111,ZCTA5 56534
56535,1242,48317,ZCTA5 56535
56536,407,74500,ZCTA5 56536
56537,19870,59824,ZCTA5 56537
56540,1916,77188,ZCTA5 56540
56541,47,97708,ZCTA5 56541
56542,2434,54205,ZCTA5 56542
56543,231,61429,ZCTA5 56543
56544,5683,69063,ZCTA5 56544
56545,660,73000,ZCTA5 56545
56546,233,80208,ZCTA5 56546
56547,2868,91394,ZCTA5 56547
56548,754,57813,ZCTA5 56548
56549,4839,98616,ZCTA5 56549
56550,267,59583,ZCTA5 56550
56551,2191,60000,ZCTA5 56551
56552,540,49766,ZCTA5 56552
56553,197,62122,ZCTA5 56553
56554,2698,86607,ZCTA5 56554
56556,1303,61333,ZCTA5 56556
56557,2863,50461,ZCTA5 56557
56560,43860,70107,ZCTA5 56560
56562,502,,ZCTA5 56562
56563,1449,,ZCTA5 56563
56565,121,49844,ZCTA5 56565
56566,613,36250,ZCTA5 56566
56567,3163,68448,ZCTA5 56567
56568,138,45417,ZCTA5 56568
56569,1275,57500,ZCTA5 56569
56570,1162,62679,ZCTA5 56570
56571,1716,85200,ZCTA5 56571
56572,5854,73609,ZCTA5 56572
56573,6733,64912,ZCTA5 56573
56574,282,91250,ZCTA5 56574
56575,648,53603,ZCTA5 56575
56576,860,70769,ZCTA5 56576
56578,713,89688,ZCTA5 56578
56579,1105,84286,ZCTA5 56579
56580,1253,96190,ZCTA5 56580
56581,262,55313,ZCTA5 56581
56583,165,63375,ZCTA5 56583
56584,1386,66154,ZCTA5 56584
56585,1063,58098,ZCTA5 56585
56586,1808,76080,ZCTA5 56586
56587,1203,76053,ZCTA5 56587
56588,461,61406,ZCTA5 56588
56589,1819,63529,ZCTA5 56589
56590,368,69375,ZCTA5 56590
56591,683,20781,ZCTA5 56591
56592,527,56250,ZCTA5 56592
56594,512,90250,ZCTA5 56594
56601,34476,65939,ZCTA5 56601
56621,4482,59901,ZCTA5 56621
56623,2657,64792,ZCTA5 56623
56626,314,37431,ZCTA5 56626
56627,206,33958,ZCTA5 56627
56628,1543,60865,ZCTA5 56628
56629,191,78194,ZCTA5 56629
56630,2086,49125,ZCTA5 56630
56633,4804,58750,ZCTA5 56633
56634,1835,66827,ZCTA5 56634
56636,4938,63942,ZCTA5 56636
56637,168,72083,ZCTA5 56637
56639,368,32500,ZCTA5 56639
56641,406,46875,ZCTA5 56641
56644,683,54028,ZCTA5 56644
56646,328,41750,ZCTA5 56646
56647,833,60750,ZCTA5 56647
56649,8892,59415,ZCTA5 56649
56650,958,73125,ZCTA5 56650
56651,618,73036,ZCTA5 56651
56652,406,70278,ZCTA5 56652
56653,1243,63125,ZCTA5 56653
56654,63,46667,ZCTA5 56654
56655,1446,53024,ZCTA5 56655
56657,194,53333,ZCTA5 56657
56658,0,,ZCTA5 56658
56659,173,101250,ZCTA5 56659
56660,306,58333,ZCTA5 56660
56661,976,64830,ZCTA5 56661
56662,581,62434,ZCTA5 56662
56663,153,57721,ZCTA5 56663
56666,1202,72768,ZCTA5 56666
56667,785,76250,ZCTA5 56667
56668,213,78958,ZCTA5 56668
56669,261,54500,ZCTA5 56669
56670,1228,41875,ZCTA5 56670
56671,2960,52821,ZCTA5 56671
56672,1960,56310,ZCTA5 56672
56673,529,59673,ZCTA5 56673
56676,1729,67813,ZCTA5 56676
56678,1755,65833,ZCTA5 56678
56680,113,49375,ZCTA5 56680
56681,258,59375,ZCTA5 56681
56683,607,80833,ZCTA5 56683
56684,400,82500,ZCTA5 56684
56685,95,71250,ZCTA5 56685
56686,1027,64531,ZCTA5 56686
56688,113,72813,ZCTA5 56688
56701,12898,71781,ZCTA5 56701
56710,400,64250,ZCTA5 56710
56711,65,,ZCTA5 56711
56713,986,87361,ZCTA5 56713
56714,1203,66094,ZCTA5 56714
56715,303,56000,ZCTA5 56715
56716,9048,54521,ZCTA5 56716
56720,9,14107,ZCTA5 56720
56721,10905,86875,ZCTA5 56721
56722,357,72500,ZCTA5 56722
56723,827,107500,ZCTA5 56723
56724,109,55417,ZCTA5 56724
56725,971,70313,ZCTA5 56725
56726,1521,66875,ZCTA5 56726
56727,879,73269,ZCTA5 56727
56728,1135,71750,ZCTA5 56728
56729,127,74375,ZCTA5 56729
56731,116,,ZCTA5 56731
56732,1006,59079,ZCTA5 56732
56733,368,78500,ZCTA5 56733
56734,596,56250,ZCTA5 56734
56735,732,59886,ZCTA5 56735
56736,650,81563,ZCTA5 56736
56737,719,58438,ZCTA5 56737
56738,1435,68611,ZCTA5 56738
56742,834,80500,ZCTA5 56742
56744,600,75139,ZCTA5 56744
56748,608,83750,ZCTA5 56748
56750,2306,71563,ZCTA5 56750
56751,5744,77321,ZCTA5 56751
56754,483,86000,ZCTA5 56754
56755,65,70000,ZCTA5 56755
56756,655,92500,ZCTA5 56756
56757,807,78250,ZCTA5 56757
56758,326,48750,ZCTA5 56758
56759,367,61848,ZCTA5 56759
56760,405,96719,ZCTA5 56760
56761,388,61875,ZCTA5 56761
56762,2407,61250,ZCTA5 56762
56763,5201,64186,ZCTA5 56763
57001,1608,66793,ZCTA5 57001
57002,1647,86212,ZCTA5 57002
57003,2136,102917,ZCTA5 57003
57004,3900,72466,ZCTA5 57004
57005,12169,105618,ZCTA5 57005
57006,23402,60572,ZCTA5 57006
57007,2366,,ZCTA5 57007
57010,529,85313,ZCTA5 57010
57012,1122,69762,ZCTA5 57012
57013,4512,79559,ZCTA5 57013
57014,1763,76576,ZCTA5 57014
57015,846,112813,ZCTA5 57015
57016,704,89602,ZCTA5 57016
57017,1481,84000,ZCTA5 57017
57018,1445,84306,ZCTA5 57018
57020,1885,114667,ZCTA5 57020
57021,437,73125,ZCTA5 57021
57022,5544,87048,ZCTA5 57022
57024,473,83750,ZCTA5 57024
57025,3063,85985,ZCTA5 57025
57026,1475,75500,ZCTA5 57026
57027,156,118750,ZCTA5 57027
57028,3105,63631,ZCTA5 57028
57029,2330,70938,ZCTA5 57029
57030,2696,81108,ZCTA5 57030
57031,766,61875,ZCTA5 57031
57032,8960,96517,ZCTA5 57032
57033,6050,97039,ZCTA5 57033
57034,761,72054,ZCTA5 57034
57035,1345,96625,ZCTA5 57035
57036,640,73750,ZCTA5 57036
57037,1008,63750,ZCTA5 57037
57038,1577,84083,ZCTA5 57038
57039,3759,73960,ZCTA5 57039
57040,299,87813,ZCTA5 57040
57041,133,128750,ZCTA5 57041
57042,8178,70046,ZCTA5 57042
57043,1537,68300,ZCTA5 57043
57045,1298,69167,ZCTA5 57045
57046,702,89542,ZCTA5 57046
57047,293,45583,ZCTA5 57047
57048,1299,82344,ZCTA5 57048
57049,7661,88948,ZCTA5 57049
57050,200,114250,ZCTA5 57050
57051,226,40833,ZCTA5 57051
57052,343,,ZCTA5 57052
57053,2046,90833,ZCTA5 57053
57054,584,85313,ZCTA5 57054
57055,1200,101458,ZCTA5 57055
57057,203,54792,ZCTA5 57057
57058,1964,74405,ZCTA5 57058
57059,1242,63083,ZCTA5 57059
57061,174,,ZCTA5 57061
57062,2626,59063,ZCTA5 57062
57063,889,90000,ZCTA5 57063
57064,7240,99597,ZCTA5 57064
57065,386,53571,ZCTA5 57065
57066,1294,48264,ZCTA5 57066
57067,255,65000,ZCTA5 57067
57068,1666,106908,ZCTA5 57068
57069,12872,52052,ZCTA5 57069
57070,1279,55417,ZCTA5 57070
57071,3069,75676,ZCTA5 57071
57072,529,66563,ZCTA5 57072
57073,542,67292,ZCTA5 57073
57075,1115,102125,ZCTA5 57075
57076,419,101435,ZCTA5 57076
57077,1410,89837,ZCTA5 57077
57078,20266,67326,ZCTA5 57078
57103,35785,70668,ZCTA5 57103
57104,26627,54003,ZCTA5 57104
57105,22754,71013,ZCTA5 57105
57106,50299,74484,ZCTA5 57106
57107,10994,76567,ZCTA5 57107
57108,31255,93630,ZCTA5 57108
57110,21138,85363,ZCTA5 57110
57117,18,,ZCTA5 57117
57197,725,,ZCTA5 57197
57201,26119,65761,ZCTA5 57201
57212,2084,86339,ZCTA5 57212
57213,479,83125,ZCTA5 57213
57214,176,56250,ZCTA5 57214
57216,1584,76971,ZCTA5 57216
57217,237,56023,ZCTA5 57217
57218,356,76116,ZCTA5 57218
57219,521,55833,ZCTA5 57219
57220,878,87188,ZCTA5 57220
57221,1020,74750,ZCTA5 57221
57223,1317,83295,ZCTA5 57223
57224,168,,ZCTA5 57224
57225,1745,51250,ZCTA5 57225
57226,1820,72083,ZCTA5 57226
57227,511,76406,ZCTA5 57227
57231,1733,70625,ZCTA5 57231
57232,540,105417,ZCTA5 57232
57233,257,,ZCTA5 57233
57234,1372,75387,ZCTA5 57234
57235,843,71786,ZCTA5 57235
57236,120,78500,ZCTA5 57236
57237,691,81349,ZCTA5 57237
57238,306,61136,ZCTA5 57238
57239,387,85938,ZCTA5 57239
57241,998,71458,ZCTA5 57241
57242,415,99375,ZCTA5 57242
57243,569,49375,ZCTA5 57243
57245,196,52083,ZCTA5 57245
57246,145,69250,ZCTA5 57246
57247,175,72875,ZCTA5 57247
57248,1083,79063,ZCTA5 57248
57249,950,69500,ZCTA5 57249
57251,191,74750,ZCTA5 57251
57252,4669,67035,ZCTA5 57252
57255,526,62969,ZCTA5 57255
57256,223,75515,ZCTA5 57256
57257,574,43068,ZCTA5 57257
57258,261,51429,ZCTA5 57258
57259,605,75189,ZCTA5 57259
57260,1029,74500,ZCTA5 57260
57261,296,63438,ZCTA5 57261
57262,5389,49125,ZCTA5 57262
57263,477,58523,ZCTA5 57263
57264,252,52315,ZCTA5 57264
57265,204,75000,ZCTA5 57265
57266,571,62292,ZCTA5 57266
57268,520,80469,ZCTA5 57268
57269,179,80750,ZCTA5 57269
57270,758,49688,ZCTA5 57270
57271,224,54250,ZCTA5 57271
57272,208,81250,ZCTA5 57272
57273,1173,47344,ZCTA5 57273
57274,2685,61477,ZCTA5 57274
57276,1018,64402,ZCTA5 57276
57278,972,60536,ZCTA5 57278
57279,933,69375,ZCTA5 57279
57301,18967,55076,ZCTA5 57301
57311,1699,93750,ZCTA5 57311
57312,673,85208,ZCTA5 57312
57313,1193,71932,ZCTA5 57313
57314,648,66058,ZCTA5 57314
57315,1064,63333,ZCTA5 57315
57317,641,55208,ZCTA5 57317
57319,936,63450,ZCTA5 57319
57321,342,68750,ZCTA5 57321
57322,315,55000,ZCTA5 57322
57323,212,63750,ZCTA5 57323
57324,396,84167,ZCTA5 57324
57325,3199,67500,ZCTA5 57325
57328,1173,82216,ZCTA5 57328
57329,350,64375,ZCTA5 57329
57330,548,58542,ZCTA5 57330
57331,237,102500,ZCTA5 57331
57332,767,66667,ZCTA5 57332
57334,809,64844,ZCTA5 57334
57335,227,58750,ZCTA5 57335
57337,61,65500,ZCTA5 57337
57339,1341,26429,ZCTA5 57339
57340,186,88333,ZCTA5 57340
57341,146,56250,ZCTA5 57341
57342,298,63167,ZCTA5 57342
57344,103,42273,ZCTA5 57344
57345,1094,71397,ZCTA5 57345
57346,43,53125,ZCTA5 57346
57348,891,74597,ZCTA5 57348
57349,1498,53125,ZCTA5 57349
57350,15899,61444,ZCTA5 57350
57353,806,69141,ZCTA5 57353
57354,15,,ZCTA5 57354
57355,1323,61000,ZCTA5 57355
57356,2195,50476,ZCTA5 57356
57358,9,83750,ZCTA5 57358
57359,612,90000,ZCTA5 57359
57361,191,19808,ZCTA5 57361
57362,1935,66500,ZCTA5 57362
57363,905,59333,ZCTA5 57363
57364,4,,ZCTA5 57364
57365,522,68750,ZCTA5 57365
57366,2728,73625,ZCTA5 57366
57367,289,92500,ZCTA5 57367
57368,1074,79821,ZCTA5 57368
57369,2671,62049,ZCTA5 57369
57370,739,65938,ZCTA5 57370
57371,191,76354,ZCTA5 57371
57373,383,39643,ZCTA5 57373
57374,290,72750,ZCTA5 57374
57375,632,65577,ZCTA5 57375
57376,865,55000,ZCTA5 57376
57379,73,90000,ZCTA5 57379
57380,3410,62583,ZCTA5 57380
57381,426,73452,ZCTA5 57381
57382,1141,57625,ZCTA5 57382
57383,817,70078,ZCTA5 57383
57384,1156,61595,ZCTA5 57384
57385,1335,51950,ZCTA5 57385
57386,342,72414,ZCTA5 57386
57401,32217,67348,ZCTA5 57401
57420,186,45417,ZCTA5 57420
57421,54,,ZCTA5 57421
57422,157,52000,ZCTA5 57422
57424,306,70500,ZCTA5 57424
57426,48,74250,ZCTA5 57426
57427,438,96488,ZCTA5 57427
57428,498,57273,ZCTA5 57428
57429,71,63750,ZCTA5 57429
57430,1900,74917,ZCTA5 57430
57432,239,102321,ZCTA5 57432
57433,355,74167,ZCTA5 57433
57434,485,76458,ZCTA5 57434
57435,282,,ZCTA5 57435
57436,483,72946,ZCTA5 57436
57437,1338,43750,ZCTA5 57437
57438,1034,70469,ZCTA5 57438
57439,22,,ZCTA5 57439
57440,506,54375,ZCTA5 57440
57441,607,77083,ZCTA5 57441
57442,2129,65625,ZCTA5 57442
57445,1910,81964,ZCTA5 57445
57446,628,61786,ZCTA5 57446
57448,446,63000,ZCTA5 57448
57449,333,,ZCTA5 57449
57450,567,81833,ZCTA5 57450
57451,2543,85238,ZCTA5 57451
57452,243,52222,ZCTA5 57452
57454,726,69000,ZCTA5 57454
57455,131,80833,ZCTA5 57455
57456,674,71964,ZCTA5 57456
57457,88,,ZCTA5 57457
57460,321,114583,ZCTA5 57460
57461,304,78750,ZCTA5 57461
57465,405,140000,ZCTA5 57465
57466,190,46691,ZCTA5 57466
57467,386,63750,ZCTA5 57467
57468,277,60000,ZCTA5 57468
57469,3109,60272,ZCTA5 57469
57470,117,63750,ZCTA5 57470
57471,505,60833,ZCTA5 57471
57472,1077,58056,ZCTA5 57472
57473,288,24286,ZCTA5 57473
57474,234,93036,ZCTA5 57474
57475,119,70833,ZCTA5 57475
57476,427,63750,ZCTA5 57476
57477,128,80833,ZCTA5 57477
57479,599,92361,ZCTA5 57479
57481,375,71250,ZCTA5 57481
57501,17380,84055,ZCTA5 57501
57520,145,52083,ZCTA5 57520
57521,201,25893,ZCTA5 57521
57522,496,74063,ZCTA5 57522
57523,968,44861,ZCTA5 57523
57528,1014,57227,ZCTA5 57528
57529,271,49792,ZCTA5 57529
57531,93,53750,ZCTA5 57531
57532,2937,85670,ZCTA5 57532
57533,1697,49338,ZCTA5 57533
57534,148,41667,ZCTA5 57534
57536,313,72250,ZCTA5 57536
57537,130,69079,ZCTA5 57537
57538,258,44167,ZCTA5 57538
57540,162,,ZCTA5 57540
57541,194,87969,ZCTA5 57541
57543,837,23625,ZCTA5 57543
57544,451,71389,ZCTA5 57544
57547,111,100104,ZCTA5 57547
57548,1651,32500,ZCTA5 57548
57551,2085,53438,ZCTA5 57551
57552,540,54028,ZCTA5 57552
57553,202,137143,ZCTA5 57553
57555,3516,36006,ZCTA5 57555
57559,752,61750,ZCTA5 57559
57560,497,23250,ZCTA5 57560
57562,120,,ZCTA5 57562
57563,62,,ZCTA5 57563
57564,797,69211,ZCTA5 57564
57566,990,18214,ZCTA5 57566
57567,1027,52059,ZCTA5 57567
57568,635,78594,ZCTA5 57568
57569,252,55556,ZCTA5 57569
57570,2572,40250,ZCTA5 57570
57571,31,23333,ZCTA5 57571
57572,1474,28750,ZCTA5 57572
57574,106,2499,ZCTA5 57574
57576,87,57250,ZCTA5 57576
57577,1175,24006,ZCTA5 57577
57579,1346,50505,ZCTA5 57579
57580,4168,60417,ZCTA5 57580
57584,80,26000,ZCTA5 57584
57585,110,41538,ZCTA5 57585
57601,3514,58448,ZCTA5 57601
57620,606,70000,ZCTA5 57620
57621,250,26250,ZCTA5 57621
57622,280,,ZCTA5 57622
57623,912,55357,ZCTA5 57623
57625,3906,48056,ZCTA5 57625
57626,802,53500,ZCTA5 57626
57630,31,,ZCTA5 57630
57631,348,49300,ZCTA5 57631
57632,730,80568,ZCTA5 57632
57633,402,71250,ZCTA5 57633
57634,157,51042,ZCTA5 57634
57636,77,103333,ZCTA5 57636
57638,1910,49861,ZCTA5 57638
57639,355,18125,ZCTA5 57639
57640,44,,ZCTA5 57640
57641,235,66875,ZCTA5 57641
57642,2009,56042,ZCTA5 57642
57644,259,61250,ZCTA5 57644
57645,142,44688,ZCTA5 57645
57646,267,91563,ZCTA5 57646
57648,419,72188,ZCTA5 57648
57649,255,59531,ZCTA5 57649
57650,13,,ZCTA5 57650
57651,73,,ZCTA5 57651
57652,409,26750,ZCTA5 57652
57656,842,61607,ZCTA5 57656
57657,218,132500,ZCTA5 57657
57658,410,23125,ZCTA5 57658
57659,12,,ZCTA5 57659
57660,95,70313,ZCTA5 57660
57661,183,60893,ZCTA5 57661
57701,45046,52255,ZCTA5 57701
57702,34985,81537,ZCTA5 57702
57703,16951,76363,ZCTA5 57703
57706,2339,60802,ZCTA5 57706
57714,1168,,ZCTA5 57714
57716,362,,ZCTA5 57716
57717,8468,57153,ZCTA5 57717
57718,7507,79435,ZCTA5 57718
57719,11583,72376,ZCTA5 57719
57720,695,72031,ZCTA5 57720
57722,143,55000,ZCTA5 57722
57724,238,56389,ZCTA5 57724
57725,245,44125,ZCTA5 57725
57730,5809,76667,ZCTA5 57730
57732,1944,47500,ZCTA5 57732
57735,1614,56591,ZCTA5 57735
57737,47,,ZCTA5 57737
57738,364,46023,ZCTA5 57738
57741,134,,ZCTA5 57741
57744,2243,84063,ZCTA5 57744
57745,1851,80000,ZCTA5 57745
57747,5590,59209,ZCTA5 57747
57748,295,48250,ZCTA5 57748
57750,197,16875,ZCTA5 57750
57751,947,98393,ZCTA5 57751
57752,2439,,ZCTA5 57752
57754,3542,54732,ZCTA5 57754
57755,130,96250,ZCTA5 57755
57756,681,,ZCTA5 57756
57758,60,45139,ZCTA5 57758
57759,338,166111,ZCTA5 57759
57760,951,60379,ZCTA5 57760
57761,1188,91313,ZCTA5 57761
57762,517,46136,ZCTA5 57762
57763,384,67578,ZCTA5 57763
57764,1968,29318,ZCTA5 57764
57766,123,,ZCTA5 57766
57767,180,250001,ZCTA5 57767
57769,4121,87279,ZCTA5 57769
57770,5815,50811,ZCTA5 57770
57772,1381,20703,ZCTA5 57772
57773,221,39583,ZCTA5 57773
57775,358,88333,ZCTA5 57775
57776,0,,ZCTA5 57776
57779,267,,ZCTA5 57779
57780,64,,ZCTA5 57780
57782,63,60000,ZCTA5 57782
57783,16533,64500,ZCTA5 57783
57785,10523,57146,ZCTA5 57785
57787,677,56422,ZCTA5 57787
57788,675,68750,ZCTA5 57788
57790,1076,76875,ZCTA5 57790
57791,163,43750,ZCTA5 57791
57792,86,95536,ZCTA5 57792
57793,2107,77143,ZCTA5 57793
57794,857,11724,ZCTA5 57794
57799,565,,ZCTA5 57799
58001,261,63250,ZCTA5 58001
58002,0,,ZCTA5 58002
58004,371,83375,ZCTA5 58004
58005,892,137222,ZCTA5 58005
58006,508,91250,ZCTA5 58006
58007,114,102083,ZCTA5 58007
58008,213,97083,ZCTA5 58008
58009,30,203500,ZCTA5 58009
58011,441,91250,ZCTA5 58011
58012,2736,63365,ZCTA5 58012
58013,110,,ZCTA5 58013
58015,256,97083,ZCTA5 58015
58016,206,101845,ZCTA5 58016
58017,326,77083,ZCTA5 58017
58018,467,101250,ZCTA5 58018
58021,595,76406,ZCTA5 58021
58027,1450,59375,ZCTA5 58027
58029,77,127250,ZCTA5 58029
58030,662,70469,ZCTA5 58030
58031,399,89167,ZCTA5 58031
58032,747,75750,ZCTA5 58032
58033,433,103125,ZCTA5 58033
58035,263,120625,ZCTA5 58035
58036,337,88750,ZCTA5 58036
58038,248,102917,ZCTA5 58038
58040,1001,70000,ZCTA5 58040
58041,1520,78529,ZCTA5 58041
58042,1291,135547,ZCTA5 58042
58043,132,98750,ZCTA5 58043
58045,2103,76354,ZCTA5 58045
58046,739,79583,ZCTA5 58046
58047,4427,148833,ZCTA5 58047
58048,462,89688,ZCTA5 58048
58049,292,100568,ZCTA5 58049
58051,1866,115875,ZCTA5 58051
58052,562,91667,ZCTA5 58052
58053,1368,48586,ZCTA5 58053
58054,3183,70625,ZCTA5 58054
58056,141,30833,ZCTA5 58056
58057,180,76607,ZCTA5 58057
58058,129,73214,ZCTA5 58058
58059,1462,110682,ZCTA5 58059
58060,1201,69894,ZCTA5 58060
58061,320,76719,ZCTA5 58061
58062,152,69500,ZCTA5 58062
58063,401,95833,ZCTA5 58063
58064,463,70625,ZCTA5 58064
58065,9,,ZCTA5 58065
58067,259,91250,ZCTA5 58067
58068,314,76042,ZCTA5 58068
58069,130,65000,ZCTA5 58069
58071,411,92500,ZCTA5 58071
58072,7928,58803,ZCTA5 58072
58074,35,,ZCTA5 58074
58075,8955,60451,ZCTA5 58075
58076,528,,ZCTA5 58076
58077,759,96667,ZCTA5 58077
58078,39243,97231,ZCTA5 58078
58079,452,79750,ZCTA5 58079
58081,785,81667,ZCTA5 58081
58102,32256,56823,ZCTA5 58102
58103,48577,56786,ZCTA5 58103
58104,46165,85919,ZCTA5 58104
58105,2533,,ZCTA5 58105
58201,42353,65498,ZCTA5 58201
58202,2976,28777,ZCTA5 58202
58203,16280,54692,ZCTA5 58203
58204,1860,70500,ZCTA5 58204
58205,253,,ZCTA5 58205
58210,269,55000,ZCTA5 58210
58212,370,58250,ZCTA5 58212
58214,418,104500,ZCTA5 58214
58216,168,151563,ZCTA5 58216
58218,775,66625,ZCTA5 58218
58219,69,,ZCTA5 58219
58220,2204,60250,ZCTA5 58220
58222,209,42500,ZCTA5 58222
58223,138,64821,ZCTA5 58223
58224,55,122000,ZCTA5 58224
58225,1081,69632,ZCTA5 58225
58227,535,80000,ZCTA5 58227
58228,716,63854,ZCTA5 58228
58229,62,40000,ZCTA5 58229
58230,568,87794,ZCTA5 58230
58231,459,78375,ZCTA5 58231
58233,277,91029,ZCTA5 58233
58235,577,61875,ZCTA5 58235
58236,42,250001,ZCTA5 58236
58237,5156,66050,ZCTA5 58237
58238,104,100417,ZCTA5 58238
58239,20,,ZCTA5 58239
58240,1171,72917,ZCTA5 58240
58241,218,76875,ZCTA5 58241
58243,546,59519,ZCTA5 58243
58244,43,85313,ZCTA5 58244
58249,2224,59211,ZCTA5 58249
58250,210,80000,ZCTA5 58250
58251,1941,85938,ZCTA5 58251
58254,516,81607,ZCTA5 58254
58255,0,,ZCTA5 58255
58256,824,88000,ZCTA5 58256
58257,2340,78365,ZCTA5 58257
58258,263,53750,ZCTA5 58258
58259,470,59583,ZCTA5 58259
58260,227,62857,ZCTA5 58260
58261,1295,65833,ZCTA5 58261
58262,116,,ZCTA5 58262
58265,561,82639,ZCTA5 58265
58266,157,86625,ZCTA5 58266
58267,1426,86154,ZCTA5 58267
58269,219,36406,ZCTA5 58269
58270,1905,71458,ZCTA5 58270
58271,590,86364,ZCTA5 58271
58272,229,73750,ZCTA5 58272
58273,154,54583,ZCTA5 58273
58274,925,81500,ZCTA5 58274
58275,796,87083,ZCTA5 58275
58276,434,80500,ZCTA5 58276
58277,151,82125,ZCTA5 58277
58278,1882,94125,ZCTA5 58278
58281,58,117708,ZCTA5 58281
58282,1254,44375,ZCTA5 58282
58301,10190,58272,ZCTA5 58301
58310,10,,ZCTA5 58310
58311,69,113750,ZCTA5 58311
58313,49,,ZCTA5 58313
58316,5920,54722,ZCTA5 58316
58317,188,,ZCTA5 58317
58318,3874,79830,ZCTA5 58318
58321,99,109375,ZCTA5 58321
58323,80,172500,ZCTA5 58323
58324,1388,56875,ZCTA5 58324
58325,64,,ZCTA5 58325
58327,354,113438,ZCTA5 58327
58329,2940,48610,ZCTA5 58329
58330,514,65908,ZCTA5 58330
58331,172,77917,ZCTA5 58331
58332,227,62875,ZCTA5 58332
58335,1256,25313,ZCTA5 58335
58338,104,59375,ZCTA5 58338
58339,23,33438,ZCTA5 58339
58341,2526,49554,ZCTA5 58341
58343,55,92813,ZCTA5 58343
58344,1012,60474,ZCTA5 58344
58345,157,79167,ZCTA5 58345
58346,546,62813,ZCTA5 58346
58348,727,56563,ZCTA5 58348
58351,345,78750,ZCTA5 58351
58352,480,72589,ZCTA5 58352
58353,92,123000,ZCTA5 58353
58355,49,74000,ZCTA5 58355
58356,1711,48512,ZCTA5 58356
58357,557,75195,ZCTA5 58357
58361,264,122500,ZCTA5 58361
58362,20,,ZCTA5 58362
58363,74,89750,ZCTA5 58363
58365,167,54464,ZCTA5 58365
58366,873,64500,ZCTA5 58366
58367,1519,56667,ZCTA5 58367
58368,3408,57055,ZCTA5 58368
58369,1011,80750,ZCTA5 58369
58370,1255,43438,ZCTA5 58370
58372,115,66875,ZCTA5 58372
58374,534,63750,ZCTA5 58374
58377,221,103750,ZCTA5 58377
58379,286,40156,ZCTA5 58379
58380,431,68125,ZCTA5 58380
58381,440,108000,ZCTA5 58381
58382,116,88676,ZCTA5 58382
58384,258,89167,ZCTA5 58384
58385,196,101875,ZCTA5 58385
58386,62,126250,ZCTA5 58386
58401,17410,57278,ZCTA5 58401
58402,114,,ZCTA5 58402
58405,680,,ZCTA5 58405
58413,992,63167,ZCTA5 58413
58415,211,,ZCTA5 58415
58416,404,57500,ZCTA5 58416
58418,415,58068,ZCTA5 58418
58420,358,105000,ZCTA5 58420
58421,2981,80461,ZCTA5 58421
58422,202,137500,ZCTA5 58422
58423,60,40833,ZCTA5 58423
58424,445,75625,ZCTA5 58424
58425,1316,75938,ZCTA5 58425
58426,195,76250,ZCTA5 58426
58428,233,60625,ZCTA5 58428
58429,271,78750,ZCTA5 58429
58430,150,54712,ZCTA5 58430
58431,135,106429,ZCTA5 58431
58433,1229,56875,ZCTA5 58433
58436,1715,52321,ZCTA5 58436
58438,730,72647,ZCTA5 58438
58439,248,,ZCTA5 58439
58440,90,55000,ZCTA5 58440
58441,324,77500,ZCTA5 58441
58442,496,56364,ZCTA5 58442
58443,135,57500,ZCTA5 58443
58444,161,68214,ZCTA5 58444
58445,208,80729,ZCTA5 58445
58448,339,61458,ZCTA5 58448
58451,66,57143,ZCTA5 58451
58452,52,,ZCTA5 58452
58454,326,64375,ZCTA5 58454
58455,384,76000,ZCTA5 58455
58456,601,72500,ZCTA5 58456
58458,1089,69813,ZCTA5 58458
58460,137,55417,ZCTA5 58460
58461,442,66250,ZCTA5 58461
58463,579,69063,ZCTA5 58463
58464,229,54464,ZCTA5 58464
58466,460,71580,ZCTA5 58466
58467,558,65875,ZCTA5 58467
58472,398,83750,ZCTA5 58472
58474,2806,75066,ZCTA5 58474
58475,121,,ZCTA5 58475
58476,412,,ZCTA5 58476
58477,147,71000,ZCTA5 58477
58478,126,,ZCTA5 58478
58479,161,70875,ZCTA5 58479
58480,196,76023,ZCTA5 58480
58481,212,85714,ZCTA5 58481
58482,979,58304,ZCTA5 58482
58483,354,80568,ZCTA5 58483
58484,99,105625,ZCTA5 58484
58486,164,121250,ZCTA5 58486
58487,617,44500,ZCTA5 58487
58488,149,73295,ZCTA5 58488
58490,297,88750,ZCTA5 58490
58492,387,91250,ZCTA5 58492
58494,422,83482,ZCTA5 58494
58495,1204,69107,ZCTA5 58495
58496,125,68563,ZCTA5 58496
58497,178,107813,ZCTA5 58497
58501,28579,65777,ZCTA5 58501
58503,36944,101618,ZCTA5 58503
58504,29545,79652,ZCTA5 58504
58505,0,,ZCTA5 58505
58520,253,89643,ZCTA5 58520
58521,705,128048,ZCTA5 58521
58523,3272,90268,ZCTA5 58523
58524,62,66250,ZCTA5 58524
58528,766,23000,ZCTA5 58528
58529,717,60469,ZCTA5 58529
58530,1113,82250,ZCTA5 58530
58531,341,77188,ZCTA5 58531
58532,275,42237,ZCTA5 58532
58533,957,53500,ZCTA5 58533
58535,444,62500,ZCTA5 58535
58538,2274,39432,ZCTA5 58538
58540,3154,78068,ZCTA5 58540
58541,548,90391,ZCTA5 58541
58542,250,43125,ZCTA5 58542
58544,565,66250,ZCTA5 58544
58545,3247,76500,ZCTA5 58545
58549,299,65962,ZCTA5 58549
58552,1358,62000,ZCTA5 58552
58554,28814,83542,ZCTA5 58554
58558,913,103438,ZCTA5 58558
58559,364,108250,ZCTA5 58559
58560,288,,ZCTA5 58560
58561,1039,53611,ZCTA5 58561
58562,301,63438,ZCTA5 58562
58563,1951,71875,ZCTA5 58563
58564,98,56429,ZCTA5 58564
58565,182,86250,ZCTA5 58565
58566,255,46890,ZCTA5 58566
58568,526,52857,ZCTA5 58568
58569,108,,ZCTA5 58569
58570,484,77917,ZCTA5 58570
58571,784,55104,ZCTA5 58571
58572,337,81563,ZCTA5 58572
58573,763,59432,ZCTA5 58573
58575,850,75521,ZCTA5 58575
58576,1073,86106,ZCTA5 58576
58577,1850,76063,ZCTA5 58577
58579,1022,82986,ZCTA5 58579
58580,523,115278,ZCTA5 58580
58581,291,93611,ZCTA5 58581
58601,29309,78864,ZCTA5 58601
58620,183,58750,ZCTA5 58620
58621,1271,89712,ZCTA5 58621
58622,1781,78500,ZCTA5 58622
58623,2030,78109,ZCTA5 58623
58625,288,122500,ZCTA5 58625
58626,636,92986,ZCTA5 58626
58627,181,77292,ZCTA5 58627
58630,479,111157,ZCTA5 58630
58631,989,52500,ZCTA5 58631
58632,274,60625,ZCTA5 58632
58634,318,,ZCTA5 58634
58636,934,59375,ZCTA5 58636
58638,966,56364,ZCTA5 58638
58639,1764,61042,ZCTA5 58639
58640,1226,95664,ZCTA5 58640
58641,71,,ZCTA5 58641
58642,321,74875,ZCTA5 58642
58643,122,58833,ZCTA5 58643
58644,21,,ZCTA5 58644
58645,243,70833,ZCTA5 58645
58646,1041,50268,ZCTA5 58646
58647,1301,68333,ZCTA5 58647
58649,311,63833,ZCTA5 58649
58650,425,68804,ZCTA5 58650
58651,516,103304,ZCTA5 58651
58652,1198,73393,ZCTA5 58652
58653,708,83125,ZCTA5 58653
58654,230,118000,ZCTA5 58654
58655,591,115139,ZCTA5 58655
58656,368,83750,ZCTA5 58656
58701,32855,74753,ZCTA5 58701
58703,22780,80639,ZCTA5 58703
58704,4658,72237,ZCTA5 58704
58705,285,,ZCTA5 58705
58707,509,,ZCTA5 58707
58710,565,83482,ZCTA5 58710
58711,251,72500,ZCTA5 58711
58712,78,43750,ZCTA5 58712
58713,175,81207,ZCTA5 58713
58716,306,56743,ZCTA5 58716
58718,1157,97833,ZCTA5 58718
58721,433,88750,ZCTA5 58721
58722,1526,78750,ZCTA5 58722
58723,210,71875,ZCTA5 58723
58725,347,93750,ZCTA5 58725
58727,143,83571,ZCTA5 58727
58730,1350,83516,ZCTA5 58730
58731,355,95954,ZCTA5 58731
58733,256,96250,ZCTA5 58733
58734,220,64028,ZCTA5 58734
58735,483,141500,ZCTA5 58735
58736,469,61250,ZCTA5 58736
58737,177,103750,ZCTA5 58737
58740,777,92917,ZCTA5 58740
58741,672,104643,ZCTA5 58741
58744,114,78958,ZCTA5 58744
58746,1581,66691,ZCTA5 58746
58748,139,37500,ZCTA5 58748
58750,482,85000,ZCTA5 58750
58752,380,84167,ZCTA5 58752
58755,206,,ZCTA5 58755
58756,161,83625,ZCTA5 58756
58757,1171,98750,ZCTA5 58757
58758,271,80234,ZCTA5 58758
58759,665,89167,ZCTA5 58759
58760,237,65469,ZCTA5 58760
58761,848,64219,ZCTA5 58761
58762,190,81875,ZCTA5 58762
58763,3982,73077,ZCTA5 58763
58765,350,94750,ZCTA5 58765
58768,402,95208,ZCTA5 58768
58769,174,73125,ZCTA5 58769
58770,1679,63438,ZCTA5 58770
58771,519,83352,ZCTA5 58771
58772,159,109018,ZCTA5 58772
58773,990,96563,ZCTA5 58773
58775,181,63571,ZCTA5 58775
58776,255,79657,ZCTA5 58776
58778,125,138269,ZCTA5 58778
58779,340,58750,ZCTA5 58779
58781,607,107917,ZCTA5 58781
58782,497,74896,ZCTA5 58782
58783,434,86964,ZCTA5 58783
58784,2860,108000,ZCTA5 58784
58785,1630,98750,ZCTA5 58785
58787,65,,ZCTA5 58787
58788,827,77656,ZCTA5 58788
58789,443,75000,ZCTA5 58789
58790,1460,75588,ZCTA5 58790
58792,258,98611,ZCTA5 58792
58793,586,71250,ZCTA5 58793
58794,206,69087,ZCTA5 58794
58795,153,92917,ZCTA5 58795
58801,33579,85913,ZCTA5 58801
58830,154,54063,ZCTA5 58830
58831,1133,90000,ZCTA5 58831
58833,213,117500,ZCTA5 58833
58835,904,129545,ZCTA5 58835
58838,309,92969,ZCTA5 58838
58843,951,135509,ZCTA5 58843
58844,100,,ZCTA5 58844
58845,582,85536,ZCTA5 58845
58847,293,84167,ZCTA5 58847
58849,1171,67604,ZCTA5 58849
58852,1973,76198,ZCTA5 58852
58853,494,101719,ZCTA5 58853
58854,9173,82426,ZCTA5 58854
58856,70,107500,ZCTA5 58856
59001,1337,76120,ZCTA5 59001
59002,187,32885,ZCTA5 59002
59003,1125,43698,ZCTA5 59003
59006,1132,38472,ZCTA5 59006
59007,135,84167,ZCTA5 59007
59008,420,82969,ZCTA5 59008
59010,193,97813,ZCTA5 59010
59011,3148,63397,ZCTA5 59011
59012,60,53750,ZCTA5 59012
59013,141,188478,ZCTA5 59013
59014,1516,48438,ZCTA5 59014
59015,367,61071,ZCTA5 59015
59016,966,51125,ZCTA5 59016
59018,626,59688,ZCTA5 59018
59019,4283,85100,ZCTA5 59019
59020,86,46250,ZCTA5 59020
59022,2180,36563,ZCTA5 59022
59024,326,68929,ZCTA5 59024
59025,32,,ZCTA5 59025
59026,118,56250,ZCTA5 59026
59027,660,53833,ZCTA5 59027
59028,446,90417,ZCTA5 59028
59029,780,67656,ZCTA5 59029
59030,1160,50821,ZCTA5 59030
59031,473,122969,ZCTA5 59031
59032,442,57000,ZCTA5 59032
59033,124,87188,ZCTA5 59033
59034,5199,55893,ZCTA5 59034
59035,182,49120,ZCTA5 59035
59036,1577,53456,ZCTA5 59036
59037,2267,88750,ZCTA5 59037
59038,612,62917,ZCTA5 59038
59039,23,,ZCTA5 59039
59041,2080,79625,ZCTA5 59041
59043,3038,36853,ZCTA5 59043
59044,12851,83687,ZCTA5 59044
59046,496,68750,ZCTA5 59046
59047,13565,69417,ZCTA5 59047
59050,1602,62679,ZCTA5 59050
59052,130,,ZCTA5 59052
59053,203,,ZCTA5 59053
59054,236,50375,ZCTA5 59054
59055,123,95000,ZCTA5 59055
59057,919,81250,ZCTA5 59057
59058,22,16875,ZCTA5 59058
59059,191,35313,ZCTA5 59059
59061,242,81250,ZCTA5 59061
59062,50,44583,ZCTA5 59062
59063,1946,77955,ZCTA5 59063
59064,244,,ZCTA5 59064
59065,101,119500,ZCTA5 59065
59066,660,51563,ZCTA5 59066
59067,217,75417,ZCTA5 59067
59068,3514,55368,ZCTA5 59068
59069,544,61406,ZCTA5 59069
59070,1407,86667,ZCTA5 59070
59071,113,90000,ZCTA5 59071
59072,4483,55675,ZCTA5 59072
59074,421,43750,ZCTA5 59074
59075,172,63393,ZCTA5 59075
59076,44,,ZCTA5 59076
59077,65,110625,ZCTA5 59077
59078,120,44107,ZCTA5 59078
59079,3508,64475,ZCTA5 59079
59081,114,,ZCTA5 59081
59082,13,,ZCTA5 59082
59083,3,,ZCTA5 59083
59085,112,,ZCTA5 59085
59086,822,67986,ZCTA5 59086
59087,356,58295,ZCTA5 59087
59088,1180,66393,ZCTA5 59088
59089,576,44688,ZCTA5 59089
59101,40848,56659,ZCTA5 59101
59102,48480,72044,ZCTA5 59102
59105,34895,75985,ZCTA5 59105
59106,19057,114911,ZCTA5 59106
59201,5532,48690,ZCTA5 59201
59211,255,153813,ZCTA5 59211
59212,370,60000,ZCTA5 59212
59213,822,50000,ZCTA5 59213
59214,54,29464,ZCTA5 59214
59215,907,83350,ZCTA5 59215
59217,191,73472,ZCTA5 59217
59218,1069,74102,ZCTA5 59218
59219,205,91250,ZCTA5 59219
59221,1905,63125,ZCTA5 59221
59222,208,63750,ZCTA5 59222
59223,44,145625,ZCTA5 59223
59225,574,43750,ZCTA5 59225
59226,653,60000,ZCTA5 59226
59230,4455,66950,ZCTA5 59230
59231,428,36509,ZCTA5 59231
59240,17,,ZCTA5 59240
59241,435,46080,ZCTA5 59241
59242,68,81250,ZCTA5 59242
59243,425,84500,ZCTA5 59243
59244,56,61250,ZCTA5 59244
59247,303,42500,ZCTA5 59247
59248,1046,74722,ZCTA5 59248
59250,302,,ZCTA5 59250
59252,82,61250,ZCTA5 59252
59253,88,126750,ZCTA5 59253
59254,1900,65625,ZCTA5 59254
59255,3078,40474,ZCTA5 59255
59256,122,,ZCTA5 59256
59257,67,64286,ZCTA5 59257
59258,178,,ZCTA5 59258
59259,354,68906,ZCTA5 59259
59260,104,76667,ZCTA5 59260
59261,407,59286,ZCTA5 59261
59262,744,70956,ZCTA5 59262
59263,1188,45994,ZCTA5 59263
59270,8585,62500,ZCTA5 59270
59273,13,,ZCTA5 59273
59274,287,59318,ZCTA5 59274
59275,559,67083,ZCTA5 59275
59276,23,74375,ZCTA5 59276
59301,11610,60997,ZCTA5 59301
59311,142,59250,ZCTA5 59311
59312,10,,ZCTA5 59312
59313,2284,79929,ZCTA5 59313
59314,71,56964,ZCTA5 59314
59315,88,69688,ZCTA5 59315
59316,29,,ZCTA5 59316
59317,1097,62500,ZCTA5 59317
59318,149,61875,ZCTA5 59318
59319,21,45313,ZCTA5 59319
59322,126,48125,ZCTA5 59322
59323,2327,87321,ZCTA5 59323
59324,662,43125,ZCTA5 59324
59326,420,,ZCTA5 59326
59327,2308,55343,ZCTA5 59327
59330,8300,68238,ZCTA5 59330
59332,180,29890,ZCTA5 59332
59333,30,106250,ZCTA5 59333
59336,222,60625,ZCTA5 59336
59337,602,65000,ZCTA5 59337
59338,162,73750,ZCTA5 59338
59339,149,55625,ZCTA5 59339
59343,47,45000,ZCTA5 59343
59344,525,78750,ZCTA5 59344
59345,41,113750,ZCTA5 59345
59347,355,89405,ZCTA5 59347
59349,875,48935,ZCTA5 59349
59351,212,57813,ZCTA5 59351
59353,1129,59000,ZCTA5 59353
59354,214,,ZCTA5 59354
59401,13660,48396,ZCTA5 59401
59404,28417,77829,ZCTA5 59404
59405,34010,53901,ZCTA5 59405
59410,621,41118,ZCTA5 59410
59411,863,62870,ZCTA5 59411
59412,1493,75250,ZCTA5 59412
59414,672,,ZCTA5 59414
59416,370,97632,ZCTA5 59416
59417,7532,35272,ZCTA5 59417
59418,94,,ZCTA5 59418
59419,70,47292,ZCTA5 59419
59420,251,57969,ZCTA5 59420
59421,2025,69563,ZCTA5 59421
59422,2746,60238,ZCTA5 59422
59424,61,80469,ZCTA5 59424
59425,3698,59535,ZCTA5 59425
59427,5008,45929,ZCTA5 59427
59430,593,88750,ZCTA5 59430
59432,163,66250,ZCTA5 59432
59433,469,56579,ZCTA5 59433
59434,414,53000,ZCTA5 59434
59435,36,,ZCTA5 59435
59436,2222,77292,ZCTA5 59436
59440,263,,ZCTA5 59440
59441,138,,ZCTA5 59441
59442,1846,68194,ZCTA5 59442
59443,498,66071,ZCTA5 59443
59444,237,43750,ZCTA5 59444
59446,632,55000,ZCTA5 59446
59447,360,83750,ZCTA5 59447
59448,690,33438,ZCTA5 59448
59450,522,60250,ZCTA5 59450
59451,249,90476,ZCTA5 59451
59452,522,44464,ZCTA5 59452
59453,279,52500,ZCTA5 59453
59454,135,36042,ZCTA5 59454
59456,194,40208,ZCTA5 59456
59457,8783,57579,ZCTA5 59457
59460,156,46175,ZCTA5 59460
59461,53,62941,ZCTA5 59461
59462,142,52500,ZCTA5 59462
59463,103,38125,ZCTA5 59463
59464,553,48625,ZCTA5 59464
59465,40,,ZCTA5 59465
59466,103,,ZCTA5 59466
59467,96,55625,ZCTA5 59467
59468,634,76000,ZCTA5 59468
59469,156,76667,ZCTA5 59469
59471,357,58750,ZCTA5 59471
59472,541,55625,ZCTA5 59472
59474,3331,51531,ZCTA5 59474
59477,329,94063,ZCTA5 59477
59479,736,48869,ZCTA5 59479
59480,303,53750,ZCTA5 59480
59482,992,81806,ZCTA5 59482
59483,358,81615,ZCTA5 59483
59484,84,75658,ZCTA5 59484
59485,712,86625,ZCTA5 59485
59486,1213,51944,ZCTA5 59486
59487,1394,50060,ZCTA5 59487
59489,335,59180,ZCTA5 59489
59501,12358,62188,ZCTA5 59501
59520,1151,55625,ZCTA5 59520
59521,3662,42617,ZCTA5 59521
59522,1324,51406,ZCTA5 59522
59523,2131,68071,ZCTA5 59523
59524,729,38750,ZCTA5 59524
59525,212,49219,ZCTA5 59525
59526,2791,56890,ZCTA5 59526
59527,1210,49327,ZCTA5 59527
59528,226,51250,ZCTA5 59528
59529,140,60938,ZCTA5 59529
59530,137,77083,ZCTA5 59530
59531,385,48500,ZCTA5 59531
59532,105,74688,ZCTA5 59532
59535,40,,ZCTA5 59535
59537,71,111875,ZCTA5 59537
59538,3102,65670,ZCTA5 59538
59540,561,63750,ZCTA5 59540
59542,303,63750,ZCTA5 59542
59544,177,40208,ZCTA5 59544
59545,60,41389,ZCTA5 59545
59546,116,45506,ZCTA5 59546
59547,48,41250,ZCTA5 59547
59601,31447,65696,ZCTA5 59601
59602,29846,89464,ZCTA5 59602
59623,0,,ZCTA5 59623
59625,155,,ZCTA5 59625
59631,371,49375,ZCTA5 59631
59632,2412,59789,ZCTA5 59632
59633,289,,ZCTA5 59633
59634,5255,110375,ZCTA5 59634
59635,7815,69295,ZCTA5 59635
59636,27,,ZCTA5 59636
59638,594,71000,ZCTA5 59638
59639,1171,44300,ZCTA5 59639
59640,67,60568,ZCTA5 59640
59642,37,,ZCTA5 59642
59643,680,32853,ZCTA5 59643
59644,4504,62542,ZCTA5 59644
59645,1719,57375,ZCTA5 59645
59647,412,56964,ZCTA5 59647
59648,335,66500,ZCTA5 59648
59701,33990,55818,ZCTA5 59701
59710,243,42083,ZCTA5 59710
59711,9424,47265,ZCTA5 59711
59713,206,63889,ZCTA5 59713
59714,23248,84427,ZCTA5 59714
59715,39061,76708,ZCTA5 59715
59716,2144,98207,ZCTA5 59716
59718,42538,92054,ZCTA5 59718
59720,368,45714,ZCTA5 59720
59721,462,84000,ZCTA5 59721
59722,5704,57522,ZCTA5 59722
59724,100,68333,ZCTA5 59724
59725,8081,55578,ZCTA5 59725
59727,329,69375,ZCTA5 59727
59728,373,68906,ZCTA5 59728
59729,2391,64080,ZCTA5 59729
59730,2384,92813,ZCTA5 59730
59731,197,56375,ZCTA5 59731
59732,238,66250,ZCTA5 59732
59733,172,72500,ZCTA5 59733
59735,297,59432,ZCTA5 59735
59736,146,79167,ZCTA5 59736
59739,281,51094,ZCTA5 59739
59740,435,43873,ZCTA5 59740
59741,5315,78239,ZCTA5 59741
59743,186,37292,ZCTA5 59743
59745,156,65682,ZCTA5 59745
59746,100,54375,ZCTA5 59746
59747,204,67083,ZCTA5 59747
59748,343,92969,ZCTA5 59748
59749,2026,75735,ZCTA5 59749
59750,393,79267,ZCTA5 59750
59751,276,43214,ZCTA5 59751
59752,4545,79788,ZCTA5 59752
59754,1065,69671,ZCTA5 59754
59755,127,75625,ZCTA5 59755
59756,339,,ZCTA5 59756
59758,1804,58810,ZCTA5 59758
59759,3647,54696,ZCTA5 59759
59760,252,62917,ZCTA5 59760
59761,310,58750,ZCTA5 59761
59762,212,52411,ZCTA5 59762
59801,31094,51494,ZCTA5 59801
59802,19533,64908,ZCTA5 59802
59803,17109,98233,ZCTA5 59803
59804,7847,78551,ZCTA5 59804
59808,22921,72702,ZCTA5 59808
59812,1318,,ZCTA5 59812
59820,2007,67500,ZCTA5 59820
59821,2780,64868,ZCTA5 59821
59823,1791,76060,ZCTA5 59823
59824,1520,61154,ZCTA5 59824
59825,2229,81813,ZCTA5 59825
59826,616,54934,ZCTA5 59826
59827,294,66250,ZCTA5 59827
59828,5432,78676,ZCTA5 59828
59829,2219,54643,ZCTA5 59829
59830,143,41875,ZCTA5 59830
59831,602,40714,ZCTA5 59831
59832,891,55125,ZCTA5 59832
59833,5728,78003,ZCTA5 59833
59834,2028,79631,ZCTA5 59834
59837,368,47443,ZCTA5 59837
59840,14625,62576,ZCTA5 59840
59841,904,78036,ZCTA5 59841
59842,125,,ZCTA5 59842
59843,256,76094,ZCTA5 59843
59844,732,49338,ZCTA5 59844
59845,1303,29194,ZCTA5 59845
59846,1295,58750,ZCTA5 59846
59847,6601,69793,ZCTA5 59847
59848,95,74250,ZCTA5 59848
59851,40,,ZCTA5 59851
59853,905,52500,ZCTA5 59853
59854,195,81750,ZCTA5 59854
59855,376,28750,ZCTA5 59855
59856,226,43750,ZCTA5 59856
59858,1678,45313,ZCTA5 59858
59859,4115,47097,ZCTA5 59859
59860,11528,57204,ZCTA5 59860
59863,173,74013,ZCTA5 59863
59864,7057,46518,ZCTA5 59864
59865,3899,54375,ZCTA5 59865
59866,941,68021,ZCTA5 59866
59867,15,,ZCTA5 59867
59868,1944,44881,ZCTA5 59868
59870,12182,73319,ZCTA5 59870
59871,302,75500,ZCTA5 59871
59872,2394,51389,ZCTA5 59872
59873,2663,46467,ZCTA5 59873
59874,2023,57587,ZCTA5 59874
59875,4054,65968,ZCTA5 59875
59901,60177,67936,ZCTA5 59901
59910,658,,ZCTA5 59910
59911,9161,75820,ZCTA5 59911
59912,15381,69403,ZCTA5 59912
59913,544,55446,ZCTA5 59913
59914,342,57292,ZCTA5 59914
59915,357,,ZCTA5 59915
59916,186,53558,ZCTA5 59916
59917,5001,48426,ZCTA5 59917
59918,625,65417,ZCTA5 59918
59919,891,38750,ZCTA5 59919
59920,1525,71681,ZCTA5 59920
59922,2501,71541,ZCTA5 59922
59923,9545,43271,ZCTA5 59923
59925,1654,57903,ZCTA5 59925
59926,280,,ZCTA5 59926
59927,328,73250,ZCTA5 59927
59928,190,59750,ZCTA5 59928
59929,215,,ZCTA5 59929
59930,697,40167,ZCTA5 59930
59931,269,,ZCTA5 59931
59932,1347,54627,ZCTA5 59932
59933,21,,ZCTA5 59933
59934,763,62083,ZCTA5 59934
59935,3505,40676,ZCTA5 59935
59936,514,74583,ZCTA5 59936
59937,14183,73233,ZCTA5 59937
60002,24398,106176,ZCTA5 60002
60004,52189,117720,ZCTA5 60004
60005,29216,95765,ZCTA5 60005
60007,32768,94051,ZCTA5 60007
60008,22863,89205,ZCTA5 60008
60010,46674,170505,ZCTA5 60010
60012,11736,150320,ZCTA5 60012
60013,26266,114055,ZCTA5 60013
60014,48568,102530,ZCTA5 60014
60015,27835,181111,ZCTA5 60015
60016,61988,80116,ZCTA5 60016
60018,28820,75528,ZCTA5 60018
60020,11051,65099,ZCTA5 60020
60021,5199,116626,ZCTA5 60021
60022,8529,227279,ZCTA5 60022
60025,40858,116809,ZCTA5 60025
60026,14743,145533,ZCTA5 60026
60029,546,228750,ZCTA5 60029
60030,35978,102436,ZCTA5 60030
60031,37202,108424,ZCTA5 60031
60033,13574,69619,ZCTA5 60033
60034,2061,90938,ZCTA5 60034
60035,30215,159519,ZCTA5 60035
60040,5227,105282,ZCTA5 60040
60041,8843,86406,ZCTA5 60041
60042,8589,89660,ZCTA5 60042
60043,2537,250001,ZCTA5 60043
60044,10271,114831,ZCTA5 60044
60045,21159,201847,ZCTA5 60045
60046,34854,121099,ZCTA5 60046
60047,43750,167358,ZCTA5 60047
60048,29452,166229,ZCTA5 60048
60050,31820,84330,ZCTA5 60050
60051,23598,99854,ZCTA5 60051
60053,24910,102940,ZCTA5 60053
60056,56651,100850,ZCTA5 60056
60060,37131,104405,ZCTA5 60060
60061,27602,118371,ZCTA5 60061
60062,42004,136120,ZCTA5 60062
60064,15380,45030,ZCTA5 60064
60067,38380,122691,ZCTA5 60067
60068,39332,138196,ZCTA5 60068
60069,8602,147267,ZCTA5 60069
60070,15721,84054,ZCTA5 60070
60071,3938,71471,ZCTA5 60071
60072,959,134167,ZCTA5 60072
60073,62071,88279,ZCTA5 60073
60074,37222,78287,ZCTA5 60074
60075,0,,ZCTA5 60075
60076,33170,100786,ZCTA5 60076
60077,29330,77826,ZCTA5 60077
60081,9194,113978,ZCTA5 60081
60083,9699,106600,ZCTA5 60083
60084,17301,99957,ZCTA5 60084
60085,71465,58843,ZCTA5 60085
60087,27815,75691,ZCTA5 60087
60088,14143,57143,ZCTA5 60088
60089,42867,127537,ZCTA5 60089
60090,38753,80060,ZCTA5 60090
60091,27591,179700,ZCTA5 60091
60093,20272,227013,ZCTA5 60093
60096,6655,93806,ZCTA5 60096
60097,11865,88851,ZCTA5 60097
60098,33116,88059,ZCTA5 60098
60099,31523,65021,ZCTA5 60099
60101,37175,82705,ZCTA5 60101
60102,32227,127140,ZCTA5 60102
60103,42047,127138,ZCTA5 60103
60104,18621,72337,ZCTA5 60104
60106,20321,76425,ZCTA5 60106
60107,39450,94502,ZCTA5 60107
60108,23647,100072,ZCTA5 60108
60109,434,77656,ZCTA5 60109
60110,39383,85785,ZCTA5 60110
60111,153,107054,ZCTA5 60111
60112,4783,76528,ZCTA5 60112
60113,245,74821,ZCTA5 60113
60115,42456,47310,ZCTA5 60115
60118,15623,99510,ZCTA5 60118
60119,10872,120139,ZCTA5 60119
60120,50589,78360,ZCTA5 60120
60123,49537,82358,ZCTA5 60123
60124,24172,137335,ZCTA5 60124
60126,48032,140176,ZCTA5 60126
60129,224,98750,ZCTA5 60129
60130,14165,78625,ZCTA5 60130
60131,18258,74606,ZCTA5 60131
60133,37222,88460,ZCTA5 60133
60134,30938,143697,ZCTA5 60134
60135,7021,84333,ZCTA5 60135
60136,8481,121733,ZCTA5 60136
60137,38945,127886,ZCTA5 60137
60139,33161,83363,ZCTA5 60139
60140,21287,107104,ZCTA5 60140
60141,280,14044,ZCTA5 60141
60142,29449,85824,ZCTA5 60142
60143,11645,115781,ZCTA5 60143
60144,83,61250,ZCTA5 60144
60145,2539,91304,ZCTA5 60145
60146,2193,77443,ZCTA5 60146
60148,52598,94256,ZCTA5 60148
60150,2007,97734,ZCTA5 60150
60151,3944,123409,ZCTA5 60151
60152,12264,91833,ZCTA5 60152
60153,23385,64767,ZCTA5 60153
60154,16694,101414,ZCTA5 60154
60155,7965,58807,ZCTA5 60155
60156,28958,110988,ZCTA5 60156
60157,2550,108967,ZCTA5 60157
60160,25177,64400,ZCTA5 60160
60162,8213,68250,ZCTA5 60162
60163,5273,79618,ZCTA5 60163
60164,21371,71549,ZCTA5 60164
60165,4566,74448,ZCTA5 60165
60169,33910,92512,ZCTA5 60169
60171,10532,72466,ZCTA5 60171
60172,24016,104792,ZCTA5 60172
60173,14067,105243,ZCTA5 60173
60174,30799,99185,ZCTA5 60174
60175,25957,169742,ZCTA5 60175
60176,11600,65862,ZCTA5 60176
60177,23931,118484,ZCTA5 60177
60178,21996,84787,ZCTA5 60178
60180,1721,111250,ZCTA5 60180
60181,30973,86812,ZCTA5 60181
60183,0,,ZCTA5 60183
60184,2220,165703,ZCTA5 60184
60185,34049,97415,ZCTA5 60185
60187,29258,113614,ZCTA5 60187
60188,42219,104394,ZCTA5 60188
60189,31036,117574,ZCTA5 60189
60190,11652,139130,ZCTA5 60190
60191,14193,86565,ZCTA5 60191
60192,16536,150404,ZCTA5 60192
60193,39451,89678,ZCTA5 60193
60194,20312,91402,ZCTA5 60194
60195,5018,90188,ZCTA5 60195
60201,43122,89032,ZCTA5 60201
60202,33868,96869,ZCTA5 60202
60203,4540,159922,ZCTA5 60203
60208,191,,ZCTA5 60208
60301,3207,89654,ZCTA5 60301
60302,33063,94036,ZCTA5 60302
60304,17564,130290,ZCTA5 60304
60305,11568,144784,ZCTA5 60305
60401,7833,81201,ZCTA5 60401
60402,64659,71449,ZCTA5 60402
60403,17225,68300,ZCTA5 60403
60404,19668,118701,ZCTA5 60404
60406,24959,55830,ZCTA5 60406
60407,1581,83542,ZCTA5 60407
60408,5307,85625,ZCTA5 60408
60409,35708,56727,ZCTA5 60409
60410,13970,112111,ZCTA5 60410
60411,53222,56384,ZCTA5 60411
60415,14284,65168,ZCTA5 60415
60416,9372,76520,ZCTA5 60416
60417,15390,90670,ZCTA5 60417
60418,10733,73479,ZCTA5 60418
60419,21283,54748,ZCTA5 60419
60420,4746,67795,ZCTA5 60420
60421,3850,100956,ZCTA5 60421
60422,9735,136715,ZCTA5 60422
60423,32596,134640,ZCTA5 60423
60424,2309,77134,ZCTA5 60424
60425,8623,69278,ZCTA5 60425
60426,23213,41246,ZCTA5 60426
60428,11155,48542,ZCTA5 60428
60429,15069,56366,ZCTA5 60429
60430,20430,85136,ZCTA5 60430
60431,27357,109136,ZCTA5 60431
60432,20483,61345,ZCTA5 60432
60433,15485,58826,ZCTA5 60433
60435,48574,72860,ZCTA5 60435
60436,18452,57815,ZCTA5 60436
60437,88,87500,ZCTA5 60437
60438,29059,68502,ZCTA5 60438
60439,24670,128028,ZCTA5 60439
60440,51412,87009,ZCTA5 60440
60441,37046,98548,ZCTA5 60441
60442,13135,123208,ZCTA5 60442
60443,20735,85878,ZCTA5 60443
60444,1928,83182,ZCTA5 60444
60445,14632,67411,ZCTA5 60445
60446,41253,96317,ZCTA5 60446
60447,15662,111593,ZCTA5 60447
60448,24626,119229,ZCTA5 60448
60449,9564,89974,ZCTA5 60449
60450,20729,82295,ZCTA5 60450
60451,37488,128316,ZCTA5 60451
60452,26939,90812,ZCTA5 60452
60453,57665,77221,ZCTA5 60453
60455,17204,61273,ZCTA5 60455
60456,4299,56841,ZCTA5 60456
60457,14650,81723,ZCTA5 60457
60458,14360,59077,ZCTA5 60458
60459,29122,81060,ZCTA5 60459
60460,1319,78424,ZCTA5 60460
60461,4988,99125,ZCTA5 60461
60462,40942,94689,ZCTA5 60462
60463,13687,102773,ZCTA5 60463
60464,9779,127686,ZCTA5 60464
60465,18278,79306,ZCTA5 60465
60466,21243,59291,ZCTA5 60466
60467,25161,103175,ZCTA5 60467
60468,5782,94620,ZCTA5 60468
60469,5423,60375,ZCTA5 60469
60470,387,66500,ZCTA5 60470
60471,13237,71432,ZCTA5 60471
60472,4812,47120,ZCTA5 60472
60473,21695,80893,ZCTA5 60473
60474,684,87188,ZCTA5 60474
60475,10185,60220,ZCTA5 60475
60476,2169,65714,ZCTA5 60476
60477,36543,90712,ZCTA5 60477
60478,16591,73395,ZCTA5 60478
60479,676,100250,ZCTA5 60479
60480,5300,98659,ZCTA5 60480
60481,11303,73223,ZCTA5 60481
60482,11084,53993,ZCTA5 60482
60484,6633,62570,ZCTA5 60484
60487,26198,129129,ZCTA5 60487
60490,22343,146551,ZCTA5 60490
60491,22779,132110,ZCTA5 60491
60501,11655,55429,ZCTA5 60501
60502,23056,146855,ZCTA5 60502
60503,16660,140723,ZCTA5 60503
60504,39128,92760,ZCTA5 60504
60505,59466,63417,ZCTA5 60505
60506,50300,71560,ZCTA5 60506
60510,28393,114323,ZCTA5 60510
60511,1756,113065,ZCTA5 60511
60512,880,100927,ZCTA5 60512
60513,19366,98984,ZCTA5 60513
60514,9691,108175,ZCTA5 60514
60515,29112,116601,ZCTA5 60515
60516,28617,113032,ZCTA5 60516
60517,33282,95145,ZCTA5 60517
60518,3514,69309,ZCTA5 60518
60519,70,107083,ZCTA5 60519
60520,2927,87589,ZCTA5 60520
60521,18102,242462,ZCTA5 60521
60523,10179,106185,ZCTA5 60523
60525,31647,108941,ZCTA5 60525
60526,13468,113210,ZCTA5 60526
60527,28983,115318,ZCTA5 60527
60530,901,99205,ZCTA5 60530
60531,2269,75000,ZCTA5 60531
60532,29135,96935,ZCTA5 60532
60534,10670,59327,ZCTA5 60534
60536,88,89375,ZCTA5 60536
60537,551,79091,ZCTA5 60537
60538,30101,91591,ZCTA5 60538
60539,246,,ZCTA5 60539
60540,42756,143912,ZCTA5 60540
60541,3447,111667,ZCTA5 60541
60542,18105,105450,ZCTA5 60542
60543,40714,108924,ZCTA5 60543
60544,28073,103667,ZCTA5 60544
60545,13704,88750,ZCTA5 60545
60546,16470,106967,ZCTA5 60546
60548,12040,82607,ZCTA5 60548
60549,691,114063,ZCTA5 60549
60550,1177,75943,ZCTA5 60550
60551,4850,82277,ZCTA5 60551
60552,4538,120944,ZCTA5 60552
60553,666,100000,ZCTA5 60553
60554,12029,117580,ZCTA5 60554
60555,14436,95346,ZCTA5 60555
60556,2216,85417,ZCTA5 60556
60557,218,,ZCTA5 60557
60558,13557,198836,ZCTA5 60558
60559,24411,88290,ZCTA5 60559
60560,26932,106543,ZCTA5 60560
60561,22997,110061,ZCTA5 60561
60563,38702,106328,ZCTA5 60563
60564,46832,170630,ZCTA5 60564
60565,38942,155179,ZCTA5 60565
60585,24754,153026,ZCTA5 60585
60586,48029,123780,ZCTA5 60586
60601,16398,121294,ZCTA5 60601
60602,938,167617,ZCTA5 60602
60603,1110,124888,ZCTA5 60603
60604,737,76667,ZCTA5 60604
60605,34314,116462,ZCTA5 60605
60606,3513,133333,ZCTA5 60606
60607,28797,119500,ZCTA5 60607
60608,82749,66821,ZCTA5 60608
60609,63241,47209,ZCTA5 60609
60610,42904,106277,ZCTA5 60610
60611,35247,126812,ZCTA5 60611
60612,34459,58858,ZCTA5 60612
60613,51961,92238,ZCTA5 60613
60614,71701,135364,ZCTA5 60614
60615,42780,56518,ZCTA5 60615
60616,52707,72326,ZCTA5 60616
60617,83188,51203,ZCTA5 60617
60618,92235,100976,ZCTA5 60618
60619,60443,42802,ZCTA5 60619
60620,68330,46472,ZCTA5 60620
60621,26997,30163,ZCTA5 60621
60622,53944,119134,ZCTA5 60622
60623,76611,37814,ZCTA5 60623
60624,35664,31768,ZCTA5 60624
60625,80296,83527,ZCTA5 60625
60626,50135,56145,ZCTA5 60626
60628,61419,48601,ZCTA5 60628
60629,108997,53318,ZCTA5 60629
60630,55295,91135,ZCTA5 60630
60631,30418,112974,ZCTA5 60631
60632,86372,53966,ZCTA5 60632
60633,12440,54956,ZCTA5 60633
60634,75873,82771,ZCTA5 60634
60636,29833,30451,ZCTA5 60636
60637,51145,37247,ZCTA5 60637
60638,57799,85374,ZCTA5 60638
60639,85248,54969,ZCTA5 60639
60640,67317,69397,ZCTA5 60640
60641,68968,79884,ZCTA5 60641
60642,21444,137853,ZCTA5 60642
60643,48270,80461,ZCTA5 60643
60644,49445,34177,ZCTA5 60644
60645,48692,73726,ZCTA5 60645
60646,28770,112283,ZCTA5 60646
60647,85685,97550,ZCTA5 60647
60649,50143,39862,ZCTA5 60649
60651,65229,48532,ZCTA5 60651
60652,42223,76300,ZCTA5 60652
60653,34364,35136,ZCTA5 60653
60654,23475,138279,ZCTA5 60654
60655,28000,115324,ZCTA5 60655
60656,29180,82992,ZCTA5 60656
60657,71192,105428,ZCTA5 60657
60659,42621,64202,ZCTA5 60659
60660,42895,63596,ZCTA5 60660
60661,11513,139748,ZCTA5 60661
60706,24233,81678,ZCTA5 60706
60707,40845,76343,ZCTA5 60707
60712,13268,99390,ZCTA5 60712
60714,30857,76052,ZCTA5 60714
60803,22198,62992,ZCTA5 60803
60804,84189,64325,ZCTA5 60804
60805,19730,92266,ZCTA5 60805
60827,25538,35835,ZCTA5 60827
60901,33968,52915,ZCTA5 60901
60910,581,58438,ZCTA5 60910
60911,1206,82375,ZCTA5 60911
60912,565,62727,ZCTA5 60912
60913,1457,82188,ZCTA5 60913
60914,28443,85275,ZCTA5 60914
60915,10081,53243,ZCTA5 60915
60917,407,77969,ZCTA5 60917
60918,622,65750,ZCTA5 60918
60919,517,85208,ZCTA5 60919
60920,204,78750,ZCTA5 60920
60921,1523,62692,ZCTA5 60921
60922,2557,72917,ZCTA5 60922
60924,1590,66346,ZCTA5 60924
60926,76,57917,ZCTA5 60926
60927,2233,91167,ZCTA5 60927
60928,559,63125,ZCTA5 60928
60929,624,58698,ZCTA5 60929
60930,768,50417,ZCTA5 60930
60931,594,47232,ZCTA5 60931
60932,397,228199,ZCTA5 60932
60933,300,50536,ZCTA5 60933
60934,208,98750,ZCTA5 60934
60935,1235,105583,ZCTA5 60935
60936,4230,53750,ZCTA5 60936
60938,1718,66034,ZCTA5 60938
60939,0,,ZCTA5 60939
60940,3399,90385,ZCTA5 60940
60941,1639,82227,ZCTA5 60941
60942,5717,46452,ZCTA5 60942
60945,242,56875,ZCTA5 60945
60946,401,68083,ZCTA5 60946
60948,1741,78409,ZCTA5 60948
60949,517,54167,ZCTA5 60949
60950,12081,80325,ZCTA5 60950
60951,759,82054,ZCTA5 60951
60952,653,54792,ZCTA5 60952
60953,2444,55298,ZCTA5 60953
60954,5612,54495,ZCTA5 60954
60955,1877,70500,ZCTA5 60955
60956,122,46250,ZCTA5 60956
60957,5642,64341,ZCTA5 60957
60958,1476,41250,ZCTA5 60958
60959,938,47574,ZCTA5 60959
60960,872,52393,ZCTA5 60960
60961,898,54760,ZCTA5 60961
60962,637,62778,ZCTA5 60962
60963,1506,63913,ZCTA5 60963
60964,4887,74087,ZCTA5 60964
60966,1600,45714,ZCTA5 60966
60967,0,,ZCTA5 60967
60968,516,68750,ZCTA5 60968
60969,60,112750,ZCTA5 60969
60970,6025,51483,ZCTA5 60970
60973,406,67917,ZCTA5 60973
60974,310,53269,ZCTA5 60974
61001,1289,75909,ZCTA5 61001
61006,1460,69028,ZCTA5 61006
61007,325,66719,ZCTA5 61007
61008,34227,69945,ZCTA5 61008
61010,7399,83750,ZCTA5 61010
61011,2681,152250,ZCTA5 61011
61012,2424,95938,ZCTA5 61012
61013,621,65417,ZCTA5 61013
61014,1064,66019,ZCTA5 61014
61015,903,78250,ZCTA5 61015
61016,5185,97500,ZCTA5 61016
61018,953,73828,ZCTA5 61018
61019,3256,97813,ZCTA5 61019
61020,3170,86938,ZCTA5 61020
61021,22593,59930,ZCTA5 61021
61024,2524,73861,ZCTA5 61024
61025,4465,63995,ZCTA5 61025
61027,102,61333,ZCTA5 61027
61028,1639,70703,ZCTA5 61028
61030,2292,66696,ZCTA5 61030
61031,1745,72639,ZCTA5 61031
61032,29359,49346,ZCTA5 61032
61036,6796,75412,ZCTA5 61036
61037,105,66375,ZCTA5 61037
61038,1233,94267,ZCTA5 61038
61039,829,84167,ZCTA5 61039
61041,1436,49659,ZCTA5 61041
61042,428,67292,ZCTA5 61042
61043,159,58750,ZCTA5 61043
61044,235,54091,ZCTA5 61044
61046,2659,89100,ZCTA5 61046
61047,1626,78250,ZCTA5 61047
61048,3851,73313,ZCTA5 61048
61049,644,82917,ZCTA5 61049
61050,357,108750,ZCTA5 61050
61051,1549,62232,ZCTA5 61051
61052,1038,87361,ZCTA5 61052
61053,2839,63710,ZCTA5 61053
61054,3633,48387,ZCTA5 61054
61057,67,,ZCTA5 61057
61059,176,51473,ZCTA5 61059
61060,1482,70451,ZCTA5 61060
61061,6880,83343,ZCTA5 61061
61062,2015,77937,ZCTA5 61062
61063,4144,86136,ZCTA5 61063
61064,3898,71647,ZCTA5 61064
61065,10681,109226,ZCTA5 61065
61067,604,53512,ZCTA5 61067
61068,14862,64828,ZCTA5 61068
61070,1389,86429,ZCTA5 61070
61071,13766,55478,ZCTA5 61071
61072,11077,108681,ZCTA5 61072
61073,20567,98585,ZCTA5 61073
61074,4093,52267,ZCTA5 61074
61075,1026,68625,ZCTA5 61075
61077,118,,ZCTA5 61077
61078,1255,72794,ZCTA5 61078
61079,213,44034,ZCTA5 61079
61080,10780,77386,ZCTA5 61080
61081,21138,57618,ZCTA5 61081
61084,3118,90605,ZCTA5 61084
61085,2923,57156,ZCTA5 61085
61087,1755,72778,ZCTA5 61087
61088,6094,93507,ZCTA5 61088
61089,575,65446,ZCTA5 61089
61091,0,,ZCTA5 61091
61101,20481,45363,ZCTA5 61101
61102,16875,41097,ZCTA5 61102
61103,23441,49192,ZCTA5 61103
61104,18306,29594,ZCTA5 61104
61107,29386,69982,ZCTA5 61107
61108,29673,59783,ZCTA5 61108
61109,26382,58242,ZCTA5 61109
61111,22756,56276,ZCTA5 61111
61112,113,,ZCTA5 61112
61114,15017,80930,ZCTA5 61114
61115,22542,70500,ZCTA5 61115
61201,37838,55613,ZCTA5 61201
61230,932,74583,ZCTA5 61230
61231,5158,59551,ZCTA5 61231
61232,1506,65000,ZCTA5 61232
61233,253,57500,ZCTA5 61233
61234,1073,70357,ZCTA5 61234
61235,1464,57813,ZCTA5 61235
61236,65,44028,ZCTA5 61236
61237,0,,ZCTA5 61237
61238,2985,74737,ZCTA5 61238
61239,1174,37361,ZCTA5 61239
61240,5880,100625,ZCTA5 61240
61241,6775,70019,ZCTA5 61241
61242,1136,87375,ZCTA5 61242
61243,277,126563,ZCTA5 61243
61244,23239,62058,ZCTA5 61244
61250,2713,81141,ZCTA5 61250
61251,382,73125,ZCTA5 61251
61252,5424,67689,ZCTA5 61252
61254,12103,84009,ZCTA5 61254
61256,2063,81287,ZCTA5 61256
61257,836,73125,ZCTA5 61257
61258,188,39457,ZCTA5 61258
61259,1379,91080,ZCTA5 61259
61260,595,45556,ZCTA5 61260
61261,644,50441,ZCTA5 61261
61262,734,87344,ZCTA5 61262
61263,808,64444,ZCTA5 61263
61264,9927,70734,ZCTA5 61264
61265,44006,63755,ZCTA5 61265
61270,7096,82054,ZCTA5 61270
61272,1357,57083,ZCTA5 61272
61273,3175,101293,ZCTA5 61273
61274,269,93846,ZCTA5 61274
61275,4393,93077,ZCTA5 61275
61276,77,,ZCTA5 61276
61277,2978,77727,ZCTA5 61277
61278,657,84167,ZCTA5 61278
61279,944,80139,ZCTA5 61279
61281,2553,82262,ZCTA5 61281
61282,8234,67865,ZCTA5 61282
61283,1422,67250,ZCTA5 61283
61284,1745,98828,ZCTA5 61284
61285,2661,74311,ZCTA5 61285
61301,10380,55233,ZCTA5 61301
61310,3556,69071,ZCTA5 61310
61311,217,,ZCTA5 61311
61312,433,85000,ZCTA5 61312
61313,232,114792,ZCTA5 61313
61314,889,75125,ZCTA5 61314
61315,248,48750,ZCTA5 61315
61316,196,61250,ZCTA5 61316
61317,460,42500,ZCTA5 61317
61318,620,60750,ZCTA5 61318
61319,1297,74211,ZCTA5 61319
61320,675,68906,ZCTA5 61320
61321,312,76089,ZCTA5 61321
61322,1481,66146,ZCTA5 61322
61323,105,42031,ZCTA5 61323
61324,85,,ZCTA5 61324
61325,1028,81667,ZCTA5 61325
61326,2083,66346,ZCTA5 61326
61327,1385,115862,ZCTA5 61327
61328,78,,ZCTA5 61328
61329,1314,62500,ZCTA5 61329
61330,1222,71023,ZCTA5 61330
61331,0,,ZCTA5 61331
61332,139,,ZCTA5 61332
61333,270,68750,ZCTA5 61333
61334,604,92566,ZCTA5 61334
61335,362,88250,ZCTA5 61335
61336,484,83836,ZCTA5 61336
61337,500,57188,ZCTA5 61337
61338,238,61375,ZCTA5 61338
61340,480,80357,ZCTA5 61340
61341,7196,72442,ZCTA5 61341
61342,8389,66967,ZCTA5 61342
61344,262,40714,ZCTA5 61344
61345,701,84375,ZCTA5 61345
61346,47,57500,ZCTA5 61346
61348,4501,66522,ZCTA5 61348
61349,1054,70294,ZCTA5 61349
61350,24385,72323,ZCTA5 61350
61353,1238,57639,ZCTA5 61353
61354,10422,64034,ZCTA5 61354
61356,10959,63405,ZCTA5 61356
61358,374,68750,ZCTA5 61358
61359,431,45625,ZCTA5 61359
61360,3379,91822,ZCTA5 61360
61361,1351,87535,ZCTA5 61361
61362,5855,61721,ZCTA5 61362
61363,300,45625,ZCTA5 61363
61364,18245,52845,ZCTA5 61364
61367,902,56935,ZCTA5 61367
61368,1314,70313,ZCTA5 61368
61369,1393,58984,ZCTA5 61369
61370,1168,81875,ZCTA5 61370
61371,85,,ZCTA5 61371
61372,269,76250,ZCTA5 61372
61373,2117,100231,ZCTA5 61373
61374,46,56563,ZCTA5 61374
61375,1163,77500,ZCTA5 61375
61376,1960,55398,ZCTA5 61376
61377,1469,46750,ZCTA5 61377
61378,493,100139,ZCTA5 61378
61379,1224,54345,ZCTA5 61379
61401,30809,45426,ZCTA5 61401
61402,1748,,ZCTA5 61402
61410,3730,58021,ZCTA5 61410
61411,346,87702,ZCTA5 61411
61412,1154,58426,ZCTA5 61412
61413,1012,68194,ZCTA5 61413
61414,794,61161,ZCTA5 61414
61415,1684,57083,ZCTA5 61415
61416,247,31071,ZCTA5 61416
61417,237,78750,ZCTA5 61417
61418,658,106875,ZCTA5 61418
61419,151,52321,ZCTA5 61419
61420,1002,61518,ZCTA5 61420
61421,1407,57614,ZCTA5 61421
61422,3042,55259,ZCTA5 61422
61423,497,54796,ZCTA5 61423
61424,34,62917,ZCTA5 61424
61425,392,51800,ZCTA5 61425
61426,105,,ZCTA5 61426
61427,2095,68500,ZCTA5 61427
61428,1162,77917,ZCTA5 61428
61430,618,70536,ZCTA5 61430
61431,315,48558,ZCTA5 61431
61432,686,64167,ZCTA5 61432
61433,22,,ZCTA5 61433
61434,2986,58317,ZCTA5 61434
61435,155,,ZCTA5 61435
61436,787,76397,ZCTA5 61436
61437,664,72778,ZCTA5 61437
61438,691,64779,ZCTA5 61438
61439,250,55500,ZCTA5 61439
61440,774,61429,ZCTA5 61440
61441,815,59333,ZCTA5 61441
61442,678,62788,ZCTA5 61442
61443,13584,48020,ZCTA5 61443
61447,1133,85750,ZCTA5 61447
61448,4076,73295,ZCTA5 61448
61449,229,46917,ZCTA5 61449
61450,1756,60921,ZCTA5 61450
61451,225,122639,ZCTA5 61451
61452,146,48333,ZCTA5 61452
61453,691,60625,ZCTA5 61453
61454,505,51875,ZCTA5 61454
61455,17653,43193,ZCTA5 61455
61458,464,66250,ZCTA5 61458
61459,348,80000,ZCTA5 61459
61460,179,72656,ZCTA5 61460
61462,10855,62679,ZCTA5 61462
61465,1250,55958,ZCTA5 61465
61466,267,69688,ZCTA5 61466
61467,1244,80875,ZCTA5 61467
61468,190,63571,ZCTA5 61468
61469,1926,51513,ZCTA5 61469
61470,505,51875,ZCTA5 61470
61471,136,80417,ZCTA5 61471
61472,387,66528,ZCTA5 61472
61473,1307,54722,ZCTA5 61473
61474,285,54338,ZCTA5 61474
61475,192,93641,ZCTA5 61475
61476,605,92750,ZCTA5 61476
61477,499,56250,ZCTA5 61477
61478,383,,ZCTA5 61478
61479,24,46000,ZCTA5 61479
61480,1352,75156,ZCTA5 61480
61482,520,72833,ZCTA5 61482
61483,1861,59732,ZCTA5 61483
61484,737,55288,ZCTA5 61484
61485,387,65000,ZCTA5 61485
61486,1450,70000,ZCTA5 61486
61488,1284,63684,ZCTA5 61488
61489,841,80455,ZCTA5 61489
61490,1103,70385,ZCTA5 61490
61491,2276,61875,ZCTA5 61491
61501,1646,53750,ZCTA5 61501
61516,754,84875,ZCTA5 61516
61517,3196,84803,ZCTA5 61517
61519,249,50278,ZCTA5 61519
61520,16176,54129,ZCTA5 61520
61523,10356,70304,ZCTA5 61523
61524,358,52150,ZCTA5 61524
61525,11543,144083,ZCTA5 61525
61526,808,97500,ZCTA5 61526
61528,3435,175824,ZCTA5 61528
61529,2730,86280,ZCTA5 61529
61530,6614,62009,ZCTA5 61530
61531,3144,63276,ZCTA5 61531
61532,410,55521,ZCTA5 61532
61533,2363,68158,ZCTA5 61533
61534,2057,91625,ZCTA5 61534
61535,2163,132891,ZCTA5 61535
61536,3207,72356,ZCTA5 61536
61537,2727,58864,ZCTA5 61537
61539,150,55250,ZCTA5 61539
61540,2771,69444,ZCTA5 61540
61541,99,48393,ZCTA5 61541
61542,3407,67292,ZCTA5 61542
61543,111,41563,ZCTA5 61543
61544,872,75000,ZCTA5 61544
61545,766,73545,ZCTA5 61545
61546,3791,75285,ZCTA5 61546
61547,3835,115545,ZCTA5 61547
61548,12301,106366,ZCTA5 61548
61550,18483,88159,ZCTA5 61550
61552,220,,ZCTA5 61552
61553,259,57750,ZCTA5 61553
61554,40775,58813,ZCTA5 61554
61559,3845,72415,ZCTA5 61559
61560,586,85114,ZCTA5 61560
61561,2500,72143,ZCTA5 61561
61562,92,,ZCTA5 61562
61563,556,51125,ZCTA5 61563
61564,1053,67917,ZCTA5 61564
61565,1433,74250,ZCTA5 61565
61567,500,65385,ZCTA5 61567
61568,4606,87583,ZCTA5 61568
61569,1010,79792,ZCTA5 61569
61570,1663,64188,ZCTA5 61570
61571,24712,85853,ZCTA5 61571
61572,1029,63750,ZCTA5 61572
61602,862,20000,ZCTA5 61602
61603,15789,41069,ZCTA5 61603
61604,28220,49740,ZCTA5 61604
61605,13776,23155,ZCTA5 61605
61606,7232,47311,ZCTA5 61606
61607,10522,73442,ZCTA5 61607
61610,4695,50958,ZCTA5 61610
61611,23447,74733,ZCTA5 61611
61614,28399,66930,ZCTA5 61614
61615,23167,81890,ZCTA5 61615
61616,5890,59286,ZCTA5 61616
61625,438,,ZCTA5 61625
61701,35480,54799,ZCTA5 61701
61704,37517,87354,ZCTA5 61704
61705,12746,109606,ZCTA5 61705
61720,319,69712,ZCTA5 61720
61721,573,86583,ZCTA5 61721
61722,701,87500,ZCTA5 61722
61723,2498,77396,ZCTA5 61723
61724,439,83750,ZCTA5 61724
61725,1644,118147,ZCTA5 61725
61726,2508,78542,ZCTA5 61726
61727,9421,57928,ZCTA5 61727
61728,1301,73705,ZCTA5 61728
61729,1184,76778,ZCTA5 61729
61730,369,63882,ZCTA5 61730
61731,145,,ZCTA5 61731
61732,2017,85104,ZCTA5 61732
61733,870,84750,ZCTA5 61733
61734,2520,71000,ZCTA5 61734
61735,363,85078,ZCTA5 61735
61736,2578,104386,ZCTA5 61736
61737,444,66250,ZCTA5 61737
61738,4186,78958,ZCTA5 61738
61739,4635,72143,ZCTA5 61739
61740,1556,77179,ZCTA5 61740
61741,1635,84688,ZCTA5 61741
61742,1390,103906,ZCTA5 61742
61743,165,91250,ZCTA5 61743
61744,1506,62143,ZCTA5 61744
61745,4507,99844,ZCTA5 61745
61747,1452,84792,ZCTA5 61747
61748,2732,114150,ZCTA5 61748
61749,491,78750,ZCTA5 61749
61750,129,,ZCTA5 61750
61751,60,91563,ZCTA5 61751
61752,4461,94648,ZCTA5 61752
61753,3279,94069,ZCTA5 61753
61754,1107,94783,ZCTA5 61754
61755,4530,98686,ZCTA5 61755
61756,2564,81324,ZCTA5 61756
61759,1350,83542,ZCTA5 61759
61760,2257,58192,ZCTA5 61760
61761,53423,64335,ZCTA5 61761
61764,13688,62256,ZCTA5 61764
61769,673,66563,ZCTA5 61769
61770,1146,56500,ZCTA5 61770
61771,986,103750,ZCTA5 61771
61772,252,123529,ZCTA5 61772
61773,352,68542,ZCTA5 61773
61774,836,76250,ZCTA5 61774
61775,240,,ZCTA5 61775
61776,1321,103026,ZCTA5 61776
61777,1049,85858,ZCTA5 61777
61778,591,71406,ZCTA5 61778
61801,27965,35266,ZCTA5 61801
61802,19722,54251,ZCTA5 61802
61810,183,58750,ZCTA5 61810
61811,595,65673,ZCTA5 61811
61812,288,99167,ZCTA5 61812
61813,1665,75714,ZCTA5 61813
61814,1287,70924,ZCTA5 61814
61815,298,66071,ZCTA5 61815
61816,442,83750,ZCTA5 61816
61817,2471,65625,ZCTA5 61817
61818,1579,61389,ZCTA5 61818
61820,38128,33045,ZCTA5 61820
61821,29072,63889,ZCTA5 61821
61822,27929,94926,ZCTA5 61822
61830,422,64911,ZCTA5 61830
61831,139,91250,ZCTA5 61831
61832,32631,43660,ZCTA5 61832
61833,1831,49167,ZCTA5 61833
61834,8281,81250,ZCTA5 61834
61839,589,53889,ZCTA5 61839
61840,530,68250,ZCTA5 61840
61841,1057,69688,ZCTA5 61841
61842,2434,71474,ZCTA5 61842
61843,2138,87143,ZCTA5 61843
61844,810,93750,ZCTA5 61844
61845,251,105357,ZCTA5 61845
61846,4666,55290,ZCTA5 61846
61847,1194,80521,ZCTA5 61847
61848,263,74688,ZCTA5 61848
61849,1955,84712,ZCTA5 61849
61850,466,62639,ZCTA5 61850
61851,296,56991,ZCTA5 61851
61852,138,150046,ZCTA5 61852
61853,14288,112169,ZCTA5 61853
61854,1409,89792,ZCTA5 61854
61855,103,,ZCTA5 61855
61856,8315,86269,ZCTA5 61856
61857,146,76500,ZCTA5 61857
61858,2797,64375,ZCTA5 61858
61859,1244,103750,ZCTA5 61859
61862,694,135096,ZCTA5 61862
61863,821,98125,ZCTA5 61863
61864,1754,90000,ZCTA5 61864
61865,1395,75294,ZCTA5 61865
61866,13442,47703,ZCTA5 61866
61870,1230,47667,ZCTA5 61870
61871,343,87250,ZCTA5 61871
61872,543,96250,ZCTA5 61872
61873,5811,101662,ZCTA5 61873
61874,8653,86498,ZCTA5 61874
61875,1196,120391,ZCTA5 61875
61876,833,64821,ZCTA5 61876
61877,1185,90156,ZCTA5 61877
61878,1217,70441,ZCTA5 61878
61880,4570,90417,ZCTA5 61880
61882,632,67813,ZCTA5 61882
61883,4412,58009,ZCTA5 61883
61884,1081,114881,ZCTA5 61884
61910,4947,75045,ZCTA5 61910
61911,4647,72500,ZCTA5 61911
61912,1173,64000,ZCTA5 61912
61913,1229,56912,ZCTA5 61913
61914,1783,62396,ZCTA5 61914
61917,493,53281,ZCTA5 61917
61919,776,68750,ZCTA5 61919
61920,20923,53295,ZCTA5 61920
61924,2317,71125,ZCTA5 61924
61925,1054,74167,ZCTA5 61925
61928,643,78333,ZCTA5 61928
61929,639,62750,ZCTA5 61929
61930,749,85714,ZCTA5 61930
61931,1336,61750,ZCTA5 61931
61932,542,68594,ZCTA5 61932
61933,1114,65625,ZCTA5 61933
61936,286,89821,ZCTA5 61936
61937,1663,55000,ZCTA5 61937
61938,20965,52279,ZCTA5 61938
61940,294,53304,ZCTA5 61940
61941,196,42092,ZCTA5 61941
61942,972,71101,ZCTA5 61942
61943,1430,50806,ZCTA5 61943
61944,11562,53896,ZCTA5 61944
61949,152,57143,ZCTA5 61949
61951,7777,76962,ZCTA5 61951
61953,6305,65301,ZCTA5 61953
61955,193,49286,ZCTA5 61955
61956,2931,64773,ZCTA5 61956
61957,1778,59224,ZCTA5 61957
62001,1766,85938,ZCTA5 62001
62002,30166,55041,ZCTA5 62002
62006,485,92875,ZCTA5 62006
62009,1713,49167,ZCTA5 62009
62010,11133,70492,ZCTA5 62010
62011,273,38264,ZCTA5 62011
62012,6678,86250,ZCTA5 62012
62013,527,65875,ZCTA5 62013
62014,3749,75903,ZCTA5 62014
62015,592,61677,ZCTA5 62015
62016,3519,59353,ZCTA5 62016
62017,943,75156,ZCTA5 62017
62018,2954,44148,ZCTA5 62018
62019,317,52031,ZCTA5 62019
62021,925,104671,ZCTA5 62021
62022,978,101875,ZCTA5 62022
62023,150,66875,ZCTA5 62023
62024,9350,59784,ZCTA5 62024
62025,35947,95872,ZCTA5 62025
62026,1054,,ZCTA5 62026
62027,519,74375,ZCTA5 62027
62028,1070,60063,ZCTA5 62028
62030,75,43125,ZCTA5 62030
62031,717,76250,ZCTA5 62031
62032,754,59500,ZCTA5 62032
62033,4628,64183,ZCTA5 62033
62034,14497,91915,ZCTA5 62034
62035,16172,83529,ZCTA5 62035
62036,548,110288,ZCTA5 62036
62037,1542,76250,ZCTA5 62037
62040,40716,59542,ZCTA5 62040
62044,2256,72368,ZCTA5 62044
62045,520,66875,ZCTA5 62045
62046,919,83906,ZCTA5 62046
62047,1760,119583,ZCTA5 62047
62048,1626,42591,ZCTA5 62048
62049,8195,64980,ZCTA5 62049
62050,278,98155,ZCTA5 62050
62051,793,58007,ZCTA5 62051
62052,12625,72273,ZCTA5 62052
62053,332,64167,ZCTA5 62053
62054,367,47917,ZCTA5 62054
62056,8758,55227,ZCTA5 62056
62058,770,57614,ZCTA5 62058
62059,629,19286,ZCTA5 62059
62060,3534,32330,ZCTA5 62060
62061,1672,72500,ZCTA5 62061
62062,8461,91629,ZCTA5 62062
62063,977,50156,ZCTA5 62063
62067,2106,80014,ZCTA5 62067
62069,3230,49000,ZCTA5 62069
62074,1213,81250,ZCTA5 62074
62075,3168,65064,ZCTA5 62075
62076,73,49063,ZCTA5 62076
62077,317,59643,ZCTA5 62077
62078,102,,ZCTA5 62078
62079,469,,ZCTA5 62079
62080,2688,54688,ZCTA5 62080
62081,359,57917,ZCTA5 62081
62082,2547,61792,ZCTA5 62082
62083,157,,ZCTA5 62083
62084,1601,60694,ZCTA5 62084
62085,167,45682,ZCTA5 62085
62086,1213,50391,ZCTA5 62086
62087,2121,59097,ZCTA5 62087
62088,6439,63974,ZCTA5 62088
62089,528,45729,ZCTA5 62089
62090,1053,58958,ZCTA5 62090
62091,325,76250,ZCTA5 62091
62092,2422,47348,ZCTA5 62092
62093,500,56406,ZCTA5 62093
62094,1048,54135,ZCTA5 62094
62095,10801,61415,ZCTA5 62095
62097,2723,75586,ZCTA5 62097
62098,32,,ZCTA5 62098
62201,5166,16916,ZCTA5 62201
62203,6076,45221,ZCTA5 62203
62204,5908,33730,ZCTA5 62204
62205,5754,43371,ZCTA5 62205
62206,13477,33067,ZCTA5 62206
62207,6637,26155,ZCTA5 62207
62208,16690,75538,ZCTA5 62208
62214,1050,93389,ZCTA5 62214
62215,2074,108438,ZCTA5 62215
62216,2980,99821,ZCTA5 62216
62217,718,43750,ZCTA5 62217
62218,2009,94712,ZCTA5 62218
62219,1046,63553,ZCTA5 62219
62220,19277,64277,ZCTA5 62220
62221,29454,75112,ZCTA5 62221
62223,16534,69170,ZCTA5 62223
62225,5359,86650,ZCTA5 62225
62226,29333,66054,ZCTA5 62226
62230,6352,77639,ZCTA5 62230
62231,6680,76055,ZCTA5 62231
62232,6920,63053,ZCTA5 62232
62233,8217,69882,ZCTA5 62233
62234,32491,63527,ZCTA5 62234
62236,14630,109904,ZCTA5 62236
62237,2411,56652,ZCTA5 62237
62238,522,68967,ZCTA5 62238
62239,4076,64219,ZCTA5 62239
62240,2197,57014,ZCTA5 62240
62241,900,83021,ZCTA5 62241
62242,1534,45521,ZCTA5 62242
62243,6271,85389,ZCTA5 62243
62244,933,97250,ZCTA5 62244
62245,1698,82200,ZCTA5 62245
62246,10117,60250,ZCTA5 62246
62248,540,76484,ZCTA5 62248
62249,16649,86493,ZCTA5 62249
62250,652,67708,ZCTA5 62250
62253,717,39946,ZCTA5 62253
62254,6586,89933,ZCTA5 62254
62255,1030,76622,ZCTA5 62255
62256,34,76250,ZCTA5 62256
62257,1897,64821,ZCTA5 62257
62258,10572,89519,ZCTA5 62258
62260,6461,93649,ZCTA5 62260
62261,12,,ZCTA5 62261
62262,1854,55273,ZCTA5 62262
62263,5109,71761,ZCTA5 62263
62264,3237,73125,ZCTA5 62264
62265,4418,76951,ZCTA5 62265
62266,13,,ZCTA5 62266
62268,1001,84868,ZCTA5 62268
62269,35467,99258,ZCTA5 62269
62271,1994,70625,ZCTA5 62271
62272,1898,46098,ZCTA5 62272
62273,259,42375,ZCTA5 62273
62274,7942,54741,ZCTA5 62274
62275,3004,80429,ZCTA5 62275
62277,1007,76765,ZCTA5 62277
62278,6692,77059,ZCTA5 62278
62279,70,235179,ZCTA5 62279
62280,562,112992,ZCTA5 62280
62281,2811,98651,ZCTA5 62281
62282,646,108417,ZCTA5 62282
62284,745,52670,ZCTA5 62284
62285,4512,120000,ZCTA5 62285
62286,5372,61315,ZCTA5 62286
62288,2701,62083,ZCTA5 62288
62289,397,50250,ZCTA5 62289
62292,824,42411,ZCTA5 62292
62293,4392,84191,ZCTA5 62293
62294,15289,103215,ZCTA5 62294
62295,1449,82222,ZCTA5 62295
62297,338,71591,ZCTA5 62297
62298,17192,93066,ZCTA5 62298
62301,30944,50712,ZCTA5 62301
62305,19473,84700,ZCTA5 62305
62311,777,38156,ZCTA5 62311
62312,1933,62861,ZCTA5 62312
62313,330,100625,ZCTA5 62313
62314,470,80938,ZCTA5 62314
62316,876,59911,ZCTA5 62316
62319,240,62727,ZCTA5 62319
62320,2557,83313,ZCTA5 62320
62321,3717,76635,ZCTA5 62321
62323,247,64609,ZCTA5 62323
62324,1398,62917,ZCTA5 62324
62325,471,80000,ZCTA5 62325
62326,2315,57861,ZCTA5 62326
62330,1472,49853,ZCTA5 62330
62334,166,35250,ZCTA5 62334
62336,94,60000,ZCTA5 62336
62338,1010,82672,ZCTA5 62338
62339,1005,64375,ZCTA5 62339
62340,1700,44097,ZCTA5 62340
62341,3453,55815,ZCTA5 62341
62343,761,57475,ZCTA5 62343
62344,20,,ZCTA5 62344
62345,379,73333,ZCTA5 62345
62346,128,74286,ZCTA5 62346
62347,1999,77868,ZCTA5 62347
62348,219,72125,ZCTA5 62348
62349,680,59643,ZCTA5 62349
62351,1934,76071,ZCTA5 62351
62352,215,45893,ZCTA5 62352
62353,5006,64611,ZCTA5 62353
62354,1435,57500,ZCTA5 62354
62355,1062,63625,ZCTA5 62355
62356,633,66000,ZCTA5 62356
62357,261,56157,ZCTA5 62357
62358,513,59688,ZCTA5 62358
62359,126,,ZCTA5 62359
62360,1898,62688,ZCTA5 62360
62361,330,52000,ZCTA5 62361
62362,353,34886,ZCTA5 62362
62363,5195,52899,ZCTA5 62363
62365,406,70694,ZCTA5 62365
62366,1440,56250,ZCTA5 62366
62367,1349,49990,ZCTA5 62367
62370,332,88906,ZCTA5 62370
62373,267,41806,ZCTA5 62373
62374,211,66250,ZCTA5 62374
62375,508,71378,ZCTA5 62375
62376,1106,87656,ZCTA5 62376
62378,814,54896,ZCTA5 62378
62379,1800,60804,ZCTA5 62379
62380,452,62105,ZCTA5 62380
62401,19240,72438,ZCTA5 62401
62410,1248,80000,ZCTA5 62410
62411,4070,71157,ZCTA5 62411
62413,286,85192,ZCTA5 62413
62414,1644,51458,ZCTA5 62414
62417,2807,53000,ZCTA5 62417
62418,2076,51027,ZCTA5 62418
62419,258,87750,ZCTA5 62419
62420,4082,56051,ZCTA5 62420
62421,406,68750,ZCTA5 62421
62422,938,58672,ZCTA5 62422
62423,843,75568,ZCTA5 62423
62424,2475,76833,ZCTA5 62424
62425,843,111016,ZCTA5 62425
62426,890,51250,ZCTA5 62426
62427,1948,66536,ZCTA5 62427
62428,2801,56250,ZCTA5 62428
62431,719,70000,ZCTA5 62431
62432,639,155893,ZCTA5 62432
62433,1150,68681,ZCTA5 62433
62434,335,,ZCTA5 62434
62436,760,55500,ZCTA5 62436
62438,211,48500,ZCTA5 62438
62439,7005,53766,ZCTA5 62439
62440,1055,66058,ZCTA5 62440
62441,6927,76681,ZCTA5 62441
62442,2540,58438,ZCTA5 62442
62443,1849,77083,ZCTA5 62443
62444,407,52500,ZCTA5 62444
62445,1150,76761,ZCTA5 62445
62446,353,84792,ZCTA5 62446
62447,3172,90074,ZCTA5 62447
62448,5411,63606,ZCTA5 62448
62449,2957,57679,ZCTA5 62449
62450,12327,62033,ZCTA5 62450
62451,1981,62250,ZCTA5 62451
62452,325,49375,ZCTA5 62452
62454,10604,64668,ZCTA5 62454
62458,2275,52375,ZCTA5 62458
62459,289,73125,ZCTA5 62459
62460,1171,63533,ZCTA5 62460
62461,652,68194,ZCTA5 62461
62462,1197,66518,ZCTA5 62462
62463,1160,53226,ZCTA5 62463
62464,157,72813,ZCTA5 62464
62465,913,80515,ZCTA5 62465
62466,4171,62361,ZCTA5 62466
62467,3929,96339,ZCTA5 62467
62468,2369,71444,ZCTA5 62468
62469,388,107632,ZCTA5 62469
62471,10305,51429,ZCTA5 62471
62473,1143,69837,ZCTA5 62473
62474,624,60357,ZCTA5 62474
62475,289,69375,ZCTA5 62475
62476,1385,62829,ZCTA5 62476
62477,778,54375,ZCTA5 62477
62478,351,85956,ZCTA5 62478
62479,808,71932,ZCTA5 62479
62480,522,41949,ZCTA5 62480
62481,329,73913,ZCTA5 62481
62501,2242,90371,ZCTA5 62501
62510,1495,52799,ZCTA5 62510
62512,502,52885,ZCTA5 62512
62513,1485,69297,ZCTA5 62513
62514,380,58083,ZCTA5 62514
62515,1059,92847,ZCTA5 62515
62517,238,71250,ZCTA5 62517
62518,181,50093,ZCTA5 62518
62519,46,,ZCTA5 62519
62520,1513,89044,ZCTA5 62520
62521,33453,62955,ZCTA5 62521
62522,15010,50144,ZCTA5 62522
62523,800,12663,ZCTA5 62523
62526,30572,46599,ZCTA5 62526
62530,1415,70966,ZCTA5 62530
62531,1892,91711,ZCTA5 62531
62532,64,,ZCTA5 62532
62533,788,72917,ZCTA5 62533
62534,1062,68333,ZCTA5 62534
62535,3856,107944,ZCTA5 62535
62536,741,132216,ZCTA5 62536
62537,329,68438,ZCTA5 62537
62538,471,61563,ZCTA5 62538
62539,1151,83542,ZCTA5 62539
62540,1186,62446,ZCTA5 62540
62541,46,,ZCTA5 62541
62543,652,62462,ZCTA5 62543
62544,1600,74833,ZCTA5 62544
62545,1296,74318,ZCTA5 62545
62546,1564,80417,ZCTA5 62546
62547,767,63750,ZCTA5 62547
62548,2202,68602,ZCTA5 62548
62549,6684,98851,ZCTA5 62549
62550,2902,77431,ZCTA5 62550
62551,924,65750,ZCTA5 62551
62553,359,78750,ZCTA5 62553
62554,1727,92344,ZCTA5 62554
62555,1545,74800,ZCTA5 62555
62556,321,51731,ZCTA5 62556
62557,7002,53060,ZCTA5 62557
62558,3489,76657,ZCTA5 62558
62560,1408,70500,ZCTA5 62560
62561,5107,72302,ZCTA5 62561
62563,5759,112938,ZCTA5 62563
62565,7590,61389,ZCTA5 62565
62567,899,55625,ZCTA5 62567
62568,16292,56201,ZCTA5 62568
62570,630,84500,ZCTA5 62570
62571,1321,66207,ZCTA5 62571
62572,530,91750,ZCTA5 62572
62573,1319,86719,ZCTA5 62573
62601,329,100179,ZCTA5 62601
62610,150,46875,ZCTA5 62610
62611,1114,64375,ZCTA5 62611
62612,1482,69524,ZCTA5 62612
62613,3857,94058,ZCTA5 62613
62615,5490,94871,ZCTA5 62615
62617,478,51786,ZCTA5 62617
62618,7318,62768,ZCTA5 62618
62621,1219,76667,ZCTA5 62621
62622,90,,ZCTA5 62622
62624,266,,ZCTA5 62624
62625,874,139375,ZCTA5 62625
62626,7840,64888,ZCTA5 62626
62627,1023,59783,ZCTA5 62627
62628,799,76579,ZCTA5 62628
62629,15245,104600,ZCTA5 62629
62630,686,74777,ZCTA5 62630
62631,294,58047,ZCTA5 62631
62633,603,41711,ZCTA5 62633
62634,984,75962,ZCTA5 62634
62635,671,65096,ZCTA5 62635
62638,1288,78500,ZCTA5 62638
62639,213,,ZCTA5 62639
62640,3273,65000,ZCTA5 62640
62642,1417,74621,ZCTA5 62642
62643,696,78237,ZCTA5 62643
62644,4690,53970,ZCTA5 62644
62649,408,68750,ZCTA5 62649
62650,24627,60143,ZCTA5 62650
62655,719,50625,ZCTA5 62655
62656,18216,57379,ZCTA5 62656
62661,1477,66618,ZCTA5 62661
62663,185,70893,ZCTA5 62663
62664,2945,68013,ZCTA5 62664
62665,1361,49531,ZCTA5 62665
62666,517,87750,ZCTA5 62666
62667,560,60000,ZCTA5 62667
62668,1322,65833,ZCTA5 62668
62670,2514,80521,ZCTA5 62670
62671,530,98235,ZCTA5 62671
62672,150,44583,ZCTA5 62672
62673,328,63523,ZCTA5 62673
62674,1398,41042,ZCTA5 62674
62675,5877,83291,ZCTA5 62675
62677,2176,91607,ZCTA5 62677
62681,5717,64653,ZCTA5 62681
62682,751,66750,ZCTA5 62682
62684,5669,136827,ZCTA5 62684
62685,1692,58500,ZCTA5 62685
62688,852,77500,ZCTA5 62688
62689,557,56563,ZCTA5 62689
62690,3830,77857,ZCTA5 62690
62691,2355,71213,ZCTA5 62691
62692,2228,63883,ZCTA5 62692
62693,1805,122313,ZCTA5 62693
62694,2891,62115,ZCTA5 62694
62695,473,65375,ZCTA5 62695
62701,1078,31500,ZCTA5 62701
62702,32539,51814,ZCTA5 62702
62703,28809,43760,ZCTA5 62703
62704,40495,63120,ZCTA5 62704
62706,0,,ZCTA5 62706
62707,7725,86500,ZCTA5 62707
62711,17759,117594,ZCTA5 62711
62712,10275,103452,ZCTA5 62712
62801,19976,52840,ZCTA5 62801
62803,1128,83438,ZCTA5 62803
62806,3316,63295,ZCTA5 62806
62807,832,79667,ZCTA5 62807
62808,1902,64613,ZCTA5 62808
62809,288,41620,ZCTA5 62809
62810,1032,63068,ZCTA5 62810
62811,256,40208,ZCTA5 62811
62812,11396,51978,ZCTA5 62812
62814,1782,66842,ZCTA5 62814
62815,280,73571,ZCTA5 62815
62816,1104,54679,ZCTA5 62816
62817,573,55192,ZCTA5 62817
62818,409,62917,ZCTA5 62818
62819,267,42727,ZCTA5 62819
62820,133,,ZCTA5 62820
62821,7005,55646,ZCTA5 62821
62822,2597,42589,ZCTA5 62822
62823,1751,57692,ZCTA5 62823
62824,1865,67652,ZCTA5 62824
62825,243,55000,ZCTA5 62825
62827,1097,49583,ZCTA5 62827
62828,1359,71250,ZCTA5 62828
62829,128,,ZCTA5 62829
62830,1338,51797,ZCTA5 62830
62831,380,77750,ZCTA5 62831
62832,8986,55152,ZCTA5 62832
62833,334,69271,ZCTA5 62833
62835,1325,38945,ZCTA5 62835
62836,913,67566,ZCTA5 62836
62837,8300,52321,ZCTA5 62837
62838,1540,64659,ZCTA5 62838
62839,6286,54436,ZCTA5 62839
62841,140,32361,ZCTA5 62841
62842,673,56875,ZCTA5 62842
62843,90,15764,ZCTA5 62843
62844,2002,60760,ZCTA5 62844
62846,2026,60000,ZCTA5 62846
62848,514,63636,ZCTA5 62848
62849,2039,65089,ZCTA5 62849
62850,627,95950,ZCTA5 62850
62851,247,87917,ZCTA5 62851
62852,132,69091,ZCTA5 62852
62853,998,69000,ZCTA5 62853
62854,1582,57692,ZCTA5 62854
62856,351,61875,ZCTA5 62856
62858,3343,61458,ZCTA5 62858
62859,5283,58788,ZCTA5 62859
62860,468,62292,ZCTA5 62860
62861,124,34000,ZCTA5 62861
62862,303,65938,ZCTA5 62862
62863,9519,51771,ZCTA5 62863
62864,23253,54560,ZCTA5 62864
62865,1894,64750,ZCTA5 62865
62867,485,34432,ZCTA5 62867
62868,1706,55446,ZCTA5 62868
62869,2729,56333,ZCTA5 62869
62870,2232,52344,ZCTA5 62870
62871,620,76200,ZCTA5 62871
62872,1112,56818,ZCTA5 62872
62874,335,38500,ZCTA5 62874
62875,1235,69545,ZCTA5 62875
62876,135,45500,ZCTA5 62876
62877,441,70795,ZCTA5 62877
62878,250,46295,ZCTA5 62878
62879,46,58750,ZCTA5 62879
62880,636,65208,ZCTA5 62880
62881,10995,64688,ZCTA5 62881
62882,2162,48438,ZCTA5 62882
62883,594,69417,ZCTA5 62883
62884,2809,55170,ZCTA5 62884
62885,369,55530,ZCTA5 62885
62886,390,51250,ZCTA5 62886
62887,241,,ZCTA5 62887
62888,1893,70357,ZCTA5 62888
62889,1111,68056,ZCTA5 62889
62890,2338,52500,ZCTA5 62890
62891,700,40469,ZCTA5 62891
62892,190,67813,ZCTA5 62892
62893,927,71181,ZCTA5 62893
62894,841,71250,ZCTA5 62894
62895,2014,51000,ZCTA5 62895
62896,10959,51816,ZCTA5 62896
62897,530,38636,ZCTA5 62897
62898,1955,85038,ZCTA5 62898
62899,1672,49886,ZCTA5 62899
62901,23178,31857,ZCTA5 62901
62902,4344,68125,ZCTA5 62902
62903,2585,46012,ZCTA5 62903
62905,583,62500,ZCTA5 62905
62906,7217,45427,ZCTA5 62906
62907,1873,64938,ZCTA5 62907
62908,443,80500,ZCTA5 62908
62910,2150,51818,ZCTA5 62910
62912,1668,61000,ZCTA5 62912
62914,1880,32500,ZCTA5 62914
62915,431,24924,ZCTA5 62915
62916,830,68438,ZCTA5 62916
62917,2516,48221,ZCTA5 62917
62918,10844,67224,ZCTA5 62918
62919,731,51250,ZCTA5 62919
62920,3017,55659,ZCTA5 62920
62921,243,,ZCTA5 62921
62922,2824,68325,ZCTA5 62922
62923,404,57500,ZCTA5 62923
62924,2812,57500,ZCTA5 62924
62926,2167,60833,ZCTA5 62926
62927,299,46750,ZCTA5 62927
62928,71,26250,ZCTA5 62928
62930,5630,51814,ZCTA5 62930
62931,1335,47165,ZCTA5 62931
62932,1238,44125,ZCTA5 62932
62933,1253,66250,ZCTA5 62933
62934,715,60931,ZCTA5 62934
62935,2200,57994,ZCTA5 62935
62938,2874,59276,ZCTA5 62938
62939,2693,65774,ZCTA5 62939
62940,729,50938,ZCTA5 62940
62941,500,58750,ZCTA5 62941
62942,565,60625,ZCTA5 62942
62943,312,79423,ZCTA5 62943
62946,11795,49643,ZCTA5 62946
62947,401,67500,ZCTA5 62947
62948,12679,55272,ZCTA5 62948
62949,770,35000,ZCTA5 62949
62950,160,81813,ZCTA5 62950
62951,5574,54120,ZCTA5 62951
62952,3050,49432,ZCTA5 62952
62953,333,39464,ZCTA5 62953
62954,590,55977,ZCTA5 62954
62956,1206,67649,ZCTA5 62956
62957,655,39896,ZCTA5 62957
62958,2091,64811,ZCTA5 62958
62959,27255,61850,ZCTA5 62959
62960,10719,56483,ZCTA5 62960
62961,45,,ZCTA5 62961
62962,0,,ZCTA5 62962
62963,798,37500,ZCTA5 62963
62964,1170,29429,ZCTA5 62964
62965,45,,ZCTA5 62965
62966,14198,51648,ZCTA5 62966
62967,344,55625,ZCTA5 62967
62969,342,,ZCTA5 62969
62970,405,48333,ZCTA5 62970
62972,1128,78750,ZCTA5 62972
62974,1523,65469,ZCTA5 62974
62975,169,,ZCTA5 62975
62976,351,39205,ZCTA5 62976
62977,632,61250,ZCTA5 62977
62979,948,65714,ZCTA5 62979
62982,1131,42240,ZCTA5 62982
62983,1521,47448,ZCTA5 62983
62984,1558,42083,ZCTA5 62984
62985,998,74375,ZCTA5 62985
62987,1788,78963,ZCTA5 62987
62988,1141,45729,ZCTA5 62988
62990,1155,63583,ZCTA5 62990
62992,718,66719,ZCTA5 62992
62994,697,61042,ZCTA5 62994
62995,6408,55909,ZCTA5 62995
62996,656,42431,ZCTA5 62996
62997,656,57500,ZCTA5 62997
62998,198,68625,ZCTA5 62998
62999,1520,42321,ZCTA5 62999
63005,19734,183260,ZCTA5 63005
63010,34744,74776,ZCTA5 63010
63011,36515,121639,ZCTA5 63011
63012,10763,96294,ZCTA5 63012
63013,1191,103000,ZCTA5 63013
63014,502,60917,ZCTA5 63014
63015,2029,70642,ZCTA5 63015
63016,6341,75969,ZCTA5 63016
63017,42686,130604,ZCTA5 63017
63019,4489,62273,ZCTA5 63019
63020,20282,62370,ZCTA5 63020
63021,55944,108854,ZCTA5 63021
63023,5123,76060,ZCTA5 63023
63025,17708,127689,ZCTA5 63025
63026,44824,93400,ZCTA5 63026
63028,28276,71004,ZCTA5 63028
63030,289,56364,ZCTA5 63030
63031,50568,70068,ZCTA5 63031
63033,41037,62997,ZCTA5 63033
63034,19031,107103,ZCTA5 63034
63036,1352,60761,ZCTA5 63036
63037,2782,58431,ZCTA5 63037
63038,7153,173750,ZCTA5 63038
63039,644,68824,ZCTA5 63039
63040,8662,125667,ZCTA5 63040
63041,251,,ZCTA5 63041
63042,18143,48986,ZCTA5 63042
63043,22123,87451,ZCTA5 63043
63044,10821,71188,ZCTA5 63044
63045,0,,ZCTA5 63045
63047,0,,ZCTA5 63047
63048,4024,83947,ZCTA5 63048
63049,17455,83631,ZCTA5 63049
63050,17588,85194,ZCTA5 63050
63051,12181,68418,ZCTA5 63051
63052,28716,86995,ZCTA5 63052
63053,67,75250,ZCTA5 63053
63055,1674,91661,ZCTA5 63055
63056,1615,64545,ZCTA5 63056
63060,2240,52756,ZCTA5 63060
63061,64,101458,ZCTA5 63061
63068,6376,79353,ZCTA5 63068
63069,14961,68097,ZCTA5 63069
63070,8569,66250,ZCTA5 63070
63071,1353,38352,ZCTA5 63071
63072,3936,84978,ZCTA5 63072
63073,1511,250001,ZCTA5 63073
63074,15888,47495,ZCTA5 63074
63077,11437,55601,ZCTA5 63077
63079,209,,ZCTA5 63079
63080,13530,61169,ZCTA5 63080
63084,20071,69079,ZCTA5 63084
63087,1140,72554,ZCTA5 63087
63088,8473,58942,ZCTA5 63088
63089,5855,68291,ZCTA5 63089
63090,22105,79373,ZCTA5 63090
63091,1491,87241,ZCTA5 63091
63101,2791,85732,ZCTA5 63101
63102,2404,53395,ZCTA5 63102
63103,9193,36074,ZCTA5 63103
63104,19325,68699,ZCTA5 63104
63105,19003,116345,ZCTA5 63105
63106,8676,22263,ZCTA5 63106
63107,9391,37127,ZCTA5 63107
63108,20521,56306,ZCTA5 63108
63109,25787,68756,ZCTA5 63109
63110,16983,69420,ZCTA5 63110
63111,20229,38195,ZCTA5 63111
63112,18703,40137,ZCTA5 63112
63113,12048,38498,ZCTA5 63113
63114,34341,50759,ZCTA5 63114
63115,15828,30838,ZCTA5 63115
63116,41821,58852,ZCTA5 63116
63117,9691,84950,ZCTA5 63117
63118,26621,48464,ZCTA5 63118
63119,34732,97963,ZCTA5 63119
63120,6818,33182,ZCTA5 63120
63121,24126,39668,ZCTA5 63121
63122,41416,124718,ZCTA5 63122
63123,50347,71054,ZCTA5 63123
63124,10997,177326,ZCTA5 63124
63125,32750,58755,ZCTA5 63125
63126,15201,105307,ZCTA5 63126
63127,5235,126199,ZCTA5 63127
63128,30168,88125,ZCTA5 63128
63129,51893,90397,ZCTA5 63129
63130,28978,73079,ZCTA5 63130
63131,18531,208654,ZCTA5 63131
63132,13995,79711,ZCTA5 63132
63133,6763,31567,ZCTA5 63133
63134,14023,39797,ZCTA5 63134
63135,19764,53188,ZCTA5 63135
63136,42385,37810,ZCTA5 63136
63137,20390,44167,ZCTA5 63137
63138,18602,50440,ZCTA5 63138
63139,22126,71284,ZCTA5 63139
63140,291,38281,ZCTA5 63140
63141,20781,120648,ZCTA5 63141
63143,9097,59583,ZCTA5 63143
63144,9027,95276,ZCTA5 63144
63146,31348,82486,ZCTA5 63146
63147,8502,37829,ZCTA5 63147
63155,0,,ZCTA5 63155
63301,51401,80380,ZCTA5 63301
63303,47285,94658,ZCTA5 63303
63304,42738,111114,ZCTA5 63304
63330,66,51250,ZCTA5 63330
63332,1742,119728,ZCTA5 63332
63333,861,72500,ZCTA5 63333
63334,7534,51059,ZCTA5 63334
63336,1100,59554,ZCTA5 63336
63339,1148,68625,ZCTA5 63339
63341,3628,139293,ZCTA5 63341
63343,4754,60938,ZCTA5 63343
63344,1522,67731,ZCTA5 63344
63345,393,39965,ZCTA5 63345
63347,2225,85067,ZCTA5 63347
63348,10555,105495,ZCTA5 63348
63349,1910,66579,ZCTA5 63349
63350,659,78214,ZCTA5 63350
63351,1581,78125,ZCTA5 63351
63352,1150,52802,ZCTA5 63352
63353,5025,50196,ZCTA5 63353
63357,6899,83326,ZCTA5 63357
63359,1396,70417,ZCTA5 63359
63361,4725,58344,ZCTA5 63361
63362,8699,83916,ZCTA5 63362
63363,1162,48819,ZCTA5 63363
63365,66,38393,ZCTA5 63365
63366,52746,91698,ZCTA5 63366
63367,27371,131657,ZCTA5 63367
63368,46124,116471,ZCTA5 63368
63369,2627,84882,ZCTA5 63369
63373,687,85250,ZCTA5 63373
63376,74967,93140,ZCTA5 63376
63377,3500,81014,ZCTA5 63377
63379,27318,84766,ZCTA5 63379
63380,929,51607,ZCTA5 63380
63381,666,,ZCTA5 63381
63382,4167,50500,ZCTA5 63382
63383,15041,71311,ZCTA5 63383
63384,2009,63333,ZCTA5 63384
63385,48535,109802,ZCTA5 63385
63386,522,99773,ZCTA5 63386
63387,107,93333,ZCTA5 63387
63388,859,65774,ZCTA5 63388
63389,6885,80259,ZCTA5 63389
63390,10982,76045,ZCTA5 63390
63401,21167,59395,ZCTA5 63401
63430,384,,ZCTA5 63430
63431,319,,ZCTA5 63431
63432,386,59141,ZCTA5 63432
63433,0,,ZCTA5 63433
63434,734,47222,ZCTA5 63434
63435,4205,53167,ZCTA5 63435
63436,1266,61607,ZCTA5 63436
63437,1541,35469,ZCTA5 63437
63438,232,48698,ZCTA5 63438
63439,174,,ZCTA5 63439
63440,1012,49444,ZCTA5 63440
63441,1114,60795,ZCTA5 63441
63443,305,29375,ZCTA5 63443
63445,3980,47461,ZCTA5 63445
63446,313,55119,ZCTA5 63446
63447,1217,36750,ZCTA5 63447
63448,1436,53984,ZCTA5 63448
63450,160,92708,ZCTA5 63450
63451,161,77000,ZCTA5 63451
63452,1185,54891,ZCTA5 63452
63453,358,79583,ZCTA5 63453
63454,1166,70625,ZCTA5 63454
63456,4995,58547,ZCTA5 63456
63457,494,59091,ZCTA5 63457
63458,85,56250,ZCTA5 63458
63459,4523,63295,ZCTA5 63459
63460,255,88125,ZCTA5 63460
63461,5452,64291,ZCTA5 63461
63462,1461,45500,ZCTA5 63462
63463,825,73563,ZCTA5 63463
63465,627,59375,ZCTA5 63465
63466,19,,ZCTA5 63466
63467,77,76667,ZCTA5 63467
63468,2600,52137,ZCTA5 63468
63469,854,49659,ZCTA5 63469
63471,805,111250,ZCTA5 63471
63472,459,,ZCTA5 63472
63473,318,76250,ZCTA5 63473
63474,465,57031,ZCTA5 63474
63501,20924,48157,ZCTA5 63501
63530,1361,65000,ZCTA5 63530
63531,309,68125,ZCTA5 63531
63532,1232,54167,ZCTA5 63532
63533,902,64653,ZCTA5 63533
63534,763,45250,ZCTA5 63534
63535,13,,ZCTA5 63535
63536,870,56389,ZCTA5 63536
63537,2256,62426,ZCTA5 63537
63538,184,49375,ZCTA5 63538
63539,244,,ZCTA5 63539
63540,267,56250,ZCTA5 63540
63541,458,58542,ZCTA5 63541
63543,235,48500,ZCTA5 63543
63544,1071,42768,ZCTA5 63544
63545,914,38125,ZCTA5 63545
63546,1699,67283,ZCTA5 63546
63547,488,27415,ZCTA5 63547
63548,882,48929,ZCTA5 63548
63549,2381,47574,ZCTA5 63549
63551,411,70313,ZCTA5 63551
63552,7305,55589,ZCTA5 63552
63555,3304,54917,ZCTA5 63555
63556,3380,55698,ZCTA5 63556
63557,309,61875,ZCTA5 63557
63558,616,53913,ZCTA5 63558
63559,1932,56696,ZCTA5 63559
63560,66,41250,ZCTA5 63560
63561,1106,51731,ZCTA5 63561
63563,605,,ZCTA5 63563
63565,3767,51686,ZCTA5 63565
63566,58,89125,ZCTA5 63566
63567,98,57321,ZCTA5 63567
63601,16424,52270,ZCTA5 63601
63620,1027,42969,ZCTA5 63620
63621,1681,83427,ZCTA5 63621
63622,726,41875,ZCTA5 63622
63623,802,40625,ZCTA5 63623
63624,3678,40781,ZCTA5 63624
63625,491,52083,ZCTA5 63625
63626,941,60175,ZCTA5 63626
63627,2660,82875,ZCTA5 63627
63628,15312,49877,ZCTA5 63628
63629,1174,51016,ZCTA5 63629
63630,3512,48256,ZCTA5 63630
63631,774,71174,ZCTA5 63631
63633,813,55000,ZCTA5 63633
63636,487,45859,ZCTA5 63636
63637,859,48508,ZCTA5 63637
63638,2669,49767,ZCTA5 63638
63640,29073,57569,ZCTA5 63640
63645,11638,52493,ZCTA5 63645
63648,1282,34658,ZCTA5 63648
63650,3908,53510,ZCTA5 63650
63653,1353,37426,ZCTA5 63653
63654,582,27183,ZCTA5 63654
63655,1438,53854,ZCTA5 63655
63656,580,66406,ZCTA5 63656
63660,3647,50417,ZCTA5 63660
63662,728,37548,ZCTA5 63662
63663,759,46875,ZCTA5 63663
63664,9039,53967,ZCTA5 63664
63665,262,24537,ZCTA5 63665
63670,12327,61588,ZCTA5 63670
63673,2278,71875,ZCTA5 63673
63674,24,,ZCTA5 63674
63675,12,,ZCTA5 63675
63701,37821,64661,ZCTA5 63701
63703,8855,36992,ZCTA5 63703
63730,3624,51750,ZCTA5 63730
63732,1069,67552,ZCTA5 63732
63735,790,29375,ZCTA5 63735
63736,3335,56622,ZCTA5 63736
63738,0,,ZCTA5 63738
63739,684,50952,ZCTA5 63739
63740,5334,57014,ZCTA5 63740
63742,154,,ZCTA5 63742
63743,59,99688,ZCTA5 63743
63744,163,49375,ZCTA5 63744
63745,146,,ZCTA5 63745
63746,9,,ZCTA5 63746
63747,670,98014,ZCTA5 63747
63748,1156,57079,ZCTA5 63748
63750,30,,ZCTA5 63750
63751,1317,34861,ZCTA5 63751
63755,27269,77581,ZCTA5 63755
63758,478,51500,ZCTA5 63758
63760,639,80000,ZCTA5 63760
63763,97,,ZCTA5 63763
63764,4677,41125,ZCTA5 63764
63766,1672,72059,ZCTA5 63766
63767,544,34844,ZCTA5 63767
63769,1637,84890,ZCTA5 63769
63770,180,75000,ZCTA5 63770
63771,2659,64107,ZCTA5 63771
63774,180,46625,ZCTA5 63774
63775,16130,61408,ZCTA5 63775
63780,5962,59672,ZCTA5 63780
63781,1394,59034,ZCTA5 63781
63782,198,53542,ZCTA5 63782
63783,145,45909,ZCTA5 63783
63784,193,53750,ZCTA5 63784
63785,1077,55625,ZCTA5 63785
63787,541,54167,ZCTA5 63787
63801,22273,53026,ZCTA5 63801
63820,253,,ZCTA5 63820
63821,654,38300,ZCTA5 63821
63822,2680,48514,ZCTA5 63822
63823,1511,59184,ZCTA5 63823
63824,180,62500,ZCTA5 63824
63825,4003,48480,ZCTA5 63825
63826,164,,ZCTA5 63826
63827,514,56667,ZCTA5 63827
63828,144,57813,ZCTA5 63828
63829,1120,29438,ZCTA5 63829
63830,6384,36093,ZCTA5 63830
63833,135,55341,ZCTA5 63833
63834,5302,36495,ZCTA5 63834
63837,1572,44722,ZCTA5 63837
63839,343,50104,ZCTA5 63839
63840,61,52813,ZCTA5 63840
63841,13346,52483,ZCTA5 63841
63845,5463,37380,ZCTA5 63845
63846,1143,56154,ZCTA5 63846
63847,69,,ZCTA5 63847
63848,1127,47411,ZCTA5 63848
63849,242,85671,ZCTA5 63849
63850,0,,ZCTA5 63850
63851,3607,25856,ZCTA5 63851
63852,1236,41111,ZCTA5 63852
63853,97,32500,ZCTA5 63853
63855,842,47083,ZCTA5 63855
63857,12125,54235,ZCTA5 63857
63860,213,39276,ZCTA5 63860
63862,1223,42969,ZCTA5 63862
63863,5424,39660,ZCTA5 63863
63866,420,35859,ZCTA5 63866
63867,981,43125,ZCTA5 63867
63868,801,34063,ZCTA5 63868
63869,3269,41296,ZCTA5 63869
63870,1172,49444,ZCTA5 63870
63873,4031,37141,ZCTA5 63873
63874,202,41750,ZCTA5 63874
63876,2058,41979,ZCTA5 63876
63877,3046,42681,ZCTA5 63877
63878,88,56250,ZCTA5 63878
63879,791,49276,ZCTA5 63879
63880,24,,ZCTA5 63880
63882,327,26667,ZCTA5 63882
63901,34545,47157,ZCTA5 63901
63932,1012,43776,ZCTA5 63932
63933,3116,50625,ZCTA5 63933
63934,18,,ZCTA5 63934
63935,8002,43289,ZCTA5 63935
63936,547,81875,ZCTA5 63936
63937,2542,69688,ZCTA5 63937
63939,1190,55227,ZCTA5 63939
63940,1419,49250,ZCTA5 63940
63941,206,,ZCTA5 63941
63942,487,36250,ZCTA5 63942
63943,862,41307,ZCTA5 63943
63944,1407,65900,ZCTA5 63944
63945,1090,47137,ZCTA5 63945
63950,34,,ZCTA5 63950
63951,179,42763,ZCTA5 63951
63952,407,,ZCTA5 63952
63953,803,35694,ZCTA5 63953
63954,946,43523,ZCTA5 63954
63955,86,34625,ZCTA5 63955
63956,803,65192,ZCTA5 63956
63957,5323,37645,ZCTA5 63957
63960,3261,52125,ZCTA5 63960
63961,1853,40823,ZCTA5 63961
63962,181,,ZCTA5 63962
63964,487,,ZCTA5 63964
63965,2258,30899,ZCTA5 63965
63966,2117,52976,ZCTA5 63966
63967,1609,65694,ZCTA5 63967
64001,885,58382,ZCTA5 64001
64011,4111,87950,ZCTA5 64011
64012,28611,69763,ZCTA5 64012
64014,27964,83205,ZCTA5 64014
64015,32011,79973,ZCTA5 64015
64016,4628,86543,ZCTA5 64016
64017,198,44583,ZCTA5 64017
64018,921,104737,ZCTA5 64018
64019,2380,69510,ZCTA5 64019
64020,3044,62583,ZCTA5 64020
64021,671,84688,ZCTA5 64021
64022,162,,ZCTA5 64022
64024,15158,77087,ZCTA5 64024
64028,239,119792,ZCTA5 64028
64029,21330,88169,ZCTA5 64029
64030,25808,50873,ZCTA5 64030
64034,8713,114688,ZCTA5 64034
64035,1057,73355,ZCTA5 64035
64036,470,29135,ZCTA5 64036
64037,6217,87561,ZCTA5 64037
64040,6057,64919,ZCTA5 64040
64048,4461,96149,ZCTA5 64048
64050,21280,43208,ZCTA5 64050
64052,22235,52789,ZCTA5 64052
64053,6383,42101,ZCTA5 64053
64054,3100,48039,ZCTA5 64054
64055,36162,66447,ZCTA5 64055
64056,18098,68333,ZCTA5 64056
64057,14282,70644,ZCTA5 64057
64058,6686,75494,ZCTA5 64058
64060,15888,107656,ZCTA5 64060
64061,3214,85278,ZCTA5 64061
64062,6588,85571,ZCTA5 64062
64063,21232,76437,ZCTA5 64063
64064,19783,114231,ZCTA5 64064
64065,37,93750,ZCTA5 64065
64066,51,69500,ZCTA5 64066
64067,5964,84914,ZCTA5 64067
64068,37237,91487,ZCTA5 64068
64070,3039,111510,ZCTA5 64070
64071,770,83333,ZCTA5 64071
64072,293,34375,ZCTA5 64072
64074,741,70000,ZCTA5 64074
64075,11780,83125,ZCTA5 64075
64076,9071,83591,ZCTA5 64076
64077,1682,68882,ZCTA5 64077
64078,10042,92317,ZCTA5 64078
64079,13678,91817,ZCTA5 64079
64080,14141,98136,ZCTA5 64080
64081,24987,100432,ZCTA5 64081
64082,19261,133533,ZCTA5 64082
64083,24733,95327,ZCTA5 64083
64084,1445,48571,ZCTA5 64084
64085,8372,65361,ZCTA5 64085
64086,24030,107677,ZCTA5 64086
64088,1325,76797,ZCTA5 64088
64089,13818,94007,ZCTA5 64089
64090,127,77639,ZCTA5 64090
64092,68,,ZCTA5 64092
64093,27432,57664,ZCTA5 64093
64096,1233,57426,ZCTA5 64096
64097,1007,75893,ZCTA5 64097
64098,3133,85045,ZCTA5 64098
64101,113,,ZCTA5 64101
64102,0,,ZCTA5 64102
64105,5548,62935,ZCTA5 64105
64106,10811,52576,ZCTA5 64106
64108,9768,68836,ZCTA5 64108
64109,10133,43456,ZCTA5 64109
64110,17610,55726,ZCTA5 64110
64111,17187,60330,ZCTA5 64111
64112,8578,91438,ZCTA5 64112
64113,12446,176006,ZCTA5 64113
64114,24931,75207,ZCTA5 64114
64116,17284,56637,ZCTA5 64116
64117,15017,55543,ZCTA5 64117
64118,42897,65971,ZCTA5 64118
64119,32294,77763,ZCTA5 64119
64120,580,94659,ZCTA5 64120
64123,10536,42976,ZCTA5 64123
64124,11081,39885,ZCTA5 64124
64125,2334,39135,ZCTA5 64125
64126,5590,31952,ZCTA5 64126
64127,17621,32928,ZCTA5 64127
64128,12524,31701,ZCTA5 64128
64129,8359,46465,ZCTA5 64129
64130,19609,38976,ZCTA5 64130
64131,22311,59226,ZCTA5 64131
64132,12188,40095,ZCTA5 64132
64133,37442,64289,ZCTA5 64133
64134,23009,54766,ZCTA5 64134
64136,1680,50391,ZCTA5 64136
64137,10150,62746,ZCTA5 64137
64138,24183,53226,ZCTA5 64138
64139,2329,105957,ZCTA5 64139
64145,5132,93493,ZCTA5 64145
64146,1234,60313,ZCTA5 64146
64147,581,2499,ZCTA5 64147
64149,377,65938,ZCTA5 64149
64150,4161,48094,ZCTA5 64150
64151,28609,85022,ZCTA5 64151
64152,31458,109503,ZCTA5 64152
64153,6254,86510,ZCTA5 64153
64154,12999,87323,ZCTA5 64154
64155,28138,91976,ZCTA5 64155
64156,7288,130795,ZCTA5 64156
64157,21610,132899,ZCTA5 64157
64158,7091,101189,ZCTA5 64158
64161,347,68333,ZCTA5 64161
64163,934,48421,ZCTA5 64163
64164,110,150208,ZCTA5 64164
64165,273,159129,ZCTA5 64165
64166,296,,ZCTA5 64166
64167,340,192368,ZCTA5 64167
64401,1299,98563,ZCTA5 64401
64402,2310,48506,ZCTA5 64402
64420,40,,ZCTA5 64420
64421,933,70125,ZCTA5 64421
64422,339,79904,ZCTA5 64422
64423,954,68654,ZCTA5 64423
64424,3806,53552,ZCTA5 64424
64426,459,34844,ZCTA5 64426
64427,669,60368,ZCTA5 64427
64428,706,38977,ZCTA5 64428
64429,12480,57620,ZCTA5 64429
64430,757,70375,ZCTA5 64430
64431,412,83125,ZCTA5 64431
64432,131,57500,ZCTA5 64432
64433,266,44750,ZCTA5 64433
64434,515,85000,ZCTA5 64434
64436,961,94545,ZCTA5 64436
64437,451,48000,ZCTA5 64437
64438,134,118077,ZCTA5 64438
64439,1718,76985,ZCTA5 64439
64440,904,77969,ZCTA5 64440
64441,107,39688,ZCTA5 64441
64442,911,62188,ZCTA5 64442
64443,1734,97500,ZCTA5 64443
64444,1303,79286,ZCTA5 64444
64445,284,59479,ZCTA5 64445
64446,1070,57143,ZCTA5 64446
64448,935,67338,ZCTA5 64448
64449,447,55000,ZCTA5 64449
64451,410,43047,ZCTA5 64451
64453,204,74821,ZCTA5 64453
64454,2585,68261,ZCTA5 64454
64455,316,74250,ZCTA5 64455
64456,1463,43152,ZCTA5 64456
64457,270,53636,ZCTA5 64457
64458,260,27292,ZCTA5 64458
64459,411,72663,ZCTA5 64459
64461,854,60833,ZCTA5 64461
64463,1393,55156,ZCTA5 64463
64465,4101,73636,ZCTA5 64465
64466,449,61875,ZCTA5 64466
64467,179,,ZCTA5 64467
64468,14283,51973,ZCTA5 64468
64469,2068,64440,ZCTA5 64469
64470,1624,59798,ZCTA5 64470
64471,499,41250,ZCTA5 64471
64473,1321,52679,ZCTA5 64473
64474,745,82722,ZCTA5 64474
64475,346,42083,ZCTA5 64475
64476,280,51250,ZCTA5 64476
64477,3434,63008,ZCTA5 64477
64479,948,57132,ZCTA5 64479
64480,312,94028,ZCTA5 64480
64481,1017,54375,ZCTA5 64481
64482,2084,63190,ZCTA5 64482
64483,594,59904,ZCTA5 64483
64484,819,59375,ZCTA5 64484
64485,7903,59049,ZCTA5 64485
64486,244,31250,ZCTA5 64486
64487,650,54375,ZCTA5 64487
64489,2147,66993,ZCTA5 64489
64490,1897,77946,ZCTA5 64490
64491,1652,57863,ZCTA5 64491
64492,1772,62096,ZCTA5 64492
64493,725,131250,ZCTA5 64493
64494,1062,63636,ZCTA5 64494
64496,186,45625,ZCTA5 64496
64497,632,94000,ZCTA5 64497
64498,234,66058,ZCTA5 64498
64499,113,86065,ZCTA5 64499
64501,10567,41308,ZCTA5 64501
64503,12033,52197,ZCTA5 64503
64504,10348,53778,ZCTA5 64504
64505,13944,69717,ZCTA5 64505
64506,22241,60657,ZCTA5 64506
64507,14316,63133,ZCTA5 64507
64601,11979,58526,ZCTA5 64601
64620,478,61792,ZCTA5 64620
64622,489,76349,ZCTA5 64622
64623,402,51250,ZCTA5 64623
64624,1498,61042,ZCTA5 64624
64625,812,49583,ZCTA5 64625
64628,5590,55735,ZCTA5 64628
64630,540,66806,ZCTA5 64630
64631,770,54375,ZCTA5 64631
64632,432,51563,ZCTA5 64632
64633,4604,54596,ZCTA5 64633
64635,417,63750,ZCTA5 64635
64636,265,43250,ZCTA5 64636
64637,559,60250,ZCTA5 64637
64638,602,59861,ZCTA5 64638
64639,127,,ZCTA5 64639
64640,3070,54811,ZCTA5 64640
64641,584,45972,ZCTA5 64641
64642,746,47031,ZCTA5 64642
64643,1176,54018,ZCTA5 64643
64644,3096,69688,ZCTA5 64644
64645,168,58250,ZCTA5 64645
64646,314,53750,ZCTA5 64646
64647,442,48125,ZCTA5 64647
64648,2542,69803,ZCTA5 64648
64649,575,60833,ZCTA5 64649
64650,681,42700,ZCTA5 64650
64651,422,53289,ZCTA5 64651
64652,381,51458,ZCTA5 64652
64653,587,64219,ZCTA5 64653
64654,40,101250,ZCTA5 64654
64655,99,,ZCTA5 64655
64656,222,51667,ZCTA5 64656
64657,331,48750,ZCTA5 64657
64658,3221,61750,ZCTA5 64658
64659,969,68438,ZCTA5 64659
64660,443,73333,ZCTA5 64660
64661,814,49309,ZCTA5 64661
64664,250,71964,ZCTA5 64664
64667,345,58333,ZCTA5 64667
64668,1386,63313,ZCTA5 64668
64670,952,56071,ZCTA5 64670
64671,1937,57868,ZCTA5 64671
64672,113,41600,ZCTA5 64672
64673,2440,52813,ZCTA5 64673
64674,272,69643,ZCTA5 64674
64676,141,55865,ZCTA5 64676
64679,821,53750,ZCTA5 64679
64681,147,62500,ZCTA5 64681
64682,344,53125,ZCTA5 64682
64683,7827,52244,ZCTA5 64683
64686,202,83333,ZCTA5 64686
64688,704,57708,ZCTA5 64688
64689,501,57024,ZCTA5 64689
64701,14474,67959,ZCTA5 64701
64720,4366,68286,ZCTA5 64720
64722,278,62083,ZCTA5 64722
64723,559,66154,ZCTA5 64723
64724,2090,45000,ZCTA5 64724
64725,2008,61836,ZCTA5 64725
64726,370,73864,ZCTA5 64726
64728,413,71071,ZCTA5 64728
64730,6651,45833,ZCTA5 64730
64733,1073,71850,ZCTA5 64733
64734,2149,95756,ZCTA5 64734
64735,13419,54741,ZCTA5 64735
64738,1337,57598,ZCTA5 64738
64739,1049,85938,ZCTA5 64739
64740,1552,51595,ZCTA5 64740
64741,187,36250,ZCTA5 64741
64742,2365,73875,ZCTA5 64742
64743,211,50313,ZCTA5 64743
64744,7941,42373,ZCTA5 64744
64745,64,52708,ZCTA5 64745
64746,1496,74902,ZCTA5 64746
64747,4127,68205,ZCTA5 64747
64748,1270,41000,ZCTA5 64748
64750,446,34353,ZCTA5 64750
64752,701,58333,ZCTA5 64752
64755,2484,75127,ZCTA5 64755
64756,560,44583,ZCTA5 64756
64759,7803,44224,ZCTA5 64759
64761,1598,62563,ZCTA5 64761
64762,1656,56458,ZCTA5 64762
64763,1462,44525,ZCTA5 64763
64765,6,41250,ZCTA5 64765
64767,556,47833,ZCTA5 64767
64769,718,29211,ZCTA5 64769
64770,1128,56500,ZCTA5 64770
64771,434,59423,ZCTA5 64771
64772,12958,54353,ZCTA5 64772
64776,3521,41996,ZCTA5 64776
64778,489,66818,ZCTA5 64778
64779,2578,46848,ZCTA5 64779
64780,423,54286,ZCTA5 64780
64781,110,41806,ZCTA5 64781
64783,634,39679,ZCTA5 64783
64784,1233,45938,ZCTA5 64784
64788,1318,72100,ZCTA5 64788
64790,886,41202,ZCTA5 64790
64801,37027,51503,ZCTA5 64801
64804,37043,59563,ZCTA5 64804
64830,813,57500,ZCTA5 64830
64831,6414,51250,ZCTA5 64831
64832,1341,73750,ZCTA5 64832
64833,65,55000,ZCTA5 64833
64834,10091,74383,ZCTA5 64834
64835,1951,45708,ZCTA5 64835
64836,25464,51116,ZCTA5 64836
64840,3456,63720,ZCTA5 64840
64841,1272,44830,ZCTA5 64841
64842,932,62188,ZCTA5 64842
64843,3519,47941,ZCTA5 64843
64844,4230,47014,ZCTA5 64844
64847,380,36042,ZCTA5 64847
64848,739,92619,ZCTA5 64848
64849,196,53750,ZCTA5 64849
64850,23931,56937,ZCTA5 64850
64854,4842,41354,ZCTA5 64854
64855,2591,81000,ZCTA5 64855
64856,3724,46068,ZCTA5 64856
64857,424,38125,ZCTA5 64857
64858,334,,ZCTA5 64858
64859,1249,53958,ZCTA5 64859
64861,1236,58939,ZCTA5 64861
64862,3407,41964,ZCTA5 64862
64863,1471,49167,ZCTA5 64863
64865,5814,53958,ZCTA5 64865
64866,988,55338,ZCTA5 64866
64867,966,55980,ZCTA5 64867
64868,88,,ZCTA5 64868
64870,15700,61606,ZCTA5 64870
64873,816,94432,ZCTA5 64873
64874,657,31875,ZCTA5 64874
65001,196,76667,ZCTA5 65001
65010,6970,90788,ZCTA5 65010
65011,2154,49792,ZCTA5 65011
65013,2682,42054,ZCTA5 65013
65014,2568,62537,ZCTA5 65014
65016,1391,88056,ZCTA5 65016
65017,1130,35924,ZCTA5 65017
65018,7834,70273,ZCTA5 65018
65020,14963,56466,ZCTA5 65020
65023,1523,69300,ZCTA5 65023
65024,975,59464,ZCTA5 65024
65025,777,45000,ZCTA5 65025
65026,11246,43676,ZCTA5 65026
65032,1190,69833,ZCTA5 65032
65034,820,44079,ZCTA5 65034
65035,1716,79412,ZCTA5 65035
65037,4866,63027,ZCTA5 65037
65039,2867,121087,ZCTA5 65039
65040,1259,74643,ZCTA5 65040
65041,5401,62209,ZCTA5 65041
65043,10083,77576,ZCTA5 65043
65046,1277,80870,ZCTA5 65046
65047,1734,74000,ZCTA5 65047
65048,182,64167,ZCTA5 65048
65049,6992,80564,ZCTA5 65049
65050,784,53804,ZCTA5 65050
65051,4842,62949,ZCTA5 65051
65052,3552,73542,ZCTA5 65052
65053,1478,104222,ZCTA5 65053
65054,1187,73618,ZCTA5 65054
65058,970,58750,ZCTA5 65058
65059,1055,69205,ZCTA5 65059
65061,507,58500,ZCTA5 65061
65062,26,,ZCTA5 65062
65063,4006,79509,ZCTA5 65063
65064,579,47108,ZCTA5 65064
65065,6841,58464,ZCTA5 65065
65066,5983,59261,ZCTA5 65066
65067,554,41563,ZCTA5 65067
65068,859,60000,ZCTA5 65068
65069,556,61250,ZCTA5 65069
65072,2019,51473,ZCTA5 65072
65074,2900,73388,ZCTA5 65074
65075,1102,74583,ZCTA5 65075
65076,548,61923,ZCTA5 65076
65077,450,60455,ZCTA5 65077
65078,3582,40000,ZCTA5 65078
65079,4582,57955,ZCTA5 65079
65080,1532,71621,ZCTA5 65080
65081,4343,52727,ZCTA5 65081
65082,1191,61136,ZCTA5 65082
65083,225,,ZCTA5 65083
65084,7332,50739,ZCTA5 65084
65085,1225,76103,ZCTA5 65085
65101,30144,68657,ZCTA5 65101
65109,40191,71844,ZCTA5 65109
65201,48537,42274,ZCTA5 65201
65202,47776,66384,ZCTA5 65202
65203,59673,75543,ZCTA5 65203
65215,266,,ZCTA5 65215
65216,180,,ZCTA5 65216
65230,471,48750,ZCTA5 65230
65231,2744,58182,ZCTA5 65231
65232,280,68750,ZCTA5 65232
65233,10903,60061,ZCTA5 65233
65236,1293,42250,ZCTA5 65236
65237,937,75625,ZCTA5 65237
65239,1792,69574,ZCTA5 65239
65240,8640,67513,ZCTA5 65240
65243,2690,56792,ZCTA5 65243
65244,378,70250,ZCTA5 65244
65246,76,,ZCTA5 65246
65247,920,68490,ZCTA5 65247
65248,4372,50731,ZCTA5 65248
65250,508,63523,ZCTA5 65250
65251,21172,69195,ZCTA5 65251
65254,1904,65884,ZCTA5 65254
65255,5112,75619,ZCTA5 65255
65256,1907,88281,ZCTA5 65256
65257,1770,61023,ZCTA5 65257
65258,525,53482,ZCTA5 65258
65259,2863,63229,ZCTA5 65259
65260,445,58750,ZCTA5 65260
65261,1300,59583,ZCTA5 65261
65262,1035,59531,ZCTA5 65262
65263,1519,51200,ZCTA5 65263
65264,1019,,ZCTA5 65264
65265,15403,51089,ZCTA5 65265
65270,16888,43808,ZCTA5 65270
65274,1901,74762,ZCTA5 65274
65275,2451,58377,ZCTA5 65275
65276,1794,70313,ZCTA5 65276
65278,75,51250,ZCTA5 65278
65279,1519,82206,ZCTA5 65279
65280,277,60536,ZCTA5 65280
65281,2874,64511,ZCTA5 65281
65282,136,13389,ZCTA5 65282
65283,503,46905,ZCTA5 65283
65284,2107,92083,ZCTA5 65284
65285,379,83056,ZCTA5 65285
65286,149,72222,ZCTA5 65286
65287,262,113333,ZCTA5 65287
65301,34994,56271,ZCTA5 65301
65305,3962,58895,ZCTA5 65305
65320,54,53750,ZCTA5 65320
65321,372,85938,ZCTA5 65321
65322,655,71458,ZCTA5 65322
65323,1032,58333,ZCTA5 65323
65324,1293,57540,ZCTA5 65324
65325,3272,49667,ZCTA5 65325
65326,1661,48686,ZCTA5 65326
65327,271,90469,ZCTA5 65327
65329,477,79934,ZCTA5 65329
65330,502,55833,ZCTA5 65330
65332,1805,63281,ZCTA5 65332
65333,807,57292,ZCTA5 65333
65334,962,63460,ZCTA5 65334
65335,207,75313,ZCTA5 65335
65336,6282,61586,ZCTA5 65336
65337,1848,62531,ZCTA5 65337
65338,2982,57652,ZCTA5 65338
65339,458,59063,ZCTA5 65339
65340,15805,53971,ZCTA5 65340
65344,177,54583,ZCTA5 65344
65345,437,59469,ZCTA5 65345
65347,892,95266,ZCTA5 65347
65348,1255,44167,ZCTA5 65348
65349,2541,43309,ZCTA5 65349
65350,1778,56402,ZCTA5 65350
65351,2275,56625,ZCTA5 65351
65354,490,,ZCTA5 65354
65355,10836,47795,ZCTA5 65355
65360,4971,51305,ZCTA5 65360
65401,32444,50366,ZCTA5 65401
65409,13,,ZCTA5 65409
65436,0,,ZCTA5 65436
65438,2490,42917,ZCTA5 65438
65439,29,,ZCTA5 65439
65440,457,,ZCTA5 65440
65441,4991,60369,ZCTA5 65441
65443,124,81250,ZCTA5 65443
65444,735,55938,ZCTA5 65444
65446,494,74500,ZCTA5 65446
65449,99,29567,ZCTA5 65449
65452,2591,58894,ZCTA5 65452
65453,9093,54088,ZCTA5 65453
65456,401,56250,ZCTA5 65456
65457,229,67854,ZCTA5 65457
65459,8274,63830,ZCTA5 65459
65461,127,62604,ZCTA5 65461
65462,1154,48125,ZCTA5 65462
65463,1263,64063,ZCTA5 65463
65464,353,34196,ZCTA5 65464
65466,1379,37944,ZCTA5 65466
65468,80,,ZCTA5 65468
65470,753,,ZCTA5 65470
65473,15615,64890,ZCTA5 65473
65479,258,,ZCTA5 65479
65483,4667,43594,ZCTA5 65483
65484,54,,ZCTA5 65484
65486,2932,56794,ZCTA5 65486
65501,191,75833,ZCTA5 65501
65529,289,101308,ZCTA5 65529
65534,427,43632,ZCTA5 65534
65535,1478,52821,ZCTA5 65535
65536,29974,49587,ZCTA5 65536
65541,173,,ZCTA5 65541
65542,6804,42813,ZCTA5 65542
65543,546,,ZCTA5 65543
65548,6577,49411,ZCTA5 65548
65550,3232,62188,ZCTA5 65550
65552,2373,61733,ZCTA5 65552
65555,1224,44464,ZCTA5 65555
65556,5100,43715,ZCTA5 65556
65557,204,91771,ZCTA5 65557
65559,9042,57323,ZCTA5 65559
65560,13305,49598,ZCTA5 65560
65564,133,,ZCTA5 65564
65565,4706,48246,ZCTA5 65565
65566,711,51761,ZCTA5 65566
65567,1742,43981,ZCTA5 65567
65570,715,31234,ZCTA5 65570
65571,1828,25409,ZCTA5 65571
65580,620,67321,ZCTA5 65580
65582,2230,53095,ZCTA5 65582
65583,14064,71113,ZCTA5 65583
65584,10535,60507,ZCTA5 65584
65586,94,,ZCTA5 65586
65588,2028,38365,ZCTA5 65588
65589,70,,ZCTA5 65589
65590,1929,51166,ZCTA5 65590
65591,1685,49179,ZCTA5 65591
65601,668,48551,ZCTA5 65601
65603,174,85720,ZCTA5 65603
65604,3779,61159,ZCTA5 65604
65605,11705,51238,ZCTA5 65605
65606,2431,46061,ZCTA5 65606
65608,8389,47561,ZCTA5 65608
65609,698,45119,ZCTA5 65609
65610,4994,64606,ZCTA5 65610
65611,2013,51458,ZCTA5 65611
65612,1779,56071,ZCTA5 65612
65613,17701,51951,ZCTA5 65613
65614,661,57273,ZCTA5 65614
65616,27811,55167,ZCTA5 65616
65617,1668,69632,ZCTA5 65617
65618,232,,ZCTA5 65618
65619,8585,70000,ZCTA5 65619
65620,267,,ZCTA5 65620
65622,7756,33149,ZCTA5 65622
65623,44,67500,ZCTA5 65623
65624,1630,65179,ZCTA5 65624
65625,7549,58627,ZCTA5 65625
65626,2326,46382,ZCTA5 65626
65627,879,59500,ZCTA5 65627
65629,681,56719,ZCTA5 65629
65630,379,103654,ZCTA5 65630
65631,6057,79875,ZCTA5 65631
65632,2751,53375,ZCTA5 65632
65633,3882,53952,ZCTA5 65633
65634,586,31250,ZCTA5 65634
65635,695,81563,ZCTA5 65635
65637,810,,ZCTA5 65637
65638,709,44196,ZCTA5 65638
65640,1343,56081,ZCTA5 65640
65641,1156,49828,ZCTA5 65641
65644,1654,65620,ZCTA5 65644
65646,1613,53438,ZCTA5 65646
65647,3126,57893,ZCTA5 65647
65648,6855,70859,ZCTA5 65648
65649,2191,44434,ZCTA5 65649
65650,1729,46285,ZCTA5 65650
65652,4392,66074,ZCTA5 65652
65653,5763,44961,ZCTA5 65653
65654,253,48750,ZCTA5 65654
65655,2420,30360,ZCTA5 65655
65656,4865,61686,ZCTA5 65656
65657,370,,ZCTA5 65657
65658,1290,61767,ZCTA5 65658
65660,185,70648,ZCTA5 65660
65661,2391,38235,ZCTA5 65661
65662,1066,,ZCTA5 65662
65663,2722,63071,ZCTA5 65663
65664,46,12708,ZCTA5 65664
65666,40,,ZCTA5 65666
65667,3143,36304,ZCTA5 65667
65668,1566,35641,ZCTA5 65668
65669,2780,84954,ZCTA5 65669
65672,8499,56988,ZCTA5 65672
65674,2972,35139,ZCTA5 65674
65675,33,51667,ZCTA5 65675
65676,413,41007,ZCTA5 65676
65679,3085,47409,ZCTA5 65679
65680,1164,60641,ZCTA5 65680
65681,1942,52596,ZCTA5 65681
65682,2124,52159,ZCTA5 65682
65685,1039,48867,ZCTA5 65685
65686,4709,54691,ZCTA5 65686
65688,44,,ZCTA5 65688
65689,4974,40878,ZCTA5 65689
65690,131,,ZCTA5 65690
65692,983,45524,ZCTA5 65692
65702,176,55980,ZCTA5 65702
65704,4474,45577,ZCTA5 65704
65705,4217,54604,ZCTA5 65705
65706,16623,70315,ZCTA5 65706
65707,2052,55170,ZCTA5 65707
65708,13114,49994,ZCTA5 65708
65710,1134,65893,ZCTA5 65710
65711,8536,43903,ZCTA5 65711
65712,9381,60270,ZCTA5 65712
65713,2538,49911,ZCTA5 65713
65714,34681,77475,ZCTA5 65714
65715,76,,ZCTA5 65715
65717,2823,51726,ZCTA5 65717
65720,725,41683,ZCTA5 65720
65721,33581,72055,ZCTA5 65721
65722,1165,45032,ZCTA5 65722
65723,3061,48061,ZCTA5 65723
65724,1467,34923,ZCTA5 65724
65725,2814,71702,ZCTA5 65725
65726,1050,,ZCTA5 65726
65727,114,74464,ZCTA5 65727
65728,30,,ZCTA5 65728
65729,140,,ZCTA5 65729
65730,10,,ZCTA5 65730
65731,171,100139,ZCTA5 65731
65732,1240,27904,ZCTA5 65732
65733,859,50208,ZCTA5 65733
65734,3175,50027,ZCTA5 65734
65735,54,21000,ZCTA5 65735
65737,8062,56957,ZCTA5 65737
65738,20507,66504,ZCTA5 65738
65739,910,53750,ZCTA5 65739
65740,3586,51591,ZCTA5 65740
65741,0,,ZCTA5 65741
65742,13885,78063,ZCTA5 65742
65744,85,,ZCTA5 65744
65745,2865,47691,ZCTA5 65745
65746,8833,52474,ZCTA5 65746
65747,3586,48513,ZCTA5 65747
65752,377,39306,ZCTA5 65752
65753,4908,72473,ZCTA5 65753
65754,592,120774,ZCTA5 65754
65755,665,65417,ZCTA5 65755
65756,820,106676,ZCTA5 65756
65757,7380,71368,ZCTA5 65757
65759,1073,51000,ZCTA5 65759
65760,427,,ZCTA5 65760
65761,1289,33846,ZCTA5 65761
65762,547,38409,ZCTA5 65762
65764,1321,30917,ZCTA5 65764
65766,65,85750,ZCTA5 65766
65767,1983,58036,ZCTA5 65767
65768,145,76477,ZCTA5 65768
65769,2624,61250,ZCTA5 65769
65770,2655,54485,ZCTA5 65770
65771,1545,88750,ZCTA5 65771
65772,2452,51941,ZCTA5 65772
65773,332,70388,ZCTA5 65773
65774,977,29262,ZCTA5 65774
65775,25173,47216,ZCTA5 65775
65777,152,,ZCTA5 65777
65778,485,21250,ZCTA5 65778
65779,1247,30938,ZCTA5 65779
65781,9104,75214,ZCTA5 65781
65783,161,43893,ZCTA5 65783
65784,0,,ZCTA5 65784
65785,5578,44806,ZCTA5 65785
65786,1716,52167,ZCTA5 65786
65787,1136,49135,ZCTA5 65787
65788,319,43567,ZCTA5 65788
65789,1723,53500,ZCTA5 65789
65790,916,56726,ZCTA5 65790
65791,4234,42045,ZCTA5 65791
65793,5183,39864,ZCTA5 65793
65801,0,,ZCTA5 65801
65802,46532,48304,ZCTA5 65802
65803,42975,45440,ZCTA5 65803
65804,39032,55775,ZCTA5 65804
65806,14771,26225,ZCTA5 65806
65807,55384,48029,ZCTA5 65807
65809,11341,102103,ZCTA5 65809
65810,22408,85126,ZCTA5 65810
65897,3294,,ZCTA5 65897
66002,13376,53875,ZCTA5 66002
66006,7688,86468,ZCTA5 66006
66007,9601,106444,ZCTA5 66007
66008,200,87308,ZCTA5 66008
66010,497,49213,ZCTA5 66010
66012,10295,91524,ZCTA5 66012
66013,2628,157826,ZCTA5 66013
66014,576,73942,ZCTA5 66014
66015,718,59671,ZCTA5 66015
66016,688,83750,ZCTA5 66016
66017,308,80391,ZCTA5 66017
66018,6438,102778,ZCTA5 66018
66020,1848,82614,ZCTA5 66020
66021,2873,79395,ZCTA5 66021
66023,889,59375,ZCTA5 66023
66024,651,64844,ZCTA5 66024
66025,7809,104788,ZCTA5 66025
66026,876,78056,ZCTA5 66026
66027,6990,100313,ZCTA5 66027
66030,25625,91842,ZCTA5 66030
66031,610,,ZCTA5 66031
66032,4864,62365,ZCTA5 66032
66033,801,84008,ZCTA5 66033
66035,1411,87917,ZCTA5 66035
66039,637,55000,ZCTA5 66039
66040,3216,59423,ZCTA5 66040
66041,862,54615,ZCTA5 66041
66042,622,53750,ZCTA5 66042
66043,10684,99049,ZCTA5 66043
66044,29006,52577,ZCTA5 66044
66045,1672,,ZCTA5 66045
66046,19069,60658,ZCTA5 66046
66047,20399,60339,ZCTA5 66047
66048,35970,68963,ZCTA5 66048
66049,31608,80539,ZCTA5 66049
66050,1910,93558,ZCTA5 66050
66052,2151,77734,ZCTA5 66052
66053,7814,95595,ZCTA5 66053
66054,2717,92411,ZCTA5 66054
66056,1462,48500,ZCTA5 66056
66058,292,75833,ZCTA5 66058
66060,1353,87188,ZCTA5 66060
66061,66897,103770,ZCTA5 66061
66062,77312,111902,ZCTA5 66062
66064,5910,64461,ZCTA5 66064
66066,2803,74356,ZCTA5 66066
66067,15904,63794,ZCTA5 66067
66070,2230,82368,ZCTA5 66070
66071,13005,83087,ZCTA5 66071
66072,1365,79583,ZCTA5 66072
66073,2444,72368,ZCTA5 66073
66075,2503,57826,ZCTA5 66075
66076,2346,68788,ZCTA5 66076
66078,812,76250,ZCTA5 66078
66079,626,52202,ZCTA5 66079
66080,961,78409,ZCTA5 66080
66083,11679,109367,ZCTA5 66083
66085,10906,134028,ZCTA5 66085
66086,10774,90440,ZCTA5 66086
66087,1944,57750,ZCTA5 66087
66088,2655,70045,ZCTA5 66088
66090,2506,69000,ZCTA5 66090
66091,386,,ZCTA5 66091
66092,4298,86136,ZCTA5 66092
66093,689,87159,ZCTA5 66093
66094,411,44500,ZCTA5 66094
66095,1105,64389,ZCTA5 66095
66097,1016,58510,ZCTA5 66097
66101,12355,37192,ZCTA5 66101
66102,30237,48294,ZCTA5 66102
66103,13035,50716,ZCTA5 66103
66104,27663,52247,ZCTA5 66104
66105,2227,31341,ZCTA5 66105
66106,22729,58539,ZCTA5 66106
66109,27934,95089,ZCTA5 66109
66111,10536,63694,ZCTA5 66111
66112,13421,54937,ZCTA5 66112
66115,0,,ZCTA5 66115
66118,0,,ZCTA5 66118
66160,39,,ZCTA5 66160
66202,17043,70543,ZCTA5 66202
66203,19087,74635,ZCTA5 66203
66204,18931,72569,ZCTA5 66204
66205,13830,98475,ZCTA5 66205
66206,12038,163986,ZCTA5 66206
66207,15486,115158,ZCTA5 66207
66208,21609,112659,ZCTA5 66208
66209,19452,134173,ZCTA5 66209
66210,19881,89587,ZCTA5 66210
66211,5749,117232,ZCTA5 66211
66212,32806,77016,ZCTA5 66212
66213,30270,115545,ZCTA5 66213
66214,12513,67706,ZCTA5 66214
66215,26001,86160,ZCTA5 66215
66216,25051,104596,ZCTA5 66216
66217,5427,81500,ZCTA5 66217
66218,7745,145069,ZCTA5 66218
66219,13843,87439,ZCTA5 66219
66220,8135,168484,ZCTA5 66220
66221,24434,207534,ZCTA5 66221
66223,25217,109835,ZCTA5 66223
66224,12301,187781,ZCTA5 66224
66226,16165,162551,ZCTA5 66226
66227,8756,129627,ZCTA5 66227
66251,5,,ZCTA5 66251
66401,1797,62813,ZCTA5 66401
66402,3080,81688,ZCTA5 66402
66403,868,76250,ZCTA5 66403
66404,404,76964,ZCTA5 66404
66406,432,62941,ZCTA5 66406
66407,319,73750,ZCTA5 66407
66408,447,110870,ZCTA5 66408
66409,3355,97550,ZCTA5 66409
66411,1385,53077,ZCTA5 66411
66412,467,79728,ZCTA5 66412
66413,1711,61071,ZCTA5 66413
66414,2513,67431,ZCTA5 66414
66415,695,63889,ZCTA5 66415
66416,530,65357,ZCTA5 66416
66417,410,82813,ZCTA5 66417
66418,420,75417,ZCTA5 66418
66419,359,88378,ZCTA5 66419
66422,1185,67977,ZCTA5 66422
66423,1069,61094,ZCTA5 66423
66424,481,54375,ZCTA5 66424
66425,456,55779,ZCTA5 66425
66427,1239,74917,ZCTA5 66427
66428,278,112386,ZCTA5 66428
66429,432,64148,ZCTA5 66429
66431,689,67250,ZCTA5 66431
66432,486,101354,ZCTA5 66432
66434,4570,64817,ZCTA5 66434
66436,5901,66406,ZCTA5 66436
66438,85,103214,ZCTA5 66438
66439,2607,48403,ZCTA5 66439
66440,1705,74222,ZCTA5 66440
66441,25582,59270,ZCTA5 66441
66442,16709,44846,ZCTA5 66442
66449,1083,75227,ZCTA5 66449
66451,1834,71750,ZCTA5 66451
66501,363,70417,ZCTA5 66501
66502,44813,50614,ZCTA5 66502
66503,16393,96327,ZCTA5 66503
66506,3179,,ZCTA5 66506
66507,896,82083,ZCTA5 66507
66508,4034,57537,ZCTA5 66508
66509,2462,70754,ZCTA5 66509
66510,683,55625,ZCTA5 66510
66512,3061,72500,ZCTA5 66512
66514,1934,91736,ZCTA5 66514
66515,413,83750,ZCTA5 66515
66516,323,71250,ZCTA5 66516
66517,1529,57392,ZCTA5 66517
66518,207,,ZCTA5 66518
66520,537,83750,ZCTA5 66520
66521,1417,55682,ZCTA5 66521
66522,280,23912,ZCTA5 66522
66523,3796,60559,ZCTA5 66523
66524,2412,75298,ZCTA5 66524
66526,963,78830,ZCTA5 66526
66527,180,58750,ZCTA5 66527
66528,785,68984,ZCTA5 66528
66531,1425,74492,ZCTA5 66531
66532,638,72083,ZCTA5 66532
66533,1756,75865,ZCTA5 66533
66534,3711,71920,ZCTA5 66534
66535,3543,70737,ZCTA5 66535
66536,4098,73942,ZCTA5 66536
66537,1222,58077,ZCTA5 66537
66538,3419,73434,ZCTA5 66538
66539,2555,84444,ZCTA5 66539
66540,616,58088,ZCTA5 66540
66541,257,29545,ZCTA5 66541
66542,2972,105806,ZCTA5 66542
66543,1044,85536,ZCTA5 66543
66544,304,78295,ZCTA5 66544
66546,1113,80119,ZCTA5 66546
66547,8379,95321,ZCTA5 66547
66548,893,71500,ZCTA5 66548
66549,1427,63654,ZCTA5 66549
66550,640,62083,ZCTA5 66550
66552,531,72778,ZCTA5 66552
66554,650,87898,ZCTA5 66554
66603,1338,37663,ZCTA5 66603
66604,22933,57191,ZCTA5 66604
66605,21779,56602,ZCTA5 66605
66606,9656,50805,ZCTA5 66606
66607,9414,27410,ZCTA5 66607
66608,4964,46563,ZCTA5 66608
66609,6878,62838,ZCTA5 66609
66610,10835,112792,ZCTA5 66610
66611,10441,51741,ZCTA5 66611
66612,1673,27796,ZCTA5 66612
66614,33080,69002,ZCTA5 66614
66615,3201,78179,ZCTA5 66615
66616,5463,48140,ZCTA5 66616
66617,8876,81824,ZCTA5 66617
66618,9828,101364,ZCTA5 66618
66619,3081,48533,ZCTA5 66619
66621,656,,ZCTA5 66621
66622,98,,ZCTA5 66622
66701,11206,52562,ZCTA5 66701
66710,734,44688,ZCTA5 66710
66711,610,54000,ZCTA5 66711
66712,1661,44938,ZCTA5 66712
66713,5649,59179,ZCTA5 66713
66714,134,44000,ZCTA5 66714
66716,875,74167,ZCTA5 66716
66717,613,70417,ZCTA5 66717
66720,10835,55787,ZCTA5 66720
66724,1060,45729,ZCTA5 66724
66725,5344,51726,ZCTA5 66725
66732,293,78750,ZCTA5 66732
66733,2285,51181,ZCTA5 66733
66734,250,29107,ZCTA5 66734
66735,788,56800,ZCTA5 66735
66736,3541,56941,ZCTA5 66736
66738,219,51750,ZCTA5 66738
66739,5068,45303,ZCTA5 66739
66740,192,,ZCTA5 66740
66741,189,96000,ZCTA5 66741
66742,29,84375,ZCTA5 66742
66743,4067,41962,ZCTA5 66743
66746,158,85417,ZCTA5 66746
66748,2883,55784,ZCTA5 66748
66749,7290,53565,ZCTA5 66749
66751,653,43250,ZCTA5 66751
66753,1284,68984,ZCTA5 66753
66754,411,42500,ZCTA5 66754
66755,864,63625,ZCTA5 66755
66756,1037,51875,ZCTA5 66756
66757,3214,60169,ZCTA5 66757
66758,249,35250,ZCTA5 66758
66760,11,,ZCTA5 66760
66761,278,88393,ZCTA5 66761
66762,25006,48570,ZCTA5 66762
66763,3384,54905,ZCTA5 66763
66767,305,54583,ZCTA5 66767
66769,666,81797,ZCTA5 66769
66770,960,67083,ZCTA5 66770
66771,1004,69000,ZCTA5 66771
66772,234,,ZCTA5 66772
66773,514,46167,ZCTA5 66773
66775,199,58929,ZCTA5 66775
66776,1542,52431,ZCTA5 66776
66777,499,41250,ZCTA5 66777
66778,0,,ZCTA5 66778
66779,843,62188,ZCTA5 66779
66780,503,78289,ZCTA5 66780
66781,1062,49722,ZCTA5 66781
66782,179,53438,ZCTA5 66782
66783,2178,43971,ZCTA5 66783
66801,27416,54322,ZCTA5 66801
66830,272,58500,ZCTA5 66830
66833,642,55000,ZCTA5 66833
66834,983,72529,ZCTA5 66834
66835,1268,80000,ZCTA5 66835
66838,109,42039,ZCTA5 66838
66839,3833,61023,ZCTA5 66839
66840,534,52738,ZCTA5 66840
66842,485,88750,ZCTA5 66842
66843,152,34821,ZCTA5 66843
66845,1079,48571,ZCTA5 66845
66846,3298,55859,ZCTA5 66846
66849,506,72188,ZCTA5 66849
66850,230,54643,ZCTA5 66850
66851,617,31042,ZCTA5 66851
66852,586,57019,ZCTA5 66852
66853,325,43750,ZCTA5 66853
66854,800,72031,ZCTA5 66854
66856,1779,76213,ZCTA5 66856
66857,937,61750,ZCTA5 66857
66858,362,64205,ZCTA5 66858
66859,240,58750,ZCTA5 66859
66860,1306,57600,ZCTA5 66860
66861,2805,59727,ZCTA5 66861
66862,92,51250,ZCTA5 66862
66863,34,113047,ZCTA5 66863
66864,478,60000,ZCTA5 66864
66865,1046,100045,ZCTA5 66865
66866,1838,54120,ZCTA5 66866
66868,678,95208,ZCTA5 66868
66869,606,53424,ZCTA5 66869
66870,132,43977,ZCTA5 66870
66871,1278,71932,ZCTA5 66871
66872,904,49762,ZCTA5 66872
66873,228,60536,ZCTA5 66873
66901,6226,51458,ZCTA5 66901
66930,115,48816,ZCTA5 66930
66932,74,55833,ZCTA5 66932
66933,296,46129,ZCTA5 66933
66935,2461,52734,ZCTA5 66935
66936,296,36319,ZCTA5 66936
66937,928,58583,ZCTA5 66937
66938,1388,51842,ZCTA5 66938
66939,405,66250,ZCTA5 66939
66940,376,38646,ZCTA5 66940
66941,83,34500,ZCTA5 66941
66942,330,36750,ZCTA5 66942
66943,590,56667,ZCTA5 66943
66944,321,80781,ZCTA5 66944
66945,1048,57813,ZCTA5 66945
66946,120,,ZCTA5 66946
66948,582,67083,ZCTA5 66948
66949,609,52727,ZCTA5 66949
66951,820,52315,ZCTA5 66951
66952,368,46202,ZCTA5 66952
66953,634,62656,ZCTA5 66953
66955,49,46719,ZCTA5 66955
66956,1066,48021,ZCTA5 66956
66958,272,76250,ZCTA5 66958
66959,178,64375,ZCTA5 66959
66960,95,44375,ZCTA5 66960
66961,9,,ZCTA5 66961
66962,218,83393,ZCTA5 66962
66963,268,,ZCTA5 66963
66964,143,68220,ZCTA5 66964
66966,584,49773,ZCTA5 66966
66967,2017,51025,ZCTA5 66967
66968,1309,53603,ZCTA5 66968
66970,74,,ZCTA5 66970
67001,2388,77917,ZCTA5 67001
67002,16508,110599,ZCTA5 67002
67003,2530,51100,ZCTA5 67003
67004,800,65288,ZCTA5 67004
67005,15552,52487,ZCTA5 67005
67008,543,50956,ZCTA5 67008
67009,886,40441,ZCTA5 67009
67010,13884,68046,ZCTA5 67010
67012,40,,ZCTA5 67012
67013,3099,76836,ZCTA5 67013
67016,452,57500,ZCTA5 67016
67017,2113,87159,ZCTA5 67017
67018,79,61250,ZCTA5 67018
67019,919,64500,ZCTA5 67019
67020,1347,74250,ZCTA5 67020
67021,23,47917,ZCTA5 67021
67022,1562,58304,ZCTA5 67022
67023,131,66250,ZCTA5 67023
67024,930,35769,ZCTA5 67024
67025,3890,76510,ZCTA5 67025
67026,5069,100817,ZCTA5 67026
67028,235,73359,ZCTA5 67028
67029,975,48171,ZCTA5 67029
67030,2802,88750,ZCTA5 67030
67031,2503,71394,ZCTA5 67031
67035,827,60417,ZCTA5 67035
67036,115,57813,ZCTA5 67036
67037,29459,82377,ZCTA5 67037
67038,720,50469,ZCTA5 67038
67039,2906,81304,ZCTA5 67039
67041,271,76250,ZCTA5 67041
67042,17257,54792,ZCTA5 67042
67045,3052,46991,ZCTA5 67045
67047,668,50263,ZCTA5 67047
67049,70,77750,ZCTA5 67049
67050,2101,102778,ZCTA5 67050
67051,412,74044,ZCTA5 67051
67052,8755,99821,ZCTA5 67052
67053,545,55972,ZCTA5 67053
67054,1191,70000,ZCTA5 67054
67055,88,50833,ZCTA5 67055
67056,3059,72702,ZCTA5 67056
67057,277,48750,ZCTA5 67057
67058,1745,61827,ZCTA5 67058
67059,940,75625,ZCTA5 67059
67060,14091,69940,ZCTA5 67060
67061,210,55208,ZCTA5 67061
67062,4007,67697,ZCTA5 67062
67063,3603,65025,ZCTA5 67063
67065,201,76250,ZCTA5 67065
67066,328,50625,ZCTA5 67066
67067,2368,101172,ZCTA5 67067
67068,4033,57257,ZCTA5 67068
67070,910,53333,ZCTA5 67070
67071,197,,ZCTA5 67071
67072,320,,ZCTA5 67072
67073,323,67981,ZCTA5 67073
67074,1154,67500,ZCTA5 67074
67101,6153,77371,ZCTA5 67101
67102,171,,ZCTA5 67102
67103,232,92500,ZCTA5 67103
67104,1926,54406,ZCTA5 67104
67105,168,61250,ZCTA5 67105
67106,295,77917,ZCTA5 67106
67107,2696,59070,ZCTA5 67107
67108,1527,90238,ZCTA5 67108
67109,373,75288,ZCTA5 67109
67110,8423,68880,ZCTA5 67110
67111,214,64583,ZCTA5 67111
67112,240,85139,ZCTA5 67112
67114,21113,68750,ZCTA5 67114
67117,2107,95147,ZCTA5 67117
67118,695,53523,ZCTA5 67118
67119,1199,52773,ZCTA5 67119
67120,857,102632,ZCTA5 67120
67122,350,128068,ZCTA5 67122
67123,775,55938,ZCTA5 67123
67124,7845,62788,ZCTA5 67124
67127,748,65833,ZCTA5 67127
67131,327,81154,ZCTA5 67131
67132,386,88077,ZCTA5 67132
67133,6900,95659,ZCTA5 67133
67134,365,62679,ZCTA5 67134
67135,3428,82037,ZCTA5 67135
67137,498,55000,ZCTA5 67137
67138,373,51992,ZCTA5 67138
67140,990,43500,ZCTA5 67140
67142,353,79500,ZCTA5 67142
67143,67,66000,ZCTA5 67143
67144,2815,80199,ZCTA5 67144
67146,1899,77596,ZCTA5 67146
67147,10718,74776,ZCTA5 67147
67149,1181,104028,ZCTA5 67149
67150,9,,ZCTA5 67150
67151,481,47917,ZCTA5 67151
67152,9006,48979,ZCTA5 67152
67154,1933,59219,ZCTA5 67154
67155,109,72708,ZCTA5 67155
67156,14258,56591,ZCTA5 67156
67159,172,53750,ZCTA5 67159
67202,1999,50433,ZCTA5 67202
67203,30358,47367,ZCTA5 67203
67204,22626,66041,ZCTA5 67204
67205,20192,114191,ZCTA5 67205
67206,17601,83651,ZCTA5 67206
67207,27432,67348,ZCTA5 67207
67208,17438,58983,ZCTA5 67208
67209,12810,83357,ZCTA5 67209
67210,9243,55768,ZCTA5 67210
67211,18593,43206,ZCTA5 67211
67212,44171,63226,ZCTA5 67212
67213,21314,44342,ZCTA5 67213
67214,16253,32821,ZCTA5 67214
67215,6327,108062,ZCTA5 67215
67216,22723,44513,ZCTA5 67216
67217,32184,53632,ZCTA5 67217
67218,23264,46639,ZCTA5 67218
67219,11768,66652,ZCTA5 67219
67220,14739,71853,ZCTA5 67220
67221,447,,ZCTA5 67221
67223,806,117917,ZCTA5 67223
67226,21750,85930,ZCTA5 67226
67227,204,71989,ZCTA5 67227
67228,2726,193393,ZCTA5 67228
67230,11730,148379,ZCTA5 67230
67232,381,2499,ZCTA5 67232
67235,15138,113513,ZCTA5 67235
67260,209,,ZCTA5 67260
67301,12932,52040,ZCTA5 67301
67330,1654,72200,ZCTA5 67330
67332,175,51406,ZCTA5 67332
67333,2446,59890,ZCTA5 67333
67334,67,,ZCTA5 67334
67335,3334,51075,ZCTA5 67335
67336,1357,32847,ZCTA5 67336
67337,10995,46473,ZCTA5 67337
67340,381,62803,ZCTA5 67340
67341,346,83750,ZCTA5 67341
67342,714,51994,ZCTA5 67342
67344,716,51458,ZCTA5 67344
67345,106,65833,ZCTA5 67345
67346,363,69375,ZCTA5 67346
67347,493,82917,ZCTA5 67347
67349,779,61071,ZCTA5 67349
67351,375,87083,ZCTA5 67351
67352,583,44917,ZCTA5 67352
67353,467,42292,ZCTA5 67353
67354,566,56563,ZCTA5 67354
67355,227,69803,ZCTA5 67355
67356,3054,58672,ZCTA5 67356
67357,11874,55667,ZCTA5 67357
67360,312,50819,ZCTA5 67360
67361,1806,48542,ZCTA5 67361
67363,123,150509,ZCTA5 67363
67364,203,,ZCTA5 67364
67401,50638,59008,ZCTA5 67401
67410,10544,61563,ZCTA5 67410
67416,728,68229,ZCTA5 67416
67417,127,77768,ZCTA5 67417
67418,209,61346,ZCTA5 67418
67420,3909,63327,ZCTA5 67420
67422,1335,86389,ZCTA5 67422
67423,329,56250,ZCTA5 67423
67425,712,78750,ZCTA5 67425
67427,363,34524,ZCTA5 67427
67428,1173,68083,ZCTA5 67428
67430,603,50000,ZCTA5 67430
67431,1836,66641,ZCTA5 67431
67432,5524,62608,ZCTA5 67432
67436,484,56771,ZCTA5 67436
67437,869,65000,ZCTA5 67437
67438,289,48804,ZCTA5 67438
67439,3297,67768,ZCTA5 67439
67441,907,56719,ZCTA5 67441
67442,342,44750,ZCTA5 67442
67443,1927,91394,ZCTA5 67443
67444,551,51685,ZCTA5 67444
67445,487,42106,ZCTA5 67445
67446,685,71691,ZCTA5 67446
67447,250,,ZCTA5 67447
67448,1012,82944,ZCTA5 67448
67449,2658,63821,ZCTA5 67449
67450,547,41136,ZCTA5 67450
67451,1060,51012,ZCTA5 67451
67452,365,82500,ZCTA5 67452
67454,683,44545,ZCTA5 67454
67455,1639,51583,ZCTA5 67455
67456,4960,69673,ZCTA5 67456
67457,594,51500,ZCTA5 67457
67458,456,58325,ZCTA5 67458
67459,391,90625,ZCTA5 67459
67460,15967,71906,ZCTA5 67460
67464,1036,68603,ZCTA5 67464
67466,605,51806,ZCTA5 67466
67467,2575,65250,ZCTA5 67467
67468,309,52083,ZCTA5 67468
67470,504,79688,ZCTA5 67470
67473,1856,64044,ZCTA5 67473
67474,211,56250,ZCTA5 67474
67475,129,76250,ZCTA5 67475
67476,7,,ZCTA5 67476
67478,80,58542,ZCTA5 67478
67480,1715,79688,ZCTA5 67480
67481,710,50192,ZCTA5 67481
67482,96,,ZCTA5 67482
67483,486,66071,ZCTA5 67483
67484,943,68696,ZCTA5 67484
67485,287,65000,ZCTA5 67485
67487,1376,58125,ZCTA5 67487
67490,965,63750,ZCTA5 67490
67491,277,69688,ZCTA5 67491
67492,202,68214,ZCTA5 67492
67501,24491,47593,ZCTA5 67501
67502,23844,70919,ZCTA5 67502
67505,2830,42010,ZCTA5 67505
67510,275,55833,ZCTA5 67510
67511,156,46033,ZCTA5 67511
67512,208,64423,ZCTA5 67512
67513,108,,ZCTA5 67513
67514,719,57125,ZCTA5 67514
67515,43,90357,ZCTA5 67515
67516,526,54706,ZCTA5 67516
67518,36,56250,ZCTA5 67518
67519,141,107813,ZCTA5 67519
67520,288,63421,ZCTA5 67520
67521,105,103125,ZCTA5 67521
67522,2019,67083,ZCTA5 67522
67523,478,62750,ZCTA5 67523
67524,595,57500,ZCTA5 67524
67525,972,65714,ZCTA5 67525
67526,2771,52739,ZCTA5 67526
67529,353,59559,ZCTA5 67529
67530,17668,56238,ZCTA5 67530
67543,2083,57486,ZCTA5 67543
67544,2988,46932,ZCTA5 67544
67545,182,59167,ZCTA5 67545
67546,2837,72447,ZCTA5 67546
67547,1704,52632,ZCTA5 67547
67548,1347,49045,ZCTA5 67548
67550,5175,52432,ZCTA5 67550
67552,734,45556,ZCTA5 67552
67553,103,61250,ZCTA5 67553
67554,4072,62446,ZCTA5 67554
67556,137,44219,ZCTA5 67556
67557,595,53523,ZCTA5 67557
67559,35,66000,ZCTA5 67559
67560,1521,81250,ZCTA5 67560
67561,1408,49773,ZCTA5 67561
67563,332,65833,ZCTA5 67563
67564,291,54722,ZCTA5 67564
67565,510,57500,ZCTA5 67565
67566,767,26778,ZCTA5 67566
67567,711,68056,ZCTA5 67567
67568,268,46750,ZCTA5 67568
67570,1500,73594,ZCTA5 67570
67572,370,53500,ZCTA5 67572
67573,172,70000,ZCTA5 67573
67574,175,57750,ZCTA5 67574
67575,508,68125,ZCTA5 67575
67576,2075,67500,ZCTA5 67576
67578,1075,54773,ZCTA5 67578
67579,3130,56436,ZCTA5 67579
67581,334,61696,ZCTA5 67581
67583,821,52568,ZCTA5 67583
67584,137,57000,ZCTA5 67584
67601,24045,56845,ZCTA5 67601
67621,325,48750,ZCTA5 67621
67622,566,46458,ZCTA5 67622
67623,212,44792,ZCTA5 67623
67625,159,34401,ZCTA5 67625
67626,233,56801,ZCTA5 67626
67627,215,,ZCTA5 67627
67628,171,,ZCTA5 67628
67629,123,95156,ZCTA5 67629
67631,115,68958,ZCTA5 67631
67632,247,48750,ZCTA5 67632
67634,223,75938,ZCTA5 67634
67635,173,58125,ZCTA5 67635
67637,2875,75850,ZCTA5 67637
67638,113,32750,ZCTA5 67638
67639,221,54000,ZCTA5 67639
67640,385,62875,ZCTA5 67640
67642,1836,46281,ZCTA5 67642
67643,243,91544,ZCTA5 67643
67644,230,52083,ZCTA5 67644
67645,559,32333,ZCTA5 67645
67646,817,55526,ZCTA5 67646
67647,240,57344,ZCTA5 67647
67648,624,46250,ZCTA5 67648
67649,216,53750,ZCTA5 67649
67650,247,51467,ZCTA5 67650
67651,514,61875,ZCTA5 67651
67653,309,63250,ZCTA5 67653
67654,4199,53682,ZCTA5 67654
67656,221,130313,ZCTA5 67656
67657,245,61406,ZCTA5 67657
67658,141,61406,ZCTA5 67658
67659,69,46111,ZCTA5 67659
67660,35,34000,ZCTA5 67660
67661,2742,57841,ZCTA5 67661
67663,2557,71250,ZCTA5 67663
67664,289,117708,ZCTA5 67664
67665,4911,48631,ZCTA5 67665
67667,211,64479,ZCTA5 67667
67669,1830,57096,ZCTA5 67669
67671,1502,74125,ZCTA5 67671
67672,2199,78529,ZCTA5 67672
67673,85,37813,ZCTA5 67673
67674,110,,ZCTA5 67674
67675,149,49583,ZCTA5 67675
67701,6220,68063,ZCTA5 67701
67730,1797,56719,ZCTA5 67730
67731,828,48068,ZCTA5 67731
67732,643,65250,ZCTA5 67732
67733,163,103393,ZCTA5 67733
67734,155,85000,ZCTA5 67734
67735,5110,60788,ZCTA5 67735
67736,152,53542,ZCTA5 67736
67737,407,50000,ZCTA5 67737
67738,549,66765,ZCTA5 67738
67739,219,46250,ZCTA5 67739
67740,1625,71154,ZCTA5 67740
67741,558,76250,ZCTA5 67741
67743,222,60511,ZCTA5 67743
67744,128,109297,ZCTA5 67744
67745,377,74844,ZCTA5 67745
67747,162,71667,ZCTA5 67747
67748,2636,72045,ZCTA5 67748
67749,2048,47601,ZCTA5 67749
67751,171,62500,ZCTA5 67751
67752,1617,60795,ZCTA5 67752
67753,438,75395,ZCTA5 67753
67756,1746,53345,ZCTA5 67756
67757,477,48625,ZCTA5 67757
67758,1113,55250,ZCTA5 67758
67761,236,89722,ZCTA5 67761
67762,219,41563,ZCTA5 67762
67764,337,77917,ZCTA5 67764
67801,30935,68808,ZCTA5 67801
67831,1038,61071,ZCTA5 67831
67834,916,59390,ZCTA5 67834
67835,2650,79858,ZCTA5 67835
67836,118,,ZCTA5 67836
67837,1091,71136,ZCTA5 67837
67838,1048,72321,ZCTA5 67838
67839,1051,63750,ZCTA5 67839
67840,91,32500,ZCTA5 67840
67841,300,44722,ZCTA5 67841
67842,404,98542,ZCTA5 67842
67843,134,38452,ZCTA5 67843
67844,697,53095,ZCTA5 67844
67846,34584,68412,ZCTA5 67846
67849,387,74063,ZCTA5 67849
67850,493,48250,ZCTA5 67850
67851,3115,80417,ZCTA5 67851
67853,879,75735,ZCTA5 67853
67854,1052,61071,ZCTA5 67854
67855,1786,66345,ZCTA5 67855
67857,160,36731,ZCTA5 67857
67859,671,73250,ZCTA5 67859
67860,2733,65486,ZCTA5 67860
67861,1980,68878,ZCTA5 67861
67862,277,61618,ZCTA5 67862
67863,328,84844,ZCTA5 67863
67864,1803,85000,ZCTA5 67864
67865,944,59083,ZCTA5 67865
67867,1588,62176,ZCTA5 67867
67868,155,,ZCTA5 67868
67869,1559,70179,ZCTA5 67869
67870,1369,60833,ZCTA5 67870
67871,5074,53052,ZCTA5 67871
67876,1559,68387,ZCTA5 67876
67877,2180,71875,ZCTA5 67877
67878,2296,59667,ZCTA5 67878
67879,1276,69844,ZCTA5 67879
67880,7476,87206,ZCTA5 67880
67882,217,31098,ZCTA5 67882
67901,20990,56158,ZCTA5 67901
67950,1625,57716,ZCTA5 67950
67951,4651,65156,ZCTA5 67951
67952,604,77250,ZCTA5 67952
67953,81,53295,ZCTA5 67953
67954,1014,59934,ZCTA5 67954
68001,59,49063,ZCTA5 68001
68002,2292,79657,ZCTA5 68002
68003,4884,87077,ZCTA5 68003
68004,982,56696,ZCTA5 68004
68005,21937,62345,ZCTA5 68005
68007,16648,131523,ZCTA5 68007
68008,12662,87196,ZCTA5 68008
68010,720,69583,ZCTA5 68010
68014,335,74583,ZCTA5 68014
68015,1146,78571,ZCTA5 68015
68016,412,110750,ZCTA5 68016
68017,2355,84922,ZCTA5 68017
68018,547,111250,ZCTA5 68018
68019,440,51719,ZCTA5 68019
68020,626,55972,ZCTA5 68020
68022,32570,130390,ZCTA5 68022
68023,2683,104038,ZCTA5 68023
68025,31304,65775,ZCTA5 68025
68028,17155,139955,ZCTA5 68028
68029,795,72321,ZCTA5 68029
68030,649,79375,ZCTA5 68030
68031,1687,80833,ZCTA5 68031
68033,273,60417,ZCTA5 68033
68034,722,120625,ZCTA5 68034
68036,497,52778,ZCTA5 68036
68037,2653,100991,ZCTA5 68037
68038,1304,48977,ZCTA5 68038
68039,1123,40313,ZCTA5 68039
68040,379,105347,ZCTA5 68040
68041,968,68125,ZCTA5 68041
68042,96,36786,ZCTA5 68042
68044,752,81667,ZCTA5 68044
68045,2149,75568,ZCTA5 68045
68046,33312,111452,ZCTA5 68046
68047,1920,80078,ZCTA5 68047
68048,13543,82117,ZCTA5 68048
68050,616,63750,ZCTA5 68050
68055,308,60000,ZCTA5 68055
68056,13,,ZCTA5 68056
68057,1426,69500,ZCTA5 68057
68058,330,109224,ZCTA5 68058
68059,3115,96615,ZCTA5 68059
68061,2343,52288,ZCTA5 68061
68062,320,83750,ZCTA5 68062
68063,289,52250,ZCTA5 68063
68064,3842,72054,ZCTA5 68064
68065,1235,96360,ZCTA5 68065
68066,5653,80769,ZCTA5 68066
68067,1247,60600,ZCTA5 68067
68068,206,101875,ZCTA5 68068
68069,3237,108394,ZCTA5 68069
68070,965,73036,ZCTA5 68070
68071,1844,59583,ZCTA5 68071
68072,109,66042,ZCTA5 68072
68073,2525,96304,ZCTA5 68073
68102,8971,64423,ZCTA5 68102
68104,37834,56480,ZCTA5 68104
68105,22698,49578,ZCTA5 68105
68106,21401,69404,ZCTA5 68106
68107,29779,56760,ZCTA5 68107
68108,14869,49681,ZCTA5 68108
68110,9681,34510,ZCTA5 68110
68111,24028,34980,ZCTA5 68111
68112,11863,59394,ZCTA5 68112
68113,857,56518,ZCTA5 68113
68114,17786,71484,ZCTA5 68114
68116,33936,115159,ZCTA5 68116
68117,8678,71196,ZCTA5 68117
68118,9163,138099,ZCTA5 68118
68122,12876,101865,ZCTA5 68122
68123,33758,90019,ZCTA5 68123
68124,15187,96759,ZCTA5 68124
68127,20820,62836,ZCTA5 68127
68128,19022,80488,ZCTA5 68128
68130,21444,127602,ZCTA5 68130
68131,12891,46172,ZCTA5 68131
68132,15136,78075,ZCTA5 68132
68133,13468,122533,ZCTA5 68133
68134,29580,64096,ZCTA5 68134
68135,30216,134087,ZCTA5 68135
68136,20302,119242,ZCTA5 68136
68137,24580,80856,ZCTA5 68137
68138,11414,84406,ZCTA5 68138
68142,5090,117745,ZCTA5 68142
68144,25565,79042,ZCTA5 68144
68147,12230,80340,ZCTA5 68147
68152,6599,87308,ZCTA5 68152
68154,23345,79831,ZCTA5 68154
68157,5457,90556,ZCTA5 68157
68164,29359,84603,ZCTA5 68164
68178,2368,,ZCTA5 68178
68182,758,,ZCTA5 68182
68183,0,,ZCTA5 68183
68301,1501,105000,ZCTA5 68301
68303,255,58295,ZCTA5 68303
68304,287,80179,ZCTA5 68304
68305,4329,56548,ZCTA5 68305
68307,503,73162,ZCTA5 68307
68309,127,50000,ZCTA5 68309
68310,14232,53956,ZCTA5 68310
68313,682,84375,ZCTA5 68313
68314,379,68750,ZCTA5 68314
68315,86,65417,ZCTA5 68315
68316,492,72708,ZCTA5 68316
68317,1963,88750,ZCTA5 68317
68318,401,60250,ZCTA5 68318
68319,584,68625,ZCTA5 68319
68320,345,49485,ZCTA5 68320
68321,376,107917,ZCTA5 68321
68322,528,80000,ZCTA5 68322
68323,240,59375,ZCTA5 68323
68324,64,,ZCTA5 68324
68325,102,77813,ZCTA5 68325
68326,328,77500,ZCTA5 68326
68327,341,,ZCTA5 68327
68328,402,58295,ZCTA5 68328
68329,681,70938,ZCTA5 68329
68330,44,,ZCTA5 68330
68331,1154,78500,ZCTA5 68331
68332,83,82500,ZCTA5 68332
68333,8727,72400,ZCTA5 68333
68335,525,61042,ZCTA5 68335
68336,658,87955,ZCTA5 68336
68337,304,55577,ZCTA5 68337
68338,229,79167,ZCTA5 68338
68339,998,118450,ZCTA5 68339
68340,991,56786,ZCTA5 68340
68341,842,80909,ZCTA5 68341
68342,616,61500,ZCTA5 68342
68343,906,59662,ZCTA5 68343
68344,481,76429,ZCTA5 68344
68345,201,40000,ZCTA5 68345
68346,479,77798,ZCTA5 68346
68347,2126,88512,ZCTA5 68347
68348,263,65917,ZCTA5 68348
68349,1198,86563,ZCTA5 68349
68350,259,70221,ZCTA5 68350
68351,769,71875,ZCTA5 68351
68352,4903,50735,ZCTA5 68352
68354,836,62875,ZCTA5 68354
68355,4864,45135,ZCTA5 68355
68357,321,101477,ZCTA5 68357
68358,1651,106500,ZCTA5 68358
68359,1459,77216,ZCTA5 68359
68360,459,64196,ZCTA5 68360
68361,2396,87440,ZCTA5 68361
68362,18,62500,ZCTA5 68362
68364,242,88144,ZCTA5 68364
68365,279,71786,ZCTA5 68365
68366,888,102083,ZCTA5 68366
68367,379,44500,ZCTA5 68367
68368,433,105972,ZCTA5 68368
68370,1883,66339,ZCTA5 68370
68371,1380,67788,ZCTA5 68371
68372,4136,102539,ZCTA5 68372
68375,134,23393,ZCTA5 68375
68376,1416,61458,ZCTA5 68376
68377,309,68958,ZCTA5 68377
68378,617,61250,ZCTA5 68378
68379,57,29643,ZCTA5 68379
68380,43,36250,ZCTA5 68380
68381,126,,ZCTA5 68381
68382,66,113750,ZCTA5 68382
68401,999,104375,ZCTA5 68401
68402,1240,93558,ZCTA5 68402
68403,215,74688,ZCTA5 68403
68404,1089,84219,ZCTA5 68404
68405,3567,78313,ZCTA5 68405
68406,414,62000,ZCTA5 68406
68407,995,111563,ZCTA5 68407
68409,719,76250,ZCTA5 68409
68410,8795,66730,ZCTA5 68410
68413,451,118929,ZCTA5 68413
68414,173,77250,ZCTA5 68414
68415,570,69375,ZCTA5 68415
68416,243,67344,ZCTA5 68416
68417,364,,ZCTA5 68417
68418,1328,81080,ZCTA5 68418
68419,253,87404,ZCTA5 68419
68420,1244,55000,ZCTA5 68420
68421,1046,55368,ZCTA5 68421
68422,718,64091,ZCTA5 68422
68423,950,99375,ZCTA5 68423
68424,632,60625,ZCTA5 68424
68428,1472,116776,ZCTA5 68428
68429,89,42000,ZCTA5 68429
68430,1864,104659,ZCTA5 68430
68431,225,60729,ZCTA5 68431
68433,132,35417,ZCTA5 68433
68434,9101,80443,ZCTA5 68434
68436,549,59500,ZCTA5 68436
68437,291,55625,ZCTA5 68437
68438,91,50000,ZCTA5 68438
68439,567,79904,ZCTA5 68439
68440,128,,ZCTA5 68440
68441,191,46477,ZCTA5 68441
68442,231,34464,ZCTA5 68442
68443,1086,68359,ZCTA5 68443
68444,30,69375,ZCTA5 68444
68445,204,65000,ZCTA5 68445
68446,2735,81310,ZCTA5 68446
68447,560,65511,ZCTA5 68447
68448,302,58958,ZCTA5 68448
68450,3173,54333,ZCTA5 68450
68452,87,58571,ZCTA5 68452
68453,296,70192,ZCTA5 68453
68454,736,79597,ZCTA5 68454
68455,823,73750,ZCTA5 68455
68456,1400,80667,ZCTA5 68456
68457,475,72500,ZCTA5 68457
68458,175,72500,ZCTA5 68458
68460,627,83750,ZCTA5 68460
68461,752,,ZCTA5 68461
68462,4822,102948,ZCTA5 68462
68463,1648,81250,ZCTA5 68463
68464,480,64583,ZCTA5 68464
68465,2657,80324,ZCTA5 68465
68466,1675,54185,ZCTA5 68466
68467,9600,72051,ZCTA5 68467
68502,26784,63792,ZCTA5 68502
68503,15667,44874,ZCTA5 68503
68504,17124,49489,ZCTA5 68504
68505,18205,71962,ZCTA5 68505
68506,28321,68588,ZCTA5 68506
68507,15788,70160,ZCTA5 68507
68508,17056,34520,ZCTA5 68508
68510,19342,65589,ZCTA5 68510
68512,13990,99583,ZCTA5 68512
68514,239,123158,ZCTA5 68514
68516,46714,97394,ZCTA5 68516
68517,539,107440,ZCTA5 68517
68520,1975,96094,ZCTA5 68520
68521,38231,62582,ZCTA5 68521
68522,13756,72917,ZCTA5 68522
68523,1849,121563,ZCTA5 68523
68524,5941,73372,ZCTA5 68524
68526,8088,121900,ZCTA5 68526
68527,2098,138558,ZCTA5 68527
68528,6771,72760,ZCTA5 68528
68531,209,151786,ZCTA5 68531
68532,665,171094,ZCTA5 68532
68588,0,,ZCTA5 68588
68601,30224,67871,ZCTA5 68601
68620,2734,75250,ZCTA5 68620
68621,206,70625,ZCTA5 68621
68622,367,75625,ZCTA5 68622
68623,384,53261,ZCTA5 68623
68624,973,80938,ZCTA5 68624
68626,553,93942,ZCTA5 68626
68627,829,66250,ZCTA5 68627
68628,891,54125,ZCTA5 68628
68629,1210,75938,ZCTA5 68629
68631,345,70000,ZCTA5 68631
68632,3767,68889,ZCTA5 68632
68633,1077,80994,ZCTA5 68633
68634,672,58438,ZCTA5 68634
68635,454,82188,ZCTA5 68635
68636,1146,68984,ZCTA5 68636
68637,258,39583,ZCTA5 68637
68638,1931,60625,ZCTA5 68638
68640,1180,78594,ZCTA5 68640
68641,1122,61375,ZCTA5 68641
68642,1788,93802,ZCTA5 68642
68643,997,80556,ZCTA5 68643
68644,704,73750,ZCTA5 68644
68647,768,95527,ZCTA5 68647
68648,256,68125,ZCTA5 68648
68649,1893,85057,ZCTA5 68649
68651,1224,73750,ZCTA5 68651
68652,640,59130,ZCTA5 68652
68653,691,84612,ZCTA5 68653
68654,563,63333,ZCTA5 68654
68655,108,71250,ZCTA5 68655
68658,682,87171,ZCTA5 68658
68659,223,42917,ZCTA5 68659
68660,1084,53750,ZCTA5 68660
68661,7203,72088,ZCTA5 68661
68662,1192,84750,ZCTA5 68662
68663,796,61500,ZCTA5 68663
68664,328,80938,ZCTA5 68664
68665,786,51875,ZCTA5 68665
68666,1608,72500,ZCTA5 68666
68667,63,140833,ZCTA5 68667
68669,527,72917,ZCTA5 68669
68701,31116,61351,ZCTA5 68701
68710,734,62500,ZCTA5 68710
68711,57,53482,ZCTA5 68711
68713,2286,67083,ZCTA5 68713
68714,1094,57895,ZCTA5 68714
68715,1792,90655,ZCTA5 68715
68716,914,68750,ZCTA5 68716
68717,263,62150,ZCTA5 68717
68718,1676,57300,ZCTA5 68718
68719,165,,ZCTA5 68719
68720,228,92750,ZCTA5 68720
68722,464,47500,ZCTA5 68722
68723,654,100134,ZCTA5 68723
68724,285,53750,ZCTA5 68724
68725,589,45833,ZCTA5 68725
68726,680,62209,ZCTA5 68726
68727,686,48542,ZCTA5 68727
68728,227,86458,ZCTA5 68728
68729,1791,65893,ZCTA5 68729
68730,2058,76985,ZCTA5 68730
68731,3680,83798,ZCTA5 68731
68732,135,74306,ZCTA5 68732
68733,1153,67625,ZCTA5 68733
68734,97,,ZCTA5 68734
68735,891,65893,ZCTA5 68735
68736,775,78281,ZCTA5 68736
68739,2599,86453,ZCTA5 68739
68740,821,81176,ZCTA5 68740
68741,703,80625,ZCTA5 68741
68742,253,69375,ZCTA5 68742
68743,685,70833,ZCTA5 68743
68745,1528,60000,ZCTA5 68745
68746,262,41635,ZCTA5 68746
68747,184,90795,ZCTA5 68747
68748,2590,63576,ZCTA5 68748
68749,52,56250,ZCTA5 68749
68751,62,54375,ZCTA5 68751
68752,605,59688,ZCTA5 68752
68753,63,68036,ZCTA5 68753
68755,395,68125,ZCTA5 68755
68756,1961,60938,ZCTA5 68756
68757,810,72083,ZCTA5 68757
68758,1363,57188,ZCTA5 68758
68759,419,63750,ZCTA5 68759
68760,1210,48438,ZCTA5 68760
68761,372,72500,ZCTA5 68761
68763,4750,67054,ZCTA5 68763
68764,788,66250,ZCTA5 68764
68765,1124,68333,ZCTA5 68765
68766,393,57000,ZCTA5 68766
68767,3490,59918,ZCTA5 68767
68768,690,67917,ZCTA5 68768
68769,1778,60463,ZCTA5 68769
68770,1386,61645,ZCTA5 68770
68771,1544,77976,ZCTA5 68771
68773,148,43611,ZCTA5 68773
68774,321,63917,ZCTA5 68774
68776,15167,61923,ZCTA5 68776
68777,553,59792,ZCTA5 68777
68778,674,65000,ZCTA5 68778
68779,2306,76343,ZCTA5 68779
68780,917,74323,ZCTA5 68780
68781,1680,62083,ZCTA5 68781
68783,927,54688,ZCTA5 68783
68784,1715,52697,ZCTA5 68784
68785,208,93125,ZCTA5 68785
68786,1039,78125,ZCTA5 68786
68787,6980,59931,ZCTA5 68787
68788,4454,66174,ZCTA5 68788
68789,79,,ZCTA5 68789
68790,902,63560,ZCTA5 68790
68791,1967,77426,ZCTA5 68791
68792,328,69213,ZCTA5 68792
68801,30277,58266,ZCTA5 68801
68803,25824,66885,ZCTA5 68803
68810,879,58571,ZCTA5 68810
68812,637,70750,ZCTA5 68812
68813,512,68347,ZCTA5 68813
68814,914,57917,ZCTA5 68814
68815,668,68750,ZCTA5 68815
68816,120,56985,ZCTA5 68816
68817,387,79444,ZCTA5 68817
68818,5718,68260,ZCTA5 68818
68820,282,72250,ZCTA5 68820
68821,83,35417,ZCTA5 68821
68822,4644,59583,ZCTA5 68822
68823,2148,64083,ZCTA5 68823
68824,1534,55600,ZCTA5 68824
68825,930,60833,ZCTA5 68825
68826,3945,62137,ZCTA5 68826
68827,666,61500,ZCTA5 68827
68828,191,46333,ZCTA5 68828
68831,824,52500,ZCTA5 68831
68832,2039,91402,ZCTA5 68832
68833,140,52083,ZCTA5 68833
68834,180,59688,ZCTA5 68834
68835,554,54375,ZCTA5 68835
68836,1822,74091,ZCTA5 68836
68837,74,70833,ZCTA5 68837
68838,222,,ZCTA5 68838
68840,2950,72419,ZCTA5 68840
68841,739,78906,ZCTA5 68841
68842,563,51000,ZCTA5 68842
68843,779,80750,ZCTA5 68843
68844,196,61369,ZCTA5 68844
68845,21234,73450,ZCTA5 68845
68846,311,56667,ZCTA5 68846
68847,17104,66818,ZCTA5 68847
68849,1324,,ZCTA5 68849
68850,12175,66875,ZCTA5 68850
68852,558,64375,ZCTA5 68852
68853,1344,51000,ZCTA5 68853
68854,791,78456,ZCTA5 68854
68855,324,73125,ZCTA5 68855
68856,704,77500,ZCTA5 68856
68858,390,70139,ZCTA5 68858
68859,450,46979,ZCTA5 68859
68860,266,61250,ZCTA5 68860
68861,129,42656,ZCTA5 68861
68862,2974,62000,ZCTA5 68862
68863,1360,91875,ZCTA5 68863
68864,1175,72917,ZCTA5 68864
68865,923,97188,ZCTA5 68865
68866,1002,70481,ZCTA5 68866
68869,2157,61875,ZCTA5 68869
68870,602,80221,ZCTA5 68870
68871,302,45000,ZCTA5 68871
68872,857,81890,ZCTA5 68872
68873,3497,70903,ZCTA5 68873
68874,709,49643,ZCTA5 68874
68875,553,53594,ZCTA5 68875
68876,1914,75050,ZCTA5 68876
68878,595,73125,ZCTA5 68878
68879,383,57969,ZCTA5 68879
68881,111,,ZCTA5 68881
68882,395,56250,ZCTA5 68882
68883,2539,77115,ZCTA5 68883
68901,26307,59579,ZCTA5 68901
68920,1397,60833,ZCTA5 68920
68922,1138,64464,ZCTA5 68922
68923,124,75500,ZCTA5 68923
68924,1426,77153,ZCTA5 68924
68925,449,80625,ZCTA5 68925
68926,580,50662,ZCTA5 68926
68927,1133,65556,ZCTA5 68927
68928,346,61071,ZCTA5 68928
68929,144,58750,ZCTA5 68929
68930,1332,66875,ZCTA5 68930
68932,389,77500,ZCTA5 68932
68933,903,76250,ZCTA5 68933
68934,135,,ZCTA5 68934
68935,726,50156,ZCTA5 68935
68936,218,58333,ZCTA5 68936
68937,1827,75521,ZCTA5 68937
68938,490,88125,ZCTA5 68938
68939,1016,48576,ZCTA5 68939
68940,503,102604,ZCTA5 68940
68941,779,68750,ZCTA5 68941
68942,527,60938,ZCTA5 68942
68943,245,99375,ZCTA5 68943
68944,1307,73056,ZCTA5 68944
68945,195,62188,ZCTA5 68945
68946,29,27083,ZCTA5 68946
68947,607,54671,ZCTA5 68947
68948,366,59583,ZCTA5 68948
68949,6606,60898,ZCTA5 68949
68950,289,67396,ZCTA5 68950
68952,95,88750,ZCTA5 68952
68954,20,,ZCTA5 68954
68955,2208,85313,ZCTA5 68955
68956,1127,77083,ZCTA5 68956
68957,476,85250,ZCTA5 68957
68958,620,64583,ZCTA5 68958
68959,3888,70583,ZCTA5 68959
68960,189,62344,ZCTA5 68960
68961,543,53750,ZCTA5 68961
68964,115,145714,ZCTA5 68964
68966,460,64688,ZCTA5 68966
68967,1150,58403,ZCTA5 68967
68970,1235,60046,ZCTA5 68970
68971,377,60000,ZCTA5 68971
68972,287,58750,ZCTA5 68972
68973,456,67813,ZCTA5 68973
68974,279,74667,ZCTA5 68974
68975,93,80588,ZCTA5 68975
68976,224,82125,ZCTA5 68976
68977,319,65000,ZCTA5 68977
68978,2449,61142,ZCTA5 68978
68979,1606,69875,ZCTA5 68979
68980,457,93750,ZCTA5 68980
68981,214,58750,ZCTA5 68981
68982,636,73533,ZCTA5 68982
69001,8926,58557,ZCTA5 69001
69020,652,68281,ZCTA5 69020
69021,1273,56528,ZCTA5 69021
69022,1673,66042,ZCTA5 69022
69023,425,90417,ZCTA5 69023
69024,1163,50179,ZCTA5 69024
69025,1009,56359,ZCTA5 69025
69026,208,47569,ZCTA5 69026
69027,25,,ZCTA5 69027
69028,678,70313,ZCTA5 69028
69029,397,50625,ZCTA5 69029
69030,241,70625,ZCTA5 69030
69032,499,59028,ZCTA5 69032
69033,2582,55521,ZCTA5 69033
69034,959,53810,ZCTA5 69034
69036,89,,ZCTA5 69036
69037,194,,ZCTA5 69037
69038,437,61875,ZCTA5 69038
69039,85,66250,ZCTA5 69039
69040,641,53750,ZCTA5 69040
69041,58,54583,ZCTA5 69041
69042,1,,ZCTA5 69042
69043,463,42083,ZCTA5 69043
69044,621,46905,ZCTA5 69044
69045,797,52411,ZCTA5 69045
69046,153,110357,ZCTA5 69046
69101,28136,60724,ZCTA5 69101
69120,1181,70511,ZCTA5 69120
69121,353,60833,ZCTA5 69121
69122,701,68472,ZCTA5 69122
69123,863,77222,ZCTA5 69123
69125,245,49821,ZCTA5 69125
69127,796,58438,ZCTA5 69127
69128,375,38750,ZCTA5 69128
69129,1213,54070,ZCTA5 69129
69130,5079,57859,ZCTA5 69130
69131,679,62321,ZCTA5 69131
69132,118,89792,ZCTA5 69132
69133,405,65208,ZCTA5 69133
69134,407,57143,ZCTA5 69134
69135,0,,ZCTA5 69135
69138,4111,88214,ZCTA5 69138
69140,1701,62614,ZCTA5 69140
69141,412,78500,ZCTA5 69141
69142,117,,ZCTA5 69142
69143,1778,82250,ZCTA5 69143
69144,199,55855,ZCTA5 69144
69145,2642,53995,ZCTA5 69145
69146,196,51429,ZCTA5 69146
69147,449,49375,ZCTA5 69147
69148,53,,ZCTA5 69148
69149,729,49554,ZCTA5 69149
69150,395,80179,ZCTA5 69150
69151,861,68750,ZCTA5 69151
69152,776,42992,ZCTA5 69152
69153,6007,59200,ZCTA5 69153
69154,1180,44063,ZCTA5 69154
69155,1082,71136,ZCTA5 69155
69156,649,70625,ZCTA5 69156
69157,117,58750,ZCTA5 69157
69161,58,60781,ZCTA5 69161
69162,7260,52672,ZCTA5 69162
69163,906,81250,ZCTA5 69163
69165,1781,82900,ZCTA5 69165
69166,629,70038,ZCTA5 69166
69167,360,55893,ZCTA5 69167
69168,229,74250,ZCTA5 69168
69169,504,47708,ZCTA5 69169
69170,299,55781,ZCTA5 69170
69171,0,,ZCTA5 69171
69201,3912,59265,ZCTA5 69201
69210,2118,47538,ZCTA5 69210
69211,329,66667,ZCTA5 69211
69212,283,,ZCTA5 69212
69214,186,68750,ZCTA5 69214
69216,219,78214,ZCTA5 69216
69217,440,27404,ZCTA5 69217
69218,407,90417,ZCTA5 69218
69219,47,110000,ZCTA5 69219
69220,44,,ZCTA5 69220
69221,85,47361,ZCTA5 69221
69301,9677,67641,ZCTA5 69301
69331,23,,ZCTA5 69331
69333,254,67375,ZCTA5 69333
69334,2244,60086,ZCTA5 69334
69335,58,65833,ZCTA5 69335
69336,2218,50682,ZCTA5 69336
69337,6552,52560,ZCTA5 69337
69339,1432,60433,ZCTA5 69339
69340,30,,ZCTA5 69340
69341,10707,65750,ZCTA5 69341
69343,2494,53750,ZCTA5 69343
69345,458,71250,ZCTA5 69345
69346,522,50066,ZCTA5 69346
69347,1381,72188,ZCTA5 69347
69348,1167,68598,ZCTA5 69348
69350,328,50313,ZCTA5 69350
69351,197,79423,ZCTA5 69351
69352,706,53711,ZCTA5 69352
69353,69,24853,ZCTA5 69353
69354,87,68636,ZCTA5 69354
69355,163,55625,ZCTA5 69355
69356,2162,57525,ZCTA5 69356
69357,3510,66551,ZCTA5 69357
69358,1888,56250,ZCTA5 69358
69360,1284,48417,ZCTA5 69360
69361,17231,57188,ZCTA5 69361
69365,21,,ZCTA5 69365
69366,317,88984,ZCTA5 69366
69367,161,66875,ZCTA5 69367
70001,40071,68702,ZCTA5 70001
70002,19195,66152,ZCTA5 70002
70003,40529,76626,ZCTA5 70003
70005,23555,82890,ZCTA5 70005
70006,15379,64097,ZCTA5 70006
70030,3820,91574,ZCTA5 70030
70031,1392,49453,ZCTA5 70031
70032,4296,49071,ZCTA5 70032
70036,772,55313,ZCTA5 70036
70037,17071,85828,ZCTA5 70037
70038,14,,ZCTA5 70038
70039,2240,74034,ZCTA5 70039
70040,963,,ZCTA5 70040
70041,2588,32981,ZCTA5 70041
70043,22192,55655,ZCTA5 70043
70047,13467,98846,ZCTA5 70047
70049,1154,62733,ZCTA5 70049
70050,18,,ZCTA5 70050
70051,1858,63891,ZCTA5 70051
70052,3003,82063,ZCTA5 70052
70053,16743,43463,ZCTA5 70053
70056,42627,62092,ZCTA5 70056
70057,4564,58965,ZCTA5 70057
70058,40856,58881,ZCTA5 70058
70062,16930,49724,ZCTA5 70062
70065,50210,63379,ZCTA5 70065
70067,3075,59518,ZCTA5 70067
70068,33371,70274,ZCTA5 70068
70070,14207,83031,ZCTA5 70070
70071,3181,46402,ZCTA5 70071
70072,55332,56643,ZCTA5 70072
70075,5112,65880,ZCTA5 70075
70076,89,,ZCTA5 70076
70079,2809,70717,ZCTA5 70079
70080,685,113667,ZCTA5 70080
70082,429,,ZCTA5 70082
70083,2155,47813,ZCTA5 70083
70084,5832,56250,ZCTA5 70084
70085,5085,44522,ZCTA5 70085
70086,1756,50377,ZCTA5 70086
70087,7238,61216,ZCTA5 70087
70090,7513,58534,ZCTA5 70090
70091,286,51354,ZCTA5 70091
70092,7134,65855,ZCTA5 70092
70094,31405,46657,ZCTA5 70094
70112,4310,31250,ZCTA5 70112
70113,9613,33598,ZCTA5 70113
70114,22010,40175,ZCTA5 70114
70115,33069,91672,ZCTA5 70115
70116,10482,43226,ZCTA5 70116
70117,25888,37472,ZCTA5 70117
70118,36800,60636,ZCTA5 70118
70119,36028,47507,ZCTA5 70119
70121,10956,56378,ZCTA5 70121
70122,35147,44750,ZCTA5 70122
70123,27633,78415,ZCTA5 70123
70124,20212,113525,ZCTA5 70124
70125,18475,56810,ZCTA5 70125
70126,30154,34621,ZCTA5 70126
70127,26153,37401,ZCTA5 70127
70128,22538,47937,ZCTA5 70128
70129,10314,51500,ZCTA5 70129
70130,13202,78674,ZCTA5 70130
70131,25749,60157,ZCTA5 70131
70139,0,,ZCTA5 70139
70148,264,2499,ZCTA5 70148
70163,0,,ZCTA5 70163
70301,47429,61296,ZCTA5 70301
70310,374,,ZCTA5 70310
70339,4769,46071,ZCTA5 70339
70340,132,,ZCTA5 70340
70341,3848,34306,ZCTA5 70341
70342,4786,52083,ZCTA5 70342
70343,5118,75521,ZCTA5 70343
70344,5306,55956,ZCTA5 70344
70345,8692,60212,ZCTA5 70345
70346,9347,29220,ZCTA5 70346
70352,398,,ZCTA5 70352
70353,768,24706,ZCTA5 70353
70354,4015,52688,ZCTA5 70354
70355,1331,52457,ZCTA5 70355
70356,1634,40906,ZCTA5 70356
70357,2880,52580,ZCTA5 70357
70358,903,,ZCTA5 70358
70359,9843,50799,ZCTA5 70359
70360,28470,82759,ZCTA5 70360
70363,24886,44797,ZCTA5 70363
70364,29691,69953,ZCTA5 70364
70372,1967,44118,ZCTA5 70372
70373,5845,67841,ZCTA5 70373
70374,6498,58514,ZCTA5 70374
70375,133,74091,ZCTA5 70375
70377,3762,48750,ZCTA5 70377
70380,20877,47406,ZCTA5 70380
70390,7336,54250,ZCTA5 70390
70391,101,,ZCTA5 70391
70392,8395,47692,ZCTA5 70392
70393,151,,ZCTA5 70393
70394,14491,52083,ZCTA5 70394
70395,3788,82944,ZCTA5 70395
70397,1046,121667,ZCTA5 70397
70401,20748,46669,ZCTA5 70401
70402,1943,,ZCTA5 70402
70403,31483,50153,ZCTA5 70403
70420,8391,76722,ZCTA5 70420
70422,13048,46363,ZCTA5 70422
70426,5912,25885,ZCTA5 70426
70427,17894,41890,ZCTA5 70427
70431,5378,46671,ZCTA5 70431
70433,40598,76753,ZCTA5 70433
70435,20098,82467,ZCTA5 70435
70436,339,,ZCTA5 70436
70437,7402,68380,ZCTA5 70437
70438,20345,46862,ZCTA5 70438
70441,6093,39357,ZCTA5 70441
70442,346,107569,ZCTA5 70442
70443,8139,55651,ZCTA5 70443
70444,9883,59973,ZCTA5 70444
70445,9391,67695,ZCTA5 70445
70446,7208,72547,ZCTA5 70446
70447,17400,120305,ZCTA5 70447
70448,26364,90475,ZCTA5 70448
70449,2985,70662,ZCTA5 70449
70450,2332,41274,ZCTA5 70450
70451,69,,ZCTA5 70451
70452,13281,63435,ZCTA5 70452
70453,1235,68348,ZCTA5 70453
70454,32111,65355,ZCTA5 70454
70455,2006,77546,ZCTA5 70455
70456,2389,44698,ZCTA5 70456
70457,169,,ZCTA5 70457
70458,39555,67311,ZCTA5 70458
70460,21843,58535,ZCTA5 70460
70461,32229,84973,ZCTA5 70461
70462,4884,55081,ZCTA5 70462
70463,104,23375,ZCTA5 70463
70464,184,15304,ZCTA5 70464
70465,638,18269,ZCTA5 70465
70466,10435,61457,ZCTA5 70466
70471,23425,96250,ZCTA5 70471
70501,27379,30378,ZCTA5 70501
70503,29469,90286,ZCTA5 70503
70506,39926,53426,ZCTA5 70506
70507,18777,64383,ZCTA5 70507
70508,39962,85006,ZCTA5 70508
70510,23864,50594,ZCTA5 70510
70512,10140,50281,ZCTA5 70512
70513,90,,ZCTA5 70513
70514,1979,29580,ZCTA5 70514
70515,4314,47344,ZCTA5 70515
70516,1244,50102,ZCTA5 70516
70517,26453,53012,ZCTA5 70517
70518,15991,88824,ZCTA5 70518
70519,40,,ZCTA5 70519
70520,20619,56277,ZCTA5 70520
70522,168,,ZCTA5 70522
70523,360,85260,ZCTA5 70523
70524,239,,ZCTA5 70524
70525,14689,47217,ZCTA5 70525
70526,17332,35934,ZCTA5 70526
70528,2633,44383,ZCTA5 70528
70529,13329,59004,ZCTA5 70529
70531,1534,85627,ZCTA5 70531
70532,2541,42179,ZCTA5 70532
70533,7356,56667,ZCTA5 70533
70534,737,46000,ZCTA5 70534
70535,16892,46358,ZCTA5 70535
70537,207,93750,ZCTA5 70537
70538,13342,47174,ZCTA5 70538
70541,767,62560,ZCTA5 70541
70542,3338,59531,ZCTA5 70542
70543,4162,69417,ZCTA5 70543
70544,10612,55042,ZCTA5 70544
70546,16526,49339,ZCTA5 70546
70548,9202,57639,ZCTA5 70548
70549,3208,39715,ZCTA5 70549
70550,38,,ZCTA5 70550
70551,728,39232,ZCTA5 70551
70552,1069,27331,ZCTA5 70552
70554,5128,25356,ZCTA5 70554
70555,8745,68100,ZCTA5 70555
70556,644,110213,ZCTA5 70556
70558,24,,ZCTA5 70558
70559,3047,52679,ZCTA5 70559
70560,37763,45313,ZCTA5 70560
70563,19873,71826,ZCTA5 70563
70570,38498,43750,ZCTA5 70570
70575,60,,ZCTA5 70575
70576,1386,33846,ZCTA5 70576
70577,3988,47549,ZCTA5 70577
70578,16937,53884,ZCTA5 70578
70580,130,56415,ZCTA5 70580
70581,1021,42155,ZCTA5 70581
70582,19497,46258,ZCTA5 70582
70583,9326,50806,ZCTA5 70583
70584,6965,58148,ZCTA5 70584
70585,252,30625,ZCTA5 70585
70586,19474,35759,ZCTA5 70586
70589,3208,46809,ZCTA5 70589
70591,5313,83382,ZCTA5 70591
70592,29682,98110,ZCTA5 70592
70601,32936,48385,ZCTA5 70601
70605,40870,86068,ZCTA5 70605
70607,28165,50358,ZCTA5 70607
70609,473,,ZCTA5 70609
70611,20383,96187,ZCTA5 70611
70615,14204,42963,ZCTA5 70615
70629,0,,ZCTA5 70629
70630,2028,68440,ZCTA5 70630
70631,386,,ZCTA5 70631
70632,225,,ZCTA5 70632
70633,8373,75081,ZCTA5 70633
70634,25441,68331,ZCTA5 70634
70637,1046,118531,ZCTA5 70637
70638,1156,49662,ZCTA5 70638
70639,539,80000,ZCTA5 70639
70640,185,18021,ZCTA5 70640
70643,202,,ZCTA5 70643
70644,319,19177,ZCTA5 70644
70645,988,98056,ZCTA5 70645
70646,515,,ZCTA5 70646
70647,11770,66206,ZCTA5 70647
70648,7364,53059,ZCTA5 70648
70650,157,,ZCTA5 70650
70651,39,,ZCTA5 70651
70652,2092,56638,ZCTA5 70652
70653,3528,61827,ZCTA5 70653
70654,170,,ZCTA5 70654
70655,2760,48061,ZCTA5 70655
70656,3143,57551,ZCTA5 70656
70657,4594,75500,ZCTA5 70657
70658,766,64125,ZCTA5 70658
70659,1473,60985,ZCTA5 70659
70660,2185,68017,ZCTA5 70660
70661,1598,27219,ZCTA5 70661
70662,540,91250,ZCTA5 70662
70663,30299,56276,ZCTA5 70663
70665,12405,82776,ZCTA5 70665
70668,6488,47618,ZCTA5 70668
70669,9640,64736,ZCTA5 70669
70706,22172,94375,ZCTA5 70706
70710,6779,101450,ZCTA5 70710
70711,5322,86008,ZCTA5 70711
70712,3897,82019,ZCTA5 70712
70714,17817,61103,ZCTA5 70714
70715,1227,47639,ZCTA5 70715
70719,3983,89375,ZCTA5 70719
70721,484,2499,ZCTA5 70721
70722,5100,74400,ZCTA5 70722
70723,1103,49038,ZCTA5 70723
70725,725,,ZCTA5 70725
70726,60707,78119,ZCTA5 70726
70729,1027,137581,ZCTA5 70729
70730,3324,60759,ZCTA5 70730
70732,1164,58967,ZCTA5 70732
70733,1413,79271,ZCTA5 70733
70734,9775,124205,ZCTA5 70734
70736,724,22813,ZCTA5 70736
70737,45958,78946,ZCTA5 70737
70739,13654,101598,ZCTA5 70739
70740,982,63875,ZCTA5 70740
70743,706,137923,ZCTA5 70743
70744,5842,76979,ZCTA5 70744
70747,252,,ZCTA5 70747
70748,7351,59196,ZCTA5 70748
70749,1258,40473,ZCTA5 70749
70750,1398,33889,ZCTA5 70750
70752,661,87045,ZCTA5 70752
70753,939,30772,ZCTA5 70753
70754,12483,65964,ZCTA5 70754
70755,1686,50543,ZCTA5 70755
70756,747,18706,ZCTA5 70756
70757,1880,51168,ZCTA5 70757
70759,1385,,ZCTA5 70759
70760,6663,46939,ZCTA5 70760
70761,358,42150,ZCTA5 70761
70762,804,80625,ZCTA5 70762
70763,4584,105579,ZCTA5 70763
70764,15578,62892,ZCTA5 70764
70767,15647,65669,ZCTA5 70767
70769,48856,113521,ZCTA5 70769
70770,3246,96211,ZCTA5 70770
70772,1197,74271,ZCTA5 70772
70773,0,,ZCTA5 70773
70774,10335,79893,ZCTA5 70774
70775,11073,72674,ZCTA5 70775
70776,5826,65065,ZCTA5 70776
70777,4365,73431,ZCTA5 70777
70778,3270,104988,ZCTA5 70778
70780,980,139712,ZCTA5 70780
70782,82,37000,ZCTA5 70782
70783,2290,112083,ZCTA5 70783
70785,22804,77222,ZCTA5 70785
70786,0,,ZCTA5 70786
70787,229,46288,ZCTA5 70787
70788,4076,41914,ZCTA5 70788
70789,778,32702,ZCTA5 70789
70791,30458,78977,ZCTA5 70791
70801,274,108750,ZCTA5 70801
70802,24701,33025,ZCTA5 70802
70803,3281,,ZCTA5 70803
70805,24050,27556,ZCTA5 70805
70806,29532,52393,ZCTA5 70806
70807,16012,28615,ZCTA5 70807
70808,36716,71002,ZCTA5 70808
70809,26684,79148,ZCTA5 70809
70810,42219,91057,ZCTA5 70810
70811,13359,38796,ZCTA5 70811
70812,11011,38832,ZCTA5 70812
70813,1994,,ZCTA5 70813
70814,11092,51733,ZCTA5 70814
70815,31423,56405,ZCTA5 70815
70816,44610,64960,ZCTA5 70816
70817,33478,99753,ZCTA5 70817
70818,10155,73316,ZCTA5 70818
70819,3983,75000,ZCTA5 70819
70820,22540,43884,ZCTA5 70820
70825,0,,ZCTA5 70825
70836,256,,ZCTA5 70836
71001,4120,38043,ZCTA5 71001
71002,155,41827,ZCTA5 71002
71003,663,46635,ZCTA5 71003
71004,438,52188,ZCTA5 71004
71006,15400,87495,ZCTA5 71006
71007,1277,45837,ZCTA5 71007
71008,373,33393,ZCTA5 71008
71009,71,27833,ZCTA5 71009
71016,1463,35428,ZCTA5 71016
71018,1221,35996,ZCTA5 71018
71019,7593,46522,ZCTA5 71019
71021,501,19779,ZCTA5 71021
71023,2961,34917,ZCTA5 71023
71024,1152,46000,ZCTA5 71024
71027,986,36849,ZCTA5 71027
71028,1496,30054,ZCTA5 71028
71029,170,50500,ZCTA5 71029
71030,1285,55142,ZCTA5 71030
71031,767,40250,ZCTA5 71031
71032,2474,78250,ZCTA5 71032
71033,3445,59119,ZCTA5 71033
71034,250,,ZCTA5 71034
71037,22090,68113,ZCTA5 71037
71038,3951,30328,ZCTA5 71038
71039,2338,57959,ZCTA5 71039
71040,7996,30813,ZCTA5 71040
71043,402,53365,ZCTA5 71043
71044,704,55551,ZCTA5 71044
71045,734,69899,ZCTA5 71045
71046,907,62625,ZCTA5 71046
71047,11403,53214,ZCTA5 71047
71048,130,82975,ZCTA5 71048
71049,3614,44500,ZCTA5 71049
71051,2383,67596,ZCTA5 71051
71052,9023,33304,ZCTA5 71052
71055,17894,31629,ZCTA5 71055
71060,2415,46768,ZCTA5 71060
71061,1859,34259,ZCTA5 71061
71063,575,41563,ZCTA5 71063
71064,3719,41463,ZCTA5 71064
71065,759,28711,ZCTA5 71065
71066,19,,ZCTA5 71066
71067,3221,,ZCTA5 71067
71068,3453,28219,ZCTA5 71068
71069,485,22125,ZCTA5 71069
71070,1299,52480,ZCTA5 71070
71071,2149,31121,ZCTA5 71071
71072,1424,66133,ZCTA5 71072
71073,2545,38958,ZCTA5 71073
71075,5737,32670,ZCTA5 71075
71078,7673,93993,ZCTA5 71078
71079,229,,ZCTA5 71079
71082,3871,29755,ZCTA5 71082
71101,6200,17999,ZCTA5 71101
71103,6582,27135,ZCTA5 71103
71104,12264,50554,ZCTA5 71104
71105,19705,62865,ZCTA5 71105
71106,33470,68085,ZCTA5 71106
71107,33632,47024,ZCTA5 71107
71108,19979,32742,ZCTA5 71108
71109,17971,31377,ZCTA5 71109
71110,3080,61953,ZCTA5 71110
71111,42953,65463,ZCTA5 71111
71112,33084,57053,ZCTA5 71112
71115,14094,63714,ZCTA5 71115
71118,25193,56933,ZCTA5 71118
71119,10561,48533,ZCTA5 71119
71129,12958,50996,ZCTA5 71129
71201,20817,56521,ZCTA5 71201
71202,26680,27627,ZCTA5 71202
71203,40063,43298,ZCTA5 71203
71209,1399,,ZCTA5 71209
71212,0,,ZCTA5 71212
71218,0,,ZCTA5 71218
71219,894,60913,ZCTA5 71219
71220,20973,37774,ZCTA5 71220
71222,2801,33603,ZCTA5 71222
71223,407,21250,ZCTA5 71223
71225,7827,72018,ZCTA5 71225
71226,2134,42358,ZCTA5 71226
71227,3891,57746,ZCTA5 71227
71229,1588,52796,ZCTA5 71229
71230,0,,ZCTA5 71230
71232,5770,47823,ZCTA5 71232
71233,174,,ZCTA5 71233
71234,5069,73616,ZCTA5 71234
71235,4206,46786,ZCTA5 71235
71237,1260,45801,ZCTA5 71237
71238,2305,54625,ZCTA5 71238
71241,8045,49015,ZCTA5 71241
71242,67,36667,ZCTA5 71242
71243,203,,ZCTA5 71243
71245,4233,26067,ZCTA5 71245
71247,1243,28808,ZCTA5 71247
71250,53,40750,ZCTA5 71250
71251,7555,35091,ZCTA5 71251
71253,367,38125,ZCTA5 71253
71254,6772,29008,ZCTA5 71254
71256,641,41094,ZCTA5 71256
71259,1728,52276,ZCTA5 71259
71260,2931,30983,ZCTA5 71260
71261,1302,23021,ZCTA5 71261
71263,6443,41576,ZCTA5 71263
71264,1022,54900,ZCTA5 71264
71266,1786,62250,ZCTA5 71266
71268,2368,56935,ZCTA5 71268
71269,12865,46238,ZCTA5 71269
71270,33112,36679,ZCTA5 71270
71272,1900,,ZCTA5 71272
71275,2403,32023,ZCTA5 71275
71276,177,71827,ZCTA5 71276
71277,1863,30625,ZCTA5 71277
71279,88,,ZCTA5 71279
71280,4965,73659,ZCTA5 71280
71282,9402,34457,ZCTA5 71282
71286,379,60347,ZCTA5 71286
71291,34606,67448,ZCTA5 71291
71292,21939,48800,ZCTA5 71292
71295,14331,41923,ZCTA5 71295
71301,19165,42314,ZCTA5 71301
71302,13559,36012,ZCTA5 71302
71303,23505,67717,ZCTA5 71303
71316,60,,ZCTA5 71316
71320,67,,ZCTA5 71320
71322,5423,24588,ZCTA5 71322
71323,1156,35875,ZCTA5 71323
71325,1518,31953,ZCTA5 71325
71326,718,47014,ZCTA5 71326
71327,5726,40814,ZCTA5 71327
71328,7923,72669,ZCTA5 71328
71330,37,,ZCTA5 71330
71331,897,,ZCTA5 71331
71333,756,21696,ZCTA5 71333
71334,10165,32500,ZCTA5 71334
71336,1459,36528,ZCTA5 71336
71339,0,,ZCTA5 71339
71340,1922,34375,ZCTA5 71340
71341,2990,47332,ZCTA5 71341
71342,7417,58772,ZCTA5 71342
71343,6383,50580,ZCTA5 71343
71345,0,,ZCTA5 71345
71346,2360,43984,ZCTA5 71346
71350,4510,45015,ZCTA5 71350
71351,12036,42878,ZCTA5 71351
71353,1668,43629,ZCTA5 71353
71354,1396,54583,ZCTA5 71354
71355,2140,45050,ZCTA5 71355
71356,539,25625,ZCTA5 71356
71357,1481,30556,ZCTA5 71357
71358,953,38854,ZCTA5 71358
71359,367,,ZCTA5 71359
71360,35832,60090,ZCTA5 71360
71362,1848,50139,ZCTA5 71362
71366,1507,41774,ZCTA5 71366
71367,1562,60851,ZCTA5 71367
71368,1232,35264,ZCTA5 71368
71369,2178,33796,ZCTA5 71369
71371,2192,69375,ZCTA5 71371
71373,5583,40493,ZCTA5 71373
71375,1139,22266,ZCTA5 71375
71378,2178,35516,ZCTA5 71378
71401,24,,ZCTA5 71401
71403,3864,71964,ZCTA5 71403
71404,678,49537,ZCTA5 71404
71405,5823,71984,ZCTA5 71405
71406,175,2499,ZCTA5 71406
71407,1287,,ZCTA5 71407
71409,5449,56375,ZCTA5 71409
71410,65,,ZCTA5 71410
71411,2653,29500,ZCTA5 71411
71414,327,21776,ZCTA5 71414
71415,255,28816,ZCTA5 71415
71416,1012,40000,ZCTA5 71416
71417,4943,47389,ZCTA5 71417
71418,5363,31928,ZCTA5 71418
71419,1770,55500,ZCTA5 71419
71422,1670,45729,ZCTA5 71422
71423,4631,61591,ZCTA5 71423
71424,1398,60682,ZCTA5 71424
71425,24,,ZCTA5 71425
71426,153,35750,ZCTA5 71426
71427,338,23669,ZCTA5 71427
71428,0,,ZCTA5 71428
71429,2850,46426,ZCTA5 71429
71430,2491,48188,ZCTA5 71430
71432,847,53050,ZCTA5 71432
71433,3927,43281,ZCTA5 71433
71434,47,,ZCTA5 71434
71435,3672,66848,ZCTA5 71435
71438,1150,62644,ZCTA5 71438
71439,2061,46910,ZCTA5 71439
71441,806,160101,ZCTA5 71441
71446,22152,55243,ZCTA5 71446
71447,1071,41719,ZCTA5 71447
71449,9084,36284,ZCTA5 71449
71450,807,40298,ZCTA5 71450
71452,156,27862,ZCTA5 71452
71454,2570,54127,ZCTA5 71454
71455,205,,ZCTA5 71455
71456,949,89150,ZCTA5 71456
71457,25608,43057,ZCTA5 71457
71459,10402,51967,ZCTA5 71459
71461,2197,50265,ZCTA5 71461
71462,1557,41852,ZCTA5 71462
71463,9312,51250,ZCTA5 71463
71465,3509,59600,ZCTA5 71465
71466,421,46379,ZCTA5 71466
71467,8421,57330,ZCTA5 71467
71468,514,77260,ZCTA5 71468
71469,2684,34444,ZCTA5 71469
71472,138,,ZCTA5 71472
71473,482,31483,ZCTA5 71473
71474,368,85962,ZCTA5 71474
71475,14,,ZCTA5 71475
71479,592,54861,ZCTA5 71479
71480,1219,54375,ZCTA5 71480
71483,9636,45000,ZCTA5 71483
71485,3046,82917,ZCTA5 71485
71486,5232,45446,ZCTA5 71486
71497,1392,2499,ZCTA5 71497
71601,13550,34870,ZCTA5 71601
71602,15573,61863,ZCTA5 71602
71603,30604,48180,ZCTA5 71603
71630,510,39038,ZCTA5 71630
71631,579,43527,ZCTA5 71631
71635,10481,49936,ZCTA5 71635
71638,3294,35019,ZCTA5 71638
71639,5285,38008,ZCTA5 71639
71640,2533,27035,ZCTA5 71640
71642,1099,67731,ZCTA5 71642
71643,5389,30000,ZCTA5 71643
71644,418,70357,ZCTA5 71644
71646,6405,37444,ZCTA5 71646
71647,1431,33906,ZCTA5 71647
71651,47,,ZCTA5 71651
71652,961,43750,ZCTA5 71652
71653,4640,53464,ZCTA5 71653
71654,4459,41020,ZCTA5 71654
71655,14296,44767,ZCTA5 71655
71658,447,41500,ZCTA5 71658
71659,10,,ZCTA5 71659
71660,852,,ZCTA5 71660
71661,164,26875,ZCTA5 71661
71662,58,,ZCTA5 71662
71663,626,44792,ZCTA5 71663
71665,5191,50855,ZCTA5 71665
71666,0,,ZCTA5 71666
71667,7020,56117,ZCTA5 71667
71670,1056,40955,ZCTA5 71670
71671,8852,44324,ZCTA5 71671
71674,570,38500,ZCTA5 71674
71675,1612,40677,ZCTA5 71675
71676,550,34821,ZCTA5 71676
71677,91,,ZCTA5 71677
71678,0,,ZCTA5 71678
71701,18102,50341,ZCTA5 71701
71720,2192,45256,ZCTA5 71720
71721,0,,ZCTA5 71721
71722,40,33472,ZCTA5 71722
71724,308,38824,ZCTA5 71724
71725,220,43125,ZCTA5 71725
71726,913,29367,ZCTA5 71726
71728,27,,ZCTA5 71728
71730,29287,50745,ZCTA5 71730
71740,1669,64028,ZCTA5 71740
71742,4799,36900,ZCTA5 71742
71743,3371,48896,ZCTA5 71743
71744,2816,61445,ZCTA5 71744
71745,141,70577,ZCTA5 71745
71747,821,35500,ZCTA5 71747
71748,74,120417,ZCTA5 71748
71749,2886,63654,ZCTA5 71749
71751,529,67813,ZCTA5 71751
71752,673,36719,ZCTA5 71752
71753,16388,45731,ZCTA5 71753
71758,194,58788,ZCTA5 71758
71759,387,,ZCTA5 71759
71762,2988,48828,ZCTA5 71762
71763,1712,75494,ZCTA5 71763
71764,1403,55461,ZCTA5 71764
71765,2344,36412,ZCTA5 71765
71766,602,70119,ZCTA5 71766
71770,3304,44524,ZCTA5 71770
71772,19,102500,ZCTA5 71772
71801,15521,45298,ZCTA5 71801
71820,117,250001,ZCTA5 71820
71822,7629,64583,ZCTA5 71822
71823,75,,ZCTA5 71823
71825,441,71471,ZCTA5 71825
71826,1254,44844,ZCTA5 71826
71827,738,56971,ZCTA5 71827
71831,94,,ZCTA5 71831
71832,10586,54185,ZCTA5 71832
71833,2088,31466,ZCTA5 71833
71834,1704,63140,ZCTA5 71834
71835,1147,55474,ZCTA5 71835
71836,3306,53292,ZCTA5 71836
71837,4570,63936,ZCTA5 71837
71838,1121,36471,ZCTA5 71838
71839,260,31029,ZCTA5 71839
71841,698,,ZCTA5 71841
71842,1962,53288,ZCTA5 71842
71845,1629,36339,ZCTA5 71845
71846,2662,47500,ZCTA5 71846
71847,265,28750,ZCTA5 71847
71851,1894,47098,ZCTA5 71851
71852,9688,51176,ZCTA5 71852
71853,242,19813,ZCTA5 71853
71854,36148,46207,ZCTA5 71854
71855,206,42232,ZCTA5 71855
71857,5515,41773,ZCTA5 71857
71858,1718,47000,ZCTA5 71858
71859,296,30833,ZCTA5 71859
71860,2205,34524,ZCTA5 71860
71861,1817,51125,ZCTA5 71861
71862,700,35272,ZCTA5 71862
71864,67,,ZCTA5 71864
71865,233,61250,ZCTA5 71865
71866,497,,ZCTA5 71866
71901,30023,51863,ZCTA5 71901
71909,18998,66754,ZCTA5 71909
71913,46227,54836,ZCTA5 71913
71921,3594,54333,ZCTA5 71921
71922,207,30789,ZCTA5 71922
71923,14400,48602,ZCTA5 71923
71929,4278,47905,ZCTA5 71929
71933,1074,43250,ZCTA5 71933
71935,597,37604,ZCTA5 71935
71937,2370,48643,ZCTA5 71937
71940,1433,50382,ZCTA5 71940
71941,2274,64360,ZCTA5 71941
71942,169,74750,ZCTA5 71942
71943,3760,40476,ZCTA5 71943
71944,851,64500,ZCTA5 71944
71945,1234,31719,ZCTA5 71945
71949,843,25167,ZCTA5 71949
71950,748,83672,ZCTA5 71950
71952,44,,ZCTA5 71952
71953,13159,51642,ZCTA5 71953
71956,1348,47500,ZCTA5 71956
71957,2876,45781,ZCTA5 71957
71958,2258,42434,ZCTA5 71958
71959,805,,ZCTA5 71959
71960,1289,49281,ZCTA5 71960
71961,1313,41659,ZCTA5 71961
71962,853,32386,ZCTA5 71962
71964,4961,53976,ZCTA5 71964
71965,230,,ZCTA5 71965
71968,4668,74359,ZCTA5 71968
71969,205,40000,ZCTA5 71969
71970,726,61635,ZCTA5 71970
71971,405,55307,ZCTA5 71971
71972,401,64038,ZCTA5 71972
71973,1468,40921,ZCTA5 71973
71998,779,,ZCTA5 71998
71999,480,,ZCTA5 71999
72001,598,30850,ZCTA5 72001
72002,20896,77552,ZCTA5 72002
72003,791,68750,ZCTA5 72003
72004,798,36850,ZCTA5 72004
72005,58,36563,ZCTA5 72005
72006,2175,51952,ZCTA5 72006
72007,10507,78608,ZCTA5 72007
72010,5599,51645,ZCTA5 72010
72011,4813,77726,ZCTA5 72011
72012,13133,59120,ZCTA5 72012
72013,1885,51667,ZCTA5 72013
72014,54,,ZCTA5 72014
72015,27298,63825,ZCTA5 72015
72016,3062,51302,ZCTA5 72016
72017,359,26250,ZCTA5 72017
72019,29529,82751,ZCTA5 72019
72020,3256,43036,ZCTA5 72020
72021,3593,36227,ZCTA5 72021
72022,18153,77033,ZCTA5 72022
72023,36042,72637,ZCTA5 72023
72024,4068,53569,ZCTA5 72024
72025,787,51944,ZCTA5 72025
72026,261,51250,ZCTA5 72026
72027,1171,58981,ZCTA5 72027
72028,0,,ZCTA5 72028
72029,1678,30089,ZCTA5 72029
72030,680,36061,ZCTA5 72030
72031,7097,45556,ZCTA5 72031
72032,34900,59410,ZCTA5 72032
72034,48286,57081,ZCTA5 72034
72035,2055,,ZCTA5 72035
72036,540,17063,ZCTA5 72036
72038,87,58750,ZCTA5 72038
72039,2213,53542,ZCTA5 72039
72040,2485,35660,ZCTA5 72040
72041,1130,42841,ZCTA5 72041
72042,5043,56010,ZCTA5 72042
72044,1192,57642,ZCTA5 72044
72045,1234,68750,ZCTA5 72045
72046,4100,56875,ZCTA5 72046
72047,758,53935,ZCTA5 72047
72048,120,146875,ZCTA5 72048
72051,537,42632,ZCTA5 72051
72052,119,61875,ZCTA5 72052
72053,0,,ZCTA5 72053
72055,629,66364,ZCTA5 72055
72057,1194,,ZCTA5 72057
72058,18083,79985,ZCTA5 72058
72059,13,,ZCTA5 72059
72060,546,39583,ZCTA5 72060
72061,122,65833,ZCTA5 72061
72063,1981,31500,ZCTA5 72063
72064,2797,61827,ZCTA5 72064
72065,5853,65426,ZCTA5 72065
72066,237,,ZCTA5 72066
72067,2677,53273,ZCTA5 72067
72068,833,57426,ZCTA5 72068
72069,1074,60863,ZCTA5 72069
72070,1920,80227,ZCTA5 72070
72072,283,42045,ZCTA5 72072
72073,887,69219,ZCTA5 72073
72074,142,86389,ZCTA5 72074
72075,12,,ZCTA5 72075
72076,39284,51560,ZCTA5 72076
72079,413,,ZCTA5 72079
72080,418,27083,ZCTA5 72080
72081,7813,49615,ZCTA5 72081
72082,2091,28569,ZCTA5 72082
72083,239,40625,ZCTA5 72083
72084,1215,45250,ZCTA5 72084
72085,232,57500,ZCTA5 72085
72086,11761,54258,ZCTA5 72086
72087,1513,39750,ZCTA5 72087
72088,2333,58257,ZCTA5 72088
72099,673,,ZCTA5 72099
72101,3229,54500,ZCTA5 72101
72102,2619,56204,ZCTA5 72102
72103,14079,60198,ZCTA5 72103
72104,23494,50787,ZCTA5 72104
72106,5844,52118,ZCTA5 72106
72107,114,51875,ZCTA5 72107
72108,0,,ZCTA5 72108
72110,11250,46720,ZCTA5 72110
72111,1490,55822,ZCTA5 72111
72112,10864,40096,ZCTA5 72112
72113,26322,71351,ZCTA5 72113
72114,10214,24920,ZCTA5 72114
72116,20838,74569,ZCTA5 72116
72117,14452,38438,ZCTA5 72117
72118,23056,45715,ZCTA5 72118
72119,0,,ZCTA5 72119
72120,32815,73224,ZCTA5 72120
72121,2753,37652,ZCTA5 72121
72122,1224,79028,ZCTA5 72122
72123,292,32344,ZCTA5 72123
72125,713,37500,ZCTA5 72125
72126,3437,55848,ZCTA5 72126
72127,2393,58177,ZCTA5 72127
72128,761,61184,ZCTA5 72128
72129,1384,74444,ZCTA5 72129
72130,439,59821,ZCTA5 72130
72131,3906,45137,ZCTA5 72131
72132,3507,63926,ZCTA5 72132
72133,16,,ZCTA5 72133
72134,582,76042,ZCTA5 72134
72135,3245,84890,ZCTA5 72135
72136,2529,72817,ZCTA5 72136
72137,2429,48984,ZCTA5 72137
72139,289,22895,ZCTA5 72139
72140,309,61071,ZCTA5 72140
72141,517,38125,ZCTA5 72141
72142,2139,58462,ZCTA5 72142
72143,34692,49402,ZCTA5 72143
72150,12370,71395,ZCTA5 72150
72152,350,,ZCTA5 72152
72153,3823,46198,ZCTA5 72153
72156,508,104500,ZCTA5 72156
72157,1240,61375,ZCTA5 72157
72160,9055,58865,ZCTA5 72160
72165,121,36167,ZCTA5 72165
72166,205,119688,ZCTA5 72166
72167,1377,64286,ZCTA5 72167
72168,2008,,ZCTA5 72168
72169,84,63750,ZCTA5 72169
72170,205,55625,ZCTA5 72170
72173,10246,69724,ZCTA5 72173
72175,392,35508,ZCTA5 72175
72176,8714,67380,ZCTA5 72176
72178,26,22917,ZCTA5 72178
72179,390,55234,ZCTA5 72179
72180,95,,ZCTA5 72180
72181,5,,ZCTA5 72181
72182,29,8750,ZCTA5 72182
72183,773,,ZCTA5 72183
72199,16,,ZCTA5 72199
72201,733,83839,ZCTA5 72201
72202,9597,46162,ZCTA5 72202
72204,30348,38581,ZCTA5 72204
72205,21794,61959,ZCTA5 72205
72206,22725,48588,ZCTA5 72206
72207,12100,89666,ZCTA5 72207
72209,32095,40161,ZCTA5 72209
72210,14382,59618,ZCTA5 72210
72211,23832,76503,ZCTA5 72211
72212,13556,111735,ZCTA5 72212
72223,26558,99646,ZCTA5 72223
72227,10920,78542,ZCTA5 72227
72301,24404,41022,ZCTA5 72301
72311,56,58958,ZCTA5 72311
72313,0,,ZCTA5 72313
72315,20255,47305,ZCTA5 72315
72320,1475,,ZCTA5 72320
72322,75,32750,ZCTA5 72322
72324,2029,42734,ZCTA5 72324
72325,11,,ZCTA5 72325
72326,2446,48988,ZCTA5 72326
72327,1271,58750,ZCTA5 72327
72328,62,,ZCTA5 72328
72329,0,,ZCTA5 72329
72330,533,36739,ZCTA5 72330
72331,2309,43594,ZCTA5 72331
72332,138,20000,ZCTA5 72332
72333,289,39185,ZCTA5 72333
72335,16320,40237,ZCTA5 72335
72338,15,,ZCTA5 72338
72339,160,28988,ZCTA5 72339
72340,98,,ZCTA5 72340
72341,184,48611,ZCTA5 72341
72342,4133,35865,ZCTA5 72342
72346,416,24219,ZCTA5 72346
72347,805,48892,ZCTA5 72347
72348,2315,46350,ZCTA5 72348
72350,1018,47344,ZCTA5 72350
72351,791,50136,ZCTA5 72351
72352,7,,ZCTA5 72352
72353,49,,ZCTA5 72353
72354,2255,41753,ZCTA5 72354
72355,2054,50714,ZCTA5 72355
72358,1648,28438,ZCTA5 72358
72359,321,34545,ZCTA5 72359
72360,5188,22933,ZCTA5 72360
72364,16314,73762,ZCTA5 72364
72365,2580,36587,ZCTA5 72365
72366,2017,50560,ZCTA5 72366
72367,0,,ZCTA5 72367
72368,1307,101813,ZCTA5 72368
72369,0,,ZCTA5 72369
72370,7265,43949,ZCTA5 72370
72372,1667,34841,ZCTA5 72372
72373,866,27813,ZCTA5 72373
72374,560,42135,ZCTA5 72374
72376,1504,47330,ZCTA5 72376
72377,31,,ZCTA5 72377
72379,14,,ZCTA5 72379
72383,54,,ZCTA5 72383
72384,707,41313,ZCTA5 72384
72386,1551,50096,ZCTA5 72386
72387,0,,ZCTA5 72387
72389,466,,ZCTA5 72389
72390,6973,31731,ZCTA5 72390
72391,46,,ZCTA5 72391
72392,547,43684,ZCTA5 72392
72394,410,42813,ZCTA5 72394
72395,1229,68421,ZCTA5 72395
72396,12771,51644,ZCTA5 72396
72401,42159,42460,ZCTA5 72401
72404,29571,64545,ZCTA5 72404
72405,17573,76465,ZCTA5 72405
72410,456,51492,ZCTA5 72410
72411,3136,49224,ZCTA5 72411
72412,483,69856,ZCTA5 72412
72413,617,54375,ZCTA5 72413
72414,312,42708,ZCTA5 72414
72415,1289,55192,ZCTA5 72415
72416,5300,71091,ZCTA5 72416
72417,5257,65036,ZCTA5 72417
72419,1665,44625,ZCTA5 72419
72421,504,31667,ZCTA5 72421
72422,4571,42489,ZCTA5 72422
72424,59,25313,ZCTA5 72424
72425,307,,ZCTA5 72425
72426,193,,ZCTA5 72426
72427,56,32188,ZCTA5 72427
72428,117,,ZCTA5 72428
72429,231,31429,ZCTA5 72429
72430,453,40446,ZCTA5 72430
72431,378,,ZCTA5 72431
72432,6629,54679,ZCTA5 72432
72433,2571,36442,ZCTA5 72433
72434,2073,45804,ZCTA5 72434
72435,233,80893,ZCTA5 72435
72436,701,62250,ZCTA5 72436
72437,3470,57346,ZCTA5 72437
72438,2469,41429,ZCTA5 72438
72440,186,46528,ZCTA5 72440
72441,24,,ZCTA5 72441
72442,4447,64229,ZCTA5 72442
72443,2984,48607,ZCTA5 72443
72444,1529,29896,ZCTA5 72444
72445,41,53750,ZCTA5 72445
72447,1991,49228,ZCTA5 72447
72449,148,50104,ZCTA5 72449
72450,40251,54234,ZCTA5 72450
72453,142,18333,ZCTA5 72453
72454,4672,43705,ZCTA5 72454
72455,13557,47334,ZCTA5 72455
72456,542,41905,ZCTA5 72456
72457,230,73000,ZCTA5 72457
72458,559,80733,ZCTA5 72458
72459,1522,32292,ZCTA5 72459
72460,677,39784,ZCTA5 72460
72461,3567,51563,ZCTA5 72461
72462,421,52083,ZCTA5 72462
72464,11,43750,ZCTA5 72464
72466,1135,66406,ZCTA5 72466
72467,953,,ZCTA5 72467
72469,1034,39980,ZCTA5 72469
72470,301,55313,ZCTA5 72470
72471,1245,53929,ZCTA5 72471
72472,9032,38465,ZCTA5 72472
72473,2159,53542,ZCTA5 72473
72476,7619,41762,ZCTA5 72476
72478,182,,ZCTA5 72478
72479,1064,51450,ZCTA5 72479
72482,1473,39618,ZCTA5 72482
72501,26604,52507,ZCTA5 72501
72512,2423,38750,ZCTA5 72512
72513,2630,39890,ZCTA5 72513
72515,0,,ZCTA5 72515
72517,145,,ZCTA5 72517
72519,3018,45530,ZCTA5 72519
72520,385,23761,ZCTA5 72520
72521,5556,48152,ZCTA5 72521
72522,357,49282,ZCTA5 72522
72523,757,33490,ZCTA5 72523
72524,357,,ZCTA5 72524
72526,114,48750,ZCTA5 72526
72527,491,67935,ZCTA5 72527
72528,219,22667,ZCTA5 72528
72529,5094,35882,ZCTA5 72529
72530,1631,53173,ZCTA5 72530
72531,750,45714,ZCTA5 72531
72532,1045,35625,ZCTA5 72532
72533,270,52727,ZCTA5 72533
72534,1600,57813,ZCTA5 72534
72536,385,56429,ZCTA5 72536
72537,578,50952,ZCTA5 72537
72538,768,41949,ZCTA5 72538
72539,134,27031,ZCTA5 72539
72540,119,37054,ZCTA5 72540
72542,3644,42604,ZCTA5 72542
72543,12773,58182,ZCTA5 72543
72544,746,36029,ZCTA5 72544
72546,26,,ZCTA5 72546
72550,675,67962,ZCTA5 72550
72553,60,29000,ZCTA5 72553
72554,2965,56729,ZCTA5 72554
72555,275,55093,ZCTA5 72555
72556,3964,51607,ZCTA5 72556
72560,7791,29909,ZCTA5 72560
72561,715,64167,ZCTA5 72561
72562,2357,41786,ZCTA5 72562
72564,432,57708,ZCTA5 72564
72565,1043,59063,ZCTA5 72565
72566,455,53750,ZCTA5 72566
72567,249,47697,ZCTA5 72567
72568,1356,62500,ZCTA5 72568
72569,583,,ZCTA5 72569
72571,368,,ZCTA5 72571
72572,359,56184,ZCTA5 72572
72573,394,,ZCTA5 72573
72576,3355,35076,ZCTA5 72576
72577,884,52123,ZCTA5 72577
72578,151,96250,ZCTA5 72578
72579,1389,58125,ZCTA5 72579
72581,957,37368,ZCTA5 72581
72583,2166,34076,ZCTA5 72583
72584,403,,ZCTA5 72584
72585,282,,ZCTA5 72585
72587,9,,ZCTA5 72587
72601,29777,52469,ZCTA5 72601
72611,1706,34313,ZCTA5 72611
72615,36,,ZCTA5 72615
72616,11184,55601,ZCTA5 72616
72617,443,,ZCTA5 72617
72619,1781,46394,ZCTA5 72619
72623,675,66000,ZCTA5 72623
72624,336,47019,ZCTA5 72624
72626,1399,43162,ZCTA5 72626
72628,706,49063,ZCTA5 72628
72629,366,,ZCTA5 72629
72630,86,50938,ZCTA5 72630
72631,4219,57409,ZCTA5 72631
72632,4279,52176,ZCTA5 72632
72633,2204,58281,ZCTA5 72633
72634,4544,46827,ZCTA5 72634
72635,3751,44912,ZCTA5 72635
72636,4,,ZCTA5 72636
72638,6929,60440,ZCTA5 72638
72639,810,,ZCTA5 72639
72640,472,72788,ZCTA5 72640
72641,2323,37049,ZCTA5 72641
72642,1884,53875,ZCTA5 72642
72644,2768,41923,ZCTA5 72644
72645,1546,34783,ZCTA5 72645
72648,548,81809,ZCTA5 72648
72650,3946,36908,ZCTA5 72650
72651,1313,49375,ZCTA5 72651
72653,28615,47665,ZCTA5 72653
72655,405,43854,ZCTA5 72655
72658,1641,41800,ZCTA5 72658
72660,610,,ZCTA5 72660
72661,755,33667,ZCTA5 72661
72662,2925,53571,ZCTA5 72662
72663,314,78558,ZCTA5 72663
72666,82,,ZCTA5 72666
72668,473,,ZCTA5 72668
72669,148,39688,ZCTA5 72669
72670,197,142750,ZCTA5 72670
72672,264,33000,ZCTA5 72672
72675,1644,46635,ZCTA5 72675
72677,723,47781,ZCTA5 72677
72679,85,,ZCTA5 72679
72680,955,39776,ZCTA5 72680
72682,237,36860,ZCTA5 72682
72683,389,,ZCTA5 72683
72685,1252,52563,ZCTA5 72685
72686,188,,ZCTA5 72686
72687,6811,42989,ZCTA5 72687
72701,47780,49169,ZCTA5 72701
72703,35324,57175,ZCTA5 72703
72704,28832,83327,ZCTA5 72704
72712,38006,95071,ZCTA5 72712
72713,24402,108148,ZCTA5 72713
72714,13811,86893,ZCTA5 72714
72715,16747,80817,ZCTA5 72715
72717,1183,60721,ZCTA5 72717
72718,5111,137038,ZCTA5 72718
72719,17341,101613,ZCTA5 72719
72721,725,,ZCTA5 72721
72722,2505,51424,ZCTA5 72722
72727,6248,61705,ZCTA5 72727
72729,99,26558,ZCTA5 72729
72730,10842,84563,ZCTA5 72730
72732,5346,71231,ZCTA5 72732
72734,8589,64661,ZCTA5 72734
72736,7914,72913,ZCTA5 72736
72738,2282,84318,ZCTA5 72738
72739,430,78304,ZCTA5 72739
72740,10066,51756,ZCTA5 72740
72742,457,85267,ZCTA5 72742
72744,4936,56638,ZCTA5 72744
72745,14115,77605,ZCTA5 72745
72747,119,,ZCTA5 72747
72749,401,,ZCTA5 72749
72751,9011,90159,ZCTA5 72751
72752,135,70225,ZCTA5 72752
72753,10363,61825,ZCTA5 72753
72756,40282,67893,ZCTA5 72756
72758,46731,89111,ZCTA5 72758
72760,324,70323,ZCTA5 72760
72761,22808,65335,ZCTA5 72761
72762,44822,76739,ZCTA5 72762
72764,58066,57361,ZCTA5 72764
72768,1433,49188,ZCTA5 72768
72769,1172,56406,ZCTA5 72769
72773,1367,52702,ZCTA5 72773
72774,7138,67838,ZCTA5 72774
72776,784,,ZCTA5 72776
72801,18165,38216,ZCTA5 72801
72802,23422,59772,ZCTA5 72802
72821,2271,36442,ZCTA5 72821
72823,6131,57270,ZCTA5 72823
72824,1947,73566,ZCTA5 72824
72826,7,,ZCTA5 72826
72827,113,20179,ZCTA5 72827
72828,90,,ZCTA5 72828
72829,0,,ZCTA5 72829
72830,16138,39950,ZCTA5 72830
72832,713,24620,ZCTA5 72832
72833,4017,52794,ZCTA5 72833
72834,9618,59435,ZCTA5 72834
72835,743,38750,ZCTA5 72835
72837,8250,45171,ZCTA5 72837
72838,218,80324,ZCTA5 72838
72839,587,56111,ZCTA5 72839
72840,2404,40861,ZCTA5 72840
72841,224,28512,ZCTA5 72841
72842,1126,48409,ZCTA5 72842
72843,2184,56071,ZCTA5 72843
72845,950,55060,ZCTA5 72845
72846,3595,49310,ZCTA5 72846
72847,3328,55642,ZCTA5 72847
72851,719,64276,ZCTA5 72851
72852,140,44184,ZCTA5 72852
72853,2411,43542,ZCTA5 72853
72854,512,36875,ZCTA5 72854
72855,6178,48929,ZCTA5 72855
72856,493,67679,ZCTA5 72856
72857,1172,58958,ZCTA5 72857
72858,2923,69167,ZCTA5 72858
72860,105,56250,ZCTA5 72860
72863,1668,65464,ZCTA5 72863
72865,1283,54767,ZCTA5 72865
72901,20783,42361,ZCTA5 72901
72903,25696,58498,ZCTA5 72903
72904,22539,38009,ZCTA5 72904
72905,0,,ZCTA5 72905
72908,13860,63697,ZCTA5 72908
72916,11290,81047,ZCTA5 72916
72921,12817,62568,ZCTA5 72921
72923,4901,50367,ZCTA5 72923
72926,677,50000,ZCTA5 72926
72927,8419,50982,ZCTA5 72927
72928,653,24196,ZCTA5 72928
72930,213,53580,ZCTA5 72930
72932,1497,51040,ZCTA5 72932
72933,4959,51118,ZCTA5 72933
72934,1035,,ZCTA5 72934
72935,481,70156,ZCTA5 72935
72936,14285,68125,ZCTA5 72936
72937,3246,55440,ZCTA5 72937
72938,1103,59375,ZCTA5 72938
72940,1836,58558,ZCTA5 72940
72941,5016,75962,ZCTA5 72941
72943,2589,51806,ZCTA5 72943
72944,2807,46429,ZCTA5 72944
72945,314,33966,ZCTA5 72945
72946,3541,54478,ZCTA5 72946
72947,3372,49299,ZCTA5 72947
72948,193,41167,ZCTA5 72948
72949,9606,48779,ZCTA5 72949
72950,609,46731,ZCTA5 72950
72951,691,37500,ZCTA5 72951
72952,2275,64327,ZCTA5 72952
72955,1132,,ZCTA5 72955
72956,34805,57625,ZCTA5 72956
72958,6605,42372,ZCTA5 72958
72959,2962,48770,ZCTA5 72959
73001,64,,ZCTA5 73001
73002,1146,64667,ZCTA5 73002
73003,22494,72894,ZCTA5 73003
73004,875,79125,ZCTA5 73004
73005,8033,50071,ZCTA5 73005
73006,2563,46632,ZCTA5 73006
73007,2357,117396,ZCTA5 73007
73008,21268,54925,ZCTA5 73008
73009,800,56797,ZCTA5 73009
73010,20314,84491,ZCTA5 73010
73011,592,55341,ZCTA5 73011
73012,43337,116313,ZCTA5 73012
73013,58211,106958,ZCTA5 73013
73014,1359,81458,ZCTA5 73014
73015,2301,41827,ZCTA5 73015
73016,2607,101587,ZCTA5 73016
73017,1306,42986,ZCTA5 73017
73018,20373,56720,ZCTA5 73018
73019,0,,ZCTA5 73019
73020,25295,94346,ZCTA5 73020
73021,263,46000,ZCTA5 73021
73022,0,,ZCTA5 73022
73024,673,55625,ZCTA5 73024
73025,16620,171171,ZCTA5 73025
73026,11180,96429,ZCTA5 73026
73027,1420,78158,ZCTA5 73027
73028,3695,52769,ZCTA5 73028
73029,1377,59188,ZCTA5 73029
73030,4329,58807,ZCTA5 73030
73031,42,,ZCTA5 73031
73032,189,43125,ZCTA5 73032
73033,567,57188,ZCTA5 73033
73034,46751,106367,ZCTA5 73034
73036,20263,55629,ZCTA5 73036
73038,1526,53177,ZCTA5 73038
73040,1333,54327,ZCTA5 73040
73041,350,79583,ZCTA5 73041
73042,961,53438,ZCTA5 73042
73043,143,60000,ZCTA5 73043
73044,24043,71571,ZCTA5 73044
73045,11317,73665,ZCTA5 73045
73047,6349,54972,ZCTA5 73047
73048,2381,54737,ZCTA5 73048
73049,6688,75844,ZCTA5 73049
73050,1603,27500,ZCTA5 73050
73051,9762,61446,ZCTA5 73051
73052,6183,57911,ZCTA5 73052
73053,594,64167,ZCTA5 73053
73054,4333,55167,ZCTA5 73054
73055,9833,59783,ZCTA5 73055
73056,611,62250,ZCTA5 73056
73057,2337,56603,ZCTA5 73057
73058,283,54583,ZCTA5 73058
73059,2726,69359,ZCTA5 73059
73061,1698,85781,ZCTA5 73061
73062,1154,49625,ZCTA5 73062
73063,758,60000,ZCTA5 73063
73064,26536,91142,ZCTA5 73064
73065,9877,81633,ZCTA5 73065
73066,232,81989,ZCTA5 73066
73067,1803,76708,ZCTA5 73067
73068,12297,72485,ZCTA5 73068
73069,27926,54194,ZCTA5 73069
73070,158,,ZCTA5 73070
73071,43027,57428,ZCTA5 73071
73072,49906,71768,ZCTA5 73072
73073,642,70848,ZCTA5 73073
73074,1175,60000,ZCTA5 73074
73075,9374,49175,ZCTA5 73075
73077,6211,63048,ZCTA5 73077
73078,12586,90983,ZCTA5 73078
73079,627,89167,ZCTA5 73079
73080,10037,75545,ZCTA5 73080
73082,2924,47784,ZCTA5 73082
73084,5989,50072,ZCTA5 73084
73086,8480,60616,ZCTA5 73086
73089,13815,95829,ZCTA5 73089
73090,729,69423,ZCTA5 73090
73092,806,51875,ZCTA5 73092
73093,3706,85469,ZCTA5 73093
73095,2061,71643,ZCTA5 73095
73096,14107,54740,ZCTA5 73096
73097,128,,ZCTA5 73097
73098,3649,57697,ZCTA5 73098
73099,83451,83891,ZCTA5 73099
73102,3460,62278,ZCTA5 73102
73103,5333,54756,ZCTA5 73103
73104,3557,68581,ZCTA5 73104
73105,5940,48441,ZCTA5 73105
73106,13001,47843,ZCTA5 73106
73107,25594,55881,ZCTA5 73107
73108,14754,34640,ZCTA5 73108
73109,19637,36617,ZCTA5 73109
73110,32742,49064,ZCTA5 73110
73111,11463,37908,ZCTA5 73111
73112,31809,55138,ZCTA5 73112
73114,18611,49216,ZCTA5 73114
73115,20462,47305,ZCTA5 73115
73116,9932,82060,ZCTA5 73116
73117,5928,22152,ZCTA5 73117
73118,13942,64553,ZCTA5 73118
73119,30414,41818,ZCTA5 73119
73120,35070,58632,ZCTA5 73120
73121,3127,75369,ZCTA5 73121
73122,12698,49265,ZCTA5 73122
73127,26031,46399,ZCTA5 73127
73128,6472,82043,ZCTA5 73128
73129,20501,40598,ZCTA5 73129
73130,21133,70333,ZCTA5 73130
73131,3392,116081,ZCTA5 73131
73132,27479,55875,ZCTA5 73132
73134,6494,53694,ZCTA5 73134
73135,22020,61844,ZCTA5 73135
73139,18165,45884,ZCTA5 73139
73141,2772,55174,ZCTA5 73141
73142,16449,84224,ZCTA5 73142
73145,3505,63074,ZCTA5 73145
73149,5691,46607,ZCTA5 73149
73150,5748,84781,ZCTA5 73150
73151,2198,159853,ZCTA5 73151
73159,32234,53829,ZCTA5 73159
73160,61987,72490,ZCTA5 73160
73162,29216,84862,ZCTA5 73162
73165,8263,126128,ZCTA5 73165
73169,3489,87411,ZCTA5 73169
73170,41645,89925,ZCTA5 73170
73173,4241,133822,ZCTA5 73173
73179,6484,99668,ZCTA5 73179
73401,36324,57468,ZCTA5 73401
73425,86,26658,ZCTA5 73425
73430,1372,71932,ZCTA5 73430
73432,928,57321,ZCTA5 73432
73433,2386,57171,ZCTA5 73433
73434,553,51250,ZCTA5 73434
73435,53,50625,ZCTA5 73435
73436,132,,ZCTA5 73436
73437,57,41875,ZCTA5 73437
73438,2812,48017,ZCTA5 73438
73439,6627,48913,ZCTA5 73439
73440,212,56111,ZCTA5 73440
73441,149,36042,ZCTA5 73441
73442,266,46500,ZCTA5 73442
73443,3294,64058,ZCTA5 73443
73444,162,76688,ZCTA5 73444
73446,8731,55591,ZCTA5 73446
73447,1123,47292,ZCTA5 73447
73448,5812,58125,ZCTA5 73448
73449,3001,47363,ZCTA5 73449
73450,1283,52551,ZCTA5 73450
73453,618,72375,ZCTA5 73453
73455,560,55109,ZCTA5 73455
73456,1630,49327,ZCTA5 73456
73458,949,76250,ZCTA5 73458
73459,1507,55667,ZCTA5 73459
73460,4379,40572,ZCTA5 73460
73461,759,48382,ZCTA5 73461
73463,3894,56786,ZCTA5 73463
73481,1048,43125,ZCTA5 73481
73487,183,26875,ZCTA5 73487
73488,24,,ZCTA5 73488
73491,693,58281,ZCTA5 73491
73501,20630,46701,ZCTA5 73501
73503,11528,52215,ZCTA5 73503
73505,47658,55574,ZCTA5 73505
73507,21427,63924,ZCTA5 73507
73520,95,68125,ZCTA5 73520
73521,20479,61441,ZCTA5 73521
73523,170,,ZCTA5 73523
73526,1862,67875,ZCTA5 73526
73527,4867,74468,ZCTA5 73527
73528,635,66806,ZCTA5 73528
73529,4633,57413,ZCTA5 73529
73530,427,38125,ZCTA5 73530
73531,333,75179,ZCTA5 73531
73532,438,68125,ZCTA5 73532
73533,27866,56934,ZCTA5 73533
73537,552,55682,ZCTA5 73537
73538,6560,81360,ZCTA5 73538
73539,141,107841,ZCTA5 73539
73540,312,83750,ZCTA5 73540
73541,3707,56042,ZCTA5 73541
73542,4098,46417,ZCTA5 73542
73543,1950,70750,ZCTA5 73543
73544,278,39792,ZCTA5 73544
73546,1105,42500,ZCTA5 73546
73547,1665,59179,ZCTA5 73547
73548,365,,ZCTA5 73548
73549,325,122000,ZCTA5 73549
73550,2100,56576,ZCTA5 73550
73551,47,,ZCTA5 73551
73552,1341,70515,ZCTA5 73552
73553,10,68750,ZCTA5 73553
73554,3407,53656,ZCTA5 73554
73555,239,61875,ZCTA5 73555
73556,127,,ZCTA5 73556
73557,205,110962,ZCTA5 73557
73559,422,36250,ZCTA5 73559
73560,799,58088,ZCTA5 73560
73562,701,110625,ZCTA5 73562
73564,390,61250,ZCTA5 73564
73565,920,42875,ZCTA5 73565
73566,1437,52273,ZCTA5 73566
73567,807,50000,ZCTA5 73567
73568,964,29671,ZCTA5 73568
73569,443,42500,ZCTA5 73569
73570,946,51591,ZCTA5 73570
73571,69,45625,ZCTA5 73571
73572,3230,57045,ZCTA5 73572
73573,2371,53082,ZCTA5 73573
73601,9323,60568,ZCTA5 73601
73620,1638,48200,ZCTA5 73620
73622,303,41912,ZCTA5 73622
73624,2104,52500,ZCTA5 73624
73625,418,75375,ZCTA5 73625
73626,1050,81250,ZCTA5 73626
73627,460,71806,ZCTA5 73627
73628,1601,52458,ZCTA5 73628
73632,3019,67750,ZCTA5 73632
73638,173,78125,ZCTA5 73638
73639,768,54583,ZCTA5 73639
73641,498,51136,ZCTA5 73641
73642,122,45833,ZCTA5 73642
73644,13419,50221,ZCTA5 73644
73645,984,34926,ZCTA5 73645
73646,335,90313,ZCTA5 73646
73647,691,70455,ZCTA5 73647
73650,885,66458,ZCTA5 73650
73651,4015,32926,ZCTA5 73651
73654,831,80313,ZCTA5 73654
73655,932,56875,ZCTA5 73655
73658,240,48571,ZCTA5 73658
73659,218,,ZCTA5 73659
73660,413,47768,ZCTA5 73660
73661,696,68188,ZCTA5 73661
73662,7589,57734,ZCTA5 73662
73663,1219,67727,ZCTA5 73663
73664,1126,91786,ZCTA5 73664
73666,375,55833,ZCTA5 73666
73667,470,67955,ZCTA5 73667
73668,17,,ZCTA5 73668
73669,1606,56750,ZCTA5 73669
73673,407,53008,ZCTA5 73673
73701,25892,52081,ZCTA5 73701
73703,29157,70243,ZCTA5 73703
73705,317,,ZCTA5 73705
73716,499,80179,ZCTA5 73716
73717,6972,46964,ZCTA5 73717
73718,499,59583,ZCTA5 73718
73719,112,107969,ZCTA5 73719
73720,109,67750,ZCTA5 73720
73722,407,70625,ZCTA5 73722
73724,756,61705,ZCTA5 73724
73726,361,48333,ZCTA5 73726
73727,131,,ZCTA5 73727
73728,1896,78625,ZCTA5 73728
73729,601,60694,ZCTA5 73729
73730,664,,ZCTA5 73730
73731,139,58750,ZCTA5 73731
73733,207,90833,ZCTA5 73733
73734,567,50625,ZCTA5 73734
73735,721,103542,ZCTA5 73735
73736,594,132188,ZCTA5 73736
73737,3598,62546,ZCTA5 73737
73738,989,65208,ZCTA5 73738
73739,405,84306,ZCTA5 73739
73741,1542,70769,ZCTA5 73741
73742,3847,54839,ZCTA5 73742
73743,77,61607,ZCTA5 73743
73744,138,57500,ZCTA5 73744
73746,5,,ZCTA5 73746
73747,209,55900,ZCTA5 73747
73749,531,52275,ZCTA5 73749
73750,7019,63346,ZCTA5 73750
73753,472,98929,ZCTA5 73753
73754,1159,74167,ZCTA5 73754
73755,730,55417,ZCTA5 73755
73756,331,58864,ZCTA5 73756
73757,170,137813,ZCTA5 73757
73758,206,78125,ZCTA5 73758
73759,1263,50673,ZCTA5 73759
73760,390,73750,ZCTA5 73760
73761,230,46750,ZCTA5 73761
73762,2200,82105,ZCTA5 73762
73763,1563,56473,ZCTA5 73763
73764,251,,ZCTA5 73764
73766,1222,67083,ZCTA5 73766
73768,1541,74896,ZCTA5 73768
73770,17,,ZCTA5 73770
73771,390,43500,ZCTA5 73771
73772,3652,55625,ZCTA5 73772
73773,1650,80317,ZCTA5 73773
73801,15407,60556,ZCTA5 73801
73832,954,58603,ZCTA5 73832
73834,1636,68750,ZCTA5 73834
73835,266,41250,ZCTA5 73835
73838,564,69313,ZCTA5 73838
73840,533,73750,ZCTA5 73840
73841,1192,71154,ZCTA5 73841
73842,409,52500,ZCTA5 73842
73843,778,51875,ZCTA5 73843
73844,377,76667,ZCTA5 73844
73848,1592,56976,ZCTA5 73848
73851,150,55982,ZCTA5 73851
73852,2023,76458,ZCTA5 73852
73853,527,89038,ZCTA5 73853
73855,147,,ZCTA5 73855
73857,901,53750,ZCTA5 73857
73858,1557,54330,ZCTA5 73858
73859,1514,67973,ZCTA5 73859
73860,1139,79688,ZCTA5 73860
73901,249,69286,ZCTA5 73901
73931,509,51750,ZCTA5 73931
73932,2009,62321,ZCTA5 73932
73933,1405,52581,ZCTA5 73933
73937,268,53333,ZCTA5 73937
73938,667,65769,ZCTA5 73938
73939,1420,58393,ZCTA5 73939
73942,13791,55401,ZCTA5 73942
73944,472,71786,ZCTA5 73944
73945,2307,49620,ZCTA5 73945
73946,28,,ZCTA5 73946
73947,512,126042,ZCTA5 73947
73949,1463,58309,ZCTA5 73949
73950,1362,66458,ZCTA5 73950
73951,1399,40357,ZCTA5 73951
73960,7,,ZCTA5 73960
74001,286,57679,ZCTA5 74001
74002,1920,64167,ZCTA5 74002
74003,14369,46721,ZCTA5 74003
74006,27280,71671,ZCTA5 74006
74008,31190,90085,ZCTA5 74008
74010,10544,54078,ZCTA5 74010
74011,32273,93336,ZCTA5 74011
74012,63498,78630,ZCTA5 74012
74014,41348,90769,ZCTA5 74014
74015,8551,68272,ZCTA5 74015
74016,5700,58580,ZCTA5 74016
74017,28841,63959,ZCTA5 74017
74019,20435,82318,ZCTA5 74019
74020,7499,59433,ZCTA5 74020
74021,22698,84509,ZCTA5 74021
74022,1803,42625,ZCTA5 74022
74023,12214,51848,ZCTA5 74023
74026,837,53750,ZCTA5 74026
74027,863,47333,ZCTA5 74027
74028,1518,46528,ZCTA5 74028
74029,4940,53027,ZCTA5 74029
74030,2966,38828,ZCTA5 74030
74032,1779,57050,ZCTA5 74032
74033,13016,76168,ZCTA5 74033
74034,86,30000,ZCTA5 74034
74035,4140,44432,ZCTA5 74035
74036,7460,74467,ZCTA5 74036
74037,23879,96750,ZCTA5 74037
74038,2146,60500,ZCTA5 74038
74039,4084,69471,ZCTA5 74039
74041,2838,77045,ZCTA5 74041
74042,389,57798,ZCTA5 74042
74044,7793,64291,ZCTA5 74044
74045,269,85625,ZCTA5 74045
74046,164,36042,ZCTA5 74046
74047,7627,82442,ZCTA5 74047
74048,5524,49339,ZCTA5 74048
74050,488,49000,ZCTA5 74050
74051,2020,67604,ZCTA5 74051
74052,959,33906,ZCTA5 74052
74053,5409,82781,ZCTA5 74053
74054,779,46875,ZCTA5 74054
74055,48185,85374,ZCTA5 74055
74056,4783,45556,ZCTA5 74056
74058,3629,50441,ZCTA5 74058
74059,5767,55040,ZCTA5 74059
74060,428,47321,ZCTA5 74060
74061,2455,70263,ZCTA5 74061
74062,830,44545,ZCTA5 74062
74063,31174,68948,ZCTA5 74063
74066,31578,63428,ZCTA5 74066
74068,41,,ZCTA5 74068
74070,14990,65011,ZCTA5 74070
74071,134,19515,ZCTA5 74071
74072,1599,58875,ZCTA5 74072
74073,5591,67083,ZCTA5 74073
74074,32069,50429,ZCTA5 74074
74075,25930,41178,ZCTA5 74075
74077,1669,,ZCTA5 74077
74078,455,,ZCTA5 74078
74079,4636,61344,ZCTA5 74079
74080,2906,84856,ZCTA5 74080
74081,1939,49635,ZCTA5 74081
74082,321,,ZCTA5 74082
74083,910,70556,ZCTA5 74083
74084,403,39063,ZCTA5 74084
74085,2503,38906,ZCTA5 74085
74103,2244,103438,ZCTA5 74103
74104,12517,50365,ZCTA5 74104
74105,26445,65130,ZCTA5 74105
74106,16402,35299,ZCTA5 74106
74107,19416,49971,ZCTA5 74107
74108,7695,59404,ZCTA5 74108
74110,14752,37118,ZCTA5 74110
74112,21629,54483,ZCTA5 74112
74114,16969,90282,ZCTA5 74114
74115,23127,42245,ZCTA5 74115
74116,3315,50750,ZCTA5 74116
74117,25,,ZCTA5 74117
74119,3404,52071,ZCTA5 74119
74120,5270,63801,ZCTA5 74120
74126,10445,39507,ZCTA5 74126
74127,15876,47983,ZCTA5 74127
74128,13554,49596,ZCTA5 74128
74129,18863,49642,ZCTA5 74129
74130,2023,43445,ZCTA5 74130
74131,2302,74569,ZCTA5 74131
74132,10813,74809,ZCTA5 74132
74133,48350,74314,ZCTA5 74133
74134,22081,73205,ZCTA5 74134
74135,20060,61862,ZCTA5 74135
74136,31715,49669,ZCTA5 74136
74137,28577,99497,ZCTA5 74137
74145,18830,54887,ZCTA5 74145
74146,16019,42121,ZCTA5 74146
74171,2177,,ZCTA5 74171
74301,11093,47889,ZCTA5 74301
74330,2559,72794,ZCTA5 74330
74331,6950,55240,ZCTA5 74331
74332,1756,52875,ZCTA5 74332
74333,996,50313,ZCTA5 74333
74337,4780,55250,ZCTA5 74337
74338,4879,57685,ZCTA5 74338
74339,2323,35662,ZCTA5 74339
74340,178,44000,ZCTA5 74340
74342,2293,43913,ZCTA5 74342
74343,3125,43614,ZCTA5 74343
74344,14436,54717,ZCTA5 74344
74346,7895,46636,ZCTA5 74346
74347,2738,45104,ZCTA5 74347
74349,850,47031,ZCTA5 74349
74350,756,51719,ZCTA5 74350
74352,5412,46713,ZCTA5 74352
74354,17071,48242,ZCTA5 74354
74358,238,41250,ZCTA5 74358
74359,293,46875,ZCTA5 74359
74360,11,,ZCTA5 74360
74361,17213,58074,ZCTA5 74361
74363,2799,51705,ZCTA5 74363
74364,1934,52625,ZCTA5 74364
74365,4589,56343,ZCTA5 74365
74366,1445,32273,ZCTA5 74366
74367,577,42361,ZCTA5 74367
74368,100,33125,ZCTA5 74368
74369,1748,52500,ZCTA5 74369
74370,3769,47057,ZCTA5 74370
74401,15921,39845,ZCTA5 74401
74403,29294,55114,ZCTA5 74403
74421,4541,64861,ZCTA5 74421
74422,1009,61098,ZCTA5 74422
74423,853,46696,ZCTA5 74423
74425,1075,46250,ZCTA5 74425
74426,9131,45533,ZCTA5 74426
74427,1535,63255,ZCTA5 74427
74428,612,49375,ZCTA5 74428
74429,15955,70938,ZCTA5 74429
74430,636,55855,ZCTA5 74430
74431,894,59583,ZCTA5 74431
74432,9977,46069,ZCTA5 74432
74434,9419,73385,ZCTA5 74434
74435,3070,52560,ZCTA5 74435
74436,5249,57995,ZCTA5 74436
74437,9148,44091,ZCTA5 74437
74438,373,38393,ZCTA5 74438
74441,5692,50838,ZCTA5 74441
74442,713,64500,ZCTA5 74442
74445,2828,60862,ZCTA5 74445
74446,478,38333,ZCTA5 74446
74447,15212,42237,ZCTA5 74447
74450,1520,46607,ZCTA5 74450
74451,3830,57041,ZCTA5 74451
74452,281,80236,ZCTA5 74452
74454,3439,62550,ZCTA5 74454
74455,2799,43424,ZCTA5 74455
74456,124,49219,ZCTA5 74456
74457,210,71563,ZCTA5 74457
74458,119,,ZCTA5 74458
74459,73,51250,ZCTA5 74459
74460,405,85033,ZCTA5 74460
74462,6934,42184,ZCTA5 74462
74463,2119,33173,ZCTA5 74463
74464,30812,49755,ZCTA5 74464
74467,14147,55520,ZCTA5 74467
74468,315,43438,ZCTA5 74468
74469,2155,47868,ZCTA5 74469
74470,1430,69375,ZCTA5 74470
74471,1378,43810,ZCTA5 74471
74472,641,43438,ZCTA5 74472
74477,9,,ZCTA5 74477
74501,28740,54549,ZCTA5 74501
74521,66,35625,ZCTA5 74521
74522,156,64038,ZCTA5 74522
74523,5601,39635,ZCTA5 74523
74525,10284,47449,ZCTA5 74525
74528,127,62917,ZCTA5 74528
74530,194,48750,ZCTA5 74530
74531,951,42344,ZCTA5 74531
74533,952,52262,ZCTA5 74533
74534,148,,ZCTA5 74534
74535,92,29091,ZCTA5 74535
74536,1522,44500,ZCTA5 74536
74538,3929,47097,ZCTA5 74538
74540,141,25625,ZCTA5 74540
74543,369,46923,ZCTA5 74543
74546,613,52115,ZCTA5 74546
74547,3117,44583,ZCTA5 74547
74549,134,,ZCTA5 74549
74552,943,47150,ZCTA5 74552
74553,1321,55769,ZCTA5 74553
74554,1842,44554,ZCTA5 74554
74555,583,50000,ZCTA5 74555
74556,287,53563,ZCTA5 74556
74557,705,41250,ZCTA5 74557
74558,408,43750,ZCTA5 74558
74560,441,55357,ZCTA5 74560
74561,1857,44500,ZCTA5 74561
74562,670,49167,ZCTA5 74562
74563,1940,45813,ZCTA5 74563
74565,473,58750,ZCTA5 74565
74567,68,38500,ZCTA5 74567
74569,601,45962,ZCTA5 74569
74570,1091,55000,ZCTA5 74570
74571,3327,40865,ZCTA5 74571
74572,830,42333,ZCTA5 74572
74574,1193,35739,ZCTA5 74574
74576,188,78235,ZCTA5 74576
74577,223,52188,ZCTA5 74577
74578,5582,43750,ZCTA5 74578
74601,18994,46365,ZCTA5 74601
74604,12341,77689,ZCTA5 74604
74630,678,38068,ZCTA5 74630
74631,7013,49350,ZCTA5 74631
74632,567,93229,ZCTA5 74632
74633,650,65000,ZCTA5 74633
74636,270,88750,ZCTA5 74636
74637,1592,46528,ZCTA5 74637
74640,240,60000,ZCTA5 74640
74641,566,59563,ZCTA5 74641
74643,529,64926,ZCTA5 74643
74644,543,49167,ZCTA5 74644
74646,267,82500,ZCTA5 74646
74647,3233,57045,ZCTA5 74647
74650,549,47833,ZCTA5 74650
74651,856,69219,ZCTA5 74651
74652,832,64750,ZCTA5 74652
74653,3697,56079,ZCTA5 74653
74701,26158,56342,ZCTA5 74701
74720,425,53125,ZCTA5 74720
74721,0,,ZCTA5 74721
74722,219,73750,ZCTA5 74722
74723,1373,38906,ZCTA5 74723
74724,128,57292,ZCTA5 74724
74726,1725,42276,ZCTA5 74726
74727,1998,40684,ZCTA5 74727
74728,11352,56330,ZCTA5 74728
74729,2608,52727,ZCTA5 74729
74730,5631,62708,ZCTA5 74730
74731,1369,52714,ZCTA5 74731
74733,3219,63074,ZCTA5 74733
74734,821,39875,ZCTA5 74734
74735,1983,54821,ZCTA5 74735
74736,861,46750,ZCTA5 74736
74737,40,58750,ZCTA5 74737
74738,439,48125,ZCTA5 74738
74740,1927,36328,ZCTA5 74740
74741,919,69000,ZCTA5 74741
74743,7964,39286,ZCTA5 74743
74745,9835,39738,ZCTA5 74745
74747,443,30446,ZCTA5 74747
74748,694,56250,ZCTA5 74748
74750,187,39821,ZCTA5 74750
74753,40,,ZCTA5 74753
74754,583,50475,ZCTA5 74754
74755,105,,ZCTA5 74755
74756,670,53750,ZCTA5 74756
74759,1222,50417,ZCTA5 74759
74760,86,41250,ZCTA5 74760
74761,49,48438,ZCTA5 74761
74764,3390,52500,ZCTA5 74764
74766,1104,41328,ZCTA5 74766
74801,21950,52658,ZCTA5 74801
74804,21652,59160,ZCTA5 74804
74820,31368,58703,ZCTA5 74820
74824,1446,53125,ZCTA5 74824
74825,1681,50179,ZCTA5 74825
74826,1283,75625,ZCTA5 74826
74827,292,48906,ZCTA5 74827
74829,1508,28250,ZCTA5 74829
74830,174,45938,ZCTA5 74830
74831,666,44375,ZCTA5 74831
74832,855,53750,ZCTA5 74832
74833,566,63750,ZCTA5 74833
74834,7553,58142,ZCTA5 74834
74836,270,85639,ZCTA5 74836
74837,121,56186,ZCTA5 74837
74839,763,30500,ZCTA5 74839
74840,2019,58542,ZCTA5 74840
74842,202,56042,ZCTA5 74842
74843,314,81875,ZCTA5 74843
74844,350,42361,ZCTA5 74844
74845,371,44306,ZCTA5 74845
74848,7729,45122,ZCTA5 74848
74849,2887,40500,ZCTA5 74849
74850,328,51250,ZCTA5 74850
74851,11351,73644,ZCTA5 74851
74852,1493,57531,ZCTA5 74852
74854,1805,54464,ZCTA5 74854
74855,4313,56156,ZCTA5 74855
74856,791,63977,ZCTA5 74856
74857,9981,83879,ZCTA5 74857
74859,6000,40560,ZCTA5 74859
74860,1602,53250,ZCTA5 74860
74864,4701,62847,ZCTA5 74864
74865,2020,68194,ZCTA5 74865
74866,62,68750,ZCTA5 74866
74867,564,45313,ZCTA5 74867
74868,12329,42071,ZCTA5 74868
74869,546,54125,ZCTA5 74869
74871,2335,67368,ZCTA5 74871
74872,3148,50125,ZCTA5 74872
74873,11256,58357,ZCTA5 74873
74875,1025,59500,ZCTA5 74875
74878,1644,65893,ZCTA5 74878
74880,2024,46172,ZCTA5 74880
74881,5278,55569,ZCTA5 74881
74883,2480,39911,ZCTA5 74883
74884,5578,43833,ZCTA5 74884
74901,1929,34179,ZCTA5 74901
74902,4297,45417,ZCTA5 74902
74930,1684,37750,ZCTA5 74930
74931,1171,55250,ZCTA5 74931
74932,2421,44671,ZCTA5 74932
74935,150,32188,ZCTA5 74935
74936,1502,51295,ZCTA5 74936
74937,5318,43161,ZCTA5 74937
74939,1265,39167,ZCTA5 74939
74940,2528,46200,ZCTA5 74940
74941,2648,52545,ZCTA5 74941
74942,148,41458,ZCTA5 74942
74943,105,,ZCTA5 74943
74944,1128,32500,ZCTA5 74944
74945,153,45357,ZCTA5 74945
74946,62,29375,ZCTA5 74946
74947,115,33750,ZCTA5 74947
74948,11266,45012,ZCTA5 74948
74949,199,43903,ZCTA5 74949
74951,1367,46250,ZCTA5 74951
74953,12413,54172,ZCTA5 74953
74954,4944,57949,ZCTA5 74954
74955,14471,47136,ZCTA5 74955
74956,2107,47194,ZCTA5 74956
74957,871,41875,ZCTA5 74957
74959,6081,48996,ZCTA5 74959
74960,11874,45000,ZCTA5 74960
74962,4500,48789,ZCTA5 74962
74963,577,53750,ZCTA5 74963
74964,2286,42574,ZCTA5 74964
74965,5134,46054,ZCTA5 74965
74966,3449,53534,ZCTA5 74966
75001,16633,77598,ZCTA5 75001
75002,72679,119301,ZCTA5 75002
75006,48062,79672,ZCTA5 75006
75007,54498,105969,ZCTA5 75007
75009,28109,153658,ZCTA5 75009
75010,31609,98567,ZCTA5 75010
75013,46649,149549,ZCTA5 75013
75019,44706,136679,ZCTA5 75019
75020,24486,64734,ZCTA5 75020
75021,8925,61198,ZCTA5 75021
75022,27000,179892,ZCTA5 75022
75023,49376,101246,ZCTA5 75023
75024,43520,114623,ZCTA5 75024
75025,54201,134740,ZCTA5 75025
75028,47751,143712,ZCTA5 75028
75032,36514,132756,ZCTA5 75032
75033,47416,165218,ZCTA5 75033
75034,48749,104323,ZCTA5 75034
75035,83930,154811,ZCTA5 75035
75036,31792,137902,ZCTA5 75036
75038,32559,69678,ZCTA5 75038
75039,21795,100474,ZCTA5 75039
75040,63143,70592,ZCTA5 75040
75041,31344,62744,ZCTA5 75041
75042,37925,60118,ZCTA5 75042
75043,64296,72079,ZCTA5 75043
75044,47010,84016,ZCTA5 75044
75048,28210,126792,ZCTA5 75048
75050,43856,68421,ZCTA5 75050
75051,40166,49485,ZCTA5 75051
75052,94636,84055,ZCTA5 75052
75054,17261,154412,ZCTA5 75054
75056,65785,111589,ZCTA5 75056
75057,17280,73935,ZCTA5 75057
75058,3801,113194,ZCTA5 75058
75060,48997,67479,ZCTA5 75060
75061,56319,58236,ZCTA5 75061
75062,52772,68692,ZCTA5 75062
75063,44570,106909,ZCTA5 75063
75065,12787,95403,ZCTA5 75065
75067,67117,75224,ZCTA5 75067
75068,68074,119464,ZCTA5 75068
75069,39048,74967,ZCTA5 75069
75070,57516,101188,ZCTA5 75070
75071,66298,124763,ZCTA5 75071
75072,55304,147321,ZCTA5 75072
75074,51443,78441,ZCTA5 75074
75075,37032,89081,ZCTA5 75075
75076,8536,71910,ZCTA5 75076
75077,39853,120254,ZCTA5 75077
75078,40513,178254,ZCTA5 75078
75080,52184,86341,ZCTA5 75080
75081,36493,88161,ZCTA5 75081
75082,29386,108869,ZCTA5 75082
75087,40201,124583,ZCTA5 75087
75088,27143,101995,ZCTA5 75088
75089,34974,119332,ZCTA5 75089
75090,25788,56323,ZCTA5 75090
75092,26588,62741,ZCTA5 75092
75093,47069,121360,ZCTA5 75093
75094,23370,152461,ZCTA5 75094
75098,65655,112198,ZCTA5 75098
75101,668,50455,ZCTA5 75101
75102,1877,65850,ZCTA5 75102
75103,16372,67878,ZCTA5 75103
75104,49291,84760,ZCTA5 75104
75105,154,,ZCTA5 75105
75109,4466,73021,ZCTA5 75109
75110,31008,51048,ZCTA5 75110
75114,7123,96484,ZCTA5 75114
75115,56012,81895,ZCTA5 75115
75116,20145,57245,ZCTA5 75116
75117,4576,93373,ZCTA5 75117
75119,29509,77225,ZCTA5 75119
75124,5822,76013,ZCTA5 75124
75125,6920,63684,ZCTA5 75125
75126,67852,101456,ZCTA5 75126
75127,1781,58330,ZCTA5 75127
75132,0,,ZCTA5 75132
75134,20179,65114,ZCTA5 75134
75135,8515,88369,ZCTA5 75135
75137,20013,81160,ZCTA5 75137
75140,7933,44091,ZCTA5 75140
75141,4510,45213,ZCTA5 75141
75142,22756,75072,ZCTA5 75142
75143,14584,64178,ZCTA5 75143
75144,3883,60154,ZCTA5 75144
75146,24089,68001,ZCTA5 75146
75147,8239,49167,ZCTA5 75147
75148,6143,57917,ZCTA5 75148
75149,59371,64858,ZCTA5 75149
75150,63895,66265,ZCTA5 75150
75152,5859,81772,ZCTA5 75152
75153,568,95066,ZCTA5 75153
75154,48510,95035,ZCTA5 75154
75155,3142,56912,ZCTA5 75155
75156,16262,52464,ZCTA5 75156
75157,216,,ZCTA5 75157
75158,6202,88125,ZCTA5 75158
75159,22751,69301,ZCTA5 75159
75160,25964,67102,ZCTA5 75160
75161,6468,74932,ZCTA5 75161
75163,2540,54741,ZCTA5 75163
75164,430,52736,ZCTA5 75164
75165,48970,83970,ZCTA5 75165
75166,5762,123653,ZCTA5 75166
75167,13421,117254,ZCTA5 75167
75169,15361,56445,ZCTA5 75169
75172,5378,63003,ZCTA5 75172
75173,9296,96636,ZCTA5 75173
75180,27050,57827,ZCTA5 75180
75181,27980,107734,ZCTA5 75181
75182,7873,152632,ZCTA5 75182
75189,38261,114068,ZCTA5 75189
75201,17985,102891,ZCTA5 75201
75202,2421,113843,ZCTA5 75202
75203,16265,43376,ZCTA5 75203
75204,31627,88142,ZCTA5 75204
75205,25212,180698,ZCTA5 75205
75206,38432,84784,ZCTA5 75206
75207,8029,88655,ZCTA5 75207
75208,29992,75699,ZCTA5 75208
75209,14208,116477,ZCTA5 75209
75210,8750,26822,ZCTA5 75210
75211,73948,53614,ZCTA5 75211
75212,27045,47089,ZCTA5 75212
75214,34015,115304,ZCTA5 75214
75215,18950,39486,ZCTA5 75215
75216,55085,33889,ZCTA5 75216
75217,87154,49841,ZCTA5 75217
75218,21393,104026,ZCTA5 75218
75219,24797,86826,ZCTA5 75219
75220,40327,56849,ZCTA5 75220
75223,13174,66875,ZCTA5 75223
75224,35903,50061,ZCTA5 75224
75225,21965,180181,ZCTA5 75225
75226,5108,67612,ZCTA5 75226
75227,58315,54743,ZCTA5 75227
75228,68472,55848,ZCTA5 75228
75229,32885,117083,ZCTA5 75229
75230,26503,109589,ZCTA5 75230
75231,39158,50603,ZCTA5 75231
75232,33333,52739,ZCTA5 75232
75233,15876,61750,ZCTA5 75233
75234,33838,85105,ZCTA5 75234
75235,18936,57744,ZCTA5 75235
75236,18249,45739,ZCTA5 75236
75237,19530,38552,ZCTA5 75237
75238,32180,71352,ZCTA5 75238
75240,26058,51607,ZCTA5 75240
75241,33081,45356,ZCTA5 75241
75243,63047,47319,ZCTA5 75243
75244,12734,109440,ZCTA5 75244
75246,2265,42429,ZCTA5 75246
75247,992,18750,ZCTA5 75247
75248,37282,98584,ZCTA5 75248
75249,17853,79162,ZCTA5 75249
75251,3801,85294,ZCTA5 75251
75252,27541,77147,ZCTA5 75252
75253,24411,51642,ZCTA5 75253
75254,24316,70901,ZCTA5 75254
75261,0,,ZCTA5 75261
75270,0,,ZCTA5 75270
75287,52240,60256,ZCTA5 75287
75390,0,,ZCTA5 75390
75401,21000,51882,ZCTA5 75401
75402,20299,78277,ZCTA5 75402
75407,26607,87839,ZCTA5 75407
75409,22249,89444,ZCTA5 75409
75410,4196,77778,ZCTA5 75410
75411,875,47857,ZCTA5 75411
75412,512,62000,ZCTA5 75412
75413,187,,ZCTA5 75413
75414,3284,78776,ZCTA5 75414
75415,302,115446,ZCTA5 75415
75416,2865,70000,ZCTA5 75416
75417,2357,53370,ZCTA5 75417
75418,14473,58790,ZCTA5 75418
75420,1364,59826,ZCTA5 75420
75421,847,57688,ZCTA5 75421
75422,2826,65093,ZCTA5 75422
75423,3024,55288,ZCTA5 75423
75424,3483,85364,ZCTA5 75424
75426,3793,39203,ZCTA5 75426
75428,11398,51205,ZCTA5 75428
75429,0,,ZCTA5 75429
75431,1841,42201,ZCTA5 75431
75432,3115,64286,ZCTA5 75432
75433,3053,80116,ZCTA5 75433
75434,0,,ZCTA5 75434
75435,1060,37321,ZCTA5 75435
75436,2334,75179,ZCTA5 75436
75437,1125,83611,ZCTA5 75437
75438,1046,92083,ZCTA5 75438
75439,1123,61250,ZCTA5 75439
75440,7251,61127,ZCTA5 75440
75441,90,16474,ZCTA5 75441
75442,10571,81839,ZCTA5 75442
75446,3594,55744,ZCTA5 75446
75447,1187,101875,ZCTA5 75447
75448,862,80098,ZCTA5 75448
75449,1082,62500,ZCTA5 75449
75450,482,,ZCTA5 75450
75451,1613,47902,ZCTA5 75451
75452,4979,69911,ZCTA5 75452
75453,3173,98518,ZCTA5 75453
75454,17241,137903,ZCTA5 75454
75455,26816,57120,ZCTA5 75455
75457,6278,70192,ZCTA5 75457
75459,5395,71389,ZCTA5 75459
75460,24094,43884,ZCTA5 75460
75462,11406,66884,ZCTA5 75462
75468,1142,69832,ZCTA5 75468
75469,311,79018,ZCTA5 75469
75470,161,97581,ZCTA5 75470
75471,1690,53221,ZCTA5 75471
75472,3905,56941,ZCTA5 75472
75473,3663,80699,ZCTA5 75473
75474,16586,62461,ZCTA5 75474
75475,19,,ZCTA5 75475
75476,1195,56250,ZCTA5 75476
75477,1246,80375,ZCTA5 75477
75478,879,54688,ZCTA5 75478
75479,2019,72368,ZCTA5 75479
75480,1730,69005,ZCTA5 75480
75481,385,61000,ZCTA5 75481
75482,25724,63312,ZCTA5 75482
75486,2569,89750,ZCTA5 75486
75487,1398,35729,ZCTA5 75487
75488,919,62303,ZCTA5 75488
75489,832,77273,ZCTA5 75489
75490,2775,83516,ZCTA5 75490
75491,5094,73988,ZCTA5 75491
75492,342,106806,ZCTA5 75492
75493,699,55625,ZCTA5 75493
75494,11167,65955,ZCTA5 75494
75495,9658,89781,ZCTA5 75495
75496,3462,71250,ZCTA5 75496
75497,3896,57368,ZCTA5 75497
75501,34183,44064,ZCTA5 75501
75503,27675,68977,ZCTA5 75503
75550,615,70192,ZCTA5 75550
75551,10917,63929,ZCTA5 75551
75554,2447,44630,ZCTA5 75554
75555,1534,50579,ZCTA5 75555
75556,1297,73214,ZCTA5 75556
75558,2043,90244,ZCTA5 75558
75559,5455,52983,ZCTA5 75559
75560,1033,51394,ZCTA5 75560
75561,4901,55288,ZCTA5 75561
75562,89,,ZCTA5 75562
75563,3920,50108,ZCTA5 75563
75564,22,,ZCTA5 75564
75565,218,19107,ZCTA5 75565
75566,678,62159,ZCTA5 75566
75567,3863,59069,ZCTA5 75567
75568,2494,50134,ZCTA5 75568
75569,3456,41850,ZCTA5 75569
75570,11197,64304,ZCTA5 75570
75571,2618,51450,ZCTA5 75571
75572,3162,41600,ZCTA5 75572
75573,194,64792,ZCTA5 75573
75574,1402,70801,ZCTA5 75574
75601,15470,60634,ZCTA5 75601
75602,21343,54656,ZCTA5 75602
75603,6341,58750,ZCTA5 75603
75604,31361,66109,ZCTA5 75604
75605,33614,73582,ZCTA5 75605
75630,2622,38750,ZCTA5 75630
75631,2738,80703,ZCTA5 75631
75633,13055,62244,ZCTA5 75633
75638,5041,53409,ZCTA5 75638
75639,2256,32727,ZCTA5 75639
75640,5720,80833,ZCTA5 75640
75641,101,42500,ZCTA5 75641
75642,71,,ZCTA5 75642
75643,2216,55000,ZCTA5 75643
75644,12902,54579,ZCTA5 75644
75645,10180,70315,ZCTA5 75645
75647,13026,53016,ZCTA5 75647
75650,9921,84531,ZCTA5 75650
75651,2197,65030,ZCTA5 75651
75652,13704,65905,ZCTA5 75652
75654,12817,58839,ZCTA5 75654
75656,4580,51676,ZCTA5 75656
75657,6771,48848,ZCTA5 75657
75658,26,,ZCTA5 75658
75659,0,,ZCTA5 75659
75661,2734,56600,ZCTA5 75661
75662,24640,64717,ZCTA5 75662
75667,1329,68309,ZCTA5 75667
75668,2471,48214,ZCTA5 75668
75669,1041,81155,ZCTA5 75669
75670,18466,37106,ZCTA5 75670
75671,0,,ZCTA5 75671
75672,16637,68853,ZCTA5 75672
75680,0,,ZCTA5 75680
75681,2593,58125,ZCTA5 75681
75682,664,53125,ZCTA5 75682
75683,3810,43531,ZCTA5 75683
75684,8030,51629,ZCTA5 75684
75686,13180,55327,ZCTA5 75686
75687,0,,ZCTA5 75687
75689,201,95724,ZCTA5 75689
75691,4547,81667,ZCTA5 75691
75692,4830,60705,ZCTA5 75692
75693,6128,92938,ZCTA5 75693
75694,0,,ZCTA5 75694
75701,34822,59107,ZCTA5 75701
75702,27775,48485,ZCTA5 75702
75703,43682,77858,ZCTA5 75703
75704,9284,55967,ZCTA5 75704
75705,2348,70850,ZCTA5 75705
75706,11334,63477,ZCTA5 75706
75707,15724,79764,ZCTA5 75707
75708,10155,79864,ZCTA5 75708
75709,5031,71013,ZCTA5 75709
75711,163,,ZCTA5 75711
75750,3291,70109,ZCTA5 75750
75751,17989,59399,ZCTA5 75751
75752,7573,62135,ZCTA5 75752
75754,7460,87846,ZCTA5 75754
75755,4982,52913,ZCTA5 75755
75756,4299,79688,ZCTA5 75756
75757,13430,79070,ZCTA5 75757
75758,9131,59727,ZCTA5 75758
75759,139,25156,ZCTA5 75759
75760,2204,67294,ZCTA5 75760
75762,14459,78520,ZCTA5 75762
75763,6336,65022,ZCTA5 75763
75764,158,73021,ZCTA5 75764
75765,7944,56477,ZCTA5 75765
75766,26128,50279,ZCTA5 75766
75770,2557,98178,ZCTA5 75770
75771,21408,83516,ZCTA5 75771
75773,14227,57854,ZCTA5 75773
75778,2471,43812,ZCTA5 75778
75779,22,,ZCTA5 75779
75780,404,64375,ZCTA5 75780
75782,103,,ZCTA5 75782
75783,7854,62410,ZCTA5 75783
75784,794,58750,ZCTA5 75784
75785,10906,61815,ZCTA5 75785
75788,43,,ZCTA5 75788
75789,7898,79112,ZCTA5 75789
75790,3777,61218,ZCTA5 75790
75791,14685,72203,ZCTA5 75791
75792,3558,52153,ZCTA5 75792
75801,16549,46706,ZCTA5 75801
75803,21702,57654,ZCTA5 75803
75831,5152,47358,ZCTA5 75831
75833,2764,62378,ZCTA5 75833
75835,11470,48706,ZCTA5 75835
75838,304,37386,ZCTA5 75838
75839,6189,63412,ZCTA5 75839
75840,6428,53368,ZCTA5 75840
75844,4922,50294,ZCTA5 75844
75845,2262,54850,ZCTA5 75845
75846,2609,57482,ZCTA5 75846
75847,1634,52969,ZCTA5 75847
75848,100,,ZCTA5 75848
75849,125,43125,ZCTA5 75849
75850,1447,,ZCTA5 75850
75851,4513,61310,ZCTA5 75851
75852,3173,52768,ZCTA5 75852
75853,1042,68750,ZCTA5 75853
75855,2657,39337,ZCTA5 75855
75856,211,145096,ZCTA5 75856
75858,60,56591,ZCTA5 75858
75859,2607,59698,ZCTA5 75859
75860,6305,60995,ZCTA5 75860
75861,1438,75528,ZCTA5 75861
75862,10017,47377,ZCTA5 75862
75865,0,,ZCTA5 75865
75884,3535,,ZCTA5 75884
75886,3005,,ZCTA5 75886
75901,28257,59350,ZCTA5 75901
75903,136,28554,ZCTA5 75903
75904,34191,59444,ZCTA5 75904
75925,3217,41328,ZCTA5 75925
75926,1301,58375,ZCTA5 75926
75928,987,23718,ZCTA5 75928
75929,1358,63454,ZCTA5 75929
75930,1972,53472,ZCTA5 75930
75931,2053,54931,ZCTA5 75931
75932,1393,55804,ZCTA5 75932
75933,1316,,ZCTA5 75933
75934,142,,ZCTA5 75934
75935,12073,52569,ZCTA5 75935
75936,951,65000,ZCTA5 75936
75937,1303,80262,ZCTA5 75937
75938,2306,47609,ZCTA5 75938
75939,5415,45339,ZCTA5 75939
75941,8666,56083,ZCTA5 75941
75942,162,,ZCTA5 75942
75943,1372,71500,ZCTA5 75943
75944,852,34667,ZCTA5 75944
75946,3943,58125,ZCTA5 75946
75948,5307,46157,ZCTA5 75948
75949,8472,49577,ZCTA5 75949
75951,15148,44141,ZCTA5 75951
75954,2719,44750,ZCTA5 75954
75956,7374,48125,ZCTA5 75956
75959,974,58542,ZCTA5 75959
75960,785,70156,ZCTA5 75960
75961,15081,38547,ZCTA5 75961
75962,3336,,ZCTA5 75962
75964,20623,55039,ZCTA5 75964
75965,17410,52073,ZCTA5 75965
75966,4788,38156,ZCTA5 75966
75968,2128,43472,ZCTA5 75968
75969,4597,67471,ZCTA5 75969
75972,6081,42272,ZCTA5 75972
75973,2934,52037,ZCTA5 75973
75974,2726,41875,ZCTA5 75974
75975,4441,58318,ZCTA5 75975
75976,1225,62417,ZCTA5 75976
75977,461,22273,ZCTA5 75977
75979,11473,43822,ZCTA5 75979
75980,2522,40648,ZCTA5 75980
76001,38010,101311,ZCTA5 76001
76002,33076,102369,ZCTA5 76002
76005,4899,191250,ZCTA5 76005
76006,24072,56312,ZCTA5 76006
76008,23084,154054,ZCTA5 76008
76009,19879,71996,ZCTA5 76009
76010,57197,42571,ZCTA5 76010
76011,22529,50200,ZCTA5 76011
76012,27769,80972,ZCTA5 76012
76013,35535,64585,ZCTA5 76013
76014,32805,60894,ZCTA5 76014
76015,17474,69805,ZCTA5 76015
76016,31079,103605,ZCTA5 76016
76017,46361,89930,ZCTA5 76017
76018,27827,83815,ZCTA5 76018
76020,32937,87923,ZCTA5 76020
76021,34858,84539,ZCTA5 76021
76022,14632,70286,ZCTA5 76022
76023,7227,83750,ZCTA5 76023
76028,76343,93314,ZCTA5 76028
76031,18108,68203,ZCTA5 76031
76033,27664,65488,ZCTA5 76033
76034,25793,196034,ZCTA5 76034
76035,3101,112983,ZCTA5 76035
76036,30489,89393,ZCTA5 76036
76039,41045,80176,ZCTA5 76039
76040,30708,65698,ZCTA5 76040
76041,772,154427,ZCTA5 76041
76043,7281,75764,ZCTA5 76043
76044,7644,88795,ZCTA5 76044
76048,27005,61728,ZCTA5 76048
76049,29301,96674,ZCTA5 76049
76050,7395,80858,ZCTA5 76050
76051,50303,106726,ZCTA5 76051
76052,27171,135348,ZCTA5 76052
76053,31396,59985,ZCTA5 76053
76054,11886,104748,ZCTA5 76054
76055,3566,68466,ZCTA5 76055
76058,21082,66777,ZCTA5 76058
76059,5224,49703,ZCTA5 76059
76060,8552,112931,ZCTA5 76060
76061,59,,ZCTA5 76061
76063,80101,110303,ZCTA5 76063
76064,1952,78523,ZCTA5 76064
76065,42415,121063,ZCTA5 76065
76066,4923,98145,ZCTA5 76066
76067,20582,59845,ZCTA5 76067
76070,766,130630,ZCTA5 76070
76071,4610,94318,ZCTA5 76071
76073,6948,107759,ZCTA5 76073
76077,748,,ZCTA5 76077
76078,9696,89794,ZCTA5 76078
76082,23489,84506,ZCTA5 76082
76084,12058,85748,ZCTA5 76084
76085,11695,91128,ZCTA5 76085
76086,21979,65707,ZCTA5 76086
76087,31831,101606,ZCTA5 76087
76088,14693,89554,ZCTA5 76088
76092,31212,250001,ZCTA5 76092
76093,3485,52832,ZCTA5 76093
76102,11645,81074,ZCTA5 76102
76103,17285,56641,ZCTA5 76103
76104,18914,46098,ZCTA5 76104
76105,23252,44193,ZCTA5 76105
76106,37777,51972,ZCTA5 76106
76107,29629,77277,ZCTA5 76107
76108,44930,73183,ZCTA5 76108
76109,25658,99102,ZCTA5 76109
76110,33640,59933,ZCTA5 76110
76111,21366,54884,ZCTA5 76111
76112,44116,53335,ZCTA5 76112
76114,27297,63454,ZCTA5 76114
76115,21355,45311,ZCTA5 76115
76116,49232,50982,ZCTA5 76116
76117,32692,49782,ZCTA5 76117
76118,16822,89394,ZCTA5 76118
76119,51401,44605,ZCTA5 76119
76120,19842,70129,ZCTA5 76120
76123,40973,91180,ZCTA5 76123
76126,25480,106467,ZCTA5 76126
76127,1657,103971,ZCTA5 76127
76129,1724,,ZCTA5 76129
76131,50572,101087,ZCTA5 76131
76132,26709,68284,ZCTA5 76132
76133,54241,69506,ZCTA5 76133
76134,29211,65516,ZCTA5 76134
76135,18648,69525,ZCTA5 76135
76137,58970,86733,ZCTA5 76137
76140,31882,70933,ZCTA5 76140
76148,24080,88121,ZCTA5 76148
76155,6295,59653,ZCTA5 76155
76164,13853,52691,ZCTA5 76164
76177,21967,102719,ZCTA5 76177
76179,74074,106288,ZCTA5 76179
76180,37271,76416,ZCTA5 76180
76182,30509,110669,ZCTA5 76182
76201,28345,37703,ZCTA5 76201
76203,1026,,ZCTA5 76203
76205,20734,60196,ZCTA5 76205
76207,16685,88152,ZCTA5 76207
76208,27364,100314,ZCTA5 76208
76209,27538,69090,ZCTA5 76209
76210,44990,102036,ZCTA5 76210
76225,3093,75750,ZCTA5 76225
76226,37413,165428,ZCTA5 76226
76227,49155,106113,ZCTA5 76227
76228,1258,67386,ZCTA5 76228
76230,9742,68301,ZCTA5 76230
76233,3256,68068,ZCTA5 76233
76234,20110,85052,ZCTA5 76234
76238,499,107614,ZCTA5 76238
76239,1157,56042,ZCTA5 76239
76240,29253,58384,ZCTA5 76240
76241,10,,ZCTA5 76241
76244,75185,116568,ZCTA5 76244
76245,1847,66652,ZCTA5 76245
76247,16870,107405,ZCTA5 76247
76248,40130,161383,ZCTA5 76248
76249,9572,103375,ZCTA5 76249
76250,835,81964,ZCTA5 76250
76251,672,61172,ZCTA5 76251
76252,2729,103098,ZCTA5 76252
76253,264,64130,ZCTA5 76253
76255,5743,53901,ZCTA5 76255
76258,7559,81552,ZCTA5 76258
76259,5611,82041,ZCTA5 76259
76261,152,58571,ZCTA5 76261
76262,42072,130524,ZCTA5 76262
76263,20,,ZCTA5 76263
76264,1143,75149,ZCTA5 76264
76265,1696,75212,ZCTA5 76265
76266,18546,93327,ZCTA5 76266
76267,64,,ZCTA5 76267
76268,125,83125,ZCTA5 76268
76270,2064,68705,ZCTA5 76270
76271,1961,77750,ZCTA5 76271
76272,5185,93800,ZCTA5 76272
76273,10553,81969,ZCTA5 76273
76301,15610,36250,ZCTA5 76301
76302,11169,51159,ZCTA5 76302
76305,4829,73729,ZCTA5 76305
76306,14391,47746,ZCTA5 76306
76308,20493,70872,ZCTA5 76308
76309,14216,52250,ZCTA5 76309
76310,19676,79264,ZCTA5 76310
76311,7009,91048,ZCTA5 76311
76351,1687,51010,ZCTA5 76351
76354,11794,64493,ZCTA5 76354
76357,490,77083,ZCTA5 76357
76360,2541,51500,ZCTA5 76360
76363,247,34107,ZCTA5 76363
76364,228,62083,ZCTA5 76364
76365,4566,62397,ZCTA5 76365
76366,1984,49706,ZCTA5 76366
76367,13984,68058,ZCTA5 76367
76370,478,83250,ZCTA5 76370
76371,1628,57431,ZCTA5 76371
76372,1005,69167,ZCTA5 76372
76373,155,77938,ZCTA5 76373
76374,3629,41019,ZCTA5 76374
76377,438,52857,ZCTA5 76377
76379,596,80972,ZCTA5 76379
76380,3526,53197,ZCTA5 76380
76384,12279,50250,ZCTA5 76384
76388,205,48125,ZCTA5 76388
76389,1418,99375,ZCTA5 76389
76401,30703,56918,ZCTA5 76401
76402,720,,ZCTA5 76402
76424,8656,44423,ZCTA5 76424
76426,11132,82346,ZCTA5 76426
76427,1030,70141,ZCTA5 76427
76429,129,2499,ZCTA5 76429
76430,2260,60093,ZCTA5 76430
76431,4543,70536,ZCTA5 76431
76432,1178,53333,ZCTA5 76432
76433,1945,108080,ZCTA5 76433
76435,541,59792,ZCTA5 76435
76436,101,57125,ZCTA5 76436
76437,5920,63272,ZCTA5 76437
76439,0,,ZCTA5 76439
76442,7281,60321,ZCTA5 76442
76443,1828,49844,ZCTA5 76443
76444,3793,57583,ZCTA5 76444
76445,416,,ZCTA5 76445
76446,8554,57321,ZCTA5 76446
76448,4969,63641,ZCTA5 76448
76449,2389,73824,ZCTA5 76449
76450,13003,71563,ZCTA5 76450
76452,133,197593,ZCTA5 76452
76453,1442,95536,ZCTA5 76453
76454,1668,41204,ZCTA5 76454
76455,698,54375,ZCTA5 76455
76457,4023,59569,ZCTA5 76457
76458,6049,56786,ZCTA5 76458
76459,139,48750,ZCTA5 76459
76460,472,85729,ZCTA5 76460
76462,4669,94167,ZCTA5 76462
76463,500,61250,ZCTA5 76463
76464,409,63750,ZCTA5 76464
76466,621,128260,ZCTA5 76466
76469,73,56750,ZCTA5 76469
76470,3022,36646,ZCTA5 76470
76471,1464,48529,ZCTA5 76471
76472,1503,96360,ZCTA5 76472
76474,340,,ZCTA5 76474
76475,947,54688,ZCTA5 76475
76476,3423,77130,ZCTA5 76476
76481,205,75690,ZCTA5 76481
76483,746,51827,ZCTA5 76483
76484,739,91731,ZCTA5 76484
76486,1379,65625,ZCTA5 76486
76487,2707,75063,ZCTA5 76487
76490,39,,ZCTA5 76490
76491,625,64438,ZCTA5 76491
76501,17200,50855,ZCTA5 76501
76502,48508,77704,ZCTA5 76502
76504,24276,44256,ZCTA5 76504
76511,2390,54750,ZCTA5 76511
76513,43738,76564,ZCTA5 76513
76518,1473,53125,ZCTA5 76518
76519,483,86181,ZCTA5 76519
76520,7878,59340,ZCTA5 76520
76522,41087,65760,ZCTA5 76522
76523,477,56089,ZCTA5 76523
76524,4053,75435,ZCTA5 76524
76525,1227,74063,ZCTA5 76525
76527,4141,71366,ZCTA5 76527
76528,19323,58862,ZCTA5 76528
76530,2424,76953,ZCTA5 76530
76531,4591,55857,ZCTA5 76531
76534,2890,71103,ZCTA5 76534
76537,11501,88250,ZCTA5 76537
76538,1155,58654,ZCTA5 76538
76539,8713,82053,ZCTA5 76539
76541,18849,34732,ZCTA5 76541
76542,52059,73133,ZCTA5 76542
76543,33220,49021,ZCTA5 76543
76544,26040,54561,ZCTA5 76544
76548,32608,71845,ZCTA5 76548
76549,55730,62607,ZCTA5 76549
76550,13574,71618,ZCTA5 76550
76554,2509,72656,ZCTA5 76554
76556,2008,63438,ZCTA5 76556
76557,5389,70017,ZCTA5 76557
76559,6443,65022,ZCTA5 76559
76561,1207,69250,ZCTA5 76561
76565,39,,ZCTA5 76565
76566,344,142500,ZCTA5 76566
76567,8244,48472,ZCTA5 76567
76569,3304,78798,ZCTA5 76569
76570,2243,38632,ZCTA5 76570
76571,9648,94517,ZCTA5 76571
76573,27,,ZCTA5 76573
76574,19629,68360,ZCTA5 76574
76577,3196,68141,ZCTA5 76577
76578,1232,92188,ZCTA5 76578
76579,5129,69471,ZCTA5 76579
76596,1097,,ZCTA5 76596
76597,3123,,ZCTA5 76597
76598,440,,ZCTA5 76598
76599,1764,,ZCTA5 76599
76621,1002,94375,ZCTA5 76621
76622,1558,73438,ZCTA5 76622
76623,197,62917,ZCTA5 76623
76624,2587,67708,ZCTA5 76624
76626,1363,94688,ZCTA5 76626
76627,1389,70250,ZCTA5 76627
76628,91,117857,ZCTA5 76628
76629,1916,63333,ZCTA5 76629
76630,1953,79000,ZCTA5 76630
76631,540,83438,ZCTA5 76631
76632,1901,41875,ZCTA5 76632
76633,6348,106700,ZCTA5 76633
76634,7316,68440,ZCTA5 76634
76635,1397,55393,ZCTA5 76635
76636,1638,66917,ZCTA5 76636
76637,466,71250,ZCTA5 76637
76638,3106,117708,ZCTA5 76638
76639,1823,39907,ZCTA5 76639
76640,2953,52074,ZCTA5 76640
76641,1714,64231,ZCTA5 76641
76642,6216,57622,ZCTA5 76642
76643,16034,75898,ZCTA5 76643
76645,10970,57500,ZCTA5 76645
76648,2751,49833,ZCTA5 76648
76649,700,67500,ZCTA5 76649
76650,96,79167,ZCTA5 76650
76651,3902,63173,ZCTA5 76651
76652,955,65278,ZCTA5 76652
76653,1426,56875,ZCTA5 76653
76654,173,65417,ZCTA5 76654
76655,8591,110248,ZCTA5 76655
76656,2560,71691,ZCTA5 76656
76657,12160,92935,ZCTA5 76657
76660,664,47188,ZCTA5 76660
76661,7118,31888,ZCTA5 76661
76664,3698,63621,ZCTA5 76664
76665,2596,56130,ZCTA5 76665
76666,186,41042,ZCTA5 76666
76667,10275,46130,ZCTA5 76667
76670,1934,57206,ZCTA5 76670
76671,2011,68750,ZCTA5 76671
76673,1162,53482,ZCTA5 76673
76676,317,63125,ZCTA5 76676
76678,112,45682,ZCTA5 76678
76679,1161,77702,ZCTA5 76679
76680,199,,ZCTA5 76680
76681,419,31705,ZCTA5 76681
76682,3276,73654,ZCTA5 76682
76685,49,,ZCTA5 76685
76686,230,63750,ZCTA5 76686
76687,1741,67720,ZCTA5 76687
76689,4308,63889,ZCTA5 76689
76690,1285,41667,ZCTA5 76690
76691,6315,75163,ZCTA5 76691
76692,9673,57891,ZCTA5 76692
76693,2320,54074,ZCTA5 76693
76701,1861,29714,ZCTA5 76701
76704,7450,19966,ZCTA5 76704
76705,31985,51546,ZCTA5 76705
76706,40770,39317,ZCTA5 76706
76707,16516,33964,ZCTA5 76707
76708,26917,64618,ZCTA5 76708
76710,23008,49762,ZCTA5 76710
76711,9474,51526,ZCTA5 76711
76712,28758,91862,ZCTA5 76712
76798,2907,,ZCTA5 76798
76801,25048,51603,ZCTA5 76801
76802,5667,65750,ZCTA5 76802
76820,135,,ZCTA5 76820
76821,4436,60924,ZCTA5 76821
76823,2741,54594,ZCTA5 76823
76824,0,,ZCTA5 76824
76825,6415,52143,ZCTA5 76825
76827,611,,ZCTA5 76827
76828,236,49688,ZCTA5 76828
76831,0,,ZCTA5 76831
76832,572,44886,ZCTA5 76832
76834,4992,50565,ZCTA5 76834
76836,3,,ZCTA5 76836
76837,1964,49250,ZCTA5 76837
76841,186,,ZCTA5 76841
76842,179,52625,ZCTA5 76842
76844,3307,61989,ZCTA5 76844
76845,231,72500,ZCTA5 76845
76848,66,,ZCTA5 76848
76849,3733,58413,ZCTA5 76849
76852,286,78333,ZCTA5 76852
76853,1639,56420,ZCTA5 76853
76854,290,,ZCTA5 76854
76856,3506,80210,ZCTA5 76856
76857,1989,46047,ZCTA5 76857
76858,226,50500,ZCTA5 76858
76859,1728,39730,ZCTA5 76859
76861,2048,68750,ZCTA5 76861
76862,167,56250,ZCTA5 76862
76864,800,43464,ZCTA5 76864
76865,200,54792,ZCTA5 76865
76866,946,62885,ZCTA5 76866
76869,190,,ZCTA5 76869
76870,70,,ZCTA5 76870
76871,561,59375,ZCTA5 76871
76872,798,55000,ZCTA5 76872
76873,89,,ZCTA5 76873
76874,0,,ZCTA5 76874
76875,484,54429,ZCTA5 76875
76877,4509,54406,ZCTA5 76877
76878,1717,49250,ZCTA5 76878
76880,0,,ZCTA5 76880
76882,194,56000,ZCTA5 76882
76884,75,73750,ZCTA5 76884
76885,65,,ZCTA5 76885
76887,68,88854,ZCTA5 76887
76888,127,57566,ZCTA5 76888
76890,902,56008,ZCTA5 76890
76901,31415,62879,ZCTA5 76901
76902,0,,ZCTA5 76902
76903,30955,50077,ZCTA5 76903
76904,37090,81684,ZCTA5 76904
76905,13424,77614,ZCTA5 76905
76908,1943,,ZCTA5 76908
76909,512,,ZCTA5 76909
76930,87,52857,ZCTA5 76930
76932,3308,70319,ZCTA5 76932
76933,1238,53935,ZCTA5 76933
76934,1068,51083,ZCTA5 76934
76935,1721,,ZCTA5 76935
76936,2474,53774,ZCTA5 76936
76937,56,,ZCTA5 76937
76939,0,,ZCTA5 76939
76940,14,,ZCTA5 76940
76941,1237,53315,ZCTA5 76941
76943,2841,64457,ZCTA5 76943
76945,1825,37697,ZCTA5 76945
76950,3386,56889,ZCTA5 76950
76951,1392,63558,ZCTA5 76951
76953,85,,ZCTA5 76953
76955,241,78036,ZCTA5 76955
76957,189,,ZCTA5 76957
76958,241,,ZCTA5 76958
77002,18800,78292,ZCTA5 77002
77003,10169,87618,ZCTA5 77003
77004,35506,68141,ZCTA5 77004
77005,28470,213059,ZCTA5 77005
77006,24006,104375,ZCTA5 77006
77007,42881,140536,ZCTA5 77007
77008,38496,140609,ZCTA5 77008
77009,36872,77817,ZCTA5 77009
77010,837,221776,ZCTA5 77010
77011,16685,44412,ZCTA5 77011
77012,17950,45784,ZCTA5 77012
77013,18512,43492,ZCTA5 77013
77014,37573,54303,ZCTA5 77014
77015,59314,55171,ZCTA5 77015
77016,29376,42186,ZCTA5 77016
77017,32574,53236,ZCTA5 77017
77018,28892,111524,ZCTA5 77018
77019,22839,118172,ZCTA5 77019
77020,25715,46606,ZCTA5 77020
77021,25500,46508,ZCTA5 77021
77022,26903,46525,ZCTA5 77022
77023,25680,47697,ZCTA5 77023
77024,37269,132710,ZCTA5 77024
77025,29295,84274,ZCTA5 77025
77026,20732,33452,ZCTA5 77026
77027,19478,103627,ZCTA5 77027
77028,18669,33403,ZCTA5 77028
77029,16008,49443,ZCTA5 77029
77030,12546,90475,ZCTA5 77030
77031,17351,44412,ZCTA5 77031
77032,13743,38834,ZCTA5 77032
77033,28255,39118,ZCTA5 77033
77034,37273,56772,ZCTA5 77034
77035,34254,52205,ZCTA5 77035
77036,72278,41899,ZCTA5 77036
77037,17585,47381,ZCTA5 77037
77038,32142,47682,ZCTA5 77038
77039,27907,41988,ZCTA5 77039
77040,49762,62685,ZCTA5 77040
77041,31912,84928,ZCTA5 77041
77042,40747,51723,ZCTA5 77042
77043,25900,74320,ZCTA5 77043
77044,54313,87958,ZCTA5 77044
77045,32478,58373,ZCTA5 77045
77046,1254,145567,ZCTA5 77046
77047,33569,70666,ZCTA5 77047
77048,19741,45714,ZCTA5 77048
77049,41035,70736,ZCTA5 77049
77050,5949,30750,ZCTA5 77050
77051,16974,38694,ZCTA5 77051
77053,30175,61750,ZCTA5 77053
77054,26708,56447,ZCTA5 77054
77055,43362,69743,ZCTA5 77055
77056,21941,97097,ZCTA5 77056
77057,45023,68955,ZCTA5 77057
77058,17956,63267,ZCTA5 77058
77059,18370,158958,ZCTA5 77059
77060,46266,37041,ZCTA5 77060
77061,25169,42039,ZCTA5 77061
77062,24561,103477,ZCTA5 77062
77063,39554,51899,ZCTA5 77063
77064,49240,82500,ZCTA5 77064
77065,38994,72816,ZCTA5 77065
77066,39234,76716,ZCTA5 77066
77067,32405,49682,ZCTA5 77067
77068,11451,83990,ZCTA5 77068
77069,20633,72744,ZCTA5 77069
77070,58409,73579,ZCTA5 77070
77071,26990,56559,ZCTA5 77071
77072,61688,50886,ZCTA5 77072
77073,41866,69784,ZCTA5 77073
77074,38624,48196,ZCTA5 77074
77075,41271,71609,ZCTA5 77075
77076,33529,37927,ZCTA5 77076
77077,62933,69782,ZCTA5 77077
77078,14241,40873,ZCTA5 77078
77079,35097,99164,ZCTA5 77079
77080,47661,61659,ZCTA5 77080
77081,52360,40805,ZCTA5 77081
77082,53401,55962,ZCTA5 77082
77083,75004,61979,ZCTA5 77083
77084,108557,75510,ZCTA5 77084
77085,16550,65715,ZCTA5 77085
77086,29705,56200,ZCTA5 77086
77087,35960,50918,ZCTA5 77087
77088,54007,48627,ZCTA5 77088
77089,56988,83648,ZCTA5 77089
77090,40764,49438,ZCTA5 77090
77091,30357,34988,ZCTA5 77091
77092,36320,54494,ZCTA5 77092
77093,48215,37583,ZCTA5 77093
77094,10623,179387,ZCTA5 77094
77095,69644,90690,ZCTA5 77095
77096,33001,79483,ZCTA5 77096
77098,15553,108799,ZCTA5 77098
77099,49541,45691,ZCTA5 77099
77204,4310,,ZCTA5 77204
77301,34299,59452,ZCTA5 77301
77302,19076,85590,ZCTA5 77302
77303,24106,75448,ZCTA5 77303
77304,40317,74182,ZCTA5 77304
77306,16443,65423,ZCTA5 77306
77316,30577,120846,ZCTA5 77316
77318,19127,88162,ZCTA5 77318
77320,38170,50343,ZCTA5 77320
77326,235,,ZCTA5 77326
77327,33673,54022,ZCTA5 77327
77328,17860,55747,ZCTA5 77328
77331,7465,50123,ZCTA5 77331
77334,226,,ZCTA5 77334
77335,3157,52355,ZCTA5 77335
77336,11835,82105,ZCTA5 77336
77338,47997,68239,ZCTA5 77338
77339,43810,81274,ZCTA5 77339
77340,33969,41008,ZCTA5 77340
77341,0,,ZCTA5 77341
77342,0,,ZCTA5 77342
77345,26791,159013,ZCTA5 77345
77346,70704,122321,ZCTA5 77346
77350,134,50000,ZCTA5 77350
77351,34676,59245,ZCTA5 77351
77354,40094,112562,ZCTA5 77354
77355,31593,107714,ZCTA5 77355
77356,29515,112394,ZCTA5 77356
77357,30907,69521,ZCTA5 77357
77358,5013,71966,ZCTA5 77358
77359,265,55331,ZCTA5 77359
77360,5700,58076,ZCTA5 77360
77362,6626,84612,ZCTA5 77362
77363,3177,49946,ZCTA5 77363
77364,2005,53548,ZCTA5 77364
77365,39385,90493,ZCTA5 77365
77367,460,71199,ZCTA5 77367
77368,0,,ZCTA5 77368
77369,598,,ZCTA5 77369
77371,7370,57056,ZCTA5 77371
77372,13364,72749,ZCTA5 77372
77373,64828,83835,ZCTA5 77373
77374,378,81411,ZCTA5 77374
77375,67965,93886,ZCTA5 77375
77376,596,29498,ZCTA5 77376
77377,38188,114943,ZCTA5 77377
77378,18112,66882,ZCTA5 77378
77379,83247,110361,ZCTA5 77379
77380,30034,82383,ZCTA5 77380
77381,36414,143198,ZCTA5 77381
77382,41085,162774,ZCTA5 77382
77384,22958,99884,ZCTA5 77384
77385,26497,109677,ZCTA5 77385
77386,66816,131285,ZCTA5 77386
77388,52127,99591,ZCTA5 77388
77389,43674,142611,ZCTA5 77389
77396,60253,76919,ZCTA5 77396
77401,17233,215197,ZCTA5 77401
77406,63187,139280,ZCTA5 77406
77407,76600,106131,ZCTA5 77407
77412,0,,ZCTA5 77412
77414,24107,54859,ZCTA5 77414
77415,393,71908,ZCTA5 77415
77417,3267,55208,ZCTA5 77417
77418,10384,79444,ZCTA5 77418
77419,746,45614,ZCTA5 77419
77420,2313,57266,ZCTA5 77420
77422,14302,68937,ZCTA5 77422
77423,15627,85082,ZCTA5 77423
77426,2086,94091,ZCTA5 77426
77428,94,,ZCTA5 77428
77429,90790,123172,ZCTA5 77429
77430,1718,106094,ZCTA5 77430
77431,345,16513,ZCTA5 77431
77432,0,,ZCTA5 77432
77433,107887,134390,ZCTA5 77433
77434,4103,60227,ZCTA5 77434
77435,4242,62701,ZCTA5 77435
77436,0,,ZCTA5 77436
77437,18466,63810,ZCTA5 77437
77440,121,,ZCTA5 77440
77441,27067,170261,ZCTA5 77441
77442,1451,56042,ZCTA5 77442
77443,114,,ZCTA5 77443
77444,809,,ZCTA5 77444
77445,14680,57217,ZCTA5 77445
77446,6276,33466,ZCTA5 77446
77447,19196,100250,ZCTA5 77447
77448,186,,ZCTA5 77448
77449,122098,82300,ZCTA5 77449
77450,72651,103245,ZCTA5 77450
77451,472,55417,ZCTA5 77451
77453,187,,ZCTA5 77453
77454,159,,ZCTA5 77454
77455,1962,61401,ZCTA5 77455
77456,1345,58443,ZCTA5 77456
77457,526,34531,ZCTA5 77457
77458,13,,ZCTA5 77458
77459,79937,128851,ZCTA5 77459
77460,132,,ZCTA5 77460
77461,12719,69766,ZCTA5 77461
77464,411,54583,ZCTA5 77464
77465,7272,65515,ZCTA5 77465
77466,335,45588,ZCTA5 77466
77467,0,,ZCTA5 77467
77468,0,,ZCTA5 77468
77469,60971,98210,ZCTA5 77469
77470,404,48478,ZCTA5 77470
77471,43116,67743,ZCTA5 77471
77473,24,,ZCTA5 77473
77474,14819,74139,ZCTA5 77474
77475,446,58255,ZCTA5 77475
77476,270,65491,ZCTA5 77476
77477,33771,71746,ZCTA5 77477
77478,23105,110032,ZCTA5 77478
77479,91618,154658,ZCTA5 77479
77480,8017,76445,ZCTA5 77480
77481,103,,ZCTA5 77481
77482,1403,71359,ZCTA5 77482
77483,319,,ZCTA5 77483
77484,13661,72485,ZCTA5 77484
77485,3454,46528,ZCTA5 77485
77486,7689,88809,ZCTA5 77486
77488,14205,53167,ZCTA5 77488
77489,37748,71858,ZCTA5 77489
77493,55317,110220,ZCTA5 77493
77494,130920,144444,ZCTA5 77494
77498,54402,93703,ZCTA5 77498
77502,36374,58714,ZCTA5 77502
77503,23248,67697,ZCTA5 77503
77504,25401,52620,ZCTA5 77504
77505,23179,90917,ZCTA5 77505
77506,37561,51810,ZCTA5 77506
77507,561,70406,ZCTA5 77507
77510,13506,92344,ZCTA5 77510
77511,50799,74466,ZCTA5 77511
77514,5541,61569,ZCTA5 77514
77515,33406,84443,ZCTA5 77515
77517,6160,81618,ZCTA5 77517
77518,10313,52246,ZCTA5 77518
77519,561,90571,ZCTA5 77519
77520,36488,53226,ZCTA5 77520
77521,66215,74948,ZCTA5 77521
77523,27489,131444,ZCTA5 77523
77530,31304,62455,ZCTA5 77530
77531,15842,69676,ZCTA5 77531
77532,31384,91471,ZCTA5 77532
77533,1059,56466,ZCTA5 77533
77534,3210,100483,ZCTA5 77534
77535,36841,77148,ZCTA5 77535
77536,33111,90468,ZCTA5 77536
77538,987,75294,ZCTA5 77538
77539,47240,83707,ZCTA5 77539
77541,17087,55237,ZCTA5 77541
77545,25988,89784,ZCTA5 77545
77546,53830,117118,ZCTA5 77546
77547,9336,41485,ZCTA5 77547
77550,23215,47366,ZCTA5 77550
77551,22521,56620,ZCTA5 77551
77554,9825,86912,ZCTA5 77554
77555,3,,ZCTA5 77555
77560,1079,95486,ZCTA5 77560
77561,45,,ZCTA5 77561
77562,9793,64225,ZCTA5 77562
77563,10382,77917,ZCTA5 77563
77564,1907,48315,ZCTA5 77564
77565,6493,81921,ZCTA5 77565
77566,30538,91806,ZCTA5 77566
77568,20417,63806,ZCTA5 77568
77571,37346,80778,ZCTA5 77571
77573,95704,119948,ZCTA5 77573
77575,16392,51285,ZCTA5 77575
77577,1106,61006,ZCTA5 77577
77578,24322,126498,ZCTA5 77578
77580,0,,ZCTA5 77580
77581,50554,105053,ZCTA5 77581
77582,363,98929,ZCTA5 77582
77583,44443,110852,ZCTA5 77583
77584,90364,112994,ZCTA5 77584
77585,1036,,ZCTA5 77585
77586,23802,105076,ZCTA5 77586
77587,16185,50925,ZCTA5 77587
77590,33347,57293,ZCTA5 77590
77591,15914,62135,ZCTA5 77591
77597,398,,ZCTA5 77597
77598,26635,56551,ZCTA5 77598
77611,9814,98718,ZCTA5 77611
77612,9725,59666,ZCTA5 77612
77613,855,51786,ZCTA5 77613
77614,493,28698,ZCTA5 77614
77615,339,59688,ZCTA5 77615
77616,686,,ZCTA5 77616
77617,38,70536,ZCTA5 77617
77619,17110,64737,ZCTA5 77619
77622,1990,117779,ZCTA5 77622
77623,515,64318,ZCTA5 77623
77624,644,47917,ZCTA5 77624
77625,8274,67942,ZCTA5 77625
77627,22180,75461,ZCTA5 77627
77629,576,53527,ZCTA5 77629
77630,29160,61223,ZCTA5 77630
77632,21451,83679,ZCTA5 77632
77640,16896,49122,ZCTA5 77640
77642,38720,42076,ZCTA5 77642
77650,2073,61211,ZCTA5 77650
77651,13635,85086,ZCTA5 77651
77655,294,68472,ZCTA5 77655
77656,17280,61286,ZCTA5 77656
77657,21084,86611,ZCTA5 77657
77659,6305,93780,ZCTA5 77659
77660,1111,52647,ZCTA5 77660
77661,371,,ZCTA5 77661
77662,25849,68901,ZCTA5 77662
77663,888,,ZCTA5 77663
77664,2621,64643,ZCTA5 77664
77665,6593,70564,ZCTA5 77665
77701,12955,46653,ZCTA5 77701
77702,3234,61042,ZCTA5 77702
77703,11704,27972,ZCTA5 77703
77705,38228,47311,ZCTA5 77705
77706,29693,70772,ZCTA5 77706
77707,18124,64545,ZCTA5 77707
77708,13284,56151,ZCTA5 77708
77713,14458,84710,ZCTA5 77713
77801,15163,30849,ZCTA5 77801
77802,24226,65150,ZCTA5 77802
77803,32130,51914,ZCTA5 77803
77807,12949,71966,ZCTA5 77807
77808,14666,92868,ZCTA5 77808
77830,2815,103635,ZCTA5 77830
77831,3095,58250,ZCTA5 77831
77833,28884,63474,ZCTA5 77833
77835,2912,80385,ZCTA5 77835
77836,12042,75357,ZCTA5 77836
77837,1439,53523,ZCTA5 77837
77840,53891,30049,ZCTA5 77840
77843,7591,,ZCTA5 77843
77845,73969,87391,ZCTA5 77845
77852,14,,ZCTA5 77852
77853,1009,55238,ZCTA5 77853
77855,64,,ZCTA5 77855
77856,4748,84940,ZCTA5 77856
77857,1033,55417,ZCTA5 77857
77859,7220,49817,ZCTA5 77859
77861,2921,67113,ZCTA5 77861
77863,348,,ZCTA5 77863
77864,7565,67574,ZCTA5 77864
77865,2141,84602,ZCTA5 77865
77866,0,,ZCTA5 77866
77867,211,29531,ZCTA5 77867
77868,17559,59534,ZCTA5 77868
77871,2528,56544,ZCTA5 77871
77872,2327,76250,ZCTA5 77872
77873,1287,76705,ZCTA5 77873
77875,0,,ZCTA5 77875
77876,175,67457,ZCTA5 77876
77878,705,47403,ZCTA5 77878
77879,4876,69636,ZCTA5 77879
77880,2041,87324,ZCTA5 77880
77882,36,,ZCTA5 77882
77901,40137,52823,ZCTA5 77901
77904,29761,85410,ZCTA5 77904
77905,16500,77146,ZCTA5 77905
77950,156,55455,ZCTA5 77950
77951,1246,24331,ZCTA5 77951
77954,10918,61382,ZCTA5 77954
77957,8492,63750,ZCTA5 77957
77960,55,,ZCTA5 77960
77961,137,,ZCTA5 77961
77962,3813,79004,ZCTA5 77962
77963,5246,55313,ZCTA5 77963
77964,7911,60435,ZCTA5 77964
77968,3220,77794,ZCTA5 77968
77969,224,78125,ZCTA5 77969
77970,273,83542,ZCTA5 77970
77971,854,56124,ZCTA5 77971
77973,23,,ZCTA5 77973
77974,565,59000,ZCTA5 77974
77975,1643,55533,ZCTA5 77975
77976,49,,ZCTA5 77976
77977,536,22500,ZCTA5 77977
77978,458,90625,ZCTA5 77978
77979,16607,60782,ZCTA5 77979
77982,791,91150,ZCTA5 77982
77983,2337,80541,ZCTA5 77983
77984,4365,84177,ZCTA5 77984
77986,16,,ZCTA5 77986
77987,146,109375,ZCTA5 77987
77988,161,61913,ZCTA5 77988
77990,962,74250,ZCTA5 77990
77991,526,119531,ZCTA5 77991
77993,214,,ZCTA5 77993
77994,430,81544,ZCTA5 77994
77995,10890,54300,ZCTA5 77995
78001,0,,ZCTA5 78001
78002,8047,64792,ZCTA5 78002
78003,8940,63052,ZCTA5 78003
78004,610,137598,ZCTA5 78004
78005,1421,66093,ZCTA5 78005
78006,41236,107803,ZCTA5 78006
78007,196,62143,ZCTA5 78007
78008,365,,ZCTA5 78008
78009,9202,98732,ZCTA5 78009
78010,4174,73682,ZCTA5 78010
78011,1608,27193,ZCTA5 78011
78012,253,46000,ZCTA5 78012
78013,5169,75838,ZCTA5 78013
78014,5245,67994,ZCTA5 78014
78015,21583,146838,ZCTA5 78015
78016,11345,56205,ZCTA5 78016
78017,5471,72188,ZCTA5 78017
78019,1877,49306,ZCTA5 78019
78021,5,,ZCTA5 78021
78022,4724,57833,ZCTA5 78022
78023,28195,129145,ZCTA5 78023
78024,1190,71386,ZCTA5 78024
78025,5264,64340,ZCTA5 78025
78026,6426,74047,ZCTA5 78026
78027,460,103194,ZCTA5 78027
78028,39906,64768,ZCTA5 78028
78029,0,,ZCTA5 78029
78039,2193,69669,ZCTA5 78039
78040,36727,33819,ZCTA5 78040
78041,47594,61696,ZCTA5 78041
78043,44443,54816,ZCTA5 78043
78044,397,,ZCTA5 78044
78045,67686,85219,ZCTA5 78045
78046,69422,51667,ZCTA5 78046
78050,713,92679,ZCTA5 78050
78052,6339,69583,ZCTA5 78052
78055,2036,67560,ZCTA5 78055
78056,2096,115885,ZCTA5 78056
78057,556,,ZCTA5 78057
78058,871,98661,ZCTA5 78058
78059,6106,72648,ZCTA5 78059
78061,10892,45783,ZCTA5 78061
78062,0,,ZCTA5 78062
78063,10309,78149,ZCTA5 78063
78064,15969,71180,ZCTA5 78064
78065,11741,59450,ZCTA5 78065
78066,707,88532,ZCTA5 78066
78067,811,69181,ZCTA5 78067
78069,7124,73355,ZCTA5 78069
78070,18529,99219,ZCTA5 78070
78071,3837,45426,ZCTA5 78071
78072,437,53056,ZCTA5 78072
78073,9219,64375,ZCTA5 78073
78074,69,,ZCTA5 78074
78075,154,,ZCTA5 78075
78076,13037,34779,ZCTA5 78076
78101,8863,83052,ZCTA5 78101
78102,26887,51147,ZCTA5 78102
78104,86,66771,ZCTA5 78104
78107,310,,ZCTA5 78107
78108,46463,111863,ZCTA5 78108
78109,52507,81152,ZCTA5 78109
78111,0,,ZCTA5 78111
78112,10234,55481,ZCTA5 78112
78113,2691,87865,ZCTA5 78113
78114,23351,83511,ZCTA5 78114
78116,220,,ZCTA5 78116
78117,667,84479,ZCTA5 78117
78118,4147,61577,ZCTA5 78118
78119,7147,,ZCTA5 78119
78121,14461,114338,ZCTA5 78121
78122,207,148125,ZCTA5 78122
78123,2310,92004,ZCTA5 78123
78124,7250,78571,ZCTA5 78124
78125,21,24167,ZCTA5 78125
78130,91275,82896,ZCTA5 78130
78132,37386,119561,ZCTA5 78132
78133,22120,78674,ZCTA5 78133
78140,3889,66940,ZCTA5 78140
78141,850,45104,ZCTA5 78141
78142,35,36042,ZCTA5 78142
78143,191,,ZCTA5 78143
78144,0,,ZCTA5 78144
78145,81,45313,ZCTA5 78145
78146,798,,ZCTA5 78146
78147,1709,69917,ZCTA5 78147
78148,22236,71368,ZCTA5 78148
78150,0,,ZCTA5 78150
78151,1592,38225,ZCTA5 78151
78152,2969,113205,ZCTA5 78152
78154,40535,95422,ZCTA5 78154
78155,52295,68430,ZCTA5 78155
78159,587,32000,ZCTA5 78159
78160,5008,81649,ZCTA5 78160
78161,519,52552,ZCTA5 78161
78162,343,44091,ZCTA5 78162
78163,15389,127650,ZCTA5 78163
78164,3397,58750,ZCTA5 78164
78201,45355,40356,ZCTA5 78201
78202,9695,39759,ZCTA5 78202
78203,5174,32500,ZCTA5 78203
78204,11969,47620,ZCTA5 78204
78205,1741,36746,ZCTA5 78205
78207,51381,28500,ZCTA5 78207
78208,4186,23864,ZCTA5 78208
78209,43184,79914,ZCTA5 78209
78210,33413,50169,ZCTA5 78210
78211,31433,50183,ZCTA5 78211
78212,26911,58029,ZCTA5 78212
78213,42321,51118,ZCTA5 78213
78214,22914,38591,ZCTA5 78214
78215,3231,77725,ZCTA5 78215
78216,42379,54394,ZCTA5 78216
78217,32152,53795,ZCTA5 78217
78218,37122,52151,ZCTA5 78218
78219,16442,49534,ZCTA5 78219
78220,16919,39694,ZCTA5 78220
78221,40272,57209,ZCTA5 78221
78222,24866,66836,ZCTA5 78222
78223,55063,45687,ZCTA5 78223
78224,20965,53841,ZCTA5 78224
78225,13802,43883,ZCTA5 78225
78226,7357,30669,ZCTA5 78226
78227,45553,45396,ZCTA5 78227
78228,57172,46736,ZCTA5 78228
78229,34082,44574,ZCTA5 78229
78230,42387,69171,ZCTA5 78230
78231,9972,106719,ZCTA5 78231
78232,36169,85029,ZCTA5 78232
78233,47172,68157,ZCTA5 78233
78234,5534,85903,ZCTA5 78234
78235,2548,60202,ZCTA5 78235
78236,8154,73750,ZCTA5 78236
78237,38492,38447,ZCTA5 78237
78238,25900,54287,ZCTA5 78238
78239,30482,71721,ZCTA5 78239
78240,57532,61241,ZCTA5 78240
78242,36404,45589,ZCTA5 78242
78243,299,,ZCTA5 78243
78244,36234,64968,ZCTA5 78244
78245,92770,83005,ZCTA5 78245
78247,49888,84283,ZCTA5 78247
78248,13366,125089,ZCTA5 78248
78249,60769,78836,ZCTA5 78249
78250,59434,80403,ZCTA5 78250
78251,62064,74572,ZCTA5 78251
78252,15624,80270,ZCTA5 78252
78253,63735,104951,ZCTA5 78253
78254,76945,108322,ZCTA5 78254
78255,18149,149188,ZCTA5 78255
78256,12195,70177,ZCTA5 78256
78257,9783,74437,ZCTA5 78257
78258,48344,110635,ZCTA5 78258
78259,26568,98399,ZCTA5 78259
78260,35972,136602,ZCTA5 78260
78261,25729,127813,ZCTA5 78261
78263,5642,91224,ZCTA5 78263
78264,12545,48870,ZCTA5 78264
78266,6913,132024,ZCTA5 78266
78330,489,53077,ZCTA5 78330
78332,27003,44499,ZCTA5 78332
78336,11774,57699,ZCTA5 78336
78338,0,,ZCTA5 78338
78339,316,,ZCTA5 78339
78340,396,52857,ZCTA5 78340
78341,1508,55469,ZCTA5 78341
78342,363,50125,ZCTA5 78342
78343,4554,56150,ZCTA5 78343
78344,488,80583,ZCTA5 78344
78347,24,,ZCTA5 78347
78349,568,33750,ZCTA5 78349
78351,652,35697,ZCTA5 78351
78352,235,,ZCTA5 78352
78353,381,36477,ZCTA5 78353
78355,7080,30874,ZCTA5 78355
78357,2817,61875,ZCTA5 78357
78358,832,45859,ZCTA5 78358
78359,2122,34691,ZCTA5 78359
78360,0,,ZCTA5 78360
78361,4830,42292,ZCTA5 78361
78362,10737,75384,ZCTA5 78362
78363,29246,51908,ZCTA5 78363
78368,8989,40153,ZCTA5 78368
78369,220,,ZCTA5 78369
78370,5350,61350,ZCTA5 78370
78371,130,39063,ZCTA5 78371
78372,4999,52083,ZCTA5 78372
78373,3242,80250,ZCTA5 78373
78374,20037,82791,ZCTA5 78374
78375,3238,46529,ZCTA5 78375
78376,258,61346,ZCTA5 78376
78377,3296,45884,ZCTA5 78377
78379,1597,66019,ZCTA5 78379
78380,24055,57188,ZCTA5 78380
78382,19425,59131,ZCTA5 78382
78383,4374,68996,ZCTA5 78383
78384,5510,44324,ZCTA5 78384
78385,116,45455,ZCTA5 78385
78387,9148,47951,ZCTA5 78387
78389,2097,41295,ZCTA5 78389
78390,5737,62500,ZCTA5 78390
78391,150,67857,ZCTA5 78391
78393,1966,57440,ZCTA5 78393
78401,4583,29968,ZCTA5 78401
78402,308,52560,ZCTA5 78402
78404,14873,56488,ZCTA5 78404
78405,14901,34063,ZCTA5 78405
78406,2240,49653,ZCTA5 78406
78407,1796,50933,ZCTA5 78407
78408,10104,40910,ZCTA5 78408
78409,2424,62926,ZCTA5 78409
78410,28167,82467,ZCTA5 78410
78411,23492,58667,ZCTA5 78411
78412,40398,57503,ZCTA5 78412
78413,35750,72849,ZCTA5 78413
78414,48891,95423,ZCTA5 78414
78415,42831,51970,ZCTA5 78415
78416,13865,44320,ZCTA5 78416
78417,4542,56325,ZCTA5 78417
78418,29626,89769,ZCTA5 78418
78419,553,77750,ZCTA5 78419
78501,59954,47809,ZCTA5 78501
78503,21799,44879,ZCTA5 78503
78504,60999,71648,ZCTA5 78504
78516,34469,50282,ZCTA5 78516
78520,62344,45093,ZCTA5 78520
78521,87040,38633,ZCTA5 78521
78526,59547,66339,ZCTA5 78526
78535,633,37838,ZCTA5 78535
78536,404,41136,ZCTA5 78536
78537,51034,35214,ZCTA5 78537
78538,10091,41081,ZCTA5 78538
78539,37182,60202,ZCTA5 78539
78540,0,,ZCTA5 78540
78541,48558,45738,ZCTA5 78541
78542,83925,51979,ZCTA5 78542
78543,8614,46624,ZCTA5 78543
78545,444,21875,ZCTA5 78545
78547,358,11125,ZCTA5 78547
78548,1384,39306,ZCTA5 78548
78549,838,,ZCTA5 78549
78550,54441,46341,ZCTA5 78550
78552,40824,62235,ZCTA5 78552
78557,14075,45919,ZCTA5 78557
78558,533,,ZCTA5 78558
78559,12973,42861,ZCTA5 78559
78560,4500,51637,ZCTA5 78560
78561,900,26339,ZCTA5 78561
78562,3157,58846,ZCTA5 78562
78563,62,65476,ZCTA5 78563
78564,48,,ZCTA5 78564
78565,57,,ZCTA5 78565
78566,24232,55121,ZCTA5 78566
78567,484,36250,ZCTA5 78567
78569,4133,53150,ZCTA5 78569
78570,35043,38396,ZCTA5 78570
78572,76753,50562,ZCTA5 78572
78573,43555,47038,ZCTA5 78573
78574,63165,45379,ZCTA5 78574
78575,4649,69971,ZCTA5 78575
78576,13466,39956,ZCTA5 78576
78577,79496,44871,ZCTA5 78577
78578,10540,49396,ZCTA5 78578
78579,3063,27941,ZCTA5 78579
78580,13344,44362,ZCTA5 78580
78582,44988,40221,ZCTA5 78582
78583,6384,59217,ZCTA5 78583
78584,17721,29398,ZCTA5 78584
78585,0,,ZCTA5 78585
78586,49504,42515,ZCTA5 78586
78588,124,,ZCTA5 78588
78589,40115,50099,ZCTA5 78589
78590,711,32857,ZCTA5 78590
78591,270,,ZCTA5 78591
78592,587,30156,ZCTA5 78592
78593,5015,34773,ZCTA5 78593
78594,1398,23258,ZCTA5 78594
78595,6128,46125,ZCTA5 78595
78596,36545,53097,ZCTA5 78596
78597,2386,62557,ZCTA5 78597
78598,108,23523,ZCTA5 78598
78599,35999,56566,ZCTA5 78599
78602,34978,82500,ZCTA5 78602
78605,7463,79092,ZCTA5 78605
78606,6942,89688,ZCTA5 78606
78607,208,54531,ZCTA5 78607
78608,298,90500,ZCTA5 78608
78609,1880,67578,ZCTA5 78609
78610,44410,103562,ZCTA5 78610
78611,13815,74098,ZCTA5 78611
78612,19354,81275,ZCTA5 78612
78613,88189,116893,ZCTA5 78613
78614,302,58553,ZCTA5 78614
78615,1781,73462,ZCTA5 78615
78616,8821,68191,ZCTA5 78616
78617,29244,74773,ZCTA5 78617
78618,310,84688,ZCTA5 78618
78619,6067,171398,ZCTA5 78619
78620,19893,138639,ZCTA5 78620
78621,26133,92103,ZCTA5 78621
78622,353,64583,ZCTA5 78622
78623,1094,100000,ZCTA5 78623
78624,23538,71082,ZCTA5 78624
78626,40758,94927,ZCTA5 78626
78628,41428,111491,ZCTA5 78628
78629,12054,64807,ZCTA5 78629
78631,2818,66875,ZCTA5 78631
78632,1188,63173,ZCTA5 78632
78633,27292,95510,ZCTA5 78633
78634,41099,105023,ZCTA5 78634
78635,73,,ZCTA5 78635
78636,3582,65313,ZCTA5 78636
78638,1982,60000,ZCTA5 78638
78639,8274,55870,ZCTA5 78639
78640,68265,83735,ZCTA5 78640
78641,87106,124614,ZCTA5 78641
78642,20699,117490,ZCTA5 78642
78643,6811,64451,ZCTA5 78643
78644,20088,70496,ZCTA5 78644
78645,14344,107736,ZCTA5 78645
78648,8250,55406,ZCTA5 78648
78650,2807,62125,ZCTA5 78650
78652,5199,126333,ZCTA5 78652
78653,32884,95651,ZCTA5 78653
78654,19379,65503,ZCTA5 78654
78655,3671,53750,ZCTA5 78655
78656,2631,56923,ZCTA5 78656
78657,6958,81518,ZCTA5 78657
78658,78,,ZCTA5 78658
78659,2782,82635,ZCTA5 78659
78660,113386,105874,ZCTA5 78660
78661,437,,ZCTA5 78661
78662,3035,67756,ZCTA5 78662
78663,599,150593,ZCTA5 78663
78664,62168,83599,ZCTA5 78664
78665,61640,113365,ZCTA5 78665
78666,86530,52432,ZCTA5 78666
78669,10802,125600,ZCTA5 78669
78670,156,82589,ZCTA5 78670
78671,755,32093,ZCTA5 78671
78672,687,46033,ZCTA5 78672
78674,233,89500,ZCTA5 78674
78675,96,33068,ZCTA5 78675
78676,15321,86122,ZCTA5 78676
78677,12,,ZCTA5 78677
78681,57760,123948,ZCTA5 78681
78701,10659,148049,ZCTA5 78701
78702,25723,87342,ZCTA5 78702
78703,22669,139617,ZCTA5 78703
78704,50250,89258,ZCTA5 78704
78705,32644,24126,ZCTA5 78705
78712,210,,ZCTA5 78712
78717,34499,136960,ZCTA5 78717
78719,1511,53712,ZCTA5 78719
78721,10445,80573,ZCTA5 78721
78722,6308,92543,ZCTA5 78722
78723,37000,81986,ZCTA5 78723
78724,28331,69925,ZCTA5 78724
78725,9896,94603,ZCTA5 78725
78726,13696,96352,ZCTA5 78726
78727,30601,104347,ZCTA5 78727
78728,27111,70092,ZCTA5 78728
78729,31309,78889,ZCTA5 78729
78730,9746,141794,ZCTA5 78730
78731,26314,98555,ZCTA5 78731
78732,19311,187286,ZCTA5 78732
78733,9014,193786,ZCTA5 78733
78734,21685,125074,ZCTA5 78734
78735,19793,118593,ZCTA5 78735
78736,9352,96385,ZCTA5 78736
78737,24951,151635,ZCTA5 78737
78738,28613,158194,ZCTA5 78738
78739,19907,205821,ZCTA5 78739
78741,45780,59049,ZCTA5 78741
78742,1241,67500,ZCTA5 78742
78744,49452,74702,ZCTA5 78744
78745,61322,80437,ZCTA5 78745
78746,28329,174367,ZCTA5 78746
78747,21253,90704,ZCTA5 78747
78748,53550,94143,ZCTA5 78748
78749,34714,118174,ZCTA5 78749
78750,28564,118186,ZCTA5 78750
78751,16326,75972,ZCTA5 78751
78752,22599,62931,ZCTA5 78752
78753,59951,60045,ZCTA5 78753
78754,31110,88382,ZCTA5 78754
78756,9816,97264,ZCTA5 78756
78757,25183,96667,ZCTA5 78757
78758,51185,68322,ZCTA5 78758
78759,45400,97688,ZCTA5 78759
78801,21248,54375,ZCTA5 78801
78802,0,,ZCTA5 78802
78827,742,28438,ZCTA5 78827
78828,83,66250,ZCTA5 78828
78829,1124,35132,ZCTA5 78829
78830,479,32188,ZCTA5 78830
78832,3157,52386,ZCTA5 78832
78833,1261,38250,ZCTA5 78833
78834,7386,26508,ZCTA5 78834
78836,65,67396,ZCTA5 78836
78837,128,,ZCTA5 78837
78838,105,,ZCTA5 78838
78839,7415,57083,ZCTA5 78839
78840,47030,57201,ZCTA5 78840
78841,0,,ZCTA5 78841
78842,0,,ZCTA5 78842
78843,459,,ZCTA5 78843
78850,827,75667,ZCTA5 78850
78851,61,,ZCTA5 78851
78852,56745,48911,ZCTA5 78852
78860,0,,ZCTA5 78860
78861,13131,60216,ZCTA5 78861
78870,1302,70411,ZCTA5 78870
78871,32,,ZCTA5 78871
78872,1161,38063,ZCTA5 78872
78873,1278,59091,ZCTA5 78873
78877,1061,39785,ZCTA5 78877
78879,291,71250,ZCTA5 78879
78880,1269,36563,ZCTA5 78880
78881,1415,34259,ZCTA5 78881
78883,267,72539,ZCTA5 78883
78884,1068,73583,ZCTA5 78884
78885,100,78750,ZCTA5 78885
78886,393,118125,ZCTA5 78886
78931,210,,ZCTA5 78931
78932,486,68214,ZCTA5 78932
78933,1120,68125,ZCTA5 78933
78934,6478,64375,ZCTA5 78934
78935,594,,ZCTA5 78935
78938,221,62917,ZCTA5 78938
78940,2071,86604,ZCTA5 78940
78941,3430,70588,ZCTA5 78941
78942,9746,66184,ZCTA5 78942
78943,304,,ZCTA5 78943
78944,676,119038,ZCTA5 78944
78945,10718,70035,ZCTA5 78945
78946,931,70458,ZCTA5 78946
78947,4818,73984,ZCTA5 78947
78948,689,,ZCTA5 78948
78949,662,86410,ZCTA5 78949
78950,2376,98391,ZCTA5 78950
78951,0,,ZCTA5 78951
78953,1145,84802,ZCTA5 78953
78954,1272,97857,ZCTA5 78954
78956,5067,65744,ZCTA5 78956
78957,9887,63732,ZCTA5 78957
78959,1601,57610,ZCTA5 78959
78962,5202,71755,ZCTA5 78962
78963,608,87105,ZCTA5 78963
79001,210,128750,ZCTA5 79001
79002,33,93750,ZCTA5 79002
79003,132,86250,ZCTA5 79003
79005,1669,67462,ZCTA5 79005
79007,13928,58524,ZCTA5 79007
79008,0,,ZCTA5 79008
79009,1627,40908,ZCTA5 79009
79010,423,97708,ZCTA5 79010
79011,214,80125,ZCTA5 79011
79012,0,,ZCTA5 79012
79013,3019,49013,ZCTA5 79013
79014,3195,67411,ZCTA5 79014
79015,22659,86793,ZCTA5 79015
79016,600,,ZCTA5 79016
79018,399,54375,ZCTA5 79018
79019,1800,70167,ZCTA5 79019
79021,72,74375,ZCTA5 79021
79022,10672,75880,ZCTA5 79022
79024,339,68750,ZCTA5 79024
79025,13,,ZCTA5 79025
79027,4720,63933,ZCTA5 79027
79029,15358,65101,ZCTA5 79029
79031,1263,50455,ZCTA5 79031
79032,114,48194,ZCTA5 79032
79033,26,,ZCTA5 79033
79034,510,80625,ZCTA5 79034
79035,5439,77938,ZCTA5 79035
79036,5147,72963,ZCTA5 79036
79039,695,52269,ZCTA5 79039
79040,2271,77933,ZCTA5 79040
79041,2612,55331,ZCTA5 79041
79042,1103,56607,ZCTA5 79042
79043,1634,53018,ZCTA5 79043
79044,662,52366,ZCTA5 79044
79045,18597,52124,ZCTA5 79045
79046,588,91875,ZCTA5 79046
79051,4,,ZCTA5 79051
79052,1157,57646,ZCTA5 79052
79053,95,40000,ZCTA5 79053
79054,551,68750,ZCTA5 79054
79056,65,,ZCTA5 79056
79057,1167,66000,ZCTA5 79057
79058,0,,ZCTA5 79058
79059,645,59375,ZCTA5 79059
79061,328,81563,ZCTA5 79061
79062,330,,ZCTA5 79062
79063,629,72708,ZCTA5 79063
79064,2371,60625,ZCTA5 79064
79065,19549,54351,ZCTA5 79065
79066,12,,ZCTA5 79066
79068,3269,84310,ZCTA5 79068
79070,9693,62077,ZCTA5 79070
79072,25747,49104,ZCTA5 79072
79073,16,,ZCTA5 79073
79078,150,,ZCTA5 79078
79079,2409,50066,ZCTA5 79079
79080,437,39286,ZCTA5 79080
79081,3257,63333,ZCTA5 79081
79082,197,,ZCTA5 79082
79083,1715,56250,ZCTA5 79083
79084,1402,53462,ZCTA5 79084
79085,0,,ZCTA5 79085
79086,3420,56667,ZCTA5 79086
79087,838,63008,ZCTA5 79087
79088,5355,32976,ZCTA5 79088
79091,70,,ZCTA5 79091
79092,1277,72829,ZCTA5 79092
79093,127,75147,ZCTA5 79093
79094,12,,ZCTA5 79094
79095,2736,51395,ZCTA5 79095
79096,2001,66037,ZCTA5 79096
79097,1063,113125,ZCTA5 79097
79098,450,38105,ZCTA5 79098
79101,2498,38291,ZCTA5 79101
79102,8805,47878,ZCTA5 79102
79103,10961,53879,ZCTA5 79103
79104,6253,45119,ZCTA5 79104
79106,27992,50271,ZCTA5 79106
79107,38441,38047,ZCTA5 79107
79108,11161,60115,ZCTA5 79108
79109,42659,67831,ZCTA5 79109
79110,18844,63647,ZCTA5 79110
79111,1854,67375,ZCTA5 79111
79118,26937,82990,ZCTA5 79118
79119,22371,94044,ZCTA5 79119
79121,5696,73375,ZCTA5 79121
79124,11207,101604,ZCTA5 79124
79201,6799,55938,ZCTA5 79201
79220,212,45750,ZCTA5 79220
79223,103,,ZCTA5 79223
79225,901,69659,ZCTA5 79225
79226,2713,49318,ZCTA5 79226
79227,1125,42237,ZCTA5 79227
79229,255,42917,ZCTA5 79229
79230,60,48393,ZCTA5 79230
79231,20,,ZCTA5 79231
79233,96,,ZCTA5 79233
79234,106,78523,ZCTA5 79234
79235,3152,48140,ZCTA5 79235
79236,189,59375,ZCTA5 79236
79237,429,78194,ZCTA5 79237
79239,104,31250,ZCTA5 79239
79240,249,125625,ZCTA5 79240
79241,2138,54125,ZCTA5 79241
79243,21,26786,ZCTA5 79243
79244,789,71513,ZCTA5 79244
79245,2227,44095,ZCTA5 79245
79247,23,,ZCTA5 79247
79248,1520,37500,ZCTA5 79248
79250,1136,43438,ZCTA5 79250
79251,32,,ZCTA5 79251
79252,2702,59244,ZCTA5 79252
79255,412,49583,ZCTA5 79255
79256,288,36382,ZCTA5 79256
79257,854,32800,ZCTA5 79257
79258,8,,ZCTA5 79258
79259,58,,ZCTA5 79259
79261,381,57188,ZCTA5 79261
79311,3705,63958,ZCTA5 79311
79312,1176,53646,ZCTA5 79312
79313,1451,57619,ZCTA5 79313
79314,104,,ZCTA5 79314
79316,10109,41698,ZCTA5 79316
79322,1877,49432,ZCTA5 79322
79323,7275,71723,ZCTA5 79323
79324,4,,ZCTA5 79324
79325,2374,74875,ZCTA5 79325
79326,59,,ZCTA5 79326
79329,3306,69725,ZCTA5 79329
79330,60,121429,ZCTA5 79330
79331,11619,42500,ZCTA5 79331
79336,15489,51257,ZCTA5 79336
79339,6704,49444,ZCTA5 79339
79342,362,98068,ZCTA5 79342
79343,1443,61250,ZCTA5 79343
79344,0,,ZCTA5 79344
79345,1059,64688,ZCTA5 79345
79346,1790,39850,ZCTA5 79346
79347,7182,70509,ZCTA5 79347
79350,398,44563,ZCTA5 79350
79351,1100,60833,ZCTA5 79351
79353,23,111875,ZCTA5 79353
79355,1573,79340,ZCTA5 79355
79356,5654,52870,ZCTA5 79356
79357,1936,55938,ZCTA5 79357
79358,1412,75417,ZCTA5 79358
79359,3321,53750,ZCTA5 79359
79360,16858,81607,ZCTA5 79360
79363,5506,77264,ZCTA5 79363
79364,7541,57151,ZCTA5 79364
79366,1073,120156,ZCTA5 79366
79367,598,44464,ZCTA5 79367
79369,47,,ZCTA5 79369
79370,1166,46797,ZCTA5 79370
79371,1387,68650,ZCTA5 79371
79372,1483,61563,ZCTA5 79372
79373,2897,50758,ZCTA5 79373
79376,112,,ZCTA5 79376
79377,322,36932,ZCTA5 79377
79378,234,112941,ZCTA5 79378
79379,698,58750,ZCTA5 79379
79380,83,51875,ZCTA5 79380
79381,1500,63688,ZCTA5 79381
79382,8999,82981,ZCTA5 79382
79383,85,,ZCTA5 79383
79401,9431,23400,ZCTA5 79401
79402,0,,ZCTA5 79402
79403,16194,41582,ZCTA5 79403
79404,8935,45653,ZCTA5 79404
79406,7765,,ZCTA5 79406
79407,23177,61563,ZCTA5 79407
79410,10502,44650,ZCTA5 79410
79411,6437,39259,ZCTA5 79411
79412,15161,44610,ZCTA5 79412
79413,23523,65719,ZCTA5 79413
79414,18027,48587,ZCTA5 79414
79415,17086,37072,ZCTA5 79415
79416,35524,65774,ZCTA5 79416
79423,42284,82854,ZCTA5 79423
79424,50448,91572,ZCTA5 79424
79501,2648,53539,ZCTA5 79501
79502,1244,65114,ZCTA5 79502
79503,150,90795,ZCTA5 79503
79504,3181,66208,ZCTA5 79504
79505,225,38295,ZCTA5 79505
79506,546,39306,ZCTA5 79506
79508,1041,74583,ZCTA5 79508
79510,8058,64338,ZCTA5 79510
79511,1044,81071,ZCTA5 79511
79512,7879,49602,ZCTA5 79512
79517,140,63889,ZCTA5 79517
79518,115,,ZCTA5 79518
79519,57,152938,ZCTA5 79519
79520,2552,52847,ZCTA5 79520
79521,3359,60227,ZCTA5 79521
79525,2829,67306,ZCTA5 79525
79526,946,66875,ZCTA5 79526
79527,274,80417,ZCTA5 79527
79528,524,69342,ZCTA5 79528
79529,1132,35329,ZCTA5 79529
79530,505,51250,ZCTA5 79530
79532,754,50625,ZCTA5 79532
79533,442,41406,ZCTA5 79533
79534,213,91389,ZCTA5 79534
79535,117,53750,ZCTA5 79535
79536,6123,67788,ZCTA5 79536
79537,40,43571,ZCTA5 79537
79538,173,,ZCTA5 79538
79539,197,55179,ZCTA5 79539
79540,38,100000,ZCTA5 79540
79541,1253,58901,ZCTA5 79541
79543,1178,63403,ZCTA5 79543
79544,577,56786,ZCTA5 79544
79545,1873,51179,ZCTA5 79545
79546,1749,49650,ZCTA5 79546
79547,867,29258,ZCTA5 79547
79548,162,53750,ZCTA5 79548
79549,15608,57063,ZCTA5 79549
79553,3081,48313,ZCTA5 79553
79556,12621,47221,ZCTA5 79556
79560,60,,ZCTA5 79560
79561,508,71818,ZCTA5 79561
79562,4157,117901,ZCTA5 79562
79563,1024,53553,ZCTA5 79563
79565,365,115536,ZCTA5 79565
79566,228,46875,ZCTA5 79566
79567,3064,47039,ZCTA5 79567
79601,26603,53049,ZCTA5 79601
79602,26487,78850,ZCTA5 79602
79603,24189,52055,ZCTA5 79603
79605,28989,56890,ZCTA5 79605
79606,27797,73381,ZCTA5 79606
79607,3699,58372,ZCTA5 79607
79699,116,,ZCTA5 79699
79701,28461,57500,ZCTA5 79701
79703,21434,88718,ZCTA5 79703
79705,41140,95939,ZCTA5 79705
79706,32527,99515,ZCTA5 79706
79707,39347,99732,ZCTA5 79707
79713,879,69500,ZCTA5 79713
79714,18362,86458,ZCTA5 79714
79718,625,31250,ZCTA5 79718
79719,345,29408,ZCTA5 79719
79720,32297,66655,ZCTA5 79720
79721,558,,ZCTA5 79721
79730,104,,ZCTA5 79730
79731,4387,71818,ZCTA5 79731
79733,397,73333,ZCTA5 79733
79734,1859,43646,ZCTA5 79734
79735,13056,59167,ZCTA5 79735
79738,326,80179,ZCTA5 79738
79739,939,125125,ZCTA5 79739
79741,380,100274,ZCTA5 79741
79742,419,75156,ZCTA5 79742
79743,267,105385,ZCTA5 79743
79744,1749,54063,ZCTA5 79744
79745,6561,85083,ZCTA5 79745
79748,536,80809,ZCTA5 79748
79749,578,,ZCTA5 79749
79752,2000,45625,ZCTA5 79752
79754,96,,ZCTA5 79754
79755,72,136635,ZCTA5 79755
79756,9632,72101,ZCTA5 79756
79758,2540,130489,ZCTA5 79758
79759,0,,ZCTA5 79759
79761,31521,66593,ZCTA5 79761
79762,39649,76569,ZCTA5 79762
79763,35940,54668,ZCTA5 79763
79764,25907,77249,ZCTA5 79764
79765,21210,96260,ZCTA5 79765
79766,11822,71346,ZCTA5 79766
79769,0,,ZCTA5 79769
79770,0,,ZCTA5 79770
79772,13305,57474,ZCTA5 79772
79776,0,,ZCTA5 79776
79777,138,,ZCTA5 79777
79778,1202,68883,ZCTA5 79778
79780,77,,ZCTA5 79780
79781,65,65972,ZCTA5 79781
79782,3972,73295,ZCTA5 79782
79783,90,158500,ZCTA5 79783
79785,30,,ZCTA5 79785
79788,798,71014,ZCTA5 79788
79789,1021,111875,ZCTA5 79789
79821,6678,55047,ZCTA5 79821
79830,7912,50584,ZCTA5 79830
79832,121,,ZCTA5 79832
79834,246,46462,ZCTA5 79834
79835,12378,36778,ZCTA5 79835
79836,7751,52129,ZCTA5 79836
79837,201,,ZCTA5 79837
79838,5470,36366,ZCTA5 79838
79839,1365,31863,ZCTA5 79839
79842,340,43064,ZCTA5 79842
79843,2814,31452,ZCTA5 79843
79845,3354,19650,ZCTA5 79845
79846,0,,ZCTA5 79846
79847,78,38864,ZCTA5 79847
79848,801,55469,ZCTA5 79848
79849,13200,43801,ZCTA5 79849
79851,1376,56563,ZCTA5 79851
79852,531,43112,ZCTA5 79852
79853,3007,62167,ZCTA5 79853
79854,133,30806,ZCTA5 79854
79855,2160,35326,ZCTA5 79855
79901,8747,14142,ZCTA5 79901
79902,19108,39414,ZCTA5 79902
79903,15729,35750,ZCTA5 79903
79904,31634,38476,ZCTA5 79904
79905,22133,24618,ZCTA5 79905
79906,5970,54326,ZCTA5 79906
79907,49169,40962,ZCTA5 79907
79908,4378,58929,ZCTA5 79908
79911,8844,116536,ZCTA5 79911
79912,76890,71324,ZCTA5 79912
79915,36737,35278,ZCTA5 79915
79916,3395,,ZCTA5 79916
79918,311,,ZCTA5 79918
79920,33,,ZCTA5 79920
79922,6796,90278,ZCTA5 79922
79924,60667,53555,ZCTA5 79924
79925,40001,55357,ZCTA5 79925
79927,42241,46581,ZCTA5 79927
79928,79330,67016,ZCTA5 79928
79930,25899,41953,ZCTA5 79930
79932,29269,80383,ZCTA5 79932
79934,26620,77010,ZCTA5 79934
79935,18815,62018,ZCTA5 79935
79936,107512,60981,ZCTA5 79936
79938,95452,70806,ZCTA5 79938
80002,20589,87500,ZCTA5 80002
80003,36233,79402,ZCTA5 80003
80004,35349,93260,ZCTA5 80004
80005,29155,132493,ZCTA5 80005
80007,17641,165648,ZCTA5 80007
80010,42892,56376,ZCTA5 80010
80011,52633,64541,ZCTA5 80011
80012,52741,66898,ZCTA5 80012
80013,73870,92076,ZCTA5 80013
80014,39024,69361,ZCTA5 80014
80015,72841,116357,ZCTA5 80015
80016,64842,141728,ZCTA5 80016
80017,40299,72844,ZCTA5 80017
80018,15569,123245,ZCTA5 80018
80019,4809,113664,ZCTA5 80019
80020,53475,112941,ZCTA5 80020
80021,35128,99562,ZCTA5 80021
80022,58681,90032,ZCTA5 80022
80023,25988,160212,ZCTA5 80023
80024,83,,ZCTA5 80024
80025,45,,ZCTA5 80025
80026,32675,109414,ZCTA5 80026
80027,34161,139412,ZCTA5 80027
80030,16891,61772,ZCTA5 80030
80031,36274,102323,ZCTA5 80031
80033,27384,78670,ZCTA5 80033
80045,1627,49808,ZCTA5 80045
80101,354,67159,ZCTA5 80101
80102,6375,104545,ZCTA5 80102
80103,3184,101771,ZCTA5 80103
80104,35084,123337,ZCTA5 80104
80105,1823,73594,ZCTA5 80105
80106,4823,145798,ZCTA5 80106
80107,14467,132739,ZCTA5 80107
80108,33259,173018,ZCTA5 80108
80109,27852,144034,ZCTA5 80109
80110,24190,82829,ZCTA5 80110
80111,32116,131837,ZCTA5 80111
80112,36058,104442,ZCTA5 80112
80113,22784,89057,ZCTA5 80113
80116,4884,122197,ZCTA5 80116
80117,2430,97566,ZCTA5 80117
80118,5940,155245,ZCTA5 80118
80120,30421,82655,ZCTA5 80120
80121,18049,130815,ZCTA5 80121
80122,31650,116551,ZCTA5 80122
80123,45388,102722,ZCTA5 80123
80124,22567,121074,ZCTA5 80124
80125,13048,160417,ZCTA5 80125
80126,43691,157892,ZCTA5 80126
80127,44235,134284,ZCTA5 80127
80128,37061,115134,ZCTA5 80128
80129,29974,130266,ZCTA5 80129
80130,25551,148750,ZCTA5 80130
80131,250,79063,ZCTA5 80131
80132,28159,147908,ZCTA5 80132
80133,2527,103704,ZCTA5 80133
80134,75383,134859,ZCTA5 80134
80135,4061,140833,ZCTA5 80135
80136,6104,112500,ZCTA5 80136
80137,1944,138239,ZCTA5 80137
80138,36113,137273,ZCTA5 80138
80202,18180,104424,ZCTA5 80202
80203,21650,71584,ZCTA5 80203
80204,34534,74993,ZCTA5 80204
80205,34289,94460,ZCTA5 80205
80206,24903,101069,ZCTA5 80206
80207,22313,104000,ZCTA5 80207
80209,25180,106880,ZCTA5 80209
80210,37792,113438,ZCTA5 80210
80211,36187,110194,ZCTA5 80211
80212,20418,113814,ZCTA5 80212
80214,26634,68009,ZCTA5 80214
80215,19143,83233,ZCTA5 80215
80216,16564,71586,ZCTA5 80216
80218,18679,80587,ZCTA5 80218
80219,64696,61666,ZCTA5 80219
80220,36236,96703,ZCTA5 80220
80221,40140,80748,ZCTA5 80221
80222,23619,82806,ZCTA5 80222
80223,19848,73907,ZCTA5 80223
80224,18613,76028,ZCTA5 80224
80226,32063,75967,ZCTA5 80226
80227,35187,84354,ZCTA5 80227
80228,34813,108319,ZCTA5 80228
80229,55929,74420,ZCTA5 80229
80230,10512,99973,ZCTA5 80230
80231,34484,75282,ZCTA5 80231
80232,22707,86034,ZCTA5 80232
80233,48694,83250,ZCTA5 80233
80234,28796,86131,ZCTA5 80234
80235,8593,70330,ZCTA5 80235
80236,16183,82633,ZCTA5 80236
80237,22393,84863,ZCTA5 80237
80238,29391,157706,ZCTA5 80238
80239,46450,84128,ZCTA5 80239
80241,33656,105565,ZCTA5 80241
80246,13067,63743,ZCTA5 80246
80247,28580,57916,ZCTA5 80247
80249,39685,92436,ZCTA5 80249
80260,35309,61659,ZCTA5 80260
80264,0,,ZCTA5 80264
80266,0,,ZCTA5 80266
80290,349,112688,ZCTA5 80290
80293,0,,ZCTA5 80293
80294,0,,ZCTA5 80294
80301,24593,88846,ZCTA5 80301
80302,30569,56093,ZCTA5 80302
80303,24865,74255,ZCTA5 80303
80304,25617,111638,ZCTA5 80304
80305,16280,114344,ZCTA5 80305
80310,7597,,ZCTA5 80310
80401,42777,109273,ZCTA5 80401
80403,20809,142440,ZCTA5 80403
80419,0,,ZCTA5 80419
80420,819,77008,ZCTA5 80420
80421,9065,96680,ZCTA5 80421
80422,4347,95957,ZCTA5 80422
80423,160,31125,ZCTA5 80423
80424,10811,116050,ZCTA5 80424
80425,329,,ZCTA5 80425
80426,46,,ZCTA5 80426
80427,686,58520,ZCTA5 80427
80428,512,,ZCTA5 80428
80430,145,57841,ZCTA5 80430
80432,208,29759,ZCTA5 80432
80433,8386,120275,ZCTA5 80433
80434,46,,ZCTA5 80434
80435,8336,79141,ZCTA5 80435
80436,423,55057,ZCTA5 80436
80438,649,60526,ZCTA5 80438
80439,24764,145901,ZCTA5 80439
80440,2574,85106,ZCTA5 80440
80442,2315,75714,ZCTA5 80442
80443,4118,94868,ZCTA5 80443
80444,1104,56458,ZCTA5 80444
80446,3477,75500,ZCTA5 80446
80447,2183,82661,ZCTA5 80447
80448,0,,ZCTA5 80448
80449,1190,55955,ZCTA5 80449
80451,1001,89554,ZCTA5 80451
80452,3316,66646,ZCTA5 80452
80453,329,,ZCTA5 80453
80454,1430,166587,ZCTA5 80454
80455,402,126875,ZCTA5 80455
80456,399,139135,ZCTA5 80456
80457,430,121250,ZCTA5 80457
80459,2561,82760,ZCTA5 80459
80461,7052,81232,ZCTA5 80461
80463,92,,ZCTA5 80463
80465,15783,121834,ZCTA5 80465
80466,3442,88259,ZCTA5 80466
80467,2512,105160,ZCTA5 80467
80468,411,,ZCTA5 80468
80469,356,79612,ZCTA5 80469
80470,3898,116776,ZCTA5 80470
80471,0,,ZCTA5 80471
80473,53,28966,ZCTA5 80473
80474,189,,ZCTA5 80474
80475,9,,ZCTA5 80475
80476,231,,ZCTA5 80476
80478,1766,97227,ZCTA5 80478
80479,12,,ZCTA5 80479
80480,1196,38750,ZCTA5 80480
80481,532,102857,ZCTA5 80481
80482,1207,59530,ZCTA5 80482
80483,504,71597,ZCTA5 80483
80487,18383,95675,ZCTA5 80487
80498,8426,101389,ZCTA5 80498
80501,43222,77327,ZCTA5 80501
80503,36235,113168,ZCTA5 80503
80504,60527,108819,ZCTA5 80504
80510,522,166776,ZCTA5 80510
80512,1619,85625,ZCTA5 80512
80513,16184,108393,ZCTA5 80513
80514,6275,94375,ZCTA5 80514
80515,849,74943,ZCTA5 80515
80516,34998,150774,ZCTA5 80516
80517,10407,84484,ZCTA5 80517
80520,1736,77155,ZCTA5 80520
80521,38200,51712,ZCTA5 80521
80524,38711,81733,ZCTA5 80524
80525,55315,88788,ZCTA5 80525
80526,44478,80265,ZCTA5 80526
80528,24032,120109,ZCTA5 80528
80530,5774,111319,ZCTA5 80530
80532,193,,ZCTA5 80532
80534,19368,123102,ZCTA5 80534
80535,2462,90116,ZCTA5 80535
80536,2437,99671,ZCTA5 80536
80537,43620,83343,ZCTA5 80537
80538,48929,85141,ZCTA5 80538
80540,4637,132398,ZCTA5 80540
80542,5179,126750,ZCTA5 80542
80543,9109,92128,ZCTA5 80543
80544,0,,ZCTA5 80544
80545,968,82708,ZCTA5 80545
80546,234,,ZCTA5 80546
80547,7122,162976,ZCTA5 80547
80549,13862,100508,ZCTA5 80549
80550,41428,119502,ZCTA5 80550
80601,41062,86320,ZCTA5 80601
80602,40886,141140,ZCTA5 80602
80603,15617,108152,ZCTA5 80603
80610,3172,76753,ZCTA5 80610
80611,809,83750,ZCTA5 80611
80612,309,78250,ZCTA5 80612
80615,8840,101419,ZCTA5 80615
80620,21048,69951,ZCTA5 80620
80621,13863,80625,ZCTA5 80621
80622,202,,ZCTA5 80622
80623,1082,64583,ZCTA5 80623
80624,681,85331,ZCTA5 80624
80631,54346,48189,ZCTA5 80631
80634,62001,83607,ZCTA5 80634
80640,13599,105561,ZCTA5 80640
80642,5146,107857,ZCTA5 80642
80643,3989,97308,ZCTA5 80643
80644,2604,72462,ZCTA5 80644
80645,4810,82266,ZCTA5 80645
80646,0,,ZCTA5 80646
80648,1296,89286,ZCTA5 80648
80649,347,118333,ZCTA5 80649
80650,1896,59500,ZCTA5 80650
80651,4441,77500,ZCTA5 80651
80652,342,68017,ZCTA5 80652
80653,877,67813,ZCTA5 80653
80654,2857,97188,ZCTA5 80654
80701,17085,70013,ZCTA5 80701
80705,882,58333,ZCTA5 80705
80720,2305,57652,ZCTA5 80720
80721,304,95329,ZCTA5 80721
80722,414,69773,ZCTA5 80722
80723,6727,68542,ZCTA5 80723
80726,393,47708,ZCTA5 80726
80727,506,56458,ZCTA5 80727
80728,1151,58409,ZCTA5 80728
80729,403,67083,ZCTA5 80729
80731,1397,60833,ZCTA5 80731
80732,24,,ZCTA5 80732
80733,565,75156,ZCTA5 80733
80734,3057,58199,ZCTA5 80734
80735,323,91250,ZCTA5 80735
80736,553,73523,ZCTA5 80736
80737,1651,48558,ZCTA5 80737
80740,119,47917,ZCTA5 80740
80741,1011,75833,ZCTA5 80741
80742,224,70500,ZCTA5 80742
80743,1259,63429,ZCTA5 80743
80744,449,29609,ZCTA5 80744
80745,68,,ZCTA5 80745
80746,61,39583,ZCTA5 80746
80747,468,67083,ZCTA5 80747
80749,285,64167,ZCTA5 80749
80750,201,80227,ZCTA5 80750
80751,17263,52827,ZCTA5 80751
80754,138,79792,ZCTA5 80754
80755,127,,ZCTA5 80755
80757,176,45625,ZCTA5 80757
80758,3535,71250,ZCTA5 80758
80759,4657,54589,ZCTA5 80759
80801,91,,ZCTA5 80801
80802,173,45000,ZCTA5 80802
80804,297,30000,ZCTA5 80804
80805,400,58281,ZCTA5 80805
80807,4267,61958,ZCTA5 80807
80808,6511,65253,ZCTA5 80808
80809,966,76875,ZCTA5 80809
80810,1170,68750,ZCTA5 80810
80812,306,55875,ZCTA5 80812
80813,1747,39830,ZCTA5 80813
80814,3485,62979,ZCTA5 80814
80815,852,49750,ZCTA5 80815
80816,6796,68552,ZCTA5 80816
80817,31132,80425,ZCTA5 80817
80818,389,60000,ZCTA5 80818
80819,701,66328,ZCTA5 80819
80820,512,67778,ZCTA5 80820
80821,1319,79643,ZCTA5 80821
80822,283,55417,ZCTA5 80822
80823,211,,ZCTA5 80823
80824,379,135153,ZCTA5 80824
80825,346,57083,ZCTA5 80825
80826,1190,,ZCTA5 80826
80827,762,48629,ZCTA5 80827
80828,2291,65511,ZCTA5 80828
80829,5576,85176,ZCTA5 80829
80830,171,76500,ZCTA5 80830
80831,31824,122479,ZCTA5 80831
80832,975,75417,ZCTA5 80832
80833,942,39131,ZCTA5 80833
80834,320,56250,ZCTA5 80834
80835,766,61563,ZCTA5 80835
80836,1028,55441,ZCTA5 80836
80840,6665,79250,ZCTA5 80840
80860,515,57679,ZCTA5 80860
80861,265,69444,ZCTA5 80861
80862,35,66250,ZCTA5 80862
80863,12922,88349,ZCTA5 80863
80864,1304,72917,ZCTA5 80864
80902,11875,62835,ZCTA5 80902
80903,17046,55184,ZCTA5 80903
80904,21555,65339,ZCTA5 80904
80905,17238,62925,ZCTA5 80905
80906,38732,83724,ZCTA5 80906
80907,27628,66247,ZCTA5 80907
80908,22049,130275,ZCTA5 80908
80909,37113,56665,ZCTA5 80909
80910,32038,51900,ZCTA5 80910
80911,35001,75184,ZCTA5 80911
80913,6697,,ZCTA5 80913
80914,468,,ZCTA5 80914
80915,23031,67676,ZCTA5 80915
80916,39795,59018,ZCTA5 80916
80917,32069,69661,ZCTA5 80917
80918,49218,82564,ZCTA5 80918
80919,28624,111939,ZCTA5 80919
80920,38727,109098,ZCTA5 80920
80921,23767,137801,ZCTA5 80921
80922,29750,102807,ZCTA5 80922
80923,31593,96965,ZCTA5 80923
80924,15187,138534,ZCTA5 80924
80925,15500,103032,ZCTA5 80925
80926,1838,124792,ZCTA5 80926
80927,6002,148558,ZCTA5 80927
80928,698,73365,ZCTA5 80928
80929,122,,ZCTA5 80929
80930,1857,74844,ZCTA5 80930
80938,847,,ZCTA5 80938
80939,0,,ZCTA5 80939
80951,4603,82828,ZCTA5 80951
81001,31160,43724,ZCTA5 81001
81003,14875,40217,ZCTA5 81003
81004,26261,46827,ZCTA5 81004
81005,31499,66607,ZCTA5 81005
81006,11503,67077,ZCTA5 81006
81007,34337,89530,ZCTA5 81007
81008,11146,63803,ZCTA5 81008
81019,1548,47038,ZCTA5 81019
81020,823,29731,ZCTA5 81020
81021,12,32813,ZCTA5 81021
81022,1594,56050,ZCTA5 81022
81023,1350,55288,ZCTA5 81023
81024,233,,ZCTA5 81024
81025,716,54375,ZCTA5 81025
81027,123,44750,ZCTA5 81027
81029,309,47656,ZCTA5 81029
81030,143,38750,ZCTA5 81030
81033,195,34167,ZCTA5 81033
81036,1007,49167,ZCTA5 81036
81039,1517,45379,ZCTA5 81039
81040,263,,ZCTA5 81040
81041,579,44167,ZCTA5 81041
81043,38,,ZCTA5 81043
81044,146,30417,ZCTA5 81044
81045,84,39375,ZCTA5 81045
81046,3,,ZCTA5 81046
81047,1588,46942,ZCTA5 81047
81049,131,48125,ZCTA5 81049
81050,9601,52195,ZCTA5 81050
81052,9143,49887,ZCTA5 81052
81054,4731,41346,ZCTA5 81054
81055,1572,48987,ZCTA5 81055
81057,414,53068,ZCTA5 81057
81058,1124,57500,ZCTA5 81058
81059,52,,ZCTA5 81059
81062,1701,32813,ZCTA5 81062
81063,3111,41029,ZCTA5 81063
81064,296,68750,ZCTA5 81064
81067,5605,38917,ZCTA5 81067
81069,2510,90151,ZCTA5 81069
81071,252,45250,ZCTA5 81071
81073,1751,40000,ZCTA5 81073
81076,764,40938,ZCTA5 81076
81077,842,60511,ZCTA5 81077
81081,99,37027,ZCTA5 81081
81082,11894,52393,ZCTA5 81082
81084,51,21250,ZCTA5 81084
81087,141,,ZCTA5 81087
81089,4761,49219,ZCTA5 81089
81090,957,46500,ZCTA5 81090
81091,1036,46818,ZCTA5 81091
81092,841,73813,ZCTA5 81092
81101,15245,52125,ZCTA5 81101
81120,2043,33988,ZCTA5 81120
81121,357,62500,ZCTA5 81121
81122,9125,100857,ZCTA5 81122
81123,729,34444,ZCTA5 81123
81124,356,82262,ZCTA5 81124
81125,3562,52533,ZCTA5 81125
81126,371,,ZCTA5 81126
81128,16,,ZCTA5 81128
81129,0,,ZCTA5 81129
81130,762,58482,ZCTA5 81130
81131,998,53152,ZCTA5 81131
81132,3278,45333,ZCTA5 81132
81133,1109,41146,ZCTA5 81133
81136,440,44103,ZCTA5 81136
81137,5495,60526,ZCTA5 81137
81138,39,18125,ZCTA5 81138
81140,2032,44082,ZCTA5 81140
81141,1012,53929,ZCTA5 81141
81143,766,46908,ZCTA5 81143
81144,6766,61274,ZCTA5 81144
81146,820,65833,ZCTA5 81146
81147,12879,67313,ZCTA5 81147
81148,365,40000,ZCTA5 81148
81149,1019,41250,ZCTA5 81149
81151,1708,42292,ZCTA5 81151
81152,1187,29625,ZCTA5 81152
81154,1203,71379,ZCTA5 81154
81155,260,44297,ZCTA5 81155
81201,8922,67500,ZCTA5 81201
81210,301,,ZCTA5 81210
81211,8007,60529,ZCTA5 81211
81212,32146,57262,ZCTA5 81212
81220,132,57813,ZCTA5 81220
81221,452,37016,ZCTA5 81221
81222,379,,ZCTA5 81222
81223,2023,42534,ZCTA5 81223
81224,3431,84769,ZCTA5 81224
81225,1028,101550,ZCTA5 81225
81226,8221,58487,ZCTA5 81226
81227,0,,ZCTA5 81227
81228,0,,ZCTA5 81228
81230,10694,70377,ZCTA5 81230
81232,32,,ZCTA5 81232
81233,1019,55560,ZCTA5 81233
81235,829,59205,ZCTA5 81235
81236,1738,91082,ZCTA5 81236
81237,143,,ZCTA5 81237
81239,134,39475,ZCTA5 81239
81240,4386,81583,ZCTA5 81240
81241,178,,ZCTA5 81241
81242,913,68826,ZCTA5 81242
81243,118,74250,ZCTA5 81243
81244,553,55450,ZCTA5 81244
81248,197,130872,ZCTA5 81248
81251,351,70054,ZCTA5 81251
81252,4060,62284,ZCTA5 81252
81253,457,68393,ZCTA5 81253
81301,29894,80346,ZCTA5 81301
81303,9440,89688,ZCTA5 81303
81320,485,30652,ZCTA5 81320
81321,14649,59571,ZCTA5 81321
81323,5070,67277,ZCTA5 81323
81324,1508,75179,ZCTA5 81324
81325,73,65972,ZCTA5 81325
81326,2611,79500,ZCTA5 81326
81327,330,85250,ZCTA5 81327
81328,3983,65330,ZCTA5 81328
81330,132,,ZCTA5 81330
81331,208,77556,ZCTA5 81331
81332,445,98750,ZCTA5 81332
81334,1691,37898,ZCTA5 81334
81335,54,,ZCTA5 81335
81401,23665,57904,ZCTA5 81401
81403,11384,77011,ZCTA5 81403
81410,1768,83071,ZCTA5 81410
81411,2,,ZCTA5 81411
81413,5736,50116,ZCTA5 81413
81415,2137,56531,ZCTA5 81415
81416,13812,50835,ZCTA5 81416
81418,1498,62105,ZCTA5 81418
81419,3044,55625,ZCTA5 81419
81422,479,25278,ZCTA5 81422
81423,1590,57986,ZCTA5 81423
81424,1098,34821,ZCTA5 81424
81425,5559,65966,ZCTA5 81425
81426,180,121667,ZCTA5 81426
81427,1227,71488,ZCTA5 81427
81428,3679,76910,ZCTA5 81428
81429,106,49327,ZCTA5 81429
81430,745,68654,ZCTA5 81430
81431,555,85263,ZCTA5 81431
81432,3075,75833,ZCTA5 81432
81433,627,62750,ZCTA5 81433
81434,158,,ZCTA5 81434
81435,5602,75258,ZCTA5 81435
81501,23998,45332,ZCTA5 81501
81503,16152,66968,ZCTA5 81503
81504,31380,63946,ZCTA5 81504
81505,11629,82731,ZCTA5 81505
81506,11879,80570,ZCTA5 81506
81507,16162,99149,ZCTA5 81507
81520,13682,49796,ZCTA5 81520
81521,16431,73826,ZCTA5 81521
81522,107,,ZCTA5 81522
81523,669,86806,ZCTA5 81523
81524,2670,129914,ZCTA5 81524
81525,1490,56891,ZCTA5 81525
81526,5110,79801,ZCTA5 81526
81527,1497,81838,ZCTA5 81527
81601,16547,97896,ZCTA5 81601
81610,600,49046,ZCTA5 81610
81611,9599,96033,ZCTA5 81611
81612,87,,ZCTA5 81612
81615,3076,94761,ZCTA5 81615
81620,11468,97054,ZCTA5 81620
81621,5869,101786,ZCTA5 81621
81623,17109,98549,ZCTA5 81623
81624,1610,88125,ZCTA5 81624
81625,12449,64900,ZCTA5 81625
81630,1119,68750,ZCTA5 81630
81631,8335,100760,ZCTA5 81631
81632,10819,90464,ZCTA5 81632
81633,0,,ZCTA5 81633
81635,7000,65951,ZCTA5 81635
81637,9733,97703,ZCTA5 81637
81638,65,,ZCTA5 81638
81639,2560,77226,ZCTA5 81639
81640,120,39167,ZCTA5 81640
81641,3819,68974,ZCTA5 81641
81642,12,,ZCTA5 81642
81643,468,84659,ZCTA5 81643
81645,1000,98500,ZCTA5 81645
81646,258,83654,ZCTA5 81646
81647,6528,80874,ZCTA5 81647
81648,2620,70645,ZCTA5 81648
81649,292,74688,ZCTA5 81649
81650,14130,75560,ZCTA5 81650
81652,6059,91398,ZCTA5 81652
81653,0,,ZCTA5 81653
81654,1631,111201,ZCTA5 81654
81655,181,,ZCTA5 81655
81656,605,,ZCTA5 81656
81657,5051,100846,ZCTA5 81657
82001,38043,71846,ZCTA5 82001
82005,481,,ZCTA5 82005
82007,21755,56349,ZCTA5 82007
82009,34835,98599,ZCTA5 82009
82050,217,157793,ZCTA5 82050
82051,49,,ZCTA5 82051
82052,81,76750,ZCTA5 82052
82053,1301,70313,ZCTA5 82053
82054,955,53750,ZCTA5 82054
82055,345,97589,ZCTA5 82055
82058,16,,ZCTA5 82058
82059,296,148750,ZCTA5 82059
82060,559,128047,ZCTA5 82060
82061,0,,ZCTA5 82061
82063,58,92500,ZCTA5 82063
82070,19598,60632,ZCTA5 82070
82072,16835,49575,ZCTA5 82072
82073,48,,ZCTA5 82073
82081,83,,ZCTA5 82081
82082,1811,64549,ZCTA5 82082
82083,326,63214,ZCTA5 82083
82084,112,,ZCTA5 82084
82190,906,60455,ZCTA5 82190
82201,6597,62694,ZCTA5 82201
82210,234,63235,ZCTA5 82210
82212,667,63362,ZCTA5 82212
82213,522,69048,ZCTA5 82213
82214,1161,75972,ZCTA5 82214
82215,245,130917,ZCTA5 82215
82217,43,,ZCTA5 82217
82218,12,,ZCTA5 82218
82219,37,,ZCTA5 82219
82221,507,31875,ZCTA5 82221
82222,187,50417,ZCTA5 82222
82223,721,54231,ZCTA5 82223
82224,2,,ZCTA5 82224
82225,1749,51250,ZCTA5 82225
82227,314,53229,ZCTA5 82227
82229,70,,ZCTA5 82229
82240,9752,63319,ZCTA5 82240
82242,157,146875,ZCTA5 82242
82243,280,62941,ZCTA5 82243
82244,506,85903,ZCTA5 82244
82301,8349,69044,ZCTA5 82301
82310,34,,ZCTA5 82310
82321,707,82778,ZCTA5 82321
82322,162,,ZCTA5 82322
82323,340,61250,ZCTA5 82323
82324,162,62788,ZCTA5 82324
82325,687,46949,ZCTA5 82325
82327,850,54381,ZCTA5 82327
82329,392,30500,ZCTA5 82329
82331,2370,71772,ZCTA5 82331
82332,20,,ZCTA5 82332
82334,597,85625,ZCTA5 82334
82335,0,,ZCTA5 82335
82336,251,65625,ZCTA5 82336
82401,6942,62807,ZCTA5 82401
82410,2033,57275,ZCTA5 82410
82411,657,97656,ZCTA5 82411
82412,644,65750,ZCTA5 82412
82414,15932,71202,ZCTA5 82414
82420,753,72589,ZCTA5 82420
82421,293,51875,ZCTA5 82421
82422,0,,ZCTA5 82422
82423,223,50781,ZCTA5 82423
82426,3220,60742,ZCTA5 82426
82428,78,,ZCTA5 82428
82430,62,34821,ZCTA5 82430
82431,3200,68693,ZCTA5 82431
82432,292,41953,ZCTA5 82432
82433,1037,50833,ZCTA5 82433
82434,74,25809,ZCTA5 82434
82435,12398,64274,ZCTA5 82435
82440,49,,ZCTA5 82440
82441,170,58015,ZCTA5 82441
82442,864,51100,ZCTA5 82442
82443,4546,65000,ZCTA5 82443
82450,216,,ZCTA5 82450
82501,18898,57550,ZCTA5 82501
82510,1109,52125,ZCTA5 82510
82512,304,,ZCTA5 82512
82513,1491,53125,ZCTA5 82513
82514,1410,35208,ZCTA5 82514
82515,470,53000,ZCTA5 82515
82516,283,54038,ZCTA5 82516
82520,13248,70576,ZCTA5 82520
82523,993,66111,ZCTA5 82523
82601,26973,66263,ZCTA5 82601
82604,27492,74111,ZCTA5 82604
82609,18567,67434,ZCTA5 82609
82620,226,,ZCTA5 82620
82630,0,,ZCTA5 82630
82633,9555,80962,ZCTA5 82633
82635,116,40139,ZCTA5 82635
82636,3903,77832,ZCTA5 82636
82637,4107,76395,ZCTA5 82637
82638,115,,ZCTA5 82638
82639,824,71615,ZCTA5 82639
82640,115,,ZCTA5 82640
82642,51,91875,ZCTA5 82642
82643,205,72826,ZCTA5 82643
82644,1739,60685,ZCTA5 82644
82646,26,,ZCTA5 82646
82648,114,,ZCTA5 82648
82649,1107,54063,ZCTA5 82649
82701,5383,77885,ZCTA5 82701
82710,408,53906,ZCTA5 82710
82711,9,,ZCTA5 82711
82712,363,,ZCTA5 82712
82714,38,,ZCTA5 82714
82716,18167,76679,ZCTA5 82716
82718,25413,105417,ZCTA5 82718
82720,811,68417,ZCTA5 82720
82721,2929,69731,ZCTA5 82721
82723,123,37865,ZCTA5 82723
82725,83,,ZCTA5 82725
82727,1451,,ZCTA5 82727
82729,2678,82569,ZCTA5 82729
82730,1434,65703,ZCTA5 82730
82731,144,69516,ZCTA5 82731
82732,1509,88150,ZCTA5 82732
82801,25665,67276,ZCTA5 82801
82831,216,,ZCTA5 82831
82832,1259,89821,ZCTA5 82832
82833,226,,ZCTA5 82833
82834,7517,59464,ZCTA5 82834
82835,363,77083,ZCTA5 82835
82836,1085,78438,ZCTA5 82836
82837,38,51875,ZCTA5 82837
82838,519,,ZCTA5 82838
82839,1354,56250,ZCTA5 82839
82842,548,125212,ZCTA5 82842
82844,10,,ZCTA5 82844
82845,85,,ZCTA5 82845
82901,27713,78639,ZCTA5 82901
82922,328,,ZCTA5 82922
82923,600,,ZCTA5 82923
82925,299,250001,ZCTA5 82925
82929,21,,ZCTA5 82929
82930,14804,73765,ZCTA5 82930
82932,828,68625,ZCTA5 82932
82933,802,119402,ZCTA5 82933
82934,197,,ZCTA5 82934
82935,12316,83988,ZCTA5 82935
82936,10,,ZCTA5 82936
82937,3013,96302,ZCTA5 82937
82938,226,57148,ZCTA5 82938
82939,1386,85125,ZCTA5 82939
82941,4773,95558,ZCTA5 82941
82942,68,,ZCTA5 82942
82943,61,,ZCTA5 82943
82944,612,250001,ZCTA5 82944
82945,236,86806,ZCTA5 82945
83001,17721,110734,ZCTA5 83001
83011,296,,ZCTA5 83011
83012,127,,ZCTA5 83012
83013,386,,ZCTA5 83013
83014,2562,103323,ZCTA5 83014
83025,950,93368,ZCTA5 83025
83101,3181,72252,ZCTA5 83101
83110,5172,81105,ZCTA5 83110
83111,397,96364,ZCTA5 83111
83112,868,94923,ZCTA5 83112
83113,2444,78750,ZCTA5 83113
83114,783,81724,ZCTA5 83114
83115,357,,ZCTA5 83115
83116,664,66667,ZCTA5 83116
83118,309,83023,ZCTA5 83118
83119,197,,ZCTA5 83119
83120,342,55536,ZCTA5 83120
83121,0,,ZCTA5 83121
83122,997,78068,ZCTA5 83122
83123,611,,ZCTA5 83123
83124,120,,ZCTA5 83124
83126,553,115354,ZCTA5 83126
83127,3982,85875,ZCTA5 83127
83128,1704,86957,ZCTA5 83128
83201,39170,60757,ZCTA5 83201
83202,22716,63942,ZCTA5 83202
83203,30,,ZCTA5 83203
83204,18465,52783,ZCTA5 83204
83209,1308,16533,ZCTA5 83209
83210,3949,60045,ZCTA5 83210
83211,6399,57484,ZCTA5 83211
83212,388,,ZCTA5 83212
83213,1299,36862,ZCTA5 83213
83214,665,73672,ZCTA5 83214
83215,21,,ZCTA5 83215
83217,947,80156,ZCTA5 83217
83218,438,67917,ZCTA5 83218
83220,80,70357,ZCTA5 83220
83221,28822,69724,ZCTA5 83221
83223,193,72500,ZCTA5 83223
83226,2296,51250,ZCTA5 83226
83227,70,,ZCTA5 83227
83228,1101,77000,ZCTA5 83228
83232,473,78289,ZCTA5 83232
83233,262,47216,ZCTA5 83233
83234,1462,56875,ZCTA5 83234
83235,124,52813,ZCTA5 83235
83236,2018,64013,ZCTA5 83236
83237,1332,64125,ZCTA5 83237
83238,100,68229,ZCTA5 83238
83239,862,82708,ZCTA5 83239
83241,2377,66776,ZCTA5 83241
83243,14,,ZCTA5 83243
83244,434,,ZCTA5 83244
83245,2411,74044,ZCTA5 83245
83246,1106,79464,ZCTA5 83246
83250,2095,69531,ZCTA5 83250
83251,1286,67553,ZCTA5 83251
83252,4546,68018,ZCTA5 83252
83253,84,69091,ZCTA5 83253
83254,3527,54167,ZCTA5 83254
83255,1113,53011,ZCTA5 83255
83261,747,78036,ZCTA5 83261
83262,1031,71250,ZCTA5 83262
83263,9813,57943,ZCTA5 83263
83271,334,75500,ZCTA5 83271
83272,212,85750,ZCTA5 83272
83274,10593,77366,ZCTA5 83274
83276,3887,61213,ZCTA5 83276
83277,168,,ZCTA5 83277
83278,372,76629,ZCTA5 83278
83281,81,,ZCTA5 83281
83283,206,137031,ZCTA5 83283
83285,31,,ZCTA5 83285
83286,1451,78750,ZCTA5 83286
83287,240,96250,ZCTA5 83287
83301,61291,59443,ZCTA5 83301
83302,338,,ZCTA5 83302
83311,690,70000,ZCTA5 83311
83312,137,51827,ZCTA5 83312
83313,4037,70625,ZCTA5 83313
83314,865,65000,ZCTA5 83314
83316,10335,59447,ZCTA5 83316
83318,19324,63511,ZCTA5 83318
83320,1467,70000,ZCTA5 83320
83321,496,52262,ZCTA5 83321
83322,64,,ZCTA5 83322
83323,1646,59414,ZCTA5 83323
83324,712,65481,ZCTA5 83324
83325,799,62500,ZCTA5 83325
83327,1034,75417,ZCTA5 83327
83328,6167,58659,ZCTA5 83328
83330,6853,55962,ZCTA5 83330
83332,2427,68230,ZCTA5 83332
83333,11869,81427,ZCTA5 83333
83334,2406,51761,ZCTA5 83334
83335,2296,60000,ZCTA5 83335
83336,6404,64677,ZCTA5 83336
83337,15,,ZCTA5 83337
83338,21284,67941,ZCTA5 83338
83340,5344,89622,ZCTA5 83340
83341,8798,87926,ZCTA5 83341
83342,1370,52664,ZCTA5 83342
83344,1246,66250,ZCTA5 83344
83346,1367,72031,ZCTA5 83346
83347,3057,68086,ZCTA5 83347
83348,56,,ZCTA5 83348
83349,1216,64464,ZCTA5 83349
83350,12355,57981,ZCTA5 83350
83352,3381,59559,ZCTA5 83352
83353,1373,66818,ZCTA5 83353
83354,10,,ZCTA5 83354
83355,5396,60469,ZCTA5 83355
83401,47381,72696,ZCTA5 83401
83402,28037,69153,ZCTA5 83402
83404,25947,77046,ZCTA5 83404
83406,19251,77958,ZCTA5 83406
83414,615,160938,ZCTA5 83414
83420,2737,64787,ZCTA5 83420
83421,379,76424,ZCTA5 83421
83422,3613,94792,ZCTA5 83422
83423,684,51458,ZCTA5 83423
83424,87,,ZCTA5 83424
83425,740,71563,ZCTA5 83425
83427,2655,80938,ZCTA5 83427
83428,525,64219,ZCTA5 83428
83429,643,88750,ZCTA5 83429
83431,879,70568,ZCTA5 83431
83433,29,87500,ZCTA5 83433
83434,1695,83750,ZCTA5 83434
83435,503,62292,ZCTA5 83435
83436,860,78125,ZCTA5 83436
83438,373,135486,ZCTA5 83438
83440,49410,52131,ZCTA5 83440
83442,24445,79252,ZCTA5 83442
83443,1094,57250,ZCTA5 83443
83444,1083,61950,ZCTA5 83444
83445,7213,60352,ZCTA5 83445
83446,25,67679,ZCTA5 83446
83448,3166,65809,ZCTA5 83448
83449,226,76118,ZCTA5 83449
83450,1131,61985,ZCTA5 83450
83451,1038,55208,ZCTA5 83451
83452,2205,67679,ZCTA5 83452
83454,386,56389,ZCTA5 83454
83455,5908,105905,ZCTA5 83455
83460,18,,ZCTA5 83460
83462,388,,ZCTA5 83462
83463,49,,ZCTA5 83463
83464,308,49375,ZCTA5 83464
83465,64,47188,ZCTA5 83465
83466,80,,ZCTA5 83466
83467,6817,52277,ZCTA5 83467
83468,175,51250,ZCTA5 83468
83469,34,,ZCTA5 83469
83501,37136,65202,ZCTA5 83501
83520,314,,ZCTA5 83520
83522,2595,62689,ZCTA5 83522
83523,799,57750,ZCTA5 83523
83524,853,57000,ZCTA5 83524
83525,377,41658,ZCTA5 83525
83526,273,62917,ZCTA5 83526
83530,5840,56168,ZCTA5 83530
83533,219,109792,ZCTA5 83533
83535,1014,59414,ZCTA5 83535
83536,4338,48967,ZCTA5 83536
83537,1060,77583,ZCTA5 83537
83539,2240,49375,ZCTA5 83539
83540,2435,61181,ZCTA5 83540
83541,1032,57344,ZCTA5 83541
83542,132,59500,ZCTA5 83542
83543,789,57188,ZCTA5 83543
83544,6329,61087,ZCTA5 83544
83545,400,54653,ZCTA5 83545
83546,441,44107,ZCTA5 83546
83547,282,47159,ZCTA5 83547
83548,133,64063,ZCTA5 83548
83549,665,54375,ZCTA5 83549
83552,810,53355,ZCTA5 83552
83553,1015,34432,ZCTA5 83553
83554,351,36125,ZCTA5 83554
83555,386,59583,ZCTA5 83555
83602,5,,ZCTA5 83602
83604,495,48750,ZCTA5 83604
83605,39636,58952,ZCTA5 83605
83607,34178,72566,ZCTA5 83607
83610,995,58846,ZCTA5 83610
83611,3041,60954,ZCTA5 83611
83612,2022,51806,ZCTA5 83612
83615,1310,63722,ZCTA5 83615
83616,33860,114021,ZCTA5 83616
83617,16858,64554,ZCTA5 83617
83619,8170,67648,ZCTA5 83619
83622,2132,73288,ZCTA5 83622
83623,1580,49063,ZCTA5 83623
83624,1665,54063,ZCTA5 83624
83626,1362,60365,ZCTA5 83626
83627,526,45450,ZCTA5 83627
83628,4674,60809,ZCTA5 83628
83629,1879,63672,ZCTA5 83629
83631,1484,56765,ZCTA5 83631
83632,577,47083,ZCTA5 83632
83633,629,82188,ZCTA5 83633
83634,34650,84897,ZCTA5 83634
83636,572,,ZCTA5 83636
83637,265,44750,ZCTA5 83637
83638,7410,85585,ZCTA5 83638
83639,3318,57260,ZCTA5 83639
83641,4014,81033,ZCTA5 83641
83642,54645,93169,ZCTA5 83642
83643,116,,ZCTA5 83643
83644,15349,77781,ZCTA5 83644
83645,881,77188,ZCTA5 83645
83646,72804,94063,ZCTA5 83646
83647,22106,54487,ZCTA5 83647
83648,3184,60764,ZCTA5 83648
83650,501,52768,ZCTA5 83650
83651,36863,65527,ZCTA5 83651
83654,1595,67022,ZCTA5 83654
83655,5350,75688,ZCTA5 83655
83656,620,74000,ZCTA5 83656
83657,343,64180,ZCTA5 83657
83660,6578,57670,ZCTA5 83660
83661,10545,54369,ZCTA5 83661
83666,41,59688,ZCTA5 83666
83669,14235,91740,ZCTA5 83669
83670,717,79654,ZCTA5 83670
83672,8736,46452,ZCTA5 83672
83676,5373,73269,ZCTA5 83676
83677,327,,ZCTA5 83677
83686,56267,79157,ZCTA5 83686
83687,37095,66730,ZCTA5 83687
83702,23113,77115,ZCTA5 83702
83703,18168,71309,ZCTA5 83703
83704,40520,68285,ZCTA5 83704
83705,27849,58507,ZCTA5 83705
83706,36806,75036,ZCTA5 83706
83709,58321,84598,ZCTA5 83709
83712,9217,100625,ZCTA5 83712
83713,29722,80916,ZCTA5 83713
83714,26202,78886,ZCTA5 83714
83716,21092,121626,ZCTA5 83716
83720,0,,ZCTA5 83720
83725,0,,ZCTA5 83725
83801,7494,63491,ZCTA5 83801
83802,152,46250,ZCTA5 83802
83803,546,56875,ZCTA5 83803
83804,1631,46823,ZCTA5 83804
83805,8775,57970,ZCTA5 83805
83806,232,50313,ZCTA5 83806
83808,138,45893,ZCTA5 83808
83809,460,121156,ZCTA5 83809
83810,1630,,ZCTA5 83810
83811,1701,42163,ZCTA5 83811
83812,16,,ZCTA5 83812
83813,1063,77750,ZCTA5 83813
83814,26611,65525,ZCTA5 83814
83815,38934,69905,ZCTA5 83815
83821,216,,ZCTA5 83821
83822,1830,40789,ZCTA5 83822
83823,1552,73438,ZCTA5 83823
83824,403,,ZCTA5 83824
83825,177,31111,ZCTA5 83825
83826,101,,ZCTA5 83826
83827,199,44688,ZCTA5 83827
83830,300,30703,ZCTA5 83830
83832,1775,83333,ZCTA5 83832
83833,1390,81875,ZCTA5 83833
83834,224,92344,ZCTA5 83834
83835,23229,77219,ZCTA5 83835
83836,833,79250,ZCTA5 83836
83837,3181,36596,ZCTA5 83837
83839,1146,43869,ZCTA5 83839
83840,673,67188,ZCTA5 83840
83841,601,92579,ZCTA5 83841
83842,99,54167,ZCTA5 83842
83843,24223,56720,ZCTA5 83843
83844,4478,,ZCTA5 83844
83845,1913,69769,ZCTA5 83845
83846,717,48750,ZCTA5 83846
83847,1527,55492,ZCTA5 83847
83848,228,140625,ZCTA5 83848
83849,2240,46023,ZCTA5 83849
83850,2429,59688,ZCTA5 83850
83851,2096,53664,ZCTA5 83851
83852,1189,42361,ZCTA5 83852
83854,50378,69372,ZCTA5 83854
83855,1774,66982,ZCTA5 83855
83856,6918,63654,ZCTA5 83856
83857,1294,93295,ZCTA5 83857
83858,18575,86971,ZCTA5 83858
83860,7989,81940,ZCTA5 83860
83861,6701,57965,ZCTA5 83861
83864,19405,64066,ZCTA5 83864
83866,299,28975,ZCTA5 83866
83867,576,93576,ZCTA5 83867
83868,894,46081,ZCTA5 83868
83869,5667,65152,ZCTA5 83869
83870,415,60750,ZCTA5 83870
83871,2299,70938,ZCTA5 83871
83872,759,86019,ZCTA5 83872
83873,1726,42241,ZCTA5 83873
83874,91,40682,ZCTA5 83874
83876,1566,49565,ZCTA5 83876
84001,693,74444,ZCTA5 84001
84002,275,45781,ZCTA5 84002
84003,53731,111339,ZCTA5 84003
84004,10260,161602,ZCTA5 84004
84005,45638,100707,ZCTA5 84005
84006,1017,78281,ZCTA5 84006
84007,410,86920,ZCTA5 84007
84008,0,,ZCTA5 84008
84009,39891,123152,ZCTA5 84009
84010,47030,93845,ZCTA5 84010
84013,703,101316,ZCTA5 84013
84014,16740,113697,ZCTA5 84014
84015,69772,87033,ZCTA5 84015
84017,4554,83750,ZCTA5 84017
84018,291,,ZCTA5 84018
84020,50635,126041,ZCTA5 84020
84021,3272,67143,ZCTA5 84021
84022,587,104148,ZCTA5 84022
84023,121,37375,ZCTA5 84023
84024,79,90714,ZCTA5 84024
84025,24463,115278,ZCTA5 84025
84026,831,30694,ZCTA5 84026
84027,654,70000,ZCTA5 84027
84028,653,51500,ZCTA5 84028
84029,13357,93948,ZCTA5 84029
84031,189,103125,ZCTA5 84031
84032,24748,93337,ZCTA5 84032
84033,1051,84327,ZCTA5 84033
84034,146,,ZCTA5 84034
84035,472,44297,ZCTA5 84035
84036,8629,109205,ZCTA5 84036
84037,39342,121617,ZCTA5 84037
84038,471,90481,ZCTA5 84038
84039,497,56910,ZCTA5 84039
84040,27223,116856,ZCTA5 84040
84041,55009,82890,ZCTA5 84041
84042,11478,101188,ZCTA5 84042
84043,77551,117071,ZCTA5 84043
84044,29275,79934,ZCTA5 84044
84045,40053,117314,ZCTA5 84045
84046,501,67188,ZCTA5 84046
84047,36742,70903,ZCTA5 84047
84049,6891,127500,ZCTA5 84049
84050,12076,120732,ZCTA5 84050
84051,484,137262,ZCTA5 84051
84052,1285,64375,ZCTA5 84052
84053,768,78571,ZCTA5 84053
84054,21937,94802,ZCTA5 84054
84055,1701,111250,ZCTA5 84055
84056,3482,63333,ZCTA5 84056
84057,38222,74522,ZCTA5 84057
84058,34251,68069,ZCTA5 84058
84059,15667,95682,ZCTA5 84059
84060,8615,126602,ZCTA5 84060
84061,307,116328,ZCTA5 84061
84062,47430,95286,ZCTA5 84062
84063,310,40000,ZCTA5 84063
84064,1012,84803,ZCTA5 84064
84065,48759,119649,ZCTA5 84065
84066,14181,70811,ZCTA5 84066
84067,38952,83852,ZCTA5 84067
84069,437,82000,ZCTA5 84069
84070,30390,76839,ZCTA5 84070
84071,2266,125977,ZCTA5 84071
84072,384,49375,ZCTA5 84072
84073,165,61250,ZCTA5 84073
84074,55917,96165,ZCTA5 84074
84075,32861,125549,ZCTA5 84075
84076,484,99853,ZCTA5 84076
84078,30075,70694,ZCTA5 84078
84080,228,52344,ZCTA5 84080
84081,52180,115174,ZCTA5 84081
84082,792,123750,ZCTA5 84082
84083,1163,41989,ZCTA5 84083
84084,31933,87482,ZCTA5 84084
84085,283,,ZCTA5 84085
84086,407,57455,ZCTA5 84086
84087,16772,114951,ZCTA5 84087
84088,38785,93788,ZCTA5 84088
84092,28439,144091,ZCTA5 84092
84093,24354,131302,ZCTA5 84093
84094,27971,98455,ZCTA5 84094
84095,38239,117698,ZCTA5 84095
84096,69619,114018,ZCTA5 84096
84097,21774,92542,ZCTA5 84097
84098,20044,166462,ZCTA5 84098
84101,7358,64405,ZCTA5 84101
84102,19165,50036,ZCTA5 84102
84103,23155,79497,ZCTA5 84103
84104,23690,59136,ZCTA5 84104
84105,22797,90909,ZCTA5 84105
84106,34704,90381,ZCTA5 84106
84107,36697,66626,ZCTA5 84107
84108,21670,110287,ZCTA5 84108
84109,25623,128682,ZCTA5 84109
84111,12882,51624,ZCTA5 84111
84112,2671,16685,ZCTA5 84112
84113,259,,ZCTA5 84113
84114,0,,ZCTA5 84114
84115,28623,55237,ZCTA5 84115
84116,36701,67968,ZCTA5 84116
84117,24748,82866,ZCTA5 84117
84118,41387,81808,ZCTA5 84118
84119,51180,63823,ZCTA5 84119
84120,51391,85758,ZCTA5 84120
84121,39759,108873,ZCTA5 84121
84123,38052,73898,ZCTA5 84123
84124,22918,109264,ZCTA5 84124
84128,32260,101462,ZCTA5 84128
84129,37952,90259,ZCTA5 84129
84138,0,,ZCTA5 84138
84150,7,,ZCTA5 84150
84180,0,,ZCTA5 84180
84301,779,66250,ZCTA5 84301
84302,26601,72407,ZCTA5 84302
84304,105,,ZCTA5 84304
84305,659,62321,ZCTA5 84305
84306,322,100515,ZCTA5 84306
84307,1235,66094,ZCTA5 84307
84308,265,73750,ZCTA5 84308
84309,735,128750,ZCTA5 84309
84310,4717,133456,ZCTA5 84310
84311,884,58000,ZCTA5 84311
84312,4939,71099,ZCTA5 84312
84313,39,,ZCTA5 84313
84314,1235,82083,ZCTA5 84314
84315,9535,99877,ZCTA5 84315
84316,315,80469,ZCTA5 84316
84317,2574,112931,ZCTA5 84317
84318,5298,92702,ZCTA5 84318
84319,9994,76901,ZCTA5 84319
84320,2746,73750,ZCTA5 84320
84321,49434,61210,ZCTA5 84321
84322,0,,ZCTA5 84322
84324,1348,127563,ZCTA5 84324
84325,2263,118787,ZCTA5 84325
84326,2072,85694,ZCTA5 84326
84327,1041,75208,ZCTA5 84327
84328,1718,94318,ZCTA5 84328
84329,150,,ZCTA5 84329
84330,371,72917,ZCTA5 84330
84331,226,55417,ZCTA5 84331
84332,8418,98454,ZCTA5 84332
84333,3084,83696,ZCTA5 84333
84334,178,,ZCTA5 84334
84335,15787,86017,ZCTA5 84335
84336,416,86250,ZCTA5 84336
84337,14940,69135,ZCTA5 84337
84338,567,77500,ZCTA5 84338
84339,5915,103971,ZCTA5 84339
84340,3301,100762,ZCTA5 84340
84341,25062,60169,ZCTA5 84341
84401,45346,73973,ZCTA5 84401
84403,36982,80749,ZCTA5 84403
84404,65940,76706,ZCTA5 84404
84405,34652,84752,ZCTA5 84405
84408,75,,ZCTA5 84408
84414,32588,103708,ZCTA5 84414
84501,13039,52772,ZCTA5 84501
84511,4488,65238,ZCTA5 84511
84512,762,50234,ZCTA5 84512
84513,1347,62500,ZCTA5 84513
84515,0,,ZCTA5 84515
84516,61,43750,ZCTA5 84516
84518,793,88083,ZCTA5 84518
84520,1079,55313,ZCTA5 84520
84521,650,60078,ZCTA5 84521
84522,373,68333,ZCTA5 84522
84523,1643,66154,ZCTA5 84523
84525,890,44957,ZCTA5 84525
84526,4257,59938,ZCTA5 84526
84528,2801,69191,ZCTA5 84528
84529,95,25240,ZCTA5 84529
84530,270,33628,ZCTA5 84530
84531,606,28098,ZCTA5 84531
84532,10250,60029,ZCTA5 84532
84533,102,,ZCTA5 84533
84534,2386,42500,ZCTA5 84534
84535,2885,74120,ZCTA5 84535
84536,1419,22167,ZCTA5 84536
84537,1340,83438,ZCTA5 84537
84539,362,34896,ZCTA5 84539
84540,0,,ZCTA5 84540
84542,1506,54063,ZCTA5 84542
84601,32069,59351,ZCTA5 84601
84602,1606,,ZCTA5 84602
84604,44575,67086,ZCTA5 84604
84606,36489,49993,ZCTA5 84606
84620,1083,91250,ZCTA5 84620
84621,32,,ZCTA5 84621
84622,1372,61635,ZCTA5 84622
84623,98,,ZCTA5 84623
84624,5717,66736,ZCTA5 84624
84626,614,70395,ZCTA5 84626
84627,6134,77659,ZCTA5 84627
84628,927,67109,ZCTA5 84628
84629,3273,64406,ZCTA5 84629
84630,491,,ZCTA5 84630
84631,2986,75278,ZCTA5 84631
84632,1416,64833,ZCTA5 84632
84633,865,92232,ZCTA5 84633
84634,3658,64514,ZCTA5 84634
84635,905,76250,ZCTA5 84635
84636,526,80208,ZCTA5 84636
84637,845,75000,ZCTA5 84637
84638,328,70625,ZCTA5 84638
84639,803,76771,ZCTA5 84639
84640,222,49688,ZCTA5 84640
84642,3365,55250,ZCTA5 84642
84643,560,66857,ZCTA5 84643
84644,244,58125,ZCTA5 84644
84645,2937,97011,ZCTA5 84645
84646,1686,64125,ZCTA5 84646
84647,4562,58403,ZCTA5 84647
84648,7158,90781,ZCTA5 84648
84649,795,69075,ZCTA5 84649
84651,28593,90774,ZCTA5 84651
84652,963,71944,ZCTA5 84652
84653,10950,103211,ZCTA5 84653
84654,2535,61705,ZCTA5 84654
84655,16111,92997,ZCTA5 84655
84656,400,79886,ZCTA5 84656
84657,693,54861,ZCTA5 84657
84660,46229,93946,ZCTA5 84660
84662,1594,66222,ZCTA5 84662
84663,35731,85423,ZCTA5 84663
84664,11756,123534,ZCTA5 84664
84665,616,74545,ZCTA5 84665
84667,415,68750,ZCTA5 84667
84701,8721,70227,ZCTA5 84701
84710,331,49375,ZCTA5 84710
84711,818,87500,ZCTA5 84711
84712,121,45313,ZCTA5 84712
84713,3725,83049,ZCTA5 84713
84714,811,70990,ZCTA5 84714
84715,483,68646,ZCTA5 84715
84716,467,60521,ZCTA5 84716
84718,265,50250,ZCTA5 84718
84719,60,63000,ZCTA5 84719
84720,23237,60585,ZCTA5 84720
84721,28812,71206,ZCTA5 84721
84722,902,69444,ZCTA5 84722
84723,431,58438,ZCTA5 84723
84724,1107,56250,ZCTA5 84724
84725,1566,66875,ZCTA5 84725
84726,815,44904,ZCTA5 84726
84728,59,63889,ZCTA5 84728
84729,375,61563,ZCTA5 84729
84730,675,96563,ZCTA5 84730
84731,9,,ZCTA5 84731
84732,57,,ZCTA5 84732
84733,251,,ZCTA5 84733
84734,223,45179,ZCTA5 84734
84735,194,93125,ZCTA5 84735
84736,286,48750,ZCTA5 84736
84737,22153,65381,ZCTA5 84737
84738,9282,67083,ZCTA5 84738
84739,615,72396,ZCTA5 84739
84740,288,,ZCTA5 84740
84741,6296,69500,ZCTA5 84741
84742,347,,ZCTA5 84742
84743,362,,ZCTA5 84743
84744,259,58594,ZCTA5 84744
84745,4360,56392,ZCTA5 84745
84746,1272,77364,ZCTA5 84746
84747,966,87614,ZCTA5 84747
84749,200,67500,ZCTA5 84749
84750,585,26908,ZCTA5 84750
84751,2348,82928,ZCTA5 84751
84752,1020,60625,ZCTA5 84752
84753,0,,ZCTA5 84753
84754,4059,62452,ZCTA5 84754
84755,25,,ZCTA5 84755
84756,360,,ZCTA5 84756
84757,1305,72188,ZCTA5 84757
84758,611,87411,ZCTA5 84758
84759,2199,64962,ZCTA5 84759
84760,1008,39449,ZCTA5 84760
84761,3069,48599,ZCTA5 84761
84762,88,71121,ZCTA5 84762
84763,180,48438,ZCTA5 84763
84764,283,57027,ZCTA5 84764
84765,7625,91625,ZCTA5 84765
84766,147,82961,ZCTA5 84766
84767,666,69500,ZCTA5 84767
84770,47207,64499,ZCTA5 84770
84772,234,95769,ZCTA5 84772
84773,296,,ZCTA5 84773
84774,2034,87344,ZCTA5 84774
84775,352,86989,ZCTA5 84775
84776,524,54519,ZCTA5 84776
84779,787,92750,ZCTA5 84779
84780,29212,93578,ZCTA5 84780
84781,310,119145,ZCTA5 84781
84782,519,103142,ZCTA5 84782
84783,943,71167,ZCTA5 84783
84784,1076,65179,ZCTA5 84784
84790,51773,81405,ZCTA5 84790
85003,9085,49607,ZCTA5 85003
85004,10548,67727,ZCTA5 85004
85006,24308,54073,ZCTA5 85006
85007,13939,50490,ZCTA5 85007
85008,61759,57728,ZCTA5 85008
85009,52420,46707,ZCTA5 85009
85012,7871,74435,ZCTA5 85012
85013,20662,65142,ZCTA5 85013
85014,25843,64146,ZCTA5 85014
85015,42594,47486,ZCTA5 85015
85016,37025,80315,ZCTA5 85016
85017,43226,50754,ZCTA5 85017
85018,38411,85335,ZCTA5 85018
85019,28102,55674,ZCTA5 85019
85020,34376,74622,ZCTA5 85020
85021,39835,56410,ZCTA5 85021
85022,51826,63905,ZCTA5 85022
85023,33097,67986,ZCTA5 85023
85024,24754,91385,ZCTA5 85024
85026,0,,ZCTA5 85026
85027,39152,71362,ZCTA5 85027
85028,18174,112865,ZCTA5 85028
85029,49592,57802,ZCTA5 85029
85031,31838,60741,ZCTA5 85031
85032,68805,69942,ZCTA5 85032
85033,59904,57045,ZCTA5 85033
85034,4845,42177,ZCTA5 85034
85035,54535,53633,ZCTA5 85035
85037,51987,75281,ZCTA5 85037
85040,34861,55771,ZCTA5 85040
85041,62702,65345,ZCTA5 85041
85042,46913,78282,ZCTA5 85042
85043,40091,66158,ZCTA5 85043
85044,39486,92041,ZCTA5 85044
85045,7303,152805,ZCTA5 85045
85048,34008,115101,ZCTA5 85048
85050,31425,133455,ZCTA5 85050
85051,43520,57176,ZCTA5 85051
85053,28819,65933,ZCTA5 85053
85054,8394,85656,ZCTA5 85054
85083,19703,149058,ZCTA5 85083
85085,27769,112928,ZCTA5 85085
85086,43884,114775,ZCTA5 85086
85087,9410,112614,ZCTA5 85087
85118,12959,80703,ZCTA5 85118
85119,24051,65939,ZCTA5 85119
85120,29623,53291,ZCTA5 85120
85121,1835,33566,ZCTA5 85121
85122,55919,62944,ZCTA5 85122
85123,8766,52396,ZCTA5 85123
85128,17659,55768,ZCTA5 85128
85131,17695,58229,ZCTA5 85131
85132,38160,72894,ZCTA5 85132
85135,525,33182,ZCTA5 85135
85137,2651,63444,ZCTA5 85137
85138,49220,89026,ZCTA5 85138
85139,19307,81605,ZCTA5 85139
85140,48743,91374,ZCTA5 85140
85141,311,65074,ZCTA5 85141
85142,82360,116587,ZCTA5 85142
85143,39622,85744,ZCTA5 85143
85145,3173,76851,ZCTA5 85145
85147,4538,36411,ZCTA5 85147
85172,1564,49015,ZCTA5 85172
85173,2639,39600,ZCTA5 85173
85191,33,,ZCTA5 85191
85192,2133,63072,ZCTA5 85192
85193,5424,59414,ZCTA5 85193
85194,7532,69890,ZCTA5 85194
85201,51840,57684,ZCTA5 85201
85202,39894,61522,ZCTA5 85202
85203,38202,69274,ZCTA5 85203
85204,66851,65836,ZCTA5 85204
85205,44010,68772,ZCTA5 85205
85206,36378,64665,ZCTA5 85206
85207,48133,94913,ZCTA5 85207
85208,37524,65540,ZCTA5 85208
85209,41012,75808,ZCTA5 85209
85210,41434,57480,ZCTA5 85210
85212,46153,119951,ZCTA5 85212
85213,37593,95831,ZCTA5 85213
85215,16525,82171,ZCTA5 85215
85224,49159,88121,ZCTA5 85224
85225,73116,78129,ZCTA5 85225
85226,41734,101669,ZCTA5 85226
85233,38637,99401,ZCTA5 85233
85234,49466,110735,ZCTA5 85234
85236,0,,ZCTA5 85236
85248,36305,87881,ZCTA5 85248
85249,46377,145036,ZCTA5 85249
85250,15290,88608,ZCTA5 85250
85251,40709,86201,ZCTA5 85251
85253,17149,172857,ZCTA5 85253
85254,45207,114968,ZCTA5 85254
85255,43685,136486,ZCTA5 85255
85256,4139,43560,ZCTA5 85256
85257,30133,81382,ZCTA5 85257
85258,25479,99802,ZCTA5 85258
85259,22241,140533,ZCTA5 85259
85260,38627,101112,ZCTA5 85260
85262,13126,177965,ZCTA5 85262
85263,3221,135889,ZCTA5 85263
85264,1370,77833,ZCTA5 85264
85266,12187,150699,ZCTA5 85266
85268,23904,100566,ZCTA5 85268
85281,68623,55572,ZCTA5 85281
85282,52828,72895,ZCTA5 85282
85283,45739,76645,ZCTA5 85283
85284,19150,147500,ZCTA5 85284
85286,48183,114480,ZCTA5 85286
85295,54556,113168,ZCTA5 85295
85296,50570,112832,ZCTA5 85296
85297,34212,129508,ZCTA5 85297
85298,42090,141533,ZCTA5 85298
85301,67781,45837,ZCTA5 85301
85302,40331,57995,ZCTA5 85302
85303,35194,70090,ZCTA5 85303
85304,29566,81866,ZCTA5 85304
85305,15146,95625,ZCTA5 85305
85306,24652,74118,ZCTA5 85306
85307,12162,70793,ZCTA5 85307
85308,63789,91968,ZCTA5 85308
85309,807,,ZCTA5 85309
85310,19224,111818,ZCTA5 85310
85320,527,42833,ZCTA5 85320
85321,3621,43309,ZCTA5 85321
85322,445,71705,ZCTA5 85322
85323,45288,72547,ZCTA5 85323
85324,2408,48468,ZCTA5 85324
85325,1073,45044,ZCTA5 85325
85326,73579,82456,ZCTA5 85326
85328,171,,ZCTA5 85328
85329,2610,41712,ZCTA5 85329
85331,31133,117938,ZCTA5 85331
85332,1633,60208,ZCTA5 85332
85333,550,54141,ZCTA5 85333
85334,1012,37180,ZCTA5 85334
85335,35652,72134,ZCTA5 85335
85336,9780,45305,ZCTA5 85336
85337,2403,47358,ZCTA5 85337
85338,60922,93435,ZCTA5 85338
85339,50686,97057,ZCTA5 85339
85340,36167,111479,ZCTA5 85340
85341,40,,ZCTA5 85341
85342,1829,60726,ZCTA5 85342
85343,75,,ZCTA5 85343
85344,9106,53295,ZCTA5 85344
85345,61801,61628,ZCTA5 85345
85346,2614,19256,ZCTA5 85346
85347,608,69167,ZCTA5 85347
85348,2044,60726,ZCTA5 85348
85349,26190,46801,ZCTA5 85349
85350,19031,62813,ZCTA5 85350
85351,27857,50084,ZCTA5 85351
85352,454,38060,ZCTA5 85352
85353,44000,82271,ZCTA5 85353
85354,7999,71454,ZCTA5 85354
85355,13136,111000,ZCTA5 85355
85356,3703,57721,ZCTA5 85356
85357,455,36472,ZCTA5 85357
85360,59,,ZCTA5 85360
85361,7357,69226,ZCTA5 85361
85362,579,39847,ZCTA5 85362
85363,6980,56449,ZCTA5 85363
85364,71910,53877,ZCTA5 85364
85365,51394,64636,ZCTA5 85365
85367,20761,52600,ZCTA5 85367
85371,206,,ZCTA5 85371
85373,20695,65748,ZCTA5 85373
85374,41814,76770,ZCTA5 85374
85375,26827,62048,ZCTA5 85375
85377,3575,122155,ZCTA5 85377
85378,9226,63102,ZCTA5 85378
85379,48638,99587,ZCTA5 85379
85381,27098,86743,ZCTA5 85381
85382,41158,87060,ZCTA5 85382
85383,69177,131156,ZCTA5 85383
85387,16124,87480,ZCTA5 85387
85388,33517,100639,ZCTA5 85388
85390,9896,64189,ZCTA5 85390
85392,39208,83439,ZCTA5 85392
85395,37313,105717,ZCTA5 85395
85396,35752,112643,ZCTA5 85396
85501,12927,64447,ZCTA5 85501
85530,1777,41339,ZCTA5 85530
85531,375,88645,ZCTA5 85531
85532,387,,ZCTA5 85532
85533,2724,56402,ZCTA5 85533
85534,2777,56902,ZCTA5 85534
85535,0,,ZCTA5 85535
85536,340,68295,ZCTA5 85536
85539,2936,42819,ZCTA5 85539
85540,3881,79715,ZCTA5 85540
85541,22951,58734,ZCTA5 85541
85542,3049,27833,ZCTA5 85542
85543,4425,67717,ZCTA5 85543
85544,2529,53393,ZCTA5 85544
85545,637,44313,ZCTA5 85545
85546,20893,61627,ZCTA5 85546
85550,5378,41563,ZCTA5 85550
85551,456,70938,ZCTA5 85551
85552,6640,72561,ZCTA5 85552
85553,1477,48050,ZCTA5 85553
85554,484,47000,ZCTA5 85554
85601,524,31636,ZCTA5 85601
85602,9643,54577,ZCTA5 85602
85603,6761,43149,ZCTA5 85603
85605,753,46211,ZCTA5 85605
85606,870,60972,ZCTA5 85606
85607,16864,41369,ZCTA5 85607
85608,3079,,ZCTA5 85608
85609,446,,ZCTA5 85609
85610,784,32083,ZCTA5 85610
85611,1261,57679,ZCTA5 85611
85613,4784,92885,ZCTA5 85613
85614,23997,59850,ZCTA5 85614
85615,9435,79583,ZCTA5 85615
85616,4876,48810,ZCTA5 85616
85617,1050,41667,ZCTA5 85617
85618,1268,45313,ZCTA5 85618
85619,26,,ZCTA5 85619
85620,1111,45114,ZCTA5 85620
85621,21421,37004,ZCTA5 85621
85622,6151,72023,ZCTA5 85622
85623,4887,65395,ZCTA5 85623
85624,1396,42895,ZCTA5 85624
85625,2031,47404,ZCTA5 85625
85626,955,68375,ZCTA5 85626
85627,444,47679,ZCTA5 85627
85629,30224,102872,ZCTA5 85629
85630,2225,52244,ZCTA5 85630
85631,3555,45000,ZCTA5 85631
85632,773,44044,ZCTA5 85632
85633,47,,ZCTA5 85633
85634,6012,31814,ZCTA5 85634
85635,35516,62167,ZCTA5 85635
85637,1219,83636,ZCTA5 85637
85638,1610,52542,ZCTA5 85638
85639,441,25050,ZCTA5 85639
85640,81,,ZCTA5 85640
85641,30638,114201,ZCTA5 85641
85643,8787,54492,ZCTA5 85643
85645,1219,59890,ZCTA5 85645
85646,1403,87667,ZCTA5 85646
85648,21509,62461,ZCTA5 85648
85650,14434,77083,ZCTA5 85650
85653,20537,80851,ZCTA5 85653
85654,0,,ZCTA5 85654
85658,15819,105532,ZCTA5 85658
85701,5205,52639,ZCTA5 85701
85704,34590,73268,ZCTA5 85704
85705,56344,33941,ZCTA5 85705
85706,57897,46532,ZCTA5 85706
85707,582,,ZCTA5 85707
85708,3962,58279,ZCTA5 85708
85709,0,,ZCTA5 85709
85710,52982,52299,ZCTA5 85710
85711,41412,50227,ZCTA5 85711
85712,30975,45254,ZCTA5 85712
85713,46688,47708,ZCTA5 85713
85714,15909,45543,ZCTA5 85714
85715,19071,80171,ZCTA5 85715
85716,31590,47568,ZCTA5 85716
85718,26965,107142,ZCTA5 85718
85719,48947,39144,ZCTA5 85719
85721,0,,ZCTA5 85721
85723,148,,ZCTA5 85723
85724,0,,ZCTA5 85724
85726,0,,ZCTA5 85726
85730,38462,58609,ZCTA5 85730
85734,5265,,ZCTA5 85734
85735,11289,68193,ZCTA5 85735
85736,4337,58603,ZCTA5 85736
85737,22767,101165,ZCTA5 85737
85739,17914,80327,ZCTA5 85739
85741,33480,68395,ZCTA5 85741
85742,29687,92627,ZCTA5 85742
85743,30626,86584,ZCTA5 85743
85745,37355,63687,ZCTA5 85745
85746,46617,65611,ZCTA5 85746
85747,25932,104855,ZCTA5 85747
85748,20137,90448,ZCTA5 85748
85749,17467,108223,ZCTA5 85749
85750,24174,97140,ZCTA5 85750
85755,17555,107350,ZCTA5 85755
85756,36828,62699,ZCTA5 85756
85757,21021,72426,ZCTA5 85757
85901,18966,56634,ZCTA5 85901
85902,5,,ZCTA5 85902
85911,1506,18917,ZCTA5 85911
85912,175,46667,ZCTA5 85912
85920,555,67411,ZCTA5 85920
85922,101,53656,ZCTA5 85922
85923,345,50724,ZCTA5 85923
85924,1699,29909,ZCTA5 85924
85925,4382,81071,ZCTA5 85925
85926,807,49196,ZCTA5 85926
85927,167,85083,ZCTA5 85927
85928,409,52313,ZCTA5 85928
85929,7719,55778,ZCTA5 85929
85930,1360,58854,ZCTA5 85930
85931,233,83629,ZCTA5 85931
85932,722,,ZCTA5 85932
85933,3261,40028,ZCTA5 85933
85934,566,,ZCTA5 85934
85935,4514,73554,ZCTA5 85935
85936,4162,84141,ZCTA5 85936
85937,9222,60942,ZCTA5 85937
85938,2187,48700,ZCTA5 85938
85939,3844,76925,ZCTA5 85939
85940,1548,61971,ZCTA5 85940
85941,10480,39411,ZCTA5 85941
85942,0,,ZCTA5 85942
86001,37084,60774,ZCTA5 86001
86003,52,19375,ZCTA5 86003
86004,36590,73765,ZCTA5 86004
86005,16703,73086,ZCTA5 86005
86011,3917,19286,ZCTA5 86011
86015,1275,111389,ZCTA5 86015
86016,39,,ZCTA5 86016
86017,950,80152,ZCTA5 86017
86018,864,93021,ZCTA5 86018
86020,2061,33385,ZCTA5 86020
86021,4118,62279,ZCTA5 86021
86022,1659,51641,ZCTA5 86022
86023,2311,73194,ZCTA5 86023
86024,1096,84167,ZCTA5 86024
86025,5317,59068,ZCTA5 86025
86028,37,,ZCTA5 86028
86029,105,,ZCTA5 86029
86030,700,32321,ZCTA5 86030
86031,1882,27650,ZCTA5 86031
86032,2119,69911,ZCTA5 86032
86033,8051,34846,ZCTA5 86033
86034,1607,30714,ZCTA5 86034
86035,1881,46563,ZCTA5 86035
86036,205,,ZCTA5 86036
86038,272,,ZCTA5 86038
86039,1504,35938,ZCTA5 86039
86040,10785,77777,ZCTA5 86040
86042,1966,63199,ZCTA5 86042
86043,2523,40655,ZCTA5 86043
86044,3148,22935,ZCTA5 86044
86045,11154,57850,ZCTA5 86045
86046,6131,63734,ZCTA5 86046
86047,14688,45842,ZCTA5 86047
86052,296,,ZCTA5 86052
86053,2286,42802,ZCTA5 86053
86054,1568,26550,ZCTA5 86054
86301,26136,70617,ZCTA5 86301
86303,19319,61811,ZCTA5 86303
86305,19071,82792,ZCTA5 86305
86313,212,,ZCTA5 86313
86314,39202,63660,ZCTA5 86314
86315,8878,79477,ZCTA5 86315
86320,2585,50600,ZCTA5 86320
86321,3190,69261,ZCTA5 86321
86322,12795,49958,ZCTA5 86322
86323,19247,57578,ZCTA5 86323
86324,4552,40483,ZCTA5 86324
86325,5505,70812,ZCTA5 86325
86326,24486,51637,ZCTA5 86326
86327,11417,64884,ZCTA5 86327
86329,1239,43583,ZCTA5 86329
86331,363,35208,ZCTA5 86331
86332,2144,42852,ZCTA5 86332
86333,6740,52657,ZCTA5 86333
86334,4328,65333,ZCTA5 86334
86335,4600,57683,ZCTA5 86335
86336,10914,61776,ZCTA5 86336
86337,1838,41938,ZCTA5 86337
86338,570,58000,ZCTA5 86338
86343,143,120438,ZCTA5 86343
86351,6105,74750,ZCTA5 86351
86401,29528,56752,ZCTA5 86401
86403,18583,57843,ZCTA5 86403
86404,18280,63125,ZCTA5 86404
86406,23973,70833,ZCTA5 86406
86409,29001,47171,ZCTA5 86409
86411,520,63191,ZCTA5 86411
86413,11544,43034,ZCTA5 86413
86426,15795,66851,ZCTA5 86426
86429,8400,52425,ZCTA5 86429
86431,295,31042,ZCTA5 86431
86432,3935,34660,ZCTA5 86432
86433,94,,ZCTA5 86433
86434,1867,43580,ZCTA5 86434
86435,0,,ZCTA5 86435
86436,772,,ZCTA5 86436
86437,120,73125,ZCTA5 86437
86438,611,43542,ZCTA5 86438
86440,8708,61167,ZCTA5 86440
86441,1510,36840,ZCTA5 86441
86442,34071,43624,ZCTA5 86442
86443,0,,ZCTA5 86443
86444,1641,55508,ZCTA5 86444
86445,265,36600,ZCTA5 86445
86502,968,21630,ZCTA5 86502
86503,9714,29624,ZCTA5 86503
86504,5909,41738,ZCTA5 86504
86505,7436,25953,ZCTA5 86505
86506,1389,26544,ZCTA5 86506
86507,2006,23304,ZCTA5 86507
86508,542,16875,ZCTA5 86508
86510,3720,27090,ZCTA5 86510
86511,3479,31797,ZCTA5 86511
86512,2594,29365,ZCTA5 86512
86514,3212,43068,ZCTA5 86514
86515,2883,36000,ZCTA5 86515
86520,2201,16818,ZCTA5 86520
86535,1250,22000,ZCTA5 86535
86538,1603,27500,ZCTA5 86538
86540,909,23250,ZCTA5 86540
86544,1440,25938,ZCTA5 86544
86545,1136,26000,ZCTA5 86545
86547,1044,31042,ZCTA5 86547
86556,2945,24625,ZCTA5 86556
87001,3393,38421,ZCTA5 87001
87002,19985,50655,ZCTA5 87002
87004,11614,58442,ZCTA5 87004
87005,25,,ZCTA5 87005
87006,1716,78615,ZCTA5 87006
87007,1824,31776,ZCTA5 87007
87008,2418,106250,ZCTA5 87008
87010,1073,37285,ZCTA5 87010
87011,5,,ZCTA5 87011
87012,320,,ZCTA5 87012
87013,5600,27388,ZCTA5 87013
87014,591,46449,ZCTA5 87014
87015,14519,71616,ZCTA5 87015
87016,2848,40191,ZCTA5 87016
87017,373,125708,ZCTA5 87017
87018,922,16250,ZCTA5 87018
87020,10555,57051,ZCTA5 87020
87021,2793,37458,ZCTA5 87021
87022,527,61000,ZCTA5 87022
87023,451,39352,ZCTA5 87023
87024,2538,60083,ZCTA5 87024
87025,1472,141139,ZCTA5 87025
87026,3817,40202,ZCTA5 87026
87027,422,,ZCTA5 87027
87028,155,31534,ZCTA5 87028
87029,367,58750,ZCTA5 87029
87031,46590,58580,ZCTA5 87031
87032,115,,ZCTA5 87032
87034,2982,52667,ZCTA5 87034
87035,7331,49647,ZCTA5 87035
87036,1663,53750,ZCTA5 87036
87037,1651,16250,ZCTA5 87037
87038,359,71406,ZCTA5 87038
87040,481,,ZCTA5 87040
87041,867,60703,ZCTA5 87041
87042,3447,57219,ZCTA5 87042
87043,4066,105216,ZCTA5 87043
87044,160,55625,ZCTA5 87044
87045,2238,26875,ZCTA5 87045
87046,217,,ZCTA5 87046
87047,4965,109525,ZCTA5 87047
87048,8839,94479,ZCTA5 87048
87049,304,,ZCTA5 87049
87051,2103,64578,ZCTA5 87051
87052,2841,44868,ZCTA5 87052
87053,1283,48125,ZCTA5 87053
87056,1005,70699,ZCTA5 87056
87059,10020,90082,ZCTA5 87059
87060,0,,ZCTA5 87060
87061,232,38060,ZCTA5 87061
87062,1374,36646,ZCTA5 87062
87063,389,,ZCTA5 87063
87064,109,,ZCTA5 87064
87068,5450,67263,ZCTA5 87068
87070,10,,ZCTA5 87070
87072,620,56250,ZCTA5 87072
87083,466,57813,ZCTA5 87083
87101,0,,ZCTA5 87101
87102,20031,35069,ZCTA5 87102
87104,12982,65060,ZCTA5 87104
87105,55295,46124,ZCTA5 87105
87106,25825,50999,ZCTA5 87106
87107,27873,56629,ZCTA5 87107
87108,36147,34016,ZCTA5 87108
87109,40313,53182,ZCTA5 87109
87110,40404,61158,ZCTA5 87110
87111,56830,80358,ZCTA5 87111
87112,42632,63832,ZCTA5 87112
87113,16434,84668,ZCTA5 87113
87114,67805,77743,ZCTA5 87114
87116,4381,74806,ZCTA5 87116
87117,28,,ZCTA5 87117
87120,65918,80704,ZCTA5 87120
87121,76980,53326,ZCTA5 87121
87122,18592,152360,ZCTA5 87122
87123,43351,59387,ZCTA5 87123
87124,57239,72986,ZCTA5 87124
87144,48815,84303,ZCTA5 87144
87151,1261,,ZCTA5 87151
87301,22454,58854,ZCTA5 87301
87305,1947,45543,ZCTA5 87305
87310,1182,32250,ZCTA5 87310
87311,5027,30192,ZCTA5 87311
87312,578,45096,ZCTA5 87312
87313,4990,33493,ZCTA5 87313
87315,223,,ZCTA5 87315
87316,1552,90083,ZCTA5 87316
87317,1938,46875,ZCTA5 87317
87319,2653,39485,ZCTA5 87319
87320,594,30000,ZCTA5 87320
87321,1963,71354,ZCTA5 87321
87322,594,46875,ZCTA5 87322
87323,4345,35670,ZCTA5 87323
87325,2290,33649,ZCTA5 87325
87326,2439,28954,ZCTA5 87326
87327,8134,43889,ZCTA5 87327
87328,2920,29063,ZCTA5 87328
87347,237,72865,ZCTA5 87347
87357,1043,27500,ZCTA5 87357
87364,1470,26750,ZCTA5 87364
87365,32,19500,ZCTA5 87365
87375,4484,35875,ZCTA5 87375
87401,46398,52654,ZCTA5 87401
87402,10362,72869,ZCTA5 87402
87410,15087,53958,ZCTA5 87410
87412,1594,48920,ZCTA5 87412
87413,14980,51393,ZCTA5 87413
87415,2418,41846,ZCTA5 87415
87416,4470,42346,ZCTA5 87416
87417,5358,50114,ZCTA5 87417
87418,835,76458,ZCTA5 87418
87419,411,51429,ZCTA5 87419
87420,11051,37643,ZCTA5 87420
87421,1612,48102,ZCTA5 87421
87455,1546,31875,ZCTA5 87455
87461,1394,31053,ZCTA5 87461
87499,868,30833,ZCTA5 87499
87501,15001,77400,ZCTA5 87501
87505,31857,77267,ZCTA5 87505
87506,15895,77807,ZCTA5 87506
87507,51580,60641,ZCTA5 87507
87508,18245,87750,ZCTA5 87508
87510,861,,ZCTA5 87510
87511,2806,62268,ZCTA5 87511
87512,122,,ZCTA5 87512
87513,749,58136,ZCTA5 87513
87514,1320,59583,ZCTA5 87514
87515,169,158470,ZCTA5 87515
87516,95,,ZCTA5 87516
87517,308,99122,ZCTA5 87517
87518,0,,ZCTA5 87518
87519,746,73837,ZCTA5 87519
87520,1212,52750,ZCTA5 87520
87521,880,,ZCTA5 87521
87522,3217,63199,ZCTA5 87522
87523,180,,ZCTA5 87523
87524,414,,ZCTA5 87524
87525,64,71667,ZCTA5 87525
87527,896,,ZCTA5 87527
87528,2650,43607,ZCTA5 87528
87529,4723,62857,ZCTA5 87529
87530,975,21422,ZCTA5 87530
87531,308,,ZCTA5 87531
87532,19827,51331,ZCTA5 87532
87535,1584,45951,ZCTA5 87535
87537,2561,48000,ZCTA5 87537
87538,441,,ZCTA5 87538
87539,214,,ZCTA5 87539
87540,885,63140,ZCTA5 87540
87543,247,,ZCTA5 87543
87544,13661,130368,ZCTA5 87544
87547,5592,144661,ZCTA5 87547
87548,944,68445,ZCTA5 87548
87549,1166,,ZCTA5 87549
87551,324,,ZCTA5 87551
87552,2132,47042,ZCTA5 87552
87553,1583,37143,ZCTA5 87553
87554,0,,ZCTA5 87554
87556,2445,49158,ZCTA5 87556
87557,5527,50112,ZCTA5 87557
87558,1046,,ZCTA5 87558
87560,1635,27120,ZCTA5 87560
87562,582,90708,ZCTA5 87562
87564,84,,ZCTA5 87564
87565,351,20148,ZCTA5 87565
87566,2906,61136,ZCTA5 87566
87567,1122,44030,ZCTA5 87567
87569,466,,ZCTA5 87569
87571,11698,53915,ZCTA5 87571
87573,6,,ZCTA5 87573
87575,986,63846,ZCTA5 87575
87577,589,28571,ZCTA5 87577
87578,320,,ZCTA5 87578
87579,2002,82868,ZCTA5 87579
87580,161,,ZCTA5 87580
87581,30,,ZCTA5 87581
87582,1055,90504,ZCTA5 87582
87583,455,25409,ZCTA5 87583
87701,17991,45341,ZCTA5 87701
87710,1359,69153,ZCTA5 87710
87711,945,32660,ZCTA5 87711
87712,364,,ZCTA5 87712
87713,184,,ZCTA5 87713
87714,1013,36667,ZCTA5 87714
87715,418,22300,ZCTA5 87715
87718,440,40500,ZCTA5 87718
87722,677,50086,ZCTA5 87722
87723,262,,ZCTA5 87723
87724,0,,ZCTA5 87724
87728,619,40833,ZCTA5 87728
87729,86,27361,ZCTA5 87729
87730,14,250001,ZCTA5 87730
87731,511,27306,ZCTA5 87731
87732,1123,33207,ZCTA5 87732
87733,101,34375,ZCTA5 87733
87734,337,25417,ZCTA5 87734
87735,32,,ZCTA5 87735
87736,66,,ZCTA5 87736
87740,6928,42030,ZCTA5 87740
87742,283,62054,ZCTA5 87742
87743,412,38580,ZCTA5 87743
87745,1067,56628,ZCTA5 87745
87746,78,95688,ZCTA5 87746
87747,1682,52813,ZCTA5 87747
87749,104,,ZCTA5 87749
87750,0,,ZCTA5 87750
87752,618,41472,ZCTA5 87752
87753,59,,ZCTA5 87753
87801,9486,45972,ZCTA5 87801
87820,226,38500,ZCTA5 87820
87821,781,35565,ZCTA5 87821
87823,365,,ZCTA5 87823
87824,130,,ZCTA5 87824
87825,2665,26920,ZCTA5 87825
87827,279,,ZCTA5 87827
87828,666,,ZCTA5 87828
87829,887,48783,ZCTA5 87829
87830,765,24572,ZCTA5 87830
87831,208,29453,ZCTA5 87831
87832,152,,ZCTA5 87832
87901,6264,28039,ZCTA5 87901
87930,408,,ZCTA5 87930
87931,706,,ZCTA5 87931
87933,0,,ZCTA5 87933
87935,1718,39746,ZCTA5 87935
87936,234,21344,ZCTA5 87936
87937,3546,40125,ZCTA5 87937
87939,267,111004,ZCTA5 87939
87940,414,47888,ZCTA5 87940
87941,860,26280,ZCTA5 87941
87942,1542,34967,ZCTA5 87942
87943,254,71875,ZCTA5 87943
88001,39358,31701,ZCTA5 88001
88002,1449,88750,ZCTA5 88002
88003,458,,ZCTA5 88003
88004,1037,,ZCTA5 88004
88005,27279,45256,ZCTA5 88005
88007,24983,63330,ZCTA5 88007
88008,11771,68192,ZCTA5 88008
88009,48,,ZCTA5 88009
88011,30831,73362,ZCTA5 88011
88012,31800,63545,ZCTA5 88012
88020,793,63281,ZCTA5 88020
88021,16156,39242,ZCTA5 88021
88022,807,69545,ZCTA5 88022
88023,2184,35742,ZCTA5 88023
88024,430,36474,ZCTA5 88024
88025,50,,ZCTA5 88025
88026,1610,46078,ZCTA5 88026
88027,708,53295,ZCTA5 88027
88028,277,36563,ZCTA5 88028
88029,1327,27898,ZCTA5 88029
88030,24066,40075,ZCTA5 88030
88034,64,,ZCTA5 88034
88038,329,,ZCTA5 88038
88039,553,48125,ZCTA5 88039
88040,81,37798,ZCTA5 88040
88041,1423,33733,ZCTA5 88041
88042,327,16096,ZCTA5 88042
88043,1652,37868,ZCTA5 88043
88044,2499,54485,ZCTA5 88044
88045,3154,46071,ZCTA5 88045
88046,663,,ZCTA5 88046
88047,1372,45058,ZCTA5 88047
88048,3211,45247,ZCTA5 88048
88049,746,53606,ZCTA5 88049
88051,64,,ZCTA5 88051
88052,98,230152,ZCTA5 88052
88053,185,,ZCTA5 88053
88055,34,,ZCTA5 88055
88056,165,63209,ZCTA5 88056
88061,17784,46627,ZCTA5 88061
88063,11398,27078,ZCTA5 88063
88065,716,52989,ZCTA5 88065
88072,2937,36690,ZCTA5 88072
88081,17183,44219,ZCTA5 88081
88101,45619,54824,ZCTA5 88101
88103,19,,ZCTA5 88103
88112,317,55982,ZCTA5 88112
88113,185,63182,ZCTA5 88113
88114,57,,ZCTA5 88114
88115,7,,ZCTA5 88115
88116,458,56250,ZCTA5 88116
88118,225,52778,ZCTA5 88118
88119,1615,32188,ZCTA5 88119
88120,356,65647,ZCTA5 88120
88121,177,,ZCTA5 88121
88124,859,54375,ZCTA5 88124
88125,74,,ZCTA5 88125
88126,10,,ZCTA5 88126
88130,17776,52795,ZCTA5 88130
88132,285,47188,ZCTA5 88132
88134,92,,ZCTA5 88134
88135,1357,65855,ZCTA5 88135
88136,63,61083,ZCTA5 88136
88201,26521,61464,ZCTA5 88201
88203,29499,42500,ZCTA5 88203
88210,18552,74932,ZCTA5 88210
88220,39809,79809,ZCTA5 88220
88230,4993,41827,ZCTA5 88230
88231,3565,74545,ZCTA5 88231
88232,2611,56964,ZCTA5 88232
88240,41652,63083,ZCTA5 88240
88242,7312,82041,ZCTA5 88242
88244,1183,,ZCTA5 88244
88250,354,122500,ZCTA5 88250
88252,2258,56731,ZCTA5 88252
88253,1183,,ZCTA5 88253
88254,29,,ZCTA5 88254
88255,72,,ZCTA5 88255
88256,2075,58625,ZCTA5 88256
88260,15498,72510,ZCTA5 88260
88262,4,,ZCTA5 88262
88263,183,139107,ZCTA5 88263
88264,0,,ZCTA5 88264
88265,129,,ZCTA5 88265
88267,1445,51600,ZCTA5 88267
88268,0,,ZCTA5 88268
88301,1307,41625,ZCTA5 88301
88310,36990,52546,ZCTA5 88310
88311,829,16860,ZCTA5 88311
88312,2800,56686,ZCTA5 88312
88314,186,,ZCTA5 88314
88316,2289,66042,ZCTA5 88316
88317,2143,60625,ZCTA5 88317
88318,291,58000,ZCTA5 88318
88321,373,76121,ZCTA5 88321
88323,0,,ZCTA5 88323
88324,112,,ZCTA5 88324
88325,1674,75688,ZCTA5 88325
88330,4182,48263,ZCTA5 88330
88336,532,32434,ZCTA5 88336
88337,1947,57212,ZCTA5 88337
88338,180,,ZCTA5 88338
88339,720,72684,ZCTA5 88339
88340,3969,38209,ZCTA5 88340
88341,582,87188,ZCTA5 88341
88342,0,,ZCTA5 88342
88343,12,,ZCTA5 88343
88344,34,106528,ZCTA5 88344
88345,8498,37469,ZCTA5 88345
88346,2770,29158,ZCTA5 88346
88347,15,,ZCTA5 88347
88348,449,,ZCTA5 88348
88349,0,,ZCTA5 88349
88350,116,,ZCTA5 88350
88351,201,,ZCTA5 88351
88352,4179,46651,ZCTA5 88352
88353,528,26471,ZCTA5 88353
88354,88,,ZCTA5 88354
88355,233,,ZCTA5 88355
88401,6629,40313,ZCTA5 88401
88410,125,,ZCTA5 88410
88411,132,53750,ZCTA5 88411
88414,127,39028,ZCTA5 88414
88415,3152,42393,ZCTA5 88415
88416,147,,ZCTA5 88416
88417,69,,ZCTA5 88417
88418,542,58854,ZCTA5 88418
88419,64,71875,ZCTA5 88419
88421,19,,ZCTA5 88421
88422,125,37240,ZCTA5 88422
88424,59,61458,ZCTA5 88424
88426,1063,28403,ZCTA5 88426
88427,100,53125,ZCTA5 88427
88430,216,38092,ZCTA5 88430
88431,178,,ZCTA5 88431
88434,292,50192,ZCTA5 88434
88435,3615,39663,ZCTA5 88435
88436,50,,ZCTA5 88436
88439,0,,ZCTA5 88439
89001,1220,82593,ZCTA5 89001
89002,37352,95346,ZCTA5 89002
89003,596,,ZCTA5 89003
89004,247,81023,ZCTA5 89004
89005,14874,76356,ZCTA5 89005
89007,1008,142500,ZCTA5 89007
89008,1019,51750,ZCTA5 89008
89010,461,50000,ZCTA5 89010
89011,33600,85009,ZCTA5 89011
89012,37991,89177,ZCTA5 89012
89013,222,,ZCTA5 89013
89014,41469,69848,ZCTA5 89014
89015,41742,66195,ZCTA5 89015
89017,36,,ZCTA5 89017
89018,855,58095,ZCTA5 89018
89019,2312,51806,ZCTA5 89019
89020,1608,34635,ZCTA5 89020
89021,2815,107721,ZCTA5 89021
89022,0,,ZCTA5 89022
89025,1032,65595,ZCTA5 89025
89026,39,,ZCTA5 89026
89027,18012,65267,ZCTA5 89027
89029,8477,44885,ZCTA5 89029
89030,52370,42794,ZCTA5 89030
89031,74005,79726,ZCTA5 89031
89032,48711,71262,ZCTA5 89032
89034,2647,86453,ZCTA5 89034
89039,324,43409,ZCTA5 89039
89040,4493,76702,ZCTA5 89040
89042,1070,68490,ZCTA5 89042
89043,1162,73882,ZCTA5 89043
89044,27152,107255,ZCTA5 89044
89045,2233,79872,ZCTA5 89045
89046,315,40104,ZCTA5 89046
89047,213,80208,ZCTA5 89047
89048,25091,52690,ZCTA5 89048
89049,2334,35140,ZCTA5 89049
89052,59075,96944,ZCTA5 89052
89054,311,,ZCTA5 89054
89060,12198,48076,ZCTA5 89060
89061,7529,64420,ZCTA5 89061
89070,5032,,ZCTA5 89070
89074,52135,86015,ZCTA5 89074
89081,39702,87378,ZCTA5 89081
89084,34278,93575,ZCTA5 89084
89085,4470,111577,ZCTA5 89085
89086,7142,56927,ZCTA5 89086
89101,44134,35029,ZCTA5 89101
89102,37342,45724,ZCTA5 89102
89103,51343,46139,ZCTA5 89103
89104,39719,48355,ZCTA5 89104
89106,25581,36403,ZCTA5 89106
89107,37101,50876,ZCTA5 89107
89108,75498,55935,ZCTA5 89108
89109,6490,49818,ZCTA5 89109
89110,66927,50802,ZCTA5 89110
89113,36979,85504,ZCTA5 89113
89115,66461,47189,ZCTA5 89115
89117,55282,68206,ZCTA5 89117
89118,23108,65929,ZCTA5 89118
89119,50985,44939,ZCTA5 89119
89120,25204,68934,ZCTA5 89120
89121,67537,50757,ZCTA5 89121
89122,51567,55216,ZCTA5 89122
89123,58882,78195,ZCTA5 89123
89124,778,104830,ZCTA5 89124
89128,38500,66534,ZCTA5 89128
89129,54002,87620,ZCTA5 89129
89130,35334,81584,ZCTA5 89130
89131,50384,109956,ZCTA5 89131
89134,23619,76500,ZCTA5 89134
89135,30876,113377,ZCTA5 89135
89138,21855,157170,ZCTA5 89138
89139,43702,93003,ZCTA5 89139
89141,39089,105993,ZCTA5 89141
89142,34098,60245,ZCTA5 89142
89143,13220,92575,ZCTA5 89143
89144,19608,101000,ZCTA5 89144
89145,26437,67308,ZCTA5 89145
89146,20719,57581,ZCTA5 89146
89147,55914,68251,ZCTA5 89147
89148,62337,92362,ZCTA5 89148
89149,43929,96454,ZCTA5 89149
89156,31570,61856,ZCTA5 89156
89158,468,110039,ZCTA5 89158
89161,427,73333,ZCTA5 89161
89166,28613,101276,ZCTA5 89166
89169,22196,37200,ZCTA5 89169
89178,41051,101256,ZCTA5 89178
89179,12045,110356,ZCTA5 89179
89183,40562,76488,ZCTA5 89183
89191,470,,ZCTA5 89191
89301,7212,75089,ZCTA5 89301
89310,181,46328,ZCTA5 89310
89311,173,49659,ZCTA5 89311
89314,187,49000,ZCTA5 89314
89315,67,,ZCTA5 89315
89316,1062,93512,ZCTA5 89316
89317,402,,ZCTA5 89317
89318,888,54821,ZCTA5 89318
89319,189,,ZCTA5 89319
89402,171,250001,ZCTA5 89402
89403,16998,82913,ZCTA5 89403
89404,31,,ZCTA5 89404
89405,162,,ZCTA5 89405
89406,25327,69922,ZCTA5 89406
89408,23611,84104,ZCTA5 89408
89409,65,,ZCTA5 89409
89410,11138,77800,ZCTA5 89410
89411,1034,117167,ZCTA5 89411
89412,92,,ZCTA5 89412
89413,613,127589,ZCTA5 89413
89414,178,,ZCTA5 89414
89415,3232,52782,ZCTA5 89415
89418,144,,ZCTA5 89418
89419,5147,60568,ZCTA5 89419
89420,114,,ZCTA5 89420
89421,363,22222,ZCTA5 89421
89422,138,27235,ZCTA5 89422
89423,10830,100370,ZCTA5 89423
89424,393,66250,ZCTA5 89424
89425,607,59397,ZCTA5 89425
89426,154,133245,ZCTA5 89426
89427,1084,34196,ZCTA5 89427
89428,105,76750,ZCTA5 89428
89429,7522,51593,ZCTA5 89429
89430,78,147941,ZCTA5 89430
89431,40973,61968,ZCTA5 89431
89433,23492,69785,ZCTA5 89433
89434,27151,82752,ZCTA5 89434
89436,47159,105324,ZCTA5 89436
89437,0,,ZCTA5 89437
89438,35,,ZCTA5 89438
89439,1639,88500,ZCTA5 89439
89440,981,125058,ZCTA5 89440
89441,13025,125556,ZCTA5 89441
89442,887,58239,ZCTA5 89442
89444,3278,52176,ZCTA5 89444
89445,17043,77783,ZCTA5 89445
89446,111,,ZCTA5 89446
89447,8472,47414,ZCTA5 89447
89448,1969,127454,ZCTA5 89448
89449,2824,68077,ZCTA5 89449
89450,0,,ZCTA5 89450
89451,9176,154773,ZCTA5 89451
89460,14199,81536,ZCTA5 89460
89496,82,,ZCTA5 89496
89501,3984,40052,ZCTA5 89501
89502,46412,58228,ZCTA5 89502
89503,30446,61099,ZCTA5 89503
89506,45383,82606,ZCTA5 89506
89508,14596,88341,ZCTA5 89508
89509,36048,78362,ZCTA5 89509
89510,1375,86500,ZCTA5 89510
89511,29038,114653,ZCTA5 89511
89512,28055,45286,ZCTA5 89512
89519,9313,150646,ZCTA5 89519
89521,38484,116246,ZCTA5 89521
89523,36538,94915,ZCTA5 89523
89557,546,,ZCTA5 89557
89701,29258,67580,ZCTA5 89701
89703,10627,83295,ZCTA5 89703
89704,4644,102321,ZCTA5 89704
89705,5219,77826,ZCTA5 89705
89706,20089,59636,ZCTA5 89706
89801,26023,87718,ZCTA5 89801
89815,15771,106915,ZCTA5 89815
89820,5570,100000,ZCTA5 89820
89821,520,72929,ZCTA5 89821
89822,2296,68478,ZCTA5 89822
89823,443,59407,ZCTA5 89823
89825,1215,62692,ZCTA5 89825
89826,0,,ZCTA5 89826
89828,277,,ZCTA5 89828
89830,50,,ZCTA5 89830
89831,22,,ZCTA5 89831
89832,1253,47361,ZCTA5 89832
89833,204,89444,ZCTA5 89833
89834,108,157727,ZCTA5 89834
89835,1330,56797,ZCTA5 89835
89883,4644,80339,ZCTA5 89883
90001,57652,57698,ZCTA5 90001
90002,53108,54221,ZCTA5 90002
90003,75024,51275,ZCTA5 90003
90004,58833,58420,ZCTA5 90004
90005,37754,49226,ZCTA5 90005
90006,56628,47599,ZCTA5 90006
90007,41004,36326,ZCTA5 90007
90008,33076,57880,ZCTA5 90008
90010,4185,92454,ZCTA5 90010
90011,106042,51819,ZCTA5 90011
90012,38430,58444,ZCTA5 90012
90013,14587,24853,ZCTA5 90013
90014,9273,26550,ZCTA5 90014
90015,25554,61959,ZCTA5 90015
90016,47309,63090,ZCTA5 90016
90017,28754,46626,ZCTA5 90017
90018,49898,58987,ZCTA5 90018
90019,59410,65972,ZCTA5 90019
90020,38400,55321,ZCTA5 90020
90021,2781,29659,ZCTA5 90021
90022,64147,65142,ZCTA5 90022
90023,44558,52918,ZCTA5 90023
90024,50392,74852,ZCTA5 90024
90025,44429,103511,ZCTA5 90025
90026,64769,80549,ZCTA5 90026
90027,45764,86826,ZCTA5 90027
90028,30982,57258,ZCTA5 90028
90029,34649,56529,ZCTA5 90029
90031,37457,59889,ZCTA5 90031
90032,44881,76608,ZCTA5 90032
90033,47655,50616,ZCTA5 90033
90034,55061,97511,ZCTA5 90034
90035,26595,110520,ZCTA5 90035
90036,37713,97583,ZCTA5 90036
90037,69064,52238,ZCTA5 90037
90038,27979,57102,ZCTA5 90038
90039,28244,108338,ZCTA5 90039
90040,11839,62083,ZCTA5 90040
90041,28321,111938,ZCTA5 90041
90042,59151,89168,ZCTA5 90042
90043,44461,63990,ZCTA5 90043
90044,98990,48386,ZCTA5 90044
90045,41123,125692,ZCTA5 90045
90046,48170,87339,ZCTA5 90046
90047,52200,67018,ZCTA5 90047
90048,20411,102244,ZCTA5 90048
90049,35819,161605,ZCTA5 90049
90052,0,,ZCTA5 90052
90056,8225,123457,ZCTA5 90056
90057,47142,46513,ZCTA5 90057
90058,3049,34093,ZCTA5 90058
90059,39471,50939,ZCTA5 90059
90061,28646,56837,ZCTA5 90061
90062,33528,61422,ZCTA5 90062
90063,52008,69307,ZCTA5 90063
90064,25956,123929,ZCTA5 90064
90065,44897,88329,ZCTA5 90065
90066,54142,100344,ZCTA5 90066
90067,2653,125995,ZCTA5 90067
90068,21064,97151,ZCTA5 90068
90069,20045,106133,ZCTA5 90069
90071,313,,ZCTA5 90071
90073,1014,,ZCTA5 90073
90077,7868,203194,ZCTA5 90077
90079,0,,ZCTA5 90079
90089,4164,,ZCTA5 90089
90094,11891,156536,ZCTA5 90094
90095,0,,ZCTA5 90095
90201,95134,53692,ZCTA5 90201
90210,19180,172285,ZCTA5 90210
90211,9208,115025,ZCTA5 90211
90212,10881,101963,ZCTA5 90212
90220,49101,69901,ZCTA5 90220
90221,52119,64439,ZCTA5 90221
90222,33021,68722,ZCTA5 90222
90230,32005,107870,ZCTA5 90230
90232,16352,113278,ZCTA5 90232
90240,26026,99874,ZCTA5 90240
90241,45341,81220,ZCTA5 90241
90242,41685,81448,ZCTA5 90242
90245,17081,142596,ZCTA5 90245
90247,47682,70012,ZCTA5 90247
90248,11453,75865,ZCTA5 90248
90249,25929,83125,ZCTA5 90249
90250,96200,74616,ZCTA5 90250
90254,19551,149500,ZCTA5 90254
90255,71654,57013,ZCTA5 90255
90260,33282,80205,ZCTA5 90260
90262,66073,67620,ZCTA5 90262
90263,1803,,ZCTA5 90263
90265,16652,186264,ZCTA5 90265
90266,35123,187217,ZCTA5 90266
90270,24950,57741,ZCTA5 90270
90272,21298,225256,ZCTA5 90272
90274,24942,206013,ZCTA5 90274
90275,41941,166602,ZCTA5 90275
90277,36339,120008,ZCTA5 90277
90278,42536,143785,ZCTA5 90278
90280,92262,67287,ZCTA5 90280
90290,5300,138316,ZCTA5 90290
90291,25656,111610,ZCTA5 90291
90292,24481,136854,ZCTA5 90292
90293,13039,124688,ZCTA5 90293
90301,37341,61910,ZCTA5 90301
90302,29307,68662,ZCTA5 90302
90303,23370,67598,ZCTA5 90303
90304,25725,57647,ZCTA5 90304
90305,14679,85466,ZCTA5 90305
90401,7480,89892,ZCTA5 90401
90402,11816,171844,ZCTA5 90402
90403,24092,123391,ZCTA5 90403
90404,23975,87209,ZCTA5 90404
90405,26981,101713,ZCTA5 90405
90501,42536,89926,ZCTA5 90501
90502,18430,95528,ZCTA5 90502
90503,44280,117364,ZCTA5 90503
90504,32965,101773,ZCTA5 90504
90505,36214,108857,ZCTA5 90505
90506,0,,ZCTA5 90506
90601,30667,96209,ZCTA5 90601
90602,25949,63956,ZCTA5 90602
90603,20883,117324,ZCTA5 90603
90604,39795,95570,ZCTA5 90604
90605,41427,94200,ZCTA5 90605
90606,31717,86596,ZCTA5 90606
90620,47042,115501,ZCTA5 90620
90621,36151,88735,ZCTA5 90621
90623,15419,110028,ZCTA5 90623
90630,50170,117610,ZCTA5 90630
90631,69064,98009,ZCTA5 90631
90638,46170,104114,ZCTA5 90638
90639,1833,,ZCTA5 90639
90640,62294,72163,ZCTA5 90640
90650,101983,91259,ZCTA5 90650
90660,61561,82539,ZCTA5 90660
90670,17556,83259,ZCTA5 90670
90680,31102,79303,ZCTA5 90680
90701,16237,92702,ZCTA5 90701
90703,49334,124240,ZCTA5 90703
90704,3822,89107,ZCTA5 90704
90706,78352,75379,ZCTA5 90706
90710,27517,75114,ZCTA5 90710
90712,31552,119143,ZCTA5 90712
90713,28439,123809,ZCTA5 90713
90715,20949,89113,ZCTA5 90715
90716,13941,73784,ZCTA5 90716
90717,21788,88111,ZCTA5 90717
90720,23673,131660,ZCTA5 90720
90723,53286,67130,ZCTA5 90723
90731,63431,69019,ZCTA5 90731
90732,22078,115120,ZCTA5 90732
90740,24604,75007,ZCTA5 90740
90742,469,112600,ZCTA5 90742
90743,434,162391,ZCTA5 90743
90744,54277,58869,ZCTA5 90744
90745,58735,103471,ZCTA5 90745
90746,27643,109596,ZCTA5 90746
90747,25,,ZCTA5 90747
90755,11764,96521,ZCTA5 90755
90802,40012,69613,ZCTA5 90802
90803,31659,107889,ZCTA5 90803
90804,37299,64160,ZCTA5 90804
90805,96515,64848,ZCTA5 90805
90806,40688,67632,ZCTA5 90806
90807,33153,89319,ZCTA5 90807
90808,39698,131535,ZCTA5 90808
90810,36306,75152,ZCTA5 90810
90813,53647,48535,ZCTA5 90813
90814,20723,89776,ZCTA5 90814
90815,42759,110565,ZCTA5 90815
90822,125,,ZCTA5 90822
90831,0,,ZCTA5 90831
90840,0,,ZCTA5 90840
91001,36420,129030,ZCTA5 91001
91006,31986,123358,ZCTA5 91006
91007,33367,93128,ZCTA5 91007
91008,744,139167,ZCTA5 91008
91010,26825,95172,ZCTA5 91010
91011,20389,210532,ZCTA5 91011
91016,41822,95606,ZCTA5 91016
91020,7509,61771,ZCTA5 91020
91024,11151,128056,ZCTA5 91024
91030,26583,127882,ZCTA5 91030
91040,20911,103823,ZCTA5 91040
91042,27119,81324,ZCTA5 91042
91046,141,,ZCTA5 91046
91101,19737,86631,ZCTA5 91101
91103,27167,78513,ZCTA5 91103
91104,35918,93856,ZCTA5 91104
91105,12692,163253,ZCTA5 91105
91106,23813,91220,ZCTA5 91106
91107,32581,120822,ZCTA5 91107
91108,12559,173312,ZCTA5 91108
91125,996,,ZCTA5 91125
91201,22163,67102,ZCTA5 91201
91202,22831,90232,ZCTA5 91202
91203,16679,70650,ZCTA5 91203
91204,18445,69102,ZCTA5 91204
91205,35755,58290,ZCTA5 91205
91206,32294,85651,ZCTA5 91206
91207,11091,106984,ZCTA5 91207
91208,15377,112485,ZCTA5 91208
91210,310,,ZCTA5 91210
91214,32344,126175,ZCTA5 91214
91301,25244,157582,ZCTA5 91301
91302,26318,172651,ZCTA5 91302
91303,30611,77437,ZCTA5 91303
91304,54369,79673,ZCTA5 91304
91306,49460,82380,ZCTA5 91306
91307,25368,130877,ZCTA5 91307
91311,40196,112172,ZCTA5 91311
91316,28497,85354,ZCTA5 91316
91320,44138,143873,ZCTA5 91320
91321,34305,84503,ZCTA5 91321
91324,29744,100086,ZCTA5 91324
91325,35537,83853,ZCTA5 91325
91326,36503,142170,ZCTA5 91326
91330,2699,,ZCTA5 91330
91331,99804,76942,ZCTA5 91331
91335,77158,74632,ZCTA5 91335
91340,34822,71664,ZCTA5 91340
91342,92580,89264,ZCTA5 91342
91343,63193,77790,ZCTA5 91343
91344,53862,111897,ZCTA5 91344
91345,18481,93622,ZCTA5 91345
91350,42970,137626,ZCTA5 91350
91351,32677,104214,ZCTA5 91351
91352,45601,68132,ZCTA5 91352
91354,33039,145442,ZCTA5 91354
91355,30289,109752,ZCTA5 91355
91356,30599,105513,ZCTA5 91356
91360,42444,111095,ZCTA5 91360
91361,18753,127304,ZCTA5 91361
91362,36770,135998,ZCTA5 91362
91364,28765,128306,ZCTA5 91364
91367,44862,106355,ZCTA5 91367
91371,0,,ZCTA5 91371
91377,13627,150898,ZCTA5 91377
91381,20864,148873,ZCTA5 91381
91384,27652,127416,ZCTA5 91384
91387,46812,111090,ZCTA5 91387
91390,18930,145465,ZCTA5 91390
91401,39179,72476,ZCTA5 91401
91402,67937,55130,ZCTA5 91402
91403,25887,107970,ZCTA5 91403
91405,55451,58365,ZCTA5 91405
91406,53276,71819,ZCTA5 91406
91411,23689,73669,ZCTA5 91411
91423,31787,104205,ZCTA5 91423
91436,16190,155346,ZCTA5 91436
91501,18951,80198,ZCTA5 91501
91502,12312,59711,ZCTA5 91502
91504,27479,99318,ZCTA5 91504
91505,32156,104361,ZCTA5 91505
91506,19559,104009,ZCTA5 91506
91601,35615,73735,ZCTA5 91601
91602,19980,93210,ZCTA5 91602
91604,32073,132494,ZCTA5 91604
91605,51654,61031,ZCTA5 91605
91606,43552,64976,ZCTA5 91606
91607,30734,82995,ZCTA5 91607
91608,56,56898,ZCTA5 91608
91701,39323,111745,ZCTA5 91701
91702,62196,82382,ZCTA5 91702
91706,72495,76348,ZCTA5 91706
91708,15908,102150,ZCTA5 91708
91709,78341,117603,ZCTA5 91709
91710,81466,98099,ZCTA5 91710
91711,37542,115079,ZCTA5 91711
91722,34470,95157,ZCTA5 91722
91723,17964,82018,ZCTA5 91723
91724,28575,96720,ZCTA5 91724
91730,71040,84850,ZCTA5 91730
91731,28201,57047,ZCTA5 91731
91732,58888,62047,ZCTA5 91732
91733,42953,63883,ZCTA5 91733
91737,23108,112857,ZCTA5 91737
91739,41319,138079,ZCTA5 91739
91740,27131,96433,ZCTA5 91740
91741,26052,117252,ZCTA5 91741
91744,79380,86290,ZCTA5 91744
91745,55489,101427,ZCTA5 91745
91746,29429,83634,ZCTA5 91746
91748,43851,83610,ZCTA5 91748
91750,33436,103774,ZCTA5 91750
91752,37173,108779,ZCTA5 91752
91754,33937,83490,ZCTA5 91754
91755,26418,70459,ZCTA5 91755
91759,299,111071,ZCTA5 91759
91761,61837,89041,ZCTA5 91761
91762,62990,74245,ZCTA5 91762
91763,37698,72997,ZCTA5 91763
91764,55311,71336,ZCTA5 91764
91765,45303,105712,ZCTA5 91765
91766,69517,72692,ZCTA5 91766
91767,50715,75870,ZCTA5 91767
91768,35443,71462,ZCTA5 91768
91770,59410,70863,ZCTA5 91770
91773,34066,101466,ZCTA5 91773
91775,24169,107359,ZCTA5 91775
91776,37340,77147,ZCTA5 91776
91780,35556,94946,ZCTA5 91780
91784,26116,145496,ZCTA5 91784
91786,56025,81973,ZCTA5 91786
91789,41377,123555,ZCTA5 91789
91790,44855,97868,ZCTA5 91790
91791,33902,96470,ZCTA5 91791
91792,31208,94439,ZCTA5 91792
91801,53320,81580,ZCTA5 91801
91803,29006,76694,ZCTA5 91803
91901,18669,110013,ZCTA5 91901
91902,17121,123516,ZCTA5 91902
91905,1411,86000,ZCTA5 91905
91906,4281,49344,ZCTA5 91906
91910,76313,84111,ZCTA5 91910
91911,87799,77705,ZCTA5 91911
91913,56102,124531,ZCTA5 91913
91914,17373,162889,ZCTA5 91914
91915,35608,136297,ZCTA5 91915
91916,1833,115324,ZCTA5 91916
91917,851,96797,ZCTA5 91917
91931,749,56518,ZCTA5 91931
91932,26157,75731,ZCTA5 91932
91934,1251,,ZCTA5 91934
91935,9320,130290,ZCTA5 91935
91941,33602,107055,ZCTA5 91941
91942,40995,80996,ZCTA5 91942
91945,27541,77989,ZCTA5 91945
91948,104,,ZCTA5 91948
91950,57844,59414,ZCTA5 91950
91962,2528,126833,ZCTA5 91962
91963,624,,ZCTA5 91963
91977,65497,86189,ZCTA5 91977
91978,11006,95541,ZCTA5 91978
91980,103,,ZCTA5 91980
92003,4404,106813,ZCTA5 92003
92004,3200,75128,ZCTA5 92004
92007,11939,151406,ZCTA5 92007
92008,27373,101897,ZCTA5 92008
92009,46334,163402,ZCTA5 92009
92010,16566,117340,ZCTA5 92010
92011,24472,141739,ZCTA5 92011
92014,12532,203520,ZCTA5 92014
92019,45937,93732,ZCTA5 92019
92020,59775,71400,ZCTA5 92020
92021,69638,68093,ZCTA5 92021
92024,50222,141329,ZCTA5 92024
92025,50270,66894,ZCTA5 92025
92026,53053,86579,ZCTA5 92026
92027,55750,80260,ZCTA5 92027
92028,51135,96160,ZCTA5 92028
92029,19986,110456,ZCTA5 92029
92036,3075,72500,ZCTA5 92036
92037,37665,136601,ZCTA5 92037
92040,45906,95952,ZCTA5 92040
92054,37050,68713,ZCTA5 92054
92055,10618,,ZCTA5 92055
92056,54190,97736,ZCTA5 92056
92057,58022,100066,ZCTA5 92057
92058,48272,68576,ZCTA5 92058
92059,1456,94579,ZCTA5 92059
92060,506,143241,ZCTA5 92060
92061,1677,88750,ZCTA5 92061
92064,48783,135943,ZCTA5 92064
92065,36836,120683,ZCTA5 92065
92066,319,,ZCTA5 92066
92067,9186,245427,ZCTA5 92067
92069,46648,86156,ZCTA5 92069
92070,761,76000,ZCTA5 92070
92071,59795,101906,ZCTA5 92071
92075,12072,128000,ZCTA5 92075
92078,53019,107894,ZCTA5 92078
92081,29475,99153,ZCTA5 92081
92082,20678,111716,ZCTA5 92082
92083,37864,80160,ZCTA5 92083
92084,49971,94768,ZCTA5 92084
92086,1409,54167,ZCTA5 92086
92091,1288,96818,ZCTA5 92091
92092,521,,ZCTA5 92092
92093,2044,,ZCTA5 92093
92096,0,,ZCTA5 92096
92101,46025,86403,ZCTA5 92101
92102,40051,68900,ZCTA5 92102
92103,34296,94210,ZCTA5 92103
92104,46613,86291,ZCTA5 92104
92105,72688,58924,ZCTA5 92105
92106,20483,119782,ZCTA5 92106
92107,29435,101042,ZCTA5 92107
92108,24201,97705,ZCTA5 92108
92109,44009,106399,ZCTA5 92109
92110,30773,95408,ZCTA5 92110
92111,47710,94540,ZCTA5 92111
92113,50983,56427,ZCTA5 92113
92114,66487,84966,ZCTA5 92114
92115,61456,68420,ZCTA5 92115
92116,31836,93661,ZCTA5 92116
92117,54499,101445,ZCTA5 92117
92118,17602,125558,ZCTA5 92118
92119,24419,105849,ZCTA5 92119
92120,30241,111909,ZCTA5 92120
92121,4150,125000,ZCTA5 92121
92122,45988,98330,ZCTA5 92122
92123,32951,111282,ZCTA5 92123
92124,31121,105885,ZCTA5 92124
92126,78111,116013,ZCTA5 92126
92127,51107,166804,ZCTA5 92127
92128,49273,125609,ZCTA5 92128
92129,52495,146754,ZCTA5 92129
92130,57363,186000,ZCTA5 92130
92131,35227,169448,ZCTA5 92131
92132,0,,ZCTA5 92132
92134,241,,ZCTA5 92134
92135,1095,,ZCTA5 92135
92136,9630,,ZCTA5 92136
92139,34930,87463,ZCTA5 92139
92140,2807,,ZCTA5 92140
92145,2810,,ZCTA5 92145
92147,180,,ZCTA5 92147
92154,83758,83287,ZCTA5 92154
92155,196,,ZCTA5 92155
92161,12,,ZCTA5 92161
92173,28609,58209,ZCTA5 92173
92179,3031,,ZCTA5 92179
92182,0,,ZCTA5 92182
92201,64325,60031,ZCTA5 92201
92203,33558,90708,ZCTA5 92203
92210,4832,132479,ZCTA5 92210
92211,26741,82917,ZCTA5 92211
92220,32797,55538,ZCTA5 92220
92222,0,,ZCTA5 92222
92223,61686,99983,ZCTA5 92223
92225,21189,52088,ZCTA5 92225
92227,27540,56559,ZCTA5 92227
92230,2039,73750,ZCTA5 92230
92231,38674,51750,ZCTA5 92231
92233,6871,46553,ZCTA5 92233
92234,51964,63209,ZCTA5 92234
92236,42506,52489,ZCTA5 92236
92239,296,,ZCTA5 92239
92240,40755,48469,ZCTA5 92240
92241,8232,42771,ZCTA5 92241
92242,1230,41429,ZCTA5 92242
92243,49193,54250,ZCTA5 92243
92249,7910,56604,ZCTA5 92249
92250,8033,56673,ZCTA5 92250
92251,27050,90632,ZCTA5 92251
92252,7911,53868,ZCTA5 92252
92253,37898,92744,ZCTA5 92253
92254,9362,38103,ZCTA5 92254
92256,3387,45938,ZCTA5 92256
92257,1186,11181,ZCTA5 92257
92258,547,24853,ZCTA5 92258
92259,225,,ZCTA5 92259
92260,31039,68750,ZCTA5 92260
92262,25856,63710,ZCTA5 92262
92264,20229,70305,ZCTA5 92264
92266,170,20677,ZCTA5 92266
92267,0,,ZCTA5 92267
92268,405,63971,ZCTA5 92268
92270,17257,105557,ZCTA5 92270
92273,1631,53162,ZCTA5 92273
92274,15917,30489,ZCTA5 92274
92275,1406,32531,ZCTA5 92275
92276,8242,68504,ZCTA5 92276
92277,27370,50957,ZCTA5 92277
92278,3574,,ZCTA5 92278
92280,0,,ZCTA5 92280
92281,2238,35020,ZCTA5 92281
92282,1361,70625,ZCTA5 92282
92283,1967,33462,ZCTA5 92283
92284,25741,50729,ZCTA5 92284
92285,2726,39656,ZCTA5 92285
92301,38565,61709,ZCTA5 92301
92304,0,,ZCTA5 92304
92305,500,108000,ZCTA5 92305
92307,40534,71450,ZCTA5 92307
92308,43191,60717,ZCTA5 92308
92309,561,31786,ZCTA5 92309
92310,8967,63369,ZCTA5 92310
92311,34226,57687,ZCTA5 92311
92313,13104,89781,ZCTA5 92313
92314,10658,70238,ZCTA5 92314
92315,5228,71653,ZCTA5 92315
92316,30656,76161,ZCTA5 92316
92317,567,,ZCTA5 92317
92320,10366,74236,ZCTA5 92320
92321,784,47448,ZCTA5 92321
92322,746,,ZCTA5 92322
92324,57593,66836,ZCTA5 92324
92325,8449,76200,ZCTA5 92325
92327,633,,ZCTA5 92327
92328,1022,85956,ZCTA5 92328
92332,177,193342,ZCTA5 92332
92333,429,136875,ZCTA5 92333
92335,96704,70082,ZCTA5 92335
92336,100571,116942,ZCTA5 92336
92337,37292,99414,ZCTA5 92337
92338,0,,ZCTA5 92338
92339,1064,70795,ZCTA5 92339
92341,331,77813,ZCTA5 92341
92342,6317,99250,ZCTA5 92342
92344,20448,98533,ZCTA5 92344
92345,87476,64243,ZCTA5 92345
92346,60025,81571,ZCTA5 92346
92347,601,44063,ZCTA5 92347
92350,468,,ZCTA5 92350
92352,6147,104683,ZCTA5 92352
92354,23054,72951,ZCTA5 92354
92356,7048,43780,ZCTA5 92356
92358,762,68750,ZCTA5 92358
92359,9758,71384,ZCTA5 92359
92363,5447,39155,ZCTA5 92363
92364,12,,ZCTA5 92364
92365,2393,59375,ZCTA5 92365
92368,1018,43750,ZCTA5 92368
92369,3999,,ZCTA5 92369
92371,21265,73410,ZCTA5 92371
92372,5208,52296,ZCTA5 92372
92373,33946,93886,ZCTA5 92373
92374,44976,92821,ZCTA5 92374
92376,85727,71825,ZCTA5 92376
92377,20935,108973,ZCTA5 92377
92378,437,72813,ZCTA5 92378
92382,4884,83303,ZCTA5 92382
92384,23,,ZCTA5 92384
92385,167,69911,ZCTA5 92385
92386,2064,46597,ZCTA5 92386
92389,187,31563,ZCTA5 92389
92391,2177,75296,ZCTA5 92391
92392,61859,73860,ZCTA5 92392
92394,39939,73028,ZCTA5 92394
92395,48479,53147,ZCTA5 92395
92397,5059,77171,ZCTA5 92397
92398,1394,54122,ZCTA5 92398
92399,55236,87457,ZCTA5 92399
92401,2060,41447,ZCTA5 92401
92404,64090,62318,ZCTA5 92404
92405,31550,55282,ZCTA5 92405
92407,67207,83724,ZCTA5 92407
92408,12478,57793,ZCTA5 92408
92410,48398,50477,ZCTA5 92410
92411,26915,54053,ZCTA5 92411
92415,0,,ZCTA5 92415
92501,22136,78750,ZCTA5 92501
92503,88617,87042,ZCTA5 92503
92504,57636,83139,ZCTA5 92504
92505,52696,81217,ZCTA5 92505
92506,44344,115246,ZCTA5 92506
92507,60949,67203,ZCTA5 92507
92508,36500,141449,ZCTA5 92508
92509,80325,89640,ZCTA5 92509
92518,1132,86544,ZCTA5 92518
92521,0,,ZCTA5 92521
92530,58249,77569,ZCTA5 92530
92532,27454,107765,ZCTA5 92532
92536,2569,62703,ZCTA5 92536
92539,3760,54107,ZCTA5 92539
92543,38403,43881,ZCTA5 92543
92544,51567,63579,ZCTA5 92544
92545,45219,56193,ZCTA5 92545
92548,7110,56375,ZCTA5 92548
92549,3535,85577,ZCTA5 92549
92551,36326,91579,ZCTA5 92551
92553,73945,67254,ZCTA5 92553
92555,44923,105490,ZCTA5 92555
92557,54936,89629,ZCTA5 92557
92561,1622,90179,ZCTA5 92561
92562,64155,108595,ZCTA5 92562
92563,78139,112347,ZCTA5 92563
92567,10721,87484,ZCTA5 92567
92570,58275,75249,ZCTA5 92570
92571,59896,81884,ZCTA5 92571
92582,21961,88850,ZCTA5 92582
92583,33781,60352,ZCTA5 92583
92584,54663,111057,ZCTA5 92584
92585,27083,100470,ZCTA5 92585
92586,20152,56528,ZCTA5 92586
92587,18926,96955,ZCTA5 92587
92590,5212,71827,ZCTA5 92590
92591,41047,101117,ZCTA5 92591
92592,81636,122882,ZCTA5 92592
92595,34698,93376,ZCTA5 92595
92596,35726,114542,ZCTA5 92596
92602,26663,137037,ZCTA5 92602
92603,19329,187713,ZCTA5 92603
92604,29080,120460,ZCTA5 92604
92606,24431,128580,ZCTA5 92606
92610,13107,170469,ZCTA5 92610
92612,34868,88929,ZCTA5 92612
92614,29544,109475,ZCTA5 92614
92617,20432,67056,ZCTA5 92617
92618,59386,132843,ZCTA5 92618
92620,61110,135494,ZCTA5 92620
92624,6881,121028,ZCTA5 92624
92625,12546,174570,ZCTA5 92625
92626,50198,105281,ZCTA5 92626
92627,62181,105647,ZCTA5 92627
92629,26144,119368,ZCTA5 92629
92630,66240,120848,ZCTA5 92630
92637,17452,56928,ZCTA5 92637
92646,56033,123899,ZCTA5 92646
92647,60114,106555,ZCTA5 92647
92648,45667,116189,ZCTA5 92648
92649,35206,116055,ZCTA5 92649
92651,23981,148381,ZCTA5 92651
92653,29923,123490,ZCTA5 92653
92655,8040,61991,ZCTA5 92655
92656,53143,130854,ZCTA5 92656
92657,9169,194881,ZCTA5 92657
92660,35926,152700,ZCTA5 92660
92661,3300,197344,ZCTA5 92661
92662,2346,157128,ZCTA5 92662
92663,21886,123333,ZCTA5 92663
92672,38020,105534,ZCTA5 92672
92673,30633,172056,ZCTA5 92673
92675,35099,123474,ZCTA5 92675
92676,1952,116042,ZCTA5 92676
92677,64259,135822,ZCTA5 92677
92678,630,107159,ZCTA5 92678
92679,30971,206361,ZCTA5 92679
92683,90630,80292,ZCTA5 92683
92688,44444,141089,ZCTA5 92688
92691,48073,134070,ZCTA5 92691
92692,45977,136906,ZCTA5 92692
92694,35074,187701,ZCTA5 92694
92697,0,,ZCTA5 92697
92701,49462,65375,ZCTA5 92701
92703,61593,77759,ZCTA5 92703
92704,80767,89654,ZCTA5 92704
92705,46854,125059,ZCTA5 92705
92706,36548,90617,ZCTA5 92706
92707,59712,94862,ZCTA5 92707
92708,56754,108860,ZCTA5 92708
92780,54945,89375,ZCTA5 92780
92782,29838,139505,ZCTA5 92782
92801,64022,76264,ZCTA5 92801
92802,44316,81538,ZCTA5 92802
92804,84700,75847,ZCTA5 92804
92805,73310,81576,ZCTA5 92805
92806,40945,90512,ZCTA5 92806
92807,36117,133894,ZCTA5 92807
92808,21080,144348,ZCTA5 92808
92821,41604,114444,ZCTA5 92821
92823,5495,172857,ZCTA5 92823
92831,36470,85220,ZCTA5 92831
92832,26040,89722,ZCTA5 92832
92833,52799,107241,ZCTA5 92833
92835,26687,131385,ZCTA5 92835
92840,53826,90983,ZCTA5 92840
92841,34188,72243,ZCTA5 92841
92843,47549,82147,ZCTA5 92843
92844,22622,71354,ZCTA5 92844
92845,15530,126103,ZCTA5 92845
92860,25367,121031,ZCTA5 92860
92861,5814,189306,ZCTA5 92861
92865,21140,120365,ZCTA5 92865
92866,14873,83179,ZCTA5 92866
92867,44216,116618,ZCTA5 92867
92868,27280,87868,ZCTA5 92868
92869,36429,137440,ZCTA5 92869
92870,53150,106298,ZCTA5 92870
92879,49111,84500,ZCTA5 92879
92880,74645,139147,ZCTA5 92880
92881,31401,130536,ZCTA5 92881
92882,69472,101185,ZCTA5 92882
92883,37211,125423,ZCTA5 92883
92886,50437,142900,ZCTA5 92886
92887,20353,159295,ZCTA5 92887
93001,31751,80363,ZCTA5 93001
93003,53283,96895,ZCTA5 93003
93004,31151,113404,ZCTA5 93004
93010,47656,104847,ZCTA5 93010
93012,36145,118153,ZCTA5 93012
93013,16459,115000,ZCTA5 93013
93015,18716,85079,ZCTA5 93015
93021,37980,145017,ZCTA5 93021
93022,6422,105739,ZCTA5 93022
93023,21279,80720,ZCTA5 93023
93030,58511,88508,ZCTA5 93030
93033,82517,82606,ZCTA5 93033
93035,26286,100074,ZCTA5 93035
93036,46959,93481,ZCTA5 93036
93040,1838,86938,ZCTA5 93040
93041,23108,70890,ZCTA5 93041
93042,107,,ZCTA5 93042
93043,722,,ZCTA5 93043
93060,34337,73628,ZCTA5 93060
93063,57075,115483,ZCTA5 93063
93064,0,,ZCTA5 93064
93065,72086,110537,ZCTA5 93065
93066,2805,141250,ZCTA5 93066
93067,999,,ZCTA5 93067
93101,29870,76130,ZCTA5 93101
93103,19653,104238,ZCTA5 93103
93105,26482,130325,ZCTA5 93105
93106,5369,,ZCTA5 93106
93108,11209,215126,ZCTA5 93108
93109,11626,121250,ZCTA5 93109
93110,16403,112684,ZCTA5 93110
93111,18165,134897,ZCTA5 93111
93117,53345,79553,ZCTA5 93117
93201,1209,46250,ZCTA5 93201
93202,4308,56118,ZCTA5 93202
93203,20781,47991,ZCTA5 93203
93204,13423,51902,ZCTA5 93204
93205,2320,27215,ZCTA5 93205
93206,1709,50938,ZCTA5 93206
93207,232,49861,ZCTA5 93207
93208,127,61712,ZCTA5 93208
93210,18937,68152,ZCTA5 93210
93212,23391,51890,ZCTA5 93212
93215,53334,53480,ZCTA5 93215
93218,796,67788,ZCTA5 93218
93219,9871,46707,ZCTA5 93219
93220,0,,ZCTA5 93220
93221,14423,80062,ZCTA5 93221
93222,2036,48594,ZCTA5 93222
93223,10424,51952,ZCTA5 93223
93224,501,55750,ZCTA5 93224
93225,5018,46923,ZCTA5 93225
93226,55,27188,ZCTA5 93226
93227,227,,ZCTA5 93227
93230,68572,72996,ZCTA5 93230
93234,6571,43879,ZCTA5 93234
93235,4360,49131,ZCTA5 93235
93237,98,,ZCTA5 93237
93238,866,41563,ZCTA5 93238
93239,1404,46219,ZCTA5 93239
93240,5470,28909,ZCTA5 93240
93241,15978,33121,ZCTA5 93241
93242,2683,56641,ZCTA5 93242
93243,977,,ZCTA5 93243
93244,121,,ZCTA5 93244
93245,37439,75696,ZCTA5 93245
93246,1129,,ZCTA5 93246
93247,17827,48783,ZCTA5 93247
93249,1996,41534,ZCTA5 93249
93250,15126,42587,ZCTA5 93250
93251,293,68750,ZCTA5 93251
93252,1680,50333,ZCTA5 93252
93254,869,59107,ZCTA5 93254
93255,872,29974,ZCTA5 93255
93256,5575,51652,ZCTA5 93256
93257,79217,54889,ZCTA5 93257
93258,1086,47639,ZCTA5 93258
93260,178,,ZCTA5 93260
93261,1889,26635,ZCTA5 93261
93262,18,,ZCTA5 93262
93263,22952,64145,ZCTA5 93263
93265,3194,90921,ZCTA5 93265
93266,1720,58766,ZCTA5 93266
93267,5811,41175,ZCTA5 93267
93268,17124,50204,ZCTA5 93268
93270,5711,60068,ZCTA5 93270
93271,2398,78780,ZCTA5 93271
93272,4548,49961,ZCTA5 93272
93274,78831,66487,ZCTA5 93274
93276,150,,ZCTA5 93276
93277,54127,73801,ZCTA5 93277
93280,27356,48021,ZCTA5 93280
93283,2416,43143,ZCTA5 93283
93285,2465,35545,ZCTA5 93285
93286,10418,45548,ZCTA5 93286
93287,119,90250,ZCTA5 93287
93291,61439,75679,ZCTA5 93291
93292,44759,77670,ZCTA5 93292
93301,13672,37294,ZCTA5 93301
93304,50158,50334,ZCTA5 93304
93305,36783,35379,ZCTA5 93305
93306,74769,66060,ZCTA5 93306
93307,89651,50157,ZCTA5 93307
93308,55150,54189,ZCTA5 93308
93309,62828,59828,ZCTA5 93309
93311,50535,113616,ZCTA5 93311
93312,59616,111084,ZCTA5 93312
93313,59924,96149,ZCTA5 93313
93314,34156,124885,ZCTA5 93314
93401,28773,89962,ZCTA5 93401
93402,15572,92174,ZCTA5 93402
93405,24991,48388,ZCTA5 93405
93407,309,,ZCTA5 93407
93408,11,,ZCTA5 93408
93409,2591,,ZCTA5 93409
93410,6523,,ZCTA5 93410
93420,32126,104314,ZCTA5 93420
93422,33781,91257,ZCTA5 93422
93424,1174,89063,ZCTA5 93424
93426,1566,92250,ZCTA5 93426
93427,5980,108603,ZCTA5 93427
93428,6056,95429,ZCTA5 93428
93429,64,,ZCTA5 93429
93430,2941,82799,ZCTA5 93430
93432,1434,106838,ZCTA5 93432
93433,12755,80438,ZCTA5 93433
93434,8272,66026,ZCTA5 93434
93436,55591,71922,ZCTA5 93436
93437,3681,69031,ZCTA5 93437
93440,846,46930,ZCTA5 93440
93441,1085,135625,ZCTA5 93441
93442,11399,88309,ZCTA5 93442
93444,22079,102566,ZCTA5 93444
93445,6912,73293,ZCTA5 93445
93446,45720,89889,ZCTA5 93446
93449,8050,109196,ZCTA5 93449
93450,830,66083,ZCTA5 93450
93451,4751,77500,ZCTA5 93451
93452,307,58125,ZCTA5 93452
93453,2096,76250,ZCTA5 93453
93454,41110,80438,ZCTA5 93454
93455,44186,105838,ZCTA5 93455
93458,59789,75519,ZCTA5 93458
93460,6280,144196,ZCTA5 93460
93461,1369,72120,ZCTA5 93461
93463,8059,122321,ZCTA5 93463
93465,9829,128684,ZCTA5 93465
93501,5404,47351,ZCTA5 93501
93505,14952,55282,ZCTA5 93505
93510,7397,123438,ZCTA5 93510
93512,313,62813,ZCTA5 93512
93513,1649,61761,ZCTA5 93513
93514,14692,71470,ZCTA5 93514
93516,2583,71786,ZCTA5 93516
93517,587,95991,ZCTA5 93517
93518,894,56429,ZCTA5 93518
93519,0,,ZCTA5 93519
93522,86,,ZCTA5 93522
93523,3867,64018,ZCTA5 93523
93524,93,,ZCTA5 93524
93526,855,56250,ZCTA5 93526
93527,1734,82759,ZCTA5 93527
93528,94,2499,ZCTA5 93528
93529,302,108239,ZCTA5 93529
93530,28,,ZCTA5 93530
93531,425,105481,ZCTA5 93531
93532,2768,98788,ZCTA5 93532
93534,42515,55945,ZCTA5 93534
93535,80905,61183,ZCTA5 93535
93536,72131,97418,ZCTA5 93536
93541,817,114543,ZCTA5 93541
93543,12745,69727,ZCTA5 93543
93544,1427,80560,ZCTA5 93544
93545,1342,40385,ZCTA5 93545
93546,8689,86216,ZCTA5 93546
93549,254,69464,ZCTA5 93549
93550,81501,61394,ZCTA5 93550
93551,54478,107133,ZCTA5 93551
93552,43371,85890,ZCTA5 93552
93553,1136,71587,ZCTA5 93553
93554,65,,ZCTA5 93554
93555,33490,81824,ZCTA5 93555
93558,17,,ZCTA5 93558
93560,21300,76663,ZCTA5 93560
93561,31060,82093,ZCTA5 93561
93562,1867,60040,ZCTA5 93562
93563,222,,ZCTA5 93563
93581,3611,,ZCTA5 93581
93591,7340,57826,ZCTA5 93591
93601,1206,80625,ZCTA5 93601
93602,3038,67617,ZCTA5 93602
93603,249,60154,ZCTA5 93603
93604,366,108750,ZCTA5 93604
93605,97,,ZCTA5 93605
93606,1129,41429,ZCTA5 93606
93608,1018,42222,ZCTA5 93608
93609,4889,64000,ZCTA5 93609
93610,23795,69383,ZCTA5 93610
93611,46620,113672,ZCTA5 93611
93612,37138,60721,ZCTA5 93612
93614,11760,90838,ZCTA5 93614
93615,5767,57191,ZCTA5 93615
93616,2163,50625,ZCTA5 93616
93618,32334,56950,ZCTA5 93618
93619,50848,131268,ZCTA5 93619
93620,9363,51135,ZCTA5 93620
93621,173,,ZCTA5 93621
93622,9419,36788,ZCTA5 93622
93623,4,,ZCTA5 93623
93624,892,43421,ZCTA5 93624
93625,8396,58125,ZCTA5 93625
93626,2583,116719,ZCTA5 93626
93627,196,81167,ZCTA5 93627
93628,310,26838,ZCTA5 93628
93630,20272,54972,ZCTA5 93630
93631,16588,74718,ZCTA5 93631
93633,26,,ZCTA5 93633
93634,29,,ZCTA5 93634
93635,47683,75522,ZCTA5 93635
93636,13447,119375,ZCTA5 93636
93637,41324,71057,ZCTA5 93637
93638,51724,58200,ZCTA5 93638
93640,14162,40692,ZCTA5 93640
93641,216,,ZCTA5 93641
93643,3115,65309,ZCTA5 93643
93644,7169,73431,ZCTA5 93644
93645,897,74538,ZCTA5 93645
93646,10157,34522,ZCTA5 93646
93647,11828,49828,ZCTA5 93647
93648,15370,50472,ZCTA5 93648
93650,2844,42606,ZCTA5 93650
93651,1580,94722,ZCTA5 93651
93652,378,43438,ZCTA5 93652
93653,1378,114559,ZCTA5 93653
93654,30476,63498,ZCTA5 93654
93656,6249,66808,ZCTA5 93656
93657,36053,71706,ZCTA5 93657
93660,3921,53085,ZCTA5 93660
93662,30191,54655,ZCTA5 93662
93664,288,132344,ZCTA5 93664
93665,386,,ZCTA5 93665
93666,704,36111,ZCTA5 93666
93667,1909,64199,ZCTA5 93667
93668,1025,54963,ZCTA5 93668
93669,324,46250,ZCTA5 93669
93670,108,,ZCTA5 93670
93673,378,54583,ZCTA5 93673
93675,4891,67262,ZCTA5 93675
93701,10602,30211,ZCTA5 93701
93702,45248,38965,ZCTA5 93702
93703,32603,40678,ZCTA5 93703
93704,29502,68349,ZCTA5 93704
93705,38777,51012,ZCTA5 93705
93706,41523,38269,ZCTA5 93706
93710,32730,55015,ZCTA5 93710
93711,39963,92138,ZCTA5 93711
93720,48597,104428,ZCTA5 93720
93721,8004,26019,ZCTA5 93721
93722,86387,75491,ZCTA5 93722
93723,13174,112306,ZCTA5 93723
93725,26568,63571,ZCTA5 93725
93726,44790,52921,ZCTA5 93726
93727,82176,78036,ZCTA5 93727
93728,17892,48197,ZCTA5 93728
93730,12461,139754,ZCTA5 93730
93737,6624,103993,ZCTA5 93737
93740,1174,,ZCTA5 93740
93741,77,,ZCTA5 93741
93901,29498,84669,ZCTA5 93901
93905,63121,68795,ZCTA5 93905
93906,66883,93626,ZCTA5 93906
93907,25124,100295,ZCTA5 93907
93908,12983,159688,ZCTA5 93908
93920,1790,70573,ZCTA5 93920
93921,2469,118472,ZCTA5 93921
93923,12630,120972,ZCTA5 93923
93924,6563,158261,ZCTA5 93924
93925,1352,59000,ZCTA5 93925
93926,8941,76301,ZCTA5 93926
93927,19983,72873,ZCTA5 93927
93928,1040,,ZCTA5 93928
93930,16807,75337,ZCTA5 93930
93932,370,93672,ZCTA5 93932
93933,27197,89507,ZCTA5 93933
93940,31513,103946,ZCTA5 93940
93943,12,,ZCTA5 93943
93944,2605,,ZCTA5 93944
93950,15098,102553,ZCTA5 93950
93953,3416,145250,ZCTA5 93953
93954,501,63000,ZCTA5 93954
93955,32610,80106,ZCTA5 93955
93960,26037,79063,ZCTA5 93960
93962,198,,ZCTA5 93962
94002,27893,184929,ZCTA5 94002
94005,4756,137583,ZCTA5 94005
94010,43458,186198,ZCTA5 94010
94014,46331,111795,ZCTA5 94014
94015,65125,117289,ZCTA5 94015
94018,3423,215439,ZCTA5 94018
94019,15275,149655,ZCTA5 94019
94020,2030,250001,ZCTA5 94020
94021,123,201950,ZCTA5 94021
94022,20052,250001,ZCTA5 94022
94024,24041,250001,ZCTA5 94024
94025,41017,207656,ZCTA5 94025
94027,7142,250001,ZCTA5 94027
94028,6888,243516,ZCTA5 94028
94030,22825,146649,ZCTA5 94030
94037,2649,184692,ZCTA5 94037
94038,3165,116950,ZCTA5 94038
94040,35667,175147,ZCTA5 94040
94041,15222,169479,ZCTA5 94041
94043,32670,174416,ZCTA5 94043
94044,38061,151680,ZCTA5 94044
94060,1312,105909,ZCTA5 94060
94061,37539,139810,ZCTA5 94061
94062,26531,230391,ZCTA5 94062
94063,34807,107734,ZCTA5 94063
94065,11588,201125,ZCTA5 94065
94066,43369,131669,ZCTA5 94066
94070,31312,220323,ZCTA5 94070
94074,151,143203,ZCTA5 94074
94080,66262,126916,ZCTA5 94080
94085,22996,168250,ZCTA5 94085
94086,49217,171265,ZCTA5 94086
94087,58913,196611,ZCTA5 94087
94089,23447,149270,ZCTA5 94089
94102,34077,62388,ZCTA5 94102
94103,32400,111028,ZCTA5 94103
94104,557,47386,ZCTA5 94104
94105,13722,250001,ZCTA5 94105
94107,30340,176788,ZCTA5 94107
94108,12070,68768,ZCTA5 94108
94109,56333,108691,ZCTA5 94109
94110,69679,152115,ZCTA5 94110
94111,4468,164107,ZCTA5 94111
94112,80880,120731,ZCTA5 94112
94114,33858,184671,ZCTA5 94114
94115,33299,149927,ZCTA5 94115
94116,43903,145931,ZCTA5 94116
94117,39496,190444,ZCTA5 94117
94118,40108,157143,ZCTA5 94118
94121,43304,132519,ZCTA5 94121
94122,59453,141760,ZCTA5 94122
94123,24721,211854,ZCTA5 94123
94124,37347,76341,ZCTA5 94124
94127,21184,200082,ZCTA5 94127
94128,0,,ZCTA5 94128
94129,3952,236445,ZCTA5 94129
94130,3136,96000,ZCTA5 94130
94131,28705,196571,ZCTA5 94131
94132,27641,104537,ZCTA5 94132
94133,25460,77652,ZCTA5 94133
94134,40738,104247,ZCTA5 94134
94158,10205,180208,ZCTA5 94158
94188,0,,ZCTA5 94188
94301,17259,217611,ZCTA5 94301
94303,47989,144259,ZCTA5 94303
94304,4489,159637,ZCTA5 94304
94305,17279,72500,ZCTA5 94305
94306,27785,199800,ZCTA5 94306
94401,35392,117678,ZCTA5 94401
94402,26150,184453,ZCTA5 94402
94403,43858,171213,ZCTA5 94403
94404,36397,182699,ZCTA5 94404
94501,63340,116596,ZCTA5 94501
94502,14225,207823,ZCTA5 94502
94503,21791,122500,ZCTA5 94503
94505,15445,147292,ZCTA5 94505
94506,26947,246132,ZCTA5 94506
94507,14503,250001,ZCTA5 94507
94508,3406,113036,ZCTA5 94508
94509,70889,78637,ZCTA5 94509
94510,27223,124099,ZCTA5 94510
94511,1993,85870,ZCTA5 94511
94512,57,,ZCTA5 94512
94513,67580,133930,ZCTA5 94513
94514,2023,72445,ZCTA5 94514
94515,7024,102557,ZCTA5 94515
94516,212,,ZCTA5 94516
94517,12349,156870,ZCTA5 94517
94518,28287,111186,ZCTA5 94518
94519,20162,118587,ZCTA5 94519
94520,36699,77927,ZCTA5 94520
94521,41092,121368,ZCTA5 94521
94523,34964,136787,ZCTA5 94523
94525,3599,93333,ZCTA5 94525
94526,33396,202697,ZCTA5 94526
94528,726,250001,ZCTA5 94528
94530,26483,119761,ZCTA5 94530
94531,44115,115300,ZCTA5 94531
94533,78129,84907,ZCTA5 94533
94534,41395,132382,ZCTA5 94534
94535,3873,79418,ZCTA5 94535
94536,71445,152076,ZCTA5 94536
94538,66215,143146,ZCTA5 94538
94539,53464,219913,ZCTA5 94539
94541,67401,96176,ZCTA5 94541
94542,16188,132747,ZCTA5 94542
94544,77712,103039,ZCTA5 94544
94545,33700,102220,ZCTA5 94545
94546,45761,117808,ZCTA5 94546
94547,26041,125880,ZCTA5 94547
94548,598,166597,ZCTA5 94548
94549,28456,221148,ZCTA5 94549
94550,49463,171388,ZCTA5 94550
94551,40025,128356,ZCTA5 94551
94552,14948,204260,ZCTA5 94552
94553,49062,118704,ZCTA5 94553
94555,37671,202832,ZCTA5 94555
94556,15959,193750,ZCTA5 94556
94558,65084,110397,ZCTA5 94558
94559,28224,94599,ZCTA5 94559
94560,47470,159465,ZCTA5 94560
94561,44546,119646,ZCTA5 94561
94562,0,,ZCTA5 94562
94563,19416,250001,ZCTA5 94563
94564,18946,113630,ZCTA5 94564
94565,100826,92399,ZCTA5 94565
94566,45145,187357,ZCTA5 94566
94567,719,61042,ZCTA5 94567
94568,71068,191039,ZCTA5 94568
94569,251,,ZCTA5 94569
94571,10514,80962,ZCTA5 94571
94572,9309,92250,ZCTA5 94572
94573,107,,ZCTA5 94573
94574,7827,130250,ZCTA5 94574
94575,1048,,ZCTA5 94575
94576,171,158125,ZCTA5 94576
94577,47937,106695,ZCTA5 94577
94578,42350,87120,ZCTA5 94578
94579,20272,95398,ZCTA5 94579
94580,29377,103364,ZCTA5 94580
94582,47338,202775,ZCTA5 94582
94583,39758,178212,ZCTA5 94583
94585,29401,95109,ZCTA5 94585
94586,964,189464,ZCTA5 94586
94587,69502,138013,ZCTA5 94587
94588,35162,177016,ZCTA5 94588
94589,29959,85373,ZCTA5 94589
94590,37991,65340,ZCTA5 94590
94591,59026,104567,ZCTA5 94591
94592,1020,149583,ZCTA5 94592
94595,17341,91734,ZCTA5 94595
94596,23795,135422,ZCTA5 94596
94597,23654,135960,ZCTA5 94597
94598,26346,185995,ZCTA5 94598
94599,3428,75245,ZCTA5 94599
94601,52102,62825,ZCTA5 94601
94602,31104,126412,ZCTA5 94602
94603,37042,64656,ZCTA5 94603
94605,44477,90685,ZCTA5 94605
94606,38459,71442,ZCTA5 94606
94607,27019,77701,ZCTA5 94607
94608,34083,114286,ZCTA5 94608
94609,25175,107242,ZCTA5 94609
94610,32404,128304,ZCTA5 94610
94611,39780,163837,ZCTA5 94611
94612,17742,76953,ZCTA5 94612
94613,612,,ZCTA5 94613
94618,17285,202297,ZCTA5 94618
94619,27018,130876,ZCTA5 94619
94621,34911,53509,ZCTA5 94621
94702,17473,98873,ZCTA5 94702
94703,20404,99901,ZCTA5 94703
94704,25711,51696,ZCTA5 94704
94705,14508,157221,ZCTA5 94705
94706,20860,125410,ZCTA5 94706
94707,12596,186579,ZCTA5 94707
94708,11810,218950,ZCTA5 94708
94709,12200,84965,ZCTA5 94709
94710,8471,116313,ZCTA5 94710
94720,5322,74861,ZCTA5 94720
94801,32759,72268,ZCTA5 94801
94803,27171,111610,ZCTA5 94803
94804,44387,79659,ZCTA5 94804
94805,14790,101932,ZCTA5 94805
94806,63730,82274,ZCTA5 94806
94901,40927,113294,ZCTA5 94901
94903,31582,131172,ZCTA5 94903
94904,13132,158338,ZCTA5 94904
94920,12906,216096,ZCTA5 94920
94922,509,170733,ZCTA5 94922
94923,1390,92283,ZCTA5 94923
94924,1342,99706,ZCTA5 94924
94925,10155,210560,ZCTA5 94925
94928,46231,93282,ZCTA5 94928
94929,442,202692,ZCTA5 94929
94930,8748,129839,ZCTA5 94930
94931,8945,98475,ZCTA5 94931
94933,1284,116953,ZCTA5 94933
94937,938,61071,ZCTA5 94937
94938,428,111800,ZCTA5 94938
94939,7488,156250,ZCTA5 94939
94940,260,,ZCTA5 94940
94941,32190,206580,ZCTA5 94941
94945,17309,115000,ZCTA5 94945
94946,673,125179,ZCTA5 94946
94947,25183,121338,ZCTA5 94947
94949,18545,112068,ZCTA5 94949
94950,23,,ZCTA5 94950
94951,3574,110296,ZCTA5 94951
94952,33519,110739,ZCTA5 94952
94954,38201,108630,ZCTA5 94954
94956,1189,76750,ZCTA5 94956
94957,2081,250001,ZCTA5 94957
94960,16028,172675,ZCTA5 94960
94963,462,215375,ZCTA5 94963
94964,2054,,ZCTA5 94964
94965,12044,136098,ZCTA5 94965
94970,400,74643,ZCTA5 94970
94971,364,103958,ZCTA5 94971
94972,153,,ZCTA5 94972
94973,1438,151806,ZCTA5 94973
95002,1920,107438,ZCTA5 95002
95003,24977,136506,ZCTA5 95003
95004,3902,173333,ZCTA5 95004
95005,7552,105577,ZCTA5 95005
95006,8802,137552,ZCTA5 95006
95007,359,190682,ZCTA5 95007
95008,48746,139688,ZCTA5 95008
95010,9243,91771,ZCTA5 95010
95012,10528,73058,ZCTA5 95012
95013,53,,ZCTA5 95013
95014,61414,222878,ZCTA5 95014
95017,907,78542,ZCTA5 95017
95018,6055,109778,ZCTA5 95018
95019,5891,65294,ZCTA5 95019
95020,68365,128977,ZCTA5 95020
95023,57367,103238,ZCTA5 95023
95030,13373,242500,ZCTA5 95030
95032,27678,185822,ZCTA5 95032
95033,9853,176938,ZCTA5 95033
95035,79393,166931,ZCTA5 95035
95037,51867,153091,ZCTA5 95037
95039,1427,48700,ZCTA5 95039
95041,803,104853,ZCTA5 95041
95043,669,112000,ZCTA5 95043
95045,4063,104456,ZCTA5 95045
95046,5801,148000,ZCTA5 95046
95050,39905,119356,ZCTA5 95050
95051,60499,177365,ZCTA5 95051
95053,3317,,ZCTA5 95053
95054,24444,194316,ZCTA5 95054
95060,46527,101962,ZCTA5 95060
95062,36369,101291,ZCTA5 95062
95064,9832,114271,ZCTA5 95064
95065,8125,136469,ZCTA5 95065
95066,15233,141373,ZCTA5 95066
95070,31688,237455,ZCTA5 95070
95073,11408,112068,ZCTA5 95073
95075,566,131250,ZCTA5 95075
95076,83716,86062,ZCTA5 95076
95110,20314,129265,ZCTA5 95110
95111,59761,90808,ZCTA5 95111
95112,58775,85080,ZCTA5 95112
95113,2161,133021,ZCTA5 95113
95116,50436,81216,ZCTA5 95116
95117,28663,112003,ZCTA5 95117
95118,32827,142563,ZCTA5 95118
95119,10461,151500,ZCTA5 95119
95120,38003,245273,ZCTA5 95120
95121,36657,128435,ZCTA5 95121
95122,52555,94924,ZCTA5 95122
95123,70952,138557,ZCTA5 95123
95124,51803,178058,ZCTA5 95124
95125,53333,140092,ZCTA5 95125
95126,36996,121520,ZCTA5 95126
95127,62269,118770,ZCTA5 95127
95128,33653,117284,ZCTA5 95128
95129,39797,178818,ZCTA5 95129
95130,13376,169199,ZCTA5 95130
95131,31335,164227,ZCTA5 95131
95132,40981,164447,ZCTA5 95132
95133,28749,126080,ZCTA5 95133
95134,30916,182920,ZCTA5 95134
95135,21402,199042,ZCTA5 95135
95136,47294,137006,ZCTA5 95136
95138,19420,189359,ZCTA5 95138
95139,7232,187656,ZCTA5 95139
95140,91,152750,ZCTA5 95140
95148,45688,158565,ZCTA5 95148
95202,6000,19942,ZCTA5 95202
95203,16237,52542,ZCTA5 95203
95204,30406,70063,ZCTA5 95204
95205,40128,55536,ZCTA5 95205
95206,68031,69559,ZCTA5 95206
95207,52877,66459,ZCTA5 95207
95209,46756,94324,ZCTA5 95209
95210,42654,58815,ZCTA5 95210
95211,1676,,ZCTA5 95211
95212,27848,108958,ZCTA5 95212
95215,25647,58361,ZCTA5 95215
95219,30165,93638,ZCTA5 95219
95220,8244,108101,ZCTA5 95220
95221,398,,ZCTA5 95221
95222,5236,60156,ZCTA5 95222
95223,2470,97574,ZCTA5 95223
95224,311,54605,ZCTA5 95224
95225,1019,95713,ZCTA5 95225
95226,0,,ZCTA5 95226
95227,1180,141607,ZCTA5 95227
95228,4648,97301,ZCTA5 95228
95230,513,130048,ZCTA5 95230
95231,4865,70242,ZCTA5 95231
95232,202,,ZCTA5 95232
95233,233,,ZCTA5 95233
95236,4518,81125,ZCTA5 95236
95237,3992,89042,ZCTA5 95237
95240,50245,70212,ZCTA5 95240
95242,27433,96161,ZCTA5 95242
95245,2813,80826,ZCTA5 95245
95246,1548,90658,ZCTA5 95246
95247,4022,73413,ZCTA5 95247
95248,106,,ZCTA5 95248
95249,4908,43815,ZCTA5 95249
95251,521,95074,ZCTA5 95251
95252,14622,89660,ZCTA5 95252
95253,504,,ZCTA5 95253
95254,350,67614,ZCTA5 95254
95255,1787,65139,ZCTA5 95255
95257,398,119167,ZCTA5 95257
95258,3885,115298,ZCTA5 95258
95301,41660,66749,ZCTA5 95301
95303,891,148889,ZCTA5 95303
95304,15235,103138,ZCTA5 95304
95305,158,,ZCTA5 95305
95306,784,61542,ZCTA5 95306
95307,47978,71786,ZCTA5 95307
95309,0,,ZCTA5 95309
95310,1849,55543,ZCTA5 95310
95311,2182,49844,ZCTA5 95311
95312,284,87734,ZCTA5 95312
95313,860,57955,ZCTA5 95313
95315,13317,72813,ZCTA5 95315
95316,7154,91600,ZCTA5 95316
95317,948,53555,ZCTA5 95317
95318,522,52543,ZCTA5 95318
95319,1651,48933,ZCTA5 95319
95320,12385,76570,ZCTA5 95320
95321,4068,66708,ZCTA5 95321
95322,9392,59397,ZCTA5 95322
95323,1516,85391,ZCTA5 95323
95324,8763,71523,ZCTA5 95324
95325,44,,ZCTA5 95325
95326,10672,97952,ZCTA5 95326
95327,8788,59371,ZCTA5 95327
95328,3856,51519,ZCTA5 95328
95329,2394,71800,ZCTA5 95329
95330,30051,107665,ZCTA5 95330
95333,3157,62102,ZCTA5 95333
95334,17302,71273,ZCTA5 95334
95335,58,,ZCTA5 95335
95336,49145,81154,ZCTA5 95336
95337,44192,99665,ZCTA5 95337
95338,10102,58042,ZCTA5 95338
95340,36833,64809,ZCTA5 95340
95341,34541,54448,ZCTA5 95341
95345,528,65500,ZCTA5 95345
95346,1041,84707,ZCTA5 95346
95348,35853,62551,ZCTA5 95348
95350,55368,66185,ZCTA5 95350
95351,48134,52525,ZCTA5 95351
95354,25100,63064,ZCTA5 95354
95355,60338,80266,ZCTA5 95355
95356,33033,91034,ZCTA5 95356
95357,14403,92372,ZCTA5 95357
95358,31268,70740,ZCTA5 95358
95360,13781,72056,ZCTA5 95360
95361,35107,88524,ZCTA5 95361
95363,29784,88728,ZCTA5 95363
95364,0,,ZCTA5 95364
95365,3882,41394,ZCTA5 95365
95366,18500,104041,ZCTA5 95366
95367,25162,89752,ZCTA5 95367
95368,14849,90476,ZCTA5 95368
95369,778,84375,ZCTA5 95369
95370,28548,69751,ZCTA5 95370
95372,1639,83125,ZCTA5 95372
95374,1581,54952,ZCTA5 95374
95375,64,,ZCTA5 95375
95376,55038,99675,ZCTA5 95376
95377,35001,145264,ZCTA5 95377
95379,3828,69553,ZCTA5 95379
95380,44204,63548,ZCTA5 95380
95382,38727,89600,ZCTA5 95382
95383,3415,84098,ZCTA5 95383
95385,531,60139,ZCTA5 95385
95386,10387,63503,ZCTA5 95386
95387,1215,43824,ZCTA5 95387
95388,13518,55517,ZCTA5 95388
95389,1963,48466,ZCTA5 95389
95391,23696,166643,ZCTA5 95391
95401,36905,88439,ZCTA5 95401
95403,44677,93826,ZCTA5 95403
95404,37437,96483,ZCTA5 95404
95405,23748,111358,ZCTA5 95405
95407,42138,81484,ZCTA5 95407
95409,26158,100225,ZCTA5 95409
95410,797,,ZCTA5 95410
95412,271,,ZCTA5 95412
95415,1383,50577,ZCTA5 95415
95417,211,250001,ZCTA5 95417
95419,169,,ZCTA5 95419
95420,351,235959,ZCTA5 95420
95421,1679,67917,ZCTA5 95421
95422,16998,41428,ZCTA5 95422
95423,3322,42648,ZCTA5 95423
95425,11331,103125,ZCTA5 95425
95426,1178,79904,ZCTA5 95426
95427,589,53158,ZCTA5 95427
95428,2775,46694,ZCTA5 95428
95429,118,,ZCTA5 95429
95430,0,,ZCTA5 95430
95431,76,,ZCTA5 95431
95432,614,,ZCTA5 95432
95435,347,,ZCTA5 95435
95436,6008,87339,ZCTA5 95436
95437,14865,53320,ZCTA5 95437
95439,782,158125,ZCTA5 95439
95441,1819,125400,ZCTA5 95441
95442,2592,168512,ZCTA5 95442
95443,190,,ZCTA5 95443
95444,516,,ZCTA5 95444
95445,2012,79462,ZCTA5 95445
95446,4709,82706,ZCTA5 95446
95448,16745,100437,ZCTA5 95448
95449,1785,61576,ZCTA5 95449
95450,272,93750,ZCTA5 95450
95451,12957,61904,ZCTA5 95451
95452,1240,144904,ZCTA5 95452
95453,11254,65012,ZCTA5 95453
95454,1714,38998,ZCTA5 95454
95456,775,28140,ZCTA5 95456
95457,3252,42721,ZCTA5 95457
95458,3303,46244,ZCTA5 95458
95459,853,59653,ZCTA5 95459
95460,2349,75037,ZCTA5 95460
95461,3909,79914,ZCTA5 95461
95462,1091,87188,ZCTA5 95462
95463,88,85313,ZCTA5 95463
95464,2466,71150,ZCTA5 95464
95465,1251,104792,ZCTA5 95465
95466,880,48393,ZCTA5 95466
95467,5795,82660,ZCTA5 95467
95468,1822,90417,ZCTA5 95468
95469,1323,61500,ZCTA5 95469
95470,6068,74514,ZCTA5 95470
95471,780,66216,ZCTA5 95471
95472,28443,108685,ZCTA5 95472
95476,36386,100734,ZCTA5 95476
95480,6,,ZCTA5 95480
95482,34183,65657,ZCTA5 95482
95485,2909,71071,ZCTA5 95485
95486,27,,ZCTA5 95486
95488,366,,ZCTA5 95488
95490,14360,63418,ZCTA5 95490
95492,28096,129250,ZCTA5 95492
95493,144,68875,ZCTA5 95493
95494,151,146750,ZCTA5 95494
95497,1224,92260,ZCTA5 95497
95501,23706,52222,ZCTA5 95501
95503,24072,68307,ZCTA5 95503
95511,102,2499,ZCTA5 95511
95514,117,64833,ZCTA5 95514
95519,18781,68785,ZCTA5 95519
95521,21712,47764,ZCTA5 95521
95524,1700,78125,ZCTA5 95524
95525,1358,59028,ZCTA5 95525
95526,638,45833,ZCTA5 95526
95527,701,55714,ZCTA5 95527
95528,1555,75395,ZCTA5 95528
95531,23029,60365,ZCTA5 95531
95536,3258,66815,ZCTA5 95536
95537,629,71310,ZCTA5 95537
95538,1022,62392,ZCTA5 95538
95540,14415,58348,ZCTA5 95540
95542,2862,36472,ZCTA5 95542
95543,376,26736,ZCTA5 95543
95545,492,,ZCTA5 95545
95546,2666,48472,ZCTA5 95546
95547,1121,61328,ZCTA5 95547
95548,1034,48276,ZCTA5 95548
95549,1140,81554,ZCTA5 95549
95550,213,96336,ZCTA5 95550
95551,1789,83661,ZCTA5 95551
95552,423,21550,ZCTA5 95552
95553,1037,43716,ZCTA5 95553
95554,313,,ZCTA5 95554
95555,370,40000,ZCTA5 95555
95556,692,,ZCTA5 95556
95558,246,42917,ZCTA5 95558
95559,0,,ZCTA5 95559
95560,1337,66378,ZCTA5 95560
95562,3396,45547,ZCTA5 95562
95563,911,41354,ZCTA5 95563
95564,564,55536,ZCTA5 95564
95565,860,86406,ZCTA5 95565
95567,2001,92105,ZCTA5 95567
95568,224,,ZCTA5 95568
95569,91,,ZCTA5 95569
95570,2523,68594,ZCTA5 95570
95571,30,,ZCTA5 95571
95573,1417,,ZCTA5 95573
95585,545,36806,ZCTA5 95585
95587,0,,ZCTA5 95587
95589,1153,42199,ZCTA5 95589
95595,143,,ZCTA5 95595
95601,352,88286,ZCTA5 95601
95602,18610,96578,ZCTA5 95602
95603,28366,78933,ZCTA5 95603
95604,34,,ZCTA5 95604
95605,14291,68226,ZCTA5 95605
95606,185,26483,ZCTA5 95606
95607,235,136250,ZCTA5 95607
95608,63715,79371,ZCTA5 95608
95610,46219,75370,ZCTA5 95610
95612,1462,130104,ZCTA5 95612
95613,0,,ZCTA5 95613
95614,4479,114479,ZCTA5 95614
95615,1147,67633,ZCTA5 95615
95616,52090,69204,ZCTA5 95616
95618,26946,105625,ZCTA5 95618
95619,6414,72236,ZCTA5 95619
95620,22004,94042,ZCTA5 95620
95621,42089,74573,ZCTA5 95621
95623,4488,94044,ZCTA5 95623
95624,67915,114558,ZCTA5 95624
95625,88,,ZCTA5 95625
95626,5845,89395,ZCTA5 95626
95627,4137,96809,ZCTA5 95627
95628,44256,110012,ZCTA5 95628
95629,747,41201,ZCTA5 95629
95630,76599,134844,ZCTA5 95630
95631,6244,94706,ZCTA5 95631
95632,31217,91315,ZCTA5 95632
95633,3305,82963,ZCTA5 95633
95634,3878,67364,ZCTA5 95634
95635,948,92758,ZCTA5 95635
95636,1374,84843,ZCTA5 95636
95637,276,128144,ZCTA5 95637
95638,2246,94167,ZCTA5 95638
95639,314,,ZCTA5 95639
95640,12518,90665,ZCTA5 95640
95641,1517,52035,ZCTA5 95641
95642,7152,78143,ZCTA5 95642
95645,1162,55758,ZCTA5 95645
95646,249,138295,ZCTA5 95646
95648,55350,100112,ZCTA5 95648
95650,14098,130869,ZCTA5 95650
95651,738,,ZCTA5 95651
95652,1193,24766,ZCTA5 95652
95653,455,,ZCTA5 95653
95655,4954,123893,ZCTA5 95655
95658,5974,117118,ZCTA5 95658
95659,790,68333,ZCTA5 95659
95660,35458,63429,ZCTA5 95660
95661,32827,105789,ZCTA5 95661
95662,32436,92507,ZCTA5 95662
95663,2659,126250,ZCTA5 95663
95664,1133,84333,ZCTA5 95664
95665,4693,61094,ZCTA5 95665
95666,5885,75558,ZCTA5 95666
95667,36084,84296,ZCTA5 95667
95668,507,78333,ZCTA5 95668
95669,2514,84500,ZCTA5 95669
95670,59449,86905,ZCTA5 95670
95671,4478,157857,ZCTA5 95671
95672,5744,138813,ZCTA5 95672
95673,16665,88866,ZCTA5 95673
95674,859,108750,ZCTA5 95674
95675,487,,ZCTA5 95675
95676,113,,ZCTA5 95676
95677,28591,102549,ZCTA5 95677
95678,45210,96178,ZCTA5 95678
95679,131,,ZCTA5 95679
95680,9,,ZCTA5 95680
95681,1370,100147,ZCTA5 95681
95682,29750,108556,ZCTA5 95682
95683,6330,128264,ZCTA5 95683
95684,2913,81331,ZCTA5 95684
95685,4703,60158,ZCTA5 95685
95686,1194,38611,ZCTA5 95686
95687,68996,104135,ZCTA5 95687
95688,40147,116699,ZCTA5 95688
95689,1498,127708,ZCTA5 95689
95690,1621,71250,ZCTA5 95690
95691,39961,97380,ZCTA5 95691
95692,4887,79174,ZCTA5 95692
95693,7624,136411,ZCTA5 95693
95694,9600,101354,ZCTA5 95694
95695,39892,79009,ZCTA5 95695
95697,281,,ZCTA5 95697
95698,196,,ZCTA5 95698
95699,60,,ZCTA5 95699
95701,1045,91875,ZCTA5 95701
95703,1955,93602,ZCTA5 95703
95709,6103,82298,ZCTA5 95709
95713,10280,98558,ZCTA5 95713
95714,411,77344,ZCTA5 95714
95715,110,151316,ZCTA5 95715
95717,129,,ZCTA5 95717
95720,107,,ZCTA5 95720
95721,0,,ZCTA5 95721
95722,4829,115795,ZCTA5 95722
95726,7974,86320,ZCTA5 95726
95728,549,113304,ZCTA5 95728
95735,51,104500,ZCTA5 95735
95736,131,,ZCTA5 95736
95742,14883,149613,ZCTA5 95742
95746,22743,173034,ZCTA5 95746
95747,75681,129469,ZCTA5 95747
95757,53232,128216,ZCTA5 95757
95758,66153,102306,ZCTA5 95758
95762,45842,162464,ZCTA5 95762
95765,43059,121847,ZCTA5 95765
95776,26352,99930,ZCTA5 95776
95811,8456,75826,ZCTA5 95811
95814,12248,44537,ZCTA5 95814
95815,26523,54747,ZCTA5 95815
95816,18334,83933,ZCTA5 95816
95817,14513,60362,ZCTA5 95817
95818,23062,113733,ZCTA5 95818
95819,19806,124916,ZCTA5 95819
95820,36024,64501,ZCTA5 95820
95821,37436,56019,ZCTA5 95821
95822,46413,76774,ZCTA5 95822
95823,82983,59547,ZCTA5 95823
95824,30556,50387,ZCTA5 95824
95825,37310,56604,ZCTA5 95825
95826,40205,77685,ZCTA5 95826
95827,21084,80810,ZCTA5 95827
95828,60850,74493,ZCTA5 95828
95829,31297,111523,ZCTA5 95829
95830,746,130139,ZCTA5 95830
95831,44450,93449,ZCTA5 95831
95832,13116,75071,ZCTA5 95832
95833,40908,82694,ZCTA5 95833
95834,34892,93684,ZCTA5 95834
95835,40957,114201,ZCTA5 95835
95837,306,121563,ZCTA5 95837
95838,41311,58253,ZCTA5 95838
95841,21542,62697,ZCTA5 95841
95842,34775,64269,ZCTA5 95842
95843,47195,92336,ZCTA5 95843
95864,25728,123535,ZCTA5 95864
95901,36119,59378,ZCTA5 95901
95903,1868,54265,ZCTA5 95903
95910,148,,ZCTA5 95910
95912,4908,77772,ZCTA5 95912
95913,313,45083,ZCTA5 95913
95914,450,49286,ZCTA5 95914
95915,0,,ZCTA5 95915
95916,965,41385,ZCTA5 95916
95917,4091,79458,ZCTA5 95917
95918,1807,77535,ZCTA5 95918
95919,1183,65703,ZCTA5 95919
95920,164,90795,ZCTA5 95920
95922,593,50875,ZCTA5 95922
95923,43,51319,ZCTA5 95923
95925,188,21629,ZCTA5 95925
95926,42362,60932,ZCTA5 95926
95928,38412,66023,ZCTA5 95928
95929,0,,ZCTA5 95929
95930,417,,ZCTA5 95930
95932,7789,62625,ZCTA5 95932
95934,33,2499,ZCTA5 95934
95935,465,48797,ZCTA5 95935
95936,121,106058,ZCTA5 95936
95937,1145,45988,ZCTA5 95937
95938,4451,98103,ZCTA5 95938
95939,376,35972,ZCTA5 95939
95941,396,66938,ZCTA5 95941
95942,1786,147009,ZCTA5 95942
95943,670,64750,ZCTA5 95943
95944,65,,ZCTA5 95944
95945,27388,59943,ZCTA5 95945
95946,9049,78428,ZCTA5 95946
95947,1407,71125,ZCTA5 95947
95948,11456,63187,ZCTA5 95948
95949,21232,90293,ZCTA5 95949
95950,442,45590,ZCTA5 95950
95951,2522,56685,ZCTA5 95951
95953,11201,68951,ZCTA5 95953
95954,10163,58694,ZCTA5 95954
95955,1413,52250,ZCTA5 95955
95956,458,61182,ZCTA5 95956
95957,752,77250,ZCTA5 95957
95958,0,,ZCTA5 95958
95959,18244,75625,ZCTA5 95959
95960,594,37586,ZCTA5 95960
95961,32663,74819,ZCTA5 95961
95962,1136,73090,ZCTA5 95962
95963,16485,65057,ZCTA5 95963
95965,20835,45406,ZCTA5 95965
95966,30108,62519,ZCTA5 95966
95968,1366,41875,ZCTA5 95968
95969,7564,63975,ZCTA5 95969
95970,466,82054,ZCTA5 95970
95971,5931,71516,ZCTA5 95971
95972,142,,ZCTA5 95972
95973,38323,87667,ZCTA5 95973
95974,65,,ZCTA5 95974
95975,1628,78201,ZCTA5 95975
95977,1822,96071,ZCTA5 95977
95978,98,124318,ZCTA5 95978
95979,374,33000,ZCTA5 95979
95981,52,,ZCTA5 95981
95982,3084,91481,ZCTA5 95982
95983,395,72596,ZCTA5 95983
95984,177,,ZCTA5 95984
95986,104,,ZCTA5 95986
95987,6504,82935,ZCTA5 95987
95988,8748,66023,ZCTA5 95988
95991,43978,65072,ZCTA5 95991
95993,37222,85863,ZCTA5 95993
96001,34721,70701,ZCTA5 96001
96002,34634,71608,ZCTA5 96002
96003,43945,67440,ZCTA5 96003
96006,587,40882,ZCTA5 96006
96007,24849,57517,ZCTA5 96007
96008,1123,89706,ZCTA5 96008
96009,247,47054,ZCTA5 96009
96010,28,,ZCTA5 96010
96011,232,29219,ZCTA5 96011
96013,4212,55865,ZCTA5 96013
96014,173,,ZCTA5 96014
96015,560,44918,ZCTA5 96015
96016,319,51573,ZCTA5 96016
96017,143,42500,ZCTA5 96017
96019,10466,53776,ZCTA5 96019
96020,2593,85536,ZCTA5 96020
96021,15746,56724,ZCTA5 96021
96022,14751,81150,ZCTA5 96022
96023,1189,37438,ZCTA5 96023
96024,1105,51971,ZCTA5 96024
96025,2247,41703,ZCTA5 96025
96027,1907,59688,ZCTA5 96027
96028,1805,59722,ZCTA5 96028
96029,120,80750,ZCTA5 96029
96031,66,26000,ZCTA5 96031
96032,2606,62581,ZCTA5 96032
96033,321,47083,ZCTA5 96033
96034,345,54250,ZCTA5 96034
96035,4097,49527,ZCTA5 96035
96037,131,103929,ZCTA5 96037
96038,499,56857,ZCTA5 96038
96039,726,38295,ZCTA5 96039
96040,71,,ZCTA5 96040
96041,3511,40354,ZCTA5 96041
96044,1215,57981,ZCTA5 96044
96046,328,31747,ZCTA5 96046
96047,843,91250,ZCTA5 96047
96048,1283,61061,ZCTA5 96048
96050,400,36354,ZCTA5 96050
96051,1067,64329,ZCTA5 96051
96052,2538,56635,ZCTA5 96052
96054,269,67823,ZCTA5 96054
96055,3760,55833,ZCTA5 96055
96056,1318,76771,ZCTA5 96056
96057,1158,45625,ZCTA5 96057
96058,809,55662,ZCTA5 96058
96059,323,128272,ZCTA5 96059
96061,0,,ZCTA5 96061
96062,1002,98750,ZCTA5 96062
96063,77,,ZCTA5 96063
96064,4690,58596,ZCTA5 96064
96065,364,77981,ZCTA5 96065
96067,7321,59093,ZCTA5 96067
96068,125,,ZCTA5 96068
96069,1390,63807,ZCTA5 96069
96071,7,,ZCTA5 96071
96073,5648,114301,ZCTA5 96073
96074,183,67875,ZCTA5 96074
96075,341,,ZCTA5 96075
96076,152,26321,ZCTA5 96076
96078,135,,ZCTA5 96078
96080,31190,58654,ZCTA5 96080
96084,664,34073,ZCTA5 96084
96085,38,,ZCTA5 96085
96086,268,46146,ZCTA5 96086
96087,824,97083,ZCTA5 96087
96088,4703,65725,ZCTA5 96088
96090,421,53750,ZCTA5 96090
96091,693,47031,ZCTA5 96091
96092,402,70509,ZCTA5 96092
96093,3959,49842,ZCTA5 96093
96094,6985,62279,ZCTA5 96094
96096,784,54286,ZCTA5 96096
96097,10154,49281,ZCTA5 96097
96101,4824,54863,ZCTA5 96101
96103,1340,66875,ZCTA5 96103
96104,962,47404,ZCTA5 96104
96105,429,,ZCTA5 96105
96106,465,76771,ZCTA5 96106
96107,868,43800,ZCTA5 96107
96108,149,91172,ZCTA5 96108
96109,1297,49500,ZCTA5 96109
96110,37,,ZCTA5 96110
96111,23,,ZCTA5 96111
96112,172,,ZCTA5 96112
96113,2164,46825,ZCTA5 96113
96114,2927,63984,ZCTA5 96114
96115,122,67188,ZCTA5 96115
96116,19,,ZCTA5 96116
96117,288,64605,ZCTA5 96117
96118,1581,62099,ZCTA5 96118
96119,31,,ZCTA5 96119
96120,1209,92917,ZCTA5 96120
96121,145,83466,ZCTA5 96121
96122,4121,53764,ZCTA5 96122
96123,62,,ZCTA5 96123
96124,320,92738,ZCTA5 96124
96125,234,74917,ZCTA5 96125
96126,227,,ZCTA5 96126
96128,600,86771,ZCTA5 96128
96129,640,,ZCTA5 96129
96130,21460,66725,ZCTA5 96130
96132,17,40250,ZCTA5 96132
96133,188,,ZCTA5 96133
96134,2236,49327,ZCTA5 96134
96135,106,,ZCTA5 96135
96136,40,,ZCTA5 96136
96137,2949,59280,ZCTA5 96137
96140,1219,129063,ZCTA5 96140
96141,592,127045,ZCTA5 96141
96142,946,65625,ZCTA5 96142
96143,3130,50693,ZCTA5 96143
96145,3081,120714,ZCTA5 96145
96146,1147,112500,ZCTA5 96146
96148,630,96786,ZCTA5 96148
96150,29457,76980,ZCTA5 96150
96155,0,,ZCTA5 96155
96161,19146,113433,ZCTA5 96161
96701,41560,108261,ZCTA5 96701
96703,3133,88000,ZCTA5 96703
96704,8543,84286,ZCTA5 96704
96705,2299,103409,ZCTA5 96705
96706,82504,118316,ZCTA5 96706
96707,49623,116075,ZCTA5 96707
96708,11511,94075,ZCTA5 96708
96710,267,127250,ZCTA5 96710
96712,8359,100039,ZCTA5 96712
96713,902,49583,ZCTA5 96713
96714,1278,121838,ZCTA5 96714
96716,2284,88490,ZCTA5 96716
96717,4555,95568,ZCTA5 96717
96719,1318,74896,ZCTA5 96719
96720,50453,75265,ZCTA5 96720
96722,2141,86985,ZCTA5 96722
96725,4610,86286,ZCTA5 96725
96726,32,,ZCTA5 96726
96727,4721,72328,ZCTA5 96727
96728,413,69306,ZCTA5 96728
96729,1436,46111,ZCTA5 96729
96730,1463,129643,ZCTA5 96730
96731,2742,73750,ZCTA5 96731
96732,25902,98520,ZCTA5 96732
96734,51966,121536,ZCTA5 96734
96737,3556,37119,ZCTA5 96737
96738,7797,97083,ZCTA5 96738
96740,40886,90094,ZCTA5 96740
96741,6231,97212,ZCTA5 96741
96742,50,87813,ZCTA5 96742
96743,13589,101730,ZCTA5 96743
96744,55888,124247,ZCTA5 96744
96746,20473,90939,ZCTA5 96746
96747,1498,82652,ZCTA5 96747
96748,4827,71125,ZCTA5 96748
96749,18482,76762,ZCTA5 96749
96750,3557,81726,ZCTA5 96750
96751,155,87852,ZCTA5 96751
96752,3221,72279,ZCTA5 96752
96753,28909,89776,ZCTA5 96753
96754,4397,84375,ZCTA5 96754
96755,3386,89240,ZCTA5 96755
96756,5804,87833,ZCTA5 96756
96757,739,72679,ZCTA5 96757
96759,277,,ZCTA5 96759
96760,3908,85588,ZCTA5 96760
96761,23214,92889,ZCTA5 96761
96762,5774,108750,ZCTA5 96762
96763,3218,80536,ZCTA5 96763
96764,495,70294,ZCTA5 96764
96765,733,81346,ZCTA5 96765
96766,17604,88449,ZCTA5 96766
96768,18662,113528,ZCTA5 96768
96769,309,,ZCTA5 96769
96770,465,52656,ZCTA5 96770
96771,7238,57116,ZCTA5 96771
96772,2716,58512,ZCTA5 96772
96773,154,,ZCTA5 96773
96774,294,52792,ZCTA5 96774
96776,1507,67951,ZCTA5 96776
96777,1949,55395,ZCTA5 96777
96778,14310,39010,ZCTA5 96778
96779,2489,107083,ZCTA5 96779
96780,459,35221,ZCTA5 96780
96781,1629,92188,ZCTA5 96781
96782,38674,105142,ZCTA5 96782
96783,1674,64191,ZCTA5 96783
96785,4220,68555,ZCTA5 96785
96786,42778,77287,ZCTA5 96786
96789,54362,119475,ZCTA5 96789
96790,9077,95990,ZCTA5 96790
96791,6419,91299,ZCTA5 96791
96792,51367,79575,ZCTA5 96792
96793,33414,107101,ZCTA5 96793
96795,10307,117734,ZCTA5 96795
96796,1951,95972,ZCTA5 96796
96797,72605,104590,ZCTA5 96797
96813,25957,86355,ZCTA5 96813
96814,22723,74221,ZCTA5 96814
96815,27010,72317,ZCTA5 96815
96816,50793,110030,ZCTA5 96816
96817,55316,73264,ZCTA5 96817
96818,57938,94367,ZCTA5 96818
96819,52328,97659,ZCTA5 96819
96820,0,,ZCTA5 96820
96821,18802,158665,ZCTA5 96821
96822,45038,91312,ZCTA5 96822
96825,30444,148536,ZCTA5 96825
96826,30068,63968,ZCTA5 96826
96848,467,,ZCTA5 96848
96850,0,,ZCTA5 96850
96853,522,,ZCTA5 96853
96857,4620,,ZCTA5 96857
96858,312,,ZCTA5 96858
96859,0,,ZCTA5 96859
96860,4009,,ZCTA5 96860
96863,2530,,ZCTA5 96863
97001,386,38750,ZCTA5 97001
97002,6305,62477,ZCTA5 97002
97003,28639,92733,ZCTA5 97003
97004,4352,112772,ZCTA5 97004
97005,27543,69253,ZCTA5 97005
97006,45090,99662,ZCTA5 97006
97007,48524,110123,ZCTA5 97007
97008,29832,83309,ZCTA5 97008
97009,8538,110997,ZCTA5 97009
97011,903,94884,ZCTA5 97011
97013,24815,92350,ZCTA5 97013
97014,1491,62500,ZCTA5 97014
97015,23996,82232,ZCTA5 97015
97016,6551,61676,ZCTA5 97016
97017,3563,102292,ZCTA5 97017
97018,1773,96379,ZCTA5 97018
97019,2864,110054,ZCTA5 97019
97020,1151,81250,ZCTA5 97020
97021,1386,73021,ZCTA5 97021
97022,3213,74688,ZCTA5 97022
97023,11279,67558,ZCTA5 97023
97024,11488,77514,ZCTA5 97024
97026,3487,81250,ZCTA5 97026
97027,12442,90787,ZCTA5 97027
97028,190,72220,ZCTA5 97028
97029,390,55982,ZCTA5 97029
97030,38947,61285,ZCTA5 97030
97031,19376,83791,ZCTA5 97031
97032,4736,92250,ZCTA5 97032
97033,132,,ZCTA5 97033
97034,20930,140687,ZCTA5 97034
97035,26179,116786,ZCTA5 97035
97037,839,58542,ZCTA5 97037
97038,16423,84456,ZCTA5 97038
97039,464,66500,ZCTA5 97039
97040,1701,76574,ZCTA5 97040
97041,3171,65673,ZCTA5 97041
97042,3009,104307,ZCTA5 97042
97045,57575,94337,ZCTA5 97045
97048,7283,71509,ZCTA5 97048
97049,1956,86639,ZCTA5 97049
97050,220,60625,ZCTA5 97050
97051,17543,82123,ZCTA5 97051
97053,3662,104226,ZCTA5 97053
97054,1313,77861,ZCTA5 97054
97055,19621,102199,ZCTA5 97055
97056,12645,92835,ZCTA5 97056
97057,18,23438,ZCTA5 97057
97058,20855,59668,ZCTA5 97058
97060,22145,84256,ZCTA5 97060
97062,28845,109500,ZCTA5 97062
97063,862,50625,ZCTA5 97063
97064,3462,71156,ZCTA5 97064
97065,694,54375,ZCTA5 97065
97067,1805,74177,ZCTA5 97067
97068,30336,143538,ZCTA5 97068
97070,26001,84512,ZCTA5 97070
97071,31534,61457,ZCTA5 97071
97078,24790,80920,ZCTA5 97078
97080,47168,91833,ZCTA5 97080
97086,32537,100185,ZCTA5 97086
97089,14503,111174,ZCTA5 97089
97101,3890,97321,ZCTA5 97101
97102,420,111319,ZCTA5 97102
97103,17914,74235,ZCTA5 97103
97106,4770,104402,ZCTA5 97106
97107,2377,54762,ZCTA5 97107
97108,759,65417,ZCTA5 97108
97109,553,107083,ZCTA5 97109
97110,1185,63041,ZCTA5 97110
97111,4131,90575,ZCTA5 97111
97112,2110,47413,ZCTA5 97112
97113,14984,85644,ZCTA5 97113
97114,4999,90515,ZCTA5 97114
97115,3937,103092,ZCTA5 97115
97116,29182,80985,ZCTA5 97116
97117,866,107143,ZCTA5 97117
97118,716,53000,ZCTA5 97118
97119,5398,111042,ZCTA5 97119
97121,1714,57083,ZCTA5 97121
97122,373,57500,ZCTA5 97122
97123,48218,100745,ZCTA5 97123
97124,54493,106228,ZCTA5 97124
97125,88,,ZCTA5 97125
97127,4391,93243,ZCTA5 97127
97128,38272,67176,ZCTA5 97128
97130,718,79100,ZCTA5 97130
97131,2587,66038,ZCTA5 97131
97132,31289,91499,ZCTA5 97132
97133,5708,116116,ZCTA5 97133
97134,144,,ZCTA5 97134
97135,1593,66506,ZCTA5 97135
97136,2170,61169,ZCTA5 97136
97137,1152,115804,ZCTA5 97137
97138,11260,53727,ZCTA5 97138
97140,28438,122648,ZCTA5 97140
97141,12795,64818,ZCTA5 97141
97144,111,100542,ZCTA5 97144
97145,224,102750,ZCTA5 97145
97146,7438,81449,ZCTA5 97146
97147,429,53750,ZCTA5 97147
97148,2966,110154,ZCTA5 97148
97149,549,81382,ZCTA5 97149
97201,17508,64385,ZCTA5 97201
97202,43687,94983,ZCTA5 97202
97203,33327,74493,ZCTA5 97203
97204,1008,,ZCTA5 97204
97205,8861,56739,ZCTA5 97205
97206,51062,86995,ZCTA5 97206
97208,0,,ZCTA5 97208
97209,20445,84893,ZCTA5 97209
97210,12007,86681,ZCTA5 97210
97211,34376,103377,ZCTA5 97211
97212,27902,125901,ZCTA5 97212
97213,31810,90266,ZCTA5 97213
97214,28656,89389,ZCTA5 97214
97215,17780,104952,ZCTA5 97215
97216,17449,67154,ZCTA5 97216
97217,34884,102051,ZCTA5 97217
97218,15094,79202,ZCTA5 97218
97219,44074,114341,ZCTA5 97219
97220,28041,65614,ZCTA5 97220
97221,13154,135250,ZCTA5 97221
97222,37058,75434,ZCTA5 97222
97223,50027,104463,ZCTA5 97223
97224,36591,86401,ZCTA5 97224
97225,26139,106881,ZCTA5 97225
97227,6199,88526,ZCTA5 97227
97229,74755,150580,ZCTA5 97229
97230,41799,68224,ZCTA5 97230
97231,3835,116189,ZCTA5 97231
97232,14941,75013,ZCTA5 97232
97233,37625,52441,ZCTA5 97233
97236,39033,67874,ZCTA5 97236
97239,18337,103323,ZCTA5 97239
97258,0,,ZCTA5 97258
97266,35719,67350,ZCTA5 97266
97267,31130,80245,ZCTA5 97267
97301,55386,53113,ZCTA5 97301
97302,41382,80439,ZCTA5 97302
97303,41143,75863,ZCTA5 97303
97304,34148,85908,ZCTA5 97304
97305,44994,65299,ZCTA5 97305
97306,34946,83039,ZCTA5 97306
97310,1099,,ZCTA5 97310
97317,25884,77910,ZCTA5 97317
97321,29970,93617,ZCTA5 97321
97322,37008,63979,ZCTA5 97322
97324,1273,62024,ZCTA5 97324
97325,6943,85500,ZCTA5 97325
97326,865,98443,ZCTA5 97326
97327,3020,79880,ZCTA5 97327
97329,68,,ZCTA5 97329
97330,44744,66196,ZCTA5 97330
97331,3533,,ZCTA5 97331
97333,23028,63119,ZCTA5 97333
97335,249,,ZCTA5 97335
97336,78,,ZCTA5 97336
97338,23201,75417,ZCTA5 97338
97341,3315,56604,ZCTA5 97341
97342,116,58750,ZCTA5 97342
97343,484,97500,ZCTA5 97343
97344,1605,50179,ZCTA5 97344
97345,434,66333,ZCTA5 97345
97346,1031,91944,ZCTA5 97346
97347,1457,30417,ZCTA5 97347
97348,1986,97361,ZCTA5 97348
97350,141,74167,ZCTA5 97350
97351,11144,76385,ZCTA5 97351
97352,6488,99741,ZCTA5 97352
97355,32777,60478,ZCTA5 97355
97357,163,42083,ZCTA5 97357
97358,2417,103062,ZCTA5 97358
97360,2183,67384,ZCTA5 97360
97361,13557,64490,ZCTA5 97361
97362,4107,57831,ZCTA5 97362
97364,498,62750,ZCTA5 97364
97365,10866,57875,ZCTA5 97365
97366,1979,81197,ZCTA5 97366
97367,11230,55654,ZCTA5 97367
97368,3012,53750,ZCTA5 97368
97369,274,,ZCTA5 97369
97370,9193,90080,ZCTA5 97370
97371,607,,ZCTA5 97371
97373,172,,ZCTA5 97373
97374,4364,91391,ZCTA5 97374
97375,1336,80833,ZCTA5 97375
97376,1097,59792,ZCTA5 97376
97377,581,113284,ZCTA5 97377
97378,10523,72121,ZCTA5 97378
97380,2297,67885,ZCTA5 97380
97381,15526,85381,ZCTA5 97381
97383,9992,71979,ZCTA5 97383
97384,86,,ZCTA5 97384
97385,3913,82813,ZCTA5 97385
97386,15437,61428,ZCTA5 97386
97388,920,60642,ZCTA5 97388
97389,1658,88211,ZCTA5 97389
97390,515,67599,ZCTA5 97390
97391,6076,56089,ZCTA5 97391
97392,6584,108431,ZCTA5 97392
97394,5355,55132,ZCTA5 97394
97396,3349,49880,ZCTA5 97396
97401,48214,48256,ZCTA5 97401
97402,52925,53836,ZCTA5 97402
97403,15303,47021,ZCTA5 97403
97404,34338,77772,ZCTA5 97404
97405,46695,86613,ZCTA5 97405
97406,303,21497,ZCTA5 97406
97408,14767,95674,ZCTA5 97408
97410,436,45707,ZCTA5 97410
97411,7328,43337,ZCTA5 97411
97412,633,70893,ZCTA5 97412
97413,892,61512,ZCTA5 97413
97414,272,31307,ZCTA5 97414
97415,14372,69293,ZCTA5 97415
97416,1250,61622,ZCTA5 97416
97417,2415,42442,ZCTA5 97417
97419,759,62273,ZCTA5 97419
97420,28178,59111,ZCTA5 97420
97423,5945,55808,ZCTA5 97423
97424,18382,65283,ZCTA5 97424
97426,10209,74783,ZCTA5 97426
97429,821,49423,ZCTA5 97429
97430,374,52292,ZCTA5 97430
97431,2446,57292,ZCTA5 97431
97432,187,,ZCTA5 97432
97434,817,42500,ZCTA5 97434
97435,2594,58333,ZCTA5 97435
97436,703,55909,ZCTA5 97436
97437,2483,92039,ZCTA5 97437
97438,1296,110529,ZCTA5 97438
97439,15636,59433,ZCTA5 97439
97441,278,,ZCTA5 97441
97442,1954,55060,ZCTA5 97442
97443,3253,75291,ZCTA5 97443
97444,5888,62813,ZCTA5 97444
97446,5405,59349,ZCTA5 97446
97447,581,56286,ZCTA5 97447
97448,14618,73168,ZCTA5 97448
97449,2115,54056,ZCTA5 97449
97450,765,58971,ZCTA5 97450
97451,561,54196,ZCTA5 97451
97452,1674,77000,ZCTA5 97452
97453,845,44038,ZCTA5 97453
97454,1076,87625,ZCTA5 97454
97455,2252,98281,ZCTA5 97455
97456,3190,64625,ZCTA5 97456
97457,9632,54254,ZCTA5 97457
97458,4754,48414,ZCTA5 97458
97459,15054,75208,ZCTA5 97459
97461,981,114722,ZCTA5 97461
97462,4251,61864,ZCTA5 97462
97463,3957,31607,ZCTA5 97463
97465,1804,35625,ZCTA5 97465
97466,1255,53250,ZCTA5 97466
97467,5425,54219,ZCTA5 97467
97469,2788,59306,ZCTA5 97469
97470,19064,50372,ZCTA5 97470
97471,32182,65112,ZCTA5 97471
97473,315,,ZCTA5 97473
97476,302,35599,ZCTA5 97476
97477,38105,58621,ZCTA5 97477
97478,39268,74334,ZCTA5 97478
97479,10265,52669,ZCTA5 97479
97480,328,38409,ZCTA5 97480
97481,781,,ZCTA5 97481
97484,225,47917,ZCTA5 97484
97486,688,69662,ZCTA5 97486
97487,8809,67083,ZCTA5 97487
97488,893,80952,ZCTA5 97488
97489,972,64444,ZCTA5 97489
97490,499,101667,ZCTA5 97490
97492,1043,31514,ZCTA5 97492
97493,324,77639,ZCTA5 97493
97494,28,,ZCTA5 97494
97495,1798,77875,ZCTA5 97495
97496,7289,56759,ZCTA5 97496
97497,1283,35000,ZCTA5 97497
97498,2044,67500,ZCTA5 97498
97499,1782,54028,ZCTA5 97499
97501,45900,58722,ZCTA5 97501
97502,29271,77810,ZCTA5 97502
97503,14539,62678,ZCTA5 97503
97504,49426,76246,ZCTA5 97504
97520,26556,66048,ZCTA5 97520
97522,585,52188,ZCTA5 97522
97523,6436,42801,ZCTA5 97523
97524,15693,77608,ZCTA5 97524
97525,4981,67012,ZCTA5 97525
97526,35742,55214,ZCTA5 97526
97527,37051,59763,ZCTA5 97527
97530,8544,92644,ZCTA5 97530
97531,321,39764,ZCTA5 97531
97532,2580,74837,ZCTA5 97532
97534,668,28043,ZCTA5 97534
97535,4863,47044,ZCTA5 97535
97536,1165,52105,ZCTA5 97536
97537,6725,58644,ZCTA5 97537
97538,2113,42083,ZCTA5 97538
97539,3213,59740,ZCTA5 97539
97540,8641,54672,ZCTA5 97540
97541,1593,39652,ZCTA5 97541
97543,594,42378,ZCTA5 97543
97544,2115,77321,ZCTA5 97544
97601,22302,52951,ZCTA5 97601
97603,32376,62328,ZCTA5 97603
97604,0,,ZCTA5 97604
97620,39,,ZCTA5 97620
97621,239,,ZCTA5 97621
97622,223,32647,ZCTA5 97622
97623,2705,63750,ZCTA5 97623
97624,3643,47993,ZCTA5 97624
97625,124,,ZCTA5 97625
97626,223,31442,ZCTA5 97626
97627,654,72143,ZCTA5 97627
97630,5285,54931,ZCTA5 97630
97632,1608,53889,ZCTA5 97632
97633,1526,56286,ZCTA5 97633
97634,445,63350,ZCTA5 97634
97635,345,,ZCTA5 97635
97636,396,50500,ZCTA5 97636
97637,115,35417,ZCTA5 97637
97638,427,60917,ZCTA5 97638
97639,33,,ZCTA5 97639
97640,130,58333,ZCTA5 97640
97641,1410,34493,ZCTA5 97641
97701,41577,71927,ZCTA5 97701
97702,52420,83598,ZCTA5 97702
97703,33279,112405,ZCTA5 97703
97707,6326,78508,ZCTA5 97707
97709,0,,ZCTA5 97709
97710,68,43750,ZCTA5 97710
97711,38,63000,ZCTA5 97711
97712,58,48289,ZCTA5 97712
97720,4406,42167,ZCTA5 97720
97721,220,52188,ZCTA5 97721
97722,33,92083,ZCTA5 97722
97730,321,82000,ZCTA5 97730
97731,273,33516,ZCTA5 97731
97732,142,,ZCTA5 97732
97733,468,60101,ZCTA5 97733
97734,3746,77225,ZCTA5 97734
97735,157,135135,ZCTA5 97735
97736,112,110000,ZCTA5 97736
97737,492,83798,ZCTA5 97737
97738,2226,57438,ZCTA5 97738
97739,13490,56318,ZCTA5 97739
97741,13390,63474,ZCTA5 97741
97750,402,52262,ZCTA5 97750
97751,118,43833,ZCTA5 97751
97752,0,,ZCTA5 97752
97753,3174,141375,ZCTA5 97753
97754,21552,70482,ZCTA5 97754
97756,43545,77525,ZCTA5 97756
97758,67,30250,ZCTA5 97758
97759,7687,93802,ZCTA5 97759
97760,7825,78221,ZCTA5 97760
97761,3229,59934,ZCTA5 97761
97801,21748,71413,ZCTA5 97801
97810,1047,59667,ZCTA5 97810
97812,883,77500,ZCTA5 97812
97813,1468,69474,ZCTA5 97813
97814,12636,55361,ZCTA5 97814
97817,37,,ZCTA5 97817
97818,5252,54976,ZCTA5 97818
97819,18,31250,ZCTA5 97819
97820,1137,58073,ZCTA5 97820
97823,1060,51094,ZCTA5 97823
97824,1965,71932,ZCTA5 97824
97825,407,59464,ZCTA5 97825
97826,1185,56346,ZCTA5 97826
97827,2599,54528,ZCTA5 97827
97828,3301,54684,ZCTA5 97828
97830,635,50208,ZCTA5 97830
97833,644,61250,ZCTA5 97833
97834,1431,42609,ZCTA5 97834
97835,488,121932,ZCTA5 97835
97836,2176,46931,ZCTA5 97836
97837,50,2499,ZCTA5 97837
97838,27713,81239,ZCTA5 97838
97839,294,58864,ZCTA5 97839
97840,82,89375,ZCTA5 97840
97841,491,82750,ZCTA5 97841
97842,85,,ZCTA5 97842
97843,790,91875,ZCTA5 97843
97844,3633,72467,ZCTA5 97844
97845,2300,62736,ZCTA5 97845
97846,2062,67319,ZCTA5 97846
97848,215,58929,ZCTA5 97848
97850,16646,58821,ZCTA5 97850
97856,498,47500,ZCTA5 97856
97857,649,59076,ZCTA5 97857
97859,235,103000,ZCTA5 97859
97862,12460,52699,ZCTA5 97862
97864,295,37917,ZCTA5 97864
97865,1133,62000,ZCTA5 97865
97867,1001,76830,ZCTA5 97867
97868,1594,81250,ZCTA5 97868
97869,938,54375,ZCTA5 97869
97870,580,58500,ZCTA5 97870
97873,167,66250,ZCTA5 97873
97874,366,41875,ZCTA5 97874
97875,2608,69345,ZCTA5 97875
97876,1085,113042,ZCTA5 97876
97877,319,24043,ZCTA5 97877
97880,348,,ZCTA5 97880
97882,8081,56893,ZCTA5 97882
97883,2575,61161,ZCTA5 97883
97884,122,46250,ZCTA5 97884
97885,1342,71875,ZCTA5 97885
97886,948,62308,ZCTA5 97886
97901,676,54167,ZCTA5 97901
97902,27,27500,ZCTA5 97902
97903,24,,ZCTA5 97903
97904,222,49309,ZCTA5 97904
97905,104,131140,ZCTA5 97905
97906,322,50625,ZCTA5 97906
97907,761,34083,ZCTA5 97907
97908,25,,ZCTA5 97908
97909,22,,ZCTA5 97909
97910,627,62188,ZCTA5 97910
97911,52,33750,ZCTA5 97911
97913,5475,45984,ZCTA5 97913
97914,19802,45110,ZCTA5 97914
97917,41,120625,ZCTA5 97917
97918,4389,58458,ZCTA5 97918
97920,28,,ZCTA5 97920
98001,35842,103338,ZCTA5 98001
98002,36812,68040,ZCTA5 98002
98003,51329,67547,ZCTA5 98003
98004,39161,157784,ZCTA5 98004
98005,22030,151297,ZCTA5 98005
98006,39753,185991,ZCTA5 98006
98007,27571,118634,ZCTA5 98007
98008,27060,164219,ZCTA5 98008
98010,6128,141579,ZCTA5 98010
98011,27573,124418,ZCTA5 98011
98012,75555,139474,ZCTA5 98012
98014,7626,149028,ZCTA5 98014
98019,11281,149479,ZCTA5 98019
98020,19323,111803,ZCTA5 98020
98021,34993,155891,ZCTA5 98021
98022,22163,112818,ZCTA5 98022
98023,50778,98057,ZCTA5 98023
98024,5066,149044,ZCTA5 98024
98025,0,,ZCTA5 98025
98026,39035,118151,ZCTA5 98026
98027,27915,140556,ZCTA5 98027
98028,23611,132191,ZCTA5 98028
98029,31227,156427,ZCTA5 98029
98030,38798,85188,ZCTA5 98030
98031,41615,98657,ZCTA5 98031
98032,39126,76683,ZCTA5 98032
98033,40425,163786,ZCTA5 98033
98034,52636,119806,ZCTA5 98034
98036,42164,90770,ZCTA5 98036
98037,29720,98570,ZCTA5 98037
98038,37877,135304,ZCTA5 98038
98039,2923,244740,ZCTA5 98039
98040,25464,190985,ZCTA5 98040
98042,49338,122709,ZCTA5 98042
98043,21347,96085,ZCTA5 98043
98045,15412,154803,ZCTA5 98045
98047,7014,98056,ZCTA5 98047
98050,73,,ZCTA5 98050
98051,3827,110296,ZCTA5 98051
98052,77324,158457,ZCTA5 98052
98053,22765,171822,ZCTA5 98053
98055,24429,90525,ZCTA5 98055
98056,36116,102196,ZCTA5 98056
98057,12774,68293,ZCTA5 98057
98058,42046,106611,ZCTA5 98058
98059,41619,126846,ZCTA5 98059
98065,15960,175750,ZCTA5 98065
98068,528,82250,ZCTA5 98068
98070,10939,103222,ZCTA5 98070
98072,25034,157963,ZCTA5 98072
98074,31026,229104,ZCTA5 98074
98075,25202,234261,ZCTA5 98075
98077,14287,169573,ZCTA5 98077
98087,41849,102896,ZCTA5 98087
98092,50679,112735,ZCTA5 98092
98101,16302,111099,ZCTA5 98101
98102,25827,114026,ZCTA5 98102
98103,51878,122656,ZCTA5 98103
98104,15052,63621,ZCTA5 98104
98105,50302,75214,ZCTA5 98105
98106,28243,94762,ZCTA5 98106
98107,28170,131559,ZCTA5 98107
98108,23762,90179,ZCTA5 98108
98109,32251,124408,ZCTA5 98109
98110,24681,151290,ZCTA5 98110
98112,23456,153204,ZCTA5 98112
98115,54457,141013,ZCTA5 98115
98116,27871,129924,ZCTA5 98116
98117,36115,166029,ZCTA5 98117
98118,48874,106930,ZCTA5 98118
98119,25906,112865,ZCTA5 98119
98121,20562,142926,ZCTA5 98121
98122,41268,94548,ZCTA5 98122
98125,43993,89983,ZCTA5 98125
98126,21102,108072,ZCTA5 98126
98133,50921,85059,ZCTA5 98133
98134,852,65139,ZCTA5 98134
98136,17420,144659,ZCTA5 98136
98144,32540,97953,ZCTA5 98144
98146,28088,101051,ZCTA5 98146
98148,10652,81431,ZCTA5 98148
98154,0,,ZCTA5 98154
98155,35550,124531,ZCTA5 98155
98158,0,,ZCTA5 98158
98164,239,250001,ZCTA5 98164
98166,22418,105013,ZCTA5 98166
98168,35050,77935,ZCTA5 98168
98174,0,,ZCTA5 98174
98177,21114,153542,ZCTA5 98177
98178,26760,96875,ZCTA5 98178
98188,27523,77722,ZCTA5 98188
98195,2398,,ZCTA5 98195
98198,38942,76062,ZCTA5 98198
98199,22359,168132,ZCTA5 98199
98201,30587,71313,ZCTA5 98201
98203,36448,96351,ZCTA5 98203
98204,41709,63738,ZCTA5 98204
98207,1143,,ZCTA5 98207
98208,60723,98805,ZCTA5 98208
98220,577,138452,ZCTA5 98220
98221,22969,90007,ZCTA5 98221
98222,117,102500,ZCTA5 98222
98223,46117,97344,ZCTA5 98223
98224,220,74432,ZCTA5 98224
98225,49667,61679,ZCTA5 98225
98226,45703,71943,ZCTA5 98226
98229,34157,87946,ZCTA5 98229
98230,18605,79789,ZCTA5 98230
98232,3939,102841,ZCTA5 98232
98233,16952,76590,ZCTA5 98233
98235,570,57826,ZCTA5 98235
98236,6790,91328,ZCTA5 98236
98237,4979,68929,ZCTA5 98237
98238,45,,ZCTA5 98238
98239,7634,85735,ZCTA5 98239
98240,3426,102602,ZCTA5 98240
98241,2150,67717,ZCTA5 98241
98243,297,82279,ZCTA5 98243
98244,3284,77557,ZCTA5 98244
98245,4088,67734,ZCTA5 98245
98247,8468,72240,ZCTA5 98247
98248,27147,86334,ZCTA5 98248
98249,4372,95250,ZCTA5 98249
98250,8953,83929,ZCTA5 98250
98251,4703,71175,ZCTA5 98251
98252,9905,91266,ZCTA5 98252
98253,2106,70511,ZCTA5 98253
98255,312,,ZCTA5 98255
98256,318,87188,ZCTA5 98256
98257,4484,85097,ZCTA5 98257
98258,50582,113684,ZCTA5 98258
98260,5434,94309,ZCTA5 98260
98261,3112,73077,ZCTA5 98261
98262,965,82500,ZCTA5 98262
98263,178,113750,ZCTA5 98263
98264,22334,90147,ZCTA5 98264
98266,3983,50980,ZCTA5 98266
98267,160,,ZCTA5 98267
98270,52794,98912,ZCTA5 98270
98271,30262,98279,ZCTA5 98271
98272,31866,109051,ZCTA5 98272
98273,30430,71498,ZCTA5 98273
98274,18360,88494,ZCTA5 98274
98275,21365,123036,ZCTA5 98275
98276,1564,76125,ZCTA5 98276
98277,40181,72441,ZCTA5 98277
98278,2351,,ZCTA5 98278
98279,614,58906,ZCTA5 98279
98280,398,76583,ZCTA5 98280
98281,1249,74400,ZCTA5 98281
98282,17642,97632,ZCTA5 98282
98283,466,58309,ZCTA5 98283
98284,27688,80326,ZCTA5 98284
98286,158,69750,ZCTA5 98286
98288,180,55833,ZCTA5 98288
98290,39873,123819,ZCTA5 98290
98292,25757,96627,ZCTA5 98292
98294,7516,79705,ZCTA5 98294
98295,3033,91060,ZCTA5 98295
98296,27436,171445,ZCTA5 98296
98297,55,43000,ZCTA5 98297
98303,1621,92933,ZCTA5 98303
98304,925,74375,ZCTA5 98304
98305,258,,ZCTA5 98305
98310,21692,68247,ZCTA5 98310
98311,27527,95595,ZCTA5 98311
98312,32288,78664,ZCTA5 98312
98314,1565,204250,ZCTA5 98314
98315,6045,76806,ZCTA5 98315
98320,1483,52045,ZCTA5 98320
98321,16936,122399,ZCTA5 98321
98323,655,113021,ZCTA5 98323
98325,1481,47390,ZCTA5 98325
98326,1066,44321,ZCTA5 98326
98327,9955,106695,ZCTA5 98327
98328,10451,113674,ZCTA5 98328
98329,11223,103750,ZCTA5 98329
98330,24,,ZCTA5 98330
98331,5671,43597,ZCTA5 98331
98332,19708,122869,ZCTA5 98332
98333,3644,157566,ZCTA5 98333
98335,28002,119986,ZCTA5 98335
98336,594,76250,ZCTA5 98336
98337,8785,69188,ZCTA5 98337
98338,32522,106587,ZCTA5 98338
98339,3295,77143,ZCTA5 98339
98340,2692,95106,ZCTA5 98340
98342,1362,90139,ZCTA5 98342
98345,284,128221,ZCTA5 98345
98346,9973,106038,ZCTA5 98346
98349,5050,90000,ZCTA5 98349
98350,352,40781,ZCTA5 98350
98351,1119,130000,ZCTA5 98351
98353,14,,ZCTA5 98353
98354,8146,91338,ZCTA5 98354
98355,749,,ZCTA5 98355
98356,2367,53139,ZCTA5 98356
98357,1550,65208,ZCTA5 98357
98358,882,71389,ZCTA5 98358
98359,4889,90858,ZCTA5 98359
98360,14976,109430,ZCTA5 98360
98361,420,55208,ZCTA5 98361
98362,24544,65178,ZCTA5 98362
98363,14284,65264,ZCTA5 98363
98364,57,,ZCTA5 98364
98365,5259,93167,ZCTA5 98365
98366,37437,85630,ZCTA5 98366
98367,31186,100428,ZCTA5 98367
98368,17046,61924,ZCTA5 98368
98370,32862,103323,ZCTA5 98370
98371,22983,99397,ZCTA5 98371
98372,26470,94144,ZCTA5 98372
98373,30096,93201,ZCTA5 98373
98374,45555,106157,ZCTA5 98374
98375,32595,103622,ZCTA5 98375
98376,2109,62206,ZCTA5 98376
98377,2392,50000,ZCTA5 98377
98380,5582,108895,ZCTA5 98380
98381,282,72917,ZCTA5 98381
98382,30777,69261,ZCTA5 98382
98383,22764,105580,ZCTA5 98383
98385,464,118241,ZCTA5 98385
98387,51384,94340,ZCTA5 98387
98388,7051,94708,ZCTA5 98388
98390,11482,85099,ZCTA5 98390
98391,56646,122822,ZCTA5 98391
98392,3203,80673,ZCTA5 98392
98394,1244,,ZCTA5 98394
98396,643,98438,ZCTA5 98396
98402,7088,57486,ZCTA5 98402
98403,8613,81330,ZCTA5 98403
98404,36025,72642,ZCTA5 98404
98405,24264,72606,ZCTA5 98405
98406,22994,96755,ZCTA5 98406
98407,21050,103900,ZCTA5 98407
98408,21438,76502,ZCTA5 98408
98409,28645,65245,ZCTA5 98409
98416,830,,ZCTA5 98416
98418,10082,73264,ZCTA5 98418
98421,790,,ZCTA5 98421
98422,22066,111991,ZCTA5 98422
98424,12026,90317,ZCTA5 98424
98430,580,,ZCTA5 98430
98433,20342,54797,ZCTA5 98433
98438,560,,ZCTA5 98438
98439,5679,44135,ZCTA5 98439
98443,5899,110313,ZCTA5 98443
98444,35366,60855,ZCTA5 98444
98445,33252,85403,ZCTA5 98445
98446,13821,95926,ZCTA5 98446
98447,1067,,ZCTA5 98447
98465,7528,73259,ZCTA5 98465
98466,30405,89047,ZCTA5 98466
98467,15140,89849,ZCTA5 98467
98498,28256,84878,ZCTA5 98498
98499,34207,60726,ZCTA5 98499
98501,46796,92005,ZCTA5 98501
98502,35551,85540,ZCTA5 98502
98503,42263,78508,ZCTA5 98503
98505,403,,ZCTA5 98505
98506,18968,88512,ZCTA5 98506
98512,30784,85928,ZCTA5 98512
98513,36988,99787,ZCTA5 98513
98516,27212,89378,ZCTA5 98516
98520,24989,56600,ZCTA5 98520
98524,4226,107679,ZCTA5 98524
98526,175,61250,ZCTA5 98526
98527,244,62083,ZCTA5 98527
98528,12393,80747,ZCTA5 98528
98530,558,61719,ZCTA5 98530
98531,26931,57961,ZCTA5 98531
98532,26624,80985,ZCTA5 98532
98533,630,36797,ZCTA5 98533
98535,322,55563,ZCTA5 98535
98536,0,,ZCTA5 98536
98537,3008,70135,ZCTA5 98537
98538,397,62500,ZCTA5 98538
98539,159,80625,ZCTA5 98539
98541,10004,64271,ZCTA5 98541
98542,708,80875,ZCTA5 98542
98544,7,,ZCTA5 98544
98546,2965,89000,ZCTA5 98546
98547,1240,39704,ZCTA5 98547
98548,2593,65979,ZCTA5 98548
98550,12254,53383,ZCTA5 98550
98552,248,,ZCTA5 98552
98555,238,63512,ZCTA5 98555
98556,448,,ZCTA5 98556
98557,4144,75859,ZCTA5 98557
98558,60,,ZCTA5 98558
98559,0,,ZCTA5 98559
98560,76,65833,ZCTA5 98560
98562,78,,ZCTA5 98562
98563,7611,68490,ZCTA5 98563
98564,3106,52383,ZCTA5 98564
98565,432,41333,ZCTA5 98565
98566,282,,ZCTA5 98566
98568,2643,73938,ZCTA5 98568
98569,6945,54390,ZCTA5 98569
98570,4417,67996,ZCTA5 98570
98571,76,,ZCTA5 98571
98572,778,61875,ZCTA5 98572
98575,134,73750,ZCTA5 98575
98576,5099,88105,ZCTA5 98576
98577,7371,67212,ZCTA5 98577
98579,14259,91493,ZCTA5 98579
98580,11455,106726,ZCTA5 98580
98581,425,41250,ZCTA5 98581
98582,236,82178,ZCTA5 98582
98583,144,47917,ZCTA5 98583
98584,38615,69489,ZCTA5 98584
98585,580,69712,ZCTA5 98585
98586,1924,47685,ZCTA5 98586
98587,959,46875,ZCTA5 98587
98588,1564,56122,ZCTA5 98588
98589,7448,87198,ZCTA5 98589
98590,396,103341,ZCTA5 98590
98591,3667,78065,ZCTA5 98591
98592,1848,92813,ZCTA5 98592
98593,1449,56641,ZCTA5 98593
98595,2814,59087,ZCTA5 98595
98596,7483,75685,ZCTA5 98596
98597,25982,88965,ZCTA5 98597
98601,2952,105484,ZCTA5 98601
98602,124,,ZCTA5 98602
98603,1192,76481,ZCTA5 98603
98604,37212,102933,ZCTA5 98604
98605,1373,77500,ZCTA5 98605
98606,9528,117143,ZCTA5 98606
98607,34877,125650,ZCTA5 98607
98609,0,,ZCTA5 98609
98610,2846,69271,ZCTA5 98610
98611,9341,83207,ZCTA5 98611
98612,3283,63400,ZCTA5 98612
98613,602,94583,ZCTA5 98613
98614,532,68884,ZCTA5 98614
98616,79,,ZCTA5 98616
98617,1039,58450,ZCTA5 98617
98619,659,71429,ZCTA5 98619
98620,7584,55507,ZCTA5 98620
98621,257,69318,ZCTA5 98621
98623,36,,ZCTA5 98623
98624,1706,82321,ZCTA5 98624
98625,6827,105873,ZCTA5 98625
98626,27000,69423,ZCTA5 98626
98628,393,60893,ZCTA5 98628
98629,9783,104673,ZCTA5 98629
98631,3387,56397,ZCTA5 98631
98632,50837,61352,ZCTA5 98632
98635,1975,56161,ZCTA5 98635
98638,1561,57072,ZCTA5 98638
98639,1146,79375,ZCTA5 98639
98640,4944,51332,ZCTA5 98640
98641,55,,ZCTA5 98641
98642,25005,110319,ZCTA5 98642
98643,482,55776,ZCTA5 98643
98644,657,31809,ZCTA5 98644
98645,2044,98167,ZCTA5 98645
98647,272,,ZCTA5 98647
98648,3488,94808,ZCTA5 98648
98649,849,79821,ZCTA5 98649
98650,1216,78816,ZCTA5 98650
98651,944,81071,ZCTA5 98651
98660,13146,62422,ZCTA5 98660
98661,49910,70277,ZCTA5 98661
98662,37064,86171,ZCTA5 98662
98663,15365,77518,ZCTA5 98663
98664,23395,78373,ZCTA5 98664
98665,27947,77604,ZCTA5 98665
98670,61,41250,ZCTA5 98670
98671,23871,102050,ZCTA5 98671
98672,6997,86250,ZCTA5 98672
98673,502,41750,ZCTA5 98673
98674,15679,86937,ZCTA5 98674
98675,7198,95217,ZCTA5 98675
98682,66821,88697,ZCTA5 98682
98683,31504,80946,ZCTA5 98683
98684,36931,81493,ZCTA5 98684
98685,30534,121063,ZCTA5 98685
98686,20518,101174,ZCTA5 98686
98801,44801,70800,ZCTA5 98801
98802,31801,88816,ZCTA5 98802
98811,120,98203,ZCTA5 98811
98812,5422,59269,ZCTA5 98812
98813,3191,52333,ZCTA5 98813
98814,688,79625,ZCTA5 98814
98815,7562,70437,ZCTA5 98815
98816,6901,69531,ZCTA5 98816
98817,143,,ZCTA5 98817
98819,205,36563,ZCTA5 98819
98821,646,126579,ZCTA5 98821
98822,1983,83000,ZCTA5 98822
98823,12638,67031,ZCTA5 98823
98824,231,,ZCTA5 98824
98826,7689,80742,ZCTA5 98826
98827,479,48287,ZCTA5 98827
98828,2075,76492,ZCTA5 98828
98829,638,26823,ZCTA5 98829
98830,562,75455,ZCTA5 98830
98831,3814,60727,ZCTA5 98831
98832,153,63438,ZCTA5 98832
98833,153,78750,ZCTA5 98833
98834,245,68875,ZCTA5 98834
98836,883,,ZCTA5 98836
98837,46959,66883,ZCTA5 98837
98840,4775,63179,ZCTA5 98840
98841,9218,66219,ZCTA5 98841
98843,2243,63476,ZCTA5 98843
98844,4348,42143,ZCTA5 98844
98845,199,52171,ZCTA5 98845
98846,1381,77341,ZCTA5 98846
98847,2481,63917,ZCTA5 98847
98848,12959,75753,ZCTA5 98848
98849,1098,52868,ZCTA5 98849
98850,1749,61389,ZCTA5 98850
98851,5196,64810,ZCTA5 98851
98852,32,43750,ZCTA5 98852
98853,0,,ZCTA5 98853
98855,5806,48029,ZCTA5 98855
98856,2497,69896,ZCTA5 98856
98857,3545,54063,ZCTA5 98857
98858,1850,70408,ZCTA5 98858
98859,353,94432,ZCTA5 98859
98860,229,34813,ZCTA5 98860
98862,3075,57395,ZCTA5 98862
98901,33106,55536,ZCTA5 98901
98902,45929,56655,ZCTA5 98902
98903,17590,62850,ZCTA5 98903
98908,38671,77767,ZCTA5 98908
98921,0,,ZCTA5 98921
98922,7577,69542,ZCTA5 98922
98923,990,45625,ZCTA5 98923
98925,533,77946,ZCTA5 98925
98926,32327,65551,ZCTA5 98926
98930,15089,66806,ZCTA5 98930
98932,4868,58929,ZCTA5 98932
98933,1195,68295,ZCTA5 98933
98934,1033,53214,ZCTA5 98934
98935,4378,60085,ZCTA5 98935
98936,7787,92860,ZCTA5 98936
98937,4598,70250,ZCTA5 98937
98938,1946,45529,ZCTA5 98938
98939,90,46389,ZCTA5 98939
98940,409,118298,ZCTA5 98940
98941,827,64500,ZCTA5 98941
98942,18047,74990,ZCTA5 98942
98943,715,56400,ZCTA5 98943
98944,25176,57928,ZCTA5 98944
98946,363,78194,ZCTA5 98946
98947,2786,57143,ZCTA5 98947
98948,13015,62401,ZCTA5 98948
98950,54,,ZCTA5 98950
98951,13145,59828,ZCTA5 98951
98952,1724,53365,ZCTA5 98952
98953,7043,79922,ZCTA5 98953
99001,8684,53517,ZCTA5 99001
99003,4413,69295,ZCTA5 99003
99004,22210,60939,ZCTA5 99004
99005,10457,117653,ZCTA5 99005
99006,13888,64528,ZCTA5 99006
99008,439,67250,ZCTA5 99008
99009,4868,75492,ZCTA5 99009
99011,3184,67325,ZCTA5 99011
99012,1111,64659,ZCTA5 99012
99013,1507,45032,ZCTA5 99013
99014,0,,ZCTA5 99014
99016,19620,94883,ZCTA5 99016
99017,226,52188,ZCTA5 99017
99018,264,,ZCTA5 99018
99019,12245,106719,ZCTA5 99019
99020,15,,ZCTA5 99020
99021,10058,78558,ZCTA5 99021
99022,9012,87462,ZCTA5 99022
99023,964,142083,ZCTA5 99023
99025,5668,112298,ZCTA5 99025
99026,8828,93534,ZCTA5 99026
99027,5973,67207,ZCTA5 99027
99029,1747,80125,ZCTA5 99029
99030,592,70000,ZCTA5 99030
99031,1110,88393,ZCTA5 99031
99032,982,68036,ZCTA5 99032
99033,790,54375,ZCTA5 99033
99034,215,,ZCTA5 99034
99036,1546,140300,ZCTA5 99036
99037,15464,77734,ZCTA5 99037
99039,171,62955,ZCTA5 99039
99040,643,49688,ZCTA5 99040
99101,1635,65714,ZCTA5 99101
99102,509,59464,ZCTA5 99102
99103,603,66932,ZCTA5 99103
99105,31,59375,ZCTA5 99105
99109,4894,55761,ZCTA5 99109
99110,1465,78536,ZCTA5 99110
99111,4012,61223,ZCTA5 99111
99113,555,82292,ZCTA5 99113
99114,12948,58350,ZCTA5 99114
99115,1224,46343,ZCTA5 99115
99116,1538,62794,ZCTA5 99116
99117,568,81750,ZCTA5 99117
99118,997,49750,ZCTA5 99118
99119,1514,66635,ZCTA5 99119
99121,332,,ZCTA5 99121
99122,4037,76417,ZCTA5 99122
99123,852,65875,ZCTA5 99123
99124,270,53036,ZCTA5 99124
99125,626,50658,ZCTA5 99125
99126,952,,ZCTA5 99126
99128,289,57143,ZCTA5 99128
99129,690,41705,ZCTA5 99129
99130,833,75000,ZCTA5 99130
99131,122,34081,ZCTA5 99131
99133,1377,59342,ZCTA5 99133
99134,572,39097,ZCTA5 99134
99135,452,84896,ZCTA5 99135
99136,17,,ZCTA5 99136
99137,399,37500,ZCTA5 99137
99138,1103,40583,ZCTA5 99138
99139,800,47361,ZCTA5 99139
99140,568,50430,ZCTA5 99140
99141,6160,60075,ZCTA5 99141
99143,691,37083,ZCTA5 99143
99144,19,,ZCTA5 99144
99146,59,,ZCTA5 99146
99147,152,81250,ZCTA5 99147
99148,2358,73750,ZCTA5 99148
99149,194,40938,ZCTA5 99149
99150,281,68125,ZCTA5 99150
99151,182,48125,ZCTA5 99151
99152,144,63750,ZCTA5 99152
99153,432,40129,ZCTA5 99153
99154,38,101250,ZCTA5 99154
99155,977,31875,ZCTA5 99155
99156,9132,63868,ZCTA5 99156
99157,655,42096,ZCTA5 99157
99158,619,67375,ZCTA5 99158
99159,1186,52750,ZCTA5 99159
99160,47,28472,ZCTA5 99160
99161,1366,89167,ZCTA5 99161
99163,33829,43316,ZCTA5 99163
99166,2936,60089,ZCTA5 99166
99167,720,65659,ZCTA5 99167
99169,2494,68487,ZCTA5 99169
99170,955,61250,ZCTA5 99170
99171,969,68269,ZCTA5 99171
99173,1898,50608,ZCTA5 99173
99174,32,90625,ZCTA5 99174
99176,136,68281,ZCTA5 99176
99179,568,78906,ZCTA5 99179
99180,741,53451,ZCTA5 99180
99181,1928,56053,ZCTA5 99181
99185,1385,67644,ZCTA5 99185
99201,14246,34462,ZCTA5 99201
99202,20829,57083,ZCTA5 99202
99203,21984,91735,ZCTA5 99203
99204,7189,47949,ZCTA5 99204
99205,44216,69055,ZCTA5 99205
99206,42850,70641,ZCTA5 99206
99207,32219,53414,ZCTA5 99207
99208,58172,77241,ZCTA5 99208
99212,21013,67975,ZCTA5 99212
99216,27302,62244,ZCTA5 99216
99217,19533,71078,ZCTA5 99217
99218,16305,65743,ZCTA5 99218
99223,34868,87133,ZCTA5 99223
99224,24455,73250,ZCTA5 99224
99251,1056,,ZCTA5 99251
99258,502,,ZCTA5 99258
99301,85210,77999,ZCTA5 99301
99320,10023,71154,ZCTA5 99320
99321,851,88071,ZCTA5 99321
99322,406,,ZCTA5 99322
99323,4219,84819,ZCTA5 99323
99324,10076,63628,ZCTA5 99324
99326,5900,68789,ZCTA5 99326
99328,3669,69355,ZCTA5 99328
99329,156,69688,ZCTA5 99329
99330,876,91444,ZCTA5 99330
99333,91,90882,ZCTA5 99333
99335,171,59792,ZCTA5 99335
99336,51329,59688,ZCTA5 99336
99337,32581,88593,ZCTA5 99337
99338,18312,120020,ZCTA5 99338
99341,736,67639,ZCTA5 99341
99343,3522,68606,ZCTA5 99343
99344,19630,62817,ZCTA5 99344
99345,164,117813,ZCTA5 99345
99346,372,61944,ZCTA5 99346
99347,2429,57792,ZCTA5 99347
99348,1590,74211,ZCTA5 99348
99349,7531,70911,ZCTA5 99349
99350,14287,70164,ZCTA5 99350
99352,35618,96615,ZCTA5 99352
99353,18264,119463,ZCTA5 99353
99354,25676,85919,ZCTA5 99354
99356,331,50833,ZCTA5 99356
99357,3973,65833,ZCTA5 99357
99359,100,51500,ZCTA5 99359
99360,1400,72115,ZCTA5 99360
99361,1668,81250,ZCTA5 99361
99362,43028,63778,ZCTA5 99362
99363,96,60278,ZCTA5 99363
99371,309,52857,ZCTA5 99371
99401,383,69318,ZCTA5 99401
99402,1594,80769,ZCTA5 99402
99403,20425,60657,ZCTA5 99403
99501,16500,73540,ZCTA5 99501
99502,26257,112635,ZCTA5 99502
99503,12620,72958,ZCTA5 99503
99504,40938,80267,ZCTA5 99504
99505,5703,100556,ZCTA5 99505
99506,6991,71008,ZCTA5 99506
99507,35708,100829,ZCTA5 99507
99508,38142,70823,ZCTA5 99508
99513,0,,ZCTA5 99513
99515,21629,110613,ZCTA5 99515
99516,21788,151291,ZCTA5 99516
99517,16347,96700,ZCTA5 99517
99518,10351,86963,ZCTA5 99518
99519,1910,,ZCTA5 99519
99530,0,,ZCTA5 99530
99540,322,85179,ZCTA5 99540
99546,248,90114,ZCTA5 99546
99547,28,,ZCTA5 99547
99548,30,53750,ZCTA5 99548
99549,63,,ZCTA5 99549
99550,124,50000,ZCTA5 99550
99551,415,30833,ZCTA5 99551
99552,298,68125,ZCTA5 99552
99553,911,28750,ZCTA5 99553
99554,1138,41875,ZCTA5 99554
99555,121,85000,ZCTA5 99555
99556,2759,58018,ZCTA5 99556
99557,715,64643,ZCTA5 99557
99558,74,58750,ZCTA5 99558
99559,7465,94313,ZCTA5 99559
99561,476,47500,ZCTA5 99561
99563,432,,ZCTA5 99563
99564,54,80469,ZCTA5 99564
99565,39,65833,ZCTA5 99565
99566,73,,ZCTA5 99566
99567,7382,117389,ZCTA5 99567
99568,487,89583,ZCTA5 99568
99569,31,23333,ZCTA5 99569
99571,237,108750,ZCTA5 99571
99572,234,148021,ZCTA5 99572
99573,843,71106,ZCTA5 99573
99574,2616,79483,ZCTA5 99574
99575,28,26875,ZCTA5 99575
99576,2577,90543,ZCTA5 99576
99577,28124,131993,ZCTA5 99577
99578,475,48750,ZCTA5 99578
99579,46,,ZCTA5 99579
99580,51,39063,ZCTA5 99580
99581,1293,45655,ZCTA5 99581
99583,103,62083,ZCTA5 99583
99585,215,53750,ZCTA5 99585
99586,379,29375,ZCTA5 99586
99587,1889,111797,ZCTA5 99587
99588,1167,79471,ZCTA5 99588
99589,118,27708,ZCTA5 99589
99590,210,36250,ZCTA5 99590
99591,57,92500,ZCTA5 99591
99602,277,33571,ZCTA5 99602
99603,11234,73007,ZCTA5 99603
99604,801,35179,ZCTA5 99604
99605,147,,ZCTA5 99605
99606,235,55000,ZCTA5 99606
99607,253,43750,ZCTA5 99607
99608,27,,ZCTA5 99608
99609,389,31250,ZCTA5 99609
99610,1895,48947,ZCTA5 99610
99611,15188,72608,ZCTA5 99611
99612,1108,79844,ZCTA5 99612
99613,452,106250,ZCTA5 99613
99614,572,43750,ZCTA5 99614
99615,12618,92792,ZCTA5 99615
99620,1272,42344,ZCTA5 99620
99621,561,43750,ZCTA5 99621
99622,589,61500,ZCTA5 99622
99623,22466,87247,ZCTA5 99623
99624,46,77500,ZCTA5 99624
99625,28,,ZCTA5 99625
99626,261,33125,ZCTA5 99626
99627,226,44250,ZCTA5 99627
99628,629,51875,ZCTA5 99628
99630,315,30417,ZCTA5 99630
99631,216,89250,ZCTA5 99631
99632,884,45000,ZCTA5 99632
99633,418,88333,ZCTA5 99633
99634,843,27500,ZCTA5 99634
99635,114,,ZCTA5 99635
99636,603,52083,ZCTA5 99636
99637,914,49167,ZCTA5 99637
99638,12,,ZCTA5 99638
99639,1234,50284,ZCTA5 99639
99640,68,49167,ZCTA5 99640
99641,827,43352,ZCTA5 99641
99643,155,40156,ZCTA5 99643
99644,95,,ZCTA5 99644
99645,30849,93242,ZCTA5 99645
99647,13,75833,ZCTA5 99647
99648,85,27000,ZCTA5 99648
99649,72,59375,ZCTA5 99649
99650,380,41964,ZCTA5 99650
99651,23,,ZCTA5 99651
99652,4028,70694,ZCTA5 99652
99653,158,102083,ZCTA5 99653
99654,43606,88875,ZCTA5 99654
99655,1079,42083,ZCTA5 99655
99656,12,,ZCTA5 99656
99657,95,63281,ZCTA5 99657
99658,1231,46250,ZCTA5 99658
99659,308,46875,ZCTA5 99659
99660,349,83214,ZCTA5 99660
99661,1048,79922,ZCTA5 99661
99662,506,36250,ZCTA5 99662
99663,401,77857,ZCTA5 99663
99664,4197,78200,ZCTA5 99664
99665,65,33125,ZCTA5 99665
99666,59,38214,ZCTA5 99666
99667,119,36042,ZCTA5 99667
99668,73,28750,ZCTA5 99668
99669,17382,88552,ZCTA5 99669
99670,53,46667,ZCTA5 99670
99671,654,52500,ZCTA5 99671
99672,3473,83000,ZCTA5 99672
99674,1342,59844,ZCTA5 99674
99675,58,,ZCTA5 99675
99676,1748,60481,ZCTA5 99676
99677,40,70417,ZCTA5 99677
99678,842,55833,ZCTA5 99678
99679,456,,ZCTA5 99679
99680,820,43000,ZCTA5 99680
99681,450,38750,ZCTA5 99681
99682,274,42159,ZCTA5 99682
99683,382,56250,ZCTA5 99683
99684,752,83750,ZCTA5 99684
99685,3576,113625,ZCTA5 99685
99686,3953,89231,ZCTA5 99686
99688,2782,61089,ZCTA5 99688
99689,564,76875,ZCTA5 99689
99690,70,58750,ZCTA5 99690
99691,91,,ZCTA5 99691
99692,766,94688,ZCTA5 99692
99693,391,48750,ZCTA5 99693
99694,1339,69135,ZCTA5 99694
99695,0,,ZCTA5 99695
99701,18295,69534,ZCTA5 99701
99702,3149,74583,ZCTA5 99702
99703,8807,68463,ZCTA5 99703
99704,49,,ZCTA5 99704
99705,22872,88788,ZCTA5 99705
99706,26,,ZCTA5 99706
99707,0,,ZCTA5 99707
99709,28343,80467,ZCTA5 99709
99712,12683,105787,ZCTA5 99712
99714,974,66250,ZCTA5 99714
99720,256,31875,ZCTA5 99720
99721,222,69028,ZCTA5 99721
99722,199,35313,ZCTA5 99722
99723,4879,86810,ZCTA5 99723
99724,87,36964,ZCTA5 99724
99725,562,48212,ZCTA5 99725
99726,27,89643,ZCTA5 99726
99727,644,53819,ZCTA5 99727
99729,117,36500,ZCTA5 99729
99730,108,16250,ZCTA5 99730
99732,8,,ZCTA5 99732
99733,45,18750,ZCTA5 99733
99734,1423,,ZCTA5 99734
99736,189,49375,ZCTA5 99736
99737,4547,87500,ZCTA5 99737
99738,174,41250,ZCTA5 99738
99739,293,35000,ZCTA5 99739
99740,476,46250,ZCTA5 99740
99741,627,77813,ZCTA5 99741
99742,426,39375,ZCTA5 99742
99743,812,96538,ZCTA5 99743
99744,124,111250,ZCTA5 99744
99745,34,,ZCTA5 99745
99746,182,49792,ZCTA5 99746
99747,201,86458,ZCTA5 99747
99748,197,39688,ZCTA5 99748
99749,424,62500,ZCTA5 99749
99750,769,68750,ZCTA5 99750
99751,133,36250,ZCTA5 99751
99752,3255,101071,ZCTA5 99752
99753,300,35313,ZCTA5 99753
99754,74,22143,ZCTA5 99754
99755,893,86250,ZCTA5 99755
99756,17,,ZCTA5 99756
99757,14,,ZCTA5 99757
99758,113,36042,ZCTA5 99758
99759,172,89583,ZCTA5 99759
99760,761,53553,ZCTA5 99760
99761,536,67500,ZCTA5 99761
99762,4150,99830,ZCTA5 99762
99763,654,56563,ZCTA5 99763
99764,430,,ZCTA5 99764
99765,249,53839,ZCTA5 99765
99766,649,56250,ZCTA5 99766
99767,41,,ZCTA5 99767
99768,194,32500,ZCTA5 99768
99769,823,53125,ZCTA5 99769
99770,557,52917,ZCTA5 99770
99771,312,62500,ZCTA5 99771
99772,568,56875,ZCTA5 99772
99773,244,68750,ZCTA5 99773
99774,9,,ZCTA5 99774
99775,903,66203,ZCTA5 99775
99776,136,53125,ZCTA5 99776
99777,214,52031,ZCTA5 99777
99778,279,34688,ZCTA5 99778
99780,1719,43393,ZCTA5 99780
99781,109,58281,ZCTA5 99781
99782,621,79500,ZCTA5 99782
99783,294,34167,ZCTA5 99783
99784,194,53125,ZCTA5 99784
99785,625,58438,ZCTA5 99785
99786,277,37857,ZCTA5 99786
99788,95,31250,ZCTA5 99788
99789,564,76250,ZCTA5 99789
99790,13,,ZCTA5 99790
99791,119,99750,ZCTA5 99791
99801,29933,96480,ZCTA5 99801
99820,419,42857,ZCTA5 99820
99824,2169,87206,ZCTA5 99824
99825,16,,ZCTA5 99825
99826,710,77500,ZCTA5 99826
99827,2146,67672,ZCTA5 99827
99829,896,72969,ZCTA5 99829
99830,473,61250,ZCTA5 99830
99832,85,113393,ZCTA5 99832
99833,3374,77826,ZCTA5 99833
99835,8457,95261,ZCTA5 99835
99836,39,37083,ZCTA5 99836
99840,1303,79583,ZCTA5 99840
99841,136,48846,ZCTA5 99841
99850,0,,ZCTA5 99850
99901,13913,82763,ZCTA5 99901
99903,1,,ZCTA5 99903
99918,241,54464,ZCTA5 99918
99919,564,64135,ZCTA5 99919
99921,1727,59219,ZCTA5 99921
99922,328,53125,ZCTA5 99922
99923,25,,ZCTA5 99923
99925,920,80313,ZCTA5 99925
99926,1465,78365,ZCTA5 99926
99927,14,,ZCTA5 99927
99929,2133,61125,ZCTA5 99929
