fpr,tpr,threshold,auc,variant
0.0,0.0,inf,0.7191682793637468,no_nlcd
0.0,0.0001585037248375337,0.9921499088476738,0.7191682793637468,no_nlcd
0.0,0.06562054208273894,0.9897830943910672,0.7191682793637468,no_nlcd
0.0002501876407305479,0.06562054208273894,0.9897800913664927,0.7191682793637468,no_nlcd
0.0002501876407305479,0.06863211285465208,0.9897289022655746,0.7191682793637468,no_nlcd
0.0005003752814610958,0.06863211285465208,0.9897274915120584,0.7191682793637468,no_nlcd
0.0005003752814610958,0.07021715010302743,0.9897164241479524,0.7191682793637468,no_nlcd
0.0007505629221916438,0.07021715010302743,0.9897146479773973,0.7191682793637468,no_nlcd
0.0007505629221916438,0.09621176097638294,0.9894741253217534,0.7191682793637468,no_nlcd
0.0010007505629221916,0.09621176097638294,0.9894730099485282,0.7191682793637468,no_nlcd
0.0010007505629221916,0.11158662228562372,0.9893858164522643,0.7191682793637468,no_nlcd
0.0012509382036527395,0.11158662228562372,0.9893857669240577,0.7191682793637468,no_nlcd
0.0012509382036527395,0.13203360278966556,0.9892786820697899,0.7191682793637468,no_nlcd
0.0015011258443832875,0.13203360278966556,0.9892778947590639,0.7191682793637468,no_nlcd
0.0015011258443832875,0.1840228245363766,0.9890333384408482,0.7191682793637468,no_nlcd
0.0017513134851138354,0.1840228245363766,0.9890303327001851,0.7191682793637468,no_nlcd
0.0017513134851138354,0.18576636550958947,0.9890225054020775,0.7191682793637468,no_nlcd
0.0020015011258443832,0.18576636550958947,0.9890183351914328,0.7191682793637468,no_nlcd
0.0020015011258443832,0.19115549215406563,0.9889799980902256,0.7191682793637468,no_nlcd
0.002251688766574931,0.19115549215406563,0.9889764786376039,0.7191682793637468,no_nlcd
0.002251688766574931,0.19210651450309082,0.9889692515575668,0.7191682793637468,no_nlcd
0.002501876407305479,0.19210651450309082,0.9889678213503498,0.7191682793637468,no_nlcd
0.002501876407305479,0.19353304802662863,0.9889599121216908,0.7191682793637468,no_nlcd
0.0027520640480360272,0.19353304802662863,0.9889598037470047,0.7191682793637468,no_nlcd
0.0027520640480360272,0.20637184973846887,0.9888108755831437,0.7191682793637468,no_nlcd
0.003002251688766575,0.20637184973846887,0.9888080074450911,0.7191682793637468,no_nlcd
0.003002251688766575,0.209383420510382,0.9887519418040851,0.7191682793637468,no_nlcd
0.003252439329497123,0.209383420510382,0.9887490213109251,0.7191682793637468,no_nlcd
0.003252439329497123,0.2169915993025836,0.9886628241599196,0.7191682793637468,no_nlcd
0.0035026269702276708,0.2169915993025836,0.9886622569502809,0.7191682793637468,no_nlcd
0.0035026269702276708,0.21857663655095894,0.9886436599891896,0.7191682793637468,no_nlcd
0.004253189892419315,0.21857663655095894,0.8706942867806963,0.7191682793637468,no_nlcd
0.004253189892419315,0.21889364400063402,0.8474892338499742,0.7191682793637468,no_nlcd
0.004503377533149862,0.21889364400063402,0.8369095538790241,0.7191682793637468,no_nlcd
0.004503377533149862,0.21952765889998416,0.7528228470354177,0.7191682793637468,no_nlcd
0.005253940455341506,0.21952765889998416,0.7431251203639778,0.7191682793637468,no_nlcd
0.005253940455341506,0.22190521477254715,0.72656918374736,0.7191682793637468,no_nlcd
0.0055041280960720545,0.22190521477254715,0.7265574138114823,0.7191682793637468,no_nlcd
0.0055041280960720545,0.22206371849738468,0.7265490607101395,0.7191682793637468,no_nlcd
0.00600450337753315,0.22206371849738468,0.7265403108582976,0.7191682793637468,no_nlcd
0.00600450337753315,0.2225392296718973,0.7265322140285637,0.7191682793637468,no_nlcd
0.006504878658994246,0.2225392296718973,0.7265175853699893,0.7191682793637468,no_nlcd
0.006504878658994246,0.22269773339673482,0.7265116693878175,0.7191682793637468,no_nlcd
0.006755066299724793,0.22269773339673482,0.7265087881809836,0.7191682793637468,no_nlcd
0.006755066299724793,0.22285623712157235,0.7265082957346376,0.7191682793637468,no_nlcd
0.0070052539404553416,0.22285623712157235,0.7265078418599302,0.7191682793637468,no_nlcd
0.0070052539404553416,0.2230147408464099,0.7264968213460251,0.7191682793637468,no_nlcd
0.00725544158118589,0.2230147408464099,0.7264932316605657,0.7191682793637468,no_nlcd
0.00725544158118589,0.22317324457124743,0.726488629680614,0.7191682793637468,no_nlcd
0.007505629221916437,0.22317324457124743,0.7264882768346231,0.7191682793637468,no_nlcd
0.007505629221916437,0.22333174829608496,0.7264872196790388,0.7191682793637468,no_nlcd
0.0077558168626469855,0.22333174829608496,0.7264837108375642,0.7191682793637468,no_nlcd
0.0077558168626469855,0.2234902520209225,0.7264791576245649,0.7191682793637468,no_nlcd
0.00850637978483863,0.2234902520209225,0.7264725022552253,0.7191682793637468,no_nlcd
0.00850637978483863,0.22380725947059757,0.726464157594695,0.7191682793637468,no_nlcd
0.008756567425569177,0.22380725947059757,0.7264638842156219,0.7191682793637468,no_nlcd
0.008756567425569177,0.2244412743699477,0.7264433296209932,0.7191682793637468,no_nlcd
0.009256942707030274,0.2244412743699477,0.726442660195907,0.7191682793637468,no_nlcd
0.009256942707030274,0.2253922967189729,0.726432985479645,0.7191682793637468,no_nlcd
0.009757317988491368,0.2253922967189729,0.7264302988265742,0.7191682793637468,no_nlcd
0.009757317988491368,0.22602631161832304,0.7264248603949119,0.7191682793637468,no_nlcd
0.010507880910683012,0.22602631161832304,0.7264213914398259,0.7191682793637468,no_nlcd
0.010507880910683012,0.22618481534316057,0.7264194799649978,0.7191682793637468,no_nlcd
0.01075806855141356,0.22618481534316057,0.7264181172927908,0.7191682793637468,no_nlcd
0.01075806855141356,0.2263433190679981,0.7264177886752708,0.7191682793637468,no_nlcd
0.011508631473605204,0.2263433190679981,0.7264126498711267,0.7191682793637468,no_nlcd
0.011508631473605204,0.2268188302425107,0.7264104394037728,0.7191682793637468,no_nlcd
0.011758819114335751,0.2268188302425107,0.7264094304024806,0.7191682793637468,no_nlcd
0.011758819114335751,0.22697733396734823,0.7264090068025782,0.7191682793637468,no_nlcd
0.012259194395796848,0.22697733396734823,0.726407425676597,0.7191682793637468,no_nlcd
0.012259194395796848,0.2287208749405611,0.726392939947294,0.7191682793637468,no_nlcd
0.012509382036527395,0.2287208749405611,0.7263925778456392,0.7191682793637468,no_nlcd
0.012509382036527395,0.22887937866539865,0.7263925050072513,0.7191682793637468,no_nlcd
0.012759569677257944,0.22887937866539865,0.7263916684533469,0.7191682793637468,no_nlcd
0.012759569677257944,0.22903788239023617,0.7263909828696636,0.7191682793637468,no_nlcd
0.013510132599449587,0.22903788239023617,0.7263902285836198,0.7191682793637468,no_nlcd
0.013510132599449587,0.22935488983991123,0.7263901726102497,0.7191682793637468,no_nlcd
0.014010507880910683,0.22935488983991123,0.726389850470552,0.7191682793637468,no_nlcd
0.014010507880910683,0.22951339356474876,0.726389598541982,0.7191682793637468,no_nlcd
0.015011258443832875,0.22951339356474876,0.7263883763034543,0.7191682793637468,no_nlcd
0.015011258443832875,0.2296718972895863,0.7263881539910981,0.7191682793637468,no_nlcd
0.015261446084563422,0.2296718972895863,0.7263872486090267,0.7191682793637468,no_nlcd
0.015261446084563422,0.22998890473926137,0.7263852134262127,0.7191682793637468,no_nlcd
0.015511633725293971,0.22998890473926137,0.7263840808568574,0.7191682793637468,no_nlcd
0.015511633725293971,0.23046441591377398,0.7263831813605068,0.7191682793637468,no_nlcd
0.01576182136602452,0.23046441591377398,0.7263823552134494,0.7191682793637468,no_nlcd
0.01576182136602452,0.23078142336344903,0.7263817936281585,0.7191682793637468,no_nlcd
0.016012009006755066,0.23078142336344903,0.7263816375872055,0.7191682793637468,no_nlcd
0.016012009006755066,0.23141543826279917,0.7263783909413826,0.7191682793637468,no_nlcd
0.01651238428821616,0.23141543826279917,0.7263758461802685,0.7191682793637468,no_nlcd
0.01651238428821616,0.23173244571247426,0.726374747142161,0.7191682793637468,no_nlcd
0.017262947210407806,0.23173244571247426,0.7263733448482366,0.7191682793637468,no_nlcd
0.017262947210407806,0.23189094943731178,0.7263732104500132,0.7191682793637468,no_nlcd
0.018263697773329996,0.23189094943731178,0.7263707027406464,0.7191682793637468,no_nlcd
0.018263697773329996,0.23236646061182437,0.726367685800421,0.7191682793637468,no_nlcd
0.018764073054791094,0.23236646061182437,0.7263669333926516,0.7191682793637468,no_nlcd
0.018764073054791094,0.23347598668568711,0.7263602028369417,0.7191682793637468,no_nlcd
0.019514635976982737,0.23347598668568711,0.7263562691531927,0.7191682793637468,no_nlcd
0.019514635976982737,0.23426850530987478,0.7263514554841962,0.7191682793637468,no_nlcd
0.02001501125844383,0.23426850530987478,0.7263509242215307,0.7191682793637468,no_nlcd
0.02001501125844383,0.2344270090347123,0.7263504397342514,0.7191682793637468,no_nlcd
0.021015761821366025,0.2344270090347123,0.7263492547125945,0.7191682793637468,no_nlcd
0.021015761821366025,0.23458551275954984,0.7263475098482948,0.7191682793637468,no_nlcd
0.02151613710282712,0.23458551275954984,0.7263461610612183,0.7191682793637468,no_nlcd
0.02151613710282712,0.23490252020922492,0.7263433742906508,0.7191682793637468,no_nlcd
0.022016512384288218,0.23490252020922492,0.726341870607378,0.7191682793637468,no_nlcd
0.022016512384288218,0.23506102393406245,0.7263415793653095,0.7191682793637468,no_nlcd
0.022516887665749313,0.23506102393406245,0.7263409575698901,0.7191682793637468,no_nlcd
0.022516887665749313,0.23569503883341258,0.7263369607537398,0.7191682793637468,no_nlcd
0.023017262947210407,0.23569503883341258,0.7263358062887978,0.7191682793637468,no_nlcd
0.023017262947210407,0.2358535425582501,0.7263350428216079,0.7191682793637468,no_nlcd
0.025268951713785338,0.2358535425582501,0.7263287407326983,0.7191682793637468,no_nlcd
0.025268951713785338,0.23648755745760025,0.7263265955913395,0.7191682793637468,no_nlcd
0.02551913935451589,0.23648755745760025,0.7263256951962727,0.7191682793637468,no_nlcd
0.02551913935451589,0.23680456490727533,0.726325358868003,0.7191682793637468,no_nlcd
0.025769326995246436,0.23680456490727533,0.7263247573525656,0.7191682793637468,no_nlcd
0.025769326995246436,0.23807259470597558,0.7263210249993105,0.7191682793637468,no_nlcd
0.026770077558168626,0.23807259470597558,0.7263197580004421,0.7191682793637468,no_nlcd
0.026770077558168626,0.23838960215565067,0.7263191969320953,0.7191682793637468,no_nlcd
0.027020265198899173,0.23838960215565067,0.7263191532072025,0.7191682793637468,no_nlcd
0.027020265198899173,0.2385481058804882,0.7263191262115506,0.7191682793637468,no_nlcd
0.02752064048036027,0.2385481058804882,0.7263175598857944,0.7191682793637468,no_nlcd
0.02752064048036027,0.23918212077983833,0.7263160257471457,0.7191682793637468,no_nlcd
0.02777082812109082,0.23918212077983833,0.72631571381144,0.7191682793637468,no_nlcd
0.02777082812109082,0.23934062450467586,0.7263151803606802,0.7191682793637468,no_nlcd
0.028271203402551914,0.23934062450467586,0.7263149764492511,0.7191682793637468,no_nlcd
0.028271203402551914,0.23949912822951339,0.726314274918559,0.7191682793637468,no_nlcd
0.02877157868401301,0.23949912822951339,0.7263138245916516,0.7191682793637468,no_nlcd
0.02877157868401301,0.23981613567918847,0.7263113697751522,0.7191682793637468,no_nlcd
0.029271953965474107,0.23981613567918847,0.7263109943973056,0.7191682793637468,no_nlcd
0.029271953965474107,0.24013314312886352,0.7263104773365073,0.7191682793637468,no_nlcd
0.029522141606204654,0.24013314312886352,0.7263104132108481,0.7191682793637468,no_nlcd
0.029522141606204654,0.24029164685370105,0.7263099956077012,0.7191682793637468,no_nlcd
0.0297723292469352,0.24029164685370105,0.7263099615815581,0.7191682793637468,no_nlcd
0.0297723292469352,0.24076715802821366,0.7263095578028456,0.7191682793637468,no_nlcd
0.03002251688766575,0.24076715802821366,0.7263095191801652,0.7191682793637468,no_nlcd
0.03002251688766575,0.2414011729275638,0.7263078141498105,0.7191682793637468,no_nlcd
0.030272704528396296,0.2414011729275638,0.7263074053652249,0.7191682793637468,no_nlcd
0.030272704528396296,0.2418766841020764,0.7263062824580406,0.7191682793637468,no_nlcd
0.030522892169126844,0.2418766841020764,0.7263056143048675,0.7191682793637468,no_nlcd
0.030522892169126844,0.24203518782691394,0.7263054470876493,0.7191682793637468,no_nlcd
0.031273455091318486,0.24203518782691394,0.726305135715453,0.7191682793637468,no_nlcd
0.031273455091318486,0.24219369155175147,0.7263042921126194,0.7191682793637468,no_nlcd
0.03152364273204904,0.24219369155175147,0.7263041655556647,0.7191682793637468,no_nlcd
0.03152364273204904,0.24251069900142652,0.7263032601567205,0.7191682793637468,no_nlcd
0.03252439329497123,0.24251069900142652,0.7263026066621922,0.7191682793637468,no_nlcd
0.03252439329497123,0.24266920272626408,0.7263024205792652,0.7191682793637468,no_nlcd
0.03277458093570178,0.24266920272626408,0.7263021866188223,0.7191682793637468,no_nlcd
0.03277458093570178,0.2428277064511016,0.7263021476566938,0.7191682793637468,no_nlcd
0.03327495621716287,0.2428277064511016,0.7263011778071077,0.7191682793637468,no_nlcd
0.03327495621716287,0.24298621017593913,0.7263007535524056,0.7191682793637468,no_nlcd
0.03402551913935452,0.24298621017593913,0.726299733235449,0.7191682793637468,no_nlcd
0.03402551913935452,0.24330321762561422,0.7262988992307245,0.7191682793637468,no_nlcd
0.03452589442081561,0.24330321762561422,0.7262986437017634,0.7191682793637468,no_nlcd
0.03452589442081561,0.24362022507528927,0.7262979235008871,0.7191682793637468,no_nlcd
0.03477608206154616,0.24362022507528927,0.7262970861956611,0.7191682793637468,no_nlcd
0.03477608206154616,0.24393723252496433,0.7262965035433931,0.7191682793637468,no_nlcd
0.03527645734300726,0.24393723252496433,0.7262956529716448,0.7191682793637468,no_nlcd
0.03527645734300726,0.24457124742431446,0.7262935019429753,0.7191682793637468,no_nlcd
0.035776832624468353,0.24457124742431446,0.726293131397087,0.7191682793637468,no_nlcd
0.035776832624468353,0.24504675859882707,0.7262928253213737,0.7191682793637468,no_nlcd
0.0360270202651989,0.24504675859882707,0.7262927896844928,0.7191682793637468,no_nlcd
0.0360270202651989,0.2452052623236646,0.7262927376969013,0.7191682793637468,no_nlcd
0.03627720790592945,0.2452052623236646,0.7262925599179028,0.7191682793637468,no_nlcd
0.03627720790592945,0.24552226977333969,0.7262922897852698,0.7191682793637468,no_nlcd
0.03652739554665999,0.24552226977333969,0.7262918799558266,0.7191682793637468,no_nlcd
0.03652739554665999,0.24679029957203993,0.726290390838928,0.7191682793637468,no_nlcd
0.03677758318739054,0.24679029957203993,0.7262902540673971,0.7191682793637468,no_nlcd
0.03677758318739054,0.2469488032968775,0.7262899499521586,0.7191682793637468,no_nlcd
0.037027770828121094,0.2469488032968775,0.7262895989656848,0.7191682793637468,no_nlcd
0.037027770828121094,0.24710730702171502,0.7262894553585064,0.7191682793637468,no_nlcd
0.03752814610958219,0.24710730702171502,0.7262888874868124,0.7191682793637468,no_nlcd
0.03752814610958219,0.2475828181962276,0.7262882116871098,0.7191682793637468,no_nlcd
0.038028521391043284,0.2475828181962276,0.7262871085536987,0.7191682793637468,no_nlcd
0.038028521391043284,0.24774132192106516,0.7262869717894459,0.7191682793637468,no_nlcd
0.03852889667250438,0.24774132192106516,0.7262868153381504,0.7191682793637468,no_nlcd
0.03852889667250438,0.24789982564590268,0.7262867706065892,0.7191682793637468,no_nlcd
0.03877908431323493,0.24789982564590268,0.7262866534274613,0.7191682793637468,no_nlcd
0.03877908431323493,0.2480583293707402,0.7262865974252233,0.7191682793637468,no_nlcd
0.039279459594696024,0.2480583293707402,0.7262863397459586,0.7191682793637468,no_nlcd
0.039279459594696024,0.24821683309557774,0.7262862098129915,0.7191682793637468,no_nlcd
0.03952964723542657,0.24821683309557774,0.7262857895022089,0.7191682793637468,no_nlcd
0.03952964723542657,0.2483753368204153,0.7262856936777164,0.7191682793637468,no_nlcd
0.03977983487615712,0.2483753368204153,0.7262855881002518,0.7191682793637468,no_nlcd
0.03977983487615712,0.24869234427009035,0.7262851896368957,0.7191682793637468,no_nlcd
0.040280210157618214,0.24869234427009035,0.7262840592614477,0.7191682793637468,no_nlcd
0.040280210157618214,0.24885084799492788,0.7262837280861123,0.7191682793637468,no_nlcd
0.040530397798348765,0.24885084799492788,0.7262835736080856,0.7191682793637468,no_nlcd
0.040530397798348765,0.24916785544460296,0.7262833919286479,0.7191682793637468,no_nlcd
0.04078058543907931,0.24916785544460296,0.726283388698966,0.7191682793637468,no_nlcd
0.04078058543907931,0.2493263591694405,0.7262833063094972,0.7191682793637468,no_nlcd
0.041280960720540404,0.2493263591694405,0.7262828272012358,0.7191682793637468,no_nlcd
0.041280960720540404,0.24948486289427801,0.7262825278944263,0.7191682793637468,no_nlcd
0.0417813360020015,0.24948486289427801,0.7262823782025262,0.7191682793637468,no_nlcd
0.0417813360020015,0.24996037406879063,0.7262809514714974,0.7191682793637468,no_nlcd
0.04203152364273205,0.24996037406879063,0.7262804368533611,0.7191682793637468,no_nlcd
0.04203152364273205,0.25043588524330324,0.7262795339034305,0.7191682793637468,no_nlcd
0.0422817112834626,0.25043588524330324,0.7262795142399323,0.7191682793637468,no_nlcd
0.0422817112834626,0.2517039150420035,0.7262783116195136,0.7191682793637468,no_nlcd
0.042531898924193144,0.2517039150420035,0.7262780381191569,0.7191682793637468,no_nlcd
0.042531898924193144,0.25202092249167857,0.7262778931502626,0.7191682793637468,no_nlcd
0.04303227420565424,0.25202092249167857,0.7262773187026609,0.7191682793637468,no_nlcd
0.04303227420565424,0.25217942621651607,0.72627725569213,0.7191682793637468,no_nlcd
0.04328246184638479,0.25217942621651607,0.7262771516057488,0.7191682793637468,no_nlcd
0.04328246184638479,0.2524964336661912,0.7262771056252707,0.7191682793637468,no_nlcd
0.043782837127845885,0.2524964336661912,0.7262769711314523,0.7191682793637468,no_nlcd
0.043782837127845885,0.25297194484070373,0.726276131871815,0.7191682793637468,no_nlcd
0.04428321240930698,0.25297194484070373,0.7262756424288526,0.7191682793637468,no_nlcd
0.04428321240930698,0.2531304485655413,0.7262756288224275,0.7191682793637468,no_nlcd
0.04453340005003753,0.2531304485655413,0.7262754560148302,0.7191682793637468,no_nlcd
0.04453340005003753,0.25328895229037884,0.7262753686795346,0.7191682793637468,no_nlcd
0.045033775331498625,0.25328895229037884,0.7262751873365908,0.7191682793637468,no_nlcd
0.045033775331498625,0.25344745601521634,0.7262749773046225,0.7191682793637468,no_nlcd
0.04528396297222917,0.25344745601521634,0.726274966588121,0.7191682793637468,no_nlcd
0.04528396297222917,0.25439847836424156,0.7262742157077471,0.7191682793637468,no_nlcd
0.04553415061295972,0.25439847836424156,0.7262740267778953,0.7191682793637468,no_nlcd
0.04553415061295972,0.2559835156126169,0.7262719681614422,0.7191682793637468,no_nlcd
0.04578433825369027,0.2559835156126169,0.7262719037822337,0.7191682793637468,no_nlcd
0.04578433825369027,0.2574100491361547,0.72627128167645,0.7191682793637468,no_nlcd
0.046034525894420815,0.2574100491361547,0.7262710632003158,0.7191682793637468,no_nlcd
0.046034525894420815,0.25756855286099223,0.726270978904162,0.7191682793637468,no_nlcd
0.046284713535151366,0.25756855286099223,0.7262708519030501,0.7191682793637468,no_nlcd
0.046284713535151366,0.2582025677603424,0.7262707279126966,0.7191682793637468,no_nlcd
0.047035276457343005,0.2582025677603424,0.7262702191977318,0.7191682793637468,no_nlcd
0.047035276457343005,0.25851957521001745,0.7262699398844894,0.7191682793637468,no_nlcd
0.047285464098073555,0.25851957521001745,0.7262697870053156,0.7191682793637468,no_nlcd
0.047285464098073555,0.2588365826596925,0.7262695492411332,0.7191682793637468,no_nlcd
0.047535651738804106,0.2588365826596925,0.7262695447213506,0.7191682793637468,no_nlcd
0.047535651738804106,0.25962910128388017,0.7262692378027114,0.7191682793637468,no_nlcd
0.0480360270202652,0.25962910128388017,0.7262688065704733,0.7191682793637468,no_nlcd
0.0480360270202652,0.2601046124583928,0.7262686389355356,0.7191682793637468,no_nlcd
0.048536402301726296,0.2601046124583928,0.7262679905767031,0.7191682793637468,no_nlcd
0.048536402301726296,0.2605801236329054,0.7262676186694313,0.7191682793637468,no_nlcd
0.04878658994245684,0.2605801236329054,0.726267346879844,0.7191682793637468,no_nlcd
0.04878658994245684,0.2623236646061182,0.7262664530798023,0.7191682793637468,no_nlcd
0.04928696522391794,0.2623236646061182,0.7262660681963341,0.7191682793637468,no_nlcd
0.04928696522391794,0.26264067205579333,0.7262660206281366,0.7191682793637468,no_nlcd
0.05003752814610958,0.26264067205579333,0.7262659212815635,0.7191682793637468,no_nlcd
0.05003752814610958,0.2629576795054684,0.7262657909807545,0.7191682793637468,no_nlcd
0.05028771578684013,0.2629576795054684,0.7262657264382354,0.7191682793637468,no_nlcd
0.05028771578684013,0.26327468695514344,0.7262656097002953,0.7191682793637468,no_nlcd
0.050537903427570675,0.26327468695514344,0.7262656061824423,0.7191682793637468,no_nlcd
0.050537903427570675,0.26375019812965605,0.7262650992828369,0.7191682793637468,no_nlcd
0.050788091068301226,0.26375019812965605,0.7262649469962785,0.7191682793637468,no_nlcd
0.050788091068301226,0.2648597242035188,0.7262644099588837,0.7191682793637468,no_nlcd
0.05128846634976232,0.2648597242035188,0.7262641487624931,0.7191682793637468,no_nlcd
0.05128846634976232,0.26501822792835633,0.7262639673889497,0.7191682793637468,no_nlcd
0.05153865399049287,0.26501822792835633,0.7262639561177182,0.7191682793637468,no_nlcd
0.05153865399049287,0.26549373910286894,0.7262638256909011,0.7191682793637468,no_nlcd
0.051788841631223416,0.26549373910286894,0.7262638035701252,0.7191682793637468,no_nlcd
0.051788841631223416,0.265810746552544,0.726263096618752,0.7191682793637468,no_nlcd
0.05228921691268451,0.265810746552544,0.726262814047697,0.7191682793637468,no_nlcd
0.05228921691268451,0.26612775400221905,0.7262627672711114,0.7191682793637468,no_nlcd
0.05253940455341506,0.26612775400221905,0.7262627254705796,0.7191682793637468,no_nlcd
0.05253940455341506,0.26739578380091933,0.7262618623676583,0.7191682793637468,no_nlcd
0.05278959219414561,0.26739578380091933,0.7262617669961725,0.7191682793637468,no_nlcd
0.05278959219414561,0.2677127912505944,0.7262616478215027,0.7191682793637468,no_nlcd
0.053039779834876156,0.2677127912505944,0.7262616184151495,0.7191682793637468,no_nlcd
0.053039779834876156,0.26850530987478205,0.7262610733990339,0.7191682793637468,no_nlcd
0.05328996747560671,0.26850530987478205,0.7262610706166708,0.7191682793637468,no_nlcd
0.05328996747560671,0.2700903471231574,0.7262606669625538,0.7191682793637468,no_nlcd
0.05354015511633725,0.2700903471231574,0.7262604978192639,0.7191682793637468,no_nlcd
0.05354015511633725,0.27072436202250755,0.7262599817549362,0.7191682793637468,no_nlcd
0.0537903427570678,0.27072436202250755,0.7262598486917439,0.7191682793637468,no_nlcd
0.0537903427570678,0.27088286574734505,0.7262598359123024,0.7191682793637468,no_nlcd
0.054040530397798346,0.27088286574734505,0.7262598312845261,0.7191682793637468,no_nlcd
0.054040530397798346,0.2721508955460453,0.7262591618889508,0.7191682793637468,no_nlcd
0.0542907180385289,0.2721508955460453,0.7262591433050214,0.7191682793637468,no_nlcd
0.0542907180385289,0.2723093992708829,0.726259140773284,0.7191682793637468,no_nlcd
0.05454090567925945,0.2723093992708829,0.7262591036079206,0.7191682793637468,no_nlcd
0.05454090567925945,0.27262640672055793,0.7262589123227594,0.7191682793637468,no_nlcd
0.05479109331998999,0.27262640672055793,0.7262588281956753,0.7191682793637468,no_nlcd
0.05479109331998999,0.272943414170233,0.7262586970615356,0.7191682793637468,no_nlcd
0.05504128096072054,0.272943414170233,0.7262586742863341,0.7191682793637468,no_nlcd
0.05504128096072054,0.2734189253447456,0.7262584219080565,0.7191682793637468,no_nlcd
0.05529146860145109,0.2734189253447456,0.7262584089428171,0.7191682793637468,no_nlcd
0.05529146860145109,0.27373593279442066,0.7262581718814771,0.7191682793637468,no_nlcd
0.05554165624218164,0.27373593279442066,0.726258103109071,0.7191682793637468,no_nlcd
0.05554165624218164,0.2745284514186083,0.7262578234386168,0.7191682793637468,no_nlcd
0.05579184388291218,0.2745284514186083,0.7262577269706326,0.7191682793637468,no_nlcd
0.05579184388291218,0.2746869551434459,0.7262576867975788,0.7191682793637468,no_nlcd
0.05604203152364273,0.2746869551434459,0.7262575871836608,0.7191682793637468,no_nlcd
0.05604203152364273,0.2756379774924711,0.7262571744141544,0.7191682793637468,no_nlcd
0.05629221916437328,0.2756379774924711,0.7262571398392288,0.7191682793637468,no_nlcd
0.05629221916437328,0.27722301474084643,0.7262563572338596,0.7191682793637468,no_nlcd
0.05679259444583438,0.27722301474084643,0.7262562045722913,0.7191682793637468,no_nlcd
0.05679259444583438,0.27785702964019654,0.7262559363656953,0.7191682793637468,no_nlcd
0.05704278208656492,0.27785702964019654,0.7262558402950512,0.7191682793637468,no_nlcd
0.05704278208656492,0.27896655571405926,0.7262554846988623,0.7191682793637468,no_nlcd
0.05729296972729547,0.27896655571405926,0.7262554739869291,0.7191682793637468,no_nlcd
0.05729296972729547,0.27944206688857187,0.7262552749743174,0.7191682793637468,no_nlcd
0.05779334500875657,0.27944206688857187,0.726255221713369,0.7191682793637468,no_nlcd
0.05779334500875657,0.2796005706134094,0.7262552191451405,0.7191682793637468,no_nlcd
0.05804353264948712,0.2796005706134094,0.7262551319679398,0.7191682793637468,no_nlcd
0.05804353264948712,0.28007608178792204,0.7262549528439144,0.7191682793637468,no_nlcd
0.05829372029021766,0.28007608178792204,0.7262548015404775,0.7191682793637468,no_nlcd
0.05829372029021766,0.2810271041369472,0.7262544690595227,0.7191682793637468,no_nlcd
0.058543907930948214,0.2810271041369472,0.7262542557436353,0.7191682793637468,no_nlcd
0.058543907930948214,0.28118560786178476,0.7262542436065297,0.7191682793637468,no_nlcd
0.05879409557167876,0.28118560786178476,0.7262541905994946,0.7191682793637468,no_nlcd
0.05879409557167876,0.2822951339356475,0.7262537436285857,0.7191682793637468,no_nlcd
0.05929447085313985,0.2822951339356475,0.7262536183850862,0.7191682793637468,no_nlcd
0.05929447085313985,0.28245363766048504,0.726253566014442,0.7191682793637468,no_nlcd
0.06029522141606205,0.28245363766048504,0.7262534014351378,0.7191682793637468,no_nlcd
0.06029522141606205,0.2827706451101601,0.7262533481742803,0.7191682793637468,no_nlcd
0.06054540905679259,0.2827706451101601,0.7262531980747867,0.7191682793637468,no_nlcd
0.06054540905679259,0.2832461562846727,0.7262531296462793,0.7191682793637468,no_nlcd
0.06104578433825369,0.2832461562846727,0.7262530689587477,0.7191682793637468,no_nlcd
0.06104578433825369,0.28356316373434776,0.7262528508121147,0.7191682793637468,no_nlcd
0.06129597197898424,0.28356316373434776,0.7262528224797757,0.7191682793637468,no_nlcd
0.06129597197898424,0.2838801711840228,0.7262525545845546,0.7191682793637468,no_nlcd
0.06154615961971479,0.2838801711840228,0.7262523065273429,0.7191682793637468,no_nlcd
0.06154615961971479,0.28403867490886037,0.7262522291654834,0.7191682793637468,no_nlcd
0.062046534901175884,0.28403867490886037,0.7262521163708381,0.7191682793637468,no_nlcd
0.062046534901175884,0.28419717863369787,0.7262520990930994,0.7191682793637468,no_nlcd
0.06229672254190643,0.28419717863369787,0.7262520481538395,0.7191682793637468,no_nlcd
0.06229672254190643,0.284514186083373,0.7262518024032969,0.7191682793637468,no_nlcd
0.06254691018263697,0.284514186083373,0.7262517480715497,0.7191682793637468,no_nlcd
0.06254691018263697,0.2849896972578856,0.7262517055372332,0.7191682793637468,no_nlcd
0.06304728546409807,0.2849896972578856,0.7262515001369034,0.7191682793637468,no_nlcd
0.06304728546409807,0.28546520843239814,0.7262512472732479,0.7191682793637468,no_nlcd
0.06329747310482862,0.28546520843239814,0.7262512243801849,0.7191682793637468,no_nlcd
0.06329747310482862,0.28594071960691075,0.7262509719414586,0.7191682793637468,no_nlcd
0.06354766074555918,0.28594071960691075,0.7262509520907979,0.7191682793637468,no_nlcd
0.06354766074555918,0.2860992233317483,0.7262508935001717,0.7191682793637468,no_nlcd
0.06404803602702026,0.2860992233317483,0.7262508710785616,0.7191682793637468,no_nlcd
0.06404803602702026,0.286891741955936,0.7262505122849929,0.7191682793637468,no_nlcd
0.06429822366775081,0.286891741955936,0.7262504581082357,0.7191682793637468,no_nlcd
0.06429822366775081,0.28720874940561103,0.7262503133919369,0.7191682793637468,no_nlcd
0.06454841130848137,0.28720874940561103,0.7262502390002585,0.7191682793637468,no_nlcd
0.06454841130848137,0.2875257568552861,0.7262500531522718,0.7191682793637468,no_nlcd
0.0647985989492119,0.2875257568552861,0.7262500298817341,0.7191682793637468,no_nlcd
0.0647985989492119,0.28784276430496114,0.7262496828985501,0.7191682793637468,no_nlcd
0.06504878658994245,0.28784276430496114,0.7262496539294417,0.7191682793637468,no_nlcd
0.06504878658994245,0.28815977175463625,0.7262494740632697,0.7191682793637468,no_nlcd
0.065298974230673,0.28815977175463625,0.7262492888866012,0.7191682793637468,no_nlcd
0.065298974230673,0.289269297828499,0.726249023139381,0.7191682793637468,no_nlcd
0.06554916187140356,0.289269297828499,0.7262489977842634,0.7191682793637468,no_nlcd
0.06554916187140356,0.2913298462513869,0.7262485430552934,0.7191682793637468,no_nlcd
0.06604953715286464,0.2913298462513869,0.7262484275699268,0.7191682793637468,no_nlcd
0.06604953715286464,0.2918053574258995,0.7262481976073762,0.7191682793637468,no_nlcd
0.0662997247935952,0.2918053574258995,0.7262481465638037,0.7191682793637468,no_nlcd
0.0662997247935952,0.2925978760500872,0.7262479158204234,0.7191682793637468,no_nlcd
0.06705028771578685,0.2925978760500872,0.7262476805297776,0.7191682793637468,no_nlcd
0.06705028771578685,0.29291488349976225,0.726247584134506,0.7191682793637468,no_nlcd
0.06730047535651738,0.29291488349976225,0.726247560479737,0.7191682793637468,no_nlcd
0.06730047535651738,0.2930733872245998,0.7262474439960842,0.7191682793637468,no_nlcd
0.06780085063797849,0.2930733872245998,0.7262474086997416,0.7191682793637468,no_nlcd
0.06780085063797849,0.2932318909494373,0.726247228394352,0.7191682793637468,no_nlcd
0.06830122591943957,0.2932318909494373,0.7262470567794113,0.7191682793637468,no_nlcd
0.06830122591943957,0.29339039467427486,0.7262470426081911,0.7191682793637468,no_nlcd
0.06855141356017012,0.29339039467427486,0.7262470004041934,0.7191682793637468,no_nlcd
0.06855141356017012,0.29354889839911236,0.7262469994658175,0.7191682793637468,no_nlcd
0.06880160120090067,0.29354889839911236,0.7262469111723617,0.7191682793637468,no_nlcd
0.06880160120090067,0.29402440957362497,0.7262467100447685,0.7191682793637468,no_nlcd
0.06955216412309231,0.29402440957362497,0.7262465372335062,0.7191682793637468,no_nlcd
0.06955216412309231,0.2941829132984625,0.7262465154153203,0.7191682793637468,no_nlcd
0.07005253940455342,0.2941829132984625,0.726246458707043,0.7191682793637468,no_nlcd
0.07005253940455342,0.29465842447297513,0.7262463674251048,0.7191682793637468,no_nlcd
0.07030272704528397,0.29465842447297513,0.7262463613922258,0.7191682793637468,no_nlcd
0.07030272704528397,0.29529243937232524,0.7262459712170498,0.7191682793637468,no_nlcd
0.07055291468601452,0.29529243937232524,0.7262459086519881,0.7191682793637468,no_nlcd
0.07055291468601452,0.2956094468220003,0.7197748970438731,0.7191682793637468,no_nlcd
0.07080310232674505,0.2956094468220003,0.718054144057394,0.7191682793637468,no_nlcd
0.07080310232674505,0.29624346172135047,0.7124947786513143,0.7191682793637468,no_nlcd
0.0710532899674756,0.29624346172135047,0.7124856100876265,0.7191682793637468,no_nlcd
0.0710532899674756,0.2968774766207006,0.7124049622482369,0.7191682793637468,no_nlcd
0.07130347760820616,0.2968774766207006,0.7123326979856136,0.7191682793637468,no_nlcd
0.07130347760820616,0.29766999524488824,0.7122980046196925,0.7191682793637468,no_nlcd
0.07155366524893671,0.29766999524488824,0.7122971712020977,0.7191682793637468,no_nlcd
0.07155366524893671,0.2983040101442384,0.712278047174936,0.7191682793637468,no_nlcd
0.07180385288966724,0.2983040101442384,0.7122584549258357,0.7191682793637468,no_nlcd
0.07180385288966724,0.29862101759391346,0.7122488730968903,0.7191682793637468,no_nlcd
0.0720540405303978,0.29862101759391346,0.7122454266225631,0.7191682793637468,no_nlcd
0.0720540405303978,0.29941353621810113,0.71221562633855,0.7191682793637468,no_nlcd
0.0725544158118589,0.29941353621810113,0.7122097210318987,0.7191682793637468,no_nlcd
0.0725544158118589,0.29988904739261374,0.712199929533398,0.7191682793637468,no_nlcd
0.07280460345258945,0.29988904739261374,0.7121996953449141,0.7191682793637468,no_nlcd
0.07280460345258945,0.30004755111745124,0.7121993865957159,0.7191682793637468,no_nlcd
0.07305479109331998,0.30004755111745124,0.7121979822444626,0.7191682793637468,no_nlcd
0.07305479109331998,0.3002060548422888,0.7121968029390553,0.7191682793637468,no_nlcd
0.07330497873405054,0.3002060548422888,0.7121948768747931,0.7191682793637468,no_nlcd
0.07330497873405054,0.30036455856712635,0.712194495574341,0.7191682793637468,no_nlcd
0.07355516637478109,0.30036455856712635,0.7121931191395899,0.7191682793637468,no_nlcd
0.07355516637478109,0.3006815660168014,0.7121855453855712,0.7191682793637468,no_nlcd
0.07380535401551164,0.3006815660168014,0.7121852786229771,0.7191682793637468,no_nlcd
0.07380535401551164,0.3008400697416389,0.71218138212174,0.7191682793637468,no_nlcd
0.07405554165624219,0.3008400697416389,0.7121793451620599,0.7191682793637468,no_nlcd
0.07405554165624219,0.30099857346647646,0.7121759042967857,0.7191682793637468,no_nlcd
0.07480610457843383,0.30099857346647646,0.7121727005953769,0.7191682793637468,no_nlcd
0.07480610457843383,0.301157077191314,0.7121714282856894,0.7191682793637468,no_nlcd
0.07505629221916438,0.301157077191314,0.7121701063840711,0.7191682793637468,no_nlcd
0.07505629221916438,0.3017910920906641,0.712164253430403,0.7191682793637468,no_nlcd
0.07555666750062547,0.3017910920906641,0.7121569564344701,0.7191682793637468,no_nlcd
0.07555666750062547,0.3021080995403392,0.7121493023229508,0.7191682793637468,no_nlcd
0.07580685514135602,0.3021080995403392,0.7121441651157427,0.7191682793637468,no_nlcd
0.07580685514135602,0.3040101442383896,0.7121213675206644,0.7191682793637468,no_nlcd
0.07605704278208657,0.3040101442383896,0.712118756218947,0.7191682793637468,no_nlcd
0.07605704278208657,0.3043271516880647,0.7121175548997936,0.7191682793637468,no_nlcd
0.07630723042281712,0.3043271516880647,0.7121175187163261,0.7191682793637468,no_nlcd
0.07630723042281712,0.30464415913773973,0.7121156830000971,0.7191682793637468,no_nlcd
0.07705779334500876,0.30464415913773973,0.7121100762142034,0.7191682793637468,no_nlcd
0.07705779334500876,0.3049611665874148,0.712106003300258,0.7191682793637468,no_nlcd
0.07730798098573931,0.3049611665874148,0.7121042292750138,0.7191682793637468,no_nlcd
0.07730798098573931,0.3054366777619274,0.7121016708384328,0.7191682793637468,no_nlcd
0.07755816862646986,0.3054366777619274,0.7121014961096421,0.7191682793637468,no_nlcd
0.07755816862646986,0.3065462038357901,0.7120973964130962,0.7191682793637468,no_nlcd
0.0778083562672004,0.3065462038357901,0.712096958447279,0.7191682793637468,no_nlcd
0.0778083562672004,0.30686321128546523,0.7120945698887421,0.7191682793637468,no_nlcd
0.07805854390793095,0.30686321128546523,0.7120944014521444,0.7191682793637468,no_nlcd
0.07805854390793095,0.30749722618481534,0.7120918364163406,0.7191682793637468,no_nlcd
0.0783087315486615,0.30749722618481534,0.7120913545561367,0.7191682793637468,no_nlcd
0.0783087315486615,0.3078142336344904,0.7120907100840703,0.7191682793637468,no_nlcd
0.07855891918939205,0.3078142336344904,0.7120889637508334,0.7191682793637468,no_nlcd
0.07855891918939205,0.30924076715802823,0.7120802414707967,0.7191682793637468,no_nlcd
0.07880910683012259,0.30924076715802823,0.7120796898924933,0.7191682793637468,no_nlcd
0.07880910683012259,0.30939927088286573,0.7120795157398239,0.7191682793637468,no_nlcd
0.07905929447085314,0.30939927088286573,0.7120779496205044,0.7191682793637468,no_nlcd
0.07905929447085314,0.3100332857822159,0.7120765653183427,0.7191682793637468,no_nlcd
0.07930948211158369,0.3100332857822159,0.7120750733566351,0.7191682793637468,no_nlcd
0.07930948211158369,0.3105087969567285,0.7120741491705571,0.7191682793637468,no_nlcd
0.07955966975231424,0.3105087969567285,0.7120740454346285,0.7191682793637468,no_nlcd
0.07955966975231424,0.31082580440640356,0.7120716199995218,0.7191682793637468,no_nlcd
0.07980985739304479,0.31082580440640356,0.7120711385253974,0.7191682793637468,no_nlcd
0.07980985739304479,0.31256934537961645,0.7120549090911252,0.7191682793637468,no_nlcd
0.08031023267450588,0.31256934537961645,0.7120538565220105,0.7191682793637468,no_nlcd
0.08031023267450588,0.3128863528292915,0.712053399305268,0.7191682793637468,no_nlcd
0.08131098323742807,0.3128863528292915,0.7120525036559335,0.7191682793637468,no_nlcd
0.08131098323742807,0.313044856554129,0.7120505087524696,0.7191682793637468,no_nlcd
0.08156117087815862,0.313044856554129,0.7120489233913708,0.7191682793637468,no_nlcd
0.08156117087815862,0.3135203677286416,0.7120472535785348,0.7191682793637468,no_nlcd
0.08181135851888917,0.3135203677286416,0.7120470990316907,0.7191682793637468,no_nlcd
0.08181135851888917,0.31383737517831667,0.7120461209915359,0.7191682793637468,no_nlcd
0.08206154615961972,0.31383737517831667,0.7120453222836034,0.7191682793637468,no_nlcd
0.08206154615961972,0.3141543826279918,0.7120443236517561,0.7191682793637468,no_nlcd
0.08256192144108081,0.3141543826279918,0.7120430776671,0.7191682793637468,no_nlcd
0.08256192144108081,0.31462989380250433,0.7120413866663393,0.7191682793637468,no_nlcd
0.08281210908181136,0.31462989380250433,0.7120392459416058,0.7191682793637468,no_nlcd
0.08281210908181136,0.31494690125217945,0.7120371296430444,0.7191682793637468,no_nlcd
0.08306229672254191,0.31494690125217945,0.712034665104811,0.7191682793637468,no_nlcd
0.08306229672254191,0.315422412426692,0.7120313607918969,0.7191682793637468,no_nlcd
0.08331248436327246,0.315422412426692,0.7120311547958256,0.7191682793637468,no_nlcd
0.08331248436327246,0.3158979236012046,0.7120305597133219,0.7191682793637468,no_nlcd
0.083562672004003,0.3158979236012046,0.7120293375213963,0.7191682793637468,no_nlcd
0.083562672004003,0.3162149310508797,0.7120286236168887,0.7191682793637468,no_nlcd
0.0840630472854641,0.3162149310508797,0.712028321572284,0.7191682793637468,no_nlcd
0.0840630472854641,0.3163734347757172,0.7120277769477377,0.7191682793637468,no_nlcd
0.08431323492619465,0.3163734347757172,0.7120276391491839,0.7191682793637468,no_nlcd
0.08431323492619465,0.3170074496750674,0.7120269944765566,0.7191682793637468,no_nlcd
0.08481361020765574,0.3170074496750674,0.7120251919662143,0.7191682793637468,no_nlcd
0.08481361020765574,0.31732445712474244,0.712023524430271,0.7191682793637468,no_nlcd
0.08506379784838629,0.31732445712474244,0.7120234296545801,0.7191682793637468,no_nlcd
0.08506379784838629,0.31922650182279283,0.7120183185827571,0.7191682793637468,no_nlcd
0.08531398548911684,0.31922650182279283,0.7120170635239831,0.7191682793637468,no_nlcd
0.08531398548911684,0.3195435092724679,0.712015907150285,0.7191682793637468,no_nlcd
0.08556417312984739,0.3195435092724679,0.712015684448166,0.7191682793637468,no_nlcd
0.08556417312984739,0.32017752417181805,0.7120143844915781,0.7191682793637468,no_nlcd
0.08581436077057793,0.32017752417181805,0.7120139271507602,0.7191682793637468,no_nlcd
0.08581436077057793,0.32033602789665555,0.7120139083990747,0.7191682793637468,no_nlcd
0.08606454841130848,0.32033602789665555,0.71201377468365,0.7191682793637468,no_nlcd
0.08606454841130848,0.3209700427960057,0.7120117693547494,0.7191682793637468,no_nlcd
0.08631473605203903,0.3209700427960057,0.7120112157074682,0.7191682793637468,no_nlcd
0.08631473605203903,0.32128705024568077,0.7120109509271744,0.7191682793637468,no_nlcd
0.08656492369276958,0.32128705024568077,0.7120105749080716,0.7191682793637468,no_nlcd
0.08656492369276958,0.3219210651450309,0.7120085132139221,0.7191682793637468,no_nlcd
0.08681511133350013,0.3219210651450309,0.7120081463660787,0.7191682793637468,no_nlcd
0.08681511133350013,0.3227135837692186,0.7120058655408826,0.7191682793637468,no_nlcd
0.08731548661496122,0.3227135837692186,0.712005794560979,0.7191682793637468,no_nlcd
0.08731548661496122,0.3241401172927564,0.712003034081834,0.7191682793637468,no_nlcd
0.08756567425569177,0.3241401172927564,0.7120029909978771,0.7191682793637468,no_nlcd
0.08756567425569177,0.32429862101759394,0.7120027371889505,0.7191682793637468,no_nlcd
0.08781586189642232,0.32429862101759394,0.7120022336478126,0.7191682793637468,no_nlcd
0.08781586189642232,0.32445712474243144,0.7120020644729464,0.7191682793637468,no_nlcd
0.08806604953715287,0.32445712474243144,0.7120019037189208,0.7191682793637468,no_nlcd
0.08806604953715287,0.324615628467269,0.7120014605415534,0.7191682793637468,no_nlcd
0.08831623717788341,0.324615628467269,0.7120012710840395,0.7191682793637468,no_nlcd
0.08831623717788341,0.3247741321921065,0.7120012421543459,0.7191682793637468,no_nlcd
0.08856642481861396,0.3247741321921065,0.7120011312848522,0.7191682793637468,no_nlcd
0.08856642481861396,0.32493263591694405,0.7120010333054517,0.7191682793637468,no_nlcd
0.08881661245934451,0.32493263591694405,0.7120003246776357,0.7191682793637468,no_nlcd
0.08881661245934451,0.3250911396417816,0.7120000043108488,0.7191682793637468,no_nlcd
0.08956717538153615,0.3250911396417816,0.7119990645691558,0.7191682793637468,no_nlcd
0.08956717538153615,0.32540814709145666,0.7119988021129418,0.7191682793637468,no_nlcd
0.0898173630222667,0.32540814709145666,0.7119986198355099,0.7191682793637468,no_nlcd
0.0898173630222667,0.32556665081629416,0.7119985890753812,0.7191682793637468,no_nlcd
0.09006755066299725,0.32556665081629416,0.711997024833045,0.7191682793637468,no_nlcd
0.09006755066299725,0.3262006657156443,0.7119949961601008,0.7191682793637468,no_nlcd
0.0903177383037278,0.3262006657156443,0.7119949823411408,0.7191682793637468,no_nlcd
0.0903177383037278,0.3263591694404819,0.7119949504356886,0.7191682793637468,no_nlcd
0.09056792594445834,0.3263591694404819,0.7119947755591041,0.7191682793637468,no_nlcd
0.09056792594445834,0.32667617689015693,0.7119946513957544,0.7191682793637468,no_nlcd
0.09081811358518889,0.32667617689015693,0.7119943484773903,0.7191682793637468,no_nlcd
0.09081811358518889,0.32731019178950704,0.7119939564159313,0.7191682793637468,no_nlcd
0.09106830122591944,0.32731019178950704,0.7119932179927679,0.7191682793637468,no_nlcd
0.09106830122591944,0.3276271992391821,0.7119927894035306,0.7191682793637468,no_nlcd
0.09131848886664999,0.3276271992391821,0.7119915855089685,0.7191682793637468,no_nlcd
0.09131848886664999,0.32952924393723254,0.7119882117687756,0.7191682793637468,no_nlcd
0.09156867650738054,0.32952924393723254,0.7119879273120587,0.7191682793637468,no_nlcd
0.09156867650738054,0.3307972737359328,0.711984948453742,0.7191682793637468,no_nlcd
0.09181886414811108,0.3307972737359328,0.7119847529992744,0.7191682793637468,no_nlcd
0.09181886414811108,0.3309557774607703,0.7119847284444216,0.7191682793637468,no_nlcd
0.09231923942957218,0.3309557774607703,0.7119841097911022,0.7191682793637468,no_nlcd
0.09231923942957218,0.3315897923601205,0.7119831132116701,0.7191682793637468,no_nlcd
0.09256942707030273,0.3315897923601205,0.7119829613173133,0.7191682793637468,no_nlcd
0.09256942707030273,0.33190679980979554,0.7119825751585014,0.7191682793637468,no_nlcd
0.09281961471103327,0.33190679980979554,0.7119819402732039,0.7191682793637468,no_nlcd
0.09281961471103327,0.3326993184339832,0.7119812374860545,0.7191682793637468,no_nlcd
0.09306980235176382,0.3326993184339832,0.7119808040141359,0.7191682793637468,no_nlcd
0.09306980235176382,0.3333333333333333,0.7119801210455047,0.7191682793637468,no_nlcd
0.09331998999249437,0.3333333333333333,0.7119792723538118,0.7191682793637468,no_nlcd
0.09331998999249437,0.3355523854810588,0.7119768379264618,0.7191682793637468,no_nlcd
0.09357017763322492,0.3355523854810588,0.7119765934128921,0.7191682793637468,no_nlcd
0.09357017763322492,0.33586939293073387,0.7119765359228485,0.7191682793637468,no_nlcd
0.09382036527395547,0.33586939293073387,0.711976501448521,0.7191682793637468,no_nlcd
0.09382036527395547,0.33713742272943414,0.711975113395315,0.7191682793637468,no_nlcd
0.09407055291468601,0.33713742272943414,0.711974656039283,0.7191682793637468,no_nlcd
0.09407055291468601,0.3384054525281344,0.7119731895835981,0.7191682793637468,no_nlcd
0.09432074055541656,0.3384054525281344,0.7119729716610675,0.7191682793637468,no_nlcd
0.09432074055541656,0.3385639562529719,0.711972806293686,0.7191682793637468,no_nlcd
0.09457092819614711,0.3385639562529719,0.7119727777323277,0.7191682793637468,no_nlcd
0.09457092819614711,0.33888096370264703,0.7119724211679505,0.7191682793637468,no_nlcd
0.09482111583687766,0.33888096370264703,0.7119720388911103,0.7191682793637468,no_nlcd
0.09482111583687766,0.3391979711523221,0.7119714113852461,0.7191682793637468,no_nlcd
0.09507130347760821,0.3391979711523221,0.7119713079958317,0.7191682793637468,no_nlcd
0.09507130347760821,0.3393564748771596,0.7119713005299793,0.7191682793637468,no_nlcd
0.09532149111833875,0.3393564748771596,0.7119711795658947,0.7191682793637468,no_nlcd
0.09532149111833875,0.33999048977650975,0.7119703045135043,0.7191682793637468,no_nlcd
0.0955716787590693,0.33999048977650975,0.7119697675131739,0.7191682793637468,no_nlcd
0.0955716787590693,0.3401489935013473,0.711969662532382,0.7191682793637468,no_nlcd
0.09582186639979985,0.3401489935013473,0.7119696454875799,0.7191682793637468,no_nlcd
0.09582186639979985,0.34125851957521003,0.7119683429367873,0.7191682793637468,no_nlcd
0.09707280460345259,0.34125851957521003,0.7119670700412829,0.7191682793637468,no_nlcd
0.09707280460345259,0.3415755270248851,0.7119669108362183,0.7191682793637468,no_nlcd
0.09732299224418314,0.3415755270248851,0.7119668186098503,0.7191682793637468,no_nlcd
0.09732299224418314,0.34236804564907275,0.711966500730811,0.7191682793637468,no_nlcd
0.09832374280710533,0.34236804564907275,0.7119659611164496,0.7191682793637468,no_nlcd
0.09832374280710533,0.34284355682358536,0.7119657758711971,0.7191682793637468,no_nlcd
0.09882411808856642,0.34284355682358536,0.7119656497542329,0.7191682793637468,no_nlcd
0.09882411808856642,0.34331906799809797,0.7119653753396712,0.7191682793637468,no_nlcd
0.09907430572929697,0.34331906799809797,0.7119653557065593,0.7191682793637468,no_nlcd
0.09907430572929697,0.3437945791726106,0.7119649270066559,0.7191682793637468,no_nlcd
0.09932449337002752,0.3437945791726106,0.7119647952726353,0.7191682793637468,no_nlcd
0.09932449337002752,0.34411158662228564,0.7119644502658116,0.7191682793637468,no_nlcd
0.09957468101075807,0.34411158662228564,0.7119636538907307,0.7191682793637468,no_nlcd
0.09957468101075807,0.34427009034712314,0.7119635492256822,0.7191682793637468,no_nlcd
0.09982486865148861,0.34427009034712314,0.7119634301711311,0.7191682793637468,no_nlcd
0.09982486865148861,0.3461721350451736,0.7119627828600436,0.7191682793637468,no_nlcd
0.10007505629221916,0.3461721350451736,0.7119627379651307,0.7191682793637468,no_nlcd
0.10007505629221916,0.3466476462196862,0.711962222837032,0.7191682793637468,no_nlcd
0.10032524393294971,0.3466476462196862,0.7119621091858657,0.7191682793637468,no_nlcd
0.10032524393294971,0.3472816611190363,0.7119612696594372,0.7191682793637468,no_nlcd
0.10057543157368026,0.3472816611190363,0.7119611664959845,0.7191682793637468,no_nlcd
0.10057543157368026,0.34744016484387386,0.7119611038955382,0.7191682793637468,no_nlcd
0.10082561921441081,0.34744016484387386,0.7119609782723796,0.7191682793637468,no_nlcd
0.10082561921441081,0.34807417974322397,0.7119604248523412,0.7191682793637468,no_nlcd
0.1013259944958719,0.34807417974322397,0.7119601898959435,0.7191682793637468,no_nlcd
0.1013259944958719,0.3485496909177366,0.7119596199092901,0.7191682793637468,no_nlcd
0.10207655741806355,0.3485496909177366,0.7119595710899183,0.7191682793637468,no_nlcd
0.10207655741806355,0.3490252020922492,0.7119588612018041,0.7191682793637468,no_nlcd
0.10232674505879409,0.3490252020922492,0.7119587052706383,0.7191682793637468,no_nlcd
0.10232674505879409,0.34934220954192424,0.711958250399267,0.7191682793637468,no_nlcd
0.1028271203402552,0.34934220954192424,0.7119581244070915,0.7191682793637468,no_nlcd
0.1028271203402552,0.3501347281661119,0.7119577867306535,0.7191682793637468,no_nlcd
0.10307730798098574,0.3501347281661119,0.7119577214621489,0.7191682793637468,no_nlcd
0.10307730798098574,0.350768743065462,0.7119573728580283,0.7191682793637468,no_nlcd
0.10382787090317738,0.350768743065462,0.7119572782225273,0.7191682793637468,no_nlcd
0.10382787090317738,0.35108575051513713,0.7119570414709044,0.7191682793637468,no_nlcd
0.10432824618463848,0.35108575051513713,0.7119568990557233,0.7191682793637468,no_nlcd
0.10432824618463848,0.3518782691393248,0.7119562028134943,0.7191682793637468,no_nlcd
0.10457843382536902,0.3518782691393248,0.7119561559010648,0.7191682793637468,no_nlcd
0.10457843382536902,0.35219527658899985,0.7119558970691019,0.7191682793637468,no_nlcd
0.10482862146609957,0.35219527658899985,0.7119558676206669,0.7191682793637468,no_nlcd
0.10482862146609957,0.3525122840386749,0.7119557233813747,0.7191682793637468,no_nlcd
0.10532899674756067,0.3525122840386749,0.7119557078611688,0.7191682793637468,no_nlcd
0.10532899674756067,0.3529877952131875,0.7119551072105031,0.7191682793637468,no_nlcd
0.10557918438829123,0.3529877952131875,0.7119550948877434,0.7191682793637468,no_nlcd
0.10557918438829123,0.353146298938025,0.7119550805010059,0.7191682793637468,no_nlcd
0.10582937202902176,0.353146298938025,0.7119550736977269,0.7191682793637468,no_nlcd
0.10582937202902176,0.35393881756221274,0.7119548613021698,0.7191682793637468,no_nlcd
0.10607955966975231,0.35393881756221274,0.7119547075892835,0.7191682793637468,no_nlcd
0.10607955966975231,0.3544143287367253,0.7119543182650852,0.7191682793637468,no_nlcd
0.10632974731048286,0.3544143287367253,0.7119542691696091,0.7191682793637468,no_nlcd
0.10632974731048286,0.35457283246156285,0.7119542109842442,0.7191682793637468,no_nlcd
0.10657993495121341,0.35457283246156285,0.7119540493013773,0.7191682793637468,no_nlcd
0.10657993495121341,0.3547313361864004,0.7119540474995268,0.7191682793637468,no_nlcd
0.10733049787340505,0.3547313361864004,0.7119537048790676,0.7191682793637468,no_nlcd
0.10733049787340505,0.35552385481058807,0.7119534045929187,0.7191682793637468,no_nlcd
0.1085814360770578,0.35552385481058807,0.7119532563466963,0.7191682793637468,no_nlcd
0.1085814360770578,0.35568235853542557,0.7119532380356612,0.7191682793637468,no_nlcd
0.10883162371778834,0.35568235853542557,0.7119531421262841,0.7191682793637468,no_nlcd
0.10883162371778834,0.3559993659851006,0.7119529044555011,0.7191682793637468,no_nlcd
0.1090818113585189,0.3559993659851006,0.7119528930338584,0.7191682793637468,no_nlcd
0.1090818113585189,0.3561578697099382,0.711952858891968,0.7191682793637468,no_nlcd
0.10933199899924943,0.3561578697099382,0.7119528271442265,0.7191682793637468,no_nlcd
0.10933199899924943,0.3585354255825012,0.7119520062117543,0.7191682793637468,no_nlcd
0.10958218663997998,0.3585354255825012,0.7119514431256388,0.7191682793637468,no_nlcd
0.10958218663997998,0.3596449516563639,0.7119507154908041,0.7191682793637468,no_nlcd
0.10983237428071053,0.3596449516563639,0.7119506649752086,0.7191682793637468,no_nlcd
0.10983237428071053,0.3607544777302267,0.7119502867485127,0.7191682793637468,no_nlcd
0.11008256192144109,0.3607544777302267,0.7119502558135851,0.7191682793637468,no_nlcd
0.11008256192144109,0.3612299889047393,0.7119500569590947,0.7191682793637468,no_nlcd
0.11033274956217162,0.3612299889047393,0.7119500169972779,0.7191682793637468,no_nlcd
0.11033274956217162,0.36170550007925184,0.7119497947248332,0.7191682793637468,no_nlcd
0.11083312484363272,0.36170550007925184,0.7119496153522415,0.7191682793637468,no_nlcd
0.11083312484363272,0.3628150261531146,0.7119493841596103,0.7191682793637468,no_nlcd
0.11108331248436328,0.3628150261531146,0.7119492604272614,0.7191682793637468,no_nlcd
0.11108331248436328,0.36329053732762717,0.7119491809759755,0.7191682793637468,no_nlcd
0.11133350012509383,0.36329053732762717,0.71194912524167,0.7191682793637468,no_nlcd
0.11133350012509383,0.3634490410524647,0.7119489851403303,0.7191682793637468,no_nlcd
0.11183387540655491,0.3634490410524647,0.71194874037928,0.7191682793637468,no_nlcd
0.11183387540655491,0.36392455222697734,0.7119485217830973,0.7191682793637468,no_nlcd
0.11208406304728546,0.36392455222697734,0.7119485021804685,0.7191682793637468,no_nlcd
0.11208406304728546,0.3642415596766524,0.7119484340901522,0.7191682793637468,no_nlcd
0.11258443832874657,0.3642415596766524,0.7119483257275931,0.7191682793637468,no_nlcd
0.11258443832874657,0.364717070851165,0.7119481644047803,0.7191682793637468,no_nlcd
0.1133350012509382,0.364717070851165,0.7119480616402667,0.7191682793637468,no_nlcd
0.1133350012509382,0.3659851006498653,0.7119477725843827,0.7191682793637468,no_nlcd
0.11358518889166876,0.3659851006498653,0.7119477299178248,0.7191682793637468,no_nlcd
0.11358518889166876,0.36677761927405295,0.7119474925311131,0.7191682793637468,no_nlcd
0.1138353765323993,0.36677761927405295,0.7119474891178925,0.7191682793637468,no_nlcd
0.1138353765323993,0.36788714534791567,0.7119471267936299,0.7191682793637468,no_nlcd
0.1143357518138604,0.36788714534791567,0.7119470821851648,0.7191682793637468,no_nlcd
0.1143357518138604,0.36867966397210333,0.7119465211205634,0.7191682793637468,no_nlcd
0.11458593945459095,0.36867966397210333,0.7119463191686716,0.7191682793637468,no_nlcd
0.11458593945459095,0.3689966714217784,0.7119461487380674,0.7191682793637468,no_nlcd
0.11508631473605203,0.3689966714217784,0.7119460168344627,0.7191682793637468,no_nlcd
0.11508631473605203,0.36915517514661594,0.7119460128181602,0.7191682793637468,no_nlcd
0.11533650237678258,0.36915517514661594,0.7119459547771184,0.7191682793637468,no_nlcd
0.11533650237678258,0.36978919004596605,0.71194583706468,0.7191682793637468,no_nlcd
0.11558669001751314,0.36978919004596605,0.7119458237533939,0.7191682793637468,no_nlcd
0.11558669001751314,0.3699476937708036,0.7119458174564651,0.7191682793637468,no_nlcd
0.11608706529897424,0.3699476937708036,0.7119456867483809,0.7191682793637468,no_nlcd
0.11608706529897424,0.37026470122047866,0.7119455971493409,0.7191682793637468,no_nlcd
0.11633725293970477,0.37026470122047866,0.7119454951645035,0.7191682793637468,no_nlcd
0.11633725293970477,0.3716912347440165,0.7119448650218534,0.7191682793637468,no_nlcd
0.11658744058043533,0.3716912347440165,0.7119448472929523,0.7191682793637468,no_nlcd
0.11658744058043533,0.3721667459185291,0.7119447548828123,0.7191682793637468,no_nlcd
0.11683762822116588,0.3721667459185291,0.7119446479689947,0.7191682793637468,no_nlcd
0.11683762822116588,0.3723252496433666,0.7119446336152361,0.7191682793637468,no_nlcd
0.11708781586189643,0.3723252496433666,0.7119446220276008,0.7191682793637468,no_nlcd
0.11708781586189643,0.37248375336820416,0.711944496909939,0.7191682793637468,no_nlcd
0.11733800350262696,0.37248375336820416,0.711944462023222,0.7191682793637468,no_nlcd
0.11733800350262696,0.3729592645427168,0.7119443786675614,0.7191682793637468,no_nlcd
0.11758819114335751,0.3729592645427168,0.711944266529121,0.7191682793637468,no_nlcd
0.11758819114335751,0.3745443017910921,0.7119438945867305,0.7191682793637468,no_nlcd
0.11783837878408807,0.3745443017910921,0.7119438158964134,0.7191682793637468,no_nlcd
0.11783837878408807,0.3747028055159296,0.7119437706483273,0.7191682793637468,no_nlcd
0.11833875406554917,0.3747028055159296,0.7119436090560665,0.7191682793637468,no_nlcd
0.11833875406554917,0.37486130924076716,0.7119434339296611,0.7191682793637468,no_nlcd
0.1185889417062797,0.37486130924076716,0.7119433478836497,0.7191682793637468,no_nlcd
0.1185889417062797,0.3750198129656047,0.711943335199388,0.7191682793637468,no_nlcd
0.1190893169877408,0.3750198129656047,0.7119432159783554,0.7191682793637468,no_nlcd
0.1190893169877408,0.37612933903946744,0.7119430484790207,0.7191682793637468,no_nlcd
0.11933950462847136,0.37612933903946744,0.7119430297160412,0.7191682793637468,no_nlcd
0.11933950462847136,0.3769218576636551,0.7119428024931307,0.7191682793637468,no_nlcd
0.11958969226920191,0.3769218576636551,0.7119427984182456,0.7191682793637468,no_nlcd
0.11958969226920191,0.3775558725630052,0.7119426380589164,0.7191682793637468,no_nlcd
0.11983987990993245,0.3775558725630052,0.7119425728568742,0.7191682793637468,no_nlcd
0.11983987990993245,0.37850689491203043,0.7119420435105898,0.7191682793637468,no_nlcd
0.120090067550663,0.37850689491203043,0.711941987409161,0.7191682793637468,no_nlcd
0.120090067550663,0.378665398636868,0.7119419350545741,0.7191682793637468,no_nlcd
0.12034025519139355,0.378665398636868,0.7119418997778711,0.7191682793637468,no_nlcd
0.12034025519139355,0.3797749247107307,0.7119415241522808,0.7191682793637468,no_nlcd
0.1205904428321241,0.3797749247107307,0.7119415066866779,0.7191682793637468,no_nlcd
0.1205904428321241,0.3805674433349184,0.7114437031370457,0.7191682793637468,no_nlcd
0.12084063047285463,0.3805674433349184,0.7085177985885229,0.7191682793637468,no_nlcd
0.12084063047285463,0.38072594705975593,0.7077944606763056,0.7191682793637468,no_nlcd
0.12184138103577684,0.38072594705975593,0.7022548615325866,0.7191682793637468,no_nlcd
0.12184138103577684,0.3812014582342685,0.7020963143087506,0.7191682793637468,no_nlcd
0.12209156867650738,0.3812014582342685,0.7020932522123672,0.7191682793637468,no_nlcd
0.12209156867650738,0.3827864954826438,0.7020174566764626,0.7191682793637468,no_nlcd
0.12234175631723793,0.3827864954826438,0.7020174529365836,0.7191682793637468,no_nlcd
0.12234175631723793,0.383420510381994,0.7020096519319554,0.7191682793637468,no_nlcd
0.12259194395796848,0.383420510381994,0.7020080967924246,0.7191682793637468,no_nlcd
0.12259194395796848,0.38373751783166904,0.7020024575034897,0.7191682793637468,no_nlcd
0.12284213159869903,0.38373751783166904,0.702002010143935,0.7191682793637468,no_nlcd
0.12284213159869903,0.3845300364558567,0.7019932941520245,0.7191682793637468,no_nlcd
0.12309231923942958,0.3845300364558567,0.7019928898038911,0.7191682793637468,no_nlcd
0.12309231923942958,0.38516405135520687,0.7019863423408632,0.7191682793637468,no_nlcd
0.12334250688016012,0.38516405135520687,0.7019853411244044,0.7191682793637468,no_nlcd
0.12334250688016012,0.38611507370423204,0.7019755658727748,0.7191682793637468,no_nlcd
0.12359269452089067,0.38611507370423204,0.7019749704686141,0.7191682793637468,no_nlcd
0.12359269452089067,0.3869075923284197,0.7019692268783547,0.7191682793637468,no_nlcd
0.12384288216162122,0.3869075923284197,0.7019682562532488,0.7191682793637468,no_nlcd
0.12384288216162122,0.3926137264225709,0.7019414968422323,0.7191682793637468,no_nlcd
0.12409306980235177,0.3926137264225709,0.7019412405462092,0.7191682793637468,no_nlcd
0.12409306980235177,0.392930733872246,0.7019396317127379,0.7191682793637468,no_nlcd
0.1243432574430823,0.392930733872246,0.701939189339559,0.7191682793637468,no_nlcd
0.1243432574430823,0.395308289744809,0.7019298715549821,0.7191682793637468,no_nlcd
0.12459344508381286,0.395308289744809,0.7019294775669443,0.7191682793637468,no_nlcd
0.12459344508381286,0.3984783642415597,0.7019169389944878,0.7191682793637468,no_nlcd
0.12484363272454341,0.3984783642415597,0.70191632208107,0.7191682793637468,no_nlcd
0.12484363272454341,0.3989538754160723,0.7019151622900284,0.7191682793637468,no_nlcd
0.12509382036527394,0.3989538754160723,0.7019149073688902,0.7191682793637468,no_nlcd
0.12509382036527394,0.39927088286574736,0.7019127442798414,0.7191682793637468,no_nlcd
0.1258443832874656,0.39927088286574736,0.7019083404597318,0.7191682793637468,no_nlcd
0.1258443832874656,0.39974639404025997,0.701905009115121,0.7191682793637468,no_nlcd
0.12609457092819615,0.39974639404025997,0.7019045142259094,0.7191682793637468,no_nlcd
0.12609457092819615,0.39990489776509747,0.7019043570623861,0.7191682793637468,no_nlcd
0.12634475856892668,0.39990489776509747,0.701904350346364,0.7191682793637468,no_nlcd
0.12634475856892668,0.400063401489935,0.7019041761297551,0.7191682793637468,no_nlcd
0.1268451338503878,0.400063401489935,0.7019030831478035,0.7191682793637468,no_nlcd
0.1268451338503878,0.4002219052147725,0.7019030558244636,0.7191682793637468,no_nlcd
0.12709532149111835,0.4002219052147725,0.7019027062265996,0.7191682793637468,no_nlcd
0.12709532149111835,0.402440957362498,0.7018883793224852,0.7191682793637468,no_nlcd
0.1273455091318489,0.402440957362498,0.7018877916680403,0.7191682793637468,no_nlcd
0.1273455091318489,0.4027579648121731,0.7018865967862233,0.7191682793637468,no_nlcd
0.12784588441331,0.4027579648121731,0.7018847115158166,0.7191682793637468,no_nlcd
0.12784588441331,0.40355048343636074,0.7018813743626415,0.7191682793637468,no_nlcd
0.12809607205404053,0.40355048343636074,0.7018812912455495,0.7191682793637468,no_nlcd
0.12809607205404053,0.4041844983357109,0.7018786233569879,0.7191682793637468,no_nlcd
0.1283462596947711,0.4041844983357109,0.7018781445978308,0.7191682793637468,no_nlcd
0.1283462596947711,0.4056110318592487,0.7018693325360549,0.7191682793637468,no_nlcd
0.12884663497623217,0.4056110318592487,0.7018688380484788,0.7191682793637468,no_nlcd
0.12884663497623217,0.4060865430337613,0.7018677375177415,0.7191682793637468,no_nlcd
0.12909682261696273,0.4060865430337613,0.7018676784131586,0.7191682793637468,no_nlcd
0.12909682261696273,0.40640355048343635,0.7018659888035891,0.7191682793637468,no_nlcd
0.12984738553915437,0.40640355048343635,0.7018632463516726,0.7191682793637468,no_nlcd
0.12984738553915437,0.4065620542082739,0.701862712946109,0.7191682793637468,no_nlcd
0.130597948461346,0.4065620542082739,0.7018581996666375,0.7191682793637468,no_nlcd
0.130597948461346,0.40687906165794896,0.7018574743183518,0.7191682793637468,no_nlcd
0.1310983237428071,0.40687906165794896,0.7018562501926671,0.7191682793637468,no_nlcd
0.1310983237428071,0.40751307655729907,0.7018549500859149,0.7191682793637468,no_nlcd
0.13134851138353765,0.40751307655729907,0.701854372572663,0.7191682793637468,no_nlcd
0.13134851138353765,0.4076715802821366,0.7018530264403013,0.7191682793637468,no_nlcd
0.13234926194645985,0.4076715802821366,0.7018507495405635,0.7191682793637468,no_nlcd
0.13234926194645985,0.4078300840069742,0.7018505588382814,0.7191682793637468,no_nlcd
0.1325994495871904,0.4078300840069742,0.7018498331534826,0.7191682793637468,no_nlcd
0.1325994495871904,0.40814709145664924,0.7018466763289167,0.7191682793637468,no_nlcd
0.13284963722792095,0.40814709145664924,0.7018447351732847,0.7191682793637468,no_nlcd
0.13284963722792095,0.4083055951814868,0.7018447315387619,0.7191682793637468,no_nlcd
0.13335001250938203,0.4083055951814868,0.7018409870400393,0.7191682793637468,no_nlcd
0.13335001250938203,0.4084640989063243,0.7018393621884249,0.7191682793637468,no_nlcd
0.1336002001501126,0.4084640989063243,0.7018389753322191,0.7191682793637468,no_nlcd
0.1336002001501126,0.40878110635599935,0.7018340255845709,0.7191682793637468,no_nlcd
0.13510132599449587,0.40878110635599935,0.7018259988786623,0.7191682793637468,no_nlcd
0.13510132599449587,0.4089396100808369,0.7018247161700019,0.7191682793637468,no_nlcd
0.13535151363522643,0.4089396100808369,0.7018240756707648,0.7191682793637468,no_nlcd
0.13535151363522643,0.40909811380567446,0.7018238164240624,0.7191682793637468,no_nlcd
0.13560170127595697,0.40909811380567446,0.7018234155238074,0.7191682793637468,no_nlcd
0.13560170127595697,0.40925661753051196,0.7018224614352498,0.7191682793637468,no_nlcd
0.13610207655741807,0.40925661753051196,0.7018218050294193,0.7191682793637468,no_nlcd
0.13610207655741807,0.4094151212553495,0.7018205030342162,0.7191682793637468,no_nlcd
0.1368526394796097,0.4094151212553495,0.7018190282218733,0.7191682793637468,no_nlcd
0.1368526394796097,0.409573624980187,0.7018165507967513,0.7191682793637468,no_nlcd
0.13710282712034025,0.409573624980187,0.7018158437643142,0.7191682793637468,no_nlcd
0.13710282712034025,0.40973212870502457,0.7018157056377993,0.7191682793637468,no_nlcd
0.1378533900425319,0.40973212870502457,0.7018143009495035,0.7191682793637468,no_nlcd
0.1378533900425319,0.4098906324298621,0.7018134349384382,0.7191682793637468,no_nlcd
0.1388541406054541,0.4098906324298621,0.7018121205862486,0.7191682793637468,no_nlcd
0.1388541406054541,0.4100491361546996,0.7018118333585107,0.7191682793637468,no_nlcd
0.13910432824618463,0.4100491361546996,0.7018112535125229,0.7191682793637468,no_nlcd
0.13910432824618463,0.4102076398795372,0.7018107573073502,0.7191682793637468,no_nlcd
0.14060545409056793,0.4102076398795372,0.7018016461453136,0.7191682793637468,no_nlcd
0.14060545409056793,0.4103661436043747,0.7018015738450881,0.7191682793637468,no_nlcd
0.14110582937202903,0.4103661436043747,0.7018001020900876,0.7191682793637468,no_nlcd
0.14110582937202903,0.4106831510540498,0.7017978315309013,0.7191682793637468,no_nlcd
0.14185639229422067,0.4106831510540498,0.7017955258568547,0.7191682793637468,no_nlcd
0.14185639229422067,0.4108416547788873,0.701794641775402,0.7191682793637468,no_nlcd
0.1436077057793345,0.4108416547788873,0.7017921686014588,0.7191682793637468,no_nlcd
0.1436077057793345,0.41100015850372484,0.7017919291552742,0.7191682793637468,no_nlcd
0.1441080810607956,0.41100015850372484,0.7017915670763023,0.7191682793637468,no_nlcd
0.1441080810607956,0.41115866222856234,0.7017898079721319,0.7191682793637468,no_nlcd
0.1456092069051789,0.41115866222856234,0.7017861656454,0.7191682793637468,no_nlcd
0.1456092069051789,0.41147566967823745,0.7017857137388238,0.7191682793637468,no_nlcd
0.14761070803102327,0.41147566967823745,0.701779768787222,0.7191682793637468,no_nlcd
0.14761070803102327,0.41163417340307495,0.7017785173771418,0.7191682793637468,no_nlcd
0.15111333500125093,0.41163417340307495,0.7016687970699006,0.7191682793637468,no_nlcd
0.15111333500125093,0.4117926771279125,0.7015711048926899,0.7191682793637468,no_nlcd
0.1513635226419815,0.4117926771279125,0.700981292030463,0.7191682793637468,no_nlcd
0.1513635226419815,0.4122681883024251,0.6984320127372594,0.7191682793637468,no_nlcd
0.15186389792344257,0.4122681883024251,0.6970996660518188,0.7191682793637468,no_nlcd
0.15186389792344257,0.4125851957521002,0.6955653945404578,0.7191682793637468,no_nlcd
0.15211408556417313,0.4125851957521002,0.6952673819140281,0.7191682793637468,no_nlcd
0.15211408556417313,0.41274369947693773,0.6946933565749234,0.7191682793637468,no_nlcd
0.15261446084563424,0.41274369947693773,0.6939765823936817,0.7191682793637468,no_nlcd
0.15261446084563424,0.41290220320177523,0.6939723657872364,0.7191682793637468,no_nlcd
0.1531148361270953,0.41290220320177523,0.6938270146814832,0.7191682793637468,no_nlcd
0.1531148361270953,0.4130607069266128,0.6924276593199099,0.7191682793637468,no_nlcd
0.15336502376782588,0.4130607069266128,0.6923405378147433,0.7191682793637468,no_nlcd
0.15336502376782588,0.41337771437628784,0.6908759564002543,0.7191682793637468,no_nlcd
0.1536152114085564,0.41337771437628784,0.690772917564591,0.7191682793637468,no_nlcd
0.1536152114085564,0.4136947218259629,0.6902064036158869,0.7191682793637468,no_nlcd
0.15386539904928698,0.4136947218259629,0.6896452020471578,0.7191682793637468,no_nlcd
0.15386539904928698,0.4141702330004755,0.689056073852711,0.7191682793637468,no_nlcd
0.15411558669001751,0.4141702330004755,0.6884459389065126,0.7191682793637468,no_nlcd
0.15411558669001751,0.41448724045015056,0.6871580813747823,0.7191682793637468,no_nlcd
0.15436577433074805,0.41448724045015056,0.6862832115235641,0.7191682793637468,no_nlcd
0.15436577433074805,0.41527975907433823,0.6830537842184605,0.7191682793637468,no_nlcd
0.15461596197147862,0.41527975907433823,0.6829661995465325,0.7191682793637468,no_nlcd
0.15461596197147862,0.41559676652401334,0.6816064068117107,0.7191682793637468,no_nlcd
0.15486614961220915,0.41559676652401334,0.6808303432669423,0.7191682793637468,no_nlcd
0.15486614961220915,0.41575527024885084,0.6808016278494355,0.7191682793637468,no_nlcd
0.1556167125344008,0.41575527024885084,0.6803704496707064,0.7191682793637468,no_nlcd
0.1556167125344008,0.4159137739736884,0.6793663793300653,0.7191682793637468,no_nlcd
0.1561170878158619,0.4159137739736884,0.6788980564735657,0.7191682793637468,no_nlcd
0.1561170878158619,0.4160722776985259,0.6788648998580109,0.7191682793637468,no_nlcd
0.15686765073805353,0.4160722776985259,0.6774633763937292,0.7191682793637468,no_nlcd
0.15686765073805353,0.41623078142336345,0.6768569536333279,0.7191682793637468,no_nlcd
0.1571178383787841,0.41623078142336345,0.6763403394109172,0.7191682793637468,no_nlcd
0.1571178383787841,0.4165477888730385,0.6758167008750728,0.7191682793637468,no_nlcd
0.15736802601951463,0.4165477888730385,0.6754777984263869,0.7191682793637468,no_nlcd
0.15736802601951463,0.41718180377238867,0.67471862509115,0.7191682793637468,no_nlcd
0.15761821366024517,0.41718180377238867,0.6745633297444606,0.7191682793637468,no_nlcd
0.15761821366024517,0.4176573149469012,0.6741956214673548,0.7191682793637468,no_nlcd
0.15786840130097574,0.4176573149469012,0.6741501655286982,0.7191682793637468,no_nlcd
0.15786840130097574,0.41860833729592645,0.6731932181898816,0.7191682793637468,no_nlcd
0.15811858894170627,0.41860833729592645,0.6729586806779635,0.7191682793637468,no_nlcd
0.15811858894170627,0.4192423521952766,0.6726219812569789,0.7191682793637468,no_nlcd
0.15836877658243684,0.4192423521952766,0.6723513534934001,0.7191682793637468,no_nlcd
0.15836877658243684,0.41955935964495167,0.6722145985259612,0.7191682793637468,no_nlcd
0.15861896422316737,0.41955935964495167,0.6721230322039412,0.7191682793637468,no_nlcd
0.15861896422316737,0.41971786336978917,0.671888490641984,0.7191682793637468,no_nlcd
0.1588691518638979,0.41971786336978917,0.6717808064587315,0.7191682793637468,no_nlcd
0.1588691518638979,0.4198763670946267,0.671770838563027,0.7191682793637468,no_nlcd
0.15911933950462848,0.4198763670946267,0.6717217069264364,0.7191682793637468,no_nlcd
0.15911933950462848,0.42035187826913933,0.6714946670657158,0.7191682793637468,no_nlcd
0.159369527145359,0.42035187826913933,0.6712623070646291,0.7191682793637468,no_nlcd
0.159369527145359,0.42098589316848944,0.6699373270411703,0.7191682793637468,no_nlcd
0.15961971478608958,0.42098589316848944,0.6698642042154247,0.7191682793637468,no_nlcd
0.15961971478608958,0.4213029006181645,0.6697000149882111,0.7191682793637468,no_nlcd
0.16012009006755065,0.4213029006181645,0.6694479197557769,0.7191682793637468,no_nlcd
0.16012009006755065,0.4216199080678396,0.6692164754948888,0.7191682793637468,no_nlcd
0.16037027770828122,0.4216199080678396,0.6691157175907703,0.7191682793637468,no_nlcd
0.16037027770828122,0.4222539229671897,0.6689542478474494,0.7191682793637468,no_nlcd
0.16062046534901175,0.4222539229671897,0.6689303132641157,0.7191682793637468,no_nlcd
0.16062046534901175,0.42368045649072755,0.6678060784041427,0.7191682793637468,no_nlcd
0.16087065298974232,0.42368045649072755,0.6677768937957858,0.7191682793637468,no_nlcd
0.16087065298974232,0.4241559676652401,0.6676230082617622,0.7191682793637468,no_nlcd
0.16112084063047286,0.4241559676652401,0.6675903916759499,0.7191682793637468,no_nlcd
0.16112084063047286,0.4244729751149152,0.6675127303560944,0.7191682793637468,no_nlcd
0.1613710282712034,0.4244729751149152,0.6674258807960777,0.7191682793637468,no_nlcd
0.1613710282712034,0.4246314788397527,0.667210995758151,0.7191682793637468,no_nlcd
0.16162121591193396,0.4246314788397527,0.666969890906792,0.7191682793637468,no_nlcd
0.16162121591193396,0.4252654937391029,0.6667615120556283,0.7191682793637468,no_nlcd
0.1618714035526645,0.4252654937391029,0.6667559917383363,0.7191682793637468,no_nlcd
0.1618714035526645,0.4257410049136155,0.6667112868918234,0.7191682793637468,no_nlcd
0.16212159119339506,0.4257410049136155,0.6667015220391049,0.7191682793637468,no_nlcd
0.16212159119339506,0.42669202726264066,0.6664594473796208,0.7191682793637468,no_nlcd
0.1623717788341256,0.42669202726264066,0.666420280431208,0.7191682793637468,no_nlcd
0.1623717788341256,0.4270090347123157,0.6661353483020346,0.7191682793637468,no_nlcd
0.1628721541155867,0.4270090347123157,0.6659408131166162,0.7191682793637468,no_nlcd
0.1628721541155867,0.4273260421619908,0.665922794478863,0.7191682793637468,no_nlcd
0.16312234175631724,0.4273260421619908,0.6658640616824466,0.7191682793637468,no_nlcd
0.16312234175631724,0.4276430496116659,0.6657112937604014,0.7191682793637468,no_nlcd
0.16337252939704777,0.4276430496116659,0.6657087714637565,0.7191682793637468,no_nlcd
0.16337252939704777,0.4281185607861785,0.6654901728789433,0.7191682793637468,no_nlcd
0.16362271703777834,0.4281185607861785,0.6654252433165716,0.7191682793637468,no_nlcd
0.16362271703777834,0.428277064511016,0.6652845982751887,0.7191682793637468,no_nlcd
0.16412309231923944,0.428277064511016,0.6650418361812965,0.7191682793637468,no_nlcd
0.16412309231923944,0.4287525756855286,0.6648693285014171,0.7191682793637468,no_nlcd
0.16437327995996998,0.4287525756855286,0.6647863089474908,0.7191682793637468,no_nlcd
0.16437327995996998,0.42906958313520366,0.6647170864462577,0.7191682793637468,no_nlcd
0.1646234676007005,0.42906958313520366,0.664587489201607,0.7191682793637468,no_nlcd
0.1646234676007005,0.4311301315580916,0.6640875543924905,0.7191682793637468,no_nlcd
0.16487365524143108,0.4311301315580916,0.6640463589960456,0.7191682793637468,no_nlcd
0.16487365524143108,0.43128863528292916,0.6638863571437386,0.7191682793637468,no_nlcd
0.16512384288216161,0.43128863528292916,0.6638018578183383,0.7191682793637468,no_nlcd
0.16512384288216161,0.4322396576319544,0.663510130016297,0.7191682793637468,no_nlcd
0.16537403052289218,0.4322396576319544,0.6634845431330584,0.7191682793637468,no_nlcd
0.16537403052289218,0.4323981613567919,0.6634056845528381,0.7191682793637468,no_nlcd
0.16587440580435325,0.4323981613567919,0.6633411621155242,0.7191682793637468,no_nlcd
0.16587440580435325,0.4335076874306546,0.6630860095590001,0.7191682793637468,no_nlcd
0.16612459344508382,0.4335076874306546,0.6630807991996673,0.7191682793637468,no_nlcd
0.16612459344508382,0.43366619115549215,0.6630260551098718,0.7191682793637468,no_nlcd
0.16637478108581435,0.43366619115549215,0.6630179716459711,0.7191682793637468,no_nlcd
0.16637478108581435,0.4338246948803297,0.6630166085496703,0.7191682793637468,no_nlcd
0.16662496872654492,0.4338246948803297,0.6629820714748272,0.7191682793637468,no_nlcd
0.16662496872654492,0.4346172135045174,0.6626968396959855,0.7191682793637468,no_nlcd
0.16687515636727546,0.4346172135045174,0.6626693862260361,0.7191682793637468,no_nlcd
0.16687515636727546,0.4347757172293549,0.6626040660312262,0.7191682793637468,no_nlcd
0.167125344008006,0.4347757172293549,0.6625548029504795,0.7191682793637468,no_nlcd
0.167125344008006,0.43540973212870504,0.6623940184157984,0.7191682793637468,no_nlcd
0.16737553164873656,0.43540973212870504,0.6623404667058407,0.7191682793637468,no_nlcd
0.16737553164873656,0.43556823585354254,0.6623129885532841,0.7191682793637468,no_nlcd
0.16787590693019766,0.43556823585354254,0.6622882964700079,0.7191682793637468,no_nlcd
0.16787590693019766,0.4373117768267554,0.6619025540809775,0.7191682793637468,no_nlcd
0.1681260945709282,0.4373117768267554,0.6618768856911506,0.7191682793637468,no_nlcd
0.1681260945709282,0.43826279917578065,0.6617334753463058,0.7191682793637468,no_nlcd
0.16837628221165873,0.43826279917578065,0.6617034601940076,0.7191682793637468,no_nlcd
0.16837628221165873,0.43842130290061815,0.6616987487250798,0.7191682793637468,no_nlcd
0.1691268451338504,0.43842130290061815,0.6614845792029311,0.7191682793637468,no_nlcd
0.1691268451338504,0.4385798066254557,0.6613768200884992,0.7191682793637468,no_nlcd
0.16962722041531147,0.4385798066254557,0.6613509926504764,0.7191682793637468,no_nlcd
0.16962722041531147,0.43873831035029326,0.6612380048974537,0.7191682793637468,no_nlcd
0.16987740805604204,0.43873831035029326,0.661224939013067,0.7191682793637468,no_nlcd
0.16987740805604204,0.4396893326993184,0.6609908412598463,0.7191682793637468,no_nlcd
0.17012759569677258,0.4396893326993184,0.6609613387895722,0.7191682793637468,no_nlcd
0.17012759569677258,0.439847836424156,0.660949327436762,0.7191682793637468,no_nlcd
0.1703777833375031,0.439847836424156,0.6608981640393495,0.7191682793637468,no_nlcd
0.1703777833375031,0.44111586622285626,0.6606017468440969,0.7191682793637468,no_nlcd
0.17062797097823368,0.44111586622285626,0.660549304121069,0.7191682793637468,no_nlcd
0.17062797097823368,0.4414328736725313,0.6605130341817566,0.7191682793637468,no_nlcd
0.17112834625969478,0.4414328736725313,0.6604743930560739,0.7191682793637468,no_nlcd
0.17112834625969478,0.44238389602155653,0.6601825267005393,0.7191682793637468,no_nlcd
0.17162872154115585,0.44238389602155653,0.6601032289225119,0.7191682793637468,no_nlcd
0.17162872154115585,0.4438104295450943,0.659842496468977,0.7191682793637468,no_nlcd
0.17212909682261696,0.4438104295450943,0.6598128603033234,0.7191682793637468,no_nlcd
0.17212909682261696,0.44476145189411953,0.6594006162386643,0.7191682793637468,no_nlcd
0.17237928446334752,0.44476145189411953,0.6594002766151408,0.7191682793637468,no_nlcd
0.17237928446334752,0.4450784593437946,0.6592590917338162,0.7191682793637468,no_nlcd
0.17262947210407806,0.4450784593437946,0.6592431044725773,0.7191682793637468,no_nlcd
0.17262947210407806,0.446980504041845,0.658976492831606,0.7191682793637468,no_nlcd
0.17312984738553916,0.446980504041845,0.658956551423623,0.7191682793637468,no_nlcd
0.17312984738553916,0.44713900776668253,0.6589534784873872,0.7191682793637468,no_nlcd
0.17363022266700026,0.44713900776668253,0.6589210805845194,0.7191682793637468,no_nlcd
0.17363022266700026,0.44761451894119514,0.6588946655151464,0.7191682793637468,no_nlcd
0.1738804103077308,0.44761451894119514,0.6588920068783537,0.7191682793637468,no_nlcd
0.1738804103077308,0.4484070375653828,0.6587832894228085,0.7191682793637468,no_nlcd
0.1743807855891919,0.4484070375653828,0.6586761579485675,0.7191682793637468,no_nlcd
0.1743807855891919,0.44999207481375814,0.6585088016113595,0.7191682793637468,no_nlcd
0.17463097322992244,0.44999207481375814,0.6585040763366766,0.7191682793637468,no_nlcd
0.17463097322992244,0.4503090822634332,0.6584887899757531,0.7191682793637468,no_nlcd
0.174881160870653,0.4503090822634332,0.658456472861271,0.7191682793637468,no_nlcd
0.174881160870653,0.45062608971310825,0.6583693656858141,0.7191682793637468,no_nlcd
0.17513134851138354,0.45062608971310825,0.6583291884460993,0.7191682793637468,no_nlcd
0.17513134851138354,0.4522111269614836,0.658088407830654,0.7191682793637468,no_nlcd
0.17563172379284464,0.4522111269614836,0.6580609690589924,0.7191682793637468,no_nlcd
0.17563172379284464,0.4525281344111587,0.6580183546866898,0.7191682793637468,no_nlcd
0.17588191143357518,0.4525281344111587,0.6579994890402128,0.7191682793637468,no_nlcd
0.17588191143357518,0.45347915676018385,0.6577986377395809,0.7191682793637468,no_nlcd
0.17638228671503628,0.45347915676018385,0.6576844520001639,0.7191682793637468,no_nlcd
0.17638228671503628,0.4545886828340466,0.6574363215169862,0.7191682793637468,no_nlcd
0.17663247435576682,0.4545886828340466,0.6573944475986695,0.7191682793637468,no_nlcd
0.17663247435576682,0.45569820890790935,0.6571640919739457,0.7191682793637468,no_nlcd
0.17738303727795846,0.45569820890790935,0.6570198116057197,0.7191682793637468,no_nlcd
0.17738303727795846,0.45760025360595974,0.6568050661010727,0.7191682793637468,no_nlcd
0.17763322491868902,0.45760025360595974,0.6567857648617292,0.7191682793637468,no_nlcd
0.17763322491868902,0.4583927722301474,0.6566569469930841,0.7191682793637468,no_nlcd
0.17788341255941956,0.4583927722301474,0.656620133129179,0.7191682793637468,no_nlcd
0.17788341255941956,0.45870977967982246,0.6565866180120253,0.7191682793637468,no_nlcd
0.17813360020015012,0.45870977967982246,0.6565184437522523,0.7191682793637468,no_nlcd
0.17813360020015012,0.45918529085433507,0.6564396299753532,0.7191682793637468,no_nlcd
0.17838378784088066,0.45918529085433507,0.6564333770409909,0.7191682793637468,no_nlcd
0.17838378784088066,0.4596608020288477,0.6563438689709589,0.7191682793637468,no_nlcd
0.1786339754816112,0.4596608020288477,0.6562973983329828,0.7191682793637468,no_nlcd
0.1786339754816112,0.4602948169281978,0.6560908838701206,0.7191682793637468,no_nlcd
0.17888416312234176,0.4602948169281978,0.6560816963476221,0.7191682793637468,no_nlcd
0.17888416312234176,0.4607703281027104,0.6560656248320477,0.7191682793637468,no_nlcd
0.17938453840380286,0.4607703281027104,0.6560351625413581,0.7191682793637468,no_nlcd
0.17938453840380286,0.46092883182754796,0.6560125426772332,0.7191682793637468,no_nlcd
0.1796347260445334,0.46092883182754796,0.6559875157269541,0.7191682793637468,no_nlcd
0.1796347260445334,0.461245839277223,0.6558853320212785,0.7191682793637468,no_nlcd
0.17988491368526394,0.461245839277223,0.6558373112481742,0.7191682793637468,no_nlcd
0.17988491368526394,0.4617213504517356,0.655792846602383,0.7191682793637468,no_nlcd
0.1801351013259945,0.4617213504517356,0.655778136558105,0.7191682793637468,no_nlcd
0.1801351013259945,0.4629893802504359,0.6556135867413995,0.7191682793637468,no_nlcd
0.1806354766074556,0.4629893802504359,0.6556089708246101,0.7191682793637468,no_nlcd
0.1806354766074556,0.4631478839752734,0.6555953100433893,0.7191682793637468,no_nlcd
0.18088566424818614,0.4631478839752734,0.655569932010173,0.7191682793637468,no_nlcd
0.18088566424818614,0.46394040259946107,0.6555134057951173,0.7191682793637468,no_nlcd
0.18113585188891668,0.46394040259946107,0.6555017565201985,0.7191682793637468,no_nlcd
0.18113585188891668,0.46457441749881123,0.6554432095310483,0.7191682793637468,no_nlcd
0.18138603952964724,0.46457441749881123,0.6554122799654368,0.7191682793637468,no_nlcd
0.18138603952964724,0.46473292122364873,0.6554115646720367,0.7191682793637468,no_nlcd
0.18163622717037778,0.46473292122364873,0.6554050554826338,0.7191682793637468,no_nlcd
0.18163622717037778,0.4653669361229989,0.655350587629038,0.7191682793637468,no_nlcd
0.18188641481110834,0.4653669361229989,0.6552908566663492,0.7191682793637468,no_nlcd
0.18188641481110834,0.46568394357267395,0.6552596128754398,0.7191682793637468,no_nlcd
0.18213660245183888,0.46568394357267395,0.6552451503235834,0.7191682793637468,no_nlcd
0.18213660245183888,0.4664764621968616,0.6550909446683529,0.7191682793637468,no_nlcd
0.18238679009256942,0.4664764621968616,0.6550726641308664,0.7191682793637468,no_nlcd
0.18238679009256942,0.46742748454588684,0.6549160553784273,0.7191682793637468,no_nlcd
0.18263697773329998,0.46742748454588684,0.6549142701673106,0.7191682793637468,no_nlcd
0.18263697773329998,0.46758598827072434,0.6549094310776308,0.7191682793637468,no_nlcd
0.18288716537403052,0.46758598827072434,0.6549037408415,0.7191682793637468,no_nlcd
0.18288716537403052,0.4677444919955619,0.6548401322087009,0.7191682793637468,no_nlcd
0.18313735301476108,0.4677444919955619,0.6548238359081258,0.7191682793637468,no_nlcd
0.18313735301476108,0.46806149944523695,0.6547890611014681,0.7191682793637468,no_nlcd
0.18338754065549162,0.46806149944523695,0.6547849948421675,0.7191682793637468,no_nlcd
0.18338754065549162,0.46917102551909967,0.6546058972165731,0.7191682793637468,no_nlcd
0.18363772829622216,0.46917102551909967,0.6545943939293655,0.7191682793637468,no_nlcd
0.18363772829622216,0.4694880329687748,0.6545763766470536,0.7191682793637468,no_nlcd
0.18413810357768326,0.4694880329687748,0.654556301521223,0.7191682793637468,no_nlcd
0.18413810357768326,0.46980504041844984,0.6544831326688849,0.7191682793637468,no_nlcd
0.1843882912184138,0.46980504041844984,0.6544812022897379,0.7191682793637468,no_nlcd
0.1843882912184138,0.47043905531779995,0.654429880678416,0.7191682793637468,no_nlcd
0.18463847885914436,0.47043905531779995,0.6544267420385337,0.7191682793637468,no_nlcd
0.18463847885914436,0.4712315739419876,0.6543455643401566,0.7191682793637468,no_nlcd
0.1848886664998749,0.4712315739419876,0.6543284448846607,0.7191682793637468,no_nlcd
0.1848886664998749,0.4718655888413378,0.6542260569328852,0.7191682793637468,no_nlcd
0.185389041781336,0.4718655888413378,0.654211934579287,0.7191682793637468,no_nlcd
0.185389041781336,0.4734506260897131,0.6539505382257056,0.7191682793637468,no_nlcd
0.1858894170627971,0.4734506260897131,0.6539293966152464,0.7191682793637468,no_nlcd
0.1858894170627971,0.47376763353938817,0.6537909440377476,0.7191682793637468,no_nlcd
0.18613960470352764,0.47376763353938817,0.6537832687485289,0.7191682793637468,no_nlcd
0.18613960470352764,0.4739261372642257,0.6537502292876027,0.7191682793637468,no_nlcd
0.1863897923442582,0.4739261372642257,0.6537438105391946,0.7191682793637468,no_nlcd
0.1863897923442582,0.4748771596132509,0.6537058570276842,0.7191682793637468,no_nlcd
0.18663997998498874,0.4748771596132509,0.6536989373955998,0.7191682793637468,no_nlcd
0.18663997998498874,0.4753526707877635,0.653615252430496,0.7191682793637468,no_nlcd
0.18689016762571928,0.4753526707877635,0.6536051513657082,0.7191682793637468,no_nlcd
0.18689016762571928,0.47551117451260105,0.6535812954304817,0.7191682793637468,no_nlcd
0.18714035526644984,0.47551117451260105,0.6535692770576741,0.7191682793637468,no_nlcd
0.18714035526644984,0.47566967823743855,0.6535537686783165,0.7191682793637468,no_nlcd
0.18764073054791094,0.47566967823743855,0.6535441504394227,0.7191682793637468,no_nlcd
0.18764073054791094,0.47614518941195116,0.6533576428317057,0.7191682793637468,no_nlcd
0.18789091818864148,0.47614518941195116,0.6533543167830109,0.7191682793637468,no_nlcd
0.18789091818864148,0.4764621968616263,0.6532237025053,0.7191682793637468,no_nlcd
0.18814110582937202,0.4764621968616263,0.6532212877542987,0.7191682793637468,no_nlcd
0.18814110582937202,0.47677920431130133,0.6532049504617442,0.7191682793637468,no_nlcd
0.18864148111083312,0.47677920431130133,0.6531301723978123,0.7191682793637468,no_nlcd
0.18864148111083312,0.47693770803613883,0.653115929673948,0.7191682793637468,no_nlcd
0.18889166875156368,0.47693770803613883,0.6530858870751255,0.7191682793637468,no_nlcd
0.18889166875156368,0.47836424155967666,0.6529915070025512,0.7191682793637468,no_nlcd
0.18914185639229422,0.47836424155967666,0.652986265407411,0.7191682793637468,no_nlcd
0.18914185639229422,0.47852274528451416,0.6529654974905603,0.7191682793637468,no_nlcd
0.18939204403302476,0.47852274528451416,0.6529446621962701,0.7191682793637468,no_nlcd
0.18939204403302476,0.4786812490093517,0.652931102080873,0.7191682793637468,no_nlcd
0.18964223167375532,0.4786812490093517,0.6529309958780286,0.7191682793637468,no_nlcd
0.18964223167375532,0.4791567601838643,0.652885127746076,0.7191682793637468,no_nlcd
0.18989241931448586,0.4791567601838643,0.6528571646997372,0.7191682793637468,no_nlcd
0.18989241931448586,0.48010778253288955,0.6528003371623553,0.7191682793637468,no_nlcd
0.19014260695521643,0.48010778253288955,0.6527916882506584,0.7191682793637468,no_nlcd
0.19014260695521643,0.4818513235061024,0.6526151886325996,0.7191682793637468,no_nlcd
0.19039279459594696,0.4818513235061024,0.6526042029464371,0.7191682793637468,no_nlcd
0.19039279459594696,0.48248533840545255,0.6525324234763549,0.7191682793637468,no_nlcd
0.1906429822366775,0.48248533840545255,0.6524784954966282,0.7191682793637468,no_nlcd
0.1906429822366775,0.4834363607544777,0.6523906179292791,0.7191682793637468,no_nlcd
0.19089316987740806,0.4834363607544777,0.6523773142130084,0.7191682793637468,no_nlcd
0.19089316987740806,0.48359486447931527,0.6523593752887621,0.7191682793637468,no_nlcd
0.1911433575181386,0.48359486447931527,0.6523264958899463,0.7191682793637468,no_nlcd
0.1911433575181386,0.484704390553178,0.6522067399404093,0.7191682793637468,no_nlcd
0.1916437327995997,0.484704390553178,0.6521757001911516,0.7191682793637468,no_nlcd
0.1916437327995997,0.48533840545252815,0.6521022270901279,0.7191682793637468,no_nlcd
0.19189392044033024,0.48533840545252815,0.6520920908829358,0.7191682793637468,no_nlcd
0.19189392044033024,0.48676493897606593,0.6518999824336998,0.7191682793637468,no_nlcd
0.1921441080810608,0.48676493897606593,0.6518989984250416,0.7191682793637468,no_nlcd
0.1921441080810608,0.48724045015057854,0.6518470782640767,0.7191682793637468,no_nlcd
0.19289467100325244,0.48724045015057854,0.6517840583327315,0.7191682793637468,no_nlcd
0.19289467100325244,0.4873989538754161,0.6517612430094235,0.7191682793637468,no_nlcd
0.19314485864398298,0.4873989538754161,0.6517553160229768,0.7191682793637468,no_nlcd
0.19314485864398298,0.48771596132509115,0.6517137178101264,0.7191682793637468,no_nlcd
0.19339504628471355,0.48771596132509115,0.6517072991606222,0.7191682793637468,no_nlcd
0.19339504628471355,0.48787446504992865,0.651695309047244,0.7191682793637468,no_nlcd
0.19364523392544408,0.48787446504992865,0.6516841505267611,0.7191682793637468,no_nlcd
0.19364523392544408,0.48898399112379143,0.6515859424263593,0.7191682793637468,no_nlcd
0.19389542156617462,0.48898399112379143,0.6515698491079702,0.7191682793637468,no_nlcd
0.19389542156617462,0.4899350134728166,0.651517178703107,0.7191682793637468,no_nlcd
0.19414560920690518,0.4899350134728166,0.6515131832986741,0.7191682793637468,no_nlcd
0.19414560920690518,0.4926295767950547,0.65123369015222,0.7191682793637468,no_nlcd
0.19439579684763572,0.4926295767950547,0.6512301228942835,0.7191682793637468,no_nlcd
0.19439579684763572,0.49294658424472976,0.6511953324552413,0.7191682793637468,no_nlcd
0.19489617212909682,0.49294658424472976,0.6511704963930373,0.7191682793637468,no_nlcd
0.19489617212909682,0.4937391028689174,0.651081602167848,0.7191682793637468,no_nlcd
0.19514635976982736,0.4937391028689174,0.651059051754543,0.7191682793637468,no_nlcd
0.19514635976982736,0.4950071326676177,0.6509466776744015,0.7191682793637468,no_nlcd
0.19539654741055792,0.4950071326676177,0.6509256320298625,0.7191682793637468,no_nlcd
0.19539654741055792,0.4951656363924552,0.6509250123398191,0.7191682793637468,no_nlcd
0.19589692269201903,0.4951656363924552,0.6508891870635567,0.7191682793637468,no_nlcd
0.19589692269201903,0.4954826438421303,0.650883565682582,0.7191682793637468,no_nlcd
0.1963972979734801,0.4954826438421303,0.6508798137840827,0.7191682793637468,no_nlcd
0.1963972979734801,0.4956411475669678,0.650878944542857,0.7191682793637468,no_nlcd
0.19664748561421067,0.4956411475669678,0.6508711116806435,0.7191682793637468,no_nlcd
0.19664748561421067,0.49579965129180537,0.6508455157011098,0.7191682793637468,no_nlcd
0.1968976732549412,0.49579965129180537,0.6508351019839951,0.7191682793637468,no_nlcd
0.1968976732549412,0.49595815501664287,0.6508079796511009,0.7191682793637468,no_nlcd
0.19714786089567177,0.49595815501664287,0.6507871838801528,0.7191682793637468,no_nlcd
0.19714786089567177,0.4964336661911555,0.6507573092605159,0.7191682793637468,no_nlcd
0.1973980485364023,0.4964336661911555,0.6507556966187937,0.7191682793637468,no_nlcd
0.1973980485364023,0.49659216991599303,0.6507346221261474,0.7191682793637468,no_nlcd
0.19764823617713284,0.49659216991599303,0.6507281054039028,0.7191682793637468,no_nlcd
0.19764823617713284,0.4967506736408306,0.6507192072060111,0.7191682793637468,no_nlcd
0.19864898674005504,0.4967506736408306,0.6507030809610251,0.7191682793637468,no_nlcd
0.19864898674005504,0.49770169598985575,0.6506398863253391,0.7191682793637468,no_nlcd
0.19964973730297722,0.49770169598985575,0.6506102668509068,0.7191682793637468,no_nlcd
0.19964973730297722,0.498652718338881,0.6505564385224261,0.7191682793637468,no_nlcd
0.19989992494370779,0.498652718338881,0.6505512847746744,0.7191682793637468,no_nlcd
0.19989992494370779,0.4988112220637185,0.6505458202693785,0.7191682793637468,no_nlcd
0.20015011258443832,0.4988112220637185,0.650542791024087,0.7191682793637468,no_nlcd
0.20015011258443832,0.49896972578855603,0.6505352656713336,0.7191682793637468,no_nlcd
0.20065048786589942,0.49896972578855603,0.6505312104001401,0.7191682793637468,no_nlcd
0.20065048786589942,0.4991282295133936,0.6505159311279719,0.7191682793637468,no_nlcd
0.20090067550662996,0.4991282295133936,0.6504934487679271,0.7191682793637468,no_nlcd
0.20090067550662996,0.49944523696306864,0.6504275668751663,0.7191682793637468,no_nlcd
0.20115086314736053,0.49944523696306864,0.6503913283298153,0.7191682793637468,no_nlcd
0.20115086314736053,0.49960374068790614,0.6503889210253189,0.7191682793637468,no_nlcd
0.20140105078809106,0.49960374068790614,0.650377933290274,0.7191682793637468,no_nlcd
0.20140105078809106,0.4997622444127437,0.6503741828619003,0.7191682793637468,no_nlcd
0.20165123842882163,0.4997622444127437,0.650341242363408,0.7191682793637468,no_nlcd
0.20165123842882163,0.49992074813758125,0.6503378108579547,0.7191682793637468,no_nlcd
0.20190142606955216,0.49992074813758125,0.6503345522381062,0.7191682793637468,no_nlcd
0.20190142606955216,0.5000792518624187,0.6503262078622294,0.7191682793637468,no_nlcd
0.2021516137102827,0.5000792518624187,0.6503169955425385,0.7191682793637468,no_nlcd
0.2021516137102827,0.5003962593120939,0.6502806160158192,0.7191682793637468,no_nlcd
0.20240180135101327,0.5003962593120939,0.6502774573440666,0.7191682793637468,no_nlcd
0.20240180135101327,0.5026153114598193,0.6500562193837695,0.7191682793637468,no_nlcd
0.20290217663247437,0.5026153114598193,0.6500168128224708,0.7191682793637468,no_nlcd
0.20290217663247437,0.5027738151846568,0.6499848033699577,0.7191682793637468,no_nlcd
0.2031523642732049,0.5027738151846568,0.64998480217999,0.7191682793637468,no_nlcd
0.2031523642732049,0.5029323189094944,0.6499407669045462,0.7191682793637468,no_nlcd
0.20340255191393544,0.5029323189094944,0.6499262179118043,0.7191682793637468,no_nlcd
0.20340255191393544,0.5030908226343319,0.6499225605305032,0.7191682793637468,no_nlcd
0.20390292719539654,0.5030908226343319,0.649915760233589,0.7191682793637468,no_nlcd
0.20390292719539654,0.5032493263591694,0.649914634705233,0.7191682793637468,no_nlcd
0.20440330247685765,0.5032493263591694,0.6499006087696287,0.7191682793637468,no_nlcd
0.20440330247685765,0.5048343636075447,0.6498072468514441,0.7191682793637468,no_nlcd
0.20465349011758818,0.5048343636075447,0.6498071358256482,0.7191682793637468,no_nlcd
0.20465349011758818,0.5049928673323824,0.6498054009645701,0.7191682793637468,no_nlcd
0.20490367775831875,0.5049928673323824,0.6497824235783286,0.7191682793637468,no_nlcd
0.20490367775831875,0.505468378506895,0.6497267340001303,0.7191682793637468,no_nlcd
0.20515386539904928,0.505468378506895,0.6497142266918504,0.7191682793637468,no_nlcd
0.20515386539904928,0.5062608971310826,0.6496827050227859,0.7191682793637468,no_nlcd
0.20540405303977982,0.5062608971310826,0.6496814688074907,0.7191682793637468,no_nlcd
0.20540405303977982,0.5067364083055952,0.6496422826033049,0.7191682793637468,no_nlcd
0.20590442832124092,0.5067364083055952,0.649602924579015,0.7191682793637468,no_nlcd
0.20590442832124092,0.5073704232049453,0.6495914607736986,0.7191682793637468,no_nlcd
0.2061546159619715,0.5073704232049453,0.6495865771953511,0.7191682793637468,no_nlcd
0.2061546159619715,0.5075289269297828,0.6495754687896464,0.7191682793637468,no_nlcd
0.20640480360270202,0.5075289269297828,0.6495676318106409,0.7191682793637468,no_nlcd
0.20640480360270202,0.5078459343794579,0.6495199126719096,0.7191682793637468,no_nlcd
0.20690517888416313,0.5078459343794579,0.6494948755809423,0.7191682793637468,no_nlcd
0.20690517888416313,0.5080044381042954,0.6494857293200662,0.7191682793637468,no_nlcd
0.20715536652489366,0.5080044381042954,0.6494843335012087,0.7191682793637468,no_nlcd
0.20715536652489366,0.5083214455539705,0.6494686923126216,0.7191682793637468,no_nlcd
0.20740555416562423,0.5083214455539705,0.6494666551666344,0.7191682793637468,no_nlcd
0.20740555416562423,0.510223490252021,0.6493177786451073,0.7191682793637468,no_nlcd
0.2084063047285464,0.510223490252021,0.6492828156930741,0.7191682793637468,no_nlcd
0.2084063047285464,0.510540497701696,0.6492625209443837,0.7191682793637468,no_nlcd
0.20865649236927697,0.510540497701696,0.649244526183919,0.7191682793637468,no_nlcd
0.20865649236927697,0.5110160088762086,0.6491650973873555,0.7191682793637468,no_nlcd
0.2089066800100075,0.5110160088762086,0.6491620221669107,0.7191682793637468,no_nlcd
0.2089066800100075,0.5111745126010461,0.6491585794609562,0.7191682793637468,no_nlcd
0.20965724293219914,0.5111745126010461,0.6491325920805536,0.7191682793637468,no_nlcd
0.20965724293219914,0.5130765572990965,0.648957715978364,0.7191682793637468,no_nlcd
0.2099074305729297,0.5130765572990965,0.6489574365578606,0.7191682793637468,no_nlcd
0.2099074305729297,0.5133935647487716,0.6489398083744867,0.7191682793637468,no_nlcd
0.21015761821366025,0.5133935647487716,0.6489326835684305,0.7191682793637468,no_nlcd
0.21015761821366025,0.5135520684736091,0.6489252088692385,0.7191682793637468,no_nlcd
0.21040780585439078,0.5135520684736091,0.6489138354357797,0.7191682793637468,no_nlcd
0.21040780585439078,0.5151371057219845,0.6486859690993935,0.7191682793637468,no_nlcd
0.21065799349512135,0.5151371057219845,0.6486440719741271,0.7191682793637468,no_nlcd
0.21065799349512135,0.5156126168964971,0.6486157726014651,0.7191682793637468,no_nlcd
0.21090818113585189,0.5156126168964971,0.6486067417538987,0.7191682793637468,no_nlcd
0.21090818113585189,0.5164051355206848,0.6485640728178765,0.7191682793637468,no_nlcd
0.21115836877658245,0.5164051355206848,0.6485591897675065,0.7191682793637468,no_nlcd
0.21115836877658245,0.5168806466951973,0.648542347099403,0.7191682793637468,no_nlcd
0.21165874405804352,0.5168806466951973,0.6485285380837408,0.7191682793637468,no_nlcd
0.21165874405804352,0.5173561578697099,0.6485090072070935,0.7191682793637468,no_nlcd
0.21215911933950463,0.5173561578697099,0.648495731231075,0.7191682793637468,no_nlcd
0.21215911933950463,0.5200507211919481,0.6483663195866771,0.7191682793637468,no_nlcd
0.21240930698023516,0.5200507211919481,0.6483482651103487,0.7191682793637468,no_nlcd
0.21240930698023516,0.5206847360912982,0.6483159644611255,0.7191682793637468,no_nlcd
0.21265949462096573,0.5206847360912982,0.6482968065382175,0.7191682793637468,no_nlcd
0.21265949462096573,0.5208432398161357,0.6482729210992404,0.7191682793637468,no_nlcd
0.21290968226169626,0.5208432398161357,0.6482670832100239,0.7191682793637468,no_nlcd
0.21290968226169626,0.5211602472658108,0.6482593002285036,0.7191682793637468,no_nlcd
0.21315986990242683,0.5211602472658108,0.6482468110952412,0.7191682793637468,no_nlcd
0.21315986990242683,0.5213187509906483,0.6482315206346625,0.7191682793637468,no_nlcd
0.21341005754315737,0.5213187509906483,0.6482134188353892,0.7191682793637468,no_nlcd
0.21341005754315737,0.5217942621651609,0.648176488907522,0.7191682793637468,no_nlcd
0.2136602451838879,0.5217942621651609,0.6481732999839966,0.7191682793637468,no_nlcd
0.2136602451838879,0.5221112696148359,0.6481454688360503,0.7191682793637468,no_nlcd
0.21391043282461847,0.5221112696148359,0.6481205882916248,0.7191682793637468,no_nlcd
0.21391043282461847,0.5230622919638611,0.6480320527323633,0.7191682793637468,no_nlcd
0.214160620465349,0.5230622919638611,0.6480318798751926,0.7191682793637468,no_nlcd
0.214160620465349,0.5235378031383737,0.6480163640769833,0.7191682793637468,no_nlcd
0.21441080810607957,0.5235378031383737,0.6480124957643639,0.7191682793637468,no_nlcd
0.21441080810607957,0.5238548105880488,0.647982892694818,0.7191682793637468,no_nlcd
0.2146609957468101,0.5238548105880488,0.6479648584363117,0.7191682793637468,no_nlcd
0.2146609957468101,0.5259153590109368,0.6477558954021863,0.7191682793637468,no_nlcd
0.21491118338754064,0.5259153590109368,0.6477507664173007,0.7191682793637468,no_nlcd
0.21491118338754064,0.5260738627357743,0.6477486129018388,0.7191682793637468,no_nlcd
0.2151613710282712,0.5260738627357743,0.6477347703478019,0.7191682793637468,no_nlcd
0.2151613710282712,0.5263908701854494,0.6477258191180725,0.7191682793637468,no_nlcd
0.21541155866900175,0.5263908701854494,0.6477084438601822,0.7191682793637468,no_nlcd
0.21541155866900175,0.527183388809637,0.647692770888102,0.7191682793637468,no_nlcd
0.2156617463097323,0.527183388809637,0.6476752792220064,0.7191682793637468,no_nlcd
0.2156617463097323,0.5275003962593121,0.6476034602578467,0.7191682793637468,no_nlcd
0.21616212159119338,0.5275003962593121,0.6475672280509854,0.7191682793637468,no_nlcd
0.21616212159119338,0.5276588999841496,0.6475665621081058,0.7191682793637468,no_nlcd
0.21641230923192395,0.5276588999841496,0.6475472880182799,0.7191682793637468,no_nlcd
0.21641230923192395,0.5278174037089871,0.6475464509551734,0.7191682793637468,no_nlcd
0.2166624968726545,0.5278174037089871,0.647517453393642,0.7191682793637468,no_nlcd
0.2166624968726545,0.5281344111586622,0.6475064060515701,0.7191682793637468,no_nlcd
0.2171628721541156,0.5281344111586622,0.6474656098218443,0.7191682793637468,no_nlcd
0.2171628721541156,0.5284514186083373,0.6474511274387564,0.7191682793637468,no_nlcd
0.2176632474355767,0.5284514186083373,0.647419891250891,0.7191682793637468,no_nlcd
0.2176632474355767,0.5287684260580123,0.6473983804756943,0.7191682793637468,no_nlcd
0.2181636227170378,0.5287684260580123,0.6473929307415468,0.7191682793637468,no_nlcd
0.2181636227170378,0.5290854335076874,0.6473881795655008,0.7191682793637468,no_nlcd
0.21841381035776833,0.5290854335076874,0.6473877678378394,0.7191682793637468,no_nlcd
0.21841381035776833,0.5294024409573626,0.6473756724817621,0.7191682793637468,no_nlcd
0.21866399799849887,0.5294024409573626,0.6473678127793391,0.7191682793637468,no_nlcd
0.21866399799849887,0.5297194484070376,0.6473534173126755,0.7191682793637468,no_nlcd
0.21891418563922943,0.5297194484070376,0.6473418577749332,0.7191682793637468,no_nlcd
0.21891418563922943,0.5303534633063877,0.6472661774579188,0.7191682793637468,no_nlcd
0.21916437327995997,0.5303534633063877,0.6472533408539529,0.7191682793637468,no_nlcd
0.21916437327995997,0.5308289744809003,0.6472251145722188,0.7191682793637468,no_nlcd
0.21966474856142107,0.5308289744809003,0.6472030258116407,0.7191682793637468,no_nlcd
0.21966474856142107,0.5309874782057379,0.6471948548181594,0.7191682793637468,no_nlcd
0.2199149362021516,0.5309874782057379,0.6471934516218633,0.7191682793637468,no_nlcd
0.2199149362021516,0.5314629893802504,0.6471845169907219,0.7191682793637468,no_nlcd
0.22016512384288217,0.5314629893802504,0.6471754336280212,0.7191682793637468,no_nlcd
0.22016512384288217,0.531938500554763,0.6471256593222461,0.7191682793637468,no_nlcd
0.2204153114836127,0.531938500554763,0.6471124418372621,0.7191682793637468,no_nlcd
0.2204153114836127,0.5320970042796006,0.6471045566856801,0.7191682793637468,no_nlcd
0.22066549912434325,0.5320970042796006,0.6470957760258472,0.7191682793637468,no_nlcd
0.22066549912434325,0.5324140117292756,0.6470711240629008,0.7191682793637468,no_nlcd
0.2209156867650738,0.5324140117292756,0.6470438821959084,0.7191682793637468,no_nlcd
0.2209156867650738,0.5327310191789507,0.6470349801740851,0.7191682793637468,no_nlcd
0.22116587440580435,0.5327310191789507,0.6470315569934283,0.7191682793637468,no_nlcd
0.22116587440580435,0.5335235378031383,0.6469658611821634,0.7191682793637468,no_nlcd
0.2214160620465349,0.5335235378031383,0.6469577084858615,0.7191682793637468,no_nlcd
0.2214160620465349,0.5336820415279759,0.6469545063920704,0.7191682793637468,no_nlcd
0.22166624968726545,0.5336820415279759,0.6469535727226571,0.7191682793637468,no_nlcd
0.22166624968726545,0.5338405452528134,0.646941930775839,0.7191682793637468,no_nlcd
0.22191643732799599,0.5338405452528134,0.6469363493173211,0.7191682793637468,no_nlcd
0.22191643732799599,0.5341575527024885,0.6468747776976831,0.7191682793637468,no_nlcd
0.22216662496872655,0.5341575527024885,0.6468746300976065,0.7191682793637468,no_nlcd
0.22216662496872655,0.5351085750515137,0.6468180948356039,0.7191682793637468,no_nlcd
0.2224168126094571,0.5351085750515137,0.6468146498478207,0.7191682793637468,no_nlcd
0.2224168126094571,0.5355840862260263,0.646801898004079,0.7191682793637468,no_nlcd
0.22266700025018765,0.5355840862260263,0.6467973206709957,0.7191682793637468,no_nlcd
0.22266700025018765,0.5359010936757014,0.6467864504162353,0.7191682793637468,no_nlcd
0.22366775081310983,0.5359010936757014,0.6467197956111945,0.7191682793637468,no_nlcd
0.22366775081310983,0.5366936122998891,0.6466885506605448,0.7191682793637468,no_nlcd
0.2239179384538404,0.5366936122998891,0.6466885268360115,0.7191682793637468,no_nlcd
0.2239179384538404,0.5374861309240767,0.6466264779598335,0.7191682793637468,no_nlcd
0.22416812609457093,0.5374861309240767,0.6466028487991514,0.7191682793637468,no_nlcd
0.22416812609457093,0.5376446346489142,0.646599804322473,0.7191682793637468,no_nlcd
0.22441831373530147,0.5376446346489142,0.6465968635529866,0.7191682793637468,no_nlcd
0.22441831373530147,0.5379616420985893,0.6465896942168402,0.7191682793637468,no_nlcd
0.22466850137603203,0.5379616420985893,0.6465887615723838,0.7191682793637468,no_nlcd
0.22466850137603203,0.5384371532731019,0.6465799500207886,0.7191682793637468,no_nlcd
0.22491868901676257,0.5384371532731019,0.6465665776044055,0.7191682793637468,no_nlcd
0.22491868901676257,0.5387541607227769,0.6465644025468413,0.7191682793637468,no_nlcd
0.22516887665749313,0.5387541607227769,0.6465624410792344,0.7191682793637468,no_nlcd
0.22516887665749313,0.539071168172452,0.6465598436546206,0.7191682793637468,no_nlcd
0.22541906429822367,0.539071168172452,0.6465578720709525,0.7191682793637468,no_nlcd
0.22541906429822367,0.5398636867966398,0.6465277170920738,0.7191682793637468,no_nlcd
0.2256692519389542,0.5398636867966398,0.6465109838244544,0.7191682793637468,no_nlcd
0.2256692519389542,0.5404977016959899,0.6464473086948523,0.7191682793637468,no_nlcd
0.22591943957968477,0.5404977016959899,0.6464288663584769,0.7191682793637468,no_nlcd
0.22591943957968477,0.5406562054208274,0.6464173213717621,0.7191682793637468,no_nlcd
0.2261696272204153,0.5406562054208274,0.6464159595248837,0.7191682793637468,no_nlcd
0.2261696272204153,0.5408147091456649,0.6463961020693336,0.7191682793637468,no_nlcd
0.22641981486114585,0.5408147091456649,0.6463913692975599,0.7191682793637468,no_nlcd
0.22641981486114585,0.5416072277698526,0.6462494357307886,0.7191682793637468,no_nlcd
0.22692019014260695,0.5416072277698526,0.6462135533414424,0.7191682793637468,no_nlcd
0.22692019014260695,0.5420827389443652,0.6461069750472391,0.7191682793637468,no_nlcd
0.2271703777833375,0.5420827389443652,0.6460353090544438,0.7191682793637468,no_nlcd
0.2271703777833375,0.543509272467903,0.6458379450234127,0.7191682793637468,no_nlcd
0.2276707530647986,0.543509272467903,0.645832329274072,0.7191682793637468,no_nlcd
0.2276707530647986,0.5447773022666033,0.6456529415818697,0.7191682793637468,no_nlcd
0.22792094070552915,0.5447773022666033,0.6456514264649709,0.7191682793637468,no_nlcd
0.22792094070552915,0.5452528134411159,0.6455926499215309,0.7191682793637468,no_nlcd
0.2281711283462597,0.5452528134411159,0.6455517252191119,0.7191682793637468,no_nlcd
0.2281711283462597,0.5460453320653035,0.6454709339774352,0.7191682793637468,no_nlcd
0.22842131598699025,0.5460453320653035,0.6454592107342045,0.7191682793637468,no_nlcd
0.22842131598699025,0.5462038357901411,0.6454151064121898,0.7191682793637468,no_nlcd
0.2286715036277208,0.5462038357901411,0.645408640739984,0.7191682793637468,no_nlcd
0.2286715036277208,0.5473133618640038,0.6452266020875314,0.7191682793637468,no_nlcd
0.22942206654991243,0.5473133618640038,0.6451673870979456,0.7191682793637468,no_nlcd
0.22942206654991243,0.5476303693136789,0.6451011721235442,0.7191682793637468,no_nlcd
0.229672254190643,0.5476303693136789,0.6450495788148545,0.7191682793637468,no_nlcd
0.229672254190643,0.550324932635917,0.6447928474908776,0.7191682793637468,no_nlcd
0.22992244183137353,0.550324932635917,0.6447541357220427,0.7191682793637468,no_nlcd
0.22992244183137353,0.5512759549849422,0.6446283283428903,0.7191682793637468,no_nlcd
0.23017262947210407,0.5512759549849422,0.6446070413990174,0.7191682793637468,no_nlcd
0.23017262947210407,0.5514344587097797,0.644538179014933,0.7191682793637468,no_nlcd
0.23042281711283463,0.5514344587097797,0.6445280408475795,0.7191682793637468,no_nlcd
0.23042281711283463,0.5517514661594547,0.6444921421816134,0.7191682793637468,no_nlcd
0.23067300475356517,0.5517514661594547,0.6444302914809571,0.7191682793637468,no_nlcd
0.23067300475356517,0.5522269773339673,0.6444053856472535,0.7191682793637468,no_nlcd
0.23092319239429573,0.5522269773339673,0.6443492152965226,0.7191682793637468,no_nlcd
0.23092319239429573,0.5544460294816929,0.6440478938101452,0.7191682793637468,no_nlcd
0.23117338003502627,0.5544460294816929,0.6440432590419118,0.7191682793637468,no_nlcd
0.23117338003502627,0.5549215406562055,0.6440191619704024,0.7191682793637468,no_nlcd
0.23167375531648737,0.5549215406562055,0.6440106163777835,0.7191682793637468,no_nlcd
0.23167375531648737,0.5568235853542558,0.6437434355375367,0.7191682793637468,no_nlcd
0.2319239429572179,0.5568235853542558,0.6437246977316241,0.7191682793637468,no_nlcd
0.2319239429572179,0.5569820890790934,0.643719334351943,0.7191682793637468,no_nlcd
0.23217413059794847,0.5569820890790934,0.6436684517983063,0.7191682793637468,no_nlcd
0.23217413059794847,0.5574576002536059,0.6436059484138198,0.7191682793637468,no_nlcd
0.232424318238679,0.5574576002536059,0.6435959135803293,0.7191682793637468,no_nlcd
0.232424318238679,0.557774607703281,0.6435607315813746,0.7191682793637468,no_nlcd
0.23267450587940955,0.557774607703281,0.6435368098535605,0.7191682793637468,no_nlcd
0.23267450587940955,0.5588841337771437,0.6433766803148844,0.7191682793637468,no_nlcd
0.2329246935201401,0.5588841337771437,0.6433478681666835,0.7191682793637468,no_nlcd
0.2329246935201401,0.5592011412268189,0.6433150814211444,0.7191682793637468,no_nlcd
0.2334250688016012,0.5592011412268189,0.6432688927330668,0.7191682793637468,no_nlcd
0.2334250688016012,0.5595181486764939,0.6432059728444641,0.7191682793637468,no_nlcd
0.2339254440830623,0.5595181486764939,0.6431670987312813,0.7191682793637468,no_nlcd
0.2339254440830623,0.5599936598510065,0.6431338702811074,0.7191682793637468,no_nlcd
0.23417563172379285,0.5599936598510065,0.6431290866632549,0.7191682793637468,no_nlcd
0.23417563172379285,0.5618957045490569,0.6429327125073772,0.7191682793637468,no_nlcd
0.2344258193645234,0.5618957045490569,0.64287959013667,0.7191682793637468,no_nlcd
0.2344258193645234,0.562529719448407,0.6427664959610014,0.7191682793637468,no_nlcd
0.23467600700525393,0.562529719448407,0.6427471574385327,0.7191682793637468,no_nlcd
0.23467600700525393,0.5626882231732445,0.6427026334153313,0.7191682793637468,no_nlcd
0.2349261946459845,0.5626882231732445,0.6426904599371637,0.7191682793637468,no_nlcd
0.2349261946459845,0.5631637343477571,0.6426641867528047,0.7191682793637468,no_nlcd
0.23517638228671503,0.5631637343477571,0.6426334874704804,0.7191682793637468,no_nlcd
0.23517638228671503,0.5636392455222697,0.6426170781433762,0.7191682793637468,no_nlcd
0.2354265699274456,0.5636392455222697,0.6425998719024177,0.7191682793637468,no_nlcd
0.2354265699274456,0.5637977492471073,0.6425923433144882,0.7191682793637468,no_nlcd
0.23592694520890667,0.5637977492471073,0.6425712425394109,0.7191682793637468,no_nlcd
0.23592694520890667,0.5647487715961325,0.6424572927691844,0.7191682793637468,no_nlcd
0.23642732049036777,0.5647487715961325,0.6424226447973377,0.7191682793637468,no_nlcd
0.23642732049036777,0.5661753051196703,0.6422686855515766,0.7191682793637468,no_nlcd
0.23667750813109834,0.5661753051196703,0.6422621973711816,0.7191682793637468,no_nlcd
0.23667750813109834,0.5668093200190204,0.6422274922820362,0.7191682793637468,no_nlcd
0.23692769577182887,0.5668093200190204,0.6422265871236071,0.7191682793637468,no_nlcd
0.23692769577182887,0.567284831193533,0.6421975531862262,0.7191682793637468,no_nlcd
0.2376782586940205,0.567284831193533,0.6421296920684297,0.7191682793637468,no_nlcd
0.2376782586940205,0.5676018386432081,0.6421229946709548,0.7191682793637468,no_nlcd
0.2381786339754816,0.5676018386432081,0.6421086659582014,0.7191682793637468,no_nlcd
0.2381786339754816,0.5688698684419083,0.6420256596549493,0.7191682793637468,no_nlcd
0.23842882161621215,0.5688698684419083,0.6419958150037519,0.7191682793637468,no_nlcd
0.23842882161621215,0.5691868758915835,0.641961256020014,0.7191682793637468,no_nlcd
0.23867900925694271,0.5691868758915835,0.6419612492297049,0.7191682793637468,no_nlcd
0.23867900925694271,0.5695038833412586,0.6419209967581148,0.7191682793637468,no_nlcd
0.23917938453840382,0.5695038833412586,0.6418627011005279,0.7191682793637468,no_nlcd
0.23917938453840382,0.5696623870660961,0.6418523614006204,0.7191682793637468,no_nlcd
0.23942957217913435,0.5696623870660961,0.6418523538717233,0.7191682793637468,no_nlcd
0.23942957217913435,0.5704549056902837,0.6417157420057835,0.7191682793637468,no_nlcd
0.2396797598198649,0.5704549056902837,0.6416225689234867,0.7191682793637468,no_nlcd
0.2396797598198649,0.5715644317641465,0.641490404373999,0.7191682793637468,no_nlcd
0.23992994746059546,0.5715644317641465,0.6414454504310133,0.7191682793637468,no_nlcd
0.23992994746059546,0.5718814392138215,0.641377826778553,0.7191682793637468,no_nlcd
0.240180135101326,0.5718814392138215,0.6413758098036084,0.7191682793637468,no_nlcd
0.240180135101326,0.5723569503883341,0.6412722892260346,0.7191682793637468,no_nlcd
0.24093069802351763,0.5723569503883341,0.641217986177891,0.7191682793637468,no_nlcd
0.24093069802351763,0.5725154541131716,0.6411990693702554,0.7191682793637468,no_nlcd
0.2411808856642482,0.5725154541131716,0.6411903841283915,0.7191682793637468,no_nlcd
0.2411808856642482,0.5729909652876842,0.6411666819277055,0.7191682793637468,no_nlcd
0.24168126094570927,0.5729909652876842,0.6411481586511218,0.7191682793637468,no_nlcd
0.24168126094570927,0.5734664764621968,0.6410896519438208,0.7191682793637468,no_nlcd
0.24218163622717037,0.5734664764621968,0.6410587744607568,0.7191682793637468,no_nlcd
0.24218163622717037,0.5739419876367094,0.6410421153684102,0.7191682793637468,no_nlcd
0.24243182386790094,0.5739419876367094,0.6410388953274004,0.7191682793637468,no_nlcd
0.24243182386790094,0.574100491361547,0.6410026073640661,0.7191682793637468,no_nlcd
0.242932199149362,0.574100491361547,0.6409736661753822,0.7191682793637468,no_nlcd
0.242932199149362,0.5742589950863846,0.6409631956250258,0.7191682793637468,no_nlcd
0.24368276207155368,0.5742589950863846,0.6409188731873628,0.7191682793637468,no_nlcd
0.24368276207155368,0.5747345062608972,0.6408461613806723,0.7191682793637468,no_nlcd
0.2439329497122842,0.5747345062608972,0.6408428937584465,0.7191682793637468,no_nlcd
0.2439329497122842,0.5752100174354098,0.6408103815252231,0.7191682793637468,no_nlcd
0.24468351263447585,0.5752100174354098,0.640733832301672,0.7191682793637468,no_nlcd
0.24468351263447585,0.5753685211602473,0.6407263344374108,0.7191682793637468,no_nlcd
0.24493370027520642,0.5753685211602473,0.6406909427634149,0.7191682793637468,no_nlcd
0.24493370027520642,0.5755270248850848,0.6406571805809064,0.7191682793637468,no_nlcd
0.24518388791593695,0.5755270248850848,0.6406526999009959,0.7191682793637468,no_nlcd
0.24518388791593695,0.5760025360595974,0.6406100465863744,0.7191682793637468,no_nlcd
0.2454340755566675,0.5760025360595974,0.6405939267384269,0.7191682793637468,no_nlcd
0.2454340755566675,0.5780630844824853,0.6402827454176494,0.7191682793637468,no_nlcd
0.24618463847885916,0.5780630844824853,0.6402741581258306,0.7191682793637468,no_nlcd
0.24618463847885916,0.5794896180060232,0.6401163604022532,0.7191682793637468,no_nlcd
0.2464348261195897,0.5794896180060232,0.6400975849204739,0.7191682793637468,no_nlcd
0.2464348261195897,0.5799651291805358,0.6400722243483101,0.7191682793637468,no_nlcd
0.24668501376032023,0.5799651291805358,0.640000268755096,0.7191682793637468,no_nlcd
0.24668501376032023,0.580916151529561,0.639935134124076,0.7191682793637468,no_nlcd
0.24768576432324244,0.580916151529561,0.6398713361060501,0.7191682793637468,no_nlcd
0.24768576432324244,0.581233158979236,0.63982165472844,0.7191682793637468,no_nlcd
0.24793595196397297,0.581233158979236,0.6398078147981701,0.7191682793637468,no_nlcd
0.24793595196397297,0.5821841813282612,0.6397315202808288,0.7191682793637468,no_nlcd
0.24843632724543407,0.5821841813282612,0.6396572564759678,0.7191682793637468,no_nlcd
0.24843632724543407,0.5823426850530987,0.6396479752996693,0.7191682793637468,no_nlcd
0.24943707780835628,0.5823426850530987,0.6396351520109709,0.7191682793637468,no_nlcd
0.24943707780835628,0.5825011887779363,0.6396173950058541,0.7191682793637468,no_nlcd
0.24968726544908681,0.5825011887779363,0.6396084600890155,0.7191682793637468,no_nlcd
0.24968726544908681,0.5826596925027738,0.6396030607909242,0.7191682793637468,no_nlcd
0.24993745308981735,0.5826596925027738,0.6396004292193,0.7191682793637468,no_nlcd
0.24993745308981735,0.5829766999524488,0.6395947119679821,0.7191682793637468,no_nlcd
0.2501876407305479,0.5829766999524488,0.639573286013151,0.7191682793637468,no_nlcd
0.2501876407305479,0.5831352036772864,0.6395725609820532,0.7191682793637468,no_nlcd
0.2504378283712785,0.5831352036772864,0.6395644784873573,0.7191682793637468,no_nlcd
0.2504378283712785,0.5834522111269614,0.6395516637799608,0.7191682793637468,no_nlcd
0.250688016012009,0.5834522111269614,0.6395453780463479,0.7191682793637468,no_nlcd
0.250688016012009,0.5845617372008243,0.6394538642470251,0.7191682793637468,no_nlcd
0.25093820365273956,0.5845617372008243,0.6394002991087614,0.7191682793637468,no_nlcd
0.25093820365273956,0.5848787446504993,0.6393990459041888,0.7191682793637468,no_nlcd
0.2511883912934701,0.5848787446504993,0.639390142296686,0.7191682793637468,no_nlcd
0.2511883912934701,0.585671263274687,0.6393399784758895,0.7191682793637468,no_nlcd
0.2516887665749312,0.585671263274687,0.6393197723872602,0.7191682793637468,no_nlcd
0.2516887665749312,0.5861467744491996,0.6393070176959385,0.7191682793637468,no_nlcd
0.25193895421566176,0.5861467744491996,0.6393067927075521,0.7191682793637468,no_nlcd
0.25193895421566176,0.5863052781740371,0.6393028847906196,0.7191682793637468,no_nlcd
0.2521891418563923,0.5863052781740371,0.6392950939528012,0.7191682793637468,no_nlcd
0.2521891418563923,0.5866222856237121,0.6392741424390068,0.7191682793637468,no_nlcd
0.25243932949712283,0.5866222856237121,0.6392707075714467,0.7191682793637468,no_nlcd
0.25243932949712283,0.5870977967982247,0.6392540789018135,0.7191682793637468,no_nlcd
0.25268951713785337,0.5870977967982247,0.6392125251789625,0.7191682793637468,no_nlcd
0.25268951713785337,0.5872563005230623,0.6391839062044714,0.7191682793637468,no_nlcd
0.25293970477858396,0.5872563005230623,0.6391702981041059,0.7191682793637468,no_nlcd
0.25293970477858396,0.5877318116975749,0.6391230363261521,0.7191682793637468,no_nlcd
0.25344008006004504,0.5877318116975749,0.6390892321399717,0.7191682793637468,no_nlcd
0.25344008006004504,0.588365826596925,0.6389291320825702,0.7191682793637468,no_nlcd
0.2536902677007756,0.588365826596925,0.6389237653758378,0.7191682793637468,no_nlcd
0.2536902677007756,0.5885243303217625,0.638911508260767,0.7191682793637468,no_nlcd
0.2539404553415061,0.5885243303217625,0.6389095483209191,0.7191682793637468,no_nlcd
0.2539404553415061,0.5886828340466,0.6389084686763257,0.7191682793637468,no_nlcd
0.2541906429822367,0.5886828340466,0.6388783959790483,0.7191682793637468,no_nlcd
0.2541906429822367,0.5893168489459503,0.6388233349431485,0.7191682793637468,no_nlcd
0.25444083062296724,0.5893168489459503,0.6388201646944383,0.7191682793637468,no_nlcd
0.25444083062296724,0.5899508638453004,0.6387635014998911,0.7191682793637468,no_nlcd
0.2546910182636978,0.5899508638453004,0.6387567991208153,0.7191682793637468,no_nlcd
0.2546910182636978,0.590426375019813,0.6387021091796812,0.7191682793637468,no_nlcd
0.2549412059044283,0.590426375019813,0.638696917561933,0.7191682793637468,no_nlcd
0.2549412059044283,0.5912188936440006,0.6386467851789126,0.7191682793637468,no_nlcd
0.25519139354515885,0.5912188936440006,0.6386331193506768,0.7191682793637468,no_nlcd
0.25519139354515885,0.5915359010936757,0.6386065932352846,0.7191682793637468,no_nlcd
0.25569176882662,0.5915359010936757,0.638563022290422,0.7191682793637468,no_nlcd
0.25569176882662,0.5924869234427009,0.6384562813172419,0.7191682793637468,no_nlcd
0.2559419564673505,0.5924869234427009,0.6384546293874317,0.7191682793637468,no_nlcd
0.2559419564673505,0.5928039308923759,0.6384168978583661,0.7191682793637468,no_nlcd
0.25619214410808105,0.5928039308923759,0.6383953271757372,0.7191682793637468,no_nlcd
0.25619214410808105,0.593120938342051,0.6383698835099522,0.7191682793637468,no_nlcd
0.2564423317488116,0.593120938342051,0.638359040140838,0.7191682793637468,no_nlcd
0.2564423317488116,0.5932794420668885,0.6383473205448471,0.7191682793637468,no_nlcd
0.2566925193895422,0.5932794420668885,0.6383291828297595,0.7191682793637468,no_nlcd
0.2566925193895422,0.5940719606910763,0.638252959309939,0.7191682793637468,no_nlcd
0.2569427070302727,0.5940719606910763,0.6382384515145774,0.7191682793637468,no_nlcd
0.2569427070302727,0.5942304644159138,0.638217682921747,0.7191682793637468,no_nlcd
0.2574430823117338,0.5942304644159138,0.6381735525412284,0.7191682793637468,no_nlcd
0.2574430823117338,0.595181486764939,0.6380335403855749,0.7191682793637468,no_nlcd
0.25769326995246433,0.595181486764939,0.6380180370289086,0.7191682793637468,no_nlcd
0.25769326995246433,0.5970835314629894,0.6378852590055626,0.7191682793637468,no_nlcd
0.25794345759319487,0.5970835314629894,0.6378757114031192,0.7191682793637468,no_nlcd
0.25794345759319487,0.5985100649865271,0.6377939527497256,0.7191682793637468,no_nlcd
0.25819364523392546,0.5985100649865271,0.6377714174741929,0.7191682793637468,no_nlcd
0.25819364523392546,0.5989855761610398,0.6377575060435516,0.7191682793637468,no_nlcd
0.258443832874656,0.5989855761610398,0.6377437904045629,0.7191682793637468,no_nlcd
0.258443832874656,0.5994610873355524,0.637687895973311,0.7191682793637468,no_nlcd
0.2591943957968476,0.5994610873355524,0.6376544633289456,0.7191682793637468,no_nlcd
0.2591943957968476,0.6000951022349025,0.6375678230805462,0.7191682793637468,no_nlcd
0.2594445834375782,0.6000951022349025,0.637567591642565,0.7191682793637468,no_nlcd
0.2594445834375782,0.6005706134094151,0.637560935563707,0.7191682793637468,no_nlcd
0.2599449587190393,0.6005706134094151,0.6375361812007512,0.7191682793637468,no_nlcd
0.2599449587190393,0.6007291171342527,0.6375109217735244,0.7191682793637468,no_nlcd
0.26044533400050035,0.6007291171342527,0.6374961185646696,0.7191682793637468,no_nlcd
0.26044533400050035,0.6019971469329529,0.6373848702954016,0.7191682793637468,no_nlcd
0.26069552164123094,0.6019971469329529,0.637383366425961,0.7191682793637468,no_nlcd
0.26069552164123094,0.6021556506577904,0.6373767613257285,0.7191682793637468,no_nlcd
0.2609457092819615,0.6021556506577904,0.637347708901345,0.7191682793637468,no_nlcd
0.2609457092819615,0.602314154382628,0.637336435985983,0.7191682793637468,no_nlcd
0.2619464598448837,0.602314154382628,0.6372603288797445,0.7191682793637468,no_nlcd
0.2619464598448837,0.6029481692819781,0.6372436061551894,0.7191682793637468,no_nlcd
0.2621966474856142,0.6029481692819781,0.6372173612046669,0.7191682793637468,no_nlcd
0.2621966474856142,0.6032651767316531,0.6372107929497624,0.7191682793637468,no_nlcd
0.26244683512634476,0.6032651767316531,0.6371990206272043,0.7191682793637468,no_nlcd
0.26244683512634476,0.6040576953558409,0.6371295282073098,0.7191682793637468,no_nlcd
0.26294721040780583,0.6040576953558409,0.637064404968685,0.7191682793637468,no_nlcd
0.26294721040780583,0.6042161990806784,0.6370551173062449,0.7191682793637468,no_nlcd
0.2631973980485364,0.6042161990806784,0.6370285840963597,0.7191682793637468,no_nlcd
0.2631973980485364,0.604691710255191,0.6370064754911591,0.7191682793637468,no_nlcd
0.26344758568926696,0.604691710255191,0.6370016992021683,0.7191682793637468,no_nlcd
0.26344758568926696,0.6051672214297036,0.6369715659175821,0.7191682793637468,no_nlcd
0.2636977733299975,0.6051672214297036,0.6369304234978984,0.7191682793637468,no_nlcd
0.2636977733299975,0.6058012363290537,0.6368797637915745,0.7191682793637468,no_nlcd
0.26394796097072803,0.6058012363290537,0.6368656415461756,0.7191682793637468,no_nlcd
0.26394796097072803,0.6084957996512919,0.6366453741741349,0.7191682793637468,no_nlcd
0.26419814861145857,0.6084957996512919,0.6366276055344624,0.7191682793637468,no_nlcd
0.26419814861145857,0.6088128071009669,0.6366239069497216,0.7191682793637468,no_nlcd
0.26444833625218916,0.6088128071009669,0.6366161159385183,0.7191682793637468,no_nlcd
0.26444833625218916,0.6097638294499921,0.6365594810901868,0.7191682793637468,no_nlcd
0.2646985238929197,0.6097638294499921,0.636552365696834,0.7191682793637468,no_nlcd
0.2646985238929197,0.6105563480741797,0.6364713940134286,0.7191682793637468,no_nlcd
0.2654490868151113,0.6105563480741797,0.6364278144084962,0.7191682793637468,no_nlcd
0.2654490868151113,0.6108733555238548,0.6364119013232812,0.7191682793637468,no_nlcd
0.2656992744558419,0.6108733555238548,0.6363487925495179,0.7191682793637468,no_nlcd
0.2656992744558419,0.6110318592486923,0.6363472341671257,0.7191682793637468,no_nlcd
0.2664498373780335,0.6110318592486923,0.6362423467934477,0.7191682793637468,no_nlcd
0.2664498373780335,0.6111903629735299,0.6362135104941431,0.7191682793637468,no_nlcd
0.26670002501876405,0.6111903629735299,0.6362112797177785,0.7191682793637468,no_nlcd
0.26670002501876405,0.6119828815977175,0.6361596366073782,0.7191682793637468,no_nlcd
0.26695021265949465,0.6119828815977175,0.6361056147798028,0.7191682793637468,no_nlcd
0.26695021265949465,0.6129339039467427,0.6360646919068812,0.7191682793637468,no_nlcd
0.2672004003002252,0.6129339039467427,0.636063402463239,0.7191682793637468,no_nlcd
0.2672004003002252,0.6137264225709305,0.6360113871657862,0.7191682793637468,no_nlcd
0.2674505879409557,0.6137264225709305,0.6360066093596101,0.7191682793637468,no_nlcd
0.2674505879409557,0.613884926295768,0.6359754444243164,0.7191682793637468,no_nlcd
0.26770077558168626,0.613884926295768,0.635974587830372,0.7191682793637468,no_nlcd
0.26770077558168626,0.614201933745443,0.6359618114856038,0.7191682793637468,no_nlcd
0.2679509632224168,0.614201933745443,0.635945312775422,0.7191682793637468,no_nlcd
0.2679509632224168,0.6145189411951181,0.6359149488932463,0.7191682793637468,no_nlcd
0.2682011508631474,0.6145189411951181,0.6358972362505566,0.7191682793637468,no_nlcd
0.2682011508631474,0.6148359486447932,0.6358876359429118,0.7191682793637468,no_nlcd
0.26870152614460846,0.6148359486447932,0.6358673730133354,0.7191682793637468,no_nlcd
0.26870152614460846,0.6151529560944682,0.6358425757245332,0.7191682793637468,no_nlcd
0.268951713785339,0.6151529560944682,0.6358182133950239,0.7191682793637468,no_nlcd
0.268951713785339,0.6157869709938184,0.6357742191847985,0.7191682793637468,no_nlcd
0.2694520890668001,0.6157869709938184,0.6357696027468587,0.7191682793637468,no_nlcd
0.2694520890668001,0.6162624821683309,0.6357387176530623,0.7191682793637468,no_nlcd
0.26970227670753066,0.6162624821683309,0.6356785971244133,0.7191682793637468,no_nlcd
0.26970227670753066,0.616579489618006,0.6356597475830906,0.7191682793637468,no_nlcd
0.2699524643482612,0.616579489618006,0.6356355772162798,0.7191682793637468,no_nlcd
0.2699524643482612,0.6176890156918687,0.6355357017474859,0.7191682793637468,no_nlcd
0.2704528396297223,0.6176890156918687,0.6355175575556204,0.7191682793637468,no_nlcd
0.2704528396297223,0.6178475194167063,0.635504299782705,0.7191682793637468,no_nlcd
0.27070302727045287,0.6178475194167063,0.6355013825077267,0.7191682793637468,no_nlcd
0.27070302727045287,0.6183230305912188,0.6354415796440699,0.7191682793637468,no_nlcd
0.2709532149111834,0.6183230305912188,0.6354249911665809,0.7191682793637468,no_nlcd
0.2709532149111834,0.6191155492154066,0.6353388411729621,0.7191682793637468,no_nlcd
0.2714535901926445,0.6191155492154066,0.635330308712049,0.7191682793637468,no_nlcd
0.2714535901926445,0.6199080678395942,0.6352627213626514,0.7191682793637468,no_nlcd
0.271703777833375,0.6199080678395942,0.6352431560321096,0.7191682793637468,no_nlcd
0.271703777833375,0.6207005864637819,0.6351800639590107,0.7191682793637468,no_nlcd
0.27220415311483614,0.6207005864637819,0.635151592511037,0.7191682793637468,no_nlcd
0.27220415311483614,0.6219686162624821,0.6349935130715135,0.7191682793637468,no_nlcd
0.2727045283962972,0.6219686162624821,0.6349719832156568,0.7191682793637468,no_nlcd
0.2727045283962972,0.6221271199873197,0.6349552031873952,0.7191682793637468,no_nlcd
0.27295471603702776,0.6221271199873197,0.6349419935052376,0.7191682793637468,no_nlcd
0.27295471603702776,0.6224441274369947,0.6348754225246973,0.7191682793637468,no_nlcd
0.2734550913184889,0.6224441274369947,0.6348405208298271,0.7191682793637468,no_nlcd
0.2734550913184889,0.6226026311618323,0.634817481689651,0.7191682793637468,no_nlcd
0.2737052789592194,0.6226026311618323,0.634815797827932,0.7191682793637468,no_nlcd
0.2737052789592194,0.6227611348866698,0.6348034711577807,0.7191682793637468,no_nlcd
0.27395546659994996,0.6227611348866698,0.6347844881155219,0.7191682793637468,no_nlcd
0.27395546659994996,0.6232366460611825,0.6347568153267376,0.7191682793637468,no_nlcd
0.2742056542406805,0.6232366460611825,0.6347474611046473,0.7191682793637468,no_nlcd
0.2742056542406805,0.6237121572356951,0.6346956649153833,0.7191682793637468,no_nlcd
0.27445584188141103,0.6237121572356951,0.6346907827032656,0.7191682793637468,no_nlcd
0.27445584188141103,0.6240291646853701,0.6346865154617206,0.7191682793637468,no_nlcd
0.2747060295221416,0.6240291646853701,0.6346518406777764,0.7191682793637468,no_nlcd
0.2747060295221416,0.6241876684102077,0.6346505195220532,0.7191682793637468,no_nlcd
0.27495621716287216,0.6241876684102077,0.6346213519962924,0.7191682793637468,no_nlcd
0.27495621716287216,0.6243461721350452,0.6346033079767278,0.7191682793637468,no_nlcd
0.2757067800850638,0.6243461721350452,0.6345643971288497,0.7191682793637468,no_nlcd
0.2757067800850638,0.6246631795847203,0.6344991678897804,0.7191682793637468,no_nlcd
0.27595696772579437,0.6246631795847203,0.6344890303198452,0.7191682793637468,no_nlcd
0.27595696772579437,0.6259312093834205,0.6343411737337655,0.7191682793637468,no_nlcd
0.2762071553665249,0.6259312093834205,0.6343408899321954,0.7191682793637468,no_nlcd
0.2762071553665249,0.6267237280076082,0.6343060606254811,0.7191682793637468,no_nlcd
0.27645734300725544,0.6267237280076082,0.6342762571873993,0.7191682793637468,no_nlcd
0.27645734300725544,0.6268822317324457,0.6342630797419867,0.7191682793637468,no_nlcd
0.276707530647986,0.6268822317324457,0.6342543494186679,0.7191682793637468,no_nlcd
0.276707530647986,0.6270407354572832,0.6342529858509816,0.7191682793637468,no_nlcd
0.2769577182887165,0.6270407354572832,0.6342473560071258,0.7191682793637468,no_nlcd
0.2769577182887165,0.6271992391821207,0.6342115689784453,0.7191682793637468,no_nlcd
0.2777082812109082,0.6271992391821207,0.634199184039042,0.7191682793637468,no_nlcd
0.2777082812109082,0.628150261531146,0.6341124341511916,0.7191682793637468,no_nlcd
0.27845884413309985,0.628150261531146,0.6341053537926353,0.7191682793637468,no_nlcd
0.27845884413309985,0.6283087652559836,0.6340959052207327,0.7191682793637468,no_nlcd
0.2789592194145609,0.6283087652559836,0.6340636724061318,0.7191682793637468,no_nlcd
0.2789592194145609,0.6287842764304962,0.634049598217364,0.7191682793637468,no_nlcd
0.27920940705529146,0.6287842764304962,0.6340465873541464,0.7191682793637468,no_nlcd
0.27920940705529146,0.6289427801553337,0.6339830726028375,0.7191682793637468,no_nlcd
0.279459594696022,0.6289427801553337,0.633974937262628,0.7191682793637468,no_nlcd
0.279459594696022,0.6292597876050087,0.6339660292889691,0.7191682793637468,no_nlcd
0.2799599699774831,0.6292597876050087,0.6339574957297355,0.7191682793637468,no_nlcd
0.2799599699774831,0.6300523062291964,0.6339120948829388,0.7191682793637468,no_nlcd
0.28096072054040533,0.6300523062291964,0.6338886047113163,0.7191682793637468,no_nlcd
0.28096072054040533,0.6311618323030591,0.6338465242262122,0.7191682793637468,no_nlcd
0.2814610958218664,0.6311618323030591,0.6337375019022898,0.7191682793637468,no_nlcd
0.2814610958218664,0.6313203360278966,0.6337365267245132,0.7191682793637468,no_nlcd
0.28171128346259694,0.6313203360278966,0.6337017609769564,0.7191682793637468,no_nlcd
0.28171128346259694,0.6314788397527342,0.6336994443825253,0.7191682793637468,no_nlcd
0.2819614711033275,0.6314788397527342,0.633690487417652,0.7191682793637468,no_nlcd
0.2819614711033275,0.6325883658265969,0.6336129099511715,0.7191682793637468,no_nlcd
0.2824618463847886,0.6325883658265969,0.6335911172514488,0.7191682793637468,no_nlcd
0.2824618463847886,0.6327468695514344,0.633569351578449,0.7191682793637468,no_nlcd
0.2829622216662497,0.6327468695514344,0.6335456735363718,0.7191682793637468,no_nlcd
0.2829622216662497,0.6329053732762719,0.6335358352094158,0.7191682793637468,no_nlcd
0.2834625969477108,0.6329053732762719,0.6334977285244937,0.7191682793637468,no_nlcd
0.2834625969477108,0.6338563956252972,0.6334373819113069,0.7191682793637468,no_nlcd
0.28371278458844135,0.6338563956252972,0.6334226932412724,0.7191682793637468,no_nlcd
0.28371278458844135,0.6341734030749723,0.6333798064818047,0.7191682793637468,no_nlcd
0.2842131598699024,0.6341734030749723,0.6333658692817022,0.7191682793637468,no_nlcd
0.2842131598699024,0.6349659216991599,0.6333154149064125,0.7191682793637468,no_nlcd
0.28446334751063296,0.6349659216991599,0.633297288146117,0.7191682793637468,no_nlcd
0.28446334751063296,0.6351244254239975,0.6332879201834651,0.7191682793637468,no_nlcd
0.28471353515136355,0.6351244254239975,0.6332709353761214,0.7191682793637468,no_nlcd
0.28471353515136355,0.635282929148835,0.6332693524701909,0.7191682793637468,no_nlcd
0.2852139104328246,0.635282929148835,0.6332200660554411,0.7191682793637468,no_nlcd
0.2852139104328246,0.6355999365985101,0.6331916778528671,0.7191682793637468,no_nlcd
0.28546409807355516,0.6355999365985101,0.6331850721327585,0.7191682793637468,no_nlcd
0.28546409807355516,0.6359169440481851,0.6331723429935145,0.7191682793637468,no_nlcd
0.2857142857142857,0.6359169440481851,0.6331661674227214,0.7191682793637468,no_nlcd
0.2857142857142857,0.6362339514978602,0.6331511950649865,0.7191682793637468,no_nlcd
0.28596447335501624,0.6362339514978602,0.6331333274502081,0.7191682793637468,no_nlcd
0.28596447335501624,0.6363924552226977,0.6331295467698211,0.7191682793637468,no_nlcd
0.28621466099574683,0.6363924552226977,0.63312791413566,0.7191682793637468,no_nlcd
0.28621466099574683,0.6368679663972103,0.6330618827495006,0.7191682793637468,no_nlcd
0.28646484863647736,0.6368679663972103,0.6330570073765439,0.7191682793637468,no_nlcd
0.28646484863647736,0.6370264701220478,0.6330143240255082,0.7191682793637468,no_nlcd
0.2867150362772079,0.6370264701220478,0.6329797892165518,0.7191682793637468,no_nlcd
0.2867150362772079,0.6371849738468854,0.6329690119437645,0.7191682793637468,no_nlcd
0.28696522391793844,0.6371849738468854,0.6329535470791922,0.7191682793637468,no_nlcd
0.28696522391793844,0.6373434775717229,0.6329520009231745,0.7191682793637468,no_nlcd
0.2884663497623217,0.6373434775717229,0.6328642558105422,0.7191682793637468,no_nlcd
0.2884663497623217,0.637660485021398,0.6328594765875136,0.7191682793637468,no_nlcd
0.28896672504378285,0.637660485021398,0.6328459813175322,0.7191682793637468,no_nlcd
0.28896672504378285,0.637977492471073,0.6328258731230026,0.7191682793637468,no_nlcd
0.2892169126845134,0.637977492471073,0.6328109822527411,0.7191682793637468,no_nlcd
0.2892169126845134,0.6382944999207482,0.6327663156943631,0.7191682793637468,no_nlcd
0.2894671003252439,0.6382944999207482,0.6327626825921577,0.7191682793637468,no_nlcd
0.2894671003252439,0.6384530036455857,0.6327432392394544,0.7191682793637468,no_nlcd
0.28996747560670505,0.6384530036455857,0.6327392400213856,0.7191682793637468,no_nlcd
0.28996747560670505,0.6386115073704232,0.6327287257798335,0.7191682793637468,no_nlcd
0.2902176632474356,0.6386115073704232,0.6327267277026991,0.7191682793637468,no_nlcd
0.2902176632474356,0.6387700110952608,0.632718495924539,0.7191682793637468,no_nlcd
0.2904678508881661,0.6387700110952608,0.6327079878988862,0.7191682793637468,no_nlcd
0.2904678508881661,0.6390870185449358,0.6326816811870813,0.7191682793637468,no_nlcd
0.29071803852889666,0.6390870185449358,0.6326684486557249,0.7191682793637468,no_nlcd
0.29071803852889666,0.6392455222697734,0.6326604439238168,0.7191682793637468,no_nlcd
0.2912184138103578,0.6392455222697734,0.6326392258384994,0.7191682793637468,no_nlcd
0.2912184138103578,0.639721033444286,0.6326223794652533,0.7191682793637468,no_nlcd
0.2914686014510883,0.639721033444286,0.6326135753333076,0.7191682793637468,no_nlcd
0.2914686014510883,0.6401965446187985,0.6325912370176006,0.7191682793637468,no_nlcd
0.29221916437327994,0.6401965446187985,0.6325752345655353,0.7191682793637468,no_nlcd
0.29221916437327994,0.6406720557933111,0.6325229724104073,0.7191682793637468,no_nlcd
0.29246935201401053,0.6406720557933111,0.6325164629211081,0.7191682793637468,no_nlcd
0.29246935201401053,0.6408305595181487,0.6325130998460831,0.7191682793637468,no_nlcd
0.29271953965474107,0.6408305595181487,0.6325097213038336,0.7191682793637468,no_nlcd
0.29271953965474107,0.6409890632429862,0.6325076481466892,0.7191682793637468,no_nlcd
0.2929697272954716,0.6409890632429862,0.6325044557104966,0.7191682793637468,no_nlcd
0.2929697272954716,0.6411475669678237,0.632500542992241,0.7191682793637468,no_nlcd
0.29321991493620214,0.6411475669678237,0.6324892663438847,0.7191682793637468,no_nlcd
0.29321991493620214,0.6420985893168489,0.6323991232929583,0.7191682793637468,no_nlcd
0.2934701025769327,0.6420985893168489,0.6323923704767512,0.7191682793637468,no_nlcd
0.2934701025769327,0.6422570930416864,0.6323899108230667,0.7191682793637468,no_nlcd
0.29372029021766327,0.6422570930416864,0.6323256130423733,0.7191682793637468,no_nlcd
0.29372029021766327,0.642415596766524,0.6323202090644988,0.7191682793637468,no_nlcd
0.2939704778583938,0.642415596766524,0.6323092470237615,0.7191682793637468,no_nlcd
0.2939704778583938,0.6425741004913615,0.6323013264169698,0.7191682793637468,no_nlcd
0.29422066549912435,0.6425741004913615,0.6322718997706541,0.7191682793637468,no_nlcd
0.29422066549912435,0.642732604216199,0.6322646368188295,0.7191682793637468,no_nlcd
0.2944708531398549,0.642732604216199,0.6322545551698129,0.7191682793637468,no_nlcd
0.2944708531398549,0.6428911079410367,0.632252418346035,0.7191682793637468,no_nlcd
0.2947210407805854,0.6428911079410367,0.6322461803028481,0.7191682793637468,no_nlcd
0.2947210407805854,0.6433666191155493,0.6321767053524597,0.7191682793637468,no_nlcd
0.294971228421316,0.6433666191155493,0.6321602397136126,0.7191682793637468,no_nlcd
0.294971228421316,0.6436836265652243,0.632132659970394,0.7191682793637468,no_nlcd
0.2954716037027771,0.6436836265652243,0.6320981907716586,0.7191682793637468,no_nlcd
0.2954716037027771,0.6438421302900618,0.6320971898950007,0.7191682793637468,no_nlcd
0.29597197898423816,0.6438421302900618,0.6320607371080048,0.7191682793637468,no_nlcd
0.29597197898423816,0.6440006340148994,0.6320544664831468,0.7191682793637468,no_nlcd
0.29622216662496875,0.6440006340148994,0.6320438157440275,0.7191682793637468,no_nlcd
0.29622216662496875,0.6441591377397369,0.6320350665369949,0.7191682793637468,no_nlcd
0.2964723542656993,0.6441591377397369,0.6320332186209459,0.7191682793637468,no_nlcd
0.2964723542656993,0.644476145189412,0.6320306524774258,0.7191682793637468,no_nlcd
0.29772329246935203,0.644476145189412,0.6320115060073545,0.7191682793637468,no_nlcd
0.29772329246935203,0.644793152639087,0.632005604163489,0.7191682793637468,no_nlcd
0.2982236677508131,0.644793152639087,0.6319730533221413,0.7191682793637468,no_nlcd
0.2982236677508131,0.6449516563639246,0.6319627403884789,0.7191682793637468,no_nlcd
0.2987240430322742,0.6449516563639246,0.6319334480737706,0.7191682793637468,no_nlcd
0.2987240430322742,0.6454271675384372,0.6318981313942083,0.7191682793637468,no_nlcd
0.2992244183137353,0.6454271675384372,0.6318868878855161,0.7191682793637468,no_nlcd
0.2992244183137353,0.6457441749881122,0.6318478787013714,0.7191682793637468,no_nlcd
0.2997247935951964,0.6457441749881122,0.6318415603550394,0.7191682793637468,no_nlcd
0.2997247935951964,0.6465366936122999,0.631763031850666,0.7191682793637468,no_nlcd
0.2999749812359269,0.6465366936122999,0.6317616646670547,0.7191682793637468,no_nlcd
0.2999749812359269,0.6473292122364875,0.6316640392237121,0.7191682793637468,no_nlcd
0.3002251688766575,0.6473292122364875,0.6316260180507322,0.7191682793637468,no_nlcd
0.3002251688766575,0.6478047234110001,0.6315905684181554,0.7191682793637468,no_nlcd
0.30047535651738805,0.6478047234110001,0.6315794174824163,0.7191682793637468,no_nlcd
0.30047535651738805,0.6484387383103503,0.6315591821860566,0.7191682793637468,no_nlcd
0.3007255441581186,0.6484387383103503,0.6315429658255235,0.7191682793637468,no_nlcd
0.3007255441581186,0.6490727532097005,0.6314387476447484,0.7191682793637468,no_nlcd
0.3009757317988491,0.6490727532097005,0.631433497730646,0.7191682793637468,no_nlcd
0.3009757317988491,0.649231256934538,0.6314259081675146,0.7191682793637468,no_nlcd
0.30122591943957966,0.649231256934538,0.6314053528824097,0.7191682793637468,no_nlcd
0.30122591943957966,0.6498652718338881,0.6313713528551113,0.7191682793637468,no_nlcd
0.30147610708031025,0.6498652718338881,0.6313607863533685,0.7191682793637468,no_nlcd
0.30147610708031025,0.6504992867332382,0.6312539506212611,0.7191682793637468,no_nlcd
0.3019764823617713,0.6504992867332382,0.6312429251784116,0.7191682793637468,no_nlcd
0.3019764823617713,0.6508162941829133,0.6312033407226114,0.7191682793637468,no_nlcd
0.30222667000250186,0.6508162941829133,0.631185497472187,0.7191682793637468,no_nlcd
0.30222667000250186,0.6509747979077508,0.6311643754274088,0.7191682793637468,no_nlcd
0.3024768576432324,0.6509747979077508,0.6311560197224229,0.7191682793637468,no_nlcd
0.3024768576432324,0.6512918053574259,0.6311326032172294,0.7191682793637468,no_nlcd
0.302727045283963,0.6512918053574259,0.6311320924018544,0.7191682793637468,no_nlcd
0.302727045283963,0.6527183388809638,0.6310636636031112,0.7191682793637468,no_nlcd
0.30297723292469353,0.6527183388809638,0.6310236516966962,0.7191682793637468,no_nlcd
0.30297723292469353,0.6528768426058013,0.631021220424989,0.7191682793637468,no_nlcd
0.30322742056542407,0.6528768426058013,0.6310188100479046,0.7191682793637468,no_nlcd
0.30322742056542407,0.6533523537803139,0.6309976267105739,0.7191682793637468,no_nlcd
0.30372779584688514,0.6533523537803139,0.6309860245593061,0.7191682793637468,no_nlcd
0.30372779584688514,0.6536693612299889,0.6309644321416935,0.7191682793637468,no_nlcd
0.30397798348761573,0.6536693612299889,0.6309572017323434,0.7191682793637468,no_nlcd
0.30397798348761573,0.653986368679664,0.6309553297172876,0.7191682793637468,no_nlcd
0.30422817112834627,0.653986368679664,0.6309473476589201,0.7191682793637468,no_nlcd
0.30422817112834627,0.6543033761293391,0.6309406774978155,0.7191682793637468,no_nlcd
0.3044783587690768,0.6543033761293391,0.630936605478618,0.7191682793637468,no_nlcd
0.3044783587690768,0.6550958947535267,0.6308552735060453,0.7191682793637468,no_nlcd
0.30472854640980734,0.6550958947535267,0.6308539245893353,0.7191682793637468,no_nlcd
0.30472854640980734,0.6554129022032018,0.630802869622941,0.7191682793637468,no_nlcd
0.3049787340505379,0.6554129022032018,0.6308014979433506,0.7191682793637468,no_nlcd
0.3049787340505379,0.6560469171025519,0.63074064082259,0.7191682793637468,no_nlcd
0.305479109331999,0.6560469171025519,0.6307342864287923,0.7191682793637468,no_nlcd
0.305479109331999,0.6565224282770645,0.6307177167770834,0.7191682793637468,no_nlcd
0.30572929697272955,0.6565224282770645,0.630710132011458,0.7191682793637468,no_nlcd
0.30572929697272955,0.656680932001902,0.6306997809770274,0.7191682793637468,no_nlcd
0.3064798598949212,0.656680932001902,0.6306498965313138,0.7191682793637468,no_nlcd
0.3064798598949212,0.6568394357267395,0.6306436904976648,0.7191682793637468,no_nlcd
0.30673004753565175,0.6568394357267395,0.6306410339041365,0.7191682793637468,no_nlcd
0.30673004753565175,0.6574734506260898,0.6305935094223768,0.7191682793637468,no_nlcd
0.3069802351763823,0.6574734506260898,0.6305869837886221,0.7191682793637468,no_nlcd
0.3069802351763823,0.6590584878744651,0.6305049355219495,0.7191682793637468,no_nlcd
0.3072304228171128,0.6590584878744651,0.6304932742922011,0.7191682793637468,no_nlcd
0.3072304228171128,0.6592169915993026,0.6304929349607378,0.7191682793637468,no_nlcd
0.30773079809857395,0.6592169915993026,0.6304466961243294,0.7191682793637468,no_nlcd
0.30773079809857395,0.661436043747028,0.630313583617329,0.7191682793637468,no_nlcd
0.3079809857393045,0.661436043747028,0.6302829190175807,0.7191682793637468,no_nlcd
0.3079809857393045,0.6615945474718656,0.6302765071217344,0.7191682793637468,no_nlcd
0.30823117338003503,0.6615945474718656,0.6302409291057167,0.7191682793637468,no_nlcd
0.30823117338003503,0.6617530511967031,0.6302300838277285,0.7191682793637468,no_nlcd
0.30848136102076557,0.6617530511967031,0.630215496358613,0.7191682793637468,no_nlcd
0.30848136102076557,0.6619115549215406,0.6302127212887357,0.7191682793637468,no_nlcd
0.3089817363022267,0.6619115549215406,0.6301985260580473,0.7191682793637468,no_nlcd
0.3089817363022267,0.6620700586463781,0.630194437674695,0.7191682793637468,no_nlcd
0.30948211158368777,0.6620700586463781,0.6301728027567354,0.7191682793637468,no_nlcd
0.30948211158368777,0.6622285623712157,0.6301312773670608,0.7191682793637468,no_nlcd
0.3097322992244183,0.6622285623712157,0.6301022108816553,0.7191682793637468,no_nlcd
0.3097322992244183,0.6623870660960532,0.6300476144799035,0.7191682793637468,no_nlcd
0.31048286214661,0.6623870660960532,0.6299963861827641,0.7191682793637468,no_nlcd
0.31048286214661,0.6625455698208907,0.6299925316702387,0.7191682793637468,no_nlcd
0.3107330497873405,0.6625455698208907,0.6299836930778121,0.7191682793637468,no_nlcd
0.3107330497873405,0.6628625772705659,0.6299600287884778,0.7191682793637468,no_nlcd
0.31098323742807105,0.6628625772705659,0.6299482673061627,0.7191682793637468,no_nlcd
0.31098323742807105,0.663496592169916,0.6298335913357168,0.7191682793637468,no_nlcd
0.3112334250688016,0.663496592169916,0.6297873848174755,0.7191682793637468,no_nlcd
0.3112334250688016,0.6638135996195911,0.6296359065870986,0.7191682793637468,no_nlcd
0.3117338003502627,0.6638135996195911,0.6295657428185928,0.7191682793637468,no_nlcd
0.3117338003502627,0.6641306070692661,0.6294515948438543,0.7191682793637468,no_nlcd
0.3124843632724543,0.6641306070692661,0.6293085283937754,0.7191682793637468,no_nlcd
0.3124843632724543,0.6646061182437787,0.6292813585559464,0.7191682793637468,no_nlcd
0.31298473855391545,0.6646061182437787,0.6292653696266555,0.7191682793637468,no_nlcd
0.31298473855391545,0.6647646219686163,0.629263607384989,0.7191682793637468,no_nlcd
0.313234926194646,0.6647646219686163,0.6292189777569299,0.7191682793637468,no_nlcd
0.313234926194646,0.6650816294182913,0.629146350184927,0.7191682793637468,no_nlcd
0.3139854891168376,0.6650816294182913,0.6290220255633328,0.7191682793637468,no_nlcd
0.3139854891168376,0.6652401331431289,0.62901006062199,0.7191682793637468,no_nlcd
0.3142356767575682,0.6652401331431289,0.6289750696061313,0.7191682793637468,no_nlcd
0.3142356767575682,0.6653986368679664,0.628935033545702,0.7191682793637468,no_nlcd
0.3149862396797598,0.6653986368679664,0.6288825509858914,0.7191682793637468,no_nlcd
0.3149862396797598,0.6657156443176415,0.628744119870291,0.7191682793637468,no_nlcd
0.31573680260195147,0.6657156443176415,0.628665179290471,0.7191682793637468,no_nlcd
0.31573680260195147,0.665874148042479,0.6286611008548351,0.7191682793637468,no_nlcd
0.3164873655241431,0.665874148042479,0.6286306860802681,0.7191682793637468,no_nlcd
0.3164873655241431,0.6660326517673165,0.6285913400401202,0.7191682793637468,no_nlcd
0.3167375531648737,0.6660326517673165,0.6284482624815119,0.7191682793637468,no_nlcd
0.3167375531648737,0.6665081629418291,0.6282167322857075,0.7191682793637468,no_nlcd
0.3177383037277958,0.6665081629418291,0.6280235392690824,0.7191682793637468,no_nlcd
0.3177383037277958,0.6666666666666666,0.627975793368189,0.7191682793637468,no_nlcd
0.3179884913685264,0.6666666666666666,0.6278683007185226,0.7191682793637468,no_nlcd
0.3179884913685264,0.6668251703915042,0.627839713873913,0.7191682793637468,no_nlcd
0.3184888666499875,0.6668251703915042,0.6277911605123736,0.7191682793637468,no_nlcd
0.3184888666499875,0.6669836741163417,0.6277660174133975,0.7191682793637468,no_nlcd
0.318739054290718,0.6669836741163417,0.6277520422351714,0.7191682793637468,no_nlcd
0.318739054290718,0.6673006815660169,0.6275673341108102,0.7191682793637468,no_nlcd
0.31998999249437077,0.6673006815660169,0.6272737449527929,0.7191682793637468,no_nlcd
0.31998999249437077,0.6674591852908544,0.6272574004519357,0.7191682793637468,no_nlcd
0.3204903677758319,0.6674591852908544,0.6271992077212277,0.7191682793637468,no_nlcd
0.3204903677758319,0.667934696465367,0.627170166436611,0.7191682793637468,no_nlcd
0.32074055541656243,0.667934696465367,0.6270780464539704,0.7191682793637468,no_nlcd
0.32074055541656243,0.668251703915042,0.6270341807381636,0.7191682793637468,no_nlcd
0.3212409306980235,0.668251703915042,0.626951935249671,0.7191682793637468,no_nlcd
0.3212409306980235,0.6688857188143922,0.6265718644298174,0.7191682793637468,no_nlcd
0.32149111833875404,0.6688857188143922,0.6264721278090922,0.7191682793637468,no_nlcd
0.32149111833875404,0.6690442225392297,0.6263449650471656,0.7191682793637468,no_nlcd
0.3219914936202152,0.6690442225392297,0.6263320921309201,0.7191682793637468,no_nlcd
0.3219914936202152,0.6696782374385798,0.6261302153062872,0.7191682793637468,no_nlcd
0.3222416812609457,0.6696782374385798,0.6260364463019392,0.7191682793637468,no_nlcd
0.3222416812609457,0.6698367411634173,0.6259050504210761,0.7191682793637468,no_nlcd
0.3227420565424068,0.6698367411634173,0.6258403574536204,0.7191682793637468,no_nlcd
0.3227420565424068,0.6699952448882549,0.6257628101741819,0.7191682793637468,no_nlcd
0.3232424318238679,0.6699952448882549,0.6256801978491262,0.7191682793637468,no_nlcd
0.3232424318238679,0.6701537486130924,0.625627203494433,0.7191682793637468,no_nlcd
0.323742807105329,0.6701537486130924,0.6255780549625702,0.7191682793637468,no_nlcd
0.323742807105329,0.6704707560627675,0.6255167025326002,0.7191682793637468,no_nlcd
0.3239929947460595,0.6704707560627675,0.6254851143714539,0.7191682793637468,no_nlcd
0.3239929947460595,0.6707877635124425,0.6254492095137082,0.7191682793637468,no_nlcd
0.3242431823867901,0.6707877635124425,0.6254091948476326,0.7191682793637468,no_nlcd
0.3242431823867901,0.6709462672372801,0.6253634671533493,0.7191682793637468,no_nlcd
0.32549412059044286,0.6709462672372801,0.625255297201438,0.7191682793637468,no_nlcd
0.32549412059044286,0.6712632746869551,0.6251982728891851,0.7191682793637468,no_nlcd
0.32624468351263447,0.6712632746869551,0.6250171383282355,0.7191682793637468,no_nlcd
0.32624468351263447,0.6714217784117926,0.6250090958753253,0.7191682793637468,no_nlcd
0.32699524643482614,0.6714217784117926,0.6248804073846325,0.7191682793637468,no_nlcd
0.32699524643482614,0.6715802821366302,0.6248327177562311,0.7191682793637468,no_nlcd
0.3272454340755567,0.6715802821366302,0.6247214241573029,0.7191682793637468,no_nlcd
0.3272454340755567,0.6717387858614677,0.6247001443681194,0.7191682793637468,no_nlcd
0.3282461846384789,0.6717387858614677,0.6244599217422242,0.7191682793637468,no_nlcd
0.3282461846384789,0.6720557933111428,0.624312892831987,0.7191682793637468,no_nlcd
0.3284963722792094,0.6720557933111428,0.6242480428715492,0.7191682793637468,no_nlcd
0.3284963722792094,0.6722142970359803,0.6242097137631798,0.7191682793637468,no_nlcd
0.3294971228421316,0.6722142970359803,0.6238866247257905,0.7191682793637468,no_nlcd
0.3294971228421316,0.6723728007608178,0.6238106151138827,0.7191682793637468,no_nlcd
0.3309982486865149,0.6723728007608178,0.6234567338715201,0.7191682793637468,no_nlcd
0.3309982486865149,0.6725313044856555,0.6234089343173652,0.7191682793637468,no_nlcd
0.3319989992494371,0.6725313044856555,0.6232560866662341,0.7191682793637468,no_nlcd
0.3319989992494371,0.672689808210493,0.6231297886718727,0.7191682793637468,no_nlcd
0.33224918689016764,0.672689808210493,0.6230837921022288,0.7191682793637468,no_nlcd
0.33224918689016764,0.6728483119353305,0.6230669214548409,0.7191682793637468,no_nlcd
0.3327495621716287,0.6728483119353305,0.6229471409901474,0.7191682793637468,no_nlcd
0.3327495621716287,0.6730068156601681,0.6229266887167315,0.7191682793637468,no_nlcd
0.3345008756567426,0.6730068156601681,0.6224119791781233,0.7191682793637468,no_nlcd
0.3345008756567426,0.6731653193850056,0.6224059561331067,0.7191682793637468,no_nlcd
0.3347510632974731,0.6731653193850056,0.6223181598864027,0.7191682793637468,no_nlcd
0.3347510632974731,0.6733238231098431,0.6222828727122776,0.7191682793637468,no_nlcd
0.3352514385789342,0.6733238231098431,0.622129398526913,0.7191682793637468,no_nlcd
0.3352514385789342,0.6734823268346806,0.6220709371466352,0.7191682793637468,no_nlcd
0.33650237678258693,0.6734823268346806,0.6218582916101502,0.7191682793637468,no_nlcd
0.33650237678258693,0.6736408305595182,0.6217720335364704,0.7191682793637468,no_nlcd
0.33700275206404806,0.6736408305595182,0.6216788476174849,0.7191682793637468,no_nlcd
0.33700275206404806,0.6739578380091932,0.6213403256070071,0.7191682793637468,no_nlcd
0.3425068801601201,0.6739578380091932,0.6200488557605652,0.7191682793637468,no_nlcd
0.3425068801601201,0.6741163417340308,0.6199600729070904,0.7191682793637468,no_nlcd
0.34851138353765326,0.6741163417340308,0.6188383072508102,0.7191682793637468,no_nlcd
0.34851138353765326,0.6742748454588683,0.6188051866403962,0.7191682793637468,no_nlcd
0.3495121341005754,0.6742748454588683,0.6186971611523931,0.7191682793637468,no_nlcd
0.3495121341005754,0.6745918529085434,0.6186692917772241,0.7191682793637468,no_nlcd
0.349762321741306,0.6745918529085434,0.5468364643895092,0.7191682793637468,no_nlcd
0.349762321741306,0.6747503566333809,0.5440023413671295,0.7191682793637468,no_nlcd
0.3502626970227671,0.6747503566333809,0.5370375568538049,0.7191682793637468,no_nlcd
0.3502626970227671,0.6749088603582184,0.5343747818926097,0.7191682793637468,no_nlcd
0.3505128846634976,0.6749088603582184,0.5326809919034232,0.7191682793637468,no_nlcd
0.3505128846634976,0.6750673640830559,0.5303395621082464,0.7191682793637468,no_nlcd
0.35076307230422815,0.6750673640830559,0.5276867314227693,0.7191682793637468,no_nlcd
0.35076307230422815,0.6752258678078935,0.5226118383984438,0.7191682793637468,no_nlcd
0.3512634475856893,0.6752258678078935,0.5194505786257773,0.7191682793637468,no_nlcd
0.3512634475856893,0.675384371532731,0.5111668440677027,0.7191682793637468,no_nlcd
0.3515136352264198,0.675384371532731,0.5099703990439454,0.7191682793637468,no_nlcd
0.3515136352264198,0.6757013789824061,0.5072793235024466,0.7191682793637468,no_nlcd
0.352514385789342,0.6757013789824061,0.5035969376145223,0.7191682793637468,no_nlcd
0.352514385789342,0.6769694087811063,0.5032423397600009,0.7191682793637468,no_nlcd
0.35276457343007256,0.6769694087811063,0.5031976213162891,0.7191682793637468,no_nlcd
0.35276457343007256,0.6777619274052941,0.5031197287842909,0.7191682793637468,no_nlcd
0.3530147610708031,0.6777619274052941,0.5031092481962947,0.7191682793637468,no_nlcd
0.3530147610708031,0.6788714534791568,0.5030720954681404,0.7191682793637468,no_nlcd
0.35326494871153363,0.6788714534791568,0.50306757671054,0.7191682793637468,no_nlcd
0.35326494871153363,0.679822475828182,0.5030326679996605,0.7191682793637468,no_nlcd
0.35426569927445584,0.679822475828182,0.5029835730351355,0.7191682793637468,no_nlcd
0.35426569927445584,0.6799809795530195,0.50297883873508,0.7191682793637468,no_nlcd
0.3545158869151864,0.6799809795530195,0.5029769682692912,0.7191682793637468,no_nlcd
0.3545158869151864,0.6802979870026946,0.502956371665292,0.7191682793637468,no_nlcd
0.3555166374781086,0.6802979870026946,0.5029431277881066,0.7191682793637468,no_nlcd
0.3555166374781086,0.6806149944523696,0.5029159890556999,0.7191682793637468,no_nlcd
0.3557668251188391,0.6806149944523696,0.5029153223802136,0.7191682793637468,no_nlcd
0.3557668251188391,0.6807734981772071,0.5029148455453616,0.7191682793637468,no_nlcd
0.35601701275956965,0.6807734981772071,0.5029135090362163,0.7191682793637468,no_nlcd
0.35601701275956965,0.6810905056268822,0.5029068721023,0.7191682793637468,no_nlcd
0.35626720040030024,0.6810905056268822,0.5029054870333595,0.7191682793637468,no_nlcd
0.35626720040030024,0.6812490093517197,0.5028961595493919,0.7191682793637468,no_nlcd
0.3567675756817613,0.6812490093517197,0.5028920140643405,0.7191682793637468,no_nlcd
0.3567675756817613,0.6815660168013948,0.5028880050439325,0.7191682793637468,no_nlcd
0.35701776332249185,0.6815660168013948,0.5028871228939555,0.7191682793637468,no_nlcd
0.35701776332249185,0.6817245205262323,0.5028858743093806,0.7191682793637468,no_nlcd
0.357518138603953,0.6817245205262323,0.5028827704773757,0.7191682793637468,no_nlcd
0.357518138603953,0.68188302425107,0.5028808029541673,0.7191682793637468,no_nlcd
0.35801851388541406,0.68188302425107,0.5028762848360985,0.7191682793637468,no_nlcd
0.35801851388541406,0.6820415279759074,0.502874159321235,0.7191682793637468,no_nlcd
0.3592694520890668,0.6820415279759074,0.5028653424852102,0.7191682793637468,no_nlcd
0.3592694520890668,0.682200031700745,0.5028645506815134,0.7191682793637468,no_nlcd
0.35951963972979734,0.682200031700745,0.5028624311820472,0.7191682793637468,no_nlcd
0.35951963972979734,0.6823585354255824,0.502861682435598,0.7191682793637468,no_nlcd
0.3597698273705279,0.6823585354255824,0.5028583871773459,0.7191682793637468,no_nlcd
0.3597698273705279,0.6828340466000951,0.5028545874173045,0.7191682793637468,no_nlcd
0.360270202651989,0.6828340466000951,0.5028527757612573,0.7191682793637468,no_nlcd
0.360270202651989,0.6829925503249327,0.5028524824848654,0.7191682793637468,no_nlcd
0.3610207655741806,0.6829925503249327,0.5028493260010941,0.7191682793637468,no_nlcd
0.3610207655741806,0.6834680614994453,0.5028467935955591,0.7191682793637468,no_nlcd
0.36152114085564174,0.6834680614994453,0.5028458338238301,0.7191682793637468,no_nlcd
0.36152114085564174,0.6836265652242828,0.5028454911819279,0.7191682793637468,no_nlcd
0.3620215161371028,0.6836265652242828,0.5028441190627874,0.7191682793637468,no_nlcd
0.3620215161371028,0.6837850689491203,0.5028429415040072,0.7191682793637468,no_nlcd
0.36227170377783335,0.6837850689491203,0.5028424939941124,0.7191682793637468,no_nlcd
0.36227170377783335,0.6839435726739579,0.5028410683053303,0.7191682793637468,no_nlcd
0.36327245434075556,0.6839435726739579,0.5028349836331547,0.7191682793637468,no_nlcd
0.36327245434075556,0.6841020763987954,0.5028345500880832,0.7191682793637468,no_nlcd
0.3637728296222167,0.6841020763987954,0.502831071233389,0.7191682793637468,no_nlcd
0.3637728296222167,0.6844190838484704,0.5028231885441905,0.7191682793637468,no_nlcd
0.3640230172629472,0.6844190838484704,0.5028202650971061,0.7191682793637468,no_nlcd
0.3640230172629472,0.684577587573308,0.5028200060425241,0.7191682793637468,no_nlcd
0.36577433074806104,0.684577587573308,0.5028129592183743,0.7191682793637468,no_nlcd
0.36577433074806104,0.6847360912981455,0.5028118592611427,0.7191682793637468,no_nlcd
0.3665248936702527,0.6847360912981455,0.5028061841448506,0.7191682793637468,no_nlcd
0.3665248936702527,0.684894595022983,0.5028058338682003,0.7191682793637468,no_nlcd
0.3672754565924443,0.684894595022983,0.5028038205886683,0.7191682793637468,no_nlcd
0.3672754565924443,0.6850530987478206,0.5028016948411145,0.7191682793637468,no_nlcd
0.3675256442331749,0.6850530987478206,0.5028002972180601,0.7191682793637468,no_nlcd
0.3675256442331749,0.6852116024726581,0.5027991837879708,0.7191682793637468,no_nlcd
0.36777583187390545,0.6852116024726581,0.5027981418867896,0.7191682793637468,no_nlcd
0.36777583187390545,0.6853701061974956,0.5027977798188935,0.7191682793637468,no_nlcd
0.368026019514636,0.6853701061974956,0.5027977633623685,0.7191682793637468,no_nlcd
0.368026019514636,0.6858456173720082,0.5027934642755891,0.7191682793637468,no_nlcd
0.36852639479609706,0.6858456173720082,0.5027918834656226,0.7191682793637468,no_nlcd
0.36852639479609706,0.6861626248216833,0.5027868102369727,0.7191682793637468,no_nlcd
0.3692769577182887,0.6861626248216833,0.5027844606541548,0.7191682793637468,no_nlcd
0.3692769577182887,0.6863211285465208,0.5027843971884367,0.7191682793637468,no_nlcd
0.36952714535901926,0.6863211285465208,0.5027831269637127,0.7191682793637468,no_nlcd
0.36952714535901926,0.6866381359961959,0.5027818072083932,0.7191682793637468,no_nlcd
0.3697773329997498,0.6866381359961959,0.502781271612292,0.7191682793637468,no_nlcd
0.3697773329997498,0.6869551434458709,0.5027806399647435,0.7191682793637468,no_nlcd
0.37052789592194146,0.6869551434458709,0.5027757686296745,0.7191682793637468,no_nlcd
0.37052789592194146,0.6871136471707086,0.5027755544539697,0.7191682793637468,no_nlcd
0.370778083562672,0.6871136471707086,0.5027753299371331,0.7191682793637468,no_nlcd
0.370778083562672,0.687272150895546,0.5027752189333121,0.7191682793637468,no_nlcd
0.3712784588441331,0.687272150895546,0.5027746416106017,0.7191682793637468,no_nlcd
0.3712784588441331,0.6883816769694088,0.5027689928917763,0.7191682793637468,no_nlcd
0.3725293970477858,0.6883816769694088,0.5027660441959544,0.7191682793637468,no_nlcd
0.3725293970477858,0.6885401806942463,0.502764914539785,0.7191682793637468,no_nlcd
0.3727795846885164,0.6885401806942463,0.5027648561477213,0.7191682793637468,no_nlcd
0.3727795846885164,0.6886986844190839,0.5027648182935266,0.7191682793637468,no_nlcd
0.37302977232924694,0.6886986844190839,0.5027642342298401,0.7191682793637468,no_nlcd
0.37302977232924694,0.689332699318434,0.5027614448534509,0.7191682793637468,no_nlcd
0.37378033525143856,0.689332699318434,0.5027610883284858,0.7191682793637468,no_nlcd
0.37378033525143856,0.6896497067681091,0.5027598764870596,0.7191682793637468,no_nlcd
0.3742807105328997,0.6896497067681091,0.5027590530661199,0.7191682793637468,no_nlcd
0.3742807105328997,0.6898082104929466,0.5027579788163448,0.7191682793637468,no_nlcd
0.3745308981736302,0.6898082104929466,0.5027569916282143,0.7191682793637468,no_nlcd
0.3745308981736302,0.6899667142177841,0.502756869452676,0.7191682793637468,no_nlcd
0.37478108581436076,0.6899667142177841,0.502756807382871,0.7191682793637468,no_nlcd
0.37478108581436076,0.6901252179426216,0.5027558311634874,0.7191682793637468,no_nlcd
0.3755316487365524,0.6901252179426216,0.5027505735068616,0.7191682793637468,no_nlcd
0.3755316487365524,0.6902837216674592,0.5027504015328839,0.7191682793637468,no_nlcd
0.3760320240180135,0.6902837216674592,0.502748431670797,0.7191682793637468,no_nlcd
0.3760320240180135,0.6904422253922967,0.5027473395310768,0.7191682793637468,no_nlcd
0.37653239929947463,0.6904422253922967,0.5027470560919374,0.7191682793637468,no_nlcd
0.37653239929947463,0.6907592328419718,0.5027461252637828,0.7191682793637468,no_nlcd
0.37678258694020517,0.6907592328419718,0.5027440776414295,0.7191682793637468,no_nlcd
0.37678258694020517,0.6909177365668093,0.5027435314169783,0.7191682793637468,no_nlcd
0.37728296222166624,0.6909177365668093,0.5027409548936311,0.7191682793637468,no_nlcd
0.37728296222166624,0.6918687589158345,0.5027356963580827,0.7191682793637468,no_nlcd
0.3780335251438579,0.6918687589158345,0.5027334273624922,0.7191682793637468,no_nlcd
0.3780335251438579,0.692027262640672,0.5027327762385754,0.7191682793637468,no_nlcd
0.3787840880660495,0.692027262640672,0.5027320111078015,0.7191682793637468,no_nlcd
0.3787840880660495,0.6926612775400222,0.5027266588854846,0.7191682793637468,no_nlcd
0.38003502626970226,0.6926612775400222,0.5027235752522571,0.7191682793637468,no_nlcd
0.38003502626970226,0.6928197812648598,0.5027228808401366,0.7191682793637468,no_nlcd
0.3805354015511634,0.6928197812648598,0.5027209869961008,0.7191682793637468,no_nlcd
0.3805354015511634,0.6934537961642099,0.5027189624174399,0.7191682793637468,no_nlcd
0.3807855891918939,0.6934537961642099,0.5027178919263642,0.7191682793637468,no_nlcd
0.3807855891918939,0.6936122998890474,0.502717311327611,0.7191682793637468,no_nlcd
0.38103577683262446,0.6936122998890474,0.5027170707921972,0.7191682793637468,no_nlcd
0.38103577683262446,0.6937708036138849,0.5027129354190106,0.7191682793637468,no_nlcd
0.38203652739554667,0.6937708036138849,0.5027094533141954,0.7191682793637468,no_nlcd
0.38203652739554667,0.6939293073387225,0.502709064136099,0.7191682793637468,no_nlcd
0.38253690267700774,0.6939293073387225,0.5027080644124158,0.7191682793637468,no_nlcd
0.38253690267700774,0.6942463147883975,0.5027070818317476,0.7191682793637468,no_nlcd
0.3827870903177383,0.6942463147883975,0.5027070590538344,0.7191682793637468,no_nlcd
0.3827870903177383,0.6944048185132351,0.5027062377940145,0.7191682793637468,no_nlcd
0.3850387790843132,0.6944048185132351,0.502698315485043,0.7191682793637468,no_nlcd
0.3850387790843132,0.6945633222380726,0.5026981533562648,0.7191682793637468,no_nlcd
0.38528896672504376,0.6945633222380726,0.5026977857524545,0.7191682793637468,no_nlcd
0.38528896672504376,0.6948803296877477,0.502695331281182,0.7191682793637468,no_nlcd
0.38553915436577435,0.6948803296877477,0.502695286302257,0.7191682793637468,no_nlcd
0.38553915436577435,0.6955143445870978,0.5026925594663487,0.7191682793637468,no_nlcd
0.3860395296472354,0.6955143445870978,0.5026902153353435,0.7191682793637468,no_nlcd
0.3860395296472354,0.6956728483119353,0.5026900081890558,0.7191682793637468,no_nlcd
0.3875406554916187,0.6956728483119353,0.5026837245690651,0.7191682793637468,no_nlcd
0.3875406554916187,0.6958313520367728,0.5026829579752433,0.7191682793637468,no_nlcd
0.38804103077307983,0.6958313520367728,0.5026824523395951,0.7191682793637468,no_nlcd
0.38804103077307983,0.6959898557616104,0.5026815690902549,0.7191682793637468,no_nlcd
0.38829121841381037,0.6959898557616104,0.5026809478000671,0.7191682793637468,no_nlcd
0.38829121841381037,0.696465366936123,0.5026799471850456,0.7191682793637468,no_nlcd
0.38879159369527144,0.696465366936123,0.5026790249361893,0.7191682793637468,no_nlcd
0.38879159369527144,0.6966238706609605,0.5026775644548086,0.7191682793637468,no_nlcd
0.389041781336002,0.6966238706609605,0.5026760010363479,0.7191682793637468,no_nlcd
0.389041781336002,0.6969408781106357,0.5026744144369553,0.7191682793637468,no_nlcd
0.3900425318989242,0.6969408781106357,0.5026730260359681,0.7191682793637468,no_nlcd
0.3900425318989242,0.6970993818354732,0.5026722859867456,0.7191682793637468,no_nlcd
0.3902927195396547,0.6970993818354732,0.50267148259473,0.7191682793637468,no_nlcd
0.3902927195396547,0.6972578855603107,0.5026712564778533,0.7191682793637468,no_nlcd
0.3905429071803853,0.6972578855603107,0.5026710705900268,0.7191682793637468,no_nlcd
0.3905429071803853,0.6974163892851482,0.502669813588898,0.7191682793637468,no_nlcd
0.39179384538403805,0.6974163892851482,0.5026613930122686,0.7191682793637468,no_nlcd
0.39179384538403805,0.6975748930099858,0.5026600849844752,0.7191682793637468,no_nlcd
0.3920440330247686,0.6975748930099858,0.5026598245449131,0.7191682793637468,no_nlcd
0.3920440330247686,0.6980504041844984,0.5026574901575721,0.7191682793637468,no_nlcd
0.3927945959469602,0.6980504041844984,0.5026564029157494,0.7191682793637468,no_nlcd
0.3927945959469602,0.6982089079093359,0.5026555363970857,0.7191682793637468,no_nlcd
0.3930447835876908,0.6982089079093359,0.5026550406095471,0.7191682793637468,no_nlcd
0.3930447835876908,0.6983674116341734,0.5026546467695707,0.7191682793637468,no_nlcd
0.3937953465098824,0.6983674116341734,0.5026521851368598,0.7191682793637468,no_nlcd
0.3937953465098824,0.6986844190838485,0.5026520519432615,0.7191682793637468,no_nlcd
0.39429572179134353,0.6986844190838485,0.5026499927589617,0.7191682793637468,no_nlcd
0.39429572179134353,0.698842922808686,0.5026491080057109,0.7191682793637468,no_nlcd
0.3947960970728046,0.698842922808686,0.5026487640752623,0.7191682793637468,no_nlcd
0.3947960970728046,0.6990014265335235,0.5026483862053158,0.7191682793637468,no_nlcd
0.39504628471353515,0.6990014265335235,0.5026482911378352,0.7191682793637468,no_nlcd
0.39504628471353515,0.6991599302583611,0.5026477352640253,0.7191682793637468,no_nlcd
0.3952964723542657,0.6991599302583611,0.5026472284239281,0.7191682793637468,no_nlcd
0.3952964723542657,0.6994769377080361,0.5026469516514851,0.7191682793637468,no_nlcd
0.3955466599949963,0.6994769377080361,0.5026466528413464,0.7191682793637468,no_nlcd
0.3955466599949963,0.6996354414328737,0.5026464982899599,0.7191682793637468,no_nlcd
0.39604703527645735,0.6996354414328737,0.5026448060187592,0.7191682793637468,no_nlcd
0.39604703527645735,0.7002694563322238,0.5026435669332929,0.7191682793637468,no_nlcd
0.3972979734801101,0.7002694563322238,0.5026418904442621,0.7191682793637468,no_nlcd
0.3972979734801101,0.7005864637818989,0.502641264237271,0.7191682793637468,no_nlcd
0.39854891168376283,0.7005864637818989,0.5026385104483009,0.7191682793637468,no_nlcd
0.39854891168376283,0.7007449675067364,0.5026380286949144,0.7191682793637468,no_nlcd
0.39879909932449337,0.7007449675067364,0.5026375479891656,0.7191682793637468,no_nlcd
0.39879909932449337,0.7009034712315739,0.5026373168513534,0.7191682793637468,no_nlcd
0.39979984988741557,0.7009034712315739,0.5026353588057886,0.7191682793637468,no_nlcd
0.39979984988741557,0.7010619749564114,0.5026352902389468,0.7191682793637468,no_nlcd
0.40030022516887664,0.7010619749564114,0.5026342526416321,0.7191682793637468,no_nlcd
0.40030022516887664,0.701220478681249,0.5026341628243426,0.7191682793637468,no_nlcd
0.4005504128096072,0.701220478681249,0.5026333460936739,0.7191682793637468,no_nlcd
0.4005504128096072,0.7013789824060865,0.5026328992972872,0.7191682793637468,no_nlcd
0.4008006004503378,0.7013789824060865,0.5026298276453968,0.7191682793637468,no_nlcd
0.4008006004503378,0.701537486130924,0.5026285555407752,0.7191682793637468,no_nlcd
0.4010507880910683,0.701537486130924,0.5026284811556665,0.7191682793637468,no_nlcd
0.4010507880910683,0.7016959898557616,0.5026273460858863,0.7191682793637468,no_nlcd
0.4015511633725294,0.7016959898557616,0.5026264556366014,0.7191682793637468,no_nlcd
0.4015511633725294,0.7018544935805991,0.5026264329325145,0.7191682793637468,no_nlcd
0.4020515386539905,0.7018544935805991,0.5026245245766996,0.7191682793637468,no_nlcd
0.4020515386539905,0.7020129973054366,0.5026230038036161,0.7191682793637468,no_nlcd
0.4025519139354516,0.7020129973054366,0.5026228219462191,0.7191682793637468,no_nlcd
0.4025519139354516,0.7024885084799493,0.502618448119684,0.7191682793637468,no_nlcd
0.4028021015761821,0.7024885084799493,0.5026172493234976,0.7191682793637468,no_nlcd
0.4028021015761821,0.7026470122047868,0.5026169864069603,0.7191682793637468,no_nlcd
0.40305228921691266,0.7026470122047868,0.5026166461589243,0.7191682793637468,no_nlcd
0.40305228921691266,0.7028055159296244,0.502615953173807,0.7191682793637468,no_nlcd
0.4035526644983738,0.7028055159296244,0.502615244880169,0.7191682793637468,no_nlcd
0.4035526644983738,0.7031225233792994,0.5026148928233064,0.7191682793637468,no_nlcd
0.40380285213910433,0.7031225233792994,0.5026147433396816,0.7191682793637468,no_nlcd
0.40380285213910433,0.7034395308289745,0.5026141472279011,0.7191682793637468,no_nlcd
0.40405303977983487,0.7034395308289745,0.5026141092733171,0.7191682793637468,no_nlcd
0.40405303977983487,0.703598034553812,0.50261398651305,0.7191682793637468,no_nlcd
0.4043032274205654,0.703598034553812,0.5026134508798394,0.7191682793637468,no_nlcd
0.4043032274205654,0.7037565382786496,0.502611935130391,0.7191682793637468,no_nlcd
0.40555416562421814,0.7037565382786496,0.5026099658552636,0.7191682793637468,no_nlcd
0.40555416562421814,0.7039150420034871,0.5026098801309409,0.7191682793637468,no_nlcd
0.40655491618714035,0.7039150420034871,0.5026085237207525,0.7191682793637468,no_nlcd
0.40655491618714035,0.7042320494531622,0.5026073612725016,0.7191682793637468,no_nlcd
0.4070552914686015,0.7042320494531622,0.5026050773827115,0.7191682793637468,no_nlcd
0.4070552914686015,0.7043905531779997,0.5026031949152956,0.7191682793637468,no_nlcd
0.407305479109332,0.7043905531779997,0.5026029143077747,0.7191682793637468,no_nlcd
0.407305479109332,0.7045490569028372,0.502602745020334,0.7191682793637468,no_nlcd
0.40755566675006255,0.7045490569028372,0.5026026539846515,0.7191682793637468,no_nlcd
0.40755566675006255,0.7047075606276747,0.5026023576911327,0.7191682793637468,no_nlcd
0.4078058543907931,0.7047075606276747,0.5026018773231924,0.7191682793637468,no_nlcd
0.4078058543907931,0.7048660643525123,0.5026016197273018,0.7191682793637468,no_nlcd
0.4080560420315236,0.7048660643525123,0.502601416677866,0.7191682793637468,no_nlcd
0.4080560420315236,0.7050245680773498,0.5026007450747058,0.7191682793637468,no_nlcd
0.40855641731298475,0.7050245680773498,0.5026004372358748,0.7191682793637468,no_nlcd
0.40855641731298475,0.7051830718021873,0.5026004105361787,0.7191682793637468,no_nlcd
0.4088066049537153,0.7051830718021873,0.502600094918811,0.7191682793637468,no_nlcd
0.4088066049537153,0.7053415755270249,0.502599994605745,0.7191682793637468,no_nlcd
0.40905679259444583,0.7053415755270249,0.5025994909870573,0.7191682793637468,no_nlcd
0.40905679259444583,0.7066096053257251,0.5025972346140875,0.7191682793637468,no_nlcd
0.41080810607955964,0.7066096053257251,0.5025951837333988,0.7191682793637468,no_nlcd
0.41080810607955964,0.7067681090505626,0.5025947119193893,0.7191682793637468,no_nlcd
0.41105829372029024,0.7067681090505626,0.5025942533587504,0.7191682793637468,no_nlcd
0.41105829372029024,0.7070851165002378,0.5025940964901531,0.7191682793637468,no_nlcd
0.41180885664248185,0.7070851165002378,0.5025926183030122,0.7191682793637468,no_nlcd
0.41180885664248185,0.7077191313995879,0.5025919186990123,0.7191682793637468,no_nlcd
0.412309231923943,0.7077191313995879,0.5025907495666664,0.7191682793637468,no_nlcd
0.412309231923943,0.7088286574734506,0.5025872956475528,0.7191682793637468,no_nlcd
0.4125594195646735,0.7088286574734506,0.5025869256576776,0.7191682793637468,no_nlcd
0.4125594195646735,0.7091456649231257,0.5025860872667642,0.7191682793637468,no_nlcd
0.41280960720540405,0.7091456649231257,0.5025860598558932,0.7191682793637468,no_nlcd
0.41280960720540405,0.7093041686479632,0.5025860263515757,0.7191682793637468,no_nlcd
0.4133099824868651,0.7093041686479632,0.502585611007401,0.7191682793637468,no_nlcd
0.4133099824868651,0.7096211760976383,0.5025850446486196,0.7191682793637468,no_nlcd
0.4135601701275957,0.7096211760976383,0.5025848074035807,0.7191682793637468,no_nlcd
0.4135601701275957,0.7097796798224758,0.5025845858746167,0.7191682793637468,no_nlcd
0.415061295971979,0.7097796798224758,0.5025816093204905,0.7191682793637468,no_nlcd
0.415061295971979,0.7102551909969884,0.50258084470419,0.7191682793637468,no_nlcd
0.41531148361270953,0.7102551909969884,0.5025806786809641,0.7191682793637468,no_nlcd
0.41531148361270953,0.7105721984466635,0.5025802782164686,0.7191682793637468,no_nlcd
0.4158118588941706,0.7105721984466635,0.5025799282691799,0.7191682793637468,no_nlcd
0.4158118588941706,0.710730702171501,0.5025797622486984,0.7191682793637468,no_nlcd
0.41656242181636227,0.710730702171501,0.5025787633416617,0.7191682793637468,no_nlcd
0.41656242181636227,0.7110477096211761,0.5025773314055301,0.7191682793637468,no_nlcd
0.4168126094570928,0.7110477096211761,0.5025770288218481,0.7191682793637468,no_nlcd
0.4168126094570928,0.7112062133460136,0.5025761929771255,0.7191682793637468,no_nlcd
0.41706279709782335,0.7112062133460136,0.5025759862241368,0.7191682793637468,no_nlcd
0.41706279709782335,0.7116817245205262,0.5025755919641384,0.7191682793637468,no_nlcd
0.41731298473855394,0.7116817245205262,0.5025755706105252,0.7191682793637468,no_nlcd
0.41731298473855394,0.7121572356950389,0.5025750140297519,0.7191682793637468,no_nlcd
0.4175631723792845,0.7121572356950389,0.5025747377458823,0.7191682793637468,no_nlcd
0.4175631723792845,0.712791250594389,0.5025734870292622,0.7191682793637468,no_nlcd
0.417813360020015,0.712791250594389,0.5025732664512804,0.7191682793637468,no_nlcd
0.417813360020015,0.7140592803930892,0.5025716192049776,0.7191682793637468,no_nlcd
0.41806354766074555,0.7140592803930892,0.5025705729446222,0.7191682793637468,no_nlcd
0.41806354766074555,0.7145347915676018,0.5025701133774151,0.7191682793637468,no_nlcd
0.4183137353014761,0.7145347915676018,0.5025700390829295,0.7191682793637468,no_nlcd
0.4183137353014761,0.7148517990172769,0.5025699481820299,0.7191682793637468,no_nlcd
0.4185639229422067,0.7148517990172769,0.5025698107509099,0.7191682793637468,no_nlcd
0.4185639229422067,0.715168806466952,0.5025693165174215,0.7191682793637468,no_nlcd
0.4188141105829372,0.715168806466952,0.5025686003344851,0.7191682793637468,no_nlcd
0.4188141105829372,0.7153273101917895,0.5025683426017974,0.7191682793637468,no_nlcd
0.41906429822366775,0.7153273101917895,0.5025680737463833,0.7191682793637468,no_nlcd
0.41906429822366775,0.7156443176414645,0.5025679309918603,0.7191682793637468,no_nlcd
0.4203152364273205,0.7156443176414645,0.5025671114210614,0.7191682793637468,no_nlcd
0.4203152364273205,0.7167538437153274,0.5025657932765076,0.7191682793637468,no_nlcd
0.42081561170878157,0.7167538437153274,0.5025649289488854,0.7191682793637468,no_nlcd
0.42081561170878157,0.7173878586146775,0.5025639708296771,0.7191682793637468,no_nlcd
0.42106579934951216,0.7173878586146775,0.5025636481578873,0.7191682793637468,no_nlcd
0.42106579934951216,0.7180218735140276,0.5025625278786395,0.7191682793637468,no_nlcd
0.4213159869902427,0.7180218735140276,0.5025620725727807,0.7191682793637468,no_nlcd
0.4213159869902427,0.7181803772388651,0.5025619543835677,0.7191682793637468,no_nlcd
0.42156617463097323,0.7181803772388651,0.5025619498754499,0.7191682793637468,no_nlcd
0.42156617463097323,0.7183388809637027,0.5025611928981826,0.7191682793637468,no_nlcd
0.4223167375531649,0.7183388809637027,0.5025606762630466,0.7191682793637468,no_nlcd
0.4223167375531649,0.7186558884133777,0.5025602090879377,0.7191682793637468,no_nlcd
0.42256692519389544,0.7186558884133777,0.5025600234407932,0.7191682793637468,no_nlcd
0.42256692519389544,0.7188143921382153,0.5025598165305721,0.7191682793637468,no_nlcd
0.422817112834626,0.7188143921382153,0.5025595083003898,0.7191682793637468,no_nlcd
0.422817112834626,0.7191313995878903,0.5025589144508639,0.7191682793637468,no_nlcd
0.4240680510382787,0.7191313995878903,0.5025582072559429,0.7191682793637468,no_nlcd
0.4240680510382787,0.7194484070375654,0.5025576216750325,0.7191682793637468,no_nlcd
0.42431823867900925,0.7194484070375654,0.5025574904228842,0.7191682793637468,no_nlcd
0.42431823867900925,0.7196069107624029,0.5025574259087066,0.7191682793637468,no_nlcd
0.4245684263197398,0.7196069107624029,0.5025573901497185,0.7191682793637468,no_nlcd
0.4245684263197398,0.7203994293865906,0.5025570062135865,0.7191682793637468,no_nlcd
0.4250688016012009,0.7203994293865906,0.5025560892310137,0.7191682793637468,no_nlcd
0.4250688016012009,0.7207164368362656,0.502555475006567,0.7191682793637468,no_nlcd
0.42531898924193146,0.7207164368362656,0.5025550959296414,0.7191682793637468,no_nlcd
0.42531898924193146,0.7208749405611032,0.5025549566848843,0.7191682793637468,no_nlcd
0.425569176882662,0.7208749405611032,0.5025543574678873,0.7191682793637468,no_nlcd
0.425569176882662,0.7213504517356157,0.5025530509309587,0.7191682793637468,no_nlcd
0.4265699274455842,0.7213504517356157,0.5025523620670301,0.7191682793637468,no_nlcd
0.4265699274455842,0.7215089554604533,0.5025521872121518,0.7191682793637468,no_nlcd
0.42682011508631473,0.7215089554604533,0.5025517695772758,0.7191682793637468,no_nlcd
0.42682011508631473,0.7218259629101283,0.5025514217886472,0.7191682793637468,no_nlcd
0.4273204903677758,0.7218259629101283,0.5025510472930222,0.7191682793637468,no_nlcd
0.4273204903677758,0.7227769852591536,0.5025497611136523,0.7191682793637468,no_nlcd
0.4275706780085064,0.7227769852591536,0.5025496635205133,0.7191682793637468,no_nlcd
0.4275706780085064,0.7229354889839911,0.5025494294141781,0.7191682793637468,no_nlcd
0.4280710532899675,0.7229354889839911,0.5025478196539783,0.7191682793637468,no_nlcd
0.4280710532899675,0.7232524964336662,0.502547636122916,0.7191682793637468,no_nlcd
0.428321240930698,0.7232524964336662,0.5025476235131343,0.7191682793637468,no_nlcd
0.428321240930698,0.7240450150578539,0.5025465041186746,0.7191682793637468,no_nlcd
0.42857142857142855,0.7240450150578539,0.5025464605379345,0.7191682793637468,no_nlcd
0.42857142857142855,0.7242035187826914,0.5025460723378394,0.7191682793637468,no_nlcd
0.42882161621215914,0.7242035187826914,0.5025460523808477,0.7191682793637468,no_nlcd
0.42882161621215914,0.724996037406879,0.5025446705807325,0.7191682793637468,no_nlcd
0.4290718038528897,0.724996037406879,0.5025444464736248,0.7191682793637468,no_nlcd
0.4290718038528897,0.7257885560310667,0.5025429436661235,0.7191682793637468,no_nlcd
0.4298223667750813,0.7257885560310667,0.5025425915049182,0.7191682793637468,no_nlcd
0.4298223667750813,0.7259470597559042,0.5025421778696443,0.7191682793637468,no_nlcd
0.4300725544158119,0.7259470597559042,0.5025421428540232,0.7191682793637468,no_nlcd
0.4300725544158119,0.726739578380092,0.5025419321698549,0.7191682793637468,no_nlcd
0.43057292969727295,0.726739578380092,0.5025415052804127,0.7191682793637468,no_nlcd
0.43057292969727295,0.727056585829767,0.5025412661941261,0.7191682793637468,no_nlcd
0.4308231173380035,0.727056585829767,0.5025410451177565,0.7191682793637468,no_nlcd
0.4308231173380035,0.7273735932794421,0.5025406987821606,0.7191682793637468,no_nlcd
0.4313234926194646,0.7273735932794421,0.5025400410954725,0.7191682793637468,no_nlcd
0.4313234926194646,0.7278491044539547,0.5025397267874383,0.7191682793637468,no_nlcd
0.43232424318238677,0.7278491044539547,0.5025389762583566,0.7191682793637468,no_nlcd
0.43232424318238677,0.7280076081787922,0.5025386769737751,0.7191682793637468,no_nlcd
0.4328246184638479,0.7280076081787922,0.5025378604097105,0.7191682793637468,no_nlcd
0.4328246184638479,0.7284831193533048,0.5025376367187511,0.7191682793637468,no_nlcd
0.43307480610457844,0.7284831193533048,0.502537289226596,0.7191682793637468,no_nlcd
0.43307480610457844,0.7289586305278174,0.5025369470288479,0.7191682793637468,no_nlcd
0.43407555666750064,0.7289586305278174,0.5025361474500702,0.7191682793637468,no_nlcd
0.43407555666750064,0.7292756379774925,0.5025355965171662,0.7191682793637468,no_nlcd
0.4343257443082312,0.7292756379774925,0.5025352232427573,0.7191682793637468,no_nlcd
0.4343257443082312,0.72943414170233,0.5025350872261609,0.7191682793637468,no_nlcd
0.4345759319489617,0.72943414170233,0.5025349156938927,0.7191682793637468,no_nlcd
0.4345759319489617,0.7297511491520051,0.5025345540305687,0.7191682793637468,no_nlcd
0.43507630723042284,0.7297511491520051,0.5025341854296366,0.7191682793637468,no_nlcd
0.43507630723042284,0.7299096528768426,0.5025341631254145,0.7191682793637468,no_nlcd
0.4353264948711534,0.7299096528768426,0.5025337955135792,0.7191682793637468,no_nlcd
0.4353264948711534,0.7307021715010302,0.502532568642986,0.7191682793637468,no_nlcd
0.4355766825118839,0.7307021715010302,0.5025323730943344,0.7191682793637468,no_nlcd
0.4355766825118839,0.7311776826755428,0.5025318521908589,0.7191682793637468,no_nlcd
0.43582687015261445,0.7311776826755428,0.5025318439274015,0.7191682793637468,no_nlcd
0.43582687015261445,0.7313361864003805,0.5025314937429275,0.7191682793637468,no_nlcd
0.436077057793345,0.7313361864003805,0.5025313017742051,0.7191682793637468,no_nlcd
0.436077057793345,0.7319702012997306,0.5025307853433887,0.7191682793637468,no_nlcd
0.4363272454340756,0.7319702012997306,0.5025306214736805,0.7191682793637468,no_nlcd
0.4363272454340756,0.7329212236487558,0.5025293473002256,0.7191682793637468,no_nlcd
0.4365774330748061,0.7329212236487558,0.5025291121992471,0.7191682793637468,no_nlcd
0.4365774330748061,0.7332382310984308,0.5025289768444442,0.7191682793637468,no_nlcd
0.43682762071553666,0.7332382310984308,0.5025289141252683,0.7191682793637468,no_nlcd
0.43682762071553666,0.7335552385481059,0.5025285595617848,0.7191682793637468,no_nlcd
0.4370778083562672,0.7335552385481059,0.5025275688294278,0.7191682793637468,no_nlcd
0.4370778083562672,0.7337137422729434,0.5025273718983307,0.7191682793637468,no_nlcd
0.43757818363772827,0.7337137422729434,0.5025272533099533,0.7191682793637468,no_nlcd
0.43757818363772827,0.7345062608971311,0.5025268946916936,0.7191682793637468,no_nlcd
0.43782837127845886,0.7345062608971311,0.5025267330894754,0.7191682793637468,no_nlcd
0.43782837127845886,0.7348232683468061,0.5025266349314682,0.7191682793637468,no_nlcd
0.4380785589191894,0.7348232683468061,0.502526523041399,0.7191682793637468,no_nlcd
0.4380785589191894,0.7349817720716437,0.5025264790071575,0.7191682793637468,no_nlcd
0.43832874655991994,0.7349817720716437,0.5025260491611457,0.7191682793637468,no_nlcd
0.43832874655991994,0.7364083055951814,0.5025236351388456,0.7191682793637468,no_nlcd
0.4390793094821116,0.7364083055951814,0.5025232558158264,0.7191682793637468,no_nlcd
0.4390793094821116,0.7365668093200191,0.5025231339886745,0.7191682793637468,no_nlcd
0.43932949712284214,0.7365668093200191,0.502522905402726,0.7191682793637468,no_nlcd
0.43932949712284214,0.7368838167696941,0.5025227326305579,0.7191682793637468,no_nlcd
0.4395796847635727,0.7368838167696941,0.5025226239416292,0.7191682793637468,no_nlcd
0.4395796847635727,0.7372008242193692,0.5025222840836866,0.7191682793637468,no_nlcd
0.4398298724043032,0.7372008242193692,0.5025221672967617,0.7191682793637468,no_nlcd
0.4398298724043032,0.7391028689174196,0.5025209013794891,0.7191682793637468,no_nlcd
0.44033024768576434,0.7391028689174196,0.5025204922833633,0.7191682793637468,no_nlcd
0.44033024768576434,0.7392613726422571,0.502520385576289,0.7191682793637468,no_nlcd
0.4405804353264949,0.7392613726422571,0.5025200504944511,0.7191682793637468,no_nlcd
0.4405804353264949,0.7394198763670946,0.5025200389507379,0.7191682793637468,no_nlcd
0.4408306229672254,0.7394198763670946,0.5025200050628925,0.7191682793637468,no_nlcd
0.4408306229672254,0.7397368838167697,0.5025194104057669,0.7191682793637468,no_nlcd
0.4415811858894171,0.7397368838167697,0.5025191264076269,0.7191682793637468,no_nlcd
0.4415811858894171,0.7408464098906324,0.502517992363492,0.7191682793637468,no_nlcd
0.44208156117087816,0.7408464098906324,0.5025179622145186,0.7191682793637468,no_nlcd
0.44208156117087816,0.7411634173403076,0.502517766204723,0.7191682793637468,no_nlcd
0.44258193645233923,0.7411634173403076,0.5025176812703684,0.7191682793637468,no_nlcd
0.44258193645233923,0.741321921065145,0.5025175881459153,0.7191682793637468,no_nlcd
0.4428321240930698,0.741321921065145,0.5025173546816096,0.7191682793637468,no_nlcd
0.4428321240930698,0.7425899508638453,0.5025165092107549,0.7191682793637468,no_nlcd
0.4433324993745309,0.7425899508638453,0.5025157408786181,0.7191682793637468,no_nlcd
0.4433324993745309,0.7429069583135204,0.5025155631807344,0.7191682793637468,no_nlcd
0.44358268701526143,0.7429069583135204,0.502515509564547,0.7191682793637468,no_nlcd
0.44358268701526143,0.7430654620383579,0.5025155040146975,0.7191682793637468,no_nlcd
0.44383287465599197,0.7430654620383579,0.5025151540516656,0.7191682793637468,no_nlcd
0.44383287465599197,0.7432239657631954,0.502515107422733,0.7191682793637468,no_nlcd
0.44408306229672256,0.7432239657631954,0.5025150204373618,0.7191682793637468,no_nlcd
0.44408306229672256,0.743699476937708,0.5025145914581031,0.7191682793637468,no_nlcd
0.4443332499374531,0.743699476937708,0.5025144641046887,0.7191682793637468,no_nlcd
0.4443332499374531,0.7440164843873831,0.502514382780973,0.7191682793637468,no_nlcd
0.44458343757818364,0.7440164843873831,0.5025143304655699,0.7191682793637468,no_nlcd
0.44458343757818364,0.7441749881122206,0.5025140938645686,0.7191682793637468,no_nlcd
0.4448336252189142,0.7441749881122206,0.5025139805932224,0.7191682793637468,no_nlcd
0.4448336252189142,0.7444919955618957,0.5025137758747307,0.7191682793637468,no_nlcd
0.4450838128596447,0.7444919955618957,0.5025134892833569,0.7191682793637468,no_nlcd
0.4450838128596447,0.7456015216357584,0.5025131233733273,0.7191682793637468,no_nlcd
0.4453340005003753,0.7456015216357584,0.5025130540144918,0.7191682793637468,no_nlcd
0.4453340005003753,0.7459185290854335,0.5025129027160067,0.7191682793637468,no_nlcd
0.44558418814110584,0.7459185290854335,0.5025128087277991,0.7191682793637468,no_nlcd
0.44558418814110584,0.7471865588841338,0.5025117542044013,0.7191682793637468,no_nlcd
0.4458343757818364,0.7471865588841338,0.5025117261607758,0.7191682793637468,no_nlcd
0.4458343757818364,0.7476620700586464,0.5025115653818425,0.7191682793637468,no_nlcd
0.4460845634225669,0.7476620700586464,0.502511451251543,0.7191682793637468,no_nlcd
0.4460845634225669,0.748137581233159,0.5025113282287469,0.7191682793637468,no_nlcd
0.44633475106329745,0.748137581233159,0.5025112457150116,0.7191682793637468,no_nlcd
0.44633475106329745,0.7494056110318592,0.5025103856130294,0.7191682793637468,no_nlcd
0.4468351263447586,0.7494056110318592,0.5025101852206053,0.7191682793637468,no_nlcd
0.4468351263447586,0.7501981296560469,0.5025098594047867,0.7191682793637468,no_nlcd
0.4475856892669502,0.7501981296560469,0.5025096661217797,0.7191682793637468,no_nlcd
0.4475856892669502,0.7509906482802345,0.5025091864615607,0.7191682793637468,no_nlcd
0.4478358769076808,0.7509906482802345,0.5025091212960077,0.7191682793637468,no_nlcd
0.4478358769076808,0.7516246631795848,0.5025087359712342,0.7191682793637468,no_nlcd
0.4480860645484113,0.7516246631795848,0.502508700868173,0.7191682793637468,no_nlcd
0.4480860645484113,0.7541607227769852,0.502507538986709,0.7191682793637468,no_nlcd
0.44833625218914186,0.7541607227769852,0.5025073746587272,0.7191682793637468,no_nlcd
0.44833625218914186,0.7543192265018228,0.5025069374155814,0.7191682793637468,no_nlcd
0.4485864398298724,0.7543192265018228,0.5025068764257287,0.7191682793637468,no_nlcd
0.4485864398298724,0.7546362339514978,0.502506713340281,0.7191682793637468,no_nlcd
0.44933700275206406,0.7546362339514978,0.5025065877148024,0.7191682793637468,no_nlcd
0.44933700275206406,0.7554287525756855,0.5025060707721645,0.7191682793637468,no_nlcd
0.4495871903927946,0.7554287525756855,0.5025060570438803,0.7191682793637468,no_nlcd
0.4495871903927946,0.7563797749247108,0.5025058269061313,0.7191682793637468,no_nlcd
0.4500875656742557,0.7563797749247108,0.5025057574816326,0.7191682793637468,no_nlcd
0.4500875656742557,0.7570137898240609,0.5025055137731361,0.7191682793637468,no_nlcd
0.45033775331498627,0.7570137898240609,0.5025054223220654,0.7191682793637468,no_nlcd
0.45033775331498627,0.7582818196227611,0.5025050864349266,0.7191682793637468,no_nlcd
0.4505879409557168,0.7582818196227611,0.5025050696965419,0.7191682793637468,no_nlcd
0.4505879409557168,0.7585988270724362,0.5025048777240245,0.7191682793637468,no_nlcd
0.45083812859644734,0.7585988270724362,0.5025046660804828,0.7191682793637468,no_nlcd
0.45083812859644734,0.7587573307972737,0.5025045874131274,0.7191682793637468,no_nlcd
0.4510883162371779,0.7587573307972737,0.5025045229124919,0.7191682793637468,no_nlcd
0.4510883162371779,0.7595498494214614,0.5025043005451212,0.7191682793637468,no_nlcd
0.4513385038779084,0.7595498494214614,0.5025042818532006,0.7191682793637468,no_nlcd
0.4513385038779084,0.7611348866698368,0.502503618354436,0.7191682793637468,no_nlcd
0.45158869151863895,0.7611348866698368,0.5025035863745255,0.7191682793637468,no_nlcd
0.45158869151863895,0.7616103978443494,0.5025035182293632,0.7191682793637468,no_nlcd
0.45183887915936954,0.7616103978443494,0.5025033861289447,0.7191682793637468,no_nlcd
0.45183887915936954,0.7628784276430496,0.5025027311406838,0.7191682793637468,no_nlcd
0.4528396297222917,0.7628784276430496,0.5004868378231628,0.7191682793637468,no_nlcd
0.4528396297222917,0.7630369313678872,0.4996655799780573,0.7191682793637468,no_nlcd
0.4530898173630223,0.7630369313678872,0.4981288094168423,0.7191682793637468,no_nlcd
0.4530898173630223,0.7631954350927247,0.4973273810058559,0.7191682793637468,no_nlcd
0.45359019264448336,0.7631954350927247,0.49627763073462694,0.7191682793637468,no_nlcd
0.45359019264448336,0.7633539388175622,0.49447818002313876,0.7191682793637468,no_nlcd
0.4538403802852139,0.7633539388175622,0.4937259406240308,0.7191682793637468,no_nlcd
0.4538403802852139,0.7636709462672373,0.49192905936816334,0.7191682793637468,no_nlcd
0.45509131848886664,0.7636709462672373,0.4891269354125912,0.7191682793637468,no_nlcd
0.45509131848886664,0.7641464574417499,0.48803577267041265,0.7191682793637468,no_nlcd
0.4553415061295972,0.7641464574417499,0.48766720851279216,0.7191682793637468,no_nlcd
0.4553415061295972,0.7646219686162625,0.4870163652738451,0.7191682793637468,no_nlcd
0.45559169377032777,0.7646219686162625,0.4861855530995222,0.7191682793637468,no_nlcd
0.45559169377032777,0.7647804723411,0.48506424324708713,0.7191682793637468,no_nlcd
0.4565924443332499,0.7647804723411,0.4829783198142225,0.7191682793637468,no_nlcd
0.4565924443332499,0.7649389760659375,0.48232060816335837,0.7191682793637468,no_nlcd
0.4573430072554416,0.7649389760659375,0.4807817202419689,0.7191682793637468,no_nlcd
0.4573430072554416,0.7652559835156126,0.47927832362553907,0.7191682793637468,no_nlcd
0.45784338253690265,0.7652559835156126,0.47891177965696785,0.7191682793637468,no_nlcd
0.45784338253690265,0.7655729909652876,0.4772451134767181,0.7191682793637468,no_nlcd
0.4585939454590943,0.7655729909652876,0.47568798571186405,0.7191682793637468,no_nlcd
0.4585939454590943,0.7657314946901252,0.47543729535617124,0.7191682793637468,no_nlcd
0.459344508381286,0.7657314946901252,0.47460486194854207,0.7191682793637468,no_nlcd
0.459344508381286,0.7658899984149627,0.47386467183053604,0.7191682793637468,no_nlcd
0.4595946960220165,0.7658899984149627,0.47373200085796524,0.7191682793637468,no_nlcd
0.4595946960220165,0.7660485021398002,0.47360783082902813,0.7191682793637468,no_nlcd
0.45984488366274706,0.7660485021398002,0.4730901755471848,0.7191682793637468,no_nlcd
0.45984488366274706,0.7662070058646379,0.4730890704845445,0.7191682793637468,no_nlcd
0.46034525894420814,0.7662070058646379,0.47289006417876694,0.7191682793637468,no_nlcd
0.46034525894420814,0.7663655095894754,0.47262828540012086,0.7191682793637468,no_nlcd
0.46059544658493873,0.7663655095894754,0.472059429285221,0.7191682793637468,no_nlcd
0.46059544658493873,0.7665240133143129,0.4719569689702238,0.7191682793637468,no_nlcd
0.4610958218663998,0.7665240133143129,0.47097935842479627,0.7191682793637468,no_nlcd
0.4610958218663998,0.766841020763988,0.46996390025015244,0.7191682793637468,no_nlcd
0.46134600950713034,0.766841020763988,0.4697109187589611,0.7191682793637468,no_nlcd
0.46134600950713034,0.7669995244888255,0.46957492362181846,0.7191682793637468,no_nlcd
0.4615961971478609,0.7669995244888255,0.46942722726942215,0.7191682793637468,no_nlcd
0.4615961971478609,0.767158028213663,0.46939067443900223,0.7191682793637468,no_nlcd
0.46184638478859147,0.767158028213663,0.4693205525409049,0.7191682793637468,no_nlcd
0.46184638478859147,0.7673165319385006,0.46874990282742257,0.7191682793637468,no_nlcd
0.4628471353515136,0.7673165319385006,0.46785849925545575,0.7191682793637468,no_nlcd
0.4628471353515136,0.7674750356633381,0.4677144186034615,0.7191682793637468,no_nlcd
0.4630973229922442,0.7674750356633381,0.46768952281708637,0.7191682793637468,no_nlcd
0.4630973229922442,0.7676335393881756,0.4676607499762122,0.7191682793637468,no_nlcd
0.46334751063297475,0.7676335393881756,0.46756617451425425,0.7191682793637468,no_nlcd
0.46334751063297475,0.7679505468378507,0.46735257795604773,0.7191682793637468,no_nlcd
0.46434826119589695,0.7679505468378507,0.4668176113232915,0.7191682793637468,no_nlcd
0.46434826119589695,0.7684260580123633,0.46640192505172573,0.7191682793637468,no_nlcd
0.46559919939954963,0.7684260580123633,0.46590116026586076,0.7191682793637468,no_nlcd
0.46559919939954963,0.7685845617372008,0.46578399002592846,0.7191682793637468,no_nlcd
0.46659994996247184,0.7685845617372008,0.4653552227489297,0.7191682793637468,no_nlcd
0.46659994996247184,0.7689015691868759,0.46522235133763973,0.7191682793637468,no_nlcd
0.4668501376032024,0.7689015691868759,0.46492531296051176,0.7191682793637468,no_nlcd
0.4668501376032024,0.7693770803613885,0.4645642456300513,0.7191682793637468,no_nlcd
0.4673505128846635,0.7693770803613885,0.4644717166639077,0.7191682793637468,no_nlcd
0.4673505128846635,0.769535584086226,0.4644452473558043,0.7191682793637468,no_nlcd
0.4678508881661246,0.769535584086226,0.46415862152184123,0.7191682793637468,no_nlcd
0.4678508881661246,0.7696940878110635,0.46414138949440126,0.7191682793637468,no_nlcd
0.4681010758068551,0.7696940878110635,0.46397571394460374,0.7191682793637468,no_nlcd
0.4681010758068551,0.7701695989855761,0.46338770948502855,0.7191682793637468,no_nlcd
0.4688516387290468,0.7701695989855761,0.46302674976063013,0.7191682793637468,no_nlcd
0.4688516387290468,0.7708036138849262,0.46260538032622706,0.7191682793637468,no_nlcd
0.4691018263697773,0.7708036138849262,0.46260368749923597,0.7191682793637468,no_nlcd
0.4691018263697773,0.7711206213346014,0.46240386720626386,0.7191682793637468,no_nlcd
0.46935201401050786,0.7711206213346014,0.4622774244392116,0.7191682793637468,no_nlcd
0.46935201401050786,0.7712791250594389,0.4620364277305046,0.7191682793637468,no_nlcd
0.46960220165123845,0.7712791250594389,0.4619323990310945,0.7191682793637468,no_nlcd
0.46960220165123845,0.7714376287842765,0.46192903762149157,0.7191682793637468,no_nlcd
0.469852389291969,0.7714376287842765,0.4618179517980811,0.7191682793637468,no_nlcd
0.469852389291969,0.771596132509114,0.46181007095354737,0.7191682793637468,no_nlcd
0.4701025769326995,0.771596132509114,0.4616934088368912,0.7191682793637468,no_nlcd
0.4701025769326995,0.7717546362339515,0.4616184195652799,0.7191682793637468,no_nlcd
0.47135351513635226,0.7717546362339515,0.4609416895169479,0.7191682793637468,no_nlcd
0.47135351513635226,0.7719131399587891,0.4609131860426092,0.7191682793637468,no_nlcd
0.47185389041781334,0.7719131399587891,0.46081960664517413,0.7191682793637468,no_nlcd
0.47185389041781334,0.7720716436836266,0.46078578814058285,0.7191682793637468,no_nlcd
0.47210407805854393,0.7720716436836266,0.4607841830322004,0.7191682793637468,no_nlcd
0.47210407805854393,0.7722301474084641,0.4606293796620999,0.7191682793637468,no_nlcd
0.47235426569927447,0.7722301474084641,0.4606021233415562,0.7191682793637468,no_nlcd
0.47235426569927447,0.7723886511333017,0.46056848795095356,0.7191682793637468,no_nlcd
0.472604453340005,0.7723886511333017,0.4605665633748544,0.7191682793637468,no_nlcd
0.472604453340005,0.7731811697574893,0.4604380599062862,0.7191682793637468,no_nlcd
0.47285464098073554,0.7731811697574893,0.4604334583543402,0.7191682793637468,no_nlcd
0.47285464098073554,0.7734981772071644,0.4604193711762649,0.7191682793637468,no_nlcd
0.4731048286214661,0.7734981772071644,0.4604178615603871,0.7191682793637468,no_nlcd
0.4731048286214661,0.773973688381677,0.46039734478722744,0.7191682793637468,no_nlcd
0.47335501626219667,0.773973688381677,0.46039457069708045,0.7191682793637468,no_nlcd
0.47335501626219667,0.7741321921065145,0.46039006842078395,0.7191682793637468,no_nlcd
0.47385539154365774,0.7741321921065145,0.4603729718570411,0.7191682793637468,no_nlcd
0.47385539154365774,0.774290695831352,0.46037149805813604,0.7191682793637468,no_nlcd
0.4741055791843883,0.774290695831352,0.46036316599039967,0.7191682793637468,no_nlcd
0.4741055791843883,0.7744491995561895,0.4603585321503016,0.7191682793637468,no_nlcd
0.4743557668251188,0.7744491995561895,0.4603467428036442,0.7191682793637468,no_nlcd
0.4743557668251188,0.7750832144555397,0.4603174382804171,0.7191682793637468,no_nlcd
0.4751063297473105,0.7750832144555397,0.46031258743956405,0.7191682793637468,no_nlcd
0.4751063297473105,0.7752417181803772,0.46031162333443365,0.7191682793637468,no_nlcd
0.47585689266950215,0.7752417181803772,0.46028706637574585,0.7191682793637468,no_nlcd
0.47585689266950215,0.7754002219052147,0.4602853321114369,0.7191682793637468,no_nlcd
0.4761070803102327,0.7754002219052147,0.46027996259901743,0.7191682793637468,no_nlcd
0.4761070803102327,0.7755587256300523,0.46027508123676514,0.7191682793637468,no_nlcd
0.47660745559169376,0.7755587256300523,0.4602686404994914,0.7191682793637468,no_nlcd
0.47660745559169376,0.7761927405294025,0.4602411977152272,0.7191682793637468,no_nlcd
0.4771078308731549,0.7761927405294025,0.4602388404945105,0.7191682793637468,no_nlcd
0.4771078308731549,0.7768267554287526,0.46022380102878196,0.7191682793637468,no_nlcd
0.47735801851388543,0.7768267554287526,0.460222431563889,0.7191682793637468,no_nlcd
0.47735801851388543,0.7769852591535901,0.46022165443541196,0.7191682793637468,no_nlcd
0.4778583937953465,0.7769852591535901,0.46021740100481595,0.7191682793637468,no_nlcd
0.4778583937953465,0.7773022666032652,0.46021401551160857,0.7191682793637468,no_nlcd
0.47810858143607704,0.7773022666032652,0.46021393928662496,0.7191682793637468,no_nlcd
0.47810858143607704,0.7774607703281027,0.4602137818465344,0.7191682793637468,no_nlcd
0.4788591443582687,0.7774607703281027,0.46020735610316654,0.7191682793637468,no_nlcd
0.4788591443582687,0.7776192740529403,0.4602050070464202,0.7191682793637468,no_nlcd
0.47910933199899924,0.7776192740529403,0.4602041397645337,0.7191682793637468,no_nlcd
0.47910933199899924,0.7777777777777778,0.4602040997770892,0.7191682793637468,no_nlcd
0.4798598949211909,0.7777777777777778,0.4601986669785359,0.7191682793637468,no_nlcd
0.4798598949211909,0.7779362815026153,0.46019761703038203,0.7191682793637468,no_nlcd
0.4806104578433825,0.7779362815026153,0.46019479901749494,0.7191682793637468,no_nlcd
0.4806104578433825,0.7782532889522904,0.46019390500966906,0.7191682793637468,no_nlcd
0.48086064548411306,0.7782532889522904,0.4601932354052094,0.7191682793637468,no_nlcd
0.48086064548411306,0.7784117926771279,0.460192646830968,0.7191682793637468,no_nlcd
0.48111083312484365,0.7784117926771279,0.46019073795071924,0.7191682793637468,no_nlcd
0.48111083312484365,0.7785702964019654,0.4601883913682592,0.7191682793637468,no_nlcd
0.4813610207655742,0.7785702964019654,0.4601861704560475,0.7191682793637468,no_nlcd
0.4813610207655742,0.778728800126803,0.4601819567183624,0.7191682793637468,no_nlcd
0.4823617713284964,0.778728800126803,0.4601775396623479,0.7191682793637468,no_nlcd
0.4823617713284964,0.7795213187509906,0.4601719403417635,0.7191682793637468,no_nlcd
0.48336252189141854,0.7795213187509906,0.46016676202542156,0.7191682793637468,no_nlcd
0.48336252189141854,0.7796798224758282,0.46016648713394703,0.7191682793637468,no_nlcd
0.48361270953214913,0.7796798224758282,0.460165702340771,0.7191682793637468,no_nlcd
0.48361270953214913,0.7798383262006657,0.46016569961892434,0.7191682793637468,no_nlcd
0.48386289717287967,0.7798383262006657,0.4601624467719006,0.7191682793637468,no_nlcd
0.48386289717287967,0.7799968299255032,0.46016161261760424,0.7191682793637468,no_nlcd
0.48436327245434074,0.7799968299255032,0.46016025733358396,0.7191682793637468,no_nlcd
0.48436327245434074,0.7801553336503407,0.46015917179365484,0.7191682793637468,no_nlcd
0.48536402301726295,0.7801553336503407,0.4601545411774266,0.7191682793637468,no_nlcd
0.48536402301726295,0.7804723411000158,0.46015251975144567,0.7191682793637468,no_nlcd
0.485864398298724,0.7804723411000158,0.4601493459783317,0.7191682793637468,no_nlcd
0.485864398298724,0.781106355999366,0.46014639509001276,0.7191682793637468,no_nlcd
0.4861145859394546,0.781106355999366,0.4601449062494562,0.7191682793637468,no_nlcd
0.4861145859394546,0.7815818671738786,0.4601429335353022,0.7191682793637468,no_nlcd
0.48636477358018515,0.7815818671738786,0.4601414710406461,0.7191682793637468,no_nlcd
0.48636477358018515,0.7818988746235537,0.4601362077417772,0.7191682793637468,no_nlcd
0.48711533650237676,0.7818988746235537,0.46013027597162154,0.7191682793637468,no_nlcd
0.48711533650237676,0.7826913932477413,0.4601225673302246,0.7191682793637468,no_nlcd
0.4876157117838379,0.7826913932477413,0.46011460378391605,0.7191682793637468,no_nlcd
0.4876157117838379,0.7830084006974164,0.4601127131965955,0.7191682793637468,no_nlcd
0.48811608706529896,0.7830084006974164,0.4601100026444665,0.7191682793637468,no_nlcd
0.48811608706529896,0.7831669044222539,0.460106852328156,0.7191682793637468,no_nlcd
0.49011758819114337,0.7831669044222539,0.4600918758732121,0.7191682793637468,no_nlcd
0.49011758819114337,0.783483911871929,0.460089970804701,0.7191682793637468,no_nlcd
0.49161871403552665,0.783483911871929,0.46007830171281333,0.7191682793637468,no_nlcd
0.49161871403552665,0.783800919321604,0.460071523251061,0.7191682793637468,no_nlcd
0.4921190893169877,0.783800919321604,0.46007139263056746,0.7191682793637468,no_nlcd
0.4921190893169877,0.7844349342209542,0.46006477043699606,0.7191682793637468,no_nlcd
0.49261946459844885,0.7844349342209542,0.4600626288659384,0.7191682793637468,no_nlcd
0.49261946459844885,0.7847519416706292,0.4600623480154493,0.7191682793637468,no_nlcd
0.49412059044283213,0.7847519416706292,0.46004876952888657,0.7191682793637468,no_nlcd
0.49412059044283213,0.7850689491203043,0.4600485722330935,0.7191682793637468,no_nlcd
0.49437077808356267,0.7850689491203043,0.46004640819311216,0.7191682793637468,no_nlcd
0.49437077808356267,0.7852274528451418,0.46004626469378435,0.7191682793637468,no_nlcd
0.49512134100575433,0.7852274528451418,0.4600430175692601,0.7191682793637468,no_nlcd
0.49512134100575433,0.7853859565699794,0.46004227306777257,0.7191682793637468,no_nlcd
0.49537152864648487,0.7853859565699794,0.4600413521153222,0.7191682793637468,no_nlcd
0.49537152864648487,0.7861784751941671,0.4600345723045606,0.7191682793637468,no_nlcd
0.4961220915686765,0.7861784751941671,0.46003225300869904,0.7191682793637468,no_nlcd
0.4961220915686765,0.7863369789190046,0.4600306492070335,0.7191682793637468,no_nlcd
0.49687265449086815,0.7863369789190046,0.46002722497950244,0.7191682793637468,no_nlcd
0.49687265449086815,0.7864954826438422,0.460026429555301,0.7191682793637468,no_nlcd
0.4971228421315987,0.7864954826438422,0.46002585525628115,0.7191682793637468,no_nlcd
0.4971228421315987,0.7866539863686797,0.4600240735313311,0.7191682793637468,no_nlcd
0.4976232174130598,0.7866539863686797,0.46002237524025746,0.7191682793637468,no_nlcd
0.4976232174130598,0.7869709938183548,0.4600196003664506,0.7191682793637468,no_nlcd
0.4983737803352514,0.7869709938183548,0.4600177259464204,0.7191682793637468,no_nlcd
0.4983737803352514,0.7871294975431923,0.46001761629729004,0.7191682793637468,no_nlcd
0.49862396797598196,0.7871294975431923,0.4600167944448737,0.7191682793637468,no_nlcd
0.49862396797598196,0.7874465049928673,0.46001417410892964,0.7191682793637468,no_nlcd
0.49962471853890417,0.7874465049928673,0.460007458410502,0.7191682793637468,no_nlcd
0.49962471853890417,0.7891900459660802,0.4599848901041792,0.7191682793637468,no_nlcd
0.4998749061796347,0.7891900459660802,0.45998017947131714,0.7191682793637468,no_nlcd
0.4998749061796347,0.7893485496909177,0.4599779384592613,0.7191682793637468,no_nlcd
0.5001250938203653,0.7893485496909177,0.45997672997570616,0.7191682793637468,no_nlcd
0.5001250938203653,0.7896655571405928,0.4599729866742344,0.7191682793637468,no_nlcd
0.501376032024018,0.7896655571405928,0.4599657303911762,0.7191682793637468,no_nlcd
0.501376032024018,0.7899825645902678,0.45996270353085433,0.7191682793637468,no_nlcd
0.5016262196647485,0.7899825645902678,0.459962267234812,0.7191682793637468,no_nlcd
0.5016262196647485,0.7902995720399429,0.4599580259893204,0.7191682793637468,no_nlcd
0.5026269702276708,0.7902995720399429,0.45995626782452054,0.7191682793637468,no_nlcd
0.5026269702276708,0.790616579489618,0.4599521690864234,0.7191682793637468,no_nlcd
0.5033775331498624,0.790616579489618,0.45994861339807314,0.7191682793637468,no_nlcd
0.5033775331498624,0.7907750832144556,0.4599484132787694,0.7191682793637468,no_nlcd
0.5036277207905929,0.7907750832144556,0.45994720594246746,0.7191682793637468,no_nlcd
0.5036277207905929,0.7912505943889682,0.45994254128259837,0.7191682793637468,no_nlcd
0.5038779084313235,0.7912505943889682,0.45994220105719225,0.7191682793637468,no_nlcd
0.5038779084313235,0.7914090981138057,0.4599419696276535,0.7191682793637468,no_nlcd
0.504128096072054,0.7914090981138057,0.4599417645104455,0.7191682793637468,no_nlcd
0.504128096072054,0.7917261055634808,0.4599397307410329,0.7191682793637468,no_nlcd
0.5043782837127846,0.7917261055634808,0.4599382441178109,0.7191682793637468,no_nlcd
0.5043782837127846,0.7920431130131558,0.4599374239433795,0.7191682793637468,no_nlcd
0.5051288466349763,0.7920431130131558,0.459935976351173,0.7191682793637468,no_nlcd
0.5051288466349763,0.7922016167379934,0.4599343227992171,0.7191682793637468,no_nlcd
0.5066299724793595,0.7922016167379934,0.45992835255351344,0.7191682793637468,no_nlcd
0.5066299724793595,0.7923601204628309,0.4599282626524907,0.7191682793637468,no_nlcd
0.5078809106830122,0.7923601204628309,0.45991976162159476,0.7191682793637468,no_nlcd
0.5078809106830122,0.792677127912506,0.45991896086030465,0.7191682793637468,no_nlcd
0.5081310983237428,0.792677127912506,0.4599188614315794,0.7191682793637468,no_nlcd
0.5081310983237428,0.7931526390870185,0.4599154311319283,0.7191682793637468,no_nlcd
0.5086314736052039,0.7931526390870185,0.45991434345106696,0.7191682793637468,no_nlcd
0.5086314736052039,0.7933111428118561,0.4599137304621993,0.7191682793637468,no_nlcd
0.5108831623717789,0.7933111428118561,0.45990376880227213,0.7191682793637468,no_nlcd
0.5108831623717789,0.7934696465366936,0.45990368136578225,0.7191682793637468,no_nlcd
0.51138353765324,0.7934696465366936,0.4598967745576753,0.7191682793637468,no_nlcd
0.51138353765324,0.7936281502615311,0.45989647942617806,0.7191682793637468,no_nlcd
0.5136352264198148,0.7936281502615311,0.4598899524960989,0.7191682793637468,no_nlcd
0.5136352264198148,0.7937866539863687,0.45988914505644,0.7191682793637468,no_nlcd
0.5143857893420065,0.7937866539863687,0.4598879305845504,0.7191682793637468,no_nlcd
0.5143857893420065,0.7939451577112062,0.45988703839824135,0.7191682793637468,no_nlcd
0.5151363522641982,0.7939451577112062,0.45988554537833226,0.7191682793637468,no_nlcd
0.5151363522641982,0.7942621651608813,0.4598835734185729,0.7191682793637468,no_nlcd
0.5153865399049287,0.7942621651608813,0.45988312169961176,0.7191682793637468,no_nlcd
0.5153865399049287,0.7944206688857188,0.4598827125964172,0.7191682793637468,no_nlcd
0.5176382286715037,0.7944206688857188,0.4598786116321101,0.7191682793637468,no_nlcd
0.5176382286715037,0.7945791726105563,0.45987855059429106,0.7191682793637468,no_nlcd
0.5188891668751564,0.7945791726105563,0.45987250893875353,0.7191682793637468,no_nlcd
0.5188891668751564,0.7947376763353938,0.45987080818556986,0.7191682793637468,no_nlcd
0.519639729797348,0.7947376763353938,0.45986839643180816,0.7191682793637468,no_nlcd
0.519639729797348,0.7948961800602314,0.459867334994154,0.7191682793637468,no_nlcd
0.5198899174380786,0.7948961800602314,0.4598664622079147,0.7191682793637468,no_nlcd
0.5198899174380786,0.7950546837850689,0.4598658976296289,0.7191682793637468,no_nlcd
0.5211408556417313,0.7950546837850689,0.4598633267680304,0.7191682793637468,no_nlcd
0.5211408556417313,0.7952131875099064,0.45986314892930164,0.7191682793637468,no_nlcd
0.522391793845384,0.7952131875099064,0.45986039428022957,0.7191682793637468,no_nlcd
0.522391793845384,0.795371691234744,0.45986028737357854,0.7191682793637468,no_nlcd
0.5231423567675757,0.795371691234744,0.45985851333999717,0.7191682793637468,no_nlcd
0.5231423567675757,0.7955301949595815,0.4598576475542624,0.7191682793637468,no_nlcd
0.5243932949712284,0.7955301949595815,0.45985554124034794,0.7191682793637468,no_nlcd
0.5243932949712284,0.795688698684419,0.4598551505958285,0.7191682793637468,no_nlcd
0.5251438578934201,0.795688698684419,0.459853269578271,0.7191682793637468,no_nlcd
0.5251438578934201,0.7958472024092567,0.45985230816314476,0.7191682793637468,no_nlcd
0.5263947960970728,0.7958472024092567,0.45984888786566985,0.7191682793637468,no_nlcd
0.5263947960970728,0.7960057061340942,0.4598486798308306,0.7191682793637468,no_nlcd
0.5268951713785339,0.7960057061340942,0.4598476317665652,0.7191682793637468,no_nlcd
0.5268951713785339,0.7961642098589317,0.45984657164929904,0.7191682793637468,no_nlcd
0.5276457343007256,0.7961642098589317,0.45984491906836705,0.7191682793637468,no_nlcd
0.5276457343007256,0.7963227135837693,0.45984393570652526,0.7191682793637468,no_nlcd
0.5286464848636477,0.7963227135837693,0.45984104724465785,0.7191682793637468,no_nlcd
0.5286464848636477,0.7964812173086068,0.45984096189117885,0.7191682793637468,no_nlcd
0.5298974230673005,0.7964812173086068,0.45983770258323287,0.7191682793637468,no_nlcd
0.5298974230673005,0.7969567284831194,0.4598362864451487,0.7191682793637468,no_nlcd
0.5308981736302226,0.7969567284831194,0.4598322234788319,0.7191682793637468,no_nlcd
0.5308981736302226,0.7972737359327944,0.45983039218778127,0.7191682793637468,no_nlcd
0.5313985489116838,0.7972737359327944,0.45982858575875313,0.7191682793637468,no_nlcd
0.5313985489116838,0.797432239657632,0.4598277424633466,0.7191682793637468,no_nlcd
0.532399299474606,0.797432239657632,0.459824041143175,0.7191682793637468,no_nlcd
0.532399299474606,0.7975907433824695,0.45982302099947137,0.7191682793637468,no_nlcd
0.5346509882411808,0.7975907433824695,0.45981379206542883,0.7191682793637468,no_nlcd
0.5346509882411808,0.7982247582818196,0.45981072828589237,0.7191682793637468,no_nlcd
0.5354015511633725,0.7982247582818196,0.4598103510292656,0.7191682793637468,no_nlcd
0.5354015511633725,0.7983832620066571,0.4598086888517177,0.7191682793637468,no_nlcd
0.5361521140855642,0.7983832620066571,0.4597969642433794,0.7191682793637468,no_nlcd
0.5361521140855642,0.7987002694563322,0.4597947035318702,0.7191682793637468,no_nlcd
0.5364023017262948,0.7987002694563322,0.4597943177472838,0.7191682793637468,no_nlcd
0.5364023017262948,0.7990172769060073,0.4597935031944347,0.7191682793637468,no_nlcd
0.5366524893670253,0.7990172769060073,0.45979309140166363,0.7191682793637468,no_nlcd
0.5366524893670253,0.7994927880805199,0.459792243482449,0.7191682793637468,no_nlcd
0.5369026770077558,0.7994927880805199,0.459792150051186,0.7191682793637468,no_nlcd
0.5369026770077558,0.7996512918053574,0.45978999524536923,0.7191682793637468,no_nlcd
0.5381536152114086,0.7996512918053574,0.45978297778503496,0.7191682793637468,no_nlcd
0.5381536152114086,0.800443810429545,0.45977848950967537,0.7191682793637468,no_nlcd
0.5391543657743307,0.800443810429545,0.4597768059412476,0.7191682793637468,no_nlcd
0.5391543657743307,0.8006023141543827,0.45977610580421857,0.7191682793637468,no_nlcd
0.5394045534150613,0.8006023141543827,0.4597758917907806,0.7191682793637468,no_nlcd
0.5394045534150613,0.8010778253288953,0.45977479567807195,0.7191682793637468,no_nlcd
0.5406554916187141,0.8010778253288953,0.4597732514229159,0.7191682793637468,no_nlcd
0.5406554916187141,0.802504358852433,0.45976420133650975,0.7191682793637468,no_nlcd
0.5409056792594445,0.802504358852433,0.45976396068729397,0.7191682793637468,no_nlcd
0.5409056792594445,0.8026628625772706,0.4597613230520767,0.7191682793637468,no_nlcd
0.5416562421816362,0.8026628625772706,0.45975984132234654,0.7191682793637468,no_nlcd
0.5416562421816362,0.8029798700269456,0.45975899000791715,0.7191682793637468,no_nlcd
0.5419064298223668,0.8029798700269456,0.4597589297174683,0.7191682793637468,no_nlcd
0.5419064298223668,0.8034553812014582,0.45975660989307077,0.7191682793637468,no_nlcd
0.5421566174630973,0.8034553812014582,0.4597556823983812,0.7191682793637468,no_nlcd
0.5421566174630973,0.8036138849262958,0.4597556784553931,0.7191682793637468,no_nlcd
0.5424068051038279,0.8036138849262958,0.45975549048618525,0.7191682793637468,no_nlcd
0.5424068051038279,0.8037723886511333,0.4597552995691436,0.7191682793637468,no_nlcd
0.5426569927445584,0.8037723886511333,0.4597552685791873,0.7191682793637468,no_nlcd
0.5426569927445584,0.8039308923759708,0.4597551134544575,0.7191682793637468,no_nlcd
0.54340755566675,0.8039308923759708,0.45975474797440447,0.7191682793637468,no_nlcd
0.54340755566675,0.8040893961008083,0.4597547460005171,0.7191682793637468,no_nlcd
0.5441581185889417,0.8040893961008083,0.459754097416901,0.7191682793637468,no_nlcd
0.5441581185889417,0.8042478998256459,0.4597538881149441,0.7191682793637468,no_nlcd
0.5444083062296723,0.8042478998256459,0.4597526593330238,0.7191682793637468,no_nlcd
0.5444083062296723,0.8044064035504834,0.4597523333627286,0.7191682793637468,no_nlcd
0.5449086815111334,0.8044064035504834,0.4597516089933456,0.7191682793637468,no_nlcd
0.5449086815111334,0.8045649072753209,0.4597509766890137,0.7191682793637468,no_nlcd
0.5451588691518638,0.8045649072753209,0.4597503403822166,0.7191682793637468,no_nlcd
0.5451588691518638,0.8047234110001585,0.4597500805659496,0.7191682793637468,no_nlcd
0.5454090567925944,0.8047234110001585,0.45974953423431136,0.7191682793637468,no_nlcd
0.5454090567925944,0.804881914724996,0.45974938491456274,0.7191682793637468,no_nlcd
0.545659244433325,0.804881914724996,0.45974880082121555,0.7191682793637468,no_nlcd
0.545659244433325,0.8059914407988588,0.45974562186409446,0.7191682793637468,no_nlcd
0.5459094320740555,0.8059914407988588,0.45974550488363064,0.7191682793637468,no_nlcd
0.5459094320740555,0.8064669519733714,0.4597444717623942,0.7191682793637468,no_nlcd
0.5464098073555166,0.8064669519733714,0.45974429519712723,0.7191682793637468,no_nlcd
0.5464098073555166,0.8066254556982089,0.4597441440905291,0.7191682793637468,no_nlcd
0.5466599949962472,0.8066254556982089,0.4597440570248736,0.7191682793637468,no_nlcd
0.5466599949962472,0.806942463147884,0.4597435551798382,0.7191682793637468,no_nlcd
0.5471603702777083,0.806942463147884,0.45974283765626245,0.7191682793637468,no_nlcd
0.5471603702777083,0.8074179743223966,0.4597418175443522,0.7191682793637468,no_nlcd
0.5474105579184388,0.8074179743223966,0.4597407649505588,0.7191682793637468,no_nlcd
0.5474105579184388,0.8077349817720716,0.45973941844849403,0.7191682793637468,no_nlcd
0.5479109331998999,0.8077349817720716,0.45973756240756425,0.7191682793637468,no_nlcd
0.5479109331998999,0.8078934854969092,0.4597372496366578,0.7191682793637468,no_nlcd
0.548411308481361,0.8078934854969092,0.4597363165389399,0.7191682793637468,no_nlcd
0.548411308481361,0.8080519892217467,0.45973627488857227,0.7191682793637468,no_nlcd
0.5491618714035527,0.8080519892217467,0.4597356497568707,0.7191682793637468,no_nlcd
0.5491618714035527,0.8082104929465842,0.4597354743238834,0.7191682793637468,no_nlcd
0.5501626219664748,0.8082104929465842,0.45973447741336965,0.7191682793637468,no_nlcd
0.5501626219664748,0.8085275003962593,0.45973390441520184,0.7191682793637468,no_nlcd
0.5504128096072054,0.8085275003962593,0.4597331810530572,0.7191682793637468,no_nlcd
0.5504128096072054,0.8091615152956094,0.45973232588924173,0.7191682793637468,no_nlcd
0.550662997247936,0.8091615152956094,0.45973095723263646,0.7191682793637468,no_nlcd
0.550662997247936,0.8094785227452845,0.45973074123827384,0.7191682793637468,no_nlcd
0.5509131848886665,0.8094785227452845,0.45972991776694533,0.7191682793637468,no_nlcd
0.5509131848886665,0.809637026470122,0.4597296591728239,0.7191682793637468,no_nlcd
0.5514135601701275,0.809637026470122,0.45972815874085915,0.7191682793637468,no_nlcd
0.5514135601701275,0.8097955301949595,0.45972813822664665,0.7191682793637468,no_nlcd
0.5516637478108581,0.8097955301949595,0.4597270985959182,0.7191682793637468,no_nlcd
0.5516637478108581,0.8101125376446346,0.45972701019477974,0.7191682793637468,no_nlcd
0.5519139354515887,0.8101125376446346,0.4597265810510537,0.7191682793637468,no_nlcd
0.5519139354515887,0.8102710413694721,0.4597264368722735,0.7191682793637468,no_nlcd
0.5521641230923192,0.8102710413694721,0.459726067551749,0.7191682793637468,no_nlcd
0.5521641230923192,0.8109050562688224,0.459725751415432,0.7191682793637468,no_nlcd
0.5524143107330498,0.8109050562688224,0.45972540541241735,0.7191682793637468,no_nlcd
0.5524143107330498,0.81169757489301,0.45972439454670727,0.7191682793637468,no_nlcd
0.5529146860145109,0.81169757489301,0.4597239744698352,0.7191682793637468,no_nlcd
0.5529146860145109,0.8118560786178475,0.459723888351536,0.7191682793637468,no_nlcd
0.553415061295972,0.8118560786178475,0.45972355215688865,0.7191682793637468,no_nlcd
0.553415061295972,0.8121730860675226,0.4597225160697052,0.7191682793637468,no_nlcd
0.5536652489367025,0.8121730860675226,0.4597224120800451,0.7191682793637468,no_nlcd
0.5536652489367025,0.8123315897923601,0.4597221915125696,0.7191682793637468,no_nlcd
0.5546659994996247,0.8123315897923601,0.4597216295981978,0.7191682793637468,no_nlcd
0.5546659994996247,0.8126485972420352,0.4597211119336,0.7191682793637468,no_nlcd
0.5549161871403553,0.8126485972420352,0.4597208759129827,0.7191682793637468,no_nlcd
0.5549161871403553,0.8129656046917103,0.4597199054317709,0.7191682793637468,no_nlcd
0.5551663747810858,0.8129656046917103,0.4597196345502122,0.7191682793637468,no_nlcd
0.5551663747810858,0.8131241084165478,0.4597194483527945,0.7191682793637468,no_nlcd
0.5559169377032774,0.8131241084165478,0.4597193144889641,0.7191682793637468,no_nlcd
0.5559169377032774,0.814075130765573,0.4597184423867907,0.7191682793637468,no_nlcd
0.5566675006254691,0.814075130765573,0.4597181659475471,0.7191682793637468,no_nlcd
0.5566675006254691,0.8145506419400856,0.4597179596663942,0.7191682793637468,no_nlcd
0.5569176882661997,0.8145506419400856,0.45971786885199156,0.7191682793637468,no_nlcd
0.5569176882661997,0.8147091456649231,0.4597176735005178,0.7191682793637468,no_nlcd
0.5571678759069302,0.8147091456649231,0.4597173489641948,0.7191682793637468,no_nlcd
0.5571678759069302,0.8148676493897606,0.45971730619396795,0.7191682793637468,no_nlcd
0.5581686264698524,0.8148676493897606,0.45971620048373474,0.7191682793637468,no_nlcd
0.5581686264698524,0.8151846568394358,0.45971592177347675,0.7191682793637468,no_nlcd
0.5584188141105829,0.8151846568394358,0.4597156945274239,0.7191682793637468,no_nlcd
0.5584188141105829,0.8153431605642733,0.4597155462390375,0.7191682793637468,no_nlcd
0.5586690017513135,0.8153431605642733,0.45971530863575727,0.7191682793637468,no_nlcd
0.5586690017513135,0.8159771754636234,0.4597141431918196,0.7191682793637468,no_nlcd
0.5591693770327746,0.8159771754636234,0.4597135888652709,0.7191682793637468,no_nlcd
0.5591693770327746,0.816135679188461,0.45971273001615814,0.7191682793637468,no_nlcd
0.5594195646735052,0.816135679188461,0.4597120615097738,0.7191682793637468,no_nlcd
0.5594195646735052,0.8162941829132985,0.45971193099706525,0.7191682793637468,no_nlcd
0.5596697523142357,0.8162941829132985,0.4597118342311842,0.7191682793637468,no_nlcd
0.5596697523142357,0.816452686638136,0.4597112562520793,0.7191682793637468,no_nlcd
0.5599199399549663,0.816452686638136,0.45971043446972415,0.7191682793637468,no_nlcd
0.5599199399549663,0.8169281978126486,0.4597100154689338,0.7191682793637468,no_nlcd
0.5601701275956967,0.8169281978126486,0.4597099466256945,0.7191682793637468,no_nlcd
0.5601701275956967,0.8175622127119987,0.4597093549573138,0.7191682793637468,no_nlcd
0.5604203152364273,0.8175622127119987,0.4597091531981305,0.7191682793637468,no_nlcd
0.5604203152364273,0.8183547313361864,0.459708411514112,0.7191682793637468,no_nlcd
0.5609206905178884,0.8183547313361864,0.45970803467242055,0.7191682793637468,no_nlcd
0.5609206905178884,0.8185132350610239,0.45970797389577506,0.7191682793637468,no_nlcd
0.561170878158619,0.8185132350610239,0.4596031798681379,0.7191682793637468,no_nlcd
0.561170878158619,0.818830242510699,0.45940713517494586,0.7191682793637468,no_nlcd
0.5616712534400801,0.818830242510699,0.458940303814386,0.7191682793637468,no_nlcd
0.5616712534400801,0.819147249960374,0.4587157501202952,0.7191682793637468,no_nlcd
0.5619214410808107,0.819147249960374,0.45861670046137015,0.7191682793637468,no_nlcd
0.5619214410808107,0.8193057536852116,0.45840148269982117,0.7191682793637468,no_nlcd
0.5621716287215411,0.8193057536852116,0.4583969503758642,0.7191682793637468,no_nlcd
0.5621716287215411,0.8194642574100491,0.45806303755769934,0.7191682793637468,no_nlcd
0.5626720040030022,0.8194642574100491,0.45767583958469826,0.7191682793637468,no_nlcd
0.5626720040030022,0.8196227611348866,0.45739059573728647,0.7191682793637468,no_nlcd
0.5641731298473855,0.8196227611348866,0.45673881102581637,0.7191682793637468,no_nlcd
0.5641731298473855,0.8197812648597242,0.4566251603370436,0.7191682793637468,no_nlcd
0.5656742556917689,0.8197812648597242,0.4562124476110105,0.7191682793637468,no_nlcd
0.5656742556917689,0.8204152797590744,0.4557702803981088,0.7191682793637468,no_nlcd
0.56617463097323,0.8204152797590744,0.45554891079930604,0.7191682793637468,no_nlcd
0.56617463097323,0.8207322872087494,0.4551606576511792,0.7191682793637468,no_nlcd
0.5664248186139604,0.8207322872087494,0.45493442914529036,0.7191682793637468,no_nlcd
0.5664248186139604,0.820890790933587,0.45488087892877754,0.7191682793637468,no_nlcd
0.5676757568176132,0.820890790933587,0.454546534932073,0.7191682793637468,no_nlcd
0.5676757568176132,0.821207798383262,0.4541247136303253,0.7191682793637468,no_nlcd
0.5691768826619965,0.821207798383262,0.4537078473828324,0.7191682793637468,no_nlcd
0.5691768826619965,0.8218418132826122,0.45350510989708076,0.7191682793637468,no_nlcd
0.5694270703027271,0.8218418132826122,0.45343974284028005,0.7191682793637468,no_nlcd
0.5694270703027271,0.8220003170074497,0.4533937906156847,0.7191682793637468,no_nlcd
0.5701776332249187,0.8220003170074497,0.45316892058025277,0.7191682793637468,no_nlcd
0.5701776332249187,0.8221588207322872,0.4530712950999373,0.7191682793637468,no_nlcd
0.5706780085063797,0.8221588207322872,0.4530162179640056,0.7191682793637468,no_nlcd
0.5706780085063797,0.8223173244571247,0.4529360505064554,0.7191682793637468,no_nlcd
0.5711783837878409,0.8223173244571247,0.4528557437554293,0.7191682793637468,no_nlcd
0.5711783837878409,0.8224758281819623,0.45284628634035656,0.7191682793637468,no_nlcd
0.5719289467100325,0.8224758281819623,0.4526847064485326,0.7191682793637468,no_nlcd
0.5719289467100325,0.8227928356316373,0.45264179715932146,0.7191682793637468,no_nlcd
0.5721791343507631,0.8227928356316373,0.4526325985354671,0.7191682793637468,no_nlcd
0.5721791343507631,0.8229513393564749,0.4526035292540035,0.7191682793637468,no_nlcd
0.5724293219914937,0.8229513393564749,0.45253863176791587,0.7191682793637468,no_nlcd
0.5724293219914937,0.8231098430813124,0.4525218372319303,0.7191682793637468,no_nlcd
0.5731798849136852,0.8231098430813124,0.45236196479695234,0.7191682793637468,no_nlcd
0.5731798849136852,0.823585354255825,0.4522946864254832,0.7191682793637468,no_nlcd
0.5734300725544158,0.823585354255825,0.45218940267583624,0.7191682793637468,no_nlcd
0.5734300725544158,0.8237438579806625,0.4520520660224075,0.7191682793637468,no_nlcd
0.5736802601951464,0.8237438579806625,0.4519890969045706,0.7191682793637468,no_nlcd
0.5736802601951464,0.8243778728800126,0.4509463543331917,0.7191682793637468,no_nlcd
0.5751813860395296,0.8243778728800126,0.45028500290659695,0.7191682793637468,no_nlcd
0.5751813860395296,0.8245363766048502,0.450208173783035,0.7191682793637468,no_nlcd
0.5756817613209907,0.8245363766048502,0.45019307248607054,0.7191682793637468,no_nlcd
0.5756817613209907,0.8248533840545252,0.4499555266424347,0.7191682793637468,no_nlcd
0.577182887165374,0.8248533840545252,0.44960282318344635,0.7191682793637468,no_nlcd
0.577182887165374,0.8251703915042004,0.4494064687953212,0.7191682793637468,no_nlcd
0.5774330748061046,0.8251703915042004,0.4493041075915724,0.7191682793637468,no_nlcd
0.5774330748061046,0.8253288952290379,0.4492391916040088,0.7191682793637468,no_nlcd
0.5776832624468351,0.8253288952290379,0.449184159404596,0.7191682793637468,no_nlcd
0.5776832624468351,0.8254873989538755,0.44897971126541314,0.7191682793637468,no_nlcd
0.5779334500875657,0.8254873989538755,0.44892544381067717,0.7191682793637468,no_nlcd
0.5779334500875657,0.8259629101283881,0.44882742486777905,0.7191682793637468,no_nlcd
0.5781836377282962,0.8259629101283881,0.44877471336329355,0.7191682793637468,no_nlcd
0.5781836377282962,0.8261214138532256,0.4487668553030284,0.7191682793637468,no_nlcd
0.5789342006504878,0.8261214138532256,0.4486880501629939,0.7191682793637468,no_nlcd
0.5789342006504878,0.8262799175780631,0.44867612342453383,0.7191682793637468,no_nlcd
0.5799349512134101,0.8262799175780631,0.4485880060075126,0.7191682793637468,no_nlcd
0.5799349512134101,0.8269139324774132,0.4484700657590587,0.7191682793637468,no_nlcd
0.5804353264948712,0.8269139324774132,0.4483009760491399,0.7191682793637468,no_nlcd
0.5804353264948712,0.8273894436519258,0.448099329435909,0.7191682793637468,no_nlcd
0.5809357017763322,0.8273894436519258,0.44786582893957494,0.7191682793637468,no_nlcd
0.5809357017763322,0.8277064511016009,0.4476962084756847,0.7191682793637468,no_nlcd
0.5811858894170628,0.8277064511016009,0.447502831871158,0.7191682793637468,no_nlcd
0.5811858894170628,0.828340466000951,0.44734703924292746,0.7191682793637468,no_nlcd
0.5814360770577933,0.828340466000951,0.4473081818788589,0.7191682793637468,no_nlcd
0.5814360770577933,0.8284989697257885,0.4472998464923033,0.7191682793637468,no_nlcd
0.5819364523392544,0.8284989697257885,0.44721429985238426,0.7191682793637468,no_nlcd
0.5819364523392544,0.8286574734506261,0.4470731407521661,0.7191682793637468,no_nlcd
0.5824368276207156,0.8286574734506261,0.4469720687633069,0.7191682793637468,no_nlcd
0.5824368276207156,0.8288159771754636,0.44678544324524627,0.7191682793637468,no_nlcd
0.5826870152614461,0.8288159771754636,0.44672016581497936,0.7191682793637468,no_nlcd
0.5826870152614461,0.8289744809003011,0.44667374261955234,0.7191682793637468,no_nlcd
0.5836877658243683,0.8289744809003011,0.44658764734487294,0.7191682793637468,no_nlcd
0.5836877658243683,0.8292914883499762,0.4463303225643704,0.7191682793637468,no_nlcd
0.5846885163872905,0.8292914883499762,0.44621028088376335,0.7191682793637468,no_nlcd
0.5846885163872905,0.8294499920748137,0.44620893363460945,0.7191682793637468,no_nlcd
0.5856892669502126,0.8294499920748137,0.44608820368510915,0.7191682793637468,no_nlcd
0.5856892669502126,0.8297669995244888,0.4460333343175319,0.7191682793637468,no_nlcd
0.5859394545909432,0.8297669995244888,0.4459789098051618,0.7191682793637468,no_nlcd
0.5859394545909432,0.8299255032493263,0.4459694269075572,0.7191682793637468,no_nlcd
0.5861896422316738,0.8299255032493263,0.4459046424291049,0.7191682793637468,no_nlcd
0.5861896422316738,0.8307180218735141,0.4457176794459504,0.7191682793637468,no_nlcd
0.5866900175131349,0.8307180218735141,0.4456960149773584,0.7191682793637468,no_nlcd
0.5866900175131349,0.8308765255983516,0.44567446944925654,0.7191682793637468,no_nlcd
0.5874405804353265,0.8308765255983516,0.44559205978731325,0.7191682793637468,no_nlcd
0.5874405804353265,0.8311935330480267,0.44539295994133793,0.7191682793637468,no_nlcd
0.587690768076057,0.8311935330480267,0.44536687863551383,0.7191682793637468,no_nlcd
0.587690768076057,0.8313520367728642,0.44524890951445795,0.7191682793637468,no_nlcd
0.5879409557167876,0.8313520367728642,0.445226893002964,0.7191682793637468,no_nlcd
0.5879409557167876,0.8316690442225392,0.4450576164636183,0.7191682793637468,no_nlcd
0.5889417062797098,0.8316690442225392,0.44498680068492674,0.7191682793637468,no_nlcd
0.5889417062797098,0.8319860516722143,0.444853741067301,0.7191682793637468,no_nlcd
0.5891918939204404,0.8319860516722143,0.44485272176199564,0.7191682793637468,no_nlcd
0.5891918939204404,0.8321445553970518,0.44482771677014815,0.7191682793637468,no_nlcd
0.589942456842632,0.8321445553970518,0.44472219192721374,0.7191682793637468,no_nlcd
0.589942456842632,0.8324615628467269,0.44465934186014916,0.7191682793637468,no_nlcd
0.5906930197648236,0.8324615628467269,0.4444565589099178,0.7191682793637468,no_nlcd
0.5906930197648236,0.8326200665715644,0.4443541179002393,0.7191682793637468,no_nlcd
0.5916937703277458,0.8326200665715644,0.4441969472921738,0.7191682793637468,no_nlcd
0.5916937703277458,0.833095577746077,0.4441679418816562,0.7191682793637468,no_nlcd
0.5919439579684763,0.833095577746077,0.4441340768609493,0.7191682793637468,no_nlcd
0.5919439579684763,0.8334125851957521,0.4440273216323377,0.7191682793637468,no_nlcd
0.5921941456092069,0.8334125851957521,0.4440099270503162,0.7191682793637468,no_nlcd
0.5921941456092069,0.8338880963702647,0.44379546934865316,0.7191682793637468,no_nlcd
0.5924443332499375,0.8338880963702647,0.4437174544136697,0.7191682793637468,no_nlcd
0.5924443332499375,0.8340466000951022,0.44370439235091147,0.7191682793637468,no_nlcd
0.5934450838128597,0.8340466000951022,0.44361272579365596,0.7191682793637468,no_nlcd
0.5934450838128597,0.8343636075447773,0.44347554238845055,0.7191682793637468,no_nlcd
0.5941956467350513,0.8343636075447773,0.44326705404164446,0.7191682793637468,no_nlcd
0.5941956467350513,0.8349976224441275,0.4432067901198936,0.7191682793637468,no_nlcd
0.5946960220165124,0.8349976224441275,0.44309530261938723,0.7191682793637468,no_nlcd
0.5946960220165124,0.835156126168965,0.4430918596913898,0.7191682793637468,no_nlcd
0.5954465849387041,0.835156126168965,0.4428997529631178,0.7191682793637468,no_nlcd
0.5954465849387041,0.8353146298938025,0.44283495636166775,0.7191682793637468,no_nlcd
0.5956967725794345,0.8353146298938025,0.44280346058041214,0.7191682793637468,no_nlcd
0.5956967725794345,0.8356316373434776,0.4427904264250047,0.7191682793637468,no_nlcd
0.5959469602201651,0.8356316373434776,0.4427888866610906,0.7191682793637468,no_nlcd
0.5959469602201651,0.8361071485179902,0.44273577511514656,0.7191682793637468,no_nlcd
0.5966975231423568,0.8361071485179902,0.4426339275389892,0.7191682793637468,no_nlcd
0.5966975231423568,0.8365826596925028,0.4424000808131193,0.7191682793637468,no_nlcd
0.5969477107830873,0.8365826596925028,0.4423130574541243,0.7191682793637468,no_nlcd
0.5969477107830873,0.8370581708670154,0.4421878836856697,0.7191682793637468,no_nlcd
0.5986990242682011,0.8370581708670154,0.44186156619212225,0.7191682793637468,no_nlcd
0.5986990242682011,0.837533682041528,0.4416555460730171,0.7191682793637468,no_nlcd
0.5989492119089317,0.837533682041528,0.441641589912666,0.7191682793637468,no_nlcd
0.5989492119089317,0.8376921857663655,0.4416217351779751,0.7191682793637468,no_nlcd
0.5994495871903928,0.8376921857663655,0.44155415952725285,0.7191682793637468,no_nlcd
0.5994495871903928,0.837850689491203,0.441532608425625,0.7191682793637468,no_nlcd
0.5996997748311234,0.837850689491203,0.4415016170331878,0.7191682793637468,no_nlcd
0.5996997748311234,0.8381676969408781,0.44143897418085487,0.7191682793637468,no_nlcd
0.5999499624718538,0.8381676969408781,0.4413710890584759,0.7191682793637468,no_nlcd
0.5999499624718538,0.8384847043905532,0.4413027678018614,0.7191682793637468,no_nlcd
0.6002001501125844,0.8384847043905532,0.4412968604891954,0.7191682793637468,no_nlcd
0.6002001501125844,0.8386432081153907,0.44127020113966897,0.7191682793637468,no_nlcd
0.6027020265198899,0.8386432081153907,0.44087479756550774,0.7191682793637468,no_nlcd
0.6027020265198899,0.8388017118402282,0.4408683633225939,0.7191682793637468,no_nlcd
0.603202401801351,0.8388017118402282,0.44082753820084974,0.7191682793637468,no_nlcd
0.603202401801351,0.8391187192899033,0.44076232131961623,0.7191682793637468,no_nlcd
0.6037027770828121,0.8391187192899033,0.44070035034950145,0.7191682793637468,no_nlcd
0.6037027770828121,0.8392772230147408,0.44068752382456944,0.7191682793637468,no_nlcd
0.6044533400050037,0.8392772230147408,0.4406479169033709,0.7191682793637468,no_nlcd
0.6044533400050037,0.8394357267395783,0.440584877128515,0.7191682793637468,no_nlcd
0.6049537152864648,0.8394357267395783,0.44049888355867817,0.7191682793637468,no_nlcd
0.6049537152864648,0.839594230464416,0.4404921333345765,0.7191682793637468,no_nlcd
0.6052039029271954,0.839594230464416,0.4404668335721934,0.7191682793637468,no_nlcd
0.6052039029271954,0.839911237914091,0.44042542725306544,0.7191682793637468,no_nlcd
0.605454090567926,0.839911237914091,0.44041473465605824,0.7191682793637468,no_nlcd
0.605454090567926,0.8402282453637661,0.4403633805145402,0.7191682793637468,no_nlcd
0.6062046534901175,0.8402282453637661,0.4402832024131235,0.7191682793637468,no_nlcd
0.6062046534901175,0.8403867490886036,0.44027008674744533,0.7191682793637468,no_nlcd
0.6064548411308481,0.8403867490886036,0.44025886355811,0.7191682793637468,no_nlcd
0.6064548411308481,0.8408622602631162,0.4400467865207085,0.7191682793637468,no_nlcd
0.6067050287715787,0.8408622602631162,0.4400436611225139,0.7191682793637468,no_nlcd
0.6067050287715787,0.8410207639879537,0.44000839975226025,0.7191682793637468,no_nlcd
0.6069552164123092,0.8410207639879537,0.43986140506160015,0.7191682793637468,no_nlcd
0.6069552164123092,0.8411792677127913,0.4398405907490868,0.7191682793637468,no_nlcd
0.6074555916937703,0.8411792677127913,0.4397214846956264,0.7191682793637468,no_nlcd
0.6074555916937703,0.8414962751624663,0.43970026164935894,0.7191682793637468,no_nlcd
0.6079559669752315,0.8414962751624663,0.4395530062136588,0.7191682793637468,no_nlcd
0.6079559669752315,0.8418132826121414,0.4394297730328483,0.7191682793637468,no_nlcd
0.608206154615962,0.8418132826121414,0.4394110078470007,0.7191682793637468,no_nlcd
0.608206154615962,0.8419717863369789,0.4394092077521437,0.7191682793637468,no_nlcd
0.6089567175381536,0.8419717863369789,0.4393127228331645,0.7191682793637468,no_nlcd
0.6089567175381536,0.8421302900618165,0.4392489108556157,0.7191682793637468,no_nlcd
0.6094570928196147,0.8421302900618165,0.43914365237397646,0.7191682793637468,no_nlcd
0.6094570928196147,0.8432398161356792,0.43894283778327153,0.7191682793637468,no_nlcd
0.6099574681010758,0.8432398161356792,0.438923491468915,0.7191682793637468,no_nlcd
0.6099574681010758,0.8435568235853542,0.4388241847058218,0.7191682793637468,no_nlcd
0.6102076557418064,0.8435568235853542,0.4388040596394597,0.7191682793637468,no_nlcd
0.6102076557418064,0.8437153273101918,0.4387859166236918,0.7191682793637468,no_nlcd
0.6112084063047285,0.8437153273101918,0.4387344835078699,0.7191682793637468,no_nlcd
0.6112084063047285,0.8438738310350293,0.43872123329005996,0.7191682793637468,no_nlcd
0.6114585939454591,0.8438738310350293,0.43866106057384113,0.7191682793637468,no_nlcd
0.6114585939454591,0.8441908384847044,0.4385409153285025,0.7191682793637468,no_nlcd
0.6117087815861897,0.8441908384847044,0.43853901455042393,0.7191682793637468,no_nlcd
0.6117087815861897,0.8443493422095419,0.43851420767915206,0.7191682793637468,no_nlcd
0.6129597197898424,0.8443493422095419,0.43833528437445735,0.7191682793637468,no_nlcd
0.6129597197898424,0.8445078459343794,0.43826421311232205,0.7191682793637468,no_nlcd
0.613710282712034,0.8445078459343794,0.43813984867024564,0.7191682793637468,no_nlcd
0.613710282712034,0.8446663496592169,0.4381397716586047,0.7191682793637468,no_nlcd
0.6142106579934952,0.8446663496592169,0.43806484211842356,0.7191682793637468,no_nlcd
0.6142106579934952,0.8448248533840546,0.4380344283143943,0.7191682793637468,no_nlcd
0.6149612209156867,0.8448248533840546,0.43797130497119735,0.7191682793637468,no_nlcd
0.6149612209156867,0.8453003645585672,0.43793949429263357,0.7191682793637468,no_nlcd
0.6164623467600701,0.8453003645585672,0.4377599035969457,0.7191682793637468,no_nlcd
0.6164623467600701,0.8454588682834047,0.43768157635823973,0.7191682793637468,no_nlcd
0.6167125344008006,0.8454588682834047,0.4376694405971071,0.7191682793637468,no_nlcd
0.6167125344008006,0.8457758757330798,0.43764668833081605,0.7191682793637468,no_nlcd
0.6179634726044534,0.8457758757330798,0.43748341358510673,0.7191682793637468,no_nlcd
0.6179634726044534,0.8460928831827548,0.43747390253924223,0.7191682793637468,no_nlcd
0.618714035526645,0.8460928831827548,0.4373093786495378,0.7191682793637468,no_nlcd
0.618714035526645,0.8464098906324299,0.4372540800246336,0.7191682793637468,no_nlcd
0.6204653490117589,0.8464098906324299,0.43713449354881123,0.7191682793637468,no_nlcd
0.6204653490117589,0.8467268980821049,0.4370675120254813,0.7191682793637468,no_nlcd
0.6207155366524894,0.8467268980821049,0.4370406184795328,0.7191682793637468,no_nlcd
0.6207155366524894,0.8468854018069425,0.43703177887494277,0.7191682793637468,no_nlcd
0.62096572429322,0.8468854018069425,0.43699700290107274,0.7191682793637468,no_nlcd
0.62096572429322,0.84704390553178,0.43697462955549066,0.7191682793637468,no_nlcd
0.6212159119339504,0.84704390553178,0.43696542125397125,0.7191682793637468,no_nlcd
0.6212159119339504,0.8475194167062926,0.4369363687492624,0.7191682793637468,no_nlcd
0.6219664748561421,0.8475194167062926,0.43683429928920425,0.7191682793637468,no_nlcd
0.6219664748561421,0.8478364241559677,0.4367351868810948,0.7191682793637468,no_nlcd
0.6222166624968727,0.8478364241559677,0.43662385711715374,0.7191682793637468,no_nlcd
0.6222166624968727,0.8479949278808052,0.43659625155217957,0.7191682793637468,no_nlcd
0.6224668501376032,0.8479949278808052,0.4365592535944412,0.7191682793637468,no_nlcd
0.6224668501376032,0.8483119353304802,0.43652624000995344,0.7191682793637468,no_nlcd
0.6227170377783338,0.8483119353304802,0.4365105673068263,0.7191682793637468,no_nlcd
0.6227170377783338,0.8484704390553178,0.4364905717769807,0.7191682793637468,no_nlcd
0.6242181636227171,0.8484704390553178,0.4362973197121276,0.7191682793637468,no_nlcd
0.6242181636227171,0.8487874465049928,0.4362356180032186,0.7191682793637468,no_nlcd
0.6244683512634476,0.8487874465049928,0.43612801995787115,0.7191682793637468,no_nlcd
0.6244683512634476,0.8492629576795054,0.4360082835240091,0.7191682793637468,no_nlcd
0.6247185389041782,0.8492629576795054,0.4360006465904594,0.7191682793637468,no_nlcd
0.6247185389041782,0.849421461404343,0.43595003576602875,0.7191682793637468,no_nlcd
0.6252189141856392,0.849421461404343,0.4358952543647446,0.7191682793637468,no_nlcd
0.6252189141856392,0.849738468854018,0.4357515328757162,0.7191682793637468,no_nlcd
0.6254691018263697,0.849738468854018,0.43555188047546906,0.7191682793637468,no_nlcd
0.6254691018263697,0.8498969725788557,0.43551312334139247,0.7191682793637468,no_nlcd
0.6257192894671003,0.8498969725788557,0.43544356467288026,0.7191682793637468,no_nlcd
0.6257192894671003,0.8500554763036932,0.43541632979136846,0.7191682793637468,no_nlcd
0.6267200400300225,0.8500554763036932,0.4353554788302118,0.7191682793637468,no_nlcd
0.6267200400300225,0.8506894912030433,0.4352658546050394,0.7191682793637468,no_nlcd
0.6274706029522141,0.8506894912030433,0.4352242716565235,0.7191682793637468,no_nlcd
0.6274706029522141,0.8508479949278808,0.4352241506798,0.7191682793637468,no_nlcd
0.6284713535151364,0.8508479949278808,0.43511270246230543,0.7191682793637468,no_nlcd
0.6284713535151364,0.8513235061023934,0.43507823848579935,0.7191682793637468,no_nlcd
0.6302226670002502,0.8513235061023934,0.43496680678950556,0.7191682793637468,no_nlcd
0.6302226670002502,0.851482009827231,0.43496208183350715,0.7191682793637468,no_nlcd
0.6309732299224419,0.851482009827231,0.4348863764790605,0.7191682793637468,no_nlcd
0.6309732299224419,0.8516405135520685,0.4348667640995293,0.7191682793637468,no_nlcd
0.6312234175631724,0.8516405135520685,0.43486566554923134,0.7191682793637468,no_nlcd
0.6312234175631724,0.851799017276906,0.4348083944522309,0.7191682793637468,no_nlcd
0.6317237928446334,0.851799017276906,0.43479825582299314,0.7191682793637468,no_nlcd
0.6317237928446334,0.8519575210017435,0.434792566407461,0.7191682793637468,no_nlcd
0.6322241681260946,0.8519575210017435,0.43460736756602947,0.7191682793637468,no_nlcd
0.6322241681260946,0.8521160247265811,0.43459744300532027,0.7191682793637468,no_nlcd
0.6324743557668251,0.8521160247265811,0.4345787179324264,0.7191682793637468,no_nlcd
0.6324743557668251,0.8524330321762561,0.4345064780004178,0.7191682793637468,no_nlcd
0.6334751063297474,0.8524330321762561,0.4344530220983126,0.7191682793637468,no_nlcd
0.6334751063297474,0.8527500396259312,0.43445032263175354,0.7191682793637468,no_nlcd
0.6337252939704778,0.8527500396259312,0.4344470477137431,0.7191682793637468,no_nlcd
0.6337252939704778,0.8529085433507687,0.43443321845841804,0.7191682793637468,no_nlcd
0.6344758568926695,0.8529085433507687,0.4343159895999931,0.7191682793637468,no_nlcd
0.6344758568926695,0.8530670470756063,0.4343115989451447,0.7191682793637468,no_nlcd
0.6347260445334001,0.8530670470756063,0.43430002847024596,0.7191682793637468,no_nlcd
0.6347260445334001,0.8532255508004438,0.43428966178459144,0.7191682793637468,no_nlcd
0.6359769827370528,0.8532255508004438,0.43418710050408904,0.7191682793637468,no_nlcd
0.6359769827370528,0.8538595656997939,0.4341526230478046,0.7191682793637468,no_nlcd
0.6364773580185139,0.8538595656997939,0.4340655053602518,0.7191682793637468,no_nlcd
0.6364773580185139,0.8546520843239817,0.4338963445465156,0.7191682793637468,no_nlcd
0.6367275456592444,0.8546520843239817,0.4338707265236628,0.7191682793637468,no_nlcd
0.6367275456592444,0.8552860992233318,0.43376714926427556,0.7191682793637468,no_nlcd
0.636977733299975,0.8552860992233318,0.43373101985939955,0.7191682793637468,no_nlcd
0.636977733299975,0.8554446029481693,0.4337015317319051,0.7191682793637468,no_nlcd
0.6372279209407056,0.8554446029481693,0.43370062254966885,0.7191682793637468,no_nlcd
0.6372279209407056,0.856554129022032,0.4336003530555124,0.7191682793637468,no_nlcd
0.6384788591443583,0.856554129022032,0.4335139005298271,0.7191682793637468,no_nlcd
0.6384788591443583,0.8568711364717071,0.4334800474317431,0.7191682793637468,no_nlcd
0.6407305479109332,0.8568711364717071,0.4332172812674318,0.7191682793637468,no_nlcd
0.6407305479109332,0.8570296401965446,0.43321695192386434,0.7191682793637468,no_nlcd
0.6409807355516638,0.8570296401965446,0.4331761384396591,0.7191682793637468,no_nlcd
0.6409807355516638,0.8573466476462197,0.4331508830829212,0.7191682793637468,no_nlcd
0.6414811108331249,0.8573466476462197,0.4331181551402908,0.7191682793637468,no_nlcd
0.6414811108331249,0.8575051513710572,0.43308184512579784,0.7191682793637468,no_nlcd
0.6419814861145859,0.8575051513710572,0.4328542970747759,0.7191682793637468,no_nlcd
0.6419814861145859,0.8576636550958947,0.4328066631403452,0.7191682793637468,no_nlcd
0.642481861396047,0.8576636550958947,0.4327838332019977,0.7191682793637468,no_nlcd
0.642481861396047,0.8578221588207323,0.4327627562472062,0.7191682793637468,no_nlcd
0.6432324243182387,0.8578221588207323,0.432661863804977,0.7191682793637468,no_nlcd
0.6432324243182387,0.8581391662704073,0.43260771849452756,0.7191682793637468,no_nlcd
0.6449837378033525,0.8581391662704073,0.4324959125074672,0.7191682793637468,no_nlcd
0.6449837378033525,0.8582976699952449,0.43248418446871506,0.7191682793637468,no_nlcd
0.6457343007255442,0.8582976699952449,0.43243997673328816,0.7191682793637468,no_nlcd
0.6457343007255442,0.8586146774449199,0.4322587955407511,0.7191682793637468,no_nlcd
0.6462346760070052,0.8586146774449199,0.43219420355944027,0.7191682793637468,no_nlcd
0.6462346760070052,0.8587731811697575,0.43219163236199093,0.7191682793637468,no_nlcd
0.6477358018513886,0.8587731811697575,0.4320291549644182,0.7191682793637468,no_nlcd
0.6477358018513886,0.858931684894595,0.4319986239040941,0.7191682793637468,no_nlcd
0.6482361771328496,0.858931684894595,0.43193175655599464,0.7191682793637468,no_nlcd
0.6482361771328496,0.8590901886194325,0.4319206125568835,0.7191682793637468,no_nlcd
0.6494871153365024,0.8590901886194325,0.43184470986492773,0.7191682793637468,no_nlcd
0.6494871153365024,0.8594071960691076,0.43183301809369445,0.7191682793637468,no_nlcd
0.6504878658994245,0.8594071960691076,0.43174718316125943,0.7191682793637468,no_nlcd
0.6504878658994245,0.8595656997939451,0.43174631576548644,0.7191682793637468,no_nlcd
0.6522391793845385,0.8595656997939451,0.43164171271636653,0.7191682793637468,no_nlcd
0.6522391793845385,0.8597242035187826,0.43161307099128104,0.7191682793637468,no_nlcd
0.65298974230673,0.8597242035187826,0.43155141122948304,0.7191682793637468,no_nlcd
0.65298974230673,0.8600412109684578,0.4315394741166831,0.7191682793637468,no_nlcd
0.6532399299474606,0.8600412109684578,0.4315138254129227,0.7191682793637468,no_nlcd
0.6532399299474606,0.8601997146932953,0.43150724530972046,0.7191682793637468,no_nlcd
0.6534901175881911,0.8601997146932953,0.43145198958606346,0.7191682793637468,no_nlcd
0.6534901175881911,0.8605167221429704,0.4314040077534655,0.7191682793637468,no_nlcd
0.6539904928696523,0.8605167221429704,0.431349518066332,0.7191682793637468,no_nlcd
0.6539904928696523,0.8606752258678079,0.4313454340411569,0.7191682793637468,no_nlcd
0.6542406805103828,0.8606752258678079,0.4313431488288463,0.7191682793637468,no_nlcd
0.6542406805103828,0.8608337295926455,0.4313196371332087,0.7191682793637468,no_nlcd
0.6547410557918438,0.8608337295926455,0.43129203563596635,0.7191682793637468,no_nlcd
0.6547410557918438,0.860992233317483,0.4312733756022392,0.7191682793637468,no_nlcd
0.6554916187140355,0.860992233317483,0.4312092851697888,0.7191682793637468,no_nlcd
0.6554916187140355,0.861309240767158,0.43118401344074125,0.7191682793637468,no_nlcd
0.6557418063547661,0.861309240767158,0.431181812395245,0.7191682793637468,no_nlcd
0.6557418063547661,0.8616262482168331,0.4311298936077717,0.7191682793637468,no_nlcd
0.6559919939954966,0.8616262482168331,0.4311219444924523,0.7191682793637468,no_nlcd
0.6559919939954966,0.8617847519416706,0.431066561716221,0.7191682793637468,no_nlcd
0.6567425569176882,0.8617847519416706,0.43103502014496414,0.7191682793637468,no_nlcd
0.6567425569176882,0.8619432556665082,0.4310252862240497,0.7191682793637468,no_nlcd
0.6572429321991493,0.8619432556665082,0.43101433077370027,0.7191682793637468,no_nlcd
0.6572429321991493,0.8621017593913457,0.4310034961635719,0.7191682793637468,no_nlcd
0.658493870402802,0.8621017593913457,0.43090224310734904,0.7191682793637468,no_nlcd
0.658493870402802,0.8622602631161832,0.43088485714966746,0.7191682793637468,no_nlcd
0.6589942456842632,0.8622602631161832,0.4308771850931681,0.7191682793637468,no_nlcd
0.6589942456842632,0.8624187668410208,0.4308566263363577,0.7191682793637468,no_nlcd
0.6599949962471854,0.8624187668410208,0.4308296146177419,0.7191682793637468,no_nlcd
0.6599949962471854,0.8627357742906958,0.43082048865077693,0.7191682793637468,no_nlcd
0.660245183887916,0.8627357742906958,0.430809414853749,0.7191682793637468,no_nlcd
0.660245183887916,0.8628942780155333,0.43078907079206835,0.7191682793637468,no_nlcd
0.6614961220915687,0.8628942780155333,0.43059269723500754,0.7191682793637468,no_nlcd
0.6614961220915687,0.8630527817403709,0.4305731471012195,0.7191682793637468,no_nlcd
0.6617463097322992,0.8630527817403709,0.4305558460103537,0.7191682793637468,no_nlcd
0.6617463097322992,0.8633697891900459,0.4304999641666654,0.7191682793637468,no_nlcd
0.6622466850137603,0.8633697891900459,0.43047412495359805,0.7191682793637468,no_nlcd
0.6622466850137603,0.863686796639721,0.43040732478186927,0.7191682793637468,no_nlcd
0.6627470602952215,0.863686796639721,0.430373642202238,0.7191682793637468,no_nlcd
0.6627470602952215,0.8638453003645585,0.43034650238862027,0.7191682793637468,no_nlcd
0.6629972479359519,0.8638453003645585,0.4303402973643078,0.7191682793637468,no_nlcd
0.6629972479359519,0.8640038040893961,0.4303093814015445,0.7191682793637468,no_nlcd
0.6637478108581436,0.8640038040893961,0.43020841241307867,0.7191682793637468,no_nlcd
0.6637478108581436,0.8641623078142336,0.4302004246888696,0.7191682793637468,no_nlcd
0.6639979984988742,0.8641623078142336,0.4301802612642263,0.7191682793637468,no_nlcd
0.6639979984988742,0.8647963227135838,0.43005558395549454,0.7191682793637468,no_nlcd
0.6642481861396047,0.8647963227135838,0.43005493017365876,0.7191682793637468,no_nlcd
0.6642481861396047,0.8651133301632589,0.43001591367402137,0.7191682793637468,no_nlcd
0.6652489367025269,0.8651133301632589,0.42996814101544023,0.7191682793637468,no_nlcd
0.6652489367025269,0.8652718338880964,0.42994868160665506,0.7191682793637468,no_nlcd
0.665749311983988,0.8652718338880964,0.42987223218035525,0.7191682793637468,no_nlcd
0.665749311983988,0.8654303376129339,0.42985971229821324,0.7191682793637468,no_nlcd
0.6662496872654491,0.8654303376129339,0.4298220038903068,0.7191682793637468,no_nlcd
0.6662496872654491,0.8655888413377715,0.4297987493028427,0.7191682793637468,no_nlcd
0.6675006254691018,0.8655888413377715,0.42968802160528596,0.7191682793637468,no_nlcd
0.6675006254691018,0.865747345062609,0.42966551734924713,0.7191682793637468,no_nlcd
0.6680010007505629,0.865747345062609,0.4296607209047421,0.7191682793637468,no_nlcd
0.6680010007505629,0.8659058487874465,0.42963931570588065,0.7191682793637468,no_nlcd
0.668501376032024,0.8659058487874465,0.42955786083388464,0.7191682793637468,no_nlcd
0.668501376032024,0.8660643525122841,0.429539967579106,0.7191682793637468,no_nlcd
0.6690017513134852,0.8660643525122841,0.4294816252790756,0.7191682793637468,no_nlcd
0.6690017513134852,0.8662228562371216,0.42945768800460205,0.7191682793637468,no_nlcd
0.6695021265949462,0.8662228562371216,0.4294252655743643,0.7191682793637468,no_nlcd
0.6695021265949462,0.8663813599619591,0.429402269380598,0.7191682793637468,no_nlcd
0.6697523142356767,0.8663813599619591,0.4293622454546217,0.7191682793637468,no_nlcd
0.6697523142356767,0.8665398636867966,0.42936006272594357,0.7191682793637468,no_nlcd
0.6710032524393295,0.8665398636867966,0.4292979334949115,0.7191682793637468,no_nlcd
0.6710032524393295,0.8668568711364717,0.42927151168648153,0.7191682793637468,no_nlcd
0.67125344008006,0.8668568711364717,0.42921220153299755,0.7191682793637468,no_nlcd
0.67125344008006,0.8676493897606594,0.42915568120259134,0.7191682793637468,no_nlcd
0.6715036277207906,0.8676493897606594,0.4291452128193446,0.7191682793637468,no_nlcd
0.6715036277207906,0.8679663972103344,0.4291017623594266,0.7191682793637468,no_nlcd
0.6720040030022517,0.8679663972103344,0.42903303429998396,0.7191682793637468,no_nlcd
0.6720040030022517,0.868124900935172,0.4290114729318761,0.7191682793637468,no_nlcd
0.6730047535651739,0.868124900935172,0.428917558042373,0.7191682793637468,no_nlcd
0.6730047535651739,0.868441908384847,0.42883063317803666,0.7191682793637468,no_nlcd
0.6735051288466349,0.868441908384847,0.4288183263462397,0.7191682793637468,no_nlcd
0.6735051288466349,0.8690759232841971,0.42876150667821084,0.7191682793637468,no_nlcd
0.6747560670502877,0.8690759232841971,0.4286959468491149,0.7191682793637468,no_nlcd
0.6747560670502877,0.8692344270090347,0.4286839132055794,0.7191682793637468,no_nlcd
0.6757568176132099,0.8692344270090347,0.4286457411487071,0.7191682793637468,no_nlcd
0.6757568176132099,0.8695514344587097,0.42859017061148275,0.7191682793637468,no_nlcd
0.676257192894671,0.8695514344587097,0.4285633799187085,0.7191682793637468,no_nlcd
0.676257192894671,0.8698684419083849,0.42854184711663973,0.7191682793637468,no_nlcd
0.6765073805354016,0.8698684419083849,0.428533770055572,0.7191682793637468,no_nlcd
0.6765073805354016,0.8703439530828975,0.4284798391163532,0.7191682793637468,no_nlcd
0.6767575681761321,0.8703439530828975,0.42846926784968514,0.7191682793637468,no_nlcd
0.6767575681761321,0.870502456807735,0.42843143753129487,0.7191682793637468,no_nlcd
0.6777583187390543,0.870502456807735,0.42833440063775224,0.7191682793637468,no_nlcd
0.6777583187390543,0.8708194642574101,0.42829193164540447,0.7191682793637468,no_nlcd
0.6785088816612459,0.8708194642574101,0.4282044692995731,0.7191682793637468,no_nlcd
0.6785088816612459,0.8709779679822476,0.4281870710448518,0.7191682793637468,no_nlcd
0.6790092569427071,0.8709779679822476,0.4281538120428089,0.7191682793637468,no_nlcd
0.6790092569427071,0.8714534791567602,0.42809669196751965,0.7191682793637468,no_nlcd
0.6792594445834376,0.8714534791567602,0.428056783351736,0.7191682793637468,no_nlcd
0.6792594445834376,0.8719289903312728,0.4279871667981306,0.7191682793637468,no_nlcd
0.6795096322241682,0.8719289903312728,0.42797748187083157,0.7191682793637468,no_nlcd
0.6795096322241682,0.8720874940561103,0.4279680583066857,0.7191682793637468,no_nlcd
0.6800100075056292,0.8720874940561103,0.4279378873051875,0.7191682793637468,no_nlcd
0.6800100075056292,0.8722459977809478,0.4279090287606649,0.7191682793637468,no_nlcd
0.6802601951463598,0.8722459977809478,0.4278498921887466,0.7191682793637468,no_nlcd
0.6802601951463598,0.8727215089554604,0.4277841535328741,0.7191682793637468,no_nlcd
0.6810107580685514,0.8727215089554604,0.4277557284776476,0.7191682793637468,no_nlcd
0.6810107580685514,0.872880012680298,0.4277317639313167,0.7191682793637468,no_nlcd
0.6815111333500125,0.872880012680298,0.4276962832292332,0.7191682793637468,no_nlcd
0.6815111333500125,0.8730385164051355,0.4276869582348062,0.7191682793637468,no_nlcd
0.6822616962722041,0.8730385164051355,0.4276669619518854,0.7191682793637468,no_nlcd
0.6822616962722041,0.8733555238548106,0.4276372555982247,0.7191682793637468,no_nlcd
0.6825118839129347,0.8733555238548106,0.4276107396548099,0.7191682793637468,no_nlcd
0.6825118839129347,0.8735140275796481,0.4275783773109571,0.7191682793637468,no_nlcd
0.6832624468351264,0.8735140275796481,0.4275192649419018,0.7191682793637468,no_nlcd
0.6832624468351264,0.8736725313044856,0.4275169500142742,0.7191682793637468,no_nlcd
0.6852639479609707,0.8736725313044856,0.42738361744152903,0.7191682793637468,no_nlcd
0.6852639479609707,0.8738310350293232,0.4273827396199614,0.7191682793637468,no_nlcd
0.6855141356017013,0.8738310350293232,0.42736436846221953,0.7191682793637468,no_nlcd
0.6855141356017013,0.8743065462038357,0.4272522796792313,0.7191682793637468,no_nlcd
0.6860145108831623,0.8743065462038357,0.4272383664919595,0.7191682793637468,no_nlcd
0.6860145108831623,0.8746235536535109,0.4271804822415161,0.7191682793637468,no_nlcd
0.6862646985238929,0.8746235536535109,0.42717401091100105,0.7191682793637468,no_nlcd
0.6862646985238929,0.8750990648280235,0.42714323006183164,0.7191682793637468,no_nlcd
0.6870152614460846,0.8750990648280235,0.4271014009415012,0.7191682793637468,no_nlcd
0.6870152614460846,0.875257568552861,0.4270973973558251,0.7191682793637468,no_nlcd
0.6872654490868151,0.875257568552861,0.4270850268432529,0.7191682793637468,no_nlcd
0.6872654490868151,0.8754160722776986,0.4270790435763476,0.7191682793637468,no_nlcd
0.6875156367275457,0.8754160722776986,0.42705986353736103,0.7191682793637468,no_nlcd
0.6875156367275457,0.8755745760025361,0.4270413419433588,0.7191682793637468,no_nlcd
0.6880160120090067,0.8755745760025361,0.4270099098481096,0.7191682793637468,no_nlcd
0.6880160120090067,0.8758915834522111,0.42700729298733686,0.7191682793637468,no_nlcd
0.6895171378533901,0.8758915834522111,0.4269566801859013,0.7191682793637468,no_nlcd
0.6895171378533901,0.8760500871770487,0.42695300686021764,0.7191682793637468,no_nlcd
0.6897673254941206,0.8760500871770487,0.4269510744927465,0.7191682793637468,no_nlcd
0.6897673254941206,0.8762085909018862,0.42690104826498326,0.7191682793637468,no_nlcd
0.6902677007755816,0.8762085909018862,0.4268831897590767,0.7191682793637468,no_nlcd
0.6902677007755816,0.8763670946267237,0.42686994585874666,0.7191682793637468,no_nlcd
0.6925193895421566,0.8763670946267237,0.4267016152911722,0.7191682793637468,no_nlcd
0.6925193895421566,0.8765255983515613,0.42669714498917255,0.7191682793637468,no_nlcd
0.6927695771828871,0.8765255983515613,0.42669552623252943,0.7191682793637468,no_nlcd
0.6927695771828871,0.8766841020763988,0.42666732502826216,0.7191682793637468,no_nlcd
0.6930197648236177,0.8766841020763988,0.4266296756174467,0.7191682793637468,no_nlcd
0.6930197648236177,0.8770011095260739,0.4265996925073965,0.7191682793637468,no_nlcd
0.6940205153865399,0.8770011095260739,0.4265569685205496,0.7191682793637468,no_nlcd
0.6940205153865399,0.8771596132509114,0.42652884583967676,0.7191682793637468,no_nlcd
0.6947710783087315,0.8771596132509114,0.42646877152580365,0.7191682793637468,no_nlcd
0.6947710783087315,0.8774766207005865,0.4264541913865163,0.7191682793637468,no_nlcd
0.6950212659494621,0.8774766207005865,0.4264489113805792,0.7191682793637468,no_nlcd
0.6950212659494621,0.877635124425424,0.4264426672643293,0.7191682793637468,no_nlcd
0.6952714535901926,0.877635124425424,0.42643987330769934,0.7191682793637468,no_nlcd
0.6952714535901926,0.877952131875099,0.4263976318562732,0.7191682793637468,no_nlcd
0.6970227670753065,0.877952131875099,0.42631247155287655,0.7191682793637468,no_nlcd
0.6970227670753065,0.8781106355999366,0.42630652904193433,0.7191682793637468,no_nlcd
0.697272954716037,0.8781106355999366,0.42630549718280236,0.7191682793637468,no_nlcd
0.697272954716037,0.8784276430496116,0.42626839792698046,0.7191682793637468,no_nlcd
0.6982737052789593,0.8784276430496116,0.426218826231068,0.7191682793637468,no_nlcd
0.6982737052789593,0.8785861467744492,0.42617444713040653,0.7191682793637468,no_nlcd
0.699524643482612,0.8785861467744492,0.4261040253485602,0.7191682793637468,no_nlcd
0.699524643482612,0.8789031542241242,0.4260896065129192,0.7191682793637468,no_nlcd
0.6997748311233425,0.8789031542241242,0.42606546845419446,0.7191682793637468,no_nlcd
0.6997748311233425,0.8792201616737993,0.4260621284125355,0.7191682793637468,no_nlcd
0.702276707530648,0.8792201616737993,0.42597263274255076,0.7191682793637468,no_nlcd
0.702276707530648,0.8795371691234743,0.4259289685575588,0.7191682793637468,no_nlcd
0.7025268951713786,0.8795371691234743,0.42592545347979754,0.7191682793637468,no_nlcd
0.7025268951713786,0.879695672848312,0.42589733521510154,0.7191682793637468,no_nlcd
0.7035276457343007,0.879695672848312,0.4258635308860017,0.7191682793637468,no_nlcd
0.7035276457343007,0.8798541765731495,0.4258259690493687,0.7191682793637468,no_nlcd
0.7047785839379535,0.8798541765731495,0.42570274890374504,0.7191682793637468,no_nlcd
0.7047785839379535,0.880012680297987,0.4256840095355691,0.7191682793637468,no_nlcd
0.7052789592194145,0.880012680297987,0.42562328059019094,0.7191682793637468,no_nlcd
0.7052789592194145,0.8801711840228246,0.4256000409815272,0.7191682793637468,no_nlcd
0.7057793345008757,0.8801711840228246,0.42557591340973655,0.7191682793637468,no_nlcd
0.7057793345008757,0.8804881914724996,0.42555087235688716,0.7191682793637468,no_nlcd
0.7065298974230673,0.8804881914724996,0.4255403320034817,0.7191682793637468,no_nlcd
0.7065298974230673,0.8806466951973372,0.42552778726651264,0.7191682793637468,no_nlcd
0.7067800850637979,0.8806466951973372,0.42550401723099407,0.7191682793637468,no_nlcd
0.7067800850637979,0.8808051989221747,0.4254139512077279,0.7191682793637468,no_nlcd
0.7070302727045285,0.8808051989221747,0.425384049035251,0.7191682793637468,no_nlcd
0.7070302727045285,0.8812807100966873,0.4253409916925394,0.7191682793637468,no_nlcd
0.70778083562672,0.8812807100966873,0.4253168772595684,0.7191682793637468,no_nlcd
0.70778083562672,0.8817562212711999,0.4252858059126823,0.7191682793637468,no_nlcd
0.7092819614711033,0.8817562212711999,0.42517071909701143,0.7191682793637468,no_nlcd
0.7092819614711033,0.8819147249960374,0.42516858267126983,0.7191682793637468,no_nlcd
0.7107830873154866,0.8819147249960374,0.42507091655490853,0.7191682793637468,no_nlcd
0.7107830873154866,0.8822317324457125,0.4250259502899049,0.7191682793637468,no_nlcd
0.7120340255191393,0.8822317324457125,0.424928063002738,0.7191682793637468,no_nlcd
0.7120340255191393,0.8825487398953875,0.42487152400080475,0.7191682793637468,no_nlcd
0.7122842131598699,0.8825487398953875,0.42486945127613723,0.7191682793637468,no_nlcd
0.7122842131598699,0.8827072436202251,0.4248499432540578,0.7191682793637468,no_nlcd
0.7130347760820616,0.8827072436202251,0.4247735137221862,0.7191682793637468,no_nlcd
0.7130347760820616,0.8828657473450626,0.4247710698367985,0.7191682793637468,no_nlcd
0.7142857142857143,0.8828657473450626,0.4247105755468387,0.7191682793637468,no_nlcd
0.7142857142857143,0.8830242510699001,0.42470252608556397,0.7191682793637468,no_nlcd
0.715036277207906,0.8830242510699001,0.4246863344905921,0.7191682793637468,no_nlcd
0.715036277207906,0.8831827547947376,0.424676201693868,0.7191682793637468,no_nlcd
0.7160370277708281,0.8831827547947376,0.42447859761131296,0.7191682793637468,no_nlcd
0.7160370277708281,0.8833412585195752,0.42445091949353,0.7191682793637468,no_nlcd
0.7167875906930198,0.8833412585195752,0.42437905811302734,0.7191682793637468,no_nlcd
0.7167875906930198,0.8834997622444127,0.42436893249672425,0.7191682793637468,no_nlcd
0.7175381536152114,0.8834997622444127,0.4243049409259896,0.7191682793637468,no_nlcd
0.7175381536152114,0.8836582659692502,0.42428970805220584,0.7191682793637468,no_nlcd
0.7177883412559419,0.8836582659692502,0.4242875079804418,0.7191682793637468,no_nlcd
0.7177883412559419,0.8838167696940878,0.42425189555147624,0.7191682793637468,no_nlcd
0.7185389041781336,0.8838167696940878,0.42420208453627944,0.7191682793637468,no_nlcd
0.7185389041781336,0.8839752734189253,0.4241962277568199,0.7191682793637468,no_nlcd
0.7187890918188642,0.8839752734189253,0.42418707246226156,0.7191682793637468,no_nlcd
0.7187890918188642,0.8842922808686005,0.42418065154189727,0.7191682793637468,no_nlcd
0.7190392794595947,0.8842922808686005,0.42416413617432036,0.7191682793637468,no_nlcd
0.7190392794595947,0.884450784593438,0.42413257592759707,0.7191682793637468,no_nlcd
0.7192894671003253,0.884450784593438,0.42412556009477165,0.7191682793637468,no_nlcd
0.7192894671003253,0.8847677920431131,0.4240633924615485,0.7191682793637468,no_nlcd
0.7200400300225169,0.8847677920431131,0.42405191634907763,0.7191682793637468,no_nlcd
0.7200400300225169,0.8850847994927881,0.42398855077273623,0.7191682793637468,no_nlcd
0.720540405303978,0.8850847994927881,0.42397636615218903,0.7191682793637468,no_nlcd
0.720540405303978,0.8852433032176256,0.4239592973040981,0.7191682793637468,no_nlcd
0.7207905929447085,0.8852433032176256,0.42392895413352605,0.7191682793637468,no_nlcd
0.7207905929447085,0.8854018069424632,0.4239219195314175,0.7191682793637468,no_nlcd
0.7210407805854391,0.8854018069424632,0.4239079929703676,0.7191682793637468,no_nlcd
0.7210407805854391,0.8857188143921382,0.423907508989609,0.7191682793637468,no_nlcd
0.7212909682261697,0.8857188143921382,0.4238974147317187,0.7191682793637468,no_nlcd
0.7212909682261697,0.8858773181169758,0.4238949659438718,0.7191682793637468,no_nlcd
0.7217913435076307,0.8858773181169758,0.42385699989449166,0.7191682793637468,no_nlcd
0.7217913435076307,0.8860358218418133,0.42384863252118793,0.7191682793637468,no_nlcd
0.7220415311483612,0.8860358218418133,0.42384442094420677,0.7191682793637468,no_nlcd
0.7220415311483612,0.8863528292914884,0.42381593610208873,0.7191682793637468,no_nlcd
0.7225419064298224,0.8863528292914884,0.42379785868582215,0.7191682793637468,no_nlcd
0.7225419064298224,0.8865113330163259,0.42373393477260163,0.7191682793637468,no_nlcd
0.7227920940705529,0.8865113330163259,0.423729239619979,0.7191682793637468,no_nlcd
0.7227920940705529,0.8866698367411634,0.423720706172288,0.7191682793637468,no_nlcd
0.7245434075556667,0.8866698367411634,0.4236050603696449,0.7191682793637468,no_nlcd
0.7245434075556667,0.8868283404660009,0.42360489991670636,0.7191682793637468,no_nlcd
0.725544158118589,0.8868283404660009,0.4235671493591517,0.7191682793637468,no_nlcd
0.725544158118589,0.8869868441908385,0.4235668640174178,0.7191682793637468,no_nlcd
0.7257943457593194,0.8869868441908385,0.4235608801551592,0.7191682793637468,no_nlcd
0.7257943457593194,0.8874623553653511,0.42351078342381804,0.7191682793637468,no_nlcd
0.7262947210407806,0.8874623553653511,0.42348081400196813,0.7191682793637468,no_nlcd
0.7262947210407806,0.8876208590901886,0.42347627914515124,0.7191682793637468,no_nlcd
0.7265449086815111,0.8876208590901886,0.42344338326315134,0.7191682793637468,no_nlcd
0.7265449086815111,0.8879378665398637,0.42343431479741134,0.7191682793637468,no_nlcd
0.7267950963222417,0.8879378665398637,0.4234336505548996,0.7191682793637468,no_nlcd
0.7267950963222417,0.8880963702647012,0.4234202084104298,0.7191682793637468,no_nlcd
0.7287965974480861,0.8880963702647012,0.42334543786992895,0.7191682793637468,no_nlcd
0.7287965974480861,0.8882548739895387,0.4233452839005495,0.7191682793637468,no_nlcd
0.7292969727295472,0.8882548739895387,0.42329660124656565,0.7191682793637468,no_nlcd
0.7292969727295472,0.8884133777143763,0.4232535559070625,0.7191682793637468,no_nlcd
0.7297973480110083,0.8884133777143763,0.4231779861384999,0.7191682793637468,no_nlcd
0.7297973480110083,0.8885718814392138,0.42306944963851484,0.7191682793637468,no_nlcd
0.7307980985739304,0.8885718814392138,0.4229997538740118,0.7191682793637468,no_nlcd
0.7307980985739304,0.8887303851640513,0.4229826357760581,0.7191682793637468,no_nlcd
0.731048286214661,0.8887303851640513,0.42296981813202134,0.7191682793637468,no_nlcd
0.731048286214661,0.889205896338564,0.4229428953716826,0.7191682793637468,no_nlcd
0.7312984738553916,0.889205896338564,0.4229021946207958,0.7191682793637468,no_nlcd
0.7312984738553916,0.8893644000634015,0.4228713177301633,0.7191682793637468,no_nlcd
0.7322992244183137,0.8893644000634015,0.4227961977457944,0.7191682793637468,no_nlcd
0.7322992244183137,0.8895229037882391,0.4227953665675224,0.7191682793637468,no_nlcd
0.7327995996997748,0.8895229037882391,0.4227716225666236,0.7191682793637468,no_nlcd
0.7327995996997748,0.8896814075130766,0.4227705899435524,0.7191682793637468,no_nlcd
0.7338003502626971,0.8896814075130766,0.4226520662626776,0.7191682793637468,no_nlcd
0.7338003502626971,0.8899984149627517,0.42261863607012234,0.7191682793637468,no_nlcd
0.7340505379034276,0.8899984149627517,0.42260504744099764,0.7191682793637468,no_nlcd
0.7340505379034276,0.8901569186875892,0.4225575682581016,0.7191682793637468,no_nlcd
0.7348011008256192,0.8901569186875892,0.4224998047056042,0.7191682793637468,no_nlcd
0.7348011008256192,0.8903154224124267,0.4224920032622202,0.7191682793637468,no_nlcd
0.7350512884663498,0.8903154224124267,0.42246836734511506,0.7191682793637468,no_nlcd
0.7350512884663498,0.8911079410366144,0.4224094125861365,0.7191682793637468,no_nlcd
0.7353014761070803,0.8911079410366144,0.4223215142638141,0.7191682793637468,no_nlcd
0.7353014761070803,0.8912664447614519,0.4223105417303371,0.7191682793637468,no_nlcd
0.7370527895921941,0.8912664447614519,0.4221993631091503,0.7191682793637468,no_nlcd
0.7370527895921941,0.8914249484862894,0.42219177525886453,0.7191682793637468,no_nlcd
0.7375531648736552,0.8914249484862894,0.42217863178741344,0.7191682793637468,no_nlcd
0.7375531648736552,0.891583452211127,0.42217435533183534,0.7191682793637468,no_nlcd
0.7383037277958469,0.891583452211127,0.42208577036502715,0.7191682793637468,no_nlcd
0.7383037277958469,0.8917419559359645,0.4220752665710364,0.7191682793637468,no_nlcd
0.7395546659994996,0.8917419559359645,0.42201478115041985,0.7191682793637468,no_nlcd
0.7395546659994996,0.891900459660802,0.4219715927841869,0.7191682793637468,no_nlcd
0.7400550412809607,0.891900459660802,0.4219037164244821,0.7191682793637468,no_nlcd
0.7400550412809607,0.8925344745601521,0.42186977381272694,0.7191682793637468,no_nlcd
0.7410557918438829,0.8925344745601521,0.4218161018821877,0.7191682793637468,no_nlcd
0.7410557918438829,0.8931684894595023,0.42168546432164744,0.7191682793637468,no_nlcd
0.7420565424068051,0.8931684894595023,0.42157594806235144,0.7191682793637468,no_nlcd
0.7420565424068051,0.8933269931843398,0.4215654162633129,0.7191682793637468,no_nlcd
0.7425569176882661,0.8933269931843398,0.42153414724539284,0.7191682793637468,no_nlcd
0.7425569176882661,0.893644000634015,0.4215291817003571,0.7191682793637468,no_nlcd
0.7428071053289967,0.893644000634015,0.42151031764450303,0.7191682793637468,no_nlcd
0.7428071053289967,0.8938025043588524,0.4214866821090399,0.7191682793637468,no_nlcd
0.7458093570177633,0.8938025043588524,0.4212937337711208,0.7191682793637468,no_nlcd
0.7458093570177633,0.89396100808369,0.421287618711136,0.7191682793637468,no_nlcd
0.7463097322992244,0.89396100808369,0.4212843940694032,0.7191682793637468,no_nlcd
0.7463097322992244,0.8942780155333651,0.42124883637190563,0.7191682793637468,no_nlcd
0.7473104828621466,0.8942780155333651,0.42115433947613584,0.7191682793637468,no_nlcd
0.7473104828621466,0.8944365192582026,0.421146692514884,0.7191682793637468,no_nlcd
0.7488116087065299,0.8944365192582026,0.42100412869616294,0.7191682793637468,no_nlcd
0.7488116087065299,0.8949120304327152,0.4209822840172304,0.7191682793637468,no_nlcd
0.749311983987991,0.8949120304327152,0.4209639918440857,0.7191682793637468,no_nlcd
0.749311983987991,0.8950705341575527,0.4209638589334093,0.7191682793637468,no_nlcd
0.7498123592694521,0.8950705341575527,0.42093769380730894,0.7191682793637468,no_nlcd
0.7498123592694521,0.8955460453320653,0.42090383572074164,0.7191682793637468,no_nlcd
0.7503127345509132,0.8955460453320653,0.42087048024360246,0.7191682793637468,no_nlcd
0.7503127345509132,0.8960215565065779,0.4207968636474999,0.7191682793637468,no_nlcd
0.7530647985989493,0.8960215565065779,0.4205682377504367,0.7191682793637468,no_nlcd
0.7530647985989493,0.896655571405928,0.42050603971093575,0.7191682793637468,no_nlcd
0.7533149862396797,0.896655571405928,0.420493265852001,0.7191682793637468,no_nlcd
0.7533149862396797,0.8968140751307656,0.42047938493607884,0.7191682793637468,no_nlcd
0.754315736802602,0.8968140751307656,0.42042725365037165,0.7191682793637468,no_nlcd
0.754315736802602,0.8971310825804406,0.4204135193782917,0.7191682793637468,no_nlcd
0.7545659244433325,0.8971310825804406,0.42036593517758747,0.7191682793637468,no_nlcd
0.7545659244433325,0.8974480900301157,0.42035197317104267,0.7191682793637468,no_nlcd
0.7563172379284463,0.8974480900301157,0.42030524486015347,0.7191682793637468,no_nlcd
0.7563172379284463,0.8977650974797908,0.42026676837686694,0.7191682793637468,no_nlcd
0.7568176132099075,0.8977650974797908,0.42025688418661994,0.7191682793637468,no_nlcd
0.7568176132099075,0.8987161198288159,0.4201643360616184,0.7191682793637468,no_nlcd
0.757568176132099,0.8987161198288159,0.42007942529381376,0.7191682793637468,no_nlcd
0.757568176132099,0.8988746235536536,0.4200569305523263,0.7191682793637468,no_nlcd
0.7578183637728296,0.8988746235536536,0.4200543424104713,0.7191682793637468,no_nlcd
0.7578183637728296,0.8991916310033286,0.4200047879742953,0.7191682793637468,no_nlcd
0.7590693019764824,0.8991916310033286,0.419945955501066,0.7191682793637468,no_nlcd
0.7590693019764824,0.8993501347281662,0.4199312943997651,0.7191682793637468,no_nlcd
0.759319489617213,0.8993501347281662,0.41991061792522655,0.7191682793637468,no_nlcd
0.759319489617213,0.8996671421778412,0.4198833654925246,0.7191682793637468,no_nlcd
0.759819864898674,0.8996671421778412,0.4198621276569229,0.7191682793637468,no_nlcd
0.759819864898674,0.9003011570771913,0.41978930882664584,0.7191682793637468,no_nlcd
0.7603202401801351,0.9003011570771913,0.41974616823729377,0.7191682793637468,no_nlcd
0.7603202401801351,0.9004596608020289,0.4197298969490926,0.7191682793637468,no_nlcd
0.7613209907430573,0.9004596608020289,0.41963608671446867,0.7191682793637468,no_nlcd
0.7613209907430573,0.9007766682517039,0.4195049794526774,0.7191682793637468,no_nlcd
0.7620715536652489,0.9007766682517039,0.41943659076187273,0.7191682793637468,no_nlcd
0.7620715536652489,0.9009351719765415,0.41940485372889813,0.7191682793637468,no_nlcd
0.7628221165874406,0.9009351719765415,0.4193429028628449,0.7191682793637468,no_nlcd
0.7628221165874406,0.901093675701379,0.419331612173736,0.7191682793637468,no_nlcd
0.7633224918689017,0.901093675701379,0.41932384151998325,0.7191682793637468,no_nlcd
0.7633224918689017,0.9012521794262165,0.4192902135040885,0.7191682793637468,no_nlcd
0.7640730547910933,0.9012521794262165,0.4192572346650002,0.7191682793637468,no_nlcd
0.7640730547910933,0.9014106831510541,0.41925195384016023,0.7191682793637468,no_nlcd
0.7643232424318238,0.9014106831510541,0.41924313953535985,0.7191682793637468,no_nlcd
0.7643232424318238,0.9018861943255666,0.4191947156702818,0.7191682793637468,no_nlcd
0.7650738053540155,0.9018861943255666,0.419071309208508,0.7191682793637468,no_nlcd
0.7650738053540155,0.9020446980504042,0.4190355152634631,0.7191682793637468,no_nlcd
0.7655741806354766,0.9020446980504042,0.4190032673798707,0.7191682793637468,no_nlcd
0.7655741806354766,0.9022032017752417,0.41899499009816465,0.7191682793637468,no_nlcd
0.7663247435576682,0.9022032017752417,0.4189727041320668,0.7191682793637468,no_nlcd
0.7663247435576682,0.9023617055000792,0.418941841521641,0.7191682793637468,no_nlcd
0.7673254941205905,0.9023617055000792,0.41885456175630187,0.7191682793637468,no_nlcd
0.7673254941205905,0.9025202092249168,0.41883855631857747,0.7191682793637468,no_nlcd
0.768076057042782,0.9025202092249168,0.41871103430657947,0.7191682793637468,no_nlcd
0.768076057042782,0.9026787129497543,0.4186961239201229,0.7191682793637468,no_nlcd
0.7683262446835126,0.9026787129497543,0.4186836928908752,0.7191682793637468,no_nlcd
0.7683262446835126,0.9028372166745918,0.4186449830162254,0.7191682793637468,no_nlcd
0.7685764323242432,0.9028372166745918,0.41863655788528575,0.7191682793637468,no_nlcd
0.7685764323242432,0.9031542241242669,0.4186233932828132,0.7191682793637468,no_nlcd
0.7688266199649737,0.9031542241242669,0.41861290278833496,0.7191682793637468,no_nlcd
0.7688266199649737,0.9033127278491044,0.4186011858986093,0.7191682793637468,no_nlcd
0.7690768076057043,0.9033127278491044,0.4185986225911745,0.7191682793637468,no_nlcd
0.7690768076057043,0.9034712315739419,0.41858908068958967,0.7191682793637468,no_nlcd
0.7693269952464348,0.9034712315739419,0.4185792746797214,0.7191682793637468,no_nlcd
0.7693269952464348,0.903788239023617,0.41857106522921755,0.7191682793637468,no_nlcd
0.769827370527896,0.903788239023617,0.41855453648195745,0.7191682793637468,no_nlcd
0.769827370527896,0.9039467427484545,0.41850809055943355,0.7191682793637468,no_nlcd
0.770327745809357,0.9039467427484545,0.4184699200468987,0.7191682793637468,no_nlcd
0.770327745809357,0.9042637501981297,0.4184404773761164,0.7191682793637468,no_nlcd
0.7728296222166625,0.9042637501981297,0.41823320761570654,0.7191682793637468,no_nlcd
0.7728296222166625,0.9045807576478048,0.4182140709756494,0.7191682793637468,no_nlcd
0.7733299974981236,0.9045807576478048,0.41815780437336214,0.7191682793637468,no_nlcd
0.7733299974981236,0.9047392613726423,0.4181572484857601,0.7191682793637468,no_nlcd
0.7738303727795847,0.9047392613726423,0.4181467818687095,0.7191682793637468,no_nlcd
0.7738303727795847,0.9050562688223174,0.4181250950536376,0.7191682793637468,no_nlcd
0.7745809357017763,0.9050562688223174,0.4181159330303339,0.7191682793637468,no_nlcd
0.7745809357017763,0.9056902837216675,0.4179829630912929,0.7191682793637468,no_nlcd
0.7748311233425069,0.9056902837216675,0.41797638576723417,0.7191682793637468,no_nlcd
0.7748311233425069,0.905848787446505,0.4179628707870071,0.7191682793637468,no_nlcd
0.7750813109832374,0.905848787446505,0.41795516743032773,0.7191682793637468,no_nlcd
0.7750813109832374,0.9061657948961801,0.4178864810676871,0.7191682793637468,no_nlcd
0.7755816862646985,0.9061657948961801,0.4178620048030222,0.7191682793637468,no_nlcd
0.7755816862646985,0.9063242986210176,0.41785959819476537,0.7191682793637468,no_nlcd
0.7770828121090818,0.9063242986210176,0.41777269527129307,0.7191682793637468,no_nlcd
0.7770828121090818,0.9067998097955302,0.41772350001405284,0.7191682793637468,no_nlcd
0.7783337503127346,0.9067998097955302,0.4176364474880359,0.7191682793637468,no_nlcd
0.7783337503127346,0.9069583135203677,0.41763608687653125,0.7191682793637468,no_nlcd
0.7795846885163873,0.9069583135203677,0.4175807566137436,0.7191682793637468,no_nlcd
0.7795846885163873,0.9074338246948803,0.41753668172209757,0.7191682793637468,no_nlcd
0.78083562672004,0.9074338246948803,0.4173969141314482,0.7191682793637468,no_nlcd
0.78083562672004,0.9077508321445554,0.41738252939415327,0.7191682793637468,no_nlcd
0.7815861896422317,0.9077508321445554,0.4173494636852376,0.7191682793637468,no_nlcd
0.7815861896422317,0.908226343319068,0.41731661735979253,0.7191682793637468,no_nlcd
0.7820865649236928,0.908226343319068,0.41727656641809163,0.7191682793637468,no_nlcd
0.7820865649236928,0.9083848470439055,0.4172672905381632,0.7191682793637468,no_nlcd
0.7823367525644234,0.9083848470439055,0.4172552379588549,0.7191682793637468,no_nlcd
0.7823367525644234,0.908543350768743,0.41724995959945377,0.7191682793637468,no_nlcd
0.7825869402051538,0.908543350768743,0.41723978708990017,0.7191682793637468,no_nlcd
0.7825869402051538,0.9087018544935807,0.4171733508907454,0.7191682793637468,no_nlcd
0.7838378784088066,0.9087018544935807,0.4171140189173062,0.7191682793637468,no_nlcd
0.7838378784088066,0.9090188619432557,0.4170799150317371,0.7191682793637468,no_nlcd
0.7840880660495372,0.9090188619432557,0.417075268586426,0.7191682793637468,no_nlcd
0.7840880660495372,0.9091773656680932,0.41706716382934333,0.7191682793637468,no_nlcd
0.7845884413309983,0.9091773656680932,0.4170025623779268,0.7191682793637468,no_nlcd
0.7845884413309983,0.9099698842922809,0.41687855931605916,0.7191682793637468,no_nlcd
0.7848386289717288,0.9099698842922809,0.41686953787425096,0.7191682793637468,no_nlcd
0.7848386289717288,0.9104453954667935,0.4168240930065463,0.7191682793637468,no_nlcd
0.7850888166124593,0.9104453954667935,0.4168077197682679,0.7191682793637468,no_nlcd
0.7850888166124593,0.9107624029164685,0.4168053864890229,0.7191682793637468,no_nlcd
0.7853390042531899,0.9107624029164685,0.4167892905378727,0.7191682793637468,no_nlcd
0.7853390042531899,0.9110794103661436,0.41678372472591535,0.7191682793637468,no_nlcd
0.7855891918939204,0.9110794103661436,0.416769281640269,0.7191682793637468,no_nlcd
0.7855891918939204,0.9112379140909811,0.4167310261969695,0.7191682793637468,no_nlcd
0.7860895671753816,0.9112379140909811,0.41670899355927493,0.7191682793637468,no_nlcd
0.7860895671753816,0.9113964178158187,0.41669824633754726,0.7191682793637468,no_nlcd
0.7865899424568427,0.9113964178158187,0.41668223759983075,0.7191682793637468,no_nlcd
0.7865899424568427,0.9115549215406562,0.41665451853511143,0.7191682793637468,no_nlcd
0.7873405053790343,0.9115549215406562,0.41657697166846425,0.7191682793637468,no_nlcd
0.7873405053790343,0.9117134252654937,0.41656979932644994,0.7191682793637468,no_nlcd
0.7880910683012259,0.9117134252654937,0.4164716127305528,0.7191682793637468,no_nlcd
0.7880910683012259,0.9118719289903313,0.41644567333483173,0.7191682793637468,no_nlcd
0.7900925694270703,0.9118719289903313,0.41629062762415625,0.7191682793637468,no_nlcd
0.7900925694270703,0.9120304327151688,0.41624531103291335,0.7191682793637468,no_nlcd
0.7903427570678009,0.9120304327151688,0.4162234851032577,0.7191682793637468,no_nlcd
0.7903427570678009,0.9121889364400063,0.41621539183388634,0.7191682793637468,no_nlcd
0.790843132349262,0.9121889364400063,0.41615508993526396,0.7191682793637468,no_nlcd
0.790843132349262,0.9125059438896814,0.4161328695152517,0.7191682793637468,no_nlcd
0.7915936952714536,0.9125059438896814,0.41592135852045653,0.7191682793637468,no_nlcd
0.7915936952714536,0.9126644476145189,0.41591023672092714,0.7191682793637468,no_nlcd
0.7923442581936452,0.9126644476145189,0.4158408153681192,0.7191682793637468,no_nlcd
0.7923442581936452,0.912981455064194,0.4158133024283813,0.7191682793637468,no_nlcd
0.7928446334751064,0.912981455064194,0.41577590247464696,0.7191682793637468,no_nlcd
0.7928446334751064,0.9131399587890315,0.4157751305753614,0.7191682793637468,no_nlcd
0.7940955716787591,0.9131399587890315,0.41565473415849324,0.7191682793637468,no_nlcd
0.7940955716787591,0.9136154699635441,0.4156222125002542,0.7191682793637468,no_nlcd
0.7943457593194896,0.9136154699635441,0.41561388248347975,0.7191682793637468,no_nlcd
0.7943457593194896,0.9137739736883816,0.4155808462262121,0.7191682793637468,no_nlcd
0.7950963222416813,0.9137739736883816,0.4155597789871127,0.7191682793637468,no_nlcd
0.7950963222416813,0.9144079885877318,0.41544676744108094,0.7191682793637468,no_nlcd
0.7958468851638729,0.9144079885877318,0.4153990596720197,0.7191682793637468,no_nlcd
0.7958468851638729,0.9145664923125694,0.4153334716898101,0.7191682793637468,no_nlcd
0.7965974480860646,0.9145664923125694,0.41530100694623456,0.7191682793637468,no_nlcd
0.7965974480860646,0.9147249960374069,0.4152992321150568,0.7191682793637468,no_nlcd
0.7970978233675257,0.9147249960374069,0.41527160266901175,0.7191682793637468,no_nlcd
0.7970978233675257,0.915042003487082,0.4152263662129754,0.7191682793637468,no_nlcd
0.7978483862897173,0.915042003487082,0.4151751674667952,0.7191682793637468,no_nlcd
0.7978483862897173,0.9152005072119195,0.4151749217655525,0.7191682793637468,no_nlcd
0.7980985739304478,0.9152005072119195,0.4151499454552959,0.7191682793637468,no_nlcd
0.7980985739304478,0.915359010936757,0.4151294338651802,0.7191682793637468,no_nlcd
0.7988491368526395,0.915359010936757,0.4150812054348429,0.7191682793637468,no_nlcd
0.7988491368526395,0.9159930258361072,0.4150122430147553,0.7191682793637468,no_nlcd
0.7990993244933701,0.9159930258361072,0.4149787113550185,0.7191682793637468,no_nlcd
0.7990993244933701,0.9161515295609447,0.4149758589521038,0.7191682793637468,no_nlcd
0.7993495121341005,0.9161515295609447,0.4149622719827796,0.7191682793637468,no_nlcd
0.7993495121341005,0.9163100332857822,0.41493426685631024,0.7191682793637468,no_nlcd
0.8001000750562922,0.9163100332857822,0.41486635370984587,0.7191682793637468,no_nlcd
0.8001000750562922,0.9167855444602948,0.414777088823132,0.7191682793637468,no_nlcd
0.8008506379784839,0.9167855444602948,0.4147546428258741,0.7191682793637468,no_nlcd
0.8008506379784839,0.9171025519099699,0.41472410790791947,0.7191682793637468,no_nlcd
0.801851388541406,0.9171025519099699,0.41459918826271747,0.7191682793637468,no_nlcd
0.801851388541406,0.91773656680932,0.41451820119560123,0.7191682793637468,no_nlcd
0.8031023267450588,0.91773656680932,0.4144544084451175,0.7191682793637468,no_nlcd
0.8031023267450588,0.9178950705341575,0.41436938811090734,0.7191682793637468,no_nlcd
0.8038528896672504,0.9178950705341575,0.41435097831873335,0.7191682793637468,no_nlcd
0.8038528896672504,0.9182120779838326,0.4143296185312163,0.7191682793637468,no_nlcd
0.804103077307981,0.9182120779838326,0.41430841532699314,0.7191682793637468,no_nlcd
0.804103077307981,0.9190045966080203,0.4142095461057998,0.7191682793637468,no_nlcd
0.8043532649487115,0.9190045966080203,0.414174103283258,0.7191682793637468,no_nlcd
0.8043532649487115,0.9193216040576954,0.41413894993137745,0.7191682793637468,no_nlcd
0.8046034525894421,0.9193216040576954,0.41412632222843176,0.7191682793637468,no_nlcd
0.8046034525894421,0.9202726264067206,0.41396471340691704,0.7191682793637468,no_nlcd
0.8051038278709032,0.9202726264067206,0.41392908200705714,0.7191682793637468,no_nlcd
0.8051038278709032,0.9204311301315581,0.4139072816263401,0.7191682793637468,no_nlcd
0.8061045784338253,0.9204311301315581,0.4138747646172098,0.7191682793637468,no_nlcd
0.8061045784338253,0.9205896338563956,0.41387100902192486,0.7191682793637468,no_nlcd
0.8063547660745559,0.9205896338563956,0.4138628379287339,0.7191682793637468,no_nlcd
0.8063547660745559,0.9207481375812332,0.41384112340181056,0.7191682793637468,no_nlcd
0.8066049537152865,0.9207481375812332,0.4138249045319895,0.7191682793637468,no_nlcd
0.8066049537152865,0.9209066413060707,0.413789287609173,0.7191682793637468,no_nlcd
0.806855141356017,0.9209066413060707,0.41378356504815766,0.7191682793637468,no_nlcd
0.806855141356017,0.9212236487557458,0.4137665754918995,0.7191682793637468,no_nlcd
0.8078558919189393,0.9212236487557458,0.4137318180595404,0.7191682793637468,no_nlcd
0.8078558919189393,0.9213821524805833,0.4137252561203977,0.7191682793637468,no_nlcd
0.8083562672004003,0.9213821524805833,0.4137037996512972,0.7191682793637468,no_nlcd
0.8083562672004003,0.9216991599302584,0.41367313164874153,0.7191682793637468,no_nlcd
0.8086064548411308,0.9216991599302584,0.41366130774983406,0.7191682793637468,no_nlcd
0.8086064548411308,0.9220161673799334,0.413630001076854,0.7191682793637468,no_nlcd
0.8088566424818614,0.9220161673799334,0.4135965636164709,0.7191682793637468,no_nlcd
0.8088566424818614,0.9221746711047709,0.4135840938813806,0.7191682793637468,no_nlcd
0.809106830122592,0.9221746711047709,0.4135839394718856,0.7191682793637468,no_nlcd
0.809106830122592,0.9223331748296085,0.41353371150936824,0.7191682793637468,no_nlcd
0.8096072054040531,0.9223331748296085,0.41351822285722234,0.7191682793637468,no_nlcd
0.8096072054040531,0.9226501822792835,0.4134768810719664,0.7191682793637468,no_nlcd
0.8098573930447835,0.9226501822792835,0.41347626785573616,0.7191682793637468,no_nlcd
0.8098573930447835,0.9228086860041211,0.41345455398829306,0.7191682793637468,no_nlcd
0.8103577683262447,0.9228086860041211,0.4133971537256214,0.7191682793637468,no_nlcd
0.8103577683262447,0.9229671897289586,0.4133883028114255,0.7191682793637468,no_nlcd
0.8113585188891669,0.9229671897289586,0.41326563027127317,0.7191682793637468,no_nlcd
0.8113585188891669,0.9232841971786337,0.4132029356364479,0.7191682793637468,no_nlcd
0.811858894170628,0.9232841971786337,0.41315019754635407,0.7191682793637468,no_nlcd
0.811858894170628,0.9237597083531462,0.4130459878924285,0.7191682793637468,no_nlcd
0.8121090818113585,0.9237597083531462,0.41304529198039847,0.7191682793637468,no_nlcd
0.8121090818113585,0.9239182120779839,0.4130389089550543,0.7191682793637468,no_nlcd
0.8126094570928196,0.9239182120779839,0.41301634681339483,0.7191682793637468,no_nlcd
0.8126094570928196,0.9240767158028214,0.4130075352728607,0.7191682793637468,no_nlcd
0.8128596447335502,0.9240767158028214,0.41300135586805486,0.7191682793637468,no_nlcd
0.8128596447335502,0.9242352195276589,0.41295743607885066,0.7191682793637468,no_nlcd
0.8133600200150113,0.9242352195276589,0.41293210814995146,0.7191682793637468,no_nlcd
0.8133600200150113,0.9243937232524965,0.41282925437050805,0.7191682793637468,no_nlcd
0.8136102076557418,0.9243937232524965,0.4128280230734053,0.7191682793637468,no_nlcd
0.8136102076557418,0.924552226977334,0.4127967806599419,0.7191682793637468,no_nlcd
0.8148611458593945,0.924552226977334,0.41272890664875306,0.7191682793637468,no_nlcd
0.8148611458593945,0.9247107307021715,0.4127220771402889,0.7191682793637468,no_nlcd
0.8156117087815862,0.9247107307021715,0.41268176425968606,0.7191682793637468,no_nlcd
0.8156117087815862,0.9250277381518466,0.4126549126928149,0.7191682793637468,no_nlcd
0.8158618964223168,0.9250277381518466,0.4126498057095158,0.7191682793637468,no_nlcd
0.8158618964223168,0.9255032493263592,0.4126098787402636,0.7191682793637468,no_nlcd
0.8161120840630472,0.9255032493263592,0.412603896567133,0.7191682793637468,no_nlcd
0.8161120840630472,0.9262957679505468,0.4125127091566643,0.7191682793637468,no_nlcd
0.8163622717037778,0.9262957679505468,0.4124636576447267,0.7191682793637468,no_nlcd
0.8163622717037778,0.9264542716753844,0.41241911310334955,0.7191682793637468,no_nlcd
0.8166124593445084,0.9264542716753844,0.41238882283529416,0.7191682793637468,no_nlcd
0.8166124593445084,0.9266127754002219,0.4123791271353327,0.7191682793637468,no_nlcd
0.8173630222667,0.9266127754002219,0.4123041208991882,0.7191682793637468,no_nlcd
0.8173630222667,0.9267712791250594,0.41226516523727574,0.7191682793637468,no_nlcd
0.8176132099074306,0.9267712791250594,0.41224761271048055,0.7191682793637468,no_nlcd
0.8176132099074306,0.926929782849897,0.4122310840010637,0.7191682793637468,no_nlcd
0.8178633975481612,0.926929782849897,0.4122266558452272,0.7191682793637468,no_nlcd
0.8178633975481612,0.9270882865747345,0.4121911013027374,0.7191682793637468,no_nlcd
0.8181135851888917,0.9270882865747345,0.41213502843427946,0.7191682793637468,no_nlcd
0.8181135851888917,0.927246790299572,0.41213453734035627,0.7191682793637468,no_nlcd
0.8191143357518139,0.927246790299572,0.41204304463074515,0.7191682793637468,no_nlcd
0.8191143357518139,0.9278808051989221,0.4120126835709784,0.7191682793637468,no_nlcd
0.819614711033275,0.9278808051989221,0.41198869500517726,0.7191682793637468,no_nlcd
0.819614711033275,0.9286733238231099,0.41190624363573747,0.7191682793637468,no_nlcd
0.8198648986740055,0.9286733238231099,0.4118714417602832,0.7191682793637468,no_nlcd
0.8198648986740055,0.9288318275479474,0.41186384495230677,0.7191682793637468,no_nlcd
0.8201150863147361,0.9288318275479474,0.4118587016660818,0.7191682793637468,no_nlcd
0.8201150863147361,0.928990331272785,0.41183324832986173,0.7191682793637468,no_nlcd
0.8203652739554665,0.928990331272785,0.4118187239149288,0.7191682793637468,no_nlcd
0.8203652739554665,0.9291488349976225,0.4118176388358615,0.7191682793637468,no_nlcd
0.8208656492369277,0.9291488349976225,0.41175972409044703,0.7191682793637468,no_nlcd
0.8208656492369277,0.92930733872246,0.41175667825115814,0.7191682793637468,no_nlcd
0.8213660245183888,0.92930733872246,0.41169695861799255,0.7191682793637468,no_nlcd
0.8213660245183888,0.9294658424472975,0.41169578609827473,0.7191682793637468,no_nlcd
0.8218663997998499,0.9294658424472975,0.41161451115474595,0.7191682793637468,no_nlcd
0.8218663997998499,0.9299413536218101,0.41152388784089555,0.7191682793637468,no_nlcd
0.8221165874405805,0.9299413536218101,0.4115173897328712,0.7191682793637468,no_nlcd
0.8221165874405805,0.9300998573466477,0.41148387533773945,0.7191682793637468,no_nlcd
0.822366775081311,0.9300998573466477,0.4114414924754082,0.7191682793637468,no_nlcd
0.822366775081311,0.9302583610714852,0.4114152652224817,0.7191682793637468,no_nlcd
0.822867150362772,0.9302583610714852,0.41140644497823,0.7191682793637468,no_nlcd
0.822867150362772,0.9313678871453479,0.4112028069170186,0.7191682793637468,no_nlcd
0.8231173380035026,0.9313678871453479,0.4112005429128397,0.7191682793637468,no_nlcd
0.8231173380035026,0.931684894595023,0.41114929388850463,0.7191682793637468,no_nlcd
0.8238679009256943,0.931684894595023,0.41111519793973905,0.7191682793637468,no_nlcd
0.8238679009256943,0.9318433983198605,0.41110043133602103,0.7191682793637468,no_nlcd
0.8243682762071554,0.9318433983198605,0.4110046020651064,0.7191682793637468,no_nlcd
0.8243682762071554,0.9321604057695356,0.4109440406991342,0.7191682793637468,no_nlcd
0.824618463847886,0.9321604057695356,0.4109239030641088,0.7191682793637468,no_nlcd
0.824618463847886,0.9323189094943731,0.41087651196871944,0.7191682793637468,no_nlcd
0.8248686514886164,0.9323189094943731,0.4108440796113839,0.7191682793637468,no_nlcd
0.8248686514886164,0.9324774132192106,0.4108361633219043,0.7191682793637468,no_nlcd
0.825118839129347,0.9324774132192106,0.4108154730179418,0.7191682793637468,no_nlcd
0.825118839129347,0.9326359169440482,0.4108127744284962,0.7191682793637468,no_nlcd
0.8256192144108081,0.9326359169440482,0.41074134427910525,0.7191682793637468,no_nlcd
0.8256192144108081,0.9332699318433983,0.41065478129973837,0.7191682793637468,no_nlcd
0.8258694020515387,0.9332699318433983,0.4106485035145458,0.7191682793637468,no_nlcd
0.8258694020515387,0.933745443017911,0.4106011675153668,0.7191682793637468,no_nlcd
0.8263697773329998,0.933745443017911,0.41059019376422284,0.7191682793637468,no_nlcd
0.8263697773329998,0.9343794579172611,0.41056729297502864,0.7191682793637468,no_nlcd
0.8266199649737302,0.9343794579172611,0.4105594013763313,0.7191682793637468,no_nlcd
0.8266199649737302,0.9345379616420986,0.4105589435226723,0.7191682793637468,no_nlcd
0.8273705278959219,0.9345379616420986,0.41051475299506235,0.7191682793637468,no_nlcd
0.8273705278959219,0.9346964653669361,0.41051141450615525,0.7191682793637468,no_nlcd
0.827870903177383,0.9346964653669361,0.41040072031957164,0.7191682793637468,no_nlcd
0.827870903177383,0.9348549690917737,0.41039497830494737,0.7191682793637468,no_nlcd
0.8288716537403052,0.9348549690917737,0.41025509484168876,0.7191682793637468,no_nlcd
0.8288716537403052,0.9354889839911238,0.4101372485309786,0.7191682793637468,no_nlcd
0.8291218413810357,0.9354889839911238,0.4101151449816891,0.7191682793637468,no_nlcd
0.8291218413810357,0.9359644951656364,0.41001421288991513,0.7191682793637468,no_nlcd
0.8293720290217663,0.9359644951656364,0.4100059145801218,0.7191682793637468,no_nlcd
0.8293720290217663,0.9361229988904739,0.40999510243088155,0.7191682793637468,no_nlcd
0.830122591943958,0.9361229988904739,0.40995260862948396,0.7191682793637468,no_nlcd
0.830122591943958,0.936440006340149,0.4099206405378997,0.7191682793637468,no_nlcd
0.8313735301476107,0.936440006340149,0.4096780437174807,0.7191682793637468,no_nlcd
0.8313735301476107,0.9365985100649865,0.40964392846865,0.7191682793637468,no_nlcd
0.8318739054290718,0.9365985100649865,0.40955905424123734,0.7191682793637468,no_nlcd
0.8318739054290718,0.936757013789824,0.40955051806791015,0.7191682793637468,no_nlcd
0.8321240930698024,0.936757013789824,0.4095459156516169,0.7191682793637468,no_nlcd
0.8321240930698024,0.9369155175146616,0.40954017577162155,0.7191682793637468,no_nlcd
0.8326244683512635,0.9369155175146616,0.40946967344407764,0.7191682793637468,no_nlcd
0.8326244683512635,0.9370740212394991,0.4094416988411175,0.7191682793637468,no_nlcd
0.8333750312734551,0.9370740212394991,0.4093680836305576,0.7191682793637468,no_nlcd
0.8333750312734551,0.9373910286891742,0.4092990476455526,0.7191682793637468,no_nlcd
0.8338754065549162,0.9373910286891742,0.4092587931911272,0.7191682793637468,no_nlcd
0.8338754065549162,0.9377080361388492,0.40921347069598113,0.7191682793637468,no_nlcd
0.8343757818363773,0.9377080361388492,0.40917863693001844,0.7191682793637468,no_nlcd
0.8343757818363773,0.9380250435885243,0.4091277678273336,0.7191682793637468,no_nlcd
0.8346259694771079,0.9380250435885243,0.40912110895141507,0.7191682793637468,no_nlcd
0.8346259694771079,0.938500554763037,0.40905656365777493,0.7191682793637468,no_nlcd
0.8348761571178384,0.938500554763037,0.40904249840065493,0.7191682793637468,no_nlcd
0.8348761571178384,0.938817562212712,0.408873674735534,0.7191682793637468,no_nlcd
0.8353765323992994,0.938817562212712,0.40866080558971635,0.7191682793637468,no_nlcd
0.8353765323992994,0.9389760659375496,0.40864662920391454,0.7191682793637468,no_nlcd
0.83562672004003,0.9389760659375496,0.4085654901488329,0.7191682793637468,no_nlcd
0.83562672004003,0.9392930733872246,0.4085455870924489,0.7191682793637468,no_nlcd
0.8371278458844134,0.9392930733872246,0.4081808847902142,0.7191682793637468,no_nlcd
0.8371278458844134,0.9394515771120622,0.4081367146446124,0.7191682793637468,no_nlcd
0.8376282211658744,0.9394515771120622,0.40808042689683677,0.7191682793637468,no_nlcd
0.8376282211658744,0.9396100808368997,0.40806779027937296,0.7191682793637468,no_nlcd
0.8398799099324493,0.9396100808368997,0.40774050369584025,0.7191682793637468,no_nlcd
0.8398799099324493,0.9399270882865748,0.40772566087402295,0.7191682793637468,no_nlcd
0.8401300975731799,0.9399270882865748,0.40769367840028115,0.7191682793637468,no_nlcd
0.8401300975731799,0.9400855920114123,0.40763785829217325,0.7191682793637468,no_nlcd
0.840630472854641,0.9400855920114123,0.4076192146623427,0.7191682793637468,no_nlcd
0.840630472854641,0.9404025994610873,0.40756702241320575,0.7191682793637468,no_nlcd
0.8408806604953716,0.9404025994610873,0.4075503893908386,0.7191682793637468,no_nlcd
0.8408806604953716,0.9405611031859249,0.4075364013012097,0.7191682793637468,no_nlcd
0.8411308481361021,0.9405611031859249,0.4074615109564696,0.7191682793637468,no_nlcd
0.8411308481361021,0.9407196069107624,0.40740069517111727,0.7191682793637468,no_nlcd
0.8416312234175631,0.9407196069107624,0.4073040714084039,0.7191682793637468,no_nlcd
0.8416312234175631,0.9408781106355999,0.40725957342557456,0.7191682793637468,no_nlcd
0.8418814110582937,0.9408781106355999,0.40723803802055614,0.7191682793637468,no_nlcd
0.8418814110582937,0.9410366143604375,0.40722882335792016,0.7191682793637468,no_nlcd
0.8423817863397548,0.9410366143604375,0.4070370019089552,0.7191682793637468,no_nlcd
0.8423817863397548,0.9415121255349501,0.40693122897400935,0.7191682793637468,no_nlcd
0.8426319739804854,0.9415121255349501,0.4068545841119423,0.7191682793637468,no_nlcd
0.8426319739804854,0.9416706292597876,0.40679438245201865,0.7191682793637468,no_nlcd
0.8428821616212159,0.9416706292597876,0.40678770186987506,0.7191682793637468,no_nlcd
0.8428821616212159,0.9418291329846251,0.40677204986073734,0.7191682793637468,no_nlcd
0.8436327245434075,0.9418291329846251,0.40674456714321056,0.7191682793637468,no_nlcd
0.8436327245434075,0.9421461404343002,0.40670303726973395,0.7191682793637468,no_nlcd
0.8438829121841381,0.9421461404343002,0.40666356854018904,0.7191682793637468,no_nlcd
0.8438829121841381,0.9423046441591377,0.4066167194867441,0.7191682793637468,no_nlcd
0.8441330998248686,0.9423046441591377,0.4065949195696068,0.7191682793637468,no_nlcd
0.8441330998248686,0.9424631478839752,0.40651055942430264,0.7191682793637468,no_nlcd
0.8443832874655992,0.9424631478839752,0.4065061720800263,0.7191682793637468,no_nlcd
0.8443832874655992,0.943255666508163,0.40642460580181067,0.7191682793637468,no_nlcd
0.8448836627470603,0.943255666508163,0.40626707455610633,0.7191682793637468,no_nlcd
0.8448836627470603,0.9434141702330004,0.40626284225316334,0.7191682793637468,no_nlcd
0.8451338503877909,0.9434141702330004,0.40623104375919894,0.7191682793637468,no_nlcd
0.8451338503877909,0.9435726739578381,0.4062101314795379,0.7191682793637468,no_nlcd
0.8453840380285214,0.9435726739578381,0.406139090318741,0.7191682793637468,no_nlcd
0.8453840380285214,0.9437311776826756,0.4061126179307579,0.7191682793637468,no_nlcd
0.845634225669252,0.9437311776826756,0.40602511657879403,0.7191682793637468,no_nlcd
0.845634225669252,0.9440481851323506,0.40598091159727573,0.7191682793637468,no_nlcd
0.846134600950713,0.9440481851323506,0.40585939183371766,0.7191682793637468,no_nlcd
0.846134600950713,0.9446822000317008,0.40573991089039885,0.7191682793637468,no_nlcd
0.8463847885914436,0.9446822000317008,0.40570080875755116,0.7191682793637468,no_nlcd
0.8463847885914436,0.9448407037565383,0.4056881113186383,0.7191682793637468,no_nlcd
0.8466349762321741,0.9448407037565383,0.4056659524082024,0.7191682793637468,no_nlcd
0.8466349762321741,0.9451577112062134,0.40564737194920225,0.7191682793637468,no_nlcd
0.8476357267950964,0.9451577112062134,0.4055866801349264,0.7191682793637468,no_nlcd
0.8476357267950964,0.9453162149310509,0.40552934814775016,0.7191682793637468,no_nlcd
0.8481361020765574,0.9453162149310509,0.4055037478111597,0.7191682793637468,no_nlcd
0.8481361020765574,0.9454747186558884,0.4054684690754789,0.7191682793637468,no_nlcd
0.8496372279209407,0.9454747186558884,0.40523898162794203,0.7191682793637468,no_nlcd
0.8496372279209407,0.945633222380726,0.4052279655041918,0.7191682793637468,no_nlcd
0.8506379784838629,0.945633222380726,0.4051660513902341,0.7191682793637468,no_nlcd
0.8506379784838629,0.9457917261055635,0.40515084839558074,0.7191682793637468,no_nlcd
0.8508881661245934,0.9457917261055635,0.405143022842764,0.7191682793637468,no_nlcd
0.8508881661245934,0.945950229830401,0.40513949444308806,0.7191682793637468,no_nlcd
0.8513885414060546,0.945950229830401,0.4050113356100365,0.7191682793637468,no_nlcd
0.8513885414060546,0.9461087335552385,0.4050108091284479,0.7191682793637468,no_nlcd
0.8516387290467851,0.9461087335552385,0.40487771776273696,0.7191682793637468,no_nlcd
0.8516387290467851,0.9462672372800761,0.4048591246777054,0.7191682793637468,no_nlcd
0.8523892919689767,0.9462672372800761,0.40458570853661563,0.7191682793637468,no_nlcd
0.8523892919689767,0.9464257410049136,0.40457974207789965,0.7191682793637468,no_nlcd
0.8526394796097073,0.9464257410049136,0.40447869179059676,0.7191682793637468,no_nlcd
0.8526394796097073,0.9465842447297511,0.40443333319707736,0.7191682793637468,no_nlcd
0.8531398548911684,0.9465842447297511,0.40440005475149066,0.7191682793637468,no_nlcd
0.8531398548911684,0.9469012521794262,0.40436896284156604,0.7191682793637468,no_nlcd
0.8541406054540905,0.9469012521794262,0.4042739710997458,0.7191682793637468,no_nlcd
0.8541406054540905,0.9470597559042637,0.40424124579392723,0.7191682793637468,no_nlcd
0.8543907930948211,0.9470597559042637,0.4042280085211701,0.7191682793637468,no_nlcd
0.8543907930948211,0.9481692819781264,0.40407919915658236,0.7191682793637468,no_nlcd
0.8546409807355516,0.9481692819781264,0.4039681490923049,0.7191682793637468,no_nlcd
0.8546409807355516,0.948327785702964,0.40388195363838264,0.7191682793637468,no_nlcd
0.8548911683762822,0.948327785702964,0.4038140118150518,0.7191682793637468,no_nlcd
0.8548911683762822,0.9484862894278016,0.40380792258126763,0.7191682793637468,no_nlcd
0.8551413560170128,0.9484862894278016,0.4037767837201005,0.7191682793637468,no_nlcd
0.8551413560170128,0.948644793152639,0.40373505693038436,0.7191682793637468,no_nlcd
0.8563922942206655,0.948644793152639,0.403595903496216,0.7191682793637468,no_nlcd
0.8563922942206655,0.9488032968774767,0.40356635214266307,0.7191682793637468,no_nlcd
0.8568926695021266,0.9488032968774767,0.4034986573173408,0.7191682793637468,no_nlcd
0.8568926695021266,0.9491203043271517,0.40346451411320755,0.7191682793637468,no_nlcd
0.8573930447835877,0.9491203043271517,0.40340088224680765,0.7191682793637468,no_nlcd
0.8573930447835877,0.9492788080519893,0.4033688268002368,0.7191682793637468,no_nlcd
0.8578934200650488,0.9492788080519893,0.403297199222406,0.7191682793637468,no_nlcd
0.8578934200650488,0.9494373117768268,0.4032347995341361,0.7191682793637468,no_nlcd
0.8581436077057794,0.9494373117768268,0.40323027205408246,0.7191682793637468,no_nlcd
0.8581436077057794,0.9495958155016643,0.4032181085922372,0.7191682793637468,no_nlcd
0.8583937953465098,0.9495958155016643,0.4031762950512474,0.7191682793637468,no_nlcd
0.8583937953465098,0.9497543192265018,0.40317558088851463,0.7191682793637468,no_nlcd
0.858894170627971,0.9497543192265018,0.4031542636435739,0.7191682793637468,no_nlcd
0.858894170627971,0.9499128229513394,0.403154152313808,0.7191682793637468,no_nlcd
0.8591443582687015,0.9499128229513394,0.40310290413965144,0.7191682793637468,no_nlcd
0.8591443582687015,0.9502298304010144,0.40304787728612157,0.7191682793637468,no_nlcd
0.8593945459094321,0.9502298304010144,0.4030398555675295,0.7191682793637468,no_nlcd
0.8593945459094321,0.950388334125852,0.40301045537569624,0.7191682793637468,no_nlcd
0.8596447335501626,0.950388334125852,0.4029979009021775,0.7191682793637468,no_nlcd
0.8596447335501626,0.9505468378506895,0.4029960885093277,0.7191682793637468,no_nlcd
0.8598949211908932,0.9505468378506895,0.40298231053950245,0.7191682793637468,no_nlcd
0.8598949211908932,0.9510223490252021,0.40279181865985697,0.7191682793637468,no_nlcd
0.8601451088316238,0.9510223490252021,0.40266221314173234,0.7191682793637468,no_nlcd
0.8601451088316238,0.9513393564748771,0.40258711729554864,0.7191682793637468,no_nlcd
0.8606454841130848,0.9513393564748771,0.40256291491835366,0.7191682793637468,no_nlcd
0.8606454841130848,0.9514978601997147,0.402478777478708,0.7191682793637468,no_nlcd
0.8613960470352765,0.9514978601997147,0.40239209360807776,0.7191682793637468,no_nlcd
0.8613960470352765,0.9518148676493897,0.40228620891857264,0.7191682793637468,no_nlcd
0.8621466099574681,0.9518148676493897,0.40224133091582115,0.7191682793637468,no_nlcd
0.8621466099574681,0.9519733713742273,0.40221217146210975,0.7191682793637468,no_nlcd
0.8658994245684263,0.9519733713742273,0.40183412754997605,0.7191682793637468,no_nlcd
0.8658994245684263,0.9521318750990648,0.40180212171331214,0.7191682793637468,no_nlcd
0.8663997998498875,0.9521318750990648,0.4017313495097592,0.7191682793637468,no_nlcd
0.8663997998498875,0.9522903788239023,0.40170297518499987,0.7191682793637468,no_nlcd
0.866649987490618,0.9522903788239023,0.4016983813496913,0.7191682793637468,no_nlcd
0.866649987490618,0.9526073862735774,0.40160398667374786,0.7191682793637468,no_nlcd
0.867150362772079,0.9526073862735774,0.40153708612127614,0.7191682793637468,no_nlcd
0.867150362772079,0.9527658899984149,0.40147769331230887,0.7191682793637468,no_nlcd
0.8674005504128096,0.9527658899984149,0.4014725528386163,0.7191682793637468,no_nlcd
0.8674005504128096,0.9532414011729275,0.4014089791048053,0.7191682793637468,no_nlcd
0.8676507380535402,0.9532414011729275,0.4014032835252422,0.7191682793637468,no_nlcd
0.8676507380535402,0.953399904897765,0.40139435860305744,0.7191682793637468,no_nlcd
0.8679009256942707,0.953399904897765,0.4013484574200168,0.7191682793637468,no_nlcd
0.8679009256942707,0.9535584086226027,0.40134805368773224,0.7191682793637468,no_nlcd
0.8681511133350013,0.9535584086226027,0.4013355374069938,0.7191682793637468,no_nlcd
0.8681511133350013,0.9537169123474402,0.4012488683277059,0.7191682793637468,no_nlcd
0.8699024268201151,0.9537169123474402,0.4011051891119672,0.7191682793637468,no_nlcd
0.8699024268201151,0.9538754160722777,0.40110441836474503,0.7191682793637468,no_nlcd
0.8704028021015762,0.9538754160722777,0.40099236850125936,0.7191682793637468,no_nlcd
0.8704028021015762,0.9540339197971153,0.4009087939752,0.7191682793637468,no_nlcd
0.8714035526644984,0.9540339197971153,0.40078789835637213,0.7191682793637468,no_nlcd
0.8714035526644984,0.9543509272467903,0.40074861592489425,0.7191682793637468,no_nlcd
0.8716537403052289,0.9543509272467903,0.40073385131979467,0.7191682793637468,no_nlcd
0.8716537403052289,0.9546679346964654,0.4007181110327885,0.7191682793637468,no_nlcd
0.8724043032274206,0.9546679346964654,0.40060980772123117,0.7191682793637468,no_nlcd
0.8724043032274206,0.9548264384213029,0.40053748933718863,0.7191682793637468,no_nlcd
0.8731548661496122,0.9548264384213029,0.4005086070295207,0.7191682793637468,no_nlcd
0.8731548661496122,0.9549849421461404,0.4004586072695254,0.7191682793637468,no_nlcd
0.8734050537903427,0.9549849421461404,0.4004258527582279,0.7191682793637468,no_nlcd
0.8734050537903427,0.9562529719448407,0.40018864825875494,0.7191682793637468,no_nlcd
0.8736552414310733,0.9562529719448407,0.4001768814979463,0.7191682793637468,no_nlcd
0.8736552414310733,0.9564114756696782,0.40016879553714746,0.7191682793637468,no_nlcd
0.8746559919939955,0.9564114756696782,0.4000299920912174,0.7191682793637468,no_nlcd
0.8746559919939955,0.9565699793945158,0.4000090683414563,0.7191682793637468,no_nlcd
0.8754065549161871,0.9565699793945158,0.39991899137060305,0.7191682793637468,no_nlcd
0.8754065549161871,0.9567284831193533,0.39986937589392446,0.7191682793637468,no_nlcd
0.8756567425569177,0.9567284831193533,0.3998367897759658,0.7191682793637468,no_nlcd
0.8756567425569177,0.9568869868441908,0.3997806880521283,0.7191682793637468,no_nlcd
0.8769076807605705,0.9568869868441908,0.3996806954587551,0.7191682793637468,no_nlcd
0.8769076807605705,0.9572039942938659,0.39964642907696857,0.7191682793637468,no_nlcd
0.8774080560420315,0.9572039942938659,0.39953158775912057,0.7191682793637468,no_nlcd
0.8774080560420315,0.9573624980187034,0.39952985243225875,0.7191682793637468,no_nlcd
0.8784088066049537,0.9573624980187034,0.39947881189058804,0.7191682793637468,no_nlcd
0.8784088066049537,0.9575210017435409,0.39946909370494876,0.7191682793637468,no_nlcd
0.8789091818864148,0.9575210017435409,0.3994022563547493,0.7191682793637468,no_nlcd
0.8789091818864148,0.9579965129180535,0.399357064202107,0.7191682793637468,no_nlcd
0.8794095571678759,0.9579965129180535,0.399281642157312,0.7191682793637468,no_nlcd
0.8794095571678759,0.9581550166428912,0.3992563943287992,0.7191682793637468,no_nlcd
0.8801601200900675,0.9581550166428912,0.39914336651742854,0.7191682793637468,no_nlcd
0.8801601200900675,0.9583135203677287,0.399112654387572,0.7191682793637468,no_nlcd
0.8804103077307981,0.9583135203677287,0.39905685478937586,0.7191682793637468,no_nlcd
0.8804103077307981,0.9584720240925662,0.39902427425714393,0.7191682793637468,no_nlcd
0.8821616212159119,0.9584720240925662,0.39886838640955985,0.7191682793637468,no_nlcd
0.8821616212159119,0.9586305278174037,0.3988341446151417,0.7191682793637468,no_nlcd
0.8824118088566425,0.9586305278174037,0.3988063068549886,0.7191682793637468,no_nlcd
0.8824118088566425,0.9589475352670788,0.39874945862295547,0.7191682793637468,no_nlcd
0.882661996497373,0.9589475352670788,0.3987375473072496,0.7191682793637468,no_nlcd
0.882661996497373,0.9591060389919163,0.3987371246747271,0.7191682793637468,no_nlcd
0.8839129347010257,0.9591060389919163,0.39864228876491353,0.7191682793637468,no_nlcd
0.8839129347010257,0.9592645427167539,0.39863712795769163,0.7191682793637468,no_nlcd
0.8846634976232174,0.9592645427167539,0.39858794891006527,0.7191682793637468,no_nlcd
0.8846634976232174,0.9594230464415914,0.3985867993921656,0.7191682793637468,no_nlcd
0.884913685263948,0.9594230464415914,0.3985225889434439,0.7191682793637468,no_nlcd
0.884913685263948,0.9595815501664289,0.39840865987001667,0.7191682793637468,no_nlcd
0.885414060545409,0.9595815501664289,0.39833790654320167,0.7191682793637468,no_nlcd
0.885414060545409,0.9597400538912665,0.39828757827115924,0.7191682793637468,no_nlcd
0.8869151863897924,0.9597400538912665,0.3980207027527673,0.7191682793637468,no_nlcd
0.8869151863897924,0.959898557616104,0.3980026522355776,0.7191682793637468,no_nlcd
0.8871653740305229,0.959898557616104,0.3979998754416989,0.7191682793637468,no_nlcd
0.8871653740305229,0.9602155650657791,0.39791332539122887,0.7191682793637468,no_nlcd
0.8874155616712535,0.9602155650657791,0.39781206100727656,0.7191682793637468,no_nlcd
0.8874155616712535,0.9603740687906166,0.39780324605855727,0.7191682793637468,no_nlcd
0.8884163122341756,0.9603740687906166,0.39776243433366637,0.7191682793637468,no_nlcd
0.8884163122341756,0.9605325725154541,0.3976939778565577,0.7191682793637468,no_nlcd
0.8889166875156367,0.9605325725154541,0.39766626508018904,0.7191682793637468,no_nlcd
0.8889166875156367,0.9608495799651292,0.3976078584747407,0.7191682793637468,no_nlcd
0.8894170627970979,0.9608495799651292,0.39757824503259925,0.7191682793637468,no_nlcd
0.8894170627970979,0.9616420985893168,0.3973925275560761,0.7191682793637468,no_nlcd
0.8901676257192894,0.9616420985893168,0.3971916589338653,0.7191682793637468,no_nlcd
0.8901676257192894,0.9621176097638294,0.39710306242055926,0.7191682793637468,no_nlcd
0.89041781336002,0.9621176097638294,0.39705877436777526,0.7191682793637468,no_nlcd
0.89041781336002,0.9629101283880172,0.39687041025117514,0.7191682793637468,no_nlcd
0.8906680010007506,0.9629101283880172,0.3968681066445718,0.7191682793637468,no_nlcd
0.8906680010007506,0.9635441432873673,0.3968239960251896,0.7191682793637468,no_nlcd
0.8909181886414811,0.9635441432873673,0.3967972478105807,0.7191682793637468,no_nlcd
0.8909181886414811,0.9637026470122048,0.3967588199011323,0.7191682793637468,no_nlcd
0.8914185639229422,0.9637026470122048,0.3966535927379462,0.7191682793637468,no_nlcd
0.8914185639229422,0.9638611507370424,0.3966384757226646,0.7191682793637468,no_nlcd
0.8926695021265949,0.9638611507370424,0.39652018884370555,0.7191682793637468,no_nlcd
0.8926695021265949,0.9640196544618799,0.3964953617264948,0.7191682793637468,no_nlcd
0.8931698774080561,0.9640196544618799,0.3964809138346059,0.7191682793637468,no_nlcd
0.8931698774080561,0.9641781581867174,0.39638877656700316,0.7191682793637468,no_nlcd
0.8936702526895172,0.9641781581867174,0.3963634307399063,0.7191682793637468,no_nlcd
0.8936702526895172,0.9643366619115549,0.3963623710466463,0.7191682793637468,no_nlcd
0.8941706279709782,0.9643366619115549,0.3963236977890061,0.7191682793637468,no_nlcd
0.8941706279709782,0.9644951656363925,0.39630985464428303,0.7191682793637468,no_nlcd
0.8944208156117088,0.9644951656363925,0.3962711468934462,0.7191682793637468,no_nlcd
0.8944208156117088,0.96465366936123,0.39625807867113744,0.7191682793637468,no_nlcd
0.8946710032524393,0.96465366936123,0.3962579650854356,0.7191682793637468,no_nlcd
0.8946710032524393,0.9648121730860675,0.39617997114007386,0.7191682793637468,no_nlcd
0.895921941456092,0.9648121730860675,0.3960918000126404,0.7191682793637468,no_nlcd
0.895921941456092,0.9649706768109051,0.3960301715961721,0.7191682793637468,no_nlcd
0.8964223167375531,0.9649706768109051,0.39600240909902573,0.7191682793637468,no_nlcd
0.8964223167375531,0.9656046917102552,0.3958564245105896,0.7191682793637468,no_nlcd
0.8966725043782837,0.9656046917102552,0.3958231607440442,0.7191682793637468,no_nlcd
0.8966725043782837,0.9659216991599303,0.39574206594758454,0.7191682793637468,no_nlcd
0.8971728796597448,0.9659216991599303,0.39566342862382287,0.7191682793637468,no_nlcd
0.8971728796597448,0.9660802028847678,0.3956455251653333,0.7191682793637468,no_nlcd
0.8974230673004754,0.9660802028847678,0.3955689994025822,0.7191682793637468,no_nlcd
0.8974230673004754,0.9662387066096053,0.3955544708650592,0.7191682793637468,no_nlcd
0.898173630222667,0.9662387066096053,0.3955290134073965,0.7191682793637468,no_nlcd
0.898173630222667,0.9663972103344428,0.3954791493001577,0.7191682793637468,no_nlcd
0.8986740055041281,0.9663972103344428,0.39536790710357955,0.7191682793637468,no_nlcd
0.8986740055041281,0.9665557140592804,0.39536179282305484,0.7191682793637468,no_nlcd
0.8994245684263198,0.9665557140592804,0.3952959581890441,0.7191682793637468,no_nlcd
0.8994245684263198,0.9667142177841179,0.3952956160029443,0.7191682793637468,no_nlcd
0.9001751313485113,0.9667142177841179,0.39520967663560785,0.7191682793637468,no_nlcd
0.9001751313485113,0.967348232683468,0.3950285515528979,0.7191682793637468,no_nlcd
0.9004253189892419,0.967348232683468,0.39500163753107065,0.7191682793637468,no_nlcd
0.9004253189892419,0.9675067364083056,0.3949557388841131,0.7191682793637468,no_nlcd
0.9006755066299725,0.9675067364083056,0.3949247323026889,0.7191682793637468,no_nlcd
0.9006755066299725,0.9676652401331431,0.3948523201973576,0.7191682793637468,no_nlcd
0.9019264448336253,0.9676652401331431,0.3946249554667194,0.7191682793637468,no_nlcd
0.9019264448336253,0.9678237438579806,0.39456825763477943,0.7191682793637468,no_nlcd
0.9021766324743558,0.9678237438579806,0.39456098006388585,0.7191682793637468,no_nlcd
0.9021766324743558,0.9679822475828181,0.3945026906059341,0.7191682793637468,no_nlcd
0.9024268201150863,0.9679822475828181,0.3944774130145238,0.7191682793637468,no_nlcd
0.9024268201150863,0.9681407513076558,0.39446651008096795,0.7191682793637468,no_nlcd
0.9026770077558168,0.9681407513076558,0.3944662635611477,0.7191682793637468,no_nlcd
0.9026770077558168,0.9684577587573308,0.39445728179483297,0.7191682793637468,no_nlcd
0.9029271953965474,0.9684577587573308,0.3944301088305038,0.7191682793637468,no_nlcd
0.9029271953965474,0.9686162624821684,0.39439007061291564,0.7191682793637468,no_nlcd
0.9034275706780085,0.9686162624821684,0.3943164897860532,0.7191682793637468,no_nlcd
0.9034275706780085,0.9687747662070059,0.39421309879011546,0.7191682793637468,no_nlcd
0.9044283212409306,0.9687747662070059,0.39400055686761304,0.7191682793637468,no_nlcd
0.9044283212409306,0.9689332699318434,0.39396423036967854,0.7191682793637468,no_nlcd
0.9049286965223918,0.9689332699318434,0.39392726816598544,0.7191682793637468,no_nlcd
0.9049286965223918,0.9692502773815185,0.39390652788923236,0.7191682793637468,no_nlcd
0.9054290718038529,0.9692502773815185,0.3938915693306729,0.7191682793637468,no_nlcd
0.9054290718038529,0.969408781106356,0.39386946348380675,0.7191682793637468,no_nlcd
0.9056792594445834,0.969408781106356,0.39386732564399185,0.7191682793637468,no_nlcd
0.9056792594445834,0.9695672848311936,0.3938558947469424,0.7191682793637468,no_nlcd
0.905929447085314,0.9695672848311936,0.39384041168070155,0.7191682793637468,no_nlcd
0.905929447085314,0.9697257885560311,0.39383102200868303,0.7191682793637468,no_nlcd
0.9061796347260446,0.9697257885560311,0.39381669815016135,0.7191682793637468,no_nlcd
0.9061796347260446,0.9700427960057061,0.393739108712904,0.7191682793637468,no_nlcd
0.906429822366775,0.9700427960057061,0.39368909536364466,0.7191682793637468,no_nlcd
0.906429822366775,0.9702012997305437,0.3936378591832075,0.7191682793637468,no_nlcd
0.9084313234926195,0.9702012997305437,0.393503130210975,0.7191682793637468,no_nlcd
0.9084313234926195,0.9703598034553812,0.3934657153869249,0.7191682793637468,no_nlcd
0.9091818864148111,0.9703598034553812,0.39339334735215953,0.7191682793637468,no_nlcd
0.9091818864148111,0.9705183071802187,0.393376502962014,0.7191682793637468,no_nlcd
0.9109331998999249,0.9705183071802187,0.39328375123757914,0.7191682793637468,no_nlcd
0.9109331998999249,0.9706768109050563,0.39323673011461024,0.7191682793637468,no_nlcd
0.911433575181386,0.9706768109050563,0.39318133884036116,0.7191682793637468,no_nlcd
0.911433575181386,0.9709938183547313,0.39314576686681985,0.7191682793637468,no_nlcd
0.9121841381035777,0.9709938183547313,0.39310829876736136,0.7191682793637468,no_nlcd
0.9121841381035777,0.9711523220795689,0.3930912092461708,0.7191682793637468,no_nlcd
0.9126845133850388,0.9711523220795689,0.3930542905874642,0.7191682793637468,no_nlcd
0.9126845133850388,0.9713108258044064,0.39304818048515006,0.7191682793637468,no_nlcd
0.913685263947961,0.9713108258044064,0.3929152850614597,0.7191682793637468,no_nlcd
0.913685263947961,0.9714693295292439,0.39289136756492693,0.7191682793637468,no_nlcd
0.9149362021516138,0.9714693295292439,0.3927083621263116,0.7191682793637468,no_nlcd
0.9149362021516138,0.9716278332540814,0.3926900748227878,0.7191682793637468,no_nlcd
0.9151863897923442,0.9716278332540814,0.3926846503615138,0.7191682793637468,no_nlcd
0.9151863897923442,0.9719448407037565,0.3925950772695338,0.7191682793637468,no_nlcd
0.9154365774330748,0.9719448407037565,0.3925731775288507,0.7191682793637468,no_nlcd
0.9154365774330748,0.972103344428594,0.3925282023979981,0.7191682793637468,no_nlcd
0.9156867650738053,0.972103344428594,0.3925270249544552,0.7191682793637468,no_nlcd
0.9156867650738053,0.9722618481534316,0.39252569089767825,0.7191682793637468,no_nlcd
0.9159369527145359,0.9722618481534316,0.3925137232646427,0.7191682793637468,no_nlcd
0.9159369527145359,0.9724203518782691,0.39249975220956673,0.7191682793637468,no_nlcd
0.9161871403552665,0.9724203518782691,0.392492692451901,0.7191682793637468,no_nlcd
0.9161871403552665,0.9727373593279443,0.39244244386209803,0.7191682793637468,no_nlcd
0.916437327995997,0.9727373593279443,0.3922991036065947,0.7191682793637468,no_nlcd
0.916437327995997,0.9730543667776193,0.392273458798096,0.7191682793637468,no_nlcd
0.9166875156367276,0.9730543667776193,0.39225094288588574,0.7191682793637468,no_nlcd
0.9166875156367276,0.9735298779521319,0.3922088653472357,0.7191682793637468,no_nlcd
0.916937703277458,0.9735298779521319,0.39219294109666375,0.7191682793637468,no_nlcd
0.916937703277458,0.9736883816769694,0.39214250094160996,0.7191682793637468,no_nlcd
0.9171878909181886,0.9736883816769694,0.3921311526621288,0.7191682793637468,no_nlcd
0.9171878909181886,0.9740053891266445,0.39212797618212186,0.7191682793637468,no_nlcd
0.9176882661996497,0.9740053891266445,0.3921052373232414,0.7191682793637468,no_nlcd
0.9176882661996497,0.974163892851482,0.392099501654609,0.7191682793637468,no_nlcd
0.9179384538403803,0.974163892851482,0.3920848246637794,0.7191682793637468,no_nlcd
0.9179384538403803,0.9744809003011571,0.3918956909703627,0.7191682793637468,no_nlcd
0.9181886414811108,0.9744809003011571,0.391819495409542,0.7191682793637468,no_nlcd
0.9181886414811108,0.9746394040259946,0.39172639226806705,0.7191682793637468,no_nlcd
0.919189392044033,0.9746394040259946,0.39153833577257224,0.7191682793637468,no_nlcd
0.919189392044033,0.9752734189253447,0.39147674510235037,0.7191682793637468,no_nlcd
0.9194395796847635,0.9752734189253447,0.3914583735174991,0.7191682793637468,no_nlcd
0.9194395796847635,0.9759074338246949,0.3913145777395982,0.7191682793637468,no_nlcd
0.9204403302476858,0.9759074338246949,0.39118011715190965,0.7191682793637468,no_nlcd
0.9204403302476858,0.9763829449992075,0.39099254527281513,0.7191682793637468,no_nlcd
0.921941456092069,0.9763829449992075,0.39073678047665317,0.7191682793637468,no_nlcd
0.921941456092069,0.976541448724045,0.3907227841218985,0.7191682793637468,no_nlcd
0.9231923942957218,0.976541448724045,0.39056965240135677,0.7191682793637468,no_nlcd
0.9231923942957218,0.9766999524488825,0.39056264748210223,0.7191682793637468,no_nlcd
0.9239429572179134,0.9766999524488825,0.39044902931716247,0.7191682793637468,no_nlcd
0.9239429572179134,0.9771754636233951,0.3904077099594489,0.7191682793637468,no_nlcd
0.9244433324993745,0.9771754636233951,0.3903255917003281,0.7191682793637468,no_nlcd
0.9244433324993745,0.9773339673482326,0.3903153172994335,0.7191682793637468,no_nlcd
0.9254440830622968,0.9773339673482326,0.3901485247733899,0.7191682793637468,no_nlcd
0.9254440830622968,0.9774924710730702,0.3901016187793961,0.7191682793637468,no_nlcd
0.9259444583437578,0.9774924710730702,0.3900008697219913,0.7191682793637468,no_nlcd
0.9259444583437578,0.9781264859724204,0.3898289618347631,0.7191682793637468,no_nlcd
0.9264448336252189,0.9781264859724204,0.38978723574852103,0.7191682793637468,no_nlcd
0.9264448336252189,0.9782849896972579,0.3897652330046548,0.7191682793637468,no_nlcd
0.9271953965474106,0.9782849896972579,0.38966627276853727,0.7191682793637468,no_nlcd
0.9271953965474106,0.978601997146933,0.38960613738878047,0.7191682793637468,no_nlcd
0.9276957718288716,0.978601997146933,0.38956260832892853,0.7191682793637468,no_nlcd
0.9276957718288716,0.978919004596608,0.38952467601201557,0.7191682793637468,no_nlcd
0.9281961471103327,0.978919004596608,0.38949253752800617,0.7191682793637468,no_nlcd
0.9281961471103327,0.9790775083214456,0.38947687399276276,0.7191682793637468,no_nlcd
0.9286965223917939,0.9790775083214456,0.3894571019409255,0.7191682793637468,no_nlcd
0.9286965223917939,0.9795530194959582,0.3893375025847692,0.7191682793637468,no_nlcd
0.9294470853139855,0.9795530194959582,0.3892940104039965,0.7191682793637468,no_nlcd
0.9294470853139855,0.9797115232207957,0.38925894253160154,0.7191682793637468,no_nlcd
0.9301976482361771,0.9797115232207957,0.3891843968886368,0.7191682793637468,no_nlcd
0.9301976482361771,0.9800285306704708,0.3891015509056584,0.7191682793637468,no_nlcd
0.9306980235176382,0.9800285306704708,0.38906837824348994,0.7191682793637468,no_nlcd
0.9306980235176382,0.9803455381201458,0.3890413646450583,0.7191682793637468,no_nlcd
0.9316987740805605,0.9803455381201458,0.3888777034291965,0.7191682793637468,no_nlcd
0.9316987740805605,0.9806625455698209,0.3888123978156853,0.7191682793637468,no_nlcd
0.932449337002752,0.9806625455698209,0.3887834326315536,0.7191682793637468,no_nlcd
0.932449337002752,0.9808210492946584,0.38874553249469246,0.7191682793637468,no_nlcd
0.9334500875656743,0.9808210492946584,0.38867900002543504,0.7191682793637468,no_nlcd
0.9334500875656743,0.9809795530194959,0.38865437887423093,0.7191682793637468,no_nlcd
0.9337002752064048,0.9809795530194959,0.3886063959665288,0.7191682793637468,no_nlcd
0.9337002752064048,0.9811380567443335,0.38853990342751415,0.7191682793637468,no_nlcd
0.934701025769327,0.9811380567443335,0.3884746389611105,0.7191682793637468,no_nlcd
0.934701025769327,0.981296560469171,0.38843460004460106,0.7191682793637468,no_nlcd
0.9354515886915187,0.981296560469171,0.38838658199937365,0.7191682793637468,no_nlcd
0.9354515886915187,0.9816135679188461,0.3883300202215304,0.7191682793637468,no_nlcd
0.9357017763322492,0.9816135679188461,0.38831566127606415,0.7191682793637468,no_nlcd
0.9357017763322492,0.9817720716436836,0.38825567840643654,0.7191682793637468,no_nlcd
0.9359519639729798,0.9817720716436836,0.3882506551227616,0.7191682793637468,no_nlcd
0.9359519639729798,0.9819305753685211,0.3882202045693139,0.7191682793637468,no_nlcd
0.9364523392544408,0.9819305753685211,0.3881931169305681,0.7191682793637468,no_nlcd
0.9364523392544408,0.9820890790933587,0.38815950923477155,0.7191682793637468,no_nlcd
0.9367025268951714,0.9820890790933587,0.38815133379878836,0.7191682793637468,no_nlcd
0.9367025268951714,0.9824060865430337,0.3881141919846259,0.7191682793637468,no_nlcd
0.9384538403802852,0.9824060865430337,0.38796775719665066,0.7191682793637468,no_nlcd
0.9384538403802852,0.9825645902678712,0.38793810786228855,0.7191682793637468,no_nlcd
0.9389542156617463,0.9825645902678712,0.3879223257513326,0.7191682793637468,no_nlcd
0.9389542156617463,0.9830401014423839,0.38779970163625715,0.7191682793637468,no_nlcd
0.9409557167875907,0.9830401014423839,0.38760992667140715,0.7191682793637468,no_nlcd
0.9409557167875907,0.9835156126168965,0.38755720260361437,0.7191682793637468,no_nlcd
0.9412059044283212,0.9835156126168965,0.3875446187123065,0.7191682793637468,no_nlcd
0.9412059044283212,0.9838326200665716,0.3875009698795767,0.7191682793637468,no_nlcd
0.9422066549912435,0.9838326200665716,0.38740536742141934,0.7191682793637468,no_nlcd
0.9422066549912435,0.9843081312410842,0.38731441455633653,0.7191682793637468,no_nlcd
0.9427070302727045,0.9843081312410842,0.3872773321216286,0.7191682793637468,no_nlcd
0.9427070302727045,0.9846251386907592,0.3872694087384061,0.7191682793637468,no_nlcd
0.9429572179134351,0.9846251386907592,0.38722849922953456,0.7191682793637468,no_nlcd
0.9429572179134351,0.9849421461404343,0.38714390859882797,0.7191682793637468,no_nlcd
0.9442081561170879,0.9849421461404343,0.38700156578310285,0.7191682793637468,no_nlcd
0.9442081561170879,0.9851006498652718,0.38699210114475713,0.7191682793637468,no_nlcd
0.9449587190392794,0.9851006498652718,0.38696620551898975,0.7191682793637468,no_nlcd
0.9449587190392794,0.9852591535901094,0.3869639216657302,0.7191682793637468,no_nlcd
0.9472104078058544,0.9852591535901094,0.38670045493147776,0.7191682793637468,no_nlcd
0.9472104078058544,0.9854176573149469,0.38669611960385175,0.7191682793637468,no_nlcd
0.9479609707280461,0.9854176573149469,0.386614069036661,0.7191682793637468,no_nlcd
0.9479609707280461,0.9855761610397844,0.3865990809337379,0.7191682793637468,no_nlcd
0.9484613460095072,0.9855761610397844,0.38657400767600786,0.7191682793637468,no_nlcd
0.9484613460095072,0.985734664764622,0.38655067572977997,0.7191682793637468,no_nlcd
0.9494620965724293,0.985734664764622,0.3864480694406077,0.7191682793637468,no_nlcd
0.9494620965724293,0.9858931684894595,0.3864223403568434,0.7191682793637468,no_nlcd
0.9499624718538904,0.9858931684894595,0.38640453485983073,0.7191682793637468,no_nlcd
0.9499624718538904,0.986051672214297,0.3863723075818299,0.7191682793637468,no_nlcd
0.9504628471353516,0.986051672214297,0.38635246903743203,0.7191682793637468,no_nlcd
0.9504628471353516,0.9862101759391345,0.3863253403537299,0.7191682793637468,no_nlcd
0.9514635976982737,0.9862101759391345,0.38629325380067575,0.7191682793637468,no_nlcd
0.9514635976982737,0.9865271833888096,0.3861881927809154,0.7191682793637468,no_nlcd
0.952964723542657,0.9865271833888096,0.3860055304320341,0.7191682793637468,no_nlcd
0.952964723542657,0.9866856871136471,0.38599373983241286,0.7191682793637468,no_nlcd
0.9542156617463098,0.9866856871136471,0.38572368457591977,0.7191682793637468,no_nlcd
0.9542156617463098,0.9868441908384847,0.38566543787725976,0.7191682793637468,no_nlcd
0.9547160370277709,0.9868441908384847,0.3856359128675343,0.7191682793637468,no_nlcd
0.9547160370277709,0.9870026945633222,0.3856258128858655,0.7191682793637468,no_nlcd
0.9582186639979985,0.9870026945633222,0.38498567213153373,0.7191682793637468,no_nlcd
0.9582186639979985,0.9871611982881597,0.3849748209095747,0.7191682793637468,no_nlcd
0.9594696022016512,0.9871611982881597,0.3847938334946098,0.7191682793637468,no_nlcd
0.9594696022016512,0.9874782057378348,0.3846349309362509,0.7191682793637468,no_nlcd
0.9597197898423818,0.9874782057378348,0.38460552619967353,0.7191682793637468,no_nlcd
0.9597197898423818,0.9876367094626723,0.38456886430984455,0.7191682793637468,no_nlcd
0.961220915686765,0.9876367094626723,0.38434318724345984,0.7191682793637468,no_nlcd
0.961220915686765,0.9879537169123475,0.3842984805964905,0.7191682793637468,no_nlcd
0.9619714786089567,0.9879537169123475,0.38426429178198207,0.7191682793637468,no_nlcd
0.9619714786089567,0.988112220637185,0.3842546757493513,0.7191682793637468,no_nlcd
0.9629722291718789,0.988112220637185,0.38414808731133515,0.7191682793637468,no_nlcd
0.9629722291718789,0.9882707243620225,0.3840513535279973,0.7191682793637468,no_nlcd
0.9632224168126094,0.9882707243620225,0.3839755542666519,0.7191682793637468,no_nlcd
0.9632224168126094,0.9884292280868601,0.38396216863484806,0.7191682793637468,no_nlcd
0.9649737302977233,0.9884292280868601,0.3837721473743468,0.7191682793637468,no_nlcd
0.9649737302977233,0.9885877318116976,0.3837452980511389,0.7191682793637468,no_nlcd
0.9657242932199149,0.9885877318116976,0.3836583595502086,0.7191682793637468,no_nlcd
0.9657242932199149,0.9887462355365351,0.3836398015988168,0.7191682793637468,no_nlcd
0.9659744808606455,0.9887462355365351,0.38363929167948563,0.7191682793637468,no_nlcd
0.9659744808606455,0.9889047392613727,0.38363492366373353,0.7191682793637468,no_nlcd
0.966224668501376,0.9889047392613727,0.3835911887793034,0.7191682793637468,no_nlcd
0.966224668501376,0.9890632429862102,0.38355091171509326,0.7191682793637468,no_nlcd
0.9664748561421066,0.9890632429862102,0.3835225425819536,0.7191682793637468,no_nlcd
0.9664748561421066,0.9892217467110477,0.38351981912449645,0.7191682793637468,no_nlcd
0.9669752314235677,0.9892217467110477,0.38348549875975013,0.7191682793637468,no_nlcd
0.9669752314235677,0.9896972578855603,0.3834039988663507,0.7191682793637468,no_nlcd
0.9674756067050287,0.9896972578855603,0.38329415810203776,0.7191682793637468,no_nlcd
0.9674756067050287,0.9898557616103979,0.38323249270567195,0.7191682793637468,no_nlcd
0.9677257943457593,0.9898557616103979,0.3831893532629723,0.7191682793637468,no_nlcd
0.9677257943457593,0.9900142653352354,0.3831790999486212,0.7191682793637468,no_nlcd
0.9679759819864898,0.9900142653352354,0.3831259078493803,0.7191682793637468,no_nlcd
0.9679759819864898,0.9901727690600729,0.3831226323405521,0.7191682793637468,no_nlcd
0.9689767325494121,0.9901727690600729,0.3830472345122573,0.7191682793637468,no_nlcd
0.9689767325494121,0.9903312727849104,0.3830288807889986,0.7191682793637468,no_nlcd
0.9692269201901426,0.9903312727849104,0.3830016208316856,0.7191682793637468,no_nlcd
0.9692269201901426,0.9906482802345855,0.3829155834927967,0.7191682793637468,no_nlcd
0.9702276707530648,0.9906482802345855,0.38278462301360533,0.7191682793637468,no_nlcd
0.9702276707530648,0.9915993025836107,0.3826122880324349,0.7191682793637468,no_nlcd
0.971228421315987,0.9915993025836107,0.3821765028592241,0.7191682793637468,no_nlcd
0.971228421315987,0.9917578063084482,0.3821680003071962,0.7191682793637468,no_nlcd
0.9714786089567176,0.9917578063084482,0.38212316312509154,0.7191682793637468,no_nlcd
0.9714786089567176,0.9919163100332857,0.3820273363826728,0.7191682793637468,no_nlcd
0.971728796597448,0.9919163100332857,0.3819569286166853,0.7191682793637468,no_nlcd
0.971728796597448,0.9920748137581233,0.3818756134229216,0.7191682793637468,no_nlcd
0.9727295471603703,0.9920748137581233,0.3816661917993898,0.7191682793637468,no_nlcd
0.9727295471603703,0.9923918212077983,0.38163056950562857,0.7191682793637468,no_nlcd
0.9729797348011008,0.9923918212077983,0.38155256197552984,0.7191682793637468,no_nlcd
0.9729797348011008,0.992550324932636,0.3815260101009992,0.7191682793637468,no_nlcd
0.9742306730047535,0.992550324932636,0.38122013741893523,0.7191682793637468,no_nlcd
0.9742306730047535,0.9930258361071486,0.38103789140873057,0.7191682793637468,no_nlcd
0.9754816112084063,0.9930258361071486,0.3809493495484704,0.7191682793637468,no_nlcd
0.9754816112084063,0.9931843398319861,0.3809408355785909,0.7191682793637468,no_nlcd
0.9757317988491369,0.9931843398319861,0.3807591588840186,0.7191682793637468,no_nlcd
0.9757317988491369,0.9933428435568236,0.3807253929073141,0.7191682793637468,no_nlcd
0.9759819864898674,0.9933428435568236,0.38063830786095704,0.7191682793637468,no_nlcd
0.9759819864898674,0.9935013472816612,0.38042298102882766,0.7191682793637468,no_nlcd
0.9762321741305979,0.9935013472816612,0.38026287271114945,0.7191682793637468,no_nlcd
0.9762321741305979,0.9936598510064987,0.38022104410626517,0.7191682793637468,no_nlcd
0.9764823617713285,0.9936598510064987,0.3801029688606004,0.7191682793637468,no_nlcd
0.9764823617713285,0.9938183547313362,0.3800876914236861,0.7191682793637468,no_nlcd
0.9774831123342507,0.9938183547313362,0.379825808863969,0.7191682793637468,no_nlcd
0.9774831123342507,0.9939768584561737,0.37982056093459504,0.7191682793637468,no_nlcd
0.9782336752564423,0.9939768584561737,0.3797191745510026,0.7191682793637468,no_nlcd
0.9782336752564423,0.9941353621810113,0.37960341757708604,0.7191682793637468,no_nlcd
0.9797348011008257,0.9941353621810113,0.37909517940389337,0.7191682793637468,no_nlcd
0.9797348011008257,0.9942938659058488,0.37906016104043083,0.7191682793637468,no_nlcd
0.9802351763822867,0.9942938659058488,0.37894661265377483,0.7191682793637468,no_nlcd
0.9802351763822867,0.9944523696306863,0.3789266130402088,0.7191682793637468,no_nlcd
0.9804853640230172,0.9944523696306863,0.3789203943378348,0.7191682793637468,no_nlcd
0.9804853640230172,0.9946108733555239,0.3788118434591267,0.7191682793637468,no_nlcd
0.98173630222667,0.9946108733555239,0.3785294777928303,0.7191682793637468,no_nlcd
0.98173630222667,0.9947693770803614,0.3784955362155994,0.7191682793637468,no_nlcd
0.9829872404303227,0.9947693770803614,0.3781618006725318,0.7191682793637468,no_nlcd
0.9829872404303227,0.9949278808051989,0.3779469515738689,0.7191682793637468,no_nlcd
0.9832374280710533,0.9949278808051989,0.3777222535586743,0.7191682793637468,no_nlcd
0.9832374280710533,0.9950863845300365,0.37766441610590046,0.7191682793637468,no_nlcd
0.9847385539154366,0.9950863845300365,0.3771959050267462,0.7191682793637468,no_nlcd
0.9847385539154366,0.9954033919797115,0.3769177992168311,0.7191682793637468,no_nlcd
0.9857393044783588,0.9954033919797115,0.376617014240339,0.7191682793637468,no_nlcd
0.9857393044783588,0.995561895704549,0.37657494980574513,0.7191682793637468,no_nlcd
0.9859894921190894,0.995561895704549,0.3764966575629312,0.7191682793637468,no_nlcd
0.9859894921190894,0.9960374068790616,0.3763582047859345,0.7191682793637468,no_nlcd
0.9874906179634726,0.9960374068790616,0.37576203304842304,0.7191682793637468,no_nlcd
0.9874906179634726,0.9961959106038992,0.3755290816155948,0.7191682793637468,no_nlcd
0.9879909932449337,0.9961959106038992,0.3754293667600214,0.7191682793637468,no_nlcd
0.9879909932449337,0.9963544143287367,0.3753643041579893,0.7191682793637468,no_nlcd
0.9882411808856643,0.9963544143287367,0.375229445760927,0.7191682793637468,no_nlcd
0.9882411808856643,0.9965129180535742,0.3751595435968463,0.7191682793637468,no_nlcd
0.9889917438078559,0.9965129180535742,0.37487469684720093,0.7191682793637468,no_nlcd
0.9889917438078559,0.9966714217784118,0.3746495177642226,0.7191682793637468,no_nlcd
0.9897423067300475,0.9966714217784118,0.37458871179577236,0.7191682793637468,no_nlcd
0.9897423067300475,0.9968299255032493,0.37454091799373873,0.7191682793637468,no_nlcd
0.9899924943707781,0.9968299255032493,0.37447715331375625,0.7191682793637468,no_nlcd
0.9899924943707781,0.9969884292280868,0.3744700726064274,0.7191682793637468,no_nlcd
0.9912434325744308,0.9969884292280868,0.3742506844782134,0.7191682793637468,no_nlcd
0.9912434325744308,0.9971469329529244,0.37424651342193865,0.7191682793637468,no_nlcd
0.9917438078558919,0.9971469329529244,0.3740539830428391,0.7191682793637468,no_nlcd
0.9917438078558919,0.997305436677762,0.3739579006552253,0.7191682793637468,no_nlcd
0.9929947460595446,0.997305436677762,0.37363149569861304,0.7191682793637468,no_nlcd
0.9929947460595446,0.9977809478522746,0.3729308473361421,0.7191682793637468,no_nlcd
0.9937453089817363,0.9977809478522746,0.37241975289862406,0.7191682793637468,no_nlcd
0.9937453089817363,0.9979394515771121,0.37238392733571535,0.7191682793637468,no_nlcd
0.9939954966224669,0.9979394515771121,0.3723226609906554,0.7191682793637468,no_nlcd
0.9939954966224669,0.9980979553019496,0.3722258943416515,0.7191682793637468,no_nlcd
0.994495871903928,0.9980979553019496,0.372111724447735,0.7191682793637468,no_nlcd
0.994495871903928,0.9984149627516247,0.3718922988925918,0.7191682793637468,no_nlcd
0.9952464348261196,0.9984149627516247,0.37168333926266306,0.7191682793637468,no_nlcd
0.9952464348261196,0.9985734664764622,0.3716170224104718,0.7191682793637468,no_nlcd
0.9957468101075807,0.9985734664764622,0.37147943000454753,0.7191682793637468,no_nlcd
0.9957468101075807,0.9987319702012998,0.3714161775290179,0.7191682793637468,no_nlcd
0.9959969977483112,0.9987319702012998,0.37138845056231595,0.7191682793637468,no_nlcd
0.9959969977483112,0.9988904739261373,0.3713603010051247,0.7191682793637468,no_nlcd
0.9964973730297724,0.9988904739261373,0.3712206797993124,0.7191682793637468,no_nlcd
0.9964973730297724,0.9993659851006499,0.3709447821589451,0.7191682793637468,no_nlcd
0.9967475606705029,0.9993659851006499,0.3708821373132037,0.7191682793637468,no_nlcd
0.9967475606705029,0.9995244888254874,0.37087971403872994,0.7191682793637468,no_nlcd
0.9984988741556167,0.9995244888254874,0.37051916684625474,0.7191682793637468,no_nlcd
0.9984988741556167,0.9996829925503249,0.3704368903510246,0.7191682793637468,no_nlcd
0.9994996247185389,0.9996829925503249,0.37008432384020934,0.7191682793637468,no_nlcd
0.9994996247185389,0.9998414962751625,0.3700293707932881,0.7191682793637468,no_nlcd
0.9997498123592694,0.9998414962751625,0.3698658257246338,0.7191682793637468,no_nlcd
0.9997498123592694,1.0,0.36986035184381694,0.7191682793637468,no_nlcd
1.0,1.0,0.36982328742182224,0.7191682793637468,no_nlcd
