pixel_id,event_id,is_damaged,pred_prob
maria_sanjuan_2_13,maria_sanjuan,1,0.9886705792390117
maria_sanjuan_2_14,maria_sanjuan,1,0.9886784405219281
maria_sanjuan_2_15,maria_sanjuan,1,0.988688989273936
maria_sanjuan_2_16,maria_sanjuan,1,0.9887944428645176
maria_sanjuan_2_17,maria_sanjuan,1,0.9889101780059346
maria_sanjuan_2_18,maria_sanjuan,1,0.9886957451983245
maria_sanjuan_2_19,maria_sanjuan,0,0.9886622569502809
maria_sanjuan_2_20,maria_sanjuan,1,0.9886592544183875
maria_sanjuan_2_21,maria_sanjuan,1,0.9886776754440239
maria_sanjuan_2_22,maria_sanjuan,1,0.9887013328869163
maria_sanjuan_2_25,maria_sanjuan,1,0.9921387884102654
maria_sanjuan_3_13,maria_sanjuan,1,0.9886608397813725
maria_sanjuan_3_14,maria_sanjuan,1,0.9887208540597673
maria_sanjuan_3_15,maria_sanjuan,1,0.9887174713842068
maria_sanjuan_3_16,maria_sanjuan,1,0.9888386271044717
maria_sanjuan_3_17,maria_sanjuan,1,0.989044467114103
maria_sanjuan_3_18,maria_sanjuan,1,0.9895046123782532
maria_sanjuan_3_19,maria_sanjuan,1,0.9895786597952246
maria_sanjuan_3_20,maria_sanjuan,1,0.9892861616830453
maria_sanjuan_3_21,maria_sanjuan,1,0.989228168407763
maria_sanjuan_3_22,maria_sanjuan,1,0.9891867708055208
maria_sanjuan_3_23,maria_sanjuan,1,0.9889822136830556
maria_sanjuan_3_24,maria_sanjuan,1,0.989143928997137
maria_sanjuan_3_25,maria_sanjuan,1,0.9887403008512252
maria_sanjuan_3_26,maria_sanjuan,1,0.9886443046516686
maria_sanjuan_4_0,maria_sanjuan,1,0.9921399756393894
maria_sanjuan_4_1,maria_sanjuan,1,0.992139979542586
maria_sanjuan_4_2,maria_sanjuan,1,0.9921393286618414
maria_sanjuan_4_3,maria_sanjuan,1,0.992138936779022
maria_sanjuan_4_11,maria_sanjuan,1,0.9886911572814144
maria_sanjuan_4_12,maria_sanjuan,1,0.9887324266364654
maria_sanjuan_4_13,maria_sanjuan,1,0.9888467887796207
maria_sanjuan_4_14,maria_sanjuan,1,0.9887025486663259
maria_sanjuan_4_15,maria_sanjuan,1,0.9886497597371708
maria_sanjuan_4_16,maria_sanjuan,1,0.9886720485972778
maria_sanjuan_4_17,maria_sanjuan,1,0.9892679030098144
maria_sanjuan_4_18,maria_sanjuan,1,0.9896537772468035
maria_sanjuan_4_19,maria_sanjuan,1,0.9897128490202957
maria_sanjuan_4_20,maria_sanjuan,1,0.9895751395585947
maria_sanjuan_4_21,maria_sanjuan,1,0.9895063196781941
maria_sanjuan_4_22,maria_sanjuan,1,0.9894449002148117
maria_sanjuan_4_23,maria_sanjuan,1,0.9895185007690394
maria_sanjuan_4_24,maria_sanjuan,1,0.9893728824568087
maria_sanjuan_4_25,maria_sanjuan,1,0.989118381774029
maria_sanjuan_4_26,maria_sanjuan,1,0.9889903434298369
maria_sanjuan_4_27,maria_sanjuan,1,0.9887162303056187
maria_sanjuan_4_28,maria_sanjuan,1,0.9887023470487302
maria_sanjuan_5_1,maria_sanjuan,1,0.9921395912999984
maria_sanjuan_5_2,maria_sanjuan,1,0.9921411161735663
maria_sanjuan_5_3,maria_sanjuan,1,0.9921417981447938
maria_sanjuan_5_4,maria_sanjuan,1,0.9921411973515099
maria_sanjuan_5_5,maria_sanjuan,1,0.9921395086008328
maria_sanjuan_5_6,maria_sanjuan,1,0.9921389190560795
maria_sanjuan_5_7,maria_sanjuan,1,0.9921389140835928
maria_sanjuan_5_9,maria_sanjuan,1,0.9921391515778984
maria_sanjuan_5_10,maria_sanjuan,1,0.9888492774926756
maria_sanjuan_5_11,maria_sanjuan,1,0.989439184326545
maria_sanjuan_5_12,maria_sanjuan,1,0.9893591085576241
maria_sanjuan_5_13,maria_sanjuan,1,0.9890392810930372
maria_sanjuan_5_14,maria_sanjuan,1,0.9888224532434241
maria_sanjuan_5_15,maria_sanjuan,1,0.9886628241599196
maria_sanjuan_5_16,maria_sanjuan,1,0.9886447570438316
maria_sanjuan_5_17,maria_sanjuan,1,0.9886724351591544
maria_sanjuan_5_18,maria_sanjuan,1,0.9887435959521093
maria_sanjuan_5_19,maria_sanjuan,1,0.9887682130624997
maria_sanjuan_5_20,maria_sanjuan,1,0.98879729558778
maria_sanjuan_5_21,maria_sanjuan,1,0.9889495267630208
maria_sanjuan_5_22,maria_sanjuan,1,0.9892366215524773
maria_sanjuan_5_23,maria_sanjuan,1,0.9895644280923613
maria_sanjuan_5_24,maria_sanjuan,1,0.9897373874936287
maria_sanjuan_5_25,maria_sanjuan,1,0.9897041123829979
maria_sanjuan_5_26,maria_sanjuan,1,0.989547606305572
maria_sanjuan_5_27,maria_sanjuan,1,0.9896392728753777
maria_sanjuan_5_28,maria_sanjuan,1,0.9897903789859787
maria_sanjuan_5_29,maria_sanjuan,1,0.9897289022655746
maria_sanjuan_5_30,maria_sanjuan,1,0.9895561146315252
maria_sanjuan_5_31,maria_sanjuan,1,0.9892472410317397
maria_sanjuan_5_32,maria_sanjuan,1,0.9891646334044644
maria_sanjuan_5_33,maria_sanjuan,1,0.988969863515643
maria_sanjuan_5_34,maria_sanjuan,1,0.9887261590318743
maria_sanjuan_5_35,maria_sanjuan,1,0.9887479941995067
maria_sanjuan_5_45,maria_sanjuan,1,0.9921389063109356
maria_sanjuan_5_46,maria_sanjuan,1,0.9886955517309448
maria_sanjuan_5_47,maria_sanjuan,1,0.988717467191274
maria_sanjuan_5_48,maria_sanjuan,1,0.9887408705949023
maria_sanjuan_5_49,maria_sanjuan,1,0.9886711434590749
maria_sanjuan_6_1,maria_sanjuan,1,0.9921397954955312
maria_sanjuan_6_2,maria_sanjuan,1,0.9921416715952694
maria_sanjuan_6_3,maria_sanjuan,1,0.9921427514780616
maria_sanjuan_6_4,maria_sanjuan,1,0.9921429015971449
maria_sanjuan_6_5,maria_sanjuan,1,0.9921420915147549
maria_sanjuan_6_6,maria_sanjuan,1,0.992140785509566
maria_sanjuan_6_7,maria_sanjuan,1,0.9921403407510893
maria_sanjuan_6_8,maria_sanjuan,1,0.9921399527995547
maria_sanjuan_6_9,maria_sanjuan,1,0.9921400825967385
maria_sanjuan_6_10,maria_sanjuan,1,0.9889669558754491
maria_sanjuan_6_11,maria_sanjuan,1,0.9894726901547034
maria_sanjuan_6_12,maria_sanjuan,1,0.9892540240661597
maria_sanjuan_6_13,maria_sanjuan,1,0.9889692515575668
maria_sanjuan_6_14,maria_sanjuan,1,0.9887650248199228
maria_sanjuan_6_15,maria_sanjuan,1,0.9887352848556321
maria_sanjuan_6_16,maria_sanjuan,1,0.9886772388595944
maria_sanjuan_6_17,maria_sanjuan,1,0.9886630603414536
maria_sanjuan_6_18,maria_sanjuan,1,0.9886564159506237
maria_sanjuan_6_19,maria_sanjuan,1,0.9886472626120374
maria_sanjuan_6_20,maria_sanjuan,1,0.9887585660335325
maria_sanjuan_6_21,maria_sanjuan,1,0.9891227766907875
maria_sanjuan_6_22,maria_sanjuan,1,0.989451743075623
maria_sanjuan_6_23,maria_sanjuan,1,0.9896798186398723
maria_sanjuan_6_24,maria_sanjuan,1,0.9897192957425767
maria_sanjuan_6_25,maria_sanjuan,1,0.9896656113050551
maria_sanjuan_6_26,maria_sanjuan,1,0.9897880816136452
maria_sanjuan_6_27,maria_sanjuan,1,0.9900714596225603
maria_sanjuan_6_28,maria_sanjuan,1,0.9903074957166724
maria_sanjuan_6_29,maria_sanjuan,1,0.9901886188758005
maria_sanjuan_6_30,maria_sanjuan,1,0.9900231225078818
maria_sanjuan_6_31,maria_sanjuan,1,0.9897171595533728
maria_sanjuan_6_32,maria_sanjuan,1,0.989499801696196
maria_sanjuan_6_33,maria_sanjuan,1,0.9898273642844131
maria_sanjuan_6_34,maria_sanjuan,1,0.9894414970712335
maria_sanjuan_6_35,maria_sanjuan,1,0.9893019808024737
maria_sanjuan_6_36,maria_sanjuan,1,0.9890138869799274
maria_sanjuan_6_37,maria_sanjuan,1,0.9887864099784837
maria_sanjuan_6_38,maria_sanjuan,1,0.988651021998296
maria_sanjuan_6_39,maria_sanjuan,1,0.9921389886812418
maria_sanjuan_6_41,maria_sanjuan,1,0.9921388827288888
maria_sanjuan_6_44,maria_sanjuan,1,0.9886675161974899
maria_sanjuan_6_45,maria_sanjuan,1,0.9887572311033548
maria_sanjuan_6_46,maria_sanjuan,1,0.9887217085771041
maria_sanjuan_6_47,maria_sanjuan,1,0.9886817200162664
maria_sanjuan_6_48,maria_sanjuan,1,0.9886899376273351
maria_sanjuan_6_49,maria_sanjuan,1,0.9886436599891896
maria_sanjuan_7_1,maria_sanjuan,1,0.9921400953274767
maria_sanjuan_7_2,maria_sanjuan,1,0.9921416707393736
maria_sanjuan_7_3,maria_sanjuan,1,0.9921428021321619
maria_sanjuan_7_4,maria_sanjuan,1,0.992143660007092
maria_sanjuan_7_5,maria_sanjuan,1,0.9921459211302924
maria_sanjuan_7_6,maria_sanjuan,1,0.9921441256527517
maria_sanjuan_7_7,maria_sanjuan,1,0.9921423335859897
maria_sanjuan_7_8,maria_sanjuan,1,0.992140416242294
maria_sanjuan_7_9,maria_sanjuan,1,0.9921405055816487
maria_sanjuan_7_10,maria_sanjuan,1,0.9889600218289509
maria_sanjuan_7_11,maria_sanjuan,1,0.9890713366200105
maria_sanjuan_7_12,maria_sanjuan,1,0.9889067271770023
maria_sanjuan_7_13,maria_sanjuan,1,0.9888524326150839
maria_sanjuan_7_14,maria_sanjuan,1,0.9887911210264902
maria_sanjuan_7_15,maria_sanjuan,1,0.9886977654178355
maria_sanjuan_7_16,maria_sanjuan,1,0.9887376811359218
maria_sanjuan_7_17,maria_sanjuan,1,0.9886913349642682
maria_sanjuan_7_18,maria_sanjuan,1,0.9887398522091236
maria_sanjuan_7_19,maria_sanjuan,1,0.9887519418040851
maria_sanjuan_7_20,maria_sanjuan,1,0.9887018148994894
maria_sanjuan_7_21,maria_sanjuan,1,0.9888123420873984
maria_sanjuan_7_22,maria_sanjuan,0,0.9889598037470047
maria_sanjuan_7_23,maria_sanjuan,0,0.9892778947590639
maria_sanjuan_7_24,maria_sanjuan,0,0.9894730099485282
maria_sanjuan_7_25,maria_sanjuan,1,0.9895308592665039
maria_sanjuan_7_26,maria_sanjuan,1,0.9898096069686907
maria_sanjuan_7_27,maria_sanjuan,1,0.9901227796202141
maria_sanjuan_7_28,maria_sanjuan,1,0.9903092045867875
maria_sanjuan_7_29,maria_sanjuan,1,0.9903456601564135
maria_sanjuan_7_30,maria_sanjuan,1,0.9903016214567878
maria_sanjuan_7_31,maria_sanjuan,1,0.9899456413145281
maria_sanjuan_7_32,maria_sanjuan,1,0.9899005364469856
maria_sanjuan_7_33,maria_sanjuan,1,0.9902619919585872
maria_sanjuan_7_34,maria_sanjuan,1,0.9898140289987818
maria_sanjuan_7_35,maria_sanjuan,1,0.9896043785669463
maria_sanjuan_7_36,maria_sanjuan,1,0.9893549552187277
maria_sanjuan_7_37,maria_sanjuan,1,0.989249098600839
maria_sanjuan_7_38,maria_sanjuan,1,0.9891718695145642
maria_sanjuan_7_39,maria_sanjuan,1,0.9888578434602732
maria_sanjuan_7_40,maria_sanjuan,1,0.9890396247514458
maria_sanjuan_7_41,maria_sanjuan,1,0.9889120083969475
maria_sanjuan_7_42,maria_sanjuan,1,0.9888003892702241
maria_sanjuan_7_43,maria_sanjuan,1,0.988718269588365
maria_sanjuan_7_44,maria_sanjuan,1,0.9887757385567424
maria_sanjuan_7_45,maria_sanjuan,1,0.9890013193356759
maria_sanjuan_7_46,maria_sanjuan,0,0.9889678213503498
maria_sanjuan_7_47,maria_sanjuan,0,0.9887490213109251
maria_sanjuan_7_48,maria_sanjuan,1,0.9886790829496503
maria_sanjuan_7_53,maria_sanjuan,1,0.9921388663730064
maria_sanjuan_8_0,maria_sanjuan,1,0.9887262179142566
maria_sanjuan_8_1,maria_sanjuan,1,0.9887549711187694
maria_sanjuan_8_2,maria_sanjuan,1,0.9889151339992388
maria_sanjuan_8_3,maria_sanjuan,1,0.9890452598433327
maria_sanjuan_8_4,maria_sanjuan,1,0.9921442680540098
maria_sanjuan_8_5,maria_sanjuan,1,0.9921463074132871
maria_sanjuan_8_6,maria_sanjuan,1,0.9921448006649091
maria_sanjuan_8_7,maria_sanjuan,1,0.9921436686243624
maria_sanjuan_8_8,maria_sanjuan,1,0.9921418683125589
maria_sanjuan_8_9,maria_sanjuan,1,0.9888334255125755
maria_sanjuan_8_10,maria_sanjuan,1,0.988917810090725
maria_sanjuan_8_11,maria_sanjuan,1,0.9889195194191922
maria_sanjuan_8_12,maria_sanjuan,1,0.988771789173835
maria_sanjuan_8_13,maria_sanjuan,1,0.9887483031589688
maria_sanjuan_8_14,maria_sanjuan,1,0.9889446460550169
maria_sanjuan_8_15,maria_sanjuan,1,0.9890592210809767
maria_sanjuan_8_16,maria_sanjuan,1,0.9890900753256578
maria_sanjuan_8_17,maria_sanjuan,1,0.9891666980203373
maria_sanjuan_8_18,maria_sanjuan,1,0.9891838467010845
maria_sanjuan_8_19,maria_sanjuan,1,0.9890877949760913
maria_sanjuan_8_20,maria_sanjuan,1,0.9921401141869359
maria_sanjuan_8_21,maria_sanjuan,1,0.9887013200827055
maria_sanjuan_8_22,maria_sanjuan,1,0.9886949772038127
maria_sanjuan_8_23,maria_sanjuan,0,0.9888080074450911
maria_sanjuan_8_24,maria_sanjuan,0,0.9890303327001851
maria_sanjuan_8_25,maria_sanjuan,1,0.9892430558717846
maria_sanjuan_8_26,maria_sanjuan,1,0.9894704429779423
maria_sanjuan_8_27,maria_sanjuan,1,0.9897651129652114
maria_sanjuan_8_28,maria_sanjuan,1,0.9899554778190899
maria_sanjuan_8_29,maria_sanjuan,1,0.9901705697298502
maria_sanjuan_8_30,maria_sanjuan,1,0.9900841389638991
maria_sanjuan_8_31,maria_sanjuan,1,0.9897092529876024
maria_sanjuan_8_32,maria_sanjuan,1,0.9896622555884431
maria_sanjuan_8_33,maria_sanjuan,1,0.9898937201353483
maria_sanjuan_8_34,maria_sanjuan,1,0.9895537247268602
maria_sanjuan_8_35,maria_sanjuan,1,0.9893591501171072
maria_sanjuan_8_36,maria_sanjuan,1,0.9894230373752678
maria_sanjuan_8_37,maria_sanjuan,1,0.9895347117219288
maria_sanjuan_8_38,maria_sanjuan,1,0.9895663206913848
maria_sanjuan_8_39,maria_sanjuan,1,0.9896752171012472
maria_sanjuan_8_40,maria_sanjuan,1,0.9895524124694131
maria_sanjuan_8_41,maria_sanjuan,1,0.9894031317081988
maria_sanjuan_8_42,maria_sanjuan,1,0.9892077160014897
maria_sanjuan_8_43,maria_sanjuan,1,0.9897066000427249
maria_sanjuan_8_44,maria_sanjuan,1,0.9896806269763679
maria_sanjuan_8_45,maria_sanjuan,1,0.9895618780455796
maria_sanjuan_8_46,maria_sanjuan,0,0.9893857669240577
maria_sanjuan_8_47,maria_sanjuan,0,0.9889764786376039
maria_sanjuan_8_48,maria_sanjuan,1,0.9887302654305952
maria_sanjuan_8_53,maria_sanjuan,1,0.9921388372501054
maria_sanjuan_9_0,maria_sanjuan,1,0.9888684488757482
maria_sanjuan_9_1,maria_sanjuan,1,0.9888868339511028
maria_sanjuan_9_2,maria_sanjuan,1,0.98895539086602
maria_sanjuan_9_3,maria_sanjuan,1,0.9891324936456156
maria_sanjuan_9_4,maria_sanjuan,1,0.9921453719147266
maria_sanjuan_9_5,maria_sanjuan,1,0.9921465063670573
maria_sanjuan_9_6,maria_sanjuan,1,0.9921452649474404
maria_sanjuan_9_7,maria_sanjuan,1,0.9921449312248776
maria_sanjuan_9_8,maria_sanjuan,1,0.9921433869592964
maria_sanjuan_9_9,maria_sanjuan,1,0.988894799416421
maria_sanjuan_9_10,maria_sanjuan,1,0.988966877845566
maria_sanjuan_9_11,maria_sanjuan,1,0.9890519385552866
maria_sanjuan_9_12,maria_sanjuan,1,0.9888701907021381
maria_sanjuan_9_13,maria_sanjuan,1,0.9921404923048768
maria_sanjuan_9_14,maria_sanjuan,1,0.9890333384408482
maria_sanjuan_9_15,maria_sanjuan,1,0.9893359757276601
maria_sanjuan_9_16,maria_sanjuan,1,0.9894854173320388
maria_sanjuan_9_17,maria_sanjuan,1,0.9894033075337754
maria_sanjuan_9_18,maria_sanjuan,1,0.9893287349307494
maria_sanjuan_9_19,maria_sanjuan,1,0.9891602578375057
maria_sanjuan_9_20,maria_sanjuan,1,0.9888896138245099
maria_sanjuan_9_21,maria_sanjuan,1,0.988711853311608
maria_sanjuan_9_22,maria_sanjuan,1,0.9921392842048488
maria_sanjuan_9_23,maria_sanjuan,1,0.9921426969386151
maria_sanjuan_9_24,maria_sanjuan,1,0.9892339014158861
maria_sanjuan_9_25,maria_sanjuan,1,0.9891450069256689
maria_sanjuan_9_26,maria_sanjuan,1,0.9890734752099773
maria_sanjuan_9_27,maria_sanjuan,1,0.9890399079776552
maria_sanjuan_9_28,maria_sanjuan,1,0.9893858164522643
maria_sanjuan_9_29,maria_sanjuan,1,0.9895636562959556
maria_sanjuan_9_30,maria_sanjuan,1,0.9897486994660469
maria_sanjuan_9_31,maria_sanjuan,1,0.9897164241479524
maria_sanjuan_9_32,maria_sanjuan,1,0.9895378736779817
maria_sanjuan_9_33,maria_sanjuan,1,0.9894069056493902
maria_sanjuan_9_34,maria_sanjuan,1,0.9893133041319954
maria_sanjuan_9_35,maria_sanjuan,1,0.9891812481499104
maria_sanjuan_9_36,maria_sanjuan,1,0.9890543443377215
maria_sanjuan_9_37,maria_sanjuan,1,0.9891661764098459
maria_sanjuan_9_38,maria_sanjuan,1,0.9893580652991106
maria_sanjuan_9_39,maria_sanjuan,1,0.9896527978260504
maria_sanjuan_9_40,maria_sanjuan,1,0.9895468721587924
maria_sanjuan_9_41,maria_sanjuan,1,0.9895139186588701
maria_sanjuan_9_42,maria_sanjuan,1,0.9902017511361003
maria_sanjuan_9_43,maria_sanjuan,1,0.9912780159415332
maria_sanjuan_9_44,maria_sanjuan,1,0.991031644421024
maria_sanjuan_9_45,maria_sanjuan,1,0.9900407622846678
maria_sanjuan_9_46,maria_sanjuan,1,0.9896287441642043
maria_sanjuan_9_47,maria_sanjuan,0,0.9890183351914328
maria_sanjuan_9_48,maria_sanjuan,1,0.9887741300618519
maria_sanjuan_9_49,maria_sanjuan,1,0.9887169167857232
maria_sanjuan_9_50,maria_sanjuan,1,0.9921391601979355
maria_sanjuan_10_0,maria_sanjuan,1,0.9887666821600158
maria_sanjuan_10_1,maria_sanjuan,1,0.9888648774669812
maria_sanjuan_10_2,maria_sanjuan,1,0.9889901348693989
maria_sanjuan_10_3,maria_sanjuan,1,0.9890686348800662
maria_sanjuan_10_4,maria_sanjuan,1,0.992144207405783
maria_sanjuan_10_5,maria_sanjuan,1,0.992145386370142
maria_sanjuan_10_6,maria_sanjuan,1,0.9921449674137477
maria_sanjuan_10_7,maria_sanjuan,1,0.9921451232747306
maria_sanjuan_10_8,maria_sanjuan,1,0.9891450443325112
maria_sanjuan_10_9,maria_sanjuan,1,0.9889987646913553
maria_sanjuan_10_10,maria_sanjuan,1,0.9891578381596401
maria_sanjuan_10_11,maria_sanjuan,1,0.9892900641048062
maria_sanjuan_10_12,maria_sanjuan,1,0.9890642530397257
maria_sanjuan_10_13,maria_sanjuan,1,0.988990803170931
maria_sanjuan_10_14,maria_sanjuan,1,0.9890737383751462
maria_sanjuan_10_15,maria_sanjuan,1,0.9893624702062755
maria_sanjuan_10_16,maria_sanjuan,1,0.9894917955717307
maria_sanjuan_10_17,maria_sanjuan,1,0.9894352852304285
maria_sanjuan_10_18,maria_sanjuan,1,0.9895337113456361
maria_sanjuan_10_19,maria_sanjuan,1,0.9893900039807852
maria_sanjuan_10_20,maria_sanjuan,1,0.9891333322460271
maria_sanjuan_10_21,maria_sanjuan,1,0.9888717675062859
maria_sanjuan_10_22,maria_sanjuan,1,0.9889191854118702
maria_sanjuan_10_23,maria_sanjuan,0,0.9897146479773973
maria_sanjuan_10_24,maria_sanjuan,1,0.989845697175044
maria_sanjuan_10_25,maria_sanjuan,1,0.9893248949820078
maria_sanjuan_10_26,maria_sanjuan,1,0.9889882450153727
maria_sanjuan_10_27,maria_sanjuan,1,0.9888855704935331
maria_sanjuan_10_28,maria_sanjuan,1,0.9890273646013916
maria_sanjuan_10_29,maria_sanjuan,1,0.9891576793193713
maria_sanjuan_10_30,maria_sanjuan,1,0.9893689497199196
maria_sanjuan_10_31,maria_sanjuan,1,0.9896430537070122
maria_sanjuan_10_32,maria_sanjuan,1,0.9894972046262105
maria_sanjuan_10_33,maria_sanjuan,1,0.9893564968251766
maria_sanjuan_10_34,maria_sanjuan,1,0.9893350544458589
maria_sanjuan_10_35,maria_sanjuan,1,0.9893662808894621
maria_sanjuan_10_36,maria_sanjuan,1,0.9890746329067527
maria_sanjuan_10_37,maria_sanjuan,1,0.9888569966676872
maria_sanjuan_10_38,maria_sanjuan,1,0.9888849415837245
maria_sanjuan_10_39,maria_sanjuan,1,0.9890879948911916
maria_sanjuan_10_40,maria_sanjuan,1,0.9893469790779408
maria_sanjuan_10_41,maria_sanjuan,1,0.9895699468757027
maria_sanjuan_10_42,maria_sanjuan,1,0.990276473504174
maria_sanjuan_10_43,maria_sanjuan,1,0.9909520953857867
maria_sanjuan_10_44,maria_sanjuan,1,0.9908630297025469
maria_sanjuan_10_45,maria_sanjuan,1,0.989633343671535
maria_sanjuan_10_46,maria_sanjuan,1,0.9893470827425068
maria_sanjuan_10_47,maria_sanjuan,1,0.9890111096831843
maria_sanjuan_10_48,maria_sanjuan,1,0.9888838698433036
maria_sanjuan_10_49,maria_sanjuan,1,0.9888762420378946
maria_sanjuan_10_50,maria_sanjuan,1,0.9921402946037717
maria_sanjuan_10_51,maria_sanjuan,1,0.9921389747239941
maria_sanjuan_11_0,maria_sanjuan,1,0.9886564272371491
maria_sanjuan_11_1,maria_sanjuan,1,0.9887759555931352
maria_sanjuan_11_2,maria_sanjuan,1,0.9889240642558892
maria_sanjuan_11_3,maria_sanjuan,1,0.9890155060651197
maria_sanjuan_11_4,maria_sanjuan,1,0.9921433115195737
maria_sanjuan_11_5,maria_sanjuan,1,0.9921436439152775
maria_sanjuan_11_6,maria_sanjuan,1,0.9921434964793687
maria_sanjuan_11_7,maria_sanjuan,1,0.9921436683375382
maria_sanjuan_11_8,maria_sanjuan,1,0.9921431338074929
maria_sanjuan_11_9,maria_sanjuan,1,0.9890058124477409
maria_sanjuan_11_10,maria_sanjuan,1,0.9894286376192557
maria_sanjuan_11_11,maria_sanjuan,1,0.989472376598455
maria_sanjuan_11_12,maria_sanjuan,1,0.9892341391437944
maria_sanjuan_11_13,maria_sanjuan,1,0.989161005100336
maria_sanjuan_11_14,maria_sanjuan,1,0.9891280003280571
maria_sanjuan_11_15,maria_sanjuan,1,0.9890800938556485
maria_sanjuan_11_16,maria_sanjuan,1,0.9890587210053705
maria_sanjuan_11_17,maria_sanjuan,1,0.9892711566454829
maria_sanjuan_11_18,maria_sanjuan,1,0.989671393531875
maria_sanjuan_11_19,maria_sanjuan,1,0.989596924646543
maria_sanjuan_11_20,maria_sanjuan,1,0.9895610729123305
maria_sanjuan_11_21,maria_sanjuan,0,0.9897274915120584
maria_sanjuan_11_22,maria_sanjuan,1,0.9899316972154318
maria_sanjuan_11_23,maria_sanjuan,1,0.9897997699119573
maria_sanjuan_11_24,maria_sanjuan,1,0.989812151721792
maria_sanjuan_11_25,maria_sanjuan,1,0.9894783975807313
maria_sanjuan_11_26,maria_sanjuan,1,0.9890382850988761
maria_sanjuan_11_27,maria_sanjuan,1,0.9892735259044537
maria_sanjuan_11_28,maria_sanjuan,1,0.9894741253217534
maria_sanjuan_11_29,maria_sanjuan,1,0.9896250194155547
maria_sanjuan_11_30,maria_sanjuan,1,0.9897233945211947
maria_sanjuan_11_31,maria_sanjuan,1,0.9897722930923788
maria_sanjuan_11_32,maria_sanjuan,1,0.989514595804219
maria_sanjuan_11_33,maria_sanjuan,1,0.9892900666318942
maria_sanjuan_11_34,maria_sanjuan,1,0.9892589443934451
maria_sanjuan_11_35,maria_sanjuan,1,0.9892472322736421
maria_sanjuan_11_36,maria_sanjuan,1,0.9890458203657646
maria_sanjuan_11_37,maria_sanjuan,1,0.9921405416164248
maria_sanjuan_11_38,maria_sanjuan,1,0.9887968085710791
maria_sanjuan_11_39,maria_sanjuan,1,0.9888803563259756
maria_sanjuan_11_40,maria_sanjuan,1,0.9893491768749474
maria_sanjuan_11_41,maria_sanjuan,1,0.9895535415860272
maria_sanjuan_11_42,maria_sanjuan,1,0.9895558082141417
maria_sanjuan_11_43,maria_sanjuan,1,0.9897057139778132
maria_sanjuan_11_44,maria_sanjuan,1,0.9896430474135947
maria_sanjuan_11_45,maria_sanjuan,1,0.9894071417205079
maria_sanjuan_11_46,maria_sanjuan,1,0.9893168102249841
maria_sanjuan_11_47,maria_sanjuan,1,0.989171025254053
maria_sanjuan_11_48,maria_sanjuan,1,0.9890509688009917
maria_sanjuan_11_49,maria_sanjuan,1,0.9921426131203572
maria_sanjuan_11_50,maria_sanjuan,1,0.9921414157925348
maria_sanjuan_11_51,maria_sanjuan,1,0.9921392678781766
maria_sanjuan_11_52,maria_sanjuan,1,0.9921390233867916
maria_sanjuan_12_0,maria_sanjuan,1,0.9921390144344278
maria_sanjuan_12_1,maria_sanjuan,1,0.9921397776290622
maria_sanjuan_12_2,maria_sanjuan,1,0.9921414277223353
maria_sanjuan_12_3,maria_sanjuan,1,0.9921421965481029
maria_sanjuan_12_4,maria_sanjuan,1,0.9921420212653337
maria_sanjuan_12_5,maria_sanjuan,1,0.9921425602108506
maria_sanjuan_12_6,maria_sanjuan,1,0.992143145332749
maria_sanjuan_12_7,maria_sanjuan,1,0.9921434800551349
maria_sanjuan_12_8,maria_sanjuan,1,0.9921434556319393
maria_sanjuan_12_9,maria_sanjuan,1,0.9921432699194149
maria_sanjuan_12_10,maria_sanjuan,1,0.9921466385777541
maria_sanjuan_12_11,maria_sanjuan,0,0.9897800913664927
maria_sanjuan_12_12,maria_sanjuan,1,0.9896863733325009
maria_sanjuan_12_13,maria_sanjuan,1,0.9896449146235196
maria_sanjuan_12_14,maria_sanjuan,1,0.9893987636646121
maria_sanjuan_12_15,maria_sanjuan,1,0.9890666025365876
maria_sanjuan_12_16,maria_sanjuan,1,0.9921424314500737
maria_sanjuan_12_17,maria_sanjuan,1,0.9894964158844556
maria_sanjuan_12_18,maria_sanjuan,1,0.9897216049558951
maria_sanjuan_12_19,maria_sanjuan,1,0.9897618100943982
maria_sanjuan_12_20,maria_sanjuan,1,0.9898559550391253
maria_sanjuan_12_21,maria_sanjuan,1,0.9903071430142553
maria_sanjuan_12_22,maria_sanjuan,1,0.9900788472958023
maria_sanjuan_12_23,maria_sanjuan,1,0.9894149410232148
maria_sanjuan_12_24,maria_sanjuan,1,0.9891499070677144
maria_sanjuan_12_25,maria_sanjuan,1,0.989122023386709
maria_sanjuan_12_26,maria_sanjuan,1,0.9893154150681264
maria_sanjuan_12_27,maria_sanjuan,1,0.9897235508032918
maria_sanjuan_12_28,maria_sanjuan,1,0.9899885312097756
maria_sanjuan_12_29,maria_sanjuan,1,0.990155865210488
maria_sanjuan_12_30,maria_sanjuan,1,0.990210468237118
maria_sanjuan_12_31,maria_sanjuan,1,0.9902189264345548
maria_sanjuan_12_32,maria_sanjuan,1,0.9898532037789487
maria_sanjuan_12_33,maria_sanjuan,1,0.9895684409284624
maria_sanjuan_12_34,maria_sanjuan,1,0.9894947558726667
maria_sanjuan_12_35,maria_sanjuan,1,0.989277569283722
maria_sanjuan_12_36,maria_sanjuan,1,0.9889045362424835
maria_sanjuan_12_37,maria_sanjuan,1,0.9921401274692271
maria_sanjuan_12_38,maria_sanjuan,1,0.9921403754803616
maria_sanjuan_12_39,maria_sanjuan,1,0.9887871416544608
maria_sanjuan_12_40,maria_sanjuan,1,0.9889799980902256
maria_sanjuan_12_41,maria_sanjuan,1,0.9894078551982389
maria_sanjuan_12_42,maria_sanjuan,1,0.9891793209068281
maria_sanjuan_12_43,maria_sanjuan,1,0.9892241222849418
maria_sanjuan_12_44,maria_sanjuan,1,0.9892454745461581
maria_sanjuan_12_45,maria_sanjuan,1,0.9892500453849414
maria_sanjuan_12_46,maria_sanjuan,1,0.9893170235316149
maria_sanjuan_12_47,maria_sanjuan,1,0.9893282164785877
maria_sanjuan_12_48,maria_sanjuan,1,0.9892318012659683
maria_sanjuan_12_49,maria_sanjuan,1,0.9921452229768541
maria_sanjuan_12_50,maria_sanjuan,1,0.9921430189077948
maria_sanjuan_12_51,maria_sanjuan,1,0.9921409466781098
maria_sanjuan_12_52,maria_sanjuan,1,0.9921396112463428
maria_sanjuan_12_53,maria_sanjuan,1,0.9921389513459343
maria_sanjuan_12_54,maria_sanjuan,1,0.9921388774865152
maria_sanjuan_12_55,maria_sanjuan,1,0.9921387833078015
maria_sanjuan_13_0,maria_sanjuan,1,0.988826497245849
maria_sanjuan_13_1,maria_sanjuan,1,0.9888061363610856
maria_sanjuan_13_2,maria_sanjuan,1,0.9888550167302604
maria_sanjuan_13_3,maria_sanjuan,1,0.9921414421616399
maria_sanjuan_13_4,maria_sanjuan,1,0.9921413406089293
maria_sanjuan_13_5,maria_sanjuan,1,0.9921419202036517
maria_sanjuan_13_6,maria_sanjuan,1,0.9921427819661032
maria_sanjuan_13_7,maria_sanjuan,1,0.9921435602427323
maria_sanjuan_13_8,maria_sanjuan,1,0.9921457642922727
maria_sanjuan_13_9,maria_sanjuan,1,0.9921452393914412
maria_sanjuan_13_10,maria_sanjuan,1,0.9895814627155239
maria_sanjuan_13_11,maria_sanjuan,1,0.9900674769412732
maria_sanjuan_13_12,maria_sanjuan,1,0.9900609645480062
maria_sanjuan_13_13,maria_sanjuan,1,0.9900488528655413
maria_sanjuan_13_14,maria_sanjuan,1,0.9895778240547536
maria_sanjuan_13_15,maria_sanjuan,1,0.9892078095055455
maria_sanjuan_13_16,maria_sanjuan,1,0.9894656981954228
maria_sanjuan_13_17,maria_sanjuan,1,0.9898552092381363
maria_sanjuan_13_18,maria_sanjuan,1,0.9899829225541745
maria_sanjuan_13_19,maria_sanjuan,1,0.9899281379549604
maria_sanjuan_13_20,maria_sanjuan,1,0.9899249859988056
maria_sanjuan_13_21,maria_sanjuan,1,0.9899716624210807
maria_sanjuan_13_22,maria_sanjuan,1,0.9897841676614324
maria_sanjuan_13_23,maria_sanjuan,1,0.9893572005980789
maria_sanjuan_13_24,maria_sanjuan,1,0.9890596339559078
maria_sanjuan_13_25,maria_sanjuan,1,0.9891082069977882
maria_sanjuan_13_26,maria_sanjuan,1,0.9895994586120374
maria_sanjuan_13_27,maria_sanjuan,1,0.9900167697383975
maria_sanjuan_13_28,maria_sanjuan,1,0.9901330887586683
maria_sanjuan_13_29,maria_sanjuan,1,0.990131150990175
maria_sanjuan_13_30,maria_sanjuan,1,0.9901170159132496
maria_sanjuan_13_31,maria_sanjuan,1,0.9900811343930082
maria_sanjuan_13_32,maria_sanjuan,1,0.989837149978278
maria_sanjuan_13_33,maria_sanjuan,1,0.9896102732572063
maria_sanjuan_13_34,maria_sanjuan,1,0.9895257287291401
maria_sanjuan_13_35,maria_sanjuan,1,0.9893329094795856
maria_sanjuan_13_36,maria_sanjuan,1,0.9889850697811697
maria_sanjuan_13_37,maria_sanjuan,1,0.9888500080660246
maria_sanjuan_13_38,maria_sanjuan,1,0.9888255756785038
maria_sanjuan_13_39,maria_sanjuan,1,0.9921396919012513
maria_sanjuan_13_40,maria_sanjuan,1,0.9887467741655672
maria_sanjuan_13_41,maria_sanjuan,1,0.9888338110483162
maria_sanjuan_13_42,maria_sanjuan,1,0.9921411468395119
maria_sanjuan_13_43,maria_sanjuan,1,0.9921408037769527
maria_sanjuan_13_44,maria_sanjuan,1,0.9921408982361839
maria_sanjuan_13_45,maria_sanjuan,1,0.9889043013918204
maria_sanjuan_13_46,maria_sanjuan,1,0.9891183264641676
maria_sanjuan_13_47,maria_sanjuan,1,0.9894469250257423
maria_sanjuan_13_48,maria_sanjuan,1,0.989479195228108
maria_sanjuan_13_49,maria_sanjuan,1,0.9892447445621552
maria_sanjuan_13_50,maria_sanjuan,1,0.9921432178590756
maria_sanjuan_13_51,maria_sanjuan,1,0.9921417534888107
maria_sanjuan_13_52,maria_sanjuan,1,0.992141105507736
maria_sanjuan_13_53,maria_sanjuan,1,0.992140402587725
maria_sanjuan_13_54,maria_sanjuan,1,0.9921400624493698
maria_sanjuan_13_55,maria_sanjuan,1,0.9921396779854676
maria_sanjuan_14_0,maria_sanjuan,1,0.9889554653995213
maria_sanjuan_14_1,maria_sanjuan,1,0.9889304805218857
maria_sanjuan_14_2,maria_sanjuan,1,0.9889117593393218
maria_sanjuan_14_3,maria_sanjuan,1,0.988998408021881
maria_sanjuan_14_4,maria_sanjuan,1,0.9890434018173558
maria_sanjuan_14_5,maria_sanjuan,1,0.9890225054020775
maria_sanjuan_14_6,maria_sanjuan,1,0.9890623107796943
maria_sanjuan_14_7,maria_sanjuan,1,0.9921440879773118
maria_sanjuan_14_8,maria_sanjuan,1,0.9921458686025725
maria_sanjuan_14_9,maria_sanjuan,1,0.99214447527634
maria_sanjuan_14_10,maria_sanjuan,1,0.9895606482379063
maria_sanjuan_14_11,maria_sanjuan,1,0.9902835688774085
maria_sanjuan_14_12,maria_sanjuan,1,0.9900463684908161
maria_sanjuan_14_13,maria_sanjuan,1,0.9900885709109699
maria_sanjuan_14_14,maria_sanjuan,1,0.9896126448380684
maria_sanjuan_14_15,maria_sanjuan,1,0.9892667438464978
maria_sanjuan_14_16,maria_sanjuan,1,0.989481115507334
maria_sanjuan_14_17,maria_sanjuan,1,0.9898310081045529
maria_sanjuan_14_18,maria_sanjuan,1,0.989828500986717
maria_sanjuan_14_19,maria_sanjuan,1,0.98969149299655
maria_sanjuan_14_20,maria_sanjuan,1,0.9899165417747721
maria_sanjuan_14_21,maria_sanjuan,1,0.9897678299447289
maria_sanjuan_14_22,maria_sanjuan,1,0.9897852968453534
maria_sanjuan_14_23,maria_sanjuan,1,0.989467763899879
maria_sanjuan_14_24,maria_sanjuan,1,0.9893589026102039
maria_sanjuan_14_25,maria_sanjuan,1,0.9894770288992752
maria_sanjuan_14_26,maria_sanjuan,1,0.9897536016839718
maria_sanjuan_14_27,maria_sanjuan,1,0.9900241195713092
maria_sanjuan_14_28,maria_sanjuan,1,0.9901128703495762
maria_sanjuan_14_29,maria_sanjuan,1,0.9899833637790572
maria_sanjuan_14_30,maria_sanjuan,1,0.989769331396439
maria_sanjuan_14_31,maria_sanjuan,1,0.9898081677276338
maria_sanjuan_14_32,maria_sanjuan,1,0.9897255868587675
maria_sanjuan_14_33,maria_sanjuan,1,0.9895826862168872
maria_sanjuan_14_34,maria_sanjuan,1,0.9895047754150528
maria_sanjuan_14_35,maria_sanjuan,1,0.9894170338845929
maria_sanjuan_14_36,maria_sanjuan,1,0.9893882331642858
maria_sanjuan_14_37,maria_sanjuan,1,0.9893848867445834
maria_sanjuan_14_38,maria_sanjuan,1,0.9889320500953165
maria_sanjuan_14_39,maria_sanjuan,1,0.9921409671797456
maria_sanjuan_14_40,maria_sanjuan,1,0.992139322115453
maria_sanjuan_14_41,maria_sanjuan,1,0.9886905205279056
maria_sanjuan_14_42,maria_sanjuan,1,0.9887318341070611
maria_sanjuan_14_43,maria_sanjuan,1,0.9888285073665238
maria_sanjuan_14_44,maria_sanjuan,1,0.9921415727627766
maria_sanjuan_14_45,maria_sanjuan,1,0.9890162086120556
maria_sanjuan_14_46,maria_sanjuan,1,0.9893255243029849
maria_sanjuan_14_47,maria_sanjuan,1,0.9895758314751605
maria_sanjuan_14_48,maria_sanjuan,1,0.9896738140700376
maria_sanjuan_14_49,maria_sanjuan,1,0.989277102302388
maria_sanjuan_14_50,maria_sanjuan,1,0.9891999025708919
maria_sanjuan_14_51,maria_sanjuan,1,0.992145059037048
maria_sanjuan_14_52,maria_sanjuan,1,0.9921449653006388
maria_sanjuan_14_53,maria_sanjuan,1,0.9921439209130252
maria_sanjuan_14_54,maria_sanjuan,1,0.9921422946358471
maria_sanjuan_14_55,maria_sanjuan,1,0.9921401843235587
maria_sanjuan_15_0,maria_sanjuan,1,0.9891686266503337
maria_sanjuan_15_1,maria_sanjuan,1,0.989117328401456
maria_sanjuan_15_2,maria_sanjuan,1,0.9890679776689939
maria_sanjuan_15_3,maria_sanjuan,1,0.9891187386462593
maria_sanjuan_15_4,maria_sanjuan,1,0.9891053839012898
maria_sanjuan_15_5,maria_sanjuan,1,0.9890950258755192
maria_sanjuan_15_6,maria_sanjuan,1,0.9890419007237531
maria_sanjuan_15_7,maria_sanjuan,1,0.9891059359417732
maria_sanjuan_15_8,maria_sanjuan,1,0.9921452973847351
maria_sanjuan_15_9,maria_sanjuan,1,0.9921453402352822
maria_sanjuan_15_10,maria_sanjuan,1,0.9892715333687888
maria_sanjuan_15_11,maria_sanjuan,1,0.9898731540534164
maria_sanjuan_15_12,maria_sanjuan,1,0.9898206917565799
maria_sanjuan_15_13,maria_sanjuan,1,0.9897751392190741
maria_sanjuan_15_14,maria_sanjuan,1,0.9895480486265662
maria_sanjuan_15_15,maria_sanjuan,1,0.9892145324244285
maria_sanjuan_15_16,maria_sanjuan,1,0.9891790326711195
maria_sanjuan_15_17,maria_sanjuan,1,0.9894005860022776
maria_sanjuan_15_18,maria_sanjuan,1,0.9893765190102872
maria_sanjuan_15_19,maria_sanjuan,1,0.9892517666164897
maria_sanjuan_15_20,maria_sanjuan,1,0.9897830943910672
maria_sanjuan_15_21,maria_sanjuan,1,0.9901278446173047
maria_sanjuan_15_22,maria_sanjuan,1,0.9901272129130891
maria_sanjuan_15_23,maria_sanjuan,1,0.9896107979141765
maria_sanjuan_15_24,maria_sanjuan,1,0.9895812412098981
maria_sanjuan_15_25,maria_sanjuan,1,0.9895536383424494
maria_sanjuan_15_26,maria_sanjuan,1,0.9897228945988676
maria_sanjuan_15_27,maria_sanjuan,1,0.9898017223980331
maria_sanjuan_15_28,maria_sanjuan,1,0.9900728948629458
maria_sanjuan_15_29,maria_sanjuan,1,0.9900064857298212
maria_sanjuan_15_30,maria_sanjuan,1,0.9896440511364882
maria_sanjuan_15_31,maria_sanjuan,1,0.9896341522600279
maria_sanjuan_15_32,maria_sanjuan,1,0.9897029608809503
maria_sanjuan_15_33,maria_sanjuan,1,0.9895830541911556
maria_sanjuan_15_34,maria_sanjuan,1,0.9895362827210153
maria_sanjuan_15_35,maria_sanjuan,1,0.9894729061094114
maria_sanjuan_15_36,maria_sanjuan,1,0.9896837020469931
maria_sanjuan_15_37,maria_sanjuan,1,0.9897491565291936
maria_sanjuan_15_38,maria_sanjuan,1,0.9898664391366208
maria_sanjuan_15_39,maria_sanjuan,1,0.9921450703210584
maria_sanjuan_15_40,maria_sanjuan,1,0.9891808340435552
maria_sanjuan_15_41,maria_sanjuan,1,0.9888108755831437
maria_sanjuan_15_42,maria_sanjuan,1,0.9889421615981976
maria_sanjuan_15_43,maria_sanjuan,1,0.989042626557728
maria_sanjuan_15_44,maria_sanjuan,1,0.9921436452605419
maria_sanjuan_15_45,maria_sanjuan,1,0.9921446239899614
maria_sanjuan_15_46,maria_sanjuan,1,0.9921459649454718
maria_sanjuan_15_47,maria_sanjuan,1,0.9895539949819576
maria_sanjuan_15_48,maria_sanjuan,1,0.9897297525861538
maria_sanjuan_15_49,maria_sanjuan,1,0.9893580998925375
maria_sanjuan_15_50,maria_sanjuan,1,0.989257006476498
maria_sanjuan_15_51,maria_sanjuan,1,0.9921458036559968
maria_sanjuan_15_52,maria_sanjuan,1,0.992145321312096
maria_sanjuan_15_53,maria_sanjuan,1,0.9921436489587432
maria_sanjuan_15_54,maria_sanjuan,1,0.992141944082205
maria_sanjuan_15_55,maria_sanjuan,1,0.9921401449848457
maria_sanjuan_16_0,maria_sanjuan,1,0.989249987833883
maria_sanjuan_16_1,maria_sanjuan,1,0.989330442072578
maria_sanjuan_16_2,maria_sanjuan,1,0.989216274753287
maria_sanjuan_16_3,maria_sanjuan,1,0.9892111704570332
maria_sanjuan_16_4,maria_sanjuan,1,0.9890836269815603
maria_sanjuan_16_5,maria_sanjuan,1,0.9890699423603817
maria_sanjuan_16_6,maria_sanjuan,1,0.9890092086736376
maria_sanjuan_16_7,maria_sanjuan,1,0.9891062223178575
maria_sanjuan_16_8,maria_sanjuan,1,0.9893035620680857
maria_sanjuan_16_9,maria_sanjuan,1,0.989427786768302
maria_sanjuan_16_10,maria_sanjuan,1,0.9892255036393272
maria_sanjuan_16_11,maria_sanjuan,1,0.989543509648671
maria_sanjuan_16_12,maria_sanjuan,1,0.9894148167986001
maria_sanjuan_16_13,maria_sanjuan,1,0.9892379784888153
maria_sanjuan_16_14,maria_sanjuan,1,0.989077426416439
maria_sanjuan_16_15,maria_sanjuan,1,0.9889971837530861
maria_sanjuan_16_16,maria_sanjuan,1,0.9889932561805591
maria_sanjuan_16_17,maria_sanjuan,1,0.9892334422521706
maria_sanjuan_16_18,maria_sanjuan,1,0.9892371277307842
maria_sanjuan_16_19,maria_sanjuan,1,0.989140818114935
maria_sanjuan_16_20,maria_sanjuan,1,0.9900351825073636
maria_sanjuan_16_21,maria_sanjuan,1,0.9904054690842902
maria_sanjuan_16_22,maria_sanjuan,1,0.9902877743768395
maria_sanjuan_16_23,maria_sanjuan,1,0.9893152385042066
maria_sanjuan_16_24,maria_sanjuan,1,0.9893321838554249
maria_sanjuan_16_25,maria_sanjuan,1,0.9893277665634326
maria_sanjuan_16_26,maria_sanjuan,1,0.9893924401322459
maria_sanjuan_16_27,maria_sanjuan,1,0.9895253015707424
maria_sanjuan_16_28,maria_sanjuan,1,0.9897556746854372
maria_sanjuan_16_29,maria_sanjuan,1,0.9897899024257683
maria_sanjuan_16_30,maria_sanjuan,1,0.9896993015194753
maria_sanjuan_16_31,maria_sanjuan,1,0.9897269230111281
maria_sanjuan_16_32,maria_sanjuan,1,0.9897898631886299
maria_sanjuan_16_33,maria_sanjuan,1,0.9897398123458383
maria_sanjuan_16_34,maria_sanjuan,1,0.98968174200862
maria_sanjuan_16_35,maria_sanjuan,1,0.9895608459543769
maria_sanjuan_16_36,maria_sanjuan,1,0.9896654979621738
maria_sanjuan_16_37,maria_sanjuan,1,0.9898320476348842
maria_sanjuan_16_38,maria_sanjuan,1,0.9901130442489392
maria_sanjuan_16_39,maria_sanjuan,1,0.9896900483095332
maria_sanjuan_16_40,maria_sanjuan,1,0.989147066646467
maria_sanjuan_16_41,maria_sanjuan,1,0.9889859924670596
maria_sanjuan_16_42,maria_sanjuan,1,0.9890989211332898
maria_sanjuan_16_43,maria_sanjuan,1,0.9891780212415231
maria_sanjuan_16_44,maria_sanjuan,1,0.9892481573931952
maria_sanjuan_16_45,maria_sanjuan,1,0.9892707926278432
maria_sanjuan_16_46,maria_sanjuan,1,0.9893045272332475
maria_sanjuan_16_47,maria_sanjuan,1,0.9894664949264643
maria_sanjuan_16_48,maria_sanjuan,1,0.9896496425218593
maria_sanjuan_16_49,maria_sanjuan,1,0.9893966837869488
maria_sanjuan_16_50,maria_sanjuan,1,0.9894435877110265
maria_sanjuan_16_51,maria_sanjuan,1,0.9921467395887428
maria_sanjuan_16_52,maria_sanjuan,1,0.9921451398977654
maria_sanjuan_16_53,maria_sanjuan,1,0.992143690868209
maria_sanjuan_16_54,maria_sanjuan,1,0.9921418607558622
maria_sanjuan_16_55,maria_sanjuan,1,0.9921395848596859
maria_sanjuan_17_0,maria_sanjuan,1,0.9921472835587247
maria_sanjuan_17_1,maria_sanjuan,1,0.992148744660106
maria_sanjuan_17_2,maria_sanjuan,1,0.9892889584993086
maria_sanjuan_17_3,maria_sanjuan,1,0.9893804806691492
maria_sanjuan_17_4,maria_sanjuan,1,0.989450955152495
maria_sanjuan_17_5,maria_sanjuan,1,0.9892959087309331
maria_sanjuan_17_6,maria_sanjuan,1,0.9891704256253634
maria_sanjuan_17_7,maria_sanjuan,1,0.9892959994256986
maria_sanjuan_17_8,maria_sanjuan,1,0.989419324248374
maria_sanjuan_17_9,maria_sanjuan,1,0.989571701104277
maria_sanjuan_17_10,maria_sanjuan,1,0.9893983191426254
maria_sanjuan_17_11,maria_sanjuan,1,0.9890481977729934
maria_sanjuan_17_12,maria_sanjuan,1,0.9889959450209862
maria_sanjuan_17_13,maria_sanjuan,1,0.9888832580137837
maria_sanjuan_17_14,maria_sanjuan,1,0.9888392055405372
maria_sanjuan_17_15,maria_sanjuan,1,0.9888726744483195
maria_sanjuan_17_16,maria_sanjuan,1,0.9889371634117033
maria_sanjuan_17_17,maria_sanjuan,1,0.9891450026310203
maria_sanjuan_17_18,maria_sanjuan,1,0.9892891777903063
maria_sanjuan_17_19,maria_sanjuan,1,0.9893300547760708
maria_sanjuan_17_20,maria_sanjuan,1,0.990149701857133
maria_sanjuan_17_21,maria_sanjuan,1,0.990316883766676
maria_sanjuan_17_22,maria_sanjuan,1,0.9897953256104588
maria_sanjuan_17_23,maria_sanjuan,1,0.9891771481693541
maria_sanjuan_17_24,maria_sanjuan,1,0.9894305032560545
maria_sanjuan_17_25,maria_sanjuan,1,0.9894219067397786
maria_sanjuan_17_26,maria_sanjuan,1,0.9893515882494366
maria_sanjuan_17_27,maria_sanjuan,1,0.9894522703937108
maria_sanjuan_17_28,maria_sanjuan,1,0.9895714741383085
maria_sanjuan_17_29,maria_sanjuan,1,0.9896062783862328
maria_sanjuan_17_30,maria_sanjuan,1,0.9895921367728853
maria_sanjuan_17_31,maria_sanjuan,1,0.9897317389655711
maria_sanjuan_17_32,maria_sanjuan,1,0.9899374960523877
maria_sanjuan_17_33,maria_sanjuan,1,0.9903304073325154
maria_sanjuan_17_34,maria_sanjuan,1,0.9902308898520391
maria_sanjuan_17_35,maria_sanjuan,1,0.9897068716651668
maria_sanjuan_17_36,maria_sanjuan,1,0.9894685650760752
maria_sanjuan_17_37,maria_sanjuan,1,0.9895257974113032
maria_sanjuan_17_38,maria_sanjuan,1,0.9921496986763021
maria_sanjuan_17_39,maria_sanjuan,1,0.9894443033382003
maria_sanjuan_17_40,maria_sanjuan,1,0.9892334972693253
maria_sanjuan_17_41,maria_sanjuan,1,0.9892357649450632
maria_sanjuan_17_42,maria_sanjuan,1,0.9892409254359802
maria_sanjuan_17_43,maria_sanjuan,1,0.9892712035223774
maria_sanjuan_17_44,maria_sanjuan,1,0.9892991361041834
maria_sanjuan_17_45,maria_sanjuan,1,0.9892387183020497
maria_sanjuan_17_46,maria_sanjuan,1,0.9891927537447002
maria_sanjuan_17_47,maria_sanjuan,1,0.989356157649298
maria_sanjuan_17_48,maria_sanjuan,1,0.9896121442972344
maria_sanjuan_17_49,maria_sanjuan,1,0.9897765327013784
maria_sanjuan_17_50,maria_sanjuan,1,0.9921499088476738
maria_sanjuan_17_51,maria_sanjuan,1,0.98970634089433
maria_sanjuan_17_52,maria_sanjuan,1,0.9894451218820928
maria_sanjuan_17_53,maria_sanjuan,1,0.9921438029930619
maria_sanjuan_17_54,maria_sanjuan,1,0.9921426337868242
maria_sanjuan_17_55,maria_sanjuan,1,0.9921403000757121
maria_sanjuan_18_0,maria_sanjuan,1,0.9921429335214176
maria_sanjuan_18_1,maria_sanjuan,1,0.9921432729924616
maria_sanjuan_18_2,maria_sanjuan,1,0.98908193105507
maria_sanjuan_18_3,maria_sanjuan,1,0.9891382052228463
maria_sanjuan_18_4,maria_sanjuan,1,0.9891671608856288
maria_sanjuan_18_5,maria_sanjuan,1,0.9891066878552305
maria_sanjuan_18_6,maria_sanjuan,1,0.9891450124383093
maria_sanjuan_18_7,maria_sanjuan,1,0.989580246948632
maria_sanjuan_18_8,maria_sanjuan,1,0.989747911461998
maria_sanjuan_18_9,maria_sanjuan,1,0.9899041972235232
maria_sanjuan_18_10,maria_sanjuan,1,0.9899864355940474
maria_sanjuan_18_11,maria_sanjuan,1,0.9897219009614333
maria_sanjuan_18_12,maria_sanjuan,1,0.9894247032822522
maria_sanjuan_18_13,maria_sanjuan,1,0.9890860970663983
maria_sanjuan_18_14,maria_sanjuan,1,0.9891735467779987
maria_sanjuan_18_15,maria_sanjuan,1,0.9894050746387149
maria_sanjuan_18_16,maria_sanjuan,1,0.9895058584457203
maria_sanjuan_18_17,maria_sanjuan,1,0.989518685847162
maria_sanjuan_18_18,maria_sanjuan,1,0.9894268960471162
maria_sanjuan_18_19,maria_sanjuan,1,0.9893601038498301
maria_sanjuan_18_20,maria_sanjuan,1,0.989556357521705
maria_sanjuan_18_21,maria_sanjuan,1,0.989621056458798
maria_sanjuan_18_22,maria_sanjuan,1,0.9894865560665698
maria_sanjuan_18_23,maria_sanjuan,1,0.9894452534317658
maria_sanjuan_18_24,maria_sanjuan,1,0.9894106602596467
maria_sanjuan_18_25,maria_sanjuan,1,0.9894420450489406
maria_sanjuan_18_26,maria_sanjuan,1,0.9893640286402751
maria_sanjuan_18_27,maria_sanjuan,1,0.9896098130379225
maria_sanjuan_18_28,maria_sanjuan,1,0.9897128174562594
maria_sanjuan_18_29,maria_sanjuan,1,0.9893931512668257
maria_sanjuan_18_30,maria_sanjuan,1,0.989124536433652
maria_sanjuan_18_31,maria_sanjuan,1,0.9892958738785135
maria_sanjuan_18_32,maria_sanjuan,1,0.9895943341659726
maria_sanjuan_18_33,maria_sanjuan,1,0.9899640602525914
maria_sanjuan_18_34,maria_sanjuan,1,0.9897724532664333
maria_sanjuan_18_35,maria_sanjuan,1,0.9896823148857521
maria_sanjuan_18_36,maria_sanjuan,1,0.9895746735235069
maria_sanjuan_18_37,maria_sanjuan,1,0.9896396161003037
maria_sanjuan_18_38,maria_sanjuan,1,0.9896724686416541
maria_sanjuan_18_39,maria_sanjuan,1,0.9894667028942106
maria_sanjuan_18_40,maria_sanjuan,1,0.9893510509930635
maria_sanjuan_18_41,maria_sanjuan,1,0.9894836254389351
maria_sanjuan_18_42,maria_sanjuan,1,0.9895473140351791
maria_sanjuan_18_43,maria_sanjuan,1,0.9895172520370937
maria_sanjuan_18_44,maria_sanjuan,1,0.989428747483828
maria_sanjuan_18_45,maria_sanjuan,1,0.9894274347192461
maria_sanjuan_18_46,maria_sanjuan,1,0.9894991809991741
maria_sanjuan_18_47,maria_sanjuan,1,0.9894400482165713
maria_sanjuan_18_48,maria_sanjuan,1,0.9893895746853502
maria_sanjuan_18_49,maria_sanjuan,1,0.9893259210379866
maria_sanjuan_18_50,maria_sanjuan,1,0.9893217543071862
maria_sanjuan_18_51,maria_sanjuan,1,0.9894230603481505
maria_sanjuan_18_52,maria_sanjuan,1,0.9893287447087483
maria_sanjuan_18_53,maria_sanjuan,1,0.9892099096774942
maria_sanjuan_18_54,maria_sanjuan,1,0.9921446909989243
maria_sanjuan_18_55,maria_sanjuan,1,0.9921433370696929
maria_sanjuan_19_0,maria_sanjuan,1,0.9921419287448348
maria_sanjuan_19_1,maria_sanjuan,1,0.9921423109367054
maria_sanjuan_19_2,maria_sanjuan,1,0.9921428910474056
maria_sanjuan_19_3,maria_sanjuan,1,0.9921428947156409
maria_sanjuan_19_4,maria_sanjuan,1,0.9921429249268929
maria_sanjuan_19_5,maria_sanjuan,1,0.9921426010332576
maria_sanjuan_19_6,maria_sanjuan,1,0.9891039330595838
maria_sanjuan_19_7,maria_sanjuan,1,0.9894950000442874
maria_sanjuan_19_8,maria_sanjuan,1,0.9896431884356472
maria_sanjuan_19_9,maria_sanjuan,1,0.9898569899379491
maria_sanjuan_19_10,maria_sanjuan,1,0.9898803627241332
maria_sanjuan_19_11,maria_sanjuan,1,0.9899146211024791
maria_sanjuan_19_12,maria_sanjuan,1,0.989611001151987
maria_sanjuan_19_13,maria_sanjuan,1,0.9891052521964901
maria_sanjuan_19_14,maria_sanjuan,1,0.9891500160318745
maria_sanjuan_19_15,maria_sanjuan,1,0.9892007185131894
maria_sanjuan_19_16,maria_sanjuan,1,0.9892002432760376
maria_sanjuan_19_17,maria_sanjuan,1,0.9892873461540092
maria_sanjuan_19_18,maria_sanjuan,1,0.9893117169262571
maria_sanjuan_19_19,maria_sanjuan,1,0.9892490464329173
maria_sanjuan_19_20,maria_sanjuan,1,0.9892809741310601
maria_sanjuan_19_21,maria_sanjuan,1,0.9896153514526089
maria_sanjuan_19_22,maria_sanjuan,1,0.9896142711474148
maria_sanjuan_19_23,maria_sanjuan,1,0.9894644757768922
maria_sanjuan_19_24,maria_sanjuan,1,0.9894504975177868
maria_sanjuan_19_25,maria_sanjuan,1,0.9895927830011473
maria_sanjuan_19_26,maria_sanjuan,1,0.9896451291272856
maria_sanjuan_19_27,maria_sanjuan,1,0.9896382707464751
maria_sanjuan_19_28,maria_sanjuan,1,0.9895956557750378
maria_sanjuan_19_29,maria_sanjuan,1,0.9892803108997065
maria_sanjuan_19_30,maria_sanjuan,1,0.9891190932595952
maria_sanjuan_19_31,maria_sanjuan,1,0.9889664274917793
maria_sanjuan_19_32,maria_sanjuan,1,0.989138473733203
maria_sanjuan_19_33,maria_sanjuan,1,0.9893055410176279
maria_sanjuan_19_34,maria_sanjuan,1,0.9892863683336711
maria_sanjuan_19_35,maria_sanjuan,1,0.9894404540467453
maria_sanjuan_19_36,maria_sanjuan,1,0.9895925695436405
maria_sanjuan_19_37,maria_sanjuan,1,0.9894935728459323
maria_sanjuan_19_38,maria_sanjuan,1,0.9894673283872969
maria_sanjuan_19_39,maria_sanjuan,1,0.9893148899000751
maria_sanjuan_19_40,maria_sanjuan,1,0.989272825879779
maria_sanjuan_19_41,maria_sanjuan,1,0.9893810132870288
maria_sanjuan_19_42,maria_sanjuan,1,0.9894480019767641
maria_sanjuan_19_43,maria_sanjuan,1,0.9894215346222264
maria_sanjuan_19_44,maria_sanjuan,1,0.9894935297347517
maria_sanjuan_19_45,maria_sanjuan,1,0.9895844623648331
maria_sanjuan_19_46,maria_sanjuan,1,0.9894819199522144
maria_sanjuan_19_47,maria_sanjuan,1,0.9893260029127919
maria_sanjuan_19_48,maria_sanjuan,1,0.9893136497806664
maria_sanjuan_19_49,maria_sanjuan,1,0.9893717790695047
maria_sanjuan_19_50,maria_sanjuan,1,0.9894475392367613
maria_sanjuan_19_51,maria_sanjuan,1,0.9894983846335524
maria_sanjuan_19_52,maria_sanjuan,1,0.9894076872240365
maria_sanjuan_19_53,maria_sanjuan,1,0.9892623666811656
maria_sanjuan_19_54,maria_sanjuan,1,0.9921454038467269
maria_sanjuan_19_55,maria_sanjuan,1,0.9921439366920833
maria_sanjuan_20_0,maria_sanjuan,1,0.9921415366659576
maria_sanjuan_20_1,maria_sanjuan,1,0.9921418361388821
maria_sanjuan_20_2,maria_sanjuan,1,0.9921426215001982
maria_sanjuan_20_3,maria_sanjuan,1,0.989043929311799
maria_sanjuan_20_4,maria_sanjuan,1,0.9890446711655391
maria_sanjuan_20_5,maria_sanjuan,1,0.9891475043809339
maria_sanjuan_20_6,maria_sanjuan,1,0.9891788648729429
maria_sanjuan_20_7,maria_sanjuan,1,0.9893572698222167
maria_sanjuan_20_8,maria_sanjuan,1,0.9894961633066767
maria_sanjuan_20_9,maria_sanjuan,1,0.989528511767184
maria_sanjuan_20_10,maria_sanjuan,1,0.9894084697680127
maria_sanjuan_20_11,maria_sanjuan,1,0.9894218067290957
maria_sanjuan_20_12,maria_sanjuan,1,0.9893470319818429
maria_sanjuan_20_13,maria_sanjuan,1,0.9891877592258443
maria_sanjuan_20_14,maria_sanjuan,1,0.9889713615238355
maria_sanjuan_20_15,maria_sanjuan,1,0.9889548572965309
maria_sanjuan_20_16,maria_sanjuan,1,0.9890337343440919
maria_sanjuan_20_17,maria_sanjuan,1,0.9891866956468301
maria_sanjuan_20_18,maria_sanjuan,1,0.9892868535782539
maria_sanjuan_20_19,maria_sanjuan,1,0.9891844374395624
maria_sanjuan_20_20,maria_sanjuan,1,0.989296050115927
maria_sanjuan_20_21,maria_sanjuan,1,0.9896353672549173
maria_sanjuan_20_22,maria_sanjuan,1,0.9895754578026851
maria_sanjuan_20_23,maria_sanjuan,1,0.9893613825099272
maria_sanjuan_20_24,maria_sanjuan,1,0.9894575986169208
maria_sanjuan_20_25,maria_sanjuan,1,0.9897117425074968
maria_sanjuan_20_26,maria_sanjuan,1,0.9897991420508323
maria_sanjuan_20_27,maria_sanjuan,1,0.9895949718356933
maria_sanjuan_20_28,maria_sanjuan,1,0.9894197951771561
maria_sanjuan_20_29,maria_sanjuan,1,0.9892967245550724
maria_sanjuan_20_30,maria_sanjuan,1,0.9892812905000005
maria_sanjuan_20_31,maria_sanjuan,1,0.9890938120741245
maria_sanjuan_20_32,maria_sanjuan,1,0.9888980514612234
maria_sanjuan_20_33,maria_sanjuan,1,0.9889127587582792
maria_sanjuan_20_34,maria_sanjuan,1,0.9888930149841891
maria_sanjuan_20_35,maria_sanjuan,1,0.989003858295147
maria_sanjuan_20_36,maria_sanjuan,1,0.9892839009321753
maria_sanjuan_20_37,maria_sanjuan,1,0.9892649487665194
maria_sanjuan_20_38,maria_sanjuan,1,0.9891289128265566
maria_sanjuan_20_39,maria_sanjuan,1,0.9891220656309296
maria_sanjuan_20_40,maria_sanjuan,1,0.9890267147293619
maria_sanjuan_20_41,maria_sanjuan,1,0.989141457056156
maria_sanjuan_20_42,maria_sanjuan,1,0.9891752418307015
maria_sanjuan_20_43,maria_sanjuan,1,0.9921441733421554
maria_sanjuan_20_44,maria_sanjuan,1,0.989307889626466
maria_sanjuan_20_45,maria_sanjuan,1,0.9893737807756564
maria_sanjuan_20_46,maria_sanjuan,1,0.989277663163866
maria_sanjuan_20_47,maria_sanjuan,1,0.9890988024618835
maria_sanjuan_20_48,maria_sanjuan,1,0.9891289794095977
maria_sanjuan_20_49,maria_sanjuan,1,0.9893237760184235
maria_sanjuan_20_50,maria_sanjuan,1,0.9894665945093991
maria_sanjuan_20_51,maria_sanjuan,1,0.9895557654914576
maria_sanjuan_20_52,maria_sanjuan,1,0.9895546870164366
maria_sanjuan_20_53,maria_sanjuan,1,0.9895056738984104
maria_sanjuan_20_54,maria_sanjuan,1,0.9894409933700753
maria_sanjuan_20_55,maria_sanjuan,1,0.9891283152598254
maria_sanjuan_21_0,maria_sanjuan,1,0.992141591720647
maria_sanjuan_21_1,maria_sanjuan,1,0.9921416778944537
maria_sanjuan_21_2,maria_sanjuan,1,0.9921420352382002
maria_sanjuan_21_3,maria_sanjuan,1,0.9890543345888072
maria_sanjuan_21_4,maria_sanjuan,1,0.9891159144635485
maria_sanjuan_21_5,maria_sanjuan,1,0.9892855676347229
maria_sanjuan_21_6,maria_sanjuan,1,0.9894361661968858
maria_sanjuan_21_7,maria_sanjuan,1,0.9895091466231188
maria_sanjuan_21_8,maria_sanjuan,1,0.9895340015644475
maria_sanjuan_21_9,maria_sanjuan,1,0.9894631303312322
maria_sanjuan_21_10,maria_sanjuan,1,0.9892530181256551
maria_sanjuan_21_11,maria_sanjuan,1,0.9893824005922983
maria_sanjuan_21_12,maria_sanjuan,1,0.9894293092281506
maria_sanjuan_21_13,maria_sanjuan,1,0.9893617967900766
maria_sanjuan_21_14,maria_sanjuan,1,0.9921420776066667
maria_sanjuan_21_15,maria_sanjuan,1,0.9889599121216908
maria_sanjuan_21_16,maria_sanjuan,1,0.9891385967547869
maria_sanjuan_21_17,maria_sanjuan,1,0.9892997770449576
maria_sanjuan_21_18,maria_sanjuan,1,0.9893233944424364
maria_sanjuan_21_19,maria_sanjuan,1,0.9892476940947288
maria_sanjuan_21_20,maria_sanjuan,1,0.9893139326147347
maria_sanjuan_21_21,maria_sanjuan,1,0.9894191310407772
maria_sanjuan_21_22,maria_sanjuan,1,0.9893467618884872
maria_sanjuan_21_23,maria_sanjuan,1,0.989277538862573
maria_sanjuan_21_24,maria_sanjuan,1,0.9893253247435886
maria_sanjuan_21_25,maria_sanjuan,1,0.9895336451456185
maria_sanjuan_21_26,maria_sanjuan,1,0.9896937331202736
maria_sanjuan_21_27,maria_sanjuan,1,0.9893876714867876
maria_sanjuan_21_28,maria_sanjuan,1,0.9893676371453286
maria_sanjuan_21_29,maria_sanjuan,1,0.9893750385171513
maria_sanjuan_21_30,maria_sanjuan,1,0.9893341978724971
maria_sanjuan_21_31,maria_sanjuan,1,0.9892166376352601
maria_sanjuan_21_32,maria_sanjuan,1,0.9890226441075949
maria_sanjuan_21_33,maria_sanjuan,1,0.9888704002590581
maria_sanjuan_21_34,maria_sanjuan,1,0.9921403846891921
maria_sanjuan_21_35,maria_sanjuan,1,0.9921408143027923
maria_sanjuan_21_36,maria_sanjuan,1,0.9891538685951332
maria_sanjuan_21_37,maria_sanjuan,1,0.9892300903299287
maria_sanjuan_21_38,maria_sanjuan,1,0.9890947390585779
maria_sanjuan_21_39,maria_sanjuan,1,0.9889392773007115
maria_sanjuan_21_40,maria_sanjuan,1,0.9888806489755737
maria_sanjuan_21_41,maria_sanjuan,1,0.9889395400425232
maria_sanjuan_21_42,maria_sanjuan,1,0.9921419721633106
maria_sanjuan_21_43,maria_sanjuan,1,0.992141884809726
maria_sanjuan_21_44,maria_sanjuan,1,0.9889815095193358
maria_sanjuan_21_45,maria_sanjuan,1,0.9889406033861209
maria_sanjuan_21_46,maria_sanjuan,1,0.9889938121790319
maria_sanjuan_21_47,maria_sanjuan,1,0.9891223433750717
maria_sanjuan_21_48,maria_sanjuan,1,0.9892194675417114
maria_sanjuan_21_49,maria_sanjuan,1,0.9893452742660185
maria_sanjuan_21_50,maria_sanjuan,1,0.9893477457680704
maria_sanjuan_21_51,maria_sanjuan,1,0.9894179628590798
maria_sanjuan_21_52,maria_sanjuan,1,0.9896183978823382
maria_sanjuan_21_53,maria_sanjuan,1,0.9896098734947041
maria_sanjuan_21_54,maria_sanjuan,1,0.9894743031615437
maria_sanjuan_21_55,maria_sanjuan,1,0.989072019230398
maria_sanjuan_22_0,maria_sanjuan,1,0.992142058602311
maria_sanjuan_22_1,maria_sanjuan,1,0.9921423975140935
maria_sanjuan_22_2,maria_sanjuan,1,0.9921422928575065
maria_sanjuan_22_3,maria_sanjuan,1,0.9890851473032936
maria_sanjuan_22_4,maria_sanjuan,1,0.9891302466636762
maria_sanjuan_22_5,maria_sanjuan,1,0.9893166744494685
maria_sanjuan_22_6,maria_sanjuan,1,0.9895208025690012
maria_sanjuan_22_7,maria_sanjuan,1,0.9921472780666771
maria_sanjuan_22_8,maria_sanjuan,1,0.9893090330244451
maria_sanjuan_22_9,maria_sanjuan,1,0.9892293198033432
maria_sanjuan_22_10,maria_sanjuan,1,0.9892376255612855
maria_sanjuan_22_11,maria_sanjuan,1,0.9895090180552025
maria_sanjuan_22_12,maria_sanjuan,1,0.9897374714377666
maria_sanjuan_22_13,maria_sanjuan,1,0.9895498787882424
maria_sanjuan_22_14,maria_sanjuan,1,0.9891196580339647
maria_sanjuan_22_15,maria_sanjuan,1,0.9891575600095744
maria_sanjuan_22_16,maria_sanjuan,1,0.9893140894420478
maria_sanjuan_22_17,maria_sanjuan,1,0.9893340031570041
maria_sanjuan_22_18,maria_sanjuan,1,0.9893066216520147
maria_sanjuan_22_19,maria_sanjuan,1,0.9892240057045574
maria_sanjuan_22_20,maria_sanjuan,1,0.9892418393323136
maria_sanjuan_22_21,maria_sanjuan,1,0.9892724281547223
maria_sanjuan_22_22,maria_sanjuan,1,0.9893074209283479
maria_sanjuan_22_23,maria_sanjuan,1,0.9893354548348283
maria_sanjuan_22_24,maria_sanjuan,1,0.989191449258951
maria_sanjuan_22_25,maria_sanjuan,1,0.9891962550191816
maria_sanjuan_22_26,maria_sanjuan,1,0.9892178110305136
maria_sanjuan_22_27,maria_sanjuan,1,0.9892494087075793
maria_sanjuan_22_28,maria_sanjuan,1,0.9893969456637701
maria_sanjuan_22_29,maria_sanjuan,1,0.9893892940943682
maria_sanjuan_22_30,maria_sanjuan,1,0.9891980466241662
maria_sanjuan_22_31,maria_sanjuan,1,0.9892216867363139
maria_sanjuan_22_32,maria_sanjuan,1,0.9921438639458379
maria_sanjuan_22_33,maria_sanjuan,1,0.9921430678354007
maria_sanjuan_22_34,maria_sanjuan,1,0.9921422744256059
maria_sanjuan_22_35,maria_sanjuan,1,0.992140961659967
maria_sanjuan_22_36,maria_sanjuan,1,0.9921420576889894
maria_sanjuan_22_37,maria_sanjuan,1,0.9921431775090764
maria_sanjuan_22_38,maria_sanjuan,1,0.9890359595846699
maria_sanjuan_22_39,maria_sanjuan,1,0.9889025372598976
maria_sanjuan_22_40,maria_sanjuan,1,0.9888328789805694
maria_sanjuan_22_41,maria_sanjuan,1,0.9888404098236535
maria_sanjuan_22_42,maria_sanjuan,1,0.992140910592849
maria_sanjuan_22_43,maria_sanjuan,1,0.9921415193892618
maria_sanjuan_22_44,maria_sanjuan,1,0.9921416083945533
maria_sanjuan_22_45,maria_sanjuan,1,0.9921414232001056
maria_sanjuan_22_46,maria_sanjuan,1,0.9921422233629208
maria_sanjuan_22_47,maria_sanjuan,1,0.9892342647509353
maria_sanjuan_22_48,maria_sanjuan,1,0.9894398290456069
maria_sanjuan_22_49,maria_sanjuan,1,0.9894406807643109
maria_sanjuan_22_50,maria_sanjuan,1,0.9893578032319165
maria_sanjuan_22_51,maria_sanjuan,1,0.9893859418036426
maria_sanjuan_22_52,maria_sanjuan,1,0.9896243783690605
maria_sanjuan_22_53,maria_sanjuan,1,0.9898531242189742
maria_sanjuan_22_54,maria_sanjuan,1,0.9896611738376686
maria_sanjuan_22_55,maria_sanjuan,1,0.9891007941029587
maria_sanjuan_23_0,maria_sanjuan,1,0.9921424688323358
maria_sanjuan_23_1,maria_sanjuan,1,0.9921433061177619
maria_sanjuan_23_2,maria_sanjuan,1,0.992143364467514
maria_sanjuan_23_3,maria_sanjuan,1,0.9891282168756041
maria_sanjuan_23_4,maria_sanjuan,1,0.9891822511202999
maria_sanjuan_23_5,maria_sanjuan,1,0.9892845166169654
maria_sanjuan_23_6,maria_sanjuan,1,0.9893964840126618
maria_sanjuan_23_7,maria_sanjuan,1,0.9893324067439403
maria_sanjuan_23_8,maria_sanjuan,1,0.9891646991074076
maria_sanjuan_23_9,maria_sanjuan,1,0.989154504333979
maria_sanjuan_23_10,maria_sanjuan,1,0.9892301336565178
maria_sanjuan_23_11,maria_sanjuan,1,0.9894283694695933
maria_sanjuan_23_12,maria_sanjuan,1,0.9895918162129596
maria_sanjuan_23_13,maria_sanjuan,1,0.989338672703672
maria_sanjuan_23_14,maria_sanjuan,1,0.9890843545410073
maria_sanjuan_23_15,maria_sanjuan,1,0.9891426599953593
maria_sanjuan_23_16,maria_sanjuan,1,0.989234351440002
maria_sanjuan_23_17,maria_sanjuan,1,0.9892030777545132
maria_sanjuan_23_18,maria_sanjuan,1,0.9891463134627613
maria_sanjuan_23_19,maria_sanjuan,1,0.9892868118725078
maria_sanjuan_23_20,maria_sanjuan,1,0.9894263981000271
maria_sanjuan_23_21,maria_sanjuan,1,0.9893185282489951
maria_sanjuan_23_22,maria_sanjuan,1,0.9893070783203104
maria_sanjuan_23_23,maria_sanjuan,1,0.9894008343359025
maria_sanjuan_23_24,maria_sanjuan,1,0.9892724074171307
maria_sanjuan_23_25,maria_sanjuan,1,0.9891361597766467
maria_sanjuan_23_26,maria_sanjuan,1,0.9891589858409027
maria_sanjuan_23_27,maria_sanjuan,1,0.9892494354062376
maria_sanjuan_23_28,maria_sanjuan,1,0.989328186538529
maria_sanjuan_23_29,maria_sanjuan,1,0.9892684164097508
maria_sanjuan_23_30,maria_sanjuan,1,0.9890991862261211
maria_sanjuan_23_31,maria_sanjuan,1,0.9891254638924428
maria_sanjuan_23_32,maria_sanjuan,1,0.9892614935286707
maria_sanjuan_23_33,maria_sanjuan,1,0.9892786820697899
maria_sanjuan_23_34,maria_sanjuan,1,0.9892178295594679
maria_sanjuan_23_35,maria_sanjuan,1,0.9890303216287692
maria_sanjuan_23_36,maria_sanjuan,1,0.992142007898862
maria_sanjuan_23_37,maria_sanjuan,1,0.9921427145117879
maria_sanjuan_23_38,maria_sanjuan,1,0.9890639976848135
maria_sanjuan_23_39,maria_sanjuan,1,0.9890458276556633
maria_sanjuan_23_40,maria_sanjuan,1,0.9890230962820936
maria_sanjuan_23_41,maria_sanjuan,1,0.9888915900936691
maria_sanjuan_23_42,maria_sanjuan,1,0.9888859189624489
maria_sanjuan_23_43,maria_sanjuan,1,0.9921415802097294
maria_sanjuan_23_44,maria_sanjuan,1,0.9921421398682445
maria_sanjuan_23_45,maria_sanjuan,1,0.9921418181074054
maria_sanjuan_23_46,maria_sanjuan,1,0.9921417861588603
maria_sanjuan_23_47,maria_sanjuan,1,0.9891404477672061
maria_sanjuan_23_48,maria_sanjuan,1,0.9893202762601572
maria_sanjuan_23_49,maria_sanjuan,1,0.9893389388394443
maria_sanjuan_23_50,maria_sanjuan,1,0.9893475726638756
maria_sanjuan_23_51,maria_sanjuan,1,0.9892378060941844
maria_sanjuan_23_52,maria_sanjuan,1,0.9892394718138756
maria_sanjuan_23_53,maria_sanjuan,1,0.9894138287117017
maria_sanjuan_23_54,maria_sanjuan,1,0.9894223598991663
maria_sanjuan_23_55,maria_sanjuan,1,0.9892824263100234
maria_sanjuan_24_0,maria_sanjuan,1,0.9921427735884664
maria_sanjuan_24_1,maria_sanjuan,1,0.9921462601067434
maria_sanjuan_24_2,maria_sanjuan,1,0.992145872870178
maria_sanjuan_24_3,maria_sanjuan,1,0.9921443657871037
maria_sanjuan_24_4,maria_sanjuan,1,0.9921440831287061
maria_sanjuan_24_5,maria_sanjuan,1,0.9921439856625613
maria_sanjuan_24_6,maria_sanjuan,1,0.9891650784509205
maria_sanjuan_24_7,maria_sanjuan,1,0.9892347628355692
maria_sanjuan_24_8,maria_sanjuan,1,0.9891982428039476
maria_sanjuan_24_9,maria_sanjuan,1,0.9892044590025378
maria_sanjuan_24_10,maria_sanjuan,1,0.9892803755363825
maria_sanjuan_24_11,maria_sanjuan,1,0.9892365747882289
maria_sanjuan_24_12,maria_sanjuan,1,0.9892844188703749
maria_sanjuan_24_13,maria_sanjuan,1,0.9891383114349312
maria_sanjuan_24_14,maria_sanjuan,1,0.9890122276609704
maria_sanjuan_24_15,maria_sanjuan,1,0.9890934656094174
maria_sanjuan_24_16,maria_sanjuan,1,0.989111211786749
maria_sanjuan_24_17,maria_sanjuan,1,0.9891078172614329
maria_sanjuan_24_18,maria_sanjuan,1,0.989197397145697
maria_sanjuan_24_19,maria_sanjuan,1,0.9894893863696034
maria_sanjuan_24_20,maria_sanjuan,1,0.9897936386748022
maria_sanjuan_24_21,maria_sanjuan,1,0.9895052282367656
maria_sanjuan_24_22,maria_sanjuan,1,0.9893182274438233
maria_sanjuan_24_23,maria_sanjuan,1,0.9894172242746373
maria_sanjuan_24_24,maria_sanjuan,1,0.9892656669642572
maria_sanjuan_24_25,maria_sanjuan,1,0.9921444145038365
maria_sanjuan_24_26,maria_sanjuan,1,0.9893360997844628
maria_sanjuan_24_27,maria_sanjuan,1,0.9896166086208128
maria_sanjuan_24_28,maria_sanjuan,1,0.989633327846965
maria_sanjuan_24_29,maria_sanjuan,1,0.9893237744943612
maria_sanjuan_24_30,maria_sanjuan,1,0.9891901283231286
maria_sanjuan_24_31,maria_sanjuan,1,0.9891273351629242
maria_sanjuan_24_32,maria_sanjuan,1,0.9891330227822449
maria_sanjuan_24_33,maria_sanjuan,1,0.9891155370400925
maria_sanjuan_24_34,maria_sanjuan,1,0.9892027945110506
maria_sanjuan_24_35,maria_sanjuan,1,0.9891694315299442
maria_sanjuan_24_36,maria_sanjuan,1,0.9890175412132769
maria_sanjuan_24_37,maria_sanjuan,1,0.9890432431710391
maria_sanjuan_24_38,maria_sanjuan,1,0.9891172682558143
maria_sanjuan_24_39,maria_sanjuan,1,0.9891682479991144
maria_sanjuan_24_40,maria_sanjuan,1,0.9892097481995327
maria_sanjuan_24_41,maria_sanjuan,1,0.9891930437284268
maria_sanjuan_24_42,maria_sanjuan,1,0.9890266442943706
maria_sanjuan_24_43,maria_sanjuan,1,0.9889804284502485
maria_sanjuan_24_44,maria_sanjuan,1,0.9921416174566677
maria_sanjuan_24_45,maria_sanjuan,1,0.9921412736368933
maria_sanjuan_24_46,maria_sanjuan,1,0.9921419731755029
maria_sanjuan_24_47,maria_sanjuan,1,0.9921429716072162
maria_sanjuan_24_48,maria_sanjuan,1,0.9921438386804798
maria_sanjuan_24_49,maria_sanjuan,1,0.9921438275856843
maria_sanjuan_24_50,maria_sanjuan,1,0.9921443565667043
maria_sanjuan_24_51,maria_sanjuan,1,0.9891152143378011
maria_sanjuan_24_52,maria_sanjuan,1,0.9888903307895116
maria_sanjuan_24_53,maria_sanjuan,1,0.9889840698887123
maria_sanjuan_24_54,maria_sanjuan,1,0.989141564884395
maria_sanjuan_24_55,maria_sanjuan,1,0.9892787620110424
maria_sanjuan_25_0,maria_sanjuan,1,0.9921433510243866
maria_sanjuan_25_1,maria_sanjuan,1,0.9892642225519789
maria_sanjuan_25_2,maria_sanjuan,1,0.9893862253638961
maria_sanjuan_25_3,maria_sanjuan,1,0.9892519445548689
maria_sanjuan_25_4,maria_sanjuan,1,0.9891391566611093
maria_sanjuan_25_5,maria_sanjuan,1,0.9921436559705263
maria_sanjuan_25_6,maria_sanjuan,1,0.9891795752882298
maria_sanjuan_25_7,maria_sanjuan,1,0.9892586145214072
maria_sanjuan_25_8,maria_sanjuan,1,0.9893209139448688
maria_sanjuan_25_9,maria_sanjuan,1,0.9892970668900772
maria_sanjuan_25_10,maria_sanjuan,1,0.989324385113557
maria_sanjuan_25_11,maria_sanjuan,1,0.9892195636183555
maria_sanjuan_25_12,maria_sanjuan,1,0.9890564991285747
maria_sanjuan_25_13,maria_sanjuan,1,0.9890063307941445
maria_sanjuan_25_14,maria_sanjuan,1,0.9889891206106636
maria_sanjuan_25_15,maria_sanjuan,1,0.9921435444863164
maria_sanjuan_25_16,maria_sanjuan,1,0.9921436644957738
maria_sanjuan_25_17,maria_sanjuan,1,0.9891121526453053
maria_sanjuan_25_18,maria_sanjuan,1,0.9891588466757066
maria_sanjuan_25_19,maria_sanjuan,1,0.9894371062402767
maria_sanjuan_25_20,maria_sanjuan,1,0.9896676421947447
maria_sanjuan_25_21,maria_sanjuan,1,0.9895399224556769
maria_sanjuan_25_22,maria_sanjuan,1,0.9894165321588334
maria_sanjuan_25_23,maria_sanjuan,1,0.9893203902233103
maria_sanjuan_25_24,maria_sanjuan,1,0.9893348398064242
maria_sanjuan_25_25,maria_sanjuan,1,0.9893213558490851
maria_sanjuan_25_26,maria_sanjuan,1,0.989428597002195
maria_sanjuan_25_27,maria_sanjuan,1,0.9895389230744933
maria_sanjuan_25_28,maria_sanjuan,1,0.9894441184970119
maria_sanjuan_25_29,maria_sanjuan,1,0.9892410563543151
maria_sanjuan_25_30,maria_sanjuan,1,0.9891958275527665
maria_sanjuan_25_31,maria_sanjuan,1,0.989180347820137
maria_sanjuan_25_32,maria_sanjuan,1,0.9891542101437277
maria_sanjuan_25_33,maria_sanjuan,1,0.9890772187239416
maria_sanjuan_25_34,maria_sanjuan,1,0.9891405983872282
maria_sanjuan_25_35,maria_sanjuan,1,0.9891517855926903
maria_sanjuan_25_36,maria_sanjuan,1,0.9921425980890891
maria_sanjuan_25_37,maria_sanjuan,1,0.9890840913043983
maria_sanjuan_25_38,maria_sanjuan,1,0.9892138125579882
maria_sanjuan_25_39,maria_sanjuan,1,0.9892199498634637
maria_sanjuan_25_40,maria_sanjuan,1,0.9892536882138299
maria_sanjuan_25_41,maria_sanjuan,1,0.9892754720917558
maria_sanjuan_25_42,maria_sanjuan,1,0.9891446094661782
maria_sanjuan_25_43,maria_sanjuan,1,0.9890260863920524
maria_sanjuan_25_44,maria_sanjuan,1,0.988967052913978
maria_sanjuan_25_45,maria_sanjuan,1,0.9889913856757878
maria_sanjuan_25_46,maria_sanjuan,1,0.9921429949577548
maria_sanjuan_25_47,maria_sanjuan,1,0.9921438552587635
maria_sanjuan_25_48,maria_sanjuan,1,0.9921439798061618
maria_sanjuan_25_49,maria_sanjuan,1,0.9921425808226996
maria_sanjuan_25_50,maria_sanjuan,1,0.9921423982408382
maria_sanjuan_25_51,maria_sanjuan,1,0.9921405200648132
maria_sanjuan_25_52,maria_sanjuan,1,0.9921394392558693
maria_sanjuan_25_53,maria_sanjuan,1,0.9921395475674779
maria_sanjuan_25_54,maria_sanjuan,1,0.9921399325596851
maria_sanjuan_25_55,maria_sanjuan,1,0.9921416328750036
maria_sanjuan_26_0,maria_sanjuan,1,0.9921426807307805
maria_sanjuan_26_1,maria_sanjuan,1,0.9891647367774904
maria_sanjuan_26_2,maria_sanjuan,1,0.9894651760788984
maria_sanjuan_26_3,maria_sanjuan,1,0.9893851004533601
maria_sanjuan_26_4,maria_sanjuan,1,0.9891479933427777
maria_sanjuan_26_5,maria_sanjuan,1,0.9921443359747794
maria_sanjuan_26_6,maria_sanjuan,1,0.9891948760857385
maria_sanjuan_26_7,maria_sanjuan,1,0.9891019138779135
maria_sanjuan_26_8,maria_sanjuan,1,0.9892279935550664
maria_sanjuan_26_9,maria_sanjuan,1,0.9892136278645339
maria_sanjuan_26_10,maria_sanjuan,1,0.9891777045437654
maria_sanjuan_26_11,maria_sanjuan,1,0.989009282293721
maria_sanjuan_26_12,maria_sanjuan,1,0.9888840144009526
maria_sanjuan_26_13,maria_sanjuan,1,0.9888765533449191
maria_sanjuan_26_14,maria_sanjuan,1,0.9921416402026577
maria_sanjuan_26_15,maria_sanjuan,1,0.9921430474638682
maria_sanjuan_26_16,maria_sanjuan,1,0.9892428138789735
maria_sanjuan_26_17,maria_sanjuan,1,0.9892934179190433
maria_sanjuan_26_18,maria_sanjuan,1,0.9893360873919939
maria_sanjuan_26_19,maria_sanjuan,1,0.9894317062005615
maria_sanjuan_26_20,maria_sanjuan,1,0.9894405318744496
maria_sanjuan_26_21,maria_sanjuan,1,0.9893673203691592
maria_sanjuan_26_22,maria_sanjuan,1,0.9893909715613207
maria_sanjuan_26_23,maria_sanjuan,1,0.9892608637891052
maria_sanjuan_26_24,maria_sanjuan,1,0.9892013014809649
maria_sanjuan_26_25,maria_sanjuan,1,0.9892683686069862
maria_sanjuan_26_26,maria_sanjuan,1,0.989262287736312
maria_sanjuan_26_27,maria_sanjuan,1,0.989286187282506
maria_sanjuan_26_28,maria_sanjuan,1,0.9892108936549399
maria_sanjuan_26_29,maria_sanjuan,1,0.9890959175185515
maria_sanjuan_26_30,maria_sanjuan,1,0.9891162250061629
maria_sanjuan_26_31,maria_sanjuan,1,0.9891751201297974
maria_sanjuan_26_32,maria_sanjuan,1,0.9891787087901239
maria_sanjuan_26_33,maria_sanjuan,1,0.9891314578099016
maria_sanjuan_26_34,maria_sanjuan,1,0.9891388953053489
maria_sanjuan_26_35,maria_sanjuan,1,0.9890918721164448
maria_sanjuan_26_36,maria_sanjuan,1,0.9921427316432221
maria_sanjuan_26_37,maria_sanjuan,1,0.9921430205857682
maria_sanjuan_26_38,maria_sanjuan,1,0.9891319247323556
maria_sanjuan_26_39,maria_sanjuan,1,0.9891763512946304
maria_sanjuan_26_40,maria_sanjuan,1,0.9891454832114251
maria_sanjuan_26_41,maria_sanjuan,1,0.9890712786306055
maria_sanjuan_26_42,maria_sanjuan,1,0.9890673905216081
maria_sanjuan_26_43,maria_sanjuan,1,0.98907369091775
maria_sanjuan_26_44,maria_sanjuan,1,0.9890251998546052
maria_sanjuan_26_45,maria_sanjuan,1,0.9890402181167477
maria_sanjuan_26_46,maria_sanjuan,1,0.9921427050330055
maria_sanjuan_26_47,maria_sanjuan,1,0.9921432033943591
maria_sanjuan_26_48,maria_sanjuan,1,0.9921435962236504
maria_sanjuan_26_49,maria_sanjuan,1,0.9921402292010038
maria_sanjuan_26_50,maria_sanjuan,1,0.9921399302496623
maria_sanjuan_26_51,maria_sanjuan,1,0.9921396871411112
maria_sanjuan_26_52,maria_sanjuan,1,0.9921393698630941
maria_sanjuan_26_53,maria_sanjuan,1,0.9921395742765283
maria_sanjuan_26_54,maria_sanjuan,1,0.9921400344604996
maria_sanjuan_26_55,maria_sanjuan,1,0.9921403802642846
maria_sanjuan_27_0,maria_sanjuan,1,0.9921414855577848
maria_sanjuan_27_1,maria_sanjuan,1,0.9891327260602346
maria_sanjuan_27_2,maria_sanjuan,1,0.9895860584503869
maria_sanjuan_27_3,maria_sanjuan,1,0.9894167920967734
maria_sanjuan_27_4,maria_sanjuan,1,0.9890664806446773
maria_sanjuan_27_5,maria_sanjuan,1,0.9921428418072511
maria_sanjuan_27_6,maria_sanjuan,1,0.9921427907909561
maria_sanjuan_27_7,maria_sanjuan,1,0.9921423976477204
maria_sanjuan_27_8,maria_sanjuan,1,0.9921430351390069
maria_sanjuan_27_9,maria_sanjuan,1,0.9890888913822244
maria_sanjuan_27_10,maria_sanjuan,1,0.9889977538053567
maria_sanjuan_27_11,maria_sanjuan,1,0.9888924141069244
maria_sanjuan_27_12,maria_sanjuan,1,0.9888146320278084
maria_sanjuan_27_13,maria_sanjuan,1,0.9921401603047096
maria_sanjuan_27_14,maria_sanjuan,1,0.9921405467842974
maria_sanjuan_27_15,maria_sanjuan,1,0.9921414747724785
maria_sanjuan_27_16,maria_sanjuan,1,0.9891014134551089
maria_sanjuan_27_17,maria_sanjuan,1,0.989256893330419
maria_sanjuan_27_18,maria_sanjuan,1,0.9895108231087965
maria_sanjuan_27_19,maria_sanjuan,1,0.9896480240783944
maria_sanjuan_27_20,maria_sanjuan,1,0.9894489667770592
maria_sanjuan_27_21,maria_sanjuan,1,0.9892361428553317
maria_sanjuan_27_22,maria_sanjuan,1,0.9892309479741482
maria_sanjuan_27_23,maria_sanjuan,1,0.9891219221070822
maria_sanjuan_27_24,maria_sanjuan,1,0.989086943340582
maria_sanjuan_27_25,maria_sanjuan,1,0.9890794132566048
maria_sanjuan_27_26,maria_sanjuan,1,0.9891134966422159
maria_sanjuan_27_27,maria_sanjuan,1,0.9894823314828944
maria_sanjuan_27_28,maria_sanjuan,1,0.9921460514494702
maria_sanjuan_27_29,maria_sanjuan,1,0.9891148808282108
maria_sanjuan_27_30,maria_sanjuan,1,0.9890560420226362
maria_sanjuan_27_31,maria_sanjuan,1,0.9891327042712434
maria_sanjuan_27_32,maria_sanjuan,1,0.9891977069642164
maria_sanjuan_27_33,maria_sanjuan,1,0.9891806406213149
maria_sanjuan_27_34,maria_sanjuan,1,0.9891876523272689
maria_sanjuan_27_35,maria_sanjuan,1,0.9891268145377586
maria_sanjuan_27_36,maria_sanjuan,1,0.9890377173845197
maria_sanjuan_27_37,maria_sanjuan,1,0.9921426878598602
maria_sanjuan_27_38,maria_sanjuan,1,0.9890562175223384
maria_sanjuan_27_39,maria_sanjuan,1,0.9891162309973578
maria_sanjuan_27_40,maria_sanjuan,1,0.9889628098974086
maria_sanjuan_27_41,maria_sanjuan,1,0.9888589179933814
maria_sanjuan_27_42,maria_sanjuan,1,0.9889259375614345
maria_sanjuan_27_43,maria_sanjuan,1,0.9890250696919252
maria_sanjuan_27_44,maria_sanjuan,1,0.9889724172921878
maria_sanjuan_27_45,maria_sanjuan,1,0.9889607212730879
maria_sanjuan_27_46,maria_sanjuan,1,0.9921413337828551
maria_sanjuan_27_47,maria_sanjuan,1,0.9921411917754543
maria_sanjuan_27_48,maria_sanjuan,1,0.9921410414116657
maria_sanjuan_27_49,maria_sanjuan,1,0.9921392025149784
maria_sanjuan_27_50,maria_sanjuan,1,0.9921392365941525
maria_sanjuan_27_51,maria_sanjuan,1,0.9921395111319318
maria_sanjuan_27_52,maria_sanjuan,1,0.9921399079541433
maria_sanjuan_27_53,maria_sanjuan,1,0.9921397274409846
maria_sanjuan_27_54,maria_sanjuan,1,0.9921396327214378
maria_sanjuan_27_55,maria_sanjuan,1,0.9921394112477074
maria_sanjuan_28_0,maria_sanjuan,1,0.9921410682822918
maria_sanjuan_28_1,maria_sanjuan,1,0.9891187265532636
maria_sanjuan_28_2,maria_sanjuan,1,0.9893563113990518
maria_sanjuan_28_3,maria_sanjuan,1,0.9892877939549588
maria_sanjuan_28_4,maria_sanjuan,1,0.9921422514293611
maria_sanjuan_28_5,maria_sanjuan,1,0.9921412405810823
maria_sanjuan_28_6,maria_sanjuan,1,0.9921410260858495
maria_sanjuan_28_7,maria_sanjuan,1,0.9921415333335903
maria_sanjuan_28_8,maria_sanjuan,1,0.9921428257291923
maria_sanjuan_28_9,maria_sanjuan,1,0.9921428140776997
maria_sanjuan_28_10,maria_sanjuan,1,0.9890080870339703
maria_sanjuan_28_11,maria_sanjuan,1,0.9889366410161394
maria_sanjuan_28_12,maria_sanjuan,1,0.988859229337759
maria_sanjuan_28_13,maria_sanjuan,1,0.9921401716124038
maria_sanjuan_28_14,maria_sanjuan,1,0.9921398900237925
maria_sanjuan_28_15,maria_sanjuan,1,0.9921402540067947
maria_sanjuan_28_16,maria_sanjuan,1,0.9921410521868114
maria_sanjuan_28_17,maria_sanjuan,1,0.9890879952051628
maria_sanjuan_28_18,maria_sanjuan,1,0.9892531279125826
maria_sanjuan_28_19,maria_sanjuan,1,0.9894959967743191
maria_sanjuan_28_20,maria_sanjuan,1,0.9893703566847156
maria_sanjuan_28_21,maria_sanjuan,1,0.9890881925389853
maria_sanjuan_28_22,maria_sanjuan,1,0.989079220289132
maria_sanjuan_28_23,maria_sanjuan,1,0.9890758250782531
maria_sanjuan_28_24,maria_sanjuan,1,0.9890783201230663
maria_sanjuan_28_25,maria_sanjuan,1,0.9890408623506962
maria_sanjuan_28_26,maria_sanjuan,1,0.9890918236003846
maria_sanjuan_28_27,maria_sanjuan,1,0.9921471976172341
maria_sanjuan_28_28,maria_sanjuan,1,0.9921453323510548
maria_sanjuan_28_29,maria_sanjuan,1,0.9891204511262626
maria_sanjuan_28_30,maria_sanjuan,1,0.9891053740993969
maria_sanjuan_28_31,maria_sanjuan,1,0.9891155994607084
maria_sanjuan_28_32,maria_sanjuan,1,0.9890797871651139
maria_sanjuan_28_33,maria_sanjuan,1,0.9891070514107935
maria_sanjuan_28_34,maria_sanjuan,1,0.9891781569672692
maria_sanjuan_28_35,maria_sanjuan,1,0.9891223467591083
maria_sanjuan_28_36,maria_sanjuan,1,0.9888777738877988
maria_sanjuan_28_37,maria_sanjuan,1,0.9921412121964759
maria_sanjuan_28_38,maria_sanjuan,1,0.9921413958133435
maria_sanjuan_28_39,maria_sanjuan,1,0.9921414506544846
maria_sanjuan_28_40,maria_sanjuan,1,0.9921410887856956
maria_sanjuan_28_41,maria_sanjuan,1,0.9888273060430898
maria_sanjuan_28_42,maria_sanjuan,1,0.9889200304751238
maria_sanjuan_28_43,maria_sanjuan,1,0.9890389005349837
maria_sanjuan_28_44,maria_sanjuan,1,0.9890240238457907
maria_sanjuan_28_45,maria_sanjuan,1,0.9889629657352172
maria_sanjuan_28_46,maria_sanjuan,1,0.9921418096626391
maria_sanjuan_28_47,maria_sanjuan,1,0.9921413268800354
maria_sanjuan_28_48,maria_sanjuan,1,0.992140404128873
maria_sanjuan_28_49,maria_sanjuan,1,0.9921387889812445
maria_sanjuan_28_50,maria_sanjuan,1,0.9921390606311571
maria_sanjuan_28_51,maria_sanjuan,1,0.992139818312851
maria_sanjuan_28_52,maria_sanjuan,1,0.9921401748948274
maria_sanjuan_28_53,maria_sanjuan,1,0.9921398528255547
maria_sanjuan_28_54,maria_sanjuan,1,0.9921393332173183
maria_sanjuan_28_55,maria_sanjuan,1,0.9921391204823071
maria_sanjuan_29_0,maria_sanjuan,1,0.9921410391332631
maria_sanjuan_29_1,maria_sanjuan,1,0.9921423363169043
maria_sanjuan_29_2,maria_sanjuan,1,0.9921445107521534
maria_sanjuan_29_3,maria_sanjuan,1,0.9921443471553477
maria_sanjuan_29_4,maria_sanjuan,1,0.9921425809112541
maria_sanjuan_29_5,maria_sanjuan,1,0.9921413085611647
maria_sanjuan_29_6,maria_sanjuan,1,0.9921406861032729
maria_sanjuan_29_7,maria_sanjuan,1,0.9921406327650883
maria_sanjuan_29_8,maria_sanjuan,1,0.9921413667408205
maria_sanjuan_29_9,maria_sanjuan,1,0.9921417789689135
maria_sanjuan_29_10,maria_sanjuan,1,0.9921415668153158
maria_sanjuan_29_11,maria_sanjuan,1,0.9921413217307433
maria_sanjuan_29_12,maria_sanjuan,1,0.9921416486166933
maria_sanjuan_29_13,maria_sanjuan,1,0.9921407383610266
maria_sanjuan_29_14,maria_sanjuan,1,0.9921397104743456
maria_sanjuan_29_15,maria_sanjuan,1,0.9921397820012594
maria_sanjuan_29_16,maria_sanjuan,1,0.9921401990210728
maria_sanjuan_29_17,maria_sanjuan,1,0.9921409837056858
maria_sanjuan_29_18,maria_sanjuan,1,0.9890444054067116
maria_sanjuan_29_19,maria_sanjuan,1,0.9891410292653239
maria_sanjuan_29_20,maria_sanjuan,1,0.9891412614340166
maria_sanjuan_29_21,maria_sanjuan,1,0.9890549385041028
maria_sanjuan_29_22,maria_sanjuan,1,0.9921424845655198
maria_sanjuan_29_23,maria_sanjuan,1,0.9921428122064416
maria_sanjuan_29_24,maria_sanjuan,1,0.992142532511389
maria_sanjuan_29_25,maria_sanjuan,1,0.9921420065845903
maria_sanjuan_29_26,maria_sanjuan,1,0.9921423280071695
maria_sanjuan_29_27,maria_sanjuan,1,0.9921429585654452
maria_sanjuan_29_28,maria_sanjuan,1,0.9921426000876132
maria_sanjuan_29_29,maria_sanjuan,1,0.989045143135511
maria_sanjuan_29_30,maria_sanjuan,1,0.9890921495681355
maria_sanjuan_29_31,maria_sanjuan,1,0.9890962395552153
maria_sanjuan_29_32,maria_sanjuan,1,0.9889891419688165
maria_sanjuan_29_33,maria_sanjuan,1,0.988893380861534
maria_sanjuan_29_34,maria_sanjuan,1,0.9888917202698716
maria_sanjuan_29_35,maria_sanjuan,1,0.9889743261820676
maria_sanjuan_29_36,maria_sanjuan,1,0.9921404390418078
maria_sanjuan_29_37,maria_sanjuan,1,0.9921404875736296
maria_sanjuan_29_38,maria_sanjuan,1,0.9921405738486155
maria_sanjuan_29_39,maria_sanjuan,1,0.9921402456420095
maria_sanjuan_29_40,maria_sanjuan,1,0.992140320133255
maria_sanjuan_29_41,maria_sanjuan,1,0.9888410450043689
maria_sanjuan_29_42,maria_sanjuan,1,0.9889237518091367
maria_sanjuan_29_43,maria_sanjuan,1,0.9889747568272271
maria_sanjuan_29_44,maria_sanjuan,1,0.9889482694561033
maria_sanjuan_29_45,maria_sanjuan,1,0.9921423270647471
maria_sanjuan_29_46,maria_sanjuan,1,0.992142576063964
maria_sanjuan_29_47,maria_sanjuan,1,0.9921420706040833
maria_sanjuan_29_48,maria_sanjuan,1,0.9921403601319442
maria_sanjuan_29_51,maria_sanjuan,1,0.9921393840700174
maria_sanjuan_29_52,maria_sanjuan,1,0.9921395264686061
maria_sanjuan_29_53,maria_sanjuan,1,0.9921391690172648
maria_sanjuan_29_54,maria_sanjuan,1,0.9921391224942908
maria_sanjuan_29_55,maria_sanjuan,1,0.9921390580757086
michael_panamacity_5_64,michael_panamacity,0,0.7262512243801849
michael_panamacity_5_65,michael_panamacity,1,0.7262538980511578
michael_panamacity_6_63,michael_panamacity,1,0.7262561868592031
michael_panamacity_6_64,michael_panamacity,1,0.726398567812344
michael_panamacity_6_65,michael_panamacity,0,0.7263823552134494
michael_panamacity_7_62,michael_panamacity,1,0.7262492589144548
michael_panamacity_7_63,michael_panamacity,1,0.7262912973663563
michael_panamacity_7_64,michael_panamacity,1,0.726425084392107
michael_panamacity_7_65,michael_panamacity,0,0.726389850470552
michael_panamacity_8_64,michael_panamacity,1,0.726269510819682
michael_panamacity_8_65,michael_panamacity,1,0.7262592791152138
michael_panamacity_14_117,michael_panamacity,1,0.7262700836728263
michael_panamacity_14_118,michael_panamacity,1,0.7262731254040187
michael_panamacity_15_117,michael_panamacity,1,0.7262542436065297
michael_panamacity_15_118,michael_panamacity,1,0.7262549946311394
michael_panamacity_22_16,michael_panamacity,1,0.726308603865123
michael_panamacity_22_17,michael_panamacity,1,0.7262979235008871
michael_panamacity_23_15,michael_panamacity,0,0.7262542557436353
michael_panamacity_23_16,michael_panamacity,0,0.7263287407326983
michael_panamacity_23_17,michael_panamacity,0,0.7262895989656848
michael_panamacity_25_115,michael_panamacity,1,0.726248547520036
michael_panamacity_25_116,michael_panamacity,1,0.7262517055372332
michael_panamacity_34_58,michael_panamacity,1,0.7262549528439144
michael_panamacity_34_59,michael_panamacity,1,0.7262520990930994
michael_panamacity_35_57,michael_panamacity,1,0.7262488752279851
michael_panamacity_35_58,michael_panamacity,1,0.7262593290807458
michael_panamacity_35_59,michael_panamacity,0,0.7262530742827239
michael_panamacity_38_113,michael_panamacity,0,0.7262466735978105
michael_panamacity_42_32,michael_panamacity,1,0.7262665383133217
michael_panamacity_42_33,michael_panamacity,1,0.726314274918559
michael_panamacity_42_34,michael_panamacity,1,0.7263032601567205
michael_panamacity_43_32,michael_panamacity,0,0.7262773187026609
michael_panamacity_43_33,michael_panamacity,1,0.7264393272389252
michael_panamacity_43_34,michael_panamacity,1,0.7264710506518541
michael_panamacity_44_32,michael_panamacity,0,0.7262541905994946
michael_panamacity_44_33,michael_panamacity,0,0.7263902285836198
michael_panamacity_44_34,michael_panamacity,0,0.7263889003788351
michael_panamacity_45_33,michael_panamacity,0,0.7262554739869291
michael_panamacity_45_34,michael_panamacity,0,0.7263197580004421
michael_panamacity_46_34,michael_panamacity,0,0.7262840592614477
michael_panamacity_47_34,michael_panamacity,1,0.7262699398844894
michael_panamacity_49_32,michael_panamacity,1,0.7262554501017192
michael_panamacity_49_33,michael_panamacity,1,0.7262469994658175
michael_panamacity_50_35,michael_panamacity,1,0.7262489693769693
michael_panamacity_56_21,michael_panamacity,0,0.726267346879844
michael_panamacity_56_22,michael_panamacity,1,0.7262498232544565
michael_panamacity_56_63,michael_panamacity,1,0.7262572855326958
michael_panamacity_56_64,michael_panamacity,0,0.7262562636509986
michael_panamacity_57_20,michael_panamacity,0,0.7262843314480348
michael_panamacity_57_21,michael_panamacity,1,0.7262833919286479
michael_panamacity_57_64,michael_panamacity,1,0.726253566014442
michael_panamacity_58_20,michael_panamacity,0,0.7262857895022089
michael_panamacity_58_21,michael_panamacity,0,0.7262642161356677
michael_panamacity_58_67,michael_panamacity,1,0.7262494857080177
michael_panamacity_58_68,michael_panamacity,1,0.7262610733990339
michael_panamacity_58_69,michael_panamacity,0,0.7262639561177182
michael_panamacity_58_75,michael_panamacity,0,0.7262477722559646
michael_panamacity_59_68,michael_panamacity,1,0.726260723150226
michael_panamacity_59_69,michael_panamacity,1,0.7262726120327736
michael_panamacity_59_70,michael_panamacity,0,0.7262591036079206
michael_panamacity_59_71,michael_panamacity,0,0.7262470004041934
michael_panamacity_59_75,michael_panamacity,0,0.7262509520907979
michael_panamacity_59_76,michael_panamacity,0,0.7262528224797757
michael_panamacity_60_69,michael_panamacity,1,0.7262707409996338
michael_panamacity_60_70,michael_panamacity,1,0.7262612030399659
michael_panamacity_60_71,michael_panamacity,1,0.7262459712170498
michael_panamacity_60_75,michael_panamacity,0,0.7262484275699268
michael_panamacity_60_76,michael_panamacity,0,0.7262484738321332
michael_panamacity_61_56,michael_panamacity,1,0.726276420765101
michael_panamacity_61_57,michael_panamacity,1,0.7262621957326914
michael_panamacity_61_60,michael_panamacity,0,0.7262517480715497
michael_panamacity_61_62,michael_panamacity,1,0.7262486310396121
michael_panamacity_61_69,michael_panamacity,1,0.7262590969501034
michael_panamacity_61_95,michael_panamacity,1,0.7262547487906897
michael_panamacity_61_96,michael_panamacity,1,0.7262728235680703
michael_panamacity_61_97,michael_panamacity,1,0.7262692378027114
michael_panamacity_62_55,michael_panamacity,0,0.7262551319679398
michael_panamacity_62_56,michael_panamacity,0,0.7263198079068819
michael_panamacity_62_57,michael_panamacity,1,0.7262912410603528
michael_panamacity_62_94,michael_panamacity,1,0.7262540458187221
michael_panamacity_62_95,michael_panamacity,1,0.7262903915685782
michael_panamacity_62_96,michael_panamacity,1,0.7263021476566938
michael_panamacity_62_97,michael_panamacity,1,0.7262865974252233
michael_panamacity_63_56,michael_panamacity,1,0.726265903251534
michael_panamacity_63_67,michael_panamacity,1,0.7262627933356478
michael_panamacity_63_68,michael_panamacity,1,0.7262600986191435
michael_panamacity_63_93,michael_panamacity,0,0.726246627892723
michael_panamacity_63_94,michael_panamacity,1,0.7262695492411332
michael_panamacity_63_95,michael_panamacity,1,0.7262906686425983
michael_panamacity_63_96,michael_panamacity,0,0.7262537329038411
michael_panamacity_63_97,michael_panamacity,0,0.7262464686131158
michael_panamacity_63_98,michael_panamacity,1,0.7262862098129915
michael_panamacity_63_99,michael_panamacity,1,0.7262609420164449
michael_panamacity_64_67,michael_panamacity,1,0.7262556725717338
michael_panamacity_64_68,michael_panamacity,1,0.726258748959741
michael_panamacity_64_94,michael_panamacity,1,0.7262500531522718
michael_panamacity_64_95,michael_panamacity,1,0.7262576867975788
michael_panamacity_64_96,michael_panamacity,1,0.726250421615706
michael_panamacity_65_0,michael_panamacity,0,0.7262520481538395
michael_panamacity_65_1,michael_panamacity,0,0.7262492888866012
michael_panamacity_65_2,michael_panamacity,1,0.7263095578028456
michael_panamacity_65_3,michael_panamacity,1,0.7263161504004837
michael_panamacity_65_4,michael_panamacity,0,0.726247560479737
michael_panamacity_65_67,michael_panamacity,1,0.7262615314319171
michael_panamacity_65_68,michael_panamacity,1,0.7262531296462793
michael_panamacity_65_94,michael_panamacity,0,0.7262459086519881
michael_panamacity_66_0,michael_panamacity,0,0.7262604978192639
michael_panamacity_66_1,michael_panamacity,0,0.7262863397459586
michael_panamacity_66_2,michael_panamacity,0,0.7263180091787124
michael_panamacity_66_3,michael_panamacity,0,0.7263510146206715
michael_panamacity_66_4,michael_panamacity,0,0.7263202081053517
michael_panamacity_66_5,michael_panamacity,0,0.7262753541343708
michael_panamacity_66_11,michael_panamacity,0,0.7262489977842634
michael_panamacity_66_65,michael_panamacity,0,0.6472030258116407
michael_panamacity_66_66,michael_panamacity,1,0.6495199126719096
michael_panamacity_66_67,michael_panamacity,1,0.6506712505572675
michael_panamacity_66_68,michael_panamacity,1,0.6485640728178765
michael_panamacity_66_69,michael_panamacity,1,0.7262517300056555
michael_panamacity_66_70,michael_panamacity,1,0.7262511387130035
michael_panamacity_67_0,michael_panamacity,1,0.7262553228776116
michael_panamacity_67_1,michael_panamacity,0,0.726262814047697
michael_panamacity_67_2,michael_panamacity,1,0.726323041307365
michael_panamacity_67_3,michael_panamacity,0,0.726342652807514
michael_panamacity_67_4,michael_panamacity,0,0.7263332288030034
michael_panamacity_67_5,michael_panamacity,0,0.7262956529716448
michael_panamacity_67_6,michael_panamacity,0,0.7262660681963341
michael_panamacity_67_7,michael_panamacity,0,0.7262575871836608
michael_panamacity_67_9,michael_panamacity,1,0.7262486156832588
michael_panamacity_67_10,michael_panamacity,0,0.7262577269706326
michael_panamacity_67_11,michael_panamacity,0,0.7262536183850862
michael_panamacity_67_65,michael_panamacity,1,0.6481834739397961
michael_panamacity_67_66,michael_panamacity,1,0.6536795474545066
michael_panamacity_67_67,michael_panamacity,1,0.6541644561198044
michael_panamacity_67_68,michael_panamacity,1,0.6496984452471657
michael_panamacity_67_69,michael_panamacity,1,0.6473756724817621
michael_panamacity_67_70,michael_panamacity,1,0.7262569052978843
michael_panamacity_67_71,michael_panamacity,1,0.7262491938096532
michael_panamacity_67_86,michael_panamacity,1,0.7262624519197434
michael_panamacity_67_87,michael_panamacity,1,0.7262609608807391
michael_panamacity_67_88,michael_panamacity,1,0.7262528508121147
michael_panamacity_68_2,michael_panamacity,0,0.7262502390002585
michael_panamacity_68_3,michael_panamacity,1,0.7263134805306787
michael_panamacity_68_4,michael_panamacity,0,0.7263099615815581
michael_panamacity_68_5,michael_panamacity,0,0.726305135715453
michael_panamacity_68_6,michael_panamacity,0,0.7263138819107308
michael_panamacity_68_7,michael_panamacity,0,0.7262986437017634
michael_panamacity_68_8,michael_panamacity,0,0.7263002790379556
michael_panamacity_68_9,michael_panamacity,0,0.7262882049245951
michael_panamacity_68_10,michael_panamacity,0,0.7262697870053156
michael_panamacity_68_11,michael_panamacity,0,0.7262474086997416
michael_panamacity_68_60,michael_panamacity,0,0.6471934516218633
michael_panamacity_68_61,michael_panamacity,0,0.6466028487991514
michael_panamacity_68_65,michael_panamacity,0,0.6467781402935415
michael_panamacity_68_66,michael_panamacity,1,0.6549408274025122
michael_panamacity_68_67,michael_panamacity,1,0.6541190026064436
michael_panamacity_68_68,michael_panamacity,0,0.6491475356702118
michael_panamacity_68_69,michael_panamacity,1,0.647802315469334
michael_panamacity_68_70,michael_panamacity,1,0.7262649373977117
michael_panamacity_68_71,michael_panamacity,1,0.7262584219080565
michael_panamacity_68_85,michael_panamacity,1,0.7262749773046225
michael_panamacity_68_86,michael_panamacity,1,0.7262715153787302
michael_panamacity_68_87,michael_panamacity,1,0.7262525545845546
michael_panamacity_68_88,michael_panamacity,1,0.7262496828985501
michael_panamacity_68_98,michael_panamacity,1,0.7262526831108076
michael_panamacity_69_5,michael_panamacity,0,0.7262902540673971
michael_panamacity_69_6,michael_panamacity,0,0.726299733235449
michael_panamacity_69_7,michael_panamacity,0,0.7263175598857944
michael_panamacity_69_8,michael_panamacity,0,0.726336730355636
michael_panamacity_69_9,michael_panamacity,0,0.7263562691531927
michael_panamacity_69_10,michael_panamacity,1,0.7263232330366468
michael_panamacity_69_11,michael_panamacity,1,0.7262927376969013
michael_panamacity_69_12,michael_panamacity,1,0.726249023139381
michael_panamacity_69_13,michael_panamacity,1,0.7262656097002953
michael_panamacity_69_60,michael_panamacity,0,0.6467973206709957
michael_panamacity_69_61,michael_panamacity,1,0.6472393209925944
michael_panamacity_69_62,michael_panamacity,1,0.6477004054080979
michael_panamacity_69_63,michael_panamacity,0,0.7262552265852686
michael_panamacity_69_64,michael_panamacity,1,0.7262537436285857
michael_panamacity_69_65,michael_panamacity,1,0.6482005028066182
michael_panamacity_69_66,michael_panamacity,1,0.6533690058590698
michael_panamacity_69_67,michael_panamacity,1,0.6546209477739513
michael_panamacity_69_68,michael_panamacity,1,0.650592587837116
michael_panamacity_69_69,michael_panamacity,1,0.6484345007038208
michael_panamacity_69_70,michael_panamacity,1,0.6482729210992404
michael_panamacity_69_71,michael_panamacity,1,0.7262602812355157
michael_panamacity_69_72,michael_panamacity,1,0.7262485498531673
michael_panamacity_69_73,michael_panamacity,1,0.7262511201881352
michael_panamacity_69_74,michael_panamacity,1,0.7262486011847213
michael_panamacity_69_77,michael_panamacity,1,0.7262501774121903
michael_panamacity_69_78,michael_panamacity,1,0.7262585137859957
michael_panamacity_69_84,michael_panamacity,1,0.646941930775839
michael_panamacity_69_85,michael_panamacity,0,0.7262610706166708
michael_panamacity_69_86,michael_panamacity,0,0.7262662800298266
michael_panamacity_70_7,michael_panamacity,0,0.7262659212815635
michael_panamacity_70_8,michael_panamacity,0,0.7263013242628521
michael_panamacity_70_9,michael_panamacity,0,0.7263669333926516
michael_panamacity_70_10,michael_panamacity,0,0.7263716385030712
michael_panamacity_70_11,michael_panamacity,0,0.7263256951962727
michael_panamacity_70_12,michael_panamacity,0,0.7263026066621922
michael_panamacity_70_13,michael_panamacity,0,0.7262964953344909
michael_panamacity_70_14,michael_panamacity,0,0.7262888874868124
michael_panamacity_70_15,michael_panamacity,0,0.7262598312845261
michael_panamacity_70_16,michael_panamacity,0,0.7262584089428171
michael_panamacity_70_17,michael_panamacity,0,0.7262515001369034
michael_panamacity_70_61,michael_panamacity,1,0.7262544690595227
michael_panamacity_70_62,michael_panamacity,0,0.7262630327371912
michael_panamacity_70_63,michael_panamacity,0,0.7262641487624931
michael_panamacity_70_64,michael_panamacity,1,0.726263825898599
michael_panamacity_70_65,michael_panamacity,0,0.6493143755762489
michael_panamacity_70_66,michael_panamacity,1,0.6537909440377476
michael_panamacity_70_67,michael_panamacity,1,0.6555953100433893
michael_panamacity_70_68,michael_panamacity,1,0.653115929673948
michael_panamacity_70_69,michael_panamacity,1,0.6498072468514441
michael_panamacity_70_70,michael_panamacity,1,0.648729120613545
michael_panamacity_70_71,michael_panamacity,1,0.7262579409205885
michael_panamacity_70_72,michael_panamacity,1,0.7262592008559317
michael_panamacity_70_73,michael_panamacity,1,0.7262669358010743
michael_panamacity_70_74,michael_panamacity,1,0.7262618623676583
michael_panamacity_70_75,michael_panamacity,1,0.7262615324334906
michael_panamacity_70_76,michael_panamacity,1,0.7262555456119243
michael_panamacity_70_77,michael_panamacity,1,0.726259140773284
michael_panamacity_70_78,michael_panamacity,1,0.7262676186694313
michael_panamacity_70_79,michael_panamacity,1,0.726260695969545
michael_panamacity_70_82,michael_panamacity,1,0.6467099996033346
michael_panamacity_70_85,michael_panamacity,1,0.7262505671682891
michael_panamacity_70_86,michael_panamacity,0,0.7262521163708381
michael_panamacity_71_7,michael_panamacity,1,0.7262487234013251
michael_panamacity_71_8,michael_panamacity,1,0.7262833063094972
michael_panamacity_71_9,michael_panamacity,0,0.7263775240966512
michael_panamacity_71_10,michael_panamacity,0,0.7263840808568574
michael_panamacity_71_11,michael_panamacity,0,0.7263872486090267
michael_panamacity_71_12,michael_panamacity,1,0.726464157594695
michael_panamacity_71_13,michael_panamacity,0,0.7264725022552253
michael_panamacity_71_14,michael_panamacity,0,0.7263671260474024
michael_panamacity_71_15,michael_panamacity,0,0.7263503067805169
michael_panamacity_71_16,michael_panamacity,0,0.7263473402138418
michael_panamacity_71_17,michael_panamacity,0,0.7262708519030501
michael_panamacity_71_60,michael_panamacity,1,0.7262490344833361
michael_panamacity_71_61,michael_panamacity,0,0.7262496539294417
michael_panamacity_71_62,michael_panamacity,1,0.7262591618889508
michael_panamacity_71_63,michael_panamacity,1,0.7262666681893654
michael_panamacity_71_64,michael_panamacity,1,0.7262798019719555
michael_panamacity_71_65,michael_panamacity,1,0.6518918843980895
michael_panamacity_71_66,michael_panamacity,1,0.6555684587660257
michael_panamacity_71_67,michael_panamacity,1,0.6585011773881964
michael_panamacity_71_68,michael_panamacity,1,0.6535119133762727
michael_panamacity_71_69,michael_panamacity,1,0.6496827050227859
michael_panamacity_71_70,michael_panamacity,1,0.7262671714821698
michael_panamacity_71_71,michael_panamacity,1,0.7262556083801192
michael_panamacity_71_72,michael_panamacity,1,0.7262644455060795
michael_panamacity_71_73,michael_panamacity,0,0.7263151626247148
michael_panamacity_71_74,michael_panamacity,0,0.726283388698966
michael_panamacity_71_75,michael_panamacity,1,0.7262718765806481
michael_panamacity_71_76,michael_panamacity,1,0.7262644099588837
michael_panamacity_71_77,michael_panamacity,1,0.7262623864610115
michael_panamacity_71_78,michael_panamacity,1,0.7262540800478536
michael_panamacity_71_79,michael_panamacity,1,0.7262509719414586
michael_panamacity_71_80,michael_panamacity,1,0.7262492257313408
michael_panamacity_71_81,michael_panamacity,1,0.6466885506605448
michael_panamacity_71_82,michael_panamacity,1,0.6467111688574926
michael_panamacity_72_9,michael_panamacity,0,0.7263138245916516
michael_panamacity_72_10,michael_panamacity,0,0.7263747074745627
michael_panamacity_72_11,michael_panamacity,0,0.726359976500563
michael_panamacity_72_12,michael_panamacity,0,0.7264638842156219
michael_panamacity_72_13,michael_panamacity,0,0.7264882768346231
michael_panamacity_72_14,michael_panamacity,0,0.7263733448482366
michael_panamacity_72_15,michael_panamacity,0,0.7263409575698901
michael_panamacity_72_16,michael_panamacity,0,0.7263310194397194
michael_panamacity_72_17,michael_panamacity,0,0.726333345448513
michael_panamacity_72_18,michael_panamacity,1,0.7263603874051721
michael_panamacity_72_19,michael_panamacity,0,0.7262719037822337
michael_panamacity_72_24,michael_panamacity,0,0.7262463613922258
michael_panamacity_72_60,michael_panamacity,0,0.7262535085390277
michael_panamacity_72_61,michael_panamacity,0,0.7262548015404775
michael_panamacity_72_62,michael_panamacity,0,0.7262562045722913
michael_panamacity_72_63,michael_panamacity,0,0.7262686108422373
michael_panamacity_72_64,michael_panamacity,1,0.7262935019429753
michael_panamacity_72_65,michael_panamacity,1,0.6554115646720367
michael_panamacity_72_66,michael_panamacity,1,0.664539957956397
michael_panamacity_72_67,michael_panamacity,1,0.6667112868918234
michael_panamacity_72_68,michael_panamacity,1,0.6561816499307657
michael_panamacity_72_69,michael_panamacity,0,0.6485297273640972
michael_panamacity_72_70,michael_panamacity,1,0.7262578234386168
michael_panamacity_72_71,michael_panamacity,1,0.7262479158204234
michael_panamacity_72_72,michael_panamacity,1,0.7262607480600307
michael_panamacity_72_73,michael_panamacity,0,0.7264075660161158
michael_panamacity_72_74,michael_panamacity,1,0.7263602646082946
michael_panamacity_72_75,michael_panamacity,1,0.726259505051488
michael_panamacity_72_76,michael_panamacity,1,0.726257573080713
michael_panamacity_72_77,michael_panamacity,1,0.7262486273009241
michael_panamacity_72_78,michael_panamacity,0,0.7262469111723617
michael_panamacity_72_79,michael_panamacity,0,0.7262659592636109
michael_panamacity_72_80,michael_panamacity,1,0.7262558392001073
michael_panamacity_72_81,michael_panamacity,1,0.7262506204965566
michael_panamacity_72_82,michael_panamacity,1,0.7262467416039504
michael_panamacity_72_86,michael_panamacity,1,0.7262560339200405
michael_panamacity_73_10,michael_panamacity,1,0.7262696847629208
michael_panamacity_73_11,michael_panamacity,1,0.7263475098482948
michael_panamacity_73_12,michael_panamacity,1,0.7264248603949119
michael_panamacity_73_13,michael_panamacity,1,0.726432985479645
michael_panamacity_73_14,michael_panamacity,0,0.7263579200813255
michael_panamacity_73_15,michael_panamacity,0,0.7263504228276972
michael_panamacity_73_16,michael_panamacity,1,0.7266509272495265
michael_panamacity_73_17,michael_panamacity,1,0.7265116693878175
michael_panamacity_73_18,michael_panamacity,0,0.7264786925124032
michael_panamacity_73_19,michael_panamacity,0,0.7263021866188223
michael_panamacity_73_20,michael_panamacity,0,0.7262649469962785
michael_panamacity_73_22,michael_panamacity,1,0.7262468525806535
michael_panamacity_73_23,michael_panamacity,0,0.7262508710785616
michael_panamacity_73_24,michael_panamacity,0,0.7262516891402901
michael_panamacity_73_60,michael_panamacity,0,0.6472533408539529
michael_panamacity_73_61,michael_panamacity,0,0.6480124957643639
michael_panamacity_73_62,michael_panamacity,1,0.649768618320106
michael_panamacity_73_63,michael_panamacity,1,0.6515483098775785
michael_panamacity_73_64,michael_panamacity,1,0.7263151803606802
michael_panamacity_73_65,michael_panamacity,1,0.7263971814766095
michael_panamacity_73_66,michael_panamacity,1,0.6692164754948888
michael_panamacity_73_67,michael_panamacity,1,0.6649608984076876
michael_panamacity_73_68,michael_panamacity,1,0.6556522723703038
michael_panamacity_73_69,michael_panamacity,1,0.6477960988457814
michael_panamacity_73_70,michael_panamacity,1,0.6468534681555379
michael_panamacity_73_72,michael_panamacity,1,0.7262565913587214
michael_panamacity_73_73,michael_panamacity,1,0.7263375248217997
michael_panamacity_73_74,michael_panamacity,1,0.7263268094882687
michael_panamacity_73_75,michael_panamacity,1,0.6470349801740851
michael_panamacity_73_76,michael_panamacity,1,0.6472251145722188
michael_panamacity_73_78,michael_panamacity,0,0.6467711569687764
michael_panamacity_73_79,michael_panamacity,0,0.7262758656289167
michael_panamacity_73_80,michael_panamacity,1,0.726279185771037
michael_panamacity_73_81,michael_panamacity,1,0.7262563574028817
michael_panamacity_73_82,michael_panamacity,1,0.7262479617978899
michael_panamacity_74_13,michael_panamacity,0,0.7263032105790819
michael_panamacity_74_14,michael_panamacity,0,0.7263074053652249
michael_panamacity_74_15,michael_panamacity,0,0.7263707027406464
michael_panamacity_74_16,michael_panamacity,0,0.7265087881809836
michael_panamacity_74_17,michael_panamacity,0,0.7265403108582976
michael_panamacity_74_18,michael_panamacity,0,0.7265403193160251
michael_panamacity_74_19,michael_panamacity,0,0.7264309830624941
michael_panamacity_74_20,michael_panamacity,0,0.726293131397087
michael_panamacity_74_21,michael_panamacity,0,0.7262918799558266
michael_panamacity_74_22,michael_panamacity,1,0.7262544721177646
michael_panamacity_74_23,michael_panamacity,0,0.7262470567794113
michael_panamacity_74_60,michael_panamacity,0,0.6468746300976065
michael_panamacity_74_61,michael_panamacity,1,0.6494265817260461
michael_panamacity_74_62,michael_panamacity,1,0.6506830525453466
michael_panamacity_74_63,michael_panamacity,1,0.6528535458562432
michael_panamacity_74_64,michael_panamacity,1,0.6521377996766914
michael_panamacity_74_65,michael_panamacity,1,0.6557666104160416
michael_panamacity_74_66,michael_panamacity,1,0.6618008721636147
michael_panamacity_74_67,michael_panamacity,1,0.6588946655151464
michael_panamacity_74_68,michael_panamacity,1,0.652931102080873
michael_panamacity_74_69,michael_panamacity,1,0.6470058718461381
michael_panamacity_74_70,michael_panamacity,1,0.646599804322473
michael_panamacity_74_71,michael_panamacity,1,0.6466584100728078
michael_panamacity_74_72,michael_panamacity,1,0.6474511274387564
michael_panamacity_74_73,michael_panamacity,1,0.7262550971567371
michael_panamacity_74_75,michael_panamacity,1,0.6467864504162353
michael_panamacity_74_76,michael_panamacity,1,0.6484246075188612
michael_panamacity_74_77,michael_panamacity,1,0.6468180948356039
michael_panamacity_74_79,michael_panamacity,0,0.7262474117513998
michael_panamacity_75_15,michael_panamacity,0,0.7262780381191569
michael_panamacity_75_16,michael_panamacity,0,0.7263728534378111
michael_panamacity_75_17,michael_panamacity,0,0.7264764633790458
michael_panamacity_75_18,michael_panamacity,0,0.7264302988265742
michael_panamacity_75_19,michael_panamacity,0,0.7263497734843027
michael_panamacity_75_20,michael_panamacity,0,0.7263056143048675
michael_panamacity_75_21,michael_panamacity,0,0.7263340700232377
michael_panamacity_75_22,michael_panamacity,0,0.7263011778071077
michael_panamacity_75_23,michael_panamacity,0,0.7262627254705796
michael_panamacity_75_57,michael_panamacity,0,0.726246458707043
michael_panamacity_75_60,michael_panamacity,0,0.6472166097481454
michael_panamacity_75_61,michael_panamacity,0,0.6494948755809423
michael_panamacity_75_62,michael_panamacity,0,0.6505512847746744
michael_panamacity_75_63,michael_panamacity,1,0.6501141693731948
michael_panamacity_75_64,michael_panamacity,1,0.6498054009645701
michael_panamacity_75_65,michael_panamacity,1,0.6539505382257056
michael_panamacity_75_66,michael_panamacity,1,0.6551983223571483
michael_panamacity_75_67,michael_panamacity,0,0.655778136558105
michael_panamacity_75_68,michael_panamacity,0,0.6529309958780286
michael_panamacity_75_69,michael_panamacity,0,0.6474223177576379
michael_panamacity_75_70,michael_panamacity,1,0.6468747776976831
michael_panamacity_75_71,michael_panamacity,1,0.647692770888102
michael_panamacity_75_72,michael_panamacity,1,0.6490520488474971
michael_panamacity_75_73,michael_panamacity,1,0.7262583147019176
michael_panamacity_75_74,michael_panamacity,1,0.6468112350707732
michael_panamacity_75_75,michael_panamacity,1,0.6477558954021863
michael_panamacity_75_76,michael_panamacity,1,0.6508877991214892
michael_panamacity_75_77,michael_panamacity,0,0.6470315569934283
michael_panamacity_76_17,michael_panamacity,1,0.7262503133919369
michael_panamacity_76_18,michael_panamacity,0,0.7262656061824423
michael_panamacity_76_19,michael_panamacity,1,0.726325559404715
michael_panamacity_76_20,michael_panamacity,0,0.7263735599752007
michael_panamacity_76_21,michael_panamacity,0,0.7263509242215307
michael_panamacity_76_22,michael_panamacity,1,0.7264125086488521
michael_panamacity_76_23,michael_panamacity,0,0.7263905239214644
michael_panamacity_76_24,michael_panamacity,0,0.7262865700662728
michael_panamacity_76_25,michael_panamacity,0,0.7262771516057488
michael_panamacity_76_26,michael_panamacity,1,0.7262909633780966
michael_panamacity_76_27,michael_panamacity,0,0.7262893393361542
michael_panamacity_76_28,michael_panamacity,0,0.7262823782025262
michael_panamacity_76_29,michael_panamacity,0,0.7263111070642212
michael_panamacity_76_30,michael_panamacity,0,0.7262999394866773
michael_panamacity_76_31,michael_panamacity,0,0.7262690757103726
michael_panamacity_76_32,michael_panamacity,0,0.726258103109071
michael_panamacity_76_55,michael_panamacity,1,0.7262483987294749
michael_panamacity_76_56,michael_panamacity,0,0.7262523065273429
michael_panamacity_76_57,michael_panamacity,0,0.7262534014351378
michael_panamacity_76_58,michael_panamacity,1,0.7262809514714974
michael_panamacity_76_59,michael_panamacity,1,0.7263265955913395
michael_panamacity_76_60,michael_panamacity,0,0.64998480217999
michael_panamacity_76_61,michael_panamacity,1,0.6507192072060111
michael_panamacity_76_62,michael_panamacity,1,0.6504297725559207
michael_panamacity_76_63,michael_panamacity,1,0.6506985039579499
michael_panamacity_76_64,michael_panamacity,1,0.6523593752887621
michael_panamacity_76_65,michael_panamacity,1,0.6560125426772332
michael_panamacity_76_66,michael_panamacity,1,0.6667191108513317
michael_panamacity_76_67,michael_panamacity,1,0.671888490641984
michael_panamacity_76_68,michael_panamacity,0,0.6598128603033234
michael_panamacity_76_69,michael_panamacity,0,0.6491620221669107
michael_panamacity_76_70,michael_panamacity,1,0.6488219806691504
michael_panamacity_76_71,michael_panamacity,1,0.6507728538096454
michael_panamacity_76_72,michael_panamacity,1,0.6548401322087009
michael_panamacity_76_73,michael_panamacity,1,0.726255979757893
michael_panamacity_76_74,michael_panamacity,1,0.646995917835871
michael_panamacity_76_75,michael_panamacity,1,0.6473046859990064
michael_panamacity_76_76,michael_panamacity,1,0.6485281404745228
michael_panamacity_76_77,michael_panamacity,1,0.6472661774579188
michael_panamacity_76_78,michael_panamacity,1,0.6465401678558425
michael_panamacity_77_19,michael_panamacity,1,0.7262597353392883
michael_panamacity_77_20,michael_panamacity,1,0.7262885562382078
michael_panamacity_77_21,michael_panamacity,0,0.7262679905767031
michael_panamacity_77_22,michael_panamacity,0,0.7263336118044759
michael_panamacity_77_23,michael_panamacity,0,0.7263718271637842
michael_panamacity_77_24,michael_panamacity,0,0.7263332722068712
michael_panamacity_77_25,michael_panamacity,0,0.7262970861956611
michael_panamacity_77_26,michael_panamacity,1,0.7263032927599883
michael_panamacity_77_27,michael_panamacity,0,0.7262871085536987
michael_panamacity_77_28,michael_panamacity,0,0.7263206641128769
michael_panamacity_77_29,michael_panamacity,0,0.7263492547125945
michael_panamacity_77_30,michael_panamacity,0,0.726341870607378
michael_panamacity_77_31,michael_panamacity,0,0.72631571381144
michael_panamacity_77_32,michael_panamacity,0,0.7262868237039568
michael_panamacity_77_33,michael_panamacity,0,0.7262558402950512
michael_panamacity_77_42,michael_panamacity,1,0.6465830880609066
michael_panamacity_77_44,michael_panamacity,0,0.6469535727226571
michael_panamacity_77_45,michael_panamacity,0,0.6471124418372621
michael_panamacity_77_55,michael_panamacity,0,0.7262534888486455
michael_panamacity_77_56,michael_panamacity,0,0.7262598486917439
michael_panamacity_77_57,michael_panamacity,1,0.7262644275503143
michael_panamacity_77_58,michael_panamacity,1,0.7262715750469817
michael_panamacity_77_59,michael_panamacity,1,0.726299542955448
michael_panamacity_77_60,michael_panamacity,0,0.7262828272012358
michael_panamacity_77_61,michael_panamacity,1,0.7262783329704704
michael_panamacity_77_62,michael_panamacity,1,0.726281939379594
michael_panamacity_77_63,michael_panamacity,1,0.7262965035433931
michael_panamacity_77_64,michael_panamacity,1,0.7263104773365073
michael_panamacity_77_65,michael_panamacity,1,0.6572552899167955
michael_panamacity_77_66,michael_panamacity,1,0.6620572527588572
michael_panamacity_77_67,michael_panamacity,1,0.6610897071461683
michael_panamacity_77_68,michael_panamacity,0,0.6499220975233961
michael_panamacity_77_69,michael_panamacity,0,0.7262617669961725
michael_panamacity_77_70,michael_panamacity,1,0.6490848950068413
michael_panamacity_77_71,michael_panamacity,1,0.6518470782640767
michael_panamacity_77_72,michael_panamacity,1,0.7263861141389225
michael_panamacity_77_73,michael_panamacity,1,0.7262727692457647
michael_panamacity_77_74,michael_panamacity,1,0.726257250099623
michael_panamacity_77_75,michael_panamacity,1,0.7262646598060212
michael_panamacity_77_76,michael_panamacity,1,0.7262620763841687
michael_panamacity_77_77,michael_panamacity,1,0.7262480820658735
michael_panamacity_78_22,michael_panamacity,1,0.7263099424237568
michael_panamacity_78_23,michael_panamacity,1,0.7263607284610102
michael_panamacity_78_24,michael_panamacity,1,0.7263698811998061
michael_panamacity_78_25,michael_panamacity,0,0.7263409759616437
michael_panamacity_78_26,michael_panamacity,0,0.7263358062887978
michael_panamacity_78_27,michael_panamacity,0,0.7263461610612183
michael_panamacity_78_28,michael_panamacity,0,0.7263925778456392
michael_panamacity_78_29,michael_panamacity,0,0.7263899269133209
michael_panamacity_78_30,michael_panamacity,0,0.7264174809185872
michael_panamacity_78_31,michael_panamacity,0,0.7264126498711267
michael_panamacity_78_32,michael_panamacity,0,0.7263104132108481
michael_panamacity_78_33,michael_panamacity,0,0.6486440719741271
michael_panamacity_78_34,michael_panamacity,0,0.6467197956111945
michael_panamacity_78_42,michael_panamacity,0,0.6482968065382175
michael_panamacity_78_43,michael_panamacity,0,0.6482468110952412
michael_panamacity_78_44,michael_panamacity,0,0.649150855441325
michael_panamacity_78_45,michael_panamacity,1,0.6483373119867903
michael_panamacity_78_52,michael_panamacity,1,0.7262470426081911
michael_panamacity_78_53,michael_panamacity,1,0.7262633817831186
michael_panamacity_78_54,michael_panamacity,1,0.7262589123227594
michael_panamacity_78_55,michael_panamacity,1,0.7262580135111506
michael_panamacity_78_56,michael_panamacity,1,0.7262654969494161
michael_panamacity_78_57,michael_panamacity,0,0.7262706448733259
michael_panamacity_78_58,michael_panamacity,0,0.7262751873365908
michael_panamacity_78_59,michael_panamacity,1,0.7262795339034305
michael_panamacity_78_60,michael_panamacity,1,0.7262794470594388
michael_panamacity_78_61,michael_panamacity,1,0.7262744181283431
michael_panamacity_78_62,michael_panamacity,1,0.7262851896368957
michael_panamacity_78_63,michael_panamacity,1,0.651517178703107
michael_panamacity_78_64,michael_panamacity,1,0.7263054470876493
michael_panamacity_78_65,michael_panamacity,1,0.6553753443735713
michael_panamacity_78_66,michael_panamacity,1,0.6608654937473111
michael_panamacity_78_67,michael_panamacity,1,0.6569934926269043
michael_panamacity_78_68,michael_panamacity,1,0.651297172310883
michael_panamacity_78_69,michael_panamacity,1,0.6477258191180725
michael_panamacity_78_70,michael_panamacity,1,0.650075196254848
michael_panamacity_78_71,michael_panamacity,1,0.6519901972582228
michael_panamacity_78_72,michael_panamacity,1,0.657354438853436
michael_panamacity_78_73,michael_panamacity,1,0.7262646964939882
michael_panamacity_78_74,michael_panamacity,1,0.7262656303585763
michael_panamacity_78_75,michael_panamacity,1,0.7262734215029629
michael_panamacity_78_76,michael_panamacity,1,0.7262716303299908
michael_panamacity_78_77,michael_panamacity,1,0.7262508935001717
michael_panamacity_79_23,michael_panamacity,1,0.7262929663903015
michael_panamacity_79_24,michael_panamacity,1,0.7263559429600539
michael_panamacity_79_25,michael_panamacity,1,0.726389598541982
michael_panamacity_79_26,michael_panamacity,0,0.7263890772440253
michael_panamacity_79_27,michael_panamacity,0,0.726407425676597
michael_panamacity_79_28,michael_panamacity,0,0.7264222004110453
michael_panamacity_79_29,michael_panamacity,0,0.7264094304024806
michael_panamacity_79_30,michael_panamacity,0,0.7264213914398259
michael_panamacity_79_31,michael_panamacity,0,0.7264181172927908
michael_panamacity_79_32,michael_panamacity,0,0.6539293966152464
michael_panamacity_79_33,michael_panamacity,0,0.6494989267656653
michael_panamacity_79_34,michael_panamacity,0,0.649602924579015
michael_panamacity_79_35,michael_panamacity,1,0.6475464509551734
michael_panamacity_79_40,michael_panamacity,1,0.7262666563307245
michael_panamacity_79_41,michael_panamacity,0,0.7262754560148302
michael_panamacity_79_42,michael_panamacity,0,0.7263052641301081
michael_panamacity_79_43,michael_panamacity,1,0.6508455157011098
michael_panamacity_79_44,michael_panamacity,1,0.6496422826033049
michael_panamacity_79_45,michael_panamacity,0,0.6465887615723838
michael_panamacity_79_49,michael_panamacity,0,0.7262504581082357
michael_panamacity_79_50,michael_panamacity,1,0.7262928253213737
michael_panamacity_79_51,michael_panamacity,0,0.7262476862646977
michael_panamacity_79_52,michael_panamacity,1,0.726276131871815
michael_panamacity_79_53,michael_panamacity,1,0.7263024205792652
michael_panamacity_79_54,michael_panamacity,1,0.7263274588119341
michael_panamacity_79_55,michael_panamacity,1,0.7263099956077012
michael_panamacity_79_56,michael_panamacity,1,0.7263619172526635
michael_panamacity_79_57,michael_panamacity,1,0.6663743059471023
michael_panamacity_79_58,michael_panamacity,0,0.6549037408415
michael_panamacity_79_59,michael_panamacity,1,0.7263078141498105
michael_panamacity_79_60,michael_panamacity,1,0.7263514554841962
michael_panamacity_79_61,michael_panamacity,1,0.6539151046852433
michael_panamacity_79_62,michael_panamacity,1,0.661955069063393
michael_panamacity_79_63,michael_panamacity,1,0.6588061037309758
michael_panamacity_79_64,michael_panamacity,1,0.6624559279268198
michael_panamacity_79_65,michael_panamacity,0,0.6585040763366766
michael_panamacity_79_66,michael_panamacity,0,0.6630807991996673
michael_panamacity_79_67,michael_panamacity,1,0.6630166085496703
michael_panamacity_79_68,michael_panamacity,1,0.7263909828696636
michael_panamacity_79_69,michael_panamacity,1,0.6527417176563761
michael_panamacity_79_70,michael_panamacity,1,0.6525860026215046
michael_panamacity_79_71,michael_panamacity,1,0.6527268474708209
michael_panamacity_79_72,michael_panamacity,1,0.6527371670988072
michael_panamacity_79_73,michael_panamacity,1,0.7262567500830538
michael_panamacity_79_74,michael_panamacity,1,0.7262571744141544
michael_panamacity_79_75,michael_panamacity,1,0.7262638596336418
michael_panamacity_79_76,michael_panamacity,1,0.7262664530798023
michael_panamacity_80_25,michael_panamacity,1,0.7263239990492649
michael_panamacity_80_26,michael_panamacity,1,0.7263937781743958
michael_panamacity_80_27,michael_panamacity,1,0.726436088190602
michael_panamacity_80_28,michael_panamacity,1,0.7265082957346376
michael_panamacity_80_29,michael_panamacity,0,0.7264837108375642
michael_panamacity_80_30,michael_panamacity,0,0.7264428867914428
michael_panamacity_80_31,michael_panamacity,0,0.7263300004335096
michael_panamacity_80_32,michael_panamacity,1,0.6514791241891872
michael_panamacity_80_33,michael_panamacity,0,0.6489326835684305
michael_panamacity_80_34,michael_panamacity,0,0.6495676318106409
michael_panamacity_80_35,michael_panamacity,0,0.6508798137840827
michael_panamacity_80_36,michael_panamacity,1,0.6519788965971419
michael_panamacity_80_37,michael_panamacity,0,0.6503913283298153
michael_panamacity_80_38,michael_panamacity,0,0.651840561284484
michael_panamacity_80_39,michael_panamacity,0,0.7263095191801652
michael_panamacity_80_40,michael_panamacity,1,0.6586735095982128
michael_panamacity_80_41,michael_panamacity,0,0.6589681428617524
michael_panamacity_80_42,michael_panamacity,0,0.6564333770409909
michael_panamacity_80_43,michael_panamacity,0,0.6515131832986741
michael_panamacity_80_44,michael_panamacity,1,0.7262922897852698
michael_panamacity_80_45,michael_panamacity,1,0.7262719681614422
michael_panamacity_80_46,michael_panamacity,1,0.7262598359123024
michael_panamacity_80_47,michael_panamacity,1,0.726290390838928
michael_panamacity_80_48,michael_panamacity,1,0.7263602028369417
michael_panamacity_80_49,michael_panamacity,0,0.7263109943973056
michael_panamacity_80_50,michael_panamacity,0,0.7263903876611714
michael_panamacity_80_51,michael_panamacity,1,0.7263783909413826
michael_panamacity_80_52,michael_panamacity,1,0.7263556522166714
michael_panamacity_80_53,michael_panamacity,1,0.7263732104500132
michael_panamacity_80_54,michael_panamacity,1,0.7264469255486848
michael_panamacity_80_55,michael_panamacity,1,0.7264433296209932
michael_panamacity_80_56,michael_panamacity,1,0.6689633091065439
michael_panamacity_80_57,michael_panamacity,1,0.6714946670657158
michael_panamacity_80_58,michael_panamacity,1,0.6654901728789433
michael_panamacity_80_59,michael_panamacity,1,0.6605130341817566
michael_panamacity_80_60,michael_panamacity,1,0.6621885373595967
michael_panamacity_80_61,michael_panamacity,1,0.6647248440800028
michael_panamacity_80_62,michael_panamacity,1,0.6675847648328526
michael_panamacity_80_63,michael_panamacity,1,0.6726483829658352
michael_panamacity_80_64,michael_panamacity,1,0.6758167008750728
michael_panamacity_80_65,michael_panamacity,1,0.6759031850376706
michael_panamacity_80_66,michael_panamacity,0,0.6741501655286982
michael_panamacity_80_67,michael_panamacity,0,0.7265175853699893
michael_panamacity_80_68,michael_panamacity,0,0.726442660195907
michael_panamacity_80_69,michael_panamacity,1,0.6591108835839463
michael_panamacity_80_70,michael_panamacity,0,0.6531301723978123
michael_panamacity_80_71,michael_panamacity,0,0.6526042029464371
michael_panamacity_80_72,michael_panamacity,1,0.6510218967614896
michael_panamacity_80_73,michael_panamacity,1,0.7262489271048734
michael_panamacity_80_74,michael_panamacity,1,0.7262513963484505
michael_panamacity_80_75,michael_panamacity,1,0.7262608220254628
michael_panamacity_80_76,michael_panamacity,1,0.7262517256657623
michael_panamacity_81_26,michael_panamacity,1,0.7262627672711114
michael_panamacity_81_27,michael_panamacity,0,0.7263247573525656
michael_panamacity_81_28,michael_panamacity,0,0.7263916684533469
michael_panamacity_81_29,michael_panamacity,1,0.7266331971991872
michael_panamacity_81_30,michael_panamacity,0,0.7265310107274373
michael_panamacity_81_31,michael_panamacity,0,0.7264218851624329
michael_panamacity_81_32,michael_panamacity,0,0.7263191532072025
michael_panamacity_81_33,michael_panamacity,0,0.6508351019839951
michael_panamacity_81_34,michael_panamacity,0,0.6503345522381062
michael_panamacity_81_35,michael_panamacity,0,0.6555017565201985
michael_panamacity_81_36,michael_panamacity,0,0.6567857648617292
michael_panamacity_81_37,michael_panamacity,0,0.6576844520001639
michael_panamacity_81_38,michael_panamacity,1,0.6609908412598463
michael_panamacity_81_39,michael_panamacity,0,0.7263816375872055
michael_panamacity_81_40,michael_panamacity,1,0.6581961221675966
michael_panamacity_81_41,michael_panamacity,1,0.6589007671578594
michael_panamacity_81_42,michael_panamacity,0,0.6558373112481742
michael_panamacity_81_43,michael_panamacity,0,0.6508711116806435
michael_panamacity_81_44,michael_panamacity,1,0.7262834572212578
michael_panamacity_81_45,michael_panamacity,1,0.7262585771770843
michael_panamacity_81_46,michael_panamacity,1,0.7262586970615356
michael_panamacity_81_47,michael_panamacity,0,0.7262987470381176
michael_panamacity_81_48,michael_panamacity,0,0.6675903916759499
michael_panamacity_81_49,michael_panamacity,0,0.6658640616824466
michael_panamacity_81_50,michael_panamacity,0,0.666969890906792
michael_panamacity_81_51,michael_panamacity,1,0.6636886498469647
michael_panamacity_81_52,michael_panamacity,1,0.7263902035791149
michael_panamacity_81_53,michael_panamacity,1,0.7263792059732918
michael_panamacity_81_54,michael_panamacity,1,0.726392939947294
michael_panamacity_81_55,michael_panamacity,1,0.7263970197441617
michael_panamacity_81_56,michael_panamacity,1,0.6553916286608676
michael_panamacity_81_57,michael_panamacity,1,0.6591293969324638
michael_panamacity_81_58,michael_panamacity,1,0.662270560277694
michael_panamacity_81_59,michael_panamacity,1,0.6569257380389665
michael_panamacity_81_60,michael_panamacity,1,0.6568708106876778
michael_panamacity_81_61,michael_panamacity,1,0.6582298400210771
michael_panamacity_81_62,michael_panamacity,0,0.6640463589960456
michael_panamacity_81_63,michael_panamacity,0,0.6667015220391049
michael_panamacity_81_64,michael_panamacity,1,0.6643971577439646
michael_panamacity_81_65,michael_panamacity,1,0.6666573116243751
michael_panamacity_81_66,michael_panamacity,1,0.6722637654566859
michael_panamacity_81_67,michael_panamacity,1,0.6701658224488554
michael_panamacity_81_68,michael_panamacity,1,0.6566569469930841
michael_panamacity_81_69,michael_panamacity,0,0.7262835736080856
michael_panamacity_81_70,michael_panamacity,0,0.6496814688074907
michael_panamacity_81_71,michael_panamacity,0,0.6511704963930373
michael_panamacity_81_72,michael_panamacity,0,0.7262927896844928
michael_panamacity_82_28,michael_panamacity,1,0.7263656669434505
michael_panamacity_82_29,michael_panamacity,1,0.7265970862790103
michael_panamacity_82_30,michael_panamacity,1,0.7265824810588021
michael_panamacity_82_31,michael_panamacity,0,0.7264932316605657
michael_panamacity_82_32,michael_panamacity,1,0.72656918374736
michael_panamacity_82_33,michael_panamacity,1,0.726598713992089
michael_panamacity_82_34,michael_panamacity,1,0.7264968213460251
michael_panamacity_82_35,michael_panamacity,0,0.6580717773535779
michael_panamacity_82_36,michael_panamacity,0,0.657096455468706
michael_panamacity_82_37,michael_panamacity,1,0.6577986377395809
michael_panamacity_82_38,michael_panamacity,1,0.7263690597846479
michael_panamacity_82_39,michael_panamacity,0,0.7263052498633038
michael_panamacity_82_40,michael_panamacity,1,0.6506398863253391
michael_panamacity_82_41,michael_panamacity,0,0.6533543167830109
michael_panamacity_82_42,michael_panamacity,1,0.6552243812587726
michael_panamacity_82_43,michael_panamacity,1,0.6520124917709131
michael_panamacity_82_44,michael_panamacity,1,0.6493509108778345
michael_panamacity_82_47,michael_panamacity,1,0.7266099457099008
michael_panamacity_82_48,michael_panamacity,1,0.6915142249994424
michael_panamacity_82_49,michael_panamacity,1,0.6816064068117107
michael_panamacity_82_50,michael_panamacity,1,0.6667203666744506
michael_panamacity_82_51,michael_panamacity,1,0.6603876879827443
michael_panamacity_82_52,michael_panamacity,1,0.7264006457052715
michael_panamacity_82_53,michael_panamacity,1,0.7263986464324392
michael_panamacity_82_54,michael_panamacity,1,0.7264104394037728
michael_panamacity_82_55,michael_panamacity,1,0.7263457770383155
michael_panamacity_82_56,michael_panamacity,1,0.6529072063451202
michael_panamacity_82_57,michael_panamacity,1,0.6547226979124614
michael_panamacity_82_58,michael_panamacity,1,0.6554684368647559
michael_panamacity_82_59,michael_panamacity,1,0.6563447629047519
michael_panamacity_82_60,michael_panamacity,1,0.6580288412157927
michael_panamacity_82_61,michael_panamacity,1,0.6578145220513874
michael_panamacity_82_62,michael_panamacity,1,0.661018432590459
michael_panamacity_82_63,michael_panamacity,1,0.6607548927450168
michael_panamacity_82_64,michael_panamacity,1,0.6562160799454797
michael_panamacity_82_65,michael_panamacity,1,0.6590583735641166
michael_panamacity_82_66,michael_panamacity,1,0.6642019593844801
michael_panamacity_82_67,michael_panamacity,1,0.6519850767404836
michael_panamacity_82_68,michael_panamacity,0,0.6505335729906639
michael_panamacity_82_69,michael_panamacity,1,0.6490761912060268
michael_panamacity_82_70,michael_panamacity,0,0.649244526183919
michael_panamacity_82_71,michael_panamacity,0,0.7263041655556647
michael_panamacity_82_72,michael_panamacity,1,0.7263062824580406
michael_panamacity_82_73,michael_panamacity,1,0.7262606859951899
michael_panamacity_82_74,michael_panamacity,1,0.72626169985755
michael_panamacity_82_152,michael_panamacity,1,0.7262531477690801
michael_panamacity_82_153,michael_panamacity,1,0.7262725013185133
michael_panamacity_83_30,michael_panamacity,0,0.7262866534274613
michael_panamacity_83_31,michael_panamacity,0,0.7263884085900545
michael_panamacity_83_32,michael_panamacity,0,0.7265078418599302
michael_panamacity_83_33,michael_panamacity,0,0.7265574138114823
michael_panamacity_83_34,michael_panamacity,0,0.661224939013067
michael_panamacity_83_35,michael_panamacity,0,0.652986265407411
michael_panamacity_83_36,michael_panamacity,0,0.6523773142130084
michael_panamacity_83_37,michael_panamacity,0,0.6506347949562302
michael_panamacity_83_38,michael_panamacity,0,0.7262804368533611
michael_panamacity_83_39,michael_panamacity,0,0.7262702191977318
michael_panamacity_83_40,michael_panamacity,0,0.6492920187201983
michael_panamacity_83_41,michael_panamacity,1,0.6585533310510492
michael_panamacity_83_42,michael_panamacity,0,0.6594002766151408
michael_panamacity_83_43,michael_panamacity,1,0.6564396299753532
michael_panamacity_83_44,michael_panamacity,1,0.6527191528115387
michael_panamacity_83_47,michael_panamacity,1,0.7266160472395639
michael_panamacity_83_48,michael_panamacity,1,0.6924276593199099
michael_panamacity_83_49,michael_panamacity,1,0.682430697346757
michael_panamacity_83_50,michael_panamacity,1,0.6618704533727283
michael_panamacity_83_51,michael_panamacity,1,0.6491585794609562
michael_panamacity_83_52,michael_panamacity,1,0.7263107298290429
michael_panamacity_83_53,michael_panamacity,1,0.7263092881518445
michael_panamacity_83_54,michael_panamacity,1,0.7263369607537398
michael_panamacity_83_55,michael_panamacity,1,0.7264090068025782
michael_panamacity_83_56,michael_panamacity,1,0.726399826521042
michael_panamacity_83_57,michael_panamacity,1,0.7263821669857453
michael_panamacity_83_58,michael_panamacity,1,0.6591268701204439
michael_panamacity_83_59,michael_panamacity,1,0.6636887917463016
michael_panamacity_83_60,michael_panamacity,1,0.6692849499870215
michael_panamacity_83_61,michael_panamacity,1,0.6697000149882111
michael_panamacity_83_62,michael_panamacity,1,0.6690099452341607
michael_panamacity_83_63,michael_panamacity,1,0.6675127303560944
michael_panamacity_83_64,michael_panamacity,1,0.6652845982751887
michael_panamacity_83_65,michael_panamacity,1,0.6633226732256776
michael_panamacity_83_66,michael_panamacity,1,0.661745410966165
michael_panamacity_83_67,michael_panamacity,1,0.6590464800933069
michael_panamacity_83_68,michael_panamacity,0,0.6554050554826338
michael_panamacity_83_69,michael_panamacity,1,0.6591470128004169
michael_panamacity_83_70,michael_panamacity,1,0.6638863571437386
michael_panamacity_83_71,michael_panamacity,1,0.7263837521711058
michael_panamacity_83_72,michael_panamacity,1,0.7263530343880691
michael_panamacity_83_73,michael_panamacity,1,0.7262667296142997
michael_panamacity_83_74,michael_panamacity,1,0.6490712831751053
michael_panamacity_83_75,michael_panamacity,1,0.651620833661964
michael_panamacity_83_76,michael_panamacity,1,0.6566951684482759
michael_panamacity_83_77,michael_panamacity,1,0.6543455643401566
michael_panamacity_83_78,michael_panamacity,1,0.6484148680650792
michael_panamacity_83_79,michael_panamacity,1,0.726268679619755
michael_panamacity_83_80,michael_panamacity,1,0.7262462241094473
michael_panamacity_83_151,michael_panamacity,1,0.7263241629552292
michael_panamacity_83_152,michael_panamacity,1,0.7263901726102497
michael_panamacity_83_153,michael_panamacity,0,0.7263149764492511
michael_panamacity_83_154,michael_panamacity,0,0.726255221713369
michael_panamacity_84_31,michael_panamacity,1,0.7262925597109787
michael_panamacity_84_32,michael_panamacity,1,0.726374747142161
michael_panamacity_84_33,michael_panamacity,0,0.7263758461802685
michael_panamacity_84_34,michael_panamacity,1,0.6619025540809775
michael_panamacity_84_35,michael_panamacity,1,0.6599883574765641
michael_panamacity_84_36,michael_panamacity,1,0.6529939833274085
michael_panamacity_84_37,michael_panamacity,0,0.6499262179118043
michael_panamacity_84_38,michael_panamacity,0,0.7262828508166544
michael_panamacity_84_39,michael_panamacity,0,0.7262769711314523
michael_panamacity_84_40,michael_panamacity,0,0.7262824096458473
michael_panamacity_84_41,michael_panamacity,0,0.6570198116057197
michael_panamacity_84_42,michael_panamacity,0,0.6633411621155242
michael_panamacity_84_43,michael_panamacity,1,0.6630860095590001
michael_panamacity_84_44,michael_panamacity,1,0.6533576428317057
michael_panamacity_84_45,michael_panamacity,1,0.7262467100447685
michael_panamacity_84_47,michael_panamacity,0,0.7262855881002518
michael_panamacity_84_48,michael_panamacity,0,0.7263031554985785
michael_panamacity_84_49,michael_panamacity,0,0.650341242363408
michael_panamacity_84_50,michael_panamacity,1,0.6484560518721391
michael_panamacity_84_53,michael_panamacity,1,0.7262505122849929
michael_panamacity_84_54,michael_panamacity,1,0.7262899499521586
michael_panamacity_84_55,michael_panamacity,1,0.7264111495944257
michael_panamacity_84_56,michael_panamacity,1,0.7263831813605068
michael_panamacity_84_57,michael_panamacity,1,0.726367685800421
michael_panamacity_84_58,michael_panamacity,1,0.7264194799649978
michael_panamacity_84_59,michael_panamacity,1,0.6645862286817654
michael_panamacity_84_60,michael_panamacity,1,0.6678060784041427
michael_panamacity_84_61,michael_panamacity,1,0.671569975088446
michael_panamacity_84_62,michael_panamacity,1,0.6680198479750904
michael_panamacity_84_63,michael_panamacity,1,0.665541697819557
michael_panamacity_84_64,michael_panamacity,1,0.6666550511699476
michael_panamacity_84_65,michael_panamacity,1,0.6648693285014171
michael_panamacity_84_66,michael_panamacity,1,0.6617585054040425
michael_panamacity_84_67,michael_panamacity,1,0.6570099787964487
michael_panamacity_84_68,michael_panamacity,0,0.6560630314463052
michael_panamacity_84_69,michael_panamacity,0,0.6622922886017376
michael_panamacity_84_70,michael_panamacity,1,0.6677330863589731
michael_panamacity_84_71,michael_panamacity,1,0.7264450715709762
michael_panamacity_84_72,michael_panamacity,1,0.7263809290953376
michael_panamacity_84_73,michael_panamacity,1,0.7262988992307245
michael_panamacity_84_74,michael_panamacity,1,0.6493915915555095
michael_panamacity_84_75,michael_panamacity,1,0.6573400278188763
michael_panamacity_84_76,michael_panamacity,0,0.6559875157269541
michael_panamacity_84_77,michael_panamacity,0,0.6539356202659371
michael_panamacity_84_78,michael_panamacity,1,0.6497267340001303
michael_panamacity_84_79,michael_panamacity,1,0.648542347099403
michael_panamacity_84_80,michael_panamacity,1,0.6476199016983465
michael_panamacity_84_150,michael_panamacity,1,0.7262882116871098
michael_panamacity_84_151,michael_panamacity,1,0.7263622539541186
michael_panamacity_84_152,michael_panamacity,1,0.7263925050072513
michael_panamacity_84_153,michael_panamacity,0,0.7263883763034543
michael_panamacity_84_154,michael_panamacity,0,0.7262535178854693
michael_panamacity_85_33,michael_panamacity,0,0.7262586742863341
michael_panamacity_85_34,michael_panamacity,1,0.6560908838701206
michael_panamacity_85_35,michael_panamacity,0,0.6667559917383363
michael_panamacity_85_36,michael_panamacity,0,0.658456472861271
michael_panamacity_85_37,michael_panamacity,0,0.6517072991606222
michael_panamacity_85_38,michael_panamacity,0,0.7263027637989501
michael_panamacity_85_39,michael_panamacity,0,0.7262925599179028
michael_panamacity_85_40,michael_panamacity,0,0.7262868153381504
michael_panamacity_85_41,michael_panamacity,1,0.6555134057951173
michael_panamacity_85_42,michael_panamacity,1,0.6608979648439506
michael_panamacity_85_43,michael_panamacity,1,0.6588912279973486
michael_panamacity_85_44,michael_panamacity,1,0.6513790061661036
michael_panamacity_85_45,michael_panamacity,1,0.6473534173126755
michael_panamacity_85_54,michael_panamacity,1,0.7263196927308068
michael_panamacity_85_55,michael_panamacity,1,0.7263962309813646
michael_panamacity_85_56,michael_panamacity,1,0.7263504397342514
michael_panamacity_85_57,michael_panamacity,1,0.7263210249993105
michael_panamacity_85_58,michael_panamacity,1,0.7263165928876388
michael_panamacity_85_59,michael_panamacity,1,0.7263213244782029
michael_panamacity_85_60,michael_panamacity,1,0.6578138784661078
michael_panamacity_85_61,michael_panamacity,1,0.6587832894228085
michael_panamacity_85_62,michael_panamacity,1,0.6594932705814079
michael_panamacity_85_63,michael_panamacity,1,0.6644159654337135
michael_panamacity_85_64,michael_panamacity,1,0.6659255350487483
michael_panamacity_85_65,michael_panamacity,0,0.7264157161039536
michael_panamacity_85_66,michael_panamacity,1,0.7264070364303578
michael_panamacity_85_67,michael_panamacity,1,0.7263392529119778
michael_panamacity_85_68,michael_panamacity,0,0.6536051513657082
michael_panamacity_85_69,michael_panamacity,1,0.6568050661010727
michael_panamacity_85_70,michael_panamacity,1,0.6612380048974537
michael_panamacity_85_71,michael_panamacity,1,0.6581060747957396
michael_panamacity_85_72,michael_panamacity,1,0.7263234884687735
michael_panamacity_85_73,michael_panamacity,1,0.7263042921126194
michael_panamacity_85_74,michael_panamacity,1,0.7262908838901683
michael_panamacity_85_75,michael_panamacity,1,0.6511275179824167
michael_panamacity_85_76,michael_panamacity,1,0.6506661387840614
michael_panamacity_85_77,michael_panamacity,1,0.6493623985998903
michael_panamacity_85_78,michael_panamacity,1,0.6486361390679278
michael_panamacity_85_79,michael_panamacity,0,0.647394918010574
michael_panamacity_85_153,michael_panamacity,0,0.7262638035701252
michael_panamacity_86_34,michael_panamacity,0,0.6473418577749332
michael_panamacity_86_35,michael_panamacity,1,0.662147769561632
michael_panamacity_86_36,michael_panamacity,1,0.6618548045406926
michael_panamacity_86_37,michael_panamacity,1,0.7263881539910981
michael_panamacity_86_38,michael_panamacity,1,0.6546370739482121
michael_panamacity_86_39,michael_panamacity,0,0.6517553160229768
michael_panamacity_86_40,michael_panamacity,0,0.6497142266918504
michael_panamacity_86_41,michael_panamacity,0,0.6504934487679271
michael_panamacity_86_42,michael_panamacity,1,0.6555674521717834
michael_panamacity_86_43,michael_panamacity,0,0.6577673954978295
michael_panamacity_86_44,michael_panamacity,0,0.6537832687485289
michael_panamacity_86_45,michael_panamacity,1,0.6514021320929655
michael_panamacity_86_46,michael_panamacity,1,0.6488867251552383
michael_panamacity_86_54,michael_panamacity,1,0.7262904773992283
michael_panamacity_86_55,michael_panamacity,1,0.7263160257471457
michael_panamacity_86_56,michael_panamacity,1,0.7262650992828369
michael_panamacity_86_57,michael_panamacity,1,0.7262783116195136
michael_panamacity_86_58,michael_panamacity,1,0.7262660283567612
michael_panamacity_86_59,michael_panamacity,1,0.7262639673889497
michael_panamacity_86_60,michael_panamacity,1,0.650114944538426
michael_panamacity_86_61,michael_panamacity,1,0.654014559574713
michael_panamacity_86_62,michael_panamacity,1,0.6537249863504836
michael_panamacity_86_63,michael_panamacity,1,0.6643963213382732
michael_panamacity_86_64,michael_panamacity,1,0.6643359542658769
michael_panamacity_86_65,michael_panamacity,1,0.6600323700611566
michael_panamacity_86_66,michael_panamacity,1,0.6588193486643905
michael_panamacity_86_67,michael_panamacity,1,0.6560746851542271
michael_panamacity_86_68,michael_panamacity,1,0.653615252430496
michael_panamacity_86_69,michael_panamacity,1,0.6523912077194642
michael_panamacity_86_70,michael_panamacity,1,0.6530368596022275
michael_panamacity_86_71,michael_panamacity,1,0.6515257599998805
michael_panamacity_86_72,michael_panamacity,1,0.6519164380658282
michael_panamacity_86_73,michael_panamacity,1,0.7263191262115506
michael_panamacity_86_74,michael_panamacity,1,0.7263283798950381
michael_panamacity_86_75,michael_panamacity,1,0.6512583928095607
michael_panamacity_86_76,michael_panamacity,1,0.6499848033699577
michael_panamacity_86_77,michael_panamacity,1,0.6500562193837695
michael_panamacity_86_78,michael_panamacity,1,0.6509573961804921
michael_panamacity_86_79,michael_panamacity,1,0.6593714416458097
michael_panamacity_86_80,michael_panamacity,1,0.6579119652942792
michael_panamacity_87_36,michael_panamacity,1,0.7263750125075422
michael_panamacity_87_37,michael_panamacity,1,0.6582201177406435
michael_panamacity_87_38,michael_panamacity,0,0.6562973983329828
michael_panamacity_87_39,michael_panamacity,0,0.6536989373955998
michael_panamacity_87_40,michael_panamacity,0,0.6507556966187937
michael_panamacity_87_41,michael_panamacity,0,0.650542791024087
michael_panamacity_87_42,michael_panamacity,0,0.6542178615510237
michael_panamacity_87_43,michael_panamacity,1,0.6605310558179219
michael_panamacity_87_44,michael_panamacity,1,0.6633140452833283
michael_panamacity_87_45,michael_panamacity,1,0.6575237214106431
michael_panamacity_87_46,michael_panamacity,1,0.6523262142535062
michael_panamacity_87_47,michael_panamacity,0,0.6502774573440666
michael_panamacity_87_48,michael_panamacity,0,0.7262659504513566
michael_panamacity_87_49,michael_panamacity,1,0.7262540689194241
michael_panamacity_87_57,michael_panamacity,1,0.7262490391053308
michael_panamacity_87_60,michael_panamacity,1,0.7262514638802465
michael_panamacity_87_61,michael_panamacity,1,0.726267288762639
michael_panamacity_87_62,michael_panamacity,1,0.6558359124035844
michael_panamacity_87_63,michael_panamacity,1,0.6733546023881074
michael_panamacity_87_64,michael_panamacity,1,0.6741956214673548
michael_panamacity_87_65,michael_panamacity,1,0.6636238237128237
michael_panamacity_87_66,michael_panamacity,1,0.6645530384043913
michael_panamacity_87_67,michael_panamacity,1,0.6644707647771045
michael_panamacity_87_68,michael_panamacity,0,0.6535441504394227
michael_panamacity_87_69,michael_panamacity,1,0.6519555259512149
michael_panamacity_87_70,michael_panamacity,1,0.6521022270901279
michael_panamacity_87_71,michael_panamacity,1,0.6513148248551763
michael_panamacity_87_72,michael_panamacity,1,0.6511090252377213
michael_panamacity_87_73,michael_panamacity,1,0.7263191969320953
michael_panamacity_87_74,michael_panamacity,1,0.6528283463374087
michael_panamacity_87_75,michael_panamacity,1,0.6525661347829546
michael_panamacity_87_76,michael_panamacity,1,0.6513093100900758
michael_panamacity_87_77,michael_panamacity,1,0.6502900719376613
michael_panamacity_87_78,michael_panamacity,1,0.6530222178502048
michael_panamacity_87_79,michael_panamacity,1,0.6625483117058578
michael_panamacity_87_80,michael_panamacity,0,0.6544267420385337
michael_panamacity_87_81,michael_panamacity,0,0.6474872319266946
michael_panamacity_87_82,michael_panamacity,1,0.6465644025468413
michael_panamacity_88_36,michael_panamacity,1,0.7262461066338394
michael_panamacity_88_37,michael_panamacity,0,0.6474656098218443
michael_panamacity_88_38,michael_panamacity,0,0.6507030809610251
michael_panamacity_88_39,michael_panamacity,0,0.6556089708246101
michael_panamacity_88_40,michael_panamacity,1,0.6567771836928632
michael_panamacity_88_41,michael_panamacity,1,0.6549160553784273
michael_panamacity_88_42,michael_panamacity,0,0.651059051754543
michael_panamacity_88_43,michael_panamacity,0,0.6565184437522523
michael_panamacity_88_44,michael_panamacity,1,0.6628340876017895
michael_panamacity_88_45,michael_panamacity,1,0.6584563470674067
michael_panamacity_88_46,michael_panamacity,0,0.6531986735087437
michael_panamacity_88_47,michael_panamacity,0,0.6507072926286075
michael_panamacity_88_48,michael_panamacity,0,0.726274966588121
michael_panamacity_88_49,michael_panamacity,0,0.7262740267778953
michael_panamacity_88_50,michael_panamacity,0,0.7262710632003158
michael_panamacity_88_51,michael_panamacity,1,0.6470711240629008
michael_panamacity_88_61,michael_panamacity,1,0.7262581718814771
michael_panamacity_88_62,michael_panamacity,1,0.6678485782573793
michael_panamacity_88_63,michael_panamacity,1,0.6735756797011792
michael_panamacity_88_64,michael_panamacity,1,0.6722145985259612
michael_panamacity_88_65,michael_panamacity,1,0.6679079926446357
michael_panamacity_88_66,michael_panamacity,1,0.6606017468440969
michael_panamacity_88_67,michael_panamacity,1,0.66329277289237
michael_panamacity_88_68,michael_panamacity,1,0.6529915070025512
michael_panamacity_88_69,michael_panamacity,1,0.6517178957781049
michael_panamacity_88_70,michael_panamacity,1,0.6526317001235877
michael_panamacity_88_71,michael_panamacity,1,0.6535812954304817
michael_panamacity_88_72,michael_panamacity,1,0.6560731617263681
michael_panamacity_88_73,michael_panamacity,1,0.7263831856314331
michael_panamacity_88_74,michael_panamacity,1,0.6564845890276427
michael_panamacity_88_75,michael_panamacity,1,0.6537502292876027
michael_panamacity_88_76,michael_panamacity,1,0.6522998583406772
michael_panamacity_88_77,michael_panamacity,1,0.64984634428948
michael_panamacity_88_78,michael_panamacity,1,0.6527746385446732
michael_panamacity_88_79,michael_panamacity,1,0.6598821722688781
michael_panamacity_88_80,michael_panamacity,1,0.6578007791367774
michael_panamacity_88_81,michael_panamacity,1,0.6506027848380384
michael_panamacity_88_82,michael_panamacity,1,0.6487569758247812
michael_panamacity_88_83,michael_panamacity,1,0.6482670156685377
michael_panamacity_88_84,michael_panamacity,1,0.6493882602787827
michael_panamacity_88_85,michael_panamacity,1,0.6486157726014651
michael_panamacity_88_86,michael_panamacity,1,0.6471948548181594
michael_panamacity_89_40,michael_panamacity,1,0.6479614550900861
michael_panamacity_89_41,michael_panamacity,1,0.6607001864106328
michael_panamacity_89_42,michael_panamacity,1,0.656956568252588
michael_panamacity_89_43,michael_panamacity,1,0.6549681273941421
michael_panamacity_89_44,michael_panamacity,1,0.6546294736341579
michael_panamacity_89_45,michael_panamacity,1,0.66333051720666
michael_panamacity_89_46,michael_panamacity,0,0.660549304121069
michael_panamacity_89_47,michael_panamacity,0,0.7262795142399323
michael_panamacity_89_48,michael_panamacity,0,0.7262774603224579
michael_panamacity_89_49,michael_panamacity,1,0.7262869717894459
michael_panamacity_89_50,michael_panamacity,0,0.650377933290274
michael_panamacity_89_51,michael_panamacity,0,0.6495865771953511
michael_panamacity_89_52,michael_panamacity,0,0.6485285380837408
michael_panamacity_89_53,michael_panamacity,0,0.6465665776044055
michael_panamacity_89_62,michael_panamacity,1,0.7262482081158524
michael_panamacity_89_64,michael_panamacity,1,0.6512500571626821
michael_panamacity_89_65,michael_panamacity,1,0.6507573092605159
michael_panamacity_89_66,michael_panamacity,1,0.6502806160158192
michael_panamacity_89_67,michael_panamacity,1,0.6501248676099204
michael_panamacity_89_68,michael_panamacity,1,0.7262742355000212
michael_panamacity_89_69,michael_panamacity,1,0.7262657909807545
michael_panamacity_89_70,michael_panamacity,1,0.726273025294966
michael_panamacity_89_71,michael_panamacity,1,0.6585088016113595
michael_panamacity_89_72,michael_panamacity,1,0.6569932777518824
michael_panamacity_89_73,michael_panamacity,1,0.6630260551098718
michael_panamacity_89_74,michael_panamacity,1,0.6583010513111957
michael_panamacity_89_75,michael_panamacity,1,0.6530394248722718
michael_panamacity_89_76,michael_panamacity,1,0.6509687415570048
michael_panamacity_89_77,michael_panamacity,1,0.650883565682582
michael_panamacity_89_78,michael_panamacity,1,0.6549094310776308
michael_panamacity_89_79,michael_panamacity,1,0.6603219418113244
michael_panamacity_89_80,michael_panamacity,1,0.6585415808146816
michael_panamacity_89_81,michael_panamacity,1,0.654290989243158
michael_panamacity_89_82,michael_panamacity,1,0.6504275668751663
michael_panamacity_89_83,michael_panamacity,1,0.6500941912455791
michael_panamacity_89_84,michael_panamacity,1,0.6498327814344559
michael_panamacity_89_85,michael_panamacity,1,0.650154952997814
michael_panamacity_89_86,michael_panamacity,1,0.6472910464599055
michael_panamacity_89_87,michael_panamacity,1,0.6466895688755421
michael_panamacity_90_41,michael_panamacity,1,0.6477486129018388
michael_panamacity_90_42,michael_panamacity,1,0.6503889210253189
michael_panamacity_90_43,michael_panamacity,1,0.6623940184157984
michael_panamacity_90_44,michael_panamacity,1,0.6665202041618177
michael_panamacity_90_45,michael_panamacity,0,0.6633452047408596
michael_panamacity_90_46,michael_panamacity,0,0.7263311886016236
michael_panamacity_90_47,michael_panamacity,0,0.7262476805297776
michael_panamacity_90_48,michael_panamacity,0,0.7262770319583547
michael_panamacity_90_49,michael_panamacity,0,0.7262932272719128
michael_panamacity_90_50,michael_panamacity,0,0.6506248621266714
michael_panamacity_90_51,michael_panamacity,0,0.6484992367682301
michael_panamacity_90_52,michael_panamacity,1,0.6474158960877612
michael_panamacity_90_53,michael_panamacity,1,0.6465848797438877
michael_panamacity_90_65,michael_panamacity,1,0.7262563572338596
michael_panamacity_90_66,michael_panamacity,1,0.7262766081518044
michael_panamacity_90_67,michael_panamacity,1,0.7262789822621561
michael_panamacity_90_68,michael_panamacity,1,0.7262713203067437
michael_panamacity_90_69,michael_panamacity,1,0.7262595095131404
michael_panamacity_90_70,michael_panamacity,1,0.7262788705919635
michael_panamacity_90_71,michael_panamacity,1,0.659095363176876
michael_panamacity_90_72,michael_panamacity,1,0.6649993637686501
michael_panamacity_90_73,michael_panamacity,0,0.6717808064587315
michael_panamacity_90_74,michael_panamacity,1,0.6583693656858141
michael_panamacity_90_75,michael_panamacity,1,0.6488633565494649
michael_panamacity_90_76,michael_panamacity,1,0.648885875659823
michael_panamacity_90_77,michael_panamacity,1,0.6498111261765771
michael_panamacity_90_78,michael_panamacity,1,0.6536733199966931
michael_panamacity_90_79,michael_panamacity,1,0.6602082218536732
michael_panamacity_90_80,michael_panamacity,1,0.7264357299942095
michael_panamacity_90_81,michael_panamacity,1,0.6550398525304301
michael_panamacity_90_82,michael_panamacity,1,0.6512246032999054
michael_panamacity_90_83,michael_panamacity,1,0.6503262078622294
michael_panamacity_90_84,michael_panamacity,1,0.6496566084377962
michael_panamacity_90_85,michael_panamacity,1,0.6484791653209395
michael_panamacity_90_86,michael_panamacity,1,0.6466769900799985
michael_panamacity_91_43,michael_panamacity,1,0.6664771629695626
michael_panamacity_91_44,michael_panamacity,1,0.6715367773752138
michael_panamacity_91_45,michael_panamacity,0,0.6629820714748272
michael_panamacity_91_46,michael_panamacity,1,0.667210995758151
michael_panamacity_91_48,michael_panamacity,1,0.7262969126255396
michael_panamacity_91_49,michael_panamacity,1,0.7263070579413026
michael_panamacity_91_50,michael_panamacity,1,0.7263095921377226
michael_panamacity_91_51,michael_panamacity,0,0.647517453393642
michael_panamacity_91_67,michael_panamacity,1,0.7262539151074799
michael_panamacity_91_68,michael_panamacity,1,0.7262599817549362
michael_panamacity_91_69,michael_panamacity,1,0.7262567216356776
michael_panamacity_91_70,michael_panamacity,1,0.7262619203195841
michael_panamacity_91_71,michael_panamacity,1,0.6567205418070498
michael_panamacity_91_72,michael_panamacity,0,0.6604791690278335
michael_panamacity_91_73,michael_panamacity,1,0.6732029758388209
michael_panamacity_91_74,michael_panamacity,0,0.6508891870635567
michael_panamacity_91_75,michael_panamacity,1,0.648114077180385
michael_panamacity_91_76,michael_panamacity,1,0.6485645803174496
michael_panamacity_91_77,michael_panamacity,1,0.6493177786451073
michael_panamacity_91_78,michael_panamacity,1,0.6537425336795617
michael_panamacity_91_79,michael_panamacity,1,0.6597735748120159
michael_panamacity_91_80,michael_panamacity,1,0.6585818488729529
michael_panamacity_91_81,michael_panamacity,1,0.6506019263824022
michael_panamacity_91_82,michael_panamacity,1,0.6495463578662752
michael_panamacity_91_83,michael_panamacity,1,0.6497015903211188
michael_panamacity_91_84,michael_panamacity,1,0.648957715978364
michael_panamacity_91_85,michael_panamacity,1,0.726263096618752
michael_panamacity_91_86,michael_panamacity,1,0.7262476296730208
michael_panamacity_92_44,michael_panamacity,1,0.653719190420995
michael_panamacity_92_45,michael_panamacity,1,0.6563949433247614
michael_panamacity_92_46,michael_panamacity,1,0.6505352656713336
michael_panamacity_92_49,michael_panamacity,1,0.7262693688687686
michael_panamacity_92_50,michael_panamacity,1,0.7262779305260953
michael_panamacity_92_51,michael_panamacity,1,0.7262489117917414
michael_panamacity_92_68,michael_panamacity,1,0.726246428038402
michael_panamacity_92_69,michael_panamacity,1,0.7262474439960842
michael_panamacity_92_72,michael_panamacity,1,0.6491650973873555
michael_panamacity_92_73,michael_panamacity,1,0.659842496468977
michael_panamacity_92_74,michael_panamacity,1,0.6480163640769833
michael_panamacity_92_75,michael_panamacity,1,0.6479530545260926
michael_panamacity_92_76,michael_panamacity,1,0.6485283714799033
michael_panamacity_92_77,michael_panamacity,1,0.6496919594731438
michael_panamacity_92_78,michael_panamacity,1,0.652885127746076
michael_panamacity_92_79,michael_panamacity,1,0.6569422745816903
michael_panamacity_92_80,michael_panamacity,1,0.656807438699495
michael_panamacity_92_81,michael_panamacity,1,0.6502084770083787
michael_panamacity_92_82,michael_panamacity,1,0.6489609217643397
michael_panamacity_92_83,michael_panamacity,1,0.6493475840538819
michael_panamacity_92_84,michael_panamacity,1,0.6489252088692385
michael_panamacity_92_85,michael_panamacity,1,0.7262566482440953
michael_panamacity_92_86,michael_panamacity,1,0.726248139964562
michael_panamacity_93_74,michael_panamacity,1,0.726249189624274
michael_panamacity_93_75,michael_panamacity,1,0.726270978904162
michael_panamacity_93_76,michael_panamacity,1,0.7262983658156076
michael_panamacity_93_77,michael_panamacity,1,0.7262941950867332
michael_panamacity_93_78,michael_panamacity,1,0.6518663229218957
michael_panamacity_93_79,michael_panamacity,1,0.6552596128754398
michael_panamacity_93_80,michael_panamacity,1,0.657228431061498
michael_panamacity_93_81,michael_panamacity,1,0.6507346221261474
michael_panamacity_93_82,michael_panamacity,1,0.7262756288224275
michael_panamacity_93_83,michael_panamacity,1,0.7262746139692491
michael_panamacity_93_84,michael_panamacity,1,0.7262714753708339
michael_panamacity_93_85,michael_panamacity,1,0.7262505185412593
michael_panamacity_94_75,michael_panamacity,1,0.7262742157077471
michael_panamacity_94_76,michael_panamacity,1,0.7262837280861123
michael_panamacity_94_77,michael_panamacity,1,0.7262686389355356
michael_panamacity_94_78,michael_panamacity,1,0.6481454688360503
michael_panamacity_94_79,michael_panamacity,1,0.6516677093911217
michael_panamacity_94_80,michael_panamacity,1,0.6532237025053
michael_panamacity_94_81,michael_panamacity,1,0.6493637327654461
michael_panamacity_94_82,michael_panamacity,1,0.7262707279126966
michael_panamacity_94_83,michael_panamacity,1,0.7262660206281366
michael_panamacity_94_84,michael_panamacity,1,0.7262485555374898
michael_panamacity_95_78,michael_panamacity,1,0.7262673261396836
michael_panamacity_95_79,michael_panamacity,1,0.7262885300895437
michael_panamacity_95_80,michael_panamacity,1,0.7262855400928582
michael_panamacity_95_81,michael_panamacity,1,0.7262666324794754
michael_panamacity_95_82,michael_panamacity,1,0.7262608746829365
michael_panamacity_95_83,michael_panamacity,1,0.7262556401871645
michael_panamacity_96_70,michael_panamacity,1,0.7262538491684628
michael_panamacity_96_71,michael_panamacity,1,0.6468238122878923
michael_panamacity_96_77,michael_panamacity,1,0.7262676990135746
michael_panamacity_96_78,michael_panamacity,1,0.7262894553585064
michael_panamacity_96_79,michael_panamacity,1,0.7262796986846533
michael_panamacity_96_80,michael_panamacity,1,0.7262625492982386
michael_panamacity_96_81,michael_panamacity,1,0.7262559363656953
michael_panamacity_96_83,michael_panamacity,1,0.7262494740632697
michael_panamacity_96_164,michael_panamacity,0,0.7262471424745459
michael_panamacity_96_165,michael_panamacity,0,0.7262531980747867
michael_panamacity_96_166,michael_panamacity,0,0.7262530689587477
michael_panamacity_97_70,michael_panamacity,1,0.7262692739827018
michael_panamacity_97_71,michael_panamacity,1,0.6486229545798945
michael_panamacity_97_77,michael_panamacity,1,0.7262788049077754
michael_panamacity_97_78,michael_panamacity,1,0.7262856936777164
michael_panamacity_97_79,michael_panamacity,1,0.7262686679911743
michael_panamacity_97_164,michael_panamacity,0,0.7262465372335062
michael_panamacity_97_165,michael_panamacity,0,0.7262591433050214
michael_panamacity_97_166,michael_panamacity,0,0.7262688065704733
michael_panamacity_97_167,michael_panamacity,0,0.7262657264382354
michael_panamacity_98_66,michael_panamacity,1,0.646555187084794
michael_panamacity_98_76,michael_panamacity,1,0.7262531453792805
michael_panamacity_98_77,michael_panamacity,1,0.7262676423406396
michael_panamacity_98_166,michael_panamacity,0,0.7262695447213506
michael_panamacity_98_167,michael_panamacity,1,0.7262727665961718
michael_panamacity_99_65,michael_panamacity,1,0.6471045566856801
michael_panamacity_99_66,michael_panamacity,1,0.6473905851598032
michael_panamacity_99_75,michael_panamacity,1,0.7262564173162086
michael_panamacity_99_76,michael_panamacity,1,0.7262714116556879
michael_panamacity_99_77,michael_panamacity,1,0.7262611277933013
michael_panamacity_99_165,michael_panamacity,1,0.7262533605536349
michael_panamacity_99_166,michael_panamacity,1,0.7262817035018194
michael_panamacity_99_167,michael_panamacity,1,0.7262771056252707
michael_panamacity_100_65,michael_panamacity,1,0.6470385320526576
michael_panamacity_100_66,michael_panamacity,1,0.6489398083744867
michael_panamacity_100_67,michael_panamacity,1,0.649841579922923
michael_panamacity_100_68,michael_panamacity,1,0.6509466776744015
michael_panamacity_100_69,michael_panamacity,1,0.6493857231964
michael_panamacity_100_75,michael_panamacity,1,0.7262465154153203
michael_panamacity_100_76,michael_panamacity,1,0.7262573302856777
michael_panamacity_100_166,michael_panamacity,0,0.7262500298817341
michael_panamacity_100_167,michael_panamacity,0,0.7262481465638037
michael_panamacity_101_67,michael_panamacity,1,0.6494686923126216
michael_panamacity_101_68,michael_panamacity,1,0.6496672447368997
michael_panamacity_101_69,michael_panamacity,1,0.6491083394612623
michael_panamacity_101_70,michael_panamacity,1,0.7262518024032969
michael_panamacity_101_74,michael_panamacity,1,0.7262522291654834
michael_panamacity_101_75,michael_panamacity,1,0.7262547519910597
michael_panamacity_102_74,michael_panamacity,1,0.7262574900829807
michael_panamacity_102_75,michael_panamacity,0,0.7262588281956753
michael_panamacity_103_74,michael_panamacity,1,0.7262533481742803
michael_panamacity_103_75,michael_panamacity,1,0.7262616478215027
michael_panamacity_104_74,michael_panamacity,1,0.7262557326072036
michael_panamacity_104_75,michael_panamacity,1,0.7262638256909011
michael_panamacity_104_76,michael_panamacity,1,0.7262743186151223
michael_panamacity_104_77,michael_panamacity,1,0.7262528623715789
michael_panamacity_104_78,michael_panamacity,1,0.7262716825096689
michael_panamacity_105_75,michael_panamacity,1,0.7262547350824043
michael_panamacity_105_76,michael_panamacity,1,0.7262948399321475
michael_panamacity_105_77,michael_panamacity,1,0.726325358868003
michael_panamacity_105_78,michael_panamacity,1,0.7263433742906508
michael_panamacity_105_79,michael_panamacity,1,0.7263069186580478
michael_panamacity_105_80,michael_panamacity,1,0.7264269565232689
michael_panamacity_105_81,michael_panamacity,1,0.7263817936281585
michael_panamacity_105_82,michael_panamacity,1,0.7262693812162493
michael_panamacity_106_75,michael_panamacity,1,0.7262598310886179
michael_panamacity_106_76,michael_panamacity,1,0.7262931088420027
michael_panamacity_106_77,michael_panamacity,1,0.7263350428216079
michael_panamacity_106_78,michael_panamacity,1,0.7263814550391904
michael_panamacity_106_79,michael_panamacity,1,0.7264791576245649
michael_panamacity_106_80,michael_panamacity,1,0.7265490607101395
michael_panamacity_106_81,michael_panamacity,1,0.7265357636192521
michael_panamacity_106_82,michael_panamacity,1,0.7264423435362467
michael_panamacity_106_83,michael_panamacity,1,0.7262568709707699
michael_panamacity_106_88,michael_panamacity,1,0.7262463674251048
michael_panamacity_107_75,michael_panamacity,1,0.7262580171668617
michael_panamacity_107_76,michael_panamacity,1,0.7263168909840136
michael_panamacity_107_77,michael_panamacity,1,0.7263084247700287
michael_panamacity_107_78,michael_panamacity,1,0.726393358484065
michael_panamacity_107_79,michael_panamacity,1,0.7265352489999934
michael_panamacity_107_80,michael_panamacity,1,0.726574883884361
michael_panamacity_107_81,michael_panamacity,1,0.7266512874505956
michael_panamacity_107_82,michael_panamacity,1,0.7266293753854222
michael_panamacity_107_83,michael_panamacity,1,0.7264396178217755
michael_panamacity_107_84,michael_panamacity,1,0.7262825278944263
michael_panamacity_107_87,michael_panamacity,1,0.726247584134506
michael_panamacity_107_88,michael_panamacity,1,0.7262518988097452
michael_panamacity_108_77,michael_panamacity,1,0.7262481976073762
michael_panamacity_108_78,michael_panamacity,1,0.7262945138351781
michael_panamacity_108_79,michael_panamacity,1,0.7263560691337233
michael_panamacity_108_80,michael_panamacity,1,0.7263852134262127
michael_panamacity_108_81,michael_panamacity,1,0.7264273989675045
michael_panamacity_108_82,michael_panamacity,1,0.726488629680614
michael_panamacity_108_83,michael_panamacity,1,0.7265322140285637
michael_panamacity_108_84,michael_panamacity,1,0.7263215641044134
michael_panamacity_108_85,michael_panamacity,1,0.7262578897123846
michael_panamacity_109_79,michael_panamacity,1,0.7262651166604027
michael_panamacity_109_80,michael_panamacity,1,0.7262607064095358
michael_panamacity_109_81,michael_panamacity,1,0.7263379679888512
michael_panamacity_109_82,michael_panamacity,1,0.7264513237357013
michael_panamacity_109_83,michael_panamacity,1,0.7264872196790388
michael_panamacity_109_84,michael_panamacity,1,0.7264177886752708
michael_panamacity_109_85,michael_panamacity,1,0.7263113697751522
michael_panamacity_110_83,michael_panamacity,1,0.7262479636022582
michael_panamacity_110_84,michael_panamacity,1,0.7263415793653095
michael_panamacity_114_104,michael_panamacity,1,0.7262670563079174
michael_panamacity_114_105,michael_panamacity,1,0.7262749361473403
michael_panamacity_114_106,michael_panamacity,1,0.7262554846988623
michael_panamacity_115_104,michael_panamacity,1,0.7262625190032995
michael_panamacity_115_105,michael_panamacity,1,0.7262708267324169
michael_panamacity_116_102,michael_panamacity,1,0.7262485430552934
michael_panamacity_117_101,michael_panamacity,1,0.7262771122000145
michael_panamacity_117_102,michael_panamacity,1,0.7263007535524056
michael_panamacity_117_103,michael_panamacity,1,0.7262778931502626
michael_panamacity_118_100,michael_panamacity,1,0.726247228394352
michael_panamacity_118_101,michael_panamacity,1,0.72627128167645
michael_panamacity_118_102,michael_panamacity,1,0.7262753686795346
michael_panamacity_118_103,michael_panamacity,1,0.7262512472732479
michael_panamacity_133_116,michael_panamacity,0,0.7262508783537268
michael_panamacity_133_117,michael_panamacity,0,0.7262521773212237
michael_panamacity_134_118,michael_panamacity,0,0.7262571398392288
michael_panamacity_134_119,michael_panamacity,1,0.726256670650679
michael_panamacity_134_120,michael_panamacity,1,0.7262602463146884
michael_panamacity_134_121,michael_panamacity,1,0.7262552191451405
michael_panamacity_134_122,michael_panamacity,1,0.7262506642664264
michael_panamacity_135_119,michael_panamacity,0,0.7262616184151495
michael_panamacity_135_120,michael_panamacity,0,0.7262706622322991
michael_panamacity_135_121,michael_panamacity,1,0.7262786119771185
michael_panamacity_135_122,michael_panamacity,1,0.7262707988547331
michael_panamacity_135_123,michael_panamacity,1,0.7262545750583066
michael_panamacity_136_120,michael_panamacity,1,0.7262606669625538
michael_panamacity_136_121,michael_panamacity,0,0.7262756424288526
michael_panamacity_136_122,michael_panamacity,1,0.7262867706065892
michael_panamacity_136_123,michael_panamacity,1,0.7262648848993333
michael_panamacity_137_121,michael_panamacity,1,0.72627725569213
michael_panamacity_137_122,michael_panamacity,1,0.7262730805392826
michael_panamacity_137_123,michael_panamacity,1,0.7262552749743174
michael_panamacity_138_123,michael_panamacity,1,0.7262464027188409
michael_panamacity_145_132,michael_panamacity,1,0.7262462848424287
earthquake_sanjuan_2_16,earthquake_sanjuan,0,0.6186971611523931
earthquake_sanjuan_2_17,earthquake_sanjuan,1,0.6215152073452685
earthquake_sanjuan_2_18,earthquake_sanjuan,1,0.6270341807381636
earthquake_sanjuan_2_19,earthquake_sanjuan,1,0.6267200686744894
earthquake_sanjuan_2_20,earthquake_sanjuan,0,0.6195255842716838
earthquake_sanjuan_2_21,earthquake_sanjuan,0,0.6199499932993288
earthquake_sanjuan_2_22,earthquake_sanjuan,1,0.6199600729070904
earthquake_sanjuan_3_16,earthquake_sanjuan,1,0.6217720335364704
earthquake_sanjuan_3_17,earthquake_sanjuan,1,0.629146350184927
earthquake_sanjuan_3_18,earthquake_sanjuan,0,0.6465109838244544
earthquake_sanjuan_3_19,earthquake_sanjuan,0,0.641217986177891
earthquake_sanjuan_3_20,earthquake_sanjuan,0,0.6366161159385183
earthquake_sanjuan_3_21,earthquake_sanjuan,0,0.6351706395490149
earthquake_sanjuan_3_22,earthquake_sanjuan,0,0.6328472943413479
earthquake_sanjuan_3_23,earthquake_sanjuan,0,0.6233384509072829
earthquake_sanjuan_3_24,earthquake_sanjuan,1,0.6253634671533493
earthquake_sanjuan_3_25,earthquake_sanjuan,0,0.6224780246949031
earthquake_sanjuan_4_0,earthquake_sanjuan,0,0.7017771962788295
earthquake_sanjuan_4_1,earthquake_sanjuan,0,0.701819039062819
earthquake_sanjuan_4_2,earthquake_sanjuan,0,0.7018143009495035
earthquake_sanjuan_4_3,earthquake_sanjuan,0,0.7017781294584131
earthquake_sanjuan_4_12,earthquake_sanjuan,0,0.6189564152302016
earthquake_sanjuan_4_13,earthquake_sanjuan,0,0.6187771991122749
earthquake_sanjuan_4_17,earthquake_sanjuan,1,0.63162479843272
earthquake_sanjuan_4_18,earthquake_sanjuan,0,0.6515698491079702
earthquake_sanjuan_4_19,earthquake_sanjuan,0,0.6580609690589924
earthquake_sanjuan_4_20,earthquake_sanjuan,1,0.6509647810608844
earthquake_sanjuan_4_21,earthquake_sanjuan,1,0.6447181390720016
earthquake_sanjuan_4_22,earthquake_sanjuan,1,0.6429658550034039
earthquake_sanjuan_4_23,earthquake_sanjuan,1,0.6374030583648194
earthquake_sanjuan_4_24,earthquake_sanjuan,0,0.6358182133950239
earthquake_sanjuan_4_25,earthquake_sanjuan,0,0.6280235392690824
earthquake_sanjuan_4_26,earthquake_sanjuan,0,0.6207455420999614
earthquake_sanjuan_4_27,earthquake_sanjuan,1,0.6224059561331067
earthquake_sanjuan_4_28,earthquake_sanjuan,0,0.6188383072508102
earthquake_sanjuan_5_1,earthquake_sanjuan,1,0.701794641775402
earthquake_sanjuan_5_2,earthquake_sanjuan,1,0.7018677375177415
earthquake_sanjuan_5_3,earthquake_sanjuan,1,0.7018773212089922
earthquake_sanjuan_5_4,earthquake_sanjuan,0,0.7018447351732847
earthquake_sanjuan_5_5,earthquake_sanjuan,1,0.7018134349384382
earthquake_sanjuan_5_9,earthquake_sanjuan,0,0.7017727779576267
earthquake_sanjuan_5_10,earthquake_sanjuan,0,0.6199516180438586
earthquake_sanjuan_5_11,earthquake_sanjuan,1,0.6430977950446474
earthquake_sanjuan_5_12,earthquake_sanjuan,0,0.6335456735363718
earthquake_sanjuan_5_13,earthquake_sanjuan,0,0.6253097416862913
earthquake_sanjuan_5_14,earthquake_sanjuan,0,0.6195141818250911
earthquake_sanjuan_5_15,earthquake_sanjuan,0,0.6190086531195879
earthquake_sanjuan_5_17,earthquake_sanjuan,0,0.6190405709662807
earthquake_sanjuan_5_18,earthquake_sanjuan,1,0.6231297886718727
earthquake_sanjuan_5_19,earthquake_sanjuan,0,0.6205367482091046
earthquake_sanjuan_5_20,earthquake_sanjuan,0,0.6217671096172281
earthquake_sanjuan_5_21,earthquake_sanjuan,1,0.627975793368189
earthquake_sanjuan_5_22,earthquake_sanjuan,0,0.6344890303198452
earthquake_sanjuan_5_23,earthquake_sanjuan,1,0.6406100465863744
earthquake_sanjuan_5_24,earthquake_sanjuan,1,0.6461069750472391
earthquake_sanjuan_5_25,earthquake_sanjuan,1,0.6480287796470258
earthquake_sanjuan_5_26,earthquake_sanjuan,1,0.6467123397794153
earthquake_sanjuan_5_27,earthquake_sanjuan,0,0.6465578720709525
earthquake_sanjuan_5_28,earthquake_sanjuan,0,0.6535692770576741
earthquake_sanjuan_5_29,earthquake_sanjuan,1,0.6542260569328852
earthquake_sanjuan_5_30,earthquake_sanjuan,1,0.6468214453704669
earthquake_sanjuan_5_31,earthquake_sanjuan,0,0.631185497472187
earthquake_sanjuan_5_32,earthquake_sanjuan,0,0.6329026382934863
earthquake_sanjuan_5_33,earthquake_sanjuan,0,0.6220325011322333
earthquake_sanjuan_5_34,earthquake_sanjuan,0,0.6211636300167056
earthquake_sanjuan_5_35,earthquake_sanjuan,0,0.6219813480421945
earthquake_sanjuan_5_36,earthquake_sanjuan,0,0.6190934933564752
earthquake_sanjuan_5_37,earthquake_sanjuan,1,0.6186969458212991
earthquake_sanjuan_5_45,earthquake_sanjuan,1,0.7018107573073502
earthquake_sanjuan_5_46,earthquake_sanjuan,0,0.620143123848488
earthquake_sanjuan_5_47,earthquake_sanjuan,0,0.6234965049303242
earthquake_sanjuan_5_48,earthquake_sanjuan,0,0.622129398526913
earthquake_sanjuan_5_49,earthquake_sanjuan,0,0.6191156640129211
earthquake_sanjuan_6_1,earthquake_sanjuan,0,0.7018010321171896
earthquake_sanjuan_6_2,earthquake_sanjuan,1,0.7018813743626415
earthquake_sanjuan_6_3,earthquake_sanjuan,1,0.7019183150792039
earthquake_sanjuan_6_4,earthquake_sanjuan,1,0.7019128394929045
earthquake_sanjuan_6_5,earthquake_sanjuan,1,0.7018842599799373
earthquake_sanjuan_6_6,earthquake_sanjuan,0,0.7018219976055934
earthquake_sanjuan_6_7,earthquake_sanjuan,0,0.7018195719456483
earthquake_sanjuan_6_8,earthquake_sanjuan,0,0.7017915670763023
earthquake_sanjuan_6_9,earthquake_sanjuan,0,0.7017972729021557
earthquake_sanjuan_6_10,earthquake_sanjuan,0,0.6242480428715492
earthquake_sanjuan_6_11,earthquake_sanjuan,1,0.6434219311757823
earthquake_sanjuan_6_12,earthquake_sanjuan,1,0.6414944536842053
earthquake_sanjuan_6_13,earthquake_sanjuan,0,0.6286799598620972
earthquake_sanjuan_6_14,earthquake_sanjuan,0,0.6206879853532301
earthquake_sanjuan_6_15,earthquake_sanjuan,0,0.6196535831707325
earthquake_sanjuan_6_20,earthquake_sanjuan,0,0.6200575412781568
earthquake_sanjuan_6_21,earthquake_sanjuan,0,0.6306805437442589
earthquake_sanjuan_6_22,earthquake_sanjuan,0,0.6418523538717233
earthquake_sanjuan_6_23,earthquake_sanjuan,1,0.6411666819277055
earthquake_sanjuan_6_24,earthquake_sanjuan,1,0.6427664959610014
earthquake_sanjuan_6_25,earthquake_sanjuan,1,0.6487208365370541
earthquake_sanjuan_6_26,earthquake_sanjuan,0,0.6494843335012087
earthquake_sanjuan_6_27,earthquake_sanjuan,0,0.6552908566663492
earthquake_sanjuan_6_28,earthquake_sanjuan,0,0.6613509926504764
earthquake_sanjuan_6_29,earthquake_sanjuan,1,0.6633062549259001
earthquake_sanjuan_6_30,earthquake_sanjuan,1,0.6628018406852895
earthquake_sanjuan_6_31,earthquake_sanjuan,1,0.658088407830654
earthquake_sanjuan_6_32,earthquake_sanjuan,1,0.6558853320212785
earthquake_sanjuan_6_33,earthquake_sanjuan,1,0.6535537686783165
earthquake_sanjuan_6_34,earthquake_sanjuan,1,0.6554432095310483
earthquake_sanjuan_6_35,earthquake_sanjuan,1,0.6449523929750433
earthquake_sanjuan_6_36,earthquake_sanjuan,0,0.6229097407712414
earthquake_sanjuan_6_37,earthquake_sanjuan,1,0.6222828727122776
earthquake_sanjuan_6_38,earthquake_sanjuan,1,0.6186692917772241
earthquake_sanjuan_6_44,earthquake_sanjuan,0,0.6190134805802371
earthquake_sanjuan_6_45,earthquake_sanjuan,1,0.6229266887167315
earthquake_sanjuan_6_46,earthquake_sanjuan,0,0.6226609500737498
earthquake_sanjuan_6_47,earthquake_sanjuan,0,0.6212045617000352
earthquake_sanjuan_6_48,earthquake_sanjuan,1,0.6213403256070071
earthquake_sanjuan_6_49,earthquake_sanjuan,0,0.6191117060134528
earthquake_sanjuan_6_50,earthquake_sanjuan,1,0.6188051866403962
earthquake_sanjuan_6_53,earthquake_sanjuan,1,0.7017785173771418
earthquake_sanjuan_7_1,earthquake_sanjuan,0,0.7017932543880798
earthquake_sanjuan_7_2,earthquake_sanjuan,0,0.7018498331534826
earthquake_sanjuan_7_3,earthquake_sanjuan,1,0.7019041761297551
earthquake_sanjuan_7_4,earthquake_sanjuan,1,0.7019495444918513
earthquake_sanjuan_7_5,earthquake_sanjuan,0,0.7019682562532488
earthquake_sanjuan_7_6,earthquake_sanjuan,0,0.701939189339559
earthquake_sanjuan_7_7,earthquake_sanjuan,1,0.701891450429958
earthquake_sanjuan_7_8,earthquake_sanjuan,1,0.7018447315387619
earthquake_sanjuan_7_9,earthquake_sanjuan,0,0.7018151333019257
earthquake_sanjuan_7_10,earthquake_sanjuan,0,0.6232560866662341
earthquake_sanjuan_7_11,earthquake_sanjuan,0,0.6286603264615094
earthquake_sanjuan_7_12,earthquake_sanjuan,0,0.6290888342644921
earthquake_sanjuan_7_13,earthquake_sanjuan,0,0.6229471409901474
earthquake_sanjuan_7_14,earthquake_sanjuan,0,0.6226804475470591
earthquake_sanjuan_7_15,earthquake_sanjuan,0,0.6195784330617824
earthquake_sanjuan_7_16,earthquake_sanjuan,0,0.6191990909354604
earthquake_sanjuan_7_17,earthquake_sanjuan,0,0.6200488557605652
earthquake_sanjuan_7_18,earthquake_sanjuan,0,0.621864127080205
earthquake_sanjuan_7_19,earthquake_sanjuan,0,0.6197629485531456
earthquake_sanjuan_7_20,earthquake_sanjuan,0,0.6192757817461823
earthquake_sanjuan_7_21,earthquake_sanjuan,0,0.6236761887477421
earthquake_sanjuan_7_22,earthquake_sanjuan,1,0.6367459487074658
earthquake_sanjuan_7_23,earthquake_sanjuan,0,0.6290220255633328
earthquake_sanjuan_7_24,earthquake_sanjuan,0,0.6277911605123736
earthquake_sanjuan_7_25,earthquake_sanjuan,0,0.635151592511037
earthquake_sanjuan_7_26,earthquake_sanjuan,1,0.6480183351313684
earthquake_sanjuan_7_27,earthquake_sanjuan,1,0.6600313114303925
earthquake_sanjuan_7_28,earthquake_sanjuan,0,0.6657087714637565
earthquake_sanjuan_7_29,earthquake_sanjuan,0,0.6674258807960777
earthquake_sanjuan_7_30,earthquake_sanjuan,0,0.6617034601940076
earthquake_sanjuan_7_31,earthquake_sanjuan,0,0.6560351625413581
earthquake_sanjuan_7_32,earthquake_sanjuan,1,0.6642412428073453
earthquake_sanjuan_7_33,earthquake_sanjuan,0,0.666420280431208
earthquake_sanjuan_7_34,earthquake_sanjuan,1,0.6647170864462577
earthquake_sanjuan_7_35,earthquake_sanjuan,1,0.6590667261392468
earthquake_sanjuan_7_36,earthquake_sanjuan,0,0.6380180370289086
earthquake_sanjuan_7_37,earthquake_sanjuan,1,0.6360646919068812
earthquake_sanjuan_7_38,earthquake_sanjuan,0,0.6258403574536204
earthquake_sanjuan_7_39,earthquake_sanjuan,1,0.630802869622941
earthquake_sanjuan_7_40,earthquake_sanjuan,1,0.633569351578449
earthquake_sanjuan_7_41,earthquake_sanjuan,1,0.6248327177562311
earthquake_sanjuan_7_42,earthquake_sanjuan,0,0.6201093364632175
earthquake_sanjuan_7_43,earthquake_sanjuan,0,0.6202228676994345
earthquake_sanjuan_7_44,earthquake_sanjuan,0,0.6210388186643413
earthquake_sanjuan_7_45,earthquake_sanjuan,1,0.6254691977199172
earthquake_sanjuan_7_46,earthquake_sanjuan,1,0.6250090958753253
earthquake_sanjuan_7_47,earthquake_sanjuan,1,0.6247001443681194
earthquake_sanjuan_7_48,earthquake_sanjuan,0,0.6191467748747888
earthquake_sanjuan_7_52,earthquake_sanjuan,0,0.7017749662266088
earthquake_sanjuan_7_53,earthquake_sanjuan,1,0.7017859576179899
earthquake_sanjuan_7_54,earthquake_sanjuan,0,0.7017774019424778
earthquake_sanjuan_8_0,earthquake_sanjuan,0,0.6187206217208543
earthquake_sanjuan_8_1,earthquake_sanjuan,0,0.620163854138188
earthquake_sanjuan_8_2,earthquake_sanjuan,1,0.6277115819573039
earthquake_sanjuan_8_3,earthquake_sanjuan,1,0.6304242866231632
earthquake_sanjuan_8_4,earthquake_sanjuan,1,0.7019530803497291
earthquake_sanjuan_8_5,earthquake_sanjuan,0,0.702002010143935
earthquake_sanjuan_8_6,earthquake_sanjuan,1,0.7019932941520245
earthquake_sanjuan_8_7,earthquake_sanjuan,1,0.7019382387947783
earthquake_sanjuan_8_8,earthquake_sanjuan,1,0.7019127442798414
earthquake_sanjuan_8_9,earthquake_sanjuan,0,0.6216788476174849
earthquake_sanjuan_8_10,earthquake_sanjuan,0,0.6239815311770012
earthquake_sanjuan_8_11,earthquake_sanjuan,1,0.6257628101741819
earthquake_sanjuan_8_12,earthquake_sanjuan,0,0.6207728534511595
earthquake_sanjuan_8_13,earthquake_sanjuan,0,0.6212698169520662
earthquake_sanjuan_8_14,earthquake_sanjuan,0,0.6233566502138049
earthquake_sanjuan_8_15,earthquake_sanjuan,1,0.6285913400401202
earthquake_sanjuan_8_16,earthquake_sanjuan,0,0.6302103030293438
earthquake_sanjuan_8_17,earthquake_sanjuan,0,0.6328109822527411
earthquake_sanjuan_8_18,earthquake_sanjuan,0,0.6336111483247876
earthquake_sanjuan_8_19,earthquake_sanjuan,0,0.6272000411190867
earthquake_sanjuan_8_20,earthquake_sanjuan,0,0.7017962528965391
earthquake_sanjuan_8_21,earthquake_sanjuan,0,0.6193999081454307
earthquake_sanjuan_8_22,earthquake_sanjuan,0,0.6188535680468153
earthquake_sanjuan_8_23,earthquake_sanjuan,0,0.6219517675686032
earthquake_sanjuan_8_24,earthquake_sanjuan,0,0.6230837921022288
earthquake_sanjuan_8_25,earthquake_sanjuan,1,0.6301312773670608
earthquake_sanjuan_8_26,earthquake_sanjuan,1,0.6397315202808288
earthquake_sanjuan_8_27,earthquake_sanjuan,1,0.6480320527323633
earthquake_sanjuan_8_28,earthquake_sanjuan,0,0.6579994890402128
earthquake_sanjuan_8_29,earthquake_sanjuan,1,0.6668500619166886
earthquake_sanjuan_8_30,earthquake_sanjuan,0,0.658956551423623
earthquake_sanjuan_8_31,earthquake_sanjuan,1,0.652767409594469
earthquake_sanjuan_8_32,earthquake_sanjuan,0,0.6500524424376277
earthquake_sanjuan_8_33,earthquake_sanjuan,0,0.6456514264649709
earthquake_sanjuan_8_34,earthquake_sanjuan,0,0.6421086659582014
earthquake_sanjuan_8_35,earthquake_sanjuan,0,0.6341074517449768
earthquake_sanjuan_8_36,earthquake_sanjuan,0,0.6322461803028481
earthquake_sanjuan_8_37,earthquake_sanjuan,1,0.6432059728444641
earthquake_sanjuan_8_38,earthquake_sanjuan,1,0.6491025121452603
earthquake_sanjuan_8_39,earthquake_sanjuan,1,0.6514385942196544
earthquake_sanjuan_8_40,earthquake_sanjuan,1,0.6526151886325996
earthquake_sanjuan_8_41,earthquake_sanjuan,1,0.6368145838396014
earthquake_sanjuan_8_42,earthquake_sanjuan,0,0.6319911959366951
earthquake_sanjuan_8_43,earthquake_sanjuan,1,0.6427713878140627
earthquake_sanjuan_8_44,earthquake_sanjuan,0,0.6372173612046669
earthquake_sanjuan_8_45,earthquake_sanjuan,1,0.6452266020875314
earthquake_sanjuan_8_46,earthquake_sanjuan,0,0.6288825509858914
earthquake_sanjuan_8_47,earthquake_sanjuan,1,0.6268771812826549
earthquake_sanjuan_8_48,earthquake_sanjuan,0,0.6187828745982729
earthquake_sanjuan_9_0,earthquake_sanjuan,1,0.6220709371466352
earthquake_sanjuan_9_1,earthquake_sanjuan,1,0.624312892831987
earthquake_sanjuan_9_2,earthquake_sanjuan,1,0.6296359065870986
earthquake_sanjuan_9_3,earthquake_sanjuan,1,0.6325076481466892
earthquake_sanjuan_9_4,earthquake_sanjuan,1,0.7019875023688101
earthquake_sanjuan_9_5,earthquake_sanjuan,1,0.7020211391354222
earthquake_sanjuan_9_6,earthquake_sanjuan,1,0.7019970487306577
earthquake_sanjuan_9_7,earthquake_sanjuan,1,0.7020154030275337
earthquake_sanjuan_9_8,earthquake_sanjuan,0,0.7019928898038911
earthquake_sanjuan_9_9,earthquake_sanjuan,0,0.6254091948476326
earthquake_sanjuan_9_10,earthquake_sanjuan,0,0.6253599717590634
earthquake_sanjuan_9_11,earthquake_sanjuan,0,0.6274589421104829
earthquake_sanjuan_9_12,earthquake_sanjuan,0,0.6249079403898234
earthquake_sanjuan_9_13,earthquake_sanjuan,0,0.7018128488143018
earthquake_sanjuan_9_14,earthquake_sanjuan,1,0.6262935947431739
earthquake_sanjuan_9_15,earthquake_sanjuan,1,0.6384705079250987
earthquake_sanjuan_9_16,earthquake_sanjuan,1,0.6410541509444788
earthquake_sanjuan_9_17,earthquake_sanjuan,1,0.6444053856472535
earthquake_sanjuan_9_18,earthquake_sanjuan,0,0.6389237653758378
earthquake_sanjuan_9_19,earthquake_sanjuan,0,0.6327414433402665
earthquake_sanjuan_9_20,earthquake_sanjuan,0,0.6218582916101502
earthquake_sanjuan_9_21,earthquake_sanjuan,0,0.6199362716869351
earthquake_sanjuan_9_22,earthquake_sanjuan,0,0.7017736205116604
earthquake_sanjuan_9_23,earthquake_sanjuan,0,0.7018847115158166
earthquake_sanjuan_9_24,earthquake_sanjuan,0,0.6269737791092
earthquake_sanjuan_9_25,earthquake_sanjuan,0,0.6271992077212277
earthquake_sanjuan_9_26,earthquake_sanjuan,0,0.6247214241573029
earthquake_sanjuan_9_27,earthquake_sanjuan,0,0.6258478779620725
earthquake_sanjuan_9_28,earthquake_sanjuan,0,0.6296303092254635
earthquake_sanjuan_9_29,earthquake_sanjuan,0,0.6435959135803293
earthquake_sanjuan_9_30,earthquake_sanjuan,0,0.6468146498478207
earthquake_sanjuan_9_31,earthquake_sanjuan,1,0.6517612430094235
earthquake_sanjuan_9_32,earthquake_sanjuan,1,0.6471574208652606
earthquake_sanjuan_9_33,earthquake_sanjuan,1,0.6408591377189967
earthquake_sanjuan_9_34,earthquake_sanjuan,1,0.640841425973267
earthquake_sanjuan_9_35,earthquake_sanjuan,0,0.6343408899321954
earthquake_sanjuan_9_36,earthquake_sanjuan,0,0.6249269321758196
earthquake_sanjuan_9_37,earthquake_sanjuan,0,0.6331333274502081
earthquake_sanjuan_9_38,earthquake_sanjuan,0,0.638696917561933
earthquake_sanjuan_9_39,earthquake_sanjuan,0,0.6479648584363117
earthquake_sanjuan_9_40,earthquake_sanjuan,1,0.6505564385224261
earthquake_sanjuan_9_41,earthquake_sanjuan,1,0.6387273476299589
earthquake_sanjuan_9_42,earthquake_sanjuan,1,0.6564991879134018
earthquake_sanjuan_9_43,earthquake_sanjuan,1,0.6793663793300653
earthquake_sanjuan_9_44,earthquake_sanjuan,1,0.6726219812569789
earthquake_sanjuan_9_45,earthquake_sanjuan,1,0.6594006162386643
earthquake_sanjuan_9_46,earthquake_sanjuan,0,0.6374961185646696
earthquake_sanjuan_9_47,earthquake_sanjuan,1,0.6313900089155787
earthquake_sanjuan_9_48,earthquake_sanjuan,0,0.6223181598864027
earthquake_sanjuan_9_49,earthquake_sanjuan,1,0.6230669214548409
earthquake_sanjuan_10_0,earthquake_sanjuan,0,0.6205429236516704
earthquake_sanjuan_10_1,earthquake_sanjuan,1,0.6252207800564942
earthquake_sanjuan_10_2,earthquake_sanjuan,1,0.6277660174133975
earthquake_sanjuan_10_3,earthquake_sanjuan,1,0.6308552735060453
earthquake_sanjuan_10_4,earthquake_sanjuan,1,0.701969832632984
earthquake_sanjuan_10_5,earthquake_sanjuan,1,0.7020038387892524
earthquake_sanjuan_10_6,earthquake_sanjuan,1,0.7019835474997433
earthquake_sanjuan_10_7,earthquake_sanjuan,1,0.7020174566764626
earthquake_sanjuan_10_8,earthquake_sanjuan,1,0.6372563652668115
earthquake_sanjuan_10_9,earthquake_sanjuan,0,0.6289750696061313
earthquake_sanjuan_10_10,earthquake_sanjuan,0,0.6332709353761214
earthquake_sanjuan_10_11,earthquake_sanjuan,0,0.6334977285244937
earthquake_sanjuan_10_12,earthquake_sanjuan,0,0.6304932742922011
earthquake_sanjuan_10_13,earthquake_sanjuan,0,0.626951935249671
earthquake_sanjuan_10_14,earthquake_sanjuan,0,0.6286599212397304
earthquake_sanjuan_10_15,earthquake_sanjuan,1,0.6384168978583661
earthquake_sanjuan_10_16,earthquake_sanjuan,1,0.6385318679472471
earthquake_sanjuan_10_17,earthquake_sanjuan,0,0.6358673730133354
earthquake_sanjuan_10_18,earthquake_sanjuan,1,0.6385628807804463
earthquake_sanjuan_10_19,earthquake_sanjuan,0,0.6349719832156568
earthquake_sanjuan_10_20,earthquake_sanjuan,0,0.6299836930778121
earthquake_sanjuan_10_21,earthquake_sanjuan,0,0.6256801978491262
earthquake_sanjuan_10_22,earthquake_sanjuan,0,0.6300197284310556
earthquake_sanjuan_10_23,earthquake_sanjuan,1,0.6398635542456471
earthquake_sanjuan_10_24,earthquake_sanjuan,1,0.644802837148228
earthquake_sanjuan_10_25,earthquake_sanjuan,1,0.6367833652418247
earthquake_sanjuan_10_26,earthquake_sanjuan,0,0.6254851143714539
earthquake_sanjuan_10_27,earthquake_sanjuan,0,0.6233250261426289
earthquake_sanjuan_10_28,earthquake_sanjuan,1,0.628935033545702
earthquake_sanjuan_10_29,earthquake_sanjuan,0,0.6299963861827641
earthquake_sanjuan_10_30,earthquake_sanjuan,0,0.6383291828297595
earthquake_sanjuan_10_31,earthquake_sanjuan,1,0.6463961020693336
earthquake_sanjuan_10_32,earthquake_sanjuan,1,0.643325470639297
earthquake_sanjuan_10_33,earthquake_sanjuan,1,0.6402675254042962
earthquake_sanjuan_10_34,earthquake_sanjuan,1,0.644095691798104
earthquake_sanjuan_10_35,earthquake_sanjuan,1,0.6457279915400551
earthquake_sanjuan_10_36,earthquake_sanjuan,1,0.6355357017474859
earthquake_sanjuan_10_37,earthquake_sanjuan,0,0.62396093929328
earthquake_sanjuan_10_38,earthquake_sanjuan,0,0.6235720423187169
earthquake_sanjuan_10_39,earthquake_sanjuan,1,0.6324152631918394
earthquake_sanjuan_10_40,earthquake_sanjuan,0,0.6362112797177785
earthquake_sanjuan_10_41,earthquake_sanjuan,0,0.6437246977316241
earthquake_sanjuan_10_42,earthquake_sanjuan,0,0.6598151044761918
earthquake_sanjuan_10_43,earthquake_sanjuan,1,0.671770838563027
earthquake_sanjuan_10_44,earthquake_sanjuan,1,0.6643749293463884
earthquake_sanjuan_10_45,earthquake_sanjuan,1,0.652749224185461
earthquake_sanjuan_10_46,earthquake_sanjuan,0,0.6383953271757372
earthquake_sanjuan_10_47,earthquake_sanjuan,1,0.6357744028679898
earthquake_sanjuan_10_48,earthquake_sanjuan,0,0.625307472551209
earthquake_sanjuan_10_49,earthquake_sanjuan,1,0.6261667329088806
earthquake_sanjuan_10_50,earthquake_sanjuan,0,0.7018030270824218
earthquake_sanjuan_11_0,earthquake_sanjuan,0,0.6189985242654071
earthquake_sanjuan_11_1,earthquake_sanjuan,0,0.6202733182711582
earthquake_sanjuan_11_2,earthquake_sanjuan,1,0.6261302153062872
earthquake_sanjuan_11_3,earthquake_sanjuan,1,0.6308875536102821
earthquake_sanjuan_11_4,earthquake_sanjuan,1,0.7019193763627217
earthquake_sanjuan_11_5,earthquake_sanjuan,1,0.7019312705224927
earthquake_sanjuan_11_6,earthquake_sanjuan,1,0.7019277693337177
earthquake_sanjuan_11_7,earthquake_sanjuan,1,0.7019652091381331
earthquake_sanjuan_11_8,earthquake_sanjuan,1,0.7019409645646191
earthquake_sanjuan_11_9,earthquake_sanjuan,0,0.629309776985069
earthquake_sanjuan_11_10,earthquake_sanjuan,0,0.6388783959790483
earthquake_sanjuan_11_11,earthquake_sanjuan,0,0.6409188731873628
earthquake_sanjuan_11_12,earthquake_sanjuan,0,0.6391123535389264
earthquake_sanjuan_11_13,earthquake_sanjuan,0,0.6356355772162798
earthquake_sanjuan_11_14,earthquake_sanjuan,1,0.6346505195220532
earthquake_sanjuan_11_15,earthquake_sanjuan,1,0.6271783364066786
earthquake_sanjuan_11_16,earthquake_sanjuan,0,0.6244599217422242
earthquake_sanjuan_11_17,earthquake_sanjuan,0,0.6322545551698129
earthquake_sanjuan_11_18,earthquake_sanjuan,1,0.6391230363261521
earthquake_sanjuan_11_19,earthquake_sanjuan,1,0.6406571805809064
earthquake_sanjuan_11_20,earthquake_sanjuan,0,0.6353355569710205
earthquake_sanjuan_11_21,earthquake_sanjuan,0,0.6482134188353892
earthquake_sanjuan_11_22,earthquake_sanjuan,0,0.6529446621962701
earthquake_sanjuan_11_23,earthquake_sanjuan,1,0.646561316816693
earthquake_sanjuan_11_24,earthquake_sanjuan,1,0.6453622212714005
earthquake_sanjuan_11_25,earthquake_sanjuan,1,0.6378355629350546
earthquake_sanjuan_11_26,earthquake_sanjuan,0,0.6278683007185226
earthquake_sanjuan_11_27,earthquake_sanjuan,0,0.630710132011458
earthquake_sanjuan_11_28,earthquake_sanjuan,0,0.6407747885143397
earthquake_sanjuan_11_29,earthquake_sanjuan,1,0.6393180499005006
earthquake_sanjuan_11_30,earthquake_sanjuan,1,0.6436459012703281
earthquake_sanjuan_11_31,earthquake_sanjuan,1,0.6509547167945214
earthquake_sanjuan_11_32,earthquake_sanjuan,1,0.6462494357307886
earthquake_sanjuan_11_33,earthquake_sanjuan,0,0.637327303417984
earthquake_sanjuan_11_34,earthquake_sanjuan,0,0.6372753974981948
earthquake_sanjuan_11_35,earthquake_sanjuan,0,0.638563022290422
earthquake_sanjuan_11_36,earthquake_sanjuan,1,0.6383698835099522
earthquake_sanjuan_11_37,earthquake_sanjuan,0,0.7017955258568547
earthquake_sanjuan_11_38,earthquake_sanjuan,0,0.620856698327508
earthquake_sanjuan_11_39,earthquake_sanjuan,0,0.6260364463019392
earthquake_sanjuan_11_40,earthquake_sanjuan,0,0.6477507664173007
earthquake_sanjuan_11_41,earthquake_sanjuan,0,0.6556123743390161
earthquake_sanjuan_11_42,earthquake_sanjuan,1,0.6472495567495692
earthquake_sanjuan_11_43,earthquake_sanjuan,1,0.6469658611821634
earthquake_sanjuan_11_44,earthquake_sanjuan,1,0.6499407669045462
earthquake_sanjuan_11_45,earthquake_sanjuan,1,0.6422479286864738
earthquake_sanjuan_11_46,earthquake_sanjuan,1,0.6428558029883108
earthquake_sanjuan_11_47,earthquake_sanjuan,1,0.6362135104941431
earthquake_sanjuan_11_48,earthquake_sanjuan,0,0.6289235881112147
earthquake_sanjuan_11_49,earthquake_sanjuan,1,0.7019396317127379
earthquake_sanjuan_11_50,earthquake_sanjuan,1,0.7019030558244636
earthquake_sanjuan_11_51,earthquake_sanjuan,1,0.701862712946109
earthquake_sanjuan_11_52,earthquake_sanjuan,0,0.7017716992614136
earthquake_sanjuan_12_0,earthquake_sanjuan,0,0.7017745620633024
earthquake_sanjuan_12_1,earthquake_sanjuan,0,0.7017945138071968
earthquake_sanjuan_12_2,earthquake_sanjuan,0,0.7018263544508486
earthquake_sanjuan_12_3,earthquake_sanjuan,0,0.7018650628671045
earthquake_sanjuan_12_4,earthquake_sanjuan,1,0.7018717552269862
earthquake_sanjuan_12_5,earthquake_sanjuan,1,0.7018838670988934
earthquake_sanjuan_12_6,earthquake_sanjuan,1,0.7018935222793298
earthquake_sanjuan_12_7,earthquake_sanjuan,1,0.7019542716556283
earthquake_sanjuan_12_8,earthquake_sanjuan,0,0.7019412405462092
earthquake_sanjuan_12_9,earthquake_sanjuan,0,0.7019107415845279
earthquake_sanjuan_12_10,earthquake_sanjuan,1,0.7020548733234678
earthquake_sanjuan_12_11,earthquake_sanjuan,1,0.6492625209443837
earthquake_sanjuan_12_12,earthquake_sanjuan,0,0.6464288663584769
earthquake_sanjuan_12_13,earthquake_sanjuan,0,0.6471754336280212
earthquake_sanjuan_12_14,earthquake_sanjuan,0,0.640733832301672
earthquake_sanjuan_12_15,earthquake_sanjuan,0,0.6241074685592461
earthquake_sanjuan_12_16,earthquake_sanjuan,0,0.7018259988786623
earthquake_sanjuan_12_17,earthquake_sanjuan,0,0.6302829190175807
earthquake_sanjuan_12_18,earthquake_sanjuan,1,0.6424850304413762
earthquake_sanjuan_12_19,earthquake_sanjuan,1,0.649099363372948
earthquake_sanjuan_12_20,earthquake_sanjuan,1,0.6537142185871359
earthquake_sanjuan_12_21,earthquake_sanjuan,0,0.6604743930560739
earthquake_sanjuan_12_22,earthquake_sanjuan,0,0.6573944475986695
earthquake_sanjuan_12_23,earthquake_sanjuan,1,0.6484453848060378
earthquake_sanjuan_12_24,earthquake_sanjuan,0,0.6311320924018544
earthquake_sanjuan_12_25,earthquake_sanjuan,0,0.6274415296517898
earthquake_sanjuan_12_26,earthquake_sanjuan,1,0.6410026073640661
earthquake_sanjuan_12_27,earthquake_sanjuan,0,0.6480318798751926
earthquake_sanjuan_12_28,earthquake_sanjuan,1,0.6599573503599448
earthquake_sanjuan_12_29,earthquake_sanjuan,0,0.6608981640393495
earthquake_sanjuan_12_30,earthquake_sanjuan,0,0.6622882964700079
earthquake_sanjuan_12_31,earthquake_sanjuan,0,0.6659408131166162
earthquake_sanjuan_12_32,earthquake_sanjuan,0,0.6554122799654368
earthquake_sanjuan_12_33,earthquake_sanjuan,0,0.6421108475162761
earthquake_sanjuan_12_34,earthquake_sanjuan,0,0.6368656415461756
earthquake_sanjuan_12_35,earthquake_sanjuan,0,0.6338886047113163
earthquake_sanjuan_12_36,earthquake_sanjuan,0,0.6251893460306952
earthquake_sanjuan_12_37,earthquake_sanjuan,0,0.7017941499955302
earthquake_sanjuan_12_38,earthquake_sanjuan,0,0.701787329931501
earthquake_sanjuan_12_39,earthquake_sanjuan,0,0.621295357309214
earthquake_sanjuan_12_40,earthquake_sanjuan,0,0.6292189777569299
earthquake_sanjuan_12_41,earthquake_sanjuan,1,0.6425456502626364
earthquake_sanjuan_12_42,earthquake_sanjuan,1,0.634817481689651
earthquake_sanjuan_12_43,earthquake_sanjuan,1,0.6360907772164865
earthquake_sanjuan_12_44,earthquake_sanjuan,1,0.6350368796186889
earthquake_sanjuan_12_45,earthquake_sanjuan,1,0.6375643001861281
earthquake_sanjuan_12_46,earthquake_sanjuan,1,0.6394538642470251
earthquake_sanjuan_12_47,earthquake_sanjuan,1,0.6393399784758895
earthquake_sanjuan_12_48,earthquake_sanjuan,1,0.6353388411729621
earthquake_sanjuan_12_49,earthquake_sanjuan,1,0.7019938948447836
earthquake_sanjuan_12_50,earthquake_sanjuan,0,0.7019149073688902
earthquake_sanjuan_12_51,earthquake_sanjuan,1,0.7018530264403013
earthquake_sanjuan_12_52,earthquake_sanjuan,0,0.7017923211617998
earthquake_sanjuan_13_0,earthquake_sanjuan,0,0.6196745254774406
earthquake_sanjuan_13_1,earthquake_sanjuan,0,0.6222722811607369
earthquake_sanjuan_13_2,earthquake_sanjuan,1,0.6255499231343483
earthquake_sanjuan_13_3,earthquake_sanjuan,0,0.7018632463516726
earthquake_sanjuan_13_4,earthquake_sanjuan,0,0.7018616410171717
earthquake_sanjuan_13_5,earthquake_sanjuan,0,0.7018651627181041
earthquake_sanjuan_13_6,earthquake_sanjuan,0,0.7018877916680403
earthquake_sanjuan_13_7,earthquake_sanjuan,1,0.7019650104527212
earthquake_sanjuan_13_8,earthquake_sanjuan,1,0.7020207838100977
earthquake_sanjuan_13_9,earthquake_sanjuan,1,0.7019977904433203
earthquake_sanjuan_13_10,earthquake_sanjuan,1,0.6406335260440414
earthquake_sanjuan_13_11,earthquake_sanjuan,0,0.6535473257125219
earthquake_sanjuan_13_12,earthquake_sanjuan,1,0.6552883958574611
earthquake_sanjuan_13_13,earthquake_sanjuan,1,0.6545797916009336
earthquake_sanjuan_13_14,earthquake_sanjuan,1,0.6448605076722218
earthquake_sanjuan_13_15,earthquake_sanjuan,1,0.6309328125941446
earthquake_sanjuan_13_16,earthquake_sanjuan,0,0.6370996135683064
earthquake_sanjuan_13_17,earthquake_sanjuan,1,0.6489856117827035
earthquake_sanjuan_13_18,earthquake_sanjuan,1,0.6518999824336998
earthquake_sanjuan_13_19,earthquake_sanjuan,1,0.6516217493687029
earthquake_sanjuan_13_20,earthquake_sanjuan,0,0.649915760233589
earthquake_sanjuan_13_21,earthquake_sanjuan,0,0.6508812776506058
earthquake_sanjuan_13_22,earthquake_sanjuan,1,0.6498494106494652
earthquake_sanjuan_13_23,earthquake_sanjuan,1,0.6519313721040502
earthquake_sanjuan_13_24,earthquake_sanjuan,0,0.6284482624815119
earthquake_sanjuan_13_25,earthquake_sanjuan,0,0.6280394986171164
earthquake_sanjuan_13_26,earthquake_sanjuan,1,0.6456377411757035
earthquake_sanjuan_13_27,earthquake_sanjuan,1,0.6568676008497031
earthquake_sanjuan_13_28,earthquake_sanjuan,0,0.6650418361812965
earthquake_sanjuan_13_29,earthquake_sanjuan,1,0.6664594473796208
earthquake_sanjuan_13_30,earthquake_sanjuan,1,0.6707252832089575
earthquake_sanjuan_13_31,earthquake_sanjuan,1,0.665922794478863
earthquake_sanjuan_13_32,earthquake_sanjuan,1,0.6570083274767717
earthquake_sanjuan_13_33,earthquake_sanjuan,1,0.6471256593222461
earthquake_sanjuan_13_34,earthquake_sanjuan,1,0.6440756468412084
earthquake_sanjuan_13_35,earthquake_sanjuan,1,0.6401825253840653
earthquake_sanjuan_13_36,earthquake_sanjuan,1,0.6292813585559464
earthquake_sanjuan_13_37,earthquake_sanjuan,0,0.6225419415686169
earthquake_sanjuan_13_38,earthquake_sanjuan,0,0.6206778516699487
earthquake_sanjuan_13_39,earthquake_sanjuan,0,0.7017922668432245
earthquake_sanjuan_13_40,earthquake_sanjuan,0,0.620300098076146
earthquake_sanjuan_13_41,earthquake_sanjuan,1,0.6234089343173652
earthquake_sanjuan_13_42,earthquake_sanjuan,0,0.7018312150801672
earthquake_sanjuan_13_43,earthquake_sanjuan,0,0.7018158437643142
earthquake_sanjuan_13_44,earthquake_sanjuan,0,0.7018016461453136
earthquake_sanjuan_13_45,earthquake_sanjuan,1,0.627170166436611
earthquake_sanjuan_13_46,earthquake_sanjuan,1,0.6330989179369748
earthquake_sanjuan_13_47,earthquake_sanjuan,0,0.6402756350378807
earthquake_sanjuan_13_48,earthquake_sanjuan,1,0.6420557760908002
earthquake_sanjuan_13_49,earthquake_sanjuan,1,0.6360572141997528
earthquake_sanjuan_13_50,earthquake_sanjuan,0,0.7019294775669443
earthquake_sanjuan_13_51,earthquake_sanjuan,0,0.7019030831478035
earthquake_sanjuan_13_52,earthquake_sanjuan,0,0.7018812912455495
earthquake_sanjuan_13_53,earthquake_sanjuan,1,0.7018466763289167
earthquake_sanjuan_13_54,earthquake_sanjuan,0,0.7018218050294193
earthquake_sanjuan_13_55,earthquake_sanjuan,0,0.7017863653370378
earthquake_sanjuan_14_0,earthquake_sanjuan,0,0.624697083906847
earthquake_sanjuan_14_1,earthquake_sanjuan,0,0.6278344500727946
earthquake_sanjuan_14_2,earthquake_sanjuan,1,0.6286611008548351
earthquake_sanjuan_14_3,earthquake_sanjuan,1,0.6305106571488549
earthquake_sanjuan_14_4,earthquake_sanjuan,1,0.6314647576232388
earthquake_sanjuan_14_5,earthquake_sanjuan,1,0.6288229008538403
earthquake_sanjuan_14_6,earthquake_sanjuan,1,0.6299122556201904
earthquake_sanjuan_14_7,earthquake_sanjuan,1,0.7019692268783547
earthquake_sanjuan_14_8,earthquake_sanjuan,1,0.7020242163403667
earthquake_sanjuan_14_9,earthquake_sanjuan,1,0.7020096519319554
earthquake_sanjuan_14_10,earthquake_sanjuan,1,0.6484105538213788
earthquake_sanjuan_14_11,earthquake_sanjuan,1,0.655792846602383
earthquake_sanjuan_14_12,earthquake_sanjuan,0,0.6552451503235834
earthquake_sanjuan_14_13,earthquake_sanjuan,0,0.6545720424466975
earthquake_sanjuan_14_14,earthquake_sanjuan,1,0.6456529415818697
earthquake_sanjuan_14_15,earthquake_sanjuan,0,0.6320265071385757
earthquake_sanjuan_14_16,earthquake_sanjuan,1,0.6426848769089284
earthquake_sanjuan_14_17,earthquake_sanjuan,1,0.6537058570276842
earthquake_sanjuan_14_18,earthquake_sanjuan,1,0.6509471377537907
earthquake_sanjuan_14_19,earthquake_sanjuan,1,0.6464173213717621
earthquake_sanjuan_14_20,earthquake_sanjuan,0,0.6516841505267611
earthquake_sanjuan_14_21,earthquake_sanjuan,1,0.6563438689709589
earthquake_sanjuan_14_22,earthquake_sanjuan,1,0.6543769909280103
earthquake_sanjuan_14_23,earthquake_sanjuan,1,0.6529654974905603
earthquake_sanjuan_14_24,earthquake_sanjuan,0,0.6396857460558268
earthquake_sanjuan_14_25,earthquake_sanjuan,0,0.6387567991208153
earthquake_sanjuan_14_26,earthquake_sanjuan,0,0.6440106163777835
earthquake_sanjuan_14_27,earthquake_sanjuan,0,0.6528571646997372
earthquake_sanjuan_14_28,earthquake_sanjuan,0,0.655569932010173
earthquake_sanjuan_14_29,earthquake_sanjuan,0,0.6512301228942835
earthquake_sanjuan_14_30,earthquake_sanjuan,0,0.6507281054039028
earthquake_sanjuan_14_31,earthquake_sanjuan,1,0.6526422979588101
earthquake_sanjuan_14_32,earthquake_sanjuan,1,0.6541885071686251
earthquake_sanjuan_14_33,earthquake_sanjuan,1,0.6478561235033606
earthquake_sanjuan_14_34,earthquake_sanjuan,1,0.647455168712385
earthquake_sanjuan_14_35,earthquake_sanjuan,1,0.6444079212430944
earthquake_sanjuan_14_36,earthquake_sanjuan,1,0.6366453741741349
earthquake_sanjuan_14_37,earthquake_sanjuan,0,0.6327626825921577
earthquake_sanjuan_14_38,earthquake_sanjuan,0,0.6251092677831277
earthquake_sanjuan_14_39,earthquake_sanjuan,0,0.7017921686014588
earthquake_sanjuan_14_40,earthquake_sanjuan,0,0.7017847094401986
earthquake_sanjuan_14_41,earthquake_sanjuan,0,0.6189719015643323
earthquake_sanjuan_14_42,earthquake_sanjuan,1,0.6238106151138827
earthquake_sanjuan_14_43,earthquake_sanjuan,0,0.6229935773058283
earthquake_sanjuan_14_44,earthquake_sanjuan,0,0.701854372572663
earthquake_sanjuan_14_45,earthquake_sanjuan,1,0.6305935094223768
earthquake_sanjuan_14_46,earthquake_sanjuan,0,0.6364406717137991
earthquake_sanjuan_14_47,earthquake_sanjuan,1,0.6454870684341073
earthquake_sanjuan_14_48,earthquake_sanjuan,1,0.6480102861673096
earthquake_sanjuan_14_49,earthquake_sanjuan,1,0.6387714566616068
earthquake_sanjuan_14_50,earthquake_sanjuan,0,0.6328642558105422
earthquake_sanjuan_14_51,earthquake_sanjuan,1,0.7019646027104419
earthquake_sanjuan_14_52,earthquake_sanjuan,1,0.7019437147607787
earthquake_sanjuan_14_53,earthquake_sanjuan,0,0.7019118718277965
earthquake_sanjuan_14_54,earthquake_sanjuan,1,0.7018920985468131
earthquake_sanjuan_14_55,earthquake_sanjuan,0,0.7018296593414648
earthquake_sanjuan_15_0,earthquake_sanjuan,1,0.6347784090494651
earthquake_sanjuan_15_1,earthquake_sanjuan,1,0.6360857845296666
earthquake_sanjuan_15_2,earthquake_sanjuan,1,0.6340959052207327
earthquake_sanjuan_15_3,earthquake_sanjuan,1,0.6338841566597142
earthquake_sanjuan_15_4,earthquake_sanjuan,1,0.6322646368188295
earthquake_sanjuan_15_5,earthquake_sanjuan,1,0.6310865031462779
earthquake_sanjuan_15_6,earthquake_sanjuan,1,0.6298766247192663
earthquake_sanjuan_15_7,earthquake_sanjuan,0,0.6293085283937754
earthquake_sanjuan_15_8,earthquake_sanjuan,1,0.7020024575034897
earthquake_sanjuan_15_9,earthquake_sanjuan,1,0.7020431657254539
earthquake_sanjuan_15_10,earthquake_sanjuan,1,0.6341785745610841
earthquake_sanjuan_15_11,earthquake_sanjuan,0,0.64287959013667
earthquake_sanjuan_15_12,earthquake_sanjuan,1,0.6503378108579547
earthquake_sanjuan_15_13,earthquake_sanjuan,1,0.6545079771400691
earthquake_sanjuan_15_14,earthquake_sanjuan,1,0.6438830162155922
earthquake_sanjuan_15_15,earthquake_sanjuan,0,0.6340465873541464
earthquake_sanjuan_15_16,earthquake_sanjuan,0,0.6320332186209459
earthquake_sanjuan_15_17,earthquake_sanjuan,0,0.6356785971244133
earthquake_sanjuan_15_18,earthquake_sanjuan,0,0.6341077811603794
earthquake_sanjuan_15_19,earthquake_sanjuan,0,0.6317616646670547
earthquake_sanjuan_15_20,earthquake_sanjuan,1,0.6555443391466708
earthquake_sanjuan_15_21,earthquake_sanjuan,1,0.6684301697749517
earthquake_sanjuan_15_22,earthquake_sanjuan,1,0.6656530545319316
earthquake_sanjuan_15_23,earthquake_sanjuan,1,0.6526507421085853
earthquake_sanjuan_15_24,earthquake_sanjuan,1,0.6495754687896464
earthquake_sanjuan_15_25,earthquake_sanjuan,1,0.6434581561446043
earthquake_sanjuan_15_26,earthquake_sanjuan,0,0.6454592107342045
earthquake_sanjuan_15_27,earthquake_sanjuan,0,0.6499006087696287
earthquake_sanjuan_15_28,earthquake_sanjuan,0,0.6503169955425385
earthquake_sanjuan_15_29,earthquake_sanjuan,0,0.6494666551666344
earthquake_sanjuan_15_30,earthquake_sanjuan,0,0.6475472880182799
earthquake_sanjuan_15_31,earthquake_sanjuan,1,0.6498203375901568
earthquake_sanjuan_15_32,earthquake_sanjuan,1,0.6511145323211046
earthquake_sanjuan_15_33,earthquake_sanjuan,0,0.6477347703478019
earthquake_sanjuan_15_34,earthquake_sanjuan,1,0.6507756190646784
earthquake_sanjuan_15_35,earthquake_sanjuan,1,0.6484265862734361
earthquake_sanjuan_15_36,earthquake_sanjuan,1,0.6513486877374332
earthquake_sanjuan_15_37,earthquake_sanjuan,1,0.6465902489965891
earthquake_sanjuan_15_38,earthquake_sanjuan,1,0.6464979404757127
earthquake_sanjuan_15_39,earthquake_sanjuan,1,0.7020963143087506
earthquake_sanjuan_15_40,earthquake_sanjuan,0,0.623588744556612
earthquake_sanjuan_15_41,earthquake_sanjuan,0,0.6209340581150502
earthquake_sanjuan_15_42,earthquake_sanjuan,0,0.626344099320665
earthquake_sanjuan_15_43,earthquake_sanjuan,0,0.6275066557395126
earthquake_sanjuan_15_44,earthquake_sanjuan,1,0.7019484232888864
earthquake_sanjuan_15_45,earthquake_sanjuan,1,0.7019785473512775
earthquake_sanjuan_15_46,earthquake_sanjuan,1,0.7020352248622808
earthquake_sanjuan_15_47,earthquake_sanjuan,1,0.6459384796447216
earthquake_sanjuan_15_48,earthquake_sanjuan,1,0.648061886824488
earthquake_sanjuan_15_49,earthquake_sanjuan,1,0.6398043999976076
earthquake_sanjuan_15_50,earthquake_sanjuan,0,0.6342473560071258
earthquake_sanjuan_15_51,earthquake_sanjuan,1,0.7019609768581502
earthquake_sanjuan_15_52,earthquake_sanjuan,1,0.701947061720323
earthquake_sanjuan_15_53,earthquake_sanjuan,0,0.701904350346364
earthquake_sanjuan_15_54,earthquake_sanjuan,1,0.7018680215405825
earthquake_sanjuan_15_55,earthquake_sanjuan,0,0.701779768787222
earthquake_sanjuan_16_0,earthquake_sanjuan,1,0.6408461613806723
earthquake_sanjuan_16_1,earthquake_sanjuan,1,0.645365321708454
earthquake_sanjuan_16_2,earthquake_sanjuan,1,0.6421229946709548
earthquake_sanjuan_16_3,earthquake_sanjuan,1,0.6378423230477187
earthquake_sanjuan_16_4,earthquake_sanjuan,1,0.6349552031873952
earthquake_sanjuan_16_5,earthquake_sanjuan,0,0.6297873848174755
earthquake_sanjuan_16_6,earthquake_sanjuan,1,0.6294515948438543
earthquake_sanjuan_16_7,earthquake_sanjuan,1,0.6300476144799035
earthquake_sanjuan_16_8,earthquake_sanjuan,0,0.639390142296686
earthquake_sanjuan_16_9,earthquake_sanjuan,0,0.6445280408475795
earthquake_sanjuan_16_10,earthquake_sanjuan,0,0.6295657428185928
earthquake_sanjuan_16_11,earthquake_sanjuan,0,0.6305869837886221
earthquake_sanjuan_16_12,earthquake_sanjuan,0,0.634199184039042
earthquake_sanjuan_16_13,earthquake_sanjuan,0,0.6289324760631476
earthquake_sanjuan_16_14,earthquake_sanjuan,0,0.624514218845199
earthquake_sanjuan_16_15,earthquake_sanjuan,0,0.6238866247257905
earthquake_sanjuan_16_16,earthquake_sanjuan,0,0.6263320921309201
earthquake_sanjuan_16_17,earthquake_sanjuan,0,0.6292780281093159
earthquake_sanjuan_16_18,earthquake_sanjuan,0,0.6310188100479046
earthquake_sanjuan_16_19,earthquake_sanjuan,0,0.631433497730646
earthquake_sanjuan_16_20,earthquake_sanjuan,0,0.6491325920805536
earthquake_sanjuan_16_21,earthquake_sanjuan,1,0.6741963194034676
earthquake_sanjuan_16_22,earthquake_sanjuan,1,0.6731932181898816
earthquake_sanjuan_16_23,earthquake_sanjuan,1,0.6436283390722933
earthquake_sanjuan_16_24,earthquake_sanjuan,1,0.6450343073500774
earthquake_sanjuan_16_25,earthquake_sanjuan,1,0.6403608594791131
earthquake_sanjuan_16_26,earthquake_sanjuan,1,0.6392741424390068
earthquake_sanjuan_16_27,earthquake_sanjuan,1,0.6450071286494679
earthquake_sanjuan_16_28,earthquake_sanjuan,0,0.6464159595248837
earthquake_sanjuan_16_29,earthquake_sanjuan,1,0.6530399295831552
earthquake_sanjuan_16_30,earthquake_sanjuan,1,0.6550909446683529
earthquake_sanjuan_16_31,earthquake_sanjuan,1,0.6516414193026563
earthquake_sanjuan_16_32,earthquake_sanjuan,1,0.6522297555242904
earthquake_sanjuan_16_33,earthquake_sanjuan,1,0.6515532116563859
earthquake_sanjuan_16_34,earthquake_sanjuan,1,0.6497641231833602
earthquake_sanjuan_16_35,earthquake_sanjuan,1,0.6449247294662889
earthquake_sanjuan_16_36,earthquake_sanjuan,1,0.648176488907522
earthquake_sanjuan_16_37,earthquake_sanjuan,1,0.6480463772050571
earthquake_sanjuan_16_38,earthquake_sanjuan,1,0.6554568807772886
earthquake_sanjuan_16_39,earthquake_sanjuan,1,0.649198771645288
earthquake_sanjuan_16_40,earthquake_sanjuan,0,0.6312457344312657
earthquake_sanjuan_16_41,earthquake_sanjuan,0,0.6281138338724354
earthquake_sanjuan_16_42,earthquake_sanjuan,1,0.6331209391254966
earthquake_sanjuan_16_43,earthquake_sanjuan,1,0.6356017907782421
earthquake_sanjuan_16_44,earthquake_sanjuan,1,0.637336435985983
earthquake_sanjuan_16_45,earthquake_sanjuan,1,0.6371393376083451
earthquake_sanjuan_16_46,earthquake_sanjuan,1,0.6359666758059127
earthquake_sanjuan_16_47,earthquake_sanjuan,1,0.6395532085183984
earthquake_sanjuan_16_48,earthquake_sanjuan,1,0.6427026334153313
earthquake_sanjuan_16_49,earthquake_sanjuan,1,0.6435816137135381
earthquake_sanjuan_16_50,earthquake_sanjuan,1,0.6403433550508002
earthquake_sanjuan_16_51,earthquake_sanjuan,0,0.7020174529365836
earthquake_sanjuan_16_52,earthquake_sanjuan,1,0.7019631639108078
earthquake_sanjuan_16_53,earthquake_sanjuan,0,0.70191632208107
earthquake_sanjuan_16_54,earthquake_sanjuan,1,0.7018786233569879
earthquake_sanjuan_16_55,earthquake_sanjuan,0,0.7017879494764968
earthquake_sanjuan_17_0,earthquake_sanjuan,1,0.7020856026352242
earthquake_sanjuan_17_1,earthquake_sanjuan,1,0.7021693884268928
earthquake_sanjuan_17_2,earthquake_sanjuan,1,0.6457248301252976
earthquake_sanjuan_17_3,earthquake_sanjuan,1,0.6418243288549778
earthquake_sanjuan_17_4,earthquake_sanjuan,1,0.6448955163888271
earthquake_sanjuan_17_5,earthquake_sanjuan,1,0.6357742191847985
earthquake_sanjuan_17_6,earthquake_sanjuan,1,0.6332086657459437
earthquake_sanjuan_17_7,earthquake_sanjuan,0,0.6355191781263732
earthquake_sanjuan_17_8,earthquake_sanjuan,1,0.6530074954448758
earthquake_sanjuan_17_9,earthquake_sanjuan,1,0.6602010311784763
earthquake_sanjuan_17_10,earthquake_sanjuan,1,0.6439604211360654
earthquake_sanjuan_17_11,earthquake_sanjuan,0,0.6250171383282355
earthquake_sanjuan_17_12,earthquake_sanjuan,1,0.6272574004519357
earthquake_sanjuan_17_13,earthquake_sanjuan,0,0.6236731806299993
earthquake_sanjuan_17_14,earthquake_sanjuan,0,0.6224119791781233
earthquake_sanjuan_17_15,earthquake_sanjuan,0,0.6234567338715201
earthquake_sanjuan_17_16,earthquake_sanjuan,0,0.6257035690868729
earthquake_sanjuan_17_17,earthquake_sanjuan,0,0.6293685848649965
earthquake_sanjuan_17_18,earthquake_sanjuan,0,0.6340675407193246
earthquake_sanjuan_17_19,earthquake_sanjuan,0,0.6411903841283915
earthquake_sanjuan_17_20,earthquake_sanjuan,1,0.6620352963349135
earthquake_sanjuan_17_21,earthquake_sanjuan,1,0.6788648998580109
earthquake_sanjuan_17_22,earthquake_sanjuan,1,0.6636717713162272
earthquake_sanjuan_17_23,earthquake_sanjuan,1,0.6369945777731909
earthquake_sanjuan_17_24,earthquake_sanjuan,1,0.6422274922820362
earthquake_sanjuan_17_25,earthquake_sanjuan,1,0.6412858462504466
earthquake_sanjuan_17_26,earthquake_sanjuan,1,0.641377826778553
earthquake_sanjuan_17_27,earthquake_sanjuan,1,0.6430514804104679
earthquake_sanjuan_17_28,earthquake_sanjuan,1,0.6420256596549493
earthquake_sanjuan_17_29,earthquake_sanjuan,1,0.6453844185899369
earthquake_sanjuan_17_30,earthquake_sanjuan,1,0.6458444613685509
earthquake_sanjuan_17_31,earthquake_sanjuan,1,0.6505159311279719
earthquake_sanjuan_17_32,earthquake_sanjuan,1,0.6586621458334515
earthquake_sanjuan_17_33,earthquake_sanjuan,0,0.6626693862260361
earthquake_sanjuan_17_34,earthquake_sanjuan,0,0.6547849948421675
earthquake_sanjuan_17_35,earthquake_sanjuan,1,0.6442909004932799
earthquake_sanjuan_17_36,earthquake_sanjuan,0,0.6393214326354855
earthquake_sanjuan_17_37,earthquake_sanjuan,0,0.6419958150037519
earthquake_sanjuan_17_38,earthquake_sanjuan,0,0.7020932522123672
earthquake_sanjuan_17_39,earthquake_sanjuan,1,0.6433852307235848
earthquake_sanjuan_17_40,earthquake_sanjuan,0,0.633974937262628
earthquake_sanjuan_17_41,earthquake_sanjuan,1,0.6333189442153138
earthquake_sanjuan_17_42,earthquake_sanjuan,1,0.6366033739056537
earthquake_sanjuan_17_43,earthquake_sanjuan,1,0.6374923744359672
earthquake_sanjuan_17_44,earthquake_sanjuan,1,0.6400722243483101
earthquake_sanjuan_17_45,earthquake_sanjuan,1,0.6358925319517598
earthquake_sanjuan_17_46,earthquake_sanjuan,0,0.6342543494186679
earthquake_sanjuan_17_47,earthquake_sanjuan,1,0.637560935563707
earthquake_sanjuan_17_48,earthquake_sanjuan,0,0.6402741581258306
earthquake_sanjuan_17_49,earthquake_sanjuan,1,0.6483159644611255
earthquake_sanjuan_17_50,earthquake_sanjuan,1,0.7021230649511759
earthquake_sanjuan_17_51,earthquake_sanjuan,0,0.6447541357220427
earthquake_sanjuan_17_52,earthquake_sanjuan,1,0.6399828245899192
earthquake_sanjuan_17_53,earthquake_sanjuan,1,0.7019832354170051
earthquake_sanjuan_17_54,earthquake_sanjuan,1,0.7019343058049963
earthquake_sanjuan_17_55,earthquake_sanjuan,0,0.7018409870400393
earthquake_sanjuan_18_0,earthquake_sanjuan,1,0.7019331948990464
earthquake_sanjuan_18_1,earthquake_sanjuan,1,0.7019666272186948
earthquake_sanjuan_18_2,earthquake_sanjuan,1,0.6352870057482272
earthquake_sanjuan_18_3,earthquake_sanjuan,1,0.6343313142551292
earthquake_sanjuan_18_4,earthquake_sanjuan,1,0.6341843926215474
earthquake_sanjuan_18_5,earthquake_sanjuan,1,0.6332879201834651
earthquake_sanjuan_18_6,earthquake_sanjuan,1,0.6336478294663049
earthquake_sanjuan_18_7,earthquake_sanjuan,1,0.6402709660319441
earthquake_sanjuan_18_8,earthquake_sanjuan,1,0.6484033134254168
earthquake_sanjuan_18_9,earthquake_sanjuan,1,0.6559869575489649
earthquake_sanjuan_18_10,earthquake_sanjuan,1,0.6664617371625621
earthquake_sanjuan_18_11,earthquake_sanjuan,1,0.650061119048472
earthquake_sanjuan_18_12,earthquake_sanjuan,1,0.6379217776446655
earthquake_sanjuan_18_13,earthquake_sanjuan,0,0.6306410339041365
earthquake_sanjuan_18_14,earthquake_sanjuan,0,0.6335911172514488
earthquake_sanjuan_18_15,earthquake_sanjuan,0,0.6376580189833331
earthquake_sanjuan_18_16,earthquake_sanjuan,1,0.6408559030883396
earthquake_sanjuan_18_17,earthquake_sanjuan,1,0.6431541756982249
earthquake_sanjuan_18_18,earthquake_sanjuan,1,0.6454732072581008
earthquake_sanjuan_18_19,earthquake_sanjuan,1,0.6458379450234127
earthquake_sanjuan_18_20,earthquake_sanjuan,1,0.645999121595953
earthquake_sanjuan_18_21,earthquake_sanjuan,1,0.6465060183413146
earthquake_sanjuan_18_22,earthquake_sanjuan,1,0.6469545063920704
earthquake_sanjuan_18_23,earthquake_sanjuan,1,0.6423254396405759
earthquake_sanjuan_18_24,earthquake_sanjuan,1,0.6423117978560486
earthquake_sanjuan_18_25,earthquake_sanjuan,1,0.6451011721235442
earthquake_sanjuan_18_26,earthquake_sanjuan,1,0.6438408614724931
earthquake_sanjuan_18_27,earthquake_sanjuan,1,0.6516597216295474
earthquake_sanjuan_18_28,earthquake_sanjuan,1,0.6556135867413995
earthquake_sanjuan_18_29,earthquake_sanjuan,1,0.6397784977971309
earthquake_sanjuan_18_30,earthquake_sanjuan,0,0.6321602397136126
earthquake_sanjuan_18_31,earthquake_sanjuan,1,0.6325912370176006
earthquake_sanjuan_18_32,earthquake_sanjuan,1,0.6423717484913504
earthquake_sanjuan_18_33,earthquake_sanjuan,1,0.6533118859304982
earthquake_sanjuan_18_34,earthquake_sanjuan,1,0.65123369015222
earthquake_sanjuan_18_35,earthquake_sanjuan,1,0.6502113428918614
earthquake_sanjuan_18_36,earthquake_sanjuan,1,0.6455398864851895
earthquake_sanjuan_18_37,earthquake_sanjuan,1,0.6485533378427001
earthquake_sanjuan_18_38,earthquake_sanjuan,1,0.648397238192439
earthquake_sanjuan_18_39,earthquake_sanjuan,1,0.6475151972550163
earthquake_sanjuan_18_40,earthquake_sanjuan,1,0.6446283283428903
earthquake_sanjuan_18_41,earthquake_sanjuan,1,0.6439060530223649
earthquake_sanjuan_18_42,earthquake_sanjuan,1,0.6477717095205391
earthquake_sanjuan_18_43,earthquake_sanjuan,1,0.6565866180120253
earthquake_sanjuan_18_44,earthquake_sanjuan,1,0.6606457207129184
earthquake_sanjuan_18_45,earthquake_sanjuan,1,0.6589202600840012
earthquake_sanjuan_18_46,earthquake_sanjuan,1,0.6585150210746668
earthquake_sanjuan_18_47,earthquake_sanjuan,1,0.6511578700065828
earthquake_sanjuan_18_48,earthquake_sanjuan,1,0.6430802199853362
earthquake_sanjuan_18_49,earthquake_sanjuan,1,0.6361658073567364
earthquake_sanjuan_18_50,earthquake_sanjuan,1,0.6350316660360622
earthquake_sanjuan_18_51,earthquake_sanjuan,1,0.6368889211458546
earthquake_sanjuan_18_52,earthquake_sanjuan,1,0.6358876359429118
earthquake_sanjuan_18_53,earthquake_sanjuan,1,0.6334454900462723
earthquake_sanjuan_18_54,earthquake_sanjuan,1,0.7019655216170815
earthquake_sanjuan_18_55,earthquake_sanjuan,1,0.7019255815063782
earthquake_sanjuan_19_0,earthquake_sanjuan,1,0.701872266234059
earthquake_sanjuan_19_1,earthquake_sanjuan,1,0.7019202473891527
earthquake_sanjuan_19_2,earthquake_sanjuan,1,0.7019484335377174
earthquake_sanjuan_19_3,earthquake_sanjuan,1,0.7019477982830509
earthquake_sanjuan_19_4,earthquake_sanjuan,1,0.7019373050466251
earthquake_sanjuan_19_5,earthquake_sanjuan,1,0.701916166799142
earthquake_sanjuan_19_6,earthquake_sanjuan,1,0.6336304399574463
earthquake_sanjuan_19_7,earthquake_sanjuan,1,0.6379868154558009
earthquake_sanjuan_19_8,earthquake_sanjuan,1,0.6418154587166983
earthquake_sanjuan_19_9,earthquake_sanjuan,0,0.6481732999839966
earthquake_sanjuan_19_10,earthquake_sanjuan,1,0.6545763766470536
earthquake_sanjuan_19_11,earthquake_sanjuan,1,0.6465653215471043
earthquake_sanjuan_19_12,earthquake_sanjuan,0,0.637347708901345
earthquake_sanjuan_19_13,earthquake_sanjuan,0,0.6307342864287923
earthquake_sanjuan_19_14,earthquake_sanjuan,1,0.6333354624143326
earthquake_sanjuan_19_15,earthquake_sanjuan,1,0.6348967106826021
earthquake_sanjuan_19_16,earthquake_sanjuan,1,0.6359754444243164
earthquake_sanjuan_19_17,earthquake_sanjuan,1,0.6377648052448487
earthquake_sanjuan_19_18,earthquake_sanjuan,1,0.6425638698256733
earthquake_sanjuan_19_19,earthquake_sanjuan,1,0.6389874470901469
earthquake_sanjuan_19_20,earthquake_sanjuan,1,0.6375625692833816
earthquake_sanjuan_19_21,earthquake_sanjuan,1,0.6494857293200662
earthquake_sanjuan_19_22,earthquake_sanjuan,1,0.6498161636305303
earthquake_sanjuan_19_23,earthquake_sanjuan,1,0.6434816752333113
earthquake_sanjuan_19_24,earthquake_sanjuan,0,0.6469363493173211
earthquake_sanjuan_19_25,earthquake_sanjuan,1,0.6519448327663168
earthquake_sanjuan_19_26,earthquake_sanjuan,0,0.6498071358256482
earthquake_sanjuan_19_27,earthquake_sanjuan,1,0.6575029223165908
earthquake_sanjuan_19_28,earthquake_sanjuan,1,0.6556377802123945
earthquake_sanjuan_19_29,earthquake_sanjuan,1,0.6393990459041888
earthquake_sanjuan_19_30,earthquake_sanjuan,1,0.6355770196061427
earthquake_sanjuan_19_31,earthquake_sanjuan,0,0.6277520422351714
earthquake_sanjuan_19_32,earthquake_sanjuan,1,0.6339391731872569
earthquake_sanjuan_19_33,earthquake_sanjuan,1,0.6378852590055626
earthquake_sanjuan_19_34,earthquake_sanjuan,1,0.6367654364646362
earthquake_sanjuan_19_35,earthquake_sanjuan,1,0.6393028847906196
earthquake_sanjuan_19_36,earthquake_sanjuan,1,0.6448118963262697
earthquake_sanjuan_19_37,earthquake_sanjuan,0,0.6424226447973377
earthquake_sanjuan_19_38,earthquake_sanjuan,0,0.6370016992021683
earthquake_sanjuan_19_39,earthquake_sanjuan,1,0.6411754867613558
earthquake_sanjuan_19_40,earthquake_sanjuan,1,0.6403798368588969
earthquake_sanjuan_19_41,earthquake_sanjuan,1,0.6425396621183871
earthquake_sanjuan_19_42,earthquake_sanjuan,1,0.6464686165236753
earthquake_sanjuan_19_43,earthquake_sanjuan,1,0.6530738649498887
earthquake_sanjuan_19_44,earthquake_sanjuan,1,0.6589534784873872
earthquake_sanjuan_19_45,earthquake_sanjuan,1,0.6611845612534419
earthquake_sanjuan_19_46,earthquake_sanjuan,1,0.6552106460840781
earthquake_sanjuan_19_47,earthquake_sanjuan,1,0.644100587964389
earthquake_sanjuan_19_48,earthquake_sanjuan,1,0.636855387118425
earthquake_sanjuan_19_49,earthquake_sanjuan,1,0.6372166523608637
earthquake_sanjuan_19_50,earthquake_sanjuan,1,0.6374890685142708
earthquake_sanjuan_19_51,earthquake_sanjuan,1,0.6377408838921858
earthquake_sanjuan_19_52,earthquake_sanjuan,1,0.638681377289956
earthquake_sanjuan_19_53,earthquake_sanjuan,1,0.6349935130715135
earthquake_sanjuan_19_54,earthquake_sanjuan,1,0.7019676556681805
earthquake_sanjuan_19_55,earthquake_sanjuan,1,0.7019344822059789
earthquake_sanjuan_20_0,earthquake_sanjuan,1,0.7018865967862233
earthquake_sanjuan_20_1,earthquake_sanjuan,1,0.701895168528721
earthquake_sanjuan_20_2,earthquake_sanjuan,1,0.7019169389944878
earthquake_sanjuan_20_3,earthquake_sanjuan,1,0.6309976267105739
earthquake_sanjuan_20_4,earthquake_sanjuan,1,0.6315717977943531
earthquake_sanjuan_20_5,earthquake_sanjuan,1,0.6320066869270126
earthquake_sanjuan_20_6,earthquake_sanjuan,1,0.6348034711577807
earthquake_sanjuan_20_7,earthquake_sanjuan,1,0.6371295282073098
earthquake_sanjuan_20_8,earthquake_sanjuan,1,0.6390298462101711
earthquake_sanjuan_20_9,earthquake_sanjuan,1,0.643381200206136
earthquake_sanjuan_20_10,earthquake_sanjuan,1,0.6402895048184746
earthquake_sanjuan_20_11,earthquake_sanjuan,0,0.6375361812007512
earthquake_sanjuan_20_12,earthquake_sanjuan,1,0.6381040209327575
earthquake_sanjuan_20_13,earthquake_sanjuan,1,0.6318292249896845
earthquake_sanjuan_20_14,earthquake_sanjuan,1,0.6299720355391427
earthquake_sanjuan_20_15,earthquake_sanjuan,1,0.6299925316702387
earthquake_sanjuan_20_16,earthquake_sanjuan,1,0.6303172620634643
earthquake_sanjuan_20_17,earthquake_sanjuan,1,0.6343245934406739
earthquake_sanjuan_20_18,earthquake_sanjuan,1,0.6402827454176494
earthquake_sanjuan_20_19,earthquake_sanjuan,1,0.637770075679186
earthquake_sanjuan_20_20,earthquake_sanjuan,0,0.6376805465066223
earthquake_sanjuan_20_21,earthquake_sanjuan,1,0.6485790375735827
earthquake_sanjuan_20_22,earthquake_sanjuan,1,0.6487848600520771
earthquake_sanjuan_20_23,earthquake_sanjuan,1,0.6430423485313306
earthquake_sanjuan_20_24,earthquake_sanjuan,1,0.6452937264082242
earthquake_sanjuan_20_25,earthquake_sanjuan,1,0.6543979346900736
earthquake_sanjuan_20_26,earthquake_sanjuan,1,0.6556542234016415
earthquake_sanjuan_20_27,earthquake_sanjuan,0,0.6462135533414424
earthquake_sanjuan_20_28,earthquake_sanjuan,0,0.6402802537132795
earthquake_sanjuan_20_29,earthquake_sanjuan,1,0.6419209967581148
earthquake_sanjuan_20_30,earthquake_sanjuan,1,0.6477021994116624
earthquake_sanjuan_20_31,earthquake_sanjuan,1,0.6379781502883467
earthquake_sanjuan_20_32,earthquake_sanjuan,0,0.6256144483064433
earthquake_sanjuan_20_33,earthquake_sanjuan,0,0.6253478793682262
earthquake_sanjuan_20_34,earthquake_sanjuan,0,0.625255297201438
earthquake_sanjuan_20_35,earthquake_sanjuan,0,0.6264721278090922
earthquake_sanjuan_20_36,earthquake_sanjuan,1,0.6392605428379793
earthquake_sanjuan_20_37,earthquake_sanjuan,1,0.6396030607909242
earthquake_sanjuan_20_38,earthquake_sanjuan,0,0.6326684486557249
earthquake_sanjuan_20_39,earthquake_sanjuan,1,0.6306436904976648
earthquake_sanjuan_20_40,earthquake_sanjuan,1,0.6333496712605315
earthquake_sanjuan_20_41,earthquake_sanjuan,1,0.635504299782705
earthquake_sanjuan_20_42,earthquake_sanjuan,0,0.6329797892165518
earthquake_sanjuan_20_43,earthquake_sanjuan,1,0.7019863423408632
earthquake_sanjuan_20_44,earthquake_sanjuan,1,0.6420889033263849
earthquake_sanjuan_20_45,earthquake_sanjuan,1,0.6480995563820209
earthquake_sanjuan_20_46,earthquake_sanjuan,1,0.6442162739191956
earthquake_sanjuan_20_47,earthquake_sanjuan,1,0.6334588323529278
earthquake_sanjuan_20_48,earthquake_sanjuan,1,0.6326291293913575
earthquake_sanjuan_20_49,earthquake_sanjuan,1,0.6391248753411006
earthquake_sanjuan_20_50,earthquake_sanjuan,1,0.640466527270064
earthquake_sanjuan_20_51,earthquake_sanjuan,1,0.6395516637799608
earthquake_sanjuan_20_52,earthquake_sanjuan,1,0.6394862876713167
earthquake_sanjuan_20_53,earthquake_sanjuan,1,0.6381239217910482
earthquake_sanjuan_20_54,earthquake_sanjuan,1,0.6370064754911591
earthquake_sanjuan_20_55,earthquake_sanjuan,1,0.632132659970394
earthquake_sanjuan_21_0,earthquake_sanjuan,1,0.7018842133963882
earthquake_sanjuan_21_1,earthquake_sanjuan,1,0.7018935059329674
earthquake_sanjuan_21_2,earthquake_sanjuan,1,0.701905009115121
earthquake_sanjuan_21_3,earthquake_sanjuan,1,0.6309232699484325
earthquake_sanjuan_21_4,earthquake_sanjuan,1,0.6344658714170632
earthquake_sanjuan_21_5,earthquake_sanjuan,1,0.6364119013232812
earthquake_sanjuan_21_6,earthquake_sanjuan,1,0.6378005027147507
earthquake_sanjuan_21_7,earthquake_sanjuan,1,0.640383685450738
earthquake_sanjuan_21_8,earthquake_sanjuan,1,0.6400887020186778
earthquake_sanjuan_21_9,earthquake_sanjuan,1,0.6364261782897781
earthquake_sanjuan_21_10,earthquake_sanjuan,1,0.6337365267245132
earthquake_sanjuan_21_11,earthquake_sanjuan,1,0.6393070176959385
earthquake_sanjuan_21_12,earthquake_sanjuan,1,0.6441492554628825
earthquake_sanjuan_21_13,earthquake_sanjuan,0,0.6376544633289456
earthquake_sanjuan_21_14,earthquake_sanjuan,0,0.7019749704686141
earthquake_sanjuan_21_15,earthquake_sanjuan,0,0.6331661674227214
earthquake_sanjuan_21_16,earthquake_sanjuan,0,0.6304466961243294
earthquake_sanjuan_21_17,earthquake_sanjuan,1,0.6354837835937658
earthquake_sanjuan_21_18,earthquake_sanjuan,1,0.640263575505225
earthquake_sanjuan_21_19,earthquake_sanjuan,1,0.63982165472844
earthquake_sanjuan_21_20,earthquake_sanjuan,1,0.6413818424469073
earthquake_sanjuan_21_21,earthquake_sanjuan,1,0.645258111408035
earthquake_sanjuan_21_22,earthquake_sanjuan,1,0.6426287926442519
earthquake_sanjuan_21_23,earthquake_sanjuan,1,0.637646290751415
earthquake_sanjuan_21_24,earthquake_sanjuan,1,0.637687895973311
earthquake_sanjuan_21_25,earthquake_sanjuan,1,0.6442474076960946
earthquake_sanjuan_21_26,earthquake_sanjuan,1,0.6465896942168402
earthquake_sanjuan_21_27,earthquake_sanjuan,1,0.6379933105552328
earthquake_sanjuan_21_28,earthquake_sanjuan,1,0.6387635014998911
earthquake_sanjuan_21_29,earthquake_sanjuan,1,0.6437434355375367
earthquake_sanjuan_21_30,earthquake_sanjuan,1,0.6470900159369233
earthquake_sanjuan_21_31,earthquake_sanjuan,1,0.6419321608076155
earthquake_sanjuan_21_32,earthquake_sanjuan,0,0.6300065171951932
earthquake_sanjuan_21_33,earthquake_sanjuan,0,0.6248804073846325
earthquake_sanjuan_21_34,earthquake_sanjuan,0,0.7018190282218733
earthquake_sanjuan_21_35,earthquake_sanjuan,0,0.7018234155238074
earthquake_sanjuan_21_36,earthquake_sanjuan,1,0.639935134124076
earthquake_sanjuan_21_37,earthquake_sanjuan,1,0.6410421153684102
earthquake_sanjuan_21_38,earthquake_sanjuan,0,0.6309860245593061
earthquake_sanjuan_21_39,earthquake_sanjuan,1,0.6270546736854501
earthquake_sanjuan_21_40,earthquake_sanjuan,1,0.6268214111649356
earthquake_sanjuan_21_41,earthquake_sanjuan,1,0.62901006062199
earthquake_sanjuan_21_42,earthquake_sanjuan,1,0.7018927890146821
earthquake_sanjuan_21_43,earthquake_sanjuan,1,0.7018922774095078
earthquake_sanjuan_21_44,earthquake_sanjuan,1,0.629307865505137
earthquake_sanjuan_21_45,earthquake_sanjuan,1,0.630955832960927
earthquake_sanjuan_21_46,earthquake_sanjuan,1,0.6311221437130797
earthquake_sanjuan_21_47,earthquake_sanjuan,0,0.6301728027567354
earthquake_sanjuan_21_48,earthquake_sanjuan,1,0.6341651820519616
earthquake_sanjuan_21_49,earthquake_sanjuan,1,0.6409631956250258
earthquake_sanjuan_21_50,earthquake_sanjuan,1,0.6398021135581309
earthquake_sanjuan_21_51,earthquake_sanjuan,1,0.638004675202867
earthquake_sanjuan_21_52,earthquake_sanjuan,1,0.641961256020014
earthquake_sanjuan_21_53,earthquake_sanjuan,0,0.6444302914809571
earthquake_sanjuan_21_54,earthquake_sanjuan,1,0.6399804094995618
earthquake_sanjuan_21_55,earthquake_sanjuan,0,0.6299482673061627
earthquake_sanjuan_22_0,earthquake_sanjuan,1,0.7019043570623861
earthquake_sanjuan_22_1,earthquake_sanjuan,1,0.7019286336414313
earthquake_sanjuan_22_2,earthquake_sanjuan,1,0.7019280287260328
earthquake_sanjuan_22_3,earthquake_sanjuan,1,0.6325594773185078
earthquake_sanjuan_22_4,earthquake_sanjuan,1,0.6359365072542278
earthquake_sanjuan_22_5,earthquake_sanjuan,1,0.638299378554127
earthquake_sanjuan_22_6,earthquake_sanjuan,1,0.6459359087338765
earthquake_sanjuan_22_7,earthquake_sanjuan,1,0.7020800189788499
earthquake_sanjuan_22_8,earthquake_sanjuan,1,0.6378505293450648
earthquake_sanjuan_22_9,earthquake_sanjuan,1,0.6345550342253817
earthquake_sanjuan_22_10,earthquake_sanjuan,1,0.635561139874328
earthquake_sanjuan_22_11,earthquake_sanjuan,1,0.6402908480512648
earthquake_sanjuan_22_12,earthquake_sanjuan,1,0.6492814270900936
earthquake_sanjuan_22_13,earthquake_sanjuan,1,0.6425383695922141
earthquake_sanjuan_22_14,earthquake_sanjuan,0,0.6329535470791922
earthquake_sanjuan_22_15,earthquake_sanjuan,0,0.6348405208298271
earthquake_sanjuan_22_16,earthquake_sanjuan,1,0.636813446515945
earthquake_sanjuan_22_17,earthquake_sanjuan,1,0.6358145151984161
earthquake_sanjuan_22_18,earthquake_sanjuan,1,0.6368946886139984
earthquake_sanjuan_22_19,earthquake_sanjuan,1,0.6361852768779356
earthquake_sanjuan_22_20,earthquake_sanjuan,1,0.638252959309939
earthquake_sanjuan_22_21,earthquake_sanjuan,1,0.6399862971182865
earthquake_sanjuan_22_22,earthquake_sanjuan,1,0.6417579656426042
earthquake_sanjuan_22_23,earthquake_sanjuan,1,0.640147503413913
earthquake_sanjuan_22_24,earthquake_sanjuan,1,0.6369946754377093
earthquake_sanjuan_22_25,earthquake_sanjuan,1,0.638279039198883
earthquake_sanjuan_22_26,earthquake_sanjuan,1,0.6372493191654669
earthquake_sanjuan_22_27,earthquake_sanjuan,1,0.6368797637915745
earthquake_sanjuan_22_28,earthquake_sanjuan,1,0.6425923433144882
earthquake_sanjuan_22_29,earthquake_sanjuan,1,0.64495593593763
earthquake_sanjuan_22_30,earthquake_sanjuan,0,0.6395644784873573
earthquake_sanjuan_22_31,earthquake_sanjuan,1,0.6382534296654545
earthquake_sanjuan_22_32,earthquake_sanjuan,1,0.7020514331588582
earthquake_sanjuan_22_33,earthquake_sanjuan,0,0.7019853411244044
earthquake_sanjuan_22_34,earthquake_sanjuan,1,0.7019226181043023
earthquake_sanjuan_22_35,earthquake_sanjuan,0,0.7018581996666375
earthquake_sanjuan_22_36,earthquake_sanjuan,1,0.7019230011425523
earthquake_sanjuan_22_37,earthquake_sanjuan,1,0.7019477892567685
earthquake_sanjuan_22_38,earthquake_sanjuan,1,0.632005604163489
earthquake_sanjuan_22_39,earthquake_sanjuan,0,0.6270780464539704
earthquake_sanjuan_22_40,earthquake_sanjuan,1,0.6255167025326002
earthquake_sanjuan_22_41,earthquake_sanjuan,1,0.625627203494433
earthquake_sanjuan_22_42,earthquake_sanjuan,0,0.7018525784043574
earthquake_sanjuan_22_43,earthquake_sanjuan,1,0.701879573905625
earthquake_sanjuan_22_44,earthquake_sanjuan,1,0.7018883793224852
earthquake_sanjuan_22_45,earthquake_sanjuan,1,0.7018942375311437
earthquake_sanjuan_22_46,earthquake_sanjuan,1,0.7018871556589983
earthquake_sanjuan_22_47,earthquake_sanjuan,1,0.6302127212887357
earthquake_sanjuan_22_48,earthquake_sanjuan,1,0.6333850643943437
earthquake_sanjuan_22_49,earthquake_sanjuan,1,0.6393837193159244
earthquake_sanjuan_22_50,earthquake_sanjuan,1,0.6386815889148265
earthquake_sanjuan_22_51,earthquake_sanjuan,0,0.6389095483209191
earthquake_sanjuan_22_52,earthquake_sanjuan,0,0.6425712425394109
earthquake_sanjuan_22_53,earthquake_sanjuan,0,0.6507871838801528
earthquake_sanjuan_22_54,earthquake_sanjuan,1,0.6475064060515701
earthquake_sanjuan_22_55,earthquake_sanjuan,1,0.6320313291454377
earthquake_sanjuan_23_0,earthquake_sanjuan,1,0.7019304041467999
earthquake_sanjuan_23_1,earthquake_sanjuan,1,0.7019489557478572
earthquake_sanjuan_23_2,earthquake_sanjuan,1,0.7019444356883067
earthquake_sanjuan_23_3,earthquake_sanjuan,1,0.6327663156943631
earthquake_sanjuan_23_4,earthquake_sanjuan,1,0.6364713940134286
earthquake_sanjuan_23_5,earthquake_sanjuan,1,0.6378640688543656
earthquake_sanjuan_23_6,earthquake_sanjuan,1,0.6420931004844438
earthquake_sanjuan_23_7,earthquake_sanjuan,1,0.6421975531862262
earthquake_sanjuan_23_8,earthquake_sanjuan,1,0.6347774965446746
earthquake_sanjuan_23_9,earthquake_sanjuan,1,0.6331511950649865
earthquake_sanjuan_23_10,earthquake_sanjuan,1,0.6350558181069131
earthquake_sanjuan_23_11,earthquake_sanjuan,1,0.6378429401239075
earthquake_sanjuan_23_12,earthquake_sanjuan,1,0.6430154728572287
earthquake_sanjuan_23_13,earthquake_sanjuan,1,0.63659265704836
earthquake_sanjuan_23_14,earthquake_sanjuan,1,0.6297656018401318
earthquake_sanjuan_23_15,earthquake_sanjuan,1,0.6315404484275685
earthquake_sanjuan_23_16,earthquake_sanjuan,1,0.6357425480603492
earthquake_sanjuan_23_17,earthquake_sanjuan,1,0.6348754225246973
earthquake_sanjuan_23_18,earthquake_sanjuan,1,0.6356771198792982
earthquake_sanjuan_23_19,earthquake_sanjuan,1,0.6392817015090132
earthquake_sanjuan_23_20,earthquake_sanjuan,1,0.6423480793764482
earthquake_sanjuan_23_21,earthquake_sanjuan,1,0.6408228343221153
earthquake_sanjuan_23_22,earthquake_sanjuan,1,0.6400814575674681
earthquake_sanjuan_23_23,earthquake_sanjuan,1,0.6438528914998383
earthquake_sanjuan_23_24,earthquake_sanjuan,1,0.6403155474308977
earthquake_sanjuan_23_25,earthquake_sanjuan,1,0.6342529858509816
earthquake_sanjuan_23_26,earthquake_sanjuan,1,0.6344644999945163
earthquake_sanjuan_23_27,earthquake_sanjuan,1,0.6360992703217103
earthquake_sanjuan_23_28,earthquake_sanjuan,1,0.638447916478036
earthquake_sanjuan_23_29,earthquake_sanjuan,1,0.6395305617383353
earthquake_sanjuan_23_30,earthquake_sanjuan,0,0.6342051602430512
earthquake_sanjuan_23_31,earthquake_sanjuan,1,0.634054783961338
earthquake_sanjuan_23_32,earthquake_sanjuan,1,0.6413588324395114
earthquake_sanjuan_23_33,earthquake_sanjuan,0,0.6406909427634149
earthquake_sanjuan_23_34,earthquake_sanjuan,0,0.635771360105287
earthquake_sanjuan_23_35,earthquake_sanjuan,0,0.6310236516966962
earthquake_sanjuan_23_36,earthquake_sanjuan,1,0.7019192721060019
earthquake_sanjuan_23_37,earthquake_sanjuan,1,0.701949510079067
earthquake_sanjuan_23_38,earthquake_sanjuan,1,0.6386467851789126
earthquake_sanjuan_23_39,earthquake_sanjuan,1,0.6391839062044714
earthquake_sanjuan_23_40,earthquake_sanjuan,1,0.6354415796440699
earthquake_sanjuan_23_41,earthquake_sanjuan,1,0.6307305936177217
earthquake_sanjuan_23_42,earthquake_sanjuan,1,0.6282660059711211
earthquake_sanjuan_23_43,earthquake_sanjuan,0,0.7019045142259094
earthquake_sanjuan_23_44,earthquake_sanjuan,0,0.7019083404597318
earthquake_sanjuan_23_45,earthquake_sanjuan,1,0.7018993525657966
earthquake_sanjuan_23_46,earthquake_sanjuan,1,0.7018951234329439
earthquake_sanjuan_23_47,earthquake_sanjuan,0,0.6309921337172185
earthquake_sanjuan_23_48,earthquake_sanjuan,1,0.6352022914909443
earthquake_sanjuan_23_49,earthquake_sanjuan,1,0.6359149488932463
earthquake_sanjuan_23_50,earthquake_sanjuan,1,0.6365903213623829
earthquake_sanjuan_23_51,earthquake_sanjuan,0,0.6335280868149962
earthquake_sanjuan_23_52,earthquake_sanjuan,0,0.6325764506165126
earthquake_sanjuan_23_53,earthquake_sanjuan,1,0.6418523614006204
earthquake_sanjuan_23_54,earthquake_sanjuan,1,0.6422116933273005
earthquake_sanjuan_23_55,earthquake_sanjuan,1,0.6368157377085524
earthquake_sanjuan_24_0,earthquake_sanjuan,1,0.7019362912687711
earthquake_sanjuan_24_1,earthquake_sanjuan,1,0.7019695577411442
earthquake_sanjuan_24_2,earthquake_sanjuan,1,0.7019791956461616
earthquake_sanjuan_24_3,earthquake_sanjuan,1,0.7019637472021054
earthquake_sanjuan_24_4,earthquake_sanjuan,1,0.7019853137129549
earthquake_sanjuan_24_5,earthquake_sanjuan,1,0.7019549059317389
earthquake_sanjuan_24_6,earthquake_sanjuan,1,0.6334962644505044
earthquake_sanjuan_24_7,earthquake_sanjuan,1,0.6350925928337735
earthquake_sanjuan_24_8,earthquake_sanjuan,1,0.6373848702954016
earthquake_sanjuan_24_9,earthquake_sanjuan,1,0.6379639129996648
earthquake_sanjuan_24_10,earthquake_sanjuan,1,0.6388233349431485
earthquake_sanjuan_24_11,earthquake_sanjuan,1,0.6367998718178283
earthquake_sanjuan_24_12,earthquake_sanjuan,1,0.6364821963790996
earthquake_sanjuan_24_13,earthquake_sanjuan,1,0.6331916778528671
earthquake_sanjuan_24_14,earthquake_sanjuan,1,0.6284393616938911
earthquake_sanjuan_24_15,earthquake_sanjuan,1,0.6305671588331194
earthquake_sanjuan_24_16,earthquake_sanjuan,1,0.6325130998460831
earthquake_sanjuan_24_17,earthquake_sanjuan,1,0.6351800639590107
earthquake_sanjuan_24_18,earthquake_sanjuan,0,0.6358972362505566
earthquake_sanjuan_24_19,earthquake_sanjuan,1,0.6481723981331466
earthquake_sanjuan_24_20,earthquake_sanjuan,1,0.6524755177332107
earthquake_sanjuan_24_21,earthquake_sanjuan,1,0.6475665621081058
earthquake_sanjuan_24_22,earthquake_sanjuan,1,0.6408103815252231
earthquake_sanjuan_24_23,earthquake_sanjuan,0,0.6398802098231943
earthquake_sanjuan_24_24,earthquake_sanjuan,1,0.6401163604022532
earthquake_sanjuan_24_25,earthquake_sanjuan,1,0.7019956654025452
earthquake_sanjuan_24_26,earthquake_sanjuan,1,0.6374059871522451
earthquake_sanjuan_24_27,earthquake_sanjuan,0,0.6405939267384269
earthquake_sanjuan_24_28,earthquake_sanjuan,0,0.640997180159727
earthquake_sanjuan_24_29,earthquake_sanjuan,0,0.6395453780463479
earthquake_sanjuan_24_30,earthquake_sanjuan,1,0.6353172239799251
earthquake_sanjuan_24_31,earthquake_sanjuan,1,0.6343201520747002
earthquake_sanjuan_24_32,earthquake_sanjuan,1,0.6367693994786284
earthquake_sanjuan_24_33,earthquake_sanjuan,1,0.6366251745745446
earthquake_sanjuan_24_34,earthquake_sanjuan,1,0.6383709054672116
earthquake_sanjuan_24_35,earthquake_sanjuan,1,0.6371677192976213
earthquake_sanjuan_24_36,earthquake_sanjuan,1,0.632718495924539
earthquake_sanjuan_24_37,earthquake_sanjuan,1,0.6351063346369014
earthquake_sanjuan_24_38,earthquake_sanjuan,1,0.6412722892260346
earthquake_sanjuan_24_39,earthquake_sanjuan,1,0.6432591899208837
earthquake_sanjuan_24_40,earthquake_sanjuan,1,0.6415704311588685
earthquake_sanjuan_24_41,earthquake_sanjuan,1,0.6379393998923846
earthquake_sanjuan_24_42,earthquake_sanjuan,1,0.6352975716596828
earthquake_sanjuan_24_43,earthquake_sanjuan,1,0.6294825518588821
earthquake_sanjuan_24_44,earthquake_sanjuan,0,0.7018853939227616
earthquake_sanjuan_24_45,earthquake_sanjuan,0,0.7018688380484788
earthquake_sanjuan_24_46,earthquake_sanjuan,1,0.701890176312609
earthquake_sanjuan_24_47,earthquake_sanjuan,1,0.7019241906796994
earthquake_sanjuan_24_48,earthquake_sanjuan,1,0.7019588442927135
earthquake_sanjuan_24_49,earthquake_sanjuan,1,0.7019251297147506
earthquake_sanjuan_24_50,earthquake_sanjuan,1,0.7019160116471576
earthquake_sanjuan_24_51,earthquake_sanjuan,1,0.6265718644298174
earthquake_sanjuan_24_52,earthquake_sanjuan,0,0.6212196793764002
earthquake_sanjuan_24_53,earthquake_sanjuan,0,0.6227528052072634
earthquake_sanjuan_24_54,earthquake_sanjuan,0,0.6245477051874458
earthquake_sanjuan_24_55,earthquake_sanjuan,1,0.633667287878654
earthquake_sanjuan_25_0,earthquake_sanjuan,1,0.7019356921529438
earthquake_sanjuan_25_1,earthquake_sanjuan,1,0.6357387176530623
earthquake_sanjuan_25_2,earthquake_sanjuan,1,0.6420792608320015
earthquake_sanjuan_25_3,earthquake_sanjuan,1,0.6397588491152576
earthquake_sanjuan_25_4,earthquake_sanjuan,1,0.6335358352094158
earthquake_sanjuan_25_5,earthquake_sanjuan,1,0.701957738405317
earthquake_sanjuan_25_6,earthquake_sanjuan,1,0.6316769048438298
earthquake_sanjuan_25_7,earthquake_sanjuan,1,0.6339830726028375
earthquake_sanjuan_25_8,earthquake_sanjuan,1,0.6379082951381014
earthquake_sanjuan_25_9,earthquake_sanjuan,1,0.6411175080271657
earthquake_sanjuan_25_10,earthquake_sanjuan,1,0.6426170781433762
earthquake_sanjuan_25_11,earthquake_sanjuan,1,0.631911995835384
earthquake_sanjuan_25_12,earthquake_sanjuan,0,0.6286306860802681
earthquake_sanjuan_25_13,earthquake_sanjuan,0,0.6272737449527929
earthquake_sanjuan_25_14,earthquake_sanjuan,0,0.6280572922257228
earthquake_sanjuan_25_15,earthquake_sanjuan,1,0.7019378264538925
earthquake_sanjuan_25_16,earthquake_sanjuan,1,0.7019871990825518
earthquake_sanjuan_25_17,earthquake_sanjuan,1,0.6352627213626514
earthquake_sanjuan_25_18,earthquake_sanjuan,0,0.634815797827932
earthquake_sanjuan_25_19,earthquake_sanjuan,0,0.6432009208623405
earthquake_sanjuan_25_20,earthquake_sanjuan,0,0.6507143252445567
earthquake_sanjuan_25_21,earthquake_sanjuan,1,0.6465370784191508
earthquake_sanjuan_25_22,earthquake_sanjuan,1,0.6389291320825702
earthquake_sanjuan_25_23,earthquake_sanjuan,1,0.6393841503531699
earthquake_sanjuan_25_24,earthquake_sanjuan,1,0.6394001950538971
earthquake_sanjuan_25_25,earthquake_sanjuan,1,0.6387021091796812
earthquake_sanjuan_25_26,earthquake_sanjuan,1,0.6377575060435516
earthquake_sanjuan_25_27,earthquake_sanjuan,0,0.6393197723872602
earthquake_sanjuan_25_28,earthquake_sanjuan,0,0.6385896550156566
earthquake_sanjuan_25_29,earthquake_sanjuan,0,0.637383366425961
earthquake_sanjuan_25_30,earthquake_sanjuan,1,0.6369715659175821
earthquake_sanjuan_25_31,earthquake_sanjuan,1,0.6366239069497216
earthquake_sanjuan_25_32,earthquake_sanjuan,1,0.6377939527497256
earthquake_sanjuan_25_33,earthquake_sanjuan,1,0.6331641968619143
earthquake_sanjuan_25_34,earthquake_sanjuan,1,0.6339280467155401
earthquake_sanjuan_25_35,earthquake_sanjuan,0,0.6331850721327585
earthquake_sanjuan_25_36,earthquake_sanjuan,1,0.701936002492989
earthquake_sanjuan_25_37,earthquake_sanjuan,1,0.6343411737337655
earthquake_sanjuan_25_38,earthquake_sanjuan,1,0.6388080339898208
earthquake_sanjuan_25_39,earthquake_sanjuan,1,0.6415358382425755
earthquake_sanjuan_25_40,earthquake_sanjuan,1,0.6418283784706335
earthquake_sanjuan_25_41,earthquake_sanjuan,1,0.6415246527177789
earthquake_sanjuan_25_42,earthquake_sanjuan,1,0.6366607810082453
earthquake_sanjuan_25_43,earthquake_sanjuan,1,0.6310702897165665
earthquake_sanjuan_25_44,earthquake_sanjuan,1,0.6298527601541956
earthquake_sanjuan_25_45,earthquake_sanjuan,1,0.6299600287884778
earthquake_sanjuan_25_46,earthquake_sanjuan,1,0.7019367258502291
earthquake_sanjuan_25_47,earthquake_sanjuan,1,0.701969948760693
earthquake_sanjuan_25_48,earthquake_sanjuan,1,0.7019466482243161
earthquake_sanjuan_25_49,earthquake_sanjuan,0,0.7018513355024975
earthquake_sanjuan_25_50,earthquake_sanjuan,1,0.7018576960633487
earthquake_sanjuan_25_51,earthquake_sanjuan,0,0.7018150574674273
earthquake_sanjuan_25_52,earthquake_sanjuan,1,0.7018015738450881
earthquake_sanjuan_25_53,earthquake_sanjuan,0,0.7017797947501065
earthquake_sanjuan_25_54,earthquake_sanjuan,1,0.7018205030342162
earthquake_sanjuan_25_55,earthquake_sanjuan,1,0.7018715553738961
earthquake_sanjuan_26_0,earthquake_sanjuan,1,0.7019196524386541
earthquake_sanjuan_26_1,earthquake_sanjuan,0,0.6338965130326231
earthquake_sanjuan_26_2,earthquake_sanjuan,1,0.6478401354108229
earthquake_sanjuan_26_3,earthquake_sanjuan,1,0.6440191619704024
earthquake_sanjuan_26_4,earthquake_sanjuan,1,0.6336671403895343
earthquake_sanjuan_26_5,earthquake_sanjuan,1,0.7019909617930681
earthquake_sanjuan_26_6,earthquake_sanjuan,1,0.6344991678897804
earthquake_sanjuan_26_7,earthquake_sanjuan,1,0.6310781024903465
earthquake_sanjuan_26_8,earthquake_sanjuan,1,0.6330143240255082
earthquake_sanjuan_26_9,earthquake_sanjuan,1,0.6350215162170242
earthquake_sanjuan_26_10,earthquake_sanjuan,1,0.635457143329066
earthquake_sanjuan_26_11,earthquake_sanjuan,1,0.629263607384989
earthquake_sanjuan_26_12,earthquake_sanjuan,1,0.6263075584680866
earthquake_sanjuan_26_13,earthquake_sanjuan,0,0.6255780549625702
earthquake_sanjuan_26_14,earthquake_sanjuan,1,0.7018739791970524
earthquake_sanjuan_26_15,earthquake_sanjuan,1,0.7019464575518816
earthquake_sanjuan_26_16,earthquake_sanjuan,1,0.638663735405878
earthquake_sanjuan_26_17,earthquake_sanjuan,1,0.6384861006671021
earthquake_sanjuan_26_18,earthquake_sanjuan,1,0.6368855570986685
earthquake_sanjuan_26_19,earthquake_sanjuan,0,0.643287195710071
earthquake_sanjuan_26_20,earthquake_sanjuan,0,0.6426904599371637
earthquake_sanjuan_26_21,earthquake_sanjuan,1,0.6403690416322261
earthquake_sanjuan_26_22,earthquake_sanjuan,1,0.6378061686984678
earthquake_sanjuan_26_23,earthquake_sanjuan,1,0.6395947119679821
earthquake_sanjuan_26_24,earthquake_sanjuan,1,0.6375836749105966
earthquake_sanjuan_26_25,earthquake_sanjuan,1,0.6365688687784714
earthquake_sanjuan_26_26,earthquake_sanjuan,1,0.6353458487425483
earthquake_sanjuan_26_27,earthquake_sanjuan,1,0.6365944658096528
earthquake_sanjuan_26_28,earthquake_sanjuan,1,0.6347568153267376
earthquake_sanjuan_26_29,earthquake_sanjuan,1,0.6325605545362202
earthquake_sanjuan_26_30,earthquake_sanjuan,1,0.632607241417222
earthquake_sanjuan_26_31,earthquake_sanjuan,1,0.6363472341671257
earthquake_sanjuan_26_32,earthquake_sanjuan,1,0.6380845225317954
earthquake_sanjuan_26_33,earthquake_sanjuan,0,0.6348521352738791
earthquake_sanjuan_26_34,earthquake_sanjuan,1,0.6343288310760842
earthquake_sanjuan_26_35,earthquake_sanjuan,1,0.6314387476447484
earthquake_sanjuan_26_36,earthquake_sanjuan,1,0.7019298715549821
earthquake_sanjuan_26_37,earthquake_sanjuan,1,0.701949737954504
earthquake_sanjuan_26_38,earthquake_sanjuan,1,0.6358105051653627
earthquake_sanjuan_26_39,earthquake_sanjuan,1,0.6370080577662257
earthquake_sanjuan_26_40,earthquake_sanjuan,1,0.6333382664979011
earthquake_sanjuan_26_41,earthquake_sanjuan,1,0.6315220244260908
earthquake_sanjuan_26_42,earthquake_sanjuan,1,0.6325229724104073
earthquake_sanjuan_26_43,earthquake_sanjuan,1,0.634452800508942
earthquake_sanjuan_26_44,earthquake_sanjuan,1,0.6315935095352002
earthquake_sanjuan_26_45,earthquake_sanjuan,1,0.6311048846724526
earthquake_sanjuan_26_46,earthquake_sanjuan,1,0.701953074402961
earthquake_sanjuan_26_47,earthquake_sanjuan,1,0.7019603452341159
earthquake_sanjuan_26_48,earthquake_sanjuan,1,0.7019197765031758
earthquake_sanjuan_26_49,earthquake_sanjuan,1,0.7018157056377993
earthquake_sanjuan_26_50,earthquake_sanjuan,1,0.7017978315309013
earthquake_sanjuan_26_51,earthquake_sanjuan,0,0.7017918315445861
earthquake_sanjuan_26_52,earthquake_sanjuan,0,0.7017827208300983
earthquake_sanjuan_26_53,earthquake_sanjuan,0,0.7017861656454
earthquake_sanjuan_26_54,earthquake_sanjuan,0,0.7018112535125229
earthquake_sanjuan_26_55,earthquake_sanjuan,0,0.7018104246043385
earthquake_sanjuan_27_0,earthquake_sanjuan,1,0.7018574743183518
earthquake_sanjuan_27_1,earthquake_sanjuan,0,0.628665179290471
earthquake_sanjuan_27_2,earthquake_sanjuan,1,0.6444217758855436
earthquake_sanjuan_27_3,earthquake_sanjuan,1,0.64212435904201
earthquake_sanjuan_27_4,earthquake_sanjuan,0,0.6301022108816553
earthquake_sanjuan_27_5,earthquake_sanjuan,1,0.7019190988388283
earthquake_sanjuan_27_6,earthquake_sanjuan,1,0.7019151622900284
earthquake_sanjuan_27_7,earthquake_sanjuan,1,0.7019208375247552
earthquake_sanjuan_27_8,earthquake_sanjuan,1,0.7019414968422323
earthquake_sanjuan_27_9,earthquake_sanjuan,1,0.6326223794652533
earthquake_sanjuan_27_10,earthquake_sanjuan,1,0.6309993128554264
earthquake_sanjuan_27_11,earthquake_sanjuan,1,0.6263449650471656
earthquake_sanjuan_27_12,earthquake_sanjuan,1,0.6244152581218412
earthquake_sanjuan_27_13,earthquake_sanjuan,0,0.7018121205862486
earthquake_sanjuan_27_14,earthquake_sanjuan,0,0.7018133928810757
earthquake_sanjuan_27_15,earthquake_sanjuan,0,0.7018691086205572
earthquake_sanjuan_27_16,earthquake_sanjuan,0,0.6292653696266555
earthquake_sanjuan_27_17,earthquake_sanjuan,1,0.6366653947987737
earthquake_sanjuan_27_18,earthquake_sanjuan,1,0.6426245006375287
earthquake_sanjuan_27_19,earthquake_sanjuan,0,0.6500168128224708
earthquake_sanjuan_27_20,earthquake_sanjuan,0,0.6413758098036084
earthquake_sanjuan_27_21,earthquake_sanjuan,1,0.6371804387424317
earthquake_sanjuan_27_22,earthquake_sanjuan,1,0.6339660292889691
earthquake_sanjuan_27_23,earthquake_sanjuan,1,0.6346991538805292
earthquake_sanjuan_27_24,earthquake_sanjuan,1,0.6331295467698211
earthquake_sanjuan_27_25,earthquake_sanjuan,1,0.6324761089588699
earthquake_sanjuan_27_26,earthquake_sanjuan,1,0.6341681611739562
earthquake_sanjuan_27_27,earthquake_sanjuan,0,0.6388201646944383
earthquake_sanjuan_27_28,earthquake_sanjuan,1,0.7020166980362389
earthquake_sanjuan_27_29,earthquake_sanjuan,0,0.6321066712256713
earthquake_sanjuan_27_30,earthquake_sanjuan,1,0.6336994443825253
earthquake_sanjuan_27_31,earthquake_sanjuan,1,0.6358465803662952
earthquake_sanjuan_27_32,earthquake_sanjuan,1,0.6365520562194842
earthquake_sanjuan_27_33,earthquake_sanjuan,0,0.635330308712049
earthquake_sanjuan_27_34,earthquake_sanjuan,0,0.6345742951292156
earthquake_sanjuan_27_35,earthquake_sanjuan,1,0.6336129099511715
earthquake_sanjuan_27_36,earthquake_sanjuan,1,0.63053067995641
earthquake_sanjuan_27_37,earthquake_sanjuan,0,0.7019027062265996
earthquake_sanjuan_27_38,earthquake_sanjuan,1,0.631876023446119
earthquake_sanjuan_27_39,earthquake_sanjuan,1,0.6328266286280764
earthquake_sanjuan_27_40,earthquake_sanjuan,1,0.6298335913357168
earthquake_sanjuan_27_41,earthquake_sanjuan,1,0.6259050504210761
earthquake_sanjuan_27_42,earthquake_sanjuan,0,0.6290673931759954
earthquake_sanjuan_27_43,earthquake_sanjuan,1,0.6317711606795364
earthquake_sanjuan_27_44,earthquake_sanjuan,0,0.6274921697306665
earthquake_sanjuan_27_45,earthquake_sanjuan,1,0.6275673341108102
earthquake_sanjuan_27_46,earthquake_sanjuan,1,0.7018693325360549
earthquake_sanjuan_27_47,earthquake_sanjuan,1,0.7018679283253586
earthquake_sanjuan_27_48,earthquake_sanjuan,1,0.7018558515438451
earthquake_sanjuan_27_49,earthquake_sanjuan,0,0.701780302588733
earthquake_sanjuan_27_50,earthquake_sanjuan,0,0.7017764197355422
earthquake_sanjuan_27_51,earthquake_sanjuan,0,0.7017854469922863
earthquake_sanjuan_27_52,earthquake_sanjuan,1,0.7018118333585107
earthquake_sanjuan_27_53,earthquake_sanjuan,0,0.7017887431915746
earthquake_sanjuan_27_54,earthquake_sanjuan,0,0.7017845151508302
earthquake_sanjuan_27_55,earthquake_sanjuan,1,0.7017898079721319
earthquake_sanjuan_28_0,earthquake_sanjuan,1,0.7018549761348223
earthquake_sanjuan_28_1,earthquake_sanjuan,1,0.627839713873913
earthquake_sanjuan_28_2,earthquake_sanjuan,1,0.6357593494182718
earthquake_sanjuan_28_3,earthquake_sanjuan,1,0.6342115689784453
earthquake_sanjuan_28_4,earthquake_sanjuan,1,0.7018983184809942
earthquake_sanjuan_28_5,earthquake_sanjuan,1,0.7018659888035891
earthquake_sanjuan_28_6,earthquake_sanjuan,1,0.7018505588382814
earthquake_sanjuan_28_7,earthquake_sanjuan,1,0.7019053090688154
earthquake_sanjuan_28_8,earthquake_sanjuan,1,0.7019290588347846
earthquake_sanjuan_28_9,earthquake_sanjuan,1,0.7019366681558602
earthquake_sanjuan_28_10,earthquake_sanjuan,1,0.6313751259443936
earthquake_sanjuan_28_11,earthquake_sanjuan,1,0.6271918705941416
earthquake_sanjuan_28_12,earthquake_sanjuan,1,0.6251982728891851
earthquake_sanjuan_28_13,earthquake_sanjuan,0,0.7018063709936229
earthquake_sanjuan_28_14,earthquake_sanjuan,0,0.7018066755946114
earthquake_sanjuan_28_15,earthquake_sanjuan,0,0.7018134295841654
earthquake_sanjuan_28_16,earthquake_sanjuan,1,0.7018549500859149
earthquake_sanjuan_28_17,earthquake_sanjuan,1,0.6324737537090016
earthquake_sanjuan_28_18,earthquake_sanjuan,1,0.6471909429203785
earthquake_sanjuan_28_19,earthquake_sanjuan,1,0.6483957927837648
earthquake_sanjuan_28_20,earthquake_sanjuan,0,0.6398965568333025
earthquake_sanjuan_28_21,earthquake_sanjuan,1,0.6352314381910599
earthquake_sanjuan_28_22,earthquake_sanjuan,1,0.6292912020763478
earthquake_sanjuan_28_23,earthquake_sanjuan,1,0.631919809931733
earthquake_sanjuan_28_24,earthquake_sanjuan,1,0.63074064082259
earthquake_sanjuan_28_25,earthquake_sanjuan,1,0.6304929349607378
earthquake_sanjuan_28_26,earthquake_sanjuan,1,0.6331799000913425
earthquake_sanjuan_28_27,earthquake_sanjuan,0,0.7020080967924246
earthquake_sanjuan_28_28,earthquake_sanjuan,1,0.7020097535760379
earthquake_sanjuan_28_29,earthquake_sanjuan,1,0.6352065605787295
earthquake_sanjuan_28_30,earthquake_sanjuan,1,0.6380813868905814
earthquake_sanjuan_28_31,earthquake_sanjuan,1,0.636818935459358
earthquake_sanjuan_28_32,earthquake_sanjuan,1,0.6346956649153833
earthquake_sanjuan_28_33,earthquake_sanjuan,1,0.6322326845209331
earthquake_sanjuan_28_34,earthquake_sanjuan,1,0.634049598217364
earthquake_sanjuan_28_35,earthquake_sanjuan,1,0.6360817837486292
earthquake_sanjuan_28_36,earthquake_sanjuan,1,0.6282167322857075
earthquake_sanjuan_28_37,earthquake_sanjuan,1,0.7018705543338511
earthquake_sanjuan_28_38,earthquake_sanjuan,1,0.7018559386653414
earthquake_sanjuan_28_39,earthquake_sanjuan,1,0.7018662469544297
earthquake_sanjuan_28_40,earthquake_sanjuan,0,0.7018513660871616
earthquake_sanjuan_28_41,earthquake_sanjuan,1,0.6254492095137082
earthquake_sanjuan_28_42,earthquake_sanjuan,1,0.6304408372335665
earthquake_sanjuan_28_43,earthquake_sanjuan,1,0.6359618114856038
earthquake_sanjuan_28_44,earthquake_sanjuan,1,0.6355521532868491
earthquake_sanjuan_28_45,earthquake_sanjuan,1,0.6328258731230026
earthquake_sanjuan_28_46,earthquake_sanjuan,1,0.7019222032241196
earthquake_sanjuan_28_47,earthquake_sanjuan,1,0.7018800012247762
earthquake_sanjuan_28_48,earthquake_sanjuan,1,0.7018343369329908
earthquake_sanjuan_28_50,earthquake_sanjuan,0,0.7017721410356613
earthquake_sanjuan_28_51,earthquake_sanjuan,0,0.7017927336763622
earthquake_sanjuan_28_52,earthquake_sanjuan,1,0.7018165507967513
earthquake_sanjuan_28_53,earthquake_sanjuan,0,0.7018001020900876
earthquake_sanjuan_28_54,earthquake_sanjuan,0,0.70178353456155
earthquake_sanjuan_28_55,earthquake_sanjuan,0,0.7017744770890133
earthquake_sanjuan_29_0,earthquake_sanjuan,1,0.7018702369742467
earthquake_sanjuan_29_1,earthquake_sanjuan,1,0.701907136917147
earthquake_sanjuan_29_2,earthquake_sanjuan,1,0.7019755658727748
earthquake_sanjuan_29_3,earthquake_sanjuan,1,0.7019707308214255
earthquake_sanjuan_29_4,earthquake_sanjuan,1,0.7019310776064025
earthquake_sanjuan_29_5,earthquake_sanjuan,0,0.7018507495405635
earthquake_sanjuan_29_6,earthquake_sanjuan,0,0.7018389753322191
earthquake_sanjuan_29_7,earthquake_sanjuan,1,0.7018393621884249
earthquake_sanjuan_29_8,earthquake_sanjuan,0,0.7018567134907583
earthquake_sanjuan_29_9,earthquake_sanjuan,1,0.7018837892701957
earthquake_sanjuan_29_10,earthquake_sanjuan,0,0.7018781445978308
earthquake_sanjuan_29_11,earthquake_sanjuan,1,0.7018795568104976
earthquake_sanjuan_29_12,earthquake_sanjuan,1,0.7018749954078305
earthquake_sanjuan_29_13,earthquake_sanjuan,0,0.7018414872924282
earthquake_sanjuan_29_14,earthquake_sanjuan,0,0.7018296103165806
earthquake_sanjuan_29_15,earthquake_sanjuan,1,0.7018224614352498
earthquake_sanjuan_29_16,earthquake_sanjuan,1,0.7018247161700019
earthquake_sanjuan_29_17,earthquake_sanjuan,0,0.7018589258934069
earthquake_sanjuan_29_18,earthquake_sanjuan,0,0.6309572017323434
earthquake_sanjuan_29_19,earthquake_sanjuan,0,0.6320921097892865
earthquake_sanjuan_29_20,earthquake_sanjuan,1,0.6326355889658763
earthquake_sanjuan_29_21,earthquake_sanjuan,0,0.6287112590058016
earthquake_sanjuan_29_22,earthquake_sanjuan,0,0.7018676784131586
earthquake_sanjuan_29_23,earthquake_sanjuan,1,0.7019433998322724
earthquake_sanjuan_29_24,earthquake_sanjuan,0,0.7019039049165832
earthquake_sanjuan_29_25,earthquake_sanjuan,1,0.7019022905985931
earthquake_sanjuan_29_26,earthquake_sanjuan,1,0.7019534723619594
earthquake_sanjuan_29_27,earthquake_sanjuan,1,0.7019565448897093
earthquake_sanjuan_29_28,earthquake_sanjuan,1,0.7019463669273441
earthquake_sanjuan_29_29,earthquake_sanjuan,1,0.632767406571765
earthquake_sanjuan_29_30,earthquake_sanjuan,1,0.6362051319293627
earthquake_sanjuan_29_31,earthquake_sanjuan,1,0.6372570071074144
earthquake_sanjuan_29_32,earthquake_sanjuan,1,0.633884824553534
earthquake_sanjuan_29_33,earthquake_sanjuan,1,0.6291497408676558
earthquake_sanjuan_29_34,earthquake_sanjuan,1,0.6323013264169698
earthquake_sanjuan_29_35,earthquake_sanjuan,0,0.6325752345655353
earthquake_sanjuan_29_36,earthquake_sanjuan,1,0.7018479882568999
earthquake_sanjuan_29_37,earthquake_sanjuan,1,0.7018340255845709
earthquake_sanjuan_29_38,earthquake_sanjuan,0,0.7018281710292599
earthquake_sanjuan_29_39,earthquake_sanjuan,1,0.7018238164240624
earthquake_sanjuan_29_40,earthquake_sanjuan,0,0.7018240756707648
earthquake_sanjuan_29_41,earthquake_sanjuan,1,0.6242097137631798
earthquake_sanjuan_29_42,earthquake_sanjuan,1,0.628744119870291
earthquake_sanjuan_29_43,earthquake_sanjuan,1,0.6319627403884789
earthquake_sanjuan_29_44,earthquake_sanjuan,1,0.6313191976807614
earthquake_sanjuan_29_45,earthquake_sanjuan,1,0.7019421682560392
earthquake_sanjuan_29_46,earthquake_sanjuan,1,0.7019577895113278
earthquake_sanjuan_29_47,earthquake_sanjuan,1,0.7019225890243731
earthquake_sanjuan_29_48,earthquake_sanjuan,0,0.701810319142198
earthquake_sanjuan_29_50,earthquake_sanjuan,0,0.7017749668309153
earthquake_sanjuan_29_51,earthquake_sanjuan,0,0.7017871053301238
earthquake_sanjuan_29_52,earthquake_sanjuan,1,0.7017993214070947
earthquake_sanjuan_29_53,earthquake_sanjuan,1,0.7017919291552742
earthquake_sanjuan_29_54,earthquake_sanjuan,1,0.7017857137388238
earthquake_sanjuan_29_55,earthquake_sanjuan,0,0.7017783345845561
ida_neworleans_1_56,ida_neworleans,1,0.4135840938813806
ida_neworleans_1_57,ida_neworleans,0,0.412603896567133
ida_neworleans_1_58,ida_neworleans,1,0.4106439451417908
ida_neworleans_2_54,ida_neworleans,1,0.5025307853433887
ida_neworleans_2_55,ida_neworleans,0,0.4119970825168559
ida_neworleans_2_56,ida_neworleans,1,0.41427422165644123
ida_neworleans_2_57,ida_neworleans,0,0.41475858080990174
ida_neworleans_2_58,ida_neworleans,1,0.4135093457692414
ida_neworleans_3_54,ida_neworleans,0,0.4157190372491633
ida_neworleans_3_55,ida_neworleans,0,0.4153990596720197
ida_neworleans_3_56,ida_neworleans,0,0.41596330594834946
ida_neworleans_3_57,ida_neworleans,0,0.4151751674667952
ida_neworleans_3_58,ida_neworleans,0,0.41204304463074515
ida_neworleans_3_60,ida_neworleans,0,0.5025045229124919
ida_neworleans_3_61,ida_neworleans,0,0.5025060570438803
ida_neworleans_4_51,ida_neworleans,1,0.5025144544057036
ida_neworleans_4_52,ida_neworleans,0,0.4133971537256214
ida_neworleans_4_53,ida_neworleans,1,0.41591023672092714
ida_neworleans_4_54,ida_neworleans,0,0.41827063501915474
ida_neworleans_4_55,ida_neworleans,0,0.41986480130131054
ida_neworleans_4_56,ida_neworleans,0,0.4205682377504367
ida_neworleans_4_57,ida_neworleans,1,0.4168805831648629
ida_neworleans_4_58,ida_neworleans,0,0.41207820727957073
ida_neworleans_4_59,ida_neworleans,0,0.5025173546816096
ida_neworleans_4_60,ida_neworleans,1,0.502532624163824
ida_neworleans_4_61,ida_neworleans,0,0.5025337955135792
ida_neworleans_4_62,ida_neworleans,0,0.5025098094549512
ida_neworleans_5_49,ida_neworleans,1,0.5025060707721645
ida_neworleans_5_50,ida_neworleans,0,0.5025151540516656
ida_neworleans_5_51,ida_neworleans,1,0.4168240930065463
ida_neworleans_5_52,ida_neworleans,0,0.4178590097491932
ida_neworleans_5_53,ida_neworleans,1,0.4202437125258945
ida_neworleans_5_54,ida_neworleans,0,0.41924313953535985
ida_neworleans_5_55,ida_neworleans,1,0.42470252608556397
ida_neworleans_5_56,ida_neworleans,0,0.42725173064196376
ida_neworleans_5_57,ida_neworleans,0,0.4258635308860017
ida_neworleans_5_58,ida_neworleans,1,0.5025209013794891
ida_neworleans_5_59,ida_neworleans,0,0.5025150204373618
ida_neworleans_5_60,ida_neworleans,1,0.5025341631254145
ida_neworleans_5_61,ida_neworleans,1,0.5025254260722575
ida_neworleans_6_47,ida_neworleans,0,0.5025323730943344
ida_neworleans_6_48,ida_neworleans,0,0.5025425915049182
ida_neworleans_6_49,ida_neworleans,0,0.5025837603207473
ida_neworleans_6_50,ida_neworleans,0,0.5025755706105252
ida_neworleans_6_51,ida_neworleans,0,0.5026096689661921
ida_neworleans_6_52,ida_neworleans,0,0.42061465825877437
ida_neworleans_6_53,ida_neworleans,0,0.42558226735864374
ida_neworleans_6_54,ida_neworleans,0,0.4294287524475974
ida_neworleans_6_55,ida_neworleans,1,0.4487668553030284
ida_neworleans_6_56,ida_neworleans,1,0.5031007476173889
ida_neworleans_6_57,ida_neworleans,0,0.5028458338238301
ida_neworleans_6_58,ida_neworleans,1,0.5025111702573071
ida_neworleans_6_59,ida_neworleans,1,0.5025098594047867
ida_neworleans_6_60,ida_neworleans,0,0.5025117261607758
ida_neworleans_7_39,ida_neworleans,1,0.4109440406991342
ida_neworleans_7_40,ida_neworleans,1,0.4108361633219043
ida_neworleans_7_45,ida_neworleans,1,0.502511395628343
ida_neworleans_7_46,ida_neworleans,1,0.502560448219688
ida_neworleans_7_47,ida_neworleans,0,0.5026499927589617
ida_neworleans_7_48,ida_neworleans,0,0.5026837245690651
ida_neworleans_7_49,ida_neworleans,0,0.5027070590538344
ida_neworleans_7_50,ida_neworleans,0,0.5026567199097608
ida_neworleans_7_51,ida_neworleans,0,0.5026353588057886
ida_neworleans_7_52,ida_neworleans,1,0.5028429415040072
ida_neworleans_7_53,ida_neworleans,0,0.5028850744408074
ida_neworleans_7_54,ida_neworleans,0,0.5030181537746315
ida_neworleans_7_55,ida_neworleans,0,0.5030002055780086
ida_neworleans_7_56,ida_neworleans,0,0.5028181670909891
ida_neworleans_7_57,ida_neworleans,0,0.5026228219462191
ida_neworleans_7_58,ida_neworleans,1,0.5025123685932349
ida_neworleans_7_59,ida_neworleans,1,0.5025249855800231
ida_neworleans_7_60,ida_neworleans,0,0.502526523041399
ida_neworleans_7_61,ida_neworleans,0,0.5025139805932224
ida_neworleans_7_67,ida_neworleans,1,0.5025061395496982
ida_neworleans_8_38,ida_neworleans,1,0.41065478129973837
ida_neworleans_8_39,ida_neworleans,1,0.41158546150064934
ida_neworleans_8_40,ida_neworleans,1,0.4130389089550543
ida_neworleans_8_41,ida_neworleans,0,0.41054488985296805
ida_neworleans_8_42,ida_neworleans,0,0.41051475299506235
ida_neworleans_8_43,ida_neworleans,1,0.5025181282686033
ida_neworleans_8_44,ida_neworleans,0,0.5025144641046887
ida_neworleans_8_45,ida_neworleans,0,0.5025478196539783
ida_neworleans_8_46,ida_neworleans,0,0.5025907495666664
ida_neworleans_8_47,ida_neworleans,0,0.5026598245449131
ida_neworleans_8_48,ida_neworleans,0,0.5026824523395951
ida_neworleans_8_49,ida_neworleans,0,0.5027029494175569
ida_neworleans_8_50,ida_neworleans,0,0.5027224205382222
ida_neworleans_8_51,ida_neworleans,0,0.5026760010363479
ida_neworleans_8_52,ida_neworleans,1,0.5027435314169783
ida_neworleans_8_53,ida_neworleans,0,0.5028659401972904
ida_neworleans_8_54,ida_neworleans,1,0.5029583628460983
ida_neworleans_8_55,ida_neworleans,1,0.502874159321235
ida_neworleans_8_56,ida_neworleans,0,0.502601416677866
ida_neworleans_8_57,ida_neworleans,1,0.5025591443327585
ida_neworleans_8_58,ida_neworleans,1,0.5025156316335079
ida_neworleans_8_59,ida_neworleans,1,0.5025406987821606
ida_neworleans_8_60,ida_neworleans,0,0.5025586241694515
ida_neworleans_8_61,ida_neworleans,1,0.502572904883138
ida_neworleans_8_62,ida_neworleans,0,0.5025608056170069
ida_neworleans_8_63,ida_neworleans,1,0.5025811134522495
ida_neworleans_8_64,ida_neworleans,0,0.4176071445163938
ida_neworleans_8_65,ida_neworleans,0,0.419071309208508
ida_neworleans_8_66,ida_neworleans,0,0.41272890664875306
ida_neworleans_8_67,ida_neworleans,0,0.4123138803737179
ida_neworleans_9_28,ida_neworleans,1,0.5025165092107549
ida_neworleans_9_29,ida_neworleans,1,0.502555475006567
ida_neworleans_9_30,ida_neworleans,0,0.4115173897328712
ida_neworleans_9_31,ida_neworleans,0,0.41351822285722234
ida_neworleans_9_32,ida_neworleans,0,0.41797638576723417
ida_neworleans_9_33,ida_neworleans,0,0.5026482911378352
ida_neworleans_9_34,ida_neworleans,0,0.41746145117200967
ida_neworleans_9_35,ida_neworleans,0,0.4193429028628449
ida_neworleans_9_36,ida_neworleans,0,0.4165107879700814
ida_neworleans_9_37,ida_neworleans,1,0.418941841521641
ida_neworleans_9_38,ida_neworleans,1,0.4233452839005495
ida_neworleans_9_39,ida_neworleans,0,0.42500683892658486
ida_neworleans_9_40,ida_neworleans,0,0.42148555735271825
ida_neworleans_9_41,ida_neworleans,0,0.4193718756591343
ida_neworleans_9_42,ida_neworleans,0,0.42100412869616294
ida_neworleans_9_43,ida_neworleans,0,0.5026472284239281
ida_neworleans_9_44,ida_neworleans,0,0.5026372176827244
ida_neworleans_9_45,ida_neworleans,0,0.5026985616868815
ida_neworleans_9_46,ida_neworleans,1,0.502782381723385
ida_neworleans_9_47,ida_neworleans,0,0.5027320672137309
ida_neworleans_9_48,ida_neworleans,0,0.5027178919263642
ida_neworleans_9_49,ida_neworleans,0,0.502756807382871
ida_neworleans_9_50,ida_neworleans,1,0.443606373296028
ida_neworleans_9_51,ida_neworleans,0,0.4342782835082543
ida_neworleans_9_52,ida_neworleans,0,0.5026809478000671
ida_neworleans_9_53,ida_neworleans,0,0.5026089895535029
ida_neworleans_9_54,ida_neworleans,0,0.5026166461589243
ida_neworleans_9_55,ida_neworleans,0,0.5026391594349655
ida_neworleans_9_56,ida_neworleans,0,0.5026541028447863
ida_neworleans_9_57,ida_neworleans,0,0.5025732664512804
ida_neworleans_9_58,ida_neworleans,1,0.5025200389507379
ida_neworleans_9_59,ida_neworleans,0,0.5025395205975145
ida_neworleans_9_60,ida_neworleans,1,0.4168053864890229
ida_neworleans_9_61,ida_neworleans,0,0.41836229007890535
ida_neworleans_9_62,ida_neworleans,1,0.42445091949353
ida_neworleans_9_63,ida_neworleans,0,0.4269566801859013
ida_neworleans_9_64,ida_neworleans,1,0.46181007095354737
ida_neworleans_9_65,ida_neworleans,1,0.46939067443900223
ida_neworleans_9_66,ida_neworleans,0,0.42572461010527346
ida_neworleans_9_67,ida_neworleans,1,0.42036254431405407
ida_neworleans_10_0,ida_neworleans,1,0.5025252468763867
ida_neworleans_10_1,ida_neworleans,1,0.5025321024199759
ida_neworleans_10_9,ida_neworleans,1,0.5025035347358707
ida_neworleans_10_10,ida_neworleans,1,0.5025080733774675
ida_neworleans_10_11,ida_neworleans,1,0.5025050934516251
ida_neworleans_10_12,ida_neworleans,1,0.5025052667445855
ida_neworleans_10_20,ida_neworleans,0,0.5025204922833633
ida_neworleans_10_21,ida_neworleans,1,0.5025290511472228
ida_neworleans_10_22,ida_neworleans,1,0.5025440825891737
ida_neworleans_10_23,ida_neworleans,0,0.5025103381634182
ida_neworleans_10_24,ida_neworleans,0,0.5025527006409101
ida_neworleans_10_25,ida_neworleans,0,0.5025400539152585
ida_neworleans_10_26,ida_neworleans,0,0.502508700868173
ida_neworleans_10_27,ida_neworleans,0,0.502537289226596
ida_neworleans_10_28,ida_neworleans,0,0.5025966062232993
ida_neworleans_10_29,ida_neworleans,0,0.42214349671935697
ida_neworleans_10_30,ida_neworleans,0,0.4276107396548099
ida_neworleans_10_31,ida_neworleans,0,0.427574012051947
ida_neworleans_10_32,ida_neworleans,0,0.4228544676266155
ida_neworleans_10_33,ida_neworleans,0,0.43005493017365876
ida_neworleans_10_34,ida_neworleans,0,0.4300127099639493
ida_neworleans_10_35,ida_neworleans,0,0.4306440151426742
ida_neworleans_10_36,ida_neworleans,0,0.4236613918282793
ida_neworleans_10_37,ida_neworleans,0,0.4214326908171896
ida_neworleans_10_38,ida_neworleans,0,0.43103502014496414
ida_neworleans_10_39,ida_neworleans,0,0.432661863804977
ida_neworleans_10_40,ida_neworleans,0,0.42649127003336634
ida_neworleans_10_41,ida_neworleans,0,0.42473559437918723
ida_neworleans_10_42,ida_neworleans,0,0.42140406022749854
ida_neworleans_10_43,ida_neworleans,0,0.5026389119951218
ida_neworleans_10_44,ida_neworleans,0,0.5026396500023376
ida_neworleans_10_45,ida_neworleans,1,0.5028909424514272
ida_neworleans_10_46,ida_neworleans,1,0.5030385615847456
ida_neworleans_10_47,ida_neworleans,0,0.5028424939941124
ida_neworleans_10_48,ida_neworleans,0,0.502781271612292
ida_neworleans_10_49,ida_neworleans,1,0.43793949429263357
ida_neworleans_10_50,ida_neworleans,0,0.4430907133611168
ida_neworleans_10_51,ida_neworleans,0,0.43496680678950556
ida_neworleans_10_52,ida_neworleans,0,0.42334543786992895
ida_neworleans_10_53,ida_neworleans,0,0.41660504238803053
ida_neworleans_10_54,ida_neworleans,0,0.41648613353655883
ida_neworleans_10_55,ida_neworleans,0,0.41832119785202404
ida_neworleans_10_56,ida_neworleans,0,0.42065747350947935
ida_neworleans_10_57,ida_neworleans,0,0.502585611007401
ida_neworleans_10_58,ida_neworleans,1,0.5025222840836866
ida_neworleans_10_59,ida_neworleans,0,0.5025410451177565
ida_neworleans_10_60,ida_neworleans,1,0.4253409916925394
ida_neworleans_10_61,ida_neworleans,0,0.4261309964975842
ida_neworleans_10_62,ida_neworleans,0,0.4236562333212604
ida_neworleans_10_63,ida_neworleans,0,0.4236740720975636
ida_neworleans_10_64,ida_neworleans,0,0.44501311437175123
ida_neworleans_10_65,ida_neworleans,0,0.44621028088376335
ida_neworleans_10_66,ida_neworleans,1,0.4470731407521661
ida_neworleans_10_67,ida_neworleans,0,0.42073621620150803
ida_neworleans_11_0,ida_neworleans,1,0.50261398651305
ida_neworleans_11_1,ida_neworleans,0,0.5026029143077747
ida_neworleans_11_2,ida_neworleans,0,0.5025672269454138
ida_neworleans_11_3,ida_neworleans,0,0.5025543574678873
ida_neworleans_11_4,ida_neworleans,0,0.5025226239416292
ida_neworleans_11_5,ida_neworleans,1,0.5025216822755124
ida_neworleans_11_6,ida_neworleans,1,0.5025134347470745
ida_neworleans_11_7,ida_neworleans,1,0.5025096264251033
ida_neworleans_11_8,ida_neworleans,1,0.5025117982475539
ida_neworleans_11_9,ida_neworleans,1,0.5025183054823265
ida_neworleans_11_10,ida_neworleans,1,0.5025166129941064
ida_neworleans_11_11,ida_neworleans,1,0.5025194104057669
ida_neworleans_11_12,ida_neworleans,1,0.502517766204723
ida_neworleans_11_13,ida_neworleans,1,0.5025059121900031
ida_neworleans_11_14,ida_neworleans,1,0.5025145914581031
ida_neworleans_11_15,ida_neworleans,1,0.5025027311406838
ida_neworleans_11_17,ida_neworleans,1,0.5025172656890655
ida_neworleans_11_18,ida_neworleans,0,0.5025273346264407
ida_neworleans_11_19,ida_neworleans,0,0.4183894788771233
ida_neworleans_11_20,ida_neworleans,0,0.41631955565883233
ida_neworleans_11_21,ida_neworleans,0,0.41451379378473635
ida_neworleans_11_22,ida_neworleans,0,0.5025958167916817
ida_neworleans_11_23,ida_neworleans,0,0.5026099658552636
ida_neworleans_11_24,ida_neworleans,0,0.5026110869181296
ida_neworleans_11_25,ida_neworleans,0,0.5025952912748112
ida_neworleans_11_26,ida_neworleans,0,0.5026026539846515
ida_neworleans_11_27,ida_neworleans,0,0.4166341855905531
ida_neworleans_11_28,ida_neworleans,0,0.42139742498278376
ida_neworleans_11_29,ida_neworleans,0,0.4259743417113686
ida_neworleans_11_30,ida_neworleans,0,0.4353972161055678
ida_neworleans_11_31,ida_neworleans,0,0.43370062254966885
ida_neworleans_11_32,ida_neworleans,0,0.42987223218035525
ida_neworleans_11_33,ida_neworleans,0,0.4331415924288116
ida_neworleans_11_34,ida_neworleans,0,0.43479825582299314
ida_neworleans_11_35,ida_neworleans,0,0.430809414853749
ida_neworleans_11_36,ida_neworleans,0,0.42468957764562126
ida_neworleans_11_37,ida_neworleans,0,0.4267815625538385
ida_neworleans_11_38,ida_neworleans,1,0.4427923331380111
ida_neworleans_11_39,ida_neworleans,0,0.44309530261938723
ida_neworleans_11_40,ida_neworleans,0,0.4290903096548995
ida_neworleans_11_41,ida_neworleans,1,0.42829193164540447
ida_neworleans_11_42,ida_neworleans,0,0.5026866012906319
ida_neworleans_11_43,ida_neworleans,0,0.502643174448469
ida_neworleans_11_44,ida_neworleans,1,0.5026328992972872
ida_neworleans_11_45,ida_neworleans,0,0.5028449935436925
ida_neworleans_11_46,ida_neworleans,1,0.5030997894719391
ida_neworleans_11_47,ida_neworleans,0,0.5028527757612573
ida_neworleans_11_48,ida_neworleans,0,0.5027590530661199
ida_neworleans_11_49,ida_neworleans,1,0.4416217351779751
ida_neworleans_11_50,ida_neworleans,1,0.44620893363460945
ida_neworleans_11_51,ida_neworleans,0,0.4317793205388158
ida_neworleans_11_52,ida_neworleans,0,0.4246863344905921
ida_neworleans_11_53,ida_neworleans,0,0.41996599869298906
ida_neworleans_11_54,ida_neworleans,0,0.4176364474880359
ida_neworleans_11_55,ida_neworleans,0,0.42071114309334
ida_neworleans_11_56,ida_neworleans,0,0.4224998047056042
ida_neworleans_11_57,ida_neworleans,0,0.5026265297953947
ida_neworleans_11_58,ida_neworleans,0,0.5025128087277991
ida_neworleans_11_59,ida_neworleans,0,0.5025289141252683
ida_neworleans_11_60,ida_neworleans,0,0.42597263274255076
ida_neworleans_11_61,ida_neworleans,0,0.4271014009415012
ida_neworleans_11_62,ida_neworleans,0,0.4261622885373315
ida_neworleans_11_63,ida_neworleans,0,0.42522269904137017
ida_neworleans_11_64,ida_neworleans,0,0.4320291549644182
ida_neworleans_11_65,ida_neworleans,1,0.43001591367402137
ida_neworleans_11_66,ida_neworleans,0,0.42329660124656565
ida_neworleans_11_67,ida_neworleans,0,0.42157594806235144
ida_neworleans_12_0,ida_neworleans,1,0.5027947592037466
ida_neworleans_12_1,ida_neworleans,1,0.5027752189333121
ida_neworleans_12_2,ida_neworleans,0,0.502747128560973
ida_neworleans_12_3,ida_neworleans,1,0.5028016948411145
ida_neworleans_12_4,ida_neworleans,0,0.502584105902515
ida_neworleans_12_5,ida_neworleans,0,0.5025527006553667
ida_neworleans_12_6,ida_neworleans,0,0.5025787633416617
ida_neworleans_12_7,ida_neworleans,0,0.5025606762630466
ida_neworleans_12_8,ida_neworleans,0,0.5025421428540232
ida_neworleans_12_9,ida_neworleans,0,0.41511535675348865
ida_neworleans_12_10,ida_neworleans,0,0.41435097831873335
ida_neworleans_12_11,ida_neworleans,0,0.4157147255792119
ida_neworleans_12_12,ida_neworleans,1,0.41544676744108094
ida_neworleans_12_13,ida_neworleans,0,0.502605115444502
ida_neworleans_12_14,ida_neworleans,1,0.5025947119193893
ida_neworleans_12_15,ida_neworleans,0,0.5025636481578873
ida_neworleans_12_16,ida_neworleans,1,0.5025501761670669
ida_neworleans_12_17,ida_neworleans,1,0.5026435669332929
ida_neworleans_12_18,ida_neworleans,1,0.42686994585874666
ida_neworleans_12_19,ida_neworleans,0,0.43198167490019507
ida_neworleans_12_20,ida_neworleans,0,0.42696617454625974
ida_neworleans_12_21,ida_neworleans,0,0.4199932653955363
ida_neworleans_12_22,ida_neworleans,1,0.4186011858986093
ida_neworleans_12_23,ida_neworleans,0,0.4176092956411555
ida_neworleans_12_24,ida_neworleans,0,0.41849323895480317
ida_neworleans_12_25,ida_neworleans,0,0.4192594744312208
ida_neworleans_12_26,ida_neworleans,0,0.4206665771024438
ida_neworleans_12_27,ida_neworleans,0,0.42115433947613584
ida_neworleans_12_28,ida_neworleans,0,0.42385699989449166
ida_neworleans_12_29,ida_neworleans,0,0.42562328059019094
ida_neworleans_12_30,ida_neworleans,0,0.42996814101544023
ida_neworleans_12_31,ida_neworleans,0,0.4313431488288463
ida_neworleans_12_32,ida_neworleans,0,0.43047412495359805
ida_neworleans_12_33,ida_neworleans,1,0.4271804822415161
ida_neworleans_12_34,ida_neworleans,0,0.424059831074774
ida_neworleans_12_35,ida_neworleans,0,0.42060918006264963
ida_neworleans_12_36,ida_neworleans,0,0.42031255042795307
ida_neworleans_12_37,ida_neworleans,0,0.4222387885179838
ida_neworleans_12_38,ida_neworleans,1,0.43912792487416896
ida_neworleans_12_39,ida_neworleans,0,0.4423130574541243
ida_neworleans_12_40,ida_neworleans,0,0.4303402973643078
ida_neworleans_12_41,ida_neworleans,1,0.42854184711663973
ida_neworleans_12_42,ida_neworleans,1,0.5026925594663487
ida_neworleans_12_43,ida_neworleans,1,0.5026352902389468
ida_neworleans_12_44,ida_neworleans,0,0.502600094918811
ida_neworleans_12_45,ida_neworleans,0,0.502735078595703
ida_neworleans_12_46,ida_neworleans,0,0.5027325252904109
ida_neworleans_12_47,ida_neworleans,0,0.5026264556366014
ida_neworleans_12_48,ida_neworleans,0,0.5026345019745617
ida_neworleans_12_49,ida_neworleans,0,0.42357164982276024
ida_neworleans_12_50,ida_neworleans,1,0.43078907079206835
ida_neworleans_12_51,ida_neworleans,0,0.42984389361381575
ida_neworleans_12_52,ida_neworleans,0,0.4268831897590767
ida_neworleans_12_53,ida_neworleans,1,0.4254139512077279
ida_neworleans_12_54,ida_neworleans,0,0.42220945132919735
ida_neworleans_12_55,ida_neworleans,0,0.42320865151305875
ida_neworleans_12_56,ida_neworleans,0,0.4221802720813819
ida_neworleans_12_57,ida_neworleans,0,0.5026333460936739
ida_neworleans_12_58,ida_neworleans,0,0.5025097169303939
ida_neworleans_12_59,ida_neworleans,0,0.4130341640259916
ida_neworleans_12_60,ida_neworleans,0,0.41968356852980343
ida_neworleans_12_61,ida_neworleans,0,0.42457626648492647
ida_neworleans_12_62,ida_neworleans,1,0.43183301809369445
ida_neworleans_12_63,ida_neworleans,0,0.43059269723500754
ida_neworleans_12_64,ida_neworleans,0,0.4275192649419018
ida_neworleans_12_65,ida_neworleans,0,0.4194763824715963
ida_neworleans_12_66,ida_neworleans,1,0.4172672905381632
ida_neworleans_12_67,ida_neworleans,0,0.41352228211861297
ida_neworleans_13_0,ida_neworleans,0,0.5028920140643405
ida_neworleans_13_1,ida_neworleans,0,0.5028541131234388
ida_neworleans_13_2,ida_neworleans,0,0.5028676745846191
ida_neworleans_13_3,ida_neworleans,1,0.4438329237155078
ida_neworleans_13_4,ida_neworleans,1,0.43507823848579935
ida_neworleans_13_5,ida_neworleans,0,0.430373642202238
ida_neworleans_13_6,ida_neworleans,1,0.42854303600796634
ida_neworleans_13_7,ida_neworleans,1,0.5027579788163448
ida_neworleans_13_8,ida_neworleans,0,0.4309324132257651
ida_neworleans_13_9,ida_neworleans,1,0.4609131860426092
ida_neworleans_13_10,ida_neworleans,0,0.4769721866315971
ida_neworleans_13_11,ida_neworleans,0,0.4493041075915724
ida_neworleans_13_12,ida_neworleans,1,0.43608219303216295
ida_neworleans_13_13,ida_neworleans,0,0.4235671493591517
ida_neworleans_13_14,ida_neworleans,1,0.502669813588898
ida_neworleans_13_15,ida_neworleans,0,0.5026284811556665
ida_neworleans_13_16,ida_neworleans,1,0.5027129354190106
ida_neworleans_13_17,ida_neworleans,0,0.5028093574067775
ida_neworleans_13_18,ida_neworleans,0,0.4352242716565235
ida_neworleans_13_19,ida_neworleans,0,0.4317007771466137
ida_neworleans_13_20,ida_neworleans,0,0.42968802160528596
ida_neworleans_13_21,ida_neworleans,0,0.421323841179994
ida_neworleans_13_22,ida_neworleans,0,0.41943659076187273
ida_neworleans_13_23,ida_neworleans,0,0.4181237436836899
ida_neworleans_13_24,ida_neworleans,0,0.4185986225911745
ida_neworleans_13_25,ida_neworleans,0,0.42007942529381376
ida_neworleans_13_26,ida_neworleans,0,0.42137927306418416
ida_neworleans_13_27,ida_neworleans,0,0.42301571825238005
ida_neworleans_13_28,ida_neworleans,0,0.42570274890374504
ida_neworleans_13_29,ida_neworleans,0,0.4247735137221862
ida_neworleans_13_30,ida_neworleans,0,0.42436511379771746
ida_neworleans_13_31,ida_neworleans,0,0.4265569685205496
ida_neworleans_13_32,ida_neworleans,0,0.4274075281755621
ida_neworleans_13_33,ida_neworleans,0,0.4233577964268158
ida_neworleans_13_34,ida_neworleans,0,0.41932764121083055
ida_neworleans_13_35,ida_neworleans,1,0.4184448322416878
ida_neworleans_13_36,ida_neworleans,1,0.41857550491658513
ida_neworleans_13_37,ida_neworleans,0,0.42184228433455756
ida_neworleans_13_38,ida_neworleans,1,0.43363702161801515
ida_neworleans_13_39,ida_neworleans,0,0.4388040596394597
ida_neworleans_13_40,ida_neworleans,0,0.43877744046567624
ida_neworleans_13_41,ida_neworleans,1,0.4305731471012195
ida_neworleans_13_42,ida_neworleans,0,0.5026506170290075
ida_neworleans_13_43,ida_neworleans,0,0.5026085237207525
ida_neworleans_13_44,ida_neworleans,0,0.5026109816600608
ida_neworleans_13_45,ida_neworleans,1,0.5026799471850456
ida_neworleans_13_46,ida_neworleans,1,0.5026574901575721
ida_neworleans_13_47,ida_neworleans,0,0.5026429616004704
ida_neworleans_13_48,ida_neworleans,0,0.5026730260359681
ida_neworleans_13_49,ida_neworleans,0,0.5026829167310245
ida_neworleans_13_50,ida_neworleans,0,0.5028116539563864
ida_neworleans_13_51,ida_neworleans,0,0.4331761384396591
ida_neworleans_13_52,ida_neworleans,0,0.42699745819843754
ida_neworleans_13_53,ida_neworleans,0,0.42605926544396067
ida_neworleans_13_54,ida_neworleans,0,0.41963608671446867
ida_neworleans_13_55,ida_neworleans,0,0.41855517825879557
ida_neworleans_13_56,ida_neworleans,0,0.5025789557696774
ida_neworleans_13_57,ida_neworleans,0,0.5025550959296414
ida_neworleans_13_58,ida_neworleans,0,0.4123041208991882
ida_neworleans_13_59,ida_neworleans,1,0.4142644823039091
ida_neworleans_13_60,ida_neworleans,1,0.4156417320367956
ida_neworleans_13_61,ida_neworleans,1,0.41980411380261073
ida_neworleans_13_62,ida_neworleans,1,0.4218701491115069
ida_neworleans_13_63,ida_neworleans,0,0.4194812949943535
ida_neworleans_13_64,ida_neworleans,0,0.41871103430657947
ida_neworleans_13_65,ida_neworleans,1,0.414862356318984
ida_neworleans_13_66,ida_neworleans,1,0.41472410790791947
ida_neworleans_13_67,ida_neworleans,0,0.41315019754635407
ida_neworleans_14_0,ida_neworleans,0,0.5027977633623685
ida_neworleans_14_1,ida_neworleans,0,0.43797710353803315
ida_neworleans_14_2,ida_neworleans,0,0.43406632612472157
ida_neworleans_14_3,ida_neworleans,0,0.437766898360071
ida_neworleans_14_4,ida_neworleans,1,0.4485204532916298
ida_neworleans_14_5,ida_neworleans,1,0.44897971126541314
ida_neworleans_14_6,ida_neworleans,0,0.43797130497119735
ida_neworleans_14_7,ida_neworleans,1,0.4403633805145402
ida_neworleans_14_8,ida_neworleans,0,0.44663397336015204
ida_neworleans_14_9,ida_neworleans,0,0.4751636655777309
ida_neworleans_14_10,ida_neworleans,0,0.5035969376145223
ida_neworleans_14_11,ida_neworleans,0,0.46622595956210233
ida_neworleans_14_12,ida_neworleans,0,0.4320543873364217
ida_neworleans_14_13,ida_neworleans,0,0.4277010900892504
ida_neworleans_14_14,ida_neworleans,1,0.5027461252637828
ida_neworleans_14_15,ida_neworleans,0,0.5027119595492848
ida_neworleans_14_16,ida_neworleans,0,0.5027597109570505
ida_neworleans_14_17,ida_neworleans,0,0.4349481194493609
ida_neworleans_14_18,ida_neworleans,0,0.4308296146177419
ida_neworleans_14_19,ida_neworleans,0,0.4258075130335299
ida_neworleans_14_20,ida_neworleans,0,0.42421335397022986
ida_neworleans_14_21,ida_neworleans,0,0.42030718866463385
ida_neworleans_14_22,ida_neworleans,0,0.41861290278833496
ida_neworleans_14_23,ida_neworleans,0,0.41574295629931624
ida_neworleans_14_24,ida_neworleans,0,0.4149227400434557
ida_neworleans_14_25,ida_neworleans,1,0.41731661735979253
ida_neworleans_14_26,ida_neworleans,0,0.5026356672280715
ida_neworleans_14_27,ida_neworleans,1,0.42360489991670636
ida_neworleans_14_28,ida_neworleans,0,0.4262360439249108
ida_neworleans_14_29,ida_neworleans,0,0.42412556009477165
ida_neworleans_14_30,ida_neworleans,0,0.42285116195325695
ida_neworleans_14_31,ida_neworleans,0,0.423729239619979
ida_neworleans_14_32,ida_neworleans,0,0.4238974147317187
ida_neworleans_14_33,ida_neworleans,0,0.42416413617432036
ida_neworleans_14_34,ida_neworleans,0,0.42076762375903615
ida_neworleans_14_35,ida_neworleans,0,0.42030524486015347
ida_neworleans_14_36,ida_neworleans,0,0.4197756916429173
ida_neworleans_14_37,ida_neworleans,0,0.4200543424104713
ida_neworleans_14_38,ida_neworleans,1,0.4341526230478046
ida_neworleans_14_39,ida_neworleans,1,0.45108138140999327
ida_neworleans_14_40,ida_neworleans,0,0.4404668335721934
ida_neworleans_14_41,ida_neworleans,0,0.43500180998198845
ida_neworleans_14_42,ida_neworleans,0,0.5027101940351014
ida_neworleans_14_43,ida_neworleans,0,0.5026521851368598
ida_neworleans_14_44,ida_neworleans,0,0.5026892827381008
ida_neworleans_14_45,ida_neworleans,0,0.5028045430172964
ida_neworleans_14_46,ida_neworleans,0,0.5027613174945073
ida_neworleans_14_47,ida_neworleans,0,0.5026902153353435
ida_neworleans_14_48,ida_neworleans,1,0.5027637323960793
ida_neworleans_14_49,ida_neworleans,0,0.5027831269637127
ida_neworleans_14_50,ida_neworleans,1,0.5027977798188935
ida_neworleans_14_51,ida_neworleans,0,0.5027527244929383
ida_neworleans_14_52,ida_neworleans,1,0.5026712564778533
ida_neworleans_14_53,ida_neworleans,1,0.5026148928233064
ida_neworleans_14_54,ida_neworleans,0,0.5025649289488854
ida_neworleans_14_55,ida_neworleans,1,0.5025657952348385
ida_neworleans_14_56,ida_neworleans,1,0.5025852484502098
ida_neworleans_14_57,ida_neworleans,1,0.42124883637190563
ida_neworleans_14_58,ida_neworleans,0,0.41670899355927493
ida_neworleans_14_59,ida_neworleans,0,0.4172552379588549
ida_neworleans_14_60,ida_neworleans,1,0.41613664101159464
ida_neworleans_14_61,ida_neworleans,1,0.4158133024283813
ida_neworleans_14_62,ida_neworleans,1,0.41345455398829306
ida_neworleans_14_63,ida_neworleans,1,0.5025293473002256
ida_neworleans_14_64,ida_neworleans,0,0.5025272533099533
ida_neworleans_14_65,ida_neworleans,1,0.502528678262606
ida_neworleans_14_66,ida_neworleans,1,0.5025271096115683
ida_neworleans_14_67,ida_neworleans,1,0.502515107422733
ida_neworleans_15_0,ida_neworleans,1,0.4441773798700553
ida_neworleans_15_1,ida_neworleans,1,0.4454499894937976
ida_neworleans_15_2,ida_neworleans,0,0.4335604125947584
ida_neworleans_15_3,ida_neworleans,0,0.43172268714717105
ida_neworleans_15_4,ida_neworleans,0,0.44099948859110183
ida_neworleans_15_5,ida_neworleans,1,0.44882742486777905
ida_neworleans_15_6,ida_neworleans,0,0.44066298239555696
ida_neworleans_15_7,ida_neworleans,1,0.4484700657590587
ida_neworleans_15_8,ida_neworleans,0,0.4759440150270026
ida_neworleans_15_9,ida_neworleans,0,0.5020907411329993
ida_neworleans_15_10,ida_neworleans,0,0.5063278689562482
ida_neworleans_15_11,ida_neworleans,0,0.46081960664517413
ida_neworleans_15_12,ida_neworleans,0,0.43139374939987113
ida_neworleans_15_13,ida_neworleans,0,0.4275026373823524
ida_neworleans_15_14,ida_neworleans,1,0.4283312496371347
ida_neworleans_15_15,ida_neworleans,0,0.5027409548936311
ida_neworleans_15_16,ida_neworleans,0,0.5027679346483354
ida_neworleans_15_17,ida_neworleans,0,0.4332172812674318
ida_neworleans_15_18,ida_neworleans,0,0.42998904631355583
ida_neworleans_15_19,ida_neworleans,0,0.4253168772595684
ida_neworleans_15_20,ida_neworleans,0,0.42341143663829095
ida_neworleans_15_21,ida_neworleans,0,0.4221993631091503
ida_neworleans_15_22,ida_neworleans,0,0.41873904601317974
ida_neworleans_15_23,ida_neworleans,0,0.41486635370984587
ida_neworleans_15_24,ida_neworleans,0,0.5025394726797614
ida_neworleans_15_25,ida_neworleans,1,0.5025643494067216
ida_neworleans_15_26,ida_neworleans,0,0.5025939708743461
ida_neworleans_15_27,ida_neworleans,1,0.5026600849844752
ida_neworleans_15_28,ida_neworleans,0,0.5026741223673402
ida_neworleans_15_29,ida_neworleans,0,0.5026735423388653
ida_neworleans_15_30,ida_neworleans,0,0.50267148259473
ida_neworleans_15_31,ida_neworleans,0,0.5026999920198186
ida_neworleans_15_32,ida_neworleans,0,0.42405191634907763
ida_neworleans_15_33,ida_neworleans,0,0.4243049409259896
ida_neworleans_15_34,ida_neworleans,0,0.4242875079804418
ida_neworleans_15_35,ida_neworleans,0,0.424928063002738
ida_neworleans_15_36,ida_neworleans,0,0.42738854690581585
ida_neworleans_15_37,ida_neworleans,0,0.42475618079429894
ida_neworleans_15_38,ida_neworleans,0,0.4353643850186881
ida_neworleans_15_39,ida_neworleans,0,0.45395035568926223
ida_neworleans_15_40,ida_neworleans,0,0.4791249869966999
ida_neworleans_15_41,ida_neworleans,0,0.47097935842479627
ida_neworleans_15_42,ida_neworleans,0,0.5031092481962947
ida_neworleans_15_43,ida_neworleans,1,0.50297883873508
ida_neworleans_15_44,ida_neworleans,1,0.5028480678994477
ida_neworleans_15_45,ida_neworleans,0,0.502849451374076
ida_neworleans_15_46,ida_neworleans,0,0.5027440776414295
ida_neworleans_15_47,ida_neworleans,0,0.5026621327498727
ida_neworleans_15_48,ida_neworleans,0,0.502585981029983
ida_neworleans_15_49,ida_neworleans,0,0.5025608087477664
ida_neworleans_15_50,ida_neworleans,1,0.502709064136099
ida_neworleans_15_51,ida_neworleans,0,0.5026253735653241
ida_neworleans_15_52,ida_neworleans,0,0.5026018773231924
ida_neworleans_15_53,ida_neworleans,0,0.502615244880169
ida_neworleans_15_54,ida_neworleans,1,0.5026169864069603
ida_neworleans_15_55,ida_neworleans,1,0.5025699481820299
ida_neworleans_15_56,ida_neworleans,0,0.5025848074035807
ida_neworleans_15_57,ida_neworleans,1,0.4360082835240091
ida_neworleans_15_58,ida_neworleans,0,0.44326705404164446
ida_neworleans_15_59,ida_neworleans,1,0.43703177887494277
ida_neworleans_15_60,ida_neworleans,1,0.4143296185312163
ida_neworleans_15_61,ida_neworleans,1,0.4126098787402636
ida_neworleans_15_62,ida_neworleans,1,0.5025124975069635
ida_neworleans_15_63,ida_neworleans,1,0.5025052727695508
ida_neworleans_15_64,ida_neworleans,1,0.5025059473796737
ida_neworleans_15_65,ida_neworleans,1,0.5025045874131274
ida_neworleans_16_0,ida_neworleans,1,0.46372095187181567
ida_neworleans_16_1,ida_neworleans,1,0.4677144186034615
ida_neworleans_16_2,ida_neworleans,1,0.46023873572301205
ida_neworleans_16_3,ida_neworleans,1,0.462558455815016
ida_neworleans_16_4,ida_neworleans,0,0.4504041080379184
ida_neworleans_16_5,ida_neworleans,1,0.46078578814058285
ida_neworleans_16_6,ida_neworleans,1,0.46265936633577176
ida_neworleans_16_7,ida_neworleans,0,0.4562124476110105
ida_neworleans_16_8,ida_neworleans,0,0.48766720851279216
ida_neworleans_16_9,ida_neworleans,0,0.5005527519393866
ida_neworleans_16_10,ida_neworleans,0,0.49000906546054096
ida_neworleans_16_11,ida_neworleans,0,0.4596031798681379
ida_neworleans_16_12,ida_neworleans,0,0.4377646193854485
ida_neworleans_16_13,ida_neworleans,0,0.4338707265236628
ida_neworleans_16_14,ida_neworleans,0,0.4342562163271974
ida_neworleans_16_15,ida_neworleans,0,0.43258115348046366
ida_neworleans_16_16,ida_neworleans,0,0.4285848915200478
ida_neworleans_16_17,ida_neworleans,0,0.4312933464329359
ida_neworleans_16_18,ida_neworleans,0,0.4308364981884323
ida_neworleans_16_19,ida_neworleans,0,0.42835469983905705
ida_neworleans_16_20,ida_neworleans,0,0.42700003360409844
ida_neworleans_16_21,ida_neworleans,0,0.4249427232334451
ida_neworleans_16_22,ida_neworleans,0,0.42260504744099764
ida_neworleans_16_23,ida_neworleans,0,0.4181467818687095
ida_neworleans_16_24,ida_neworleans,1,0.5025773314055301
ida_neworleans_16_25,ida_neworleans,1,0.5025611928981826
ida_neworleans_16_26,ida_neworleans,0,0.5025942533587504
ida_neworleans_16_27,ida_neworleans,1,0.5026470368088033
ida_neworleans_16_28,ida_neworleans,0,0.42230671833983785
ida_neworleans_16_29,ida_neworleans,0,0.42151031764450303
ida_neworleans_16_30,ida_neworleans,0,0.42208577036502715
ida_neworleans_16_31,ida_neworleans,1,0.42652884583967676
ida_neworleans_16_32,ida_neworleans,0,0.4274794251235804
ida_neworleans_16_33,ida_neworleans,0,0.4229021946207958
ida_neworleans_16_34,ida_neworleans,1,0.4272582540549596
ida_neworleans_16_35,ida_neworleans,0,0.43166737404193634
ida_neworleans_16_36,ida_neworleans,1,0.45880776155283703
ida_neworleans_16_37,ida_neworleans,1,0.4666441009333954
ida_neworleans_16_38,ida_neworleans,1,0.46280864593554777
ida_neworleans_16_39,ida_neworleans,0,0.44877471336329355
ida_neworleans_16_40,ida_neworleans,0,0.4668176113232915
ida_neworleans_16_41,ida_neworleans,0,0.46616620528076264
ida_neworleans_16_42,ida_neworleans,1,0.5030809466426214
ida_neworleans_16_43,ida_neworleans,0,0.5028384664346137
ida_neworleans_16_44,ida_neworleans,1,0.5027755544539697
ida_neworleans_16_45,ida_neworleans,0,0.5026863811005455
ida_neworleans_16_46,ida_neworleans,0,0.5026459823426023
ida_neworleans_16_47,ida_neworleans,0,0.5025582072559429
ida_neworleans_16_48,ida_neworleans,1,0.502532842100726
ida_neworleans_16_49,ida_neworleans,1,0.5025494294141781
ida_neworleans_16_50,ida_neworleans,1,0.5025625278786395
ida_neworleans_16_51,ida_neworleans,1,0.5025705672869033
ida_neworleans_16_52,ida_neworleans,0,0.5025770288218481
ida_neworleans_16_53,ida_neworleans,0,0.5026545305331641
ida_neworleans_16_54,ida_neworleans,1,0.502641264237271
ida_neworleans_16_55,ida_neworleans,0,0.5025400410954725
ida_neworleans_16_56,ida_neworleans,1,0.5025216919391997
ida_neworleans_16_57,ida_neworleans,0,0.4127849582492576
ida_neworleans_16_58,ida_neworleans,0,0.42011950217911787
ida_neworleans_16_59,ida_neworleans,1,0.43082077561384846
ida_neworleans_16_60,ida_neworleans,1,0.4142095461057998
ida_neworleans_16_61,ida_neworleans,1,0.41114929388850463
ida_neworleans_16_62,ida_neworleans,1,0.5025111659373995
ida_neworleans_16_65,ida_neworleans,1,0.5025035182293632
ida_neworleans_17_0,ida_neworleans,0,0.4324758614345188
ida_neworleans_17_1,ida_neworleans,0,0.4379009976334511
ida_neworleans_17_2,ida_neworleans,1,0.4606293796620999
ida_neworleans_17_3,ida_neworleans,0,0.46734663195642123
ida_neworleans_17_4,ida_neworleans,0,0.4712138632320577
ida_neworleans_17_5,ida_neworleans,1,0.4719569689702238
ida_neworleans_17_6,ida_neworleans,1,0.47386467183053604
ida_neworleans_17_7,ida_neworleans,1,0.46260538032622706
ida_neworleans_17_8,ida_neworleans,1,0.4870163652738451
ida_neworleans_17_9,ida_neworleans,0,0.49188607035917076
ida_neworleans_17_10,ida_neworleans,0,0.48433296959113253
ida_neworleans_17_11,ida_neworleans,0,0.4686086935241943
ida_neworleans_17_12,ida_neworleans,0,0.44505464357828756
ida_neworleans_17_13,ida_neworleans,1,0.445080778331983
ida_neworleans_17_14,ida_neworleans,1,0.44485967136409266
ida_neworleans_17_15,ida_neworleans,0,0.44331419590252186
ida_neworleans_17_16,ida_neworleans,1,0.45362037664463284
ida_neworleans_17_17,ida_neworleans,1,0.4620364277305046
ida_neworleans_17_18,ida_neworleans,0,0.44159318651144697
ida_neworleans_17_19,ida_neworleans,0,0.42768582685851353
ida_neworleans_17_20,ida_neworleans,0,0.4238148551162803
ida_neworleans_17_21,ida_neworleans,0,0.4251087066788625
ida_neworleans_17_22,ida_neworleans,0,0.4225402735282356
ida_neworleans_17_23,ida_neworleans,0,0.4164716127305528
ida_neworleans_17_24,ida_neworleans,0,0.502565472043677
ida_neworleans_17_25,ida_neworleans,0,0.5025700390829295
ida_neworleans_17_26,ida_neworleans,0,0.5026466528413464
ida_neworleans_17_27,ida_neworleans,0,0.42306198949855073
ida_neworleans_17_28,ida_neworleans,0,0.42371119665679835
ida_neworleans_17_29,ida_neworleans,0,0.42142252833059285
ida_neworleans_17_30,ida_neworleans,0,0.42434185324276275
ida_neworleans_17_31,ida_neworleans,0,0.4351845755424333
ida_neworleans_17_32,ida_neworleans,0,0.4373314736057966
ida_neworleans_17_33,ida_neworleans,0,0.42397636615218903
ida_neworleans_17_34,ida_neworleans,1,0.502717311327611
ida_neworleans_17_35,ida_neworleans,0,0.4326891139771277
ida_neworleans_17_36,ida_neworleans,0,0.44473995375690584
ida_neworleans_17_37,ida_neworleans,0,0.45343974284028005
ida_neworleans_17_38,ida_neworleans,1,0.4566251603370436
ida_neworleans_17_39,ida_neworleans,0,0.43084468922285685
ida_neworleans_17_40,ida_neworleans,1,0.5028345500880832
ida_neworleans_17_41,ida_neworleans,0,0.5028358969127042
ida_neworleans_17_42,ida_neworleans,1,0.5028545874173045
ida_neworleans_17_43,ida_neworleans,0,0.5025698107509099
ida_neworleans_17_44,ida_neworleans,0,0.5025561135757318
ida_neworleans_17_45,ida_neworleans,0,0.5025792234701456
ida_neworleans_17_46,ida_neworleans,0,0.5025619498754499
ida_neworleans_17_47,ida_neworleans,0,0.5025232558158264
ida_neworleans_17_48,ida_neworleans,1,0.5025087359712342
ida_neworleans_17_49,ida_neworleans,1,0.5025108608051873
ida_neworleans_17_50,ida_neworleans,0,0.5025057574816326
ida_neworleans_17_51,ida_neworleans,1,0.502503618354436
ida_neworleans_17_52,ida_neworleans,0,0.5025065877148024
ida_neworleans_17_53,ida_neworleans,0,0.5025313017742051
ida_neworleans_17_54,ida_neworleans,1,0.5025886475302093
ida_neworleans_17_55,ida_neworleans,0,0.5025157408786181
ida_neworleans_17_56,ida_neworleans,1,0.5025069374155814
ida_neworleans_17_57,ida_neworleans,1,0.5025091864615607
ida_neworleans_17_58,ida_neworleans,1,0.41133837307507054
ida_neworleans_17_60,ida_neworleans,1,0.41087651196871944
ida_neworleans_18_0,ida_neworleans,0,0.5027039617556562
ida_neworleans_18_1,ida_neworleans,0,0.5027753299371331
ida_neworleans_18_2,ida_neworleans,1,0.4526740255157612
ida_neworleans_18_3,ida_neworleans,0,0.46151350556312004
ida_neworleans_18_4,ida_neworleans,0,0.4693205525409049
ida_neworleans_18_5,ida_neworleans,1,0.4784689147124816
ida_neworleans_18_6,ida_neworleans,0,0.4668414866790453
ida_neworleans_18_7,ida_neworleans,0,0.4461730287869958
ida_neworleans_18_8,ida_neworleans,1,0.4703855362853648
ida_neworleans_18_9,ida_neworleans,0,0.4838704999790163
ida_neworleans_18_10,ida_neworleans,0,0.47460486194854207
ida_neworleans_18_11,ida_neworleans,1,0.46240386720626386
ida_neworleans_18_12,ida_neworleans,0,0.4377599035969457
ida_neworleans_18_13,ida_neworleans,0,0.4387693963331001
ida_neworleans_18_14,ida_neworleans,0,0.43541590825035525
ida_neworleans_18_15,ida_neworleans,0,0.4365105673068263
ida_neworleans_18_16,ida_neworleans,1,0.4463303225643704
ida_neworleans_18_17,ida_neworleans,1,0.45940713517494586
ida_neworleans_18_18,ida_neworleans,0,0.44155415952725285
ida_neworleans_18_19,ida_neworleans,0,0.42405604111561157
ida_neworleans_18_20,ida_neworleans,0,0.42302756738193803
ida_neworleans_18_21,ida_neworleans,0,0.4210537075263273
ida_neworleans_18_22,ida_neworleans,0,0.42033068424721864
ida_neworleans_18_23,ida_neworleans,0,0.4150812054348429
ida_neworleans_18_24,ida_neworleans,0,0.5025675783813673
ida_neworleans_18_25,ida_neworleans,0,0.5026550406095471
ida_neworleans_18_26,ida_neworleans,0,0.502748431670797
ida_neworleans_18_27,ida_neworleans,0,0.42605298927215995
ida_neworleans_18_28,ida_neworleans,0,0.4264489113805792
ida_neworleans_18_29,ida_neworleans,0,0.4227723339663161
ida_neworleans_18_30,ida_neworleans,0,0.4262314431077286
ida_neworleans_18_31,ida_neworleans,0,0.4373670625873553
ida_neworleans_18_32,ida_neworleans,0,0.44115067762777965
ida_neworleans_18_33,ida_neworleans,0,0.42392895413352605
ida_neworleans_18_34,ida_neworleans,1,0.4250486414022164
ida_neworleans_18_35,ida_neworleans,1,0.429182492057265
ida_neworleans_18_36,ida_neworleans,1,0.4335114952444311
ida_neworleans_18_37,ida_neworleans,1,0.4473802715377783
ida_neworleans_18_38,ida_neworleans,1,0.4430918596913898
ida_neworleans_18_39,ida_neworleans,0,0.423388773648745
ida_neworleans_18_40,ida_neworleans,0,0.42379785868582215
ida_neworleans_18_41,ida_neworleans,0,0.5026428215957671
ida_neworleans_18_42,ida_neworleans,0,0.5026487640752623
ida_neworleans_18_43,ida_neworleans,0,0.502549254757794
ida_neworleans_18_44,ida_neworleans,0,0.5025341854296366
ida_neworleans_18_45,ida_neworleans,0,0.5025806786809641
ida_neworleans_18_46,ida_neworleans,0,0.502542741068235
ida_neworleans_18_47,ida_neworleans,0,0.5025176812703684
ida_neworleans_18_48,ida_neworleans,1,0.5025170484407748
ida_neworleans_18_49,ida_neworleans,0,0.5025042818532006
ida_neworleans_18_50,ida_neworleans,1,0.5025053562470246
ida_neworleans_18_51,ida_neworleans,1,0.502505934955092
ida_neworleans_18_52,ida_neworleans,1,0.5025032985499831
ida_neworleans_18_53,ida_neworleans,1,0.502504479516862
ida_neworleans_18_54,ida_neworleans,1,0.5025060526542854
ida_neworleans_18_55,ida_neworleans,1,0.5025043005451212
ida_neworleans_18_58,ida_neworleans,1,0.50250391078929
ida_neworleans_19_0,ida_neworleans,0,0.5026984821946315
ida_neworleans_19_1,ida_neworleans,0,0.5027336881296625
ida_neworleans_19_2,ida_neworleans,0,0.44319348407560655
ida_neworleans_19_3,ida_neworleans,0,0.44459340953006277
ida_neworleans_19_4,ida_neworleans,0,0.46151876709788614
ida_neworleans_19_5,ida_neworleans,0,0.47289006417876694
ida_neworleans_19_6,ida_neworleans,1,0.4652297892781085
ida_neworleans_19_7,ida_neworleans,0,0.4393259604020958
ida_neworleans_19_8,ida_neworleans,0,0.44422873649443373
ida_neworleans_19_9,ida_neworleans,0,0.45796766158887364
ida_neworleans_19_10,ida_neworleans,0,0.45767583958469826
ida_neworleans_19_11,ida_neworleans,0,0.448704779033285
ida_neworleans_19_12,ida_neworleans,0,0.43448830557742657
ida_neworleans_19_13,ida_neworleans,0,0.42930757024197674
ida_neworleans_19_14,ida_neworleans,0,0.42833440063775224
ida_neworleans_19_15,ida_neworleans,0,0.42838399960163726
ida_neworleans_19_16,ida_neworleans,0,0.43106248156451105
ida_neworleans_19_17,ida_neworleans,0,0.4295124857911612
ida_neworleans_19_18,ida_neworleans,0,0.4274930468473082
ida_neworleans_19_19,ida_neworleans,0,0.5027170707921972
ida_neworleans_19_20,ida_neworleans,0,0.4251224641032354
ida_neworleans_19_21,ida_neworleans,0,0.42206368643332887
ida_neworleans_19_22,ida_neworleans,0,0.42161444892802075
ida_neworleans_19_23,ida_neworleans,0,0.5026420456028432
ida_neworleans_19_24,ida_neworleans,0,0.5026398937017916
ida_neworleans_19_25,ida_neworleans,0,0.5027417224834037
ida_neworleans_19_26,ida_neworleans,0,0.5029135090362163
ida_neworleans_19_27,ida_neworleans,0,0.4400436611225139
ida_neworleans_19_28,ida_neworleans,0,0.43344434356797173
ida_neworleans_19_29,ida_neworleans,0,0.43047945327228015
ida_neworleans_19_30,ida_neworleans,0,0.4335139005298271
ida_neworleans_19_31,ida_neworleans,1,0.43680135867532244
ida_neworleans_19_32,ida_neworleans,0,0.4372343203926459
ida_neworleans_19_33,ida_neworleans,0,0.426218826231068
ida_neworleans_19_34,ida_neworleans,1,0.42645916090553077
ida_neworleans_19_35,ida_neworleans,1,0.42595668453912666
ida_neworleans_19_36,ida_neworleans,0,0.42689929298164
ida_neworleans_19_37,ida_neworleans,0,0.4282044692995731
ida_neworleans_19_38,ida_neworleans,0,0.4308815425541128
ida_neworleans_19_39,ida_neworleans,0,0.4192572346650002
ida_neworleans_19_40,ida_neworleans,1,0.41665451853511143
ida_neworleans_19_41,ida_neworleans,1,0.5025923188558477
ida_neworleans_19_42,ida_neworleans,1,0.5025716192049776
ida_neworleans_19_43,ida_neworleans,1,0.5025268946916936
ida_neworleans_19_44,ida_neworleans,1,0.5025165958738278
ida_neworleans_19_45,ida_neworleans,1,0.5025096367075566
ida_neworleans_19_46,ida_neworleans,0,0.5025046660804828
ida_neworleans_19_47,ida_neworleans,1,0.5025085645842874
ida_neworleans_19_48,ida_neworleans,1,0.5025068248981654
ida_neworleans_19_55,ida_neworleans,1,0.5025051749050646
ida_neworleans_19_58,ida_neworleans,1,0.5025082428111556
ida_neworleans_19_59,ida_neworleans,1,0.5025028666246479
ida_neworleans_20_0,ida_neworleans,1,0.5027269508458785
ida_neworleans_20_1,ida_neworleans,0,0.5027127481099509
ida_neworleans_20_2,ida_neworleans,1,0.502789858003357
ida_neworleans_20_3,ida_neworleans,1,0.4336928430843867
ida_neworleans_20_4,ida_neworleans,0,0.43923873806033276
ida_neworleans_20_5,ida_neworleans,0,0.4459046424291049
ida_neworleans_20_6,ida_neworleans,0,0.43821011513669117
ida_neworleans_20_7,ida_neworleans,0,0.43174718316125943
ida_neworleans_20_8,ida_neworleans,1,0.43697462955549066
ida_neworleans_20_9,ida_neworleans,0,0.4397214846956264
ida_neworleans_20_10,ida_neworleans,0,0.43761382814029937
ida_neworleans_20_11,ida_neworleans,1,0.44081251924019305
ida_neworleans_20_12,ida_neworleans,0,0.43191473958683124
ida_neworleans_20_13,ida_neworleans,1,0.4362356180032186
ida_neworleans_20_14,ida_neworleans,0,0.4344530220983126
ida_neworleans_20_15,ida_neworleans,0,0.43221111756505143
ida_neworleans_20_16,ida_neworleans,1,0.5028410683053303
ida_neworleans_20_17,ida_neworleans,1,0.5027818072083932
ida_neworleans_20_18,ida_neworleans,0,0.5027259819140274
ida_neworleans_20_19,ida_neworleans,0,0.42637033645304945
ida_neworleans_20_20,ida_neworleans,0,0.4267016152911722
ida_neworleans_20_21,ida_neworleans,1,0.43534498724813164
ida_neworleans_20_22,ida_neworleans,1,0.4319986239040941
ida_neworleans_20_23,ida_neworleans,0,0.425284718806377
ida_neworleans_20_24,ida_neworleans,0,0.4252313682079375
ida_neworleans_20_25,ida_neworleans,1,0.4304674791355268
ida_neworleans_20_26,ida_neworleans,0,0.4344470477137431
ida_neworleans_20_27,ida_neworleans,0,0.5028129592183743
ida_neworleans_20_28,ida_neworleans,0,0.5027780728364196
ida_neworleans_20_29,ida_neworleans,0,0.5028441190627874
ida_neworleans_20_30,ida_neworleans,0,0.5028350430827409
ida_neworleans_20_31,ida_neworleans,1,0.4424000808131193
ida_neworleans_20_32,ida_neworleans,1,0.4481605099405901
ida_neworleans_20_33,ida_neworleans,1,0.4331508830829212
ida_neworleans_20_34,ida_neworleans,1,0.4318422414402555
ida_neworleans_20_35,ida_neworleans,1,0.42714323006183164
ida_neworleans_20_36,ida_neworleans,1,0.4241846344270734
ida_neworleans_20_37,ida_neworleans,1,0.4264351109013098
ida_neworleans_20_38,ida_neworleans,0,0.4269768442727109
ida_neworleans_20_39,ida_neworleans,0,0.42182640607221217
ida_neworleans_20_40,ida_neworleans,1,0.41763608687653125
ida_neworleans_20_41,ida_neworleans,1,0.5026073612725016
ida_neworleans_20_42,ida_neworleans,0,0.5025306214736805
ida_neworleans_20_43,ida_neworleans,1,0.5025116517189298
ida_neworleans_20_44,ida_neworleans,1,0.502507538986709
ida_neworleans_20_45,ida_neworleans,1,0.5025064401404827
ida_neworleans_20_49,ida_neworleans,1,0.5025037307607708
ida_neworleans_20_55,ida_neworleans,1,0.5025088174970359
ida_neworleans_20_57,ida_neworleans,1,0.5025146618813635
ida_neworleans_20_58,ida_neworleans,1,0.5025213199937507
ida_neworleans_21_0,ida_neworleans,1,0.5027614448534509
ida_neworleans_21_1,ida_neworleans,1,0.5027473395310768
ida_neworleans_21_2,ida_neworleans,0,0.5027539334034964
ida_neworleans_21_3,ida_neworleans,0,0.43145198958606346
ida_neworleans_21_4,ida_neworleans,1,0.4348083944522309
ida_neworleans_21_5,ida_neworleans,0,0.43833528437445735
ida_neworleans_21_6,ida_neworleans,0,0.4335430523250241
ida_neworleans_21_7,ida_neworleans,0,0.42975643598024366
ida_neworleans_21_8,ida_neworleans,0,0.502779069038254
ida_neworleans_21_9,ida_neworleans,0,0.43104643895848277
ida_neworleans_21_10,ida_neworleans,0,0.4360006465904594
ida_neworleans_21_11,ida_neworleans,0,0.4349739629747371
ida_neworleans_21_12,ida_neworleans,0,0.4342297768608109
ida_neworleans_21_13,ida_neworleans,0,0.43612801995787115
ida_neworleans_21_14,ida_neworleans,0,0.43418710050408904
ida_neworleans_21_15,ida_neworleans,0,0.4325769903673004
ida_neworleans_21_16,ida_neworleans,1,0.5028562974097992
ida_neworleans_21_17,ida_neworleans,1,0.5028524824848654
ida_neworleans_21_18,ida_neworleans,0,0.502635395624113
ida_neworleans_21_19,ida_neworleans,0,0.42047125538325114
ida_neworleans_21_20,ida_neworleans,0,0.4324658720245041
ida_neworleans_21_21,ida_neworleans,0,0.43958038328015075
ida_neworleans_21_22,ida_neworleans,0,0.4350408980281235
ida_neworleans_21_23,ida_neworleans,0,0.4315138254129227
ida_neworleans_21_24,ida_neworleans,1,0.4337015317319051
ida_neworleans_21_25,ida_neworleans,1,0.4336593577787449
ida_neworleans_21_26,ida_neworleans,1,0.4290114729318761
ida_neworleans_21_27,ida_neworleans,1,0.502739786070366
ida_neworleans_21_28,ida_neworleans,1,0.5027807501623625
ida_neworleans_21_29,ida_neworleans,0,0.502846671439204
ida_neworleans_21_30,ida_neworleans,0,0.43449263525144527
ida_neworleans_21_31,ida_neworleans,0,0.43428907639117403
ida_neworleans_21_32,ida_neworleans,0,0.44280346058041214
ida_neworleans_21_33,ida_neworleans,1,0.43696185430007495
ida_neworleans_21_34,ida_neworleans,0,0.43157287292237057
ida_neworleans_21_35,ida_neworleans,0,0.42586983035647713
ida_neworleans_21_36,ida_neworleans,1,0.423720706172288
ida_neworleans_21_37,ida_neworleans,1,0.4255569668615587
ida_neworleans_21_38,ida_neworleans,0,0.42555065441410495
ida_neworleans_21_39,ida_neworleans,0,0.42087048024360246
ida_neworleans_21_40,ida_neworleans,1,0.5026264329325145
ida_neworleans_21_41,ida_neworleans,1,0.5026076568488446
ida_neworleans_21_42,ida_neworleans,1,0.5025521872121518
ida_neworleans_21_43,ida_neworleans,1,0.5025165355748646
ida_neworleans_21_44,ida_neworleans,1,0.4113125329714519
ida_neworleans_21_45,ida_neworleans,1,0.4115680055329589
ida_neworleans_21_55,ida_neworleans,1,0.5025028384760161
ida_neworleans_21_56,ida_neworleans,1,0.5025036830068258
ida_neworleans_21_57,ida_neworleans,0,0.5025200504944511
ida_neworleans_21_58,ida_neworleans,1,0.5025465923683797
ida_neworleans_22_0,ida_neworleans,0,0.5029153223802136
ida_neworleans_22_1,ida_neworleans,0,0.5029556450270071
ida_neworleans_22_2,ida_neworleans,0,0.5029769682692912
ida_neworleans_22_3,ida_neworleans,0,0.43813984867024564
ida_neworleans_22_4,ida_neworleans,0,0.438925977024752
ida_neworleans_22_5,ida_neworleans,0,0.4412330616836201
ida_neworleans_22_6,ida_neworleans,0,0.4440099270503162
ida_neworleans_22_7,ida_neworleans,0,0.5028807883454105
ida_neworleans_22_8,ida_neworleans,1,0.43768157635823973
ida_neworleans_22_9,ida_neworleans,0,0.4419020109885839
ida_neworleans_22_10,ida_neworleans,0,0.45076149071327964
ida_neworleans_22_11,ida_neworleans,1,0.4494064687953212
ida_neworleans_22_12,ida_neworleans,0,0.44087479756550774
ida_neworleans_22_13,ida_neworleans,0,0.43914365237397646
ida_neworleans_22_14,ida_neworleans,1,0.43118788978570255
ida_neworleans_22_15,ida_neworleans,1,0.4292742407936576
ida_neworleans_22_16,ida_neworleans,0,0.5027757686296745
ida_neworleans_22_17,ida_neworleans,0,0.50272542314337
ida_neworleans_22_18,ida_neworleans,0,0.5026885324683735
ida_neworleans_22_19,ida_neworleans,1,0.4227953665675224
ida_neworleans_22_20,ida_neworleans,0,0.4365592535944412
ida_neworleans_22_21,ida_neworleans,0,0.4462316743923584
ida_neworleans_22_22,ida_neworleans,0,0.4616934088368912
ida_neworleans_22_23,ida_neworleans,0,0.46549662093189353
ida_neworleans_22_24,ida_neworleans,1,0.4460333343175319
ida_neworleans_22_25,ida_neworleans,0,0.43250234227105566
ida_neworleans_22_26,ida_neworleans,1,0.428803166613322
ida_neworleans_22_27,ida_neworleans,1,0.5027724660417082
ida_neworleans_22_28,ida_neworleans,0,0.5027981418867896
ida_neworleans_22_29,ida_neworleans,0,0.5027918834656226
ida_neworleans_22_30,ida_neworleans,0,0.43336905601060394
ida_neworleans_22_31,ida_neworleans,0,0.42971854923923464
ida_neworleans_22_32,ida_neworleans,1,0.43445032263175354
ida_neworleans_22_33,ida_neworleans,0,0.43101433077370027
ida_neworleans_22_34,ida_neworleans,0,0.43090224310734904
ida_neworleans_22_35,ida_neworleans,0,0.4244353603881501
ida_neworleans_22_36,ida_neworleans,0,0.42339705548096845
ida_neworleans_22_37,ida_neworleans,1,0.42669714498917255
ida_neworleans_22_38,ida_neworleans,0,0.42757837399463716
ida_neworleans_22_39,ida_neworleans,0,0.4226999685105708
ida_neworleans_22_40,ida_neworleans,1,0.5026023576911327
ida_neworleans_22_41,ida_neworleans,1,0.5025850446486196
ida_neworleans_22_42,ida_neworleans,0,0.5025860598558932
ida_neworleans_22_43,ida_neworleans,0,0.414174103283258
ida_neworleans_22_44,ida_neworleans,0,0.4137037996512972
ida_neworleans_22_45,ida_neworleans,0,0.41715852734401043
ida_neworleans_22_46,ida_neworleans,0,0.4132957767922099
ida_neworleans_22_47,ida_neworleans,1,0.4118176388358615
ida_neworleans_22_48,ida_neworleans,1,0.4113115012459563
ida_neworleans_22_49,ida_neworleans,1,0.5025058269061313
ida_neworleans_22_50,ida_neworleans,1,0.5025055517166692
ida_neworleans_22_51,ida_neworleans,1,0.5025110305564059
ida_neworleans_22_52,ida_neworleans,1,0.5025266349314682
ida_neworleans_22_53,ida_neworleans,1,0.5025062304677931
ida_neworleans_22_56,ida_neworleans,1,0.5025572563862069
ida_neworleans_22_57,ida_neworleans,1,0.5025865711497786
ida_neworleans_22_58,ida_neworleans,1,0.5025210305928458
ida_neworleans_23_0,ida_neworleans,0,0.5028349836331547
ida_neworleans_23_1,ida_neworleans,0,0.5028583871773459
ida_neworleans_23_2,ida_neworleans,0,0.5029431277881066
ida_neworleans_23_3,ida_neworleans,1,0.4417416726432882
ida_neworleans_23_4,ida_neworleans,1,0.4387859166236918
ida_neworleans_23_5,ida_neworleans,1,0.44042542725306544
ida_neworleans_23_6,ida_neworleans,0,0.44041473465605824
ida_neworleans_23_7,ida_neworleans,1,0.5029203444877256
ida_neworleans_23_8,ida_neworleans,1,0.4400467865207085
ida_neworleans_23_9,ida_neworleans,1,0.44885322853021575
ida_neworleans_23_10,ida_neworleans,1,0.4526035292540035
ida_neworleans_23_11,ida_neworleans,0,0.4526847064485326
ida_neworleans_23_12,ida_neworleans,0,0.4472994602853326
ida_neworleans_23_13,ida_neworleans,0,0.44618838338228056
ida_neworleans_23_14,ida_neworleans,1,0.44076232131961623
ida_neworleans_23_15,ida_neworleans,0,0.4343705186243666
ida_neworleans_23_16,ida_neworleans,0,0.5028061841448506
ida_neworleans_23_17,ida_neworleans,0,0.5027864729173539
ida_neworleans_23_18,ida_neworleans,1,0.5027934642755891
ida_neworleans_23_19,ida_neworleans,0,0.5027250078217298
ida_neworleans_23_20,ida_neworleans,0,0.502831071233389
ida_neworleans_23_21,ida_neworleans,0,0.43683429928920425
ida_neworleans_23_22,ida_neworleans,0,0.4519890969045706
ida_neworleans_23_23,ida_neworleans,0,0.45922269868344456
ida_neworleans_23_24,ida_neworleans,1,0.4595284554831559
ida_neworleans_23_25,ida_neworleans,0,0.4373093786495378
ida_neworleans_23_26,ida_neworleans,0,0.43206118217093004
ida_neworleans_23_27,ida_neworleans,0,0.5028493260010941
ida_neworleans_23_28,ida_neworleans,0,0.5028691897701313
ida_neworleans_23_29,ida_neworleans,0,0.5028871228939555
ida_neworleans_23_30,ida_neworleans,0,0.44663602026437665
ida_neworleans_23_31,ida_neworleans,0,0.4430730768458479
ida_neworleans_23_32,ida_neworleans,1,0.44283495636166775
ida_neworleans_23_33,ida_neworleans,0,0.4413710890584759
ida_neworleans_23_34,ida_neworleans,1,0.4385409153285025
ida_neworleans_23_35,ida_neworleans,0,0.4312514568046927
ida_neworleans_23_36,ida_neworleans,1,0.42617444713040653
ida_neworleans_23_37,ida_neworleans,0,0.4270850268432529
ida_neworleans_23_38,ida_neworleans,0,0.4288183263462397
ida_neworleans_23_39,ida_neworleans,0,0.4227961977457944
ida_neworleans_23_40,ida_neworleans,0,0.5025957064975004
ida_neworleans_23_41,ida_neworleans,1,0.5026141472279011
ida_neworleans_23_42,ida_neworleans,0,0.41910730413652036
ida_neworleans_23_43,ida_neworleans,0,0.4182477768348851
ida_neworleans_23_44,ida_neworleans,0,0.41783800470625093
ida_neworleans_23_45,ida_neworleans,1,0.41772350001405284
ida_neworleans_23_46,ida_neworleans,1,0.4168457783392684
ida_neworleans_23_47,ida_neworleans,1,0.4150122430147553
ida_neworleans_23_48,ida_neworleans,1,0.41190624363573747
ida_neworleans_23_49,ida_neworleans,1,0.4112028069170186
ida_neworleans_23_50,ida_neworleans,1,0.5025093955586755
ida_neworleans_23_51,ida_neworleans,1,0.5025175881459153
ida_neworleans_23_52,ida_neworleans,1,0.5025079013647589
ida_neworleans_23_55,ida_neworleans,0,0.5025058266966722
ida_neworleans_23_56,ida_neworleans,1,0.5025679309918603
ida_neworleans_23_57,ida_neworleans,1,0.5025976526205569
ida_neworleans_23_58,ida_neworleans,1,0.5025094315454184
ida_neworleans_24_0,ida_neworleans,1,0.5031197287842909
ida_neworleans_24_1,ida_neworleans,1,0.45739059573728647
ida_neworleans_24_2,ida_neworleans,0,0.4393127228331645
ida_neworleans_24_3,ida_neworleans,0,0.4419539971005035
ida_neworleans_24_4,ida_neworleans,0,0.4406479169033709
ida_neworleans_24_5,ida_neworleans,0,0.438923491468915
ida_neworleans_24_6,ida_neworleans,0,0.43591583161371394
ida_neworleans_24_7,ida_neworleans,0,0.428227873070026
ida_neworleans_24_8,ida_neworleans,0,0.4330114653962713
ida_neworleans_24_9,ida_neworleans,1,0.44417729633936315
ida_neworleans_24_10,ida_neworleans,1,0.4458791074223623
ida_neworleans_24_11,ida_neworleans,0,0.4410078088477592
ida_neworleans_24_12,ida_neworleans,0,0.4459789098051618
ida_neworleans_24_13,ida_neworleans,0,0.44562624853270644
ida_neworleans_24_14,ida_neworleans,1,0.4427904264250047
ida_neworleans_24_15,ida_neworleans,1,0.4389964447787535
ida_neworleans_24_16,ida_neworleans,0,0.43216329337016646
ida_neworleans_24_17,ida_neworleans,0,0.42955786083388464
ida_neworleans_24_18,ida_neworleans,0,0.4294816252790756
ida_neworleans_24_19,ida_neworleans,1,0.4319206125568835
ida_neworleans_24_20,ida_neworleans,0,0.4607841830322004
ida_neworleans_24_21,ida_neworleans,0,0.4609416895169479
ida_neworleans_24_22,ida_neworleans,0,0.45285871573179187
ida_neworleans_24_23,ida_neworleans,1,0.4535848237887193
ida_neworleans_24_24,ida_neworleans,0,0.45673881102581637
ida_neworleans_24_25,ida_neworleans,1,0.4635150171753738
ida_neworleans_24_26,ida_neworleans,0,0.46111701188254395
ida_neworleans_24_27,ida_neworleans,0,0.4486463759398551
ida_neworleans_24_28,ida_neworleans,0,0.43982325046137705
ida_neworleans_24_29,ida_neworleans,0,0.4441340768609493
ida_neworleans_24_30,ida_neworleans,1,0.4509463543331917
ida_neworleans_24_31,ida_neworleans,0,0.4470262757988299
ida_neworleans_24_32,ida_neworleans,0,0.44559205978731325
ida_neworleans_24_33,ida_neworleans,0,0.4419864267520997
ida_neworleans_24_34,ida_neworleans,1,0.441532608425625
ida_neworleans_24_35,ida_neworleans,0,0.4327901814991652
ida_neworleans_24_36,ida_neworleans,1,0.42920405142252327
ida_neworleans_24_37,ida_neworleans,1,0.4305552114024903
ida_neworleans_24_38,ida_neworleans,0,0.43164171271636653
ida_neworleans_24_39,ida_neworleans,0,0.4276962832292332
ida_neworleans_24_40,ida_neworleans,1,0.4226340321730984
ida_neworleans_24_41,ida_neworleans,0,0.42201478115041985
ida_neworleans_24_42,ida_neworleans,0,0.4225495758190122
ida_neworleans_24_43,ida_neworleans,0,0.42148089556545376
ida_neworleans_24_44,ida_neworleans,0,0.42000270034470566
ida_neworleans_24_45,ida_neworleans,0,0.41891889212679956
ida_neworleans_24_46,ida_neworleans,1,0.41923073124378185
ida_neworleans_24_47,ida_neworleans,1,0.41754227277161193
ida_neworleans_24_48,ida_neworleans,0,0.41238882283529416
ida_neworleans_24_49,ida_neworleans,0,0.41161451115474595
ida_neworleans_24_50,ida_neworleans,0,0.5025177326221363
ida_neworleans_24_51,ida_neworleans,1,0.5025140938645686
ida_neworleans_24_52,ida_neworleans,1,0.5025081201107195
ida_neworleans_24_54,ida_neworleans,1,0.5025055827160351
ida_neworleans_24_55,ida_neworleans,1,0.5025628866877462
ida_neworleans_24_56,ida_neworleans,0,0.5025600234407932
ida_neworleans_24_57,ida_neworleans,0,0.5025389762583566
ida_neworleans_24_58,ida_neworleans,1,0.5025080923723645
ida_neworleans_25_0,ida_neworleans,1,0.5032423397600009
ida_neworleans_25_1,ida_neworleans,1,0.46996390025015244
ida_neworleans_25_2,ida_neworleans,1,0.4772451134767181
ida_neworleans_25_3,ida_neworleans,1,0.49447818002313876
ida_neworleans_25_4,ida_neworleans,1,0.4871732000170653
ida_neworleans_25_5,ida_neworleans,1,0.4645642456300513
ida_neworleans_25_6,ida_neworleans,0,0.4353554788302118
ida_neworleans_25_7,ida_neworleans,1,0.4352241506798
ida_neworleans_25_8,ida_neworleans,0,0.4403003694620928
ida_neworleans_25_9,ida_neworleans,0,0.4497374396113196
ida_neworleans_25_10,ida_neworleans,0,0.45269085262550124
ida_neworleans_25_11,ida_neworleans,0,0.45019307248607054
ida_neworleans_25_12,ida_neworleans,0,0.44960282318344635
ida_neworleans_25_13,ida_neworleans,0,0.45380494238959873
ida_neworleans_25_14,ida_neworleans,0,0.4504382159757923
ida_neworleans_25_15,ida_neworleans,0,0.441641589912666
ida_neworleans_25_16,ida_neworleans,0,0.4327576739269803
ida_neworleans_25_17,ida_neworleans,0,0.43022315513869186
ida_neworleans_25_18,ida_neworleans,0,0.42903303429998396
ida_neworleans_25_19,ida_neworleans,0,0.43516374105975947
ida_neworleans_25_20,ida_neworleans,1,0.47543729535617124
ida_neworleans_25_21,ida_neworleans,0,0.46768952281708637
ida_neworleans_25_22,ida_neworleans,0,0.4619323990310945
ida_neworleans_25_23,ida_neworleans,0,0.45708092439483194
ida_neworleans_25_24,ida_neworleans,0,0.46302674976063013
ida_neworleans_25_25,ida_neworleans,1,0.47927832362553907
ida_neworleans_25_26,ida_neworleans,0,0.4749185956547842
ida_neworleans_25_27,ida_neworleans,0,0.4537078473828324
ida_neworleans_25_28,ida_neworleans,0,0.44658764734487294
ida_neworleans_25_29,ida_neworleans,0,0.4540751629681819
ida_neworleans_25_30,ida_neworleans,0,0.46415862152184123
ida_neworleans_25_31,ida_neworleans,0,0.45246235939501095
ida_neworleans_25_32,ida_neworleans,0,0.4426339275389892
ida_neworleans_25_33,ida_neworleans,0,0.4348945502965311
ida_neworleans_25_34,ida_neworleans,0,0.4346608097915507
ida_neworleans_25_35,ida_neworleans,1,0.43360192820715276
ida_neworleans_25_36,ida_neworleans,1,0.4279090287606649
ida_neworleans_25_37,ida_neworleans,1,0.42809669196751965
ida_neworleans_25_38,ida_neworleans,1,0.4292078118055804
ida_neworleans_25_39,ida_neworleans,1,0.4273827396199614
ida_neworleans_25_40,ida_neworleans,0,0.4248276031305125
ida_neworleans_25_41,ida_neworleans,0,0.4255403320034817
ida_neworleans_25_42,ida_neworleans,0,0.4268253577675235
ida_neworleans_25_43,ida_neworleans,0,0.4251475713729552
ida_neworleans_25_44,ida_neworleans,0,0.4251823781107418
ida_neworleans_25_45,ida_neworleans,0,0.4234107310813799
ida_neworleans_25_46,ida_neworleans,0,0.42089812746112515
ida_neworleans_25_47,ida_neworleans,0,0.41772122232476905
ida_neworleans_25_48,ida_neworleans,0,0.41430841532699314
ida_neworleans_25_49,ida_neworleans,1,0.5025397267874383
ida_neworleans_25_50,ida_neworleans,1,0.5025558745710633
ida_neworleans_25_51,ida_neworleans,1,0.5025419321698549
ida_neworleans_25_52,ida_neworleans,0,0.5025291121992471
ida_neworleans_25_53,ida_neworleans,1,0.5025255088768392
ida_neworleans_25_54,ida_neworleans,1,0.5025272129665231
ida_neworleans_25_55,ida_neworleans,0,0.5025510472930222
ida_neworleans_25_56,ida_neworleans,0,0.5025560892310137
ida_neworleans_25_57,ida_neworleans,1,0.5025345587066318
ida_neworleans_25_58,ida_neworleans,1,0.5025028368445226
ida_neworleans_26_0,ida_neworleans,0,0.5031976213162891
ida_neworleans_26_1,ida_neworleans,0,0.46321692667185993
ida_neworleans_26_2,ida_neworleans,0,0.46001897251213114
ida_neworleans_26_3,ida_neworleans,0,0.47891177965696785
ida_neworleans_26_4,ida_neworleans,0,0.4829783198142225
ida_neworleans_26_5,ida_neworleans,0,0.4643825248525323
ida_neworleans_26_6,ida_neworleans,0,0.44025886355811
ida_neworleans_26_7,ida_neworleans,0,0.43806484211842356
ida_neworleans_26_8,ida_neworleans,0,0.4410520609111427
ida_neworleans_26_9,ida_neworleans,0,0.44070035034950145
ida_neworleans_26_10,ida_neworleans,0,0.4402832024131235
ida_neworleans_26_11,ida_neworleans,1,0.4530712950999373
ida_neworleans_26_12,ida_neworleans,1,0.4495892801736715
ida_neworleans_26_13,ida_neworleans,1,0.4522946864254832
ida_neworleans_26_14,ida_neworleans,1,0.4561604478199416
ida_neworleans_26_15,ida_neworleans,0,0.45218940267583624
ida_neworleans_26_16,ida_neworleans,0,0.4473081818788589
ida_neworleans_26_17,ida_neworleans,0,0.4444565589099178
ida_neworleans_26_18,ida_neworleans,0,0.4324959125074672
ida_neworleans_26_19,ida_neworleans,0,0.4376310424416788
ida_neworleans_26_20,ida_neworleans,0,0.4600109949818756
ida_neworleans_26_21,ida_neworleans,0,0.45473879919884425
ida_neworleans_26_22,ida_neworleans,0,0.45458426645407807
ida_neworleans_26_23,ida_neworleans,0,0.4631798201216134
ida_neworleans_26_24,ida_neworleans,0,0.4656424546658136
ida_neworleans_26_25,ida_neworleans,0,0.4730275831646587
ida_neworleans_26_26,ida_neworleans,0,0.4807817202419689
ida_neworleans_26_27,ida_neworleans,0,0.48215734564186263
ida_neworleans_26_28,ida_neworleans,0,0.49082301334611217
ida_neworleans_26_29,ida_neworleans,0,0.4861855530995222
ida_neworleans_26_30,ida_neworleans,0,0.47373200085796524
ida_neworleans_26_31,ida_neworleans,0,0.4622774244392116
ida_neworleans_26_32,ida_neworleans,0,0.4371755694019658
ida_neworleans_26_33,ida_neworleans,1,0.4253556261452049
ida_neworleans_26_34,ida_neworleans,0,0.42513105383375716
ida_neworleans_26_35,ida_neworleans,1,0.43005558395549454
ida_neworleans_26_36,ida_neworleans,1,0.4261023322273579
ida_neworleans_26_37,ida_neworleans,1,0.42418065154189727
ida_neworleans_26_38,ida_neworleans,1,0.4238949659438718
ida_neworleans_26_39,ida_neworleans,1,0.4225575682581016
ida_neworleans_26_40,ida_neworleans,0,0.42344338326315134
ida_neworleans_26_41,ida_neworleans,0,0.42554938795278796
ida_neworleans_26_42,ida_neworleans,0,0.42632702483871976
ida_neworleans_26_43,ida_neworleans,0,0.4284123656687825
ida_neworleans_26_44,ida_neworleans,0,0.43075429774927343
ida_neworleans_26_45,ida_neworleans,0,0.4276748462512352
ida_neworleans_26_46,ida_neworleans,0,0.42348081400196813
ida_neworleans_26_47,ida_neworleans,0,0.4277557284776476
ida_neworleans_26_48,ida_neworleans,0,0.42571842440383123
ida_neworleans_26_49,ida_neworleans,0,0.4260548484700944
ida_neworleans_26_50,ida_neworleans,0,0.41863655788528575
ida_neworleans_26_51,ida_neworleans,1,0.5025993447896986
ida_neworleans_26_52,ida_neworleans,1,0.502589085821581
ida_neworleans_26_53,ida_neworleans,1,0.41687855931605916
ida_neworleans_26_54,ida_neworleans,0,0.41471977198390003
ida_neworleans_26_55,ida_neworleans,0,0.4152082925778303
ida_neworleans_26_56,ida_neworleans,0,0.5025460523808477
ida_neworleans_26_57,ida_neworleans,1,0.5025214780309954
ida_neworleans_26_58,ida_neworleans,1,0.5025100215156016
ida_neworleans_26_59,ida_neworleans,1,0.5025028196278611
ida_neworleans_27_0,ida_neworleans,1,0.5032532902178047
ida_neworleans_27_1,ida_neworleans,1,0.46578399002592846
ida_neworleans_27_2,ida_neworleans,1,0.46039734478722744
ida_neworleans_27_3,ida_neworleans,0,0.4730901755471848
ida_neworleans_27_4,ida_neworleans,1,0.4973273810058559
ida_neworleans_27_5,ida_neworleans,1,0.48723241972782183
ida_neworleans_27_6,ida_neworleans,1,0.4511415480284726
ida_neworleans_27_7,ida_neworleans,0,0.43155141122948304
ida_neworleans_27_8,ida_neworleans,0,0.43555188047546906
ida_neworleans_27_9,ida_neworleans,0,0.43193175655599464
ida_neworleans_27_10,ida_neworleans,0,0.4260140228512424
ida_neworleans_27_11,ida_neworleans,0,0.4210915025864802
ida_neworleans_27_12,ida_neworleans,1,0.42390791011872103
ida_neworleans_27_13,ida_neworleans,1,0.4286839132055794
ida_neworleans_27_14,ida_neworleans,1,0.450208173783035
ida_neworleans_27_15,ida_neworleans,0,0.44361272579365596
ida_neworleans_27_16,ida_neworleans,1,0.4432067901198936
ida_neworleans_27_17,ida_neworleans,0,0.4380846031492075
ida_neworleans_27_18,ida_neworleans,0,0.4310222116426506
ida_neworleans_27_19,ida_neworleans,0,0.43219420355944027
ida_neworleans_27_20,ida_neworleans,1,0.44276077453609364
ida_neworleans_27_21,ida_neworleans,1,0.4463315795281866
ida_neworleans_27_22,ida_neworleans,0,0.4615101754872703
ida_neworleans_27_23,ida_neworleans,0,0.46455751361625924
ida_neworleans_27_24,ida_neworleans,0,0.45658030768276103
ida_neworleans_27_25,ida_neworleans,0,0.4618179517980811
ida_neworleans_27_26,ida_neworleans,1,0.5098644151814615
ida_neworleans_27_27,ida_neworleans,0,0.4981288094168423
ida_neworleans_27_28,ida_neworleans,0,0.5044263390542147
ida_neworleans_27_29,ida_neworleans,0,0.5099703990439454
ida_neworleans_27_30,ida_neworleans,0,0.4835475196381624
ida_neworleans_27_31,ida_neworleans,0,0.4697109187589611
ida_neworleans_27_32,ida_neworleans,0,0.4384196823193403
ida_neworleans_27_33,ida_neworleans,1,0.42090383572074164
ida_neworleans_27_34,ida_neworleans,1,0.4209060628502038
ida_neworleans_27_35,ida_neworleans,0,0.5026448060187592
ida_neworleans_27_36,ida_neworleans,1,0.5026477352640253
ida_neworleans_27_37,ida_neworleans,1,0.4217425056452564
ida_neworleans_27_38,ida_neworleans,1,0.41850809055943355
ida_neworleans_27_39,ida_neworleans,1,0.41732080008340955
ida_neworleans_27_40,ida_neworleans,1,0.5026775644548086
ida_neworleans_27_41,ida_neworleans,1,0.5027189624174399
ida_neworleans_27_42,ida_neworleans,0,0.42550401723099407
ida_neworleans_27_43,ida_neworleans,1,0.4266032477265982
ida_neworleans_27_44,ida_neworleans,1,0.4314040077534655
ida_neworleans_27_45,ida_neworleans,0,0.42630549718280236
ida_neworleans_27_46,ida_neworleans,0,0.4276669619518854
ida_neworleans_27_47,ida_neworleans,0,0.4381868879372468
ida_neworleans_27_48,ida_neworleans,0,0.4485884916158117
ida_neworleans_27_49,ida_neworleans,0,0.4466717404230772
ida_neworleans_27_50,ida_neworleans,0,0.4387735487187576
ida_neworleans_27_51,ida_neworleans,0,0.5027334273624922
ida_neworleans_27_52,ida_neworleans,0,0.5026568667000886
ida_neworleans_27_53,ida_neworleans,0,0.42472547848456915
ida_neworleans_27_54,ida_neworleans,1,0.4351077974694172
ida_neworleans_27_55,ida_neworleans,0,0.4318776538394369
ida_neworleans_27_56,ida_neworleans,0,0.4209559456471796
ida_neworleans_27_57,ida_neworleans,0,0.5026004943253533
ida_neworleans_27_58,ida_neworleans,0,0.5025163172679348
ida_neworleans_28_0,ida_neworleans,1,0.5030922981346171
ida_neworleans_28_1,ida_neworleans,1,0.45264179715932146
ida_neworleans_28_2,ida_neworleans,1,0.4616184195652799
ida_neworleans_28_3,ida_neworleans,0,0.46397571394460374
ida_neworleans_28_4,ida_neworleans,0,0.47568798571186405
ida_neworleans_28_5,ida_neworleans,1,0.47360783082902813
ida_neworleans_28_6,ida_neworleans,0,0.5030027244478654
ida_neworleans_28_7,ida_neworleans,1,0.5027228808401366
ida_neworleans_28_8,ida_neworleans,1,0.5027370539359922
ida_neworleans_28_9,ida_neworleans,1,0.5026521337311913
ida_neworleans_28_10,ida_neworleans,0,0.41715313296286427
ida_neworleans_28_11,ida_neworleans,1,0.4207968636474999
ida_neworleans_28_12,ida_neworleans,1,0.4198906885502355
ida_neworleans_28_13,ida_neworleans,1,0.4235668640174178
ida_neworleans_28_14,ida_neworleans,1,0.42606454275310734
ida_neworleans_28_15,ida_neworleans,1,0.4276372555982247
ida_neworleans_28_16,ida_neworleans,0,0.4292979334949115
ida_neworleans_28_17,ida_neworleans,0,0.42517071909701143
ida_neworleans_28_18,ida_neworleans,0,0.42469648052035613
ida_neworleans_28_19,ida_neworleans,0,0.42817774503822487
ida_neworleans_28_20,ida_neworleans,0,0.4293385557059667
ida_neworleans_28_21,ida_neworleans,0,0.5027687625225973
ida_neworleans_28_22,ida_neworleans,0,0.50306757671054
ida_neworleans_28_23,ida_neworleans,0,0.4562655934311428
ida_neworleans_28_24,ida_neworleans,0,0.45554891079930604
ida_neworleans_28_25,ida_neworleans,0,0.458940303814386
ida_neworleans_28_26,ida_neworleans,1,0.5440023413671295
ida_neworleans_28_27,ida_neworleans,0,0.5468364643895092
ida_neworleans_28_28,ida_neworleans,0,0.5326809919034232
ida_neworleans_28_29,ida_neworleans,0,0.5370375568538049
ida_neworleans_28_30,ida_neworleans,0,0.5387905451505172
ida_neworleans_28_31,ida_neworleans,0,0.49627763073462694
ida_neworleans_28_32,ida_neworleans,0,0.43751480768856943
ida_neworleans_28_33,ida_neworleans,1,0.4279680583066857
ida_neworleans_28_34,ida_neworleans,0,0.42217863178741344
ida_neworleans_28_35,ida_neworleans,1,0.42428970805220584
ida_neworleans_28_36,ida_neworleans,1,0.42347627914515124
ida_neworleans_28_37,ida_neworleans,1,0.4260896065129192
ida_neworleans_28_38,ida_neworleans,1,0.4214866821090399
ida_neworleans_28_39,ida_neworleans,1,0.4199312943997651
ida_neworleans_28_40,ida_neworleans,0,0.41812105524980075
ida_neworleans_28_41,ida_neworleans,0,0.5026977857524545
ida_neworleans_28_42,ida_neworleans,1,0.4277317639313167
ida_neworleans_28_43,ida_neworleans,1,0.4241143964197733
ida_neworleans_28_44,ida_neworleans,0,0.42438119986468625
ida_neworleans_28_45,ida_neworleans,0,0.42479159408962874
ida_neworleans_28_46,ida_neworleans,0,0.4309706885913482
ida_neworleans_28_47,ida_neworleans,0,0.4325961530918019
ida_neworleans_28_48,ida_neworleans,0,0.4352358585195849
ida_neworleans_28_49,ida_neworleans,0,0.4421567376052464
ida_neworleans_28_50,ida_neworleans,0,0.4487401085149083
ida_neworleans_28_51,ida_neworleans,1,0.5029148455453616
ida_neworleans_28_52,ida_neworleans,0,0.5027320111078015
ida_neworleans_28_53,ida_neworleans,0,0.431349518066332
ida_neworleans_28_54,ida_neworleans,0,0.4370406184795328
ida_neworleans_28_55,ida_neworleans,0,0.428917558042373
ida_neworleans_28_56,ida_neworleans,0,0.4236134430607348
ida_neworleans_28_57,ida_neworleans,0,0.502695286302257
ida_neworleans_28_58,ida_neworleans,1,0.5025993243420473
ida_neworleans_28_59,ida_neworleans,1,0.41493426685631024
ida_neworleans_28_60,ida_neworleans,1,0.41310740333837714
ida_neworleans_28_61,ida_neworleans,1,0.41110043133602103
ida_neworleans_28_62,ida_neworleans,0,0.41059019376422284
ida_neworleans_29_0,ida_neworleans,1,0.5027387499355859
ida_neworleans_29_1,ida_neworleans,1,0.4334800474317431
ida_neworleans_29_2,ida_neworleans,1,0.4458518035616818
ida_neworleans_29_3,ida_neworleans,1,0.4644452473558043
ida_neworleans_29_4,ida_neworleans,1,0.4730890704845445
ida_neworleans_29_5,ida_neworleans,1,0.5033034891475778
ida_neworleans_29_6,ida_neworleans,1,0.5030616305099239
ida_neworleans_29_7,ida_neworleans,0,0.5025817922800601
ida_neworleans_29_8,ida_neworleans,1,0.502614148082016
ida_neworleans_29_9,ida_neworleans,1,0.5026196155276302
ida_neworleans_29_10,ida_neworleans,1,0.41724995959945377
ida_neworleans_29_11,ida_neworleans,1,0.424912238530317
ida_neworleans_29_12,ida_neworleans,0,0.43022158645428643
ida_neworleans_29_13,ida_neworleans,0,0.4231779861384999
ida_neworleans_29_14,ida_neworleans,0,0.41785266230258244
ida_neworleans_29_15,ida_neworleans,1,0.4238272456240848
ida_neworleans_29_16,ida_neworleans,0,0.5027853950106242
ida_neworleans_29_17,ida_neworleans,0,0.5027209869961008
ida_neworleans_29_18,ida_neworleans,0,0.5026629020642536
ida_neworleans_29_19,ida_neworleans,0,0.5027642342298401
ida_neworleans_29_20,ida_neworleans,0,0.5027489479370042
ida_neworleans_29_21,ida_neworleans,0,0.4279378873051875
ida_neworleans_29_22,ida_neworleans,1,0.4432130579595931
ida_neworleans_29_23,ida_neworleans,1,0.4481001661724297
ida_neworleans_29_24,ida_neworleans,0,0.4565697538936332
ida_neworleans_29_25,ida_neworleans,0,0.45687586240238
ida_neworleans_29_26,ida_neworleans,1,0.5303395621082464
ida_neworleans_29_27,ida_neworleans,0,0.5276867314227693
ida_neworleans_29_28,ida_neworleans,0,0.5062271411920098
ida_neworleans_29_29,ida_neworleans,0,0.5194505786257773
ida_neworleans_29_30,ida_neworleans,0,0.5199872755265166
ida_neworleans_29_31,ida_neworleans,0,0.49674083057194307
ida_neworleans_29_32,ida_neworleans,0,0.45318323982041564
ida_neworleans_29_33,ida_neworleans,0,0.4278498921887466
ida_neworleans_29_34,ida_neworleans,0,0.42437905811302734
ida_neworleans_29_35,ida_neworleans,0,0.42497112060720404
ida_neworleans_29_36,ida_neworleans,1,0.43082048865077693
ida_neworleans_29_37,ida_neworleans,1,0.4339649403682412
ida_neworleans_29_38,ida_neworleans,1,0.4322587955407511
ida_neworleans_29_39,ida_neworleans,0,0.42705986353736103
ida_neworleans_29_40,ida_neworleans,0,0.4209771899530125
ida_neworleans_29_41,ida_neworleans,1,0.4239592973040981
ida_neworleans_29_42,ida_neworleans,1,0.502746370897583
ida_neworleans_29_43,ida_neworleans,1,0.5026483862053158
ida_neworleans_29_44,ida_neworleans,0,0.5026907082544718
ida_neworleans_29_45,ida_neworleans,1,0.5027991837879708
ida_neworleans_29_46,ida_neworleans,1,0.43361691411906383
ida_neworleans_29_47,ida_neworleans,1,0.4276869582348062
ida_neworleans_29_48,ida_neworleans,0,0.42093769380730894
ida_neworleans_29_49,ida_neworleans,0,0.4227716225666236
ida_neworleans_29_50,ida_neworleans,0,0.4305558460103537
ida_neworleans_29_51,ida_neworleans,0,0.43129203563596635
ida_neworleans_29_52,ida_neworleans,0,0.431181812395245
ida_neworleans_29_53,ida_neworleans,0,0.43338359723813874
ida_neworleans_29_54,ida_neworleans,0,0.43642765861420535
ida_neworleans_29_55,ida_neworleans,0,0.426567924076842
ida_neworleans_29_56,ida_neworleans,0,0.42204922420163793
ida_neworleans_29_57,ida_neworleans,1,0.5027070818317476
ida_neworleans_29_58,ida_neworleans,0,0.5026298276453968
ida_neworleans_29_59,ida_neworleans,1,0.41678372472591535
ida_neworleans_29_60,ida_neworleans,1,0.41353371150936824
ida_neworleans_29_61,ida_neworleans,0,0.41371745321650133
ida_neworleans_29_62,ida_neworleans,0,0.4122266558452272
ida_neworleans_29_63,ida_neworleans,1,0.4120126835709784
ida_neworleans_29_64,ida_neworleans,1,0.4106901550705468
ida_neworleans_30_0,ida_neworleans,1,0.4270413419433588
ida_neworleans_30_1,ida_neworleans,1,0.4388241847058218
ida_neworleans_30_2,ida_neworleans,1,0.4472998464923033
ida_neworleans_30_3,ida_neworleans,1,0.46338770948502855
ida_neworleans_30_4,ida_neworleans,1,0.45602092065120475
ida_neworleans_30_5,ida_neworleans,0,0.5028038205886683
ida_neworleans_30_6,ida_neworleans,0,0.5028827704773757
ida_neworleans_30_7,ida_neworleans,0,0.5025844993531239
ida_neworleans_30_8,ida_neworleans,1,0.5025700296325845
ida_neworleans_30_9,ida_neworleans,1,0.5025662924347721
ida_neworleans_30_10,ida_neworleans,1,0.4155808462262121
ida_neworleans_30_11,ida_neworleans,0,0.4181686101145134
ida_neworleans_30_12,ida_neworleans,0,0.428533770055572
ida_neworleans_30_13,ida_neworleans,0,0.42598720636824405
ida_neworleans_30_14,ida_neworleans,1,0.42190260347850184
ida_neworleans_30_15,ida_neworleans,1,0.5027266588854846
ida_neworleans_30_16,ida_neworleans,0,0.5027844606541548
ida_neworleans_30_17,ida_neworleans,0,0.5027664077993823
ida_neworleans_30_18,ida_neworleans,0,0.5028157383397123
ida_neworleans_30_19,ida_neworleans,0,0.43800897419307233
ida_neworleans_30_20,ida_neworleans,0,0.42966294632053614
ida_neworleans_30_21,ida_neworleans,0,0.4335945683165574
ida_neworleans_30_22,ida_neworleans,0,0.4408937566829454
ida_neworleans_30_23,ida_neworleans,0,0.4483009760491399
ida_neworleans_30_24,ida_neworleans,0,0.4527666340160122
ida_neworleans_30_25,ida_neworleans,1,0.4646754775898357
ida_neworleans_30_26,ida_neworleans,0,0.472059429285221
ida_neworleans_30_27,ida_neworleans,0,0.49036882961619593
ida_neworleans_30_28,ida_neworleans,0,0.4937259406240308
ida_neworleans_30_29,ida_neworleans,0,0.5004868378231628
ida_neworleans_30_30,ida_neworleans,0,0.5021216148138095
ida_neworleans_30_31,ida_neworleans,0,0.4644717166639077
ida_neworleans_30_32,ida_neworleans,0,0.4406759505911736
ida_neworleans_30_33,ida_neworleans,0,0.42652122717488067
ida_neworleans_30_34,ida_neworleans,1,0.4270973973558251
ida_neworleans_30_35,ida_neworleans,1,0.4281133764807579
ida_neworleans_30_36,ida_neworleans,0,0.5027610883284858
ida_neworleans_30_37,ida_neworleans,1,0.4341697069622356
ida_neworleans_30_38,ida_neworleans,0,0.4281538120428089
ida_neworleans_30_39,ida_neworleans,1,0.42690104826498326
ida_neworleans_30_40,ida_neworleans,0,0.4204277578230579
ida_neworleans_30_41,ida_neworleans,0,0.41746483304741716
ida_neworleans_30_42,ida_neworleans,0,0.4174785695896495
ida_neworleans_30_43,ida_neworleans,0,0.5025801194734096
ida_neworleans_30_44,ida_neworleans,1,0.5026520519432615
ida_neworleans_30_45,ida_neworleans,1,0.5027380474107371
ida_neworleans_30_46,ida_neworleans,0,0.5026342526416321
ida_neworleans_30_47,ida_neworleans,1,0.502659358891214
ida_neworleans_30_48,ida_neworleans,0,0.5026418904442621
ida_neworleans_30_49,ida_neworleans,0,0.4218348321622228
ida_neworleans_30_50,ida_neworleans,0,0.4234336505548996
ida_neworleans_30_51,ida_neworleans,0,0.4296607209047421
ida_neworleans_30_52,ida_neworleans,0,0.43373101985939955
ida_neworleans_30_53,ida_neworleans,0,0.43760315954317025
ida_neworleans_30_54,ida_neworleans,0,0.5028624311820472
ida_neworleans_30_55,ida_neworleans,0,0.5027086671044096
ida_neworleans_30_56,ida_neworleans,0,0.502698315485043
ida_neworleans_30_57,ida_neworleans,1,0.5027356963580827
ida_neworleans_30_58,ida_neworleans,0,0.42204298362730847
ida_neworleans_30_59,ida_neworleans,1,0.4217766726103579
ida_neworleans_30_60,ida_neworleans,1,0.4177533280788109
ida_neworleans_30_61,ida_neworleans,0,0.41717295186940145
ida_neworleans_30_62,ida_neworleans,0,0.41366130774983406
ida_neworleans_30_63,ida_neworleans,0,0.41233500832386527
ida_neworleans_30_64,ida_neworleans,0,0.4124636576447267
ida_neworleans_30_65,ida_neworleans,0,0.41059283205528624
ida_neworleans_31_0,ida_neworleans,1,0.43248418446871506
ida_neworleans_31_1,ida_neworleans,1,0.44347554238845055
ida_neworleans_31_2,ida_neworleans,1,0.4529360505064554
ida_neworleans_31_3,ida_neworleans,0,0.44608820368510915
ida_neworleans_31_4,ida_neworleans,1,0.44252124395183545
ida_neworleans_31_5,ida_neworleans,1,0.4209822840172304
ida_neworleans_31_6,ida_neworleans,1,0.4208009869693913
ida_neworleans_31_7,ida_neworleans,1,0.5026829579752433
ida_neworleans_31_8,ida_neworleans,1,0.502695331281182
ida_neworleans_31_9,ida_neworleans,1,0.5026273460858863
ida_neworleans_31_10,ida_neworleans,1,0.502566701050922
ida_neworleans_31_11,ida_neworleans,1,0.415813767985754
ida_neworleans_31_12,ida_neworleans,1,0.423512310458623
ida_neworleans_31_13,ida_neworleans,1,0.4278387869661895
ida_neworleans_31_14,ida_neworleans,1,0.5026555363970857
ida_neworleans_31_15,ida_neworleans,1,0.5026947022944958
ida_neworleans_31_16,ida_neworleans,0,0.5027235752522571
ida_neworleans_31_17,ida_neworleans,0,0.502816369677004
ida_neworleans_31_18,ida_neworleans,0,0.5029054870333595
ida_neworleans_31_19,ida_neworleans,0,0.43713449354881123
ida_neworleans_31_20,ida_neworleans,0,0.43544356467288026
ida_neworleans_31_21,ida_neworleans,0,0.4484376440451502
ida_neworleans_31_22,ida_neworleans,0,0.45236196479695234
ida_neworleans_31_23,ida_neworleans,0,0.4499223456441086
ida_neworleans_31_24,ida_neworleans,0,0.447502831871158
ida_neworleans_31_25,ida_neworleans,0,0.4408362299314018
ida_neworleans_31_26,ida_neworleans,0,0.43986140506160015
ida_neworleans_31_27,ida_neworleans,0,0.45621494444518335
ida_neworleans_31_28,ida_neworleans,0,0.46942722726942215
ida_neworleans_31_29,ida_neworleans,0,0.4685610614817199
ida_neworleans_31_30,ida_neworleans,0,0.4653552227489297
ida_neworleans_31_31,ida_neworleans,0,0.44536687863551383
ida_neworleans_31_32,ida_neworleans,0,0.44049888355867817
ida_neworleans_31_33,ida_neworleans,0,0.4282714532795109
ida_neworleans_31_34,ida_neworleans,1,0.4291017623594266
ida_neworleans_31_35,ida_neworleans,0,0.42921220153299755
ida_neworleans_31_36,ida_neworleans,0,0.4274430542497397
ida_neworleans_31_37,ida_neworleans,1,0.42531323904295176
ida_neworleans_31_38,ida_neworleans,0,0.42042725365037165
ida_neworleans_31_39,ida_neworleans,0,0.4209639918440857
ida_neworleans_31_40,ida_neworleans,0,0.4212937337711208
ida_neworleans_31_41,ida_neworleans,0,0.4196831051008673
ida_neworleans_31_42,ida_neworleans,0,0.4178620048030222
ida_neworleans_31_43,ida_neworleans,0,0.5026710705900268
ida_neworleans_31_44,ida_neworleans,1,0.5026230038036161
ida_neworleans_31_45,ida_neworleans,0,0.5025816093204905
ida_neworleans_31_46,ida_neworleans,0,0.5025587510318373
ida_neworleans_31_47,ida_neworleans,1,0.502599994605745
ida_neworleans_31_48,ida_neworleans,0,0.42222714086912555
ida_neworleans_31_49,ida_neworleans,0,0.42592545347979754
ida_neworleans_31_50,ida_neworleans,0,0.4291452128193446
ida_neworleans_31_51,ida_neworleans,0,0.44498680068492674
ida_neworleans_31_52,ida_neworleans,0,0.43713557586951146
ida_neworleans_31_53,ida_neworleans,0,0.43779504244604583
ida_neworleans_31_54,ida_neworleans,0,0.5028312885415973
ida_neworleans_31_55,ida_neworleans,0,0.5027612118810271
ida_neworleans_31_56,ida_neworleans,0,0.5027660441959544
ida_neworleans_31_57,ida_neworleans,0,0.502793315874674
ida_neworleans_31_58,ida_neworleans,0,0.4286457411487071
ida_neworleans_31_59,ida_neworleans,1,0.42516858267126983
ida_neworleans_31_60,ida_neworleans,0,0.4186836928908752
ida_neworleans_31_61,ida_neworleans,0,0.41899304877578525
ida_neworleans_31_62,ida_neworleans,0,0.4173969141314482
ida_neworleans_31_63,ida_neworleans,0,0.4145115363224127
ida_neworleans_31_64,ida_neworleans,0,0.41378356504815766
ida_neworleans_31_65,ida_neworleans,0,0.41111519793973905
ida_neworleans_32_0,ida_neworleans,1,0.43428966178459144
ida_neworleans_32_1,ida_neworleans,1,0.4391095347445102
ida_neworleans_32_2,ida_neworleans,1,0.43766309292109534
ida_neworleans_32_3,ida_neworleans,1,0.4280442036814355
ida_neworleans_32_4,ida_neworleans,1,0.4204135193782917
ida_neworleans_32_5,ida_neworleans,1,0.41669824633754726
ida_neworleans_32_6,ida_neworleans,1,0.421146692514884
ida_neworleans_32_7,ida_neworleans,1,0.42529632481703716
ida_neworleans_32_8,ida_neworleans,1,0.5026900081890558
ida_neworleans_32_9,ida_neworleans,1,0.5026285555407752
ida_neworleans_32_10,ida_neworleans,1,0.5025664591089782
ida_neworleans_32_11,ida_neworleans,1,0.5025639708296771
ida_neworleans_32_12,ida_neworleans,1,0.5026098801309409
ida_neworleans_32_13,ida_neworleans,0,0.5026564029157494
ida_neworleans_32_14,ida_neworleans,1,0.5026491080057109
ida_neworleans_32_15,ida_neworleans,1,0.5026807756499824
ida_neworleans_32_16,ida_neworleans,0,0.5026996162607869
ida_neworleans_32_17,ida_neworleans,0,0.4294252655743643
ida_neworleans_32_18,ida_neworleans,0,0.4344874362558385
ida_neworleans_32_19,ida_neworleans,0,0.43084292326941764
ida_neworleans_32_20,ida_neworleans,0,0.43166907022299156
ida_neworleans_32_21,ida_neworleans,0,0.4415016170331878
ida_neworleans_32_22,ida_neworleans,0,0.4436986749317979
ida_neworleans_32_23,ida_neworleans,0,0.4412567839494676
ida_neworleans_32_24,ida_neworleans,0,0.44101147898041815
ida_neworleans_32_25,ida_neworleans,0,0.4371349920555715
ida_neworleans_32_26,ida_neworleans,0,0.43699700290107274
ida_neworleans_32_27,ida_neworleans,1,0.4520520660224075
ida_neworleans_32_28,ida_neworleans,1,0.45979387233920116
ida_neworleans_32_29,ida_neworleans,0,0.454546534932073
ida_neworleans_32_30,ida_neworleans,0,0.45861670046137015
ida_neworleans_32_31,ida_neworleans,0,0.45019592344142956
ida_neworleans_32_32,ida_neworleans,1,0.4440677337194564
ida_neworleans_32_33,ida_neworleans,0,0.43159968385317715
ida_neworleans_32_34,ida_neworleans,1,0.43416603074667276
ida_neworleans_32_35,ida_neworleans,0,0.43748341358510673
ida_neworleans_32_36,ida_neworleans,1,0.4474056520587669
ida_neworleans_32_37,ida_neworleans,1,0.4364905717769807
ida_neworleans_32_38,ida_neworleans,0,0.420493265852001
ida_neworleans_32_39,ida_neworleans,1,0.4209866695393835
ida_neworleans_32_40,ida_neworleans,1,0.42381593610208873
ida_neworleans_32_41,ida_neworleans,0,0.42128606201142016
ida_neworleans_32_42,ida_neworleans,0,0.4202577292755625
ida_neworleans_32_43,ida_neworleans,0,0.502701807148904
ida_neworleans_32_44,ida_neworleans,0,0.5027505735068616
ida_neworleans_32_45,ida_neworleans,0,0.5025956248663109
ida_neworleans_32_46,ida_neworleans,0,0.5025588180295194
ida_neworleans_32_47,ida_neworleans,1,0.5026579089757417
ida_neworleans_32_48,ida_neworleans,0,0.42575895263687086
ida_neworleans_32_49,ida_neworleans,0,0.4434196686143819
ida_neworleans_32_50,ida_neworleans,0,0.4663417191004538
ida_neworleans_32_51,ida_neworleans,1,0.4996655799780573
ida_neworleans_32_52,ida_neworleans,1,0.49192905936816334
ida_neworleans_32_53,ida_neworleans,0,0.43257120576133207
ida_neworleans_32_54,ida_neworleans,0,0.5027746416106017
ida_neworleans_32_55,ida_neworleans,0,0.5027681650046683
ida_neworleans_32_56,ida_neworleans,0,0.5027648561477213
ida_neworleans_32_57,ida_neworleans,0,0.5028202650971061
ida_neworleans_32_58,ida_neworleans,0,0.43498626108548905
ida_neworleans_32_59,ida_neworleans,0,0.42246836734511506
ida_neworleans_32_60,ida_neworleans,0,0.4219037164244821
ida_neworleans_32_61,ida_neworleans,0,0.42336056573503666
ida_neworleans_32_62,ida_neworleans,1,0.423907508989609
ida_neworleans_32_63,ida_neworleans,0,0.416769281640269
ida_neworleans_32_64,ida_neworleans,0,0.41304529198039847
ida_neworleans_33_0,ida_neworleans,0,0.5026619423210995
ida_neworleans_33_1,ida_neworleans,1,0.5026031949152956
ida_neworleans_33_2,ida_neworleans,1,0.5026815690902549
ida_neworleans_33_3,ida_neworleans,1,0.5025989300550169
ida_neworleans_33_4,ida_neworleans,1,0.4198833654925246
ida_neworleans_33_5,ida_neworleans,1,0.4224325587740367
ida_neworleans_33_6,ida_neworleans,1,0.4234202084104298
ida_neworleans_33_7,ida_neworleans,1,0.42373393477260163
ida_neworleans_33_8,ida_neworleans,1,0.42425189555147624
ida_neworleans_33_9,ida_neworleans,1,0.42035197317104267
ida_neworleans_33_10,ida_neworleans,0,0.4170641429348468
ida_neworleans_33_11,ida_neworleans,1,0.502572094046371
ida_neworleans_33_12,ida_neworleans,1,0.5025797622486984
ida_neworleans_33_13,ida_neworleans,1,0.5025860872667642
ida_neworleans_33_14,ida_neworleans,1,0.5025922913734577
ida_neworleans_33_15,ida_neworleans,1,0.5026443508545273
ida_neworleans_33_16,ida_neworleans,0,0.4213239429574084
ida_neworleans_33_17,ida_neworleans,1,0.42296661101325733
ida_neworleans_33_18,ida_neworleans,0,0.42507091655490853
ida_neworleans_33_19,ida_neworleans,0,0.42736436846221953
ida_neworleans_33_20,ida_neworleans,0,0.42846926784968514
ida_neworleans_33_21,ida_neworleans,0,0.42958391865394885
ida_neworleans_33_22,ida_neworleans,0,0.4318655177671591
ida_neworleans_33_23,ida_neworleans,1,0.43950599411899793
ida_neworleans_33_24,ida_neworleans,0,0.4412968604891954
ida_neworleans_33_25,ida_neworleans,0,0.43719253455164253
ida_neworleans_33_26,ida_neworleans,0,0.43332919270148146
ida_neworleans_33_27,ida_neworleans,0,0.4395530062136588
ida_neworleans_33_28,ida_neworleans,0,0.4486880501629939
ida_neworleans_33_29,ida_neworleans,1,0.46874990282742257
ida_neworleans_33_30,ida_neworleans,1,0.46640192505172573
ida_neworleans_33_31,ida_neworleans,0,0.4443499557462366
ida_neworleans_33_32,ida_neworleans,1,0.43308184512579784
ida_neworleans_33_33,ida_neworleans,1,0.437290112459619
ida_neworleans_33_34,ida_neworleans,0,0.44186156619212225
ida_neworleans_33_35,ida_neworleans,0,0.4496214910229224
ida_neworleans_33_36,ida_neworleans,0,0.45302420060994353
ida_neworleans_33_37,ida_neworleans,0,0.4335352411278857
ida_neworleans_33_38,ida_neworleans,0,0.4247105755468387
ida_neworleans_33_39,ida_neworleans,1,0.4275783773109571
ida_neworleans_33_40,ida_neworleans,0,0.43020841241307867
ida_neworleans_33_41,ida_neworleans,0,0.42557591340973655
ida_neworleans_33_42,ida_neworleans,0,0.4223215142638141
ida_neworleans_33_43,ida_neworleans,1,0.5027648182935266
ida_neworleans_33_44,ida_neworleans,1,0.502770201765378
ida_neworleans_33_45,ida_neworleans,1,0.5026546467695707
ida_neworleans_33_46,ida_neworleans,1,0.5026152282663309
ida_neworleans_33_47,ida_neworleans,0,0.5025674734318242
ida_neworleans_33_48,ida_neworleans,0,0.4181566170847098
ida_neworleans_33_49,ida_neworleans,0,0.4229997538740118
ida_neworleans_33_50,ida_neworleans,0,0.4498763238208125
ida_neworleans_33_51,ida_neworleans,0,0.46039457069708045
ida_neworleans_33_52,ida_neworleans,1,0.45806303755769934
ida_neworleans_33_53,ida_neworleans,1,0.5028880050439325
ida_neworleans_33_54,ida_neworleans,1,0.5027558311634874
ida_neworleans_33_55,ida_neworleans,1,0.5027690958754865
ida_neworleans_33_56,ida_neworleans,1,0.5027598764870596
ida_neworleans_33_57,ida_neworleans,0,0.5028136035717221
ida_neworleans_33_58,ida_neworleans,0,0.45561298459274063
ida_neworleans_33_59,ida_neworleans,1,0.444853741067301
ida_neworleans_33_60,ida_neworleans,0,0.4203517955856692
ida_neworleans_33_61,ida_neworleans,0,0.41787217277162597
ida_neworleans_33_62,ida_neworleans,0,0.4174524306673028
ida_neworleans_33_63,ida_neworleans,0,0.4126498057095158
ida_neworleans_33_64,ida_neworleans,1,0.5025242401070095
ida_neworleans_33_65,ida_neworleans,1,0.5025247083217779
ida_neworleans_33_66,ida_neworleans,0,0.502515509564547
ida_neworleans_33_67,ida_neworleans,0,0.5025179822364501
ida_neworleans_34_0,ida_neworleans,1,0.5025875030055389
ida_neworleans_34_1,ida_neworleans,1,0.5025630046228662
ida_neworleans_34_2,ida_neworleans,1,0.5025752604087544
ida_neworleans_34_3,ida_neworleans,1,0.5025754861033769
ida_neworleans_34_4,ida_neworleans,1,0.4202473754988779
ida_neworleans_34_5,ida_neworleans,1,0.4228713177301633
ida_neworleans_34_6,ida_neworleans,1,0.419850497541563
ida_neworleans_34_7,ida_neworleans,1,0.41923699614159504
ida_neworleans_34_8,ida_neworleans,0,0.4175807566137436
ida_neworleans_34_9,ida_neworleans,0,0.41657697166846425
ida_neworleans_34_10,ida_neworleans,0,0.4167207226422345
ida_neworleans_34_11,ida_neworleans,0,0.41901497426738676
ida_neworleans_34_12,ida_neworleans,0,0.5026087207866191
ida_neworleans_34_13,ida_neworleans,0,0.5025909840978795
ida_neworleans_34_14,ida_neworleans,1,0.5025982514660792
ida_neworleans_34_15,ida_neworleans,1,0.418225298555435
ida_neworleans_34_16,ida_neworleans,0,0.41766996676279533
ida_neworleans_34_17,ida_neworleans,0,0.4173701624932748
ida_neworleans_34_18,ida_neworleans,0,0.4212843940694032
ida_neworleans_34_19,ida_neworleans,0,0.42511905948173984
ida_neworleans_34_20,ida_neworleans,0,0.42871594307703
ida_neworleans_34_21,ida_neworleans,1,0.43161307099128104
ida_neworleans_34_22,ida_neworleans,0,0.4340655053602518
ida_neworleans_34_23,ida_neworleans,0,0.43841961775784943
ida_neworleans_34_24,ida_neworleans,0,0.4427888866610906
ida_neworleans_34_25,ida_neworleans,0,0.4363221656434827
ida_neworleans_34_26,ida_neworleans,0,0.4318956691401801
ida_neworleans_34_27,ida_neworleans,0,0.43124263209718144
ida_neworleans_34_28,ida_neworleans,1,0.4422958897218656
ida_neworleans_34_29,ida_neworleans,1,0.46735257795604773
ida_neworleans_34_30,ida_neworleans,0,0.4583969503758642
ida_neworleans_34_31,ida_neworleans,1,0.448099329435909
ida_neworleans_34_32,ida_neworleans,1,0.4272522796792313
ida_neworleans_34_33,ida_neworleans,1,0.44134001424023034
ida_neworleans_34_34,ida_neworleans,0,0.45253863176791587
ida_neworleans_34_35,ida_neworleans,0,0.4605665633748544
ida_neworleans_34_36,ida_neworleans,1,0.4557702803981088
ida_neworleans_34_37,ida_neworleans,0,0.42932672158369817
ida_neworleans_34_38,ida_neworleans,1,0.42878126870346134
ida_neworleans_34_39,ida_neworleans,1,0.4390936139568548
ida_neworleans_34_40,ida_neworleans,0,0.4441969472921738
ida_neworleans_34_41,ida_neworleans,1,0.4457176794459504
ida_neworleans_34_42,ida_neworleans,1,0.4367351868810948
ida_neworleans_34_43,ida_neworleans,1,0.42936006272594357
ida_neworleans_34_44,ida_neworleans,1,0.5027062377940145
ida_neworleans_34_45,ida_neworleans,1,0.5026414496578678
ida_neworleans_34_46,ida_neworleans,1,0.5025972346140875
ida_neworleans_34_47,ida_neworleans,0,0.4149042237355602
ida_neworleans_34_48,ida_neworleans,0,0.4157471109570785
ida_neworleans_34_49,ida_neworleans,0,0.42066656912639655
ida_neworleans_34_50,ida_neworleans,0,0.4308771850931681
ida_neworleans_34_51,ida_neworleans,0,0.43480068284470524
ida_neworleans_34_52,ida_neworleans,0,0.4219262382626136
ida_neworleans_34_53,ida_neworleans,1,0.5026197440425655
ida_neworleans_34_54,ida_neworleans,0,0.5025799282691799
ida_neworleans_34_55,ida_neworleans,1,0.502618448119684
ida_neworleans_34_56,ida_neworleans,1,0.5025992319692854
ida_neworleans_34_57,ida_neworleans,1,0.5026464982899599
ida_neworleans_34_58,ida_neworleans,0,0.5026790249361893
ida_neworleans_34_59,ida_neworleans,0,0.5026141092733171
ida_neworleans_34_60,ida_neworleans,1,0.5026004105361787
ida_neworleans_34_61,ida_neworleans,0,0.5025361474500702
ida_neworleans_34_62,ida_neworleans,1,0.5025549566848843
ida_neworleans_34_63,ida_neworleans,1,0.5025129153370623
ida_neworleans_34_64,ida_neworleans,1,0.5025273718983307
ida_neworleans_34_65,ida_neworleans,0,0.5025349156938927
ida_neworleans_34_66,ida_neworleans,0,0.502541771124205
ida_neworleans_34_67,ida_neworleans,0,0.5025381586492095
ida_neworleans_35_0,ida_neworleans,1,0.5028645506815134
ida_neworleans_35_1,ida_neworleans,1,0.5028282823941201
ida_neworleans_35_2,ida_neworleans,0,0.5027569916282143
ida_neworleans_35_3,ida_neworleans,1,0.5027303342360252
ida_neworleans_35_4,ida_neworleans,1,0.4276544453558481
ida_neworleans_35_5,ida_neworleans,0,0.4189727041320668
ida_neworleans_35_6,ida_neworleans,1,0.414777088823132
ida_neworleans_35_7,ida_neworleans,1,0.41502552510495705
ida_neworleans_35_8,ida_neworleans,1,0.4137665754918995
ida_neworleans_35_9,ida_neworleans,1,0.41175667825115814
ida_neworleans_35_10,ida_neworleans,1,0.41202109609559195
ida_neworleans_35_11,ida_neworleans,0,0.4129388155089706
ida_neworleans_35_12,ida_neworleans,0,0.5026100553768709
ida_neworleans_35_13,ida_neworleans,0,0.5026613930122686
ida_neworleans_35_14,ida_neworleans,1,0.502615953173807
ida_neworleans_35_15,ida_neworleans,0,0.41592135852045653
ida_neworleans_35_16,ida_neworleans,0,0.4242389583603477
ida_neworleans_35_17,ida_neworleans,0,0.43486566554923134
ida_neworleans_35_18,ida_neworleans,1,0.44370439235091147
ida_neworleans_35_19,ida_neworleans,1,0.4408683633225939
ida_neworleans_35_20,ida_neworleans,0,0.4333646801209664
ida_neworleans_35_21,ida_neworleans,0,0.4405639413987625
ida_neworleans_35_22,ida_neworleans,1,0.4421878836856697
ida_neworleans_35_23,ida_neworleans,0,0.4348863764790605
ida_neworleans_35_24,ida_neworleans,0,0.4286478647913663
ida_neworleans_35_25,ida_neworleans,0,0.42606546845419446
ida_neworleans_35_26,ida_neworleans,0,0.42418707246226156
ida_neworleans_35_27,ida_neworleans,1,0.42700729298733686
ida_neworleans_35_28,ida_neworleans,1,0.4271621314438991
ida_neworleans_35_29,ida_neworleans,0,0.4288253931869883
ida_neworleans_35_30,ida_neworleans,1,0.4587157501202952
ida_neworleans_35_31,ida_neworleans,1,0.46192903762149157
ida_neworleans_35_32,ida_neworleans,0,0.44206244263576344
ida_neworleans_35_33,ida_neworleans,1,0.4474029794268047
ida_neworleans_35_34,ida_neworleans,0,0.4524671455556611
ida_neworleans_35_35,ida_neworleans,0,0.45486573199239494
ida_neworleans_35_36,ida_neworleans,0,0.4480743950195819
ida_neworleans_35_37,ida_neworleans,0,0.43662385711715374
ida_neworleans_35_38,ida_neworleans,0,0.4263590220545634
ida_neworleans_35_39,ida_neworleans,0,0.42388928889100924
ida_neworleans_35_40,ida_neworleans,1,0.4404297232628051
ida_neworleans_35_41,ida_neworleans,1,0.4499555266424347
ida_neworleans_35_42,ida_neworleans,0,0.44272181164030383
ida_neworleans_35_43,ida_neworleans,0,0.436379613131977
ida_neworleans_35_44,ida_neworleans,0,0.502725407157547
ida_neworleans_35_45,ida_neworleans,0,0.4253332900993598
ida_neworleans_35_46,ida_neworleans,1,0.4201643360616184
ida_neworleans_35_47,ida_neworleans,0,0.4190032673798707
ida_neworleans_35_48,ida_neworleans,0,0.41971625308688965
ida_neworleans_35_49,ida_neworleans,0,0.41823424268830584
ida_neworleans_35_50,ida_neworleans,0,0.4171689281869171
ida_neworleans_35_51,ida_neworleans,1,0.41708514401953944
ida_neworleans_35_52,ida_neworleans,1,0.41402938158210506
ida_neworleans_35_53,ida_neworleans,1,0.5025369470288479
ida_neworleans_35_54,ida_neworleans,1,0.5025441495686388
ida_neworleans_35_55,ida_neworleans,1,0.5025359947522524
ida_neworleans_35_56,ida_neworleans,1,0.5025299745952795
ida_neworleans_35_57,ida_neworleans,1,0.5025314937429275
ida_neworleans_35_58,ida_neworleans,1,0.5025872956475528
ida_neworleans_35_59,ida_neworleans,1,0.5025845858746167
ida_neworleans_35_60,ida_neworleans,1,0.5025409217129462
ida_neworleans_35_61,ida_neworleans,1,0.5025399894674656
ida_neworleans_35_62,ida_neworleans,1,0.5025318521908589
ida_neworleans_35_63,ida_neworleans,0,0.5025179622145186
ida_neworleans_35_64,ida_neworleans,1,0.5025704526007925
ida_neworleans_35_65,ida_neworleans,1,0.5025941261434101
ida_neworleans_35_66,ida_neworleans,1,0.5025661711981684
ida_neworleans_35_67,ida_neworleans,1,0.5025504237641556
ida_neworleans_36_0,ida_neworleans,1,0.5029108571791792
ida_neworleans_36_1,ida_neworleans,1,0.502764914539785
ida_neworleans_36_2,ida_neworleans,1,0.5026967817060761
ida_neworleans_36_3,ida_neworleans,1,0.5025750140297519
ida_neworleans_36_4,ida_neworleans,0,0.5025517695772758
ida_neworleans_36_5,ida_neworleans,1,0.5025459879987096
ida_neworleans_36_6,ida_neworleans,1,0.4141228965457501
ida_neworleans_36_7,ida_neworleans,1,0.421261457522739
ida_neworleans_36_8,ida_neworleans,0,0.4147722524038435
ida_neworleans_36_9,ida_neworleans,0,0.41530306366201264
ida_neworleans_36_10,ida_neworleans,0,0.41270792520298943
ida_neworleans_36_11,ida_neworleans,0,0.5025275688294278
ida_neworleans_36_12,ida_neworleans,1,0.41810026918453247
ida_neworleans_36_13,ida_neworleans,1,0.4229428953716826
ida_neworleans_36_14,ida_neworleans,1,0.42022411946889143
ida_neworleans_36_15,ida_neworleans,1,0.42082278991620753
ida_neworleans_36_16,ida_neworleans,0,0.42587748397923036
ida_neworleans_36_17,ida_neworleans,0,0.4394008255756319
ida_neworleans_36_18,ida_neworleans,1,0.45284628634035656
ida_neworleans_36_19,ida_neworleans,0,0.5029468997370787
ida_neworleans_36_20,ida_neworleans,1,0.5031293116965752
ida_neworleans_36_21,ida_neworleans,1,0.45488087892877754
ida_neworleans_36_22,ida_neworleans,1,0.4394092077521437
ida_neworleans_36_23,ida_neworleans,1,0.43398732313344146
ida_neworleans_36_24,ida_neworleans,0,0.4289349685217128
ida_neworleans_36_25,ida_neworleans,0,0.42359758951831905
ida_neworleans_36_26,ida_neworleans,0,0.42122041416723954
ida_neworleans_36_27,ida_neworleans,1,0.42555087235688716
ida_neworleans_36_28,ida_neworleans,1,0.4338963445465156
ida_neworleans_36_29,ida_neworleans,0,0.4456960149773584
ida_neworleans_36_30,ida_neworleans,0,0.44994324258484913
ida_neworleans_36_31,ida_neworleans,1,0.4676607499762122
ida_neworleans_36_32,ida_neworleans,0,0.44472219192721374
ida_neworleans_36_33,ida_neworleans,1,0.45422962733508787
ida_neworleans_36_34,ida_neworleans,1,0.4628840041469429
ida_neworleans_36_35,ida_neworleans,1,0.45551688987338984
ida_neworleans_36_36,ida_neworleans,1,0.4492391916040088
ida_neworleans_36_37,ida_neworleans,1,0.44177933446764533
ida_neworleans_36_38,ida_neworleans,0,0.4285633799187085
ida_neworleans_36_39,ida_neworleans,1,0.4227705899435524
ida_neworleans_36_40,ida_neworleans,1,0.43034650238862027
ida_neworleans_36_41,ida_neworleans,1,0.43009516553324023
ida_neworleans_36_42,ida_neworleans,0,0.427434176220885
ida_neworleans_36_43,ida_neworleans,1,0.4284798391163532
ida_neworleans_36_44,ida_neworleans,0,0.5026740330857837
ida_neworleans_36_45,ida_neworleans,0,0.42363490591806807
ida_neworleans_36_46,ida_neworleans,0,0.42160607666509203
ida_neworleans_36_47,ida_neworleans,1,0.42054570917461714
ida_neworleans_36_48,ida_neworleans,1,0.4192902135040885
ida_neworleans_36_49,ida_neworleans,0,0.41760396435837455
ida_neworleans_36_50,ida_neworleans,1,0.4181572484857601
ida_neworleans_36_51,ida_neworleans,1,0.4186233932828132
ida_neworleans_36_52,ida_neworleans,1,0.5025747323831309
ida_neworleans_36_53,ida_neworleans,1,0.502547636122916
ida_neworleans_36_54,ida_neworleans,1,0.5025497611136523
ida_neworleans_36_55,ida_neworleans,1,0.5025469208503968
ida_neworleans_36_56,ida_neworleans,1,0.5025228577111794
ida_neworleans_36_57,ida_neworleans,1,0.5025131233733273
ida_neworleans_36_59,ida_neworleans,1,0.5025027789587128
ida_neworleans_36_60,ida_neworleans,1,0.5025310138299215
ida_neworleans_36_61,ida_neworleans,1,0.5025573852600621
ida_neworleans_36_62,ida_neworleans,1,0.5025570062135865
ida_neworleans_36_63,ida_neworleans,1,0.5025420643306179
ida_neworleans_36_64,ida_neworleans,1,0.5025419490047108
ida_neworleans_36_65,ida_neworleans,0,0.5025428060137657
ida_neworleans_36_66,ida_neworleans,0,0.5025415052804127
ida_neworleans_36_67,ida_neworleans,1,0.5025619543835677
ida_neworleans_37_0,ida_neworleans,1,0.5028467935955591
ida_neworleans_37_1,ida_neworleans,0,0.5027080644124158
ida_neworleans_37_2,ida_neworleans,1,0.5025986642355471
ida_neworleans_37_3,ida_neworleans,1,0.5025220002510965
ida_neworleans_37_4,ida_neworleans,1,0.5025231339886745
ida_neworleans_37_5,ida_neworleans,1,0.5025271441847914
ida_neworleans_37_6,ida_neworleans,1,0.5025571609146464
ida_neworleans_37_7,ida_neworleans,1,0.5026744144369553
ida_neworleans_37_8,ida_neworleans,1,0.5027718043405032
ida_neworleans_37_9,ida_neworleans,0,0.5028056565487018
ida_neworleans_37_10,ida_neworleans,1,0.4340363499537394
ida_neworleans_37_11,ida_neworleans,1,0.42945768800460205
ida_neworleans_37_12,ida_neworleans,1,0.43088485714966746
ida_neworleans_37_13,ida_neworleans,0,0.42971518864588004
ida_neworleans_37_14,ida_neworleans,0,0.42206565230397225
ida_neworleans_37_15,ida_neworleans,1,0.4204178623993113
ida_neworleans_37_16,ida_neworleans,1,0.4219715927841869
ida_neworleans_37_17,ida_neworleans,1,0.42883063317803666
ida_neworleans_37_18,ida_neworleans,1,0.43496208183350715
ida_neworleans_37_19,ida_neworleans,0,0.5028155133252002
ida_neworleans_37_20,ida_neworleans,1,0.5030549118939188
ida_neworleans_37_21,ida_neworleans,1,0.438589214193041
ida_neworleans_37_22,ida_neworleans,1,0.42985971229821324
ida_neworleans_37_23,ida_neworleans,1,0.43443321845841804
ida_neworleans_37_24,ida_neworleans,1,0.4416555460730171
ida_neworleans_37_25,ida_neworleans,1,0.5031323777386439
ida_neworleans_37_26,ida_neworleans,1,0.5030326679996605
ida_neworleans_37_27,ida_neworleans,1,0.43796427840222335
ida_neworleans_37_28,ida_neworleans,1,0.4459694269075572
ida_neworleans_37_29,ida_neworleans,1,0.4523091331795637
ida_neworleans_37_30,ida_neworleans,0,0.4537174285246445
ida_neworleans_37_31,ida_neworleans,0,0.4485880060075126
ida_neworleans_37_32,ida_neworleans,1,0.44387840933020906
ida_neworleans_37_33,ida_neworleans,0,0.44485272176199564
ida_neworleans_37_34,ida_neworleans,0,0.44619723433383596
ida_neworleans_37_35,ida_neworleans,1,0.5030720954681404
ida_neworleans_37_36,ida_neworleans,1,0.4443541179002393
ida_neworleans_37_37,ida_neworleans,1,0.4369363687492624
ida_neworleans_37_38,ida_neworleans,0,0.4307457765539015
ida_neworleans_37_39,ida_neworleans,0,0.42683050639579007
ida_neworleans_37_40,ida_neworleans,1,0.5027292707095189
ida_neworleans_37_41,ida_neworleans,0,0.5027094533141954
ida_neworleans_37_42,ida_neworleans,0,0.5026147433396816
ida_neworleans_37_43,ida_neworleans,1,0.5025940964901531
ida_neworleans_37_44,ida_neworleans,1,0.5026007450747058
ida_neworleans_37_45,ida_neworleans,1,0.4241962277568199
ida_neworleans_37_46,ida_neworleans,0,0.4262317235864605
ida_neworleans_37_47,ida_neworleans,0,0.4258803767288031
ida_neworleans_37_48,ida_neworleans,1,0.4215291817003571
ida_neworleans_37_49,ida_neworleans,1,0.5025718187642227
ida_neworleans_37_50,ida_neworleans,1,0.502566851600263
ida_neworleans_37_51,ida_neworleans,1,0.5025648720723142
ida_neworleans_37_52,ida_neworleans,1,0.5025598165305721
ida_neworleans_37_53,ida_neworleans,1,0.5025539409771008
ida_neworleans_37_54,ida_neworleans,1,0.502550610144316
ida_neworleans_37_55,ida_neworleans,1,0.5025571999242147
ida_neworleans_37_56,ida_neworleans,0,0.5025365001486467
ida_neworleans_37_57,ida_neworleans,0,0.5025267330894754
ida_neworleans_37_58,ida_neworleans,1,0.5025115653818425
ida_neworleans_37_59,ida_neworleans,1,0.5025171383866157
ida_neworleans_37_60,ida_neworleans,1,0.5025195457523893
ida_neworleans_37_61,ida_neworleans,1,0.5025679588778674
ida_neworleans_37_62,ida_neworleans,1,0.5025758853972169
ida_neworleans_37_63,ida_neworleans,0,0.5025050696965419
ida_neworleans_37_64,ida_neworleans,1,0.5025081057205437
ida_neworleans_37_65,ida_neworleans,1,0.5025321892963635
ida_neworleans_37_66,ida_neworleans,1,0.5025693165174215
ida_neworleans_37_67,ida_neworleans,0,0.5025963490352109
ida_neworleans_38_0,ida_neworleans,1,0.5026807139371791
ida_neworleans_38_1,ida_neworleans,1,0.5025372418084844
ida_neworleans_38_2,ida_neworleans,1,0.5025296748671838
ida_neworleans_38_3,ida_neworleans,1,0.5025350872261609
ida_neworleans_38_4,ida_neworleans,1,0.5025327385967353
ida_neworleans_38_5,ida_neworleans,1,0.5025123871292568
ida_neworleans_38_6,ida_neworleans,1,0.502508400403708
ida_neworleans_38_7,ida_neworleans,0,0.5025759862241368
ida_neworleans_38_8,ida_neworleans,1,0.5027207714052477
ida_neworleans_38_9,ida_neworleans,0,0.42867343082772996
ida_neworleans_38_10,ida_neworleans,1,0.4370983562652963
ida_neworleans_38_11,ida_neworleans,1,0.4358925013383328
ida_neworleans_38_12,ida_neworleans,1,0.43174631576548644
ida_neworleans_38_13,ida_neworleans,1,0.4303093814015445
ida_neworleans_38_14,ida_neworleans,1,0.42876150667821084
ida_neworleans_38_15,ida_neworleans,0,0.42795726722466454
ida_neworleans_38_16,ida_neworleans,1,0.5028231885441905
ida_neworleans_38_17,ida_neworleans,1,0.5027940658031581
ida_neworleans_38_18,ida_neworleans,0,0.5026385104483009
ida_neworleans_38_19,ida_neworleans,0,0.5026229216106318
ida_neworleans_38_20,ida_neworleans,0,0.5025869256576776
ida_neworleans_38_21,ida_neworleans,1,0.5027190582081876
ida_neworleans_38_22,ida_neworleans,1,0.4311298936077717
ida_neworleans_38_23,ida_neworleans,1,0.43970026164935894
ida_neworleans_38_24,ida_neworleans,0,0.4436599209340832
ida_neworleans_38_25,ida_neworleans,1,0.456052256107243
ida_neworleans_38_26,ida_neworleans,1,0.5031576529002414
ida_neworleans_38_27,ida_neworleans,1,0.44678544324524627
ida_neworleans_38_28,ida_neworleans,0,0.4442984650061912
ida_neworleans_38_29,ida_neworleans,0,0.4563604019047061
ida_neworleans_38_30,ida_neworleans,0,0.46756617451425425
ida_neworleans_38_31,ida_neworleans,0,0.45695081920367
ida_neworleans_38_32,ida_neworleans,1,0.44273577511514656
ida_neworleans_38_33,ida_neworleans,0,0.44082753820084974
ida_neworleans_38_34,ida_neworleans,0,0.43511270246230543
ida_neworleans_38_35,ida_neworleans,1,0.5028118592611427
ida_neworleans_38_36,ida_neworleans,1,0.43040732478186927
ida_neworleans_38_37,ida_neworleans,1,0.4360420289734684
ida_neworleans_38_38,ida_neworleans,0,0.43788433046482755
ida_neworleans_38_39,ida_neworleans,1,0.43219163236199093
ida_neworleans_38_40,ida_neworleans,1,0.4263976318562732
ida_neworleans_38_41,ida_neworleans,0,0.4226520662626776
ida_neworleans_38_42,ida_neworleans,1,0.5025860263515757
ida_neworleans_38_43,ida_neworleans,1,0.5025701133774151
ida_neworleans_38_44,ida_neworleans,1,0.5025761929771255
ida_neworleans_38_45,ida_neworleans,0,0.42122112052415683
ida_neworleans_38_46,ida_neworleans,1,0.42630652904193433
ida_neworleans_38_47,ida_neworleans,0,0.4256272155317537
ida_neworleans_38_48,ida_neworleans,0,0.41932384151998325
ida_neworleans_38_49,ida_neworleans,0,0.5025584653370394
ida_neworleans_38_50,ida_neworleans,1,0.5025695528592052
ida_neworleans_38_51,ida_neworleans,1,0.5025574259087066
ida_neworleans_38_52,ida_neworleans,1,0.5025413388437693
ida_neworleans_38_53,ida_neworleans,1,0.5025448507158189
ida_neworleans_38_54,ida_neworleans,1,0.5025419614251198
ida_neworleans_38_55,ida_neworleans,0,0.5025529258125874
ida_neworleans_38_56,ida_neworleans,0,0.5025620725727807
ida_neworleans_38_57,ida_neworleans,1,0.502546734120001
ida_neworleans_38_58,ida_neworleans,1,0.5025134867602405
ida_neworleans_38_59,ida_neworleans,1,0.5025042575074424
ida_neworleans_38_60,ida_neworleans,1,0.502508785365122
ida_neworleans_38_61,ida_neworleans,1,0.5025103856130294
ida_neworleans_38_62,ida_neworleans,0,0.5025068764257287
ida_neworleans_38_63,ida_neworleans,0,0.5025101852206053
ida_neworleans_38_64,ida_neworleans,1,0.502517280268951
ida_neworleans_38_65,ida_neworleans,1,0.5025369621803285
ida_neworleans_38_66,ida_neworleans,1,0.5025884262593907
ida_neworleans_38_67,ida_neworleans,0,0.5026134508798394
ida_neworleans_39_0,ida_neworleans,1,0.502547699537553
ida_neworleans_39_2,ida_neworleans,1,0.5025211160884573
ida_neworleans_39_3,ida_neworleans,1,0.5025514217886472
ida_neworleans_39_4,ida_neworleans,1,0.5025114307272598
ida_neworleans_39_5,ida_neworleans,1,0.5025039314429256
ida_neworleans_39_7,ida_neworleans,1,0.5025657932765076
ida_neworleans_39_8,ida_neworleans,1,0.5025814472357816
ida_neworleans_39_9,ida_neworleans,1,0.42246353709836604
ida_neworleans_39_10,ida_neworleans,1,0.4256840095355691
ida_neworleans_39_11,ida_neworleans,1,0.43747390253924223
ida_neworleans_39_12,ida_neworleans,1,0.4381397716586047
ida_neworleans_39_13,ida_neworleans,1,0.4327627562472062
ida_neworleans_39_14,ida_neworleans,1,0.43260771849452756
ida_neworleans_39_15,ida_neworleans,1,0.4352658546050394
ida_neworleans_39_16,ida_neworleans,1,0.5028493153231675
ida_neworleans_39_17,ida_neworleans,1,0.5028858743093806
ida_neworleans_39_18,ida_neworleans,1,0.5028200060425241
ida_neworleans_39_19,ida_neworleans,1,0.5027073677925072
ida_neworleans_39_20,ida_neworleans,1,0.5026981533562648
ida_neworleans_39_21,ida_neworleans,1,0.5027806399647435
ida_neworleans_39_22,ida_neworleans,1,0.43459744300532027
ida_neworleans_39_23,ida_neworleans,1,0.43418497336925116
ida_neworleans_39_24,ida_neworleans,0,0.4331181551402908
ida_neworleans_39_25,ida_neworleans,1,0.43595003576602875
ida_neworleans_39_26,ida_neworleans,1,0.502956371665292
ida_neworleans_39_27,ida_neworleans,0,0.44571027625226906
ida_neworleans_39_28,ida_neworleans,1,0.4533937906156847
ida_neworleans_39_29,ida_neworleans,1,0.4800659690778171
ida_neworleans_39_30,ida_neworleans,1,0.48900229918364785
ida_neworleans_39_31,ida_neworleans,0,0.46590116026586076
ida_neworleans_39_32,ida_neworleans,0,0.43853901455042393
ida_neworleans_39_33,ida_neworleans,0,0.4343159895999931
ida_neworleans_39_34,ida_neworleans,1,0.44068752382456944
ida_neworleans_39_35,ida_neworleans,1,0.44127020113966897
ida_neworleans_39_36,ida_neworleans,1,0.43316469791749346
ida_neworleans_39_37,ida_neworleans,1,0.43872123329005996
ida_neworleans_39_38,ida_neworleans,1,0.4485074391450428
ida_neworleans_39_39,ida_neworleans,1,0.4394297730328483
ida_neworleans_39_40,ida_neworleans,0,0.42681816195992683
ida_neworleans_39_41,ida_neworleans,1,0.431066561716221
ida_neworleans_39_42,ida_neworleans,1,0.42047938493607884
ida_neworleans_39_43,ida_neworleans,1,0.502602745020334
ida_neworleans_39_44,ida_neworleans,1,0.5025802782164686
ida_neworleans_39_45,ida_neworleans,1,0.5026445532220347
ida_neworleans_39_46,ida_neworleans,0,0.5026004372358748
ida_neworleans_39_47,ida_neworleans,0,0.5025932271581525
ida_neworleans_39_48,ida_neworleans,0,0.5026172493234976
ida_neworleans_39_49,ida_neworleans,1,0.502611935130391
ida_neworleans_39_50,ida_neworleans,0,0.5025595083003898
ida_neworleans_39_51,ida_neworleans,1,0.5025457706009058
ida_neworleans_39_52,ida_neworleans,0,0.5025130540144918
ida_neworleans_39_53,ida_neworleans,1,0.5025155631807344
ida_neworleans_39_54,ida_neworleans,1,0.5025309351100228
ida_neworleans_39_55,ida_neworleans,1,0.5025301900199897
ida_neworleans_39_56,ida_neworleans,1,0.5025420979937778
ida_neworleans_39_57,ida_neworleans,1,0.5025376515388872
ida_neworleans_39_58,ida_neworleans,1,0.5025178497478529
ida_neworleans_39_59,ida_neworleans,1,0.502505317953173
ida_neworleans_39_60,ida_neworleans,1,0.5025052503099817
ida_neworleans_39_61,ida_neworleans,1,0.50250612764262
ida_neworleans_39_62,ida_neworleans,1,0.5025076663815878
ida_neworleans_39_63,ida_neworleans,1,0.502517992363492
ida_neworleans_39_64,ida_neworleans,1,0.5025459972641779
ida_neworleans_39_65,ida_neworleans,1,0.5025412661941261
ida_neworleans_39_66,ida_neworleans,1,0.502574675016312
ida_neworleans_39_67,ida_neworleans,1,0.5025889413225542
ida_neworleans_40_0,ida_neworleans,1,0.5025048777240245
ida_neworleans_40_2,ida_neworleans,1,0.5025040712623747
ida_neworleans_40_3,ida_neworleans,1,0.5025132370655258
ida_neworleans_40_4,ida_neworleans,1,0.5025036971929907
ida_neworleans_40_5,ida_neworleans,1,0.502504256028801
ida_neworleans_40_7,ida_neworleans,1,0.5025133990684542
ida_neworleans_40_8,ida_neworleans,1,0.5025266382238743
ida_neworleans_40_9,ida_neworleans,1,0.4149758589521038
ida_neworleans_40_10,ida_neworleans,0,0.41561388248347975
ida_neworleans_40_11,ida_neworleans,1,0.4265996925073965
ida_neworleans_40_12,ida_neworleans,1,0.4351063540663088
ida_neworleans_40_13,ida_neworleans,1,0.4343115989451447
ida_neworleans_40_14,ida_neworleans,1,0.43659625155217957
ida_neworleans_40_15,ida_neworleans,1,0.4389831148368665
ida_neworleans_40_16,ida_neworleans,1,0.5028808029541673
ida_neworleans_40_17,ida_neworleans,1,0.5029068721023
ida_neworleans_40_18,ida_neworleans,1,0.5028961595493919
ida_neworleans_40_19,ida_neworleans,0,0.5027470560919374
ida_neworleans_40_20,ida_neworleans,0,0.4328542970747759
ida_neworleans_40_21,ida_neworleans,0,0.43243997673328816
ida_neworleans_40_22,ida_neworleans,0,0.44265607013777186
ida_neworleans_40_23,ida_neworleans,0,0.44560277424668937
ida_neworleans_40_24,ida_neworleans,1,0.4450576164636183
ida_neworleans_40_25,ida_neworleans,0,0.4376694405971071
ida_neworleans_40_26,ida_neworleans,1,0.5029159890556999
ida_neworleans_40_27,ida_neworleans,1,0.4414748420846388
ida_neworleans_40_28,ida_neworleans,1,0.44849463404120343
ida_neworleans_40_29,ida_neworleans,0,0.44863488068449525
ida_neworleans_40_30,ida_neworleans,0,0.4428997529631178
ida_neworleans_40_31,ida_neworleans,0,0.449184159404596
ida_neworleans_40_32,ida_neworleans,0,0.4384285027337435
ida_neworleans_40_33,ida_neworleans,1,0.43626149121621877
ida_neworleans_40_34,ida_neworleans,1,0.43794086329448545
ida_neworleans_40_35,ida_neworleans,1,0.4422921916026542
ida_neworleans_40_36,ida_neworleans,1,0.434792566407461
ida_neworleans_40_37,ida_neworleans,1,0.5028554392584726
ida_neworleans_40_38,ida_neworleans,1,0.43851420767915206
ida_neworleans_40_39,ida_neworleans,0,0.4311219444924523
ida_neworleans_40_40,ida_neworleans,1,0.4353495752570604
ida_neworleans_40_41,ida_neworleans,1,0.44867612342453383
ida_neworleans_40_42,ida_neworleans,1,0.4388522442935955
ida_neworleans_40_43,ida_neworleans,0,0.5026050773827115
ida_neworleans_40_44,ida_neworleans,1,0.502575707278722
ida_neworleans_40_45,ida_neworleans,1,0.5026016197273018
ida_neworleans_40_46,ida_neworleans,1,0.5025717169786303
ida_neworleans_40_47,ida_neworleans,1,0.5025465041186746
ida_neworleans_40_48,ida_neworleans,0,0.5025686003344851
ida_neworleans_40_49,ida_neworleans,0,0.5025926183030122
ida_neworleans_40_50,ida_neworleans,0,0.5025671114210614
ida_neworleans_40_51,ida_neworleans,0,0.5025464605379345
ida_neworleans_40_52,ida_neworleans,1,0.5025108885899243
ida_neworleans_40_53,ida_neworleans,1,0.5025113282287469
ida_neworleans_40_54,ida_neworleans,1,0.502520385576289
ida_neworleans_40_55,ida_neworleans,1,0.5025126790255262
ida_neworleans_40_56,ida_neworleans,1,0.5025296688765336
ida_neworleans_40_57,ida_neworleans,1,0.5025264790071575
ida_neworleans_40_58,ida_neworleans,0,0.502522905402726
ida_neworleans_40_59,ida_neworleans,0,0.5025096661217797
ida_neworleans_40_63,ida_neworleans,1,0.5025116123142633
ida_neworleans_40_64,ida_neworleans,1,0.5025576216750325
ida_neworleans_40_65,ida_neworleans,0,0.5025476235131343
ida_neworleans_40_66,ida_neworleans,0,0.5025510827338834
ida_neworleans_40_67,ida_neworleans,1,0.5025898549109082
ida_neworleans_41_2,ida_neworleans,0,0.5025112457150116
ida_neworleans_41_3,ida_neworleans,0,0.502511451251543
ida_neworleans_41_4,ida_neworleans,0,0.5025033861289447
ida_neworleans_41_5,ida_neworleans,0,0.5025191264076269
ida_neworleans_41_6,ida_neworleans,1,0.5025285595617848
ida_neworleans_41_7,ida_neworleans,1,0.5025055490608396
ida_neworleans_41_8,ida_neworleans,1,0.5025214374315249
ida_neworleans_41_9,ida_neworleans,1,0.5025460723378394
ida_neworleans_41_10,ida_neworleans,1,0.5025683426017974
ida_neworleans_41_11,ida_neworleans,1,0.4178864810676871
ida_neworleans_41_12,ida_neworleans,1,0.42306944963851484
ida_neworleans_41_13,ida_neworleans,1,0.4270790435763476
ida_neworleans_41_14,ida_neworleans,0,0.4289468488683463
ida_neworleans_41_15,ida_neworleans,1,0.43652624000995344
ida_neworleans_41_16,ida_neworleans,1,0.44465934186014916
ida_neworleans_41_17,ida_neworleans,1,0.4536752257582505
ida_neworleans_41_18,ida_neworleans,1,0.5030660691990227
ida_neworleans_41_19,ida_neworleans,1,0.4476962084756847
ida_neworleans_41_20,ida_neworleans,1,0.44015350206040077
ida_neworleans_41_21,ida_neworleans,1,0.4440273216323377
ida_neworleans_41_22,ida_neworleans,0,0.4528557437554293
ida_neworleans_41_23,ida_neworleans,0,0.453185398024528
ida_neworleans_41_24,ida_neworleans,1,0.4518409186957551
ida_neworleans_41_25,ida_neworleans,1,0.4392489108556157
ida_neworleans_41_26,ida_neworleans,0,0.4344051575463993
ida_neworleans_41_27,ida_neworleans,0,0.4333811898718272
ida_neworleans_41_28,ida_neworleans,1,0.4365489829461946
ida_neworleans_41_29,ida_neworleans,1,0.43376714926427556
ida_neworleans_41_30,ida_neworleans,0,0.4265855033390699
ida_neworleans_41_31,ida_neworleans,0,0.43091483127423497
ida_neworleans_41_32,ida_neworleans,0,0.4469720687633069
ida_neworleans_41_33,ida_neworleans,1,0.42927151168648153
ida_neworleans_41_34,ida_neworleans,0,0.42336454599774537
ida_neworleans_41_35,ida_neworleans,0,0.42384442094420677
ida_neworleans_41_36,ida_neworleans,0,0.43098514722448467
ida_neworleans_41_37,ida_neworleans,1,0.4370675120254813
ida_neworleans_41_38,ida_neworleans,1,0.438971078726191
ida_neworleans_41_39,ida_neworleans,1,0.4279871667981306
ida_neworleans_41_40,ida_neworleans,0,0.4316437850801654
ida_neworleans_41_41,ida_neworleans,1,0.44771515440587023
ida_neworleans_41_42,ida_neworleans,1,0.44567446944925654
ida_neworleans_41_43,ida_neworleans,1,0.5026373168513534
ida_neworleans_41_44,ida_neworleans,1,0.5025589144508639
ida_neworleans_41_45,ida_neworleans,1,0.5025755919641384
ida_neworleans_41_46,ida_neworleans,0,0.5025352232427573
ida_neworleans_41_47,ida_neworleans,1,0.5025289768444442
ida_neworleans_41_48,ida_neworleans,1,0.5025421778696443
ida_neworleans_41_49,ida_neworleans,0,0.5025496635205133
ida_neworleans_41_50,ida_neworleans,0,0.5025951837333988
ida_neworleans_41_51,ida_neworleans,1,0.5025718633985871
ida_neworleans_41_52,ida_neworleans,1,0.5025129027160067
ida_neworleans_41_53,ida_neworleans,1,0.502520936189054
ida_neworleans_41_54,ida_neworleans,1,0.5025132732623894
ida_neworleans_41_57,ida_neworleans,1,0.5025043409154967
ida_neworleans_41_59,ida_neworleans,1,0.5025049777149369
ida_neworleans_41_64,ida_neworleans,0,0.5025378604097105
ida_neworleans_41_65,ida_neworleans,1,0.5025744516938856
ida_neworleans_41_66,ida_neworleans,1,0.5025734870292622
ida_neworleans_41_67,ida_neworleans,1,0.5025644440806203
ida_neworleans_42_1,ida_neworleans,0,0.5025143304655699
ida_neworleans_42_2,ida_neworleans,0,0.5025192630665122
ida_neworleans_42_3,ida_neworleans,0,0.5025091212960077
ida_neworleans_42_5,ida_neworleans,0,0.41213502843427946
ida_neworleans_42_6,ida_neworleans,0,0.41293210814995146
ida_neworleans_42_7,ida_neworleans,1,0.4106011675153668
ida_neworleans_42_8,ida_neworleans,1,0.4107133711418591
ida_neworleans_42_9,ida_neworleans,1,0.5025038352272494
ida_neworleans_42_10,ida_neworleans,1,0.5025076713468296
ida_neworleans_42_11,ida_neworleans,0,0.5025066819210767
ida_neworleans_42_12,ida_neworleans,1,0.4143057107189824
ida_neworleans_42_13,ida_neworleans,1,0.42016447654935124
ida_neworleans_42_14,ida_neworleans,1,0.42219177525886453
ida_neworleans_42_15,ida_neworleans,0,0.425992878914811
ida_neworleans_42_16,ida_neworleans,1,0.43529692873084963
ida_neworleans_42_17,ida_neworleans,1,0.44320729334412545
ida_neworleans_42_18,ida_neworleans,1,0.4446925449399292
ida_neworleans_42_19,ida_neworleans,1,0.44027008674744533
ida_neworleans_42_20,ida_neworleans,1,0.43894283778327153
ida_neworleans_42_21,ida_neworleans,1,0.4398405907490868
ida_neworleans_42_22,ida_neworleans,0,0.44071124225106684
ida_neworleans_42_23,ida_neworleans,0,0.44892544381067717
ida_neworleans_42_24,ida_neworleans,1,0.4426071621337831
ida_neworleans_42_25,ida_neworleans,0,0.4270099098481096
ida_neworleans_42_26,ida_neworleans,1,0.4287733704057879
ida_neworleans_42_27,ida_neworleans,1,0.43386027235022867
ida_neworleans_42_28,ida_neworleans,1,0.4357515328757162
ida_neworleans_42_29,ida_neworleans,1,0.4312733756022392
ida_neworleans_42_30,ida_neworleans,1,0.5027327762385754
ida_neworleans_42_31,ida_neworleans,0,0.5026614780687868
ida_neworleans_42_32,ida_neworleans,0,0.5028002972180601
ida_neworleans_42_33,ida_neworleans,0,0.42603016959918444
ida_neworleans_42_34,ida_neworleans,1,0.4200047879742953
ida_neworleans_42_35,ida_neworleans,1,0.4215654162633129
ida_neworleans_42_36,ida_neworleans,1,0.43390165585153284
ida_neworleans_42_37,ida_neworleans,1,0.44539295994133793
ida_neworleans_42_38,ida_neworleans,0,0.44629504926949015
ida_neworleans_42_39,ida_neworleans,1,0.43452615200770967
ida_neworleans_42_40,ida_neworleans,1,0.4315456628410625
ida_neworleans_42_41,ida_neworleans,1,0.431173222586832
ida_neworleans_42_42,ida_neworleans,1,0.4285047290795733
ida_neworleans_42_43,ida_neworleans,0,0.5025747377458823
ida_neworleans_42_44,ida_neworleans,1,0.5025399996272631
ida_neworleans_42_45,ida_neworleans,1,0.5025446705807325
ida_neworleans_42_46,ida_neworleans,0,0.5025680737463833
ida_neworleans_42_47,ida_neworleans,0,0.5025672524153593
ida_neworleans_42_48,ida_neworleans,0,0.5025343847354926
ida_neworleans_42_49,ida_neworleans,1,0.5025602090879377
ida_neworleans_42_50,ida_neworleans,0,0.5025705729446222
ida_neworleans_42_51,ida_neworleans,0,0.5025396000223956
ida_neworleans_42_52,ida_neworleans,1,0.5025188597456203
ida_neworleans_42_53,ida_neworleans,1,0.5025100747691517
ida_neworleans_42_54,ida_neworleans,1,0.5025189242237278
ida_neworleans_42_55,ida_neworleans,1,0.5025079447380455
ida_neworleans_42_65,ida_neworleans,1,0.5025377268809582
ida_neworleans_42_66,ida_neworleans,0,0.5025318439274015
ida_neworleans_42_67,ida_neworleans,1,0.5025211827799791
ida_neworleans_43_5,ida_neworleans,1,0.41062927723548787
ida_neworleans_43_6,ida_neworleans,1,0.41122504166094953
ida_neworleans_43_7,ida_neworleans,1,0.41396471340691704
ida_neworleans_43_8,ida_neworleans,0,0.4105558805236989
ida_neworleans_43_11,ida_neworleans,1,0.5025033308387472
ida_neworleans_43_12,ida_neworleans,1,0.502514382780973
ida_neworleans_43_13,ida_neworleans,0,0.5025200050628925
ida_neworleans_43_14,ida_neworleans,1,0.5025720449856423
ida_neworleans_43_15,ida_neworleans,1,0.4209955968247475
ida_neworleans_43_16,ida_neworleans,1,0.4310252862240497
ida_neworleans_43_17,ida_neworleans,1,0.43150724530972046
ida_neworleans_43_18,ida_neworleans,1,0.4264426672643293
ida_neworleans_43_19,ida_neworleans,1,0.42848598079238326
ida_neworleans_43_20,ida_neworleans,1,0.4304999641666654
ida_neworleans_43_21,ida_neworleans,0,0.4265848922300501
ida_neworleans_43_22,ida_neworleans,1,0.43360545755027996
ida_neworleans_43_23,ida_neworleans,1,0.4404921333345765
ida_neworleans_43_24,ida_neworleans,1,0.43826421311232205
ida_neworleans_43_25,ida_neworleans,1,0.42714766313477937
ida_neworleans_43_26,ida_neworleans,1,0.4280052356368842
ida_neworleans_43_27,ida_neworleans,1,0.42915568120259134
ida_neworleans_43_28,ida_neworleans,0,0.4287103260753648
ida_neworleans_43_29,ida_neworleans,1,0.428878976081908
ida_neworleans_43_30,ida_neworleans,1,0.5027200204590218
ida_neworleans_43_31,ida_neworleans,0,0.5026109874170271
ida_neworleans_43_32,ida_neworleans,1,0.5026944022699656
ida_neworleans_43_33,ida_neworleans,1,0.5027868102369727
ida_neworleans_43_34,ida_neworleans,1,0.5027640292873802
ida_neworleans_43_35,ida_neworleans,1,0.5026756059326053
ida_neworleans_43_36,ida_neworleans,1,0.4258259690493687
ida_neworleans_43_37,ida_neworleans,1,0.4380344283143943
ida_neworleans_43_38,ida_neworleans,0,0.4437174544136697
ida_neworleans_43_39,ida_neworleans,1,0.443258659904302
ida_neworleans_43_40,ida_neworleans,1,0.4403752333212741
ida_neworleans_43_41,ida_neworleans,0,0.42600364057837936
ida_neworleans_43_42,ida_neworleans,1,0.4169695720024868
ida_neworleans_43_43,ida_neworleans,1,0.5025386769737751
ida_neworleans_43_44,ida_neworleans,1,0.5025236351388456
ida_neworleans_43_45,ida_neworleans,1,0.5025627389512745
ida_neworleans_43_46,ida_neworleans,0,0.5025994909870573
ida_neworleans_43_47,ida_neworleans,0,0.5026155646102316
ida_neworleans_43_48,ida_neworleans,0,0.5025574904228842
ida_neworleans_43_49,ida_neworleans,0,0.5025233156085434
ida_neworleans_43_50,ida_neworleans,0,0.5025221672967617
ida_neworleans_43_51,ida_neworleans,1,0.5025183650084882
ida_neworleans_43_52,ida_neworleans,1,0.5025210908774795
ida_neworleans_43_53,ida_neworleans,1,0.5025085344658068
ida_neworleans_43_54,ida_neworleans,1,0.502532568642986
ida_neworleans_43_55,ida_neworleans,1,0.5025355965171662
ida_neworleans_43_56,ida_neworleans,0,0.5025073746587272
ida_neworleans_43_65,ida_neworleans,1,0.5025059885761298
ida_neworleans_43_66,ida_neworleans,0,0.5025194101525754
ida_neworleans_43_67,ida_neworleans,1,0.5025431967888677
ida_neworleans_44_7,ida_neworleans,1,0.4122310840010637
ida_neworleans_44_8,ida_neworleans,1,0.41057745882330243
ida_neworleans_44_14,ida_neworleans,1,0.5025245175605495
ida_neworleans_44_15,ida_neworleans,1,0.4177554816701404
ida_neworleans_44_16,ida_neworleans,1,0.43008651536288356
ida_neworleans_44_17,ida_neworleans,1,0.4344520123804518
ida_neworleans_44_18,ida_neworleans,1,0.42966551734924713
ida_neworleans_44_19,ida_neworleans,1,0.4313454340411569
ida_neworleans_44_20,ida_neworleans,1,0.4308566263363577
ida_neworleans_44_21,ida_neworleans,0,0.42643987330769934
ida_neworleans_44_22,ida_neworleans,0,0.4321163631877966
ida_neworleans_44_23,ida_neworleans,0,0.5028956208273266
ida_neworleans_44_24,ida_neworleans,0,0.5028762848360985
ida_neworleans_44_25,ida_neworleans,1,0.5028454911819279
ida_neworleans_44_26,ida_neworleans,1,0.43551312334139247
ida_neworleans_44_27,ida_neworleans,1,0.4301701311002987
ida_neworleans_44_28,ida_neworleans,1,0.4277841535328741
ida_neworleans_44_29,ida_neworleans,1,0.43118401344074125
ida_neworleans_44_30,ida_neworleans,1,0.5027689928917763
ida_neworleans_44_31,ida_neworleans,1,0.5026341628243426
ida_neworleans_44_32,ida_neworleans,1,0.4182140709756494
ida_neworleans_44_33,ida_neworleans,1,0.45234380091425946
ida_neworleans_44_34,ida_neworleans,1,0.4525218372319303
ida_neworleans_44_35,ida_neworleans,1,0.5028058338682003
ida_neworleans_44_36,ida_neworleans,1,0.4247710698367985
ida_neworleans_44_37,ida_neworleans,0,0.4333641205605532
ida_neworleans_44_38,ida_neworleans,1,0.44577882381120487
ida_neworleans_44_39,ida_neworleans,1,0.44605542902488926
ida_neworleans_44_40,ida_neworleans,1,0.4427413790937044
ida_neworleans_44_41,ida_neworleans,0,0.42717401091100105
ida_neworleans_44_42,ida_neworleans,1,0.4186449830162254
ida_neworleans_44_43,ida_neworleans,1,0.5025467282348611
ida_neworleans_44_44,ida_neworleans,1,0.5025241441920041
ida_neworleans_44_45,ida_neworleans,1,0.5025429436661235
ida_neworleans_44_46,ida_neworleans,1,0.5025730868918847
ida_neworleans_44_47,ida_neworleans,1,0.5025923598338382
ida_neworleans_44_48,ida_neworleans,0,0.5025232585167764
ida_neworleans_44_49,ida_neworleans,1,0.50251341546573
ida_neworleans_44_50,ida_neworleans,1,0.5025137758747307
ida_neworleans_44_51,ida_neworleans,1,0.5025101721222665
ida_neworleans_44_52,ida_neworleans,1,0.5025086774240464
ida_neworleans_44_53,ida_neworleans,1,0.5025107237696318
ida_neworleans_44_54,ida_neworleans,1,0.5025227326305579
ida_neworleans_44_55,ida_neworleans,1,0.5025329692193651
ida_neworleans_44_56,ida_neworleans,1,0.5025502830995864
ida_neworleans_44_57,ida_neworleans,0,0.502536684304921
ida_neworleans_44_65,ida_neworleans,1,0.502506713340281
ida_neworleans_44_66,ida_neworleans,1,0.5025099051599394
ida_neworleans_44_67,ida_neworleans,1,0.5025441167127723
ida_neworleans_45_13,ida_neworleans,1,0.5025055137731361
ida_neworleans_45_14,ida_neworleans,1,0.5025308686419587
ida_neworleans_45_15,ida_neworleans,1,0.5025775801263336
ida_neworleans_45_16,ida_neworleans,1,0.5026443738296227
ida_neworleans_45_17,ida_neworleans,0,0.5026795994659978
ida_neworleans_45_18,ida_neworleans,1,0.42843143753129487
ida_neworleans_45_19,ida_neworleans,0,0.4317765017085993
ida_neworleans_45_20,ida_neworleans,1,0.4397129145091949
ida_neworleans_45_21,ida_neworleans,1,0.4374754782465027
ida_neworleans_45_22,ida_neworleans,0,0.5029835730351355
ida_neworleans_45_23,ida_neworleans,1,0.5031074860327346
ida_neworleans_45_24,ida_neworleans,1,0.50330544403304
ida_neworleans_45_25,ida_neworleans,1,0.5033941617699212
ida_neworleans_45_26,ida_neworleans,0,0.44721429985238426
ida_neworleans_45_27,ida_neworleans,0,0.43460736756602947
ida_neworleans_45_28,ida_neworleans,0,0.428056783351736
ida_neworleans_45_29,ida_neworleans,1,0.4302004246888696
ida_neworleans_45_30,ida_neworleans,1,0.5027610108734598
ida_neworleans_45_31,ida_neworleans,0,0.4236050603696449
ida_neworleans_45_32,ida_neworleans,1,0.42538386388218186
ida_neworleans_45_33,ida_neworleans,1,0.46478721825491337
ida_neworleans_45_34,ida_neworleans,1,0.46957492362181846
ida_neworleans_45_35,ida_neworleans,0,0.5029539238208484
ida_neworleans_45_36,ida_neworleans,1,0.5027504015328839
ida_neworleans_45_37,ida_neworleans,1,0.502861682435598
ida_neworleans_45_38,ida_neworleans,0,0.5028723755240931
ida_neworleans_45_39,ida_neworleans,0,0.428919915846559
ida_neworleans_45_40,ida_neworleans,1,0.5027709216501829
ida_neworleans_45_41,ida_neworleans,1,0.502756869452676
ida_neworleans_45_42,ida_neworleans,0,0.5026375479891656
ida_neworleans_45_43,ida_neworleans,0,0.5025840900376235
ida_neworleans_45_44,ida_neworleans,1,0.5025270203281325
ida_neworleans_45_45,ida_neworleans,1,0.5025516348852661
ida_neworleans_45_46,ida_neworleans,0,0.5025260491611457
ida_neworleans_45_47,ida_neworleans,1,0.5025183871159036
ida_neworleans_45_48,ida_neworleans,1,0.5025110505115519
ida_neworleans_45_49,ida_neworleans,1,0.5025149196965074
ida_neworleans_45_50,ida_neworleans,1,0.5025117542044013
ida_neworleans_45_51,ida_neworleans,1,0.5025117895200839
ida_neworleans_45_52,ida_neworleans,0,0.5025054223220654
ida_neworleans_45_53,ida_neworleans,1,0.5025124000138517
ida_neworleans_45_54,ida_neworleans,0,0.5025134892833569
ida_neworleans_45_55,ida_neworleans,1,0.5025298357464703
ida_neworleans_45_56,ida_neworleans,1,0.5025530509309587
ida_neworleans_45_57,ida_neworleans,0,0.5025444464736248
ida_neworleans_45_58,ida_neworleans,1,0.5025500150854774
ida_neworleans_45_67,ida_neworleans,1,0.5025345540305687
ida_neworleans_46_13,ida_neworleans,1,0.5025035333874242
ida_neworleans_46_14,ida_neworleans,1,0.5025225075829951
ida_neworleans_46_15,ida_neworleans,1,0.5025376367187511
ida_neworleans_46_16,ida_neworleans,1,0.5025536661193839
ida_neworleans_46_17,ida_neworleans,1,0.5025581597059657
ida_neworleans_46_18,ida_neworleans,1,0.5025919186990123
ida_neworleans_46_19,ida_neworleans,0,0.5027060815831863
ida_neworleans_46_20,ida_neworleans,0,0.5028499804332841
ida_neworleans_46_21,ida_neworleans,0,0.5028158572281151
ida_neworleans_46_22,ida_neworleans,1,0.5030447192550558
ida_neworleans_46_23,ida_neworleans,1,0.5030797182738597
ida_neworleans_46_24,ida_neworleans,1,0.503306843358655
ida_neworleans_46_25,ida_neworleans,1,0.5035448457031023
ida_neworleans_46_26,ida_neworleans,1,0.5034562111738098
ida_neworleans_46_27,ida_neworleans,1,0.5031927082043902
ida_neworleans_46_28,ida_neworleans,0,0.5028653424852102
ida_neworleans_46_29,ida_neworleans,1,0.5027707688056854
ida_neworleans_46_30,ida_neworleans,1,0.5027843971884367
ida_neworleans_46_31,ida_neworleans,1,0.4291586232512904
ida_neworleans_46_32,ida_neworleans,1,0.4278384244805963
ida_neworleans_46_33,ida_neworleans,0,0.43633930467635273
ida_neworleans_46_34,ida_neworleans,0,0.44473200434023463
ida_neworleans_46_35,ida_neworleans,0,0.5027747293088359
ida_neworleans_46_36,ida_neworleans,1,0.502692782359037
ida_neworleans_46_37,ida_neworleans,1,0.5027631723002721
ida_neworleans_46_38,ida_neworleans,1,0.5027362471377341
ida_neworleans_46_39,ida_neworleans,1,0.5026722859867456
ida_neworleans_46_40,ida_neworleans,1,0.5026380286949144
ida_neworleans_46_41,ida_neworleans,0,0.5026488854354263
ida_neworleans_46_42,ida_neworleans,0,0.5026857016335009
ida_neworleans_46_43,ida_neworleans,0,0.5026245245766996
ida_neworleans_46_44,ida_neworleans,1,0.5025803609925272
ida_neworleans_46_45,ida_neworleans,0,0.5025523620670301
ida_neworleans_46_46,ida_neworleans,0,0.5025368289705661
ida_neworleans_46_47,ida_neworleans,1,0.5025155040146975
ida_neworleans_46_48,ida_neworleans,0,0.5025035863745255
ida_neworleans_46_49,ida_neworleans,1,0.5025043161500292
ida_neworleans_46_50,ida_neworleans,1,0.5025044901607548
ida_neworleans_46_51,ida_neworleans,1,0.5025050864349266
ida_neworleans_46_52,ida_neworleans,1,0.502508081253071
ida_neworleans_46_53,ida_neworleans,1,0.5025138418914475
ida_neworleans_46_54,ida_neworleans,1,0.5025087510817811
ida_neworleans_46_55,ida_neworleans,0,0.5025065908330743
ida_neworleans_46_56,ida_neworleans,1,0.50258084470419
ida_neworleans_46_57,ida_neworleans,1,0.5026469516514851
ida_neworleans_46_58,ida_neworleans,0,0.5025573901497185
ida_neworleans_46_59,ida_neworleans,0,0.5025205969733116
ida_neworleans_46_67,ida_neworleans,1,0.5025085320821636
laura_lakecharles_0_23,laura_lakecharles,1,0.7119455971493409
laura_lakecharles_0_24,laura_lakecharles,0,0.7119533273120742
laura_lakecharles_0_25,laura_lakecharles,1,0.711977128960535
laura_lakecharles_0_26,laura_lakecharles,1,0.7120183185827571
laura_lakecharles_0_27,laura_lakecharles,1,0.7120030821658908
laura_lakecharles_0_28,laura_lakecharles,1,0.7121968029390553
laura_lakecharles_0_29,laura_lakecharles,1,0.712164253430403
laura_lakecharles_0_30,laura_lakecharles,1,0.7120746707730431
laura_lakecharles_0_31,laura_lakecharles,1,0.7120218401465763
laura_lakecharles_0_32,laura_lakecharles,1,0.712053517756225
laura_lakecharles_0_33,laura_lakecharles,1,0.7120560119554448
laura_lakecharles_0_34,laura_lakecharles,1,0.7120889454082768
laura_lakecharles_0_35,laura_lakecharles,1,0.7120741932220727
laura_lakecharles_0_36,laura_lakecharles,1,0.7120227011242847
laura_lakecharles_0_37,laura_lakecharles,1,0.711977697705436
laura_lakecharles_0_38,laura_lakecharles,0,0.7119436090560665
laura_lakecharles_1_27,laura_lakecharles,1,0.7119428024931307
laura_lakecharles_1_28,laura_lakecharles,1,0.7120073086058709
laura_lakecharles_1_29,laura_lakecharles,1,0.7120027371889505
laura_lakecharles_1_30,laura_lakecharles,1,0.7119513632838252
laura_lakecharles_1_31,laura_lakecharles,1,0.711955232530667
laura_lakecharles_1_32,laura_lakecharles,1,0.7119751931683763
laura_lakecharles_1_33,laura_lakecharles,0,0.7119595710899183
laura_lakecharles_1_34,laura_lakecharles,1,0.7119557902196741
laura_lakecharles_1_35,laura_lakecharles,1,0.7119498934619805
laura_lakecharles_1_36,laura_lakecharles,1,0.711946615010016
laura_lakecharles_2_11,laura_lakecharles,1,0.6320544664831468
laura_lakecharles_2_12,laura_lakecharles,1,0.6381527201936142
laura_lakecharles_2_13,laura_lakecharles,1,0.6389084686763257
laura_lakecharles_2_14,laura_lakecharles,1,0.6393072430206782
laura_lakecharles_2_22,laura_lakecharles,0,0.7119425728568742
laura_lakecharles_3_0,laura_lakecharles,0,0.7119433478836497
laura_lakecharles_3_1,laura_lakecharles,1,0.7119447548828123
laura_lakecharles_3_10,laura_lakecharles,0,0.6301985260580473
laura_lakecharles_3_11,laura_lakecharles,0,0.6326392258384994
laura_lakecharles_3_12,laura_lakecharles,1,0.6396173950058541
laura_lakecharles_3_13,laura_lakecharles,1,0.653218472835268
laura_lakecharles_3_14,laura_lakecharles,1,0.6514823715224357
laura_lakecharles_3_15,laura_lakecharles,0,0.6328775410375882
laura_lakecharles_3_16,laura_lakecharles,1,0.6307282834328369
laura_lakecharles_3_17,laura_lakecharles,0,0.7119460168344627
laura_lakecharles_3_18,laura_lakecharles,1,0.7119452687402937
laura_lakecharles_3_21,laura_lakecharles,0,0.7119533530448418
laura_lakecharles_3_22,laura_lakecharles,0,0.7119729716610675
laura_lakecharles_3_23,laura_lakecharles,1,0.7119713005299793
laura_lakecharles_3_41,laura_lakecharles,1,0.6307407080329073
laura_lakecharles_3_42,laura_lakecharles,1,0.7119503761656747
laura_lakecharles_3_43,laura_lakecharles,1,0.7119814374558593
laura_lakecharles_3_44,laura_lakecharles,0,0.7119697675131739
laura_lakecharles_3_45,laura_lakecharles,1,0.7119513765073254
laura_lakecharles_3_46,laura_lakecharles,1,0.7119438945867305
laura_lakecharles_3_47,laura_lakecharles,1,0.7119462831867143
laura_lakecharles_3_48,laura_lakecharles,1,0.7119489851403303
laura_lakecharles_4_11,laura_lakecharles,0,0.6319730533221413
laura_lakecharles_4_12,laura_lakecharles,1,0.6360595933621156
laura_lakecharles_4_13,laura_lakecharles,1,0.6496886610438042
laura_lakecharles_4_14,laura_lakecharles,1,0.6560656248320477
laura_lakecharles_4_15,laura_lakecharles,0,0.633690487417652
laura_lakecharles_4_16,laura_lakecharles,1,0.6317142252572092
laura_lakecharles_4_17,laura_lakecharles,0,0.7119502558135851
laura_lakecharles_4_18,laura_lakecharles,1,0.7119446336152361
laura_lakecharles_4_19,laura_lakecharles,1,0.7119503081129477
laura_lakecharles_4_20,laura_lakecharles,1,0.7119939564159313
laura_lakecharles_4_21,laura_lakecharles,1,0.7120094259731998
laura_lakecharles_4_22,laura_lakecharles,1,0.7119942163311974
laura_lakecharles_4_23,laura_lakecharles,1,0.7119791623820912
laura_lakecharles_4_24,laura_lakecharles,0,0.7119438158964134
laura_lakecharles_4_26,laura_lakecharles,0,0.7119432159783554
laura_lakecharles_4_27,laura_lakecharles,1,0.7119428488592147
laura_lakecharles_4_40,laura_lakecharles,1,0.6313713528551113
laura_lakecharles_4_41,laura_lakecharles,0,0.6302409291057167
laura_lakecharles_4_43,laura_lakecharles,1,0.6333798064818047
laura_lakecharles_4_44,laura_lakecharles,1,0.6338786212556208
laura_lakecharles_4_45,laura_lakecharles,1,0.7119669108362183
laura_lakecharles_5_11,laura_lakecharles,0,0.6319420803400899
laura_lakecharles_5_12,laura_lakecharles,0,0.633890315588519
laura_lakecharles_5_13,laura_lakecharles,0,0.6398713361060501
laura_lakecharles_5_14,laura_lakecharles,0,0.638359040140838
laura_lakecharles_5_15,laura_lakecharles,0,0.6330570073765439
laura_lakecharles_5_16,laura_lakecharles,0,0.7119537048790676
laura_lakecharles_5_17,laura_lakecharles,0,0.7119506649752086
laura_lakecharles_5_18,laura_lakecharles,0,0.7119532985220569
laura_lakecharles_5_19,laura_lakecharles,0,0.7119653557065593
laura_lakecharles_5_20,laura_lakecharles,0,0.7120538962129651
laura_lakecharles_5_21,laura_lakecharles,1,0.7120549090911252
laura_lakecharles_5_22,laura_lakecharles,1,0.7120118699266351
laura_lakecharles_5_23,laura_lakecharles,1,0.7119714113852461
laura_lakecharles_5_24,laura_lakecharles,1,0.7119523706622586
laura_lakecharles_5_25,laura_lakecharles,0,0.7119485021804685
laura_lakecharles_5_26,laura_lakecharles,1,0.7119473594946855
laura_lakecharles_5_27,laura_lakecharles,1,0.7119544650391999
laura_lakecharles_5_39,laura_lakecharles,0,0.630215496358613
laura_lakecharles_5_40,laura_lakecharles,0,0.6332246034570976
laura_lakecharles_5_41,laura_lakecharles,0,0.6312429251784116
laura_lakecharles_5_42,laura_lakecharles,0,0.6358807178042654
laura_lakecharles_5_43,laura_lakecharles,0,0.6337375019022898
laura_lakecharles_5_44,laura_lakecharles,1,0.6327287257798335
laura_lakecharles_5_45,laura_lakecharles,1,0.7119690641781878
laura_lakecharles_5_46,laura_lakecharles,1,0.7119520062117543
laura_lakecharles_5_60,laura_lakecharles,1,0.6305109863333785
laura_lakecharles_5_61,laura_lakecharles,1,0.6303557547814018
laura_lakecharles_6_8,laura_lakecharles,0,0.7119415066866779
laura_lakecharles_6_9,laura_lakecharles,0,0.7119432921320638
laura_lakecharles_6_10,laura_lakecharles,0,0.7119446479689947
laura_lakecharles_6_11,laura_lakecharles,0,0.7119841097911022
laura_lakecharles_6_12,laura_lakecharles,0,0.6345801378122519
laura_lakecharles_6_13,laura_lakecharles,0,0.6482670832100239
laura_lakecharles_6_14,laura_lakecharles,0,0.6615537531794219
laura_lakecharles_6_15,laura_lakecharles,0,0.6327079878988862
laura_lakecharles_6_16,laura_lakecharles,0,0.7119572895640955
laura_lakecharles_6_17,laura_lakecharles,0,0.7119582496806812
laura_lakecharles_6_18,laura_lakecharles,0,0.6326135753333076
laura_lakecharles_6_19,laura_lakecharles,0,0.633379459487454
laura_lakecharles_6_20,laura_lakecharles,1,0.7121353595253596
laura_lakecharles_6_21,laura_lakecharles,0,0.712028321572284
laura_lakecharles_6_22,laura_lakecharles,0,0.7119949823411408
laura_lakecharles_6_23,laura_lakecharles,1,0.7119651054193983
laura_lakecharles_6_24,laura_lakecharles,0,0.7119595809893916
laura_lakecharles_6_25,laura_lakecharles,0,0.7119477299178248
laura_lakecharles_6_37,laura_lakecharles,0,0.6307363916113854
laura_lakecharles_6_38,laura_lakecharles,0,0.6345643971288497
laura_lakecharles_6_39,laura_lakecharles,0,0.6320212376325043
laura_lakecharles_6_40,laura_lakecharles,0,0.6304611344011326
laura_lakecharles_6_41,laura_lakecharles,0,0.6355013825077267
laura_lakecharles_6_42,laura_lakecharles,0,0.6476752792220064
laura_lakecharles_6_43,laura_lakecharles,0,0.6496304589944099
laura_lakecharles_6_44,laura_lakecharles,1,0.6402371941230075
laura_lakecharles_6_45,laura_lakecharles,1,0.7119441618158343
laura_lakecharles_6_48,laura_lakecharles,1,0.7119491840417151
laura_lakecharles_6_49,laura_lakecharles,1,0.7119524745669142
laura_lakecharles_6_58,laura_lakecharles,1,0.6311246196594072
laura_lakecharles_6_59,laura_lakecharles,1,0.631348348591303
laura_lakecharles_6_60,laura_lakecharles,1,0.6306997809770274
laura_lakecharles_7_8,laura_lakecharles,0,0.7119609782723796
laura_lakecharles_7_9,laura_lakecharles,0,0.712052857349901
laura_lakecharles_7_10,laura_lakecharles,0,0.712053175050961
laura_lakecharles_7_11,laura_lakecharles,0,0.6432688927330668
laura_lakecharles_7_12,laura_lakecharles,1,0.7114437031370457
laura_lakecharles_7_13,laura_lakecharles,0,0.6763403394109172
laura_lakecharles_7_14,laura_lakecharles,0,0.8706942867806963
laura_lakecharles_7_15,laura_lakecharles,1,0.8474892338499742
laura_lakecharles_7_16,laura_lakecharles,0,0.711997024833045
laura_lakecharles_7_17,laura_lakecharles,0,0.6349817786301443
laura_lakecharles_7_18,laura_lakecharles,0,0.635974587830372
laura_lakecharles_7_19,laura_lakecharles,0,0.6377714174741929
laura_lakecharles_7_20,laura_lakecharles,0,0.6391702981041059
laura_lakecharles_7_21,laura_lakecharles,0,0.635945312775422
laura_lakecharles_7_22,laura_lakecharles,0,0.6327392400213856
laura_lakecharles_7_23,laura_lakecharles,0,0.7119659611164496
laura_lakecharles_7_24,laura_lakecharles,1,0.7119624821773397
laura_lakecharles_7_25,laura_lakecharles,1,0.7119458520644882
laura_lakecharles_7_26,laura_lakecharles,1,0.7119427814697131
laura_lakecharles_7_27,laura_lakecharles,1,0.7119480259990038
laura_lakecharles_7_34,laura_lakecharles,0,0.7119595942794521
laura_lakecharles_7_35,laura_lakecharles,1,0.7120063061705016
laura_lakecharles_7_36,laura_lakecharles,1,0.6372107929497624
laura_lakecharles_7_37,laura_lakecharles,1,0.6422840000535794
laura_lakecharles_7_38,laura_lakecharles,1,0.6449891521041464
laura_lakecharles_7_39,laura_lakecharles,1,0.642028658054236
laura_lakecharles_7_40,laura_lakecharles,1,0.6353692453400858
laura_lakecharles_8_8,laura_lakecharles,0,0.711974656039283
laura_lakecharles_8_9,laura_lakecharles,0,0.7120779496205044
laura_lakecharles_8_10,laura_lakecharles,0,0.7121979822444626
laura_lakecharles_8_11,laura_lakecharles,0,0.6375086591273839
laura_lakecharles_8_12,laura_lakecharles,0,0.6543284448846607
laura_lakecharles_8_13,laura_lakecharles,0,0.8369095538790241
laura_lakecharles_8_14,laura_lakecharles,0,0.8714994719040119
laura_lakecharles_8_15,laura_lakecharles,0,0.6808303432669423
laura_lakecharles_8_16,laura_lakecharles,0,0.7120750733566351
laura_lakecharles_8_17,laura_lakecharles,0,0.6412516413430465
laura_lakecharles_8_18,laura_lakecharles,0,0.6410388953274004
laura_lakecharles_8_19,laura_lakecharles,0,0.6520920908829358
laura_lakecharles_8_20,laura_lakecharles,0,0.6408428937584465
laura_lakecharles_8_21,laura_lakecharles,1,0.662237025428613
laura_lakecharles_8_22,laura_lakecharles,0,0.6346213519962924
laura_lakecharles_8_23,laura_lakecharles,0,0.7119720388911103
laura_lakecharles_8_24,laura_lakecharles,1,0.7119649957899249
laura_lakecharles_8_25,laura_lakecharles,0,0.7119488068535383
laura_lakecharles_8_26,laura_lakecharles,1,0.7119485941804766
laura_lakecharles_8_27,laura_lakecharles,0,0.7119532563466963
laura_lakecharles_8_33,laura_lakecharles,1,0.711953407188751
laura_lakecharles_8_34,laura_lakecharles,0,0.7119947755591041
laura_lakecharles_8_35,laura_lakecharles,1,0.7120562718573256
laura_lakecharles_8_36,laura_lakecharles,1,0.6429977934153046
laura_lakecharles_8_37,laura_lakecharles,1,0.6454151064121898
laura_lakecharles_8_38,laura_lakecharles,1,0.6422594967264061
laura_lakecharles_8_39,laura_lakecharles,0,0.6378757114031192
laura_lakecharles_8_40,laura_lakecharles,1,0.633928925054906
laura_lakecharles_8_41,laura_lakecharles,1,0.7119415868001184
laura_lakecharles_9_8,laura_lakecharles,0,0.6375588677231727
laura_lakecharles_9_9,laura_lakecharles,0,0.648495731231075
laura_lakecharles_9_10,laura_lakecharles,0,0.6544812022897379
laura_lakecharles_9_11,laura_lakecharles,0,0.6489138354357797
laura_lakecharles_9_12,laura_lakecharles,1,0.8586863955336898
laura_lakecharles_9_13,laura_lakecharles,0,0.6896452020471578
laura_lakecharles_9_14,laura_lakecharles,0,0.9424384424796873
laura_lakecharles_9_15,laura_lakecharles,0,0.7085177985885229
laura_lakecharles_9_16,laura_lakecharles,0,0.6783646693299568
laura_lakecharles_9_17,laura_lakecharles,0,0.6521757001911516
laura_lakecharles_9_18,laura_lakecharles,0,0.6421296920684297
laura_lakecharles_9_19,laura_lakecharles,0,0.6433478681666835
laura_lakecharles_9_20,laura_lakecharles,0,0.6451878718960754
laura_lakecharles_9_21,laura_lakecharles,1,0.6436059484138198
laura_lakecharles_9_22,laura_lakecharles,0,0.6369304234978984
laura_lakecharles_9_23,laura_lakecharles,0,0.7119727777323277
laura_lakecharles_9_24,laura_lakecharles,0,0.7119657095349564
laura_lakecharles_9_25,laura_lakecharles,0,0.7119528930338584
laura_lakecharles_9_26,laura_lakecharles,0,0.7119514431256388
laura_lakecharles_9_27,laura_lakecharles,0,0.7119497653907182
laura_lakecharles_9_28,laura_lakecharles,0,0.711943743734805
laura_lakecharles_9_29,laura_lakecharles,0,0.7119446220276008
laura_lakecharles_9_32,laura_lakecharles,0,0.7119572782225273
laura_lakecharles_9_33,laura_lakecharles,1,0.7120461209915359
laura_lakecharles_9_34,laura_lakecharles,1,0.7120286236168887
laura_lakecharles_9_35,laura_lakecharles,0,0.6396351520109709
laura_lakecharles_9_36,laura_lakecharles,0,0.6416225689234867
laura_lakecharles_9_37,laura_lakecharles,0,0.6481205882916248
laura_lakecharles_9_38,laura_lakecharles,0,0.6475672280509854
laura_lakecharles_9_39,laura_lakecharles,1,0.6405680289724216
laura_lakecharles_9_40,laura_lakecharles,1,0.7119946798116507
laura_lakecharles_9_41,laura_lakecharles,1,0.7119417768693641
laura_lakecharles_10_0,laura_lakecharles,1,0.7119812374860545
laura_lakecharles_10_1,laura_lakecharles,1,0.7119447604867664
laura_lakecharles_10_7,laura_lakecharles,0,0.6318868878855161
laura_lakecharles_10_8,laura_lakecharles,0,0.639573286013151
laura_lakecharles_10_9,laura_lakecharles,0,0.6505312104001401
laura_lakecharles_10_10,laura_lakecharles,0,0.6548238359081258
laura_lakecharles_10_11,laura_lakecharles,0,0.6588920068783537
laura_lakecharles_10_12,laura_lakecharles,0,0.6788980564735657
laura_lakecharles_10_13,laura_lakecharles,0,0.6862832115235641
laura_lakecharles_10_14,laura_lakecharles,0,0.7042355196843166
laura_lakecharles_10_15,laura_lakecharles,0,0.7519306362129982
laura_lakecharles_10_16,laura_lakecharles,1,0.7528228470354177
laura_lakecharles_10_17,laura_lakecharles,0,0.6695166989800184
laura_lakecharles_10_18,laura_lakecharles,1,0.6727274931331154
laura_lakecharles_10_19,laura_lakecharles,0,0.6436684517983063
laura_lakecharles_10_20,laura_lakecharles,0,0.6465624410792344
laura_lakecharles_10_21,laura_lakecharles,0,0.6443492152965226
laura_lakecharles_10_22,laura_lakecharles,1,0.6388566802824942
laura_lakecharles_10_23,laura_lakecharles,0,0.7119792723538118
laura_lakecharles_10_24,laura_lakecharles,0,0.7119557078611688
laura_lakecharles_10_25,laura_lakecharles,0,0.7119500169972779
laura_lakecharles_10_26,laura_lakecharles,0,0.7119471007950227
laura_lakecharles_10_27,laura_lakecharles,0,0.7119457437846474
laura_lakecharles_10_28,laura_lakecharles,0,0.7119483257275931
laura_lakecharles_10_29,laura_lakecharles,0,0.7119480787691564
laura_lakecharles_10_30,laura_lakecharles,0,0.711944462023222
laura_lakecharles_10_31,laura_lakecharles,0,0.7119474891178925
laura_lakecharles_10_32,laura_lakecharles,1,0.7119839941835183
laura_lakecharles_10_33,laura_lakecharles,1,0.7120918364163406
laura_lakecharles_10_34,laura_lakecharles,1,0.6431663024655806
laura_lakecharles_10_35,laura_lakecharles,1,0.6440478938101452
laura_lakecharles_10_36,laura_lakecharles,1,0.6471411118910051
laura_lakecharles_10_37,laura_lakecharles,1,0.656130175796402
laura_lakecharles_10_38,laura_lakecharles,1,0.6595936988457485
laura_lakecharles_10_39,laura_lakecharles,1,0.7121714282856894
laura_lakecharles_10_40,laura_lakecharles,1,0.7120045977508962
laura_lakecharles_10_41,laura_lakecharles,1,0.7119431400768039
laura_lakecharles_10_42,laura_lakecharles,1,0.7119439683596739
laura_lakecharles_10_43,laura_lakecharles,1,0.7119608913701904
laura_lakecharles_10_44,laura_lakecharles,1,0.7119632386938327
laura_lakecharles_10_45,laura_lakecharles,0,0.6308014979433506
laura_lakecharles_10_46,laura_lakecharles,1,0.6310056930253276
laura_lakecharles_11_0,laura_lakecharles,0,0.7119846927289366
laura_lakecharles_11_1,laura_lakecharles,0,0.7119481258229071
laura_lakecharles_11_2,laura_lakecharles,0,0.7119448472929523
laura_lakecharles_11_3,laura_lakecharles,0,0.7119573115793784
laura_lakecharles_11_4,laura_lakecharles,1,0.7119689597485209
laura_lakecharles_11_5,laura_lakecharles,0,0.711968093976004
laura_lakecharles_11_6,laura_lakecharles,1,0.7119527973843789
laura_lakecharles_11_7,laura_lakecharles,0,0.6318415603550394
laura_lakecharles_11_8,laura_lakecharles,0,0.636552365696834
laura_lakecharles_11_9,laura_lakecharles,0,0.6414454504310133
laura_lakecharles_11_10,laura_lakecharles,1,0.6434996092173181
laura_lakecharles_11_11,laura_lakecharles,0,0.6473929307415468
laura_lakecharles_11_12,laura_lakecharles,0,0.6613667290631138
laura_lakecharles_11_13,laura_lakecharles,0,0.6689303132641157
laura_lakecharles_11_14,laura_lakecharles,0,0.6829661995465325
laura_lakecharles_11_15,laura_lakecharles,0,0.748431109664685
laura_lakecharles_11_16,laura_lakecharles,0,0.7431251203639778
laura_lakecharles_11_17,laura_lakecharles,0,0.6745633297444606
laura_lakecharles_11_18,laura_lakecharles,0,0.6475891041616153
laura_lakecharles_11_19,laura_lakecharles,1,0.6890791240144504
laura_lakecharles_11_20,laura_lakecharles,1,0.6581025850712481
laura_lakecharles_11_21,laura_lakecharles,1,0.6606635242153311
laura_lakecharles_11_22,laura_lakecharles,0,0.6396412356264398
laura_lakecharles_11_23,laura_lakecharles,0,0.6341053537926353
laura_lakecharles_11_24,laura_lakecharles,0,0.6313607863533685
laura_lakecharles_11_25,laura_lakecharles,0,0.71194874037928
laura_lakecharles_11_26,laura_lakecharles,0,0.7119483741994991
laura_lakecharles_11_27,laura_lakecharles,0,0.7119496153522415
laura_lakecharles_11_28,laura_lakecharles,1,0.7119543182650852
laura_lakecharles_11_29,laura_lakecharles,0,0.7119492604272614
laura_lakecharles_11_30,laura_lakecharles,0,0.7119460999698448
laura_lakecharles_11_31,laura_lakecharles,0,0.7119601898959435
laura_lakecharles_11_32,laura_lakecharles,0,0.712005794560979
laura_lakecharles_11_33,laura_lakecharles,0,0.7121104041687001
laura_lakecharles_11_34,laura_lakecharles,0,0.6458351006273872
laura_lakecharles_11_35,laura_lakecharles,1,0.6456390284828666
laura_lakecharles_11_36,laura_lakecharles,1,0.6466867877839032
laura_lakecharles_11_37,laura_lakecharles,1,0.65217393304235
laura_lakecharles_11_38,laura_lakecharles,1,0.6581062602251542
laura_lakecharles_11_39,laura_lakecharles,1,0.7122009170174717
laura_lakecharles_11_40,laura_lakecharles,1,0.7120274856080798
laura_lakecharles_11_41,laura_lakecharles,1,0.7119520152232682
laura_lakecharles_11_42,laura_lakecharles,1,0.7119497947248332
laura_lakecharles_11_43,laura_lakecharles,0,0.7119587052706383
laura_lakecharles_11_44,laura_lakecharles,0,0.7119711795658947
laura_lakecharles_11_45,laura_lakecharles,0,0.6325044557104966
laura_lakecharles_11_46,laura_lakecharles,0,0.6306736941929217
laura_lakecharles_11_47,laura_lakecharles,0,0.630936605478618
laura_lakecharles_11_48,laura_lakecharles,1,0.6312416949462076
laura_lakecharles_11_65,laura_lakecharles,1,0.7119468873276306
laura_lakecharles_11_66,laura_lakecharles,1,0.7119548613021698
laura_lakecharles_12_0,laura_lakecharles,0,0.6390892321399717
laura_lakecharles_12_1,laura_lakecharles,0,0.6342079751129069
laura_lakecharles_12_2,laura_lakecharles,0,0.6320115060073545
laura_lakecharles_12_3,laura_lakecharles,1,0.6323991232929583
laura_lakecharles_12_4,laura_lakecharles,1,0.7119805983850502
laura_lakecharles_12_5,laura_lakecharles,0,0.7119829613173133
laura_lakecharles_12_6,laura_lakecharles,0,0.7119668186098503
laura_lakecharles_12_7,laura_lakecharles,0,0.7119611664959845
laura_lakecharles_12_8,laura_lakecharles,0,0.6320281677911277
laura_lakecharles_12_9,laura_lakecharles,0,0.6332200660554411
laura_lakecharles_12_10,laura_lakecharles,0,0.6352431560321096
laura_lakecharles_12_11,laura_lakecharles,0,0.6362644115870504
laura_lakecharles_12_12,laura_lakecharles,1,0.6439251530739365
laura_lakecharles_12_13,laura_lakecharles,0,0.6518220254806877
laura_lakecharles_12_14,laura_lakecharles,0,0.6647863089474908
laura_lakecharles_12_15,laura_lakecharles,0,0.6970996660518188
laura_lakecharles_12_16,laura_lakecharles,0,0.7022548615325866
laura_lakecharles_12_17,laura_lakecharles,0,0.6807661295648475
laura_lakecharles_12_18,laura_lakecharles,0,0.6609613387895722
laura_lakecharles_12_19,laura_lakecharles,0,0.6507112770068731
laura_lakecharles_12_20,laura_lakecharles,1,0.6557132612135226
laura_lakecharles_12_21,laura_lakecharles,1,0.6528288825091284
laura_lakecharles_12_22,laura_lakecharles,0,0.6409736661753822
laura_lakecharles_12_23,laura_lakecharles,0,0.6347474611046473
laura_lakecharles_12_24,laura_lakecharles,0,0.6316260180507322
laura_lakecharles_12_25,laura_lakecharles,0,0.7119539755296201
laura_lakecharles_12_26,laura_lakecharles,0,0.7119634301711311
laura_lakecharles_12_27,laura_lakecharles,1,0.7119817133344493
laura_lakecharles_12_28,laura_lakecharles,0,0.7119808040141359
laura_lakecharles_12_29,laura_lakecharles,0,0.7120489233913708
laura_lakecharles_12_30,laura_lakecharles,0,0.7119915855089685
laura_lakecharles_12_31,laura_lakecharles,1,0.7120475519906012
laura_lakecharles_12_32,laura_lakecharles,1,0.7120668279529171
laura_lakecharles_12_33,laura_lakecharles,0,0.7121107494797767
laura_lakecharles_12_34,laura_lakecharles,0,0.645408640739984
laura_lakecharles_12_35,laura_lakecharles,1,0.6460283927262614
laura_lakecharles_12_36,laura_lakecharles,1,0.6473793893421846
laura_lakecharles_12_37,laura_lakecharles,1,0.65138936630986
laura_lakecharles_12_38,laura_lakecharles,1,0.7122488730968903
laura_lakecharles_12_39,laura_lakecharles,1,0.7121175548997936
laura_lakecharles_12_40,laura_lakecharles,1,0.7120234019543168
laura_lakecharles_12_41,laura_lakecharles,1,0.7119693091937105
laura_lakecharles_12_42,laura_lakecharles,1,0.7119724211679505
laura_lakecharles_12_43,laura_lakecharles,1,0.7120085132139221
laura_lakecharles_12_44,laura_lakecharles,1,0.7120269944765566
laura_lakecharles_12_45,laura_lakecharles,1,0.7120277769477377
laura_lakecharles_12_46,laura_lakecharles,1,0.6395130840832405
laura_lakecharles_12_47,laura_lakecharles,1,0.6386861864523709
laura_lakecharles_12_48,laura_lakecharles,1,0.6388448029099965
laura_lakecharles_12_49,laura_lakecharles,0,0.6325805045123699
laura_lakecharles_12_50,laura_lakecharles,0,0.6306498965313138
laura_lakecharles_12_53,laura_lakecharles,1,0.7119452544318452
laura_lakecharles_12_54,laura_lakecharles,1,0.7119430938441664
laura_lakecharles_12_58,laura_lakecharles,1,0.7119416512424714
laura_lakecharles_12_63,laura_lakecharles,1,0.7119416689516901
laura_lakecharles_12_64,laura_lakecharles,1,0.7119413284062196
laura_lakecharles_12_66,laura_lakecharles,1,0.7119424854054154
laura_lakecharles_13_0,laura_lakecharles,1,0.6468585239609996
laura_lakecharles_13_1,laura_lakecharles,1,0.6395296850020691
laura_lakecharles_13_2,laura_lakecharles,1,0.6394702526144079
laura_lakecharles_13_3,laura_lakecharles,0,0.6337017609769564
laura_lakecharles_13_4,laura_lakecharles,1,0.7120161200875399
laura_lakecharles_13_5,laura_lakecharles,1,0.7120689465095946
laura_lakecharles_13_6,laura_lakecharles,0,0.6377437904045629
laura_lakecharles_13_7,laura_lakecharles,0,0.6349419935052376
laura_lakecharles_13_8,laura_lakecharles,0,0.6355175575556204
laura_lakecharles_13_9,laura_lakecharles,0,0.6362469896708951
laura_lakecharles_13_10,laura_lakecharles,0,0.7120269431964874
laura_lakecharles_13_11,laura_lakecharles,0,0.6372603288797445
laura_lakecharles_13_12,laura_lakecharles,1,0.6392540789018135
laura_lakecharles_13_13,laura_lakecharles,1,0.6441969357638414
laura_lakecharles_13_14,laura_lakecharles,1,0.6501376611014494
laura_lakecharles_13_15,laura_lakecharles,0,0.6807952754128235
laura_lakecharles_13_16,laura_lakecharles,0,0.6884459389065126
laura_lakecharles_13_17,laura_lakecharles,0,0.6694479197557769
laura_lakecharles_13_18,laura_lakecharles,0,0.6545943939293655
laura_lakecharles_13_19,laura_lakecharles,1,0.6484713306642007
laura_lakecharles_13_20,laura_lakecharles,1,0.7121383101435264
laura_lakecharles_13_21,laura_lakecharles,1,0.6485588746706171
laura_lakecharles_13_22,laura_lakecharles,1,0.651081602167848
laura_lakecharles_13_23,laura_lakecharles,1,0.6470141536224974
laura_lakecharles_13_24,laura_lakecharles,1,0.6379016126679314
laura_lakecharles_13_25,laura_lakecharles,1,0.7119892766443623
laura_lakecharles_13_26,laura_lakecharles,1,0.7120012421543459
laura_lakecharles_13_27,laura_lakecharles,1,0.7120851343602418
laura_lakecharles_13_28,laura_lakecharles,1,0.6543612317733906
laura_lakecharles_13_29,laura_lakecharles,0,0.6518989984250416
laura_lakecharles_13_30,laura_lakecharles,0,0.6473877678378394
laura_lakecharles_13_31,laura_lakecharles,1,0.6422794046467554
laura_lakecharles_13_32,laura_lakecharles,1,0.7121349589196242
laura_lakecharles_13_33,laura_lakecharles,1,0.647695093049604
laura_lakecharles_13_34,laura_lakecharles,1,0.6521683952167243
laura_lakecharles_13_35,laura_lakecharles,1,0.651695309047244
laura_lakecharles_13_36,laura_lakecharles,1,0.6473881795655008
laura_lakecharles_13_37,laura_lakecharles,1,0.7121993865957159
laura_lakecharles_13_38,laura_lakecharles,0,0.7121996953449141
laura_lakecharles_13_39,laura_lakecharles,0,0.7120913545561367
laura_lakecharles_13_40,laura_lakecharles,1,0.7120066087619938
laura_lakecharles_13_41,laura_lakecharles,1,0.6372436061551894
laura_lakecharles_13_42,laura_lakecharles,1,0.6384939930002899
laura_lakecharles_13_43,laura_lakecharles,1,0.6388111569050934
laura_lakecharles_13_44,laura_lakecharles,1,0.7120505087524696
laura_lakecharles_13_45,laura_lakecharles,1,0.7120371296430444
laura_lakecharles_13_46,laura_lakecharles,1,0.7120275583765082
laura_lakecharles_13_47,laura_lakecharles,1,0.6422686855515766
laura_lakecharles_13_48,laura_lakecharles,1,0.646859469388669
laura_lakecharles_13_49,laura_lakecharles,1,0.6440349993820093
laura_lakecharles_13_50,laura_lakecharles,1,0.6365301724666345
laura_lakecharles_13_51,laura_lakecharles,1,0.6330618827495006
laura_lakecharles_13_52,laura_lakecharles,1,0.7119578395949261
laura_lakecharles_13_53,laura_lakecharles,1,0.7119562028134943
laura_lakecharles_13_54,laura_lakecharles,1,0.711945652380831
laura_lakecharles_13_55,laura_lakecharles,1,0.7119431329368485
laura_lakecharles_14_0,laura_lakecharles,1,0.6494718123208687
laura_lakecharles_14_1,laura_lakecharles,1,0.647982892694818
laura_lakecharles_14_2,laura_lakecharles,1,0.6499225605305032
laura_lakecharles_14_3,laura_lakecharles,0,0.6418627011005279
laura_lakecharles_14_4,laura_lakecharles,1,0.6465302662642635
laura_lakecharles_14_5,laura_lakecharles,1,0.712199929533398
laura_lakecharles_14_6,laura_lakecharles,0,0.6426334874704804
laura_lakecharles_14_7,laura_lakecharles,0,0.6396465770636851
laura_lakecharles_14_8,laura_lakecharles,0,0.6400975849204739
laura_lakecharles_14_9,laura_lakecharles,0,0.6411508942525531
laura_lakecharles_14_10,laura_lakecharles,0,0.7120796898924933
laura_lakecharles_14_11,laura_lakecharles,0,0.6419612492297049
laura_lakecharles_14_12,laura_lakecharles,0,0.6422265871236071
laura_lakecharles_14_13,laura_lakecharles,0,0.6465968635529866
laura_lakecharles_14_14,laura_lakecharles,1,0.6523906179292791
laura_lakecharles_14_15,laura_lakecharles,0,0.6614845792029311
laura_lakecharles_14_16,laura_lakecharles,0,0.6630179716459711
laura_lakecharles_14_17,laura_lakecharles,0,0.6521820613734768
laura_lakecharles_14_18,laura_lakecharles,0,0.6499102511602707
laura_lakecharles_14_19,laura_lakecharles,1,0.6431338702811074
laura_lakecharles_14_20,laura_lakecharles,1,0.7120772436429358
laura_lakecharles_14_21,laura_lakecharles,1,0.6502004589375882
laura_lakecharles_14_22,laura_lakecharles,1,0.6611692764517011
laura_lakecharles_14_23,laura_lakecharles,1,0.6542609950637299
laura_lakecharles_14_24,laura_lakecharles,1,0.7121855453855712
laura_lakecharles_14_25,laura_lakecharles,1,0.7120849095247394
laura_lakecharles_14_26,laura_lakecharles,1,0.7120814039543564
laura_lakecharles_14_27,laura_lakecharles,1,0.7120907100840703
laura_lakecharles_14_28,laura_lakecharles,0,0.6511778992412159
laura_lakecharles_14_29,laura_lakecharles,0,0.6586761579485675
laura_lakecharles_14_30,laura_lakecharles,0,0.6549142701673106
laura_lakecharles_14_31,laura_lakecharles,1,0.6513537196203296
laura_lakecharles_14_32,laura_lakecharles,1,0.6506813892506242
laura_lakecharles_14_33,laura_lakecharles,1,0.6510025586157161
laura_lakecharles_14_34,laura_lakecharles,1,0.6522198467359882
laura_lakecharles_14_35,laura_lakecharles,1,0.649914634705233
laura_lakecharles_14_36,laura_lakecharles,1,0.6478768871162763
laura_lakecharles_14_37,laura_lakecharles,1,0.7121676534583243
laura_lakecharles_14_38,laura_lakecharles,0,0.7121740522264575
laura_lakecharles_14_39,laura_lakecharles,0,0.6435368098535605
laura_lakecharles_14_40,laura_lakecharles,1,0.6388237628285461
laura_lakecharles_14_41,laura_lakecharles,1,0.6430237364248822
laura_lakecharles_14_42,laura_lakecharles,1,0.644020756752617
laura_lakecharles_14_43,laura_lakecharles,1,0.6415204406902711
laura_lakecharles_14_44,laura_lakecharles,1,0.6393536675540454
laura_lakecharles_14_45,laura_lakecharles,1,0.7120472535785348
laura_lakecharles_14_46,laura_lakecharles,1,0.6404969775056881
laura_lakecharles_14_47,laura_lakecharles,1,0.639962048577524
laura_lakecharles_14_48,laura_lakecharles,1,0.6442282197372914
laura_lakecharles_14_49,laura_lakecharles,1,0.6466264779598335
laura_lakecharles_14_50,laura_lakecharles,1,0.6426641867528047
laura_lakecharles_14_51,laura_lakecharles,1,0.6358425757245332
laura_lakecharles_14_52,laura_lakecharles,1,0.711975113395315
laura_lakecharles_14_53,laura_lakecharles,1,0.7119703045135043
laura_lakecharles_14_54,laura_lakecharles,1,0.7119479579166463
laura_lakecharles_14_58,laura_lakecharles,1,0.6303565027194261
laura_lakecharles_14_59,laura_lakecharles,1,0.630313583617329
laura_lakecharles_14_60,laura_lakecharles,1,0.630194437674695
laura_lakecharles_15_0,laura_lakecharles,1,0.6456768332867261
laura_lakecharles_15_1,laura_lakecharles,1,0.6465277170920738
laura_lakecharles_15_2,laura_lakecharles,1,0.6473137569260333
laura_lakecharles_15_3,laura_lakecharles,1,0.6433766803148844
laura_lakecharles_15_4,laura_lakecharles,1,0.6512826238365644
laura_lakecharles_15_5,laura_lakecharles,1,0.655367154574828
laura_lakecharles_15_6,laura_lakecharles,0,0.6462241733518218
laura_lakecharles_15_7,laura_lakecharles,0,0.6406526999009959
laura_lakecharles_15_8,laura_lakecharles,0,0.6393067927075521
laura_lakecharles_15_9,laura_lakecharles,0,0.6392950939528012
laura_lakecharles_15_10,laura_lakecharles,0,0.6421318843034189
laura_lakecharles_15_11,laura_lakecharles,0,0.6477084438601822
laura_lakecharles_15_12,laura_lakecharles,1,0.6871580813747823
laura_lakecharles_15_13,laura_lakecharles,1,0.6939723657872364
laura_lakecharles_15_14,laura_lakecharles,0,0.6790607051463555
laura_lakecharles_15_15,laura_lakecharles,0,0.6460353090544438
laura_lakecharles_15_16,laura_lakecharles,0,0.6392125251789625
laura_lakecharles_15_17,laura_lakecharles,0,0.6412591154784281
laura_lakecharles_15_18,laura_lakecharles,0,0.6431670987312813
laura_lakecharles_15_19,laura_lakecharles,1,0.6374761420642404
laura_lakecharles_15_20,laura_lakecharles,0,0.7120439152958343
laura_lakecharles_15_21,laura_lakecharles,1,0.7121563473251681
laura_lakecharles_15_22,laura_lakecharles,1,0.712309721788172
laura_lakecharles_15_23,laura_lakecharles,1,0.71225431286088
laura_lakecharles_15_24,laura_lakecharles,1,0.712106003300258
laura_lakecharles_15_25,laura_lakecharles,1,0.7119753456989406
laura_lakecharles_15_26,laura_lakecharles,1,0.7120191777284135
laura_lakecharles_15_27,laura_lakecharles,1,0.712007724569021
laura_lakecharles_15_28,laura_lakecharles,1,0.6629289524940138
laura_lakecharles_15_29,laura_lakecharles,0,0.6721230322039412
laura_lakecharles_15_30,laura_lakecharles,0,0.6634845431330584
laura_lakecharles_15_31,laura_lakecharles,0,0.6537438105391946
laura_lakecharles_15_32,laura_lakecharles,0,0.6524784954966282
laura_lakecharles_15_33,laura_lakecharles,1,0.6513029611179009
laura_lakecharles_15_34,laura_lakecharles,1,0.6477583425993374
laura_lakecharles_15_35,laura_lakecharles,0,0.645832329274072
laura_lakecharles_15_36,laura_lakecharles,1,0.647015032267252
laura_lakecharles_15_37,laura_lakecharles,1,0.7122417098272253
laura_lakecharles_15_38,laura_lakecharles,1,0.655805213676843
laura_lakecharles_15_39,laura_lakecharles,1,0.6508079796511009
laura_lakecharles_15_40,laura_lakecharles,1,0.6429801416533085
laura_lakecharles_15_41,laura_lakecharles,1,0.6482593002285036
laura_lakecharles_15_42,laura_lakecharles,1,0.6457854967213704
laura_lakecharles_15_43,laura_lakecharles,1,0.6447447849780849
laura_lakecharles_15_44,laura_lakecharles,1,0.6426819747019009
laura_lakecharles_15_45,laura_lakecharles,1,0.644911429612955
laura_lakecharles_15_46,laura_lakecharles,1,0.6448878913540647
laura_lakecharles_15_47,laura_lakecharles,1,0.6428676064590494
laura_lakecharles_15_48,laura_lakecharles,1,0.6433150814211444
laura_lakecharles_15_49,laura_lakecharles,1,0.6440850415392168
laura_lakecharles_15_50,laura_lakecharles,1,0.6424572927691844
laura_lakecharles_15_51,laura_lakecharles,1,0.6370218748842287
laura_lakecharles_15_52,laura_lakecharles,1,0.7119656304745162
laura_lakecharles_15_53,laura_lakecharles,1,0.711969662532382
laura_lakecharles_15_54,laura_lakecharles,1,0.7119557233813747
laura_lakecharles_15_58,laura_lakecharles,1,0.6305994395706979
laura_lakecharles_15_59,laura_lakecharles,1,0.630323938640246
laura_lakecharles_16_0,laura_lakecharles,1,0.6482315206346625
laura_lakecharles_16_1,laura_lakecharles,1,0.6462541064605074
laura_lakecharles_16_2,laura_lakecharles,1,0.6442826163694894
laura_lakecharles_16_3,laura_lakecharles,0,0.6422621973711816
laura_lakecharles_16_4,laura_lakecharles,0,0.6455517252191119
laura_lakecharles_16_5,laura_lakecharles,0,0.6509256320298625
laura_lakecharles_16_6,laura_lakecharles,0,0.6451673870979456
laura_lakecharles_16_7,laura_lakecharles,0,0.6411481586511218
laura_lakecharles_16_8,laura_lakecharles,0,0.6384546293874317
laura_lakecharles_16_9,laura_lakecharles,0,0.6396572564759678
laura_lakecharles_16_10,laura_lakecharles,0,0.6527916882506584
laura_lakecharles_16_11,laura_lakecharles,0,0.6550726641308664
laura_lakecharles_16_12,laura_lakecharles,1,0.6955653945404578
laura_lakecharles_16_13,laura_lakecharles,1,0.7285187433233808
laura_lakecharles_16_14,laura_lakecharles,1,0.7383982331222106
laura_lakecharles_16_15,laura_lakecharles,1,0.6882563069820484
laura_lakecharles_16_16,laura_lakecharles,1,0.6576697101623725
laura_lakecharles_16_17,laura_lakecharles,1,0.6391295692486192
laura_lakecharles_16_18,laura_lakecharles,1,0.711986145009812
laura_lakecharles_16_19,laura_lakecharles,0,0.7119680439254191
laura_lakecharles_16_20,laura_lakecharles,0,0.711966293618281
laura_lakecharles_16_21,laura_lakecharles,1,0.7120973964130962
laura_lakecharles_16_22,laura_lakecharles,1,0.71221562633855
laura_lakecharles_16_23,laura_lakecharles,1,0.7121378765032073
laura_lakecharles_16_24,laura_lakecharles,1,0.712015907150285
laura_lakecharles_16_25,laura_lakecharles,1,0.711962828191226
laura_lakecharles_16_26,laura_lakecharles,1,0.7119618450813593
laura_lakecharles_16_27,laura_lakecharles,1,0.7119653753396712
laura_lakecharles_16_28,laura_lakecharles,1,0.6729520867276143
laura_lakecharles_16_29,laura_lakecharles,1,0.6830537842184605
laura_lakecharles_16_30,laura_lakecharles,1,0.668425945729929
laura_lakecharles_16_31,laura_lakecharles,1,0.6584887899757531
laura_lakecharles_16_32,laura_lakecharles,1,0.6544427516420112
laura_lakecharles_16_33,laura_lakecharles,1,0.6522185172838151
laura_lakecharles_16_34,laura_lakecharles,1,0.6483663195866771
laura_lakecharles_16_35,laura_lakecharles,1,0.6449136440076778
laura_lakecharles_16_36,laura_lakecharles,1,0.7121493023229508
laura_lakecharles_16_37,laura_lakecharles,1,0.6572382169447051
laura_lakecharles_16_38,laura_lakecharles,1,0.6633117624934619
laura_lakecharles_16_39,laura_lakecharles,1,0.6544704272165122
laura_lakecharles_16_40,laura_lakecharles,1,0.6462844479678939
laura_lakecharles_16_41,laura_lakecharles,1,0.6511953324552413
laura_lakecharles_16_42,laura_lakecharles,1,0.6478869852668543
laura_lakecharles_16_43,laura_lakecharles,1,0.6454709339774352
laura_lakecharles_16_44,laura_lakecharles,1,0.642080961266437
laura_lakecharles_16_45,laura_lakecharles,1,0.6410515057144865
laura_lakecharles_16_46,laura_lakecharles,1,0.6447347399864217
laura_lakecharles_16_47,laura_lakecharles,1,0.6469319128791082
laura_lakecharles_16_48,laura_lakecharles,1,0.6477589969253956
laura_lakecharles_16_49,laura_lakecharles,1,0.6457993328557678
laura_lakecharles_16_50,laura_lakecharles,1,0.638911508260767
laura_lakecharles_16_51,laura_lakecharles,1,0.6339162519404997
laura_lakecharles_16_52,laura_lakecharles,1,0.7119535209718717
laura_lakecharles_16_53,laura_lakecharles,1,0.7119624467939789
laura_lakecharles_16_54,laura_lakecharles,1,0.7119500569590947
laura_lakecharles_17_0,laura_lakecharles,0,0.6396004292193
laura_lakecharles_17_1,laura_lakecharles,0,0.637567591642565
laura_lakecharles_17_2,laura_lakecharles,0,0.638198182244923
laura_lakecharles_17_3,laura_lakecharles,0,0.6396361891930995
laura_lakecharles_17_4,laura_lakecharles,1,0.6471845169907219
laura_lakecharles_17_5,laura_lakecharles,0,0.6523264958899463
laura_lakecharles_17_6,laura_lakecharles,0,0.6497824235783286
laura_lakecharles_17_7,laura_lakecharles,0,0.6427471574385327
laura_lakecharles_17_8,laura_lakecharles,0,0.7120170635239831
laura_lakecharles_17_9,laura_lakecharles,0,0.654211934579287
laura_lakecharles_17_10,laura_lakecharles,0,0.6729586806779635
laura_lakecharles_17_11,laura_lakecharles,0,0.6803704496707064
laura_lakecharles_17_12,laura_lakecharles,1,0.6984320127372594
laura_lakecharles_17_13,laura_lakecharles,0,0.7051799142753111
laura_lakecharles_17_14,laura_lakecharles,0,0.7018562501926671
laura_lakecharles_17_15,laura_lakecharles,1,0.6862419595459478
laura_lakecharles_17_16,laura_lakecharles,1,0.656595951845056
laura_lakecharles_17_17,laura_lakecharles,0,0.6340636724061318
laura_lakecharles_17_18,laura_lakecharles,0,0.7119662320978104
laura_lakecharles_17_19,laura_lakecharles,0,0.7119662896067109
laura_lakecharles_17_20,laura_lakecharles,1,0.7119915730293456
laura_lakecharles_17_21,laura_lakecharles,1,0.712041516485653
laura_lakecharles_17_22,laura_lakecharles,1,0.7120344308586886
laura_lakecharles_17_23,laura_lakecharles,1,0.6366481094626523
laura_lakecharles_17_24,laura_lakecharles,1,0.6352127612093619
laura_lakecharles_17_25,laura_lakecharles,1,0.7119765359228485
laura_lakecharles_17_26,laura_lakecharles,1,0.6334565074531743
laura_lakecharles_17_27,laura_lakecharles,1,0.6338491193609589
laura_lakecharles_17_28,laura_lakecharles,1,0.6557443848447464
laura_lakecharles_17_29,laura_lakecharles,1,0.6626968396959855
laura_lakecharles_17_30,laura_lakecharles,1,0.6585981599805601
laura_lakecharles_17_31,laura_lakecharles,1,0.6517137178101264
laura_lakecharles_17_32,laura_lakecharles,1,0.6483919855842512
laura_lakecharles_17_33,laura_lakecharles,1,0.649594093354475
laura_lakecharles_17_34,laura_lakecharles,1,0.6465598436546206
laura_lakecharles_17_35,laura_lakecharles,1,0.6440097856224065
laura_lakecharles_17_36,laura_lakecharles,1,0.7121162238374016
laura_lakecharles_17_37,laura_lakecharles,1,0.6525717359265762
laura_lakecharles_17_38,laura_lakecharles,1,0.6571640919739457
laura_lakecharles_17_39,laura_lakecharles,1,0.6493510261436457
laura_lakecharles_17_40,laura_lakecharles,1,0.6449950197245641
laura_lakecharles_17_41,laura_lakecharles,1,0.6493923072365352
laura_lakecharles_17_42,laura_lakecharles,1,0.6546934041857875
laura_lakecharles_17_43,laura_lakecharles,1,0.6548230481355378
laura_lakecharles_17_44,laura_lakecharles,1,0.6503741828619003
laura_lakecharles_17_45,laura_lakecharles,1,0.6353621427872804
laura_lakecharles_17_46,laura_lakecharles,1,0.6361790231960616
laura_lakecharles_17_47,laura_lakecharles,0,0.6363487925495179
laura_lakecharles_17_48,laura_lakecharles,1,0.6379596496517943
laura_lakecharles_17_49,laura_lakecharles,1,0.7121002236335022
laura_lakecharles_17_50,laura_lakecharles,1,0.7120197712834545
laura_lakecharles_17_51,laura_lakecharles,1,0.7119599025881258
laura_lakecharles_17_52,laura_lakecharles,1,0.7119526288307452
laura_lakecharles_17_53,laura_lakecharles,1,0.7119596199092901
laura_lakecharles_18_0,laura_lakecharles,0,0.7120058327073326
laura_lakecharles_18_1,laura_lakecharles,0,0.6361056147798028
laura_lakecharles_18_2,laura_lakecharles,0,0.6360066093596101
laura_lakecharles_18_3,laura_lakecharles,0,0.6382384515145774
laura_lakecharles_18_4,laura_lakecharles,0,0.6463913692975599
laura_lakecharles_18_5,laura_lakecharles,0,0.6592431044725773
laura_lakecharles_18_6,laura_lakecharles,0,0.6618768856911506
laura_lakecharles_18_7,laura_lakecharles,0,0.6440432590419118
laura_lakecharles_18_8,laura_lakecharles,0,0.7120139271507602
laura_lakecharles_18_9,laura_lakecharles,0,0.6691157175907703
laura_lakecharles_18_10,laura_lakecharles,0,0.6976340082007171
laura_lakecharles_18_11,laura_lakecharles,0,0.694146494027326
laura_lakecharles_18_12,laura_lakecharles,0,0.656620133129179
laura_lakecharles_18_13,laura_lakecharles,1,0.658976492831606
laura_lakecharles_18_14,laura_lakecharles,0,0.6589210805845194
laura_lakecharles_18_15,laura_lakecharles,0,0.6560816963476221
laura_lakecharles_18_16,laura_lakecharles,0,0.6381735525412284
laura_lakecharles_18_17,laura_lakecharles,0,0.6325164629211081
laura_lakecharles_18_18,laura_lakecharles,0,0.6323923704767512
laura_lakecharles_18_19,laura_lakecharles,1,0.6326816811870813
laura_lakecharles_18_20,laura_lakecharles,1,0.6375997930114242
laura_lakecharles_18_21,laura_lakecharles,0,0.6409460853923121
laura_lakecharles_18_22,laura_lakecharles,1,0.6524386590925533
laura_lakecharles_18_23,laura_lakecharles,0,0.6469577084858615
laura_lakecharles_18_24,laura_lakecharles,1,0.6375678230805462
laura_lakecharles_18_25,laura_lakecharles,1,0.6336853344639541
laura_lakecharles_18_26,laura_lakecharles,1,0.6341124341511916
laura_lakecharles_18_27,laura_lakecharles,1,0.6361596366073782
laura_lakecharles_18_28,laura_lakecharles,1,0.6471917457853094
laura_lakecharles_18_29,laura_lakecharles,1,0.651277012866971
laura_lakecharles_18_30,laura_lakecharles,1,0.6498553289789447
laura_lakecharles_18_31,laura_lakecharles,1,0.6456990111047678
laura_lakecharles_18_32,laura_lakecharles,1,0.6441947835430578
laura_lakecharles_18_33,laura_lakecharles,1,0.6431032212010019
laura_lakecharles_18_34,laura_lakecharles,1,0.7120845609775559
laura_lakecharles_18_35,laura_lakecharles,1,0.7120795157398239
laura_lakecharles_18_36,laura_lakecharles,1,0.7120865409399161
laura_lakecharles_18_37,laura_lakecharles,1,0.6490412769681244
laura_lakecharles_18_38,laura_lakecharles,1,0.6543652480799161
laura_lakecharles_18_39,laura_lakecharles,1,0.6574363215169862
laura_lakecharles_18_40,laura_lakecharles,1,0.6590118600347934
laura_lakecharles_18_41,laura_lakecharles,1,0.6570124204965245
laura_lakecharles_18_42,laura_lakecharles,1,0.6580183546866898
laura_lakecharles_18_43,laura_lakecharles,1,0.6586297387196314
laura_lakecharles_18_44,laura_lakecharles,1,0.6411422489243656
laura_lakecharles_18_45,laura_lakecharles,1,0.6343682571807302
laura_lakecharles_18_46,laura_lakecharles,1,0.631763031850666
laura_lakecharles_18_47,laura_lakecharles,1,0.6323899108230667
laura_lakecharles_18_48,laura_lakecharles,1,0.6326604439238168
laura_lakecharles_18_49,laura_lakecharles,1,0.6344241774989133
laura_lakecharles_18_50,laura_lakecharles,1,0.7119536645069596
laura_lakecharles_18_51,laura_lakecharles,1,0.711952858891968
laura_lakecharles_18_53,laura_lakecharles,1,0.7119471767004001
laura_lakecharles_18_54,laura_lakecharles,1,0.7119415241522808
laura_lakecharles_18_55,laura_lakecharles,1,0.7119424246251894
laura_lakecharles_19_0,laura_lakecharles,0,0.7120538565220105
laura_lakecharles_19_1,laura_lakecharles,0,0.6366276055344624
laura_lakecharles_19_2,laura_lakecharles,0,0.6370285840963597
laura_lakecharles_19_3,laura_lakecharles,0,0.640806079609811
laura_lakecharles_19_4,laura_lakecharles,0,0.6485591897675065
laura_lakecharles_19_5,laura_lakecharles,0,0.6616301108841397
laura_lakecharles_19_6,laura_lakecharles,0,0.6571433998090829
laura_lakecharles_19_7,laura_lakecharles,0,0.6451839013607563
laura_lakecharles_19_8,laura_lakecharles,0,0.7119932179927679
laura_lakecharles_19_9,laura_lakecharles,0,0.7121738992011302
laura_lakecharles_19_10,laura_lakecharles,0,0.7124856100876265
laura_lakecharles_19_11,laura_lakecharles,0,0.7122971712020977
laura_lakecharles_19_12,laura_lakecharles,0,0.7121014961096421
laura_lakecharles_19_13,laura_lakecharles,0,0.7120112157074682
laura_lakecharles_19_14,laura_lakecharles,0,0.6373169755979803
laura_lakecharles_19_15,laura_lakecharles,0,0.6425878483764679
laura_lakecharles_19_16,laura_lakecharles,0,0.6357696027468587
laura_lakecharles_19_17,laura_lakecharles,0,0.6324892663438847
laura_lakecharles_19_18,laura_lakecharles,0,0.6323256130423733
laura_lakecharles_19_19,laura_lakecharles,0,0.6326455235741693
laura_lakecharles_19_20,laura_lakecharles,1,0.6394704215074365
laura_lakecharles_19_21,laura_lakecharles,0,0.6506102668509068
laura_lakecharles_19_22,laura_lakecharles,0,0.6677768937957858
laura_lakecharles_19_23,laura_lakecharles,0,0.664587489201607
laura_lakecharles_19_24,laura_lakecharles,1,0.6438107385388327
laura_lakecharles_19_25,laura_lakecharles,1,0.6396479752996693
laura_lakecharles_19_26,laura_lakecharles,1,0.6410896519438208
laura_lakecharles_19_27,laura_lakecharles,1,0.6447050799834693
laura_lakecharles_19_28,laura_lakecharles,1,0.6495914607736986
laura_lakecharles_19_29,laura_lakecharles,1,0.6525324234763549
laura_lakecharles_19_30,laura_lakecharles,1,0.6505458202693785
laura_lakecharles_19_31,laura_lakecharles,1,0.6486026879394596
laura_lakecharles_19_32,laura_lakecharles,1,0.6468030145429814
laura_lakecharles_19_33,laura_lakecharles,1,0.6437892439232104
laura_lakecharles_19_34,laura_lakecharles,1,0.6417157420057835
laura_lakecharles_19_35,laura_lakecharles,1,0.6419947161235033
laura_lakecharles_19_36,laura_lakecharles,1,0.7120856797491539
laura_lakecharles_19_37,laura_lakecharles,1,0.6477322877167268
laura_lakecharles_19_38,laura_lakecharles,1,0.6522137074193242
laura_lakecharles_19_39,laura_lakecharles,1,0.6602001719851709
laura_lakecharles_19_40,laura_lakecharles,1,0.7123269069316028
laura_lakecharles_19_41,laura_lakecharles,0,0.7121852786229771
laura_lakecharles_19_42,laura_lakecharles,0,0.712209835421735
laura_lakecharles_19_43,laura_lakecharles,1,0.6449462061417274
laura_lakecharles_19_44,laura_lakecharles,1,0.6365594810901868
laura_lakecharles_19_45,laura_lakecharles,1,0.632500542992241
laura_lakecharles_19_46,laura_lakecharles,1,0.630574532854569
laura_lakecharles_19_47,laura_lakecharles,1,0.6305686981120586
laura_lakecharles_19_48,laura_lakecharles,1,0.6308157091807662
laura_lakecharles_19_49,laura_lakecharles,1,0.6311643754274088
laura_lakecharles_19_50,laura_lakecharles,1,0.7119566671291454
laura_lakecharles_19_51,laura_lakecharles,1,0.7119594017389407
laura_lakecharles_20_0,laura_lakecharles,1,0.7120640054934787
laura_lakecharles_20_1,laura_lakecharles,1,0.6429331791873761
laura_lakecharles_20_2,laura_lakecharles,1,0.6458928876242029
laura_lakecharles_20_3,laura_lakecharles,0,0.6450495788148545
laura_lakecharles_20_4,laura_lakecharles,0,0.6587159195572255
laura_lakecharles_20_5,laura_lakecharles,0,0.7122584549258357
laura_lakecharles_20_6,laura_lakecharles,0,0.712118756218947
laura_lakecharles_20_7,laura_lakecharles,0,0.7119943484773903
laura_lakecharles_20_8,laura_lakecharles,0,0.7119696454875799
laura_lakecharles_20_9,laura_lakecharles,0,0.7119627379651307
laura_lakecharles_20_10,laura_lakecharles,0,0.7119569973858555
laura_lakecharles_20_11,laura_lakecharles,0,0.7119558676206669
laura_lakecharles_20_12,laura_lakecharles,0,0.7119528271442265
laura_lakecharles_20_13,laura_lakecharles,0,0.7119542691696091
laura_lakecharles_20_14,laura_lakecharles,0,0.7119765934128921
laura_lakecharles_20_15,laura_lakecharles,0,0.7119819402732039
laura_lakecharles_20_16,laura_lakecharles,0,0.7119675692694943
laura_lakecharles_20_17,laura_lakecharles,0,0.6347844881155219
laura_lakecharles_20_18,laura_lakecharles,0,0.6651556143659098
laura_lakecharles_20_19,laura_lakecharles,0,0.6938270146814832
laura_lakecharles_20_20,laura_lakecharles,0,0.700981292030463
laura_lakecharles_20_21,laura_lakecharles,0,0.6754777984263869
laura_lakecharles_20_22,laura_lakecharles,0,0.6492828156930741
laura_lakecharles_20_23,laura_lakecharles,1,0.6429327125073772
laura_lakecharles_20_24,laura_lakecharles,1,0.6422757054811875
laura_lakecharles_20_25,laura_lakecharles,1,0.6483952504298646
laura_lakecharles_20_26,laura_lakecharles,1,0.6515859424263593
laura_lakecharles_20_27,laura_lakecharles,1,0.6505619824220786
laura_lakecharles_20_28,laura_lakecharles,1,0.6552109062699405
laura_lakecharles_20_29,laura_lakecharles,1,0.6619275690152536
laura_lakecharles_20_30,laura_lakecharles,1,0.6578750581993378
laura_lakecharles_20_31,laura_lakecharles,1,0.6495937515899386
laura_lakecharles_20_32,laura_lakecharles,1,0.6492350560385988
laura_lakecharles_20_33,laura_lakecharles,1,0.6555145129922765
laura_lakecharles_20_34,laura_lakecharles,1,0.6542371820238159
laura_lakecharles_20_35,laura_lakecharles,1,0.6483200316311389
laura_lakecharles_20_36,laura_lakecharles,1,0.6455926499215309
laura_lakecharles_20_37,laura_lakecharles,1,0.7121889028359596
laura_lakecharles_20_38,laura_lakecharles,1,0.7122980046196925
laura_lakecharles_20_39,laura_lakecharles,1,0.7122422199263436
laura_lakecharles_20_40,laura_lakecharles,0,0.7120430776671
laura_lakecharles_20_41,laura_lakecharles,1,0.711966500730811
laura_lakecharles_20_42,laura_lakecharles,1,0.7119616626435237
laura_lakecharles_20_43,laura_lakecharles,1,0.6312033407226114
laura_lakecharles_20_44,laura_lakecharles,1,0.6309553297172876
laura_lakecharles_20_45,laura_lakecharles,1,0.6306067929531368
laura_lakecharles_20_48,laura_lakecharles,1,0.6309406774978155
laura_lakecharles_20_49,laura_lakecharles,1,0.6338465242262122
laura_lakecharles_20_50,laura_lakecharles,1,0.711973617649687
laura_lakecharles_20_51,laura_lakecharles,1,0.7119559107089981
laura_lakecharles_21_0,laura_lakecharles,1,0.7119949504356886
laura_lakecharles_21_1,laura_lakecharles,1,0.7119912192613712
laura_lakecharles_21_2,laura_lakecharles,0,0.6322718997706541
laura_lakecharles_21_3,laura_lakecharles,0,0.6398078147981701
laura_lakecharles_21_4,laura_lakecharles,0,0.6638018578183383
laura_lakecharles_21_5,laura_lakecharles,0,0.6623404667058407
laura_lakecharles_21_6,laura_lakecharles,1,0.6540383565104106
laura_lakecharles_21_7,laura_lakecharles,1,0.6439636068479605
laura_lakecharles_21_8,laura_lakecharles,0,0.6346907827032656
laura_lakecharles_21_9,laura_lakecharles,0,0.633297288146117
laura_lakecharles_21_10,laura_lakecharles,0,0.6327267277026991
laura_lakecharles_21_11,laura_lakecharles,0,0.6328459813175322
laura_lakecharles_21_12,laura_lakecharles,0,0.7119602765542908
laura_lakecharles_21_13,laura_lakecharles,0,0.7119550948877434
laura_lakecharles_21_14,laura_lakecharles,0,0.711976501448521
laura_lakecharles_21_15,laura_lakecharles,1,0.7119884257354709
laura_lakecharles_21_16,laura_lakecharles,1,0.7119726645833396
laura_lakecharles_21_17,laura_lakecharles,0,0.6339574957297355
laura_lakecharles_21_18,laura_lakecharles,0,0.6782556484189097
laura_lakecharles_21_19,laura_lakecharles,0,0.718054144057394
laura_lakecharles_21_20,laura_lakecharles,0,0.6939320105543912
laura_lakecharles_21_21,laura_lakecharles,0,0.654556301521223
laura_lakecharles_21_22,laura_lakecharles,1,0.6544831326688849
laura_lakecharles_21_23,laura_lakecharles,1,0.6549482531905569
laura_lakecharles_21_24,laura_lakecharles,1,0.6540691598063554
laura_lakecharles_21_25,laura_lakecharles,1,0.6613768200884992
laura_lakecharles_21_26,laura_lakecharles,1,0.6601825267005393
laura_lakecharles_21_27,laura_lakecharles,1,0.6546058972165731
laura_lakecharles_21_28,laura_lakecharles,1,0.6598542655767647
laura_lakecharles_21_29,laura_lakecharles,1,0.666871844356711
laura_lakecharles_21_30,laura_lakecharles,1,0.663510130016297
laura_lakecharles_21_31,laura_lakecharles,1,0.6556178814429208
laura_lakecharles_21_32,laura_lakecharles,1,0.6598584380321516
laura_lakecharles_21_33,laura_lakecharles,1,0.6616987487250798
laura_lakecharles_21_34,laura_lakecharles,1,0.6585589139658157
laura_lakecharles_21_35,laura_lakecharles,1,0.6515520975270876
laura_lakecharles_21_36,laura_lakecharles,1,0.6483203671677988
laura_lakecharles_21_37,laura_lakecharles,1,0.655350587629038
laura_lakecharles_21_38,laura_lakecharles,1,0.6689542478474494
laura_lakecharles_21_39,laura_lakecharles,1,0.6617334753463058
laura_lakecharles_21_40,laura_lakecharles,1,0.6473601411076111
laura_lakecharles_21_41,laura_lakecharles,0,0.7119993843874286
laura_lakecharles_21_42,laura_lakecharles,1,0.7119858175988841
laura_lakecharles_21_43,laura_lakecharles,1,0.6325919650673971
laura_lakecharles_21_44,laura_lakecharles,1,0.6304260802595788
laura_lakecharles_21_49,laura_lakecharles,1,0.7119946513957544
laura_lakecharles_21_50,laura_lakecharles,1,0.7120036657458597
laura_lakecharles_21_51,laura_lakecharles,1,0.7119732469478277
laura_lakecharles_22_0,laura_lakecharles,0,0.6333658692817022
laura_lakecharles_22_1,laura_lakecharles,0,0.6320607371080048
laura_lakecharles_22_2,laura_lakecharles,0,0.631893081894446
laura_lakecharles_22_3,laura_lakecharles,0,0.7121727005953769
laura_lakecharles_22_4,laura_lakecharles,0,0.6939765823936817
laura_lakecharles_22_5,laura_lakecharles,0,0.7016687970699006
laura_lakecharles_22_6,laura_lakecharles,1,0.6856713985950305
laura_lakecharles_22_7,laura_lakecharles,1,0.6908759564002543
laura_lakecharles_22_8,laura_lakecharles,1,0.6528003371623553
laura_lakecharles_22_9,laura_lakecharles,1,0.6528136488652474
laura_lakecharles_22_10,laura_lakecharles,1,0.6529960076479082
laura_lakecharles_22_11,laura_lakecharles,1,0.644538179014933
laura_lakecharles_22_12,laura_lakecharles,0,0.637064404968685
laura_lakecharles_22_13,laura_lakecharles,0,0.7119568990557233
laura_lakecharles_22_14,laura_lakecharles,0,0.7119547075892835
laura_lakecharles_22_15,laura_lakecharles,1,0.7119739769208385
laura_lakecharles_22_16,laura_lakecharles,1,0.7119807177070501
laura_lakecharles_22_17,laura_lakecharles,0,0.7120019037189208
laura_lakecharles_22_18,laura_lakecharles,0,0.6446070413990174
laura_lakecharles_22_19,laura_lakecharles,0,0.647419891250891
laura_lakecharles_22_20,laura_lakecharles,0,0.6425998719024177
laura_lakecharles_22_21,laura_lakecharles,1,0.6451620375541745
laura_lakecharles_22_22,laura_lakecharles,1,0.6575935915774419
laura_lakecharles_22_23,laura_lakecharles,1,0.6626040660312262
laura_lakecharles_22_24,laura_lakecharles,1,0.6606186119004284
laura_lakecharles_22_25,laura_lakecharles,1,0.7124049622482369
laura_lakecharles_22_26,laura_lakecharles,1,0.6575048791256629
laura_lakecharles_22_27,laura_lakecharles,1,0.6566905306796881
laura_lakecharles_22_28,laura_lakecharles,1,0.659671255099588
laura_lakecharles_22_29,laura_lakecharles,1,0.6697172800019805
laura_lakecharles_22_30,laura_lakecharles,1,0.6689804293180033
laura_lakecharles_22_31,laura_lakecharles,1,0.6669519235550446
laura_lakecharles_22_32,laura_lakecharles,1,0.6842125749591285
laura_lakecharles_22_33,laura_lakecharles,1,0.7139592181416761
laura_lakecharles_22_34,laura_lakecharles,1,0.7003947307994961
laura_lakecharles_22_35,laura_lakecharles,1,0.6587944746591844
laura_lakecharles_22_36,laura_lakecharles,1,0.6494201696655731
laura_lakecharles_22_37,laura_lakecharles,1,0.6540214306701304
laura_lakecharles_22_38,laura_lakecharles,1,0.67471862509115
laura_lakecharles_22_39,laura_lakecharles,1,0.6706630180063278
laura_lakecharles_22_40,laura_lakecharles,1,0.652899069705453
laura_lakecharles_22_41,laura_lakecharles,1,0.7120194435219345
laura_lakecharles_22_42,laura_lakecharles,1,0.7119966278072352
laura_lakecharles_22_43,laura_lakecharles,1,0.7119644502658116
laura_lakecharles_22_48,laura_lakecharles,1,0.7119684344764585
laura_lakecharles_22_49,laura_lakecharles,1,0.712003034081834
laura_lakecharles_22_50,laura_lakecharles,1,0.7120123196285808
laura_lakecharles_22_51,laura_lakecharles,1,0.7119451693143329
laura_lakecharles_23_0,laura_lakecharles,0,0.6334226932412724
laura_lakecharles_23_1,laura_lakecharles,0,0.6320162263514224
laura_lakecharles_23_2,laura_lakecharles,0,0.6325097213038336
laura_lakecharles_23_3,laura_lakecharles,0,0.6723513534934001
laura_lakecharles_23_4,laura_lakecharles,0,0.690772917564591
laura_lakecharles_23_5,laura_lakecharles,1,0.7015711048926899
laura_lakecharles_23_6,laura_lakecharles,1,0.7898616182565178
laura_lakecharles_23_7,laura_lakecharles,1,0.8113359841952698
laura_lakecharles_23_8,laura_lakecharles,1,0.689056073852711
laura_lakecharles_23_9,laura_lakecharles,1,0.6768569536333279
laura_lakecharles_23_10,laura_lakecharles,1,0.6590887286469153
laura_lakecharles_23_11,laura_lakecharles,1,0.6528082077123821
laura_lakecharles_23_12,laura_lakecharles,1,0.6462117415639066
laura_lakecharles_23_13,laura_lakecharles,1,0.7119786437516775
laura_lakecharles_23_14,laura_lakecharles,1,0.7119572126456412
laura_lakecharles_23_15,laura_lakecharles,1,0.7119588612018041
laura_lakecharles_23_16,laura_lakecharles,1,0.7119756701116423
laura_lakecharles_23_17,laura_lakecharles,1,0.7120193685764238
laura_lakecharles_23_18,laura_lakecharles,1,0.7120765653183427
laura_lakecharles_23_19,laura_lakecharles,1,0.6422260912159332
laura_lakecharles_23_20,laura_lakecharles,1,0.6405272605850091
laura_lakecharles_23_21,laura_lakecharles,1,0.6448062731782201
laura_lakecharles_23_22,laura_lakecharles,1,0.6583146197441025
laura_lakecharles_23_23,laura_lakecharles,1,0.6624314303549836
laura_lakecharles_23_24,laura_lakecharles,1,0.6501153394583423
laura_lakecharles_23_25,laura_lakecharles,1,0.7121311377223409
laura_lakecharles_23_26,laura_lakecharles,1,0.7120932046456455
laura_lakecharles_23_27,laura_lakecharles,1,0.6452350195377042
laura_lakecharles_23_28,laura_lakecharles,1,0.6547345938750656
laura_lakecharles_23_29,laura_lakecharles,1,0.6629667961079556
laura_lakecharles_23_30,laura_lakecharles,1,0.6581686404250509
laura_lakecharles_23_31,laura_lakecharles,0,0.6532212877542987
laura_lakecharles_23_32,laura_lakecharles,0,0.6654252433165716
laura_lakecharles_23_33,laura_lakecharles,1,0.6965227430104781
laura_lakecharles_23_34,laura_lakecharles,1,0.6846939045613896
laura_lakecharles_23_35,laura_lakecharles,1,0.7122364192250416
laura_lakecharles_23_36,laura_lakecharles,1,0.71218138212174
laura_lakecharles_23_37,laura_lakecharles,1,0.6549373524865953
laura_lakecharles_23_38,laura_lakecharles,1,0.6667615120556283
laura_lakecharles_23_39,laura_lakecharles,1,0.6735516388635662
laura_lakecharles_23_40,laura_lakecharles,1,0.6619658546022079
laura_lakecharles_23_41,laura_lakecharles,1,0.7119964980231465
laura_lakecharles_23_42,laura_lakecharles,1,0.7119578512548815
laura_lakecharles_23_43,laura_lakecharles,1,0.7119466635509868
laura_lakecharles_23_48,laura_lakecharles,1,0.7119708582466285
laura_lakecharles_23_49,laura_lakecharles,1,0.7119882117687756
laura_lakecharles_23_50,laura_lakecharles,1,0.711984948453742
laura_lakecharles_23_51,laura_lakecharles,1,0.7119426476382609
laura_lakecharles_24_0,laura_lakecharles,0,0.6339059397491433
laura_lakecharles_24_1,laura_lakecharles,0,0.6329070542100845
laura_lakecharles_24_2,laura_lakecharles,1,0.6370551173062449
laura_lakecharles_24_3,laura_lakecharles,1,0.6689079783130315
laura_lakecharles_24_4,laura_lakecharles,1,0.68956783863567
laura_lakecharles_24_5,laura_lakecharles,1,0.7077944606763056
laura_lakecharles_24_6,laura_lakecharles,1,0.7795494846276727
laura_lakecharles_24_7,laura_lakecharles,0,0.707021464869245
laura_lakecharles_24_8,laura_lakecharles,1,0.7151242799956303
laura_lakecharles_24_9,laura_lakecharles,1,0.6464473086948523
laura_lakecharles_24_10,laura_lakecharles,1,0.6486047195241833
laura_lakecharles_24_11,laura_lakecharles,1,0.6524178634513177
laura_lakecharles_24_12,laura_lakecharles,1,0.6476965202364283
laura_lakecharles_24_13,laura_lakecharles,1,0.7119731895835981
laura_lakecharles_24_14,laura_lakecharles,1,0.711958250399267
laura_lakecharles_24_15,laura_lakecharles,0,0.7119581244070915
laura_lakecharles_24_16,laura_lakecharles,1,0.7119791192011292
laura_lakecharles_24_17,laura_lakecharles,1,0.7120048476617286
laura_lakecharles_24_18,laura_lakecharles,1,0.7120707483261718
laura_lakecharles_24_19,laura_lakecharles,1,0.7120726943594943
laura_lakecharles_24_20,laura_lakecharles,1,0.712023524430271
laura_lakecharles_24_21,laura_lakecharles,1,0.6438596336685151
laura_lakecharles_24_22,laura_lakecharles,1,0.6544728074272466
laura_lakecharles_24_23,laura_lakecharles,1,0.6500582157413922
laura_lakecharles_24_24,laura_lakecharles,0,0.6409535038675755
laura_lakecharles_24_25,laura_lakecharles,1,0.6393845322752016
laura_lakecharles_24_26,laura_lakecharles,1,0.641490404373999
laura_lakecharles_24_27,laura_lakecharles,0,0.6421303457163902
laura_lakecharles_24_28,laura_lakecharles,1,0.6484917999263359
laura_lakecharles_24_29,laura_lakecharles,1,0.659158468573366
laura_lakecharles_24_30,laura_lakecharles,1,0.6524103784590979
laura_lakecharles_24_31,laura_lakecharles,1,0.6476034602578467
laura_lakecharles_24_32,laura_lakecharles,0,0.6483482651103487
laura_lakecharles_24_33,laura_lakecharles,0,0.6506274006160103
laura_lakecharles_24_34,laura_lakecharles,1,0.7122838151137415
laura_lakecharles_24_35,laura_lakecharles,1,0.7120822140333549
laura_lakecharles_24_36,laura_lakecharles,1,0.712130721936124
laura_lakecharles_24_37,laura_lakecharles,0,0.7122454266225631
laura_lakecharles_24_38,laura_lakecharles,1,0.6743872884273477
laura_lakecharles_24_39,laura_lakecharles,1,0.6734596240268611
laura_lakecharles_24_40,laura_lakecharles,0,0.7121793451620599
laura_lakecharles_24_41,laura_lakecharles,1,0.7119718700212647
laura_lakecharles_24_42,laura_lakecharles,1,0.7119502867485127
laura_lakecharles_24_43,laura_lakecharles,1,0.7119440401115533
laura_lakecharles_24_49,laura_lakecharles,1,0.7119658174305329
laura_lakecharles_24_50,laura_lakecharles,1,0.7119683429367873
laura_lakecharles_24_51,laura_lakecharles,1,0.7119426380589164
laura_lakecharles_25_0,laura_lakecharles,0,0.6398929216864694
laura_lakecharles_25_1,laura_lakecharles,0,0.632909291629776
laura_lakecharles_25_2,laura_lakecharles,0,0.6394002991087614
laura_lakecharles_25_3,laura_lakecharles,1,0.6661353483020346
laura_lakecharles_25_4,laura_lakecharles,1,0.6750108344826276
laura_lakecharles_25_5,laura_lakecharles,1,0.7197748970438731
laura_lakecharles_25_6,laura_lakecharles,1,0.7332116643606587
laura_lakecharles_25_7,laura_lakecharles,0,0.6923405378147433
laura_lakecharles_25_8,laura_lakecharles,1,0.6634056845528381
laura_lakecharles_25_9,laura_lakecharles,1,0.6463841002206223
laura_lakecharles_25_10,laura_lakecharles,1,0.6422437333253306
laura_lakecharles_25_11,laura_lakecharles,1,0.638716797251761
laura_lakecharles_25_12,laura_lakecharles,1,0.6338482080513751
laura_lakecharles_25_13,laura_lakecharles,1,0.7119500994173746
laura_lakecharles_25_14,laura_lakecharles,1,0.71195239391444
laura_lakecharles_25_15,laura_lakecharles,0,0.7119577214621489
laura_lakecharles_25_16,laura_lakecharles,1,0.7119871009201807
laura_lakecharles_25_17,laura_lakecharles,1,0.7120039166476024
laura_lakecharles_25_18,laura_lakecharles,1,0.712056470120432
laura_lakecharles_25_19,laura_lakecharles,1,0.7120474302820687
laura_lakecharles_25_20,laura_lakecharles,1,0.6380335403855749
laura_lakecharles_25_21,laura_lakecharles,0,0.6419078034169304
laura_lakecharles_25_22,laura_lakecharles,1,0.654429880678416
laura_lakecharles_25_23,laura_lakecharles,0,0.6493136591826263
laura_lakecharles_25_24,laura_lakecharles,0,0.6410587744607568
laura_lakecharles_25_25,laura_lakecharles,1,0.6406117439236579
laura_lakecharles_25_26,laura_lakecharles,1,0.645948340409961
laura_lakecharles_25_27,laura_lakecharles,1,0.6484906422887655
laura_lakecharles_25_28,laura_lakecharles,1,0.6547890611014681
laura_lakecharles_25_29,laura_lakecharles,1,0.6636160365466678
laura_lakecharles_25_30,laura_lakecharles,1,0.657616794653747
laura_lakecharles_25_31,laura_lakecharles,1,0.6537163864512369
laura_lakecharles_25_32,laura_lakecharles,1,0.6532049504617442
laura_lakecharles_25_33,laura_lakecharles,1,0.6465799500207886
laura_lakecharles_25_34,laura_lakecharles,1,0.7120802414707967
laura_lakecharles_25_35,laura_lakecharles,1,0.7120677839645625
laura_lakecharles_25_36,laura_lakecharles,1,0.7121213793027147
laura_lakecharles_25_37,laura_lakecharles,1,0.7122257074537721
laura_lakecharles_25_38,laura_lakecharles,1,0.7124379832724579
laura_lakecharles_25_39,laura_lakecharles,1,0.7123226933024541
laura_lakecharles_25_40,laura_lakecharles,1,0.7120945698887421
laura_lakecharles_25_41,laura_lakecharles,1,0.7119627828600436
laura_lakecharles_25_42,laura_lakecharles,1,0.711947501048443
laura_lakecharles_25_49,laura_lakecharles,1,0.711944952810016
laura_lakecharles_26_0,laura_lakecharles,0,0.6473678127793391
laura_lakecharles_26_1,laura_lakecharles,0,0.6362423467934477
laura_lakecharles_26_2,laura_lakecharles,1,0.6445269766316479
laura_lakecharles_26_3,laura_lakecharles,1,0.6611979090861853
laura_lakecharles_26_4,laura_lakecharles,1,0.6750027833921626
laura_lakecharles_26_5,laura_lakecharles,1,0.7243640005121973
laura_lakecharles_26_6,laura_lakecharles,1,0.7333184923805282
laura_lakecharles_26_7,laura_lakecharles,1,0.6902064036158869
laura_lakecharles_26_8,laura_lakecharles,1,0.6572165555415794
laura_lakecharles_26_9,laura_lakecharles,1,0.7121016708384328
laura_lakecharles_26_10,laura_lakecharles,1,0.7120219082931486
laura_lakecharles_26_11,laura_lakecharles,1,0.7119668122828456
laura_lakecharles_26_12,laura_lakecharles,1,0.7119529044555011
laura_lakecharles_26_13,laura_lakecharles,1,0.7119478276546863
laura_lakecharles_26_14,laura_lakecharles,1,0.7119499194537329
laura_lakecharles_26_15,laura_lakecharles,1,0.7119657758711971
laura_lakecharles_26_16,laura_lakecharles,1,0.711973729008739
laura_lakecharles_26_17,laura_lakecharles,1,0.7119826973794158
laura_lakecharles_26_18,laura_lakecharles,1,0.712005312378633
laura_lakecharles_26_19,laura_lakecharles,0,0.7120311547958256
laura_lakecharles_26_20,laura_lakecharles,1,0.6399968928767152
laura_lakecharles_26_21,laura_lakecharles,1,0.6505976074764246
laura_lakecharles_26_22,laura_lakecharles,1,0.6657424931362678
laura_lakecharles_26_23,laura_lakecharles,1,0.6640875543924905
laura_lakecharles_26_24,laura_lakecharles,1,0.6485090072070935
laura_lakecharles_26_25,laura_lakecharles,1,0.645658712290613
laura_lakecharles_26_26,laura_lakecharles,1,0.651569380683382
laura_lakecharles_26_27,laura_lakecharles,1,0.649598395961941
laura_lakecharles_26_28,laura_lakecharles,1,0.6620229067415672
laura_lakecharles_26_29,laura_lakecharles,1,0.6699373270411703
laura_lakecharles_26_30,laura_lakecharles,1,0.6676230082617622
laura_lakecharles_26_31,laura_lakecharles,1,0.6597845713905947
laura_lakecharles_26_32,laura_lakecharles,1,0.6498661013416993
laura_lakecharles_26_33,laura_lakecharles,1,0.6486859690993935
laura_lakecharles_26_34,laura_lakecharles,1,0.644652726402802
laura_lakecharles_26_35,laura_lakecharles,1,0.7120930670172914
laura_lakecharles_26_36,laura_lakecharles,1,0.7121673780187594
laura_lakecharles_26_37,laura_lakecharles,1,0.7121279392227023
laura_lakecharles_26_38,laura_lakecharles,1,0.7120959305747784
laura_lakecharles_26_39,laura_lakecharles,1,0.7121315446610853
laura_lakecharles_26_40,laura_lakecharles,1,0.7119773080710858
laura_lakecharles_26_41,laura_lakecharles,0,0.7119656497542329
laura_lakecharles_26_42,laura_lakecharles,1,0.7119831132116701
laura_lakecharles_26_43,laura_lakecharles,1,0.7119633266348168
laura_lakecharles_26_44,laura_lakecharles,1,0.7119484340901522
laura_lakecharles_27_0,laura_lakecharles,0,0.6774633763937292
laura_lakecharles_27_1,laura_lakecharles,0,0.6583291884460993
laura_lakecharles_27_2,laura_lakecharles,0,0.6466885268360115
laura_lakecharles_27_3,laura_lakecharles,0,0.660129271369305
laura_lakecharles_27_4,laura_lakecharles,1,0.6903065416660673
laura_lakecharles_27_5,laura_lakecharles,1,0.7000755766501782
laura_lakecharles_27_6,laura_lakecharles,0,0.6952673819140281
laura_lakecharles_27_7,laura_lakecharles,1,0.6946933565749234
laura_lakecharles_27_8,laura_lakecharles,0,0.7122097210318987
laura_lakecharles_27_9,laura_lakecharles,1,0.7119943374240173
laura_lakecharles_27_10,laura_lakecharles,0,0.7119671925090341
laura_lakecharles_27_11,laura_lakecharles,0,0.7119540493013773
laura_lakecharles_27_12,laura_lakecharles,1,0.7119510151510191
laura_lakecharles_27_13,laura_lakecharles,1,0.711952653515884
laura_lakecharles_27_14,laura_lakecharles,1,0.7119703967866531
laura_lakecharles_27_15,laura_lakecharles,1,0.7120110228233523
laura_lakecharles_27_16,laura_lakecharles,1,0.7119753948519275
laura_lakecharles_27_17,laura_lakecharles,1,0.7119791266619825
laura_lakecharles_27_18,laura_lakecharles,1,0.7119949961601008
laura_lakecharles_27_19,laura_lakecharles,0,0.7120284031129847
laura_lakecharles_27_20,laura_lakecharles,1,0.6411869405047854
laura_lakecharles_27_21,laura_lakecharles,1,0.650878944542857
laura_lakecharles_27_22,laura_lakecharles,1,0.6623129885532841
laura_lakecharles_27_23,laura_lakecharles,1,0.6681701434394646
laura_lakecharles_27_24,laura_lakecharles,0,0.6530858870751255
laura_lakecharles_27_25,laura_lakecharles,0,0.6470438821959084
laura_lakecharles_27_26,laura_lakecharles,1,0.6541040776234178
laura_lakecharles_27_27,laura_lakecharles,0,0.6517840583327315
laura_lakecharles_27_28,laura_lakecharles,0,0.6489574365578606
laura_lakecharles_27_29,laura_lakecharles,0,0.6625548029504795
laura_lakecharles_27_30,laura_lakecharles,0,0.6712623070646291
laura_lakecharles_27_31,laura_lakecharles,0,0.6601032289225119
laura_lakecharles_27_32,laura_lakecharles,1,0.6522067399404093
laura_lakecharles_27_33,laura_lakecharles,1,0.6516149123819499
laura_lakecharles_27_34,laura_lakecharles,1,0.6481142680590872
laura_lakecharles_27_35,laura_lakecharles,1,0.7121397100374834
laura_lakecharles_27_36,laura_lakecharles,1,0.7122006198832289
laura_lakecharles_27_37,laura_lakecharles,1,0.6488774632874829
laura_lakecharles_27_38,laura_lakecharles,1,0.6382719626339356
laura_lakecharles_27_39,laura_lakecharles,1,0.6346865154617206
laura_lakecharles_27_40,laura_lakecharles,1,0.7119696130631954
laura_lakecharles_27_41,laura_lakecharles,1,0.7120149334946726
laura_lakecharles_27_42,laura_lakecharles,1,0.7120117693547494
laura_lakecharles_27_43,laura_lakecharles,1,0.7120014605415534
laura_lakecharles_27_44,laura_lakecharles,1,0.7119773872583248
laura_lakecharles_27_45,laura_lakecharles,1,0.7119472286907494
laura_lakecharles_27_48,laura_lakecharles,1,0.7119420435105898
laura_lakecharles_27_49,laura_lakecharles,1,0.7119474443340573
laura_lakecharles_27_50,laura_lakecharles,1,0.71194583706468
laura_lakecharles_28_0,laura_lakecharles,1,0.7125060931544859
laura_lakecharles_28_1,laura_lakecharles,0,0.6431290866632549
laura_lakecharles_28_2,laura_lakecharles,1,0.6479284691523677
laura_lakecharles_28_3,laura_lakecharles,0,0.6486067417538987
laura_lakecharles_28_4,laura_lakecharles,0,0.6717217069264364
laura_lakecharles_28_5,laura_lakecharles,1,0.6808016278494355
laura_lakecharles_28_6,laura_lakecharles,0,0.7123326979856136
laura_lakecharles_28_7,laura_lakecharles,1,0.7124947786513143
laura_lakecharles_28_8,laura_lakecharles,0,0.7120029909978771
laura_lakecharles_28_9,laura_lakecharles,1,0.711972806293686
laura_lakecharles_28_10,laura_lakecharles,1,0.7119583570612725
laura_lakecharles_28_11,laura_lakecharles,0,0.7119561559010648
laura_lakecharles_28_12,laura_lakecharles,1,0.7119649270066559
laura_lakecharles_28_13,laura_lakecharles,0,0.7119713079958317
laura_lakecharles_28_14,laura_lakecharles,0,0.7119986198355099
laura_lakecharles_28_15,laura_lakecharles,1,0.7120425557943214
laura_lakecharles_28_16,laura_lakecharles,0,0.7119997219884877
laura_lakecharles_28_17,laura_lakecharles,0,0.712015684448166
laura_lakecharles_28_18,laura_lakecharles,0,0.7120453222836034
laura_lakecharles_28_19,laura_lakecharles,1,0.7121213675206644
laura_lakecharles_28_20,laura_lakecharles,1,0.7121084938221129
laura_lakecharles_28_21,laura_lakecharles,0,0.6509210260009458
laura_lakecharles_28_22,laura_lakecharles,1,0.6657112937604014
laura_lakecharles_28_23,laura_lakecharles,1,0.6748004515017673
laura_lakecharles_28_24,laura_lakecharles,1,0.7122981282338856
laura_lakecharles_28_25,laura_lakecharles,0,0.7120889637508334
laura_lakecharles_28_26,laura_lakecharles,0,0.7121100762142034
laura_lakecharles_28_27,laura_lakecharles,1,0.646801898004079
laura_lakecharles_28_28,laura_lakecharles,1,0.6459522757102865
laura_lakecharles_28_29,laura_lakecharles,1,0.6645544184341502
laura_lakecharles_28_30,laura_lakecharles,0,0.6698642042154247
laura_lakecharles_28_31,laura_lakecharles,0,0.6589518145747684
laura_lakecharles_28_32,laura_lakecharles,0,0.6440146295457816
laura_lakecharles_28_33,laura_lakecharles,0,0.6396084600890155
laura_lakecharles_28_34,laura_lakecharles,0,0.640000268755096
laura_lakecharles_28_35,laura_lakecharles,1,0.712124034966908
laura_lakecharles_28_36,laura_lakecharles,1,0.6447928474908776
laura_lakecharles_28_37,laura_lakecharles,1,0.6420440746087264
laura_lakecharles_28_38,laura_lakecharles,1,0.6395960073407084
laura_lakecharles_28_39,laura_lakecharles,1,0.6374420422914463
laura_lakecharles_28_40,laura_lakecharles,1,0.6332693524701909
laura_lakecharles_28_41,laura_lakecharles,1,0.7119892166928898
laura_lakecharles_28_42,laura_lakecharles,1,0.7119903967283571
laura_lakecharles_28_43,laura_lakecharles,1,0.7119804393482728
laura_lakecharles_28_44,laura_lakecharles,1,0.7119604248523412
laura_lakecharles_28_45,laura_lakecharles,1,0.7119430484790207
laura_lakecharles_28_48,laura_lakecharles,1,0.7119419350545741
laura_lakecharles_28_49,laura_lakecharles,1,0.711944496909939
laura_lakecharles_29_0,laura_lakecharles,1,0.6473983804756943
laura_lakecharles_29_1,laura_lakecharles,0,0.6328865185724258
laura_lakecharles_29_2,laura_lakecharles,0,0.6346518406777764
laura_lakecharles_29_3,laura_lakecharles,0,0.6470957760258472
laura_lakecharles_29_4,laura_lakecharles,1,0.6676524853077763
laura_lakecharles_29_5,laura_lakecharles,1,0.668107163224063
laura_lakecharles_29_6,laura_lakecharles,0,0.712096958447279
laura_lakecharles_29_7,laura_lakecharles,1,0.7120345328866348
laura_lakecharles_29_8,laura_lakecharles,0,0.7119670700412829
laura_lakecharles_29_9,laura_lakecharles,1,0.7119564080711189
laura_lakecharles_29_10,laura_lakecharles,0,0.7119480616402667
laura_lakecharles_29_11,laura_lakecharles,1,0.7119631743541367
laura_lakecharles_29_12,laura_lakecharles,1,0.7119832180725966
laura_lakecharles_29_13,laura_lakecharles,1,0.7120010333054517
laura_lakecharles_29_14,laura_lakecharles,0,0.7120251919662143
laura_lakecharles_29_15,laura_lakecharles,1,0.712053399305268
laura_lakecharles_29_16,laura_lakecharles,1,0.7120413866663393
laura_lakecharles_29_17,laura_lakecharles,0,0.7120525036559335
laura_lakecharles_29_18,laura_lakecharles,1,0.7121686533195887
laura_lakecharles_29_19,laura_lakecharles,1,0.7121759042967857
laura_lakecharles_29_20,laura_lakecharles,0,0.7121175187163261
laura_lakecharles_29_21,laura_lakecharles,0,0.7121931191395899
laura_lakecharles_29_22,laura_lakecharles,1,0.7124138033495169
laura_lakecharles_29_23,laura_lakecharles,1,0.7124501724223427
laura_lakecharles_29_24,laura_lakecharles,0,0.7121590084091645
laura_lakecharles_29_25,laura_lakecharles,0,0.7121042292750138
laura_lakecharles_29_26,laura_lakecharles,1,0.7121001956705765
laura_lakecharles_29_27,laura_lakecharles,1,0.7120940346773921
laura_lakecharles_29_28,laura_lakecharles,0,0.6392707075714467
laura_lakecharles_29_29,laura_lakecharles,1,0.6441794695079991
laura_lakecharles_29_30,laura_lakecharles,1,0.6466470419530735
laura_lakecharles_29_31,laura_lakecharles,0,0.6410801422401962
laura_lakecharles_29_32,laura_lakecharles,0,0.6364278144084962
laura_lakecharles_29_33,laura_lakecharles,1,0.6343957839229609
laura_lakecharles_29_34,laura_lakecharles,0,0.7120011312848522
laura_lakecharles_29_35,laura_lakecharles,0,0.7120081463660787
laura_lakecharles_29_36,laura_lakecharles,1,0.6344577294057743
laura_lakecharles_29_37,laura_lakecharles,1,0.6355658553864905
laura_lakecharles_29_38,laura_lakecharles,1,0.6373767613257285
laura_lakecharles_29_39,laura_lakecharles,1,0.634747133920091
laura_lakecharles_29_40,laura_lakecharles,1,0.6321767053524597
laura_lakecharles_29_42,laura_lakecharles,1,0.7119474925311131
laura_lakecharles_29_43,laura_lakecharles,1,0.7119565676847217
laura_lakecharles_29_52,laura_lakecharles,1,0.6302300838277285
laura_lakecharles_30_0,laura_lakecharles,1,0.6384562813172419
laura_lakecharles_30_1,laura_lakecharles,0,0.6371990206272043
laura_lakecharles_30_2,laura_lakecharles,0,0.636063402463239
laura_lakecharles_30_3,laura_lakecharles,0,0.6354249911665809
laura_lakecharles_30_4,laura_lakecharles,1,0.6371892421229067
laura_lakecharles_30_5,laura_lakecharles,1,0.6360998995826861
laura_lakecharles_30_6,laura_lakecharles,0,0.6335515333539703
laura_lakecharles_30_7,laura_lakecharles,0,0.7119533193516039
laura_lakecharles_30_8,laura_lakecharles,0,0.7119458237533939
laura_lakecharles_30_9,laura_lakecharles,0,0.7119463191686716
laura_lakecharles_30_10,laura_lakecharles,0,0.7119459547771184
laura_lakecharles_30_11,laura_lakecharles,1,0.7119494761871848
laura_lakecharles_30_12,laura_lakecharles,0,0.7119531421262841
laura_lakecharles_30_13,laura_lakecharles,1,0.7119780869041379
laura_lakecharles_30_14,laura_lakecharles,1,0.7119929493596266
laura_lakecharles_30_15,laura_lakecharles,1,0.7120199339978018
laura_lakecharles_30_16,laura_lakecharles,0,0.7119990645691558
laura_lakecharles_30_17,laura_lakecharles,0,0.71201377468365
laura_lakecharles_30_18,laura_lakecharles,1,0.7120910582514898
laura_lakecharles_30_19,laura_lakecharles,1,0.7121019061386272
laura_lakecharles_30_20,laura_lakecharles,1,0.7120601582700944
laura_lakecharles_30_21,laura_lakecharles,1,0.7120772992029654
laura_lakecharles_30_22,laura_lakecharles,1,0.712278047174936
laura_lakecharles_30_23,laura_lakecharles,1,0.7122783563391546
laura_lakecharles_30_24,laura_lakecharles,0,0.7121441651157427
laura_lakecharles_30_25,laura_lakecharles,1,0.7121156830000971
laura_lakecharles_30_26,laura_lakecharles,1,0.7120741491705571
laura_lakecharles_30_27,laura_lakecharles,1,0.6415534948505195
laura_lakecharles_30_28,laura_lakecharles,1,0.6383473205448471
laura_lakecharles_30_29,laura_lakecharles,1,0.7120716199995218
laura_lakecharles_30_30,laura_lakecharles,0,0.7120944014521444
laura_lakecharles_30_31,laura_lakecharles,1,0.7120392255976867
laura_lakecharles_30_32,laura_lakecharles,1,0.7119839070300398
laura_lakecharles_30_33,laura_lakecharles,1,0.7119555802263322
laura_lakecharles_30_34,laura_lakecharles,1,0.7119507154908041
laura_lakecharles_30_35,laura_lakecharles,1,0.7119573728580283
laura_lakecharles_30_36,laura_lakecharles,1,0.7119667593865515
laura_lakecharles_30_37,laura_lakecharles,1,0.633858990035314
laura_lakecharles_30_38,laura_lakecharles,1,0.6340507746459051
laura_lakecharles_30_39,laura_lakecharles,1,0.6329520009231745
laura_lakecharles_30_40,laura_lakecharles,1,0.6310699744830666
laura_lakecharles_30_43,laura_lakecharles,1,0.7119439401260236
laura_lakecharles_30_44,laura_lakecharles,1,0.7119478803119632
laura_lakecharles_30_51,laura_lakecharles,1,0.711943335199388
laura_lakecharles_30_52,laura_lakecharles,1,0.7119534045929187
laura_lakecharles_30_53,laura_lakecharles,1,0.7119458174564651
laura_lakecharles_31_0,laura_lakecharles,1,0.6461826499003198
laura_lakecharles_31_1,laura_lakecharles,1,0.6540765396643259
laura_lakecharles_31_2,laura_lakecharles,1,0.660949327436762
laura_lakecharles_31_3,laura_lakecharles,1,0.6455296738110381
laura_lakecharles_31_4,laura_lakecharles,1,0.6386269247350501
laura_lakecharles_31_5,laura_lakecharles,1,0.6367856843474647
laura_lakecharles_31_6,laura_lakecharles,1,0.6321823178668363
laura_lakecharles_31_7,laura_lakecharles,0,0.7119470821851648
laura_lakecharles_31_8,laura_lakecharles,0,0.7119418997778711
laura_lakecharles_31_12,laura_lakecharles,1,0.7119472024066552
laura_lakecharles_31_13,laura_lakecharles,0,0.7119427984182456
laura_lakecharles_31_14,laura_lakecharles,0,0.6315429658255235
laura_lakecharles_31_15,laura_lakecharles,1,0.6342630797419867
laura_lakecharles_31_16,laura_lakecharles,1,0.6328628354405701
laura_lakecharles_31_17,laura_lakecharles,1,0.6324020388390539
laura_lakecharles_31_18,laura_lakecharles,1,0.7120133547111802
laura_lakecharles_31_19,laura_lakecharles,1,0.712025101046382
laura_lakecharles_31_20,laura_lakecharles,1,0.7119888945645743
laura_lakecharles_31_21,laura_lakecharles,0,0.7119879273120587
laura_lakecharles_31_22,laura_lakecharles,1,0.7120469389551237
laura_lakecharles_31_23,laura_lakecharles,0,0.7120711385253974
laura_lakecharles_31_24,laura_lakecharles,0,0.7120392459416058
laura_lakecharles_31_25,laura_lakecharles,1,0.7120216304334914
laura_lakecharles_31_26,laura_lakecharles,1,0.6365359040407725
laura_lakecharles_31_27,laura_lakecharles,1,0.6379988212794335
laura_lakecharles_31_28,laura_lakecharles,1,0.6373931784990521
laura_lakecharles_31_29,laura_lakecharles,1,0.6397454793384441
laura_lakecharles_31_30,laura_lakecharles,0,0.7120740454346285
laura_lakecharles_31_31,laura_lakecharles,0,0.7120293375213963
laura_lakecharles_31_32,laura_lakecharles,0,0.7119621091858657
laura_lakecharles_31_33,laura_lakecharles,1,0.7119466554773114
laura_lakecharles_31_34,laura_lakecharles,1,0.7119413379012527
laura_lakecharles_31_36,laura_lakecharles,1,0.7119525846238933
laura_lakecharles_31_37,laura_lakecharles,1,0.7119670326747893
laura_lakecharles_31_38,laura_lakecharles,1,0.7119906950787742
laura_lakecharles_31_39,laura_lakecharles,1,0.7119847284444216
laura_lakecharles_31_40,laura_lakecharles,1,0.7119575623565596
laura_lakecharles_31_41,laura_lakecharles,1,0.7119429345800025
laura_lakecharles_31_42,laura_lakecharles,1,0.7119443786675614
laura_lakecharles_31_43,laura_lakecharles,1,0.711950643303713
laura_lakecharles_31_44,laura_lakecharles,1,0.7119493917158379
laura_lakecharles_31_51,laura_lakecharles,1,0.7119475088020951
laura_lakecharles_31_52,laura_lakecharles,1,0.7119544754131434
laura_lakecharles_31_53,laura_lakecharles,1,0.711945449340615
laura_lakecharles_32_0,laura_lakecharles,0,0.6315794174824163
laura_lakecharles_32_1,laura_lakecharles,0,0.6424540957481698
laura_lakecharles_32_2,laura_lakecharles,0,0.6659865066964584
laura_lakecharles_32_3,laura_lakecharles,1,0.6490424048982419
laura_lakecharles_32_4,laura_lakecharles,1,0.638217682921747
laura_lakecharles_32_5,laura_lakecharles,1,0.635417484126229
laura_lakecharles_32_6,laura_lakecharles,1,0.6328594765875136
laura_lakecharles_32_7,laura_lakecharles,1,0.7119422951935079
laura_lakecharles_32_9,laura_lakecharles,1,0.7119503330901608
laura_lakecharles_32_10,laura_lakecharles,0,0.7119456867483809
laura_lakecharles_32_11,laura_lakecharles,0,0.7119636538907307
laura_lakecharles_32_12,laura_lakecharles,1,0.7119940217206268
laura_lakecharles_32_13,laura_lakecharles,1,0.712015434974412
laura_lakecharles_32_14,laura_lakecharles,1,0.6367997450943359
laura_lakecharles_32_15,laura_lakecharles,0,0.6386331193506768
laura_lakecharles_32_16,laura_lakecharles,0,0.6319334480737706
laura_lakecharles_32_17,laura_lakecharles,1,0.6309644321416935
laura_lakecharles_32_18,laura_lakecharles,1,0.7119581226198068
laura_lakecharles_32_19,laura_lakecharles,1,0.7119865577794895
laura_lakecharles_32_20,laura_lakecharles,1,0.7119874401838234
laura_lakecharles_32_21,laura_lakecharles,1,0.7120276050319158
laura_lakecharles_32_22,laura_lakecharles,0,0.7120529171574433
laura_lakecharles_32_23,laura_lakecharles,0,0.7120470990316907
laura_lakecharles_32_24,laura_lakecharles,0,0.7120234296545801
laura_lakecharles_32_25,laura_lakecharles,1,0.7119890441122453
laura_lakecharles_32_26,laura_lakecharles,0,0.6339653539848826
laura_lakecharles_32_27,laura_lakecharles,1,0.6355640436330099
laura_lakecharles_32_28,laura_lakecharles,1,0.6346897148846053
laura_lakecharles_32_29,laura_lakecharles,1,0.6378280473970802
laura_lakecharles_32_30,laura_lakecharles,0,0.7120105749080716
laura_lakecharles_32_31,laura_lakecharles,0,0.7119847529992744
laura_lakecharles_32_32,laura_lakecharles,1,0.7119451516067482
laura_lakecharles_32_37,laura_lakecharles,1,0.7119825751585014
laura_lakecharles_32_38,laura_lakecharles,1,0.7119740119823812
laura_lakecharles_32_39,laura_lakecharles,1,0.7119759338246785
laura_lakecharles_32_40,laura_lakecharles,1,0.7119611038955382
laura_lakecharles_32_41,laura_lakecharles,1,0.7119478562836385
laura_lakecharles_32_42,laura_lakecharles,1,0.7119444489786096
laura_lakecharles_32_43,laura_lakecharles,1,0.7119495551401301
laura_lakecharles_32_44,laura_lakecharles,1,0.7119460128181602
laura_lakecharles_32_50,laura_lakecharles,1,0.7119501516323741
laura_lakecharles_32_51,laura_lakecharles,1,0.7119523019210033
laura_lakecharles_32_52,laura_lakecharles,1,0.7119440007242958
laura_lakecharles_33_0,laura_lakecharles,1,0.6315596769990227
laura_lakecharles_33_1,laura_lakecharles,0,0.6323092470237615
laura_lakecharles_33_2,laura_lakecharles,0,0.6337413802348851
laura_lakecharles_33_3,laura_lakecharles,1,0.6392567303532529
laura_lakecharles_33_4,laura_lakecharles,0,0.6314053528824097
laura_lakecharles_33_5,laura_lakecharles,1,0.6303879033488979
laura_lakecharles_33_9,laura_lakecharles,1,0.7119570414709044
laura_lakecharles_33_10,laura_lakecharles,1,0.7120221393781405
laura_lakecharles_33_11,laura_lakecharles,1,0.7120446825999612
laura_lakecharles_33_12,laura_lakecharles,1,0.712077242947792
laura_lakecharles_33_13,laura_lakecharles,1,0.7120984302846969
laura_lakecharles_33_14,laura_lakecharles,1,0.6395725609820532
laura_lakecharles_33_15,laura_lakecharles,0,0.6320981907716586
laura_lakecharles_33_16,laura_lakecharles,1,0.6313741194643174
laura_lakecharles_33_18,laura_lakecharles,1,0.7119475400629396
laura_lakecharles_33_19,laura_lakecharles,1,0.7119594855170132
laura_lakecharles_33_20,laura_lakecharles,1,0.7119630295152809
laura_lakecharles_33_21,laura_lakecharles,1,0.7119765932624751
laura_lakecharles_33_22,laura_lakecharles,1,0.712008767577556
laura_lakecharles_33_23,laura_lakecharles,1,0.7120143844915781
laura_lakecharles_33_24,laura_lakecharles,1,0.7120058655408826
laura_lakecharles_33_25,laura_lakecharles,1,0.711991427762813
laura_lakecharles_33_26,laura_lakecharles,1,0.635268372085284
laura_lakecharles_33_27,laura_lakecharles,1,0.6350361739645395
laura_lakecharles_33_28,laura_lakecharles,1,0.6329690119437645
laura_lakecharles_33_29,laura_lakecharles,1,0.6339745214819782
laura_lakecharles_33_30,laura_lakecharles,1,0.7119887757144198
laura_lakecharles_33_31,laura_lakecharles,1,0.7119658195520218
laura_lakecharles_33_32,laura_lakecharles,1,0.7119440415509881
laura_lakecharles_33_37,laura_lakecharles,1,0.7119451435973014
laura_lakecharles_33_38,laura_lakecharles,1,0.7119492433663336
laura_lakecharles_33_39,laura_lakecharles,1,0.7119532380356612
laura_lakecharles_33_40,laura_lakecharles,1,0.7119551072105031
laura_lakecharles_33_41,laura_lakecharles,1,0.7119628361912257
laura_lakecharles_33_42,laura_lakecharles,1,0.7119694242528299
laura_lakecharles_33_43,laura_lakecharles,1,0.7119631725828647
laura_lakecharles_33_44,laura_lakecharles,1,0.7119437706483273
laura_lakecharles_34_1,laura_lakecharles,0,0.6309473476589201
laura_lakecharles_34_2,laura_lakecharles,1,0.6316640392237121
laura_lakecharles_34_3,laura_lakecharles,1,0.6366855123767351
laura_lakecharles_34_4,laura_lakecharles,1,0.6315591821860566
laura_lakecharles_34_5,laura_lakecharles,1,0.630393533193383
laura_lakecharles_34_9,laura_lakecharles,1,0.7119534371927922
laura_lakecharles_34_10,laura_lakecharles,1,0.7120313607918969
laura_lakecharles_34_11,laura_lakecharles,1,0.7120309415859213
laura_lakecharles_34_12,laura_lakecharles,1,0.7120305597133219
laura_lakecharles_34_13,laura_lakecharles,1,0.7120443236517561
laura_lakecharles_34_14,laura_lakecharles,1,0.7120292302660874
laura_lakecharles_34_15,laura_lakecharles,1,0.6333154149064125
laura_lakecharles_34_16,laura_lakecharles,1,0.6318478787013714
laura_lakecharles_34_19,laura_lakecharles,1,0.7119483133369692
laura_lakecharles_34_20,laura_lakecharles,1,0.7119550805010059
laura_lakecharles_34_21,laura_lakecharles,1,0.6334373819113069
laura_lakecharles_34_22,laura_lakecharles,1,0.6360452078227318
laura_lakecharles_34_23,laura_lakecharles,1,0.6377374422416358
laura_lakecharles_34_24,laura_lakecharles,1,0.6334380164127096
laura_lakecharles_34_25,laura_lakecharles,1,0.6315905684181554
laura_lakecharles_34_26,laura_lakecharles,1,0.7119787330026495
laura_lakecharles_34_27,laura_lakecharles,1,0.7120139083990747
laura_lakecharles_34_28,laura_lakecharles,1,0.7119563457187081
laura_lakecharles_34_29,laura_lakecharles,1,0.7119493959931696
laura_lakecharles_34_30,laura_lakecharles,1,0.7119614841848064
laura_lakecharles_34_31,laura_lakecharles,1,0.7119481644047803
laura_lakecharles_34_37,laura_lakecharles,1,0.7119493841596103
laura_lakecharles_34_38,laura_lakecharles,1,0.7119667928863032
laura_lakecharles_34_39,laura_lakecharles,1,0.7119635492256822
laura_lakecharles_34_40,laura_lakecharles,1,0.6318981313942083
laura_lakecharles_34_41,laura_lakecharles,1,0.632252418346035
laura_lakecharles_34_42,laura_lakecharles,1,0.6321399087442184
laura_lakecharles_34_43,laura_lakecharles,1,0.6323202090644988
laura_lakecharles_34_44,laura_lakecharles,1,0.631021220424989
laura_lakecharles_34_45,laura_lakecharles,1,0.6303780260726077
laura_lakecharles_35_4,laura_lakecharles,1,0.6302765071217344
laura_lakecharles_35_5,laura_lakecharles,0,0.7119454951645035
laura_lakecharles_35_6,laura_lakecharles,1,0.7120979466118521
laura_lakecharles_35_7,laura_lakecharles,1,0.7120096328369491
laura_lakecharles_35_8,laura_lakecharles,1,0.7119550453904657
laura_lakecharles_35_10,laura_lakecharles,1,0.7119787731303452
laura_lakecharles_35_11,laura_lakecharles,1,0.7119801210455047
laura_lakecharles_35_12,laura_lakecharles,1,0.7119816158625899
laura_lakecharles_35_13,laura_lakecharles,1,0.7119927894035306
laura_lakecharles_35_14,laura_lakecharles,1,0.7120109509271744
laura_lakecharles_35_15,laura_lakecharles,0,0.7120003246776357
laura_lakecharles_35_16,laura_lakecharles,1,0.7119577867306535
laura_lakecharles_35_17,laura_lakecharles,0,0.7119430297160412
laura_lakecharles_35_18,laura_lakecharles,1,0.7119434339296611
laura_lakecharles_35_19,laura_lakecharles,1,0.7119507731426118
laura_lakecharles_35_20,laura_lakecharles,1,0.7119632162596221
laura_lakecharles_35_21,laura_lakecharles,1,0.6327432392394544
laura_lakecharles_35_22,laura_lakecharles,1,0.6375109217735244
laura_lakecharles_35_23,laura_lakecharles,1,0.6389344677347194
laura_lakecharles_35_24,laura_lakecharles,1,0.6331723429935145
laura_lakecharles_35_25,laura_lakecharles,0,0.6311560197224229
laura_lakecharles_35_26,laura_lakecharles,1,0.7119956202398059
laura_lakecharles_35_27,laura_lakecharles,1,0.7120032855960657
laura_lakecharles_35_28,laura_lakecharles,1,0.7119442178618648
laura_lakecharles_35_29,laura_lakecharles,0,0.71194912524167
laura_lakecharles_35_30,laura_lakecharles,0,0.7119557103911394
laura_lakecharles_35_31,laura_lakecharles,0,0.7119647952726353
laura_lakecharles_35_32,laura_lakecharles,0,0.7119538885878647
laura_lakecharles_35_35,laura_lakecharles,1,0.7119495104725614
laura_lakecharles_35_36,laura_lakecharles,1,0.7119550115362763
laura_lakecharles_35_37,laura_lakecharles,1,0.7119860686983928
laura_lakecharles_35_38,laura_lakecharles,1,0.7119988021129418
laura_lakecharles_35_39,laura_lakecharles,1,0.7119776243060713
laura_lakecharles_35_40,laura_lakecharles,1,0.6313471244108504
laura_lakecharles_35_41,laura_lakecharles,1,0.6304454931535983
laura_lakecharles_35_42,laura_lakecharles,1,0.6304403688533619
laura_lakecharles_35_43,laura_lakecharles,1,0.6311326032172294
laura_lakecharles_36_5,laura_lakecharles,0,0.7120276391491839
laura_lakecharles_36_6,laura_lakecharles,0,0.7121948768747931
laura_lakecharles_36_7,laura_lakecharles,0,0.7121701063840711
laura_lakecharles_36_8,laura_lakecharles,0,0.712034665104811
laura_lakecharles_36_9,laura_lakecharles,1,0.7119477725843827
laura_lakecharles_36_11,laura_lakecharles,1,0.7119431945536859
laura_lakecharles_36_12,laura_lakecharles,1,0.7119427132275712
laura_lakecharles_36_13,laura_lakecharles,1,0.7119417259965054
laura_lakecharles_36_14,laura_lakecharles,1,0.7119597505316111
laura_lakecharles_36_15,laura_lakecharles,1,0.7120020644729464
laura_lakecharles_36_16,laura_lakecharles,1,0.7119630382348754
laura_lakecharles_36_17,laura_lakecharles,1,0.7119504071634019
laura_lakecharles_36_18,laura_lakecharles,1,0.7119530972896944
laura_lakecharles_36_19,laura_lakecharles,1,0.7119526739864062
laura_lakecharles_36_20,laura_lakecharles,1,0.7119645865219111
laura_lakecharles_36_21,laura_lakecharles,1,0.6317436515079429
laura_lakecharles_36_22,laura_lakecharles,1,0.6320350665369949
laura_lakecharles_36_23,laura_lakecharles,1,0.6324418013759836
laura_lakecharles_36_24,laura_lakecharles,1,0.6309423752261576
laura_lakecharles_36_25,laura_lakecharles,0,0.6308539245893353
laura_lakecharles_36_26,laura_lakecharles,1,0.711976301943473
laura_lakecharles_36_27,laura_lakecharles,1,0.7119768379264618
laura_lakecharles_36_29,laura_lakecharles,0,0.6318459950005829
laura_lakecharles_36_30,laura_lakecharles,0,0.6342762571873993
laura_lakecharles_36_31,laura_lakecharles,0,0.6364386142095552
laura_lakecharles_36_32,laura_lakecharles,1,0.6320306524774258
laura_lakecharles_36_33,laura_lakecharles,1,0.711943992638602
laura_lakecharles_36_34,laura_lakecharles,1,0.7119459407604537
laura_lakecharles_36_35,laura_lakecharles,1,0.7119471267936299
laura_lakecharles_36_36,laura_lakecharles,1,0.711965440466171
laura_lakecharles_36_37,laura_lakecharles,1,0.7119741026906856
laura_lakecharles_36_38,laura_lakecharles,1,0.7119779482986952
laura_lakecharles_36_39,laura_lakecharles,1,0.7119612696594372
laura_lakecharles_36_40,laura_lakecharles,1,0.6310636636031112
laura_lakecharles_36_41,laura_lakecharles,1,0.6306085350763312
laura_lakecharles_37_5,laura_lakecharles,1,0.7120152757932631
laura_lakecharles_37_6,laura_lakecharles,1,0.712194495574341
laura_lakecharles_37_7,laura_lakecharles,0,0.7121569564344701
laura_lakecharles_37_8,laura_lakecharles,0,0.7120022336478126
laura_lakecharles_37_9,laura_lakecharles,1,0.7119465211205634
laura_lakecharles_37_15,laura_lakecharles,1,0.711962222837032
laura_lakecharles_37_16,laura_lakecharles,1,0.7119480287006623
laura_lakecharles_37_17,laura_lakecharles,1,0.7119494229855695
laura_lakecharles_37_18,laura_lakecharles,1,0.71196293848733
laura_lakecharles_37_19,laura_lakecharles,1,0.71196671220091
laura_lakecharles_37_20,laura_lakecharles,1,0.7119737059150643
laura_lakecharles_37_21,laura_lakecharles,1,0.7119609477239427
laura_lakecharles_37_22,laura_lakecharles,1,0.7119448012851664
laura_lakecharles_37_28,laura_lakecharles,1,0.630908175242734
laura_lakecharles_37_29,laura_lakecharles,1,0.6317269630635606
laura_lakecharles_37_30,laura_lakecharles,0,0.63312791413566
laura_lakecharles_37_31,laura_lakecharles,1,0.6356597475830906
laura_lakecharles_37_32,laura_lakecharles,1,0.6305254502557789
laura_lakecharles_37_33,laura_lakecharles,1,0.7119448650218534
laura_lakecharles_37_34,laura_lakecharles,1,0.7119485514441203
laura_lakecharles_37_35,laura_lakecharles,1,0.7119485217830973
laura_lakecharles_37_36,laura_lakecharles,1,0.7119574519160732
laura_lakecharles_37_37,laura_lakecharles,1,0.7119608475140898
laura_lakecharles_37_38,laura_lakecharles,1,0.7119491809759755
laura_lakecharles_37_39,laura_lakecharles,1,0.7119484624963894
laura_lakecharles_37_40,laura_lakecharles,1,0.711951154281772
laura_lakecharles_37_41,laura_lakecharles,1,0.6310682216179392
laura_lakecharles_38_6,laura_lakecharles,1,0.7119527067655171
laura_lakecharles_38_7,laura_lakecharles,1,0.7119473857207125
laura_lakecharles_38_12,laura_lakecharles,1,0.6315705012701043
laura_lakecharles_38_13,laura_lakecharles,1,0.6312539506212611
laura_lakecharles_38_17,laura_lakecharles,1,0.7119420681965964
laura_lakecharles_38_18,laura_lakecharles,1,0.7119989653924533
laura_lakecharles_38_19,laura_lakecharles,1,0.7120051002740055
laura_lakecharles_38_20,laura_lakecharles,1,0.7119754918391487
laura_lakecharles_38_21,laura_lakecharles,1,0.7119523246488061
laura_lakecharles_38_22,laura_lakecharles,1,0.7119442213070977
laura_lakecharles_38_28,laura_lakecharles,1,0.6346033079767278
laura_lakecharles_38_29,laura_lakecharles,1,0.6360113871657862
laura_lakecharles_38_30,laura_lakecharles,1,0.6341717093233363
laura_lakecharles_38_31,laura_lakecharles,1,0.6317815246723987
laura_lakecharles_38_32,laura_lakecharles,1,0.6304126051203397
laura_lakecharles_38_33,laura_lakecharles,1,0.7119459455235451
laura_lakecharles_38_34,laura_lakecharles,1,0.7119461487380674
laura_lakecharles_38_35,laura_lakecharles,1,0.7119505732545984
laura_lakecharles_38_36,laura_lakecharles,1,0.7119480056769945
laura_lakecharles_38_37,laura_lakecharles,1,0.7119444092052372
laura_lakecharles_38_38,laura_lakecharles,1,0.7119483225844896
laura_lakecharles_38_39,laura_lakecharles,1,0.7119429845341226
laura_lakecharles_38_41,laura_lakecharles,1,0.711947616415352
laura_lakecharles_39_11,laura_lakecharles,1,0.630561738980973
laura_lakecharles_39_12,laura_lakecharles,1,0.6339120948829388
laura_lakecharles_39_13,laura_lakecharles,0,0.6320438157440275
laura_lakecharles_39_14,laura_lakecharles,0,0.6301847332546967
laura_lakecharles_39_17,laura_lakecharles,1,0.7119550652366662
laura_lakecharles_39_18,laura_lakecharles,1,0.7119866208401316
laura_lakecharles_39_19,laura_lakecharles,1,0.711981804028234
laura_lakecharles_39_20,laura_lakecharles,1,0.7119578797478392
laura_lakecharles_39_21,laura_lakecharles,1,0.7119412814871983
laura_lakecharles_39_26,laura_lakecharles,1,0.6305812864629987
laura_lakecharles_39_27,laura_lakecharles,1,0.6307610167576414
laura_lakecharles_39_28,laura_lakecharles,1,0.643719334351943
laura_lakecharles_39_29,laura_lakecharles,1,0.6444921421816134
laura_lakecharles_39_30,laura_lakecharles,1,0.6386065932352846
laura_lakecharles_39_31,laura_lakecharles,1,0.6317863128578691
laura_lakecharles_39_32,laura_lakecharles,1,0.6305049355219495
laura_lakecharles_40_11,laura_lakecharles,1,0.6307177167770834
laura_lakecharles_40_12,laura_lakecharles,1,0.6401624500129418
laura_lakecharles_40_13,laura_lakecharles,1,0.6435607315813746
laura_lakecharles_40_14,laura_lakecharles,1,0.6360341192088558
laura_lakecharles_40_18,laura_lakecharles,1,0.711945131054848
laura_lakecharles_40_25,laura_lakecharles,1,0.7119431020419156
laura_lakecharles_40_26,laura_lakecharles,1,0.6309675574929159
laura_lakecharles_40_27,laura_lakecharles,1,0.6326933939291702
laura_lakecharles_40_28,laura_lakecharles,1,0.6407263344374108
laura_lakecharles_40_29,laura_lakecharles,1,0.6411990693702554
laura_lakecharles_40_30,laura_lakecharles,1,0.6343060606254811
laura_lakecharles_40_31,laura_lakecharles,1,0.6307575155488091
laura_lakecharles_41_11,laura_lakecharles,1,0.7120704249368993
laura_lakecharles_41_12,laura_lakecharles,1,0.7120998336445338
laura_lakecharles_41_13,laura_lakecharles,0,0.646734018672885
laura_lakecharles_41_14,laura_lakecharles,1,0.6554527099691494
laura_lakecharles_41_15,laura_lakecharles,1,0.6336562940648954
laura_lakecharles_41_16,laura_lakecharles,1,0.6311499578216615
laura_lakecharles_41_23,laura_lakecharles,1,0.7119417944170686
laura_lakecharles_41_25,laura_lakecharles,1,0.7119431422118122
laura_lakecharles_41_26,laura_lakecharles,1,0.6314259081675146
laura_lakecharles_41_27,laura_lakecharles,1,0.6320971898950007
laura_lakecharles_42_11,laura_lakecharles,1,0.7120310324047008
laura_lakecharles_42_12,laura_lakecharles,1,0.7121005312270348
laura_lakecharles_42_13,laura_lakecharles,1,0.712280935639233
laura_lakecharles_42_14,laura_lakecharles,1,0.6600663962235465
laura_lakecharles_42_15,laura_lakecharles,1,0.646790996801798
laura_lakecharles_42_16,laura_lakecharles,1,0.6463059871643817
laura_lakecharles_42_17,laura_lakecharles,1,0.642409251072291
laura_lakecharles_42_18,laura_lakecharles,0,0.711941987409161
laura_lakecharles_42_23,laura_lakecharles,1,0.7119412264285967
laura_lakecharles_42_24,laura_lakecharles,1,0.711950944893423
laura_lakecharles_42_25,laura_lakecharles,1,0.7119558970691019
laura_lakecharles_42_26,laura_lakecharles,1,0.7119527274289048
laura_lakecharles_42_27,laura_lakecharles,1,0.7119542109842442
laura_lakecharles_42_30,laura_lakecharles,1,0.7119424144770294
laura_lakecharles_43_9,laura_lakecharles,1,0.7119549229981503
laura_lakecharles_43_10,laura_lakecharles,1,0.7119707938202536
laura_lakecharles_43_11,laura_lakecharles,1,0.7119522029828972
laura_lakecharles_43_12,laura_lakecharles,1,0.7119574904162383
laura_lakecharles_43_13,laura_lakecharles,0,0.7120012710840395
laura_lakecharles_43_14,laura_lakecharles,1,0.6402195091019028
laura_lakecharles_43_15,laura_lakecharles,1,0.6489531823967787
laura_lakecharles_43_16,laura_lakecharles,1,0.6592590917338162
laura_lakecharles_43_17,laura_lakecharles,1,0.6509250123398191
laura_lakecharles_43_18,laura_lakecharles,1,0.7119985890753812
laura_lakecharles_43_24,laura_lakecharles,0,0.711944266529121
laura_lakecharles_43_28,laura_lakecharles,1,0.7119428703598935
laura_lakecharles_44_9,laura_lakecharles,1,0.7119540474995268
laura_lakecharles_44_10,laura_lakecharles,1,0.7119632385489899
laura_lakecharles_44_14,laura_lakecharles,0,0.7119550736977269
laura_lakecharles_44_15,laura_lakecharles,1,0.7120000043108488
laura_lakecharles_44_16,laura_lakecharles,1,0.7121181027084729
laura_lakecharles_44_17,laura_lakecharles,1,0.7121031363977397
irma_miami_0_0,irma_miami,0,0.4600343707542625
irma_miami_0_1,irma_miami,1,0.46000228548768685
irma_miami_0_2,irma_miami,0,0.4600167944448737
irma_miami_0_3,irma_miami,0,0.4600109889731628
irma_miami_0_4,irma_miami,0,0.3938940570378117
irma_miami_0_5,irma_miami,0,0.3954150611483985
irma_miami_0_6,irma_miami,0,0.3935604563061517
irma_miami_0_7,irma_miami,1,0.38853990342751415
irma_miami_0_8,irma_miami,1,0.45993807575237744
irma_miami_0_9,irma_miami,0,0.4599316094013586
irma_miami_0_10,irma_miami,0,0.4599089567912748
irma_miami_0_11,irma_miami,1,0.4600901537446469
irma_miami_0_12,irma_miami,0,0.4600807343746001
irma_miami_0_13,irma_miami,0,0.46019479901749494
irma_miami_0_14,irma_miami,0,0.3943164897860532
irma_miami_0_15,irma_miami,0,0.37855526234716097
irma_miami_0_16,irma_miami,0,0.3746110155598203
irma_miami_0_17,irma_miami,0,0.37487469684720093
irma_miami_0_18,irma_miami,0,0.3831259078493803
irma_miami_0_19,irma_miami,0,0.3893186398606781
irma_miami_0_20,irma_miami,1,0.39252569089767825
irma_miami_0_21,irma_miami,1,0.46016161261760424
irma_miami_0_22,irma_miami,1,0.46014639509001276
irma_miami_0_23,irma_miami,1,0.46026843385008515
irma_miami_0_24,irma_miami,1,0.4120228675657459
irma_miami_0_25,irma_miami,1,0.41282925437050805
irma_miami_0_26,irma_miami,1,0.40772566087402295
irma_miami_0_27,irma_miami,0,0.3949247323026889
irma_miami_0_28,irma_miami,1,0.3864223403568434
irma_miami_0_29,irma_miami,1,0.4598658976296289
irma_miami_0_30,irma_miami,0,0.3824219210403043
irma_miami_0_31,irma_miami,1,0.3960301715961721
irma_miami_0_32,irma_miami,1,0.3898442234339127
irma_miami_0_33,irma_miami,1,0.3831790999486212
irma_miami_0_34,irma_miami,1,0.4599580259893204
irma_miami_0_35,irma_miami,1,0.4600361451671101
irma_miami_0_36,irma_miami,1,0.46002012356144056
irma_miami_0_37,irma_miami,1,0.45998874126575034
irma_miami_0_38,irma_miami,1,0.45998924532830837
irma_miami_0_39,irma_miami,1,0.4600071089384276
irma_miami_0_40,irma_miami,1,0.3899755045751557
irma_miami_0_41,irma_miami,1,0.3913554740279963
irma_miami_0_42,irma_miami,0,0.3981308380206516
irma_miami_0_43,irma_miami,0,0.40256291491835366
irma_miami_0_44,irma_miami,1,0.3980026522355776
irma_miami_0_45,irma_miami,0,0.45982864416896546
irma_miami_0_46,irma_miami,1,0.4598551505958285
irma_miami_0_47,irma_miami,1,0.4598576475542624
irma_miami_0_48,irma_miami,0,0.45974283765626245
irma_miami_0_49,irma_miami,0,0.45981379206542883
irma_miami_0_50,irma_miami,1,0.4598835734185729
irma_miami_0_51,irma_miami,1,0.45987080818556986
irma_miami_0_52,irma_miami,0,0.45972215681809203
irma_miami_0_53,irma_miami,1,0.45970843539721296
irma_miami_1_0,irma_miami,0,0.46017818285839585
irma_miami_1_1,irma_miami,0,0.4600918758732121
irma_miami_1_2,irma_miami,0,0.46010433011105845
irma_miami_1_3,irma_miami,0,0.4014725528386163
irma_miami_1_4,irma_miami,0,0.40153708612127614
irma_miami_1_5,irma_miami,0,0.4016983813496913
irma_miami_1_6,irma_miami,1,0.40583687394318724
irma_miami_1_7,irma_miami,0,0.3925137232646427
irma_miami_1_8,irma_miami,0,0.46005011611872815
irma_miami_1_9,irma_miami,0,0.39779345264554655
irma_miami_1_10,irma_miami,0,0.40105049958277794
irma_miami_1_11,irma_miami,1,0.40645835724673895
irma_miami_1_12,irma_miami,1,0.46019390500966906
irma_miami_1_13,irma_miami,1,0.46017212760217097
irma_miami_1_14,irma_miami,0,0.45996764239938587
irma_miami_1_15,irma_miami,0,0.3795301446683299
irma_miami_1_16,irma_miami,0,0.3774242747352394
irma_miami_1_17,irma_miami,0,0.376617014240339
irma_miami_1_18,irma_miami,0,0.38383498431988594
irma_miami_1_19,irma_miami,0,0.38659245250299024
irma_miami_1_20,irma_miami,0,0.46003045035301304
irma_miami_1_21,irma_miami,1,0.4602050070464202
irma_miami_1_22,irma_miami,1,0.46017265353666
irma_miami_1_23,irma_miami,1,0.46022165443541196
irma_miami_1_24,irma_miami,1,0.40679438245201865
irma_miami_1_25,irma_miami,0,0.40323027205408246
irma_miami_1_26,irma_miami,0,0.3981129273720278
irma_miami_1_27,irma_miami,1,0.39791332539122887
irma_miami_1_28,irma_miami,1,0.386284499692832
irma_miami_1_29,irma_miami,1,0.4599137304621993
irma_miami_1_30,irma_miami,1,0.38947687399276276
irma_miami_1_31,irma_miami,1,0.4023693259637449
irma_miami_1_32,irma_miami,1,0.39323673011461024
irma_miami_1_33,irma_miami,1,0.3827793418978143
irma_miami_1_34,irma_miami,0,0.3838709439335707
irma_miami_1_35,irma_miami,1,0.38874553249469246
irma_miami_1_36,irma_miami,1,0.39212826514695553
irma_miami_1_37,irma_miami,1,0.3954791493001577
irma_miami_1_38,irma_miami,1,0.39840865987001667
irma_miami_1_39,irma_miami,1,0.39150275645726
irma_miami_1_40,irma_miami,1,0.38812085190057394
irma_miami_1_41,irma_miami,1,0.39752681369774884
irma_miami_1_42,irma_miami,1,0.41051141450615525
irma_miami_1_43,irma_miami,0,0.4005267791470273
irma_miami_1_44,irma_miami,0,0.39386732564399185
irma_miami_1_45,irma_miami,0,0.4598807630326698
irma_miami_1_46,irma_miami,0,0.4597969642433794
irma_miami_1_47,irma_miami,0,0.4597547005298305
irma_miami_1_48,irma_miami,1,0.4597523333627286
irma_miami_1_49,irma_miami,0,0.4598106384431491
irma_miami_1_50,irma_miami,0,0.38151878711602555
irma_miami_1_51,irma_miami,0,0.3764966575629312
irma_miami_1_52,irma_miami,1,0.4597556784553931
irma_miami_2_0,irma_miami,0,0.4604334583543402
irma_miami_2_1,irma_miami,0,0.4188770764309815
irma_miami_2_2,irma_miami,0,0.41207237318822837
irma_miami_2_3,irma_miami,0,0.41301634681339483
irma_miami_2_4,irma_miami,0,0.41025509484168876
irma_miami_2_5,irma_miami,1,0.41261392112305073
irma_miami_2_6,irma_miami,1,0.4151294338651802
irma_miami_2_7,irma_miami,0,0.3921052373232414
irma_miami_2_8,irma_miami,0,0.3921229844975353
irma_miami_2_9,irma_miami,1,0.39630985464428303
irma_miami_2_10,irma_miami,0,0.40356180834958066
irma_miami_2_11,irma_miami,1,0.4052279655041918
irma_miami_2_12,irma_miami,1,0.4034847112092778
irma_miami_2_13,irma_miami,0,0.4601605478871988
irma_miami_2_14,irma_miami,0,0.3933296345593652
irma_miami_2_15,irma_miami,1,0.3875903175669407
irma_miami_2_16,irma_miami,0,0.4598706886568697
irma_miami_2_17,irma_miami,0,0.45989428900648116
irma_miami_2_18,irma_miami,0,0.4600441762623335
irma_miami_2_19,irma_miami,0,0.46004640819311216
irma_miami_2_20,irma_miami,1,0.46007397261314525
irma_miami_2_21,irma_miami,1,0.4601434126796801
irma_miami_2_22,irma_miami,1,0.46017357069532056
irma_miami_2_23,irma_miami,1,0.4601883913682592
irma_miami_2_24,irma_miami,1,0.3987371246747271
irma_miami_2_25,irma_miami,1,0.3955544708650592
irma_miami_2_26,irma_miami,1,0.3904077099594489
irma_miami_2_27,irma_miami,1,0.38960613738878047
irma_miami_2_28,irma_miami,1,0.3842984805964905
irma_miami_2_29,irma_miami,1,0.45990368136578225
irma_miami_2_30,irma_miami,1,0.38599373983241286
irma_miami_2_31,irma_miami,1,0.39682429348858334
irma_miami_2_32,irma_miami,1,0.399357064202107
irma_miami_2_33,irma_miami,0,0.3835911887793034
irma_miami_2_34,irma_miami,0,0.38372159226062763
irma_miami_2_35,irma_miami,1,0.3891015509056584
irma_miami_2_36,irma_miami,0,0.3987375473072496
irma_miami_2_37,irma_miami,1,0.40677204986073734
irma_miami_2_38,irma_miami,1,0.39986937589392446
irma_miami_2_39,irma_miami,1,0.39267727936362284
irma_miami_2_40,irma_miami,1,0.3936378591832075
irma_miami_2_41,irma_miami,0,0.4051660513902341
irma_miami_2_42,irma_miami,0,0.41640984017417887
irma_miami_2_43,irma_miami,0,0.40239209360807776
irma_miami_2_44,irma_miami,0,0.38797530923925194
irma_miami_2_45,irma_miami,0,0.4598154830866977
irma_miami_2_46,irma_miami,0,0.45975984132234654
irma_miami_2_47,irma_miami,0,0.4597550263172154
irma_miami_2_48,irma_miami,0,0.37622823182368065
irma_miami_2_49,irma_miami,0,0.38178440802889557
irma_miami_2_50,irma_miami,0,0.38510534059350904
irma_miami_2_51,irma_miami,0,0.3797191745510026
irma_miami_2_52,irma_miami,0,0.37389969035425796
irma_miami_2_53,irma_miami,1,0.4597102096707771
irma_miami_3_0,irma_miami,0,0.4011855709344744
irma_miami_3_1,irma_miami,0,0.40122454676410646
irma_miami_3_2,irma_miami,0,0.40440005475149066
irma_miami_3_3,irma_miami,0,0.4081808847902142
irma_miami_3_4,irma_miami,0,0.40912110895141507
irma_miami_3_5,irma_miami,1,0.4125828115869216
irma_miami_3_6,irma_miami,1,0.41863367504099946
irma_miami_3_7,irma_miami,1,0.4064409635520167
irma_miami_3_8,irma_miami,1,0.40221217146210975
irma_miami_3_9,irma_miami,0,0.4022090231914151
irma_miami_3_10,irma_miami,0,0.399281642157312
irma_miami_3_11,irma_miami,0,0.39602153353092934
irma_miami_3_12,irma_miami,0,0.4020502235264869
irma_miami_3_13,irma_miami,0,0.4099586031767831
irma_miami_3_14,irma_miami,0,0.4019866650512624
irma_miami_3_15,irma_miami,0,0.3849918940889339
irma_miami_3_16,irma_miami,0,0.3771959050267462
irma_miami_3_17,irma_miami,0,0.4598161454332658
irma_miami_3_18,irma_miami,1,0.4599154311319283
irma_miami_3_19,irma_miami,1,0.4600240735313311
irma_miami_3_20,irma_miami,0,0.46016676202542156
irma_miami_3_21,irma_miami,0,0.40447869179059676
irma_miami_3_22,irma_miami,0,0.39992293376492183
irma_miami_3_23,irma_miami,1,0.4007181110327885
irma_miami_3_24,irma_miami,1,0.40142280719547546
irma_miami_3_25,irma_miami,1,0.46003486223859014
irma_miami_3_26,irma_miami,1,0.4599747134811522
irma_miami_3_27,irma_miami,1,0.46004227306777257
irma_miami_3_28,irma_miami,0,0.4600592987940005
irma_miami_3_29,irma_miami,0,0.4600639897158002
irma_miami_3_30,irma_miami,0,0.3943638855892962
irma_miami_3_31,irma_miami,1,0.40999510243088155
irma_miami_3_32,irma_miami,1,0.4002299117597897
irma_miami_3_33,irma_miami,1,0.38788392359492546
irma_miami_3_34,irma_miami,1,0.3913761024612329
irma_miami_3_35,irma_miami,1,0.3952956160029443
irma_miami_3_36,irma_miami,0,0.3926846503615138
irma_miami_3_37,irma_miami,0,0.3927083621263116
irma_miami_3_38,irma_miami,0,0.3871436836818836
irma_miami_3_39,irma_miami,0,0.38390410779866413
irma_miami_3_40,irma_miami,1,0.39247803183918667
irma_miami_3_41,irma_miami,1,0.41365769130854635
irma_miami_3_42,irma_miami,1,0.42413257592759707
irma_miami_3_43,irma_miami,1,0.40933219342585925
irma_miami_3_44,irma_miami,1,0.39147674510235037
irma_miami_3_45,irma_miami,0,0.4597768059412476
irma_miami_3_46,irma_miami,0,0.4597735201708588
irma_miami_3_47,irma_miami,0,0.4598322234788319
irma_miami_3_48,irma_miami,0,0.38949253752800617
irma_miami_3_49,irma_miami,0,0.3968681066445718
irma_miami_3_50,irma_miami,0,0.4000618207862368
irma_miami_3_51,irma_miami,1,0.3964953617264948
irma_miami_3_52,irma_miami,0,0.37426307882647925
irma_miami_3_53,irma_miami,0,0.4597167451165772
irma_miami_4_0,irma_miami,0,0.41459918826271747
irma_miami_4_1,irma_miami,0,0.406139090318741
irma_miami_4_2,irma_miami,0,0.40678770186987506
irma_miami_4_3,irma_miami,0,0.4112005429128397
irma_miami_4_4,irma_miami,0,0.4110887159120128
irma_miami_4_5,irma_miami,1,0.41978930882664584
irma_miami_4_6,irma_miami,1,0.4240399989542239
irma_miami_4_7,irma_miami,1,0.40598091159727573
irma_miami_4_8,irma_miami,1,0.40016879553714746
irma_miami_4_9,irma_miami,0,0.3965319090177396
irma_miami_4_10,irma_miami,1,0.3967588199011323
irma_miami_4_11,irma_miami,1,0.3893375025847692
irma_miami_4_12,irma_miami,1,0.46016569961892434
irma_miami_4_13,irma_miami,0,0.40623104375919894
irma_miami_4_14,irma_miami,0,0.39766626508018904
irma_miami_4_15,irma_miami,0,0.3877311086343117
irma_miami_4_16,irma_miami,0,0.3854633956611548
irma_miami_4_17,irma_miami,1,0.4599419696276535
irma_miami_4_18,irma_miami,0,0.45991119763337723
irma_miami_4_19,irma_miami,0,0.3962711468934462
irma_miami_4_20,irma_miami,0,0.4097164047008555
irma_miami_4_21,irma_miami,0,0.4117741473242556
irma_miami_4_22,irma_miami,0,0.40367979693498796
irma_miami_4_23,irma_miami,0,0.40666356854018904
irma_miami_4_24,irma_miami,0,0.4034986573173408
irma_miami_4_25,irma_miami,1,0.3938558947469424
irma_miami_4_26,irma_miami,1,0.46000710921988675
irma_miami_4_27,irma_miami,1,0.4600196003664506
irma_miami_4_28,irma_miami,1,0.4601264821196493
irma_miami_4_29,irma_miami,1,0.4601429335353022
irma_miami_4_30,irma_miami,1,0.4600679982567075
irma_miami_4_31,irma_miami,1,0.46023715840873464
irma_miami_4_32,irma_miami,1,0.3963623710466463
irma_miami_4_33,irma_miami,0,0.3891850723743679
irma_miami_4_34,irma_miami,1,0.4600623480154493
irma_miami_4_35,irma_miami,0,0.3907468003050789
irma_miami_4_36,irma_miami,0,0.38531776964690245
irma_miami_4_37,irma_miami,0,0.3835225425819536
irma_miami_4_38,irma_miami,0,0.38026287271114945
irma_miami_4_39,irma_miami,1,0.3830288807889986
irma_miami_4_40,irma_miami,1,0.391143918725949
irma_miami_4_41,irma_miami,1,0.4007714911150443
irma_miami_4_42,irma_miami,1,0.4007214565722092
irma_miami_4_43,irma_miami,1,0.3865990809337379
irma_miami_4_44,irma_miami,0,0.4597852092562662
irma_miami_4_45,irma_miami,1,0.4597441440905291
irma_miami_4_46,irma_miami,1,0.45974564897033987
irma_miami_4_47,irma_miami,0,0.45978297778503496
irma_miami_4_48,irma_miami,0,0.38212316312509154
irma_miami_4_49,irma_miami,0,0.38692727370104063
irma_miami_4_50,irma_miami,1,0.3926900748227878
irma_miami_4_51,irma_miami,1,0.3938148014061284
irma_miami_4_52,irma_miami,0,0.3761921134155107
irma_miami_4_53,irma_miami,1,0.3734661941978946
irma_miami_5_0,irma_miami,0,0.4602686404994914
irma_miami_5_1,irma_miami,0,0.40369207843934324
irma_miami_5_2,irma_miami,0,0.4005086070295207
irma_miami_5_3,irma_miami,0,0.4013484574200168
irma_miami_5_4,irma_miami,1,0.40642460580181067
irma_miami_5_5,irma_miami,1,0.4099452819486972
irma_miami_5_6,irma_miami,0,0.41527160266901175
irma_miami_5_7,irma_miami,0,0.4052084218120428
irma_miami_5_8,irma_miami,1,0.40035687443149875
irma_miami_5_9,irma_miami,0,0.3909622801441901
irma_miami_5_10,irma_miami,0,0.3869843273061051
irma_miami_5_11,irma_miami,0,0.4599316741688723
irma_miami_5_12,irma_miami,0,0.45997672997570616
irma_miami_5_13,irma_miami,0,0.39342074522296
irma_miami_5_14,irma_miami,1,0.3968722290154562
irma_miami_5_15,irma_miami,0,0.38956260832892853
irma_miami_5_16,irma_miami,0,0.3909787722208681
irma_miami_5_17,irma_miami,0,0.46002585525628115
irma_miami_5_18,irma_miami,0,0.39350939420317055
irma_miami_5_19,irma_miami,0,0.39947881189058804
irma_miami_5_20,irma_miami,0,0.4146226441459944
irma_miami_5_21,irma_miami,0,0.40844960509834044
irma_miami_5_22,irma_miami,0,0.4101151449816891
irma_miami_5_23,irma_miami,0,0.4131580414026897
irma_miami_5_24,irma_miami,0,0.40774050369584025
irma_miami_5_25,irma_miami,0,0.38850025627754076
irma_miami_5_26,irma_miami,1,0.4599580978881483
irma_miami_5_27,irma_miami,1,0.4599397307410329
irma_miami_5_28,irma_miami,0,0.4599578887176171
irma_miami_5_29,irma_miami,1,0.4600159877811447
irma_miami_5_30,irma_miami,1,0.45994359619699365
irma_miami_5_31,irma_miami,1,0.46014892375864586
irma_miami_5_32,irma_miami,1,0.46004863688056913
irma_miami_5_33,irma_miami,1,0.45996270353085433
irma_miami_5_34,irma_miami,1,0.4599652304836343
irma_miami_5_35,irma_miami,0,0.3860815517916151
irma_miami_5_36,irma_miami,1,0.3881141919846259
irma_miami_5_37,irma_miami,0,0.3877498632415504
irma_miami_5_38,irma_miami,0,0.3819569286166853
irma_miami_5_39,irma_miami,1,0.38779970163625715
irma_miami_5_40,irma_miami,1,0.39617997114007386
irma_miami_5_41,irma_miami,0,0.39536790710357955
irma_miami_5_42,irma_miami,1,0.393739108712904
irma_miami_5_43,irma_miami,0,0.37363149569861304
irma_miami_5_44,irma_miami,1,0.45975772169920115
irma_miami_5_45,irma_miami,0,0.45973447741336965
irma_miami_5_46,irma_miami,0,0.45973867979114
irma_miami_5_47,irma_miami,0,0.4597503403822166
irma_miami_5_48,irma_miami,0,0.3750612903294132
irma_miami_5_49,irma_miami,0,0.37894661265377483
irma_miami_5_50,irma_miami,1,0.3907227841218985
irma_miami_5_51,irma_miami,0,0.38978723574852103
irma_miami_5_52,irma_miami,0,0.37746810772010025
irma_miami_5_53,irma_miami,1,0.3719971306144263
irma_miami_6_0,irma_miami,0,0.460165702340771
irma_miami_6_1,irma_miami,0,0.4601067431176349
irma_miami_6_2,irma_miami,1,0.3939192613042184
irma_miami_6_3,irma_miami,0,0.3956728978191752
irma_miami_6_4,irma_miami,0,0.403297199222406
irma_miami_6_5,irma_miami,0,0.4079463031086939
irma_miami_6_6,irma_miami,0,0.41300135586805486
irma_miami_6_7,irma_miami,0,0.409956026459491
irma_miami_6_8,irma_miami,0,0.40298231053950245
irma_miami_6_9,irma_miami,0,0.3944301088305038
irma_miami_6_10,irma_miami,0,0.38831566127606415
irma_miami_6_11,irma_miami,0,0.3866858592450841
irma_miami_6_12,irma_miami,0,0.3882506551227616
irma_miami_6_13,irma_miami,0,0.38808195531329714
irma_miami_6_14,irma_miami,0,0.4600324169475733
irma_miami_6_15,irma_miami,0,0.4600626288659384
irma_miami_6_16,irma_miami,0,0.4600430175692601
irma_miami_6_17,irma_miami,0,0.39353477580467305
irma_miami_6_18,irma_miami,0,0.3963785719416833
irma_miami_6_19,irma_miami,0,0.3990109294797691
irma_miami_6_20,irma_miami,0,0.40723803802055614
irma_miami_6_21,irma_miami,0,0.4001768814979463
irma_miami_6_22,irma_miami,0,0.40118904227127183
irma_miami_6_23,irma_miami,0,0.405286531168903
irma_miami_6_24,irma_miami,0,0.39951676108896195
irma_miami_6_25,irma_miami,0,0.38966627276853727
irma_miami_6_26,irma_miami,0,0.45990376880227213
irma_miami_6_27,irma_miami,0,0.4599151686105524
irma_miami_6_28,irma_miami,0,0.45995626782452054
irma_miami_6_29,irma_miami,0,0.4599657303911762
irma_miami_6_30,irma_miami,1,0.46000246471188305
irma_miami_6_31,irma_miami,1,0.46022443208260205
irma_miami_6_32,irma_miami,1,0.46006477043699606
irma_miami_6_33,irma_miami,1,0.4599374239433795
irma_miami_6_34,irma_miami,0,0.3847938334946098
irma_miami_6_35,irma_miami,0,0.38442540714911866
irma_miami_6_36,irma_miami,0,0.3869150745169043
irma_miami_6_37,irma_miami,0,0.38512807890320844
irma_miami_6_38,irma_miami,0,0.37984348530479206
irma_miami_6_39,irma_miami,1,0.3869639216657302
irma_miami_6_40,irma_miami,1,0.3922088653472357
irma_miami_6_41,irma_miami,0,0.3889210578905984
irma_miami_6_42,irma_miami,0,0.38491339695976573
irma_miami_6_43,irma_miami,0,0.4597440570248736
irma_miami_6_44,irma_miami,0,0.4597349722502712
irma_miami_6_45,irma_miami,0,0.4597265810510537
irma_miami_6_46,irma_miami,0,0.45972909784216276
irma_miami_6_47,irma_miami,0,0.45974429519712723
irma_miami_6_48,irma_miami,0,0.37461841487450864
irma_miami_6_49,irma_miami,1,0.38273929572924426
irma_miami_6_50,irma_miami,0,0.38629325380067575
irma_miami_6_51,irma_miami,0,0.3887834326315536
irma_miami_6_52,irma_miami,1,0.3863253403537299
irma_miami_6_53,irma_miami,0,0.3703665560467428
irma_miami_7_0,irma_miami,1,0.46003690297900146
irma_miami_7_1,irma_miami,1,0.39446651008096795
irma_miami_7_2,irma_miami,1,0.39509452735498807
irma_miami_7_3,irma_miami,0,0.3991906556027672
irma_miami_7_4,irma_miami,1,0.40964392846865
irma_miami_7_5,irma_miami,0,0.4095284510722011
irma_miami_7_6,irma_miami,0,0.42033336183655284
irma_miami_7_7,irma_miami,0,0.4198621276569229
irma_miami_7_8,irma_miami,1,0.42626839792698046
irma_miami_7_9,irma_miami,1,0.42700752073691983
irma_miami_7_10,irma_miami,1,0.42351078342381804
irma_miami_7_11,irma_miami,1,0.41190828022809645
irma_miami_7_12,irma_miami,1,0.41940485372889813
irma_miami_7_13,irma_miami,0,0.4128280230734053
irma_miami_7_14,irma_miami,0,0.46015619002131386
irma_miami_7_15,irma_miami,0,0.4601352328163496
irma_miami_7_16,irma_miami,0,0.4601587883800369
irma_miami_7_17,irma_miami,1,0.40180212171331214
irma_miami_7_18,irma_miami,0,0.39768948272791455
irma_miami_7_19,irma_miami,0,0.4020009337723689
irma_miami_7_20,irma_miami,0,0.39991899137060305
irma_miami_7_21,irma_miami,1,0.39703536770440434
irma_miami_7_22,irma_miami,0,0.4600505501086602
irma_miami_7_23,irma_miami,0,0.3965749957268822
irma_miami_7_24,irma_miami,0,0.3994022563547493
irma_miami_7_25,irma_miami,1,0.4601374579428555
irma_miami_7_26,irma_miami,1,0.4600306492070335
irma_miami_7_27,irma_miami,0,0.4600435159893433
irma_miami_7_28,irma_miami,1,0.46006240484269806
irma_miami_7_29,irma_miami,1,0.46004626469378435
irma_miami_7_30,irma_miami,1,0.460071523251061
irma_miami_7_31,irma_miami,1,0.4603176726972471
irma_miami_7_32,irma_miami,1,0.46012482029332213
irma_miami_7_33,irma_miami,1,0.46001417410892964
irma_miami_7_34,irma_miami,1,0.38815950923477155
irma_miami_7_35,irma_miami,0,0.3868934072448029
irma_miami_7_36,irma_miami,0,0.38630946510091063
irma_miami_7_37,irma_miami,0,0.38099152386871415
irma_miami_7_38,irma_miami,0,0.4598180923292429
irma_miami_7_39,irma_miami,0,0.4598935111291611
irma_miami_7_40,irma_miami,0,0.45991014676924347
irma_miami_7_41,irma_miami,0,0.4598550140185275
irma_miami_7_42,irma_miami,0,0.4597884338374944
irma_miami_7_43,irma_miami,0,0.45973616247776017
irma_miami_7_44,irma_miami,0,0.45972355215688865
irma_miami_7_45,irma_miami,0,0.4597216601213528
irma_miami_7_46,irma_miami,0,0.45972815874085915
irma_miami_7_47,irma_miami,1,0.45977867638548897
irma_miami_7_48,irma_miami,0,0.4598070276617273
irma_miami_7_49,irma_miami,1,0.38355091171509326
irma_miami_7_50,irma_miami,0,0.3864193594124009
irma_miami_7_51,irma_miami,0,0.3914583735174991
irma_miami_7_52,irma_miami,1,0.38699210114475713
irma_miami_7_53,irma_miami,0,0.37059827933439876
irma_miami_8_0,irma_miami,1,0.45986028737357854
irma_miami_8_1,irma_miami,0,0.3845511808821466
irma_miami_8_2,irma_miami,1,0.392273458798096
irma_miami_8_3,irma_miami,1,0.3966384757226646
irma_miami_8_4,irma_miami,0,0.40441869420972704
irma_miami_8_5,irma_miami,0,0.41328682973151354
irma_miami_8_6,irma_miami,0,0.4300136216572271
irma_miami_8_7,irma_miami,0,0.43182125819341405
irma_miami_8_8,irma_miami,0,0.4267280557083197
irma_miami_8_9,irma_miami,0,0.42166697710687434
irma_miami_8_10,irma_miami,0,0.41541992787858395
irma_miami_8_11,irma_miami,0,0.41832026318015486
irma_miami_8_12,irma_miami,1,0.42398855077273623
irma_miami_8_13,irma_miami,1,0.4240633924615485
irma_miami_8_14,irma_miami,0,0.4601705152196327
irma_miami_8_15,irma_miami,0,0.4601808858334959
irma_miami_8_16,irma_miami,0,0.46019073795071924
irma_miami_8_17,irma_miami,0,0.4601671245604221
irma_miami_8_18,irma_miami,0,0.40218084239925794
irma_miami_8_19,irma_miami,0,0.4074615109564696
irma_miami_8_20,irma_miami,0,0.3960918000126404
irma_miami_8_21,irma_miami,1,0.4600345723045606
irma_miami_8_22,irma_miami,0,0.45991312850057225
irma_miami_8_23,irma_miami,0,0.45998017947131714
irma_miami_8_24,irma_miami,1,0.4601480129611997
irma_miami_8_25,irma_miami,1,0.3988341446151417
irma_miami_8_26,irma_miami,1,0.3948523201973576
irma_miami_8_27,irma_miami,0,0.3960978390419129
irma_miami_8_28,irma_miami,0,0.3941383170869614
irma_miami_8_29,irma_miami,1,0.392099501654609
irma_miami_8_30,irma_miami,0,0.3952959581890441
irma_miami_8_31,irma_miami,1,0.41259020845016264
irma_miami_8_32,irma_miami,0,0.4029979009021775
irma_miami_8_33,irma_miami,1,0.38825567840643654
irma_miami_8_34,irma_miami,1,0.3891087671325666
irma_miami_8_35,irma_miami,0,0.3892208059414745
irma_miami_8_36,irma_miami,0,0.38651422103754457
irma_miami_8_37,irma_miami,1,0.38727492067398267
irma_miami_8_38,irma_miami,0,0.45992680747346193
irma_miami_8_39,irma_miami,0,0.45986436984917867
irma_miami_8_40,irma_miami,1,0.45986314892930164
irma_miami_8_41,irma_miami,0,0.4597732604627858
irma_miami_8_42,irma_miami,1,0.45977239257908004
irma_miami_8_43,irma_miami,1,0.45973941844849403
irma_miami_8_44,irma_miami,0,0.4597194475003743
irma_miami_8_45,irma_miami,1,0.4597437462282941
irma_miami_8_46,irma_miami,0,0.45975420120730487
irma_miami_8_47,irma_miami,1,0.45984657164929904
irma_miami_8_48,irma_miami,0,0.4598664622079147
irma_miami_8_49,irma_miami,1,0.45994288516844706
irma_miami_8_50,irma_miami,0,0.39313109090736387
irma_miami_8_51,irma_miami,0,0.39652018884370555
irma_miami_8_52,irma_miami,1,0.39317976101610463
irma_miami_8_53,irma_miami,0,0.4597331810530572
irma_miami_9_0,irma_miami,0,0.45978543529617655
irma_miami_9_1,irma_miami,0,0.38178767616929904
irma_miami_9_2,irma_miami,0,0.3906357420902214
irma_miami_9_3,irma_miami,0,0.3925731775288507
irma_miami_9_4,irma_miami,0,0.40053097539650073
irma_miami_9_5,irma_miami,1,0.4151749217655525
irma_miami_9_6,irma_miami,0,0.42457843500512965
irma_miami_9_7,irma_miami,1,0.42718291299560174
irma_miami_9_8,irma_miami,0,0.4158408153681192
irma_miami_9_9,irma_miami,0,0.4117465550132888
irma_miami_9_10,irma_miami,0,0.40060980772123117
irma_miami_9_11,irma_miami,0,0.4001279709717182
irma_miami_9_12,irma_miami,0,0.39157706435945344
irma_miami_9_13,irma_miami,0,0.39464077425479144
irma_miami_9_14,irma_miami,0,0.46009745828672444
irma_miami_9_15,irma_miami,0,0.46017099147401475
irma_miami_9_16,irma_miami,0,0.4601861704560475
irma_miami_9_17,irma_miami,0,0.4601414710406461
irma_miami_9_18,irma_miami,0,0.4601545411774266
irma_miami_9_19,irma_miami,0,0.4601961701668995
irma_miami_9_20,irma_miami,0,0.4601121861593089
irma_miami_9_21,irma_miami,0,0.460023600951072
irma_miami_9_22,irma_miami,0,0.4599122127493267
irma_miami_9_23,irma_miami,0,0.459935976351173
irma_miami_9_24,irma_miami,0,0.46009365784568124
irma_miami_9_25,irma_miami,1,0.3985867993921656
irma_miami_9_26,irma_miami,1,0.3974477139039568
irma_miami_9_27,irma_miami,1,0.3957584307207333
irma_miami_9_28,irma_miami,0,0.3922991036065947
irma_miami_9_29,irma_miami,0,0.38929926392441433
irma_miami_9_30,irma_miami,0,0.3927688025238823
irma_miami_9_31,irma_miami,1,0.41226516523727574
irma_miami_9_32,irma_miami,0,0.4055866801349264
irma_miami_9_33,irma_miami,1,0.3903153172994335
irma_miami_9_34,irma_miami,0,0.3869613868220306
irma_miami_9_35,irma_miami,0,0.38687683009895435
irma_miami_9_36,irma_miami,0,0.3868318475974312
irma_miami_9_37,irma_miami,1,0.39518450664764604
irma_miami_9_38,irma_miami,0,0.39051280848009295
irma_miami_9_39,irma_miami,0,0.45988868407565225
irma_miami_9_40,irma_miami,1,0.45984096189117885
irma_miami_9_41,irma_miami,0,0.45974880082121555
irma_miami_9_42,irma_miami,1,0.45975660989307077
irma_miami_9_43,irma_miami,1,0.4597418591481408
irma_miami_9_44,irma_miami,1,0.4597186444916524
irma_miami_9_45,irma_miami,1,0.4597727392440882
irma_miami_9_46,irma_miami,0,0.459792150051186
irma_miami_9_47,irma_miami,1,0.45985230816314476
irma_miami_9_48,irma_miami,0,0.3830016208316856
irma_miami_9_49,irma_miami,1,0.39445728179483297
irma_miami_9_50,irma_miami,0,0.40546188033234004
irma_miami_9_51,irma_miami,0,0.40777411373433076
irma_miami_9_52,irma_miami,1,0.3846349309362509
irma_miami_9_53,irma_miami,0,0.37179524417667315
irma_miami_10_0,irma_miami,0,0.45976396068729397
irma_miami_10_1,irma_miami,0,0.4597778884764261
irma_miami_10_2,irma_miami,0,0.3838796349304986
irma_miami_10_3,irma_miami,1,0.3898289618347631
irma_miami_10_4,irma_miami,0,0.39334027175677705
irma_miami_10_5,irma_miami,1,0.4127220771402889
irma_miami_10_6,irma_miami,0,0.4149787113550185
irma_miami_10_7,irma_miami,0,0.41629062762415625
irma_miami_10_8,irma_miami,0,0.4135839394718856
irma_miami_10_9,irma_miami,0,0.4085654901488329
irma_miami_10_10,irma_miami,0,0.3994667213344587
irma_miami_10_11,irma_miami,0,0.39815945429177513
irma_miami_10_12,irma_miami,0,0.46002237524025746
irma_miami_10_13,irma_miami,0,0.46005570052583256
irma_miami_10_14,irma_miami,0,0.4601166612824643
irma_miami_10_15,irma_miami,0,0.4601932354052094
irma_miami_10_16,irma_miami,1,0.46021401551160857
irma_miami_10_17,irma_miami,0,0.4601449062494562
irma_miami_10_18,irma_miami,0,0.4601321315398129
irma_miami_10_19,irma_miami,1,0.4601719403417635
irma_miami_10_20,irma_miami,0,0.40520233254183147
irma_miami_10_21,irma_miami,1,0.40301045537569624
irma_miami_10_22,irma_miami,0,0.387643934960212
irma_miami_10_23,irma_miami,0,0.38906837824348994
irma_miami_10_24,irma_miami,0,0.39473716776812534
irma_miami_10_25,irma_miami,1,0.39536179282305484
irma_miami_10_26,irma_miami,1,0.3944629641416164
irma_miami_10_27,irma_miami,1,0.3922794111606529
irma_miami_10_28,irma_miami,0,0.38874237900464886
irma_miami_10_29,irma_miami,0,0.3894571019409255
irma_miami_10_30,irma_miami,0,0.3902299518473073
irma_miami_10_31,irma_miami,1,0.4076123012057109
irma_miami_10_32,irma_miami,0,0.40115526075859215
irma_miami_10_33,irma_miami,1,0.39172639226806705
irma_miami_10_34,irma_miami,0,0.38700156578310285
irma_miami_10_35,irma_miami,0,0.38760992667140715
irma_miami_10_36,irma_miami,0,0.39027451245211336
irma_miami_10_37,irma_miami,1,0.40317558088851463
irma_miami_10_38,irma_miami,1,0.4016293446595847
irma_miami_10_39,irma_miami,0,0.3856139478939218
irma_miami_10_40,irma_miami,1,0.38163330716857574
irma_miami_10_41,irma_miami,0,0.37447715331375625
irma_miami_10_42,irma_miami,1,0.3755290816155948
irma_miami_10_43,irma_miami,1,0.3789266130402088
irma_miami_10_44,irma_miami,0,0.37138845056231595
irma_miami_10_45,irma_miami,1,0.3788118434591267
irma_miami_10_46,irma_miami,0,0.3782328579529275
irma_miami_10_47,irma_miami,1,0.3861881927809154
irma_miami_10_48,irma_miami,0,0.3935179955198194
irma_miami_10_49,irma_miami,1,0.402478777478708
irma_miami_10_50,irma_miami,1,0.413630001076854
irma_miami_10_51,irma_miami,1,0.41454610644755435
irma_miami_10_52,irma_miami,0,0.3831893532629723
irma_miami_10_53,irma_miami,0,0.37168333926266306
irma_miami_10_54,irma_miami,0,0.45970803467242055
irma_miami_11_0,irma_miami,0,0.4597773667563305
irma_miami_11_1,irma_miami,0,0.45975549048618525
irma_miami_11_2,irma_miami,1,0.45987855059429106
irma_miami_11_3,irma_miami,1,0.460026429555301
irma_miami_11_4,irma_miami,0,0.46007145081432727
irma_miami_11_5,irma_miami,1,0.46021523744939874
irma_miami_11_6,irma_miami,1,0.4121911013027374
irma_miami_11_7,irma_miami,0,0.41668223759983075
irma_miami_11_8,irma_miami,0,0.4093680836305576
irma_miami_11_9,irma_miami,0,0.40831168778471444
irma_miami_11_10,irma_miami,0,0.40000680798769295
irma_miami_11_11,irma_miami,0,0.39917972515917455
irma_miami_11_12,irma_miami,0,0.39886838640955985
irma_miami_11_13,irma_miami,1,0.40573991089039885
irma_miami_11_14,irma_miami,0,0.46020128589560244
irma_miami_11_15,irma_miami,0,0.460222431563889
irma_miami_11_16,irma_miami,0,0.46019869683750964
irma_miami_11_17,irma_miami,0,0.40111247246350784
irma_miami_11_18,irma_miami,0,0.4020612157559172
irma_miami_11_19,irma_miami,1,0.40424124579392723
irma_miami_11_20,irma_miami,1,0.41118045615107296
irma_miami_11_21,irma_miami,1,0.40031647076562743
irma_miami_11_22,irma_miami,0,0.3902835440035011
irma_miami_11_23,irma_miami,1,0.3976939778565577
irma_miami_11_24,irma_miami,0,0.3963253770021383
irma_miami_11_25,irma_miami,0,0.3930542905874642
irma_miami_11_26,irma_miami,0,0.3933562709640103
irma_miami_11_27,irma_miami,1,0.3920775558613184
irma_miami_11_28,irma_miami,1,0.4599965749593167
irma_miami_11_29,irma_miami,1,0.460040486364727
irma_miami_11_30,irma_miami,0,0.39381669815016135
irma_miami_11_31,irma_miami,0,0.3997670932916503
irma_miami_11_32,irma_miami,1,0.41148387533773945
irma_miami_11_33,irma_miami,1,0.4062101314795379
irma_miami_11_34,irma_miami,1,0.4041163351841555
irma_miami_11_35,irma_miami,1,0.40888646058928924
irma_miami_11_36,irma_miami,0,0.40785698978818224
irma_miami_11_37,irma_miami,1,0.4202433412632827
irma_miami_11_38,irma_miami,1,0.40380792258126763
irma_miami_11_39,irma_miami,1,0.3925282023979981
irma_miami_11_40,irma_miami,1,0.38655067572977997
irma_miami_11_41,irma_miami,1,0.38022104410626517
irma_miami_11_42,irma_miami,1,0.3821680003071962
irma_miami_11_43,irma_miami,0,0.3816661917993898
irma_miami_11_44,irma_miami,0,0.3837721473743468
irma_miami_11_45,irma_miami,0,0.38958390294654516
irma_miami_11_46,irma_miami,1,0.3934657153869249
irma_miami_11_47,irma_miami,1,0.3949557388841131
irma_miami_11_48,irma_miami,0,0.3929152850614597
irma_miami_11_49,irma_miami,0,0.391819495409542
irma_miami_11_50,irma_miami,0,0.3955290134073965
irma_miami_11_51,irma_miami,1,0.40030850511607824
irma_miami_11_52,irma_miami,0,0.38610422553260104
irma_miami_11_53,irma_miami,0,0.3742506844782134
irma_miami_11_55,irma_miami,1,0.45971193099706525
irma_miami_12_0,irma_miami,0,0.4597556823983812
irma_miami_12_1,irma_miami,1,0.45982302099947137
irma_miami_12_2,irma_miami,1,0.459867334994154
irma_miami_12_3,irma_miami,0,0.46005253966518544
irma_miami_12_4,irma_miami,0,0.4601966508134634
irma_miami_12_5,irma_miami,0,0.46015054853855386
irma_miami_12_6,irma_miami,1,0.40443333319707736
irma_miami_12_7,irma_miami,0,0.4138628379287339
irma_miami_12_8,irma_miami,0,0.4127860207373597
irma_miami_12_9,irma_miami,0,0.41448703366755485
irma_miami_12_10,irma_miami,1,0.41695104518443643
irma_miami_12_11,irma_miami,1,0.4156222125002542
irma_miami_12_12,irma_miami,0,0.4106485035145458
irma_miami_12_13,irma_miami,0,0.41530492352678533
irma_miami_12_14,irma_miami,0,0.4145160389923496
irma_miami_12_15,irma_miami,0,0.4603138201676918
irma_miami_12_16,irma_miami,0,0.4602394962300293
irma_miami_12_17,irma_miami,0,0.4019519244833978
irma_miami_12_18,irma_miami,0,0.4097719282568121
irma_miami_12_19,irma_miami,0,0.41035137211879075
irma_miami_12_20,irma_miami,0,0.4144544084451175
irma_miami_12_21,irma_miami,0,0.4042739710997458
irma_miami_12_22,irma_miami,0,0.3980207027527673
irma_miami_12_23,irma_miami,0,0.40585939183371766
irma_miami_12_24,irma_miami,0,0.407808825330005
irma_miami_12_25,irma_miami,0,0.40487771776273696
irma_miami_12_26,irma_miami,0,0.403595903496216
irma_miami_12_27,irma_miami,0,0.46015465413366147
irma_miami_12_28,irma_miami,1,0.46015917179365484
irma_miami_12_29,irma_miami,1,0.46019431149395384
irma_miami_12_30,irma_miami,1,0.4602040997770892
irma_miami_12_31,irma_miami,0,0.4054504239288077
irma_miami_12_32,irma_miami,1,0.4275169500142742
irma_miami_12_33,irma_miami,1,0.41738831980721036
irma_miami_12_34,irma_miami,0,0.4263770578225491
irma_miami_12_35,irma_miami,0,0.42420208453627944
irma_miami_12_36,irma_miami,0,0.4312092851697888
irma_miami_12_37,irma_miami,0,0.4316625471114518
irma_miami_12_38,irma_miami,1,0.4119130707371617
irma_miami_12_39,irma_miami,1,0.4032347995341361
irma_miami_12_40,irma_miami,1,0.39152872390497534
irma_miami_12_41,irma_miami,0,0.38278462301360533
irma_miami_12_42,irma_miami,1,0.38272694588216816
irma_miami_12_43,irma_miami,0,0.3879223257513326
irma_miami_12_44,irma_miami,0,0.3901485247733899
irma_miami_12_45,irma_miami,0,0.39275454505804874
irma_miami_12_46,irma_miami,1,0.38939838662252546
irma_miami_12_47,irma_miami,1,0.45998873067966506
irma_miami_12_48,irma_miami,1,0.38103789140873057
irma_miami_12_49,irma_miami,0,0.3807591588840186
irma_miami_12_50,irma_miami,0,0.38696620551898975
irma_miami_12_51,irma_miami,0,0.38815133379878836
irma_miami_12_52,irma_miami,0,0.38506935871067993
irma_miami_12_53,irma_miami,1,0.37087971403872994
irma_miami_13_0,irma_miami,1,0.45978999524536923
irma_miami_13_1,irma_miami,0,0.4597758917907806
irma_miami_13_2,irma_miami,0,0.45983870450112985
irma_miami_13_3,irma_miami,0,0.46009487539353344
irma_miami_13_4,irma_miami,0,0.4601986669785359
irma_miami_13_5,irma_miami,1,0.46015251975144567
irma_miami_13_6,irma_miami,1,0.40356635214266307
irma_miami_13_7,irma_miami,0,0.41508761652600035
irma_miami_13_8,irma_miami,0,0.4177123815305988
irma_miami_13_9,irma_miami,0,0.4177963595947855
irma_miami_13_10,irma_miami,1,0.4224094125861365
irma_miami_13_11,irma_miami,1,0.4181088932455863
irma_miami_13_12,irma_miami,1,0.4155106256580123
irma_miami_13_13,irma_miami,1,0.4195250984136672
irma_miami_13_14,irma_miami,1,0.4224227626846387
irma_miami_13_15,irma_miami,0,0.41873805065040776
irma_miami_13_16,irma_miami,0,0.4602388404945105
irma_miami_13_17,irma_miami,0,0.40513043632240286
irma_miami_13_18,irma_miami,0,0.4173494636852376
irma_miami_13_19,irma_miami,0,0.417075268586426
irma_miami_13_20,irma_miami,0,0.4109239030641088
irma_miami_13_21,irma_miami,0,0.4111388870075729
irma_miami_13_22,irma_miami,0,0.4118587016660818
irma_miami_13_23,irma_miami,0,0.40866080558971635
irma_miami_13_24,irma_miami,1,0.4105589435226723
irma_miami_13_25,irma_miami,0,0.4086817467987997
irma_miami_13_26,irma_miami,0,0.4094351799117736
irma_miami_13_27,irma_miami,0,0.40828201451982504
irma_miami_13_28,irma_miami,1,0.4602411977152272
irma_miami_13_29,irma_miami,1,0.4602137818465344
irma_miami_13_30,irma_miami,0,0.46021740100481595
irma_miami_13_31,irma_miami,0,0.4092587931911272
irma_miami_13_32,irma_miami,0,0.4298220038903068
irma_miami_13_33,irma_miami,0,0.4211782440714124
irma_miami_13_34,irma_miami,1,0.4264541913865163
irma_miami_13_35,irma_miami,1,0.4328066631403452
irma_miami_13_36,irma_miami,0,0.4293461887401867
irma_miami_13_37,irma_miami,0,0.4164307975102205
irma_miami_13_38,irma_miami,1,0.4004586072695254
irma_miami_13_39,irma_miami,1,0.3914120772405103
irma_miami_13_40,irma_miami,1,0.3815260101009992
irma_miami_13_41,irma_miami,1,0.37766441610590046
irma_miami_13_42,irma_miami,1,0.3764110511180952
irma_miami_13_43,irma_miami,0,0.37732335457296945
irma_miami_13_44,irma_miami,0,0.37979394679824824
irma_miami_13_45,irma_miami,0,0.3861858734305215
irma_miami_13_46,irma_miami,1,0.37657494980574513
irma_miami_13_47,irma_miami,0,0.4597516089933456
irma_miami_13_48,irma_miami,1,0.45981369707770164
irma_miami_13_49,irma_miami,0,0.45983981871739477
irma_miami_13_50,irma_miami,0,0.459923873658473
irma_miami_13_51,irma_miami,0,0.459967274922527
irma_miami_13_52,irma_miami,1,0.45991752273690373
irma_miami_13_53,irma_miami,0,0.4597208759129827
irma_miami_14_0,irma_miami,0,0.459857040508792
irma_miami_14_1,irma_miami,0,0.45980674997258036
irma_miami_14_2,irma_miami,1,0.45988703839824135
irma_miami_14_3,irma_miami,0,0.460007458410502
irma_miami_14_4,irma_miami,0,0.3986653212562759
irma_miami_14_5,irma_miami,0,0.3976012750405839
irma_miami_14_6,irma_miami,0,0.39781206100727656
irma_miami_14_7,irma_miami,0,0.41823320761570654
irma_miami_14_8,irma_miami,1,0.42343431479741134
irma_miami_14_9,irma_miami,1,0.42168546432164744
irma_miami_14_10,irma_miami,1,0.4179829630912929
irma_miami_14_11,irma_miami,1,0.4123791271353327
irma_miami_14_12,irma_miami,1,0.41183324832986173
irma_miami_14_13,irma_miami,1,0.4140133110115882
irma_miami_14_14,irma_miami,0,0.4137340029869776
irma_miami_14_15,irma_miami,1,0.41899499009816465
irma_miami_14_16,irma_miami,0,0.4151499454552959
irma_miami_14_17,irma_miami,0,0.4149622719827796
irma_miami_14_18,irma_miami,0,0.4116355598063562
irma_miami_14_19,irma_miami,0,0.40676088641423
irma_miami_14_20,irma_miami,0,0.46021142322508196
irma_miami_14_21,irma_miami,0,0.46027283181863415
irma_miami_14_22,irma_miami,0,0.4602871190273801
irma_miami_14_23,irma_miami,0,0.408100935018533
irma_miami_14_24,irma_miami,1,0.4066167194867441
irma_miami_14_25,irma_miami,1,0.4041567030290841
irma_miami_14_26,irma_miami,1,0.40147769331230887
irma_miami_14_27,irma_miami,1,0.4048591246777054
irma_miami_14_28,irma_miami,1,0.46024190773828566
irma_miami_14_29,irma_miami,1,0.40651055942430264
irma_miami_14_30,irma_miami,1,0.41186384495230677
irma_miami_14_31,irma_miami,1,0.4167310261969695
irma_miami_14_32,irma_miami,1,0.429138209212765
irma_miami_14_33,irma_miami,0,0.41565473415849324
irma_miami_14_34,irma_miami,0,0.41885456175630187
irma_miami_14_35,irma_miami,1,0.42994868160665506
irma_miami_14_36,irma_miami,0,0.42639245223008904
irma_miami_14_37,irma_miami,0,0.4152239760702765
irma_miami_14_38,irma_miami,0,0.3905082080823385
irma_miami_14_39,irma_miami,1,0.38264947814725586
irma_miami_14_40,irma_miami,1,0.45979475653727814
irma_miami_14_41,irma_miami,1,0.45974938491456274
irma_miami_14_42,irma_miami,1,0.4597485738153243
irma_miami_14_43,irma_miami,1,0.4597435551798382
irma_miami_14_44,irma_miami,1,0.45974597568634834
irma_miami_14_45,irma_miami,1,0.45977479567807195
irma_miami_14_46,irma_miami,1,0.4597500805659496
irma_miami_14_47,irma_miami,1,0.4597473678314001
irma_miami_14_48,irma_miami,1,0.45978165093985435
irma_miami_14_49,irma_miami,0,0.45982432697907816
irma_miami_14_50,irma_miami,0,0.3810083283007901
irma_miami_14_51,irma_miami,0,0.38434318724345984
irma_miami_14_52,irma_miami,1,0.3800876914236861
irma_miami_14_53,irma_miami,0,0.37008432384020934
irma_miami_15_0,irma_miami,1,0.4599282626524907
irma_miami_15_1,irma_miami,1,0.4598366101361786
irma_miami_15_2,irma_miami,0,0.45984888786566985
irma_miami_15_3,irma_miami,0,0.39456098006388585
irma_miami_15_4,irma_miami,0,0.4031542636435739
irma_miami_15_5,irma_miami,1,0.4119859591256106
irma_miami_15_6,irma_miami,1,0.4153334716898101
irma_miami_15_7,irma_miami,1,0.4197298969490926
irma_miami_15_8,irma_miami,0,0.41855453648195745
irma_miami_15_9,irma_miami,1,0.4186961239201229
irma_miami_15_10,irma_miami,0,0.3971916589338653
irma_miami_15_11,irma_miami,1,0.3873393340852905
irma_miami_15_12,irma_miami,0,0.38585686129961533
irma_miami_15_13,irma_miami,0,0.3988063068549886
irma_miami_15_14,irma_miami,0,0.4070370019089552
irma_miami_15_15,irma_miami,0,0.42398360829869725
irma_miami_15_16,irma_miami,0,0.42447859761131296
irma_miami_15_17,irma_miami,0,0.419945955501066
irma_miami_15_18,irma_miami,0,0.4107640670488718
irma_miami_15_19,irma_miami,1,0.40955051806791015
irma_miami_15_20,irma_miami,1,0.4202972847212009
irma_miami_15_21,irma_miami,1,0.4223105417303371
irma_miami_15_22,irma_miami,0,0.41632919152576137
irma_miami_15_23,irma_miami,1,0.4161328695152517
irma_miami_15_24,irma_miami,0,0.4178383307846547
irma_miami_15_25,irma_miami,0,0.4155755516398525
irma_miami_15_26,irma_miami,1,0.40722882335792016
irma_miami_15_27,irma_miami,1,0.40413508811759213
irma_miami_15_28,irma_miami,1,0.460268082874573
irma_miami_15_29,irma_miami,1,0.4132029356364479
irma_miami_15_30,irma_miami,1,0.4139072816263401
irma_miami_15_31,irma_miami,1,0.41565302366604595
irma_miami_15_32,irma_miami,1,0.4259289685575588
irma_miami_15_33,irma_miami,1,0.41241911310334955
irma_miami_15_34,irma_miami,1,0.4169761628977274
irma_miami_15_35,irma_miami,1,0.42436893249672425
irma_miami_15_36,irma_miami,0,0.42074322601228337
irma_miami_15_37,irma_miami,0,0.41043499283299156
irma_miami_15_38,irma_miami,0,0.3828619990233212
irma_miami_15_39,irma_miami,0,0.374285233207817
irma_miami_15_40,irma_miami,1,0.4597574981114877
irma_miami_15_41,irma_miami,1,0.45972813822664665
irma_miami_15_42,irma_miami,0,0.4597183321542959
irma_miami_15_43,irma_miami,0,0.4597135888652709
irma_miami_15_45,irma_miami,0,0.4597118342311842
irma_miami_15_46,irma_miami,1,0.4597146380542907
irma_miami_15_47,irma_miami,0,0.45971934997716735
irma_miami_15_48,irma_miami,1,0.45975899000791715
irma_miami_15_49,irma_miami,0,0.4598222673648492
irma_miami_15_50,irma_miami,0,0.38391156052265596
irma_miami_15_51,irma_miami,0,0.38635246903743203
irma_miami_15_52,irma_miami,0,0.3754293667600214
irma_miami_15_53,irma_miami,1,0.37238392733571535
irma_miami_15_54,irma_miami,1,0.459725751415432
irma_miami_16_0,irma_miami,1,0.4599164433439266
irma_miami_16_1,irma_miami,0,0.45985695621553035
irma_miami_16_2,irma_miami,0,0.45994720594246746
irma_miami_16_3,irma_miami,1,0.3976078584747407
irma_miami_16_4,irma_miami,0,0.40562976880012835
irma_miami_16_5,irma_miami,1,0.42056355452811156
irma_miami_16_6,irma_miami,1,0.4220752665710364
irma_miami_16_7,irma_miami,1,0.42242765655321435
irma_miami_16_8,irma_miami,1,0.43321695192386434
irma_miami_16_9,irma_miami,1,0.42189131597088403
irma_miami_16_10,irma_miami,1,0.4000090683414563
irma_miami_16_11,irma_miami,1,0.3834039988663507
irma_miami_16_12,irma_miami,0,0.4598887524499061
irma_miami_16_13,irma_miami,1,0.39314576686681985
irma_miami_16_14,irma_miami,0,0.39953158775912057
irma_miami_16_15,irma_miami,1,0.4310034961635719
irma_miami_16_16,irma_miami,0,0.4350503930473898
irma_miami_16_17,irma_miami,0,0.42683594184856716
irma_miami_16_18,irma_miami,0,0.420447678433988
irma_miami_16_19,irma_miami,0,0.4167892905378727
irma_miami_16_20,irma_miami,1,0.41785959819476537
irma_miami_16_21,irma_miami,1,0.4137252561203977
irma_miami_16_22,irma_miami,0,0.40483390489771637
irma_miami_16_23,irma_miami,0,0.4036926972771914
irma_miami_16_24,irma_miami,0,0.4118187239149288
irma_miami_16_25,irma_miami,1,0.4154975968690474
irma_miami_16_26,irma_miami,0,0.4071376453962734
irma_miami_16_27,irma_miami,1,0.46022380102878196
irma_miami_16_28,irma_miami,1,0.46027508123676514
irma_miami_16_29,irma_miami,1,0.41295743607885066
irma_miami_16_30,irma_miami,1,0.4126549126928149
irma_miami_16_31,irma_miami,1,0.414565790521308
irma_miami_16_32,irma_miami,1,0.419331612173736
irma_miami_16_33,irma_miami,1,0.4131308265022466
irma_miami_16_34,irma_miami,1,0.4168270189007327
irma_miami_16_35,irma_miami,1,0.42552778726651264
irma_miami_16_36,irma_miami,0,0.4170025623779268
irma_miami_16_37,irma_miami,0,0.4013355374069938
irma_miami_16_38,irma_miami,0,0.38329415810203776
irma_miami_16_39,irma_miami,1,0.4598086888517177
irma_miami_16_40,irma_miami,1,0.4597547460005171
irma_miami_16_41,irma_miami,1,0.4597259010305353
irma_miami_16_42,irma_miami,0,0.4597181659475471
irma_miami_16_43,irma_miami,1,0.4597205196144124
irma_miami_16_45,irma_miami,1,0.45971273001615814
irma_miami_16_46,irma_miami,1,0.4597340193207112
irma_miami_16_47,irma_miami,0,0.4597552685791873
irma_miami_16_48,irma_miami,0,0.4598145312184261
irma_miami_16_49,irma_miami,0,0.4598859736411127
irma_miami_16_50,irma_miami,0,0.39127043532314076
irma_miami_16_51,irma_miami,0,0.39153833577257224
irma_miami_16_52,irma_miami,1,0.3829155834927967
irma_miami_16_53,irma_miami,0,0.37086882332723814
irma_miami_16_54,irma_miami,1,0.45973390441520184
irma_miami_17_0,irma_miami,0,0.45984491906836705
irma_miami_17_1,irma_miami,0,0.45981068946437764
irma_miami_17_2,irma_miami,0,0.38155256197552984
irma_miami_17_3,irma_miami,1,0.39383102200868303
irma_miami_17_4,irma_miami,0,0.4055118563733946
irma_miami_17_5,irma_miami,0,0.40917863693001844
irma_miami_17_6,irma_miami,0,0.415889998697037
irma_miami_17_7,irma_miami,0,0.41974616823729377
irma_miami_17_8,irma_miami,1,0.424676201693868
irma_miami_17_9,irma_miami,1,0.40515084839558074
irma_miami_17_10,irma_miami,1,0.39828757827115924
irma_miami_17_11,irma_miami,0,0.45991434345106696
irma_miami_17_12,irma_miami,0,0.4598879305845504
irma_miami_17_13,irma_miami,0,0.38007942291402536
irma_miami_17_14,irma_miami,0,0.3900652451240416
irma_miami_17_15,irma_miami,1,0.4126168907772964
irma_miami_17_16,irma_miami,1,0.42728772882580984
irma_miami_17_17,irma_miami,1,0.42589733521510154
irma_miami_17_18,irma_miami,1,0.42186977381272694
irma_miami_17_19,irma_miami,0,0.4171140189173062
irma_miami_17_20,irma_miami,1,0.408873674735534
irma_miami_17_21,irma_miami,0,0.40626707455610633
irma_miami_17_22,irma_miami,1,0.4056620589054937
irma_miami_17_23,irma_miami,1,0.40407919915658236
irma_miami_17_24,irma_miami,0,0.40854470396356096
irma_miami_17_25,irma_miami,1,0.4180977967626304
irma_miami_17_26,irma_miami,1,0.46033542704368297
irma_miami_17_27,irma_miami,0,0.46021393928662496
irma_miami_17_28,irma_miami,1,0.4092990476455526
irma_miami_17_29,irma_miami,1,0.415227667316198
irma_miami_17_30,irma_miami,1,0.41486619643429173
irma_miami_17_31,irma_miami,1,0.41554091832106804
irma_miami_17_32,irma_miami,1,0.41454125750288784
irma_miami_17_33,irma_miami,1,0.40954017577162155
irma_miami_17_34,irma_miami,1,0.41624531103291335
irma_miami_17_35,irma_miami,1,0.42050603971093575
irma_miami_17_36,irma_miami,0,0.41273525748284734
irma_miami_17_37,irma_miami,0,0.3966708839768156
irma_miami_17_38,irma_miami,0,0.4598749766339384
irma_miami_17_39,irma_miami,1,0.45983039218778127
irma_miami_17_40,irma_miami,1,0.45976973178668806
irma_miami_17_41,irma_miami,0,0.4597239744698352
irma_miami_17_42,irma_miami,0,0.4597196345502122
irma_miami_17_43,irma_miami,1,0.4597193037724798
irma_miami_17_45,irma_miami,1,0.4597211119336
irma_miami_17_46,irma_miami,1,0.4597552995691436
irma_miami_17_47,irma_miami,0,0.45976083578222077
irma_miami_17_48,irma_miami,0,0.4598778797257041
irma_miami_17_49,irma_miami,0,0.4599507923951779
irma_miami_17_50,irma_miami,0,0.39477989642447203
irma_miami_17_51,irma_miami,0,0.392492692451901
irma_miami_17_52,irma_miami,1,0.38669611960385175
irma_miami_17_53,irma_miami,1,0.3709447821589451
irma_miami_18_0,irma_miami,1,0.45988914505644
irma_miami_18_1,irma_miami,0,0.37576203304842304
irma_miami_18_2,irma_miami,1,0.38323249270567195
irma_miami_18_3,irma_miami,0,0.38635676128790414
irma_miami_18_4,irma_miami,0,0.39280725733444366
irma_miami_18_5,irma_miami,0,0.39951432350644184
irma_miami_18_6,irma_miami,1,0.42026676837686694
irma_miami_18_7,irma_miami,0,0.4193931771205622
irma_miami_18_8,irma_miami,1,0.4125127091566643
irma_miami_18_9,irma_miami,1,0.460089970804701
irma_miami_18_10,irma_miami,1,0.4600485722330935
irma_miami_18_11,irma_miami,0,0.45989234834266024
irma_miami_18_12,irma_miami,1,0.45988490658380565
irma_miami_18_13,irma_miami,0,0.3785647490754745
irma_miami_18_14,irma_miami,0,0.3842273928531935
irma_miami_18_15,irma_miami,0,0.39168905117923886
irma_miami_18_16,irma_miami,0,0.3939511363462194
irma_miami_18_17,irma_miami,0,0.39864228876491353
irma_miami_18_18,irma_miami,0,0.40769367840028115
irma_miami_18_19,irma_miami,0,0.4095459156516169
irma_miami_18_20,irma_miami,1,0.4061126179307579
irma_miami_18_21,irma_miami,1,0.4092240079122907
irma_miami_18_22,irma_miami,1,0.40806779027937296
irma_miami_18_23,irma_miami,0,0.46008455752366434
irma_miami_18_24,irma_miami,0,0.46018079199283984
irma_miami_18_25,irma_miami,0,0.46031511763701183
irma_miami_18_26,irma_miami,1,0.4602853321114369
irma_miami_18_27,irma_miami,1,0.46019761703038203
irma_miami_18_28,irma_miami,1,0.4091708733668495
irma_miami_18_29,irma_miami,1,0.41387100902192486
irma_miami_18_30,irma_miami,1,0.416806921164918
irma_miami_18_31,irma_miami,1,0.4141518157544424
irma_miami_18_32,irma_miami,1,0.41436938811090734
irma_miami_18_33,irma_miami,1,0.4091277678273336
irma_miami_18_34,irma_miami,1,0.40911459663769423
irma_miami_18_35,irma_miami,0,0.41392908200705714
irma_miami_18_36,irma_miami,0,0.41040072031957164
irma_miami_18_37,irma_miami,0,0.3963634307399063
irma_miami_18_38,irma_miami,0,0.45986061483701157
irma_miami_18_39,irma_miami,0,0.45977773173083125
irma_miami_18_40,irma_miami,1,0.4597756039781899
irma_miami_18_41,irma_miami,1,0.4597264368722735
irma_miami_18_42,irma_miami,0,0.4597224120800451
irma_miami_18_43,irma_miami,1,0.4597194483527945
irma_miami_18_44,irma_miami,1,0.45971851705321015
irma_miami_18_45,irma_miami,1,0.3722258943416515
irma_miami_18_46,irma_miami,1,0.3779469515738689
irma_miami_18_47,irma_miami,0,0.3841862623503428
irma_miami_18_48,irma_miami,0,0.3856079541091992
irma_miami_18_49,irma_miami,0,0.38868643963573907
irma_miami_18_50,irma_miami,0,0.3944662635611477
irma_miami_18_51,irma_miami,0,0.38950819063037245
irma_miami_18_52,irma_miami,1,0.45994254128259837
irma_miami_18_53,irma_miami,0,0.4597173489641948
irma_miami_19_0,irma_miami,0,0.38908625209837305
irma_miami_19_1,irma_miami,0,0.38880240152895273
irma_miami_19_2,irma_miami,1,0.39214250094160996
irma_miami_19_3,irma_miami,0,0.39129196604033994
irma_miami_19_4,irma_miami,0,0.3925270249544552
irma_miami_19_5,irma_miami,0,0.3891843968886368
irma_miami_19_6,irma_miami,1,0.4217771466213082
irma_miami_19_7,irma_miami,0,0.4277690762400473
irma_miami_19_8,irma_miami,1,0.4170799150317371
irma_miami_19_9,irma_miami,1,0.4009087939752
irma_miami_19_10,irma_miami,0,0.393503130210975
irma_miami_19_11,irma_miami,0,0.3810106552070771
irma_miami_19_12,irma_miami,0,0.37909517940389337
irma_miami_19_13,irma_miami,0,0.379825808863969
irma_miami_19_14,irma_miami,0,0.38414808731133515
irma_miami_19_15,irma_miami,0,0.3831075496245622
irma_miami_19_16,irma_miami,0,0.38547871273970163
irma_miami_19_17,irma_miami,0,0.3870989103493317
irma_miami_19_18,irma_miami,1,0.4030834601433214
irma_miami_19_19,irma_miami,0,0.40458570853661563
irma_miami_19_20,irma_miami,1,0.4132399236610323
irma_miami_19_21,irma_miami,1,0.4140927163456105
irma_miami_19_22,irma_miami,1,0.4127967806599419
irma_miami_19_23,irma_miami,0,0.46021068599311943
irma_miami_19_24,irma_miami,0,0.46027996259901743
irma_miami_19_25,irma_miami,0,0.46036316599039967
irma_miami_19_26,irma_miami,0,0.4602196584670652
irma_miami_19_27,irma_miami,0,0.4601775396623479
irma_miami_19_28,irma_miami,1,0.41056729297502864
irma_miami_19_29,irma_miami,1,0.41094857651933075
irma_miami_19_30,irma_miami,1,0.4134768810719664
irma_miami_19_31,irma_miami,1,0.4126801825425178
irma_miami_19_32,irma_miami,1,0.41678413412643533
irma_miami_19_33,irma_miami,0,0.41840035423761807
irma_miami_19_34,irma_miami,0,0.4239079929703676
irma_miami_19_35,irma_miami,0,0.42738361744152903
irma_miami_19_36,irma_miami,0,0.42617418631169707
irma_miami_19_37,irma_miami,1,0.39952985243225875
irma_miami_19_38,irma_miami,0,0.37680351159968245
irma_miami_19_39,irma_miami,1,0.45978083736274566
irma_miami_19_40,irma_miami,1,0.4597551134544575
irma_miami_19_41,irma_miami,1,0.45973234397681256
irma_miami_19_42,irma_miami,1,0.4597372496366578
irma_miami_19_43,irma_miami,1,0.4597538881149441
irma_miami_19_44,irma_miami,1,0.4597592989962772
irma_miami_19_45,irma_miami,1,0.3811533932470811
irma_miami_19_46,irma_miami,0,0.39355013215411977
irma_miami_19_47,irma_miami,0,0.40154900846963665
irma_miami_19_48,irma_miami,0,0.39901347532380693
irma_miami_19_49,irma_miami,0,0.4038140118150518
irma_miami_19_50,irma_miami,0,0.40079702124312194
irma_miami_19_51,irma_miami,0,0.39039298499392566
irma_miami_19_52,irma_miami,1,0.3896446766689618
irma_miami_19_53,irma_miami,0,0.45971620048373474
irma_miami_20_0,irma_miami,0,0.42036593517758747
irma_miami_20_1,irma_miami,0,0.42533192444080364
irma_miami_20_2,irma_miami,0,0.41588111744421924
irma_miami_20_3,irma_miami,0,0.41274213736615
irma_miami_20_4,irma_miami,0,0.42797748187083157
irma_miami_20_5,irma_miami,1,0.4235212232471603
irma_miami_20_6,irma_miami,0,0.4172814180127367
irma_miami_20_7,irma_miami,0,0.4269510744927465
irma_miami_20_8,irma_miami,0,0.4212956372163496
irma_miami_20_9,irma_miami,0,0.41198869500517726
irma_miami_20_10,irma_miami,0,0.40078789835637213
irma_miami_20_11,irma_miami,0,0.39837054260025606
irma_miami_20_12,irma_miami,1,0.399112654387572
irma_miami_20_13,irma_miami,0,0.39384041168070155
irma_miami_20_14,irma_miami,0,0.3972748570212593
irma_miami_20_15,irma_miami,0,0.3936063038837935
irma_miami_20_16,irma_miami,0,0.3997373002529917
irma_miami_20_17,irma_miami,0,0.399734490808555
irma_miami_20_18,irma_miami,0,0.4067707544424899
irma_miami_20_19,irma_miami,0,0.40808042689683677
irma_miami_20_20,irma_miami,1,0.4323402463305337
irma_miami_20_21,irma_miami,0,0.4147546428258741
irma_miami_20_22,irma_miami,0,0.4143641076373555
irma_miami_20_23,irma_miami,1,0.41706716382934333
irma_miami_20_24,irma_miami,1,0.46056235592584616
irma_miami_20_25,irma_miami,1,0.4605569776428339
irma_miami_20_26,irma_miami,0,0.4603780011842738
irma_miami_20_27,irma_miami,1,0.46039006842078395
irma_miami_20_28,irma_miami,1,0.42217435533183534
irma_miami_20_29,irma_miami,1,0.41753668172209757
irma_miami_20_30,irma_miami,1,0.4152263662129754
irma_miami_20_31,irma_miami,1,0.4150470110059231
irma_miami_20_32,irma_miami,1,0.4232535559070625
irma_miami_20_33,irma_miami,0,0.4235608801551592
irma_miami_20_34,irma_miami,0,0.4372171467287093
irma_miami_20_35,irma_miami,0,0.44500040262114854
irma_miami_20_36,irma_miami,0,0.4362973197121276
irma_miami_20_37,irma_miami,1,0.4184404773761164
irma_miami_20_38,irma_miami,1,0.3809408355785909
irma_miami_20_39,irma_miami,1,0.4597947035318702
irma_miami_20_40,irma_miami,1,0.45977158961437664
irma_miami_20_41,irma_miami,1,0.4597613230520767
irma_miami_20_42,irma_miami,1,0.45976620574200167
irma_miami_20_43,irma_miami,1,0.45977610580421857
irma_miami_20_44,irma_miami,1,0.45976961135581007
irma_miami_20_45,irma_miami,1,0.381164321096625
irma_miami_20_46,irma_miami,1,0.3930912092461708
irma_miami_20_47,irma_miami,0,0.39900271873990145
irma_miami_20_48,irma_miami,1,0.3993760718801415
irma_miami_20_49,irma_miami,0,0.3986366367911991
irma_miami_20_50,irma_miami,0,0.39858794891006527
irma_miami_20_51,irma_miami,0,0.38839974684758766
irma_miami_20_52,irma_miami,1,0.38351981912449645
irma_miami_20_53,irma_miami,1,0.45971798647583734
irma_miami_20_54,irma_miami,1,0.4597086603486079
irma_miami_21_0,irma_miami,0,0.4218161018821877
irma_miami_21_1,irma_miami,0,0.4358952543647446
irma_miami_21_2,irma_miami,0,0.4185792746797214
irma_miami_21_3,irma_miami,0,0.4177046837146259
irma_miami_21_4,irma_miami,0,0.43430002847024596
irma_miami_21_5,irma_miami,1,0.42859017061148275
irma_miami_21_6,irma_miami,0,0.4155648948939628
irma_miami_21_7,irma_miami,0,0.4181159330303339
irma_miami_21_8,irma_miami,1,0.42294667225714366
irma_miami_21_9,irma_miami,0,0.4164116175854619
irma_miami_21_10,irma_miami,0,0.41390658469490593
irma_miami_21_11,irma_miami,0,0.41843420274790727
irma_miami_21_12,irma_miami,0,0.40946967344407764
irma_miami_21_13,irma_miami,0,0.40570080875755116
irma_miami_21_14,irma_miami,1,0.4102231327326607
irma_miami_21_15,irma_miami,1,0.4108127744284962
irma_miami_21_16,irma_miami,1,0.41201799695304425
irma_miami_21_17,irma_miami,1,0.40772904763308015
irma_miami_21_18,irma_miami,0,0.40073385131979467
irma_miami_21_19,irma_miami,0,0.42031035141873596
irma_miami_21_20,irma_miami,0,0.4215561765630662
irma_miami_21_21,irma_miami,0,0.4168077197682679
irma_miami_21_22,irma_miami,0,0.40792157355155373
irma_miami_21_23,irma_miami,1,0.41152388784089555
irma_miami_21_24,irma_miami,1,0.46034522641470327
irma_miami_21_25,irma_miami,0,0.4603729718570411
irma_miami_21_26,irma_miami,1,0.4604025955007656
irma_miami_21_27,irma_miami,1,0.46042153227471605
irma_miami_21_28,irma_miami,1,0.4604380599062862
irma_miami_21_29,irma_miami,1,0.46037149805813604
irma_miami_21_30,irma_miami,1,0.41257972133503445
irma_miami_21_31,irma_miami,1,0.4157751305753614
irma_miami_21_32,irma_miami,1,0.429539967579106
irma_miami_21_33,irma_miami,1,0.42812938936056427
irma_miami_21_34,irma_miami,0,0.4297522392995143
irma_miami_21_35,irma_miami,0,0.4368457900528291
irma_miami_21_36,irma_miami,0,0.42703794836220055
irma_miami_21_37,irma_miami,0,0.4073040714084039
irma_miami_21_38,irma_miami,1,0.38755976737152026
irma_miami_21_39,irma_miami,1,0.459792243482449
irma_miami_21_40,irma_miami,0,0.45974351406051966
irma_miami_21_41,irma_miami,1,0.45973627488857227
irma_miami_21_42,irma_miami,1,0.4597307962171574
irma_miami_21_43,irma_miami,1,0.4597296591728239
irma_miami_21_44,irma_miami,1,0.45974579838647334
irma_miami_21_45,irma_miami,1,0.4598122513508059
irma_miami_21_46,irma_miami,0,0.37931695284193445
irma_miami_21_47,irma_miami,1,0.3846458157862262
irma_miami_21_48,irma_miami,1,0.38363492366373353
irma_miami_21_49,irma_miami,0,0.3892940104039965
irma_miami_21_50,irma_miami,0,0.39312642714892077
irma_miami_21_51,irma_miami,1,0.3897652330046548
irma_miami_21_52,irma_miami,1,0.45983753185723814
irma_miami_21_53,irma_miami,1,0.45974264680242494
irma_miami_22_0,irma_miami,0,0.3964854663021255
irma_miami_22_1,irma_miami,1,0.4085592132653506
irma_miami_22_2,irma_miami,0,0.39833790654320167
irma_miami_22_3,irma_miami,0,0.40204138472463397
irma_miami_22_4,irma_miami,0,0.41140644497823
irma_miami_22_5,irma_miami,0,0.41388048363663754
irma_miami_22_6,irma_miami,0,0.41204832397672314
irma_miami_22_7,irma_miami,1,0.4105766098425073
irma_miami_22_8,irma_miami,1,0.41039497830494737
irma_miami_22_9,irma_miami,1,0.4114152652224817
irma_miami_22_10,irma_miami,1,0.4091187365181635
irma_miami_22_11,irma_miami,0,0.4022719095019323
irma_miami_22_12,irma_miami,1,0.39749964734250076
irma_miami_22_13,irma_miami,1,0.39638877656700316
irma_miami_22_14,irma_miami,0,0.39776628416471327
irma_miami_22_15,irma_miami,0,0.4154233535369471
irma_miami_22_16,irma_miami,0,0.4065061720800263
irma_miami_22_17,irma_miami,0,0.4075503893908386
irma_miami_22_18,irma_miami,0,0.4143544338556385
irma_miami_22_19,irma_miami,1,0.45840148269982117
irma_miami_22_20,irma_miami,0,0.42100618706670273
irma_miami_22_21,irma_miami,1,0.4209183484486086
irma_miami_22_22,irma_miami,1,0.41070288037787356
irma_miami_22_23,irma_miami,0,0.4076192146623427
irma_miami_22_24,irma_miami,0,0.4602875010594862
irma_miami_22_25,irma_miami,0,0.46031258743956405
irma_miami_22_26,irma_miami,1,0.4603174382804171
irma_miami_22_27,irma_miami,1,0.41507799899834164
irma_miami_22_28,irma_miami,1,0.4209638589334093
irma_miami_22_29,irma_miami,1,0.4181250950536376
irma_miami_22_30,irma_miami,1,0.4112217970896986
irma_miami_22_31,irma_miami,1,0.4175581589367127
irma_miami_22_32,irma_miami,1,0.440584877128515
irma_miami_22_33,irma_miami,0,0.44032908599914883
irma_miami_22_34,irma_miami,0,0.4421022828946258
irma_miami_22_35,irma_miami,0,0.4363875776089838
irma_miami_22_36,irma_miami,0,0.42524441677640124
irma_miami_22_37,irma_miami,0,0.4011051891119672
irma_miami_22_38,irma_miami,1,0.37648662375654685
irma_miami_22_39,irma_miami,1,0.45977266858385446
irma_miami_22_40,irma_miami,1,0.45974562186409446
irma_miami_22_41,irma_miami,0,0.4597407649505588
irma_miami_22_42,irma_miami,0,0.45973756240756425
irma_miami_22_43,irma_miami,1,0.45972701019477974
irma_miami_22_44,irma_miami,1,0.45973270233810903
irma_miami_22_45,irma_miami,1,0.37960341757708604
irma_miami_22_46,irma_miami,0,0.38063830786095704
irma_miami_22_47,irma_miami,1,0.3834182955466053
irma_miami_22_48,irma_miami,1,0.3883675776869592
irma_miami_22_49,irma_miami,0,0.4600177259464204
irma_miami_22_50,irma_miami,0,0.4600195670813405
irma_miami_22_51,irma_miami,1,0.4599521690864234
irma_miami_22_52,irma_miami,1,0.4597418175443522
irma_miami_22_53,irma_miami,0,0.4597193144889641
irma_miami_23_0,irma_miami,0,0.3870041900648252
irma_miami_23_1,irma_miami,0,0.38573849231113577
irma_miami_23_2,irma_miami,1,0.3968239960251896
irma_miami_23_3,irma_miami,0,0.40189745238841257
irma_miami_23_4,irma_miami,1,0.42001586137413827
irma_miami_23_5,irma_miami,0,0.4133627742620679
irma_miami_23_6,irma_miami,0,0.4162135263007581
irma_miami_23_7,irma_miami,1,0.4224920032622202
irma_miami_23_8,irma_miami,0,0.41727656641809163
irma_miami_23_9,irma_miami,1,0.4256000409815272
irma_miami_23_10,irma_miami,1,0.4458409098899718
irma_miami_23_11,irma_miami,1,0.4372540800246336
irma_miami_23_12,irma_miami,1,0.42666732502826216
irma_miami_23_13,irma_miami,1,0.39902427425714393
irma_miami_23_14,irma_miami,0,0.41376287366594566
irma_miami_23_15,irma_miami,0,0.46539921456101385
irma_miami_23_16,irma_miami,1,0.4928257637665994
irma_miami_23_17,irma_miami,1,0.5111668440677027
irma_miami_23_18,irma_miami,1,0.48232060816335837
irma_miami_23_19,irma_miami,0,0.4608232884303849
irma_miami_23_20,irma_miami,0,0.42612665975682723
irma_miami_23_21,irma_miami,1,0.4252858059126823
irma_miami_23_22,irma_miami,1,0.4130459878924285
irma_miami_23_23,irma_miami,1,0.41377156573947105
irma_miami_23_24,irma_miami,1,0.4604791546306113
irma_miami_23_25,irma_miami,1,0.4604916613354714
irma_miami_23_26,irma_miami,1,0.42261863607012234
irma_miami_23_27,irma_miami,0,0.42499157388246117
irma_miami_23_28,irma_miami,0,0.426386956404083
irma_miami_23_29,irma_miami,0,0.4320724631017389
irma_miami_23_30,irma_miami,0,0.4293622454546217
irma_miami_23_31,irma_miami,1,0.4297987493028427
irma_miami_23_32,irma_miami,0,0.4325192100843556
irma_miami_23_33,irma_miami,0,0.44786582893957494
irma_miami_23_34,irma_miami,0,0.45054656939655435
irma_miami_23_35,irma_miami,0,0.4444772653952064
irma_miami_23_36,irma_miami,1,0.440155044294211
irma_miami_23_37,irma_miami,0,0.39872868848575227
irma_miami_23_38,irma_miami,0,0.37668542782663683
irma_miami_23_39,irma_miami,1,0.3746495177642226
irma_miami_23_40,irma_miami,0,0.4597589297174683
irma_miami_23_41,irma_miami,0,0.45975474797440447
irma_miami_23_42,irma_miami,0,0.4597526593330238
irma_miami_23_43,irma_miami,0,0.37241975289862406
irma_miami_23_44,irma_miami,0,0.37291623742807456
irma_miami_23_45,irma_miami,0,0.38426429178198207
irma_miami_23_46,irma_miami,0,0.39527885276052926
irma_miami_23_47,irma_miami,0,0.39901385354552793
irma_miami_23_48,irma_miami,0,0.39531000719785614
irma_miami_23_49,irma_miami,0,0.405143022842764
irma_miami_23_50,irma_miami,0,0.3985225889434439
irma_miami_23_51,irma_miami,0,0.4598103510292656
irma_miami_23_52,irma_miami,1,0.45974680451597716
irma_miami_23_53,irma_miami,1,0.45971592177347675
irma_miami_24_0,irma_miami,0,0.39219294109666375
irma_miami_24_1,irma_miami,1,0.38952467601201557
irma_miami_24_2,irma_miami,1,0.3993819749407504
irma_miami_24_3,irma_miami,1,0.41451820119560123
irma_miami_24_4,irma_miami,1,0.42487152400080475
irma_miami_24_5,irma_miami,1,0.4200569305523263
irma_miami_24_6,irma_miami,0,0.4139410754459469
irma_miami_24_7,irma_miami,0,0.41577590247464696
irma_miami_24_8,irma_miami,0,0.4261040253485602
irma_miami_24_9,irma_miami,0,0.43497513032022894
irma_miami_24_10,irma_miami,1,0.4887183729957508
irma_miami_24_11,irma_miami,1,0.5072793235024466
irma_miami_24_12,irma_miami,1,0.46522235133763973
irma_miami_24_13,irma_miami,1,0.4413027678018614
irma_miami_24_14,irma_miami,1,0.4234409276063566
irma_miami_24_15,irma_miami,1,0.4673790203668449
irma_miami_24_16,irma_miami,0,0.4891269354125912
irma_miami_24_17,irma_miami,1,0.5343747818926097
irma_miami_24_18,irma_miami,1,0.5226118383984438
irma_miami_24_19,irma_miami,0,0.4526325985354671
irma_miami_24_20,irma_miami,0,0.40523898162794203
irma_miami_24_21,irma_miami,0,0.40431987464309893
irma_miami_24_22,irma_miami,0,0.3990001049731071
irma_miami_24_23,irma_miami,0,0.4056659524082024
irma_miami_24_24,irma_miami,1,0.4604193711762649
irma_miami_24_25,irma_miami,0,0.4604178615603871
irma_miami_24_26,irma_miami,0,0.41928080276089047
irma_miami_24_27,irma_miami,0,0.4188780546922419
irma_miami_24_28,irma_miami,0,0.42068740327410703
irma_miami_24_29,irma_miami,1,0.44524890951445795
irma_miami_24_30,irma_miami,0,0.445226893002964
irma_miami_24_31,irma_miami,1,0.4541247136303253
irma_miami_24_32,irma_miami,0,0.42678906148076706
irma_miami_24_33,irma_miami,0,0.4287390038538512
irma_miami_24_34,irma_miami,1,0.43384908637356084
irma_miami_24_35,irma_miami,0,0.4436822765109936
irma_miami_24_36,irma_miami,1,0.44734703924292746
irma_miami_24_37,irma_miami,0,0.39905685478937586
irma_miami_24_38,irma_miami,0,0.37956114570647786
irma_miami_24_39,irma_miami,1,0.3826122880324349
irma_miami_24_40,irma_miami,0,0.3801029688606004
irma_miami_24_41,irma_miami,0,0.37835191684040015
irma_miami_24_42,irma_miami,0,0.4598549162017967
irma_miami_24_43,irma_miami,0,0.3817093432742671
irma_miami_24_44,irma_miami,0,0.38421042088346696
irma_miami_24_45,irma_miami,1,0.40701110945419017
irma_miami_24_46,irma_miami,0,0.41528418044681986
irma_miami_24_47,irma_miami,0,0.42475986903517876
irma_miami_24_48,irma_miami,0,0.4303937548446069
irma_miami_24_49,irma_miami,0,0.42865760927456437
irma_miami_24_50,irma_miami,0,0.4039681490923049
irma_miami_24_51,irma_miami,1,0.4598277424633466
irma_miami_24_52,irma_miami,1,0.4597444717623942
irma_miami_24_53,irma_miami,1,0.459709589555799
irma_miami_25_0,irma_miami,0,0.46007139263056746
irma_miami_25_1,irma_miami,1,0.3922126262931662
irma_miami_25_2,irma_miami,1,0.4029960885093277
irma_miami_25_3,irma_miami,0,0.4159963706702832
irma_miami_25_4,irma_miami,1,0.43004711235318144
irma_miami_25_5,irma_miami,0,0.409294079662739
irma_miami_25_6,irma_miami,1,0.4033688268002368
irma_miami_25_7,irma_miami,1,0.40864662920391454
irma_miami_25_8,irma_miami,1,0.41384112340181056
irma_miami_25_9,irma_miami,1,0.43382833646787106
irma_miami_25_10,irma_miami,1,0.48803577267041265
irma_miami_25_11,irma_miami,1,0.48506424324708713
irma_miami_25_12,irma_miami,0,0.44628550324496113
irma_miami_25_13,irma_miami,1,0.42384863252118793
irma_miami_25_14,irma_miami,0,0.4037767837201005
irma_miami_25_15,irma_miami,1,0.4058494084101451
irma_miami_25_16,irma_miami,0,0.42153414724539284
irma_miami_25_17,irma_miami,0,0.46492531296051176
irma_miami_25_18,irma_miami,0,0.48091386955986465
irma_miami_25_19,irma_miami,0,0.4394110078470007
irma_miami_25_20,irma_miami,1,0.3976229558116523
irma_miami_25_21,irma_miami,0,0.3946426905951304
irma_miami_25_22,irma_miami,0,0.3952110577080484
irma_miami_25_23,irma_miami,1,0.46011346687228816
irma_miami_25_24,irma_miami,0,0.4601624467719006
irma_miami_25_25,irma_miami,1,0.46031162333443365
irma_miami_25_26,irma_miami,0,0.41342273924466144
irma_miami_25_27,irma_miami,0,0.4103781060575367
irma_miami_25_28,irma_miami,0,0.4155597789871127
irma_miami_25_29,irma_miami,1,0.4348667640995293
irma_miami_25_30,irma_miami,0,0.45387277086036326
irma_miami_25_31,irma_miami,0,0.46637993697863145
irma_miami_25_32,irma_miami,0,0.426971108003468
irma_miami_25_33,irma_miami,1,0.4250259502899049
irma_miami_25_34,irma_miami,0,0.43184470986492773
irma_miami_25_35,irma_miami,0,0.45316892058025277
irma_miami_25_36,irma_miami,1,0.45010437393462666
irma_miami_25_37,irma_miami,0,0.4023994368690998
irma_miami_25_38,irma_miami,1,0.3968656229392037
irma_miami_25_39,irma_miami,1,0.39780324605855727
irma_miami_25_40,irma_miami,1,0.39289136756492693
irma_miami_25_41,irma_miami,0,0.3845521526567068
irma_miami_25_42,irma_miami,0,0.385929959966247
irma_miami_25_43,irma_miami,0,0.38742868760991594
irma_miami_25_44,irma_miami,0,0.3848078592903169
irma_miami_25_45,irma_miami,1,0.41024688857968283
irma_miami_25_46,irma_miami,0,0.42109723816861333
irma_miami_25_47,irma_miami,0,0.429903962166668
irma_miami_25_48,irma_miami,0,0.43866106057384113
irma_miami_25_49,irma_miami,0,0.42631247155287655
irma_miami_25_50,irma_miami,0,0.39776243433366637
irma_miami_25_51,irma_miami,0,0.4597739130366386
irma_miami_25_52,irma_miami,1,0.4597509766890137
irma_miami_25_53,irma_miami,0,0.45971043446972415
irma_miami_26_0,irma_miami,0,0.4603467428036442
irma_miami_26_1,irma_miami,1,0.4029291801566662
irma_miami_26_2,irma_miami,0,0.4043288993779389
irma_miami_26_3,irma_miami,1,0.44143897418085487
irma_miami_26_4,irma_miami,0,0.43696542125397125
irma_miami_26_5,irma_miami,0,0.40674456714321056
irma_miami_26_6,irma_miami,0,0.40524176165378145
irma_miami_26_7,irma_miami,1,0.41195383230348437
irma_miami_26_8,irma_miami,0,0.39757824503259925
irma_miami_26_9,irma_miami,1,0.40025655317815856
irma_miami_26_10,irma_miami,1,0.42153348384659284
irma_miami_26_11,irma_miami,1,0.4179628707870071
irma_miami_26_12,irma_miami,1,0.39687041025117514
irma_miami_26_13,irma_miami,1,0.3997806880521283
irma_miami_26_14,irma_miami,1,0.40074861592489425
irma_miami_26_15,irma_miami,1,0.39099254527281513
irma_miami_26_16,irma_miami,0,0.38967259318858166
irma_miami_26_17,irma_miami,0,0.39961857567422576
irma_miami_26_18,irma_miami,0,0.4065949195696068
irma_miami_26_19,irma_miami,1,0.4314481083914711
irma_miami_26_20,irma_miami,0,0.405633227681769
irma_miami_26_21,irma_miami,0,0.40099236850125936
irma_miami_26_22,irma_miami,0,0.3986110723405764
irma_miami_26_23,irma_miami,1,0.39863712795769163
irma_miami_26_24,irma_miami,1,0.46014305316564086
irma_miami_26_25,irma_miami,1,0.41430033226424956
irma_miami_26_26,irma_miami,0,0.4108154730179418
irma_miami_26_27,irma_miami,0,0.40961894255421677
irma_miami_26_28,irma_miami,0,0.41074134427910525
irma_miami_26_29,irma_miami,1,0.41814526095364424
irma_miami_26_30,irma_miami,1,0.4441679418816562
irma_miami_26_31,irma_miami,0,0.4568306375491171
irma_miami_26_32,irma_miami,0,0.425384049035251
irma_miami_26_33,irma_miami,1,0.43541632979136846
irma_miami_26_34,irma_miami,1,0.448901348700907
irma_miami_26_35,irma_miami,0,0.4680054923685025
irma_miami_26_36,irma_miami,0,0.44672016581497936
irma_miami_26_37,irma_miami,1,0.4101034300667845
irma_miami_26_38,irma_miami,1,0.40373505693038436
irma_miami_26_39,irma_miami,1,0.40670303726973395
irma_miami_26_40,irma_miami,1,0.3898445746075428
irma_miami_26_41,irma_miami,0,0.38282282445022997
irma_miami_26_42,irma_miami,0,0.38309340486712823
irma_miami_26_43,irma_miami,1,0.3837452980511389
irma_miami_26_44,irma_miami,0,0.3781618006725318
irma_miami_26_45,irma_miami,1,0.3918956909703627
irma_miami_26_46,irma_miami,0,0.4083737544664823
irma_miami_26_47,irma_miami,0,0.4166906483936674
irma_miami_26_48,irma_miami,0,0.426841290863819
irma_miami_26_49,irma_miami,0,0.4287541468184695
irma_miami_26_50,irma_miami,1,0.39390652788923236
irma_miami_26_51,irma_miami,1,0.3734543010127546
irma_miami_26_52,irma_miami,1,0.45972474500308264
irma_miami_26_53,irma_miami,0,0.4597120615097738
irma_miami_27_0,irma_miami,1,0.4604053291386575
irma_miami_27_1,irma_miami,1,0.4056881113186383
irma_miami_27_2,irma_miami,0,0.40734605481348235
irma_miami_27_3,irma_miami,1,0.42695300686021764
irma_miami_27_4,irma_miami,1,0.4315394741166831
irma_miami_27_5,irma_miami,0,0.41795516743032773
irma_miami_27_6,irma_miami,0,0.4199552162390128
irma_miami_27_7,irma_miami,0,0.4307095218090276
irma_miami_27_8,irma_miami,0,0.4184699200468987
irma_miami_27_9,irma_miami,0,0.4052890388922336
irma_miami_27_10,irma_miami,0,0.39417242176336986
irma_miami_27_11,irma_miami,0,0.39392726816598544
irma_miami_27_12,irma_miami,0,0.3953595767776404
irma_miami_27_13,irma_miami,1,0.405989678393859
irma_miami_27_14,irma_miami,0,0.4105594013763313
irma_miami_27_15,irma_miami,0,0.4009055853179114
irma_miami_27_16,irma_miami,0,0.3946249554667194
irma_miami_27_17,irma_miami,0,0.39952399833096786
irma_miami_27_18,irma_miami,1,0.41169578609827473
irma_miami_27_19,irma_miami,1,0.4313196371332087
irma_miami_27_20,irma_miami,0,0.4246541700577272
irma_miami_27_21,irma_miami,0,0.4158087081405615
irma_miami_27_22,irma_miami,1,0.4067040623857764
irma_miami_27_23,irma_miami,1,0.4029154596632629
irma_miami_27_24,irma_miami,1,0.413679027191034
irma_miami_27_25,irma_miami,1,0.41857106522921755
irma_miami_27_26,irma_miami,1,0.413789287609173
irma_miami_27_27,irma_miami,1,0.4139686742853881
irma_miami_27_28,irma_miami,0,0.4135965636164709
irma_miami_27_29,irma_miami,0,0.41530100694623456
irma_miami_27_30,irma_miami,0,0.4332645256014563
irma_miami_27_31,irma_miami,0,0.4352262340034757
irma_miami_27_32,irma_miami,1,0.4260621284125355
irma_miami_27_33,irma_miami,1,0.44379546934865316
irma_miami_27_34,irma_miami,1,0.4551606576511792
irma_miami_27_35,irma_miami,0,0.46706969319552044
irma_miami_27_36,irma_miami,0,0.4504403245983182
irma_miami_27_37,irma_miami,0,0.4190902864730296
irma_miami_27_38,irma_miami,1,0.4152992321150568
irma_miami_27_39,irma_miami,1,0.4100938767413604
irma_miami_27_40,irma_miami,1,0.3971252706232712
irma_miami_27_41,irma_miami,1,0.3882202045693139
irma_miami_27_42,irma_miami,1,0.38566543787725976
irma_miami_27_43,irma_miami,1,0.4599195135554932
irma_miami_27_44,irma_miami,1,0.3784955362155994
irma_miami_27_45,irma_miami,0,0.3814243451446677
irma_miami_27_46,irma_miami,0,0.3921311526621288
irma_miami_27_47,irma_miami,0,0.4102650059373361
irma_miami_27_48,irma_miami,0,0.42267378963531954
irma_miami_27_49,irma_miami,0,0.4271419167981073
irma_miami_27_50,irma_miami,1,0.4012488683277059
irma_miami_27_51,irma_miami,0,0.37075870093002783
irma_miami_27_52,irma_miami,1,0.4597245618402157
irma_miami_27_53,irma_miami,1,0.4597112562520793
irma_miami_28_0,irma_miami,0,0.46028706637574585
irma_miami_28_1,irma_miami,0,0.4110046020651064
irma_miami_28_2,irma_miami,1,0.4099206405378997
irma_miami_28_3,irma_miami,0,0.4096780437174807
irma_miami_28_4,irma_miami,1,0.41858908068958967
irma_miami_28_5,irma_miami,0,0.42349143104952275
irma_miami_28_6,irma_miami,1,0.4345064780004178
irma_miami_28_7,irma_miami,0,0.4050113356100365
irma_miami_28_8,irma_miami,1,0.40693122897400935
irma_miami_28_9,irma_miami,0,0.3966287263397674
irma_miami_28_10,irma_miami,1,0.39396423036967854
irma_miami_28_11,irma_miami,0,0.3912333208291954
irma_miami_28_12,irma_miami,0,0.3958231607440442
irma_miami_28_13,irma_miami,1,0.4026518092794191
irma_miami_28_14,irma_miami,1,0.412519754949211
irma_miami_28_15,irma_miami,0,0.4021329607234307
irma_miami_28_16,irma_miami,0,0.3955300185233776
irma_miami_28_17,irma_miami,1,0.40139435860305744
irma_miami_28_18,irma_miami,1,0.40552934814775016
irma_miami_28_19,irma_miami,0,0.40984674566435797
irma_miami_28_20,irma_miami,0,0.41615508993526396
irma_miami_28_21,irma_miami,0,0.41737717334777213
irma_miami_28_22,irma_miami,1,0.4064526879598051
irma_miami_28_23,irma_miami,1,0.4601531337854234
irma_miami_28_24,irma_miami,1,0.4112951929997514
irma_miami_28_25,irma_miami,0,0.4163877400538857
irma_miami_28_26,irma_miami,0,0.41412632222843176
irma_miami_28_27,irma_miami,1,0.41656979932644994
irma_miami_28_28,irma_miami,1,0.4248499432540578
irma_miami_28_29,irma_miami,1,0.4369485347110755
irma_miami_28_30,irma_miami,1,0.44000839975226025
irma_miami_28_31,irma_miami,1,0.43264780818989534
irma_miami_28_32,irma_miami,1,0.4336003530555124
irma_miami_28_33,irma_miami,0,0.4387344835078699
irma_miami_28_34,irma_miami,0,0.4572129507028274
irma_miami_28_35,irma_miami,0,0.45028500290659695
irma_miami_28_36,irma_miami,0,0.4327838332019977
irma_miami_28_37,irma_miami,0,0.41141028975353083
irma_miami_28_38,irma_miami,1,0.4064890096403748
irma_miami_28_39,irma_miami,0,0.4213437025224277
irma_miami_28_40,irma_miami,1,0.46414138949440126
irma_miami_28_41,irma_miami,1,0.4665280975180933
irma_miami_28_42,irma_miami,1,0.46012550149997444
irma_miami_28_43,irma_miami,1,0.46056848795095356
irma_miami_28_44,irma_miami,0,0.40799573602351114
irma_miami_28_45,irma_miami,0,0.39928882088636936
irma_miami_28_46,irma_miami,1,0.41474560068240296
irma_miami_28_47,irma_miami,0,0.42296981813202134
irma_miami_28_48,irma_miami,0,0.4223059535426944
irma_miami_28_49,irma_miami,0,0.4068545841119423
irma_miami_28_50,irma_miami,1,0.3769177992168311
irma_miami_28_51,irma_miami,1,0.37116485387636283
irma_miami_28_52,irma_miami,1,0.4597087341503031
irma_miami_29_0,irma_miami,1,0.4191947156702818
irma_miami_29_1,irma_miami,0,0.4272383664919595
irma_miami_29_2,irma_miami,0,0.42209822626539195
irma_miami_29_3,irma_miami,1,0.41985702118942053
irma_miami_29_4,irma_miami,0,0.41224761271048055
irma_miami_29_5,irma_miami,1,0.4171733508907454
irma_miami_29_6,irma_miami,1,0.421287618711136
irma_miami_29_7,irma_miami,0,0.40083415776672093
irma_miami_29_8,irma_miami,0,0.39819827441001826
irma_miami_29_9,irma_miami,1,0.4014089791048053
irma_miami_29_10,irma_miami,1,0.3969902434666153
irma_miami_29_11,irma_miami,1,0.3968286886708846
irma_miami_29_12,irma_miami,1,0.39964642907696857
irma_miami_29_13,irma_miami,1,0.40513949444308806
irma_miami_29_14,irma_miami,1,0.41057476705978146
irma_miami_29_15,irma_miami,1,0.40304787728612157
irma_miami_29_16,irma_miami,0,0.3964809138346059
irma_miami_29_17,irma_miami,0,0.3967972478105807
irma_miami_29_18,irma_miami,1,0.40170297518499987
irma_miami_29_19,irma_miami,1,0.40763785829217325
irma_miami_29_20,irma_miami,0,0.40943043154604464
irma_miami_29_21,irma_miami,0,0.41374489070109427
irma_miami_29_22,irma_miami,0,0.41777269527129307
irma_miami_29_23,irma_miami,1,0.41883855631857747
irma_miami_29_24,irma_miami,0,0.4137318180595404
irma_miami_29_25,irma_miami,0,0.42359367649798946
irma_miami_29_26,irma_miami,0,0.4164313187345974
irma_miami_29_27,irma_miami,1,0.4229826357760581
irma_miami_29_28,irma_miami,1,0.4262724337575229
irma_miami_29_29,irma_miami,1,0.4286269878793604
irma_miami_29_30,irma_miami,1,0.4281870710448518
irma_miami_29_31,irma_miami,0,0.4271133484711751
irma_miami_29_32,irma_miami,1,0.44667374261955234
irma_miami_29_33,irma_miami,0,0.45493442914529036
irma_miami_29_34,irma_miami,0,0.46260368749923597
irma_miami_29_35,irma_miami,0,0.4548805654548461
irma_miami_29_36,irma_miami,0,0.4368780638068716
irma_miami_29_37,irma_miami,0,0.40920838752275457
irma_miami_29_38,irma_miami,1,0.38925894253160154
irma_miami_29_39,irma_miami,1,0.3925950772695338
irma_miami_29_40,irma_miami,0,0.3977954650949779
irma_miami_29_41,irma_miami,0,0.42777348919824887
irma_miami_29_42,irma_miami,1,0.47262828540012086
irma_miami_29_43,irma_miami,0,0.4606021233415562
irma_miami_29_44,irma_miami,0,0.4286959468491149
irma_miami_29_45,irma_miami,1,0.40457974207789965
irma_miami_29_46,irma_miami,1,0.40053748933718863
irma_miami_29_47,irma_miami,0,0.4058800394371909
irma_miami_29_48,irma_miami,0,0.40904249840065493
irma_miami_29_49,irma_miami,1,0.4075364013012097
irma_miami_29_50,irma_miami,1,0.37982056093459504
irma_miami_29_51,irma_miami,1,0.45972439454670727
irma_miami_29_53,irma_miami,1,0.4597084487253829
irma_miami_30_0,irma_miami,0,0.40340088224680765
irma_miami_30_1,irma_miami,1,0.4133883028114255
irma_miami_30_2,irma_miami,0,0.4076254150511119
irma_miami_30_3,irma_miami,1,0.41644567333483173
irma_miami_30_4,irma_miami,0,0.4042280085211701
irma_miami_30_5,irma_miami,0,0.4006606130912313
irma_miami_30_6,irma_miami,1,0.39699962312945475
irma_miami_30_7,irma_miami,1,0.3992563943287992
irma_miami_30_8,irma_miami,1,0.4601721707158795
irma_miami_30_9,irma_miami,0,0.40602511657879403
irma_miami_30_10,irma_miami,1,0.4094416988411175
irma_miami_30_11,irma_miami,1,0.40564737194920225
irma_miami_30_12,irma_miami,1,0.40436896284156604
irma_miami_30_13,irma_miami,1,0.40921347069598113
irma_miami_30_14,irma_miami,1,0.4130075352728607
irma_miami_30_15,irma_miami,0,0.4024531608551215
irma_miami_30_16,irma_miami,0,0.3961620124409153
irma_miami_30_17,irma_miami,0,0.39705877436777526
irma_miami_30_18,irma_miami,0,0.39612293794391545
irma_miami_30_19,irma_miami,0,0.4014032835252422
irma_miami_30_20,irma_miami,0,0.41898525564705846
irma_miami_30_21,irma_miami,0,0.42226469214442747
irma_miami_30_22,irma_miami,0,0.42646877152580365
irma_miami_30_23,irma_miami,0,0.41991061792522655
irma_miami_30_24,irma_miami,0,0.4228574718822981
irma_miami_30_25,irma_miami,0,0.4345787179324264
irma_miami_30_26,irma_miami,0,0.42486945127613723
irma_miami_30_27,irma_miami,1,0.41738252939415327
irma_miami_30_28,irma_miami,1,0.4195049794526774
irma_miami_30_29,irma_miami,0,0.41347626785573616
irma_miami_30_30,irma_miami,1,0.4173378197385844
irma_miami_30_31,irma_miami,1,0.4179401312171362
irma_miami_30_32,irma_miami,1,0.44482771677014815
irma_miami_30_33,irma_miami,1,0.45350510989708076
irma_miami_30_34,irma_miami,0,0.46785849925545575
irma_miami_30_35,irma_miami,0,0.4530162179640056
irma_miami_30_36,irma_miami,0,0.43515925642517056
irma_miami_30_37,irma_miami,0,0.3933674087217055
irma_miami_30_38,irma_miami,1,0.3895449674744077
irma_miami_30_39,irma_miami,0,0.3736818761800851
irma_miami_30_40,irma_miami,0,0.3740762350665866
irma_miami_30_41,irma_miami,1,0.3911766392851965
irma_miami_30_42,irma_miami,0,0.3930023647259222
irma_miami_30_43,irma_miami,0,0.4602041397645337
irma_miami_30_44,irma_miami,0,0.3856359128675343
irma_miami_30_45,irma_miami,1,0.4043756256471505
irma_miami_30_46,irma_miami,1,0.38793810786228855
irma_miami_30_47,irma_miami,0,0.39225094288588574
irma_miami_30_48,irma_miami,0,0.38792739136919907
irma_miami_30_49,irma_miami,0,0.4598261077931418
irma_miami_30_50,irma_miami,0,0.45971530863575727
irma_miami_30_51,irma_miami,1,0.4597184423867907
irma_miami_31_0,irma_miami,1,0.3945026906059341
irma_miami_31_1,irma_miami,1,0.392234648665929
irma_miami_31_2,irma_miami,1,0.39439007061291564
irma_miami_31_3,irma_miami,0,0.4000299920912174
irma_miami_31_4,irma_miami,0,0.4079295330068626
irma_miami_31_5,irma_miami,0,0.46008793799390896
irma_miami_31_6,irma_miami,0,0.4600413521153222
irma_miami_31_7,irma_miami,1,0.46001761629729004
irma_miami_31_8,irma_miami,1,0.46014788770900933
irma_miami_31_9,irma_miami,0,0.40214927613478013
irma_miami_31_10,irma_miami,1,0.4102088935077139
irma_miami_31_11,irma_miami,1,0.40417964512451077
irma_miami_31_12,irma_miami,1,0.39874945862295547
irma_miami_31_13,irma_miami,1,0.40756702241320575
irma_miami_31_14,irma_miami,1,0.40584923240957
irma_miami_31_15,irma_miami,0,0.39336244597951636
irma_miami_31_16,irma_miami,0,0.38796775719665066
irma_miami_31_17,irma_miami,0,0.38740536742141934
irma_miami_31_18,irma_miami,0,0.3881931169305681
irma_miami_31_19,irma_miami,0,0.39307160639796535
irma_miami_31_20,irma_miami,0,0.41686953787425096
irma_miami_31_21,irma_miami,0,0.41268176425968606
irma_miami_31_22,irma_miami,1,0.41001421288991513
irma_miami_31_23,irma_miami,0,0.4004258527582279
irma_miami_31_24,irma_miami,0,0.4055037478111597
irma_miami_31_25,irma_miami,1,0.41367313164874153
irma_miami_31_26,irma_miami,1,0.40725957342557456
irma_miami_31_27,irma_miami,1,0.40626284225316334
irma_miami_31_28,irma_miami,1,0.4002563069076357
irma_miami_31_29,irma_miami,0,0.3941538055340693
irma_miami_31_30,irma_miami,0,0.39566342862382287
irma_miami_31_31,irma_miami,0,0.4600799722874858
irma_miami_31_32,irma_miami,0,0.46020735610316654
irma_miami_31_33,irma_miami,1,0.4239219195314175
irma_miami_31_34,irma_miami,0,0.4409966163736532
irma_miami_31_35,irma_miami,0,0.4383766003968126
irma_miami_31_36,irma_miami,0,0.4138249045319895
irma_miami_31_37,irma_miami,0,0.4598604133729714
irma_miami_31_38,irma_miami,0,0.4597943177472838
irma_miami_31_39,irma_miami,0,0.45974550488363064
irma_miami_31_40,irma_miami,0,0.4597367480297408
irma_miami_31_41,irma_miami,0,0.45973095723263646
irma_miami_31_42,irma_miami,1,0.4597354743238834
irma_miami_31_43,irma_miami,1,0.4598827125964172
irma_miami_31_44,irma_miami,0,0.37621931242244244
irma_miami_31_45,irma_miami,0,0.3761612053184556
irma_miami_31_46,irma_miami,0,0.3798181798842491
irma_miami_31_47,irma_miami,0,0.37736498037321276
irma_miami_31_48,irma_miami,0,0.45976044897898494
irma_miami_31_49,irma_miami,0,0.4597270985959182
irma_miami_31_50,irma_miami,1,0.4597260434546537
irma_miami_32_0,irma_miami,0,0.3869792991113619
irma_miami_32_1,irma_miami,0,0.38616726078817165
irma_miami_32_2,irma_miami,1,0.3890477865682791
irma_miami_32_3,irma_miami,1,0.460106852328156
irma_miami_32_4,irma_miami,1,0.4601362077417772
irma_miami_32_5,irma_miami,0,0.3876999278065317
irma_miami_32_6,irma_miami,1,0.387223903488467
irma_miami_32_7,irma_miami,0,0.4599202807343658
irma_miami_32_8,irma_miami,1,0.4599779384592613
irma_miami_32_9,irma_miami,1,0.3913145777395982
irma_miami_32_10,irma_miami,1,0.39585708910678513
irma_miami_32_11,irma_miami,0,0.39067172723028626
irma_miami_32_12,irma_miami,0,0.38867900002543504
irma_miami_32_13,irma_miami,1,0.3894045906626551
irma_miami_32_14,irma_miami,1,0.39244244386209803
irma_miami_32_15,irma_miami,1,0.39042776103862553
irma_miami_32_16,irma_miami,0,0.3844999966361938
irma_miami_32_17,irma_miami,0,0.38393939265848953
irma_miami_32_18,irma_miami,0,0.382799435549518
irma_miami_32_19,irma_miami,0,0.385259725669978
irma_miami_32_20,irma_miami,1,0.41925195384016023
irma_miami_32_21,irma_miami,0,0.41326563027127317
irma_miami_32_22,irma_miami,0,0.3963236977890061
irma_miami_32_23,irma_miami,0,0.39400055686761304
irma_miami_32_24,irma_miami,0,0.3955323681207544
irma_miami_32_25,irma_miami,0,0.3997383297531598
irma_miami_32_26,irma_miami,1,0.4002987032942667
irma_miami_32_27,irma_miami,1,0.39586754661050494
irma_miami_32_28,irma_miami,0,0.46002722497950244
irma_miami_32_29,irma_miami,0,0.4600301782557871
irma_miami_32_30,irma_miami,1,0.4601127131965955
irma_miami_32_31,irma_miami,0,0.46007830171281333
irma_miami_32_32,irma_miami,0,0.4601493459783317
irma_miami_32_33,irma_miami,1,0.4054684690754789
irma_miami_32_34,irma_miami,0,0.40317480976583137
irma_miami_32_35,irma_miami,0,0.4043342744023696
irma_miami_32_36,irma_miami,0,0.39056965240135677
irma_miami_32_37,irma_miami,1,0.45984393570652526
irma_miami_32_38,irma_miami,0,0.4597518232239849
irma_miami_32_39,irma_miami,1,0.45973074123827384
irma_miami_32_40,irma_miami,0,0.45971786885199156
irma_miami_32_41,irma_miami,0,0.4597216295981978
irma_miami_32_42,irma_miami,0,0.4597163295552047
irma_miami_32_43,irma_miami,1,0.4597270196836093
irma_miami_32_44,irma_miami,0,0.3712529899335281
irma_miami_32_45,irma_miami,0,0.372111724447735
irma_miami_32_46,irma_miami,0,0.45975475145747463
irma_miami_32_47,irma_miami,0,0.4597738507276122
irma_miami_32_48,irma_miami,1,0.45973239060621546
irma_miami_32_49,irma_miami,0,0.4597138208796008
irma_miami_33_0,irma_miami,0,0.3898253916087044
irma_miami_33_1,irma_miami,0,0.3863226888635853
irma_miami_33_2,irma_miami,0,0.38670045493147776
irma_miami_33_3,irma_miami,1,0.3979640379696828
irma_miami_33_4,irma_miami,0,0.3979998754416989
irma_miami_33_5,irma_miami,1,0.39386946348380675
irma_miami_33_6,irma_miami,1,0.38755720260361437
irma_miami_33_7,irma_miami,0,0.387312846373312
irma_miami_33_8,irma_miami,0,0.386614069036661
irma_miami_33_9,irma_miami,1,0.39879215744605695
irma_miami_33_10,irma_miami,0,0.46004876952888657
irma_miami_33_11,irma_miami,0,0.3887085642241097
irma_miami_33_12,irma_miami,1,0.38714390859882797
irma_miami_33_13,irma_miami,1,0.38865437887423093
irma_miami_33_14,irma_miami,1,0.39056264748210223
irma_miami_33_15,irma_miami,0,0.459962267234812
irma_miami_33_16,irma_miami,0,0.4599294551112175
irma_miami_33_17,irma_miami,0,0.4599011476500677
irma_miami_33_18,irma_miami,0,0.3863236350491848
irma_miami_33_19,irma_miami,1,0.3959765318604676
irma_miami_33_20,irma_miami,0,0.4301802612642263
irma_miami_33_21,irma_miami,0,0.4210120390724574
irma_miami_33_22,irma_miami,0,0.406360113252138
irma_miami_33_23,irma_miami,0,0.40116745745956034
irma_miami_33_24,irma_miami,1,0.40416082532814107
irma_miami_33_25,irma_miami,0,0.40310290413965144
irma_miami_33_26,irma_miami,1,0.40134805368773224
irma_miami_33_27,irma_miami,1,0.39966041232631544
irma_miami_33_28,irma_miami,0,0.39520967663560785
irma_miami_33_29,irma_miami,0,0.3972270304886647
irma_miami_33_30,irma_miami,0,0.40224133091582115
irma_miami_33_31,irma_miami,1,0.4014200132175302
irma_miami_33_32,irma_miami,0,0.46013027597162154
irma_miami_33_33,irma_miami,0,0.46011460378391605
irma_miami_33_34,irma_miami,0,0.39073678047665317
irma_miami_33_35,irma_miami,1,0.38163056950562857
irma_miami_33_36,irma_miami,1,0.45981072828589237
irma_miami_33_37,irma_miami,1,0.45976420133650975
irma_miami_33_38,irma_miami,1,0.4597445516352262
irma_miami_33_39,irma_miami,0,0.45973607054550697
irma_miami_33_40,irma_miami,1,0.45973232588924173
irma_miami_33_41,irma_miami,1,0.45976940494660784
irma_miami_33_42,irma_miami,1,0.4597179596663942
irma_miami_33_43,irma_miami,1,0.3713603010051247
irma_miami_33_44,irma_miami,0,0.37222014722493557
irma_miami_33_45,irma_miami,0,0.3724394586992077
irma_miami_33_46,irma_miami,1,0.3718922988925918
irma_miami_33_47,irma_miami,0,0.45972429194819664
irma_miami_33_48,irma_miami,1,0.4597190310174035
irma_miami_33_49,irma_miami,1,0.45970975674412445
irma_miami_34_0,irma_miami,0,0.3986764808369748
irma_miami_34_1,irma_miami,0,0.3929974897885153
irma_miami_34_2,irma_miami,0,0.3933970322166595
irma_miami_34_3,irma_miami,0,0.4045931586883979
irma_miami_34_4,irma_miami,0,0.4127023230833059
irma_miami_34_5,irma_miami,0,0.40177105499715804
irma_miami_34_6,irma_miami,1,0.39421309879011546
irma_miami_34_7,irma_miami,1,0.40905656365777493
irma_miami_34_8,irma_miami,0,0.41169695861799255
irma_miami_34_9,irma_miami,0,0.41815780437336214
irma_miami_34_10,irma_miami,1,0.4085455870924489
irma_miami_34_11,irma_miami,0,0.38902924784702003
irma_miami_34_12,irma_miami,0,0.38525289336071283
irma_miami_34_13,irma_miami,0,0.38436344296004193
irma_miami_34_14,irma_miami,0,0.38460552619967353
irma_miami_34_15,irma_miami,0,0.4599368193451456
irma_miami_34_16,irma_miami,0,0.45991976162159476
irma_miami_34_17,irma_miami,0,0.45991120639246985
irma_miami_34_18,irma_miami,0,0.3888777034291965
irma_miami_34_19,irma_miami,1,0.40388195363838264
irma_miami_34_20,irma_miami,1,0.42963931570588065
irma_miami_34_21,irma_miami,0,0.42025688418661994
irma_miami_34_22,irma_miami,0,0.40256490896485514
irma_miami_34_23,irma_miami,1,0.40279181865985697
irma_miami_34_24,irma_miami,1,0.40258711729554864
irma_miami_34_25,irma_miami,1,0.460192646830968
irma_miami_34_26,irma_miami,0,0.4017313495097592
irma_miami_34_27,irma_miami,0,0.3961107097268831
irma_miami_34_28,irma_miami,0,0.39339334735215953
irma_miami_34_29,irma_miami,0,0.3933129017454211
irma_miami_34_30,irma_miami,0,0.39328375123757914
irma_miami_34_31,irma_miami,0,0.39318133884036116
irma_miami_34_32,irma_miami,1,0.3888123978156853
irma_miami_34_33,irma_miami,1,0.4599848901041792
irma_miami_34_34,irma_miami,0,0.45985554124034794
irma_miami_34_35,irma_miami,1,0.45981080789930057
irma_miami_34_36,irma_miami,1,0.45977518703241294
irma_miami_34_37,irma_miami,1,0.4597935031944347
irma_miami_34_38,irma_miami,1,0.4597807197139255
irma_miami_34_39,irma_miami,1,0.45983114414836074
irma_miami_34_40,irma_miami,1,0.4598362864451487
irma_miami_34_41,irma_miami,0,0.4597238192298832
irma_miami_34_42,irma_miami,1,0.45972129330665595
irma_miami_34_43,irma_miami,0,0.3706404154563076
irma_miami_34_44,irma_miami,0,0.37364713113074605
irma_miami_34_45,irma_miami,1,0.3820273363826728
irma_miami_34_46,irma_miami,0,0.3698658257246338
irma_miami_35_0,irma_miami,0,0.39368909536364466
irma_miami_35_1,irma_miami,0,0.39044902931716247
irma_miami_35_2,irma_miami,0,0.3916246115821802
irma_miami_35_3,irma_miami,1,0.39946909370494876
irma_miami_35_4,irma_miami,0,0.4021362714371816
irma_miami_35_5,irma_miami,0,0.3927859267858931
irma_miami_35_6,irma_miami,0,0.38747843859936226
irma_miami_35_7,irma_miami,1,0.40018864825875494
irma_miami_35_8,irma_miami,0,0.4114414924754082
irma_miami_35_9,irma_miami,0,0.4162234851032577
irma_miami_35_10,irma_miami,1,0.403154152313808
irma_miami_35_11,irma_miami,0,0.38544755142258696
irma_miami_35_12,irma_miami,0,0.38657400767600786
irma_miami_35_13,irma_miami,0,0.38565756744336416
irma_miami_35_14,irma_miami,1,0.3840513535279973
irma_miami_35_15,irma_miami,0,0.45992835255351344
irma_miami_35_16,irma_miami,0,0.45994220105719225
irma_miami_35_17,irma_miami,0,0.4599321307167562
irma_miami_35_18,irma_miami,0,0.38498567213153373
irma_miami_35_19,irma_miami,0,0.3886063959665288
irma_miami_35_20,irma_miami,1,0.4069314297300467
irma_miami_35_21,irma_miami,0,0.40003107007932026
irma_miami_35_22,irma_miami,0,0.3962579650854356
irma_miami_35_23,irma_miami,0,0.39356079400866495
irma_miami_35_24,irma_miami,0,0.46008584402266106
irma_miami_35_25,irma_miami,0,0.46016025733358396
irma_miami_35_26,irma_miami,0,0.3966535927379462
irma_miami_35_27,irma_miami,0,0.3905770442822642
irma_miami_35_28,irma_miami,0,0.38809140845296397
irma_miami_35_29,irma_miami,0,0.38971844471946804
irma_miami_35_30,irma_miami,0,0.39118011715190965
irma_miami_35_31,irma_miami,0,0.38947519409513454
irma_miami_35_32,irma_miami,0,0.375229445760927
irma_miami_35_33,irma_miami,1,0.377068392983757
irma_miami_35_34,irma_miami,1,0.45979235691320924
irma_miami_35_35,irma_miami,0,0.45974438953095087
irma_miami_35_36,irma_miami,0,0.459754097416901
irma_miami_35_37,irma_miami,0,0.4597347079372153
irma_miami_35_38,irma_miami,1,0.4597924577945297
irma_miami_35_39,irma_miami,0,0.45982236445775376
irma_miami_35_40,irma_miami,0,0.4598793295749586
irma_miami_35_41,irma_miami,0,0.3749231793212528
irma_miami_35_42,irma_miami,0,0.37172667217592015
irma_miami_35_43,irma_miami,1,0.37118145957563453
irma_miami_35_44,irma_miami,1,0.3729308473361421
irma_miami_35_45,irma_miami,1,0.37906016104043083
irma_miami_35_46,irma_miami,0,0.37051916684625474
irma_miami_36_0,irma_miami,0,0.45996630463068905
irma_miami_36_1,irma_miami,0,0.38640453485983073
irma_miami_36_2,irma_miami,1,0.3883300202215304
irma_miami_36_3,irma_miami,0,0.39092184418243375
irma_miami_36_4,irma_miami,1,0.39503158782131814
irma_miami_36_5,irma_miami,0,0.38841875921996827
irma_miami_36_6,irma_miami,1,0.38843460004460106
irma_miami_36_7,irma_miami,1,0.3950285515528979
irma_miami_36_8,irma_miami,0,0.3900008697219913
irma_miami_36_9,irma_miami,1,0.39304818048515006
irma_miami_36_10,irma_miami,0,0.3875446187123065
irma_miami_36_11,irma_miami,0,0.38373887561528874
irma_miami_36_12,irma_miami,0,0.3880410233934749
irma_miami_36_13,irma_miami,1,0.3879181665076245
irma_miami_36_14,irma_miami,1,0.3849748209095747
irma_miami_36_15,irma_miami,0,0.4598649274634969
irma_miami_36_16,irma_miami,0,0.4598825290177813
irma_miami_36_17,irma_miami,1,0.45991896086030465
irma_miami_36_18,irma_miami,0,0.45988312169961176
irma_miami_36_19,irma_miami,0,0.3864480694406077
irma_miami_36_20,irma_miami,1,0.3956455251653333
irma_miami_36_21,irma_miami,0,0.3986462881964211
irma_miami_36_22,irma_miami,1,0.40416843469889285
irma_miami_36_23,irma_miami,0,0.4018611113031766
irma_miami_36_24,irma_miami,1,0.4101372485309786
irma_miami_36_25,irma_miami,0,0.4111291523024768
irma_miami_36_26,irma_miami,0,0.40064265399640725
irma_miami_36_27,irma_miami,0,0.38838658199937365
irma_miami_36_28,irma_miami,0,0.38545021267951235
irma_miami_36_29,irma_miami,0,0.3848585436799439
irma_miami_36_30,irma_miami,0,0.38797034768853383
irma_miami_36_31,irma_miami,0,0.3887889562629644
irma_miami_36_32,irma_miami,1,0.37454091799373873
irma_miami_36_33,irma_miami,0,0.37078558508906084
irma_miami_36_34,irma_miami,1,0.45972583906741266
irma_miami_36_35,irma_miami,1,0.4597199054317709
irma_miami_36_38,irma_miami,0,0.4597099466256945
irma_miami_36_39,irma_miami,0,0.45973465389338874
irma_miami_36_40,irma_miami,1,0.4598486798308306
irma_miami_36_41,irma_miami,1,0.3843330007496158
irma_miami_36_42,irma_miami,1,0.3807253929073141
irma_miami_36_43,irma_miami,0,0.3708821373132037
irma_miami_36_44,irma_miami,1,0.3714161775290179
irma_miami_37_0,irma_miami,0,0.4601100026444665
irma_miami_37_1,irma_miami,1,0.46012974374479276
irma_miami_37_2,irma_miami,0,0.39900005207857686
irma_miami_37_3,irma_miami,0,0.40266221314173234
irma_miami_37_4,irma_miami,0,0.40792058602484355
irma_miami_37_5,irma_miami,0,0.3982631301839696
irma_miami_37_6,irma_miami,1,0.40110441836474503
irma_miami_37_7,irma_miami,1,0.41213453734035627
irma_miami_37_8,irma_miami,1,0.4050108091284479
irma_miami_37_9,irma_miami,0,0.39500163753107065
irma_miami_37_10,irma_miami,0,0.39319317619969385
irma_miami_37_11,irma_miami,0,0.3868095112615662
irma_miami_37_12,irma_miami,1,0.38738973605123445
irma_miami_37_13,irma_miami,1,0.3890413646450583
irma_miami_37_14,irma_miami,0,0.3884782639101332
irma_miami_37_15,irma_miami,1,0.38731441455633653
irma_miami_37_16,irma_miami,0,0.45984104724465785
irma_miami_37_17,irma_miami,0,0.45984963858033673
irma_miami_37_18,irma_miami,0,0.459853269578271
irma_miami_37_19,irma_miami,0,0.4599188614315794
irma_miami_37_20,irma_miami,1,0.4190355152634631
irma_miami_37_21,irma_miami,0,0.42669552623252943
irma_miami_37_22,irma_miami,0,0.4233151589067568
irma_miami_37_23,irma_miami,0,0.4056249557819092
irma_miami_37_24,irma_miami,0,0.4098014090505251
irma_miami_37_25,irma_miami,0,0.4108440796113839
irma_miami_37_26,irma_miami,0,0.40331878390061415
irma_miami_37_27,irma_miami,1,0.38753834058051145
irma_miami_37_28,irma_miami,0,0.38330545365824803
irma_miami_37_29,irma_miami,0,0.3814955817579481
irma_miami_37_30,irma_miami,1,0.3831226323405521
irma_miami_37_31,irma_miami,1,0.3818756134229216
irma_miami_37_32,irma_miami,1,0.3716170224104718
irma_miami_37_33,irma_miami,0,0.4597091531981305
irma_miami_37_34,irma_miami,1,0.45970981447749354
irma_miami_37_36,irma_miami,1,0.45970797389577506
irma_miami_37_37,irma_miami,1,0.459708411514112
irma_miami_37_40,irma_miami,0,0.4597183627037508
irma_miami_37_41,irma_miami,1,0.3834334555112768
irma_miami_37_42,irma_miami,0,0.3821765028592241
irma_miami_37_43,irma_miami,0,0.37840893823177746
irma_miami_37_44,irma_miami,0,0.37147943000454753
irma_miami_38_0,irma_miami,1,0.4601225673302246
irma_miami_38_1,irma_miami,0,0.460104445888577
irma_miami_38_2,irma_miami,0,0.40228292592184434
irma_miami_38_3,irma_miami,0,0.4030398555675295
irma_miami_38_4,irma_miami,0,0.4100059145801218
irma_miami_38_5,irma_miami,1,0.40346451411320755
irma_miami_38_6,irma_miami,1,0.39710306242055926
irma_miami_38_7,irma_miami,1,0.429402269380598
irma_miami_38_8,irma_miami,1,0.4143492071818805
irma_miami_38_9,irma_miami,1,0.40740069517111727
irma_miami_38_10,irma_miami,1,0.4081367146446124
irma_miami_38_11,irma_miami,1,0.3975249714848938
irma_miami_38_12,irma_miami,1,0.3842546757493513
irma_miami_38_13,irma_miami,1,0.3875009698795767
irma_miami_38_14,irma_miami,1,0.3901016187793961
irma_miami_38_15,irma_miami,1,0.45994070372460616
irma_miami_38_16,irma_miami,1,0.38042298102882766
irma_miami_38_17,irma_miami,0,0.3789203943378348
irma_miami_38_18,irma_miami,0,0.38006213575936937
irma_miami_38_19,irma_miami,0,0.3842982860441554
irma_miami_38_20,irma_miami,1,0.4205360831780052
irma_miami_38_21,irma_miami,1,0.43764668833081605
irma_miami_38_22,irma_miami,0,0.4227537830482003
irma_miami_38_23,irma_miami,0,0.40520067219046585
irma_miami_38_24,irma_miami,0,0.40183412754997605
irma_miami_38_25,irma_miami,0,0.40955905424123734
irma_miami_38_26,irma_miami,0,0.4034313956460947
irma_miami_38_27,irma_miami,0,0.38766703314277745
irma_miami_38_28,irma_miami,0,0.37437143960656966
irma_miami_38_29,irma_miami,0,0.4597732514229159
irma_miami_38_30,irma_miami,0,0.45972540541241735
irma_miami_38_31,irma_miami,0,0.4597217248242433
irma_miami_38_40,irma_miami,1,0.4597100154689338
irma_miami_38_41,irma_miami,1,0.3751595435968463
irma_miami_38_42,irma_miami,0,0.3831047472008349
irma_miami_38_43,irma_miami,1,0.38269466629242416
irma_miami_38_44,irma_miami,1,0.3753643041579893
irma_miami_39_0,irma_miami,1,0.4599729866742344
irma_miami_39_1,irma_miami,1,0.45999203495595425
irma_miami_39_2,irma_miami,1,0.4599947002674057
irma_miami_39_3,irma_miami,0,0.3864975645322648
irma_miami_39_4,irma_miami,1,0.39249975220956673
irma_miami_39_5,irma_miami,1,0.39456825763477943
irma_miami_39_6,irma_miami,1,0.3856258128858655
irma_miami_39_7,irma_miami,1,0.4603585321503016
irma_miami_39_8,irma_miami,1,0.41621539183388634
irma_miami_39_9,irma_miami,1,0.40160398667374786
irma_miami_39_10,irma_miami,0,0.3906808269268861
irma_miami_39_11,irma_miami,1,0.4599544439023439
irma_miami_39_12,irma_miami,0,0.3790157081741067
irma_miami_39_13,irma_miami,0,0.3787927563352202
irma_miami_39_14,irma_miami,0,0.4598476317665652
irma_miami_39_15,irma_miami,0,0.4598571909847436
irma_miami_39_16,irma_miami,0,0.3809493495484704
irma_miami_39_17,irma_miami,0,0.3839755542666519
irma_miami_39_18,irma_miami,0,0.3810093795157406
irma_miami_39_19,irma_miami,0,0.3858826127467314
irma_miami_39_20,irma_miami,1,0.41413894993137745
irma_miami_39_21,irma_miami,0,0.4031762950512474
irma_miami_39_22,irma_miami,0,0.3998367897759658
irma_miami_39_23,irma_miami,0,0.3996806954587551
irma_miami_39_24,irma_miami,1,0.4032181085922372
irma_miami_39_25,irma_miami,0,0.3966136541134684
irma_miami_39_26,irma_miami,1,0.3973925275560761
irma_miami_39_27,irma_miami,0,0.382611573508929
irma_miami_39_28,irma_miami,0,0.3723226609906554
irma_miami_39_29,irma_miami,0,0.45972991776694533
irma_miami_39_30,irma_miami,1,0.45972511198602245
irma_miami_39_31,irma_miami,1,0.4597176735005178
irma_miami_39_32,irma_miami,0,0.4597082157493763
irma_miami_39_42,irma_miami,1,0.37424651342193865
irma_miami_39_43,irma_miami,0,0.3754693716641608
irma_miami_39_44,irma_miami,1,0.3763582047859345
irma_miami_40_0,irma_miami,0,0.45989239580446684
irma_miami_40_1,irma_miami,0,0.4598786116321101
irma_miami_40_2,irma_miami,1,0.3836398015988168
irma_miami_40_3,irma_miami,1,0.3863723075818299
irma_miami_40_4,irma_miami,1,0.38396216863484806
irma_miami_40_5,irma_miami,0,0.3783448774514475
irma_miami_40_6,irma_miami,0,0.4598377643371393
irma_miami_40_7,irma_miami,1,0.46016648713394703
irma_miami_40_8,irma_miami,1,0.4601819567183624
irma_miami_40_9,irma_miami,1,0.4600684783754354
irma_miami_40_10,irma_miami,1,0.4599343227992171
irma_miami_40_11,irma_miami,0,0.45986039428022957
irma_miami_40_12,irma_miami,0,0.45984172630396625
irma_miami_40_13,irma_miami,0,0.45983402988233785
irma_miami_40_14,irma_miami,0,0.459849529566353
irma_miami_40_15,irma_miami,0,0.38349947912567534
irma_miami_40_16,irma_miami,0,0.38741569454800845
irma_miami_40_17,irma_miami,0,0.39310829876736136
irma_miami_40_18,irma_miami,0,0.3885119548520884
irma_miami_40_19,irma_miami,0,0.3842722601763758
irma_miami_40_20,irma_miami,1,0.3958564245105896
irma_miami_40_21,irma_miami,1,0.39625807867113744
irma_miami_40_22,irma_miami,1,0.3915219880003406
irma_miami_40_23,irma_miami,0,0.3908119238839774
irma_miami_40_24,irma_miami,0,0.38648440446291654
irma_miami_40_25,irma_miami,0,0.3777222535586743
irma_miami_40_26,irma_miami,0,0.3740539830428391
irma_miami_40_27,irma_miami,1,0.3744700726064274
irma_miami_40_28,irma_miami,0,0.37021084951036515
irma_miami_40_29,irma_miami,0,0.4597156945274239
irma_miami_40_41,irma_miami,1,0.4597093549573138
irma_miami_40_42,irma_miami,1,0.45971019243109207
irma_miami_40_43,irma_miami,1,0.45971894837015514
irma_miami_40_44,irma_miami,1,0.4597407586055561
irma_miami_40_45,irma_miami,1,0.459714448590023
irma_miami_41_0,irma_miami,0,0.45993733741164355
irma_miami_41_1,irma_miami,0,0.45995787189168047
irma_miami_41_2,irma_miami,0,0.38572368457591977
irma_miami_41_3,irma_miami,0,0.38773361286936353
irma_miami_41_4,irma_miami,0,0.38722849922953456
irma_miami_41_5,irma_miami,1,0.38456886430984455
irma_miami_41_6,irma_miami,0,0.45987338189334154
irma_miami_41_7,irma_miami,1,0.4599484132787694
irma_miami_41_8,irma_miami,0,0.45988027837675144
irma_miami_41_9,irma_miami,0,0.45985851333999717
irma_miami_41_10,irma_miami,0,0.45986271817856844
irma_miami_41_11,irma_miami,0,0.45984170808461583
irma_miami_41_12,irma_miami,0,0.45985911090170506
irma_miami_41_13,irma_miami,1,0.3829351949174823
irma_miami_41_14,irma_miami,0,0.3870737382605908
irma_miami_41_15,irma_miami,0,0.4020961577437273
irma_miami_41_16,irma_miami,0,0.41175972409044703
irma_miami_41_17,irma_miami,0,0.4146902799093656
irma_miami_41_18,irma_miami,1,0.3971836345706655
irma_miami_41_19,irma_miami,0,0.38363929167948563
irma_miami_41_20,irma_miami,0,0.3785294777928303
irma_miami_41_21,irma_miami,0,0.45982499135876675
irma_miami_41_22,irma_miami,0,0.37605345154504555
irma_miami_41_23,irma_miami,0,0.3737730197676068
irma_miami_41_24,irma_miami,0,0.3712206797993124
irma_miami_41_25,irma_miami,0,0.370223974433027
irma_miami_41_26,irma_miami,1,0.459723888351536
irma_miami_41_27,irma_miami,0,0.45971728079201146
irma_miami_41_43,irma_miami,1,0.4597221915125696
irma_miami_41_44,irma_miami,1,0.45972334571655166
irma_miami_42_0,irma_miami,0,0.4598949899947454
irma_miami_42_1,irma_miami,0,0.4599066062075221
irma_miami_42_2,irma_miami,0,0.3830472345122573
irma_miami_42_3,irma_miami,0,0.3860689180878547
irma_miami_42_4,irma_miami,0,0.38807832000416026
irma_miami_42_5,irma_miami,1,0.3872694087384061
irma_miami_42_6,irma_miami,0,0.4598634064408245
irma_miami_42_7,irma_miami,1,0.45989647942617806
irma_miami_42_8,irma_miami,0,0.4598935474921157
irma_miami_42_9,irma_miami,0,0.4598451585321235
irma_miami_42_10,irma_miami,0,0.4598422473230018
irma_miami_42_11,irma_miami,0,0.4598345840607296
irma_miami_42_12,irma_miami,0,0.38821040379719995
irma_miami_42_13,irma_miami,0,0.3903255917003281
irma_miami_42_14,irma_miami,0,0.40371919621425983
irma_miami_42_15,irma_miami,0,0.41759913198280796
irma_miami_42_16,irma_miami,0,0.4118714417602832
irma_miami_42_17,irma_miami,0,0.3884746389611105
irma_miami_42_18,irma_miami,0,0.38122013741893523
irma_miami_42_19,irma_miami,0,0.3814559719846012
irma_miami_42_20,irma_miami,0,0.4598555610043816
irma_miami_42_21,irma_miami,0,0.4598476903861148
irma_miami_42_22,irma_miami,0,0.3788102887336458
irma_miami_42_23,irma_miami,0,0.37438004771607136
irma_miami_42_24,irma_miami,0,0.3708073742193272
irma_miami_42_25,irma_miami,0,0.36982328742182224
irma_miami_42_26,irma_miami,1,0.4597225160697052
irma_miami_42_43,irma_miami,1,0.45971730619396795
irma_miami_42_44,irma_miami,1,0.45972500089675833
irma_miami_43_0,irma_miami,0,0.45996866541306414
irma_miami_43_1,irma_miami,0,0.4599417645104455
irma_miami_43_2,irma_miami,0,0.38348549875975013
irma_miami_43_3,irma_miami,0,0.38666935927899404
irma_miami_43_4,irma_miami,0,0.3938915693306729
irma_miami_43_5,irma_miami,0,0.3872773321216286
irma_miami_43_6,irma_miami,0,0.4598762727440025
irma_miami_43_7,irma_miami,0,0.4598941322206416
irma_miami_43_8,irma_miami,0,0.45988599074119507
irma_miami_43_9,irma_miami,0,0.45986839643180816
irma_miami_43_10,irma_miami,0,0.45986223515993635
irma_miami_43_11,irma_miami,0,0.3824350031713191
irma_miami_43_12,irma_miami,0,0.3944774130145238
irma_miami_43_13,irma_miami,0,0.40995260862948396
irma_miami_43_14,irma_miami,0,0.4266296756174467
irma_miami_43_15,irma_miami,0,0.42012283131447214
irma_miami_43_16,irma_miami,0,0.3955689994025822
irma_miami_43_17,irma_miami,0,0.3860055304320341
irma_miami_43_18,irma_miami,0,0.4598633267680304
irma_miami_43_19,irma_miami,0,0.4598637728322836
irma_miami_43_20,irma_miami,0,0.45988243012622937
irma_miami_43_21,irma_miami,0,0.45989151675719064
irma_miami_43_22,irma_miami,0,0.45987070800779384
irma_miami_43_23,irma_miami,0,0.45982030059832396
irma_miami_43_24,irma_miami,0,0.4597356497568707
irma_miami_43_25,irma_miami,1,0.4597141431918196
irma_miami_43_26,irma_miami,1,0.4597155462390375
irma_miami_43_42,irma_miami,1,0.36986035184381694
irma_miami_43_43,irma_miami,1,0.3704368903510246
irma_miami_43_44,irma_miami,1,0.3700293707932881
irma_miami_44_0,irma_miami,0,0.46003225300869904
irma_miami_44_1,irma_miami,0,0.4601051028403021
irma_miami_44_2,irma_miami,1,0.393376502962014
irma_miami_44_3,irma_miami,1,0.39574206594758454
irma_miami_44_4,irma_miami,1,0.40228620891857264
irma_miami_44_5,irma_miami,0,0.3920848246637794
irma_miami_44_6,irma_miami,0,0.4598967745576753
irma_miami_44_7,irma_miami,0,0.4598793110534192
irma_miami_44_8,irma_miami,0,0.45988554537833226
irma_miami_44_9,irma_miami,0,0.459880649153491
irma_miami_44_10,irma_miami,0,0.45987914565902394
irma_miami_44_11,irma_miami,0,0.3836583595502086
irma_miami_44_12,irma_miami,0,0.39914336651742854
irma_miami_44_13,irma_miami,0,0.4138747646172098
irma_miami_44_14,irma_miami,0,0.41723978708990017
irma_miami_44_15,irma_miami,0,0.41390661427750663
irma_miami_44_16,irma_miami,1,0.3888293544235529
irma_miami_44_17,irma_miami,0,0.4598602707846903
irma_miami_44_18,irma_miami,0,0.45983268218151735
irma_miami_44_19,irma_miami,0,0.45982858575875313
irma_miami_44_20,irma_miami,0,0.45987250893875353
irma_miami_44_21,irma_miami,0,0.4598899524960989
irma_miami_44_22,irma_miami,0,0.45985145243448844
irma_miami_44_23,irma_miami,0,0.45978734792923254
irma_miami_44_24,irma_miami,0,0.4597363165389399
irma_miami_44_25,irma_miami,1,0.4597179847887952
irma_miami_44_26,irma_miami,1,0.45971615641032254
irma_miami_44_40,irma_miami,0,0.459726067551749
irma_miami_44_41,irma_miami,0,0.3715971426968534
irma_miami_44_42,irma_miami,0,0.37739666428632707
irma_miami_44_43,irma_miami,0,0.3766854620829052
irma_miami_44_44,irma_miami,1,0.3739579006552253
irma_miami_45_0,irma_miami,0,0.4599122721518104
irma_miami_45_1,irma_miami,0,0.45995692337350325
irma_miami_45_2,irma_miami,1,0.3904427691277101
irma_miami_45_3,irma_miami,1,0.39212797618212186
irma_miami_45_4,irma_miami,0,0.39600240909902573
irma_miami_45_5,irma_miami,1,0.46006683044290836
irma_miami_45_6,irma_miami,0,0.4599382441178109
irma_miami_45_7,irma_miami,0,0.4599253006513132
irma_miami_45_8,irma_miami,0,0.4599519775137654
irma_miami_45_9,irma_miami,0,0.45992835543996263
irma_miami_45_10,irma_miami,0,0.46000755405284416
irma_miami_45_11,irma_miami,0,0.45994861339807314
irma_miami_45_12,irma_miami,0,0.3930422120230442
irma_miami_45_13,irma_miami,0,0.38903679928890084
irma_miami_45_14,irma_miami,0,0.38484631567726585
irma_miami_45_15,irma_miami,0,0.37933470254729856
irma_miami_45_16,irma_miami,0,0.4598507478560516
irma_miami_45_17,irma_miami,0,0.45983770258323287
irma_miami_45_18,irma_miami,0,0.459824041143175
irma_miami_45_19,irma_miami,0,0.4598213073269381
irma_miami_45_20,irma_miami,0,0.4598456471182281
irma_miami_45_21,irma_miami,0,0.459839728538471
irma_miami_45_22,irma_miami,0,0.45979309140166363
irma_miami_45_23,irma_miami,0,0.45974953423431136
irma_miami_45_24,irma_miami,1,0.4597449754834272
irma_miami_45_25,irma_miami,1,0.4597146221940215
irma_miami_45_40,irma_miami,1,0.45977848950967537
irma_miami_45_41,irma_miami,0,0.3794974115342717
irma_miami_45_42,irma_miami,0,0.3876309877302161
irma_miami_45_43,irma_miami,0,0.38674418940788813
irma_miami_45_44,irma_miami,0,0.37458871179577236
